{
"type": "FeatureCollection",
"name": "accidents_2021_ŁÓDZKIE",
"crs": { "type": "name", "properties": { "name": "urn:ogc:def:crs:OGC:1.3:CRS84" } },
"features": [
{ "type": "Feature", "properties": { "ID": 116757193, "yr": 2021, "dt": "2021-12-31T16:00:00", "WOJ": 10, "sev": 1, "c": [ 255, 255, 0, 160 ], "dmg": 1, "sli": 2, "ser": 0, "fat": 0, "row": -1, "mot": -1, "pie": -1, "uto": -1, "uwr": -1 }, "geometry": { "type": "Point", "coordinates": [ 20.232306, 51.7365 ] } },
{ "type": "Feature", "properties": { "ID": 109706291, "yr": 2021, "dt": "2021-01-02T06:25:00", "WOJ": 10, "sev": 1, "c": [ 255, 255, 0, 160 ], "dmg": 1, "sli": 1, "ser": 0, "fat": 0, "row": -1, "mot": -1, "pie": 1, "uto": -1, "uwr": -1 }, "geometry": { "type": "Point", "coordinates": [ 20.268389, 51.763833 ] } },
{ "type": "Feature", "properties": { "ID": 109706890, "yr": 2021, "dt": "2021-01-03T18:45:23", "WOJ": 10, "sev": 1, "c": [ 255, 255, 0, 160 ], "dmg": 1, "sli": 1, "ser": 0, "fat": 0, "row": 1, "mot": -1, "pie": -1, "uto": -1, "uwr": -1 }, "geometry": { "type": "Point", "coordinates": [ 19.434583, 51.755611 ] } },
{ "type": "Feature", "properties": { "ID": 109708501, "yr": 2021, "dt": "2021-01-04T19:55:53", "WOJ": 10, "sev": 1, "c": [ 255, 255, 0, 160 ], "dmg": 1, "sli": 1, "ser": 0, "fat": 0, "row": -1, "mot": -1, "pie": -1, "uto": -1, "uwr": -1 }, "geometry": { "type": "Point", "coordinates": [ 18.931139, 51.603028 ] } },
{ "type": "Feature", "properties": { "ID": 109716304, "yr": 2021, "dt": "2021-01-05T20:10:00", "WOJ": 10, "sev": 1, "c": [ 255, 255, 0, 160 ], "dmg": 1, "sli": 1, "ser": 0, "fat": 0, "row": -1, "mot": -1, "pie": -1, "uto": -1, "uwr": -1 }, "geometry": { "type": "Point", "coordinates": [ 18.99094, 51.14727 ] } },
{ "type": "Feature", "properties": { "ID": 109712682, "yr": 2021, "dt": "2021-01-05T19:00:21", "WOJ": 10, "sev": 1, "c": [ 255, 255, 0, 160 ], "dmg": 1, "sli": 1, "ser": 0, "fat": 0, "row": -1, "mot": -1, "pie": 1, "uto": -1, "uwr": -1 }, "geometry": { "type": "Point", "coordinates": [ 19.418472, 51.818472 ] } },
{ "type": "Feature", "properties": { "ID": 110375423, "yr": 2021, "dt": "2021-08-09T16:55:00", "WOJ": 10, "sev": 1, "c": [ 255, 255, 0, 160 ], "dmg": 1, "sli": 1, "ser": 0, "fat": 0, "row": 1, "mot": -1, "pie": -1, "uto": -1, "uwr": -1 }, "geometry": { "type": "Point", "coordinates": [ 19.409139, 51.774333 ] } },
{ "type": "Feature", "properties": { "ID": 110357990, "yr": 2021, "dt": "2021-08-03T13:37:50", "WOJ": 10, "sev": 1, "c": [ 255, 255, 0, 160 ], "dmg": 1, "sli": 1, "ser": 0, "fat": 0, "row": -1, "mot": -1, "pie": -1, "uto": -1, "uwr": -1 }, "geometry": { "type": "Point", "coordinates": [ 19.439083, 51.770583 ] } },
{ "type": "Feature", "properties": { "ID": 110359747, "yr": 2021, "dt": "2021-08-03T15:52:00", "WOJ": 10, "sev": 1, "c": [ 255, 255, 0, 160 ], "dmg": 0, "sli": 1, "ser": 0, "fat": 0, "row": -1, "mot": -1, "pie": -1, "uto": -1, "uwr": -1 }, "geometry": { "type": "Point", "coordinates": [ 19.46775, 51.790694 ] } },
{ "type": "Feature", "properties": { "ID": 110359775, "yr": 2021, "dt": "2021-08-03T17:00:00", "WOJ": 10, "sev": 1, "c": [ 255, 255, 0, 160 ], "dmg": 1, "sli": 1, "ser": 0, "fat": 0, "row": -1, "mot": -1, "pie": -1, "uto": -1, "uwr": -1 }, "geometry": { "type": "Point", "coordinates": [ 20.013528, 51.544944 ] } },
{ "type": "Feature", "properties": { "ID": 110357952, "yr": 2021, "dt": "2021-08-03T12:01:32", "WOJ": 10, "sev": 1, "c": [ 255, 255, 0, 160 ], "dmg": 1, "sli": 1, "ser": 0, "fat": 0, "row": -1, "mot": -1, "pie": 1, "uto": -1, "uwr": -1 }, "geometry": { "type": "Point", "coordinates": [ 20.493889, 51.489333 ] } },
{ "type": "Feature", "properties": { "ID": 110360693, "yr": 2021, "dt": "2021-08-05T19:11:55", "WOJ": 10, "sev": 1, "c": [ 255, 255, 0, 160 ], "dmg": 1, "sli": 2, "ser": 0, "fat": 0, "row": -1, "mot": -1, "pie": -1, "uto": -1, "uwr": -1 }, "geometry": { "type": "Point", "coordinates": [ 19.782583, 51.388194 ] } },
{ "type": "Feature", "properties": { "ID": 110362630, "yr": 2021, "dt": "2021-08-05T16:30:00", "WOJ": 10, "sev": 1, "c": [ 255, 255, 0, 160 ], "dmg": 0, "sli": 1, "ser": 0, "fat": 0, "row": -1, "mot": -1, "pie": -1, "uto": -1, "uwr": -1 }, "geometry": { "type": "Point", "coordinates": [ 19.487361, 52.304639 ] } },
{ "type": "Feature", "properties": { "ID": 110362406, "yr": 2021, "dt": "2021-08-05T13:46:07", "WOJ": 10, "sev": 1, "c": [ 255, 255, 0, 160 ], "dmg": 1, "sli": 1, "ser": 0, "fat": 0, "row": -1, "mot": -1, "pie": -1, "uto": -1, "uwr": -1 }, "geometry": { "type": "Point", "coordinates": [ 19.570583, 51.466694 ] } },
{ "type": "Feature", "properties": { "ID": 110360584, "yr": 2021, "dt": "2021-08-05T13:15:00", "WOJ": 10, "sev": 1, "c": [ 255, 255, 0, 160 ], "dmg": 1, "sli": 1, "ser": 0, "fat": 0, "row": -1, "mot": -1, "pie": -1, "uto": -1, "uwr": -1 }, "geometry": { "type": "Point", "coordinates": [ 19.226417, 52.291472 ] } },
{ "type": "Feature", "properties": { "ID": 110353154, "yr": 2021, "dt": "2021-08-01T13:25:46", "WOJ": 10, "sev": 1, "c": [ 255, 255, 0, 160 ], "dmg": 1, "sli": 1, "ser": 0, "fat": 0, "row": -1, "mot": -1, "pie": -1, "uto": -1, "uwr": -1 }, "geometry": { "type": "Point", "coordinates": [ 19.630722, 51.752917 ] } },
{ "type": "Feature", "properties": { "ID": 116743368, "yr": 2021, "dt": "2021-12-24T17:08:10", "WOJ": 10, "sev": 1, "c": [ 255, 255, 0, 160 ], "dmg": 1, "sli": 2, "ser": 0, "fat": 0, "row": -1, "mot": -1, "pie": -1, "uto": -1, "uwr": -1 }, "geometry": { "type": "Point", "coordinates": [ 19.552111, 51.754472 ] } },
{ "type": "Feature", "properties": { "ID": 116758849, "yr": 2021, "dt": "2021-12-31T12:37:00", "WOJ": 10, "sev": 1, "c": [ 255, 255, 0, 160 ], "dmg": 1, "sli": 1, "ser": 0, "fat": 0, "row": -1, "mot": -1, "pie": 1, "uto": -1, "uwr": -1 }, "geometry": { "type": "Point", "coordinates": [ 20.156333, 51.962556 ] } },
{ "type": "Feature", "properties": { "ID": 116743122, "yr": 2021, "dt": "2021-12-24T13:04:00", "WOJ": 10, "sev": 1, "c": [ 255, 255, 0, 160 ], "dmg": 1, "sli": 1, "ser": 0, "fat": 0, "row": -1, "mot": -1, "pie": 1, "uto": -1, "uwr": -1 }, "geometry": { "type": "Point", "coordinates": [ 18.990194, 51.577028 ] } },
{ "type": "Feature", "properties": { "ID": 116740661, "yr": 2021, "dt": "2021-12-24T06:57:16", "WOJ": 10, "sev": 1, "c": [ 255, 255, 0, 160 ], "dmg": 1, "sli": 1, "ser": 0, "fat": 0, "row": -1, "mot": -1, "pie": -1, "uto": -1, "uwr": -1 }, "geometry": { "type": "Point", "coordinates": [ 19.638028, 51.725167 ] } },
{ "type": "Feature", "properties": { "ID": 116740541, "yr": 2021, "dt": "2021-12-24T00:53:39", "WOJ": 10, "sev": 1, "c": [ 255, 255, 0, 160 ], "dmg": 1, "sli": 1, "ser": 0, "fat": 0, "row": -1, "mot": -1, "pie": -1, "uto": -1, "uwr": -1 }, "geometry": { "type": "Point", "coordinates": [ 20.144667, 51.958583 ] } },
{ "type": "Feature", "properties": { "ID": 116743904, "yr": 2021, "dt": "2021-12-25T20:30:07", "WOJ": 10, "sev": 1, "c": [ 255, 255, 0, 160 ], "dmg": 1, "sli": 1, "ser": 0, "fat": 0, "row": -1, "mot": -1, "pie": -1, "uto": -1, "uwr": -1 }, "geometry": { "type": "Point", "coordinates": [ 19.736472, 51.720778 ] } },
{ "type": "Feature", "properties": { "ID": 116745716, "yr": 2021, "dt": "2021-12-27T17:55:00", "WOJ": 10, "sev": 1, "c": [ 255, 255, 0, 160 ], "dmg": 1, "sli": 1, "ser": 0, "fat": 0, "row": -1, "mot": -1, "pie": 1, "uto": -1, "uwr": -1 }, "geometry": { "type": "Point", "coordinates": [ 20.0085, 51.533972 ] } },
{ "type": "Feature", "properties": { "ID": 116745103, "yr": 2021, "dt": "2021-12-27T08:38:07", "WOJ": 10, "sev": 1, "c": [ 255, 255, 0, 160 ], "dmg": 1, "sli": 1, "ser": 0, "fat": 0, "row": -1, "mot": -1, "pie": -1, "uto": -1, "uwr": -1 }, "geometry": { "type": "Point", "coordinates": [ 18.533861, 51.236833 ] } },
{ "type": "Feature", "properties": { "ID": 116748896, "yr": 2021, "dt": "2021-12-28T19:50:00", "WOJ": 10, "sev": 1, "c": [ 255, 255, 0, 160 ], "dmg": 1, "sli": 2, "ser": 0, "fat": 0, "row": -1, "mot": -1, "pie": -1, "uto": -1, "uwr": -1 }, "geometry": { "type": "Point", "coordinates": [ 19.368056, 51.811667 ] } },
{ "type": "Feature", "properties": { "ID": 109790676, "yr": 2021, "dt": "2021-01-13T16:00:00", "WOJ": 10, "sev": 1, "c": [ 255, 255, 0, 160 ], "dmg": 1, "sli": 1, "ser": 0, "fat": 0, "row": -1, "mot": -1, "pie": -1, "uto": -1, "uwr": -1 }, "geometry": { "type": "Point", "coordinates": [ 19.75825, 51.396222 ] } },
{ "type": "Feature", "properties": { "ID": 109706278, "yr": 2021, "dt": "2021-01-01T21:59:21", "WOJ": 10, "sev": 1, "c": [ 255, 255, 0, 160 ], "dmg": 1, "sli": 1, "ser": 0, "fat": 0, "row": -1, "mot": -1, "pie": 1, "uto": -1, "uwr": -1 }, "geometry": { "type": "Point", "coordinates": [ 19.686417, 51.4125 ] } },
{ "type": "Feature", "properties": { "ID": 109718765, "yr": 2021, "dt": "2021-01-07T19:08:41", "WOJ": 10, "sev": 1, "c": [ 255, 255, 0, 160 ], "dmg": 1, "sli": 1, "ser": 0, "fat": 0, "row": -1, "mot": -1, "pie": -1, "uto": -1, "uwr": -1 }, "geometry": { "type": "Point", "coordinates": [ 19.88375, 51.1655 ] } },
{ "type": "Feature", "properties": { "ID": 109725864, "yr": 2021, "dt": "2021-01-08T20:02:20", "WOJ": 10, "sev": 1, "c": [ 255, 255, 0, 160 ], "dmg": 2, "sli": 1, "ser": 0, "fat": 0, "row": -1, "mot": -1, "pie": -1, "uto": -1, "uwr": -1 }, "geometry": { "type": "Point", "coordinates": [ 19.340667, 51.660833 ] } },
{ "type": "Feature", "properties": { "ID": 109725488, "yr": 2021, "dt": "2021-01-08T09:00:00", "WOJ": 10, "sev": 1, "c": [ 255, 255, 0, 160 ], "dmg": 1, "sli": 1, "ser": 0, "fat": 0, "row": -1, "mot": -1, "pie": -1, "uto": -1, "uwr": -1 }, "geometry": { "type": "Point", "coordinates": [ 19.885222, 51.197 ] } },
{ "type": "Feature", "properties": { "ID": 109725883, "yr": 2021, "dt": "2021-01-09T01:14:02", "WOJ": 10, "sev": 1, "c": [ 255, 255, 0, 160 ], "dmg": 1, "sli": 1, "ser": 0, "fat": 0, "row": -1, "mot": -1, "pie": -1, "uto": -1, "uwr": -1 }, "geometry": { "type": "Point", "coordinates": [ 19.481111, 51.761083 ] } },
{ "type": "Feature", "properties": { "ID": 109736215, "yr": 2021, "dt": "2021-01-10T14:45:00", "WOJ": 10, "sev": 1, "c": [ 255, 255, 0, 160 ], "dmg": 2, "sli": 1, "ser": 0, "fat": 0, "row": -1, "mot": -1, "pie": -1, "uto": -1, "uwr": -1 }, "geometry": { "type": "Point", "coordinates": [ 20.24175, 51.378278 ] } },
{ "type": "Feature", "properties": { "ID": 116735652, "yr": 2021, "dt": "2021-12-21T16:31:35", "WOJ": 10, "sev": 1, "c": [ 255, 255, 0, 160 ], "dmg": 1, "sli": 1, "ser": 0, "fat": 0, "row": -1, "mot": -1, "pie": -1, "uto": -1, "uwr": -1 }, "geometry": { "type": "Point", "coordinates": [ 20.032917, 51.451778 ] } },
{ "type": "Feature", "properties": { "ID": 116734370, "yr": 2021, "dt": "2021-12-21T10:42:15", "WOJ": 10, "sev": 1, "c": [ 255, 255, 0, 160 ], "dmg": 1, "sli": 1, "ser": 0, "fat": 0, "row": -1, "mot": -1, "pie": -1, "uto": -1, "uwr": -1 }, "geometry": { "type": "Point", "coordinates": [ 20.010111, 51.672056 ] } },
{ "type": "Feature", "properties": { "ID": 116734833, "yr": 2021, "dt": "2021-12-21T07:44:48", "WOJ": 10, "sev": 1, "c": [ 255, 255, 0, 160 ], "dmg": 0, "sli": 1, "ser": 0, "fat": 0, "row": -1, "mot": -1, "pie": -1, "uto": -1, "uwr": -1 }, "geometry": { "type": "Point", "coordinates": [ 19.455389, 51.740806 ] } },
{ "type": "Feature", "properties": { "ID": 116735273, "yr": 2021, "dt": "2021-12-21T11:50:00", "WOJ": 10, "sev": 1, "c": [ 255, 255, 0, 160 ], "dmg": 1, "sli": 1, "ser": 0, "fat": 0, "row": -1, "mot": -1, "pie": -1, "uto": -1, "uwr": -1 }, "geometry": { "type": "Point", "coordinates": [ 19.996028, 51.534167 ] } },
{ "type": "Feature", "properties": { "ID": 116734598, "yr": 2021, "dt": "2021-12-21T16:10:00", "WOJ": 10, "sev": 1, "c": [ 255, 255, 0, 160 ], "dmg": 1, "sli": 1, "ser": 0, "fat": 0, "row": -1, "mot": -1, "pie": 1, "uto": -1, "uwr": -1 }, "geometry": { "type": "Point", "coordinates": [ 19.37825, 51.364806 ] } },
{ "type": "Feature", "properties": { "ID": 109793337, "yr": 2021, "dt": "2021-01-14T13:51:17", "WOJ": 10, "sev": 1, "c": [ 255, 255, 0, 160 ], "dmg": 2, "sli": 1, "ser": 0, "fat": 0, "row": -1, "mot": -1, "pie": -1, "uto": -1, "uwr": -1 }, "geometry": { "type": "Point", "coordinates": [ 19.429389, 51.770278 ] } },
{ "type": "Feature", "properties": { "ID": 109793288, "yr": 2021, "dt": "2021-01-14T10:15:00", "WOJ": 10, "sev": 1, "c": [ 255, 255, 0, 160 ], "dmg": 2, "sli": 1, "ser": 0, "fat": 0, "row": -1, "mot": -1, "pie": -1, "uto": -1, "uwr": -1 }, "geometry": { "type": "Point", "coordinates": [ 19.423333, 51.079722 ] } },
{ "type": "Feature", "properties": { "ID": 109794293, "yr": 2021, "dt": "2021-01-15T05:30:00", "WOJ": 10, "sev": 1, "c": [ 255, 255, 0, 160 ], "dmg": 2, "sli": 1, "ser": 0, "fat": 0, "row": -1, "mot": -1, "pie": -1, "uto": -1, "uwr": -1 }, "geometry": { "type": "Point", "coordinates": [ 19.132139, 51.575917 ] } },
{ "type": "Feature", "properties": { "ID": 109795455, "yr": 2021, "dt": "2021-01-16T16:08:00", "WOJ": 10, "sev": 1, "c": [ 255, 255, 0, 160 ], "dmg": 2, "sli": 1, "ser": 0, "fat": 0, "row": -1, "mot": -1, "pie": -1, "uto": -1, "uwr": -1 }, "geometry": { "type": "Point", "coordinates": [ 20.139528, 52.056944 ] } },
{ "type": "Feature", "properties": { "ID": 109795398, "yr": 2021, "dt": "2021-01-16T11:50:00", "WOJ": 10, "sev": 1, "c": [ 255, 255, 0, 160 ], "dmg": 1, "sli": 2, "ser": 0, "fat": 0, "row": -1, "mot": -1, "pie": -1, "uto": -1, "uwr": -1 }, "geometry": { "type": "Point", "coordinates": [ 19.869556, 51.942222 ] } },
{ "type": "Feature", "properties": { "ID": 109738148, "yr": 2021, "dt": "2021-01-10T18:05:00", "WOJ": 10, "sev": 1, "c": [ 255, 255, 0, 160 ], "dmg": 1, "sli": 1, "ser": 0, "fat": 0, "row": 1, "mot": -1, "pie": -1, "uto": -1, "uwr": -1 }, "geometry": { "type": "Point", "coordinates": [ 18.476639, 51.764194 ] } },
{ "type": "Feature", "properties": { "ID": 109731312, "yr": 2021, "dt": "2021-01-10T15:55:00", "WOJ": 10, "sev": 1, "c": [ 255, 255, 0, 160 ], "dmg": 2, "sli": 1, "ser": 0, "fat": 0, "row": -1, "mot": -1, "pie": -1, "uto": -1, "uwr": -1 }, "geometry": { "type": "Point", "coordinates": [ 19.680944, 51.413917 ] } },
{ "type": "Feature", "properties": { "ID": 109753265, "yr": 2021, "dt": "2021-01-11T12:02:00", "WOJ": 10, "sev": 1, "c": [ 255, 255, 0, 160 ], "dmg": 1, "sli": 1, "ser": 0, "fat": 0, "row": -1, "mot": -1, "pie": 1, "uto": -1, "uwr": -1 }, "geometry": { "type": "Point", "coordinates": [ 19.631333, 51.714333 ] } },
{ "type": "Feature", "properties": { "ID": 109757182, "yr": 2021, "dt": "2021-01-11T20:33:21", "WOJ": 10, "sev": 1, "c": [ 255, 255, 0, 160 ], "dmg": 1, "sli": 1, "ser": 0, "fat": 0, "row": -1, "mot": -1, "pie": -1, "uto": -1, "uwr": -1 }, "geometry": { "type": "Point", "coordinates": [ 20.276972, 51.773417 ] } },
{ "type": "Feature", "properties": { "ID": 109751170, "yr": 2021, "dt": "2021-01-11T11:40:00", "WOJ": 10, "sev": 1, "c": [ 255, 255, 0, 160 ], "dmg": 0, "sli": 1, "ser": 0, "fat": 0, "row": -1, "mot": -1, "pie": -1, "uto": -1, "uwr": -1 }, "geometry": { "type": "Point", "coordinates": [ 19.391806, 52.289361 ] } },
{ "type": "Feature", "properties": { "ID": 109751193, "yr": 2021, "dt": "2021-01-11T16:50:00", "WOJ": 10, "sev": 1, "c": [ 255, 255, 0, 160 ], "dmg": 1, "sli": 1, "ser": 0, "fat": 0, "row": -1, "mot": -1, "pie": 1, "uto": -1, "uwr": -1 }, "geometry": { "type": "Point", "coordinates": [ 19.001583, 51.147056 ] } },
{ "type": "Feature", "properties": { "ID": 109798676, "yr": 2021, "dt": "2021-01-18T09:26:07", "WOJ": 10, "sev": 1, "c": [ 255, 255, 0, 160 ], "dmg": 0, "sli": 2, "ser": 0, "fat": 0, "row": -1, "mot": -1, "pie": -1, "uto": -1, "uwr": -1 }, "geometry": { "type": "Point", "coordinates": [ 19.531222, 51.762083 ] } },
{ "type": "Feature", "properties": { "ID": 109802356, "yr": 2021, "dt": "2021-01-18T06:40:00", "WOJ": 10, "sev": 1, "c": [ 255, 255, 0, 160 ], "dmg": 1, "sli": 2, "ser": 0, "fat": 0, "row": -1, "mot": -1, "pie": -1, "uto": -1, "uwr": -1 }, "geometry": { "type": "Point", "coordinates": [ 19.992333, 52.022194 ] } },
{ "type": "Feature", "properties": { "ID": 109798385, "yr": 2021, "dt": "2021-01-18T07:25:00", "WOJ": 10, "sev": 1, "c": [ 255, 255, 0, 160 ], "dmg": 1, "sli": 1, "ser": 0, "fat": 0, "row": -1, "mot": -1, "pie": -1, "uto": -1, "uwr": -1 }, "geometry": { "type": "Point", "coordinates": [ 19.425472, 52.190944 ] } },
{ "type": "Feature", "properties": { "ID": 109798557, "yr": 2021, "dt": "2021-01-18T10:00:57", "WOJ": 10, "sev": 1, "c": [ 255, 255, 0, 160 ], "dmg": 1, "sli": 1, "ser": 0, "fat": 0, "row": -1, "mot": -1, "pie": -1, "uto": -1, "uwr": -1 }, "geometry": { "type": "Point", "coordinates": [ 19.421194, 51.780889 ] } },
{ "type": "Feature", "properties": { "ID": 109798391, "yr": 2021, "dt": "2021-01-18T08:21:00", "WOJ": 10, "sev": 1, "c": [ 255, 255, 0, 160 ], "dmg": 1, "sli": 2, "ser": 0, "fat": 0, "row": -1, "mot": -1, "pie": -1, "uto": -1, "uwr": -1 }, "geometry": { "type": "Point", "coordinates": [ 19.449639, 51.764889 ] } },
{ "type": "Feature", "properties": { "ID": 109799869, "yr": 2021, "dt": "2021-01-19T13:50:00", "WOJ": 10, "sev": 1, "c": [ 255, 255, 0, 160 ], "dmg": 1, "sli": 1, "ser": 0, "fat": 0, "row": -1, "mot": -1, "pie": -1, "uto": -1, "uwr": -1 }, "geometry": { "type": "Point", "coordinates": [ 19.65, 51.863944 ] } },
{ "type": "Feature", "properties": { "ID": 109802153, "yr": 2021, "dt": "2021-01-19T07:41:44", "WOJ": 10, "sev": 1, "c": [ 255, 255, 0, 160 ], "dmg": 0, "sli": 3, "ser": 0, "fat": 0, "row": -1, "mot": -1, "pie": -1, "uto": -1, "uwr": -1 }, "geometry": { "type": "Point", "coordinates": [ 19.403333, 51.490889 ] } },
{ "type": "Feature", "properties": { "ID": 109803152, "yr": 2021, "dt": "2021-01-19T13:53:08", "WOJ": 10, "sev": 1, "c": [ 255, 255, 0, 160 ], "dmg": 2, "sli": 1, "ser": 0, "fat": 0, "row": -1, "mot": -1, "pie": -1, "uto": -1, "uwr": -1 }, "geometry": { "type": "Point", "coordinates": [ 19.39925, 51.777139 ] } },
{ "type": "Feature", "properties": { "ID": 109803207, "yr": 2021, "dt": "2021-01-19T10:41:30", "WOJ": 10, "sev": 1, "c": [ 255, 255, 0, 160 ], "dmg": 1, "sli": 1, "ser": 0, "fat": 0, "row": -1, "mot": -1, "pie": -1, "uto": -1, "uwr": -1 }, "geometry": { "type": "Point", "coordinates": [ 19.819861, 51.506611 ] } },
{ "type": "Feature", "properties": { "ID": 109807614, "yr": 2021, "dt": "2021-01-20T19:10:00", "WOJ": 10, "sev": 1, "c": [ 255, 255, 0, 160 ], "dmg": 0, "sli": 2, "ser": 0, "fat": 0, "row": -1, "mot": -1, "pie": -1, "uto": -1, "uwr": -1 }, "geometry": { "type": "Point", "coordinates": [ 20.032139, 51.510639 ] } },
{ "type": "Feature", "properties": { "ID": 116723816, "yr": 2021, "dt": "2021-12-19T20:45:10", "WOJ": 10, "sev": 1, "c": [ 255, 255, 0, 160 ], "dmg": 1, "sli": 1, "ser": 0, "fat": 0, "row": -1, "mot": -1, "pie": -1, "uto": -1, "uwr": -1 }, "geometry": { "type": "Point", "coordinates": [ 19.493417, 51.764083 ] } },
{ "type": "Feature", "properties": { "ID": 116723336, "yr": 2021, "dt": "2021-12-19T12:47:15", "WOJ": 10, "sev": 1, "c": [ 255, 255, 0, 160 ], "dmg": 1, "sli": 1, "ser": 0, "fat": 0, "row": -1, "mot": -1, "pie": -1, "uto": -1, "uwr": -1 }, "geometry": { "type": "Point", "coordinates": [ 19.452694, 51.772583 ] } },
{ "type": "Feature", "properties": { "ID": 116730887, "yr": 2021, "dt": "2021-12-19T22:33:45", "WOJ": 10, "sev": 1, "c": [ 255, 255, 0, 160 ], "dmg": 1, "sli": 1, "ser": 0, "fat": 0, "row": 1, "mot": -1, "pie": -1, "uto": -1, "uwr": -1 }, "geometry": { "type": "Point", "coordinates": [ 19.542722, 51.6 ] } },
{ "type": "Feature", "properties": { "ID": 116723183, "yr": 2021, "dt": "2021-12-19T05:58:00", "WOJ": 10, "sev": 1, "c": [ 255, 255, 0, 160 ], "dmg": 0, "sli": 1, "ser": 0, "fat": 0, "row": -1, "mot": -1, "pie": -1, "uto": -1, "uwr": -1 }, "geometry": { "type": "Point", "coordinates": [ 18.977167, 52.007972 ] } },
{ "type": "Feature", "properties": { "ID": 116731680, "yr": 2021, "dt": "2021-12-20T16:33:00", "WOJ": 10, "sev": 1, "c": [ 255, 255, 0, 160 ], "dmg": 0, "sli": 4, "ser": 0, "fat": 0, "row": -1, "mot": -1, "pie": -1, "uto": -1, "uwr": -1 }, "geometry": { "type": "Point", "coordinates": [ 19.382444, 51.800056 ] } },
{ "type": "Feature", "properties": { "ID": 116736906, "yr": 2021, "dt": "2021-12-20T19:43:00", "WOJ": 10, "sev": 1, "c": [ 255, 255, 0, 160 ], "dmg": 1, "sli": 1, "ser": 0, "fat": 0, "row": -1, "mot": -1, "pie": -1, "uto": -1, "uwr": -1 }, "geometry": { "type": "Point", "coordinates": [ 19.552944, 51.743194 ] } },
{ "type": "Feature", "properties": { "ID": 109807242, "yr": 2021, "dt": "2021-01-20T10:42:58", "WOJ": 10, "sev": 1, "c": [ 255, 255, 0, 160 ], "dmg": 1, "sli": 1, "ser": 0, "fat": 0, "row": -1, "mot": -1, "pie": -1, "uto": -1, "uwr": -1 }, "geometry": { "type": "Point", "coordinates": [ 19.618722, 51.191889 ] } },
{ "type": "Feature", "properties": { "ID": 109808164, "yr": 2021, "dt": "2021-01-20T11:45:38", "WOJ": 10, "sev": 1, "c": [ 255, 255, 0, 160 ], "dmg": 1, "sli": 1, "ser": 0, "fat": 0, "row": -1, "mot": -1, "pie": 1, "uto": -1, "uwr": -1 }, "geometry": { "type": "Point", "coordinates": [ 19.449889, 51.783056 ] } },
{ "type": "Feature", "properties": { "ID": 109827427, "yr": 2021, "dt": "2021-01-21T18:18:15", "WOJ": 10, "sev": 1, "c": [ 255, 255, 0, 160 ], "dmg": 1, "sli": 1, "ser": 0, "fat": 0, "row": 1, "mot": -1, "pie": -1, "uto": -1, "uwr": -1 }, "geometry": { "type": "Point", "coordinates": [ 20.2645, 51.671917 ] } },
{ "type": "Feature", "properties": { "ID": 109807737, "yr": 2021, "dt": "2021-01-21T01:09:03", "WOJ": 10, "sev": 1, "c": [ 255, 255, 0, 160 ], "dmg": 1, "sli": 1, "ser": 0, "fat": 0, "row": -1, "mot": -1, "pie": -1, "uto": -1, "uwr": -1 }, "geometry": { "type": "Point", "coordinates": [ 19.641472, 51.505833 ] } },
{ "type": "Feature", "properties": { "ID": 109828940, "yr": 2021, "dt": "2021-01-22T13:50:00", "WOJ": 10, "sev": 1, "c": [ 255, 255, 0, 160 ], "dmg": 1, "sli": 1, "ser": 0, "fat": 0, "row": 1, "mot": -1, "pie": -1, "uto": -1, "uwr": -1 }, "geometry": { "type": "Point", "coordinates": [ 19.394278, 51.7975 ] } },
{ "type": "Feature", "properties": { "ID": 109854594, "yr": 2021, "dt": "2021-01-22T17:49:00", "WOJ": 10, "sev": 1, "c": [ 255, 255, 0, 160 ], "dmg": 1, "sli": 1, "ser": 0, "fat": 0, "row": -1, "mot": -1, "pie": 1, "uto": -1, "uwr": -1 }, "geometry": { "type": "Point", "coordinates": [ 18.605722, 51.415861 ] } },
{ "type": "Feature", "properties": { "ID": 109830643, "yr": 2021, "dt": "2021-01-22T20:10:00", "WOJ": 10, "sev": 1, "c": [ 255, 255, 0, 160 ], "dmg": 1, "sli": 1, "ser": 0, "fat": 0, "row": -1, "mot": -1, "pie": 1, "uto": -1, "uwr": -1 }, "geometry": { "type": "Point", "coordinates": [ 19.393583, 51.862 ] } },
{ "type": "Feature", "properties": { "ID": 109828866, "yr": 2021, "dt": "2021-01-22T10:47:24", "WOJ": 10, "sev": 1, "c": [ 255, 255, 0, 160 ], "dmg": 0, "sli": 2, "ser": 0, "fat": 0, "row": -1, "mot": -1, "pie": -1, "uto": -1, "uwr": -1 }, "geometry": { "type": "Point", "coordinates": [ 19.473389, 50.969778 ] } },
{ "type": "Feature", "properties": { "ID": 109830485, "yr": 2021, "dt": "2021-01-23T12:56:03", "WOJ": 10, "sev": 1, "c": [ 255, 255, 0, 160 ], "dmg": 1, "sli": 1, "ser": 0, "fat": 0, "row": -1, "mot": -1, "pie": -1, "uto": -1, "uwr": -1 }, "geometry": { "type": "Point", "coordinates": [ 19.688694, 52.119917 ] } },
{ "type": "Feature", "properties": { "ID": 116736894, "yr": 2021, "dt": "2021-12-21T12:37:00", "WOJ": 10, "sev": 1, "c": [ 255, 255, 0, 160 ], "dmg": 3, "sli": 2, "ser": 0, "fat": 0, "row": -1, "mot": -1, "pie": -1, "uto": -1, "uwr": -1 }, "geometry": { "type": "Point", "coordinates": [ 20.004722, 51.526278 ] } },
{ "type": "Feature", "properties": { "ID": 116716854, "yr": 2021, "dt": "2021-12-16T16:28:54", "WOJ": 10, "sev": 1, "c": [ 255, 255, 0, 160 ], "dmg": 1, "sli": 1, "ser": 0, "fat": 0, "row": -1, "mot": -1, "pie": 1, "uto": -1, "uwr": -1 }, "geometry": { "type": "Point", "coordinates": [ 20.379417, 51.695194 ] } },
{ "type": "Feature", "properties": { "ID": 116719548, "yr": 2021, "dt": "2021-12-18T10:50:03", "WOJ": 10, "sev": 1, "c": [ 255, 255, 0, 160 ], "dmg": 1, "sli": 1, "ser": 0, "fat": 0, "row": 1, "mot": -1, "pie": -1, "uto": -1, "uwr": -1 }, "geometry": { "type": "Point", "coordinates": [ 20.157861, 51.954333 ] } },
{ "type": "Feature", "properties": { "ID": 116722910, "yr": 2021, "dt": "2021-12-18T18:49:18", "WOJ": 10, "sev": 1, "c": [ 255, 255, 0, 160 ], "dmg": 1, "sli": 1, "ser": 0, "fat": 0, "row": -1, "mot": -1, "pie": -1, "uto": -1, "uwr": -1 }, "geometry": { "type": "Point", "coordinates": [ 20.035944, 51.711778 ] } },
{ "type": "Feature", "properties": { "ID": 116719777, "yr": 2021, "dt": "2021-12-18T16:00:00", "WOJ": 10, "sev": 1, "c": [ 255, 255, 0, 160 ], "dmg": 0, "sli": 1, "ser": 0, "fat": 0, "row": -1, "mot": -1, "pie": -1, "uto": -1, "uwr": -1 }, "geometry": { "type": "Point", "coordinates": [ 20.155611, 51.244083 ] } },
{ "type": "Feature", "properties": { "ID": 116723299, "yr": 2021, "dt": "2021-12-19T11:10:00", "WOJ": 10, "sev": 1, "c": [ 255, 255, 0, 160 ], "dmg": 1, "sli": 1, "ser": 0, "fat": 0, "row": -1, "mot": -1, "pie": 1, "uto": -1, "uwr": -1 }, "geometry": { "type": "Point", "coordinates": [ 20.011806, 51.541167 ] } },
{ "type": "Feature", "properties": { "ID": 116723666, "yr": 2021, "dt": "2021-12-19T17:20:17", "WOJ": 10, "sev": 1, "c": [ 255, 255, 0, 160 ], "dmg": 1, "sli": 1, "ser": 0, "fat": 0, "row": -1, "mot": -1, "pie": 1, "uto": -1, "uwr": -1 }, "geometry": { "type": "Point", "coordinates": [ 19.365806, 51.362639 ] } },
{ "type": "Feature", "properties": { "ID": 116249819, "yr": 2021, "dt": "2021-12-14T09:11:27", "WOJ": 10, "sev": 1, "c": [ 255, 255, 0, 160 ], "dmg": 1, "sli": 1, "ser": 0, "fat": 0, "row": -1, "mot": -1, "pie": -1, "uto": -1, "uwr": -1 }, "geometry": { "type": "Point", "coordinates": [ 19.426472, 51.803639 ] } },
{ "type": "Feature", "properties": { "ID": 116530818, "yr": 2021, "dt": "2021-12-14T15:09:00", "WOJ": 10, "sev": 1, "c": [ 255, 255, 0, 160 ], "dmg": 3, "sli": 1, "ser": 0, "fat": 0, "row": -1, "mot": -1, "pie": -1, "uto": -1, "uwr": -1 }, "geometry": { "type": "Point", "coordinates": [ 19.487611, 51.798917 ] } },
{ "type": "Feature", "properties": { "ID": 116715952, "yr": 2021, "dt": "2021-12-15T01:40:00", "WOJ": 10, "sev": 1, "c": [ 255, 255, 0, 160 ], "dmg": 1, "sli": 2, "ser": 0, "fat": 0, "row": -1, "mot": -1, "pie": -1, "uto": -1, "uwr": -1 }, "geometry": { "type": "Point", "coordinates": [ 19.450556, 51.782917 ] } },
{ "type": "Feature", "properties": { "ID": 116647818, "yr": 2021, "dt": "2021-12-15T13:27:14", "WOJ": 10, "sev": 1, "c": [ 255, 255, 0, 160 ], "dmg": 1, "sli": 1, "ser": 0, "fat": 0, "row": -1, "mot": -1, "pie": -1, "uto": -1, "uwr": -1 }, "geometry": { "type": "Point", "coordinates": [ 19.434861, 51.71675 ] } },
{ "type": "Feature", "properties": { "ID": 116679819, "yr": 2021, "dt": "2021-12-15T15:23:22", "WOJ": 10, "sev": 1, "c": [ 255, 255, 0, 160 ], "dmg": 1, "sli": 1, "ser": 0, "fat": 0, "row": -1, "mot": -1, "pie": 1, "uto": -1, "uwr": -1 }, "geometry": { "type": "Point", "coordinates": [ 19.465389, 51.758222 ] } },
{ "type": "Feature", "properties": { "ID": 116681821, "yr": 2021, "dt": "2021-12-15T16:10:00", "WOJ": 10, "sev": 1, "c": [ 255, 255, 0, 160 ], "dmg": 1, "sli": 1, "ser": 0, "fat": 0, "row": -1, "mot": -1, "pie": 1, "uto": -1, "uwr": -1 }, "geometry": { "type": "Point", "coordinates": [ 19.380389, 52.225722 ] } },
{ "type": "Feature", "properties": { "ID": 109864310, "yr": 2021, "dt": "2021-02-01T15:37:43", "WOJ": 10, "sev": 1, "c": [ 255, 255, 0, 160 ], "dmg": 1, "sli": 2, "ser": 0, "fat": 0, "row": -1, "mot": -1, "pie": -1, "uto": -1, "uwr": -1 }, "geometry": { "type": "Point", "coordinates": [ 19.434361, 51.756861 ] } },
{ "type": "Feature", "properties": { "ID": 109831055, "yr": 2021, "dt": "2021-01-24T20:49:30", "WOJ": 10, "sev": 1, "c": [ 255, 255, 0, 160 ], "dmg": 1, "sli": 1, "ser": 0, "fat": 0, "row": -1, "mot": -1, "pie": 1, "uto": -1, "uwr": -1 }, "geometry": { "type": "Point", "coordinates": [ 19.455333, 50.977667 ] } },
{ "type": "Feature", "properties": { "ID": 109832488, "yr": 2021, "dt": "2021-01-24T15:20:00", "WOJ": 10, "sev": 1, "c": [ 255, 255, 0, 160 ], "dmg": 0, "sli": 1, "ser": 0, "fat": 0, "row": -1, "mot": -1, "pie": -1, "uto": -1, "uwr": -1 }, "geometry": { "type": "Point", "coordinates": [ 20.237444, 51.546139 ] } },
{ "type": "Feature", "properties": { "ID": 109831084, "yr": 2021, "dt": "2021-01-24T21:00:00", "WOJ": 10, "sev": 1, "c": [ 255, 255, 0, 160 ], "dmg": 1, "sli": 2, "ser": 0, "fat": 0, "row": -1, "mot": -1, "pie": -1, "uto": -1, "uwr": -1 }, "geometry": { "type": "Point", "coordinates": [ 19.519194, 52.214278 ] } },
{ "type": "Feature", "properties": { "ID": 109833238, "yr": 2021, "dt": "2021-01-25T08:25:54", "WOJ": 10, "sev": 1, "c": [ 255, 255, 0, 160 ], "dmg": 0, "sli": 1, "ser": 0, "fat": 0, "row": -1, "mot": -1, "pie": -1, "uto": -1, "uwr": -1 }, "geometry": { "type": "Point", "coordinates": [ 19.746139, 51.667833 ] } },
{ "type": "Feature", "properties": { "ID": 109840865, "yr": 2021, "dt": "2021-01-27T13:03:10", "WOJ": 10, "sev": 1, "c": [ 255, 255, 0, 160 ], "dmg": 2, "sli": 1, "ser": 0, "fat": 0, "row": -1, "mot": -1, "pie": -1, "uto": -1, "uwr": -1 }, "geometry": { "type": "Point", "coordinates": [ 19.470222, 51.771889 ] } },
{ "type": "Feature", "properties": { "ID": 109841131, "yr": 2021, "dt": "2021-01-27T17:09:05", "WOJ": 10, "sev": 1, "c": [ 255, 255, 0, 160 ], "dmg": 1, "sli": 1, "ser": 0, "fat": 0, "row": -1, "mot": -1, "pie": 1, "uto": -1, "uwr": -1 }, "geometry": { "type": "Point", "coordinates": [ 19.438944, 51.76725 ] } },
{ "type": "Feature", "properties": { "ID": 109845202, "yr": 2021, "dt": "2021-01-27T18:00:42", "WOJ": 10, "sev": 1, "c": [ 255, 255, 0, 160 ], "dmg": 1, "sli": 1, "ser": 0, "fat": 0, "row": -1, "mot": -1, "pie": 1, "uto": -1, "uwr": -1 }, "geometry": { "type": "Point", "coordinates": [ 19.43725, 51.788889 ] } },
{ "type": "Feature", "properties": { "ID": 109845887, "yr": 2021, "dt": "2021-01-28T11:51:16", "WOJ": 10, "sev": 1, "c": [ 255, 255, 0, 160 ], "dmg": 1, "sli": 1, "ser": 0, "fat": 0, "row": -1, "mot": -1, "pie": 1, "uto": -1, "uwr": -1 }, "geometry": { "type": "Point", "coordinates": [ 19.197778, 52.060444 ] } },
{ "type": "Feature", "properties": { "ID": 109805211, "yr": 2021, "dt": "2021-01-20T07:47:17", "WOJ": 10, "sev": 1, "c": [ 255, 255, 0, 160 ], "dmg": 1, "sli": 1, "ser": 0, "fat": 0, "row": -1, "mot": -1, "pie": -1, "uto": -1, "uwr": -1 }, "geometry": { "type": "Point", "coordinates": [ 19.569694, 51.499472 ] } },
{ "type": "Feature", "properties": { "ID": 109854601, "yr": 2021, "dt": "2021-01-29T10:00:00", "WOJ": 10, "sev": 1, "c": [ 255, 255, 0, 160 ], "dmg": 0, "sli": 1, "ser": 0, "fat": 0, "row": -1, "mot": -1, "pie": -1, "uto": -1, "uwr": -1 }, "geometry": { "type": "Point", "coordinates": [ 19.842528, 51.619972 ] } },
{ "type": "Feature", "properties": { "ID": 109855065, "yr": 2021, "dt": "2021-01-29T19:39:00", "WOJ": 10, "sev": 1, "c": [ 255, 255, 0, 160 ], "dmg": 1, "sli": 3, "ser": 0, "fat": 0, "row": -1, "mot": -1, "pie": -1, "uto": -1, "uwr": -1 }, "geometry": { "type": "Point", "coordinates": [ 19.510583, 51.755306 ] } },
{ "type": "Feature", "properties": { "ID": 109854931, "yr": 2021, "dt": "2021-01-29T17:29:10", "WOJ": 10, "sev": 1, "c": [ 255, 255, 0, 160 ], "dmg": 1, "sli": 1, "ser": 0, "fat": 0, "row": -1, "mot": -1, "pie": -1, "uto": -1, "uwr": -1 }, "geometry": { "type": "Point", "coordinates": [ 19.44825, 51.757694 ] } },
{ "type": "Feature", "properties": { "ID": 109857251, "yr": 2021, "dt": "2021-01-29T09:58:00", "WOJ": 10, "sev": 1, "c": [ 255, 255, 0, 160 ], "dmg": 2, "sli": 1, "ser": 0, "fat": 0, "row": -1, "mot": -1, "pie": -1, "uto": -1, "uwr": -1 }, "geometry": { "type": "Point", "coordinates": [ 19.462889, 51.759861 ] } },
{ "type": "Feature", "properties": { "ID": 109854962, "yr": 2021, "dt": "2021-01-29T18:12:08", "WOJ": 10, "sev": 1, "c": [ 255, 255, 0, 160 ], "dmg": 1, "sli": 1, "ser": 0, "fat": 0, "row": -1, "mot": -1, "pie": -1, "uto": -1, "uwr": -1 }, "geometry": { "type": "Point", "coordinates": [ 19.450306, 51.762917 ] } },
{ "type": "Feature", "properties": { "ID": 109858430, "yr": 2021, "dt": "2021-01-29T17:35:00", "WOJ": 10, "sev": 1, "c": [ 255, 255, 0, 160 ], "dmg": 1, "sli": 1, "ser": 0, "fat": 0, "row": -1, "mot": -1, "pie": 1, "uto": -1, "uwr": -1 }, "geometry": { "type": "Point", "coordinates": [ 19.417667, 51.858083 ] } },
{ "type": "Feature", "properties": { "ID": 109859886, "yr": 2021, "dt": "2021-01-30T12:45:00", "WOJ": 10, "sev": 1, "c": [ 255, 255, 0, 160 ], "dmg": 1, "sli": 2, "ser": 0, "fat": 0, "row": -1, "mot": -1, "pie": -1, "uto": -1, "uwr": -1 }, "geometry": { "type": "Point", "coordinates": [ 19.234278, 51.946028 ] } },
{ "type": "Feature", "properties": { "ID": 109858875, "yr": 2021, "dt": "2021-01-30T11:43:07", "WOJ": 10, "sev": 1, "c": [ 255, 255, 0, 160 ], "dmg": 1, "sli": 1, "ser": 0, "fat": 0, "row": -1, "mot": -1, "pie": 1, "uto": -1, "uwr": -1 }, "geometry": { "type": "Point", "coordinates": [ 19.541694, 51.716306 ] } },
{ "type": "Feature", "properties": { "ID": 109860029, "yr": 2021, "dt": "2021-01-30T16:00:00", "WOJ": 10, "sev": 1, "c": [ 255, 255, 0, 160 ], "dmg": 1, "sli": 1, "ser": 0, "fat": 0, "row": -1, "mot": -1, "pie": -1, "uto": -1, "uwr": -1 }, "geometry": { "type": "Point", "coordinates": [ 19.927194, 51.598972 ] } },
{ "type": "Feature", "properties": { "ID": 109859332, "yr": 2021, "dt": "2021-01-30T09:14:13", "WOJ": 10, "sev": 1, "c": [ 255, 255, 0, 160 ], "dmg": 1, "sli": 2, "ser": 0, "fat": 0, "row": -1, "mot": -1, "pie": -1, "uto": -1, "uwr": -1 }, "geometry": { "type": "Point", "coordinates": [ 19.472472, 51.752889 ] } },
{ "type": "Feature", "properties": { "ID": 109859385, "yr": 2021, "dt": "2021-01-30T09:57:42", "WOJ": 10, "sev": 1, "c": [ 255, 255, 0, 160 ], "dmg": 2, "sli": 1, "ser": 0, "fat": 0, "row": -1, "mot": -1, "pie": -1, "uto": -1, "uwr": -1 }, "geometry": { "type": "Point", "coordinates": [ 19.449861, 51.765722 ] } },
{ "type": "Feature", "properties": { "ID": 109862257, "yr": 2021, "dt": "2021-01-31T12:44:57", "WOJ": 10, "sev": 1, "c": [ 255, 255, 0, 160 ], "dmg": 2, "sli": 1, "ser": 0, "fat": 0, "row": -1, "mot": -1, "pie": -1, "uto": -1, "uwr": -1 }, "geometry": { "type": "Point", "coordinates": [ 19.507861, 51.788444 ] } },
{ "type": "Feature", "properties": { "ID": 109862791, "yr": 2021, "dt": "2021-02-01T11:33:46", "WOJ": 10, "sev": 1, "c": [ 255, 255, 0, 160 ], "dmg": 1, "sli": 2, "ser": 0, "fat": 0, "row": -1, "mot": -1, "pie": -1, "uto": -1, "uwr": -1 }, "geometry": { "type": "Point", "coordinates": [ 18.959333, 51.887889 ] } },
{ "type": "Feature", "properties": { "ID": 109863651, "yr": 2021, "dt": "2021-02-01T12:20:00", "WOJ": 10, "sev": 1, "c": [ 255, 255, 0, 160 ], "dmg": 1, "sli": 1, "ser": 0, "fat": 0, "row": -1, "mot": -1, "pie": 1, "uto": -1, "uwr": -1 }, "geometry": { "type": "Point", "coordinates": [ 19.404833, 52.311667 ] } },
{ "type": "Feature", "properties": { "ID": 115640819, "yr": 2021, "dt": "2021-12-13T09:29:00", "WOJ": 10, "sev": 1, "c": [ 255, 255, 0, 160 ], "dmg": 1, "sli": 1, "ser": 0, "fat": 0, "row": -1, "mot": -1, "pie": -1, "uto": -1, "uwr": -1 }, "geometry": { "type": "Point", "coordinates": [ 18.119944, 51.295639 ] } },
{ "type": "Feature", "properties": { "ID": 116376818, "yr": 2021, "dt": "2021-12-14T13:06:15", "WOJ": 10, "sev": 1, "c": [ 255, 255, 0, 160 ], "dmg": 2, "sli": 2, "ser": 0, "fat": 0, "row": -1, "mot": -1, "pie": -1, "uto": -1, "uwr": -1 }, "geometry": { "type": "Point", "coordinates": [ 19.455583, 51.759889 ] } },
{ "type": "Feature", "properties": { "ID": 115284828, "yr": 2021, "dt": "2021-12-11T10:57:43", "WOJ": 10, "sev": 1, "c": [ 255, 255, 0, 160 ], "dmg": 1, "sli": 1, "ser": 0, "fat": 0, "row": -1, "mot": -1, "pie": -1, "uto": -1, "uwr": -1 }, "geometry": { "type": "Point", "coordinates": [ 19.531278, 51.747778 ] } },
{ "type": "Feature", "properties": { "ID": 115261850, "yr": 2021, "dt": "2021-12-11T08:30:21", "WOJ": 10, "sev": 1, "c": [ 255, 255, 0, 160 ], "dmg": 1, "sli": 7, "ser": 0, "fat": 0, "row": -1, "mot": -1, "pie": -1, "uto": -1, "uwr": -1 }, "geometry": { "type": "Point", "coordinates": [ 19.661611, 51.699167 ] } },
{ "type": "Feature", "properties": { "ID": 115457831, "yr": 2021, "dt": "2021-12-12T18:12:27", "WOJ": 10, "sev": 1, "c": [ 255, 255, 0, 160 ], "dmg": 1, "sli": 1, "ser": 0, "fat": 0, "row": -1, "mot": -1, "pie": 1, "uto": -1, "uwr": -1 }, "geometry": { "type": "Point", "coordinates": [ 19.963389, 51.807083 ] } },
{ "type": "Feature", "properties": { "ID": 109874393, "yr": 2021, "dt": "2021-02-08T05:02:29", "WOJ": 10, "sev": 1, "c": [ 255, 255, 0, 160 ], "dmg": 0, "sli": 2, "ser": 0, "fat": 0, "row": -1, "mot": -1, "pie": -1, "uto": -1, "uwr": -1 }, "geometry": { "type": "Point", "coordinates": [ 19.463139, 51.75975 ] } },
{ "type": "Feature", "properties": { "ID": 109863790, "yr": 2021, "dt": "2021-02-01T10:40:00", "WOJ": 10, "sev": 1, "c": [ 255, 255, 0, 160 ], "dmg": 1, "sli": 1, "ser": 0, "fat": 0, "row": -1, "mot": -1, "pie": -1, "uto": -1, "uwr": -1 }, "geometry": { "type": "Point", "coordinates": [ 19.518611, 51.374972 ] } },
{ "type": "Feature", "properties": { "ID": 109862733, "yr": 2021, "dt": "2021-02-01T10:20:00", "WOJ": 10, "sev": 1, "c": [ 255, 255, 0, 160 ], "dmg": 1, "sli": 1, "ser": 0, "fat": 0, "row": -1, "mot": -1, "pie": 1, "uto": -1, "uwr": -1 }, "geometry": { "type": "Point", "coordinates": [ 19.368861, 51.358778 ] } },
{ "type": "Feature", "properties": { "ID": 109864253, "yr": 2021, "dt": "2021-02-01T17:10:27", "WOJ": 10, "sev": 1, "c": [ 255, 255, 0, 160 ], "dmg": 2, "sli": 1, "ser": 0, "fat": 0, "row": -1, "mot": -1, "pie": -1, "uto": -1, "uwr": -1 }, "geometry": { "type": "Point", "coordinates": [ 19.661556, 51.380778 ] } },
{ "type": "Feature", "properties": { "ID": 109865108, "yr": 2021, "dt": "2021-02-02T16:59:52", "WOJ": 10, "sev": 1, "c": [ 255, 255, 0, 160 ], "dmg": 3, "sli": 3, "ser": 0, "fat": 0, "row": -1, "mot": -1, "pie": -1, "uto": -1, "uwr": -1 }, "geometry": { "type": "Point", "coordinates": [ 19.9375, 51.341472 ] } },
{ "type": "Feature", "properties": { "ID": 109868657, "yr": 2021, "dt": "2021-02-03T19:12:00", "WOJ": 10, "sev": 1, "c": [ 255, 255, 0, 160 ], "dmg": 1, "sli": 1, "ser": 0, "fat": 0, "row": -1, "mot": -1, "pie": -1, "uto": -1, "uwr": -1 }, "geometry": { "type": "Point", "coordinates": [ 19.419694, 51.751306 ] } },
{ "type": "Feature", "properties": { "ID": 109866756, "yr": 2021, "dt": "2021-02-03T06:40:00", "WOJ": 10, "sev": 1, "c": [ 255, 255, 0, 160 ], "dmg": 1, "sli": 1, "ser": 0, "fat": 0, "row": -1, "mot": -1, "pie": -1, "uto": -1, "uwr": -1 }, "geometry": { "type": "Point", "coordinates": [ 19.476278, 52.046778 ] } },
{ "type": "Feature", "properties": { "ID": 109870470, "yr": 2021, "dt": "2021-02-04T13:55:00", "WOJ": 10, "sev": 1, "c": [ 255, 255, 0, 160 ], "dmg": 0, "sli": 2, "ser": 0, "fat": 0, "row": -1, "mot": -1, "pie": -1, "uto": -1, "uwr": -1 }, "geometry": { "type": "Point", "coordinates": [ 19.694139, 51.350472 ] } },
{ "type": "Feature", "properties": { "ID": 109869404, "yr": 2021, "dt": "2021-02-04T12:10:00", "WOJ": 10, "sev": 1, "c": [ 255, 255, 0, 160 ], "dmg": 1, "sli": 2, "ser": 0, "fat": 0, "row": -1, "mot": -1, "pie": -1, "uto": -1, "uwr": -1 }, "geometry": { "type": "Point", "coordinates": [ 19.412694, 51.853028 ] } },
{ "type": "Feature", "properties": { "ID": 109869503, "yr": 2021, "dt": "2021-02-04T15:59:04", "WOJ": 10, "sev": 1, "c": [ 255, 255, 0, 160 ], "dmg": 1, "sli": 1, "ser": 0, "fat": 0, "row": -1, "mot": -1, "pie": -1, "uto": -1, "uwr": -1 }, "geometry": { "type": "Point", "coordinates": [ 19.501556, 51.512056 ] } },
{ "type": "Feature", "properties": { "ID": 109870793, "yr": 2021, "dt": "2021-02-04T17:00:00", "WOJ": 10, "sev": 1, "c": [ 255, 255, 0, 160 ], "dmg": 1, "sli": 1, "ser": 0, "fat": 0, "row": -1, "mot": -1, "pie": 1, "uto": -1, "uwr": -1 }, "geometry": { "type": "Point", "coordinates": [ 20.019306, 51.52025 ] } },
{ "type": "Feature", "properties": { "ID": 109869922, "yr": 2021, "dt": "2021-02-05T11:11:15", "WOJ": 10, "sev": 1, "c": [ 255, 255, 0, 160 ], "dmg": 2, "sli": 1, "ser": 0, "fat": 0, "row": -1, "mot": -1, "pie": -1, "uto": -1, "uwr": -1 }, "geometry": { "type": "Point", "coordinates": [ 19.759056, 51.395944 ] } },
{ "type": "Feature", "properties": { "ID": 109871136, "yr": 2021, "dt": "2021-02-05T08:30:00", "WOJ": 10, "sev": 1, "c": [ 255, 255, 0, 160 ], "dmg": 1, "sli": 1, "ser": 0, "fat": 0, "row": -1, "mot": -1, "pie": 1, "uto": -1, "uwr": -1 }, "geometry": { "type": "Point", "coordinates": [ 19.440417, 51.068278 ] } },
{ "type": "Feature", "properties": { "ID": 114526819, "yr": 2021, "dt": "2021-12-08T11:02:40", "WOJ": 10, "sev": 1, "c": [ 255, 255, 0, 160 ], "dmg": 1, "sli": 1, "ser": 0, "fat": 0, "row": -1, "mot": -1, "pie": -1, "uto": -1, "uwr": -1 }, "geometry": { "type": "Point", "coordinates": [ 19.806056, 51.739083 ] } },
{ "type": "Feature", "properties": { "ID": 114854862, "yr": 2021, "dt": "2021-12-09T17:21:06", "WOJ": 10, "sev": 1, "c": [ 255, 255, 0, 160 ], "dmg": 1, "sli": 1, "ser": 0, "fat": 0, "row": -1, "mot": -1, "pie": -1, "uto": -1, "uwr": -1 }, "geometry": { "type": "Point", "coordinates": [ 19.933667, 52.097528 ] } },
{ "type": "Feature", "properties": { "ID": 114675822, "yr": 2021, "dt": "2021-12-09T09:00:58", "WOJ": 10, "sev": 1, "c": [ 255, 255, 0, 160 ], "dmg": 1, "sli": 1, "ser": 0, "fat": 0, "row": 1, "mot": -1, "pie": -1, "uto": -1, "uwr": -1 }, "geometry": { "type": "Point", "coordinates": [ 19.133806, 51.155139 ] } },
{ "type": "Feature", "properties": { "ID": 114628818, "yr": 2021, "dt": "2021-12-09T06:54:48", "WOJ": 10, "sev": 1, "c": [ 255, 255, 0, 160 ], "dmg": 1, "sli": 1, "ser": 0, "fat": 0, "row": 1, "mot": -1, "pie": -1, "uto": -1, "uwr": -1 }, "geometry": { "type": "Point", "coordinates": [ 19.1755, 51.495361 ] } },
{ "type": "Feature", "properties": { "ID": 114332556, "yr": 2021, "dt": "2021-12-09T17:41:41", "WOJ": 10, "sev": 1, "c": [ 255, 255, 0, 160 ], "dmg": 0, "sli": 1, "ser": 0, "fat": 0, "row": -1, "mot": -1, "pie": -1, "uto": -1, "uwr": -1 }, "geometry": { "type": "Point", "coordinates": [ 19.888556, 51.55325 ] } },
{ "type": "Feature", "properties": { "ID": 109871401, "yr": 2021, "dt": "2021-02-05T23:31:23", "WOJ": 10, "sev": 1, "c": [ 255, 255, 0, 160 ], "dmg": 1, "sli": 1, "ser": 0, "fat": 0, "row": -1, "mot": -1, "pie": -1, "uto": -1, "uwr": -1 }, "geometry": { "type": "Point", "coordinates": [ 19.448528, 51.772056 ] } },
{ "type": "Feature", "properties": { "ID": 109872423, "yr": 2021, "dt": "2021-02-05T17:14:24", "WOJ": 10, "sev": 1, "c": [ 255, 255, 0, 160 ], "dmg": 1, "sli": 1, "ser": 0, "fat": 0, "row": -1, "mot": -1, "pie": -1, "uto": -1, "uwr": -1 }, "geometry": { "type": "Point", "coordinates": [ 19.478944, 51.6985 ] } },
{ "type": "Feature", "properties": { "ID": 109873157, "yr": 2021, "dt": "2021-02-07T01:45:00", "WOJ": 10, "sev": 1, "c": [ 255, 255, 0, 160 ], "dmg": 0, "sli": 1, "ser": 0, "fat": 0, "row": -1, "mot": -1, "pie": -1, "uto": -1, "uwr": -1 }, "geometry": { "type": "Point", "coordinates": [ 20.035111, 51.455 ] } },
{ "type": "Feature", "properties": { "ID": 109874859, "yr": 2021, "dt": "2021-02-08T10:06:00", "WOJ": 10, "sev": 1, "c": [ 255, 255, 0, 160 ], "dmg": 2, "sli": 1, "ser": 0, "fat": 0, "row": -1, "mot": -1, "pie": 1, "uto": -1, "uwr": -1 }, "geometry": { "type": "Point", "coordinates": [ 19.659333, 51.843722 ] } },
{ "type": "Feature", "properties": { "ID": 109873721, "yr": 2021, "dt": "2021-02-08T10:15:21", "WOJ": 10, "sev": 1, "c": [ 255, 255, 0, 160 ], "dmg": 1, "sli": 1, "ser": 0, "fat": 0, "row": -1, "mot": -1, "pie": 1, "uto": -1, "uwr": -1 }, "geometry": { "type": "Point", "coordinates": [ 20.019, 51.525639 ] } },
{ "type": "Feature", "properties": { "ID": 109873867, "yr": 2021, "dt": "2021-02-08T09:10:00", "WOJ": 10, "sev": 1, "c": [ 255, 255, 0, 160 ], "dmg": 2, "sli": 1, "ser": 0, "fat": 0, "row": -1, "mot": -1, "pie": -1, "uto": -1, "uwr": -1 }, "geometry": { "type": "Point", "coordinates": [ 19.274056, 51.347083 ] } },
{ "type": "Feature", "properties": { "ID": 109874682, "yr": 2021, "dt": "2021-02-08T07:45:03", "WOJ": 10, "sev": 1, "c": [ 255, 255, 0, 160 ], "dmg": 0, "sli": 3, "ser": 0, "fat": 0, "row": -1, "mot": -1, "pie": -1, "uto": -1, "uwr": -1 }, "geometry": { "type": "Point", "coordinates": [ 20.383528, 51.864806 ] } },
{ "type": "Feature", "properties": { "ID": 114559825, "yr": 2021, "dt": "2021-12-09T07:15:00", "WOJ": 10, "sev": 1, "c": [ 255, 255, 0, 160 ], "dmg": 1, "sli": 1, "ser": 0, "fat": 0, "row": -1, "mot": -1, "pie": -1, "uto": -1, "uwr": -1 }, "geometry": { "type": "Point", "coordinates": [ 20.013889, 51.526444 ] } },
{ "type": "Feature", "properties": { "ID": 114332720, "yr": 2021, "dt": "2021-12-10T07:05:50", "WOJ": 10, "sev": 1, "c": [ 255, 255, 0, 160 ], "dmg": 1, "sli": 2, "ser": 0, "fat": 0, "row": -1, "mot": -1, "pie": 1, "uto": -1, "uwr": -1 }, "geometry": { "type": "Point", "coordinates": [ 19.844306, 51.367417 ] } },
{ "type": "Feature", "properties": { "ID": 115005839, "yr": 2021, "dt": "2021-12-10T06:00:49", "WOJ": 10, "sev": 1, "c": [ 255, 255, 0, 160 ], "dmg": 2, "sli": 1, "ser": 0, "fat": 0, "row": -1, "mot": -1, "pie": -1, "uto": -1, "uwr": -1 }, "geometry": { "type": "Point", "coordinates": [ 19.556278, 51.841 ] } },
{ "type": "Feature", "properties": { "ID": 115261857, "yr": 2021, "dt": "2021-12-11T08:51:24", "WOJ": 10, "sev": 1, "c": [ 255, 255, 0, 160 ], "dmg": 0, "sli": 1, "ser": 0, "fat": 0, "row": -1, "mot": -1, "pie": -1, "uto": -1, "uwr": -1 }, "geometry": { "type": "Point", "coordinates": [ 19.842806, 51.328667 ] } },
{ "type": "Feature", "properties": { "ID": 113984821, "yr": 2021, "dt": "2021-12-05T12:42:11", "WOJ": 10, "sev": 1, "c": [ 255, 255, 0, 160 ], "dmg": 0, "sli": 2, "ser": 0, "fat": 0, "row": -1, "mot": -1, "pie": -1, "uto": -1, "uwr": -1 }, "geometry": { "type": "Point", "coordinates": [ 20.210917, 51.56025 ] } },
{ "type": "Feature", "properties": { "ID": 114206819, "yr": 2021, "dt": "2021-12-06T07:45:00", "WOJ": 10, "sev": 1, "c": [ 255, 255, 0, 160 ], "dmg": 0, "sli": 1, "ser": 0, "fat": 0, "row": -1, "mot": -1, "pie": -1, "uto": -1, "uwr": -1 }, "geometry": { "type": "Point", "coordinates": [ 19.285806, 52.179611 ] } },
{ "type": "Feature", "properties": { "ID": 109875339, "yr": 2021, "dt": "2021-02-08T16:58:14", "WOJ": 10, "sev": 1, "c": [ 255, 255, 0, 160 ], "dmg": 1, "sli": 1, "ser": 0, "fat": 0, "row": -1, "mot": -1, "pie": 1, "uto": -1, "uwr": -1 }, "geometry": { "type": "Point", "coordinates": [ 19.427472, 51.787111 ] } },
{ "type": "Feature", "properties": { "ID": 109873763, "yr": 2021, "dt": "2021-02-08T11:46:52", "WOJ": 10, "sev": 1, "c": [ 255, 255, 0, 160 ], "dmg": 1, "sli": 2, "ser": 0, "fat": 0, "row": -1, "mot": -1, "pie": 1, "uto": -1, "uwr": -1 }, "geometry": { "type": "Point", "coordinates": [ 19.491722, 51.732944 ] } },
{ "type": "Feature", "properties": { "ID": 109878648, "yr": 2021, "dt": "2021-02-09T15:00:00", "WOJ": 10, "sev": 1, "c": [ 255, 255, 0, 160 ], "dmg": 1, "sli": 1, "ser": 0, "fat": 0, "row": -1, "mot": -1, "pie": -1, "uto": -1, "uwr": -1 }, "geometry": { "type": "Point", "coordinates": [ 19.631694, 52.235861 ] } },
{ "type": "Feature", "properties": { "ID": 109878844, "yr": 2021, "dt": "2021-02-09T20:59:12", "WOJ": 10, "sev": 1, "c": [ 255, 255, 0, 160 ], "dmg": 0, "sli": 2, "ser": 0, "fat": 0, "row": -1, "mot": -1, "pie": 1, "uto": -1, "uwr": -1 }, "geometry": { "type": "Point", "coordinates": [ 19.5265, 51.790917 ] } },
{ "type": "Feature", "properties": { "ID": 109876265, "yr": 2021, "dt": "2021-02-09T07:57:20", "WOJ": 10, "sev": 1, "c": [ 255, 255, 0, 160 ], "dmg": 1, "sli": 1, "ser": 0, "fat": 0, "row": -1, "mot": -1, "pie": -1, "uto": -1, "uwr": -1 }, "geometry": { "type": "Point", "coordinates": [ 20.105, 51.919833 ] } },
{ "type": "Feature", "properties": { "ID": 109881288, "yr": 2021, "dt": "2021-02-10T09:15:00", "WOJ": 10, "sev": 1, "c": [ 255, 255, 0, 160 ], "dmg": 1, "sli": 2, "ser": 0, "fat": 0, "row": -1, "mot": -1, "pie": -1, "uto": -1, "uwr": -1 }, "geometry": { "type": "Point", "coordinates": [ 18.342639, 51.321278 ] } },
{ "type": "Feature", "properties": { "ID": 109878978, "yr": 2021, "dt": "2021-02-10T06:58:40", "WOJ": 10, "sev": 1, "c": [ 255, 255, 0, 160 ], "dmg": 1, "sli": 1, "ser": 0, "fat": 0, "row": -1, "mot": -1, "pie": -1, "uto": -1, "uwr": -1 }, "geometry": { "type": "Point", "coordinates": [ 19.124389, 51.262306 ] } },
{ "type": "Feature", "properties": { "ID": 109881239, "yr": 2021, "dt": "2021-02-10T12:26:00", "WOJ": 10, "sev": 1, "c": [ 255, 255, 0, 160 ], "dmg": 1, "sli": 1, "ser": 0, "fat": 0, "row": -1, "mot": -1, "pie": -1, "uto": -1, "uwr": -1 }, "geometry": { "type": "Point", "coordinates": [ 19.466972, 51.77075 ] } },
{ "type": "Feature", "properties": { "ID": 109884588, "yr": 2021, "dt": "2021-02-11T18:20:45", "WOJ": 10, "sev": 1, "c": [ 255, 255, 0, 160 ], "dmg": 1, "sli": 1, "ser": 0, "fat": 0, "row": -1, "mot": -1, "pie": 1, "uto": -1, "uwr": -1 }, "geometry": { "type": "Point", "coordinates": [ 19.566972, 51.740806 ] } },
{ "type": "Feature", "properties": { "ID": 109884224, "yr": 2021, "dt": "2021-02-11T14:37:08", "WOJ": 10, "sev": 1, "c": [ 255, 255, 0, 160 ], "dmg": 1, "sli": 1, "ser": 0, "fat": 0, "row": -1, "mot": -1, "pie": -1, "uto": -1, "uwr": -1 }, "geometry": { "type": "Point", "coordinates": [ 19.531278, 51.734611 ] } },
{ "type": "Feature", "properties": { "ID": 109883312, "yr": 2021, "dt": "2021-02-11T12:20:00", "WOJ": 10, "sev": 1, "c": [ 255, 255, 0, 160 ], "dmg": 0, "sli": 1, "ser": 0, "fat": 0, "row": -1, "mot": -1, "pie": -1, "uto": -1, "uwr": -1 }, "geometry": { "type": "Point", "coordinates": [ 19.459444, 51.740806 ] } },
{ "type": "Feature", "properties": { "ID": 114241343, "yr": 2021, "dt": "2021-12-06T16:06:46", "WOJ": 10, "sev": 1, "c": [ 255, 255, 0, 160 ], "dmg": 1, "sli": 1, "ser": 0, "fat": 0, "row": -1, "mot": -1, "pie": -1, "uto": -1, "uwr": -1 }, "geometry": { "type": "Point", "coordinates": [ 19.759139, 51.796556 ] } },
{ "type": "Feature", "properties": { "ID": 114336903, "yr": 2021, "dt": "2021-12-06T21:20:00", "WOJ": 10, "sev": 1, "c": [ 255, 255, 0, 160 ], "dmg": 1, "sli": 1, "ser": 0, "fat": 0, "row": -1, "mot": -1, "pie": -1, "uto": -1, "uwr": -1 }, "geometry": { "type": "Point", "coordinates": [ 19.64525, 51.974194 ] } },
{ "type": "Feature", "properties": { "ID": 114541898, "yr": 2021, "dt": "2021-12-08T17:08:42", "WOJ": 10, "sev": 1, "c": [ 255, 255, 0, 160 ], "dmg": 1, "sli": 1, "ser": 0, "fat": 0, "row": -1, "mot": -1, "pie": -1, "uto": -1, "uwr": -1 }, "geometry": { "type": "Point", "coordinates": [ 19.442083, 51.735694 ] } },
{ "type": "Feature", "properties": { "ID": 109888476, "yr": 2021, "dt": "2021-02-13T14:10:00", "WOJ": 10, "sev": 1, "c": [ 255, 255, 0, 160 ], "dmg": 1, "sli": 1, "ser": 0, "fat": 0, "row": -1, "mot": -1, "pie": -1, "uto": -1, "uwr": -1 }, "geometry": { "type": "Point", "coordinates": [ 19.325583, 51.186028 ] } },
{ "type": "Feature", "properties": { "ID": 109886955, "yr": 2021, "dt": "2021-02-13T10:30:53", "WOJ": 10, "sev": 1, "c": [ 255, 255, 0, 160 ], "dmg": 1, "sli": 1, "ser": 0, "fat": 0, "row": -1, "mot": -1, "pie": 1, "uto": -1, "uwr": -1 }, "geometry": { "type": "Point", "coordinates": [ 19.419917, 51.756556 ] } },
{ "type": "Feature", "properties": { "ID": 109888451, "yr": 2021, "dt": "2021-02-13T18:58:42", "WOJ": 10, "sev": 1, "c": [ 255, 255, 0, 160 ], "dmg": 1, "sli": 1, "ser": 0, "fat": 0, "row": -1, "mot": -1, "pie": -1, "uto": -1, "uwr": -1 }, "geometry": { "type": "Point", "coordinates": [ 19.466889, 51.758306 ] } },
{ "type": "Feature", "properties": { "ID": 109888345, "yr": 2021, "dt": "2021-02-13T14:27:28", "WOJ": 10, "sev": 1, "c": [ 255, 255, 0, 160 ], "dmg": 1, "sli": 1, "ser": 0, "fat": 0, "row": -1, "mot": -1, "pie": -1, "uto": -1, "uwr": -1 }, "geometry": { "type": "Point", "coordinates": [ 19.470556, 51.760556 ] } },
{ "type": "Feature", "properties": { "ID": 109888679, "yr": 2021, "dt": "2021-02-14T11:56:32", "WOJ": 10, "sev": 1, "c": [ 255, 255, 0, 160 ], "dmg": 0, "sli": 1, "ser": 0, "fat": 0, "row": -1, "mot": -1, "pie": -1, "uto": -1, "uwr": -1 }, "geometry": { "type": "Point", "coordinates": [ 19.834778, 51.506917 ] } },
{ "type": "Feature", "properties": { "ID": 109896310, "yr": 2021, "dt": "2021-02-16T11:12:24", "WOJ": 10, "sev": 1, "c": [ 255, 255, 0, 160 ], "dmg": 0, "sli": 2, "ser": 0, "fat": 0, "row": -1, "mot": -1, "pie": -1, "uto": -1, "uwr": -1 }, "geometry": { "type": "Point", "coordinates": [ 20.036056, 51.539361 ] } },
{ "type": "Feature", "properties": { "ID": 109896685, "yr": 2021, "dt": "2021-02-16T15:57:00", "WOJ": 10, "sev": 1, "c": [ 255, 255, 0, 160 ], "dmg": 1, "sli": 1, "ser": 0, "fat": 0, "row": -1, "mot": -1, "pie": 1, "uto": -1, "uwr": -1 }, "geometry": { "type": "Point", "coordinates": [ 19.3875, 51.793222 ] } },
{ "type": "Feature", "properties": { "ID": 109896718, "yr": 2021, "dt": "2021-02-16T15:30:00", "WOJ": 10, "sev": 1, "c": [ 255, 255, 0, 160 ], "dmg": 1, "sli": 3, "ser": 0, "fat": 0, "row": -1, "mot": -1, "pie": -1, "uto": -1, "uwr": -1 }, "geometry": { "type": "Point", "coordinates": [ 18.771944, 51.675833 ] } },
{ "type": "Feature", "properties": { "ID": 109893213, "yr": 2021, "dt": "2021-02-16T07:09:07", "WOJ": 10, "sev": 1, "c": [ 255, 255, 0, 160 ], "dmg": 1, "sli": 1, "ser": 0, "fat": 0, "row": -1, "mot": -1, "pie": -1, "uto": -1, "uwr": -1 }, "geometry": { "type": "Point", "coordinates": [ 19.489556, 51.747389 ] } },
{ "type": "Feature", "properties": { "ID": 114836834, "yr": 2021, "dt": "2021-12-09T16:20:29", "WOJ": 10, "sev": 1, "c": [ 255, 255, 0, 160 ], "dmg": 1, "sli": 1, "ser": 0, "fat": 0, "row": -1, "mot": -1, "pie": -1, "uto": -1, "uwr": -1 }, "geometry": { "type": "Point", "coordinates": [ 19.423917, 51.768417 ] } },
{ "type": "Feature", "properties": { "ID": 113957872, "yr": 2021, "dt": "2021-12-03T15:10:00", "WOJ": 10, "sev": 1, "c": [ 255, 255, 0, 160 ], "dmg": 1, "sli": 1, "ser": 0, "fat": 0, "row": 1, "mot": -1, "pie": -1, "uto": -1, "uwr": -1 }, "geometry": { "type": "Point", "coordinates": [ 19.371861, 52.240083 ] } },
{ "type": "Feature", "properties": { "ID": 114368824, "yr": 2021, "dt": "2021-12-03T15:57:00", "WOJ": 10, "sev": 1, "c": [ 255, 255, 0, 160 ], "dmg": 0, "sli": 1, "ser": 0, "fat": 0, "row": -1, "mot": -1, "pie": -1, "uto": -1, "uwr": -1 }, "geometry": { "type": "Point", "coordinates": [ 20.475056, 51.498361 ] } },
{ "type": "Feature", "properties": { "ID": 113971874, "yr": 2021, "dt": "2021-12-04T18:25:00", "WOJ": 10, "sev": 1, "c": [ 255, 255, 0, 160 ], "dmg": 1, "sli": 3, "ser": 0, "fat": 0, "row": -1, "mot": -1, "pie": -1, "uto": -1, "uwr": -1 }, "geometry": { "type": "Point", "coordinates": [ 19.021333, 51.700333 ] } },
{ "type": "Feature", "properties": { "ID": 113970964, "yr": 2021, "dt": "2021-12-04T16:21:41", "WOJ": 10, "sev": 1, "c": [ 255, 255, 0, 160 ], "dmg": 2, "sli": 1, "ser": 0, "fat": 0, "row": -1, "mot": -1, "pie": -1, "uto": -1, "uwr": -1 }, "geometry": { "type": "Point", "coordinates": [ 19.423472, 51.755917 ] } },
{ "type": "Feature", "properties": { "ID": 113971904, "yr": 2021, "dt": "2021-12-04T20:20:13", "WOJ": 10, "sev": 1, "c": [ 255, 255, 0, 160 ], "dmg": 0, "sli": 2, "ser": 0, "fat": 0, "row": -1, "mot": -1, "pie": 1, "uto": -1, "uwr": -1 }, "geometry": { "type": "Point", "coordinates": [ 19.664278, 51.727111 ] } },
{ "type": "Feature", "properties": { "ID": 113985822, "yr": 2021, "dt": "2021-12-05T10:30:58", "WOJ": 10, "sev": 1, "c": [ 255, 255, 0, 160 ], "dmg": 1, "sli": 1, "ser": 0, "fat": 0, "row": -1, "mot": -1, "pie": -1, "uto": -1, "uwr": -1 }, "geometry": { "type": "Point", "coordinates": [ 18.912111, 51.356194 ] } },
{ "type": "Feature", "properties": { "ID": 109955200, "yr": 2021, "dt": "2021-02-24T15:30:00", "WOJ": 10, "sev": 1, "c": [ 255, 255, 0, 160 ], "dmg": 1, "sli": 1, "ser": 0, "fat": 0, "row": -1, "mot": -1, "pie": -1, "uto": -1, "uwr": -1 }, "geometry": { "type": "Point", "coordinates": [ 18.956333, 51.893139 ] } },
{ "type": "Feature", "properties": { "ID": 109896308, "yr": 2021, "dt": "2021-02-16T11:59:04", "WOJ": 10, "sev": 1, "c": [ 255, 255, 0, 160 ], "dmg": 1, "sli": 1, "ser": 0, "fat": 0, "row": -1, "mot": -1, "pie": 1, "uto": -1, "uwr": -1 }, "geometry": { "type": "Point", "coordinates": [ 19.379194, 51.804194 ] } },
{ "type": "Feature", "properties": { "ID": 109898745, "yr": 2021, "dt": "2021-02-17T18:05:00", "WOJ": 10, "sev": 1, "c": [ 255, 255, 0, 160 ], "dmg": 1, "sli": 1, "ser": 0, "fat": 0, "row": -1, "mot": -1, "pie": 1, "uto": -1, "uwr": -1 }, "geometry": { "type": "Point", "coordinates": [ 18.929972, 51.607861 ] } },
{ "type": "Feature", "properties": { "ID": 109898237, "yr": 2021, "dt": "2021-02-17T14:06:33", "WOJ": 10, "sev": 1, "c": [ 255, 255, 0, 160 ], "dmg": 1, "sli": 1, "ser": 0, "fat": 0, "row": -1, "mot": -1, "pie": -1, "uto": -1, "uwr": -1 }, "geometry": { "type": "Point", "coordinates": [ 19.460667, 51.769806 ] } },
{ "type": "Feature", "properties": { "ID": 109897224, "yr": 2021, "dt": "2021-02-17T05:50:00", "WOJ": 10, "sev": 1, "c": [ 255, 255, 0, 160 ], "dmg": 1, "sli": 1, "ser": 0, "fat": 0, "row": -1, "mot": -1, "pie": -1, "uto": -1, "uwr": -1 }, "geometry": { "type": "Point", "coordinates": [ 19.959833, 52.178278 ] } },
{ "type": "Feature", "properties": { "ID": 109898262, "yr": 2021, "dt": "2021-02-17T11:35:00", "WOJ": 10, "sev": 1, "c": [ 255, 255, 0, 160 ], "dmg": 2, "sli": 1, "ser": 0, "fat": 0, "row": -1, "mot": -1, "pie": -1, "uto": -1, "uwr": -1 }, "geometry": { "type": "Point", "coordinates": [ 19.026167, 51.65625 ] } },
{ "type": "Feature", "properties": { "ID": 109899677, "yr": 2021, "dt": "2021-02-18T05:47:53", "WOJ": 10, "sev": 1, "c": [ 255, 255, 0, 160 ], "dmg": 2, "sli": 1, "ser": 0, "fat": 0, "row": -1, "mot": -1, "pie": -1, "uto": -1, "uwr": -1 }, "geometry": { "type": "Point", "coordinates": [ 20.017111, 51.552778 ] } },
{ "type": "Feature", "properties": { "ID": 109901616, "yr": 2021, "dt": "2021-02-18T17:27:53", "WOJ": 10, "sev": 1, "c": [ 255, 255, 0, 160 ], "dmg": 2, "sli": 1, "ser": 0, "fat": 0, "row": -1, "mot": -1, "pie": -1, "uto": -1, "uwr": -1 }, "geometry": { "type": "Point", "coordinates": [ 18.948056, 51.919667 ] } },
{ "type": "Feature", "properties": { "ID": 109900758, "yr": 2021, "dt": "2021-02-18T15:50:00", "WOJ": 10, "sev": 1, "c": [ 255, 255, 0, 160 ], "dmg": 3, "sli": 1, "ser": 0, "fat": 0, "row": -1, "mot": -1, "pie": -1, "uto": -1, "uwr": -1 }, "geometry": { "type": "Point", "coordinates": [ 18.645056, 51.420028 ] } },
{ "type": "Feature", "properties": { "ID": 109901300, "yr": 2021, "dt": "2021-02-18T15:07:12", "WOJ": 10, "sev": 1, "c": [ 255, 255, 0, 160 ], "dmg": 1, "sli": 1, "ser": 0, "fat": 0, "row": -1, "mot": -1, "pie": -1, "uto": -1, "uwr": -1 }, "geometry": { "type": "Point", "coordinates": [ 19.505667, 51.763194 ] } },
{ "type": "Feature", "properties": { "ID": 109938460, "yr": 2021, "dt": "2021-02-19T16:10:00", "WOJ": 10, "sev": 1, "c": [ 255, 255, 0, 160 ], "dmg": 1, "sli": 1, "ser": 0, "fat": 0, "row": -1, "mot": -1, "pie": 1, "uto": -1, "uwr": -1 }, "geometry": { "type": "Point", "coordinates": [ 20.008667, 51.534278 ] } },
{ "type": "Feature", "properties": { "ID": 109908674, "yr": 2021, "dt": "2021-02-19T14:40:00", "WOJ": 10, "sev": 1, "c": [ 255, 255, 0, 160 ], "dmg": 2, "sli": 1, "ser": 0, "fat": 0, "row": -1, "mot": -1, "pie": -1, "uto": -1, "uwr": -1 }, "geometry": { "type": "Point", "coordinates": [ 19.416722, 51.886417 ] } },
{ "type": "Feature", "properties": { "ID": 109938287, "yr": 2021, "dt": "2021-02-19T17:25:38", "WOJ": 10, "sev": 1, "c": [ 255, 255, 0, 160 ], "dmg": 2, "sli": 1, "ser": 0, "fat": 0, "row": -1, "mot": -1, "pie": -1, "uto": -1, "uwr": -1 }, "geometry": { "type": "Point", "coordinates": [ 19.456917, 51.745861 ] } },
{ "type": "Feature", "properties": { "ID": 109940584, "yr": 2021, "dt": "2021-02-20T13:03:01", "WOJ": 10, "sev": 1, "c": [ 255, 255, 0, 160 ], "dmg": 1, "sli": 1, "ser": 0, "fat": 0, "row": -1, "mot": -1, "pie": -1, "uto": -1, "uwr": -1 }, "geometry": { "type": "Point", "coordinates": [ 19.428361, 51.711167 ] } },
{ "type": "Feature", "properties": { "ID": 109940308, "yr": 2021, "dt": "2021-02-20T06:38:32", "WOJ": 10, "sev": 1, "c": [ 255, 255, 0, 160 ], "dmg": 1, "sli": 1, "ser": 0, "fat": 0, "row": -1, "mot": -1, "pie": -1, "uto": -1, "uwr": -1 }, "geometry": { "type": "Point", "coordinates": [ 19.434917, 51.756222 ] } },
{ "type": "Feature", "properties": { "ID": 109886811, "yr": 2021, "dt": "2021-02-12T18:28:00", "WOJ": 10, "sev": 1, "c": [ 255, 255, 0, 160 ], "dmg": 1, "sli": 2, "ser": 0, "fat": 0, "row": -1, "mot": -1, "pie": 1, "uto": -1, "uwr": -1 }, "geometry": { "type": "Point", "coordinates": [ 19.352333, 51.669639 ] } },
{ "type": "Feature", "properties": { "ID": 109949158, "yr": 2021, "dt": "2021-02-23T08:56:55", "WOJ": 10, "sev": 1, "c": [ 255, 255, 0, 160 ], "dmg": 1, "sli": 1, "ser": 0, "fat": 0, "row": -1, "mot": -1, "pie": 1, "uto": -1, "uwr": -1 }, "geometry": { "type": "Point", "coordinates": [ 19.449611, 51.784917 ] } },
{ "type": "Feature", "properties": { "ID": 109951931, "yr": 2021, "dt": "2021-02-24T12:39:20", "WOJ": 10, "sev": 1, "c": [ 255, 255, 0, 160 ], "dmg": 1, "sli": 1, "ser": 0, "fat": 0, "row": -1, "mot": -1, "pie": -1, "uto": -1, "uwr": -1 }, "geometry": { "type": "Point", "coordinates": [ 19.3905, 51.824667 ] } },
{ "type": "Feature", "properties": { "ID": 109957293, "yr": 2021, "dt": "2021-02-24T10:09:00", "WOJ": 10, "sev": 1, "c": [ 255, 255, 0, 160 ], "dmg": 1, "sli": 1, "ser": 0, "fat": 0, "row": -1, "mot": -1, "pie": -1, "uto": -1, "uwr": -1 }, "geometry": { "type": "Point", "coordinates": [ 19.464639, 51.740472 ] } },
{ "type": "Feature", "properties": { "ID": 109954369, "yr": 2021, "dt": "2021-02-24T17:31:32", "WOJ": 10, "sev": 1, "c": [ 255, 255, 0, 160 ], "dmg": 1, "sli": 1, "ser": 0, "fat": 0, "row": -1, "mot": -1, "pie": -1, "uto": -1, "uwr": -1 }, "geometry": { "type": "Point", "coordinates": [ 19.456472, 51.799722 ] } },
{ "type": "Feature", "properties": { "ID": 109953156, "yr": 2021, "dt": "2021-02-24T11:20:00", "WOJ": 10, "sev": 1, "c": [ 255, 255, 0, 160 ], "dmg": 1, "sli": 1, "ser": 0, "fat": 0, "row": 1, "mot": -1, "pie": -1, "uto": -1, "uwr": -1 }, "geometry": { "type": "Point", "coordinates": [ 18.985972, 51.150389 ] } },
{ "type": "Feature", "properties": { "ID": 113755169, "yr": 2021, "dt": "2021-12-01T18:00:59", "WOJ": 10, "sev": 1, "c": [ 255, 255, 0, 160 ], "dmg": 1, "sli": 1, "ser": 0, "fat": 0, "row": -1, "mot": -1, "pie": 1, "uto": -1, "uwr": -1 }, "geometry": { "type": "Point", "coordinates": [ 19.744722, 51.800972 ] } },
{ "type": "Feature", "properties": { "ID": 113765819, "yr": 2021, "dt": "2021-12-01T15:05:00", "WOJ": 10, "sev": 1, "c": [ 255, 255, 0, 160 ], "dmg": 1, "sli": 1, "ser": 0, "fat": 0, "row": -1, "mot": -1, "pie": 1, "uto": -1, "uwr": -1 }, "geometry": { "type": "Point", "coordinates": [ 19.200056, 52.057361 ] } },
{ "type": "Feature", "properties": { "ID": 113763901, "yr": 2021, "dt": "2021-12-01T18:44:58", "WOJ": 10, "sev": 1, "c": [ 255, 255, 0, 160 ], "dmg": 1, "sli": 1, "ser": 0, "fat": 0, "row": -1, "mot": -1, "pie": 1, "uto": -1, "uwr": -1 }, "geometry": { "type": "Point", "coordinates": [ 19.668583, 51.401833 ] } },
{ "type": "Feature", "properties": { "ID": 113765823, "yr": 2021, "dt": "2021-12-01T18:10:00", "WOJ": 10, "sev": 1, "c": [ 255, 255, 0, 160 ], "dmg": 1, "sli": 1, "ser": 0, "fat": 0, "row": -1, "mot": -1, "pie": 1, "uto": -1, "uwr": -1 }, "geometry": { "type": "Point", "coordinates": [ 18.930194, 52.048083 ] } },
{ "type": "Feature", "properties": { "ID": 113755378, "yr": 2021, "dt": "2021-12-01T20:00:00", "WOJ": 10, "sev": 1, "c": [ 255, 255, 0, 160 ], "dmg": 3, "sli": 1, "ser": 0, "fat": 0, "row": -1, "mot": -1, "pie": 1, "uto": -1, "uwr": -1 }, "geometry": { "type": "Point", "coordinates": [ 19.389889, 52.204556 ] } },
{ "type": "Feature", "properties": { "ID": 113816227, "yr": 2021, "dt": "2021-12-02T20:22:00", "WOJ": 10, "sev": 1, "c": [ 255, 255, 0, 160 ], "dmg": 1, "sli": 1, "ser": 0, "fat": 0, "row": -1, "mot": -1, "pie": 1, "uto": -1, "uwr": -1 }, "geometry": { "type": "Point", "coordinates": [ 19.793528, 51.385917 ] } },
{ "type": "Feature", "properties": { "ID": 113816035, "yr": 2021, "dt": "2021-12-02T17:12:17", "WOJ": 10, "sev": 1, "c": [ 255, 255, 0, 160 ], "dmg": 1, "sli": 1, "ser": 0, "fat": 0, "row": -1, "mot": -1, "pie": 1, "uto": -1, "uwr": -1 }, "geometry": { "type": "Point", "coordinates": [ 20.060972, 51.520806 ] } },
{ "type": "Feature", "properties": { "ID": 113803818, "yr": 2021, "dt": "2021-12-02T07:31:06", "WOJ": 10, "sev": 1, "c": [ 255, 255, 0, 160 ], "dmg": 1, "sli": 1, "ser": 0, "fat": 0, "row": -1, "mot": -1, "pie": 1, "uto": -1, "uwr": -1 }, "geometry": { "type": "Point", "coordinates": [ 18.812667, 51.085917 ] } },
{ "type": "Feature", "properties": { "ID": 113816058, "yr": 2021, "dt": "2021-12-02T17:45:00", "WOJ": 10, "sev": 1, "c": [ 255, 255, 0, 160 ], "dmg": 1, "sli": 1, "ser": 0, "fat": 0, "row": -1, "mot": -1, "pie": 1, "uto": -1, "uwr": -1 }, "geometry": { "type": "Point", "coordinates": [ 19.36525, 52.232528 ] } },
{ "type": "Feature", "properties": { "ID": 113816116, "yr": 2021, "dt": "2021-12-02T17:56:19", "WOJ": 10, "sev": 1, "c": [ 255, 255, 0, 160 ], "dmg": 2, "sli": 1, "ser": 0, "fat": 0, "row": -1, "mot": -1, "pie": -1, "uto": -1, "uwr": -1 }, "geometry": { "type": "Point", "coordinates": [ 19.878917, 52.042667 ] } },
{ "type": "Feature", "properties": { "ID": 113815994, "yr": 2021, "dt": "2021-12-02T16:20:42", "WOJ": 10, "sev": 1, "c": [ 255, 255, 0, 160 ], "dmg": 1, "sli": 1, "ser": 0, "fat": 0, "row": -1, "mot": -1, "pie": 1, "uto": -1, "uwr": -1 }, "geometry": { "type": "Point", "coordinates": [ 18.607222, 51.146639 ] } },
{ "type": "Feature", "properties": { "ID": 113755357, "yr": 2021, "dt": "2021-12-01T19:35:00", "WOJ": 10, "sev": 1, "c": [ 255, 255, 0, 160 ], "dmg": 1, "sli": 1, "ser": 0, "fat": 0, "row": -1, "mot": -1, "pie": 1, "uto": -1, "uwr": -1 }, "geometry": { "type": "Point", "coordinates": [ 20.247444, 51.761889 ] } },
{ "type": "Feature", "properties": { "ID": 109974721, "yr": 2021, "dt": "2021-03-05T18:57:00", "WOJ": 10, "sev": 1, "c": [ 255, 255, 0, 160 ], "dmg": 1, "sli": 1, "ser": 0, "fat": 0, "row": -1, "mot": -1, "pie": 1, "uto": -1, "uwr": -1 }, "geometry": { "type": "Point", "coordinates": [ 19.384639, 51.339 ] } },
{ "type": "Feature", "properties": { "ID": 109954267, "yr": 2021, "dt": "2021-02-24T14:20:00", "WOJ": 10, "sev": 1, "c": [ 255, 255, 0, 160 ], "dmg": 1, "sli": 2, "ser": 0, "fat": 0, "row": -1, "mot": -1, "pie": -1, "uto": -1, "uwr": -1 }, "geometry": { "type": "Point", "coordinates": [ 19.312833, 51.817222 ] } },
{ "type": "Feature", "properties": { "ID": 109956891, "yr": 2021, "dt": "2021-02-25T20:50:55", "WOJ": 10, "sev": 1, "c": [ 255, 255, 0, 160 ], "dmg": 2, "sli": 1, "ser": 0, "fat": 0, "row": -1, "mot": -1, "pie": -1, "uto": -1, "uwr": -1 }, "geometry": { "type": "Point", "coordinates": [ 20.294722, 51.369806 ] } },
{ "type": "Feature", "properties": { "ID": 109956224, "yr": 2021, "dt": "2021-02-25T15:40:00", "WOJ": 10, "sev": 1, "c": [ 255, 255, 0, 160 ], "dmg": 1, "sli": 1, "ser": 0, "fat": 0, "row": -1, "mot": -1, "pie": 1, "uto": -1, "uwr": -1 }, "geometry": { "type": "Point", "coordinates": [ 19.440306, 51.770722 ] } },
{ "type": "Feature", "properties": { "ID": 109956848, "yr": 2021, "dt": "2021-02-25T18:05:00", "WOJ": 10, "sev": 1, "c": [ 255, 255, 0, 160 ], "dmg": 1, "sli": 1, "ser": 0, "fat": 0, "row": -1, "mot": -1, "pie": -1, "uto": -1, "uwr": -1 }, "geometry": { "type": "Point", "coordinates": [ 19.321194, 51.325528 ] } },
{ "type": "Feature", "properties": { "ID": 109958250, "yr": 2021, "dt": "2021-02-26T16:05:00", "WOJ": 10, "sev": 1, "c": [ 255, 255, 0, 160 ], "dmg": 2, "sli": 1, "ser": 0, "fat": 0, "row": -1, "mot": -1, "pie": 1, "uto": -1, "uwr": -1 }, "geometry": { "type": "Point", "coordinates": [ 19.193861, 52.050472 ] } },
{ "type": "Feature", "properties": { "ID": 109958190, "yr": 2021, "dt": "2021-02-26T11:47:00", "WOJ": 10, "sev": 1, "c": [ 255, 255, 0, 160 ], "dmg": 1, "sli": 1, "ser": 0, "fat": 0, "row": -1, "mot": -1, "pie": -1, "uto": -1, "uwr": -1 }, "geometry": { "type": "Point", "coordinates": [ 19.492889, 51.637 ] } },
{ "type": "Feature", "properties": { "ID": 109958588, "yr": 2021, "dt": "2021-02-27T17:30:00", "WOJ": 10, "sev": 1, "c": [ 255, 255, 0, 160 ], "dmg": 0, "sli": 2, "ser": 0, "fat": 0, "row": 1, "mot": -1, "pie": -1, "uto": -1, "uwr": -1 }, "geometry": { "type": "Point", "coordinates": [ 19.604444, 52.283639 ] } },
{ "type": "Feature", "properties": { "ID": 109959641, "yr": 2021, "dt": "2021-02-27T18:14:35", "WOJ": 10, "sev": 1, "c": [ 255, 255, 0, 160 ], "dmg": 1, "sli": 1, "ser": 0, "fat": 0, "row": -1, "mot": -1, "pie": 1, "uto": -1, "uwr": -1 }, "geometry": { "type": "Point", "coordinates": [ 19.132361, 51.588167 ] } },
{ "type": "Feature", "properties": { "ID": 109963141, "yr": 2021, "dt": "2021-02-27T12:00:00", "WOJ": 10, "sev": 1, "c": [ 255, 255, 0, 160 ], "dmg": 1, "sli": 1, "ser": 0, "fat": 0, "row": -1, "mot": -1, "pie": -1, "uto": -1, "uwr": -1 }, "geometry": { "type": "Point", "coordinates": [ 19.694139, 51.350472 ] } },
{ "type": "Feature", "properties": { "ID": 109960514, "yr": 2021, "dt": "2021-02-28T22:25:00", "WOJ": 10, "sev": 1, "c": [ 255, 255, 0, 160 ], "dmg": 1, "sli": 1, "ser": 0, "fat": 0, "row": -1, "mot": -1, "pie": 1, "uto": -1, "uwr": -1 }, "geometry": { "type": "Point", "coordinates": [ 20.081, 51.527639 ] } },
{ "type": "Feature", "properties": { "ID": 109940299, "yr": 2021, "dt": "2021-02-20T06:20:38", "WOJ": 10, "sev": 1, "c": [ 255, 255, 0, 160 ], "dmg": 1, "sli": 1, "ser": 0, "fat": 0, "row": -1, "mot": -1, "pie": -1, "uto": -1, "uwr": -1 }, "geometry": { "type": "Point", "coordinates": [ 19.677028, 51.412889 ] } },
{ "type": "Feature", "properties": { "ID": 109941310, "yr": 2021, "dt": "2021-02-21T19:00:00", "WOJ": 10, "sev": 1, "c": [ 255, 255, 0, 160 ], "dmg": 2, "sli": 1, "ser": 0, "fat": 0, "row": -1, "mot": -1, "pie": -1, "uto": -1, "uwr": -1 }, "geometry": { "type": "Point", "coordinates": [ 19.380472, 52.21475 ] } },
{ "type": "Feature", "properties": { "ID": 109945320, "yr": 2021, "dt": "2021-02-22T13:22:49", "WOJ": 10, "sev": 1, "c": [ 255, 255, 0, 160 ], "dmg": 0, "sli": 1, "ser": 0, "fat": 0, "row": -1, "mot": -1, "pie": -1, "uto": -1, "uwr": -1 }, "geometry": { "type": "Point", "coordinates": [ 19.452667, 51.785583 ] } },
{ "type": "Feature", "properties": { "ID": 109947364, "yr": 2021, "dt": "2021-02-22T16:13:00", "WOJ": 10, "sev": 1, "c": [ 255, 255, 0, 160 ], "dmg": 1, "sli": 1, "ser": 0, "fat": 0, "row": -1, "mot": -1, "pie": -1, "uto": -1, "uwr": -1 }, "geometry": { "type": "Point", "coordinates": [ 19.6365, 51.28 ] } },
{ "type": "Feature", "properties": { "ID": 113618400, "yr": 2021, "dt": "2021-11-29T19:22:54", "WOJ": 10, "sev": 1, "c": [ 255, 255, 0, 160 ], "dmg": 2, "sli": 2, "ser": 0, "fat": 0, "row": -1, "mot": -1, "pie": -1, "uto": -1, "uwr": -1 }, "geometry": { "type": "Point", "coordinates": [ 19.195111, 52.058667 ] } },
{ "type": "Feature", "properties": { "ID": 113618280, "yr": 2021, "dt": "2021-11-29T16:38:21", "WOJ": 10, "sev": 1, "c": [ 255, 255, 0, 160 ], "dmg": 1, "sli": 1, "ser": 0, "fat": 0, "row": -1, "mot": -1, "pie": 1, "uto": -1, "uwr": -1 }, "geometry": { "type": "Point", "coordinates": [ 20.281417, 51.377611 ] } },
{ "type": "Feature", "properties": { "ID": 113618269, "yr": 2021, "dt": "2021-11-29T17:03:00", "WOJ": 10, "sev": 1, "c": [ 255, 255, 0, 160 ], "dmg": 1, "sli": 1, "ser": 0, "fat": 0, "row": -1, "mot": -1, "pie": 1, "uto": -1, "uwr": -1 }, "geometry": { "type": "Point", "coordinates": [ 20.150667, 51.966083 ] } },
{ "type": "Feature", "properties": { "ID": 113784818, "yr": 2021, "dt": "2021-11-29T18:38:00", "WOJ": 10, "sev": 1, "c": [ 255, 255, 0, 160 ], "dmg": 1, "sli": 1, "ser": 0, "fat": 0, "row": -1, "mot": -1, "pie": -1, "uto": -1, "uwr": -1 }, "geometry": { "type": "Point", "coordinates": [ 20.063167, 51.605833 ] } },
{ "type": "Feature", "properties": { "ID": 113618142, "yr": 2021, "dt": "2021-11-29T14:20:00", "WOJ": 10, "sev": 1, "c": [ 255, 255, 0, 160 ], "dmg": 1, "sli": 1, "ser": 0, "fat": 0, "row": -1, "mot": -1, "pie": -1, "uto": -1, "uwr": -1 }, "geometry": { "type": "Point", "coordinates": [ 19.368889, 52.229389 ] } },
{ "type": "Feature", "properties": { "ID": 109977300, "yr": 2021, "dt": "2021-03-08T18:33:00", "WOJ": 10, "sev": 1, "c": [ 255, 255, 0, 160 ], "dmg": 1, "sli": 1, "ser": 0, "fat": 0, "row": -1, "mot": -1, "pie": 1, "uto": -1, "uwr": -1 }, "geometry": { "type": "Point", "coordinates": [ 19.458778, 51.770778 ] } },
{ "type": "Feature", "properties": { "ID": 109970105, "yr": 2021, "dt": "2021-03-02T15:50:00", "WOJ": 10, "sev": 1, "c": [ 255, 255, 0, 160 ], "dmg": 3, "sli": 1, "ser": 0, "fat": 0, "row": -1, "mot": -1, "pie": -1, "uto": -1, "uwr": -1 }, "geometry": { "type": "Point", "coordinates": [ 18.9005, 51.608556 ] } },
{ "type": "Feature", "properties": { "ID": 109971568, "yr": 2021, "dt": "2021-03-03T06:50:00", "WOJ": 10, "sev": 1, "c": [ 255, 255, 0, 160 ], "dmg": 0, "sli": 1, "ser": 0, "fat": 0, "row": -1, "mot": -1, "pie": -1, "uto": -1, "uwr": -1 }, "geometry": { "type": "Point", "coordinates": [ 19.697417, 51.34975 ] } },
{ "type": "Feature", "properties": { "ID": 109971602, "yr": 2021, "dt": "2021-03-03T22:40:00", "WOJ": 10, "sev": 1, "c": [ 255, 255, 0, 160 ], "dmg": 0, "sli": 1, "ser": 0, "fat": 0, "row": -1, "mot": -1, "pie": -1, "uto": -1, "uwr": -1 }, "geometry": { "type": "Point", "coordinates": [ 19.997806, 51.544722 ] } },
{ "type": "Feature", "properties": { "ID": 109970312, "yr": 2021, "dt": "2021-03-03T05:53:42", "WOJ": 10, "sev": 1, "c": [ 255, 255, 0, 160 ], "dmg": 1, "sli": 1, "ser": 0, "fat": 0, "row": 1, "mot": -1, "pie": -1, "uto": -1, "uwr": -1 }, "geometry": { "type": "Point", "coordinates": [ 18.959583, 51.59575 ] } },
{ "type": "Feature", "properties": { "ID": 109970470, "yr": 2021, "dt": "2021-03-03T10:22:12", "WOJ": 10, "sev": 1, "c": [ 255, 255, 0, 160 ], "dmg": 1, "sli": 1, "ser": 0, "fat": 0, "row": -1, "mot": -1, "pie": 1, "uto": -1, "uwr": -1 }, "geometry": { "type": "Point", "coordinates": [ 19.457833, 51.796944 ] } },
{ "type": "Feature", "properties": { "ID": 109971748, "yr": 2021, "dt": "2021-03-04T07:30:00", "WOJ": 10, "sev": 1, "c": [ 255, 255, 0, 160 ], "dmg": 1, "sli": 1, "ser": 0, "fat": 0, "row": 1, "mot": -1, "pie": -1, "uto": -1, "uwr": -1 }, "geometry": { "type": "Point", "coordinates": [ 18.186083, 51.173722 ] } },
{ "type": "Feature", "properties": { "ID": 113830825, "yr": 2021, "dt": "2021-12-03T06:20:00", "WOJ": 10, "sev": 1, "c": [ 255, 255, 0, 160 ], "dmg": 2, "sli": 1, "ser": 0, "fat": 0, "row": -1, "mot": -1, "pie": -1, "uto": -1, "uwr": -1 }, "geometry": { "type": "Point", "coordinates": [ 19.444083, 52.221806 ] } },
{ "type": "Feature", "properties": { "ID": 113593842, "yr": 2021, "dt": "2021-11-29T08:57:09", "WOJ": 10, "sev": 1, "c": [ 255, 255, 0, 160 ], "dmg": 1, "sli": 1, "ser": 0, "fat": 0, "row": -1, "mot": -1, "pie": -1, "uto": -1, "uwr": -1 }, "geometry": { "type": "Point", "coordinates": [ 19.421639, 51.100806 ] } },
{ "type": "Feature", "properties": { "ID": 113677225, "yr": 2021, "dt": "2021-11-30T15:40:00", "WOJ": 10, "sev": 1, "c": [ 255, 255, 0, 160 ], "dmg": 1, "sli": 1, "ser": 0, "fat": 0, "row": -1, "mot": -1, "pie": 1, "uto": -1, "uwr": -1 }, "geometry": { "type": "Point", "coordinates": [ 19.373083, 52.234694 ] } },
{ "type": "Feature", "properties": { "ID": 113691818, "yr": 2021, "dt": "2021-12-01T08:05:39", "WOJ": 10, "sev": 1, "c": [ 255, 255, 0, 160 ], "dmg": 1, "sli": 1, "ser": 0, "fat": 0, "row": -1, "mot": -1, "pie": -1, "uto": -1, "uwr": -1 }, "geometry": { "type": "Point", "coordinates": [ 18.941333, 51.889306 ] } },
{ "type": "Feature", "properties": { "ID": 113552872, "yr": 2021, "dt": "2021-11-26T12:38:00", "WOJ": 10, "sev": 1, "c": [ 255, 255, 0, 160 ], "dmg": 1, "sli": 1, "ser": 0, "fat": 0, "row": -1, "mot": -1, "pie": -1, "uto": -1, "uwr": -1 }, "geometry": { "type": "Point", "coordinates": [ 19.324861, 52.205111 ] } },
{ "type": "Feature", "properties": { "ID": 113527557, "yr": 2021, "dt": "2021-11-26T17:30:11", "WOJ": 10, "sev": 1, "c": [ 255, 255, 0, 160 ], "dmg": 1, "sli": 1, "ser": 0, "fat": 0, "row": -1, "mot": -1, "pie": 1, "uto": -1, "uwr": -1 }, "geometry": { "type": "Point", "coordinates": [ 20.031222, 51.801639 ] } },
{ "type": "Feature", "properties": { "ID": 113553004, "yr": 2021, "dt": "2021-11-26T18:20:45", "WOJ": 10, "sev": 1, "c": [ 255, 255, 0, 160 ], "dmg": 1, "sli": 1, "ser": 0, "fat": 0, "row": 0, "mot": -1, "pie": 1, "uto": -1, "uwr": -1 }, "geometry": { "type": "Point", "coordinates": [ 19.455556, 51.772889 ] } },
{ "type": "Feature", "properties": { "ID": 113527235, "yr": 2021, "dt": "2021-11-26T15:38:13", "WOJ": 10, "sev": 1, "c": [ 255, 255, 0, 160 ], "dmg": 0, "sli": 2, "ser": 0, "fat": 0, "row": -1, "mot": -1, "pie": -1, "uto": -1, "uwr": -1 }, "geometry": { "type": "Point", "coordinates": [ 19.866583, 51.756583 ] } },
{ "type": "Feature", "properties": { "ID": 109972928, "yr": 2021, "dt": "2021-03-05T11:47:00", "WOJ": 10, "sev": 1, "c": [ 255, 255, 0, 160 ], "dmg": 1, "sli": 1, "ser": 0, "fat": 0, "row": -1, "mot": -1, "pie": -1, "uto": -1, "uwr": -1 }, "geometry": { "type": "Point", "coordinates": [ 19.420972, 51.775 ] } },
{ "type": "Feature", "properties": { "ID": 109974683, "yr": 2021, "dt": "2021-03-05T18:15:00", "WOJ": 10, "sev": 1, "c": [ 255, 255, 0, 160 ], "dmg": 0, "sli": 1, "ser": 0, "fat": 0, "row": -1, "mot": -1, "pie": -1, "uto": -1, "uwr": -1 }, "geometry": { "type": "Point", "coordinates": [ 19.291194, 51.299583 ] } },
{ "type": "Feature", "properties": { "ID": 109972935, "yr": 2021, "dt": "2021-03-05T09:51:08", "WOJ": 10, "sev": 1, "c": [ 255, 255, 0, 160 ], "dmg": 2, "sli": 1, "ser": 0, "fat": 0, "row": -1, "mot": -1, "pie": -1, "uto": -1, "uwr": -1 }, "geometry": { "type": "Point", "coordinates": [ 19.936139, 52.100972 ] } },
{ "type": "Feature", "properties": { "ID": 109975471, "yr": 2021, "dt": "2021-03-06T17:58:12", "WOJ": 10, "sev": 1, "c": [ 255, 255, 0, 160 ], "dmg": 2, "sli": 1, "ser": 0, "fat": 0, "row": -1, "mot": -1, "pie": -1, "uto": -1, "uwr": -1 }, "geometry": { "type": "Point", "coordinates": [ 19.443444, 51.781194 ] } },
{ "type": "Feature", "properties": { "ID": 109976624, "yr": 2021, "dt": "2021-03-08T08:30:07", "WOJ": 10, "sev": 1, "c": [ 255, 255, 0, 160 ], "dmg": 1, "sli": 1, "ser": 0, "fat": 0, "row": -1, "mot": -1, "pie": 1, "uto": -1, "uwr": -1 }, "geometry": { "type": "Point", "coordinates": [ 19.462361, 51.775389 ] } },
{ "type": "Feature", "properties": { "ID": 109976675, "yr": 2021, "dt": "2021-03-08T07:32:06", "WOJ": 10, "sev": 1, "c": [ 255, 255, 0, 160 ], "dmg": 1, "sli": 1, "ser": 0, "fat": 0, "row": -1, "mot": -1, "pie": 1, "uto": -1, "uwr": -1 }, "geometry": { "type": "Point", "coordinates": [ 19.375306, 51.361611 ] } },
{ "type": "Feature", "properties": { "ID": 113556412, "yr": 2021, "dt": "2021-11-27T21:10:00", "WOJ": 10, "sev": 1, "c": [ 255, 255, 0, 160 ], "dmg": 1, "sli": 1, "ser": 0, "fat": 0, "row": -1, "mot": -1, "pie": 1, "uto": -1, "uwr": -1 }, "geometry": { "type": "Point", "coordinates": [ 18.954306, 51.601167 ] } },
{ "type": "Feature", "properties": { "ID": 113557846, "yr": 2021, "dt": "2021-11-27T11:06:52", "WOJ": 10, "sev": 1, "c": [ 255, 255, 0, 160 ], "dmg": 1, "sli": 1, "ser": 0, "fat": 0, "row": 1, "mot": -1, "pie": -1, "uto": -1, "uwr": -1 }, "geometry": { "type": "Point", "coordinates": [ 18.999639, 51.142139 ] } },
{ "type": "Feature", "properties": { "ID": 113527797, "yr": 2021, "dt": "2021-11-27T01:30:00", "WOJ": 10, "sev": 1, "c": [ 255, 255, 0, 160 ], "dmg": 0, "sli": 1, "ser": 0, "fat": 0, "row": -1, "mot": -1, "pie": -1, "uto": -1, "uwr": -1 }, "geometry": { "type": "Point", "coordinates": [ 19.864667, 51.088444 ] } },
{ "type": "Feature", "properties": { "ID": 113556457, "yr": 2021, "dt": "2021-11-27T23:05:15", "WOJ": 10, "sev": 1, "c": [ 255, 255, 0, 160 ], "dmg": 1, "sli": 2, "ser": 0, "fat": 0, "row": -1, "mot": -1, "pie": -1, "uto": -1, "uwr": -1 }, "geometry": { "type": "Point", "coordinates": [ 19.018389, 51.120444 ] } },
{ "type": "Feature", "properties": { "ID": 113556069, "yr": 2021, "dt": "2021-11-27T09:40:29", "WOJ": 10, "sev": 1, "c": [ 255, 255, 0, 160 ], "dmg": 1, "sli": 1, "ser": 0, "fat": 0, "row": -1, "mot": -1, "pie": 1, "uto": -1, "uwr": -1 }, "geometry": { "type": "Point", "coordinates": [ 19.695139, 51.409611 ] } },
{ "type": "Feature", "properties": { "ID": 113562184, "yr": 2021, "dt": "2021-11-28T06:07:00", "WOJ": 10, "sev": 1, "c": [ 255, 255, 0, 160 ], "dmg": 3, "sli": 1, "ser": 0, "fat": 0, "row": -1, "mot": -1, "pie": -1, "uto": -1, "uwr": -1 }, "geometry": { "type": "Point", "coordinates": [ 20.177139, 52.066306 ] } },
{ "type": "Feature", "properties": { "ID": 109976278, "yr": 2021, "dt": "2021-03-08T07:47:00", "WOJ": 10, "sev": 1, "c": [ 255, 255, 0, 160 ], "dmg": 1, "sli": 1, "ser": 0, "fat": 0, "row": -1, "mot": -1, "pie": 1, "uto": -1, "uwr": -1 }, "geometry": { "type": "Point", "coordinates": [ 19.415444, 51.791278 ] } },
{ "type": "Feature", "properties": { "ID": 109976996, "yr": 2021, "dt": "2021-03-08T12:53:00", "WOJ": 10, "sev": 1, "c": [ 255, 255, 0, 160 ], "dmg": 1, "sli": 1, "ser": 0, "fat": 0, "row": -1, "mot": -1, "pie": -1, "uto": -1, "uwr": -1 }, "geometry": { "type": "Point", "coordinates": [ 19.448278, 51.773139 ] } },
{ "type": "Feature", "properties": { "ID": 109979046, "yr": 2021, "dt": "2021-03-09T09:38:48", "WOJ": 10, "sev": 1, "c": [ 255, 255, 0, 160 ], "dmg": 1, "sli": 1, "ser": 0, "fat": 0, "row": -1, "mot": -1, "pie": 1, "uto": -1, "uwr": -1 }, "geometry": { "type": "Point", "coordinates": [ 19.476806, 51.722222 ] } },
{ "type": "Feature", "properties": { "ID": 109977698, "yr": 2021, "dt": "2021-03-09T19:17:00", "WOJ": 10, "sev": 1, "c": [ 255, 255, 0, 160 ], "dmg": 2, "sli": 1, "ser": 0, "fat": 0, "row": -1, "mot": -1, "pie": -1, "uto": -1, "uwr": -1 }, "geometry": { "type": "Point", "coordinates": [ 19.505917, 51.769444 ] } },
{ "type": "Feature", "properties": { "ID": 110035519, "yr": 2021, "dt": "2021-03-10T09:28:00", "WOJ": 10, "sev": 1, "c": [ 255, 255, 0, 160 ], "dmg": 1, "sli": 1, "ser": 0, "fat": 0, "row": -1, "mot": -1, "pie": -1, "uto": -1, "uwr": -1 }, "geometry": { "type": "Point", "coordinates": [ 19.471556, 51.76675 ] } },
{ "type": "Feature", "properties": { "ID": 110039219, "yr": 2021, "dt": "2021-03-10T18:27:33", "WOJ": 10, "sev": 1, "c": [ 255, 255, 0, 160 ], "dmg": 2, "sli": 1, "ser": 0, "fat": 0, "row": -1, "mot": -1, "pie": -1, "uto": -1, "uwr": -1 }, "geometry": { "type": "Point", "coordinates": [ 19.385722, 51.796444 ] } },
{ "type": "Feature", "properties": { "ID": 110043167, "yr": 2021, "dt": "2021-03-10T13:39:00", "WOJ": 10, "sev": 1, "c": [ 255, 255, 0, 160 ], "dmg": 1, "sli": 2, "ser": 0, "fat": 0, "row": -1, "mot": -1, "pie": -1, "uto": -1, "uwr": -1 }, "geometry": { "type": "Point", "coordinates": [ 18.618361, 51.364806 ] } },
{ "type": "Feature", "properties": { "ID": 110049150, "yr": 2021, "dt": "2021-03-11T06:45:00", "WOJ": 10, "sev": 1, "c": [ 255, 255, 0, 160 ], "dmg": 0, "sli": 1, "ser": 0, "fat": 0, "row": -1, "mot": -1, "pie": -1, "uto": -1, "uwr": -1 }, "geometry": { "type": "Point", "coordinates": [ 19.343528, 51.205361 ] } },
{ "type": "Feature", "properties": { "ID": 110049728, "yr": 2021, "dt": "2021-03-11T19:00:00", "WOJ": 10, "sev": 1, "c": [ 255, 255, 0, 160 ], "dmg": 0, "sli": 1, "ser": 0, "fat": 0, "row": -1, "mot": -1, "pie": -1, "uto": -1, "uwr": -1 }, "geometry": { "type": "Point", "coordinates": [ 18.911639, 51.118194 ] } },
{ "type": "Feature", "properties": { "ID": 110049503, "yr": 2021, "dt": "2021-03-11T10:30:00", "WOJ": 10, "sev": 1, "c": [ 255, 255, 0, 160 ], "dmg": 1, "sli": 1, "ser": 0, "fat": 0, "row": -1, "mot": -1, "pie": 1, "uto": -1, "uwr": -1 }, "geometry": { "type": "Point", "coordinates": [ 20.019306, 51.526917 ] } },
{ "type": "Feature", "properties": { "ID": 110050673, "yr": 2021, "dt": "2021-03-12T06:17:00", "WOJ": 10, "sev": 1, "c": [ 255, 255, 0, 160 ], "dmg": 1, "sli": 3, "ser": 0, "fat": 0, "row": -1, "mot": -1, "pie": -1, "uto": -1, "uwr": -1 }, "geometry": { "type": "Point", "coordinates": [ 18.147333, 51.2905 ] } },
{ "type": "Feature", "properties": { "ID": 113514630, "yr": 2021, "dt": "2021-11-25T11:13:55", "WOJ": 10, "sev": 1, "c": [ 255, 255, 0, 160 ], "dmg": 1, "sli": 1, "ser": 0, "fat": 0, "row": -1, "mot": -1, "pie": -1, "uto": -1, "uwr": -1 }, "geometry": { "type": "Point", "coordinates": [ 19.378, 51.709611 ] } },
{ "type": "Feature", "properties": { "ID": 113526825, "yr": 2021, "dt": "2021-11-25T21:14:29", "WOJ": 10, "sev": 1, "c": [ 255, 255, 0, 160 ], "dmg": 2, "sli": 1, "ser": 0, "fat": 0, "row": -1, "mot": -1, "pie": -1, "uto": -1, "uwr": -1 }, "geometry": { "type": "Point", "coordinates": [ 20.251139, 51.760722 ] } },
{ "type": "Feature", "properties": { "ID": 113618671, "yr": 2021, "dt": "2021-11-26T12:00:00", "WOJ": 10, "sev": 1, "c": [ 255, 255, 0, 160 ], "dmg": 1, "sli": 1, "ser": 0, "fat": 0, "row": 0, "mot": -1, "pie": 1, "uto": -1, "uwr": -1 }, "geometry": { "type": "Point", "coordinates": [ 19.460889, 51.773139 ] } },
{ "type": "Feature", "properties": { "ID": 113526881, "yr": 2021, "dt": "2021-11-26T06:05:00", "WOJ": 10, "sev": 1, "c": [ 255, 255, 0, 160 ], "dmg": 1, "sli": 1, "ser": 0, "fat": 0, "row": -1, "mot": -1, "pie": 1, "uto": -1, "uwr": -1 }, "geometry": { "type": "Point", "coordinates": [ 19.451889, 51.116972 ] } },
{ "type": "Feature", "properties": { "ID": 113553028, "yr": 2021, "dt": "2021-11-26T17:01:31", "WOJ": 10, "sev": 1, "c": [ 255, 255, 0, 160 ], "dmg": 1, "sli": 1, "ser": 0, "fat": 0, "row": -1, "mot": -1, "pie": 1, "uto": -1, "uwr": -1 }, "geometry": { "type": "Point", "coordinates": [ 19.38125, 51.655583 ] } },
{ "type": "Feature", "properties": { "ID": 113498702, "yr": 2021, "dt": "2021-11-23T21:32:37", "WOJ": 10, "sev": 1, "c": [ 255, 255, 0, 160 ], "dmg": 2, "sli": 1, "ser": 0, "fat": 0, "row": -1, "mot": -1, "pie": -1, "uto": -1, "uwr": -1 }, "geometry": { "type": "Point", "coordinates": [ 19.613, 51.792389 ] } },
{ "type": "Feature", "properties": { "ID": 113617858, "yr": 2021, "dt": "2021-11-27T22:35:00", "WOJ": 10, "sev": 1, "c": [ 255, 255, 0, 160 ], "dmg": 1, "sli": 1, "ser": 0, "fat": 0, "row": -1, "mot": -1, "pie": 1, "uto": -1, "uwr": -1 }, "geometry": { "type": "Point", "coordinates": [ 19.834472, 51.755583 ] } },
{ "type": "Feature", "properties": { "ID": 113510892, "yr": 2021, "dt": "2021-11-24T13:09:09", "WOJ": 10, "sev": 1, "c": [ 255, 255, 0, 160 ], "dmg": 1, "sli": 1, "ser": 0, "fat": 0, "row": -1, "mot": -1, "pie": -1, "uto": -1, "uwr": -1 }, "geometry": { "type": "Point", "coordinates": [ 19.504306, 51.633417 ] } },
{ "type": "Feature", "properties": { "ID": 113526071, "yr": 2021, "dt": "2021-11-25T18:45:05", "WOJ": 10, "sev": 1, "c": [ 255, 255, 0, 160 ], "dmg": 1, "sli": 1, "ser": 0, "fat": 0, "row": -1, "mot": -1, "pie": 1, "uto": -1, "uwr": -1 }, "geometry": { "type": "Point", "coordinates": [ 19.39925, 51.857167 ] } },
{ "type": "Feature", "properties": { "ID": 113514780, "yr": 2021, "dt": "2021-11-25T17:46:06", "WOJ": 10, "sev": 1, "c": [ 255, 255, 0, 160 ], "dmg": 2, "sli": 1, "ser": 0, "fat": 0, "row": -1, "mot": -1, "pie": -1, "uto": -1, "uwr": -1 }, "geometry": { "type": "Point", "coordinates": [ 19.62425, 51.794139 ] } },
{ "type": "Feature", "properties": { "ID": 110061290, "yr": 2021, "dt": "2021-03-18T11:51:46", "WOJ": 10, "sev": 1, "c": [ 255, 255, 0, 160 ], "dmg": 2, "sli": 1, "ser": 0, "fat": 0, "row": -1, "mot": -1, "pie": -1, "uto": -1, "uwr": -1 }, "geometry": { "type": "Point", "coordinates": [ 19.459139, 51.795139 ] } },
{ "type": "Feature", "properties": { "ID": 110052583, "yr": 2021, "dt": "2021-03-13T07:30:00", "WOJ": 10, "sev": 1, "c": [ 255, 255, 0, 160 ], "dmg": 0, "sli": 1, "ser": 0, "fat": 0, "row": -1, "mot": -1, "pie": -1, "uto": -1, "uwr": -1 }, "geometry": { "type": "Point", "coordinates": [ 20.092556, 51.2175 ] } },
{ "type": "Feature", "properties": { "ID": 110053021, "yr": 2021, "dt": "2021-03-13T22:07:54", "WOJ": 10, "sev": 1, "c": [ 255, 255, 0, 160 ], "dmg": 2, "sli": 1, "ser": 0, "fat": 0, "row": -1, "mot": -1, "pie": -1, "uto": -1, "uwr": -1 }, "geometry": { "type": "Point", "coordinates": [ 20.255111, 51.761583 ] } },
{ "type": "Feature", "properties": { "ID": 110052910, "yr": 2021, "dt": "2021-03-13T18:47:16", "WOJ": 10, "sev": 1, "c": [ 255, 255, 0, 160 ], "dmg": 1, "sli": 1, "ser": 0, "fat": 0, "row": -1, "mot": -1, "pie": -1, "uto": -1, "uwr": -1 }, "geometry": { "type": "Point", "coordinates": [ 19.446694, 51.731722 ] } },
{ "type": "Feature", "properties": { "ID": 110052813, "yr": 2021, "dt": "2021-03-13T15:05:34", "WOJ": 10, "sev": 1, "c": [ 255, 255, 0, 160 ], "dmg": 1, "sli": 1, "ser": 0, "fat": 0, "row": -1, "mot": -1, "pie": 1, "uto": -1, "uwr": -1 }, "geometry": { "type": "Point", "coordinates": [ 19.4785, 51.763833 ] } },
{ "type": "Feature", "properties": { "ID": 110052508, "yr": 2021, "dt": "2021-03-13T03:53:21", "WOJ": 10, "sev": 1, "c": [ 255, 255, 0, 160 ], "dmg": 0, "sli": 2, "ser": 0, "fat": 0, "row": -1, "mot": -1, "pie": -1, "uto": -1, "uwr": -1 }, "geometry": { "type": "Point", "coordinates": [ 19.660306, 51.27025 ] } },
{ "type": "Feature", "properties": { "ID": 110052651, "yr": 2021, "dt": "2021-03-13T12:12:56", "WOJ": 10, "sev": 1, "c": [ 255, 255, 0, 160 ], "dmg": 1, "sli": 1, "ser": 0, "fat": 0, "row": -1, "mot": -1, "pie": -1, "uto": -1, "uwr": -1 }, "geometry": { "type": "Point", "coordinates": [ 19.438889, 51.745417 ] } },
{ "type": "Feature", "properties": { "ID": 110053801, "yr": 2021, "dt": "2021-03-14T18:56:35", "WOJ": 10, "sev": 1, "c": [ 255, 255, 0, 160 ], "dmg": 1, "sli": 1, "ser": 0, "fat": 0, "row": 0, "mot": -1, "pie": 1, "uto": -1, "uwr": -1 }, "geometry": { "type": "Point", "coordinates": [ 19.369556, 51.331722 ] } },
{ "type": "Feature", "properties": { "ID": 110054434, "yr": 2021, "dt": "2021-03-15T05:07:05", "WOJ": 10, "sev": 1, "c": [ 255, 255, 0, 160 ], "dmg": 1, "sli": 1, "ser": 0, "fat": 0, "row": -1, "mot": -1, "pie": -1, "uto": -1, "uwr": -1 }, "geometry": { "type": "Point", "coordinates": [ 19.044222, 51.993556 ] } },
{ "type": "Feature", "properties": { "ID": 110056241, "yr": 2021, "dt": "2021-03-15T06:45:00", "WOJ": 10, "sev": 1, "c": [ 255, 255, 0, 160 ], "dmg": 0, "sli": 2, "ser": 0, "fat": 0, "row": -1, "mot": -1, "pie": -1, "uto": -1, "uwr": -1 }, "geometry": { "type": "Point", "coordinates": [ 18.947556, 51.91925 ] } },
{ "type": "Feature", "properties": { "ID": 110055578, "yr": 2021, "dt": "2021-03-15T16:26:24", "WOJ": 10, "sev": 1, "c": [ 255, 255, 0, 160 ], "dmg": 1, "sli": 1, "ser": 0, "fat": 0, "row": -1, "mot": -1, "pie": 1, "uto": -1, "uwr": -1 }, "geometry": { "type": "Point", "coordinates": [ 19.485611, 51.778528 ] } },
{ "type": "Feature", "properties": { "ID": 110057474, "yr": 2021, "dt": "2021-03-16T13:35:50", "WOJ": 10, "sev": 1, "c": [ 255, 255, 0, 160 ], "dmg": 2, "sli": 1, "ser": 0, "fat": 0, "row": -1, "mot": -1, "pie": -1, "uto": -1, "uwr": -1 }, "geometry": { "type": "Point", "coordinates": [ 20.085778, 51.778833 ] } },
{ "type": "Feature", "properties": { "ID": 110058763, "yr": 2021, "dt": "2021-03-17T11:44:28", "WOJ": 10, "sev": 1, "c": [ 255, 255, 0, 160 ], "dmg": 1, "sli": 1, "ser": 0, "fat": 0, "row": -1, "mot": -1, "pie": 1, "uto": -1, "uwr": -1 }, "geometry": { "type": "Point", "coordinates": [ 19.444917, 51.771611 ] } },
{ "type": "Feature", "properties": { "ID": 110059743, "yr": 2021, "dt": "2021-03-17T20:50:30", "WOJ": 10, "sev": 1, "c": [ 255, 255, 0, 160 ], "dmg": 1, "sli": 1, "ser": 0, "fat": 0, "row": -1, "mot": -1, "pie": -1, "uto": -1, "uwr": -1 }, "geometry": { "type": "Point", "coordinates": [ 19.244417, 51.777889 ] } },
{ "type": "Feature", "properties": { "ID": 110060755, "yr": 2021, "dt": "2021-03-18T17:25:03", "WOJ": 10, "sev": 1, "c": [ 255, 255, 0, 160 ], "dmg": 0, "sli": 2, "ser": 0, "fat": 0, "row": -1, "mot": -1, "pie": 1, "uto": -1, "uwr": -1 }, "geometry": { "type": "Point", "coordinates": [ 19.635194, 51.714222 ] } },
{ "type": "Feature", "properties": { "ID": 110061314, "yr": 2021, "dt": "2021-03-18T12:22:15", "WOJ": 10, "sev": 1, "c": [ 255, 255, 0, 160 ], "dmg": 2, "sli": 1, "ser": 0, "fat": 0, "row": -1, "mot": -1, "pie": -1, "uto": -1, "uwr": -1 }, "geometry": { "type": "Point", "coordinates": [ 19.462667, 51.775306 ] } },
{ "type": "Feature", "properties": { "ID": 113514714, "yr": 2021, "dt": "2021-11-25T17:25:52", "WOJ": 10, "sev": 1, "c": [ 255, 255, 0, 160 ], "dmg": 1, "sli": 1, "ser": 0, "fat": 0, "row": 1, "mot": -1, "pie": -1, "uto": -1, "uwr": -1 }, "geometry": { "type": "Point", "coordinates": [ 19.640861, 51.539972 ] } },
{ "type": "Feature", "properties": { "ID": 113492821, "yr": 2021, "dt": "2021-11-21T22:03:00", "WOJ": 10, "sev": 1, "c": [ 255, 255, 0, 160 ], "dmg": 1, "sli": 1, "ser": 0, "fat": 0, "row": -1, "mot": -1, "pie": -1, "uto": -1, "uwr": -1 }, "geometry": { "type": "Point", "coordinates": [ 19.845333, 51.749889 ] } },
{ "type": "Feature", "properties": { "ID": 113487708, "yr": 2021, "dt": "2021-11-21T01:50:00", "WOJ": 10, "sev": 1, "c": [ 255, 255, 0, 160 ], "dmg": 0, "sli": 2, "ser": 0, "fat": 0, "row": -1, "mot": -1, "pie": -1, "uto": -1, "uwr": -1 }, "geometry": { "type": "Point", "coordinates": [ 18.303583, 51.355111 ] } },
{ "type": "Feature", "properties": { "ID": 113496984, "yr": 2021, "dt": "2021-11-22T16:37:02", "WOJ": 10, "sev": 1, "c": [ 255, 255, 0, 160 ], "dmg": 0, "sli": 2, "ser": 0, "fat": 0, "row": 1, "mot": -1, "pie": -1, "uto": -1, "uwr": -1 }, "geometry": { "type": "Point", "coordinates": [ 19.932611, 52.101528 ] } },
{ "type": "Feature", "properties": { "ID": 113487583, "yr": 2021, "dt": "2021-11-22T05:50:00", "WOJ": 10, "sev": 1, "c": [ 255, 255, 0, 160 ], "dmg": 1, "sli": 1, "ser": 0, "fat": 0, "row": -1, "mot": -1, "pie": -1, "uto": -1, "uwr": -1 }, "geometry": { "type": "Point", "coordinates": [ 19.642722, 52.235667 ] } },
{ "type": "Feature", "properties": { "ID": 113487547, "yr": 2021, "dt": "2021-11-22T08:10:50", "WOJ": 10, "sev": 1, "c": [ 255, 255, 0, 160 ], "dmg": 0, "sli": 1, "ser": 0, "fat": 0, "row": -1, "mot": -1, "pie": -1, "uto": -1, "uwr": -1 }, "geometry": { "type": "Point", "coordinates": [ 19.483028, 51.653556 ] } },
{ "type": "Feature", "properties": { "ID": 113487429, "yr": 2021, "dt": "2021-11-22T05:19:41", "WOJ": 10, "sev": 1, "c": [ 255, 255, 0, 160 ], "dmg": 0, "sli": 2, "ser": 0, "fat": 0, "row": -1, "mot": -1, "pie": -1, "uto": -1, "uwr": -1 }, "geometry": { "type": "Point", "coordinates": [ 19.424389, 51.799222 ] } },
{ "type": "Feature", "properties": { "ID": 113495893, "yr": 2021, "dt": "2021-11-22T06:14:00", "WOJ": 10, "sev": 1, "c": [ 255, 255, 0, 160 ], "dmg": 1, "sli": 1, "ser": 0, "fat": 0, "row": -1, "mot": -1, "pie": -1, "uto": -1, "uwr": -1 }, "geometry": { "type": "Point", "coordinates": [ 19.65575, 51.406056 ] } },
{ "type": "Feature", "properties": { "ID": 113489102, "yr": 2021, "dt": "2021-11-22T05:40:00", "WOJ": 10, "sev": 1, "c": [ 255, 255, 0, 160 ], "dmg": 2, "sli": 1, "ser": 0, "fat": 0, "row": -1, "mot": -1, "pie": -1, "uto": -1, "uwr": -1 }, "geometry": { "type": "Point", "coordinates": [ 19.519528, 51.868194 ] } },
{ "type": "Feature", "properties": { "ID": 113497124, "yr": 2021, "dt": "2021-11-22T20:46:55", "WOJ": 10, "sev": 1, "c": [ 255, 255, 0, 160 ], "dmg": 1, "sli": 1, "ser": 0, "fat": 0, "row": 1, "mot": -1, "pie": -1, "uto": -1, "uwr": -1 }, "geometry": { "type": "Point", "coordinates": [ 19.5795, 51.223417 ] } },
{ "type": "Feature", "properties": { "ID": 113497778, "yr": 2021, "dt": "2021-11-23T20:00:00", "WOJ": 10, "sev": 1, "c": [ 255, 255, 0, 160 ], "dmg": 1, "sli": 2, "ser": 0, "fat": 0, "row": -1, "mot": -1, "pie": -1, "uto": -1, "uwr": -1 }, "geometry": { "type": "Point", "coordinates": [ 18.724417, 51.589333 ] } },
{ "type": "Feature", "properties": { "ID": 113483759, "yr": 2021, "dt": "2021-11-20T19:00:38", "WOJ": 10, "sev": 1, "c": [ 255, 255, 0, 160 ], "dmg": 2, "sli": 1, "ser": 0, "fat": 0, "row": -1, "mot": -1, "pie": -1, "uto": -1, "uwr": -1 }, "geometry": { "type": "Point", "coordinates": [ 20.025444, 51.524222 ] } },
{ "type": "Feature", "properties": { "ID": 110060843, "yr": 2021, "dt": "2021-03-18T20:37:00", "WOJ": 10, "sev": 1, "c": [ 255, 255, 0, 160 ], "dmg": 1, "sli": 1, "ser": 0, "fat": 0, "row": -1, "mot": -1, "pie": -1, "uto": -1, "uwr": -1 }, "geometry": { "type": "Point", "coordinates": [ 19.747083, 51.038694 ] } },
{ "type": "Feature", "properties": { "ID": 110061538, "yr": 2021, "dt": "2021-03-18T14:04:17", "WOJ": 10, "sev": 1, "c": [ 255, 255, 0, 160 ], "dmg": 2, "sli": 1, "ser": 0, "fat": 0, "row": -1, "mot": -1, "pie": -1, "uto": -1, "uwr": -1 }, "geometry": { "type": "Point", "coordinates": [ 19.61225, 51.543778 ] } },
{ "type": "Feature", "properties": { "ID": 110063608, "yr": 2021, "dt": "2021-03-19T13:40:00", "WOJ": 10, "sev": 1, "c": [ 255, 255, 0, 160 ], "dmg": 0, "sli": 1, "ser": 0, "fat": 0, "row": -1, "mot": -1, "pie": -1, "uto": -1, "uwr": -1 }, "geometry": { "type": "Point", "coordinates": [ 19.28675, 52.320694 ] } },
{ "type": "Feature", "properties": { "ID": 110063788, "yr": 2021, "dt": "2021-03-19T19:50:57", "WOJ": 10, "sev": 1, "c": [ 255, 255, 0, 160 ], "dmg": 0, "sli": 2, "ser": 0, "fat": 0, "row": -1, "mot": -1, "pie": -1, "uto": -1, "uwr": -1 }, "geometry": { "type": "Point", "coordinates": [ 20.393861, 51.348111 ] } },
{ "type": "Feature", "properties": { "ID": 110062505, "yr": 2021, "dt": "2021-03-19T15:40:18", "WOJ": 10, "sev": 1, "c": [ 255, 255, 0, 160 ], "dmg": 1, "sli": 1, "ser": 0, "fat": 0, "row": 1, "mot": -1, "pie": -1, "uto": -1, "uwr": -1 }, "geometry": { "type": "Point", "coordinates": [ 19.447278, 51.7635 ] } },
{ "type": "Feature", "properties": { "ID": 110064094, "yr": 2021, "dt": "2021-03-20T08:01:04", "WOJ": 10, "sev": 1, "c": [ 255, 255, 0, 160 ], "dmg": 3, "sli": 1, "ser": 0, "fat": 0, "row": -1, "mot": -1, "pie": -1, "uto": -1, "uwr": -1 }, "geometry": { "type": "Point", "coordinates": [ 19.34275, 51.658611 ] } },
{ "type": "Feature", "properties": { "ID": 110063924, "yr": 2021, "dt": "2021-03-20T08:07:38", "WOJ": 10, "sev": 1, "c": [ 255, 255, 0, 160 ], "dmg": 1, "sli": 1, "ser": 0, "fat": 0, "row": -1, "mot": -1, "pie": 1, "uto": -1, "uwr": -1 }, "geometry": { "type": "Point", "coordinates": [ 19.493556, 51.721167 ] } },
{ "type": "Feature", "properties": { "ID": 110070269, "yr": 2021, "dt": "2021-03-22T11:29:00", "WOJ": 10, "sev": 1, "c": [ 255, 255, 0, 160 ], "dmg": 1, "sli": 1, "ser": 0, "fat": 0, "row": -1, "mot": -1, "pie": 1, "uto": -1, "uwr": -1 }, "geometry": { "type": "Point", "coordinates": [ 20.010167, 51.533972 ] } },
{ "type": "Feature", "properties": { "ID": 110070151, "yr": 2021, "dt": "2021-03-22T05:20:00", "WOJ": 10, "sev": 1, "c": [ 255, 255, 0, 160 ], "dmg": 1, "sli": 3, "ser": 0, "fat": 0, "row": -1, "mot": -1, "pie": -1, "uto": -1, "uwr": -1 }, "geometry": { "type": "Point", "coordinates": [ 19.820472, 51.506278 ] } },
{ "type": "Feature", "properties": { "ID": 110056736, "yr": 2021, "dt": "2021-03-15T15:00:00", "WOJ": 10, "sev": 1, "c": [ 255, 255, 0, 160 ], "dmg": 1, "sli": 1, "ser": 0, "fat": 0, "row": -1, "mot": -1, "pie": 1, "uto": -1, "uwr": -1 }, "geometry": { "type": "Point", "coordinates": [ 18.294694, 51.159889 ] } },
{ "type": "Feature", "properties": { "ID": 110056302, "yr": 2021, "dt": "2021-03-15T12:24:49", "WOJ": 10, "sev": 1, "c": [ 255, 255, 0, 160 ], "dmg": 1, "sli": 1, "ser": 0, "fat": 0, "row": 1, "mot": -1, "pie": -1, "uto": -1, "uwr": -1 }, "geometry": { "type": "Point", "coordinates": [ 19.450694, 51.747833 ] } },
{ "type": "Feature", "properties": { "ID": 110058262, "yr": 2021, "dt": "2021-03-16T15:39:01", "WOJ": 10, "sev": 1, "c": [ 255, 255, 0, 160 ], "dmg": 1, "sli": 1, "ser": 0, "fat": 0, "row": -1, "mot": -1, "pie": -1, "uto": -1, "uwr": -1 }, "geometry": { "type": "Point", "coordinates": [ 19.451028, 51.729833 ] } },
{ "type": "Feature", "properties": { "ID": 110057274, "yr": 2021, "dt": "2021-03-16T09:18:47", "WOJ": 10, "sev": 1, "c": [ 255, 255, 0, 160 ], "dmg": 2, "sli": 1, "ser": 0, "fat": 0, "row": -1, "mot": -1, "pie": -1, "uto": -1, "uwr": -1 }, "geometry": { "type": "Point", "coordinates": [ 19.419944, 51.779667 ] } },
{ "type": "Feature", "properties": { "ID": 110057522, "yr": 2021, "dt": "2021-03-16T15:50:51", "WOJ": 10, "sev": 1, "c": [ 255, 255, 0, 160 ], "dmg": 1, "sli": 1, "ser": 0, "fat": 0, "row": -1, "mot": -1, "pie": -1, "uto": -1, "uwr": -1 }, "geometry": { "type": "Point", "coordinates": [ 20.009972, 51.603972 ] } },
{ "type": "Feature", "properties": { "ID": 110057639, "yr": 2021, "dt": "2021-03-16T18:50:00", "WOJ": 10, "sev": 1, "c": [ 255, 255, 0, 160 ], "dmg": 1, "sli": 1, "ser": 0, "fat": 0, "row": -1, "mot": -1, "pie": -1, "uto": -1, "uwr": -1 }, "geometry": { "type": "Point", "coordinates": [ 19.356833, 52.33925 ] } },
{ "type": "Feature", "properties": { "ID": 110073200, "yr": 2021, "dt": "2021-03-23T11:44:46", "WOJ": 10, "sev": 1, "c": [ 255, 255, 0, 160 ], "dmg": 1, "sli": 1, "ser": 0, "fat": 0, "row": -1, "mot": -1, "pie": -1, "uto": -1, "uwr": -1 }, "geometry": { "type": "Point", "coordinates": [ 19.420139, 51.704139 ] } },
{ "type": "Feature", "properties": { "ID": 110072458, "yr": 2021, "dt": "2021-03-23T12:41:15", "WOJ": 10, "sev": 1, "c": [ 255, 255, 0, 160 ], "dmg": 1, "sli": 1, "ser": 0, "fat": 0, "row": -1, "mot": -1, "pie": -1, "uto": -1, "uwr": -1 }, "geometry": { "type": "Point", "coordinates": [ 19.458028, 51.762361 ] } },
{ "type": "Feature", "properties": { "ID": 110070062, "yr": 2021, "dt": "2021-03-23T10:04:16", "WOJ": 10, "sev": 1, "c": [ 255, 255, 0, 160 ], "dmg": 1, "sli": 2, "ser": 0, "fat": 0, "row": -1, "mot": -1, "pie": 1, "uto": -1, "uwr": -1 }, "geometry": { "type": "Point", "coordinates": [ 19.459694, 51.786833 ] } },
{ "type": "Feature", "properties": { "ID": 110073725, "yr": 2021, "dt": "2021-03-24T14:47:51", "WOJ": 10, "sev": 1, "c": [ 255, 255, 0, 160 ], "dmg": 1, "sli": 1, "ser": 0, "fat": 0, "row": 0, "mot": -1, "pie": 1, "uto": -1, "uwr": -1 }, "geometry": { "type": "Point", "coordinates": [ 19.410306, 51.794139 ] } },
{ "type": "Feature", "properties": { "ID": 110077129, "yr": 2021, "dt": "2021-03-25T16:00:00", "WOJ": 10, "sev": 1, "c": [ 255, 255, 0, 160 ], "dmg": 0, "sli": 1, "ser": 0, "fat": 0, "row": 1, "mot": -1, "pie": -1, "uto": -1, "uwr": -1 }, "geometry": { "type": "Point", "coordinates": [ 19.410528, 51.076917 ] } },
{ "type": "Feature", "properties": { "ID": 110076707, "yr": 2021, "dt": "2021-03-25T16:38:06", "WOJ": 10, "sev": 1, "c": [ 255, 255, 0, 160 ], "dmg": 1, "sli": 1, "ser": 0, "fat": 0, "row": -1, "mot": -1, "pie": 1, "uto": -1, "uwr": -1 }, "geometry": { "type": "Point", "coordinates": [ 18.558, 51.245528 ] } },
{ "type": "Feature", "properties": { "ID": 110076359, "yr": 2021, "dt": "2021-03-25T13:07:36", "WOJ": 10, "sev": 1, "c": [ 255, 255, 0, 160 ], "dmg": 1, "sli": 1, "ser": 0, "fat": 0, "row": -1, "mot": -1, "pie": -1, "uto": -1, "uwr": -1 }, "geometry": { "type": "Point", "coordinates": [ 19.42325, 51.706472 ] } },
{ "type": "Feature", "properties": { "ID": 110076817, "yr": 2021, "dt": "2021-03-25T19:05:00", "WOJ": 10, "sev": 1, "c": [ 255, 255, 0, 160 ], "dmg": 1, "sli": 1, "ser": 0, "fat": 0, "row": -1, "mot": -1, "pie": -1, "uto": -1, "uwr": -1 }, "geometry": { "type": "Point", "coordinates": [ 19.317778, 51.820722 ] } },
{ "type": "Feature", "properties": { "ID": 113473201, "yr": 2021, "dt": "2021-11-18T07:03:05", "WOJ": 10, "sev": 1, "c": [ 255, 255, 0, 160 ], "dmg": 1, "sli": 1, "ser": 0, "fat": 0, "row": -1, "mot": -1, "pie": -1, "uto": -1, "uwr": -1 }, "geometry": { "type": "Point", "coordinates": [ 19.479361, 51.731833 ] } },
{ "type": "Feature", "properties": { "ID": 113480458, "yr": 2021, "dt": "2021-11-19T16:48:43", "WOJ": 10, "sev": 1, "c": [ 255, 255, 0, 160 ], "dmg": 1, "sli": 1, "ser": 0, "fat": 0, "row": -1, "mot": -1, "pie": 0, "uto": -1, "uwr": -1 }, "geometry": { "type": "Point", "coordinates": [ 19.473, 51.751694 ] } },
{ "type": "Feature", "properties": { "ID": 113480248, "yr": 2021, "dt": "2021-11-19T12:19:00", "WOJ": 10, "sev": 1, "c": [ 255, 255, 0, 160 ], "dmg": 2, "sli": 1, "ser": 0, "fat": 0, "row": -1, "mot": -1, "pie": -1, "uto": -1, "uwr": -1 }, "geometry": { "type": "Point", "coordinates": [ 19.462972, 51.759056 ] } },
{ "type": "Feature", "properties": { "ID": 113480951, "yr": 2021, "dt": "2021-11-19T06:05:30", "WOJ": 10, "sev": 1, "c": [ 255, 255, 0, 160 ], "dmg": 1, "sli": 1, "ser": 0, "fat": 0, "row": -1, "mot": -1, "pie": -1, "uto": -1, "uwr": -1 }, "geometry": { "type": "Point", "coordinates": [ 19.590222, 51.793917 ] } },
{ "type": "Feature", "properties": { "ID": 113480915, "yr": 2021, "dt": "2021-11-19T06:23:17", "WOJ": 10, "sev": 1, "c": [ 255, 255, 0, 160 ], "dmg": 1, "sli": 1, "ser": 0, "fat": 0, "row": -1, "mot": -1, "pie": 1, "uto": -1, "uwr": -1 }, "geometry": { "type": "Point", "coordinates": [ 19.679389, 51.397806 ] } },
{ "type": "Feature", "properties": { "ID": 113498274, "yr": 2021, "dt": "2021-11-19T20:38:00", "WOJ": 10, "sev": 1, "c": [ 255, 255, 0, 160 ], "dmg": 1, "sli": 1, "ser": 0, "fat": 0, "row": -1, "mot": -1, "pie": 1, "uto": -1, "uwr": -1 }, "geometry": { "type": "Point", "coordinates": [ 19.449278, 51.751833 ] } },
{ "type": "Feature", "properties": { "ID": 113480146, "yr": 2021, "dt": "2021-11-19T09:49:20", "WOJ": 10, "sev": 1, "c": [ 255, 255, 0, 160 ], "dmg": 1, "sli": 1, "ser": 0, "fat": 0, "row": 1, "mot": -1, "pie": -1, "uto": -1, "uwr": -1 }, "geometry": { "type": "Point", "coordinates": [ 19.844917, 51.190028 ] } },
{ "type": "Feature", "properties": { "ID": 113483649, "yr": 2021, "dt": "2021-11-20T16:33:48", "WOJ": 10, "sev": 1, "c": [ 255, 255, 0, 160 ], "dmg": 0, "sli": 2, "ser": 0, "fat": 0, "row": -1, "mot": -1, "pie": -1, "uto": -1, "uwr": -1 }, "geometry": { "type": "Point", "coordinates": [ 19.825972, 51.740417 ] } },
{ "type": "Feature", "properties": { "ID": 113480159, "yr": 2021, "dt": "2021-11-17T14:00:00", "WOJ": 10, "sev": 1, "c": [ 255, 255, 0, 160 ], "dmg": 1, "sli": 1, "ser": 0, "fat": 0, "row": -1, "mot": -1, "pie": -1, "uto": -1, "uwr": -1 }, "geometry": { "type": "Point", "coordinates": [ 20.5095, 51.723583 ] } },
{ "type": "Feature", "properties": { "ID": 113469717, "yr": 2021, "dt": "2021-11-17T09:48:00", "WOJ": 10, "sev": 1, "c": [ 255, 255, 0, 160 ], "dmg": 1, "sli": 1, "ser": 0, "fat": 0, "row": -1, "mot": -1, "pie": -1, "uto": -1, "uwr": -1 }, "geometry": { "type": "Point", "coordinates": [ 19.433083, 51.759833 ] } },
{ "type": "Feature", "properties": { "ID": 113471381, "yr": 2021, "dt": "2021-11-17T15:19:13", "WOJ": 10, "sev": 1, "c": [ 255, 255, 0, 160 ], "dmg": 1, "sli": 1, "ser": 0, "fat": 0, "row": -1, "mot": -1, "pie": -1, "uto": -1, "uwr": -1 }, "geometry": { "type": "Point", "coordinates": [ 19.091028, 51.203639 ] } },
{ "type": "Feature", "properties": { "ID": 113473079, "yr": 2021, "dt": "2021-11-17T19:12:58", "WOJ": 10, "sev": 1, "c": [ 255, 255, 0, 160 ], "dmg": 1, "sli": 1, "ser": 0, "fat": 0, "row": -1, "mot": -1, "pie": 1, "uto": -1, "uwr": -1 }, "geometry": { "type": "Point", "coordinates": [ 18.871278, 51.116722 ] } },
{ "type": "Feature", "properties": { "ID": 110097188, "yr": 2021, "dt": "2021-04-01T20:30:00", "WOJ": 10, "sev": 1, "c": [ 255, 255, 0, 160 ], "dmg": 0, "sli": 3, "ser": 0, "fat": 0, "row": -1, "mot": -1, "pie": -1, "uto": -1, "uwr": -1 }, "geometry": { "type": "Point", "coordinates": [ 19.582722, 51.984222 ] } },
{ "type": "Feature", "properties": { "ID": 110079446, "yr": 2021, "dt": "2021-03-26T14:48:00", "WOJ": 10, "sev": 1, "c": [ 255, 255, 0, 160 ], "dmg": 0, "sli": 1, "ser": 0, "fat": 0, "row": -1, "mot": -1, "pie": -1, "uto": -1, "uwr": -1 }, "geometry": { "type": "Point", "coordinates": [ 20.11075, 51.567278 ] } },
{ "type": "Feature", "properties": { "ID": 110079292, "yr": 2021, "dt": "2021-03-26T16:09:40", "WOJ": 10, "sev": 1, "c": [ 255, 255, 0, 160 ], "dmg": 2, "sli": 1, "ser": 0, "fat": 0, "row": -1, "mot": -1, "pie": -1, "uto": -1, "uwr": -1 }, "geometry": { "type": "Point", "coordinates": [ 19.449611, 51.7845 ] } },
{ "type": "Feature", "properties": { "ID": 110082161, "yr": 2021, "dt": "2021-03-27T10:23:08", "WOJ": 10, "sev": 1, "c": [ 255, 255, 0, 160 ], "dmg": 2, "sli": 1, "ser": 0, "fat": 0, "row": -1, "mot": -1, "pie": -1, "uto": -1, "uwr": -1 }, "geometry": { "type": "Point", "coordinates": [ 19.699889, 51.410444 ] } },
{ "type": "Feature", "properties": { "ID": 110082284, "yr": 2021, "dt": "2021-03-27T11:22:00", "WOJ": 10, "sev": 1, "c": [ 255, 255, 0, 160 ], "dmg": 1, "sli": 2, "ser": 0, "fat": 0, "row": -1, "mot": -1, "pie": -1, "uto": -1, "uwr": -1 }, "geometry": { "type": "Point", "coordinates": [ 19.622111, 51.705722 ] } },
{ "type": "Feature", "properties": { "ID": 110082461, "yr": 2021, "dt": "2021-03-27T19:29:00", "WOJ": 10, "sev": 1, "c": [ 255, 255, 0, 160 ], "dmg": 2, "sli": 1, "ser": 0, "fat": 0, "row": -1, "mot": -1, "pie": -1, "uto": -1, "uwr": -1 }, "geometry": { "type": "Point", "coordinates": [ 19.469972, 51.763333 ] } },
{ "type": "Feature", "properties": { "ID": 110079679, "yr": 2021, "dt": "2021-03-27T08:02:58", "WOJ": 10, "sev": 1, "c": [ 255, 255, 0, 160 ], "dmg": 1, "sli": 1, "ser": 0, "fat": 0, "row": -1, "mot": -1, "pie": -1, "uto": -1, "uwr": -1 }, "geometry": { "type": "Point", "coordinates": [ 19.431361, 51.792694 ] } },
{ "type": "Feature", "properties": { "ID": 110081691, "yr": 2021, "dt": "2021-03-28T10:47:36", "WOJ": 10, "sev": 1, "c": [ 255, 255, 0, 160 ], "dmg": 0, "sli": 1, "ser": 0, "fat": 0, "row": -1, "mot": -1, "pie": -1, "uto": -1, "uwr": -1 }, "geometry": { "type": "Point", "coordinates": [ 19.306333, 51.403556 ] } },
{ "type": "Feature", "properties": { "ID": 110089293, "yr": 2021, "dt": "2021-03-29T15:16:48", "WOJ": 10, "sev": 1, "c": [ 255, 255, 0, 160 ], "dmg": 1, "sli": 1, "ser": 0, "fat": 0, "row": 1, "mot": -1, "pie": -1, "uto": -1, "uwr": -1 }, "geometry": { "type": "Point", "coordinates": [ 19.500611, 51.763028 ] } },
{ "type": "Feature", "properties": { "ID": 110088199, "yr": 2021, "dt": "2021-03-29T08:36:29", "WOJ": 10, "sev": 1, "c": [ 255, 255, 0, 160 ], "dmg": 1, "sli": 1, "ser": 0, "fat": 0, "row": -1, "mot": -1, "pie": -1, "uto": -1, "uwr": -1 }, "geometry": { "type": "Point", "coordinates": [ 19.472583, 51.772083 ] } },
{ "type": "Feature", "properties": { "ID": 110071191, "yr": 2021, "dt": "2021-03-22T20:53:30", "WOJ": 10, "sev": 1, "c": [ 255, 255, 0, 160 ], "dmg": 1, "sli": 1, "ser": 0, "fat": 0, "row": -1, "mot": -1, "pie": -1, "uto": -1, "uwr": -1 }, "geometry": { "type": "Point", "coordinates": [ 19.490194, 51.728083 ] } },
{ "type": "Feature", "properties": { "ID": 110070405, "yr": 2021, "dt": "2021-03-22T13:39:53", "WOJ": 10, "sev": 1, "c": [ 255, 255, 0, 160 ], "dmg": 1, "sli": 1, "ser": 0, "fat": 0, "row": -1, "mot": -1, "pie": 1, "uto": -1, "uwr": -1 }, "geometry": { "type": "Point", "coordinates": [ 19.432333, 51.731139 ] } },
{ "type": "Feature", "properties": { "ID": 110081972, "yr": 2021, "dt": "2021-03-29T07:48:20", "WOJ": 10, "sev": 1, "c": [ 255, 255, 0, 160 ], "dmg": 1, "sli": 1, "ser": 0, "fat": 0, "row": -1, "mot": -1, "pie": -1, "uto": -1, "uwr": -1 }, "geometry": { "type": "Point", "coordinates": [ 19.689722, 51.403583 ] } },
{ "type": "Feature", "properties": { "ID": 110090813, "yr": 2021, "dt": "2021-03-30T15:10:00", "WOJ": 10, "sev": 1, "c": [ 255, 255, 0, 160 ], "dmg": 1, "sli": 1, "ser": 0, "fat": 0, "row": 1, "mot": -1, "pie": -1, "uto": -1, "uwr": -1 }, "geometry": { "type": "Point", "coordinates": [ 19.364333, 51.362806 ] } },
{ "type": "Feature", "properties": { "ID": 110091393, "yr": 2021, "dt": "2021-03-30T20:32:31", "WOJ": 10, "sev": 1, "c": [ 255, 255, 0, 160 ], "dmg": 1, "sli": 1, "ser": 0, "fat": 0, "row": -1, "mot": 1, "pie": -1, "uto": -1, "uwr": -1 }, "geometry": { "type": "Point", "coordinates": [ 19.475278, 51.75375 ] } },
{ "type": "Feature", "properties": { "ID": 110095436, "yr": 2021, "dt": "2021-03-31T18:00:19", "WOJ": 10, "sev": 1, "c": [ 255, 255, 0, 160 ], "dmg": 1, "sli": 1, "ser": 0, "fat": 0, "row": 1, "mot": -1, "pie": -1, "uto": -1, "uwr": -1 }, "geometry": { "type": "Point", "coordinates": [ 19.448417, 51.065917 ] } },
{ "type": "Feature", "properties": { "ID": 110092158, "yr": 2021, "dt": "2021-03-31T07:20:00", "WOJ": 10, "sev": 1, "c": [ 255, 255, 0, 160 ], "dmg": 1, "sli": 1, "ser": 0, "fat": 0, "row": 1, "mot": -1, "pie": -1, "uto": -1, "uwr": -1 }, "geometry": { "type": "Point", "coordinates": [ 19.351778, 52.230917 ] } },
{ "type": "Feature", "properties": { "ID": 110094639, "yr": 2021, "dt": "2021-03-31T16:50:00", "WOJ": 10, "sev": 1, "c": [ 255, 255, 0, 160 ], "dmg": 3, "sli": 1, "ser": 0, "fat": 0, "row": -1, "mot": 0, "pie": -1, "uto": -1, "uwr": -1 }, "geometry": { "type": "Point", "coordinates": [ 19.169806, 52.053306 ] } },
{ "type": "Feature", "properties": { "ID": 110095515, "yr": 2021, "dt": "2021-03-31T20:50:00", "WOJ": 10, "sev": 1, "c": [ 255, 255, 0, 160 ], "dmg": 1, "sli": 2, "ser": 0, "fat": 0, "row": -1, "mot": -1, "pie": -1, "uto": -1, "uwr": -1 }, "geometry": { "type": "Point", "coordinates": [ 18.880056, 51.84775 ] } },
{ "type": "Feature", "properties": { "ID": 110094189, "yr": 2021, "dt": "2021-03-31T12:24:52", "WOJ": 10, "sev": 1, "c": [ 255, 255, 0, 160 ], "dmg": 1, "sli": 1, "ser": 0, "fat": 0, "row": 1, "mot": -1, "pie": -1, "uto": -1, "uwr": -1 }, "geometry": { "type": "Point", "coordinates": [ 19.680056, 51.416722 ] } },
{ "type": "Feature", "properties": { "ID": 110098294, "yr": 2021, "dt": "2021-04-01T20:50:00", "WOJ": 10, "sev": 1, "c": [ 255, 255, 0, 160 ], "dmg": 1, "sli": 1, "ser": 0, "fat": 0, "row": -1, "mot": -1, "pie": -1, "uto": -1, "uwr": -1 }, "geometry": { "type": "Point", "coordinates": [ 19.527583, 52.083139 ] } },
{ "type": "Feature", "properties": { "ID": 110100189, "yr": 2021, "dt": "2021-04-01T20:45:00", "WOJ": 10, "sev": 1, "c": [ 255, 255, 0, 160 ], "dmg": 1, "sli": 1, "ser": 0, "fat": 0, "row": -1, "mot": -1, "pie": -1, "uto": -1, "uwr": -1 }, "geometry": { "type": "Point", "coordinates": [ 19.523583, 52.087694 ] } },
{ "type": "Feature", "properties": { "ID": 113431425, "yr": 2021, "dt": "2021-11-15T20:20:48", "WOJ": 10, "sev": 1, "c": [ 255, 255, 0, 160 ], "dmg": 1, "sli": 1, "ser": 0, "fat": 0, "row": -1, "mot": -1, "pie": -1, "uto": -1, "uwr": -1 }, "geometry": { "type": "Point", "coordinates": [ 19.527194, 51.873889 ] } },
{ "type": "Feature", "properties": { "ID": 113458825, "yr": 2021, "dt": "2021-11-15T12:42:52", "WOJ": 10, "sev": 1, "c": [ 255, 255, 0, 160 ], "dmg": 1, "sli": 1, "ser": 0, "fat": 0, "row": -1, "mot": -1, "pie": -1, "uto": -1, "uwr": -1 }, "geometry": { "type": "Point", "coordinates": [ 19.588556, 51.711167 ] } },
{ "type": "Feature", "properties": { "ID": 113431411, "yr": 2021, "dt": "2021-11-15T16:40:00", "WOJ": 10, "sev": 1, "c": [ 255, 255, 0, 160 ], "dmg": 1, "sli": 1, "ser": 0, "fat": 0, "row": -1, "mot": -1, "pie": -1, "uto": -1, "uwr": -1 }, "geometry": { "type": "Point", "coordinates": [ 19.456611, 52.17875 ] } },
{ "type": "Feature", "properties": { "ID": 113469505, "yr": 2021, "dt": "2021-11-16T23:49:08", "WOJ": 10, "sev": 1, "c": [ 255, 255, 0, 160 ], "dmg": 1, "sli": 2, "ser": 0, "fat": 0, "row": -1, "mot": -1, "pie": -1, "uto": -1, "uwr": -1 }, "geometry": { "type": "Point", "coordinates": [ 19.489083, 51.7375 ] } },
{ "type": "Feature", "properties": { "ID": 113469114, "yr": 2021, "dt": "2021-11-16T11:07:40", "WOJ": 10, "sev": 1, "c": [ 255, 255, 0, 160 ], "dmg": 2, "sli": 1, "ser": 0, "fat": 0, "row": -1, "mot": -1, "pie": -1, "uto": -1, "uwr": -1 }, "geometry": { "type": "Point", "coordinates": [ 19.533, 51.755444 ] } },
{ "type": "Feature", "properties": { "ID": 113469129, "yr": 2021, "dt": "2021-11-16T11:29:07", "WOJ": 10, "sev": 1, "c": [ 255, 255, 0, 160 ], "dmg": 1, "sli": 1, "ser": 0, "fat": 0, "row": -1, "mot": -1, "pie": -1, "uto": -1, "uwr": -1 }, "geometry": { "type": "Point", "coordinates": [ 19.589583, 51.793917 ] } },
{ "type": "Feature", "properties": { "ID": 110098683, "yr": 2021, "dt": "2021-04-02T14:10:00", "WOJ": 10, "sev": 1, "c": [ 255, 255, 0, 160 ], "dmg": 1, "sli": 1, "ser": 0, "fat": 0, "row": -1, "mot": -1, "pie": -1, "uto": -1, "uwr": -1 }, "geometry": { "type": "Point", "coordinates": [ 20.293583, 51.755333 ] } },
{ "type": "Feature", "properties": { "ID": 110099068, "yr": 2021, "dt": "2021-04-02T22:18:50", "WOJ": 10, "sev": 1, "c": [ 255, 255, 0, 160 ], "dmg": 1, "sli": 1, "ser": 0, "fat": 0, "row": -1, "mot": -1, "pie": -1, "uto": -1, "uwr": -1 }, "geometry": { "type": "Point", "coordinates": [ 20.090917, 52.009194 ] } },
{ "type": "Feature", "properties": { "ID": 110100641, "yr": 2021, "dt": "2021-04-02T17:25:25", "WOJ": 10, "sev": 1, "c": [ 255, 255, 0, 160 ], "dmg": 1, "sli": 1, "ser": 0, "fat": 0, "row": 1, "mot": -1, "pie": -1, "uto": -1, "uwr": -1 }, "geometry": { "type": "Point", "coordinates": [ 19.4415, 51.703139 ] } },
{ "type": "Feature", "properties": { "ID": 110098376, "yr": 2021, "dt": "2021-04-02T09:30:55", "WOJ": 10, "sev": 1, "c": [ 255, 255, 0, 160 ], "dmg": 1, "sli": 1, "ser": 0, "fat": 0, "row": -1, "mot": -1, "pie": 1, "uto": -1, "uwr": -1 }, "geometry": { "type": "Point", "coordinates": [ 19.937583, 52.103056 ] } },
{ "type": "Feature", "properties": { "ID": 110101168, "yr": 2021, "dt": "2021-04-03T04:42:19", "WOJ": 10, "sev": 1, "c": [ 255, 255, 0, 160 ], "dmg": 0, "sli": 2, "ser": 0, "fat": 0, "row": -1, "mot": -1, "pie": -1, "uto": -1, "uwr": -1 }, "geometry": { "type": "Point", "coordinates": [ 19.442972, 51.760111 ] } },
{ "type": "Feature", "properties": { "ID": 110102394, "yr": 2021, "dt": "2021-04-03T22:58:21", "WOJ": 10, "sev": 1, "c": [ 255, 255, 0, 160 ], "dmg": 1, "sli": 1, "ser": 0, "fat": 0, "row": -1, "mot": -1, "pie": 1, "uto": -1, "uwr": -1 }, "geometry": { "type": "Point", "coordinates": [ 19.61725, 51.208944 ] } },
{ "type": "Feature", "properties": { "ID": 110101437, "yr": 2021, "dt": "2021-04-03T09:22:00", "WOJ": 10, "sev": 1, "c": [ 255, 255, 0, 160 ], "dmg": 1, "sli": 2, "ser": 0, "fat": 0, "row": -1, "mot": -1, "pie": -1, "uto": -1, "uwr": -1 }, "geometry": { "type": "Point", "coordinates": [ 20.195639, 51.515806 ] } },
{ "type": "Feature", "properties": { "ID": 110101159, "yr": 2021, "dt": "2021-04-03T00:09:00", "WOJ": 10, "sev": 1, "c": [ 255, 255, 0, 160 ], "dmg": 0, "sli": 1, "ser": 0, "fat": 0, "row": -1, "mot": -1, "pie": -1, "uto": -1, "uwr": -1 }, "geometry": { "type": "Point", "coordinates": [ 19.797861, 51.974389 ] } },
{ "type": "Feature", "properties": { "ID": 113476931, "yr": 2021, "dt": "2021-11-18T13:17:40", "WOJ": 10, "sev": 1, "c": [ 255, 255, 0, 160 ], "dmg": 1, "sli": 1, "ser": 0, "fat": 0, "row": -1, "mot": -1, "pie": -1, "uto": -1, "uwr": -1 }, "geometry": { "type": "Point", "coordinates": [ 19.203556, 51.469944 ] } },
{ "type": "Feature", "properties": { "ID": 113404001, "yr": 2021, "dt": "2021-11-11T11:57:48", "WOJ": 10, "sev": 1, "c": [ 255, 255, 0, 160 ], "dmg": 1, "sli": 1, "ser": 0, "fat": 0, "row": 1, "mot": -1, "pie": -1, "uto": -1, "uwr": -1 }, "geometry": { "type": "Point", "coordinates": [ 19.454889, 51.816306 ] } },
{ "type": "Feature", "properties": { "ID": 113404529, "yr": 2021, "dt": "2021-11-12T12:03:27", "WOJ": 10, "sev": 1, "c": [ 255, 255, 0, 160 ], "dmg": 0, "sli": 3, "ser": 0, "fat": 0, "row": -1, "mot": -1, "pie": -1, "uto": -1, "uwr": -1 }, "geometry": { "type": "Point", "coordinates": [ 20.062639, 51.956917 ] } },
{ "type": "Feature", "properties": { "ID": 113404244, "yr": 2021, "dt": "2021-11-12T05:50:00", "WOJ": 10, "sev": 1, "c": [ 255, 255, 0, 160 ], "dmg": 0, "sli": 2, "ser": 0, "fat": 0, "row": -1, "mot": -1, "pie": -1, "uto": -1, "uwr": -1 }, "geometry": { "type": "Point", "coordinates": [ 19.45275, 52.244472 ] } },
{ "type": "Feature", "properties": { "ID": 113426988, "yr": 2021, "dt": "2021-11-13T22:08:11", "WOJ": 10, "sev": 1, "c": [ 255, 255, 0, 160 ], "dmg": 0, "sli": 1, "ser": 0, "fat": 0, "row": -1, "mot": 1, "pie": -1, "uto": -1, "uwr": -1 }, "geometry": { "type": "Point", "coordinates": [ 20.071806, 51.672194 ] } },
{ "type": "Feature", "properties": { "ID": 113428836, "yr": 2021, "dt": "2021-11-13T22:46:48", "WOJ": 10, "sev": 1, "c": [ 255, 255, 0, 160 ], "dmg": 2, "sli": 1, "ser": 0, "fat": 0, "row": -1, "mot": -1, "pie": -1, "uto": -1, "uwr": -1 }, "geometry": { "type": "Point", "coordinates": [ 19.450306, 51.786861 ] } },
{ "type": "Feature", "properties": { "ID": 113430059, "yr": 2021, "dt": "2021-11-14T19:13:01", "WOJ": 10, "sev": 1, "c": [ 255, 255, 0, 160 ], "dmg": 0, "sli": 2, "ser": 0, "fat": 0, "row": -1, "mot": -1, "pie": -1, "uto": -1, "uwr": -1 }, "geometry": { "type": "Point", "coordinates": [ 20.075194, 51.592278 ] } },
{ "type": "Feature", "properties": { "ID": 113430081, "yr": 2021, "dt": "2021-11-14T19:35:00", "WOJ": 10, "sev": 1, "c": [ 255, 255, 0, 160 ], "dmg": 1, "sli": 1, "ser": 0, "fat": 0, "row": -1, "mot": -1, "pie": -1, "uto": -1, "uwr": -1 }, "geometry": { "type": "Point", "coordinates": [ 18.916917, 51.686389 ] } },
{ "type": "Feature", "properties": { "ID": 113424342, "yr": 2021, "dt": "2021-11-14T04:30:00", "WOJ": 10, "sev": 1, "c": [ 255, 255, 0, 160 ], "dmg": 0, "sli": 1, "ser": 0, "fat": 0, "row": -1, "mot": -1, "pie": -1, "uto": -1, "uwr": -1 }, "geometry": { "type": "Point", "coordinates": [ 19.666333, 52.016472 ] } },
{ "type": "Feature", "properties": { "ID": 113288549, "yr": 2021, "dt": "2021-11-08T18:27:25", "WOJ": 10, "sev": 1, "c": [ 255, 255, 0, 160 ], "dmg": 1, "sli": 1, "ser": 0, "fat": 0, "row": -1, "mot": -1, "pie": 1, "uto": -1, "uwr": -1 }, "geometry": { "type": "Point", "coordinates": [ 19.721111, 51.403389 ] } },
{ "type": "Feature", "properties": { "ID": 113395845, "yr": 2021, "dt": "2021-11-09T21:45:29", "WOJ": 10, "sev": 1, "c": [ 255, 255, 0, 160 ], "dmg": 1, "sli": 2, "ser": 0, "fat": 0, "row": -1, "mot": -1, "pie": -1, "uto": -1, "uwr": -1 }, "geometry": { "type": "Point", "coordinates": [ 19.580167, 51.213972 ] } },
{ "type": "Feature", "properties": { "ID": 113469965, "yr": 2021, "dt": "2021-11-10T19:55:00", "WOJ": 10, "sev": 1, "c": [ 255, 255, 0, 160 ], "dmg": 2, "sli": 1, "ser": 0, "fat": 0, "row": -1, "mot": -1, "pie": -1, "uto": -1, "uwr": -1 }, "geometry": { "type": "Point", "coordinates": [ 20.074056, 51.581833 ] } },
{ "type": "Feature", "properties": { "ID": 113398140, "yr": 2021, "dt": "2021-11-10T11:19:13", "WOJ": 10, "sev": 1, "c": [ 255, 255, 0, 160 ], "dmg": 1, "sli": 1, "ser": 0, "fat": 0, "row": 1, "mot": -1, "pie": -1, "uto": -1, "uwr": -1 }, "geometry": { "type": "Point", "coordinates": [ 19.462333, 51.741444 ] } },
{ "type": "Feature", "properties": { "ID": 113404339, "yr": 2021, "dt": "2021-11-10T09:20:00", "WOJ": 10, "sev": 1, "c": [ 255, 255, 0, 160 ], "dmg": 1, "sli": 1, "ser": 0, "fat": 0, "row": 1, "mot": -1, "pie": -1, "uto": -1, "uwr": -1 }, "geometry": { "type": "Point", "coordinates": [ 19.444444, 51.797639 ] } },
{ "type": "Feature", "properties": { "ID": 113398082, "yr": 2021, "dt": "2021-11-10T09:48:37", "WOJ": 10, "sev": 1, "c": [ 255, 255, 0, 160 ], "dmg": 2, "sli": 1, "ser": 0, "fat": 0, "row": -1, "mot": -1, "pie": -1, "uto": -1, "uwr": -1 }, "geometry": { "type": "Point", "coordinates": [ 20.146139, 51.953833 ] } },
{ "type": "Feature", "properties": { "ID": 110123661, "yr": 2021, "dt": "2021-04-12T14:00:00", "WOJ": 10, "sev": 1, "c": [ 255, 255, 0, 160 ], "dmg": 1, "sli": 1, "ser": 0, "fat": 0, "row": -1, "mot": -1, "pie": 1, "uto": -1, "uwr": -1 }, "geometry": { "type": "Point", "coordinates": [ 19.692333, 51.401306 ] } },
{ "type": "Feature", "properties": { "ID": 110104731, "yr": 2021, "dt": "2021-04-04T14:20:00", "WOJ": 10, "sev": 1, "c": [ 255, 255, 0, 160 ], "dmg": 1, "sli": 2, "ser": 0, "fat": 0, "row": -1, "mot": -1, "pie": -1, "uto": -1, "uwr": -1 }, "geometry": { "type": "Point", "coordinates": [ 18.757444, 51.559028 ] } },
{ "type": "Feature", "properties": { "ID": 110104477, "yr": 2021, "dt": "2021-04-05T15:45:43", "WOJ": 10, "sev": 1, "c": [ 255, 255, 0, 160 ], "dmg": 0, "sli": 2, "ser": 0, "fat": 0, "row": -1, "mot": -1, "pie": -1, "uto": -1, "uwr": -1 }, "geometry": { "type": "Point", "coordinates": [ 19.192889, 52.074639 ] } },
{ "type": "Feature", "properties": { "ID": 110105062, "yr": 2021, "dt": "2021-04-06T16:05:01", "WOJ": 10, "sev": 1, "c": [ 255, 255, 0, 160 ], "dmg": 2, "sli": 1, "ser": 0, "fat": 0, "row": -1, "mot": -1, "pie": -1, "uto": -1, "uwr": -1 }, "geometry": { "type": "Point", "coordinates": [ 20.034806, 51.529472 ] } },
{ "type": "Feature", "properties": { "ID": 110104671, "yr": 2021, "dt": "2021-04-06T05:40:00", "WOJ": 10, "sev": 1, "c": [ 255, 255, 0, 160 ], "dmg": 0, "sli": 2, "ser": 0, "fat": 0, "row": -1, "mot": -1, "pie": -1, "uto": -1, "uwr": -1 }, "geometry": { "type": "Point", "coordinates": [ 19.606111, 51.354139 ] } },
{ "type": "Feature", "properties": { "ID": 110104781, "yr": 2021, "dt": "2021-04-06T10:51:11", "WOJ": 10, "sev": 1, "c": [ 255, 255, 0, 160 ], "dmg": 1, "sli": 1, "ser": 0, "fat": 0, "row": -1, "mot": -1, "pie": -1, "uto": -1, "uwr": -1 }, "geometry": { "type": "Point", "coordinates": [ 20.033111, 51.538833 ] } },
{ "type": "Feature", "properties": { "ID": 110113538, "yr": 2021, "dt": "2021-04-07T17:29:06", "WOJ": 10, "sev": 1, "c": [ 255, 255, 0, 160 ], "dmg": 1, "sli": 2, "ser": 0, "fat": 0, "row": -1, "mot": -1, "pie": -1, "uto": -1, "uwr": -1 }, "geometry": { "type": "Point", "coordinates": [ 19.891472, 51.352167 ] } },
{ "type": "Feature", "properties": { "ID": 110100622, "yr": 2021, "dt": "2021-04-02T20:15:54", "WOJ": 10, "sev": 1, "c": [ 255, 255, 0, 160 ], "dmg": 1, "sli": 2, "ser": 0, "fat": 0, "row": -1, "mot": -1, "pie": -1, "uto": -1, "uwr": -1 }, "geometry": { "type": "Point", "coordinates": [ 19.462972, 51.75975 ] } },
{ "type": "Feature", "properties": { "ID": 110100434, "yr": 2021, "dt": "2021-04-02T13:50:00", "WOJ": 10, "sev": 1, "c": [ 255, 255, 0, 160 ], "dmg": 1, "sli": 1, "ser": 0, "fat": 0, "row": -1, "mot": -1, "pie": -1, "uto": -1, "uwr": -1 }, "geometry": { "type": "Point", "coordinates": [ 19.356861, 52.244056 ] } },
{ "type": "Feature", "properties": { "ID": 110125203, "yr": 2021, "dt": "2021-04-14T14:10:00", "WOJ": 10, "sev": 1, "c": [ 255, 255, 0, 160 ], "dmg": 1, "sli": 1, "ser": 0, "fat": 0, "row": -1, "mot": -1, "pie": -1, "uto": -1, "uwr": -1 }, "geometry": { "type": "Point", "coordinates": [ 19.437111, 52.228222 ] } },
{ "type": "Feature", "properties": { "ID": 110116827, "yr": 2021, "dt": "2021-04-09T13:27:33", "WOJ": 10, "sev": 1, "c": [ 255, 255, 0, 160 ], "dmg": 1, "sli": 1, "ser": 0, "fat": 0, "row": -1, "mot": -1, "pie": -1, "uto": -1, "uwr": -1 }, "geometry": { "type": "Point", "coordinates": [ 19.476972, 51.729083 ] } },
{ "type": "Feature", "properties": { "ID": 110118818, "yr": 2021, "dt": "2021-04-09T16:40:00", "WOJ": 10, "sev": 1, "c": [ 255, 255, 0, 160 ], "dmg": 1, "sli": 1, "ser": 0, "fat": 0, "row": 1, "mot": -1, "pie": -1, "uto": -1, "uwr": -1 }, "geometry": { "type": "Point", "coordinates": [ 19.808222, 51.513694 ] } },
{ "type": "Feature", "properties": { "ID": 110118483, "yr": 2021, "dt": "2021-04-09T11:26:38", "WOJ": 10, "sev": 1, "c": [ 255, 255, 0, 160 ], "dmg": 1, "sli": 1, "ser": 0, "fat": 0, "row": 1, "mot": -1, "pie": -1, "uto": -1, "uwr": -1 }, "geometry": { "type": "Point", "coordinates": [ 19.663861, 51.419167 ] } },
{ "type": "Feature", "properties": { "ID": 110119403, "yr": 2021, "dt": "2021-04-09T18:47:27", "WOJ": 10, "sev": 1, "c": [ 255, 255, 0, 160 ], "dmg": 0, "sli": 2, "ser": 0, "fat": 0, "row": -1, "mot": -1, "pie": -1, "uto": -1, "uwr": -1 }, "geometry": { "type": "Point", "coordinates": [ 19.543389, 51.711361 ] } },
{ "type": "Feature", "properties": { "ID": 110119530, "yr": 2021, "dt": "2021-04-10T08:01:07", "WOJ": 10, "sev": 1, "c": [ 255, 255, 0, 160 ], "dmg": 0, "sli": 1, "ser": 0, "fat": 0, "row": -1, "mot": -1, "pie": -1, "uto": -1, "uwr": -1 }, "geometry": { "type": "Point", "coordinates": [ 20.09475, 51.53125 ] } },
{ "type": "Feature", "properties": { "ID": 110119061, "yr": 2021, "dt": "2021-04-10T11:54:00", "WOJ": 10, "sev": 1, "c": [ 255, 255, 0, 160 ], "dmg": 1, "sli": 1, "ser": 0, "fat": 0, "row": -1, "mot": -1, "pie": -1, "uto": -1, "uwr": -1 }, "geometry": { "type": "Point", "coordinates": [ 19.630417, 51.730056 ] } },
{ "type": "Feature", "properties": { "ID": 110122617, "yr": 2021, "dt": "2021-04-12T16:06:15", "WOJ": 10, "sev": 1, "c": [ 255, 255, 0, 160 ], "dmg": 2, "sli": 1, "ser": 0, "fat": 0, "row": -1, "mot": -1, "pie": -1, "uto": -1, "uwr": -1 }, "geometry": { "type": "Point", "coordinates": [ 19.683361, 51.600694 ] } },
{ "type": "Feature", "properties": { "ID": 110121883, "yr": 2021, "dt": "2021-04-12T18:06:49", "WOJ": 10, "sev": 1, "c": [ 255, 255, 0, 160 ], "dmg": 1, "sli": 1, "ser": 0, "fat": 0, "row": -1, "mot": -1, "pie": -1, "uto": -1, "uwr": -1 }, "geometry": { "type": "Point", "coordinates": [ 19.45775, 51.779111 ] } },
{ "type": "Feature", "properties": { "ID": 113205022, "yr": 2021, "dt": "2021-11-05T13:30:00", "WOJ": 10, "sev": 1, "c": [ 255, 255, 0, 160 ], "dmg": 1, "sli": 1, "ser": 0, "fat": 0, "row": -1, "mot": -1, "pie": 1, "uto": -1, "uwr": -1 }, "geometry": { "type": "Point", "coordinates": [ 20.288917, 51.376778 ] } },
{ "type": "Feature", "properties": { "ID": 113288011, "yr": 2021, "dt": "2021-11-05T06:35:00", "WOJ": 10, "sev": 1, "c": [ 255, 255, 0, 160 ], "dmg": 2, "sli": 1, "ser": 0, "fat": 0, "row": -1, "mot": -1, "pie": -1, "uto": -1, "uwr": -1 }, "geometry": { "type": "Point", "coordinates": [ 19.675944, 51.758333 ] } },
{ "type": "Feature", "properties": { "ID": 113205077, "yr": 2021, "dt": "2021-11-05T15:50:08", "WOJ": 10, "sev": 1, "c": [ 255, 255, 0, 160 ], "dmg": 1, "sli": 1, "ser": 0, "fat": 0, "row": -1, "mot": 1, "pie": -1, "uto": -1, "uwr": -1 }, "geometry": { "type": "Point", "coordinates": [ 19.88575, 51.352639 ] } },
{ "type": "Feature", "properties": { "ID": 113205182, "yr": 2021, "dt": "2021-11-06T01:28:54", "WOJ": 10, "sev": 1, "c": [ 255, 255, 0, 160 ], "dmg": 0, "sli": 1, "ser": 0, "fat": 0, "row": -1, "mot": -1, "pie": -1, "uto": -1, "uwr": -1 }, "geometry": { "type": "Point", "coordinates": [ 19.449444, 51.751778 ] } },
{ "type": "Feature", "properties": { "ID": 113276999, "yr": 2021, "dt": "2021-11-06T21:45:23", "WOJ": 10, "sev": 1, "c": [ 255, 255, 0, 160 ], "dmg": 0, "sli": 1, "ser": 0, "fat": 0, "row": -1, "mot": -1, "pie": -1, "uto": -1, "uwr": -1 }, "geometry": { "type": "Point", "coordinates": [ 19.850111, 51.530861 ] } },
{ "type": "Feature", "properties": { "ID": 113143754, "yr": 2021, "dt": "2021-11-06T02:00:00", "WOJ": 10, "sev": 1, "c": [ 255, 255, 0, 160 ], "dmg": 1, "sli": 1, "ser": 0, "fat": 0, "row": -1, "mot": -1, "pie": -1, "uto": -1, "uwr": -1 }, "geometry": { "type": "Point", "coordinates": [ 19.7955, 51.655 ] } },
{ "type": "Feature", "properties": { "ID": 113492945, "yr": 2021, "dt": "2021-11-07T16:21:00", "WOJ": 10, "sev": 1, "c": [ 255, 255, 0, 160 ], "dmg": 2, "sli": 1, "ser": 0, "fat": 0, "row": -1, "mot": -1, "pie": -1, "uto": -1, "uwr": -1 }, "geometry": { "type": "Point", "coordinates": [ 19.409167, 51.855778 ] } },
{ "type": "Feature", "properties": { "ID": 110132310, "yr": 2021, "dt": "2021-04-13T13:00:00", "WOJ": 10, "sev": 1, "c": [ 255, 255, 0, 160 ], "dmg": 1, "sli": 1, "ser": 0, "fat": 0, "row": 1, "mot": -1, "pie": -1, "uto": -1, "uwr": -1 }, "geometry": { "type": "Point", "coordinates": [ 19.595333, 51.749806 ] } },
{ "type": "Feature", "properties": { "ID": 110124709, "yr": 2021, "dt": "2021-04-14T09:00:00", "WOJ": 10, "sev": 1, "c": [ 255, 255, 0, 160 ], "dmg": 1, "sli": 1, "ser": 0, "fat": 0, "row": -1, "mot": -1, "pie": 1, "uto": -1, "uwr": -1 }, "geometry": { "type": "Point", "coordinates": [ 19.715222, 51.404056 ] } },
{ "type": "Feature", "properties": { "ID": 110125353, "yr": 2021, "dt": "2021-04-14T20:10:00", "WOJ": 10, "sev": 1, "c": [ 255, 255, 0, 160 ], "dmg": 1, "sli": 1, "ser": 0, "fat": 0, "row": -1, "mot": -1, "pie": -1, "uto": -1, "uwr": -1 }, "geometry": { "type": "Point", "coordinates": [ 19.374611, 51.364639 ] } },
{ "type": "Feature", "properties": { "ID": 110125145, "yr": 2021, "dt": "2021-04-14T15:23:00", "WOJ": 10, "sev": 1, "c": [ 255, 255, 0, 160 ], "dmg": 1, "sli": 2, "ser": 0, "fat": 0, "row": -1, "mot": -1, "pie": -1, "uto": -1, "uwr": -1 }, "geometry": { "type": "Point", "coordinates": [ 19.479444, 51.217278 ] } },
{ "type": "Feature", "properties": { "ID": 110125368, "yr": 2021, "dt": "2021-04-14T22:32:56", "WOJ": 10, "sev": 1, "c": [ 255, 255, 0, 160 ], "dmg": 1, "sli": 1, "ser": 0, "fat": 0, "row": -1, "mot": -1, "pie": -1, "uto": -1, "uwr": -1 }, "geometry": { "type": "Point", "coordinates": [ 20.021833, 51.536944 ] } },
{ "type": "Feature", "properties": { "ID": 110124502, "yr": 2021, "dt": "2021-04-14T07:50:51", "WOJ": 10, "sev": 1, "c": [ 255, 255, 0, 160 ], "dmg": 2, "sli": 1, "ser": 0, "fat": 0, "row": -1, "mot": -1, "pie": -1, "uto": -1, "uwr": -1 }, "geometry": { "type": "Point", "coordinates": [ 19.841806, 52.023806 ] } },
{ "type": "Feature", "properties": { "ID": 113084435, "yr": 2021, "dt": "2021-11-03T07:28:03", "WOJ": 10, "sev": 1, "c": [ 255, 255, 0, 160 ], "dmg": 1, "sli": 1, "ser": 0, "fat": 0, "row": 1, "mot": -1, "pie": -1, "uto": -1, "uwr": -1 }, "geometry": { "type": "Point", "coordinates": [ 19.064694, 51.594139 ] } },
{ "type": "Feature", "properties": { "ID": 113085156, "yr": 2021, "dt": "2021-11-03T08:15:00", "WOJ": 10, "sev": 1, "c": [ 255, 255, 0, 160 ], "dmg": 1, "sli": 1, "ser": 0, "fat": 0, "row": -1, "mot": 1, "pie": -1, "uto": -1, "uwr": -1 }, "geometry": { "type": "Point", "coordinates": [ 19.353083, 52.233083 ] } },
{ "type": "Feature", "properties": { "ID": 113088818, "yr": 2021, "dt": "2021-11-03T07:41:11", "WOJ": 10, "sev": 1, "c": [ 255, 255, 0, 160 ], "dmg": 1, "sli": 1, "ser": 0, "fat": 0, "row": -1, "mot": -1, "pie": -1, "uto": -1, "uwr": -1 }, "geometry": { "type": "Point", "coordinates": [ 19.470028, 51.763306 ] } },
{ "type": "Feature", "properties": { "ID": 113085419, "yr": 2021, "dt": "2021-11-03T13:10:51", "WOJ": 10, "sev": 1, "c": [ 255, 255, 0, 160 ], "dmg": 1, "sli": 1, "ser": 0, "fat": 0, "row": -1, "mot": -1, "pie": -1, "uto": -1, "uwr": -1 }, "geometry": { "type": "Point", "coordinates": [ 19.36825, 51.802444 ] } },
{ "type": "Feature", "properties": { "ID": 113089855, "yr": 2021, "dt": "2021-11-03T07:50:00", "WOJ": 10, "sev": 1, "c": [ 255, 255, 0, 160 ], "dmg": 1, "sli": 1, "ser": 0, "fat": 0, "row": -1, "mot": -1, "pie": 1, "uto": -1, "uwr": -1 }, "geometry": { "type": "Point", "coordinates": [ 18.948167, 51.595361 ] } },
{ "type": "Feature", "properties": { "ID": 113085549, "yr": 2021, "dt": "2021-11-03T16:17:18", "WOJ": 10, "sev": 1, "c": [ 255, 255, 0, 160 ], "dmg": 1, "sli": 1, "ser": 0, "fat": 0, "row": -1, "mot": -1, "pie": -1, "uto": -1, "uwr": -1 }, "geometry": { "type": "Point", "coordinates": [ 19.432361, 51.760222 ] } },
{ "type": "Feature", "properties": { "ID": 113178923, "yr": 2021, "dt": "2021-11-04T13:30:00", "WOJ": 10, "sev": 1, "c": [ 255, 255, 0, 160 ], "dmg": 1, "sli": 1, "ser": 0, "fat": 0, "row": -1, "mot": -1, "pie": -1, "uto": -1, "uwr": -1 }, "geometry": { "type": "Point", "coordinates": [ 19.815333, 51.640278 ] } },
{ "type": "Feature", "properties": { "ID": 113294836, "yr": 2021, "dt": "2021-11-04T17:00:00", "WOJ": 10, "sev": 1, "c": [ 255, 255, 0, 160 ], "dmg": 0, "sli": 1, "ser": 0, "fat": 0, "row": 1, "mot": -1, "pie": -1, "uto": -1, "uwr": -1 }, "geometry": { "type": "Point", "coordinates": [ 19.435861, 50.983917 ] } },
{ "type": "Feature", "properties": { "ID": 113086414, "yr": 2021, "dt": "2021-11-04T10:48:00", "WOJ": 10, "sev": 1, "c": [ 255, 255, 0, 160 ], "dmg": 1, "sli": 1, "ser": 0, "fat": 0, "row": -1, "mot": -1, "pie": 1, "uto": -1, "uwr": -1 }, "geometry": { "type": "Point", "coordinates": [ 18.956944, 51.893278 ] } },
{ "type": "Feature", "properties": { "ID": 113203872, "yr": 2021, "dt": "2021-11-05T07:47:44", "WOJ": 10, "sev": 1, "c": [ 255, 255, 0, 160 ], "dmg": 1, "sli": 1, "ser": 0, "fat": 0, "row": 1, "mot": -1, "pie": -1, "uto": -1, "uwr": -1 }, "geometry": { "type": "Point", "coordinates": [ 19.431444, 51.768944 ] } },
{ "type": "Feature", "properties": { "ID": 113075834, "yr": 2021, "dt": "2021-11-02T10:51:18", "WOJ": 10, "sev": 1, "c": [ 255, 255, 0, 160 ], "dmg": 1, "sli": 1, "ser": 0, "fat": 0, "row": -1, "mot": -1, "pie": -1, "uto": -1, "uwr": -1 }, "geometry": { "type": "Point", "coordinates": [ 19.442444, 51.77975 ] } },
{ "type": "Feature", "properties": { "ID": 113083938, "yr": 2021, "dt": "2021-11-02T14:29:37", "WOJ": 10, "sev": 1, "c": [ 255, 255, 0, 160 ], "dmg": 0, "sli": 2, "ser": 0, "fat": 0, "row": -1, "mot": -1, "pie": -1, "uto": -1, "uwr": -1 }, "geometry": { "type": "Point", "coordinates": [ 19.060889, 51.098639 ] } },
{ "type": "Feature", "properties": { "ID": 113068523, "yr": 2021, "dt": "2021-11-02T11:20:00", "WOJ": 10, "sev": 1, "c": [ 255, 255, 0, 160 ], "dmg": 2, "sli": 1, "ser": 0, "fat": 0, "row": -1, "mot": -1, "pie": -1, "uto": -1, "uwr": -1 }, "geometry": { "type": "Point", "coordinates": [ 19.322861, 52.362944 ] } },
{ "type": "Feature", "properties": { "ID": 113069009, "yr": 2021, "dt": "2021-11-02T15:29:49", "WOJ": 10, "sev": 1, "c": [ 255, 255, 0, 160 ], "dmg": 1, "sli": 1, "ser": 0, "fat": 0, "row": -1, "mot": -1, "pie": -1, "uto": -1, "uwr": -1 }, "geometry": { "type": "Point", "coordinates": [ 20.107, 51.567778 ] } },
{ "type": "Feature", "properties": { "ID": 113084255, "yr": 2021, "dt": "2021-11-02T18:46:06", "WOJ": 10, "sev": 1, "c": [ 255, 255, 0, 160 ], "dmg": 2, "sli": 1, "ser": 0, "fat": 0, "row": -1, "mot": -1, "pie": -1, "uto": -1, "uwr": -1 }, "geometry": { "type": "Point", "coordinates": [ 19.413139, 51.773639 ] } },
{ "type": "Feature", "properties": { "ID": 110139326, "yr": 2021, "dt": "2021-04-22T19:00:20", "WOJ": 10, "sev": 1, "c": [ 255, 255, 0, 160 ], "dmg": 0, "sli": 1, "ser": 0, "fat": 0, "row": -1, "mot": -1, "pie": -1, "uto": -1, "uwr": -1 }, "geometry": { "type": "Point", "coordinates": [ 19.398361, 51.739194 ] } },
{ "type": "Feature", "properties": { "ID": 110127313, "yr": 2021, "dt": "2021-04-15T14:40:00", "WOJ": 10, "sev": 1, "c": [ 255, 255, 0, 160 ], "dmg": 1, "sli": 1, "ser": 0, "fat": 0, "row": -1, "mot": -1, "pie": -1, "uto": -1, "uwr": -1 }, "geometry": { "type": "Point", "coordinates": [ 20.297528, 51.776944 ] } },
{ "type": "Feature", "properties": { "ID": 110125952, "yr": 2021, "dt": "2021-04-15T14:41:02", "WOJ": 10, "sev": 1, "c": [ 255, 255, 0, 160 ], "dmg": 1, "sli": 1, "ser": 0, "fat": 0, "row": -1, "mot": -1, "pie": -1, "uto": -1, "uwr": -1 }, "geometry": { "type": "Point", "coordinates": [ 20.203889, 51.522278 ] } },
{ "type": "Feature", "properties": { "ID": 110129873, "yr": 2021, "dt": "2021-04-18T16:00:08", "WOJ": 10, "sev": 1, "c": [ 255, 255, 0, 160 ], "dmg": 1, "sli": 1, "ser": 0, "fat": 0, "row": -1, "mot": -1, "pie": -1, "uto": -1, "uwr": -1 }, "geometry": { "type": "Point", "coordinates": [ 19.454222, 51.765306 ] } },
{ "type": "Feature", "properties": { "ID": 110133217, "yr": 2021, "dt": "2021-04-19T15:20:00", "WOJ": 10, "sev": 1, "c": [ 255, 255, 0, 160 ], "dmg": 1, "sli": 2, "ser": 0, "fat": 0, "row": -1, "mot": 1, "pie": -1, "uto": -1, "uwr": -1 }, "geometry": { "type": "Point", "coordinates": [ 19.355333, 51.361806 ] } },
{ "type": "Feature", "properties": { "ID": 110132507, "yr": 2021, "dt": "2021-04-19T17:00:42", "WOJ": 10, "sev": 1, "c": [ 255, 255, 0, 160 ], "dmg": 1, "sli": 1, "ser": 0, "fat": 0, "row": 0, "mot": -1, "pie": 1, "uto": -1, "uwr": -1 }, "geometry": { "type": "Point", "coordinates": [ 19.449556, 51.786222 ] } },
{ "type": "Feature", "properties": { "ID": 110132140, "yr": 2021, "dt": "2021-04-19T07:42:33", "WOJ": 10, "sev": 1, "c": [ 255, 255, 0, 160 ], "dmg": 0, "sli": 1, "ser": 0, "fat": 0, "row": -1, "mot": -1, "pie": -1, "uto": -1, "uwr": -1 }, "geometry": { "type": "Point", "coordinates": [ 20.067194, 52.074 ] } },
{ "type": "Feature", "properties": { "ID": 110131802, "yr": 2021, "dt": "2021-04-19T11:20:00", "WOJ": 10, "sev": 1, "c": [ 255, 255, 0, 160 ], "dmg": 1, "sli": 1, "ser": 0, "fat": 0, "row": -1, "mot": -1, "pie": 1, "uto": -1, "uwr": -1 }, "geometry": { "type": "Point", "coordinates": [ 19.196806, 52.061861 ] } },
{ "type": "Feature", "properties": { "ID": 110133156, "yr": 2021, "dt": "2021-04-19T16:30:00", "WOJ": 10, "sev": 1, "c": [ 255, 255, 0, 160 ], "dmg": 0, "sli": 1, "ser": 0, "fat": 0, "row": 1, "mot": -1, "pie": -1, "uto": -1, "uwr": -1 }, "geometry": { "type": "Point", "coordinates": [ 19.774694, 51.093861 ] } },
{ "type": "Feature", "properties": { "ID": 110121626, "yr": 2021, "dt": "2021-04-12T11:33:22", "WOJ": 10, "sev": 1, "c": [ 255, 255, 0, 160 ], "dmg": 1, "sli": 1, "ser": 0, "fat": 0, "row": -1, "mot": -1, "pie": -1, "uto": -1, "uwr": -1 }, "geometry": { "type": "Point", "coordinates": [ 20.145222, 51.956528 ] } },
{ "type": "Feature", "properties": { "ID": 110121510, "yr": 2021, "dt": "2021-04-12T07:16:00", "WOJ": 10, "sev": 1, "c": [ 255, 255, 0, 160 ], "dmg": 1, "sli": 1, "ser": 0, "fat": 0, "row": -1, "mot": -1, "pie": 1, "uto": -1, "uwr": -1 }, "geometry": { "type": "Point", "coordinates": [ 19.527778, 51.760389 ] } },
{ "type": "Feature", "properties": { "ID": 110164148, "yr": 2021, "dt": "2021-04-24T13:32:00", "WOJ": 10, "sev": 1, "c": [ 255, 255, 0, 160 ], "dmg": 1, "sli": 1, "ser": 0, "fat": 0, "row": -1, "mot": -1, "pie": -1, "uto": -1, "uwr": -1 }, "geometry": { "type": "Point", "coordinates": [ 20.283694, 51.413444 ] } },
{ "type": "Feature", "properties": { "ID": 110136522, "yr": 2021, "dt": "2021-04-20T11:20:00", "WOJ": 10, "sev": 1, "c": [ 255, 255, 0, 160 ], "dmg": 1, "sli": 1, "ser": 0, "fat": 0, "row": -1, "mot": -1, "pie": 1, "uto": -1, "uwr": -1 }, "geometry": { "type": "Point", "coordinates": [ 19.678139, 51.409528 ] } },
{ "type": "Feature", "properties": { "ID": 110136788, "yr": 2021, "dt": "2021-04-21T11:37:33", "WOJ": 10, "sev": 1, "c": [ 255, 255, 0, 160 ], "dmg": 0, "sli": 2, "ser": 0, "fat": 0, "row": -1, "mot": -1, "pie": -1, "uto": -1, "uwr": -1 }, "geometry": { "type": "Point", "coordinates": [ 19.110556, 51.281111 ] } },
{ "type": "Feature", "properties": { "ID": 110138213, "yr": 2021, "dt": "2021-04-21T22:09:02", "WOJ": 10, "sev": 1, "c": [ 255, 255, 0, 160 ], "dmg": 0, "sli": 2, "ser": 0, "fat": 0, "row": -1, "mot": -1, "pie": -1, "uto": -1, "uwr": -1 }, "geometry": { "type": "Point", "coordinates": [ 19.31425, 51.203861 ] } },
{ "type": "Feature", "properties": { "ID": 110136806, "yr": 2021, "dt": "2021-04-21T11:21:25", "WOJ": 10, "sev": 1, "c": [ 255, 255, 0, 160 ], "dmg": 1, "sli": 1, "ser": 0, "fat": 0, "row": -1, "mot": -1, "pie": -1, "uto": -1, "uwr": -1 }, "geometry": { "type": "Point", "coordinates": [ 19.482722, 51.722972 ] } },
{ "type": "Feature", "properties": { "ID": 110145227, "yr": 2021, "dt": "2021-04-21T08:52:00", "WOJ": 10, "sev": 1, "c": [ 255, 255, 0, 160 ], "dmg": 0, "sli": 2, "ser": 0, "fat": 0, "row": -1, "mot": -1, "pie": -1, "uto": -1, "uwr": -1 }, "geometry": { "type": "Point", "coordinates": [ 19.493778, 51.643556 ] } },
{ "type": "Feature", "properties": { "ID": 110137132, "yr": 2021, "dt": "2021-04-21T16:00:00", "WOJ": 10, "sev": 1, "c": [ 255, 255, 0, 160 ], "dmg": 1, "sli": 1, "ser": 0, "fat": 0, "row": 1, "mot": -1, "pie": -1, "uto": -1, "uwr": -1 }, "geometry": { "type": "Point", "coordinates": [ 19.264917, 51.388139 ] } },
{ "type": "Feature", "properties": { "ID": 110137067, "yr": 2021, "dt": "2021-04-21T16:41:11", "WOJ": 10, "sev": 1, "c": [ 255, 255, 0, 160 ], "dmg": 1, "sli": 1, "ser": 0, "fat": 0, "row": 1, "mot": -1, "pie": -1, "uto": -1, "uwr": -1 }, "geometry": { "type": "Point", "coordinates": [ 19.447972, 51.744083 ] } },
{ "type": "Feature", "properties": { "ID": 113288007, "yr": 2021, "dt": "2021-11-05T13:40:00", "WOJ": 10, "sev": 1, "c": [ 255, 255, 0, 160 ], "dmg": 1, "sli": 1, "ser": 0, "fat": 0, "row": -1, "mot": -1, "pie": -1, "uto": -1, "uwr": -1 }, "geometry": { "type": "Point", "coordinates": [ 19.781694, 51.665972 ] } },
{ "type": "Feature", "properties": { "ID": 113060121, "yr": 2021, "dt": "2021-10-31T12:51:45", "WOJ": 10, "sev": 1, "c": [ 255, 255, 0, 160 ], "dmg": 2, "sli": 1, "ser": 0, "fat": 0, "row": -1, "mot": -1, "pie": -1, "uto": -1, "uwr": -1 }, "geometry": { "type": "Point", "coordinates": [ 19.429111, 51.82475 ] } },
{ "type": "Feature", "properties": { "ID": 113063847, "yr": 2021, "dt": "2021-10-31T15:36:40", "WOJ": 10, "sev": 1, "c": [ 255, 255, 0, 160 ], "dmg": 1, "sli": 1, "ser": 0, "fat": 0, "row": -1, "mot": 1, "pie": -1, "uto": -1, "uwr": -1 }, "geometry": { "type": "Point", "coordinates": [ 20.145833, 51.949361 ] } },
{ "type": "Feature", "properties": { "ID": 113059827, "yr": 2021, "dt": "2021-10-31T00:46:05", "WOJ": 10, "sev": 1, "c": [ 255, 255, 0, 160 ], "dmg": 0, "sli": 2, "ser": 0, "fat": 0, "row": -1, "mot": -1, "pie": -1, "uto": -1, "uwr": -1 }, "geometry": { "type": "Point", "coordinates": [ 19.449556, 51.764889 ] } },
{ "type": "Feature", "properties": { "ID": 113060555, "yr": 2021, "dt": "2021-11-01T06:05:00", "WOJ": 10, "sev": 1, "c": [ 255, 255, 0, 160 ], "dmg": 1, "sli": 1, "ser": 0, "fat": 0, "row": -1, "mot": -1, "pie": -1, "uto": -1, "uwr": -1 }, "geometry": { "type": "Point", "coordinates": [ 19.415667, 51.852583 ] } },
{ "type": "Feature", "properties": { "ID": 113060762, "yr": 2021, "dt": "2021-11-01T14:45:00", "WOJ": 10, "sev": 1, "c": [ 255, 255, 0, 160 ], "dmg": 1, "sli": 1, "ser": 0, "fat": 0, "row": -1, "mot": -1, "pie": 1, "uto": -1, "uwr": -1 }, "geometry": { "type": "Point", "coordinates": [ 18.572194, 51.216611 ] } },
{ "type": "Feature", "properties": { "ID": 113068083, "yr": 2021, "dt": "2021-11-01T14:00:00", "WOJ": 10, "sev": 1, "c": [ 255, 255, 0, 160 ], "dmg": 1, "sli": 2, "ser": 0, "fat": 0, "row": -1, "mot": -1, "pie": -1, "uto": -1, "uwr": -1 }, "geometry": { "type": "Point", "coordinates": [ 19.8555, 51.523639 ] } },
{ "type": "Feature", "properties": { "ID": 113083885, "yr": 2021, "dt": "2021-11-02T13:57:36", "WOJ": 10, "sev": 1, "c": [ 255, 255, 0, 160 ], "dmg": 2, "sli": 1, "ser": 0, "fat": 0, "row": -1, "mot": -1, "pie": 1, "uto": -1, "uwr": -1 }, "geometry": { "type": "Point", "coordinates": [ 20.158278, 51.959972 ] } },
{ "type": "Feature", "properties": { "ID": 110137655, "yr": 2021, "dt": "2021-04-22T06:02:53", "WOJ": 10, "sev": 1, "c": [ 255, 255, 0, 160 ], "dmg": 1, "sli": 1, "ser": 0, "fat": 0, "row": -1, "mot": -1, "pie": -1, "uto": -1, "uwr": -1 }, "geometry": { "type": "Point", "coordinates": [ 19.4315, 51.769028 ] } },
{ "type": "Feature", "properties": { "ID": 110140190, "yr": 2021, "dt": "2021-04-23T02:45:00", "WOJ": 10, "sev": 1, "c": [ 255, 255, 0, 160 ], "dmg": 1, "sli": 2, "ser": 0, "fat": 0, "row": -1, "mot": -1, "pie": -1, "uto": -1, "uwr": -1 }, "geometry": { "type": "Point", "coordinates": [ 19.72425, 51.966139 ] } },
{ "type": "Feature", "properties": { "ID": 110141341, "yr": 2021, "dt": "2021-04-23T21:17:00", "WOJ": 10, "sev": 1, "c": [ 255, 255, 0, 160 ], "dmg": 3, "sli": 1, "ser": 0, "fat": 0, "row": -1, "mot": -1, "pie": -1, "uto": -1, "uwr": -1 }, "geometry": { "type": "Point", "coordinates": [ 19.589778, 51.793889 ] } },
{ "type": "Feature", "properties": { "ID": 110140245, "yr": 2021, "dt": "2021-04-23T03:47:48", "WOJ": 10, "sev": 1, "c": [ 255, 255, 0, 160 ], "dmg": 1, "sli": 1, "ser": 0, "fat": 0, "row": -1, "mot": -1, "pie": -1, "uto": -1, "uwr": -1 }, "geometry": { "type": "Point", "coordinates": [ 19.461722, 51.711722 ] } },
{ "type": "Feature", "properties": { "ID": 110140229, "yr": 2021, "dt": "2021-04-23T08:13:11", "WOJ": 10, "sev": 1, "c": [ 255, 255, 0, 160 ], "dmg": 0, "sli": 2, "ser": 0, "fat": 0, "row": -1, "mot": -1, "pie": -1, "uto": -1, "uwr": -1 }, "geometry": { "type": "Point", "coordinates": [ 19.454111, 51.759139 ] } },
{ "type": "Feature", "properties": { "ID": 110143200, "yr": 2021, "dt": "2021-04-24T16:15:00", "WOJ": 10, "sev": 1, "c": [ 255, 255, 0, 160 ], "dmg": 1, "sli": 1, "ser": 0, "fat": 0, "row": -1, "mot": -1, "pie": -1, "uto": -1, "uwr": -1 }, "geometry": { "type": "Point", "coordinates": [ 18.551333, 51.165972 ] } },
{ "type": "Feature", "properties": { "ID": 110142608, "yr": 2021, "dt": "2021-04-24T16:55:00", "WOJ": 10, "sev": 1, "c": [ 255, 255, 0, 160 ], "dmg": 0, "sli": 3, "ser": 0, "fat": 0, "row": -1, "mot": -1, "pie": -1, "uto": -1, "uwr": -1 }, "geometry": { "type": "Point", "coordinates": [ 19.943389, 51.549472 ] } },
{ "type": "Feature", "properties": { "ID": 110142623, "yr": 2021, "dt": "2021-04-24T18:20:00", "WOJ": 10, "sev": 1, "c": [ 255, 255, 0, 160 ], "dmg": 1, "sli": 1, "ser": 0, "fat": 0, "row": -1, "mot": -1, "pie": -1, "uto": -1, "uwr": -1 }, "geometry": { "type": "Point", "coordinates": [ 19.555806, 52.070083 ] } },
{ "type": "Feature", "properties": { "ID": 113035355, "yr": 2021, "dt": "2021-10-30T08:16:12", "WOJ": 10, "sev": 1, "c": [ 255, 255, 0, 160 ], "dmg": 1, "sli": 1, "ser": 0, "fat": 0, "row": 1, "mot": -1, "pie": -1, "uto": -1, "uwr": -1 }, "geometry": { "type": "Point", "coordinates": [ 19.945639, 52.10175 ] } },
{ "type": "Feature", "properties": { "ID": 113050865, "yr": 2021, "dt": "2021-10-30T10:13:11", "WOJ": 10, "sev": 1, "c": [ 255, 255, 0, 160 ], "dmg": 1, "sli": 1, "ser": 0, "fat": 0, "row": 1, "mot": -1, "pie": -1, "uto": -1, "uwr": -1 }, "geometry": { "type": "Point", "coordinates": [ 20.027833, 51.465222 ] } },
{ "type": "Feature", "properties": { "ID": 113058813, "yr": 2021, "dt": "2021-10-30T20:10:45", "WOJ": 10, "sev": 1, "c": [ 255, 255, 0, 160 ], "dmg": 1, "sli": 1, "ser": 0, "fat": 0, "row": -1, "mot": -1, "pie": 1, "uto": -1, "uwr": -1 }, "geometry": { "type": "Point", "coordinates": [ 19.52125, 51.783333 ] } },
{ "type": "Feature", "properties": { "ID": 113035566, "yr": 2021, "dt": "2021-10-30T17:20:00", "WOJ": 10, "sev": 1, "c": [ 255, 255, 0, 160 ], "dmg": 1, "sli": 1, "ser": 0, "fat": 0, "row": 1, "mot": -1, "pie": -1, "uto": -1, "uwr": -1 }, "geometry": { "type": "Point", "coordinates": [ 20.03, 51.542472 ] } },
{ "type": "Feature", "properties": { "ID": 113068649, "yr": 2021, "dt": "2021-10-30T13:20:00", "WOJ": 10, "sev": 1, "c": [ 255, 255, 0, 160 ], "dmg": 0, "sli": 1, "ser": 0, "fat": 0, "row": -1, "mot": 1, "pie": -1, "uto": -1, "uwr": -1 }, "geometry": { "type": "Point", "coordinates": [ 20.050361, 51.602972 ] } },
{ "type": "Feature", "properties": { "ID": 113068585, "yr": 2021, "dt": "2021-10-31T19:55:00", "WOJ": 10, "sev": 1, "c": [ 255, 255, 0, 160 ], "dmg": 1, "sli": 1, "ser": 0, "fat": 0, "row": -1, "mot": -1, "pie": 1, "uto": -1, "uwr": -1 }, "geometry": { "type": "Point", "coordinates": [ 19.9335, 51.668028 ] } },
{ "type": "Feature", "properties": { "ID": 113060269, "yr": 2021, "dt": "2021-10-31T15:10:00", "WOJ": 10, "sev": 1, "c": [ 255, 255, 0, 160 ], "dmg": 0, "sli": 1, "ser": 0, "fat": 0, "row": -1, "mot": -1, "pie": -1, "uto": -1, "uwr": -1 }, "geometry": { "type": "Point", "coordinates": [ 19.761694, 51.582361 ] } },
{ "type": "Feature", "properties": { "ID": 113060177, "yr": 2021, "dt": "2021-10-31T13:50:00", "WOJ": 10, "sev": 1, "c": [ 255, 255, 0, 160 ], "dmg": 1, "sli": 1, "ser": 0, "fat": 0, "row": -1, "mot": -1, "pie": 1, "uto": -1, "uwr": -1 }, "geometry": { "type": "Point", "coordinates": [ 20.234889, 51.528472 ] } },
{ "type": "Feature", "properties": { "ID": 113058816, "yr": 2021, "dt": "2021-10-30T22:29:09", "WOJ": 10, "sev": 1, "c": [ 255, 255, 0, 160 ], "dmg": 1, "sli": 1, "ser": 0, "fat": 0, "row": -1, "mot": -1, "pie": -1, "uto": -1, "uwr": -1 }, "geometry": { "type": "Point", "coordinates": [ 19.982417, 52.145389 ] } },
{ "type": "Feature", "properties": { "ID": 113035599, "yr": 2021, "dt": "2021-10-30T18:23:58", "WOJ": 10, "sev": 1, "c": [ 255, 255, 0, 160 ], "dmg": 1, "sli": 1, "ser": 0, "fat": 0, "row": -1, "mot": -1, "pie": -1, "uto": -1, "uwr": -1 }, "geometry": { "type": "Point", "coordinates": [ 19.386417, 51.367111 ] } },
{ "type": "Feature", "properties": { "ID": 113056827, "yr": 2021, "dt": "2021-10-30T17:40:00", "WOJ": 10, "sev": 1, "c": [ 255, 255, 0, 160 ], "dmg": 2, "sli": 1, "ser": 0, "fat": 0, "row": -1, "mot": -1, "pie": -1, "uto": -1, "uwr": -1 }, "geometry": { "type": "Point", "coordinates": [ 20.017611, 51.553833 ] } },
{ "type": "Feature", "properties": { "ID": 110155793, "yr": 2021, "dt": "2021-04-30T11:02:51", "WOJ": 10, "sev": 1, "c": [ 255, 255, 0, 160 ], "dmg": 1, "sli": 1, "ser": 0, "fat": 0, "row": -1, "mot": -1, "pie": -1, "uto": -1, "uwr": -1 }, "geometry": { "type": "Point", "coordinates": [ 19.768556, 51.532 ] } },
{ "type": "Feature", "properties": { "ID": 110144189, "yr": 2021, "dt": "2021-04-25T17:42:53", "WOJ": 10, "sev": 1, "c": [ 255, 255, 0, 160 ], "dmg": 0, "sli": 1, "ser": 0, "fat": 0, "row": -1, "mot": 1, "pie": -1, "uto": -1, "uwr": -1 }, "geometry": { "type": "Point", "coordinates": [ 19.264694, 51.313722 ] } },
{ "type": "Feature", "properties": { "ID": 110142708, "yr": 2021, "dt": "2021-04-25T09:45:50", "WOJ": 10, "sev": 1, "c": [ 255, 255, 0, 160 ], "dmg": 0, "sli": 3, "ser": 0, "fat": 0, "row": -1, "mot": -1, "pie": -1, "uto": -1, "uwr": -1 }, "geometry": { "type": "Point", "coordinates": [ 19.722417, 51.441111 ] } },
{ "type": "Feature", "properties": { "ID": 110145272, "yr": 2021, "dt": "2021-04-26T06:35:00", "WOJ": 10, "sev": 1, "c": [ 255, 255, 0, 160 ], "dmg": 1, "sli": 1, "ser": 0, "fat": 0, "row": -1, "mot": -1, "pie": -1, "uto": -1, "uwr": -1 }, "geometry": { "type": "Point", "coordinates": [ 19.421361, 52.295722 ] } },
{ "type": "Feature", "properties": { "ID": 110144646, "yr": 2021, "dt": "2021-04-26T10:45:00", "WOJ": 10, "sev": 1, "c": [ 255, 255, 0, 160 ], "dmg": 1, "sli": 1, "ser": 0, "fat": 0, "row": -1, "mot": -1, "pie": -1, "uto": -1, "uwr": -1 }, "geometry": { "type": "Point", "coordinates": [ 19.192194, 52.299778 ] } },
{ "type": "Feature", "properties": { "ID": 110145941, "yr": 2021, "dt": "2021-04-26T18:17:00", "WOJ": 10, "sev": 1, "c": [ 255, 255, 0, 160 ], "dmg": 1, "sli": 1, "ser": 0, "fat": 0, "row": -1, "mot": -1, "pie": -1, "uto": -1, "uwr": -1 }, "geometry": { "type": "Point", "coordinates": [ 19.4305, 51.822333 ] } },
{ "type": "Feature", "properties": { "ID": 110147702, "yr": 2021, "dt": "2021-04-27T20:18:25", "WOJ": 10, "sev": 1, "c": [ 255, 255, 0, 160 ], "dmg": 1, "sli": 1, "ser": 0, "fat": 0, "row": -1, "mot": -1, "pie": -1, "uto": -1, "uwr": -1 }, "geometry": { "type": "Point", "coordinates": [ 18.910528, 51.840139 ] } },
{ "type": "Feature", "properties": { "ID": 110147522, "yr": 2021, "dt": "2021-04-27T15:00:00", "WOJ": 10, "sev": 1, "c": [ 255, 255, 0, 160 ], "dmg": 1, "sli": 1, "ser": 0, "fat": 0, "row": -1, "mot": -1, "pie": -1, "uto": -1, "uwr": -1 }, "geometry": { "type": "Point", "coordinates": [ 19.334361, 52.225194 ] } },
{ "type": "Feature", "properties": { "ID": 110148780, "yr": 2021, "dt": "2021-04-27T14:00:00", "WOJ": 10, "sev": 1, "c": [ 255, 255, 0, 160 ], "dmg": 1, "sli": 1, "ser": 0, "fat": 0, "row": -1, "mot": -1, "pie": 1, "uto": -1, "uwr": -1 }, "geometry": { "type": "Point", "coordinates": [ 19.765694, 51.804833 ] } },
{ "type": "Feature", "properties": { "ID": 110147473, "yr": 2021, "dt": "2021-04-27T16:20:25", "WOJ": 10, "sev": 1, "c": [ 255, 255, 0, 160 ], "dmg": 1, "sli": 1, "ser": 0, "fat": 0, "row": -1, "mot": -1, "pie": -1, "uto": -1, "uwr": -1 }, "geometry": { "type": "Point", "coordinates": [ 19.573778, 51.75025 ] } },
{ "type": "Feature", "properties": { "ID": 110149124, "yr": 2021, "dt": "2021-04-28T08:30:00", "WOJ": 10, "sev": 1, "c": [ 255, 255, 0, 160 ], "dmg": 3, "sli": 1, "ser": 0, "fat": 0, "row": -1, "mot": -1, "pie": -1, "uto": -1, "uwr": -1 }, "geometry": { "type": "Point", "coordinates": [ 19.633861, 51.407861 ] } },
{ "type": "Feature", "properties": { "ID": 110153182, "yr": 2021, "dt": "2021-04-28T08:30:00", "WOJ": 10, "sev": 1, "c": [ 255, 255, 0, 160 ], "dmg": 2, "sli": 1, "ser": 0, "fat": 0, "row": -1, "mot": -1, "pie": -1, "uto": -1, "uwr": -1 }, "geometry": { "type": "Point", "coordinates": [ 19.633861, 51.407861 ] } },
{ "type": "Feature", "properties": { "ID": 110138380, "yr": 2021, "dt": "2021-04-22T11:43:32", "WOJ": 10, "sev": 1, "c": [ 255, 255, 0, 160 ], "dmg": 1, "sli": 1, "ser": 0, "fat": 0, "row": -1, "mot": -1, "pie": 1, "uto": -1, "uwr": -1 }, "geometry": { "type": "Point", "coordinates": [ 19.454222, 51.770333 ] } },
{ "type": "Feature", "properties": { "ID": 110149287, "yr": 2021, "dt": "2021-04-28T15:38:34", "WOJ": 10, "sev": 1, "c": [ 255, 255, 0, 160 ], "dmg": 1, "sli": 1, "ser": 0, "fat": 0, "row": 1, "mot": -1, "pie": -1, "uto": -1, "uwr": -1 }, "geometry": { "type": "Point", "coordinates": [ 20.135389, 51.973611 ] } },
{ "type": "Feature", "properties": { "ID": 110168859, "yr": 2021, "dt": "2021-04-28T07:00:00", "WOJ": 10, "sev": 1, "c": [ 255, 255, 0, 160 ], "dmg": 1, "sli": 1, "ser": 0, "fat": 0, "row": 1, "mot": -1, "pie": -1, "uto": -1, "uwr": -1 }, "geometry": { "type": "Point", "coordinates": [ 19.460889, 51.748472 ] } },
{ "type": "Feature", "properties": { "ID": 110153612, "yr": 2021, "dt": "2021-04-29T17:15:55", "WOJ": 10, "sev": 1, "c": [ 255, 255, 0, 160 ], "dmg": 1, "sli": 1, "ser": 0, "fat": 0, "row": -1, "mot": -1, "pie": -1, "uto": -1, "uwr": -1 }, "geometry": { "type": "Point", "coordinates": [ 18.872528, 51.114278 ] } },
{ "type": "Feature", "properties": { "ID": 110153446, "yr": 2021, "dt": "2021-04-29T14:53:00", "WOJ": 10, "sev": 1, "c": [ 255, 255, 0, 160 ], "dmg": 1, "sli": 1, "ser": 0, "fat": 0, "row": -1, "mot": -1, "pie": 1, "uto": -1, "uwr": -1 }, "geometry": { "type": "Point", "coordinates": [ 19.456972, 51.729083 ] } },
{ "type": "Feature", "properties": { "ID": 110155706, "yr": 2021, "dt": "2021-04-30T10:40:06", "WOJ": 10, "sev": 1, "c": [ 255, 255, 0, 160 ], "dmg": 1, "sli": 1, "ser": 0, "fat": 0, "row": -1, "mot": 1, "pie": -1, "uto": -1, "uwr": -1 }, "geometry": { "type": "Point", "coordinates": [ 20.504972, 51.73875 ] } },
{ "type": "Feature", "properties": { "ID": 110156339, "yr": 2021, "dt": "2021-04-30T12:09:15", "WOJ": 10, "sev": 1, "c": [ 255, 255, 0, 160 ], "dmg": 2, "sli": 1, "ser": 0, "fat": 0, "row": -1, "mot": -1, "pie": -1, "uto": -1, "uwr": -1 }, "geometry": { "type": "Point", "coordinates": [ 19.309583, 51.125611 ] } },
{ "type": "Feature", "properties": { "ID": 110213202, "yr": 2021, "dt": "2021-04-30T06:10:00", "WOJ": 10, "sev": 1, "c": [ 255, 255, 0, 160 ], "dmg": 1, "sli": 1, "ser": 0, "fat": 0, "row": 0, "mot": -1, "pie": -1, "uto": -1, "uwr": -1 }, "geometry": { "type": "Point", "coordinates": [ 19.418806, 51.747 ] } },
{ "type": "Feature", "properties": { "ID": 110155453, "yr": 2021, "dt": "2021-04-30T06:10:17", "WOJ": 10, "sev": 1, "c": [ 255, 255, 0, 160 ], "dmg": 1, "sli": 1, "ser": 0, "fat": 0, "row": 1, "mot": -1, "pie": -1, "uto": -1, "uwr": -1 }, "geometry": { "type": "Point", "coordinates": [ 19.654833, 51.406111 ] } },
{ "type": "Feature", "properties": { "ID": 110158247, "yr": 2021, "dt": "2021-04-30T15:46:00", "WOJ": 10, "sev": 1, "c": [ 255, 255, 0, 160 ], "dmg": 1, "sli": 1, "ser": 0, "fat": 0, "row": -1, "mot": -1, "pie": -1, "uto": -1, "uwr": -1 }, "geometry": { "type": "Point", "coordinates": [ 19.199722, 52.062 ] } },
{ "type": "Feature", "properties": { "ID": 113060019, "yr": 2021, "dt": "2021-10-31T11:05:50", "WOJ": 10, "sev": 1, "c": [ 255, 255, 0, 160 ], "dmg": 3, "sli": 1, "ser": 0, "fat": 0, "row": -1, "mot": 1, "pie": -1, "uto": -1, "uwr": -1 }, "geometry": { "type": "Point", "coordinates": [ 19.563722, 51.695944 ] } },
{ "type": "Feature", "properties": { "ID": 113085175, "yr": 2021, "dt": "2021-10-28T13:20:00", "WOJ": 10, "sev": 1, "c": [ 255, 255, 0, 160 ], "dmg": 1, "sli": 1, "ser": 0, "fat": 0, "row": 1, "mot": -1, "pie": -1, "uto": -1, "uwr": -1 }, "geometry": { "type": "Point", "coordinates": [ 19.478972, 51.761056 ] } },
{ "type": "Feature", "properties": { "ID": 113022011, "yr": 2021, "dt": "2021-10-28T19:50:00", "WOJ": 10, "sev": 1, "c": [ 255, 255, 0, 160 ], "dmg": 1, "sli": 1, "ser": 0, "fat": 0, "row": -1, "mot": -1, "pie": 1, "uto": -1, "uwr": -1 }, "geometry": { "type": "Point", "coordinates": [ 20.466944, 51.451361 ] } },
{ "type": "Feature", "properties": { "ID": 113001250, "yr": 2021, "dt": "2021-10-28T06:00:00", "WOJ": 10, "sev": 1, "c": [ 255, 255, 0, 160 ], "dmg": 1, "sli": 1, "ser": 0, "fat": 0, "row": -1, "mot": -1, "pie": -1, "uto": -1, "uwr": -1 }, "geometry": { "type": "Point", "coordinates": [ 19.224583, 51.839278 ] } },
{ "type": "Feature", "properties": { "ID": 113001335, "yr": 2021, "dt": "2021-10-28T10:20:00", "WOJ": 10, "sev": 1, "c": [ 255, 255, 0, 160 ], "dmg": 1, "sli": 1, "ser": 0, "fat": 0, "row": 1, "mot": -1, "pie": -1, "uto": -1, "uwr": -1 }, "geometry": { "type": "Point", "coordinates": [ 18.425, 51.40175 ] } },
{ "type": "Feature", "properties": { "ID": 113038814, "yr": 2021, "dt": "2021-10-29T20:00:40", "WOJ": 10, "sev": 1, "c": [ 255, 255, 0, 160 ], "dmg": 0, "sli": 1, "ser": 0, "fat": 0, "row": -1, "mot": -1, "pie": -1, "uto": -1, "uwr": -1 }, "geometry": { "type": "Point", "coordinates": [ 20.264917, 51.673139 ] } },
{ "type": "Feature", "properties": { "ID": 113022537, "yr": 2021, "dt": "2021-10-29T10:01:07", "WOJ": 10, "sev": 1, "c": [ 255, 255, 0, 160 ], "dmg": 0, "sli": 1, "ser": 0, "fat": 0, "row": 1, "mot": -1, "pie": -1, "uto": -1, "uwr": -1 }, "geometry": { "type": "Point", "coordinates": [ 19.399361, 51.794028 ] } },
{ "type": "Feature", "properties": { "ID": 112759052, "yr": 2021, "dt": "2021-10-25T15:50:00", "WOJ": 10, "sev": 1, "c": [ 255, 255, 0, 160 ], "dmg": 1, "sli": 1, "ser": 0, "fat": 0, "row": -1, "mot": -1, "pie": -1, "uto": -1, "uwr": -1 }, "geometry": { "type": "Point", "coordinates": [ 19.139861, 51.588167 ] } },
{ "type": "Feature", "properties": { "ID": 112759608, "yr": 2021, "dt": "2021-10-26T10:52:39", "WOJ": 10, "sev": 1, "c": [ 255, 255, 0, 160 ], "dmg": 1, "sli": 2, "ser": 0, "fat": 0, "row": -1, "mot": -1, "pie": -1, "uto": -1, "uwr": -1 }, "geometry": { "type": "Point", "coordinates": [ 19.399194, 51.759361 ] } },
{ "type": "Feature", "properties": { "ID": 112935987, "yr": 2021, "dt": "2021-10-26T09:05:00", "WOJ": 10, "sev": 1, "c": [ 255, 255, 0, 160 ], "dmg": 1, "sli": 1, "ser": 0, "fat": 0, "row": -1, "mot": -1, "pie": -1, "uto": -1, "uwr": -1 }, "geometry": { "type": "Point", "coordinates": [ 20.018889, 51.5565 ] } },
{ "type": "Feature", "properties": { "ID": 112963070, "yr": 2021, "dt": "2021-10-27T19:00:00", "WOJ": 10, "sev": 1, "c": [ 255, 255, 0, 160 ], "dmg": 1, "sli": 1, "ser": 0, "fat": 0, "row": -1, "mot": -1, "pie": 1, "uto": -1, "uwr": -1 }, "geometry": { "type": "Point", "coordinates": [ 19.691833, 51.410667 ] } },
{ "type": "Feature", "properties": { "ID": 112963022, "yr": 2021, "dt": "2021-10-27T17:12:46", "WOJ": 10, "sev": 1, "c": [ 255, 255, 0, 160 ], "dmg": 1, "sli": 1, "ser": 0, "fat": 0, "row": -1, "mot": -1, "pie": -1, "uto": -1, "uwr": -1 }, "geometry": { "type": "Point", "coordinates": [ 19.485889, 51.772861 ] } },
{ "type": "Feature", "properties": { "ID": 110166205, "yr": 2021, "dt": "2021-05-05T06:55:18", "WOJ": 10, "sev": 1, "c": [ 255, 255, 0, 160 ], "dmg": 1, "sli": 1, "ser": 0, "fat": 0, "row": -1, "mot": -1, "pie": 1, "uto": -1, "uwr": -1 }, "geometry": { "type": "Point", "coordinates": [ 19.418917, 51.852139 ] } },
{ "type": "Feature", "properties": { "ID": 110153793, "yr": 2021, "dt": "2021-04-30T06:43:42", "WOJ": 10, "sev": 1, "c": [ 255, 255, 0, 160 ], "dmg": 1, "sli": 1, "ser": 0, "fat": 0, "row": -1, "mot": -1, "pie": -1, "uto": -1, "uwr": -1 }, "geometry": { "type": "Point", "coordinates": [ 19.989056, 52.095056 ] } },
{ "type": "Feature", "properties": { "ID": 110156165, "yr": 2021, "dt": "2021-04-30T09:54:56", "WOJ": 10, "sev": 1, "c": [ 255, 255, 0, 160 ], "dmg": 1, "sli": 3, "ser": 0, "fat": 0, "row": -1, "mot": -1, "pie": -1, "uto": -1, "uwr": -1 }, "geometry": { "type": "Point", "coordinates": [ 19.093583, 51.344306 ] } },
{ "type": "Feature", "properties": { "ID": 110153900, "yr": 2021, "dt": "2021-04-30T09:20:00", "WOJ": 10, "sev": 1, "c": [ 255, 255, 0, 160 ], "dmg": 1, "sli": 1, "ser": 0, "fat": 0, "row": 1, "mot": -1, "pie": -1, "uto": -1, "uwr": -1 }, "geometry": { "type": "Point", "coordinates": [ 20.094139, 51.574833 ] } },
{ "type": "Feature", "properties": { "ID": 110157456, "yr": 2021, "dt": "2021-04-30T18:27:27", "WOJ": 10, "sev": 1, "c": [ 255, 255, 0, 160 ], "dmg": 1, "sli": 1, "ser": 0, "fat": 0, "row": -1, "mot": -1, "pie": -1, "uto": -1, "uwr": -1 }, "geometry": { "type": "Point", "coordinates": [ 19.760694, 50.884417 ] } },
{ "type": "Feature", "properties": { "ID": 110158306, "yr": 2021, "dt": "2021-04-30T17:20:26", "WOJ": 10, "sev": 1, "c": [ 255, 255, 0, 160 ], "dmg": 0, "sli": 1, "ser": 0, "fat": 0, "row": -1, "mot": -1, "pie": -1, "uto": -1, "uwr": -1 }, "geometry": { "type": "Point", "coordinates": [ 19.885833, 51.355417 ] } },
{ "type": "Feature", "properties": { "ID": 110158358, "yr": 2021, "dt": "2021-04-30T16:05:21", "WOJ": 10, "sev": 1, "c": [ 255, 255, 0, 160 ], "dmg": 2, "sli": 1, "ser": 0, "fat": 0, "row": -1, "mot": -1, "pie": -1, "uto": -1, "uwr": -1 }, "geometry": { "type": "Point", "coordinates": [ 20.118639, 52.053278 ] } },
{ "type": "Feature", "properties": { "ID": 110157525, "yr": 2021, "dt": "2021-04-30T20:00:00", "WOJ": 10, "sev": 1, "c": [ 255, 255, 0, 160 ], "dmg": 1, "sli": 3, "ser": 0, "fat": 0, "row": -1, "mot": -1, "pie": -1, "uto": -1, "uwr": -1 }, "geometry": { "type": "Point", "coordinates": [ 19.508917, 51.088722 ] } },
{ "type": "Feature", "properties": { "ID": 110159523, "yr": 2021, "dt": "2021-05-01T22:40:25", "WOJ": 10, "sev": 1, "c": [ 255, 255, 0, 160 ], "dmg": 1, "sli": 1, "ser": 0, "fat": 0, "row": -1, "mot": -1, "pie": -1, "uto": -1, "uwr": -1 }, "geometry": { "type": "Point", "coordinates": [ 19.508694, 51.787972 ] } },
{ "type": "Feature", "properties": { "ID": 110160574, "yr": 2021, "dt": "2021-05-02T20:56:36", "WOJ": 10, "sev": 1, "c": [ 255, 255, 0, 160 ], "dmg": 0, "sli": 2, "ser": 0, "fat": 0, "row": -1, "mot": -1, "pie": -1, "uto": -1, "uwr": -1 }, "geometry": { "type": "Point", "coordinates": [ 19.056444, 51.849194 ] } },
{ "type": "Feature", "properties": { "ID": 110150151, "yr": 2021, "dt": "2021-04-28T14:10:18", "WOJ": 10, "sev": 1, "c": [ 255, 255, 0, 160 ], "dmg": 1, "sli": 1, "ser": 0, "fat": 0, "row": 1, "mot": -1, "pie": -1, "uto": -1, "uwr": -1 }, "geometry": { "type": "Point", "coordinates": [ 19.495056, 51.645667 ] } },
{ "type": "Feature", "properties": { "ID": 112587814, "yr": 2021, "dt": "2021-10-23T10:09:43", "WOJ": 10, "sev": 1, "c": [ 255, 255, 0, 160 ], "dmg": 1, "sli": 1, "ser": 0, "fat": 0, "row": 1, "mot": -1, "pie": -1, "uto": -1, "uwr": -1 }, "geometry": { "type": "Point", "coordinates": [ 19.405167, 51.748389 ] } },
{ "type": "Feature", "properties": { "ID": 112589333, "yr": 2021, "dt": "2021-10-24T13:27:03", "WOJ": 10, "sev": 1, "c": [ 255, 255, 0, 160 ], "dmg": 1, "sli": 1, "ser": 0, "fat": 0, "row": -1, "mot": -1, "pie": -1, "uto": -1, "uwr": -1 }, "geometry": { "type": "Point", "coordinates": [ 19.5845, 51.737833 ] } },
{ "type": "Feature", "properties": { "ID": 112589248, "yr": 2021, "dt": "2021-10-24T08:24:30", "WOJ": 10, "sev": 1, "c": [ 255, 255, 0, 160 ], "dmg": 1, "sli": 1, "ser": 0, "fat": 0, "row": -1, "mot": -1, "pie": -1, "uto": -1, "uwr": -1 }, "geometry": { "type": "Point", "coordinates": [ 19.191611, 51.185278 ] } },
{ "type": "Feature", "properties": { "ID": 112589496, "yr": 2021, "dt": "2021-10-24T18:30:00", "WOJ": 10, "sev": 1, "c": [ 255, 255, 0, 160 ], "dmg": 2, "sli": 5, "ser": 0, "fat": 0, "row": -1, "mot": -1, "pie": -1, "uto": -1, "uwr": -1 }, "geometry": { "type": "Point", "coordinates": [ 19.267528, 51.074056 ] } },
{ "type": "Feature", "properties": { "ID": 112758859, "yr": 2021, "dt": "2021-10-24T15:10:00", "WOJ": 10, "sev": 1, "c": [ 255, 255, 0, 160 ], "dmg": 1, "sli": 1, "ser": 0, "fat": 0, "row": -1, "mot": -1, "pie": -1, "uto": -1, "uwr": -1 }, "geometry": { "type": "Point", "coordinates": [ 18.995917, 52.13075 ] } },
{ "type": "Feature", "properties": { "ID": 110172338, "yr": 2021, "dt": "2021-05-08T17:02:38", "WOJ": 10, "sev": 1, "c": [ 255, 255, 0, 160 ], "dmg": 2, "sli": 1, "ser": 0, "fat": 0, "row": -1, "mot": -1, "pie": -1, "uto": -1, "uwr": -1 }, "geometry": { "type": "Point", "coordinates": [ 20.147444, 51.970778 ] } },
{ "type": "Feature", "properties": { "ID": 110159595, "yr": 2021, "dt": "2021-05-02T11:55:48", "WOJ": 10, "sev": 1, "c": [ 255, 255, 0, 160 ], "dmg": 1, "sli": 2, "ser": 0, "fat": 0, "row": -1, "mot": -1, "pie": -1, "uto": -1, "uwr": -1 }, "geometry": { "type": "Point", "coordinates": [ 19.806056, 51.739222 ] } },
{ "type": "Feature", "properties": { "ID": 110160844, "yr": 2021, "dt": "2021-05-03T17:08:00", "WOJ": 10, "sev": 1, "c": [ 255, 255, 0, 160 ], "dmg": 1, "sli": 1, "ser": 0, "fat": 0, "row": -1, "mot": -1, "pie": -1, "uto": -1, "uwr": -1 }, "geometry": { "type": "Point", "coordinates": [ 19.276389, 51.978306 ] } },
{ "type": "Feature", "properties": { "ID": 110160866, "yr": 2021, "dt": "2021-05-03T21:20:00", "WOJ": 10, "sev": 1, "c": [ 255, 255, 0, 160 ], "dmg": 1, "sli": 1, "ser": 0, "fat": 0, "row": -1, "mot": -1, "pie": 1, "uto": -1, "uwr": -1 }, "geometry": { "type": "Point", "coordinates": [ 19.353722, 52.232861 ] } },
{ "type": "Feature", "properties": { "ID": 110164277, "yr": 2021, "dt": "2021-05-04T09:30:48", "WOJ": 10, "sev": 1, "c": [ 255, 255, 0, 160 ], "dmg": 1, "sli": 1, "ser": 0, "fat": 0, "row": -1, "mot": -1, "pie": -1, "uto": -1, "uwr": -1 }, "geometry": { "type": "Point", "coordinates": [ 19.420361, 51.838111 ] } },
{ "type": "Feature", "properties": { "ID": 110165232, "yr": 2021, "dt": "2021-05-04T12:42:43", "WOJ": 10, "sev": 1, "c": [ 255, 255, 0, 160 ], "dmg": 1, "sli": 1, "ser": 0, "fat": 0, "row": -1, "mot": -1, "pie": -1, "uto": -1, "uwr": -1 }, "geometry": { "type": "Point", "coordinates": [ 19.669444, 51.195 ] } },
{ "type": "Feature", "properties": { "ID": 110166137, "yr": 2021, "dt": "2021-05-04T20:40:00", "WOJ": 10, "sev": 1, "c": [ 255, 255, 0, 160 ], "dmg": 1, "sli": 1, "ser": 0, "fat": 0, "row": -1, "mot": 1, "pie": -1, "uto": -1, "uwr": -1 }, "geometry": { "type": "Point", "coordinates": [ 20.155167, 51.976194 ] } },
{ "type": "Feature", "properties": { "ID": 110164230, "yr": 2021, "dt": "2021-05-04T12:10:00", "WOJ": 10, "sev": 1, "c": [ 255, 255, 0, 160 ], "dmg": 1, "sli": 1, "ser": 0, "fat": 0, "row": -1, "mot": -1, "pie": 1, "uto": -1, "uwr": -1 }, "geometry": { "type": "Point", "coordinates": [ 19.62475, 52.249167 ] } },
{ "type": "Feature", "properties": { "ID": 110166825, "yr": 2021, "dt": "2021-05-05T18:24:20", "WOJ": 10, "sev": 1, "c": [ 255, 255, 0, 160 ], "dmg": 1, "sli": 1, "ser": 0, "fat": 0, "row": -1, "mot": -1, "pie": 1, "uto": -1, "uwr": -1 }, "geometry": { "type": "Point", "coordinates": [ 18.964167, 51.892417 ] } },
{ "type": "Feature", "properties": { "ID": 110164862, "yr": 2021, "dt": "2021-05-05T11:33:53", "WOJ": 10, "sev": 1, "c": [ 255, 255, 0, 160 ], "dmg": 1, "sli": 1, "ser": 0, "fat": 0, "row": -1, "mot": -1, "pie": -1, "uto": -1, "uwr": -1 }, "geometry": { "type": "Point", "coordinates": [ 20.029167, 51.543556 ] } },
{ "type": "Feature", "properties": { "ID": 113035473, "yr": 2021, "dt": "2021-10-30T12:30:00", "WOJ": 10, "sev": 1, "c": [ 255, 255, 0, 160 ], "dmg": 2, "sli": 1, "ser": 0, "fat": 0, "row": -1, "mot": -1, "pie": -1, "uto": -1, "uwr": -1 }, "geometry": { "type": "Point", "coordinates": [ 18.441111, 51.172361 ] } },
{ "type": "Feature", "properties": { "ID": 112241564, "yr": 2021, "dt": "2021-10-21T05:51:29", "WOJ": 10, "sev": 1, "c": [ 255, 255, 0, 160 ], "dmg": 0, "sli": 1, "ser": 0, "fat": 0, "row": -1, "mot": -1, "pie": -1, "uto": -1, "uwr": -1 }, "geometry": { "type": "Point", "coordinates": [ 19.378778, 51.359472 ] } },
{ "type": "Feature", "properties": { "ID": 112344000, "yr": 2021, "dt": "2021-10-21T10:59:03", "WOJ": 10, "sev": 1, "c": [ 255, 255, 0, 160 ], "dmg": 2, "sli": 1, "ser": 0, "fat": 0, "row": -1, "mot": -1, "pie": -1, "uto": -1, "uwr": -1 }, "geometry": { "type": "Point", "coordinates": [ 19.48475, 51.761722 ] } },
{ "type": "Feature", "properties": { "ID": 112344169, "yr": 2021, "dt": "2021-10-21T14:35:00", "WOJ": 10, "sev": 1, "c": [ 255, 255, 0, 160 ], "dmg": 1, "sli": 2, "ser": 0, "fat": 0, "row": -1, "mot": -1, "pie": -1, "uto": -1, "uwr": -1 }, "geometry": { "type": "Point", "coordinates": [ 20.045028, 51.50675 ] } },
{ "type": "Feature", "properties": { "ID": 113062818, "yr": 2021, "dt": "2021-10-22T06:30:00", "WOJ": 10, "sev": 1, "c": [ 255, 255, 0, 160 ], "dmg": 1, "sli": 1, "ser": 0, "fat": 0, "row": -1, "mot": -1, "pie": 1, "uto": -1, "uwr": -1 }, "geometry": { "type": "Point", "coordinates": [ 20.457306, 51.802917 ] } },
{ "type": "Feature", "properties": { "ID": 112344310, "yr": 2021, "dt": "2021-10-22T10:05:52", "WOJ": 10, "sev": 1, "c": [ 255, 255, 0, 160 ], "dmg": 1, "sli": 1, "ser": 0, "fat": 0, "row": -1, "mot": -1, "pie": 1, "uto": -1, "uwr": -1 }, "geometry": { "type": "Point", "coordinates": [ 19.372556, 51.656389 ] } },
{ "type": "Feature", "properties": { "ID": 110168206, "yr": 2021, "dt": "2021-05-06T07:43:38", "WOJ": 10, "sev": 1, "c": [ 255, 255, 0, 160 ], "dmg": 1, "sli": 1, "ser": 0, "fat": 0, "row": -1, "mot": -1, "pie": -1, "uto": -1, "uwr": -1 }, "geometry": { "type": "Point", "coordinates": [ 19.518528, 51.765917 ] } },
{ "type": "Feature", "properties": { "ID": 110168477, "yr": 2021, "dt": "2021-05-06T11:00:03", "WOJ": 10, "sev": 1, "c": [ 255, 255, 0, 160 ], "dmg": 2, "sli": 1, "ser": 0, "fat": 0, "row": -1, "mot": -1, "pie": -1, "uto": -1, "uwr": -1 }, "geometry": { "type": "Point", "coordinates": [ 19.483167, 51.769806 ] } },
{ "type": "Feature", "properties": { "ID": 110168158, "yr": 2021, "dt": "2021-05-06T03:26:44", "WOJ": 10, "sev": 1, "c": [ 255, 255, 0, 160 ], "dmg": 0, "sli": 1, "ser": 0, "fat": 0, "row": -1, "mot": -1, "pie": -1, "uto": -1, "uwr": -1 }, "geometry": { "type": "Point", "coordinates": [ 19.654944, 51.421944 ] } },
{ "type": "Feature", "properties": { "ID": 110171317, "yr": 2021, "dt": "2021-05-07T15:39:41", "WOJ": 10, "sev": 1, "c": [ 255, 255, 0, 160 ], "dmg": 1, "sli": 1, "ser": 0, "fat": 0, "row": -1, "mot": -1, "pie": -1, "uto": -1, "uwr": -1 }, "geometry": { "type": "Point", "coordinates": [ 19.520639, 51.674083 ] } },
{ "type": "Feature", "properties": { "ID": 110171266, "yr": 2021, "dt": "2021-05-07T14:32:59", "WOJ": 10, "sev": 1, "c": [ 255, 255, 0, 160 ], "dmg": 1, "sli": 1, "ser": 0, "fat": 0, "row": 1, "mot": -1, "pie": -1, "uto": -1, "uwr": -1 }, "geometry": { "type": "Point", "coordinates": [ 19.4895, 51.732333 ] } },
{ "type": "Feature", "properties": { "ID": 110171269, "yr": 2021, "dt": "2021-05-07T13:39:01", "WOJ": 10, "sev": 1, "c": [ 255, 255, 0, 160 ], "dmg": 1, "sli": 1, "ser": 0, "fat": 0, "row": -1, "mot": -1, "pie": -1, "uto": -1, "uwr": -1 }, "geometry": { "type": "Point", "coordinates": [ 19.397833, 51.746111 ] } },
{ "type": "Feature", "properties": { "ID": 110168817, "yr": 2021, "dt": "2021-05-07T06:50:51", "WOJ": 10, "sev": 1, "c": [ 255, 255, 0, 160 ], "dmg": 2, "sli": 1, "ser": 0, "fat": 0, "row": -1, "mot": -1, "pie": -1, "uto": -1, "uwr": -1 }, "geometry": { "type": "Point", "coordinates": [ 19.442028, 51.735583 ] } },
{ "type": "Feature", "properties": { "ID": 110172125, "yr": 2021, "dt": "2021-05-08T22:40:35", "WOJ": 10, "sev": 1, "c": [ 255, 255, 0, 160 ], "dmg": 1, "sli": 1, "ser": 0, "fat": 0, "row": 1, "mot": -1, "pie": -1, "uto": -1, "uwr": -1 }, "geometry": { "type": "Point", "coordinates": [ 19.414361, 51.747556 ] } },
{ "type": "Feature", "properties": { "ID": 110172313, "yr": 2021, "dt": "2021-05-08T13:00:00", "WOJ": 10, "sev": 1, "c": [ 255, 255, 0, 160 ], "dmg": 2, "sli": 1, "ser": 0, "fat": 0, "row": -1, "mot": -1, "pie": -1, "uto": -1, "uwr": -1 }, "geometry": { "type": "Point", "coordinates": [ 19.216417, 52.035861 ] } },
{ "type": "Feature", "properties": { "ID": 113001198, "yr": 2021, "dt": "2021-10-28T08:46:07", "WOJ": 10, "sev": 1, "c": [ 255, 255, 0, 160 ], "dmg": 1, "sli": 1, "ser": 0, "fat": 0, "row": -1, "mot": -1, "pie": -1, "uto": -1, "uwr": -1 }, "geometry": { "type": "Point", "coordinates": [ 19.520333, 51.674028 ] } },
{ "type": "Feature", "properties": { "ID": 112634219, "yr": 2021, "dt": "2021-10-23T05:00:00", "WOJ": 10, "sev": 1, "c": [ 255, 255, 0, 160 ], "dmg": 1, "sli": 1, "ser": 0, "fat": 0, "row": -1, "mot": -1, "pie": -1, "uto": -1, "uwr": -1 }, "geometry": { "type": "Point", "coordinates": [ 19.08725, 51.728417 ] } },
{ "type": "Feature", "properties": { "ID": 111847312, "yr": 2021, "dt": "2021-10-18T14:00:00", "WOJ": 10, "sev": 1, "c": [ 255, 255, 0, 160 ], "dmg": 1, "sli": 1, "ser": 0, "fat": 0, "row": -1, "mot": 1, "pie": -1, "uto": -1, "uwr": -1 }, "geometry": { "type": "Point", "coordinates": [ 19.099056, 51.598361 ] } },
{ "type": "Feature", "properties": { "ID": 112058832, "yr": 2021, "dt": "2021-10-18T17:26:13", "WOJ": 10, "sev": 1, "c": [ 255, 255, 0, 160 ], "dmg": 2, "sli": 1, "ser": 0, "fat": 0, "row": -1, "mot": -1, "pie": -1, "uto": -1, "uwr": -1 }, "geometry": { "type": "Point", "coordinates": [ 19.432583, 51.769167 ] } },
{ "type": "Feature", "properties": { "ID": 112344661, "yr": 2021, "dt": "2021-10-22T22:37:36", "WOJ": 10, "sev": 1, "c": [ 255, 255, 0, 160 ], "dmg": 1, "sli": 2, "ser": 0, "fat": 0, "row": -1, "mot": -1, "pie": -1, "uto": -1, "uwr": -1 }, "geometry": { "type": "Point", "coordinates": [ 20.023306, 51.522167 ] } },
{ "type": "Feature", "properties": { "ID": 112146856, "yr": 2021, "dt": "2021-10-19T09:03:33", "WOJ": 10, "sev": 1, "c": [ 255, 255, 0, 160 ], "dmg": 1, "sli": 1, "ser": 0, "fat": 0, "row": -1, "mot": -1, "pie": -1, "uto": -1, "uwr": -1 }, "geometry": { "type": "Point", "coordinates": [ 19.577611, 51.738833 ] } },
{ "type": "Feature", "properties": { "ID": 112147376, "yr": 2021, "dt": "2021-10-19T15:30:00", "WOJ": 10, "sev": 1, "c": [ 255, 255, 0, 160 ], "dmg": 2, "sli": 1, "ser": 0, "fat": 0, "row": -1, "mot": -1, "pie": -1, "uto": -1, "uwr": -1 }, "geometry": { "type": "Point", "coordinates": [ 19.373306, 52.234611 ] } },
{ "type": "Feature", "properties": { "ID": 112146918, "yr": 2021, "dt": "2021-10-19T08:00:00", "WOJ": 10, "sev": 1, "c": [ 255, 255, 0, 160 ], "dmg": 1, "sli": 1, "ser": 0, "fat": 0, "row": 1, "mot": -1, "pie": -1, "uto": -1, "uwr": -1 }, "geometry": { "type": "Point", "coordinates": [ 19.169639, 52.257806 ] } },
{ "type": "Feature", "properties": { "ID": 112240878, "yr": 2021, "dt": "2021-10-20T08:14:09", "WOJ": 10, "sev": 1, "c": [ 255, 255, 0, 160 ], "dmg": 2, "sli": 1, "ser": 0, "fat": 0, "row": -1, "mot": -1, "pie": -1, "uto": -1, "uwr": -1 }, "geometry": { "type": "Point", "coordinates": [ 19.447444, 51.776167 ] } },
{ "type": "Feature", "properties": { "ID": 112241405, "yr": 2021, "dt": "2021-10-20T17:00:00", "WOJ": 10, "sev": 1, "c": [ 255, 255, 0, 160 ], "dmg": 1, "sli": 1, "ser": 0, "fat": 0, "row": 1, "mot": -1, "pie": -1, "uto": -1, "uwr": -1 }, "geometry": { "type": "Point", "coordinates": [ 19.347556, 52.231667 ] } },
{ "type": "Feature", "properties": { "ID": 110176698, "yr": 2021, "dt": "2021-05-11T19:20:00", "WOJ": 10, "sev": 1, "c": [ 255, 255, 0, 160 ], "dmg": 1, "sli": 1, "ser": 0, "fat": 0, "row": -1, "mot": 1, "pie": -1, "uto": -1, "uwr": -1 }, "geometry": { "type": "Point", "coordinates": [ 20.222639, 51.777667 ] } },
{ "type": "Feature", "properties": { "ID": 110173500, "yr": 2021, "dt": "2021-05-09T20:54:42", "WOJ": 10, "sev": 1, "c": [ 255, 255, 0, 160 ], "dmg": 1, "sli": 1, "ser": 0, "fat": 0, "row": -1, "mot": 1, "pie": -1, "uto": -1, "uwr": -1 }, "geometry": { "type": "Point", "coordinates": [ 19.816972, 51.508861 ] } },
{ "type": "Feature", "properties": { "ID": 110172766, "yr": 2021, "dt": "2021-05-09T17:12:10", "WOJ": 10, "sev": 1, "c": [ 255, 255, 0, 160 ], "dmg": 0, "sli": 1, "ser": 0, "fat": 0, "row": 1, "mot": -1, "pie": -1, "uto": -1, "uwr": -1 }, "geometry": { "type": "Point", "coordinates": [ 19.713694, 51.410278 ] } },
{ "type": "Feature", "properties": { "ID": 110173530, "yr": 2021, "dt": "2021-05-09T18:30:00", "WOJ": 10, "sev": 1, "c": [ 255, 255, 0, 160 ], "dmg": 1, "sli": 1, "ser": 0, "fat": 0, "row": -1, "mot": 1, "pie": -1, "uto": -1, "uwr": -1 }, "geometry": { "type": "Point", "coordinates": [ 19.443556, 51.070639 ] } },
{ "type": "Feature", "properties": { "ID": 110172787, "yr": 2021, "dt": "2021-05-09T15:52:41", "WOJ": 10, "sev": 1, "c": [ 255, 255, 0, 160 ], "dmg": 0, "sli": 1, "ser": 0, "fat": 0, "row": -1, "mot": -1, "pie": -1, "uto": -1, "uwr": -1 }, "geometry": { "type": "Point", "coordinates": [ 19.632944, 51.361306 ] } },
{ "type": "Feature", "properties": { "ID": 110186641, "yr": 2021, "dt": "2021-05-09T11:56:00", "WOJ": 10, "sev": 1, "c": [ 255, 255, 0, 160 ], "dmg": 1, "sli": 1, "ser": 0, "fat": 0, "row": -1, "mot": 1, "pie": -1, "uto": -1, "uwr": -1 }, "geometry": { "type": "Point", "coordinates": [ 19.487222, 51.810944 ] } },
{ "type": "Feature", "properties": { "ID": 110175431, "yr": 2021, "dt": "2021-05-10T13:40:00", "WOJ": 10, "sev": 1, "c": [ 255, 255, 0, 160 ], "dmg": 1, "sli": 1, "ser": 0, "fat": 0, "row": -1, "mot": -1, "pie": -1, "uto": -1, "uwr": -1 }, "geometry": { "type": "Point", "coordinates": [ 19.481389, 51.206278 ] } },
{ "type": "Feature", "properties": { "ID": 112399643, "yr": 2021, "dt": "2021-10-21T20:09:08", "WOJ": 10, "sev": 1, "c": [ 255, 255, 0, 160 ], "dmg": 0, "sli": 1, "ser": 0, "fat": 0, "row": 1, "mot": -1, "pie": -1, "uto": -1, "uwr": -1 }, "geometry": { "type": "Point", "coordinates": [ 18.902139, 51.61675 ] } },
{ "type": "Feature", "properties": { "ID": 111798012, "yr": 2021, "dt": "2021-10-15T23:40:00", "WOJ": 10, "sev": 1, "c": [ 255, 255, 0, 160 ], "dmg": 0, "sli": 2, "ser": 0, "fat": 0, "row": -1, "mot": -1, "pie": -1, "uto": -1, "uwr": -1 }, "geometry": { "type": "Point", "coordinates": [ 19.470222, 50.955167 ] } },
{ "type": "Feature", "properties": { "ID": 111797936, "yr": 2021, "dt": "2021-10-15T19:55:00", "WOJ": 10, "sev": 1, "c": [ 255, 255, 0, 160 ], "dmg": 1, "sli": 1, "ser": 0, "fat": 0, "row": -1, "mot": -1, "pie": 1, "uto": -1, "uwr": -1 }, "geometry": { "type": "Point", "coordinates": [ 19.456722, 51.054361 ] } },
{ "type": "Feature", "properties": { "ID": 111797872, "yr": 2021, "dt": "2021-10-15T16:15:00", "WOJ": 10, "sev": 1, "c": [ 255, 255, 0, 160 ], "dmg": 2, "sli": 1, "ser": 0, "fat": 0, "row": -1, "mot": -1, "pie": -1, "uto": -1, "uwr": -1 }, "geometry": { "type": "Point", "coordinates": [ 18.791056, 51.968417 ] } },
{ "type": "Feature", "properties": { "ID": 111772833, "yr": 2021, "dt": "2021-10-15T07:50:00", "WOJ": 10, "sev": 1, "c": [ 255, 255, 0, 160 ], "dmg": 0, "sli": 3, "ser": 0, "fat": 0, "row": -1, "mot": -1, "pie": -1, "uto": -1, "uwr": -1 }, "geometry": { "type": "Point", "coordinates": [ 19.122639, 51.599639 ] } },
{ "type": "Feature", "properties": { "ID": 111798249, "yr": 2021, "dt": "2021-10-16T11:36:22", "WOJ": 10, "sev": 1, "c": [ 255, 255, 0, 160 ], "dmg": 2, "sli": 2, "ser": 0, "fat": 0, "row": -1, "mot": -1, "pie": -1, "uto": -1, "uwr": -1 }, "geometry": { "type": "Point", "coordinates": [ 19.442389, 51.744889 ] } },
{ "type": "Feature", "properties": { "ID": 110174243, "yr": 2021, "dt": "2021-05-10T12:47:30", "WOJ": 10, "sev": 1, "c": [ 255, 255, 0, 160 ], "dmg": 1, "sli": 1, "ser": 0, "fat": 0, "row": -1, "mot": -1, "pie": -1, "uto": -1, "uwr": -1 }, "geometry": { "type": "Point", "coordinates": [ 19.489444, 51.773583 ] } },
{ "type": "Feature", "properties": { "ID": 110177220, "yr": 2021, "dt": "2021-05-11T15:08:24", "WOJ": 10, "sev": 1, "c": [ 255, 255, 0, 160 ], "dmg": 2, "sli": 1, "ser": 0, "fat": 0, "row": -1, "mot": -1, "pie": -1, "uto": -1, "uwr": -1 }, "geometry": { "type": "Point", "coordinates": [ 19.638806, 51.458528 ] } },
{ "type": "Feature", "properties": { "ID": 110177458, "yr": 2021, "dt": "2021-05-11T20:20:00", "WOJ": 10, "sev": 1, "c": [ 255, 255, 0, 160 ], "dmg": 1, "sli": 1, "ser": 0, "fat": 0, "row": -1, "mot": -1, "pie": 1, "uto": -1, "uwr": -1 }, "geometry": { "type": "Point", "coordinates": [ 18.932333, 51.599139 ] } },
{ "type": "Feature", "properties": { "ID": 110177477, "yr": 2021, "dt": "2021-05-11T18:20:00", "WOJ": 10, "sev": 1, "c": [ 255, 255, 0, 160 ], "dmg": 0, "sli": 3, "ser": 0, "fat": 0, "row": -1, "mot": -1, "pie": -1, "uto": -1, "uwr": -1 }, "geometry": { "type": "Point", "coordinates": [ 19.32925, 51.966778 ] } },
{ "type": "Feature", "properties": { "ID": 111798601, "yr": 2021, "dt": "2021-10-17T16:47:10", "WOJ": 10, "sev": 1, "c": [ 255, 255, 0, 160 ], "dmg": 1, "sli": 1, "ser": 0, "fat": 0, "row": 1, "mot": -1, "pie": -1, "uto": -1, "uwr": -1 }, "geometry": { "type": "Point", "coordinates": [ 20.143639, 51.944833 ] } },
{ "type": "Feature", "properties": { "ID": 111798495, "yr": 2021, "dt": "2021-10-17T13:12:24", "WOJ": 10, "sev": 1, "c": [ 255, 255, 0, 160 ], "dmg": 1, "sli": 2, "ser": 0, "fat": 0, "row": -1, "mot": -1, "pie": -1, "uto": -1, "uwr": -1 }, "geometry": { "type": "Point", "coordinates": [ 20.034694, 52.129056 ] } },
{ "type": "Feature", "properties": { "ID": 111802905, "yr": 2021, "dt": "2021-10-17T21:32:01", "WOJ": 10, "sev": 1, "c": [ 255, 255, 0, 160 ], "dmg": 1, "sli": 1, "ser": 0, "fat": 0, "row": -1, "mot": -1, "pie": -1, "uto": -1, "uwr": -1 }, "geometry": { "type": "Point", "coordinates": [ 19.412167, 51.698972 ] } },
{ "type": "Feature", "properties": { "ID": 111847216, "yr": 2021, "dt": "2021-10-18T14:30:00", "WOJ": 10, "sev": 1, "c": [ 255, 255, 0, 160 ], "dmg": 1, "sli": 1, "ser": 0, "fat": 0, "row": 1, "mot": -1, "pie": -1, "uto": -1, "uwr": -1 }, "geometry": { "type": "Point", "coordinates": [ 19.696833, 51.960556 ] } },
{ "type": "Feature", "properties": { "ID": 112091869, "yr": 2021, "dt": "2021-10-18T10:05:00", "WOJ": 10, "sev": 1, "c": [ 255, 255, 0, 160 ], "dmg": 1, "sli": 1, "ser": 0, "fat": 0, "row": -1, "mot": -1, "pie": 1, "uto": -1, "uwr": -1 }, "geometry": { "type": "Point", "coordinates": [ 19.680111, 51.403917 ] } },
{ "type": "Feature", "properties": { "ID": 112058825, "yr": 2021, "dt": "2021-10-18T15:32:25", "WOJ": 10, "sev": 1, "c": [ 255, 255, 0, 160 ], "dmg": 2, "sli": 1, "ser": 0, "fat": 0, "row": -1, "mot": -1, "pie": -1, "uto": -1, "uwr": -1 }, "geometry": { "type": "Point", "coordinates": [ 19.367778, 51.326139 ] } },
{ "type": "Feature", "properties": { "ID": 111847482, "yr": 2021, "dt": "2021-10-18T17:20:08", "WOJ": 10, "sev": 1, "c": [ 255, 255, 0, 160 ], "dmg": 2, "sli": 1, "ser": 0, "fat": 0, "row": -1, "mot": -1, "pie": -1, "uto": -1, "uwr": -1 }, "geometry": { "type": "Point", "coordinates": [ 19.656833, 51.835917 ] } },
{ "type": "Feature", "properties": { "ID": 111756159, "yr": 2021, "dt": "2021-10-14T17:10:00", "WOJ": 10, "sev": 1, "c": [ 255, 255, 0, 160 ], "dmg": 1, "sli": 4, "ser": 0, "fat": 0, "row": 1, "mot": -1, "pie": 1, "uto": -1, "uwr": -1 }, "geometry": { "type": "Point", "coordinates": [ 19.448528, 51.066056 ] } },
{ "type": "Feature", "properties": { "ID": 111755842, "yr": 2021, "dt": "2021-10-14T11:00:00", "WOJ": 10, "sev": 1, "c": [ 255, 255, 0, 160 ], "dmg": 2, "sli": 1, "ser": 0, "fat": 0, "row": -1, "mot": -1, "pie": -1, "uto": -1, "uwr": -1 }, "geometry": { "type": "Point", "coordinates": [ 19.479361, 51.203667 ] } },
{ "type": "Feature", "properties": { "ID": 111846826, "yr": 2021, "dt": "2021-10-15T13:52:00", "WOJ": 10, "sev": 1, "c": [ 255, 255, 0, 160 ], "dmg": 2, "sli": 1, "ser": 0, "fat": 0, "row": -1, "mot": -1, "pie": -1, "uto": -1, "uwr": -1 }, "geometry": { "type": "Point", "coordinates": [ 20.263139, 51.72 ] } },
{ "type": "Feature", "properties": { "ID": 110174937, "yr": 2021, "dt": "2021-05-11T10:44:56", "WOJ": 10, "sev": 1, "c": [ 255, 255, 0, 160 ], "dmg": 1, "sli": 1, "ser": 0, "fat": 0, "row": -1, "mot": 1, "pie": -1, "uto": -1, "uwr": -1 }, "geometry": { "type": "Point", "coordinates": [ 20.255056, 51.761611 ] } },
{ "type": "Feature", "properties": { "ID": 110178687, "yr": 2021, "dt": "2021-05-12T16:02:50", "WOJ": 10, "sev": 1, "c": [ 255, 255, 0, 160 ], "dmg": 2, "sli": 2, "ser": 0, "fat": 0, "row": -1, "mot": -1, "pie": -1, "uto": -1, "uwr": -1 }, "geometry": { "type": "Point", "coordinates": [ 19.482417, 51.772 ] } },
{ "type": "Feature", "properties": { "ID": 110180577, "yr": 2021, "dt": "2021-05-12T17:35:00", "WOJ": 10, "sev": 1, "c": [ 255, 255, 0, 160 ], "dmg": 1, "sli": 1, "ser": 0, "fat": 0, "row": -1, "mot": 0, "pie": 1, "uto": -1, "uwr": -1 }, "geometry": { "type": "Point", "coordinates": [ 19.099194, 51.598444 ] } },
{ "type": "Feature", "properties": { "ID": 110179261, "yr": 2021, "dt": "2021-05-12T12:30:00", "WOJ": 10, "sev": 1, "c": [ 255, 255, 0, 160 ], "dmg": 2, "sli": 1, "ser": 0, "fat": 0, "row": -1, "mot": -1, "pie": -1, "uto": -1, "uwr": -1 }, "geometry": { "type": "Point", "coordinates": [ 19.311972, 52.187444 ] } },
{ "type": "Feature", "properties": { "ID": 110178549, "yr": 2021, "dt": "2021-05-12T12:30:00", "WOJ": 10, "sev": 1, "c": [ 255, 255, 0, 160 ], "dmg": 2, "sli": 1, "ser": 0, "fat": 0, "row": -1, "mot": -1, "pie": -1, "uto": -1, "uwr": -1 }, "geometry": { "type": "Point", "coordinates": [ 18.380222, 51.298194 ] } },
{ "type": "Feature", "properties": { "ID": 110178324, "yr": 2021, "dt": "2021-05-12T09:56:58", "WOJ": 10, "sev": 1, "c": [ 255, 255, 0, 160 ], "dmg": 1, "sli": 1, "ser": 0, "fat": 0, "row": -1, "mot": -1, "pie": -1, "uto": -1, "uwr": -1 }, "geometry": { "type": "Point", "coordinates": [ 18.723028, 51.803472 ] } },
{ "type": "Feature", "properties": { "ID": 110178674, "yr": 2021, "dt": "2021-05-12T16:30:04", "WOJ": 10, "sev": 1, "c": [ 255, 255, 0, 160 ], "dmg": 1, "sli": 1, "ser": 0, "fat": 0, "row": 1, "mot": -1, "pie": -1, "uto": -1, "uwr": -1 }, "geometry": { "type": "Point", "coordinates": [ 19.889611, 51.818139 ] } },
{ "type": "Feature", "properties": { "ID": 110178477, "yr": 2021, "dt": "2021-05-12T05:40:00", "WOJ": 10, "sev": 1, "c": [ 255, 255, 0, 160 ], "dmg": 2, "sli": 1, "ser": 0, "fat": 0, "row": -1, "mot": -1, "pie": -1, "uto": -1, "uwr": -1 }, "geometry": { "type": "Point", "coordinates": [ 19.439056, 51.91975 ] } },
{ "type": "Feature", "properties": { "ID": 110178713, "yr": 2021, "dt": "2021-05-12T15:30:00", "WOJ": 10, "sev": 1, "c": [ 255, 255, 0, 160 ], "dmg": 1, "sli": 2, "ser": 0, "fat": 0, "row": -1, "mot": -1, "pie": -1, "uto": -1, "uwr": -1 }, "geometry": { "type": "Point", "coordinates": [ 19.122556, 51.619333 ] } },
{ "type": "Feature", "properties": { "ID": 110178238, "yr": 2021, "dt": "2021-05-12T08:45:00", "WOJ": 10, "sev": 1, "c": [ 255, 255, 0, 160 ], "dmg": 3, "sli": 1, "ser": 0, "fat": 0, "row": -1, "mot": -1, "pie": -1, "uto": -1, "uwr": -1 }, "geometry": { "type": "Point", "coordinates": [ 19.991583, 51.530139 ] } },
{ "type": "Feature", "properties": { "ID": 110179484, "yr": 2021, "dt": "2021-05-12T15:45:00", "WOJ": 10, "sev": 1, "c": [ 255, 255, 0, 160 ], "dmg": 1, "sli": 1, "ser": 0, "fat": 0, "row": -1, "mot": 1, "pie": -1, "uto": -1, "uwr": -1 }, "geometry": { "type": "Point", "coordinates": [ 19.468028, 50.963944 ] } },
{ "type": "Feature", "properties": { "ID": 111798803, "yr": 2021, "dt": "2021-10-18T07:40:00", "WOJ": 10, "sev": 1, "c": [ 255, 255, 0, 160 ], "dmg": 1, "sli": 1, "ser": 0, "fat": 0, "row": -1, "mot": -1, "pie": 1, "uto": -1, "uwr": -1 }, "geometry": { "type": "Point", "coordinates": [ 20.009806, 51.541528 ] } },
{ "type": "Feature", "properties": { "ID": 111765114, "yr": 2021, "dt": "2021-10-15T01:01:08", "WOJ": 10, "sev": 1, "c": [ 255, 255, 0, 160 ], "dmg": 1, "sli": 2, "ser": 0, "fat": 0, "row": -1, "mot": -1, "pie": -1, "uto": -1, "uwr": -1 }, "geometry": { "type": "Point", "coordinates": [ 19.553944, 51.75725 ] } },
{ "type": "Feature", "properties": { "ID": 110180387, "yr": 2021, "dt": "2021-05-13T06:00:00", "WOJ": 10, "sev": 1, "c": [ 255, 255, 0, 160 ], "dmg": 1, "sli": 2, "ser": 0, "fat": 0, "row": -1, "mot": -1, "pie": -1, "uto": -1, "uwr": -1 }, "geometry": { "type": "Point", "coordinates": [ 20.108, 51.368167 ] } },
{ "type": "Feature", "properties": { "ID": 110180326, "yr": 2021, "dt": "2021-05-13T08:08:52", "WOJ": 10, "sev": 1, "c": [ 255, 255, 0, 160 ], "dmg": 1, "sli": 1, "ser": 0, "fat": 0, "row": 1, "mot": -1, "pie": -1, "uto": -1, "uwr": -1 }, "geometry": { "type": "Point", "coordinates": [ 19.474611, 51.748417 ] } },
{ "type": "Feature", "properties": { "ID": 110181577, "yr": 2021, "dt": "2021-05-13T15:55:00", "WOJ": 10, "sev": 1, "c": [ 255, 255, 0, 160 ], "dmg": 0, "sli": 4, "ser": 0, "fat": 0, "row": -1, "mot": -1, "pie": -1, "uto": -1, "uwr": -1 }, "geometry": { "type": "Point", "coordinates": [ 19.522417, 51.228333 ] } },
{ "type": "Feature", "properties": { "ID": 110182747, "yr": 2021, "dt": "2021-05-14T20:32:59", "WOJ": 10, "sev": 1, "c": [ 255, 255, 0, 160 ], "dmg": 2, "sli": 3, "ser": 0, "fat": 0, "row": -1, "mot": -1, "pie": -1, "uto": -1, "uwr": -1 }, "geometry": { "type": "Point", "coordinates": [ 19.463639, 51.756278 ] } },
{ "type": "Feature", "properties": { "ID": 110183599, "yr": 2021, "dt": "2021-05-14T14:30:00", "WOJ": 10, "sev": 1, "c": [ 255, 255, 0, 160 ], "dmg": 1, "sli": 1, "ser": 0, "fat": 0, "row": -1, "mot": -1, "pie": -1, "uto": -1, "uwr": -1 }, "geometry": { "type": "Point", "coordinates": [ 19.49775, 52.216417 ] } },
{ "type": "Feature", "properties": { "ID": 110183283, "yr": 2021, "dt": "2021-05-14T11:30:27", "WOJ": 10, "sev": 1, "c": [ 255, 255, 0, 160 ], "dmg": 1, "sli": 1, "ser": 0, "fat": 0, "row": -1, "mot": -1, "pie": -1, "uto": -1, "uwr": -1 }, "geometry": { "type": "Point", "coordinates": [ 19.464444, 51.769 ] } },
{ "type": "Feature", "properties": { "ID": 110184054, "yr": 2021, "dt": "2021-05-14T22:20:00", "WOJ": 10, "sev": 1, "c": [ 255, 255, 0, 160 ], "dmg": 2, "sli": 1, "ser": 0, "fat": 0, "row": -1, "mot": -1, "pie": -1, "uto": -1, "uwr": -1 }, "geometry": { "type": "Point", "coordinates": [ 19.356861, 52.244056 ] } },
{ "type": "Feature", "properties": { "ID": 110182309, "yr": 2021, "dt": "2021-05-14T10:19:17", "WOJ": 10, "sev": 1, "c": [ 255, 255, 0, 160 ], "dmg": 1, "sli": 1, "ser": 0, "fat": 0, "row": -1, "mot": -1, "pie": 1, "uto": -1, "uwr": -1 }, "geometry": { "type": "Point", "coordinates": [ 20.00375, 51.531056 ] } },
{ "type": "Feature", "properties": { "ID": 111798314, "yr": 2021, "dt": "2021-10-16T18:28:50", "WOJ": 10, "sev": 1, "c": [ 255, 255, 0, 160 ], "dmg": 2, "sli": 1, "ser": 0, "fat": 0, "row": -1, "mot": -1, "pie": -1, "uto": -1, "uwr": -1 }, "geometry": { "type": "Point", "coordinates": [ 19.465389, 51.796833 ] } },
{ "type": "Feature", "properties": { "ID": 111746892, "yr": 2021, "dt": "2021-10-14T06:40:57", "WOJ": 10, "sev": 1, "c": [ 255, 255, 0, 160 ], "dmg": 1, "sli": 2, "ser": 0, "fat": 0, "row": -1, "mot": -1, "pie": -1, "uto": -1, "uwr": -1 }, "geometry": { "type": "Point", "coordinates": [ 19.291306, 51.527389 ] } },
{ "type": "Feature", "properties": { "ID": 111764830, "yr": 2021, "dt": "2021-10-14T13:05:34", "WOJ": 10, "sev": 1, "c": [ 255, 255, 0, 160 ], "dmg": 2, "sli": 1, "ser": 0, "fat": 0, "row": -1, "mot": -1, "pie": -1, "uto": -1, "uwr": -1 }, "geometry": { "type": "Point", "coordinates": [ 19.602917, 51.701306 ] } },
{ "type": "Feature", "properties": { "ID": 111755984, "yr": 2021, "dt": "2021-10-14T15:09:30", "WOJ": 10, "sev": 1, "c": [ 255, 255, 0, 160 ], "dmg": 4, "sli": 1, "ser": 0, "fat": 0, "row": -1, "mot": -1, "pie": -1, "uto": -1, "uwr": -1 }, "geometry": { "type": "Point", "coordinates": [ 19.505806, 51.769639 ] } },
{ "type": "Feature", "properties": { "ID": 111754884, "yr": 2021, "dt": "2021-10-14T13:00:00", "WOJ": 10, "sev": 1, "c": [ 255, 255, 0, 160 ], "dmg": 1, "sli": 1, "ser": 0, "fat": 0, "row": 1, "mot": -1, "pie": -1, "uto": -1, "uwr": -1 }, "geometry": { "type": "Point", "coordinates": [ 19.362389, 52.238611 ] } },
{ "type": "Feature", "properties": { "ID": 111765099, "yr": 2021, "dt": "2021-10-14T22:09:28", "WOJ": 10, "sev": 1, "c": [ 255, 255, 0, 160 ], "dmg": 1, "sli": 1, "ser": 0, "fat": 0, "row": -1, "mot": -1, "pie": -1, "uto": -1, "uwr": -1 }, "geometry": { "type": "Point", "coordinates": [ 19.446972, 51.787361 ] } },
{ "type": "Feature", "properties": { "ID": 111720773, "yr": 2021, "dt": "2021-10-14T10:11:16", "WOJ": 10, "sev": 1, "c": [ 255, 255, 0, 160 ], "dmg": 1, "sli": 1, "ser": 0, "fat": 0, "row": -1, "mot": -1, "pie": -1, "uto": -1, "uwr": -1 }, "geometry": { "type": "Point", "coordinates": [ 19.37225, 51.348694 ] } },
{ "type": "Feature", "properties": { "ID": 111769820, "yr": 2021, "dt": "2021-10-14T08:30:00", "WOJ": 10, "sev": 1, "c": [ 255, 255, 0, 160 ], "dmg": 2, "sli": 1, "ser": 0, "fat": 0, "row": -1, "mot": -1, "pie": -1, "uto": -1, "uwr": -1 }, "geometry": { "type": "Point", "coordinates": [ 19.543611, 51.292194 ] } },
{ "type": "Feature", "properties": { "ID": 111716046, "yr": 2021, "dt": "2021-10-12T07:13:46", "WOJ": 10, "sev": 1, "c": [ 255, 255, 0, 160 ], "dmg": 2, "sli": 1, "ser": 0, "fat": 0, "row": -1, "mot": -1, "pie": -1, "uto": -1, "uwr": -1 }, "geometry": { "type": "Point", "coordinates": [ 19.957417, 51.869472 ] } },
{ "type": "Feature", "properties": { "ID": 111715977, "yr": 2021, "dt": "2021-10-12T06:30:00", "WOJ": 10, "sev": 1, "c": [ 255, 255, 0, 160 ], "dmg": 0, "sli": 1, "ser": 0, "fat": 0, "row": -1, "mot": -1, "pie": -1, "uto": -1, "uwr": -1 }, "geometry": { "type": "Point", "coordinates": [ 20.051972, 51.523389 ] } },
{ "type": "Feature", "properties": { "ID": 111716192, "yr": 2021, "dt": "2021-10-12T09:08:00", "WOJ": 10, "sev": 1, "c": [ 255, 255, 0, 160 ], "dmg": 1, "sli": 1, "ser": 0, "fat": 0, "row": 1, "mot": -1, "pie": -1, "uto": -1, "uwr": -1 }, "geometry": { "type": "Point", "coordinates": [ 19.462778, 51.760222 ] } },
{ "type": "Feature", "properties": { "ID": 111720290, "yr": 2021, "dt": "2021-10-13T12:20:00", "WOJ": 10, "sev": 1, "c": [ 255, 255, 0, 160 ], "dmg": 1, "sli": 1, "ser": 0, "fat": 0, "row": -1, "mot": -1, "pie": 1, "uto": -1, "uwr": -1 }, "geometry": { "type": "Point", "coordinates": [ 19.372889, 52.21775 ] } },
{ "type": "Feature", "properties": { "ID": 111719824, "yr": 2021, "dt": "2021-10-13T06:11:09", "WOJ": 10, "sev": 1, "c": [ 255, 255, 0, 160 ], "dmg": 1, "sli": 1, "ser": 0, "fat": 0, "row": -1, "mot": -1, "pie": 1, "uto": -1, "uwr": -1 }, "geometry": { "type": "Point", "coordinates": [ 19.576944, 51.734639 ] } },
{ "type": "Feature", "properties": { "ID": 111716582, "yr": 2021, "dt": "2021-10-13T07:16:43", "WOJ": 10, "sev": 1, "c": [ 255, 255, 0, 160 ], "dmg": 0, "sli": 1, "ser": 0, "fat": 0, "row": -1, "mot": -1, "pie": -1, "uto": -1, "uwr": -1 }, "geometry": { "type": "Point", "coordinates": [ 20.223389, 51.566806 ] } },
{ "type": "Feature", "properties": { "ID": 110185826, "yr": 2021, "dt": "2021-05-15T21:29:08", "WOJ": 10, "sev": 1, "c": [ 255, 255, 0, 160 ], "dmg": 1, "sli": 1, "ser": 0, "fat": 0, "row": -1, "mot": -1, "pie": -1, "uto": -1, "uwr": -1 }, "geometry": { "type": "Point", "coordinates": [ 20.037833, 52.073889 ] } },
{ "type": "Feature", "properties": { "ID": 110185693, "yr": 2021, "dt": "2021-05-15T17:57:01", "WOJ": 10, "sev": 1, "c": [ 255, 255, 0, 160 ], "dmg": 1, "sli": 1, "ser": 0, "fat": 0, "row": -1, "mot": 1, "pie": -1, "uto": -1, "uwr": -1 }, "geometry": { "type": "Point", "coordinates": [ 20.219361, 51.974417 ] } },
{ "type": "Feature", "properties": { "ID": 110184728, "yr": 2021, "dt": "2021-05-16T01:33:00", "WOJ": 10, "sev": 1, "c": [ 255, 255, 0, 160 ], "dmg": 1, "sli": 1, "ser": 0, "fat": 0, "row": -1, "mot": -1, "pie": 1, "uto": -1, "uwr": -1 }, "geometry": { "type": "Point", "coordinates": [ 20.075278, 51.580972 ] } },
{ "type": "Feature", "properties": { "ID": 110186702, "yr": 2021, "dt": "2021-05-17T11:02:15", "WOJ": 10, "sev": 1, "c": [ 255, 255, 0, 160 ], "dmg": 2, "sli": 1, "ser": 0, "fat": 0, "row": -1, "mot": -1, "pie": -1, "uto": -1, "uwr": -1 }, "geometry": { "type": "Point", "coordinates": [ 19.508083, 51.788417 ] } },
{ "type": "Feature", "properties": { "ID": 110187183, "yr": 2021, "dt": "2021-05-17T08:18:37", "WOJ": 10, "sev": 1, "c": [ 255, 255, 0, 160 ], "dmg": 3, "sli": 1, "ser": 0, "fat": 0, "row": -1, "mot": -1, "pie": -1, "uto": -1, "uwr": -1 }, "geometry": { "type": "Point", "coordinates": [ 19.5035, 51.814028 ] } },
{ "type": "Feature", "properties": { "ID": 110187118, "yr": 2021, "dt": "2021-05-17T17:19:48", "WOJ": 10, "sev": 1, "c": [ 255, 255, 0, 160 ], "dmg": 1, "sli": 1, "ser": 0, "fat": 0, "row": -1, "mot": -1, "pie": -1, "uto": -1, "uwr": -1 }, "geometry": { "type": "Point", "coordinates": [ 19.195972, 51.083639 ] } },
{ "type": "Feature", "properties": { "ID": 110187165, "yr": 2021, "dt": "2021-05-17T07:57:09", "WOJ": 10, "sev": 1, "c": [ 255, 255, 0, 160 ], "dmg": 1, "sli": 1, "ser": 0, "fat": 0, "row": -1, "mot": -1, "pie": 1, "uto": -1, "uwr": -1 }, "geometry": { "type": "Point", "coordinates": [ 20.262556, 51.865333 ] } },
{ "type": "Feature", "properties": { "ID": 110190741, "yr": 2021, "dt": "2021-05-18T10:45:00", "WOJ": 10, "sev": 1, "c": [ 255, 255, 0, 160 ], "dmg": 1, "sli": 1, "ser": 0, "fat": 0, "row": -1, "mot": -1, "pie": -1, "uto": -1, "uwr": -1 }, "geometry": { "type": "Point", "coordinates": [ 20.402167, 51.383528 ] } },
{ "type": "Feature", "properties": { "ID": 110188129, "yr": 2021, "dt": "2021-05-18T08:40:00", "WOJ": 10, "sev": 1, "c": [ 255, 255, 0, 160 ], "dmg": 2, "sli": 1, "ser": 0, "fat": 0, "row": -1, "mot": -1, "pie": -1, "uto": -1, "uwr": -1 }, "geometry": { "type": "Point", "coordinates": [ 19.320861, 51.807833 ] } },
{ "type": "Feature", "properties": { "ID": 110188417, "yr": 2021, "dt": "2021-05-18T05:41:33", "WOJ": 10, "sev": 1, "c": [ 255, 255, 0, 160 ], "dmg": 1, "sli": 1, "ser": 0, "fat": 0, "row": 1, "mot": -1, "pie": -1, "uto": -1, "uwr": -1 }, "geometry": { "type": "Point", "coordinates": [ 20.1475, 51.970806 ] } },
{ "type": "Feature", "properties": { "ID": 111713598, "yr": 2021, "dt": "2021-10-11T12:14:00", "WOJ": 10, "sev": 1, "c": [ 255, 255, 0, 160 ], "dmg": 2, "sli": 1, "ser": 0, "fat": 0, "row": -1, "mot": -1, "pie": -1, "uto": -1, "uwr": -1 }, "geometry": { "type": "Point", "coordinates": [ 20.011333, 51.533861 ] } },
{ "type": "Feature", "properties": { "ID": 111713243, "yr": 2021, "dt": "2021-10-11T13:06:26", "WOJ": 10, "sev": 1, "c": [ 255, 255, 0, 160 ], "dmg": 1, "sli": 1, "ser": 0, "fat": 0, "row": -1, "mot": -1, "pie": -1, "uto": -1, "uwr": -1 }, "geometry": { "type": "Point", "coordinates": [ 19.616806, 51.733528 ] } },
{ "type": "Feature", "properties": { "ID": 111713399, "yr": 2021, "dt": "2021-10-11T16:05:33", "WOJ": 10, "sev": 1, "c": [ 255, 255, 0, 160 ], "dmg": 1, "sli": 1, "ser": 0, "fat": 0, "row": -1, "mot": -1, "pie": -1, "uto": -1, "uwr": -1 }, "geometry": { "type": "Point", "coordinates": [ 20.15225, 51.962333 ] } },
{ "type": "Feature", "properties": { "ID": 111713355, "yr": 2021, "dt": "2021-10-11T13:10:00", "WOJ": 10, "sev": 1, "c": [ 255, 255, 0, 160 ], "dmg": 3, "sli": 1, "ser": 0, "fat": 0, "row": -1, "mot": -1, "pie": -1, "uto": -1, "uwr": -1 }, "geometry": { "type": "Point", "coordinates": [ 18.922556, 51.897083 ] } },
{ "type": "Feature", "properties": { "ID": 111715140, "yr": 2021, "dt": "2021-10-11T06:50:00", "WOJ": 10, "sev": 1, "c": [ 255, 255, 0, 160 ], "dmg": 3, "sli": 1, "ser": 0, "fat": 0, "row": -1, "mot": -1, "pie": -1, "uto": -1, "uwr": -1 }, "geometry": { "type": "Point", "coordinates": [ 18.696667, 51.565028 ] } },
{ "type": "Feature", "properties": { "ID": 111710633, "yr": 2021, "dt": "2021-10-11T14:12:04", "WOJ": 10, "sev": 1, "c": [ 255, 255, 0, 160 ], "dmg": 1, "sli": 1, "ser": 0, "fat": 0, "row": -1, "mot": -1, "pie": 1, "uto": -1, "uwr": -1 }, "geometry": { "type": "Point", "coordinates": [ 19.048444, 51.150111 ] } },
{ "type": "Feature", "properties": { "ID": 111718221, "yr": 2021, "dt": "2021-10-12T16:40:40", "WOJ": 10, "sev": 1, "c": [ 255, 255, 0, 160 ], "dmg": 2, "sli": 2, "ser": 0, "fat": 0, "row": -1, "mot": -1, "pie": -1, "uto": -1, "uwr": -1 }, "geometry": { "type": "Point", "coordinates": [ 19.846111, 51.806583 ] } },
{ "type": "Feature", "properties": { "ID": 110204265, "yr": 2021, "dt": "2021-05-23T12:40:12", "WOJ": 10, "sev": 1, "c": [ 255, 255, 0, 160 ], "dmg": 1, "sli": 2, "ser": 0, "fat": 0, "row": -1, "mot": -1, "pie": -1, "uto": -1, "uwr": -1 }, "geometry": { "type": "Point", "coordinates": [ 19.673389, 51.324889 ] } },
{ "type": "Feature", "properties": { "ID": 110191115, "yr": 2021, "dt": "2021-05-19T09:31:45", "WOJ": 10, "sev": 1, "c": [ 255, 255, 0, 160 ], "dmg": 1, "sli": 1, "ser": 0, "fat": 0, "row": -1, "mot": -1, "pie": -1, "uto": -1, "uwr": -1 }, "geometry": { "type": "Point", "coordinates": [ 19.478722, 51.767611 ] } },
{ "type": "Feature", "properties": { "ID": 110194272, "yr": 2021, "dt": "2021-05-20T09:42:02", "WOJ": 10, "sev": 1, "c": [ 255, 255, 0, 160 ], "dmg": 1, "sli": 1, "ser": 0, "fat": 0, "row": -1, "mot": -1, "pie": 1, "uto": -1, "uwr": -1 }, "geometry": { "type": "Point", "coordinates": [ 19.626222, 52.237139 ] } },
{ "type": "Feature", "properties": { "ID": 110195149, "yr": 2021, "dt": "2021-05-20T21:50:00", "WOJ": 10, "sev": 1, "c": [ 255, 255, 0, 160 ], "dmg": 0, "sli": 3, "ser": 0, "fat": 0, "row": -1, "mot": -1, "pie": -1, "uto": -1, "uwr": -1 }, "geometry": { "type": "Point", "coordinates": [ 19.054472, 52.150917 ] } },
{ "type": "Feature", "properties": { "ID": 110194903, "yr": 2021, "dt": "2021-05-20T20:10:00", "WOJ": 10, "sev": 1, "c": [ 255, 255, 0, 160 ], "dmg": 1, "sli": 1, "ser": 0, "fat": 0, "row": -1, "mot": -1, "pie": -1, "uto": -1, "uwr": -1 }, "geometry": { "type": "Point", "coordinates": [ 18.57, 51.624889 ] } },
{ "type": "Feature", "properties": { "ID": 110193514, "yr": 2021, "dt": "2021-05-20T12:15:00", "WOJ": 10, "sev": 1, "c": [ 255, 255, 0, 160 ], "dmg": 1, "sli": 1, "ser": 0, "fat": 0, "row": -1, "mot": -1, "pie": 1, "uto": -1, "uwr": -1 }, "geometry": { "type": "Point", "coordinates": [ 19.3565, 52.236389 ] } },
{ "type": "Feature", "properties": { "ID": 110194445, "yr": 2021, "dt": "2021-05-20T13:20:48", "WOJ": 10, "sev": 1, "c": [ 255, 255, 0, 160 ], "dmg": 1, "sli": 1, "ser": 0, "fat": 0, "row": -1, "mot": -1, "pie": -1, "uto": -1, "uwr": -1 }, "geometry": { "type": "Point", "coordinates": [ 19.966528, 51.546333 ] } },
{ "type": "Feature", "properties": { "ID": 111756741, "yr": 2021, "dt": "2021-10-15T15:59:06", "WOJ": 10, "sev": 1, "c": [ 255, 255, 0, 160 ], "dmg": 1, "sli": 1, "ser": 0, "fat": 0, "row": -1, "mot": -1, "pie": 1, "uto": -1, "uwr": -1 }, "geometry": { "type": "Point", "coordinates": [ 18.993222, 51.148528 ] } },
{ "type": "Feature", "properties": { "ID": 111716084, "yr": 2021, "dt": "2021-10-12T08:20:00", "WOJ": 10, "sev": 1, "c": [ 255, 255, 0, 160 ], "dmg": 1, "sli": 1, "ser": 0, "fat": 0, "row": -1, "mot": -1, "pie": -1, "uto": -1, "uwr": -1 }, "geometry": { "type": "Point", "coordinates": [ 18.638056, 51.471333 ] } },
{ "type": "Feature", "properties": { "ID": 111702376, "yr": 2021, "dt": "2021-10-08T16:01:24", "WOJ": 10, "sev": 1, "c": [ 255, 255, 0, 160 ], "dmg": 3, "sli": 1, "ser": 0, "fat": 0, "row": -1, "mot": -1, "pie": -1, "uto": -1, "uwr": -1 }, "geometry": { "type": "Point", "coordinates": [ 19.945556, 52.109806 ] } },
{ "type": "Feature", "properties": { "ID": 111707107, "yr": 2021, "dt": "2021-10-09T19:48:28", "WOJ": 10, "sev": 1, "c": [ 255, 255, 0, 160 ], "dmg": 2, "sli": 1, "ser": 0, "fat": 0, "row": -1, "mot": -1, "pie": -1, "uto": -1, "uwr": -1 }, "geometry": { "type": "Point", "coordinates": [ 19.143694, 51.589 ] } },
{ "type": "Feature", "properties": { "ID": 111706933, "yr": 2021, "dt": "2021-10-09T10:37:33", "WOJ": 10, "sev": 1, "c": [ 255, 255, 0, 160 ], "dmg": 1, "sli": 1, "ser": 0, "fat": 0, "row": -1, "mot": -1, "pie": -1, "uto": -1, "uwr": -1 }, "geometry": { "type": "Point", "coordinates": [ 19.491722, 51.718694 ] } },
{ "type": "Feature", "properties": { "ID": 111704780, "yr": 2021, "dt": "2021-10-09T17:03:21", "WOJ": 10, "sev": 1, "c": [ 255, 255, 0, 160 ], "dmg": 0, "sli": 2, "ser": 0, "fat": 0, "row": -1, "mot": -1, "pie": -1, "uto": -1, "uwr": -1 }, "geometry": { "type": "Point", "coordinates": [ 19.421222, 51.78 ] } },
{ "type": "Feature", "properties": { "ID": 111704642, "yr": 2021, "dt": "2021-10-09T12:33:00", "WOJ": 10, "sev": 1, "c": [ 255, 255, 0, 160 ], "dmg": 2, "sli": 1, "ser": 0, "fat": 0, "row": -1, "mot": -1, "pie": -1, "uto": -1, "uwr": -1 }, "geometry": { "type": "Point", "coordinates": [ 19.428889, 51.773917 ] } },
{ "type": "Feature", "properties": { "ID": 111710807, "yr": 2021, "dt": "2021-10-09T22:00:00", "WOJ": 10, "sev": 1, "c": [ 255, 255, 0, 160 ], "dmg": 1, "sli": 1, "ser": 0, "fat": 0, "row": -1, "mot": -1, "pie": -1, "uto": -1, "uwr": -1 }, "geometry": { "type": "Point", "coordinates": [ 19.384417, 51.867944 ] } },
{ "type": "Feature", "properties": { "ID": 111704431, "yr": 2021, "dt": "2021-10-09T09:48:32", "WOJ": 10, "sev": 1, "c": [ 255, 255, 0, 160 ], "dmg": 0, "sli": 4, "ser": 0, "fat": 0, "row": -1, "mot": -1, "pie": -1, "uto": -1, "uwr": -1 }, "geometry": { "type": "Point", "coordinates": [ 19.519944, 51.331361 ] } },
{ "type": "Feature", "properties": { "ID": 111712824, "yr": 2021, "dt": "2021-10-10T09:27:25", "WOJ": 10, "sev": 1, "c": [ 255, 255, 0, 160 ], "dmg": 1, "sli": 1, "ser": 0, "fat": 0, "row": 0, "mot": -1, "pie": 1, "uto": -1, "uwr": -1 }, "geometry": { "type": "Point", "coordinates": [ 19.445333, 51.772778 ] } },
{ "type": "Feature", "properties": { "ID": 110198395, "yr": 2021, "dt": "2021-05-21T10:40:00", "WOJ": 10, "sev": 1, "c": [ 255, 255, 0, 160 ], "dmg": 2, "sli": 2, "ser": 0, "fat": 0, "row": 0, "mot": -1, "pie": -1, "uto": -1, "uwr": -1 }, "geometry": { "type": "Point", "coordinates": [ 19.450722, 51.079861 ] } },
{ "type": "Feature", "properties": { "ID": 110198278, "yr": 2021, "dt": "2021-05-21T12:40:00", "WOJ": 10, "sev": 1, "c": [ 255, 255, 0, 160 ], "dmg": 2, "sli": 1, "ser": 0, "fat": 0, "row": -1, "mot": -1, "pie": -1, "uto": -1, "uwr": -1 }, "geometry": { "type": "Point", "coordinates": [ 19.369972, 52.238389 ] } },
{ "type": "Feature", "properties": { "ID": 110198323, "yr": 2021, "dt": "2021-05-21T12:48:33", "WOJ": 10, "sev": 1, "c": [ 255, 255, 0, 160 ], "dmg": 1, "sli": 1, "ser": 0, "fat": 0, "row": -1, "mot": -1, "pie": 1, "uto": -1, "uwr": -1 }, "geometry": { "type": "Point", "coordinates": [ 20.139333, 51.953389 ] } },
{ "type": "Feature", "properties": { "ID": 110196612, "yr": 2021, "dt": "2021-05-21T19:07:36", "WOJ": 10, "sev": 1, "c": [ 255, 255, 0, 160 ], "dmg": 1, "sli": 1, "ser": 0, "fat": 0, "row": -1, "mot": -1, "pie": -1, "uto": -1, "uwr": -1 }, "geometry": { "type": "Point", "coordinates": [ 19.431472, 51.760889 ] } },
{ "type": "Feature", "properties": { "ID": 110200142, "yr": 2021, "dt": "2021-05-21T14:57:27", "WOJ": 10, "sev": 1, "c": [ 255, 255, 0, 160 ], "dmg": 0, "sli": 2, "ser": 0, "fat": 0, "row": -1, "mot": -1, "pie": -1, "uto": -1, "uwr": -1 }, "geometry": { "type": "Point", "coordinates": [ 18.970028, 51.704083 ] } },
{ "type": "Feature", "properties": { "ID": 110203681, "yr": 2021, "dt": "2021-05-22T11:30:00", "WOJ": 10, "sev": 1, "c": [ 255, 255, 0, 160 ], "dmg": 3, "sli": 1, "ser": 0, "fat": 0, "row": -1, "mot": -1, "pie": -1, "uto": -1, "uwr": -1 }, "geometry": { "type": "Point", "coordinates": [ 19.671444, 51.405139 ] } },
{ "type": "Feature", "properties": { "ID": 111714940, "yr": 2021, "dt": "2021-10-10T20:30:00", "WOJ": 10, "sev": 1, "c": [ 255, 255, 0, 160 ], "dmg": 1, "sli": 1, "ser": 0, "fat": 0, "row": -1, "mot": -1, "pie": -1, "uto": -1, "uwr": -1 }, "geometry": { "type": "Point", "coordinates": [ 19.311389, 52.226833 ] } },
{ "type": "Feature", "properties": { "ID": 111710785, "yr": 2021, "dt": "2021-10-11T15:33:02", "WOJ": 10, "sev": 1, "c": [ 255, 255, 0, 160 ], "dmg": 1, "sli": 1, "ser": 0, "fat": 0, "row": 1, "mot": -1, "pie": -1, "uto": -1, "uwr": -1 }, "geometry": { "type": "Point", "coordinates": [ 19.417667, 51.741 ] } },
{ "type": "Feature", "properties": { "ID": 110205156, "yr": 2021, "dt": "2021-05-23T10:04:22", "WOJ": 10, "sev": 1, "c": [ 255, 255, 0, 160 ], "dmg": 1, "sli": 1, "ser": 0, "fat": 0, "row": -1, "mot": -1, "pie": 1, "uto": -1, "uwr": -1 }, "geometry": { "type": "Point", "coordinates": [ 19.444139, 51.762389 ] } },
{ "type": "Feature", "properties": { "ID": 110207297, "yr": 2021, "dt": "2021-05-24T17:40:00", "WOJ": 10, "sev": 1, "c": [ 255, 255, 0, 160 ], "dmg": 1, "sli": 1, "ser": 0, "fat": 0, "row": -1, "mot": -1, "pie": -1, "uto": -1, "uwr": -1 }, "geometry": { "type": "Point", "coordinates": [ 19.403083, 51.097167 ] } },
{ "type": "Feature", "properties": { "ID": 110206010, "yr": 2021, "dt": "2021-05-24T06:30:00", "WOJ": 10, "sev": 1, "c": [ 255, 255, 0, 160 ], "dmg": 1, "sli": 1, "ser": 0, "fat": 0, "row": 1, "mot": -1, "pie": -1, "uto": -1, "uwr": -1 }, "geometry": { "type": "Point", "coordinates": [ 19.362361, 51.370389 ] } },
{ "type": "Feature", "properties": { "ID": 110206710, "yr": 2021, "dt": "2021-05-24T11:39:00", "WOJ": 10, "sev": 1, "c": [ 255, 255, 0, 160 ], "dmg": 2, "sli": 1, "ser": 0, "fat": 0, "row": -1, "mot": -1, "pie": -1, "uto": -1, "uwr": -1 }, "geometry": { "type": "Point", "coordinates": [ 20.021833, 51.536944 ] } },
{ "type": "Feature", "properties": { "ID": 110207178, "yr": 2021, "dt": "2021-05-24T17:54:09", "WOJ": 10, "sev": 1, "c": [ 255, 255, 0, 160 ], "dmg": 2, "sli": 1, "ser": 0, "fat": 0, "row": -1, "mot": -1, "pie": -1, "uto": -1, "uwr": -1 }, "geometry": { "type": "Point", "coordinates": [ 19.432944, 51.715083 ] } },
{ "type": "Feature", "properties": { "ID": 110206309, "yr": 2021, "dt": "2021-05-24T18:15:58", "WOJ": 10, "sev": 1, "c": [ 255, 255, 0, 160 ], "dmg": 1, "sli": 1, "ser": 0, "fat": 0, "row": -1, "mot": -1, "pie": 1, "uto": -1, "uwr": -1 }, "geometry": { "type": "Point", "coordinates": [ 19.337444, 51.812361 ] } },
{ "type": "Feature", "properties": { "ID": 110210158, "yr": 2021, "dt": "2021-05-26T21:55:00", "WOJ": 10, "sev": 1, "c": [ 255, 255, 0, 160 ], "dmg": 0, "sli": 1, "ser": 0, "fat": 0, "row": 1, "mot": -1, "pie": -1, "uto": -1, "uwr": -1 }, "geometry": { "type": "Point", "coordinates": [ 19.421611, 52.235806 ] } },
{ "type": "Feature", "properties": { "ID": 110210160, "yr": 2021, "dt": "2021-05-26T20:33:10", "WOJ": 10, "sev": 1, "c": [ 255, 255, 0, 160 ], "dmg": 0, "sli": 1, "ser": 0, "fat": 0, "row": -1, "mot": 1, "pie": -1, "uto": -1, "uwr": -1 }, "geometry": { "type": "Point", "coordinates": [ 19.478917, 51.497583 ] } },
{ "type": "Feature", "properties": { "ID": 111701960, "yr": 2021, "dt": "2021-10-07T13:50:00", "WOJ": 10, "sev": 1, "c": [ 255, 255, 0, 160 ], "dmg": 1, "sli": 4, "ser": 0, "fat": 0, "row": -1, "mot": -1, "pie": -1, "uto": -1, "uwr": -1 }, "geometry": { "type": "Point", "coordinates": [ 19.543444, 51.291667 ] } },
{ "type": "Feature", "properties": { "ID": 111696230, "yr": 2021, "dt": "2021-10-07T14:43:50", "WOJ": 10, "sev": 1, "c": [ 255, 255, 0, 160 ], "dmg": 1, "sli": 1, "ser": 0, "fat": 0, "row": -1, "mot": -1, "pie": -1, "uto": -1, "uwr": -1 }, "geometry": { "type": "Point", "coordinates": [ 19.527917, 51.734556 ] } },
{ "type": "Feature", "properties": { "ID": 111702922, "yr": 2021, "dt": "2021-10-07T18:54:00", "WOJ": 10, "sev": 1, "c": [ 255, 255, 0, 160 ], "dmg": 1, "sli": 1, "ser": 0, "fat": 0, "row": -1, "mot": -1, "pie": 1, "uto": -1, "uwr": -1 }, "geometry": { "type": "Point", "coordinates": [ 19.455583, 51.758944 ] } },
{ "type": "Feature", "properties": { "ID": 111696487, "yr": 2021, "dt": "2021-10-07T13:21:00", "WOJ": 10, "sev": 1, "c": [ 255, 255, 0, 160 ], "dmg": 1, "sli": 1, "ser": 0, "fat": 0, "row": 1, "mot": -1, "pie": -1, "uto": -1, "uwr": -1 }, "geometry": { "type": "Point", "coordinates": [ 18.732028, 51.589833 ] } },
{ "type": "Feature", "properties": { "ID": 111702149, "yr": 2021, "dt": "2021-10-08T09:00:00", "WOJ": 10, "sev": 1, "c": [ 255, 255, 0, 160 ], "dmg": 2, "sli": 1, "ser": 0, "fat": 0, "row": -1, "mot": -1, "pie": -1, "uto": -1, "uwr": -1 }, "geometry": { "type": "Point", "coordinates": [ 19.304333, 52.225028 ] } },
{ "type": "Feature", "properties": { "ID": 111702449, "yr": 2021, "dt": "2021-10-08T18:55:00", "WOJ": 10, "sev": 1, "c": [ 255, 255, 0, 160 ], "dmg": 1, "sli": 1, "ser": 0, "fat": 0, "row": -1, "mot": -1, "pie": 1, "uto": -1, "uwr": -1 }, "geometry": { "type": "Point", "coordinates": [ 19.447361, 51.068472 ] } },
{ "type": "Feature", "properties": { "ID": 111700411, "yr": 2021, "dt": "2021-10-08T00:55:00", "WOJ": 10, "sev": 1, "c": [ 255, 255, 0, 160 ], "dmg": 1, "sli": 1, "ser": 0, "fat": 0, "row": -1, "mot": -1, "pie": 1, "uto": -1, "uwr": -1 }, "geometry": { "type": "Point", "coordinates": [ 19.381556, 51.851861 ] } },
{ "type": "Feature", "properties": { "ID": 111715043, "yr": 2021, "dt": "2021-10-08T10:36:00", "WOJ": 10, "sev": 1, "c": [ 255, 255, 0, 160 ], "dmg": 1, "sli": 1, "ser": 0, "fat": 0, "row": -1, "mot": -1, "pie": -1, "uto": -1, "uwr": -1 }, "geometry": { "type": "Point", "coordinates": [ 19.483944, 51.766528 ] } },
{ "type": "Feature", "properties": { "ID": 111689631, "yr": 2021, "dt": "2021-10-06T15:40:00", "WOJ": 10, "sev": 1, "c": [ 255, 255, 0, 160 ], "dmg": 1, "sli": 1, "ser": 0, "fat": 0, "row": -1, "mot": -1, "pie": 1, "uto": -1, "uwr": -1 }, "geometry": { "type": "Point", "coordinates": [ 19.156139, 52.0775 ] } },
{ "type": "Feature", "properties": { "ID": 111699955, "yr": 2021, "dt": "2021-10-06T13:00:00", "WOJ": 10, "sev": 1, "c": [ 255, 255, 0, 160 ], "dmg": 1, "sli": 1, "ser": 0, "fat": 0, "row": 1, "mot": -1, "pie": -1, "uto": -1, "uwr": -1 }, "geometry": { "type": "Point", "coordinates": [ 19.973556, 51.562306 ] } },
{ "type": "Feature", "properties": { "ID": 110222328, "yr": 2021, "dt": "2021-05-30T16:21:39", "WOJ": 10, "sev": 1, "c": [ 255, 255, 0, 160 ], "dmg": 1, "sli": 1, "ser": 0, "fat": 0, "row": -1, "mot": -1, "pie": 1, "uto": -1, "uwr": -1 }, "geometry": { "type": "Point", "coordinates": [ 18.721972, 51.80375 ] } },
{ "type": "Feature", "properties": { "ID": 110209756, "yr": 2021, "dt": "2021-05-26T05:57:00", "WOJ": 10, "sev": 1, "c": [ 255, 255, 0, 160 ], "dmg": 1, "sli": 1, "ser": 0, "fat": 0, "row": 1, "mot": -1, "pie": -1, "uto": -1, "uwr": -1 }, "geometry": { "type": "Point", "coordinates": [ 20.030528, 51.542917 ] } },
{ "type": "Feature", "properties": { "ID": 110208793, "yr": 2021, "dt": "2021-05-26T13:07:35", "WOJ": 10, "sev": 1, "c": [ 255, 255, 0, 160 ], "dmg": 1, "sli": 1, "ser": 0, "fat": 0, "row": -1, "mot": -1, "pie": 1, "uto": -1, "uwr": -1 }, "geometry": { "type": "Point", "coordinates": [ 19.501472, 51.735278 ] } },
{ "type": "Feature", "properties": { "ID": 110209493, "yr": 2021, "dt": "2021-05-26T10:54:00", "WOJ": 10, "sev": 1, "c": [ 255, 255, 0, 160 ], "dmg": 1, "sli": 1, "ser": 0, "fat": 0, "row": -1, "mot": -1, "pie": -1, "uto": -1, "uwr": -1 }, "geometry": { "type": "Point", "coordinates": [ 19.919528, 52.093528 ] } },
{ "type": "Feature", "properties": { "ID": 110210408, "yr": 2021, "dt": "2021-05-27T10:21:31", "WOJ": 10, "sev": 1, "c": [ 255, 255, 0, 160 ], "dmg": 2, "sli": 2, "ser": 0, "fat": 0, "row": -1, "mot": -1, "pie": -1, "uto": -1, "uwr": -1 }, "geometry": { "type": "Point", "coordinates": [ 19.419222, 51.747611 ] } },
{ "type": "Feature", "properties": { "ID": 110210350, "yr": 2021, "dt": "2021-05-27T08:55:24", "WOJ": 10, "sev": 1, "c": [ 255, 255, 0, 160 ], "dmg": 1, "sli": 1, "ser": 0, "fat": 0, "row": -1, "mot": -1, "pie": -1, "uto": -1, "uwr": -1 }, "geometry": { "type": "Point", "coordinates": [ 19.921556, 51.357028 ] } },
{ "type": "Feature", "properties": { "ID": 110210738, "yr": 2021, "dt": "2021-05-27T13:49:01", "WOJ": 10, "sev": 1, "c": [ 255, 255, 0, 160 ], "dmg": 4, "sli": 1, "ser": 0, "fat": 0, "row": -1, "mot": -1, "pie": -1, "uto": -1, "uwr": -1 }, "geometry": { "type": "Point", "coordinates": [ 18.8745, 51.10675 ] } },
{ "type": "Feature", "properties": { "ID": 110213425, "yr": 2021, "dt": "2021-05-27T14:24:51", "WOJ": 10, "sev": 1, "c": [ 255, 255, 0, 160 ], "dmg": 1, "sli": 1, "ser": 0, "fat": 0, "row": -1, "mot": -1, "pie": -1, "uto": -1, "uwr": -1 }, "geometry": { "type": "Point", "coordinates": [ 19.574583, 51.753722 ] } },
{ "type": "Feature", "properties": { "ID": 110210541, "yr": 2021, "dt": "2021-05-27T12:02:09", "WOJ": 10, "sev": 1, "c": [ 255, 255, 0, 160 ], "dmg": 1, "sli": 1, "ser": 0, "fat": 0, "row": 1, "mot": -1, "pie": -1, "uto": -1, "uwr": -1 }, "geometry": { "type": "Point", "coordinates": [ 19.430222, 51.770667 ] } },
{ "type": "Feature", "properties": { "ID": 110210594, "yr": 2021, "dt": "2021-05-27T09:33:48", "WOJ": 10, "sev": 1, "c": [ 255, 255, 0, 160 ], "dmg": 3, "sli": 1, "ser": 0, "fat": 0, "row": -1, "mot": -1, "pie": -1, "uto": -1, "uwr": -1 }, "geometry": { "type": "Point", "coordinates": [ 19.447639, 51.776139 ] } },
{ "type": "Feature", "properties": { "ID": 110211050, "yr": 2021, "dt": "2021-05-27T15:48:39", "WOJ": 10, "sev": 1, "c": [ 255, 255, 0, 160 ], "dmg": 1, "sli": 1, "ser": 0, "fat": 0, "row": 1, "mot": -1, "pie": -1, "uto": -1, "uwr": -1 }, "geometry": { "type": "Point", "coordinates": [ 19.476583, 51.738611 ] } },
{ "type": "Feature", "properties": { "ID": 110204400, "yr": 2021, "dt": "2021-05-23T17:10:00", "WOJ": 10, "sev": 1, "c": [ 255, 255, 0, 160 ], "dmg": 1, "sli": 2, "ser": 0, "fat": 0, "row": -1, "mot": -1, "pie": -1, "uto": -1, "uwr": -1 }, "geometry": { "type": "Point", "coordinates": [ 18.785111, 51.282167 ] } },
{ "type": "Feature", "properties": { "ID": 110205403, "yr": 2021, "dt": "2021-05-23T17:09:00", "WOJ": 10, "sev": 1, "c": [ 255, 255, 0, 160 ], "dmg": 0, "sli": 1, "ser": 0, "fat": 0, "row": -1, "mot": -1, "pie": -1, "uto": -1, "uwr": -1 }, "geometry": { "type": "Point", "coordinates": [ 19.484611, 51.698083 ] } },
{ "type": "Feature", "properties": { "ID": 110204535, "yr": 2021, "dt": "2021-05-23T17:50:00", "WOJ": 10, "sev": 1, "c": [ 255, 255, 0, 160 ], "dmg": 0, "sli": 2, "ser": 0, "fat": 0, "row": 1, "mot": 1, "pie": -1, "uto": -1, "uwr": -1 }, "geometry": { "type": "Point", "coordinates": [ 19.402306, 51.884389 ] } },
{ "type": "Feature", "properties": { "ID": 110215868, "yr": 2021, "dt": "2021-05-28T14:56:18", "WOJ": 10, "sev": 1, "c": [ 255, 255, 0, 160 ], "dmg": 2, "sli": 1, "ser": 0, "fat": 0, "row": -1, "mot": -1, "pie": -1, "uto": -1, "uwr": -1 }, "geometry": { "type": "Point", "coordinates": [ 19.713389, 51.9 ] } },
{ "type": "Feature", "properties": { "ID": 110218293, "yr": 2021, "dt": "2021-05-28T15:50:00", "WOJ": 10, "sev": 1, "c": [ 255, 255, 0, 160 ], "dmg": 1, "sli": 2, "ser": 0, "fat": 0, "row": -1, "mot": -1, "pie": -1, "uto": -1, "uwr": -1 }, "geometry": { "type": "Point", "coordinates": [ 19.901861, 51.571833 ] } },
{ "type": "Feature", "properties": { "ID": 110215717, "yr": 2021, "dt": "2021-05-28T10:50:00", "WOJ": 10, "sev": 1, "c": [ 255, 255, 0, 160 ], "dmg": 1, "sli": 1, "ser": 0, "fat": 0, "row": -1, "mot": -1, "pie": -1, "uto": -1, "uwr": -1 }, "geometry": { "type": "Point", "coordinates": [ 20.022111, 51.536944 ] } },
{ "type": "Feature", "properties": { "ID": 110256828, "yr": 2021, "dt": "2021-05-29T06:15:00", "WOJ": 10, "sev": 1, "c": [ 255, 255, 0, 160 ], "dmg": 1, "sli": 1, "ser": 0, "fat": 0, "row": -1, "mot": -1, "pie": -1, "uto": -1, "uwr": -1 }, "geometry": { "type": "Point", "coordinates": [ 19.369028, 51.802556 ] } },
{ "type": "Feature", "properties": { "ID": 110219557, "yr": 2021, "dt": "2021-05-29T09:15:00", "WOJ": 10, "sev": 1, "c": [ 255, 255, 0, 160 ], "dmg": 1, "sli": 1, "ser": 0, "fat": 0, "row": -1, "mot": -1, "pie": 1, "uto": -1, "uwr": -1 }, "geometry": { "type": "Point", "coordinates": [ 19.354972, 51.349194 ] } },
{ "type": "Feature", "properties": { "ID": 110220035, "yr": 2021, "dt": "2021-05-30T06:02:10", "WOJ": 10, "sev": 1, "c": [ 255, 255, 0, 160 ], "dmg": 0, "sli": 1, "ser": 0, "fat": 0, "row": -1, "mot": -1, "pie": -1, "uto": -1, "uwr": -1 }, "geometry": { "type": "Point", "coordinates": [ 20.223194, 51.525778 ] } },
{ "type": "Feature", "properties": { "ID": 110221306, "yr": 2021, "dt": "2021-05-30T13:19:53", "WOJ": 10, "sev": 1, "c": [ 255, 255, 0, 160 ], "dmg": 1, "sli": 1, "ser": 0, "fat": 0, "row": 1, "mot": -1, "pie": -1, "uto": -1, "uwr": -1 }, "geometry": { "type": "Point", "coordinates": [ 19.451333, 51.758917 ] } },
{ "type": "Feature", "properties": { "ID": 111696572, "yr": 2021, "dt": "2021-10-08T11:06:29", "WOJ": 10, "sev": 1, "c": [ 255, 255, 0, 160 ], "dmg": 1, "sli": 1, "ser": 0, "fat": 0, "row": -1, "mot": -1, "pie": 1, "uto": -1, "uwr": -1 }, "geometry": { "type": "Point", "coordinates": [ 19.755722, 51.799806 ] } },
{ "type": "Feature", "properties": { "ID": 111469059, "yr": 2021, "dt": "2021-10-05T14:57:41", "WOJ": 10, "sev": 1, "c": [ 255, 255, 0, 160 ], "dmg": 1, "sli": 1, "ser": 0, "fat": 0, "row": -1, "mot": -1, "pie": -1, "uto": -1, "uwr": -1 }, "geometry": { "type": "Point", "coordinates": [ 19.823444, 51.741667 ] } },
{ "type": "Feature", "properties": { "ID": 111469100, "yr": 2021, "dt": "2021-10-05T16:30:00", "WOJ": 10, "sev": 1, "c": [ 255, 255, 0, 160 ], "dmg": 1, "sli": 2, "ser": 0, "fat": 0, "row": -1, "mot": -1, "pie": 1, "uto": -1, "uwr": -1 }, "geometry": { "type": "Point", "coordinates": [ 19.202417, 52.057833 ] } },
{ "type": "Feature", "properties": { "ID": 111472339, "yr": 2021, "dt": "2021-10-05T13:10:00", "WOJ": 10, "sev": 1, "c": [ 255, 255, 0, 160 ], "dmg": 1, "sli": 1, "ser": 0, "fat": 0, "row": 0, "mot": -1, "pie": 1, "uto": -1, "uwr": -1 }, "geometry": { "type": "Point", "coordinates": [ 19.304417, 52.183389 ] } },
{ "type": "Feature", "properties": { "ID": 111661805, "yr": 2021, "dt": "2021-10-05T17:44:07", "WOJ": 10, "sev": 1, "c": [ 255, 255, 0, 160 ], "dmg": 1, "sli": 1, "ser": 0, "fat": 0, "row": -1, "mot": -1, "pie": 1, "uto": -1, "uwr": -1 }, "geometry": { "type": "Point", "coordinates": [ 19.442556, 51.781111 ] } },
{ "type": "Feature", "properties": { "ID": 111472050, "yr": 2021, "dt": "2021-10-05T11:24:27", "WOJ": 10, "sev": 1, "c": [ 255, 255, 0, 160 ], "dmg": 1, "sli": 1, "ser": 0, "fat": 0, "row": 1, "mot": -1, "pie": -1, "uto": -1, "uwr": -1 }, "geometry": { "type": "Point", "coordinates": [ 19.4215, 51.789944 ] } },
{ "type": "Feature", "properties": { "ID": 111694811, "yr": 2021, "dt": "2021-10-06T18:04:25", "WOJ": 10, "sev": 1, "c": [ 255, 255, 0, 160 ], "dmg": 1, "sli": 1, "ser": 0, "fat": 0, "row": -1, "mot": 1, "pie": -1, "uto": -1, "uwr": -1 }, "geometry": { "type": "Point", "coordinates": [ 19.475222, 51.774528 ] } },
{ "type": "Feature", "properties": { "ID": 111689466, "yr": 2021, "dt": "2021-10-06T16:04:45", "WOJ": 10, "sev": 1, "c": [ 255, 255, 0, 160 ], "dmg": 1, "sli": 1, "ser": 0, "fat": 0, "row": -1, "mot": -1, "pie": 1, "uto": -1, "uwr": -1 }, "geometry": { "type": "Point", "coordinates": [ 19.626111, 51.794639 ] } },
{ "type": "Feature", "properties": { "ID": 111689082, "yr": 2021, "dt": "2021-10-06T10:19:27", "WOJ": 10, "sev": 1, "c": [ 255, 255, 0, 160 ], "dmg": 1, "sli": 1, "ser": 0, "fat": 0, "row": -1, "mot": -1, "pie": -1, "uto": -1, "uwr": -1 }, "geometry": { "type": "Point", "coordinates": [ 19.203722, 51.587278 ] } },
{ "type": "Feature", "properties": { "ID": 111467819, "yr": 2021, "dt": "2021-10-04T19:00:00", "WOJ": 10, "sev": 1, "c": [ 255, 255, 0, 160 ], "dmg": 2, "sli": 1, "ser": 0, "fat": 0, "row": -1, "mot": -1, "pie": -1, "uto": -1, "uwr": -1 }, "geometry": { "type": "Point", "coordinates": [ 19.599611, 51.518861 ] } },
{ "type": "Feature", "properties": { "ID": 111307164, "yr": 2021, "dt": "2021-10-04T10:50:18", "WOJ": 10, "sev": 1, "c": [ 255, 255, 0, 160 ], "dmg": 1, "sli": 1, "ser": 0, "fat": 0, "row": 1, "mot": -1, "pie": -1, "uto": -1, "uwr": -1 }, "geometry": { "type": "Point", "coordinates": [ 19.47775, 51.780972 ] } },
{ "type": "Feature", "properties": { "ID": 111356815, "yr": 2021, "dt": "2021-10-04T07:57:00", "WOJ": 10, "sev": 1, "c": [ 255, 255, 0, 160 ], "dmg": 0, "sli": 2, "ser": 0, "fat": 0, "row": 1, "mot": -1, "pie": -1, "uto": -1, "uwr": -1 }, "geometry": { "type": "Point", "coordinates": [ 19.45525, 51.721 ] } },
{ "type": "Feature", "properties": { "ID": 111308091, "yr": 2021, "dt": "2021-10-04T15:16:25", "WOJ": 10, "sev": 1, "c": [ 255, 255, 0, 160 ], "dmg": 1, "sli": 1, "ser": 0, "fat": 0, "row": -1, "mot": -1, "pie": -1, "uto": -1, "uwr": -1 }, "geometry": { "type": "Point", "coordinates": [ 19.348222, 51.333139 ] } },
{ "type": "Feature", "properties": { "ID": 111307259, "yr": 2021, "dt": "2021-10-04T14:15:54", "WOJ": 10, "sev": 1, "c": [ 255, 255, 0, 160 ], "dmg": 0, "sli": 1, "ser": 0, "fat": 0, "row": -1, "mot": -1, "pie": -1, "uto": -1, "uwr": -1 }, "geometry": { "type": "Point", "coordinates": [ 19.477222, 51.691917 ] } },
{ "type": "Feature", "properties": { "ID": 110222202, "yr": 2021, "dt": "2021-05-30T13:00:00", "WOJ": 10, "sev": 1, "c": [ 255, 255, 0, 160 ], "dmg": 1, "sli": 1, "ser": 0, "fat": 0, "row": -1, "mot": -1, "pie": -1, "uto": -1, "uwr": -1 }, "geometry": { "type": "Point", "coordinates": [ 20.023083, 51.566333 ] } },
{ "type": "Feature", "properties": { "ID": 110222470, "yr": 2021, "dt": "2021-05-30T23:15:00", "WOJ": 10, "sev": 1, "c": [ 255, 255, 0, 160 ], "dmg": 0, "sli": 2, "ser": 0, "fat": 0, "row": -1, "mot": -1, "pie": -1, "uto": -1, "uwr": -1 }, "geometry": { "type": "Point", "coordinates": [ 19.376583, 52.298111 ] } },
{ "type": "Feature", "properties": { "ID": 110223295, "yr": 2021, "dt": "2021-05-31T16:38:35", "WOJ": 10, "sev": 1, "c": [ 255, 255, 0, 160 ], "dmg": 1, "sli": 1, "ser": 0, "fat": 0, "row": -1, "mot": -1, "pie": 1, "uto": -1, "uwr": -1 }, "geometry": { "type": "Point", "coordinates": [ 19.414417, 51.757389 ] } },
{ "type": "Feature", "properties": { "ID": 110222492, "yr": 2021, "dt": "2021-05-31T01:46:12", "WOJ": 10, "sev": 1, "c": [ 255, 255, 0, 160 ], "dmg": 1, "sli": 1, "ser": 0, "fat": 0, "row": -1, "mot": -1, "pie": -1, "uto": -1, "uwr": -1 }, "geometry": { "type": "Point", "coordinates": [ 19.568056, 51.415278 ] } },
{ "type": "Feature", "properties": { "ID": 110229545, "yr": 2021, "dt": "2021-05-31T21:54:00", "WOJ": 10, "sev": 1, "c": [ 255, 255, 0, 160 ], "dmg": 0, "sli": 1, "ser": 0, "fat": 0, "row": -1, "mot": -1, "pie": -1, "uto": -1, "uwr": -1 }, "geometry": { "type": "Point", "coordinates": [ 20.134944, 51.287139 ] } },
{ "type": "Feature", "properties": { "ID": 110224507, "yr": 2021, "dt": "2021-05-31T08:24:20", "WOJ": 10, "sev": 1, "c": [ 255, 255, 0, 160 ], "dmg": 1, "sli": 1, "ser": 0, "fat": 0, "row": 1, "mot": -1, "pie": -1, "uto": -1, "uwr": -1 }, "geometry": { "type": "Point", "coordinates": [ 19.428889, 51.727028 ] } },
{ "type": "Feature", "properties": { "ID": 110223305, "yr": 2021, "dt": "2021-05-31T20:00:00", "WOJ": 10, "sev": 1, "c": [ 255, 255, 0, 160 ], "dmg": 1, "sli": 1, "ser": 0, "fat": 0, "row": 0, "mot": -1, "pie": 1, "uto": -1, "uwr": -1 }, "geometry": { "type": "Point", "coordinates": [ 19.421722, 51.870639 ] } },
{ "type": "Feature", "properties": { "ID": 110236584, "yr": 2021, "dt": "2021-06-01T14:28:52", "WOJ": 10, "sev": 1, "c": [ 255, 255, 0, 160 ], "dmg": 1, "sli": 1, "ser": 0, "fat": 0, "row": 1, "mot": -1, "pie": -1, "uto": -1, "uwr": -1 }, "geometry": { "type": "Point", "coordinates": [ 19.452667, 51.732472 ] } },
{ "type": "Feature", "properties": { "ID": 110230518, "yr": 2021, "dt": "2021-06-01T07:39:59", "WOJ": 10, "sev": 1, "c": [ 255, 255, 0, 160 ], "dmg": 1, "sli": 1, "ser": 0, "fat": 0, "row": -1, "mot": -1, "pie": -1, "uto": -1, "uwr": -1 }, "geometry": { "type": "Point", "coordinates": [ 19.429889, 51.756389 ] } },
{ "type": "Feature", "properties": { "ID": 110218258, "yr": 2021, "dt": "2021-05-28T12:12:00", "WOJ": 10, "sev": 1, "c": [ 255, 255, 0, 160 ], "dmg": 1, "sli": 1, "ser": 0, "fat": 0, "row": -1, "mot": -1, "pie": -1, "uto": -1, "uwr": -1 }, "geometry": { "type": "Point", "coordinates": [ 19.283972, 51.4665 ] } },
{ "type": "Feature", "properties": { "ID": 110215393, "yr": 2021, "dt": "2021-05-28T07:40:00", "WOJ": 10, "sev": 1, "c": [ 255, 255, 0, 160 ], "dmg": 2, "sli": 1, "ser": 0, "fat": 0, "row": -1, "mot": -1, "pie": -1, "uto": -1, "uwr": -1 }, "geometry": { "type": "Point", "coordinates": [ 20.033611, 51.46 ] } },
{ "type": "Feature", "properties": { "ID": 111251863, "yr": 2021, "dt": "2021-10-02T16:13:36", "WOJ": 10, "sev": 1, "c": [ 255, 255, 0, 160 ], "dmg": 2, "sli": 2, "ser": 0, "fat": 0, "row": -1, "mot": -1, "pie": -1, "uto": -1, "uwr": -1 }, "geometry": { "type": "Point", "coordinates": [ 20.089167, 52.145 ] } },
{ "type": "Feature", "properties": { "ID": 111223379, "yr": 2021, "dt": "2021-10-02T11:18:57", "WOJ": 10, "sev": 1, "c": [ 255, 255, 0, 160 ], "dmg": 0, "sli": 2, "ser": 0, "fat": 0, "row": -1, "mot": -1, "pie": -1, "uto": -1, "uwr": -1 }, "geometry": { "type": "Point", "coordinates": [ 19.242194, 51.455722 ] } },
{ "type": "Feature", "properties": { "ID": 111252013, "yr": 2021, "dt": "2021-10-02T19:15:03", "WOJ": 10, "sev": 1, "c": [ 255, 255, 0, 160 ], "dmg": 1, "sli": 1, "ser": 0, "fat": 0, "row": -1, "mot": -1, "pie": 1, "uto": -1, "uwr": -1 }, "geometry": { "type": "Point", "coordinates": [ 19.674333, 51.405694 ] } },
{ "type": "Feature", "properties": { "ID": 111290808, "yr": 2021, "dt": "2021-10-03T11:14:37", "WOJ": 10, "sev": 1, "c": [ 255, 255, 0, 160 ], "dmg": 1, "sli": 1, "ser": 0, "fat": 0, "row": 1, "mot": 0, "pie": -1, "uto": -1, "uwr": -1 }, "geometry": { "type": "Point", "coordinates": [ 19.698667, 51.550556 ] } },
{ "type": "Feature", "properties": { "ID": 111288805, "yr": 2021, "dt": "2021-10-03T13:10:00", "WOJ": 10, "sev": 1, "c": [ 255, 255, 0, 160 ], "dmg": 1, "sli": 1, "ser": 0, "fat": 0, "row": -1, "mot": 1, "pie": -1, "uto": -1, "uwr": -1 }, "geometry": { "type": "Point", "coordinates": [ 19.003917, 51.475 ] } },
{ "type": "Feature", "properties": { "ID": 110231811, "yr": 2021, "dt": "2021-06-01T11:38:10", "WOJ": 10, "sev": 1, "c": [ 255, 255, 0, 160 ], "dmg": 1, "sli": 1, "ser": 0, "fat": 0, "row": -1, "mot": -1, "pie": -1, "uto": -1, "uwr": -1 }, "geometry": { "type": "Point", "coordinates": [ 19.451806, 51.777833 ] } },
{ "type": "Feature", "properties": { "ID": 110232134, "yr": 2021, "dt": "2021-06-01T14:18:00", "WOJ": 10, "sev": 1, "c": [ 255, 255, 0, 160 ], "dmg": 1, "sli": 1, "ser": 0, "fat": 0, "row": -1, "mot": -1, "pie": -1, "uto": -1, "uwr": -1 }, "geometry": { "type": "Point", "coordinates": [ 19.430722, 51.754833 ] } },
{ "type": "Feature", "properties": { "ID": 110251770, "yr": 2021, "dt": "2021-06-02T16:19:02", "WOJ": 10, "sev": 1, "c": [ 255, 255, 0, 160 ], "dmg": 1, "sli": 1, "ser": 0, "fat": 0, "row": 0, "mot": -1, "pie": -1, "uto": -1, "uwr": -1 }, "geometry": { "type": "Point", "coordinates": [ 19.402194, 51.418028 ] } },
{ "type": "Feature", "properties": { "ID": 110250465, "yr": 2021, "dt": "2021-06-02T15:35:41", "WOJ": 10, "sev": 1, "c": [ 255, 255, 0, 160 ], "dmg": 1, "sli": 1, "ser": 0, "fat": 0, "row": -1, "mot": -1, "pie": -1, "uto": -1, "uwr": -1 }, "geometry": { "type": "Point", "coordinates": [ 20.398583, 51.459222 ] } },
{ "type": "Feature", "properties": { "ID": 110249517, "yr": 2021, "dt": "2021-06-02T08:42:52", "WOJ": 10, "sev": 1, "c": [ 255, 255, 0, 160 ], "dmg": 1, "sli": 1, "ser": 0, "fat": 0, "row": -1, "mot": -1, "pie": 1, "uto": -1, "uwr": -1 }, "geometry": { "type": "Point", "coordinates": [ 19.467306, 51.763361 ] } },
{ "type": "Feature", "properties": { "ID": 110251881, "yr": 2021, "dt": "2021-06-02T16:46:01", "WOJ": 10, "sev": 1, "c": [ 255, 255, 0, 160 ], "dmg": 0, "sli": 1, "ser": 0, "fat": 0, "row": -1, "mot": -1, "pie": -1, "uto": -1, "uwr": -1 }, "geometry": { "type": "Point", "coordinates": [ 19.869611, 51.264 ] } },
{ "type": "Feature", "properties": { "ID": 111689286, "yr": 2021, "dt": "2021-10-06T12:20:00", "WOJ": 10, "sev": 1, "c": [ 255, 255, 0, 160 ], "dmg": 2, "sli": 2, "ser": 0, "fat": 0, "row": -1, "mot": -1, "pie": -1, "uto": -1, "uwr": -1 }, "geometry": { "type": "Point", "coordinates": [ 20.535, 51.782889 ] } },
{ "type": "Feature", "properties": { "ID": 111290851, "yr": 2021, "dt": "2021-10-03T12:20:00", "WOJ": 10, "sev": 1, "c": [ 255, 255, 0, 160 ], "dmg": 0, "sli": 2, "ser": 0, "fat": 0, "row": -1, "mot": -1, "pie": -1, "uto": -1, "uwr": -1 }, "geometry": { "type": "Point", "coordinates": [ 20.125583, 51.311 ] } },
{ "type": "Feature", "properties": { "ID": 111291811, "yr": 2021, "dt": "2021-10-03T15:26:34", "WOJ": 10, "sev": 1, "c": [ 255, 255, 0, 160 ], "dmg": 2, "sli": 1, "ser": 0, "fat": 0, "row": -1, "mot": -1, "pie": -1, "uto": -1, "uwr": -1 }, "geometry": { "type": "Point", "coordinates": [ 19.433333, 51.757667 ] } },
{ "type": "Feature", "properties": { "ID": 111293815, "yr": 2021, "dt": "2021-10-03T14:50:00", "WOJ": 10, "sev": 1, "c": [ 255, 255, 0, 160 ], "dmg": 1, "sli": 1, "ser": 0, "fat": 0, "row": -1, "mot": -1, "pie": -1, "uto": -1, "uwr": -1 }, "geometry": { "type": "Point", "coordinates": [ 19.395083, 51.905889 ] } },
{ "type": "Feature", "properties": { "ID": 111291847, "yr": 2021, "dt": "2021-10-03T14:31:52", "WOJ": 10, "sev": 1, "c": [ 255, 255, 0, 160 ], "dmg": 1, "sli": 1, "ser": 0, "fat": 0, "row": -1, "mot": 1, "pie": -1, "uto": -1, "uwr": -1 }, "geometry": { "type": "Point", "coordinates": [ 19.627611, 51.251528 ] } },
{ "type": "Feature", "properties": { "ID": 110260059, "yr": 2021, "dt": "2021-06-07T18:15:00", "WOJ": 10, "sev": 1, "c": [ 255, 255, 0, 160 ], "dmg": 1, "sli": 1, "ser": 0, "fat": 0, "row": 1, "mot": -1, "pie": -1, "uto": -1, "uwr": -1 }, "geometry": { "type": "Point", "coordinates": [ 20.28, 51.380194 ] } },
{ "type": "Feature", "properties": { "ID": 110252667, "yr": 2021, "dt": "2021-06-03T03:15:00", "WOJ": 10, "sev": 1, "c": [ 255, 255, 0, 160 ], "dmg": 0, "sli": 3, "ser": 0, "fat": 0, "row": -1, "mot": -1, "pie": -1, "uto": -1, "uwr": -1 }, "geometry": { "type": "Point", "coordinates": [ 20.102639, 51.703278 ] } },
{ "type": "Feature", "properties": { "ID": 110252362, "yr": 2021, "dt": "2021-06-03T21:00:00", "WOJ": 10, "sev": 1, "c": [ 255, 255, 0, 160 ], "dmg": 1, "sli": 1, "ser": 0, "fat": 0, "row": -1, "mot": 1, "pie": -1, "uto": -1, "uwr": -1 }, "geometry": { "type": "Point", "coordinates": [ 18.777194, 51.600639 ] } },
{ "type": "Feature", "properties": { "ID": 110252371, "yr": 2021, "dt": "2021-06-03T19:07:21", "WOJ": 10, "sev": 1, "c": [ 255, 255, 0, 160 ], "dmg": 1, "sli": 1, "ser": 0, "fat": 0, "row": -1, "mot": 1, "pie": -1, "uto": -1, "uwr": -1 }, "geometry": { "type": "Point", "coordinates": [ 20.081111, 51.739278 ] } },
{ "type": "Feature", "properties": { "ID": 110252387, "yr": 2021, "dt": "2021-06-03T23:34:21", "WOJ": 10, "sev": 1, "c": [ 255, 255, 0, 160 ], "dmg": 0, "sli": 2, "ser": 0, "fat": 0, "row": -1, "mot": -1, "pie": -1, "uto": -1, "uwr": -1 }, "geometry": { "type": "Point", "coordinates": [ 20.047583, 52.032472 ] } },
{ "type": "Feature", "properties": { "ID": 110253070, "yr": 2021, "dt": "2021-06-03T20:35:52", "WOJ": 10, "sev": 1, "c": [ 255, 255, 0, 160 ], "dmg": 1, "sli": 1, "ser": 0, "fat": 0, "row": -1, "mot": -1, "pie": -1, "uto": -1, "uwr": -1 }, "geometry": { "type": "Point", "coordinates": [ 20.137, 51.787083 ] } },
{ "type": "Feature", "properties": { "ID": 110252723, "yr": 2021, "dt": "2021-06-03T12:24:04", "WOJ": 10, "sev": 1, "c": [ 255, 255, 0, 160 ], "dmg": 1, "sli": 1, "ser": 0, "fat": 0, "row": -1, "mot": -1, "pie": -1, "uto": -1, "uwr": -1 }, "geometry": { "type": "Point", "coordinates": [ 19.4515, 51.778389 ] } },
{ "type": "Feature", "properties": { "ID": 110252154, "yr": 2021, "dt": "2021-06-03T16:21:07", "WOJ": 10, "sev": 1, "c": [ 255, 255, 0, 160 ], "dmg": 1, "sli": 1, "ser": 0, "fat": 0, "row": -1, "mot": -1, "pie": -1, "uto": -1, "uwr": -1 }, "geometry": { "type": "Point", "coordinates": [ 19.508389, 51.789444 ] } },
{ "type": "Feature", "properties": { "ID": 110254053, "yr": 2021, "dt": "2021-06-04T18:13:43", "WOJ": 10, "sev": 1, "c": [ 255, 255, 0, 160 ], "dmg": 2, "sli": 1, "ser": 0, "fat": 0, "row": -1, "mot": -1, "pie": -1, "uto": -1, "uwr": -1 }, "geometry": { "type": "Point", "coordinates": [ 20.062167, 51.548778 ] } },
{ "type": "Feature", "properties": { "ID": 110253333, "yr": 2021, "dt": "2021-06-04T12:15:00", "WOJ": 10, "sev": 1, "c": [ 255, 255, 0, 160 ], "dmg": 1, "sli": 2, "ser": 0, "fat": 0, "row": -1, "mot": -1, "pie": -1, "uto": -1, "uwr": -1 }, "geometry": { "type": "Point", "coordinates": [ 20.248722, 51.763083 ] } },
{ "type": "Feature", "properties": { "ID": 110253113, "yr": 2021, "dt": "2021-06-04T00:05:00", "WOJ": 10, "sev": 1, "c": [ 255, 255, 0, 160 ], "dmg": 1, "sli": 2, "ser": 0, "fat": 0, "row": -1, "mot": -1, "pie": -1, "uto": -1, "uwr": -1 }, "geometry": { "type": "Point", "coordinates": [ 19.380361, 52.295667 ] } },
{ "type": "Feature", "properties": { "ID": 110254584, "yr": 2021, "dt": "2021-06-04T20:23:39", "WOJ": 10, "sev": 1, "c": [ 255, 255, 0, 160 ], "dmg": 1, "sli": 1, "ser": 0, "fat": 0, "row": -1, "mot": -1, "pie": -1, "uto": -1, "uwr": -1 }, "geometry": { "type": "Point", "coordinates": [ 19.479583, 51.810611 ] } },
{ "type": "Feature", "properties": { "ID": 111469139, "yr": 2021, "dt": "2021-10-05T15:44:08", "WOJ": 10, "sev": 1, "c": [ 255, 255, 0, 160 ], "dmg": 2, "sli": 1, "ser": 0, "fat": 0, "row": -1, "mot": -1, "pie": -1, "uto": -1, "uwr": -1 }, "geometry": { "type": "Point", "coordinates": [ 19.456556, 51.7595 ] } },
{ "type": "Feature", "properties": { "ID": 110947318, "yr": 2021, "dt": "2021-10-01T10:50:00", "WOJ": 10, "sev": 1, "c": [ 255, 255, 0, 160 ], "dmg": 1, "sli": 1, "ser": 0, "fat": 0, "row": -1, "mot": -1, "pie": -1, "uto": -1, "uwr": -1 }, "geometry": { "type": "Point", "coordinates": [ 19.367639, 52.236556 ] } },
{ "type": "Feature", "properties": { "ID": 111249097, "yr": 2021, "dt": "2021-10-02T14:09:46", "WOJ": 10, "sev": 1, "c": [ 255, 255, 0, 160 ], "dmg": 1, "sli": 1, "ser": 0, "fat": 0, "row": -1, "mot": 0, "pie": -1, "uto": -1, "uwr": -1 }, "geometry": { "type": "Point", "coordinates": [ 19.476722, 51.687694 ] } },
{ "type": "Feature", "properties": { "ID": 111248912, "yr": 2021, "dt": "2021-10-02T12:20:00", "WOJ": 10, "sev": 1, "c": [ 255, 255, 0, 160 ], "dmg": 1, "sli": 1, "ser": 0, "fat": 0, "row": -1, "mot": -1, "pie": -1, "uto": -1, "uwr": -1 }, "geometry": { "type": "Point", "coordinates": [ 20.091722, 51.545667 ] } },
{ "type": "Feature", "properties": { "ID": 110254064, "yr": 2021, "dt": "2021-06-04T14:27:00", "WOJ": 10, "sev": 1, "c": [ 255, 255, 0, 160 ], "dmg": 1, "sli": 1, "ser": 0, "fat": 0, "row": 1, "mot": -1, "pie": -1, "uto": -1, "uwr": -1 }, "geometry": { "type": "Point", "coordinates": [ 19.425917, 51.776694 ] } },
{ "type": "Feature", "properties": { "ID": 110254684, "yr": 2021, "dt": "2021-06-04T15:20:00", "WOJ": 10, "sev": 1, "c": [ 255, 255, 0, 160 ], "dmg": 0, "sli": 2, "ser": 0, "fat": 0, "row": -1, "mot": -1, "pie": -1, "uto": -1, "uwr": -1 }, "geometry": { "type": "Point", "coordinates": [ 19.370417, 51.93 ] } },
{ "type": "Feature", "properties": { "ID": 110256060, "yr": 2021, "dt": "2021-06-05T23:21:00", "WOJ": 10, "sev": 1, "c": [ 255, 255, 0, 160 ], "dmg": 2, "sli": 1, "ser": 0, "fat": 0, "row": -1, "mot": -1, "pie": -1, "uto": -1, "uwr": -1 }, "geometry": { "type": "Point", "coordinates": [ 20.15175, 51.953639 ] } },
{ "type": "Feature", "properties": { "ID": 110255072, "yr": 2021, "dt": "2021-06-05T17:52:50", "WOJ": 10, "sev": 1, "c": [ 255, 255, 0, 160 ], "dmg": 1, "sli": 1, "ser": 0, "fat": 0, "row": -1, "mot": -1, "pie": -1, "uto": -1, "uwr": -1 }, "geometry": { "type": "Point", "coordinates": [ 19.793222, 51.521833 ] } },
{ "type": "Feature", "properties": { "ID": 110255235, "yr": 2021, "dt": "2021-06-05T21:10:00", "WOJ": 10, "sev": 1, "c": [ 255, 255, 0, 160 ], "dmg": 1, "sli": 1, "ser": 0, "fat": 0, "row": -1, "mot": -1, "pie": -1, "uto": -1, "uwr": -1 }, "geometry": { "type": "Point", "coordinates": [ 19.511556, 51.037083 ] } },
{ "type": "Feature", "properties": { "ID": 110256232, "yr": 2021, "dt": "2021-06-06T13:45:59", "WOJ": 10, "sev": 1, "c": [ 255, 255, 0, 160 ], "dmg": 0, "sli": 2, "ser": 0, "fat": 0, "row": -1, "mot": -1, "pie": -1, "uto": -1, "uwr": -1 }, "geometry": { "type": "Point", "coordinates": [ 20.429167, 51.529528 ] } },
{ "type": "Feature", "properties": { "ID": 110255337, "yr": 2021, "dt": "2021-06-06T04:38:00", "WOJ": 10, "sev": 1, "c": [ 255, 255, 0, 160 ], "dmg": 2, "sli": 1, "ser": 0, "fat": 0, "row": -1, "mot": -1, "pie": -1, "uto": -1, "uwr": -1 }, "geometry": { "type": "Point", "coordinates": [ 20.256917, 51.755972 ] } },
{ "type": "Feature", "properties": { "ID": 111304805, "yr": 2021, "dt": "2021-10-03T23:58:15", "WOJ": 10, "sev": 1, "c": [ 255, 255, 0, 160 ], "dmg": 1, "sli": 1, "ser": 0, "fat": 0, "row": -1, "mot": -1, "pie": -1, "uto": -1, "uwr": -1 }, "geometry": { "type": "Point", "coordinates": [ 19.42075, 51.791944 ] } },
{ "type": "Feature", "properties": { "ID": 110929043, "yr": 2021, "dt": "2021-09-29T14:12:11", "WOJ": 10, "sev": 1, "c": [ 255, 255, 0, 160 ], "dmg": 1, "sli": 1, "ser": 0, "fat": 0, "row": -1, "mot": -1, "pie": -1, "uto": -1, "uwr": -1 }, "geometry": { "type": "Point", "coordinates": [ 19.348194, 51.289861 ] } },
{ "type": "Feature", "properties": { "ID": 110945392, "yr": 2021, "dt": "2021-09-30T17:20:00", "WOJ": 10, "sev": 1, "c": [ 255, 255, 0, 160 ], "dmg": 0, "sli": 4, "ser": 0, "fat": 0, "row": -1, "mot": -1, "pie": -1, "uto": -1, "uwr": -1 }, "geometry": { "type": "Point", "coordinates": [ 19.668583, 51.410083 ] } },
{ "type": "Feature", "properties": { "ID": 110993805, "yr": 2021, "dt": "2021-09-30T09:41:38", "WOJ": 10, "sev": 1, "c": [ 255, 255, 0, 160 ], "dmg": 0, "sli": 2, "ser": 0, "fat": 0, "row": -1, "mot": -1, "pie": -1, "uto": -1, "uwr": -1 }, "geometry": { "type": "Point", "coordinates": [ 18.873444, 51.211222 ] } },
{ "type": "Feature", "properties": { "ID": 110947067, "yr": 2021, "dt": "2021-09-30T19:00:00", "WOJ": 10, "sev": 1, "c": [ 255, 255, 0, 160 ], "dmg": 1, "sli": 1, "ser": 0, "fat": 0, "row": -1, "mot": -1, "pie": -1, "uto": -1, "uwr": -1 }, "geometry": { "type": "Point", "coordinates": [ 20.29225, 51.372389 ] } },
{ "type": "Feature", "properties": { "ID": 110949832, "yr": 2021, "dt": "2021-09-30T07:41:43", "WOJ": 10, "sev": 1, "c": [ 255, 255, 0, 160 ], "dmg": 1, "sli": 1, "ser": 0, "fat": 0, "row": -1, "mot": -1, "pie": -1, "uto": -1, "uwr": -1 }, "geometry": { "type": "Point", "coordinates": [ 19.719472, 51.669528 ] } },
{ "type": "Feature", "properties": { "ID": 111223162, "yr": 2021, "dt": "2021-10-01T19:29:51", "WOJ": 10, "sev": 1, "c": [ 255, 255, 0, 160 ], "dmg": 1, "sli": 1, "ser": 0, "fat": 0, "row": -1, "mot": -1, "pie": 1, "uto": -1, "uwr": -1 }, "geometry": { "type": "Point", "coordinates": [ 19.439, 51.767194 ] } },
{ "type": "Feature", "properties": { "ID": 111235838, "yr": 2021, "dt": "2021-10-01T16:10:00", "WOJ": 10, "sev": 1, "c": [ 255, 255, 0, 160 ], "dmg": 1, "sli": 1, "ser": 0, "fat": 0, "row": 1, "mot": -1, "pie": -1, "uto": -1, "uwr": -1 }, "geometry": { "type": "Point", "coordinates": [ 19.651778, 51.804056 ] } },
{ "type": "Feature", "properties": { "ID": 111223101, "yr": 2021, "dt": "2021-10-01T14:43:20", "WOJ": 10, "sev": 1, "c": [ 255, 255, 0, 160 ], "dmg": 2, "sli": 2, "ser": 0, "fat": 0, "row": -1, "mot": -1, "pie": -1, "uto": -1, "uwr": -1 }, "geometry": { "type": "Point", "coordinates": [ 19.442556, 51.800056 ] } },
{ "type": "Feature", "properties": { "ID": 110928986, "yr": 2021, "dt": "2021-09-28T13:07:00", "WOJ": 10, "sev": 1, "c": [ 255, 255, 0, 160 ], "dmg": 1, "sli": 1, "ser": 0, "fat": 0, "row": -1, "mot": -1, "pie": -1, "uto": -1, "uwr": -1 }, "geometry": { "type": "Point", "coordinates": [ 19.0935, 51.34425 ] } },
{ "type": "Feature", "properties": { "ID": 110919129, "yr": 2021, "dt": "2021-09-28T13:48:29", "WOJ": 10, "sev": 1, "c": [ 255, 255, 0, 160 ], "dmg": 1, "sli": 1, "ser": 0, "fat": 0, "row": -1, "mot": 1, "pie": -1, "uto": -1, "uwr": -1 }, "geometry": { "type": "Point", "coordinates": [ 19.474861, 51.747944 ] } },
{ "type": "Feature", "properties": { "ID": 110928997, "yr": 2021, "dt": "2021-09-29T13:10:00", "WOJ": 10, "sev": 1, "c": [ 255, 255, 0, 160 ], "dmg": 1, "sli": 1, "ser": 0, "fat": 0, "row": -1, "mot": 1, "pie": -1, "uto": -1, "uwr": -1 }, "geometry": { "type": "Point", "coordinates": [ 18.625056, 51.710278 ] } },
{ "type": "Feature", "properties": { "ID": 110260208, "yr": 2021, "dt": "2021-06-07T20:21:32", "WOJ": 10, "sev": 1, "c": [ 255, 255, 0, 160 ], "dmg": 1, "sli": 1, "ser": 0, "fat": 0, "row": -1, "mot": 1, "pie": -1, "uto": -1, "uwr": -1 }, "geometry": { "type": "Point", "coordinates": [ 18.583306, 51.218611 ] } },
{ "type": "Feature", "properties": { "ID": 110257215, "yr": 2021, "dt": "2021-06-07T15:28:00", "WOJ": 10, "sev": 1, "c": [ 255, 255, 0, 160 ], "dmg": 1, "sli": 1, "ser": 0, "fat": 0, "row": -1, "mot": 1, "pie": -1, "uto": -1, "uwr": -1 }, "geometry": { "type": "Point", "coordinates": [ 20.259528, 51.764472 ] } },
{ "type": "Feature", "properties": { "ID": 110256760, "yr": 2021, "dt": "2021-06-07T08:14:42", "WOJ": 10, "sev": 1, "c": [ 255, 255, 0, 160 ], "dmg": 1, "sli": 2, "ser": 0, "fat": 0, "row": -1, "mot": -1, "pie": 1, "uto": -1, "uwr": -1 }, "geometry": { "type": "Point", "coordinates": [ 19.450361, 51.76425 ] } },
{ "type": "Feature", "properties": { "ID": 110260035, "yr": 2021, "dt": "2021-06-07T18:30:00", "WOJ": 10, "sev": 1, "c": [ 255, 255, 0, 160 ], "dmg": 1, "sli": 1, "ser": 0, "fat": 0, "row": 1, "mot": -1, "pie": -1, "uto": -1, "uwr": -1 }, "geometry": { "type": "Point", "coordinates": [ 19.218611, 51.466194 ] } },
{ "type": "Feature", "properties": { "ID": 110257730, "yr": 2021, "dt": "2021-06-07T08:45:00", "WOJ": 10, "sev": 1, "c": [ 255, 255, 0, 160 ], "dmg": 1, "sli": 1, "ser": 0, "fat": 0, "row": 1, "mot": -1, "pie": -1, "uto": -1, "uwr": -1 }, "geometry": { "type": "Point", "coordinates": [ 18.727972, 51.592694 ] } },
{ "type": "Feature", "properties": { "ID": 110257194, "yr": 2021, "dt": "2021-06-07T11:20:00", "WOJ": 10, "sev": 1, "c": [ 255, 255, 0, 160 ], "dmg": 1, "sli": 1, "ser": 0, "fat": 0, "row": -1, "mot": -1, "pie": -1, "uto": -1, "uwr": -1 }, "geometry": { "type": "Point", "coordinates": [ 19.258611, 51.825833 ] } },
{ "type": "Feature", "properties": { "ID": 110261369, "yr": 2021, "dt": "2021-06-08T18:25:56", "WOJ": 10, "sev": 1, "c": [ 255, 255, 0, 160 ], "dmg": 1, "sli": 1, "ser": 0, "fat": 0, "row": -1, "mot": -1, "pie": -1, "uto": -1, "uwr": -1 }, "geometry": { "type": "Point", "coordinates": [ 20.014306, 51.546694 ] } },
{ "type": "Feature", "properties": { "ID": 110260486, "yr": 2021, "dt": "2021-06-08T07:56:19", "WOJ": 10, "sev": 1, "c": [ 255, 255, 0, 160 ], "dmg": 1, "sli": 1, "ser": 0, "fat": 0, "row": 1, "mot": -1, "pie": -1, "uto": -1, "uwr": -1 }, "geometry": { "type": "Point", "coordinates": [ 20.051833, 51.545556 ] } },
{ "type": "Feature", "properties": { "ID": 110261519, "yr": 2021, "dt": "2021-06-08T13:56:41", "WOJ": 10, "sev": 1, "c": [ 255, 255, 0, 160 ], "dmg": 1, "sli": 1, "ser": 0, "fat": 0, "row": 1, "mot": -1, "pie": -1, "uto": -1, "uwr": -1 }, "geometry": { "type": "Point", "coordinates": [ 19.465472, 51.796556 ] } },
{ "type": "Feature", "properties": { "ID": 110260822, "yr": 2021, "dt": "2021-06-08T13:09:44", "WOJ": 10, "sev": 1, "c": [ 255, 255, 0, 160 ], "dmg": 1, "sli": 1, "ser": 0, "fat": 0, "row": -1, "mot": -1, "pie": -1, "uto": -1, "uwr": -1 }, "geometry": { "type": "Point", "coordinates": [ 19.792639, 51.735861 ] } },
{ "type": "Feature", "properties": { "ID": 110260296, "yr": 2021, "dt": "2021-06-08T06:01:12", "WOJ": 10, "sev": 1, "c": [ 255, 255, 0, 160 ], "dmg": 1, "sli": 1, "ser": 0, "fat": 0, "row": -1, "mot": 1, "pie": -1, "uto": -1, "uwr": -1 }, "geometry": { "type": "Point", "coordinates": [ 20.068917, 52.07225 ] } },
{ "type": "Feature", "properties": { "ID": 110253355, "yr": 2021, "dt": "2021-06-04T13:48:35", "WOJ": 10, "sev": 1, "c": [ 255, 255, 0, 160 ], "dmg": 1, "sli": 1, "ser": 0, "fat": 0, "row": -1, "mot": -1, "pie": -1, "uto": -1, "uwr": -1 }, "geometry": { "type": "Point", "coordinates": [ 19.467333, 51.705417 ] } },
{ "type": "Feature", "properties": { "ID": 110254699, "yr": 2021, "dt": "2021-06-04T22:40:00", "WOJ": 10, "sev": 1, "c": [ 255, 255, 0, 160 ], "dmg": 1, "sli": 1, "ser": 0, "fat": 0, "row": 1, "mot": -1, "pie": -1, "uto": -1, "uwr": -1 }, "geometry": { "type": "Point", "coordinates": [ 18.933528, 51.583556 ] } },
{ "type": "Feature", "properties": { "ID": 110943144, "yr": 2021, "dt": "2021-09-29T18:08:22", "WOJ": 10, "sev": 1, "c": [ 255, 255, 0, 160 ], "dmg": 1, "sli": 1, "ser": 0, "fat": 0, "row": 1, "mot": -1, "pie": -1, "uto": -1, "uwr": -1 }, "geometry": { "type": "Point", "coordinates": [ 19.673167, 51.424083 ] } },
{ "type": "Feature", "properties": { "ID": 110541774, "yr": 2021, "dt": "2021-09-25T00:12:51", "WOJ": 10, "sev": 1, "c": [ 255, 255, 0, 160 ], "dmg": 1, "sli": 1, "ser": 0, "fat": 0, "row": -1, "mot": -1, "pie": -1, "uto": -1, "uwr": -1 }, "geometry": { "type": "Point", "coordinates": [ 19.488917, 51.737722 ] } },
{ "type": "Feature", "properties": { "ID": 110555809, "yr": 2021, "dt": "2021-09-26T02:15:00", "WOJ": 10, "sev": 1, "c": [ 255, 255, 0, 160 ], "dmg": 0, "sli": 1, "ser": 0, "fat": 0, "row": -1, "mot": -1, "pie": -1, "uto": -1, "uwr": -1 }, "geometry": { "type": "Point", "coordinates": [ 19.441167, 52.133417 ] } },
{ "type": "Feature", "properties": { "ID": 110564824, "yr": 2021, "dt": "2021-09-26T12:01:09", "WOJ": 10, "sev": 1, "c": [ 255, 255, 0, 160 ], "dmg": 0, "sli": 2, "ser": 0, "fat": 0, "row": -1, "mot": -1, "pie": -1, "uto": -1, "uwr": -1 }, "geometry": { "type": "Point", "coordinates": [ 18.88175, 52.033806 ] } },
{ "type": "Feature", "properties": { "ID": 110736008, "yr": 2021, "dt": "2021-09-27T17:58:18", "WOJ": 10, "sev": 1, "c": [ 255, 255, 0, 160 ], "dmg": 1, "sli": 1, "ser": 0, "fat": 0, "row": 1, "mot": -1, "pie": -1, "uto": -1, "uwr": -1 }, "geometry": { "type": "Point", "coordinates": [ 19.417528, 51.772722 ] } },
{ "type": "Feature", "properties": { "ID": 110261423, "yr": 2021, "dt": "2021-06-08T20:50:16", "WOJ": 10, "sev": 1, "c": [ 255, 255, 0, 160 ], "dmg": 0, "sli": 1, "ser": 0, "fat": 0, "row": -1, "mot": -1, "pie": -1, "uto": -1, "uwr": -1 }, "geometry": { "type": "Point", "coordinates": [ 20.309139, 51.524472 ] } },
{ "type": "Feature", "properties": { "ID": 110260772, "yr": 2021, "dt": "2021-06-08T12:43:21", "WOJ": 10, "sev": 1, "c": [ 255, 255, 0, 160 ], "dmg": 1, "sli": 2, "ser": 0, "fat": 0, "row": -1, "mot": -1, "pie": -1, "uto": -1, "uwr": -1 }, "geometry": { "type": "Point", "coordinates": [ 18.497056, 51.391306 ] } },
{ "type": "Feature", "properties": { "ID": 110260653, "yr": 2021, "dt": "2021-06-08T06:50:00", "WOJ": 10, "sev": 1, "c": [ 255, 255, 0, 160 ], "dmg": 1, "sli": 1, "ser": 0, "fat": 0, "row": 1, "mot": -1, "pie": -1, "uto": -1, "uwr": -1 }, "geometry": { "type": "Point", "coordinates": [ 18.841917, 51.458417 ] } },
{ "type": "Feature", "properties": { "ID": 110262305, "yr": 2021, "dt": "2021-06-09T12:50:00", "WOJ": 10, "sev": 1, "c": [ 255, 255, 0, 160 ], "dmg": 2, "sli": 1, "ser": 0, "fat": 0, "row": -1, "mot": -1, "pie": -1, "uto": -1, "uwr": -1 }, "geometry": { "type": "Point", "coordinates": [ 19.139056, 51.588528 ] } },
{ "type": "Feature", "properties": { "ID": 110262830, "yr": 2021, "dt": "2021-06-09T10:06:17", "WOJ": 10, "sev": 1, "c": [ 255, 255, 0, 160 ], "dmg": 1, "sli": 1, "ser": 0, "fat": 0, "row": -1, "mot": -1, "pie": -1, "uto": -1, "uwr": -1 }, "geometry": { "type": "Point", "coordinates": [ 19.46375, 51.75625 ] } },
{ "type": "Feature", "properties": { "ID": 110262941, "yr": 2021, "dt": "2021-06-09T10:41:37", "WOJ": 10, "sev": 1, "c": [ 255, 255, 0, 160 ], "dmg": 1, "sli": 1, "ser": 0, "fat": 0, "row": -1, "mot": -1, "pie": -1, "uto": -1, "uwr": -1 }, "geometry": { "type": "Point", "coordinates": [ 19.426583, 51.813778 ] } },
{ "type": "Feature", "properties": { "ID": 110263523, "yr": 2021, "dt": "2021-06-09T15:40:00", "WOJ": 10, "sev": 1, "c": [ 255, 255, 0, 160 ], "dmg": 1, "sli": 2, "ser": 0, "fat": 0, "row": -1, "mot": -1, "pie": -1, "uto": -1, "uwr": -1 }, "geometry": { "type": "Point", "coordinates": [ 20.4375, 51.7425 ] } },
{ "type": "Feature", "properties": { "ID": 110261897, "yr": 2021, "dt": "2021-06-09T03:40:00", "WOJ": 10, "sev": 1, "c": [ 255, 255, 0, 160 ], "dmg": 1, "sli": 1, "ser": 0, "fat": 0, "row": 1, "mot": -1, "pie": -1, "uto": -1, "uwr": -1 }, "geometry": { "type": "Point", "coordinates": [ 18.97875, 51.644361 ] } },
{ "type": "Feature", "properties": { "ID": 111306878, "yr": 2021, "dt": "2021-10-01T19:40:00", "WOJ": 10, "sev": 1, "c": [ 255, 255, 0, 160 ], "dmg": 1, "sli": 1, "ser": 0, "fat": 0, "row": -1, "mot": -1, "pie": 1, "uto": -1, "uwr": -1 }, "geometry": { "type": "Point", "coordinates": [ 19.71125, 51.499667 ] } },
{ "type": "Feature", "properties": { "ID": 110766863, "yr": 2021, "dt": "2021-09-27T14:20:00", "WOJ": 10, "sev": 1, "c": [ 255, 255, 0, 160 ], "dmg": 2, "sli": 2, "ser": 0, "fat": 0, "row": -1, "mot": -1, "pie": -1, "uto": -1, "uwr": -1 }, "geometry": { "type": "Point", "coordinates": [ 19.514361, 51.62425 ] } },
{ "type": "Feature", "properties": { "ID": 110726948, "yr": 2021, "dt": "2021-09-27T18:40:32", "WOJ": 10, "sev": 1, "c": [ 255, 255, 0, 160 ], "dmg": 1, "sli": 1, "ser": 0, "fat": 0, "row": -1, "mot": 1, "pie": -1, "uto": -1, "uwr": -1 }, "geometry": { "type": "Point", "coordinates": [ 18.558306, 51.224194 ] } },
{ "type": "Feature", "properties": { "ID": 110528949, "yr": 2021, "dt": "2021-09-19T15:42:53", "WOJ": 10, "sev": 1, "c": [ 255, 255, 0, 160 ], "dmg": 1, "sli": 1, "ser": 0, "fat": 0, "row": -1, "mot": -1, "pie": -1, "uto": -1, "uwr": -1 }, "geometry": { "type": "Point", "coordinates": [ 20.062944, 51.607333 ] } },
{ "type": "Feature", "properties": { "ID": 110529349, "yr": 2021, "dt": "2021-09-20T11:37:06", "WOJ": 10, "sev": 1, "c": [ 255, 255, 0, 160 ], "dmg": 1, "sli": 1, "ser": 0, "fat": 0, "row": 1, "mot": -1, "pie": -1, "uto": -1, "uwr": -1 }, "geometry": { "type": "Point", "coordinates": [ 19.505556, 51.735917 ] } },
{ "type": "Feature", "properties": { "ID": 110530941, "yr": 2021, "dt": "2021-09-21T05:00:00", "WOJ": 10, "sev": 1, "c": [ 255, 255, 0, 160 ], "dmg": 1, "sli": 1, "ser": 0, "fat": 0, "row": -1, "mot": -1, "pie": 1, "uto": -1, "uwr": -1 }, "geometry": { "type": "Point", "coordinates": [ 20.009639, 51.53025 ] } },
{ "type": "Feature", "properties": { "ID": 110268799, "yr": 2021, "dt": "2021-06-12T14:20:00", "WOJ": 10, "sev": 1, "c": [ 255, 255, 0, 160 ], "dmg": 1, "sli": 1, "ser": 0, "fat": 0, "row": 1, "mot": -1, "pie": -1, "uto": -1, "uwr": -1 }, "geometry": { "type": "Point", "coordinates": [ 20.28425, 51.373694 ] } },
{ "type": "Feature", "properties": { "ID": 110263179, "yr": 2021, "dt": "2021-06-09T15:03:39", "WOJ": 10, "sev": 1, "c": [ 255, 255, 0, 160 ], "dmg": 1, "sli": 1, "ser": 0, "fat": 0, "row": -1, "mot": 1, "pie": -1, "uto": -1, "uwr": -1 }, "geometry": { "type": "Point", "coordinates": [ 20.011694, 51.540889 ] } },
{ "type": "Feature", "properties": { "ID": 110263161, "yr": 2021, "dt": "2021-06-09T14:15:52", "WOJ": 10, "sev": 1, "c": [ 255, 255, 0, 160 ], "dmg": 1, "sli": 1, "ser": 0, "fat": 0, "row": -1, "mot": -1, "pie": -1, "uto": -1, "uwr": -1 }, "geometry": { "type": "Point", "coordinates": [ 19.430889, 51.756056 ] } },
{ "type": "Feature", "properties": { "ID": 110265857, "yr": 2021, "dt": "2021-06-10T18:30:00", "WOJ": 10, "sev": 1, "c": [ 255, 255, 0, 160 ], "dmg": 2, "sli": 1, "ser": 0, "fat": 0, "row": 1, "mot": -1, "pie": -1, "uto": -1, "uwr": -1 }, "geometry": { "type": "Point", "coordinates": [ 19.615222, 51.003528 ] } },
{ "type": "Feature", "properties": { "ID": 110265779, "yr": 2021, "dt": "2021-06-10T18:56:54", "WOJ": 10, "sev": 1, "c": [ 255, 255, 0, 160 ], "dmg": 2, "sli": 1, "ser": 0, "fat": 0, "row": -1, "mot": -1, "pie": -1, "uto": -1, "uwr": -1 }, "geometry": { "type": "Point", "coordinates": [ 19.570833, 51.750694 ] } },
{ "type": "Feature", "properties": { "ID": 110265071, "yr": 2021, "dt": "2021-06-10T18:35:00", "WOJ": 10, "sev": 1, "c": [ 255, 255, 0, 160 ], "dmg": 1, "sli": 1, "ser": 0, "fat": 0, "row": -1, "mot": -1, "pie": 1, "uto": -1, "uwr": -1 }, "geometry": { "type": "Point", "coordinates": [ 19.196972, 52.061083 ] } },
{ "type": "Feature", "properties": { "ID": 110265642, "yr": 2021, "dt": "2021-06-10T15:40:00", "WOJ": 10, "sev": 1, "c": [ 255, 255, 0, 160 ], "dmg": 1, "sli": 1, "ser": 0, "fat": 0, "row": -1, "mot": -1, "pie": -1, "uto": -1, "uwr": -1 }, "geometry": { "type": "Point", "coordinates": [ 20.062444, 51.520444 ] } },
{ "type": "Feature", "properties": { "ID": 110265605, "yr": 2021, "dt": "2021-06-10T17:50:00", "WOJ": 10, "sev": 1, "c": [ 255, 255, 0, 160 ], "dmg": 4, "sli": 2, "ser": 0, "fat": 0, "row": -1, "mot": -1, "pie": -1, "uto": -1, "uwr": -1 }, "geometry": { "type": "Point", "coordinates": [ 20.102194, 51.777861 ] } },
{ "type": "Feature", "properties": { "ID": 110265891, "yr": 2021, "dt": "2021-06-10T17:05:00", "WOJ": 10, "sev": 1, "c": [ 255, 255, 0, 160 ], "dmg": 0, "sli": 1, "ser": 0, "fat": 0, "row": -1, "mot": 1, "pie": -1, "uto": -1, "uwr": -1 }, "geometry": { "type": "Point", "coordinates": [ 18.759194, 51.853167 ] } },
{ "type": "Feature", "properties": { "ID": 110537920, "yr": 2021, "dt": "2021-09-22T12:10:00", "WOJ": 10, "sev": 1, "c": [ 255, 255, 0, 160 ], "dmg": 1, "sli": 1, "ser": 0, "fat": 0, "row": -1, "mot": -1, "pie": -1, "uto": -1, "uwr": -1 }, "geometry": { "type": "Point", "coordinates": [ 19.7615, 51.369917 ] } },
{ "type": "Feature", "properties": { "ID": 110538256, "yr": 2021, "dt": "2021-09-23T16:20:16", "WOJ": 10, "sev": 1, "c": [ 255, 255, 0, 160 ], "dmg": 1, "sli": 1, "ser": 0, "fat": 0, "row": -1, "mot": -1, "pie": -1, "uto": -1, "uwr": -1 }, "geometry": { "type": "Point", "coordinates": [ 19.452667, 51.734639 ] } },
{ "type": "Feature", "properties": { "ID": 110540810, "yr": 2021, "dt": "2021-09-24T22:00:00", "WOJ": 10, "sev": 1, "c": [ 255, 255, 0, 160 ], "dmg": 1, "sli": 1, "ser": 0, "fat": 0, "row": -1, "mot": -1, "pie": 1, "uto": -1, "uwr": -1 }, "geometry": { "type": "Point", "coordinates": [ 19.658278, 51.839778 ] } },
{ "type": "Feature", "properties": { "ID": 110691862, "yr": 2021, "dt": "2021-09-25T09:05:00", "WOJ": 10, "sev": 1, "c": [ 255, 255, 0, 160 ], "dmg": 2, "sli": 2, "ser": 0, "fat": 0, "row": -1, "mot": -1, "pie": -1, "uto": -1, "uwr": -1 }, "geometry": { "type": "Point", "coordinates": [ 19.513167, 51.154417 ] } },
{ "type": "Feature", "properties": { "ID": 110524666, "yr": 2021, "dt": "2021-09-17T09:01:52", "WOJ": 10, "sev": 1, "c": [ 255, 255, 0, 160 ], "dmg": 1, "sli": 1, "ser": 0, "fat": 0, "row": -1, "mot": -1, "pie": -1, "uto": -1, "uwr": -1 }, "geometry": { "type": "Point", "coordinates": [ 19.438083, 51.824444 ] } },
{ "type": "Feature", "properties": { "ID": 110525553, "yr": 2021, "dt": "2021-09-17T10:03:23", "WOJ": 10, "sev": 1, "c": [ 255, 255, 0, 160 ], "dmg": 1, "sli": 1, "ser": 0, "fat": 0, "row": -1, "mot": -1, "pie": 1, "uto": -1, "uwr": -1 }, "geometry": { "type": "Point", "coordinates": [ 20.003472, 51.531694 ] } },
{ "type": "Feature", "properties": { "ID": 110525347, "yr": 2021, "dt": "2021-09-17T08:10:10", "WOJ": 10, "sev": 1, "c": [ 255, 255, 0, 160 ], "dmg": 0, "sli": 2, "ser": 0, "fat": 0, "row": -1, "mot": -1, "pie": -1, "uto": -1, "uwr": -1 }, "geometry": { "type": "Point", "coordinates": [ 19.666639, 51.504139 ] } },
{ "type": "Feature", "properties": { "ID": 110526179, "yr": 2021, "dt": "2021-09-17T22:22:15", "WOJ": 10, "sev": 1, "c": [ 255, 255, 0, 160 ], "dmg": 0, "sli": 5, "ser": 0, "fat": 0, "row": -1, "mot": -1, "pie": -1, "uto": -1, "uwr": -1 }, "geometry": { "type": "Point", "coordinates": [ 19.48275, 51.207444 ] } },
{ "type": "Feature", "properties": { "ID": 110526124, "yr": 2021, "dt": "2021-09-17T19:50:00", "WOJ": 10, "sev": 1, "c": [ 255, 255, 0, 160 ], "dmg": 1, "sli": 2, "ser": 0, "fat": 0, "row": -1, "mot": -1, "pie": -1, "uto": -1, "uwr": -1 }, "geometry": { "type": "Point", "coordinates": [ 19.673806, 51.0615 ] } },
{ "type": "Feature", "properties": { "ID": 110525601, "yr": 2021, "dt": "2021-09-17T11:30:00", "WOJ": 10, "sev": 1, "c": [ 255, 255, 0, 160 ], "dmg": 1, "sli": 1, "ser": 0, "fat": 0, "row": -1, "mot": -1, "pie": -1, "uto": -1, "uwr": -1 }, "geometry": { "type": "Point", "coordinates": [ 19.319861, 52.231083 ] } },
{ "type": "Feature", "properties": { "ID": 110265967, "yr": 2021, "dt": "2021-06-10T21:07:08", "WOJ": 10, "sev": 1, "c": [ 255, 255, 0, 160 ], "dmg": 2, "sli": 1, "ser": 0, "fat": 0, "row": -1, "mot": -1, "pie": -1, "uto": -1, "uwr": -1 }, "geometry": { "type": "Point", "coordinates": [ 19.930056, 51.616917 ] } },
{ "type": "Feature", "properties": { "ID": 110267531, "yr": 2021, "dt": "2021-06-11T11:35:25", "WOJ": 10, "sev": 1, "c": [ 255, 255, 0, 160 ], "dmg": 1, "sli": 1, "ser": 0, "fat": 0, "row": -1, "mot": -1, "pie": -1, "uto": -1, "uwr": -1 }, "geometry": { "type": "Point", "coordinates": [ 19.425778, 51.755361 ] } },
{ "type": "Feature", "properties": { "ID": 110268023, "yr": 2021, "dt": "2021-06-11T16:30:00", "WOJ": 10, "sev": 1, "c": [ 255, 255, 0, 160 ], "dmg": 1, "sli": 1, "ser": 0, "fat": 0, "row": -1, "mot": 1, "pie": -1, "uto": -1, "uwr": -1 }, "geometry": { "type": "Point", "coordinates": [ 19.265528, 51.9235 ] } },
{ "type": "Feature", "properties": { "ID": 110268254, "yr": 2021, "dt": "2021-06-11T15:08:23", "WOJ": 10, "sev": 1, "c": [ 255, 255, 0, 160 ], "dmg": 2, "sli": 1, "ser": 0, "fat": 0, "row": -1, "mot": -1, "pie": -1, "uto": -1, "uwr": -1 }, "geometry": { "type": "Point", "coordinates": [ 19.6715, 52.079389 ] } },
{ "type": "Feature", "properties": { "ID": 110267999, "yr": 2021, "dt": "2021-06-11T15:51:18", "WOJ": 10, "sev": 1, "c": [ 255, 255, 0, 160 ], "dmg": 2, "sli": 3, "ser": 0, "fat": 0, "row": -1, "mot": -1, "pie": -1, "uto": -1, "uwr": -1 }, "geometry": { "type": "Point", "coordinates": [ 19.436556, 51.785417 ] } },
{ "type": "Feature", "properties": { "ID": 110267777, "yr": 2021, "dt": "2021-06-11T14:51:49", "WOJ": 10, "sev": 1, "c": [ 255, 255, 0, 160 ], "dmg": 1, "sli": 1, "ser": 0, "fat": 0, "row": 1, "mot": -1, "pie": -1, "uto": -1, "uwr": -1 }, "geometry": { "type": "Point", "coordinates": [ 19.461528, 51.747306 ] } },
{ "type": "Feature", "properties": { "ID": 110268508, "yr": 2021, "dt": "2021-06-11T21:02:42", "WOJ": 10, "sev": 1, "c": [ 255, 255, 0, 160 ], "dmg": 1, "sli": 1, "ser": 0, "fat": 0, "row": 1, "mot": -1, "pie": -1, "uto": -1, "uwr": -1 }, "geometry": { "type": "Point", "coordinates": [ 19.643139, 51.350778 ] } },
{ "type": "Feature", "properties": { "ID": 110527949, "yr": 2021, "dt": "2021-09-18T13:22:57", "WOJ": 10, "sev": 1, "c": [ 255, 255, 0, 160 ], "dmg": 1, "sli": 1, "ser": 0, "fat": 0, "row": -1, "mot": -1, "pie": -1, "uto": -1, "uwr": -1 }, "geometry": { "type": "Point", "coordinates": [ 19.414861, 51.743 ] } },
{ "type": "Feature", "properties": { "ID": 110526698, "yr": 2021, "dt": "2021-09-18T21:21:05", "WOJ": 10, "sev": 1, "c": [ 255, 255, 0, 160 ], "dmg": 1, "sli": 1, "ser": 0, "fat": 0, "row": -1, "mot": -1, "pie": -1, "uto": -1, "uwr": -1 }, "geometry": { "type": "Point", "coordinates": [ 19.440611, 51.74475 ] } },
{ "type": "Feature", "properties": { "ID": 110528841, "yr": 2021, "dt": "2021-09-19T04:00:00", "WOJ": 10, "sev": 1, "c": [ 255, 255, 0, 160 ], "dmg": 0, "sli": 2, "ser": 0, "fat": 0, "row": -1, "mot": -1, "pie": -1, "uto": -1, "uwr": -1 }, "geometry": { "type": "Point", "coordinates": [ 19.145889, 52.347833 ] } },
{ "type": "Feature", "properties": { "ID": 110270079, "yr": 2021, "dt": "2021-06-12T16:17:26", "WOJ": 10, "sev": 1, "c": [ 255, 255, 0, 160 ], "dmg": 0, "sli": 3, "ser": 0, "fat": 0, "row": -1, "mot": -1, "pie": -1, "uto": -1, "uwr": -1 }, "geometry": { "type": "Point", "coordinates": [ 18.420306, 51.228056 ] } },
{ "type": "Feature", "properties": { "ID": 110269595, "yr": 2021, "dt": "2021-06-12T09:53:00", "WOJ": 10, "sev": 1, "c": [ 255, 255, 0, 160 ], "dmg": 1, "sli": 3, "ser": 0, "fat": 0, "row": -1, "mot": -1, "pie": -1, "uto": -1, "uwr": -1 }, "geometry": { "type": "Point", "coordinates": [ 19.429167, 51.792139 ] } },
{ "type": "Feature", "properties": { "ID": 110270877, "yr": 2021, "dt": "2021-06-13T14:03:31", "WOJ": 10, "sev": 1, "c": [ 255, 255, 0, 160 ], "dmg": 1, "sli": 1, "ser": 0, "fat": 0, "row": -1, "mot": -1, "pie": -1, "uto": -1, "uwr": -1 }, "geometry": { "type": "Point", "coordinates": [ 19.705222, 51.502167 ] } },
{ "type": "Feature", "properties": { "ID": 110269040, "yr": 2021, "dt": "2021-06-13T17:43:00", "WOJ": 10, "sev": 1, "c": [ 255, 255, 0, 160 ], "dmg": 0, "sli": 4, "ser": 0, "fat": 0, "row": -1, "mot": -1, "pie": -1, "uto": -1, "uwr": -1 }, "geometry": { "type": "Point", "coordinates": [ 19.871194, 52.26375 ] } },
{ "type": "Feature", "properties": { "ID": 110269483, "yr": 2021, "dt": "2021-06-14T17:30:00", "WOJ": 10, "sev": 1, "c": [ 255, 255, 0, 160 ], "dmg": 0, "sli": 3, "ser": 0, "fat": 0, "row": -1, "mot": 1, "pie": -1, "uto": -1, "uwr": -1 }, "geometry": { "type": "Point", "coordinates": [ 19.802583, 51.516694 ] } },
{ "type": "Feature", "properties": { "ID": 110271512, "yr": 2021, "dt": "2021-06-14T08:55:00", "WOJ": 10, "sev": 1, "c": [ 255, 255, 0, 160 ], "dmg": 1, "sli": 2, "ser": 0, "fat": 0, "row": -1, "mot": -1, "pie": -1, "uto": -1, "uwr": -1 }, "geometry": { "type": "Point", "coordinates": [ 20.289722, 51.667 ] } },
{ "type": "Feature", "properties": { "ID": 110272669, "yr": 2021, "dt": "2021-06-14T11:55:00", "WOJ": 10, "sev": 1, "c": [ 255, 255, 0, 160 ], "dmg": 1, "sli": 1, "ser": 0, "fat": 0, "row": -1, "mot": -1, "pie": -1, "uto": -1, "uwr": -1 }, "geometry": { "type": "Point", "coordinates": [ 18.970667, 51.41875 ] } },
{ "type": "Feature", "properties": { "ID": 110274509, "yr": 2021, "dt": "2021-06-14T08:45:00", "WOJ": 10, "sev": 1, "c": [ 255, 255, 0, 160 ], "dmg": 0, "sli": 1, "ser": 0, "fat": 0, "row": -1, "mot": -1, "pie": -1, "uto": -1, "uwr": -1 }, "geometry": { "type": "Point", "coordinates": [ 19.654611, 51.89375 ] } },
{ "type": "Feature", "properties": { "ID": 110272584, "yr": 2021, "dt": "2021-06-14T13:34:11", "WOJ": 10, "sev": 1, "c": [ 255, 255, 0, 160 ], "dmg": 1, "sli": 1, "ser": 0, "fat": 0, "row": -1, "mot": -1, "pie": -1, "uto": -1, "uwr": -1 }, "geometry": { "type": "Point", "coordinates": [ 19.477667, 51.767278 ] } },
{ "type": "Feature", "properties": { "ID": 110533791, "yr": 2021, "dt": "2021-09-21T14:33:03", "WOJ": 10, "sev": 1, "c": [ 255, 255, 0, 160 ], "dmg": 1, "sli": 3, "ser": 0, "fat": 0, "row": -1, "mot": -1, "pie": -1, "uto": -1, "uwr": -1 }, "geometry": { "type": "Point", "coordinates": [ 19.447639, 51.727083 ] } },
{ "type": "Feature", "properties": { "ID": 110524985, "yr": 2021, "dt": "2021-09-16T16:20:26", "WOJ": 10, "sev": 1, "c": [ 255, 255, 0, 160 ], "dmg": 2, "sli": 1, "ser": 0, "fat": 0, "row": -1, "mot": -1, "pie": -1, "uto": -1, "uwr": -1 }, "geometry": { "type": "Point", "coordinates": [ 20.277028, 51.773417 ] } },
{ "type": "Feature", "properties": { "ID": 110524786, "yr": 2021, "dt": "2021-09-16T12:50:00", "WOJ": 10, "sev": 1, "c": [ 255, 255, 0, 160 ], "dmg": 1, "sli": 1, "ser": 0, "fat": 0, "row": -1, "mot": -1, "pie": -1, "uto": -1, "uwr": -1 }, "geometry": { "type": "Point", "coordinates": [ 19.364194, 52.230556 ] } },
{ "type": "Feature", "properties": { "ID": 110525116, "yr": 2021, "dt": "2021-09-16T21:41:41", "WOJ": 10, "sev": 1, "c": [ 255, 255, 0, 160 ], "dmg": 1, "sli": 2, "ser": 0, "fat": 0, "row": -1, "mot": -1, "pie": -1, "uto": -1, "uwr": -1 }, "geometry": { "type": "Point", "coordinates": [ 18.807806, 51.970667 ] } },
{ "type": "Feature", "properties": { "ID": 110512299, "yr": 2021, "dt": "2021-09-16T07:28:21", "WOJ": 10, "sev": 1, "c": [ 255, 255, 0, 160 ], "dmg": 1, "sli": 1, "ser": 0, "fat": 0, "row": -1, "mot": -1, "pie": -1, "uto": -1, "uwr": -1 }, "geometry": { "type": "Point", "coordinates": [ 19.569306, 51.741667 ] } },
{ "type": "Feature", "properties": { "ID": 110525033, "yr": 2021, "dt": "2021-09-16T17:40:00", "WOJ": 10, "sev": 1, "c": [ 255, 255, 0, 160 ], "dmg": 1, "sli": 1, "ser": 0, "fat": 0, "row": -1, "mot": -1, "pie": -1, "uto": -1, "uwr": -1 }, "geometry": { "type": "Point", "coordinates": [ 19.41575, 52.180667 ] } },
{ "type": "Feature", "properties": { "ID": 110524493, "yr": 2021, "dt": "2021-09-17T08:25:26", "WOJ": 10, "sev": 1, "c": [ 255, 255, 0, 160 ], "dmg": 1, "sli": 1, "ser": 0, "fat": 0, "row": -1, "mot": -1, "pie": -1, "uto": -1, "uwr": -1 }, "geometry": { "type": "Point", "coordinates": [ 19.463417, 51.771222 ] } },
{ "type": "Feature", "properties": { "ID": 110498827, "yr": 2021, "dt": "2021-09-14T07:43:00", "WOJ": 10, "sev": 1, "c": [ 255, 255, 0, 160 ], "dmg": 1, "sli": 1, "ser": 0, "fat": 0, "row": -1, "mot": -1, "pie": 1, "uto": -1, "uwr": -1 }, "geometry": { "type": "Point", "coordinates": [ 19.070778, 51.100444 ] } },
{ "type": "Feature", "properties": { "ID": 110955807, "yr": 2021, "dt": "2021-09-14T16:45:00", "WOJ": 10, "sev": 1, "c": [ 255, 255, 0, 160 ], "dmg": 1, "sli": 1, "ser": 0, "fat": 0, "row": 1, "mot": -1, "pie": -1, "uto": -1, "uwr": -1 }, "geometry": { "type": "Point", "coordinates": [ 20.004306, 51.527806 ] } },
{ "type": "Feature", "properties": { "ID": 110522844, "yr": 2021, "dt": "2021-09-14T06:20:00", "WOJ": 10, "sev": 1, "c": [ 255, 255, 0, 160 ], "dmg": 2, "sli": 1, "ser": 0, "fat": 0, "row": -1, "mot": -1, "pie": -1, "uto": -1, "uwr": -1 }, "geometry": { "type": "Point", "coordinates": [ 19.64675, 51.664528 ] } },
{ "type": "Feature", "properties": { "ID": 110283440, "yr": 2021, "dt": "2021-06-17T18:40:43", "WOJ": 10, "sev": 1, "c": [ 255, 255, 0, 160 ], "dmg": 1, "sli": 1, "ser": 0, "fat": 0, "row": 1, "mot": -1, "pie": -1, "uto": -1, "uwr": -1 }, "geometry": { "type": "Point", "coordinates": [ 19.454278, 51.787528 ] } },
{ "type": "Feature", "properties": { "ID": 110271629, "yr": 2021, "dt": "2021-06-14T09:17:42", "WOJ": 10, "sev": 1, "c": [ 255, 255, 0, 160 ], "dmg": 2, "sli": 1, "ser": 0, "fat": 0, "row": -1, "mot": -1, "pie": -1, "uto": -1, "uwr": -1 }, "geometry": { "type": "Point", "coordinates": [ 19.532611, 51.676139 ] } },
{ "type": "Feature", "properties": { "ID": 110269422, "yr": 2021, "dt": "2021-06-14T15:12:00", "WOJ": 10, "sev": 1, "c": [ 255, 255, 0, 160 ], "dmg": 1, "sli": 1, "ser": 0, "fat": 0, "row": 1, "mot": -1, "pie": -1, "uto": -1, "uwr": -1 }, "geometry": { "type": "Point", "coordinates": [ 20.281306, 51.377472 ] } },
{ "type": "Feature", "properties": { "ID": 110362937, "yr": 2021, "dt": "2021-06-15T14:15:00", "WOJ": 10, "sev": 1, "c": [ 255, 255, 0, 160 ], "dmg": 1, "sli": 1, "ser": 0, "fat": 0, "row": 1, "mot": -1, "pie": 0, "uto": -1, "uwr": -1 }, "geometry": { "type": "Point", "coordinates": [ 20.019944, 51.521056 ] } },
{ "type": "Feature", "properties": { "ID": 110275928, "yr": 2021, "dt": "2021-06-15T13:41:48", "WOJ": 10, "sev": 1, "c": [ 255, 255, 0, 160 ], "dmg": 2, "sli": 1, "ser": 0, "fat": 0, "row": -1, "mot": -1, "pie": -1, "uto": -1, "uwr": -1 }, "geometry": { "type": "Point", "coordinates": [ 19.462583, 51.71175 ] } },
{ "type": "Feature", "properties": { "ID": 110276480, "yr": 2021, "dt": "2021-06-15T14:27:00", "WOJ": 10, "sev": 1, "c": [ 255, 255, 0, 160 ], "dmg": 1, "sli": 2, "ser": 0, "fat": 0, "row": -1, "mot": -1, "pie": -1, "uto": -1, "uwr": -1 }, "geometry": { "type": "Point", "coordinates": [ 19.453056, 51.771694 ] } },
{ "type": "Feature", "properties": { "ID": 110276521, "yr": 2021, "dt": "2021-06-15T08:40:00", "WOJ": 10, "sev": 1, "c": [ 255, 255, 0, 160 ], "dmg": 1, "sli": 1, "ser": 0, "fat": 0, "row": -1, "mot": -1, "pie": -1, "uto": -1, "uwr": -1 }, "geometry": { "type": "Point", "coordinates": [ 19.030361, 51.559972 ] } },
{ "type": "Feature", "properties": { "ID": 110280560, "yr": 2021, "dt": "2021-06-15T10:20:00", "WOJ": 10, "sev": 1, "c": [ 255, 255, 0, 160 ], "dmg": 1, "sli": 2, "ser": 0, "fat": 0, "row": -1, "mot": -1, "pie": -1, "uto": -1, "uwr": -1 }, "geometry": { "type": "Point", "coordinates": [ 19.135278, 51.593722 ] } },
{ "type": "Feature", "properties": { "ID": 110275976, "yr": 2021, "dt": "2021-06-15T15:22:34", "WOJ": 10, "sev": 1, "c": [ 255, 255, 0, 160 ], "dmg": 1, "sli": 1, "ser": 0, "fat": 0, "row": 1, "mot": -1, "pie": -1, "uto": -1, "uwr": -1 }, "geometry": { "type": "Point", "coordinates": [ 20.052972, 51.60775 ] } },
{ "type": "Feature", "properties": { "ID": 110275706, "yr": 2021, "dt": "2021-06-15T10:13:05", "WOJ": 10, "sev": 1, "c": [ 255, 255, 0, 160 ], "dmg": 1, "sli": 1, "ser": 0, "fat": 0, "row": -1, "mot": -1, "pie": 1, "uto": -1, "uwr": -1 }, "geometry": { "type": "Point", "coordinates": [ 20.003722, 51.530833 ] } },
{ "type": "Feature", "properties": { "ID": 110280462, "yr": 2021, "dt": "2021-06-16T02:00:00", "WOJ": 10, "sev": 1, "c": [ 255, 255, 0, 160 ], "dmg": 2, "sli": 1, "ser": 0, "fat": 0, "row": -1, "mot": -1, "pie": -1, "uto": -1, "uwr": -1 }, "geometry": { "type": "Point", "coordinates": [ 19.980861, 51.334444 ] } },
{ "type": "Feature", "properties": { "ID": 110280094, "yr": 2021, "dt": "2021-06-16T14:18:24", "WOJ": 10, "sev": 1, "c": [ 255, 255, 0, 160 ], "dmg": 1, "sli": 1, "ser": 0, "fat": 0, "row": -1, "mot": -1, "pie": -1, "uto": -1, "uwr": -1 }, "geometry": { "type": "Point", "coordinates": [ 19.941194, 51.525722 ] } },
{ "type": "Feature", "properties": { "ID": 110280193, "yr": 2021, "dt": "2021-06-16T16:30:10", "WOJ": 10, "sev": 1, "c": [ 255, 255, 0, 160 ], "dmg": 1, "sli": 1, "ser": 0, "fat": 0, "row": 0, "mot": -1, "pie": 1, "uto": -1, "uwr": -1 }, "geometry": { "type": "Point", "coordinates": [ 19.447556, 51.779722 ] } },
{ "type": "Feature", "properties": { "ID": 110279685, "yr": 2021, "dt": "2021-06-16T08:41:48", "WOJ": 10, "sev": 1, "c": [ 255, 255, 0, 160 ], "dmg": 2, "sli": 1, "ser": 0, "fat": 0, "row": 1, "mot": -1, "pie": -1, "uto": -1, "uwr": -1 }, "geometry": { "type": "Point", "coordinates": [ 19.769222, 51.395417 ] } },
{ "type": "Feature", "properties": { "ID": 110280313, "yr": 2021, "dt": "2021-06-16T16:45:56", "WOJ": 10, "sev": 1, "c": [ 255, 255, 0, 160 ], "dmg": 1, "sli": 1, "ser": 0, "fat": 0, "row": 0, "mot": -1, "pie": 1, "uto": -1, "uwr": -1 }, "geometry": { "type": "Point", "coordinates": [ 19.374667, 51.796 ] } },
{ "type": "Feature", "properties": { "ID": 110280082, "yr": 2021, "dt": "2021-06-16T14:24:00", "WOJ": 10, "sev": 1, "c": [ 255, 255, 0, 160 ], "dmg": 1, "sli": 1, "ser": 0, "fat": 0, "row": -1, "mot": -1, "pie": -1, "uto": -1, "uwr": -1 }, "geometry": { "type": "Point", "coordinates": [ 19.410472, 51.79425 ] } },
{ "type": "Feature", "properties": { "ID": 110280116, "yr": 2021, "dt": "2021-06-16T15:28:49", "WOJ": 10, "sev": 1, "c": [ 255, 255, 0, 160 ], "dmg": 1, "sli": 1, "ser": 0, "fat": 0, "row": -1, "mot": -1, "pie": -1, "uto": -1, "uwr": -1 }, "geometry": { "type": "Point", "coordinates": [ 19.364722, 51.8035 ] } },
{ "type": "Feature", "properties": { "ID": 110280251, "yr": 2021, "dt": "2021-06-16T19:27:41", "WOJ": 10, "sev": 1, "c": [ 255, 255, 0, 160 ], "dmg": 2, "sli": 1, "ser": 0, "fat": 0, "row": -1, "mot": -1, "pie": -1, "uto": -1, "uwr": -1 }, "geometry": { "type": "Point", "coordinates": [ 19.485444, 51.716083 ] } },
{ "type": "Feature", "properties": { "ID": 110280265, "yr": 2021, "dt": "2021-06-16T18:00:00", "WOJ": 10, "sev": 1, "c": [ 255, 255, 0, 160 ], "dmg": 1, "sli": 1, "ser": 0, "fat": 0, "row": -1, "mot": 1, "pie": -1, "uto": -1, "uwr": -1 }, "geometry": { "type": "Point", "coordinates": [ 18.732361, 51.587167 ] } },
{ "type": "Feature", "properties": { "ID": 110283269, "yr": 2021, "dt": "2021-06-17T13:52:38", "WOJ": 10, "sev": 1, "c": [ 255, 255, 0, 160 ], "dmg": 2, "sli": 1, "ser": 0, "fat": 0, "row": -1, "mot": -1, "pie": -1, "uto": -1, "uwr": -1 }, "geometry": { "type": "Point", "coordinates": [ 19.36725, 51.789083 ] } },
{ "type": "Feature", "properties": { "ID": 110282756, "yr": 2021, "dt": "2021-06-17T11:09:40", "WOJ": 10, "sev": 1, "c": [ 255, 255, 0, 160 ], "dmg": 1, "sli": 1, "ser": 0, "fat": 0, "row": 1, "mot": -1, "pie": -1, "uto": -1, "uwr": -1 }, "geometry": { "type": "Point", "coordinates": [ 19.679472, 51.416278 ] } },
{ "type": "Feature", "properties": { "ID": 110282944, "yr": 2021, "dt": "2021-06-17T08:00:00", "WOJ": 10, "sev": 1, "c": [ 255, 255, 0, 160 ], "dmg": 1, "sli": 2, "ser": 0, "fat": 0, "row": -1, "mot": -1, "pie": -1, "uto": -1, "uwr": -1 }, "geometry": { "type": "Point", "coordinates": [ 19.188944, 52.264222 ] } },
{ "type": "Feature", "properties": { "ID": 110283434, "yr": 2021, "dt": "2021-06-17T18:20:32", "WOJ": 10, "sev": 1, "c": [ 255, 255, 0, 160 ], "dmg": 1, "sli": 1, "ser": 0, "fat": 0, "row": -1, "mot": -1, "pie": -1, "uto": -1, "uwr": -1 }, "geometry": { "type": "Point", "coordinates": [ 19.921194, 51.599889 ] } },
{ "type": "Feature", "properties": { "ID": 110283151, "yr": 2021, "dt": "2021-06-17T16:01:37", "WOJ": 10, "sev": 1, "c": [ 255, 255, 0, 160 ], "dmg": 1, "sli": 1, "ser": 0, "fat": 0, "row": -1, "mot": -1, "pie": 1, "uto": -1, "uwr": -1 }, "geometry": { "type": "Point", "coordinates": [ 19.448583, 51.819028 ] } },
{ "type": "Feature", "properties": { "ID": 110498616, "yr": 2021, "dt": "2021-09-14T06:10:00", "WOJ": 10, "sev": 1, "c": [ 255, 255, 0, 160 ], "dmg": 1, "sli": 1, "ser": 0, "fat": 0, "row": -1, "mot": -1, "pie": 1, "uto": -1, "uwr": -1 }, "geometry": { "type": "Point", "coordinates": [ 20.009583, 51.530333 ] } },
{ "type": "Feature", "properties": { "ID": 110497860, "yr": 2021, "dt": "2021-09-14T05:07:24", "WOJ": 10, "sev": 1, "c": [ 255, 255, 0, 160 ], "dmg": 1, "sli": 1, "ser": 0, "fat": 0, "row": -1, "mot": -1, "pie": -1, "uto": -1, "uwr": -1 }, "geometry": { "type": "Point", "coordinates": [ 19.94425, 51.526972 ] } },
{ "type": "Feature", "properties": { "ID": 110498659, "yr": 2021, "dt": "2021-09-14T07:53:00", "WOJ": 10, "sev": 1, "c": [ 255, 255, 0, 160 ], "dmg": 1, "sli": 1, "ser": 0, "fat": 0, "row": -1, "mot": -1, "pie": -1, "uto": -1, "uwr": -1 }, "geometry": { "type": "Point", "coordinates": [ 20.154222, 52.060361 ] } },
{ "type": "Feature", "properties": { "ID": 110498417, "yr": 2021, "dt": "2021-09-14T18:45:00", "WOJ": 10, "sev": 1, "c": [ 255, 255, 0, 160 ], "dmg": 1, "sli": 1, "ser": 0, "fat": 0, "row": 1, "mot": -1, "pie": -1, "uto": -1, "uwr": -1 }, "geometry": { "type": "Point", "coordinates": [ 18.594639, 51.230694 ] } },
{ "type": "Feature", "properties": { "ID": 110499079, "yr": 2021, "dt": "2021-09-14T09:00:00", "WOJ": 10, "sev": 1, "c": [ 255, 255, 0, 160 ], "dmg": 1, "sli": 1, "ser": 0, "fat": 0, "row": -1, "mot": -1, "pie": 1, "uto": -1, "uwr": -1 }, "geometry": { "type": "Point", "coordinates": [ 18.718556, 51.58925 ] } },
{ "type": "Feature", "properties": { "ID": 110284027, "yr": 2021, "dt": "2021-06-18T10:44:52", "WOJ": 10, "sev": 1, "c": [ 255, 255, 0, 160 ], "dmg": 1, "sli": 1, "ser": 0, "fat": 0, "row": -1, "mot": -1, "pie": 1, "uto": -1, "uwr": -1 }, "geometry": { "type": "Point", "coordinates": [ 19.451583, 51.780167 ] } },
{ "type": "Feature", "properties": { "ID": 110286299, "yr": 2021, "dt": "2021-06-18T12:55:00", "WOJ": 10, "sev": 1, "c": [ 255, 255, 0, 160 ], "dmg": 0, "sli": 1, "ser": 0, "fat": 0, "row": -1, "mot": -1, "pie": -1, "uto": -1, "uwr": -1 }, "geometry": { "type": "Point", "coordinates": [ 19.059028, 51.984667 ] } },
{ "type": "Feature", "properties": { "ID": 110284328, "yr": 2021, "dt": "2021-06-18T13:00:19", "WOJ": 10, "sev": 1, "c": [ 255, 255, 0, 160 ], "dmg": 2, "sli": 1, "ser": 0, "fat": 0, "row": -1, "mot": -1, "pie": -1, "uto": -1, "uwr": -1 }, "geometry": { "type": "Point", "coordinates": [ 19.43575, 51.717417 ] } },
{ "type": "Feature", "properties": { "ID": 110283696, "yr": 2021, "dt": "2021-06-18T07:16:03", "WOJ": 10, "sev": 1, "c": [ 255, 255, 0, 160 ], "dmg": 2, "sli": 2, "ser": 0, "fat": 0, "row": -1, "mot": -1, "pie": -1, "uto": -1, "uwr": -1 }, "geometry": { "type": "Point", "coordinates": [ 19.50875, 51.763667 ] } },
{ "type": "Feature", "properties": { "ID": 110284326, "yr": 2021, "dt": "2021-06-18T12:48:00", "WOJ": 10, "sev": 1, "c": [ 255, 255, 0, 160 ], "dmg": 1, "sli": 1, "ser": 0, "fat": 0, "row": -1, "mot": -1, "pie": -1, "uto": -1, "uwr": -1 }, "geometry": { "type": "Point", "coordinates": [ 18.619389, 51.221333 ] } },
{ "type": "Feature", "properties": { "ID": 110287423, "yr": 2021, "dt": "2021-06-18T15:20:00", "WOJ": 10, "sev": 1, "c": [ 255, 255, 0, 160 ], "dmg": 1, "sli": 1, "ser": 0, "fat": 0, "row": -1, "mot": -1, "pie": 1, "uto": -1, "uwr": -1 }, "geometry": { "type": "Point", "coordinates": [ 19.281944, 51.955417 ] } },
{ "type": "Feature", "properties": { "ID": 110524023, "yr": 2021, "dt": "2021-09-16T12:00:55", "WOJ": 10, "sev": 1, "c": [ 255, 255, 0, 160 ], "dmg": 2, "sli": 1, "ser": 0, "fat": 0, "row": -1, "mot": -1, "pie": -1, "uto": -1, "uwr": -1 }, "geometry": { "type": "Point", "coordinates": [ 19.394528, 51.79925 ] } },
{ "type": "Feature", "properties": { "ID": 110491313, "yr": 2021, "dt": "2021-09-11T13:40:00", "WOJ": 10, "sev": 1, "c": [ 255, 255, 0, 160 ], "dmg": 0, "sli": 2, "ser": 0, "fat": 0, "row": -1, "mot": -1, "pie": -1, "uto": -1, "uwr": -1 }, "geometry": { "type": "Point", "coordinates": [ 20.262389, 51.809417 ] } },
{ "type": "Feature", "properties": { "ID": 110490665, "yr": 2021, "dt": "2021-09-11T13:01:00", "WOJ": 10, "sev": 1, "c": [ 255, 255, 0, 160 ], "dmg": 1, "sli": 1, "ser": 0, "fat": 0, "row": -1, "mot": -1, "pie": -1, "uto": -1, "uwr": -1 }, "geometry": { "type": "Point", "coordinates": [ 19.370139, 51.354528 ] } },
{ "type": "Feature", "properties": { "ID": 110491551, "yr": 2021, "dt": "2021-09-12T16:20:00", "WOJ": 10, "sev": 1, "c": [ 255, 255, 0, 160 ], "dmg": 1, "sli": 1, "ser": 0, "fat": 0, "row": 1, "mot": -1, "pie": -1, "uto": -1, "uwr": -1 }, "geometry": { "type": "Point", "coordinates": [ 19.74575, 51.834889 ] } },
{ "type": "Feature", "properties": { "ID": 110494615, "yr": 2021, "dt": "2021-09-12T12:05:00", "WOJ": 10, "sev": 1, "c": [ 255, 255, 0, 160 ], "dmg": 0, "sli": 1, "ser": 0, "fat": 0, "row": 1, "mot": -1, "pie": -1, "uto": -1, "uwr": -1 }, "geometry": { "type": "Point", "coordinates": [ 20.051667, 51.889639 ] } },
{ "type": "Feature", "properties": { "ID": 110512785, "yr": 2021, "dt": "2021-09-12T15:00:00", "WOJ": 10, "sev": 1, "c": [ 255, 255, 0, 160 ], "dmg": 1, "sli": 1, "ser": 0, "fat": 0, "row": -1, "mot": -1, "pie": -1, "uto": -1, "uwr": -1 }, "geometry": { "type": "Point", "coordinates": [ 20.27725, 51.379917 ] } },
{ "type": "Feature", "properties": { "ID": 110491513, "yr": 2021, "dt": "2021-09-12T14:40:02", "WOJ": 10, "sev": 1, "c": [ 255, 255, 0, 160 ], "dmg": 1, "sli": 1, "ser": 0, "fat": 0, "row": -1, "mot": 1, "pie": -1, "uto": -1, "uwr": -1 }, "geometry": { "type": "Point", "coordinates": [ 19.836556, 51.319778 ] } },
{ "type": "Feature", "properties": { "ID": 110494144, "yr": 2021, "dt": "2021-09-13T06:00:00", "WOJ": 10, "sev": 1, "c": [ 255, 255, 0, 160 ], "dmg": 1, "sli": 2, "ser": 0, "fat": 0, "row": -1, "mot": 1, "pie": 1, "uto": -1, "uwr": -1 }, "geometry": { "type": "Point", "coordinates": [ 19.409167, 51.855778 ] } },
{ "type": "Feature", "properties": { "ID": 110497054, "yr": 2021, "dt": "2021-09-13T14:55:30", "WOJ": 10, "sev": 1, "c": [ 255, 255, 0, 160 ], "dmg": 1, "sli": 1, "ser": 0, "fat": 0, "row": -1, "mot": 1, "pie": -1, "uto": -1, "uwr": -1 }, "geometry": { "type": "Point", "coordinates": [ 19.478333, 51.740889 ] } },
{ "type": "Feature", "properties": { "ID": 110497775, "yr": 2021, "dt": "2021-09-13T18:50:00", "WOJ": 10, "sev": 1, "c": [ 255, 255, 0, 160 ], "dmg": 2, "sli": 1, "ser": 0, "fat": 0, "row": -1, "mot": 1, "pie": -1, "uto": -1, "uwr": -1 }, "geometry": { "type": "Point", "coordinates": [ 18.985639, 51.405972 ] } },
{ "type": "Feature", "properties": { "ID": 110289927, "yr": 2021, "dt": "2021-06-22T22:00:50", "WOJ": 10, "sev": 1, "c": [ 255, 255, 0, 160 ], "dmg": 1, "sli": 1, "ser": 0, "fat": 0, "row": -1, "mot": -1, "pie": -1, "uto": -1, "uwr": -1 }, "geometry": { "type": "Point", "coordinates": [ 19.419361, 51.751444 ] } },
{ "type": "Feature", "properties": { "ID": 110294104, "yr": 2021, "dt": "2021-06-18T05:40:00", "WOJ": 10, "sev": 1, "c": [ 255, 255, 0, 160 ], "dmg": 1, "sli": 1, "ser": 0, "fat": 0, "row": -1, "mot": 1, "pie": -1, "uto": -1, "uwr": -1 }, "geometry": { "type": "Point", "coordinates": [ 19.940806, 51.5215 ] } },
{ "type": "Feature", "properties": { "ID": 110287984, "yr": 2021, "dt": "2021-06-18T19:10:00", "WOJ": 10, "sev": 1, "c": [ 255, 255, 0, 160 ], "dmg": 1, "sli": 1, "ser": 0, "fat": 0, "row": 1, "mot": -1, "pie": -1, "uto": -1, "uwr": -1 }, "geometry": { "type": "Point", "coordinates": [ 18.418389, 51.716639 ] } },
{ "type": "Feature", "properties": { "ID": 110286092, "yr": 2021, "dt": "2021-06-19T09:54:28", "WOJ": 10, "sev": 1, "c": [ 255, 255, 0, 160 ], "dmg": 1, "sli": 1, "ser": 0, "fat": 0, "row": 1, "mot": 0, "pie": -1, "uto": -1, "uwr": -1 }, "geometry": { "type": "Point", "coordinates": [ 19.535083, 51.604861 ] } },
{ "type": "Feature", "properties": { "ID": 110286280, "yr": 2021, "dt": "2021-06-19T13:13:54", "WOJ": 10, "sev": 1, "c": [ 255, 255, 0, 160 ], "dmg": 1, "sli": 1, "ser": 0, "fat": 0, "row": -1, "mot": 1, "pie": -1, "uto": -1, "uwr": -1 }, "geometry": { "type": "Point", "coordinates": [ 19.078944, 51.723972 ] } },
{ "type": "Feature", "properties": { "ID": 110286038, "yr": 2021, "dt": "2021-06-19T05:01:31", "WOJ": 10, "sev": 1, "c": [ 255, 255, 0, 160 ], "dmg": 1, "sli": 1, "ser": 0, "fat": 0, "row": 1, "mot": -1, "pie": -1, "uto": -1, "uwr": -1 }, "geometry": { "type": "Point", "coordinates": [ 19.461306, 51.746611 ] } },
{ "type": "Feature", "properties": { "ID": 110286486, "yr": 2021, "dt": "2021-06-19T16:48:45", "WOJ": 10, "sev": 1, "c": [ 255, 255, 0, 160 ], "dmg": 1, "sli": 1, "ser": 0, "fat": 0, "row": 1, "mot": -1, "pie": -1, "uto": -1, "uwr": -1 }, "geometry": { "type": "Point", "coordinates": [ 19.444333, 51.772778 ] } },
{ "type": "Feature", "properties": { "ID": 110286593, "yr": 2021, "dt": "2021-06-19T19:30:00", "WOJ": 10, "sev": 1, "c": [ 255, 255, 0, 160 ], "dmg": 1, "sli": 1, "ser": 0, "fat": 0, "row": -1, "mot": -1, "pie": -1, "uto": -1, "uwr": -1 }, "geometry": { "type": "Point", "coordinates": [ 20.0, 51.440667 ] } },
{ "type": "Feature", "properties": { "ID": 110286384, "yr": 2021, "dt": "2021-06-19T15:16:18", "WOJ": 10, "sev": 1, "c": [ 255, 255, 0, 160 ], "dmg": 1, "sli": 1, "ser": 0, "fat": 0, "row": -1, "mot": -1, "pie": 1, "uto": -1, "uwr": -1 }, "geometry": { "type": "Point", "coordinates": [ 19.753139, 51.798611 ] } },
{ "type": "Feature", "properties": { "ID": 110284990, "yr": 2021, "dt": "2021-06-19T11:15:00", "WOJ": 10, "sev": 1, "c": [ 255, 255, 0, 160 ], "dmg": 2, "sli": 2, "ser": 0, "fat": 0, "row": -1, "mot": -1, "pie": -1, "uto": -1, "uwr": -1 }, "geometry": { "type": "Point", "coordinates": [ 19.342861, 52.223222 ] } },
{ "type": "Feature", "properties": { "ID": 110287323, "yr": 2021, "dt": "2021-06-20T21:45:39", "WOJ": 10, "sev": 1, "c": [ 255, 255, 0, 160 ], "dmg": 1, "sli": 2, "ser": 0, "fat": 0, "row": -1, "mot": -1, "pie": -1, "uto": -1, "uwr": -1 }, "geometry": { "type": "Point", "coordinates": [ 19.4355, 51.6325 ] } },
{ "type": "Feature", "properties": { "ID": 110282786, "yr": 2021, "dt": "2021-06-17T08:39:19", "WOJ": 10, "sev": 1, "c": [ 255, 255, 0, 160 ], "dmg": 1, "sli": 1, "ser": 0, "fat": 0, "row": -1, "mot": -1, "pie": -1, "uto": -1, "uwr": -1 }, "geometry": { "type": "Point", "coordinates": [ 20.202722, 51.91 ] } },
{ "type": "Feature", "properties": { "ID": 110283184, "yr": 2021, "dt": "2021-06-17T15:47:11", "WOJ": 10, "sev": 1, "c": [ 255, 255, 0, 160 ], "dmg": 1, "sli": 1, "ser": 0, "fat": 0, "row": 1, "mot": -1, "pie": -1, "uto": -1, "uwr": -1 }, "geometry": { "type": "Point", "coordinates": [ 18.933556, 51.592861 ] } },
{ "type": "Feature", "properties": { "ID": 110283088, "yr": 2021, "dt": "2021-06-17T12:07:50", "WOJ": 10, "sev": 1, "c": [ 255, 255, 0, 160 ], "dmg": 1, "sli": 1, "ser": 0, "fat": 0, "row": -1, "mot": -1, "pie": -1, "uto": -1, "uwr": -1 }, "geometry": { "type": "Point", "coordinates": [ 19.468806, 51.760278 ] } },
{ "type": "Feature", "properties": { "ID": 110283204, "yr": 2021, "dt": "2021-06-17T15:30:00", "WOJ": 10, "sev": 1, "c": [ 255, 255, 0, 160 ], "dmg": 0, "sli": 1, "ser": 0, "fat": 0, "row": 1, "mot": -1, "pie": -1, "uto": -1, "uwr": -1 }, "geometry": { "type": "Point", "coordinates": [ 19.31625, 51.892833 ] } },
{ "type": "Feature", "properties": { "ID": 110284781, "yr": 2021, "dt": "2021-06-18T21:17:06", "WOJ": 10, "sev": 1, "c": [ 255, 255, 0, 160 ], "dmg": 1, "sli": 1, "ser": 0, "fat": 0, "row": 1, "mot": -1, "pie": -1, "uto": -1, "uwr": -1 }, "geometry": { "type": "Point", "coordinates": [ 19.505167, 51.735861 ] } },
{ "type": "Feature", "properties": { "ID": 110287697, "yr": 2021, "dt": "2021-06-21T08:35:00", "WOJ": 10, "sev": 1, "c": [ 255, 255, 0, 160 ], "dmg": 2, "sli": 1, "ser": 0, "fat": 0, "row": -1, "mot": -1, "pie": -1, "uto": -1, "uwr": -1 }, "geometry": { "type": "Point", "coordinates": [ 19.476056, 51.910472 ] } },
{ "type": "Feature", "properties": { "ID": 110288588, "yr": 2021, "dt": "2021-06-21T15:50:00", "WOJ": 10, "sev": 1, "c": [ 255, 255, 0, 160 ], "dmg": 1, "sli": 1, "ser": 0, "fat": 0, "row": 1, "mot": -1, "pie": -1, "uto": -1, "uwr": -1 }, "geometry": { "type": "Point", "coordinates": [ 20.000333, 51.538556 ] } },
{ "type": "Feature", "properties": { "ID": 110288944, "yr": 2021, "dt": "2021-06-21T04:22:00", "WOJ": 10, "sev": 1, "c": [ 255, 255, 0, 160 ], "dmg": 1, "sli": 1, "ser": 0, "fat": 0, "row": 1, "mot": -1, "pie": -1, "uto": -1, "uwr": -1 }, "geometry": { "type": "Point", "coordinates": [ 19.420861, 51.789861 ] } },
{ "type": "Feature", "properties": { "ID": 110288935, "yr": 2021, "dt": "2021-06-21T14:25:00", "WOJ": 10, "sev": 1, "c": [ 255, 255, 0, 160 ], "dmg": 1, "sli": 1, "ser": 0, "fat": 0, "row": 1, "mot": -1, "pie": -1, "uto": -1, "uwr": -1 }, "geometry": { "type": "Point", "coordinates": [ 19.476889, 51.799694 ] } },
{ "type": "Feature", "properties": { "ID": 110287817, "yr": 2021, "dt": "2021-06-21T09:42:05", "WOJ": 10, "sev": 1, "c": [ 255, 255, 0, 160 ], "dmg": 0, "sli": 3, "ser": 0, "fat": 0, "row": -1, "mot": -1, "pie": -1, "uto": -1, "uwr": -1 }, "geometry": { "type": "Point", "coordinates": [ 19.421611, 51.792583 ] } },
{ "type": "Feature", "properties": { "ID": 110290765, "yr": 2021, "dt": "2021-06-22T15:59:20", "WOJ": 10, "sev": 1, "c": [ 255, 255, 0, 160 ], "dmg": 1, "sli": 1, "ser": 0, "fat": 0, "row": 1, "mot": -1, "pie": -1, "uto": -1, "uwr": -1 }, "geometry": { "type": "Point", "coordinates": [ 19.371889, 51.35 ] } },
{ "type": "Feature", "properties": { "ID": 110291432, "yr": 2021, "dt": "2021-06-22T17:15:00", "WOJ": 10, "sev": 1, "c": [ 255, 255, 0, 160 ], "dmg": 1, "sli": 2, "ser": 0, "fat": 0, "row": -1, "mot": -1, "pie": -1, "uto": -1, "uwr": -1 }, "geometry": { "type": "Point", "coordinates": [ 19.404333, 51.499028 ] } },
{ "type": "Feature", "properties": { "ID": 110290769, "yr": 2021, "dt": "2021-06-22T16:50:00", "WOJ": 10, "sev": 1, "c": [ 255, 255, 0, 160 ], "dmg": 2, "sli": 1, "ser": 0, "fat": 0, "row": -1, "mot": -1, "pie": -1, "uto": -1, "uwr": -1 }, "geometry": { "type": "Point", "coordinates": [ 18.525361, 51.243083 ] } },
{ "type": "Feature", "properties": { "ID": 110490874, "yr": 2021, "dt": "2021-09-10T15:20:00", "WOJ": 10, "sev": 1, "c": [ 255, 255, 0, 160 ], "dmg": 2, "sli": 1, "ser": 0, "fat": 0, "row": -1, "mot": -1, "pie": -1, "uto": -1, "uwr": -1 }, "geometry": { "type": "Point", "coordinates": [ 18.449278, 51.266111 ] } },
{ "type": "Feature", "properties": { "ID": 110486700, "yr": 2021, "dt": "2021-09-10T12:35:00", "WOJ": 10, "sev": 1, "c": [ 255, 255, 0, 160 ], "dmg": 1, "sli": 1, "ser": 0, "fat": 0, "row": -1, "mot": -1, "pie": -1, "uto": -1, "uwr": -1 }, "geometry": { "type": "Point", "coordinates": [ 18.646889, 51.480639 ] } },
{ "type": "Feature", "properties": { "ID": 110494459, "yr": 2021, "dt": "2021-09-10T13:00:00", "WOJ": 10, "sev": 1, "c": [ 255, 255, 0, 160 ], "dmg": 1, "sli": 1, "ser": 0, "fat": 0, "row": 1, "mot": -1, "pie": -1, "uto": -1, "uwr": -1 }, "geometry": { "type": "Point", "coordinates": [ 19.450889, 51.781889 ] } },
{ "type": "Feature", "properties": { "ID": 110494371, "yr": 2021, "dt": "2021-09-10T13:55:00", "WOJ": 10, "sev": 1, "c": [ 255, 255, 0, 160 ], "dmg": 1, "sli": 1, "ser": 0, "fat": 0, "row": -1, "mot": -1, "pie": 1, "uto": -1, "uwr": -1 }, "geometry": { "type": "Point", "coordinates": [ 18.755944, 51.48375 ] } },
{ "type": "Feature", "properties": { "ID": 110487770, "yr": 2021, "dt": "2021-09-10T06:01:44", "WOJ": 10, "sev": 1, "c": [ 255, 255, 0, 160 ], "dmg": 0, "sli": 3, "ser": 0, "fat": 0, "row": -1, "mot": -1, "pie": -1, "uto": -1, "uwr": -1 }, "geometry": { "type": "Point", "coordinates": [ 20.324583, 51.826278 ] } },
{ "type": "Feature", "properties": { "ID": 110494739, "yr": 2021, "dt": "2021-09-10T15:52:00", "WOJ": 10, "sev": 1, "c": [ 255, 255, 0, 160 ], "dmg": 1, "sli": 1, "ser": 0, "fat": 0, "row": -1, "mot": -1, "pie": 1, "uto": -1, "uwr": -1 }, "geometry": { "type": "Point", "coordinates": [ 19.729083, 51.957389 ] } },
{ "type": "Feature", "properties": { "ID": 110491878, "yr": 2021, "dt": "2021-09-11T20:51:54", "WOJ": 10, "sev": 1, "c": [ 255, 255, 0, 160 ], "dmg": 0, "sli": 1, "ser": 0, "fat": 0, "row": 1, "mot": -1, "pie": -1, "uto": -1, "uwr": -1 }, "geometry": { "type": "Point", "coordinates": [ 19.423944, 51.755528 ] } },
{ "type": "Feature", "properties": { "ID": 110497161, "yr": 2021, "dt": "2021-09-11T21:03:00", "WOJ": 10, "sev": 1, "c": [ 255, 255, 0, 160 ], "dmg": 1, "sli": 1, "ser": 0, "fat": 0, "row": -1, "mot": 1, "pie": -1, "uto": -1, "uwr": -1 }, "geometry": { "type": "Point", "coordinates": [ 20.521722, 51.843667 ] } },
{ "type": "Feature", "properties": { "ID": 110296650, "yr": 2021, "dt": "2021-06-25T09:00:00", "WOJ": 10, "sev": 1, "c": [ 255, 255, 0, 160 ], "dmg": 1, "sli": 1, "ser": 0, "fat": 0, "row": 1, "mot": -1, "pie": -1, "uto": -1, "uwr": -1 }, "geometry": { "type": "Point", "coordinates": [ 20.470944, 51.4445 ] } },
{ "type": "Feature", "properties": { "ID": 110289691, "yr": 2021, "dt": "2021-06-22T10:58:03", "WOJ": 10, "sev": 1, "c": [ 255, 255, 0, 160 ], "dmg": 1, "sli": 1, "ser": 0, "fat": 0, "row": 1, "mot": -1, "pie": -1, "uto": -1, "uwr": -1 }, "geometry": { "type": "Point", "coordinates": [ 19.6135, 51.743167 ] } },
{ "type": "Feature", "properties": { "ID": 110289814, "yr": 2021, "dt": "2021-06-22T15:24:00", "WOJ": 10, "sev": 1, "c": [ 255, 255, 0, 160 ], "dmg": 3, "sli": 1, "ser": 0, "fat": 0, "row": -1, "mot": -1, "pie": -1, "uto": -1, "uwr": -1 }, "geometry": { "type": "Point", "coordinates": [ 19.418, 51.741083 ] } },
{ "type": "Feature", "properties": { "ID": 110289030, "yr": 2021, "dt": "2021-06-22T08:00:52", "WOJ": 10, "sev": 1, "c": [ 255, 255, 0, 160 ], "dmg": 1, "sli": 1, "ser": 0, "fat": 0, "row": -1, "mot": -1, "pie": -1, "uto": -1, "uwr": -1 }, "geometry": { "type": "Point", "coordinates": [ 19.626944, 51.795028 ] } },
{ "type": "Feature", "properties": { "ID": 110289583, "yr": 2021, "dt": "2021-06-22T09:00:39", "WOJ": 10, "sev": 1, "c": [ 255, 255, 0, 160 ], "dmg": 1, "sli": 1, "ser": 0, "fat": 0, "row": 1, "mot": -1, "pie": -1, "uto": -1, "uwr": -1 }, "geometry": { "type": "Point", "coordinates": [ 19.149917, 51.333306 ] } },
{ "type": "Feature", "properties": { "ID": 110291383, "yr": 2021, "dt": "2021-06-23T10:58:40", "WOJ": 10, "sev": 1, "c": [ 255, 255, 0, 160 ], "dmg": 0, "sli": 3, "ser": 0, "fat": 0, "row": -1, "mot": -1, "pie": -1, "uto": -1, "uwr": -1 }, "geometry": { "type": "Point", "coordinates": [ 19.118361, 51.863972 ] } },
{ "type": "Feature", "properties": { "ID": 110290231, "yr": 2021, "dt": "2021-06-23T14:21:47", "WOJ": 10, "sev": 1, "c": [ 255, 255, 0, 160 ], "dmg": 1, "sli": 1, "ser": 0, "fat": 0, "row": -1, "mot": -1, "pie": -1, "uto": -1, "uwr": -1 }, "geometry": { "type": "Point", "coordinates": [ 19.421611, 51.743694 ] } },
{ "type": "Feature", "properties": { "ID": 110291421, "yr": 2021, "dt": "2021-06-23T12:57:48", "WOJ": 10, "sev": 1, "c": [ 255, 255, 0, 160 ], "dmg": 1, "sli": 1, "ser": 0, "fat": 0, "row": 1, "mot": -1, "pie": -1, "uto": -1, "uwr": -1 }, "geometry": { "type": "Point", "coordinates": [ 19.476639, 51.761694 ] } },
{ "type": "Feature", "properties": { "ID": 110291729, "yr": 2021, "dt": "2021-06-23T16:55:00", "WOJ": 10, "sev": 1, "c": [ 255, 255, 0, 160 ], "dmg": 1, "sli": 1, "ser": 0, "fat": 0, "row": -1, "mot": -1, "pie": -1, "uto": -1, "uwr": -1 }, "geometry": { "type": "Point", "coordinates": [ 19.370806, 52.231278 ] } },
{ "type": "Feature", "properties": { "ID": 110291739, "yr": 2021, "dt": "2021-06-23T17:04:13", "WOJ": 10, "sev": 1, "c": [ 255, 255, 0, 160 ], "dmg": 1, "sli": 1, "ser": 0, "fat": 0, "row": -1, "mot": -1, "pie": -1, "uto": -1, "uwr": -1 }, "geometry": { "type": "Point", "coordinates": [ 19.408667, 50.974028 ] } },
{ "type": "Feature", "properties": { "ID": 110290104, "yr": 2021, "dt": "2021-06-23T08:22:54", "WOJ": 10, "sev": 1, "c": [ 255, 255, 0, 160 ], "dmg": 2, "sli": 1, "ser": 0, "fat": 0, "row": -1, "mot": -1, "pie": -1, "uto": -1, "uwr": -1 }, "geometry": { "type": "Point", "coordinates": [ 19.646056, 51.820806 ] } },
{ "type": "Feature", "properties": { "ID": 110287407, "yr": 2021, "dt": "2021-06-21T06:00:00", "WOJ": 10, "sev": 1, "c": [ 255, 255, 0, 160 ], "dmg": 4, "sli": 1, "ser": 0, "fat": 0, "row": -1, "mot": -1, "pie": -1, "uto": -1, "uwr": -1 }, "geometry": { "type": "Point", "coordinates": [ 20.388556, 51.379806 ] } },
{ "type": "Feature", "properties": { "ID": 110287354, "yr": 2021, "dt": "2021-06-21T01:17:00", "WOJ": 10, "sev": 1, "c": [ 255, 255, 0, 160 ], "dmg": 1, "sli": 1, "ser": 0, "fat": 0, "row": -1, "mot": -1, "pie": -1, "uto": -1, "uwr": -1 }, "geometry": { "type": "Point", "coordinates": [ 20.124472, 51.963833 ] } },
{ "type": "Feature", "properties": { "ID": 110288544, "yr": 2021, "dt": "2021-06-21T16:25:00", "WOJ": 10, "sev": 1, "c": [ 255, 255, 0, 160 ], "dmg": 1, "sli": 1, "ser": 0, "fat": 0, "row": 1, "mot": -1, "pie": -1, "uto": -1, "uwr": -1 }, "geometry": { "type": "Point", "coordinates": [ 19.723806, 51.960667 ] } },
{ "type": "Feature", "properties": { "ID": 110285367, "yr": 2021, "dt": "2021-06-21T19:04:52", "WOJ": 10, "sev": 1, "c": [ 255, 255, 0, 160 ], "dmg": 0, "sli": 2, "ser": 0, "fat": 0, "row": -1, "mot": -1, "pie": -1, "uto": -1, "uwr": -1 }, "geometry": { "type": "Point", "coordinates": [ 19.485472, 51.761333 ] } },
{ "type": "Feature", "properties": { "ID": 110288645, "yr": 2021, "dt": "2021-06-21T17:50:00", "WOJ": 10, "sev": 1, "c": [ 255, 255, 0, 160 ], "dmg": 1, "sli": 1, "ser": 0, "fat": 0, "row": -1, "mot": -1, "pie": -1, "uto": -1, "uwr": -1 }, "geometry": { "type": "Point", "coordinates": [ 19.359833, 52.235583 ] } },
{ "type": "Feature", "properties": { "ID": 110296505, "yr": 2021, "dt": "2021-06-25T22:02:19", "WOJ": 10, "sev": 1, "c": [ 255, 255, 0, 160 ], "dmg": 1, "sli": 1, "ser": 0, "fat": 0, "row": -1, "mot": -1, "pie": -1, "uto": -1, "uwr": -1 }, "geometry": { "type": "Point", "coordinates": [ 19.344583, 51.301778 ] } },
{ "type": "Feature", "properties": { "ID": 110294543, "yr": 2021, "dt": "2021-06-25T13:41:54", "WOJ": 10, "sev": 1, "c": [ 255, 255, 0, 160 ], "dmg": 1, "sli": 1, "ser": 0, "fat": 0, "row": -1, "mot": -1, "pie": 1, "uto": -1, "uwr": -1 }, "geometry": { "type": "Point", "coordinates": [ 20.143167, 51.959028 ] } },
{ "type": "Feature", "properties": { "ID": 110294484, "yr": 2021, "dt": "2021-06-25T17:00:02", "WOJ": 10, "sev": 1, "c": [ 255, 255, 0, 160 ], "dmg": 1, "sli": 1, "ser": 0, "fat": 0, "row": -1, "mot": -1, "pie": -1, "uto": -1, "uwr": -1 }, "geometry": { "type": "Point", "coordinates": [ 19.45375, 51.781139 ] } },
{ "type": "Feature", "properties": { "ID": 110295564, "yr": 2021, "dt": "2021-06-25T19:25:00", "WOJ": 10, "sev": 1, "c": [ 255, 255, 0, 160 ], "dmg": 1, "sli": 1, "ser": 0, "fat": 0, "row": 1, "mot": -1, "pie": -1, "uto": -1, "uwr": -1 }, "geometry": { "type": "Point", "coordinates": [ 19.4355, 52.16825 ] } },
{ "type": "Feature", "properties": { "ID": 110293787, "yr": 2021, "dt": "2021-06-25T02:14:08", "WOJ": 10, "sev": 1, "c": [ 255, 255, 0, 160 ], "dmg": 2, "sli": 1, "ser": 0, "fat": 0, "row": 1, "mot": -1, "pie": -1, "uto": -1, "uwr": -1 }, "geometry": { "type": "Point", "coordinates": [ 19.540889, 51.71825 ] } },
{ "type": "Feature", "properties": { "ID": 110294561, "yr": 2021, "dt": "2021-06-25T11:27:39", "WOJ": 10, "sev": 1, "c": [ 255, 255, 0, 160 ], "dmg": 1, "sli": 1, "ser": 0, "fat": 0, "row": -1, "mot": -1, "pie": 1, "uto": -1, "uwr": -1 }, "geometry": { "type": "Point", "coordinates": [ 19.452111, 51.799806 ] } },
{ "type": "Feature", "properties": { "ID": 110293814, "yr": 2021, "dt": "2021-06-25T02:24:56", "WOJ": 10, "sev": 1, "c": [ 255, 255, 0, 160 ], "dmg": 0, "sli": 1, "ser": 0, "fat": 0, "row": -1, "mot": -1, "pie": -1, "uto": -1, "uwr": -1 }, "geometry": { "type": "Point", "coordinates": [ 19.601056, 51.536917 ] } },
{ "type": "Feature", "properties": { "ID": 110498606, "yr": 2021, "dt": "2021-09-09T18:20:00", "WOJ": 10, "sev": 1, "c": [ 255, 255, 0, 160 ], "dmg": 1, "sli": 1, "ser": 0, "fat": 0, "row": -1, "mot": -1, "pie": 1, "uto": -1, "uwr": -1 }, "geometry": { "type": "Point", "coordinates": [ 18.937806, 51.606944 ] } },
{ "type": "Feature", "properties": { "ID": 110486216, "yr": 2021, "dt": "2021-09-09T14:00:00", "WOJ": 10, "sev": 1, "c": [ 255, 255, 0, 160 ], "dmg": 3, "sli": 1, "ser": 0, "fat": 0, "row": -1, "mot": -1, "pie": -1, "uto": -1, "uwr": -1 }, "geometry": { "type": "Point", "coordinates": [ 19.531083, 51.418917 ] } },
{ "type": "Feature", "properties": { "ID": 110486557, "yr": 2021, "dt": "2021-09-09T10:35:00", "WOJ": 10, "sev": 1, "c": [ 255, 255, 0, 160 ], "dmg": 4, "sli": 2, "ser": 0, "fat": 0, "row": -1, "mot": -1, "pie": -1, "uto": -1, "uwr": -1 }, "geometry": { "type": "Point", "coordinates": [ 18.988972, 51.63275 ] } },
{ "type": "Feature", "properties": { "ID": 110484497, "yr": 2021, "dt": "2021-09-09T09:20:27", "WOJ": 10, "sev": 1, "c": [ 255, 255, 0, 160 ], "dmg": 0, "sli": 1, "ser": 0, "fat": 0, "row": -1, "mot": -1, "pie": -1, "uto": -1, "uwr": -1 }, "geometry": { "type": "Point", "coordinates": [ 18.884444, 51.081194 ] } },
{ "type": "Feature", "properties": { "ID": 110490350, "yr": 2021, "dt": "2021-09-10T22:47:33", "WOJ": 10, "sev": 1, "c": [ 255, 255, 0, 160 ], "dmg": 1, "sli": 1, "ser": 0, "fat": 0, "row": 1, "mot": -1, "pie": -1, "uto": -1, "uwr": -1 }, "geometry": { "type": "Point", "coordinates": [ 19.386056, 51.793444 ] } },
{ "type": "Feature", "properties": { "ID": 110486573, "yr": 2021, "dt": "2021-09-10T11:44:00", "WOJ": 10, "sev": 1, "c": [ 255, 255, 0, 160 ], "dmg": 1, "sli": 1, "ser": 0, "fat": 0, "row": -1, "mot": -1, "pie": 1, "uto": -1, "uwr": -1 }, "geometry": { "type": "Point", "coordinates": [ 19.362111, 52.232167 ] } },
{ "type": "Feature", "properties": { "ID": 110490177, "yr": 2021, "dt": "2021-09-10T16:56:03", "WOJ": 10, "sev": 1, "c": [ 255, 255, 0, 160 ], "dmg": 2, "sli": 1, "ser": 0, "fat": 0, "row": -1, "mot": -1, "pie": -1, "uto": -1, "uwr": -1 }, "geometry": { "type": "Point", "coordinates": [ 19.489333, 51.754944 ] } },
{ "type": "Feature", "properties": { "ID": 110491000, "yr": 2021, "dt": "2021-09-10T19:53:13", "WOJ": 10, "sev": 1, "c": [ 255, 255, 0, 160 ], "dmg": 1, "sli": 1, "ser": 0, "fat": 0, "row": -1, "mot": -1, "pie": 1, "uto": -1, "uwr": -1 }, "geometry": { "type": "Point", "coordinates": [ 20.124278, 51.980611 ] } },
{ "type": "Feature", "properties": { "ID": 110494419, "yr": 2021, "dt": "2021-09-10T13:30:00", "WOJ": 10, "sev": 1, "c": [ 255, 255, 0, 160 ], "dmg": 1, "sli": 1, "ser": 0, "fat": 0, "row": 1, "mot": -1, "pie": -1, "uto": -1, "uwr": -1 }, "geometry": { "type": "Point", "coordinates": [ 19.443611, 51.798778 ] } },
{ "type": "Feature", "properties": { "ID": 110299749, "yr": 2021, "dt": "2021-06-26T22:40:00", "WOJ": 10, "sev": 1, "c": [ 255, 255, 0, 160 ], "dmg": 0, "sli": 1, "ser": 0, "fat": 0, "row": -1, "mot": -1, "pie": -1, "uto": -1, "uwr": -1 }, "geometry": { "type": "Point", "coordinates": [ 19.3865, 52.227306 ] } },
{ "type": "Feature", "properties": { "ID": 110295893, "yr": 2021, "dt": "2021-06-26T12:40:00", "WOJ": 10, "sev": 1, "c": [ 255, 255, 0, 160 ], "dmg": 1, "sli": 1, "ser": 0, "fat": 0, "row": -1, "mot": -1, "pie": -1, "uto": -1, "uwr": -1 }, "geometry": { "type": "Point", "coordinates": [ 19.325278, 52.225917 ] } },
{ "type": "Feature", "properties": { "ID": 110295936, "yr": 2021, "dt": "2021-06-26T15:28:59", "WOJ": 10, "sev": 1, "c": [ 255, 255, 0, 160 ], "dmg": 0, "sli": 3, "ser": 0, "fat": 0, "row": -1, "mot": -1, "pie": -1, "uto": -1, "uwr": -1 }, "geometry": { "type": "Point", "coordinates": [ 20.261306, 51.736722 ] } },
{ "type": "Feature", "properties": { "ID": 110295953, "yr": 2021, "dt": "2021-06-26T17:00:00", "WOJ": 10, "sev": 1, "c": [ 255, 255, 0, 160 ], "dmg": 2, "sli": 1, "ser": 0, "fat": 0, "row": -1, "mot": -1, "pie": -1, "uto": -1, "uwr": -1 }, "geometry": { "type": "Point", "coordinates": [ 19.39775, 52.294444 ] } },
{ "type": "Feature", "properties": { "ID": 110296232, "yr": 2021, "dt": "2021-06-27T15:43:16", "WOJ": 10, "sev": 1, "c": [ 255, 255, 0, 160 ], "dmg": 2, "sli": 1, "ser": 0, "fat": 0, "row": -1, "mot": -1, "pie": -1, "uto": -1, "uwr": -1 }, "geometry": { "type": "Point", "coordinates": [ 19.521833, 51.775083 ] } },
{ "type": "Feature", "properties": { "ID": 110297611, "yr": 2021, "dt": "2021-06-27T17:55:30", "WOJ": 10, "sev": 1, "c": [ 255, 255, 0, 160 ], "dmg": 2, "sli": 1, "ser": 0, "fat": 0, "row": -1, "mot": -1, "pie": -1, "uto": -1, "uwr": -1 }, "geometry": { "type": "Point", "coordinates": [ 19.386611, 51.799028 ] } },
{ "type": "Feature", "properties": { "ID": 110299491, "yr": 2021, "dt": "2021-06-27T22:41:31", "WOJ": 10, "sev": 1, "c": [ 255, 255, 0, 160 ], "dmg": 1, "sli": 1, "ser": 0, "fat": 0, "row": -1, "mot": -1, "pie": -1, "uto": -1, "uwr": -1 }, "geometry": { "type": "Point", "coordinates": [ 19.66025, 51.725139 ] } },
{ "type": "Feature", "properties": { "ID": 110296051, "yr": 2021, "dt": "2021-06-27T05:05:55", "WOJ": 10, "sev": 1, "c": [ 255, 255, 0, 160 ], "dmg": 0, "sli": 1, "ser": 0, "fat": 0, "row": -1, "mot": 1, "pie": -1, "uto": -1, "uwr": -1 }, "geometry": { "type": "Point", "coordinates": [ 20.057222, 51.694806 ] } },
{ "type": "Feature", "properties": { "ID": 110297520, "yr": 2021, "dt": "2021-06-27T13:05:00", "WOJ": 10, "sev": 1, "c": [ 255, 255, 0, 160 ], "dmg": 1, "sli": 1, "ser": 0, "fat": 0, "row": 1, "mot": -1, "pie": -1, "uto": -1, "uwr": -1 }, "geometry": { "type": "Point", "coordinates": [ 18.927694, 51.421889 ] } },
{ "type": "Feature", "properties": { "ID": 110298523, "yr": 2021, "dt": "2021-06-27T22:34:55", "WOJ": 10, "sev": 1, "c": [ 255, 255, 0, 160 ], "dmg": 0, "sli": 1, "ser": 0, "fat": 0, "row": 1, "mot": -1, "pie": -1, "uto": -1, "uwr": -1 }, "geometry": { "type": "Point", "coordinates": [ 19.505139, 51.736278 ] } },
{ "type": "Feature", "properties": { "ID": 110301774, "yr": 2021, "dt": "2021-06-24T10:00:00", "WOJ": 10, "sev": 1, "c": [ 255, 255, 0, 160 ], "dmg": 1, "sli": 1, "ser": 0, "fat": 0, "row": 1, "mot": -1, "pie": -1, "uto": -1, "uwr": -1 }, "geometry": { "type": "Point", "coordinates": [ 20.285667, 51.377361 ] } },
{ "type": "Feature", "properties": { "ID": 110292957, "yr": 2021, "dt": "2021-06-24T08:47:38", "WOJ": 10, "sev": 1, "c": [ 255, 255, 0, 160 ], "dmg": 1, "sli": 1, "ser": 0, "fat": 0, "row": -1, "mot": -1, "pie": 1, "uto": -1, "uwr": -1 }, "geometry": { "type": "Point", "coordinates": [ 19.454306, 51.7875 ] } },
{ "type": "Feature", "properties": { "ID": 110293668, "yr": 2021, "dt": "2021-06-24T20:01:00", "WOJ": 10, "sev": 1, "c": [ 255, 255, 0, 160 ], "dmg": 0, "sli": 2, "ser": 0, "fat": 0, "row": -1, "mot": -1, "pie": -1, "uto": -1, "uwr": -1 }, "geometry": { "type": "Point", "coordinates": [ 19.514278, 52.259194 ] } },
{ "type": "Feature", "properties": { "ID": 110294080, "yr": 2021, "dt": "2021-06-24T13:15:00", "WOJ": 10, "sev": 1, "c": [ 255, 255, 0, 160 ], "dmg": 1, "sli": 1, "ser": 0, "fat": 0, "row": -1, "mot": -1, "pie": -1, "uto": -1, "uwr": -1 }, "geometry": { "type": "Point", "coordinates": [ 20.050889, 51.6085 ] } },
{ "type": "Feature", "properties": { "ID": 110292953, "yr": 2021, "dt": "2021-06-24T10:15:00", "WOJ": 10, "sev": 1, "c": [ 255, 255, 0, 160 ], "dmg": 1, "sli": 2, "ser": 0, "fat": 0, "row": -1, "mot": -1, "pie": -1, "uto": -1, "uwr": -1 }, "geometry": { "type": "Point", "coordinates": [ 19.38275, 52.220389 ] } },
{ "type": "Feature", "properties": { "ID": 110294073, "yr": 2021, "dt": "2021-06-25T08:02:54", "WOJ": 10, "sev": 1, "c": [ 255, 255, 0, 160 ], "dmg": 1, "sli": 1, "ser": 0, "fat": 0, "row": -1, "mot": -1, "pie": -1, "uto": -1, "uwr": -1 }, "geometry": { "type": "Point", "coordinates": [ 19.545694, 51.453278 ] } },
{ "type": "Feature", "properties": { "ID": 110483983, "yr": 2021, "dt": "2021-09-08T17:12:54", "WOJ": 10, "sev": 1, "c": [ 255, 255, 0, 160 ], "dmg": 1, "sli": 1, "ser": 0, "fat": 0, "row": -1, "mot": 1, "pie": -1, "uto": -1, "uwr": -1 }, "geometry": { "type": "Point", "coordinates": [ 19.485944, 51.773167 ] } },
{ "type": "Feature", "properties": { "ID": 110483345, "yr": 2021, "dt": "2021-09-08T08:00:00", "WOJ": 10, "sev": 1, "c": [ 255, 255, 0, 160 ], "dmg": 1, "sli": 1, "ser": 0, "fat": 0, "row": -1, "mot": -1, "pie": 1, "uto": -1, "uwr": -1 }, "geometry": { "type": "Point", "coordinates": [ 19.364583, 52.237889 ] } },
{ "type": "Feature", "properties": { "ID": 110484159, "yr": 2021, "dt": "2021-09-08T16:52:00", "WOJ": 10, "sev": 1, "c": [ 255, 255, 0, 160 ], "dmg": 1, "sli": 1, "ser": 0, "fat": 0, "row": -1, "mot": 1, "pie": -1, "uto": -1, "uwr": -1 }, "geometry": { "type": "Point", "coordinates": [ 19.619861, 51.702611 ] } },
{ "type": "Feature", "properties": { "ID": 113304384, "yr": 2021, "dt": "2021-09-08T11:00:00", "WOJ": 10, "sev": 1, "c": [ 255, 255, 0, 160 ], "dmg": 1, "sli": 1, "ser": 0, "fat": 0, "row": 1, "mot": -1, "pie": -1, "uto": -1, "uwr": -1 }, "geometry": { "type": "Point", "coordinates": [ 18.931167, 51.588056 ] } },
{ "type": "Feature", "properties": { "ID": 110307279, "yr": 2021, "dt": "2021-07-02T16:24:44", "WOJ": 10, "sev": 1, "c": [ 255, 255, 0, 160 ], "dmg": 1, "sli": 1, "ser": 0, "fat": 0, "row": -1, "mot": -1, "pie": -1, "uto": -1, "uwr": -1 }, "geometry": { "type": "Point", "coordinates": [ 19.685167, 51.395583 ] } },
{ "type": "Feature", "properties": { "ID": 110297579, "yr": 2021, "dt": "2021-06-27T15:45:00", "WOJ": 10, "sev": 1, "c": [ 255, 255, 0, 160 ], "dmg": 2, "sli": 1, "ser": 0, "fat": 0, "row": -1, "mot": 1, "pie": -1, "uto": -1, "uwr": -1 }, "geometry": { "type": "Point", "coordinates": [ 20.200833, 51.52275 ] } },
{ "type": "Feature", "properties": { "ID": 110300495, "yr": 2021, "dt": "2021-06-28T14:25:00", "WOJ": 10, "sev": 1, "c": [ 255, 255, 0, 160 ], "dmg": 1, "sli": 1, "ser": 0, "fat": 0, "row": -1, "mot": -1, "pie": -1, "uto": -1, "uwr": -1 }, "geometry": { "type": "Point", "coordinates": [ 19.379722, 52.21675 ] } },
{ "type": "Feature", "properties": { "ID": 110301861, "yr": 2021, "dt": "2021-06-28T20:00:00", "WOJ": 10, "sev": 1, "c": [ 255, 255, 0, 160 ], "dmg": 0, "sli": 1, "ser": 0, "fat": 0, "row": -1, "mot": -1, "pie": -1, "uto": -1, "uwr": -1 }, "geometry": { "type": "Point", "coordinates": [ 19.281972, 52.357333 ] } },
{ "type": "Feature", "properties": { "ID": 110298877, "yr": 2021, "dt": "2021-06-28T08:19:51", "WOJ": 10, "sev": 1, "c": [ 255, 255, 0, 160 ], "dmg": 1, "sli": 1, "ser": 0, "fat": 0, "row": -1, "mot": -1, "pie": -1, "uto": -1, "uwr": -1 }, "geometry": { "type": "Point", "coordinates": [ 19.736278, 51.403556 ] } },
{ "type": "Feature", "properties": { "ID": 110299906, "yr": 2021, "dt": "2021-06-28T16:12:42", "WOJ": 10, "sev": 1, "c": [ 255, 255, 0, 160 ], "dmg": 1, "sli": 1, "ser": 0, "fat": 0, "row": 1, "mot": -1, "pie": -1, "uto": -1, "uwr": -1 }, "geometry": { "type": "Point", "coordinates": [ 19.478778, 51.761083 ] } },
{ "type": "Feature", "properties": { "ID": 110302743, "yr": 2021, "dt": "2021-06-29T11:48:00", "WOJ": 10, "sev": 1, "c": [ 255, 255, 0, 160 ], "dmg": 1, "sli": 1, "ser": 0, "fat": 0, "row": -1, "mot": -1, "pie": -1, "uto": -1, "uwr": -1 }, "geometry": { "type": "Point", "coordinates": [ 19.575972, 52.20825 ] } },
{ "type": "Feature", "properties": { "ID": 110301394, "yr": 2021, "dt": "2021-06-29T19:47:36", "WOJ": 10, "sev": 1, "c": [ 255, 255, 0, 160 ], "dmg": 1, "sli": 1, "ser": 0, "fat": 0, "row": 1, "mot": -1, "pie": -1, "uto": -1, "uwr": -1 }, "geometry": { "type": "Point", "coordinates": [ 19.432222, 51.714028 ] } },
{ "type": "Feature", "properties": { "ID": 110301205, "yr": 2021, "dt": "2021-06-29T14:20:00", "WOJ": 10, "sev": 1, "c": [ 255, 255, 0, 160 ], "dmg": 1, "sli": 1, "ser": 0, "fat": 0, "row": -1, "mot": -1, "pie": -1, "uto": -1, "uwr": -1 }, "geometry": { "type": "Point", "coordinates": [ 20.012667, 51.472194 ] } },
{ "type": "Feature", "properties": { "ID": 110302538, "yr": 2021, "dt": "2021-06-30T06:35:54", "WOJ": 10, "sev": 1, "c": [ 255, 255, 0, 160 ], "dmg": 1, "sli": 1, "ser": 0, "fat": 0, "row": -1, "mot": -1, "pie": -1, "uto": -1, "uwr": -1 }, "geometry": { "type": "Point", "coordinates": [ 19.068639, 51.724944 ] } },
{ "type": "Feature", "properties": { "ID": 110314610, "yr": 2021, "dt": "2021-06-30T18:30:00", "WOJ": 10, "sev": 1, "c": [ 255, 255, 0, 160 ], "dmg": 0, "sli": 1, "ser": 0, "fat": 0, "row": -1, "mot": -1, "pie": -1, "uto": -1, "uwr": -1 }, "geometry": { "type": "Point", "coordinates": [ 20.480139, 51.447194 ] } },
{ "type": "Feature", "properties": { "ID": 110295900, "yr": 2021, "dt": "2021-06-26T12:58:24", "WOJ": 10, "sev": 1, "c": [ 255, 255, 0, 160 ], "dmg": 1, "sli": 1, "ser": 0, "fat": 0, "row": 1, "mot": -1, "pie": -1, "uto": -1, "uwr": -1 }, "geometry": { "type": "Point", "coordinates": [ 20.0095, 51.536472 ] } },
{ "type": "Feature", "properties": { "ID": 110303078, "yr": 2021, "dt": "2021-06-30T12:35:00", "WOJ": 10, "sev": 1, "c": [ 255, 255, 0, 160 ], "dmg": 1, "sli": 1, "ser": 0, "fat": 0, "row": -1, "mot": -1, "pie": -1, "uto": -1, "uwr": -1 }, "geometry": { "type": "Point", "coordinates": [ 19.62575, 51.905056 ] } },
{ "type": "Feature", "properties": { "ID": 110306595, "yr": 2021, "dt": "2021-07-01T10:12:00", "WOJ": 10, "sev": 1, "c": [ 255, 255, 0, 160 ], "dmg": 0, "sli": 1, "ser": 0, "fat": 0, "row": -1, "mot": -1, "pie": -1, "uto": -1, "uwr": -1 }, "geometry": { "type": "Point", "coordinates": [ 20.01075, 51.665694 ] } },
{ "type": "Feature", "properties": { "ID": 110304374, "yr": 2021, "dt": "2021-07-01T09:02:20", "WOJ": 10, "sev": 1, "c": [ 255, 255, 0, 160 ], "dmg": 0, "sli": 1, "ser": 0, "fat": 0, "row": -1, "mot": -1, "pie": -1, "uto": -1, "uwr": -1 }, "geometry": { "type": "Point", "coordinates": [ 19.672806, 52.095944 ] } },
{ "type": "Feature", "properties": { "ID": 110305814, "yr": 2021, "dt": "2021-07-01T15:40:00", "WOJ": 10, "sev": 1, "c": [ 255, 255, 0, 160 ], "dmg": 1, "sli": 1, "ser": 0, "fat": 0, "row": -1, "mot": -1, "pie": -1, "uto": -1, "uwr": -1 }, "geometry": { "type": "Point", "coordinates": [ 19.627917, 51.901 ] } },
{ "type": "Feature", "properties": { "ID": 110304997, "yr": 2021, "dt": "2021-07-01T22:10:58", "WOJ": 10, "sev": 1, "c": [ 255, 255, 0, 160 ], "dmg": 0, "sli": 1, "ser": 0, "fat": 0, "row": -1, "mot": 1, "pie": -1, "uto": -1, "uwr": -1 }, "geometry": { "type": "Point", "coordinates": [ 19.478417, 51.764111 ] } },
{ "type": "Feature", "properties": { "ID": 110305582, "yr": 2021, "dt": "2021-07-01T11:45:00", "WOJ": 10, "sev": 1, "c": [ 255, 255, 0, 160 ], "dmg": 1, "sli": 1, "ser": 0, "fat": 0, "row": -1, "mot": -1, "pie": -1, "uto": -1, "uwr": -1 }, "geometry": { "type": "Point", "coordinates": [ 19.359639, 52.233 ] } },
{ "type": "Feature", "properties": { "ID": 110303352, "yr": 2021, "dt": "2021-07-01T07:04:27", "WOJ": 10, "sev": 1, "c": [ 255, 255, 0, 160 ], "dmg": 1, "sli": 1, "ser": 0, "fat": 0, "row": -1, "mot": -1, "pie": -1, "uto": -1, "uwr": -1 }, "geometry": { "type": "Point", "coordinates": [ 19.385944, 51.796722 ] } },
{ "type": "Feature", "properties": { "ID": 110304912, "yr": 2021, "dt": "2021-07-01T17:04:16", "WOJ": 10, "sev": 1, "c": [ 255, 255, 0, 160 ], "dmg": 1, "sli": 1, "ser": 0, "fat": 0, "row": -1, "mot": -1, "pie": -1, "uto": -1, "uwr": -1 }, "geometry": { "type": "Point", "coordinates": [ 18.798306, 51.98425 ] } },
{ "type": "Feature", "properties": { "ID": 110305701, "yr": 2021, "dt": "2021-07-01T14:16:35", "WOJ": 10, "sev": 1, "c": [ 255, 255, 0, 160 ], "dmg": 1, "sli": 1, "ser": 0, "fat": 0, "row": 1, "mot": -1, "pie": -1, "uto": -1, "uwr": -1 }, "geometry": { "type": "Point", "coordinates": [ 19.574083, 51.751917 ] } },
{ "type": "Feature", "properties": { "ID": 110490920, "yr": 2021, "dt": "2021-09-10T13:20:00", "WOJ": 10, "sev": 1, "c": [ 255, 255, 0, 160 ], "dmg": 2, "sli": 3, "ser": 0, "fat": 0, "row": -1, "mot": -1, "pie": -1, "uto": -1, "uwr": -1 }, "geometry": { "type": "Point", "coordinates": [ 19.628833, 51.064056 ] } },
{ "type": "Feature", "properties": { "ID": 110478485, "yr": 2021, "dt": "2021-09-06T15:47:11", "WOJ": 10, "sev": 1, "c": [ 255, 255, 0, 160 ], "dmg": 1, "sli": 1, "ser": 0, "fat": 0, "row": -1, "mot": -1, "pie": -1, "uto": -1, "uwr": -1 }, "geometry": { "type": "Point", "coordinates": [ 19.382861, 51.851639 ] } },
{ "type": "Feature", "properties": { "ID": 110481720, "yr": 2021, "dt": "2021-09-07T15:43:00", "WOJ": 10, "sev": 1, "c": [ 255, 255, 0, 160 ], "dmg": 1, "sli": 2, "ser": 0, "fat": 0, "row": -1, "mot": -1, "pie": -1, "uto": -1, "uwr": -1 }, "geometry": { "type": "Point", "coordinates": [ 18.671028, 51.542972 ] } },
{ "type": "Feature", "properties": { "ID": 110482104, "yr": 2021, "dt": "2021-09-07T20:14:00", "WOJ": 10, "sev": 1, "c": [ 255, 255, 0, 160 ], "dmg": 1, "sli": 1, "ser": 0, "fat": 0, "row": 1, "mot": -1, "pie": -1, "uto": -1, "uwr": -1 }, "geometry": { "type": "Point", "coordinates": [ 19.688694, 51.409 ] } },
{ "type": "Feature", "properties": { "ID": 110483332, "yr": 2021, "dt": "2021-09-08T09:25:00", "WOJ": 10, "sev": 1, "c": [ 255, 255, 0, 160 ], "dmg": 0, "sli": 1, "ser": 0, "fat": 0, "row": -1, "mot": -1, "pie": -1, "uto": -1, "uwr": -1 }, "geometry": { "type": "Point", "coordinates": [ 19.385167, 52.221028 ] } },
{ "type": "Feature", "properties": { "ID": 110483707, "yr": 2021, "dt": "2021-09-08T13:20:00", "WOJ": 10, "sev": 1, "c": [ 255, 255, 0, 160 ], "dmg": 1, "sli": 1, "ser": 0, "fat": 0, "row": -1, "mot": 1, "pie": -1, "uto": -1, "uwr": -1 }, "geometry": { "type": "Point", "coordinates": [ 19.416972, 51.124 ] } },
{ "type": "Feature", "properties": { "ID": 110484844, "yr": 2021, "dt": "2021-09-08T17:30:00", "WOJ": 10, "sev": 1, "c": [ 255, 255, 0, 160 ], "dmg": 0, "sli": 2, "ser": 0, "fat": 0, "row": -1, "mot": -1, "pie": -1, "uto": -1, "uwr": -1 }, "geometry": { "type": "Point", "coordinates": [ 19.583278, 51.533833 ] } },
{ "type": "Feature", "properties": { "ID": 110480399, "yr": 2021, "dt": "2021-09-06T12:38:34", "WOJ": 10, "sev": 1, "c": [ 255, 255, 0, 160 ], "dmg": 0, "sli": 1, "ser": 0, "fat": 0, "row": 1, "mot": -1, "pie": -1, "uto": -1, "uwr": -1 }, "geometry": { "type": "Point", "coordinates": [ 19.365028, 51.474417 ] } },
{ "type": "Feature", "properties": { "ID": 110478408, "yr": 2021, "dt": "2021-09-06T14:28:37", "WOJ": 10, "sev": 1, "c": [ 255, 255, 0, 160 ], "dmg": 1, "sli": 1, "ser": 0, "fat": 0, "row": 1, "mot": -1, "pie": -1, "uto": -1, "uwr": -1 }, "geometry": { "type": "Point", "coordinates": [ 19.387056, 51.377472 ] } },
{ "type": "Feature", "properties": { "ID": 110481866, "yr": 2021, "dt": "2021-09-06T12:37:00", "WOJ": 10, "sev": 1, "c": [ 255, 255, 0, 160 ], "dmg": 2, "sli": 2, "ser": 0, "fat": 0, "row": -1, "mot": -1, "pie": -1, "uto": -1, "uwr": -1 }, "geometry": { "type": "Point", "coordinates": [ 19.382222, 52.227472 ] } },
{ "type": "Feature", "properties": { "ID": 110479959, "yr": 2021, "dt": "2021-09-06T07:46:07", "WOJ": 10, "sev": 1, "c": [ 255, 255, 0, 160 ], "dmg": 1, "sli": 1, "ser": 0, "fat": 0, "row": -1, "mot": -1, "pie": -1, "uto": -1, "uwr": -1 }, "geometry": { "type": "Point", "coordinates": [ 20.135917, 51.960972 ] } },
{ "type": "Feature", "properties": { "ID": 110315118, "yr": 2021, "dt": "2021-07-07T17:10:00", "WOJ": 10, "sev": 1, "c": [ 255, 255, 0, 160 ], "dmg": 0, "sli": 1, "ser": 0, "fat": 0, "row": 1, "mot": -1, "pie": -1, "uto": -1, "uwr": -1 }, "geometry": { "type": "Point", "coordinates": [ 19.428528, 52.249583 ] } },
{ "type": "Feature", "properties": { "ID": 110307354, "yr": 2021, "dt": "2021-07-02T15:42:13", "WOJ": 10, "sev": 1, "c": [ 255, 255, 0, 160 ], "dmg": 1, "sli": 1, "ser": 0, "fat": 0, "row": -1, "mot": -1, "pie": 1, "uto": -1, "uwr": -1 }, "geometry": { "type": "Point", "coordinates": [ 20.141556, 51.936917 ] } },
{ "type": "Feature", "properties": { "ID": 110307351, "yr": 2021, "dt": "2021-07-02T18:56:30", "WOJ": 10, "sev": 1, "c": [ 255, 255, 0, 160 ], "dmg": 2, "sli": 1, "ser": 0, "fat": 0, "row": -1, "mot": -1, "pie": -1, "uto": -1, "uwr": -1 }, "geometry": { "type": "Point", "coordinates": [ 20.027194, 51.528722 ] } },
{ "type": "Feature", "properties": { "ID": 110311482, "yr": 2021, "dt": "2021-07-02T21:00:00", "WOJ": 10, "sev": 1, "c": [ 255, 255, 0, 160 ], "dmg": 0, "sli": 1, "ser": 0, "fat": 0, "row": -1, "mot": 1, "pie": -1, "uto": -1, "uwr": -1 }, "geometry": { "type": "Point", "coordinates": [ 20.183056, 51.348583 ] } },
{ "type": "Feature", "properties": { "ID": 110312776, "yr": 2021, "dt": "2021-07-02T14:25:00", "WOJ": 10, "sev": 1, "c": [ 255, 255, 0, 160 ], "dmg": 1, "sli": 3, "ser": 0, "fat": 0, "row": -1, "mot": -1, "pie": -1, "uto": -1, "uwr": -1 }, "geometry": { "type": "Point", "coordinates": [ 19.928917, 51.09075 ] } },
{ "type": "Feature", "properties": { "ID": 110307276, "yr": 2021, "dt": "2021-07-02T15:35:00", "WOJ": 10, "sev": 1, "c": [ 255, 255, 0, 160 ], "dmg": 1, "sli": 1, "ser": 0, "fat": 0, "row": -1, "mot": -1, "pie": -1, "uto": -1, "uwr": -1 }, "geometry": { "type": "Point", "coordinates": [ 19.143333, 51.589528 ] } },
{ "type": "Feature", "properties": { "ID": 110309881, "yr": 2021, "dt": "2021-07-03T14:47:08", "WOJ": 10, "sev": 1, "c": [ 255, 255, 0, 160 ], "dmg": 0, "sli": 1, "ser": 0, "fat": 0, "row": -1, "mot": 1, "pie": -1, "uto": -1, "uwr": -1 }, "geometry": { "type": "Point", "coordinates": [ 19.93225, 52.119694 ] } },
{ "type": "Feature", "properties": { "ID": 110308672, "yr": 2021, "dt": "2021-07-03T18:12:58", "WOJ": 10, "sev": 1, "c": [ 255, 255, 0, 160 ], "dmg": 1, "sli": 1, "ser": 0, "fat": 0, "row": 1, "mot": -1, "pie": -1, "uto": -1, "uwr": -1 }, "geometry": { "type": "Point", "coordinates": [ 19.892028, 51.574278 ] } },
{ "type": "Feature", "properties": { "ID": 110310112, "yr": 2021, "dt": "2021-07-03T23:03:21", "WOJ": 10, "sev": 1, "c": [ 255, 255, 0, 160 ], "dmg": 0, "sli": 1, "ser": 0, "fat": 0, "row": -1, "mot": -1, "pie": -1, "uto": -1, "uwr": -1 }, "geometry": { "type": "Point", "coordinates": [ 18.972083, 51.154333 ] } },
{ "type": "Feature", "properties": { "ID": 110303298, "yr": 2021, "dt": "2021-06-30T20:16:11", "WOJ": 10, "sev": 1, "c": [ 255, 255, 0, 160 ], "dmg": 3, "sli": 2, "ser": 0, "fat": 0, "row": -1, "mot": -1, "pie": -1, "uto": -1, "uwr": -1 }, "geometry": { "type": "Point", "coordinates": [ 20.208833, 51.376333 ] } },
{ "type": "Feature", "properties": { "ID": 110303762, "yr": 2021, "dt": "2021-06-30T10:59:41", "WOJ": 10, "sev": 1, "c": [ 255, 255, 0, 160 ], "dmg": 1, "sli": 1, "ser": 0, "fat": 0, "row": -1, "mot": -1, "pie": -1, "uto": -1, "uwr": -1 }, "geometry": { "type": "Point", "coordinates": [ 19.473028, 51.772111 ] } },
{ "type": "Feature", "properties": { "ID": 110303309, "yr": 2021, "dt": "2021-06-30T04:20:00", "WOJ": 10, "sev": 1, "c": [ 255, 255, 0, 160 ], "dmg": 2, "sli": 1, "ser": 0, "fat": 0, "row": -1, "mot": -1, "pie": -1, "uto": -1, "uwr": -1 }, "geometry": { "type": "Point", "coordinates": [ 19.725333, 51.407417 ] } },
{ "type": "Feature", "properties": { "ID": 110316505, "yr": 2021, "dt": "2021-07-08T08:51:51", "WOJ": 10, "sev": 1, "c": [ 255, 255, 0, 160 ], "dmg": 1, "sli": 2, "ser": 0, "fat": 0, "row": -1, "mot": -1, "pie": -1, "uto": -1, "uwr": -1 }, "geometry": { "type": "Point", "coordinates": [ 18.95625, 51.884972 ] } },
{ "type": "Feature", "properties": { "ID": 110310601, "yr": 2021, "dt": "2021-07-04T21:41:14", "WOJ": 10, "sev": 1, "c": [ 255, 255, 0, 160 ], "dmg": 1, "sli": 1, "ser": 0, "fat": 0, "row": -1, "mot": -1, "pie": 1, "uto": -1, "uwr": -1 }, "geometry": { "type": "Point", "coordinates": [ 19.375472, 51.368972 ] } },
{ "type": "Feature", "properties": { "ID": 110314494, "yr": 2021, "dt": "2021-07-05T22:48:00", "WOJ": 10, "sev": 1, "c": [ 255, 255, 0, 160 ], "dmg": 1, "sli": 1, "ser": 0, "fat": 0, "row": -1, "mot": -1, "pie": -1, "uto": -1, "uwr": -1 }, "geometry": { "type": "Point", "coordinates": [ 19.428139, 51.787917 ] } },
{ "type": "Feature", "properties": { "ID": 110311078, "yr": 2021, "dt": "2021-07-05T15:15:00", "WOJ": 10, "sev": 1, "c": [ 255, 255, 0, 160 ], "dmg": 2, "sli": 1, "ser": 0, "fat": 0, "row": -1, "mot": -1, "pie": -1, "uto": -1, "uwr": -1 }, "geometry": { "type": "Point", "coordinates": [ 19.406583, 52.3135 ] } },
{ "type": "Feature", "properties": { "ID": 110311306, "yr": 2021, "dt": "2021-07-06T05:11:11", "WOJ": 10, "sev": 1, "c": [ 255, 255, 0, 160 ], "dmg": 2, "sli": 1, "ser": 0, "fat": 0, "row": -1, "mot": -1, "pie": -1, "uto": -1, "uwr": -1 }, "geometry": { "type": "Point", "coordinates": [ 19.448861, 51.78725 ] } },
{ "type": "Feature", "properties": { "ID": 110313045, "yr": 2021, "dt": "2021-07-06T13:52:00", "WOJ": 10, "sev": 1, "c": [ 255, 255, 0, 160 ], "dmg": 1, "sli": 1, "ser": 0, "fat": 0, "row": -1, "mot": -1, "pie": -1, "uto": -1, "uwr": -1 }, "geometry": { "type": "Point", "coordinates": [ 19.885278, 51.354222 ] } },
{ "type": "Feature", "properties": { "ID": 110313144, "yr": 2021, "dt": "2021-07-06T15:30:00", "WOJ": 10, "sev": 1, "c": [ 255, 255, 0, 160 ], "dmg": 1, "sli": 1, "ser": 0, "fat": 0, "row": -1, "mot": 1, "pie": -1, "uto": -1, "uwr": -1 }, "geometry": { "type": "Point", "coordinates": [ 18.229639, 51.183167 ] } },
{ "type": "Feature", "properties": { "ID": 110314593, "yr": 2021, "dt": "2021-07-07T10:02:00", "WOJ": 10, "sev": 1, "c": [ 255, 255, 0, 160 ], "dmg": 1, "sli": 1, "ser": 0, "fat": 0, "row": -1, "mot": -1, "pie": 1, "uto": -1, "uwr": -1 }, "geometry": { "type": "Point", "coordinates": [ 19.192778, 52.058167 ] } },
{ "type": "Feature", "properties": { "ID": 110314652, "yr": 2021, "dt": "2021-07-07T11:00:00", "WOJ": 10, "sev": 1, "c": [ 255, 255, 0, 160 ], "dmg": 1, "sli": 1, "ser": 0, "fat": 0, "row": 1, "mot": -1, "pie": -1, "uto": -1, "uwr": -1 }, "geometry": { "type": "Point", "coordinates": [ 18.736278, 51.591722 ] } },
{ "type": "Feature", "properties": { "ID": 110484287, "yr": 2021, "dt": "2021-09-08T19:00:00", "WOJ": 10, "sev": 1, "c": [ 255, 255, 0, 160 ], "dmg": 0, "sli": 2, "ser": 0, "fat": 0, "row": -1, "mot": 1, "pie": 1, "uto": -1, "uwr": -1 }, "geometry": { "type": "Point", "coordinates": [ 19.631806, 51.351472 ] } },
{ "type": "Feature", "properties": { "ID": 110477939, "yr": 2021, "dt": "2021-09-05T18:45:00", "WOJ": 10, "sev": 1, "c": [ 255, 255, 0, 160 ], "dmg": 1, "sli": 1, "ser": 0, "fat": 0, "row": -1, "mot": -1, "pie": -1, "uto": -1, "uwr": -1 }, "geometry": { "type": "Point", "coordinates": [ 20.230333, 51.736333 ] } },
{ "type": "Feature", "properties": { "ID": 110481792, "yr": 2021, "dt": "2021-09-06T16:55:00", "WOJ": 10, "sev": 1, "c": [ 255, 255, 0, 160 ], "dmg": 1, "sli": 1, "ser": 0, "fat": 0, "row": 1, "mot": -1, "pie": -1, "uto": -1, "uwr": -1 }, "geometry": { "type": "Point", "coordinates": [ 19.49175, 51.199806 ] } },
{ "type": "Feature", "properties": { "ID": 110483110, "yr": 2021, "dt": "2021-09-06T13:20:00", "WOJ": 10, "sev": 1, "c": [ 255, 255, 0, 160 ], "dmg": 1, "sli": 1, "ser": 0, "fat": 0, "row": -1, "mot": -1, "pie": -1, "uto": -1, "uwr": -1 }, "geometry": { "type": "Point", "coordinates": [ 19.124194, 51.078167 ] } },
{ "type": "Feature", "properties": { "ID": 110478433, "yr": 2021, "dt": "2021-09-06T13:11:22", "WOJ": 10, "sev": 1, "c": [ 255, 255, 0, 160 ], "dmg": 2, "sli": 2, "ser": 0, "fat": 0, "row": -1, "mot": -1, "pie": -1, "uto": -1, "uwr": -1 }, "geometry": { "type": "Point", "coordinates": [ 19.441306, 51.759528 ] } },
{ "type": "Feature", "properties": { "ID": 110480601, "yr": 2021, "dt": "2021-09-06T13:08:34", "WOJ": 10, "sev": 1, "c": [ 255, 255, 0, 160 ], "dmg": 1, "sli": 1, "ser": 0, "fat": 0, "row": 1, "mot": -1, "pie": -1, "uto": -1, "uwr": -1 }, "geometry": { "type": "Point", "coordinates": [ 19.442139, 51.761639 ] } },
{ "type": "Feature", "properties": { "ID": 110478176, "yr": 2021, "dt": "2021-09-06T07:57:33", "WOJ": 10, "sev": 1, "c": [ 255, 255, 0, 160 ], "dmg": 1, "sli": 1, "ser": 0, "fat": 0, "row": 1, "mot": -1, "pie": -1, "uto": -1, "uwr": -1 }, "geometry": { "type": "Point", "coordinates": [ 19.947611, 52.112667 ] } },
{ "type": "Feature", "properties": { "ID": 110468943, "yr": 2021, "dt": "2021-09-03T07:12:55", "WOJ": 10, "sev": 1, "c": [ 255, 255, 0, 160 ], "dmg": 1, "sli": 1, "ser": 0, "fat": 0, "row": -1, "mot": -1, "pie": -1, "uto": -1, "uwr": -1 }, "geometry": { "type": "Point", "coordinates": [ 19.732667, 51.801917 ] } },
{ "type": "Feature", "properties": { "ID": 110470147, "yr": 2021, "dt": "2021-09-03T19:47:32", "WOJ": 10, "sev": 1, "c": [ 255, 255, 0, 160 ], "dmg": 1, "sli": 1, "ser": 0, "fat": 0, "row": 1, "mot": -1, "pie": -1, "uto": -1, "uwr": -1 }, "geometry": { "type": "Point", "coordinates": [ 20.150889, 51.944306 ] } },
{ "type": "Feature", "properties": { "ID": 110321891, "yr": 2021, "dt": "2021-07-11T20:00:00", "WOJ": 10, "sev": 1, "c": [ 255, 255, 0, 160 ], "dmg": 2, "sli": 2, "ser": 0, "fat": 0, "row": -1, "mot": -1, "pie": -1, "uto": -1, "uwr": -1 }, "geometry": { "type": "Point", "coordinates": [ 20.333639, 51.337417 ] } },
{ "type": "Feature", "properties": { "ID": 110314199, "yr": 2021, "dt": "2021-07-07T17:20:43", "WOJ": 10, "sev": 1, "c": [ 255, 255, 0, 160 ], "dmg": 1, "sli": 1, "ser": 0, "fat": 0, "row": -1, "mot": -1, "pie": 1, "uto": -1, "uwr": -1 }, "geometry": { "type": "Point", "coordinates": [ 19.755139, 51.799028 ] } },
{ "type": "Feature", "properties": { "ID": 110314729, "yr": 2021, "dt": "2021-07-07T11:36:38", "WOJ": 10, "sev": 1, "c": [ 255, 255, 0, 160 ], "dmg": 1, "sli": 1, "ser": 0, "fat": 0, "row": -1, "mot": -1, "pie": -1, "uto": -1, "uwr": -1 }, "geometry": { "type": "Point", "coordinates": [ 19.447861, 51.726583 ] } },
{ "type": "Feature", "properties": { "ID": 110316881, "yr": 2021, "dt": "2021-07-08T16:23:36", "WOJ": 10, "sev": 1, "c": [ 255, 255, 0, 160 ], "dmg": 0, "sli": 2, "ser": 0, "fat": 0, "row": -1, "mot": -1, "pie": -1, "uto": -1, "uwr": -1 }, "geometry": { "type": "Point", "coordinates": [ 19.926389, 51.344639 ] } },
{ "type": "Feature", "properties": { "ID": 110317637, "yr": 2021, "dt": "2021-07-08T15:14:00", "WOJ": 10, "sev": 1, "c": [ 255, 255, 0, 160 ], "dmg": 1, "sli": 1, "ser": 0, "fat": 0, "row": 1, "mot": -1, "pie": -1, "uto": -1, "uwr": -1 }, "geometry": { "type": "Point", "coordinates": [ 19.478972, 51.761056 ] } },
{ "type": "Feature", "properties": { "ID": 110315707, "yr": 2021, "dt": "2021-07-08T12:33:56", "WOJ": 10, "sev": 1, "c": [ 255, 255, 0, 160 ], "dmg": 1, "sli": 1, "ser": 0, "fat": 0, "row": -1, "mot": -1, "pie": -1, "uto": -1, "uwr": -1 }, "geometry": { "type": "Point", "coordinates": [ 19.418194, 51.748361 ] } },
{ "type": "Feature", "properties": { "ID": 110472961, "yr": 2021, "dt": "2021-09-04T13:45:00", "WOJ": 10, "sev": 1, "c": [ 255, 255, 0, 160 ], "dmg": 1, "sli": 1, "ser": 0, "fat": 0, "row": -1, "mot": -1, "pie": -1, "uto": -1, "uwr": -1 }, "geometry": { "type": "Point", "coordinates": [ 19.319167, 51.812722 ] } },
{ "type": "Feature", "properties": { "ID": 110470568, "yr": 2021, "dt": "2021-09-04T18:35:00", "WOJ": 10, "sev": 1, "c": [ 255, 255, 0, 160 ], "dmg": 1, "sli": 1, "ser": 0, "fat": 0, "row": -1, "mot": -1, "pie": -1, "uto": -1, "uwr": -1 }, "geometry": { "type": "Point", "coordinates": [ 19.77025, 51.392306 ] } },
{ "type": "Feature", "properties": { "ID": 110473872, "yr": 2021, "dt": "2021-09-04T19:19:28", "WOJ": 10, "sev": 1, "c": [ 255, 255, 0, 160 ], "dmg": 1, "sli": 1, "ser": 0, "fat": 0, "row": -1, "mot": -1, "pie": -1, "uto": -1, "uwr": -1 }, "geometry": { "type": "Point", "coordinates": [ 19.498972, 51.777278 ] } },
{ "type": "Feature", "properties": { "ID": 110470455, "yr": 2021, "dt": "2021-09-04T14:59:33", "WOJ": 10, "sev": 1, "c": [ 255, 255, 0, 160 ], "dmg": 1, "sli": 1, "ser": 0, "fat": 0, "row": 1, "mot": -1, "pie": -1, "uto": -1, "uwr": -1 }, "geometry": { "type": "Point", "coordinates": [ 19.458667, 51.759556 ] } },
{ "type": "Feature", "properties": { "ID": 110470525, "yr": 2021, "dt": "2021-09-04T14:27:21", "WOJ": 10, "sev": 1, "c": [ 255, 255, 0, 160 ], "dmg": 2, "sli": 1, "ser": 0, "fat": 0, "row": -1, "mot": 1, "pie": -1, "uto": -1, "uwr": -1 }, "geometry": { "type": "Point", "coordinates": [ 19.684056, 51.805167 ] } },
{ "type": "Feature", "properties": { "ID": 110470618, "yr": 2021, "dt": "2021-09-04T16:14:53", "WOJ": 10, "sev": 1, "c": [ 255, 255, 0, 160 ], "dmg": 0, "sli": 4, "ser": 0, "fat": 0, "row": -1, "mot": -1, "pie": -1, "uto": -1, "uwr": -1 }, "geometry": { "type": "Point", "coordinates": [ 19.392861, 51.05575 ] } },
{ "type": "Feature", "properties": { "ID": 110473822, "yr": 2021, "dt": "2021-09-04T12:35:00", "WOJ": 10, "sev": 1, "c": [ 255, 255, 0, 160 ], "dmg": 1, "sli": 1, "ser": 0, "fat": 0, "row": 1, "mot": -1, "pie": -1, "uto": -1, "uwr": -1 }, "geometry": { "type": "Point", "coordinates": [ 19.675444, 52.211778 ] } },
{ "type": "Feature", "properties": { "ID": 110472800, "yr": 2021, "dt": "2021-09-04T07:10:54", "WOJ": 10, "sev": 1, "c": [ 255, 255, 0, 160 ], "dmg": 1, "sli": 1, "ser": 0, "fat": 0, "row": -1, "mot": -1, "pie": 1, "uto": -1, "uwr": -1 }, "geometry": { "type": "Point", "coordinates": [ 19.44825, 51.727222 ] } },
{ "type": "Feature", "properties": { "ID": 110315448, "yr": 2021, "dt": "2021-07-08T08:30:47", "WOJ": 10, "sev": 1, "c": [ 255, 255, 0, 160 ], "dmg": 1, "sli": 1, "ser": 0, "fat": 0, "row": -1, "mot": -1, "pie": 1, "uto": -1, "uwr": -1 }, "geometry": { "type": "Point", "coordinates": [ 19.146611, 51.589028 ] } },
{ "type": "Feature", "properties": { "ID": 110317031, "yr": 2021, "dt": "2021-07-08T23:04:43", "WOJ": 10, "sev": 1, "c": [ 255, 255, 0, 160 ], "dmg": 1, "sli": 1, "ser": 0, "fat": 0, "row": -1, "mot": -1, "pie": -1, "uto": -1, "uwr": -1 }, "geometry": { "type": "Point", "coordinates": [ 19.485306, 51.717833 ] } },
{ "type": "Feature", "properties": { "ID": 110318908, "yr": 2021, "dt": "2021-07-09T18:25:00", "WOJ": 10, "sev": 1, "c": [ 255, 255, 0, 160 ], "dmg": 2, "sli": 1, "ser": 0, "fat": 0, "row": -1, "mot": -1, "pie": -1, "uto": -1, "uwr": -1 }, "geometry": { "type": "Point", "coordinates": [ 18.795722, 51.976222 ] } },
{ "type": "Feature", "properties": { "ID": 110318284, "yr": 2021, "dt": "2021-07-09T14:06:03", "WOJ": 10, "sev": 1, "c": [ 255, 255, 0, 160 ], "dmg": 1, "sli": 1, "ser": 0, "fat": 0, "row": -1, "mot": -1, "pie": -1, "uto": -1, "uwr": -1 }, "geometry": { "type": "Point", "coordinates": [ 19.972139, 51.318944 ] } },
{ "type": "Feature", "properties": { "ID": 110316096, "yr": 2021, "dt": "2021-07-09T08:36:25", "WOJ": 10, "sev": 1, "c": [ 255, 255, 0, 160 ], "dmg": 1, "sli": 1, "ser": 0, "fat": 0, "row": -1, "mot": -1, "pie": -1, "uto": -1, "uwr": -1 }, "geometry": { "type": "Point", "coordinates": [ 19.965056, 51.813611 ] } },
{ "type": "Feature", "properties": { "ID": 110318432, "yr": 2021, "dt": "2021-07-09T16:15:44", "WOJ": 10, "sev": 1, "c": [ 255, 255, 0, 160 ], "dmg": 1, "sli": 1, "ser": 0, "fat": 0, "row": -1, "mot": -1, "pie": -1, "uto": -1, "uwr": -1 }, "geometry": { "type": "Point", "coordinates": [ 19.105889, 51.608111 ] } },
{ "type": "Feature", "properties": { "ID": 110321019, "yr": 2021, "dt": "2021-07-09T08:25:00", "WOJ": 10, "sev": 1, "c": [ 255, 255, 0, 160 ], "dmg": 1, "sli": 3, "ser": 0, "fat": 0, "row": -1, "mot": -1, "pie": -1, "uto": -1, "uwr": -1 }, "geometry": { "type": "Point", "coordinates": [ 19.656472, 51.47625 ] } },
{ "type": "Feature", "properties": { "ID": 110318455, "yr": 2021, "dt": "2021-07-09T17:40:49", "WOJ": 10, "sev": 1, "c": [ 255, 255, 0, 160 ], "dmg": 1, "sli": 1, "ser": 0, "fat": 0, "row": -1, "mot": -1, "pie": -1, "uto": -1, "uwr": -1 }, "geometry": { "type": "Point", "coordinates": [ 18.894778, 51.206056 ] } },
{ "type": "Feature", "properties": { "ID": 110320962, "yr": 2021, "dt": "2021-07-10T09:00:00", "WOJ": 10, "sev": 1, "c": [ 255, 255, 0, 160 ], "dmg": 0, "sli": 3, "ser": 0, "fat": 0, "row": -1, "mot": -1, "pie": -1, "uto": -1, "uwr": -1 }, "geometry": { "type": "Point", "coordinates": [ 19.692, 51.341389 ] } },
{ "type": "Feature", "properties": { "ID": 110481483, "yr": 2021, "dt": "2021-09-05T14:30:00", "WOJ": 10, "sev": 1, "c": [ 255, 255, 0, 160 ], "dmg": 2, "sli": 2, "ser": 0, "fat": 0, "row": -1, "mot": -1, "pie": -1, "uto": -1, "uwr": -1 }, "geometry": { "type": "Point", "coordinates": [ 20.264861, 51.584722 ] } },
{ "type": "Feature", "properties": { "ID": 110467285, "yr": 2021, "dt": "2021-09-02T12:16:15", "WOJ": 10, "sev": 1, "c": [ 255, 255, 0, 160 ], "dmg": 1, "sli": 1, "ser": 0, "fat": 0, "row": 1, "mot": -1, "pie": -1, "uto": -1, "uwr": -1 }, "geometry": { "type": "Point", "coordinates": [ 19.544333, 51.45325 ] } },
{ "type": "Feature", "properties": { "ID": 110467044, "yr": 2021, "dt": "2021-09-02T07:31:34", "WOJ": 10, "sev": 1, "c": [ 255, 255, 0, 160 ], "dmg": 2, "sli": 2, "ser": 0, "fat": 0, "row": -1, "mot": -1, "pie": -1, "uto": -1, "uwr": -1 }, "geometry": { "type": "Point", "coordinates": [ 19.466694, 51.800472 ] } },
{ "type": "Feature", "properties": { "ID": 110469420, "yr": 2021, "dt": "2021-09-02T16:10:00", "WOJ": 10, "sev": 1, "c": [ 255, 255, 0, 160 ], "dmg": 1, "sli": 1, "ser": 0, "fat": 0, "row": 1, "mot": -1, "pie": -1, "uto": -1, "uwr": -1 }, "geometry": { "type": "Point", "coordinates": [ 19.54275, 51.600833 ] } },
{ "type": "Feature", "properties": { "ID": 110467644, "yr": 2021, "dt": "2021-09-02T16:48:36", "WOJ": 10, "sev": 1, "c": [ 255, 255, 0, 160 ], "dmg": 1, "sli": 1, "ser": 0, "fat": 0, "row": 1, "mot": -1, "pie": -1, "uto": -1, "uwr": -1 }, "geometry": { "type": "Point", "coordinates": [ 19.707194, 51.407361 ] } },
{ "type": "Feature", "properties": { "ID": 110468914, "yr": 2021, "dt": "2021-09-02T11:53:00", "WOJ": 10, "sev": 1, "c": [ 255, 255, 0, 160 ], "dmg": 0, "sli": 1, "ser": 0, "fat": 0, "row": -1, "mot": -1, "pie": -1, "uto": -1, "uwr": -1 }, "geometry": { "type": "Point", "coordinates": [ 19.401861, 51.769694 ] } },
{ "type": "Feature", "properties": { "ID": 110470039, "yr": 2021, "dt": "2021-09-03T14:15:00", "WOJ": 10, "sev": 1, "c": [ 255, 255, 0, 160 ], "dmg": 1, "sli": 1, "ser": 0, "fat": 0, "row": -1, "mot": -1, "pie": -1, "uto": -1, "uwr": -1 }, "geometry": { "type": "Point", "coordinates": [ 18.777417, 51.282 ] } },
{ "type": "Feature", "properties": { "ID": 110459817, "yr": 2021, "dt": "2021-08-31T14:43:44", "WOJ": 10, "sev": 1, "c": [ 255, 255, 0, 160 ], "dmg": 2, "sli": 1, "ser": 0, "fat": 0, "row": -1, "mot": -1, "pie": -1, "uto": -1, "uwr": -1 }, "geometry": { "type": "Point", "coordinates": [ 19.470861, 51.760667 ] } },
{ "type": "Feature", "properties": { "ID": 110458437, "yr": 2021, "dt": "2021-08-31T09:02:55", "WOJ": 10, "sev": 1, "c": [ 255, 255, 0, 160 ], "dmg": 1, "sli": 1, "ser": 0, "fat": 0, "row": -1, "mot": -1, "pie": -1, "uto": -1, "uwr": -1 }, "geometry": { "type": "Point", "coordinates": [ 19.639528, 51.890028 ] } },
{ "type": "Feature", "properties": { "ID": 110458975, "yr": 2021, "dt": "2021-08-31T05:55:47", "WOJ": 10, "sev": 1, "c": [ 255, 255, 0, 160 ], "dmg": 1, "sli": 3, "ser": 0, "fat": 0, "row": -1, "mot": -1, "pie": -1, "uto": -1, "uwr": -1 }, "geometry": { "type": "Point", "coordinates": [ 19.929917, 51.616583 ] } },
{ "type": "Feature", "properties": { "ID": 110461346, "yr": 2021, "dt": "2021-09-01T08:02:58", "WOJ": 10, "sev": 1, "c": [ 255, 255, 0, 160 ], "dmg": 1, "sli": 1, "ser": 0, "fat": 0, "row": -1, "mot": -1, "pie": -1, "uto": -1, "uwr": -1 }, "geometry": { "type": "Point", "coordinates": [ 19.425361, 51.809667 ] } },
{ "type": "Feature", "properties": { "ID": 110461056, "yr": 2021, "dt": "2021-09-01T06:30:00", "WOJ": 10, "sev": 1, "c": [ 255, 255, 0, 160 ], "dmg": 1, "sli": 1, "ser": 0, "fat": 0, "row": -1, "mot": -1, "pie": 1, "uto": -1, "uwr": -1 }, "geometry": { "type": "Point", "coordinates": [ 19.62775, 52.247361 ] } },
{ "type": "Feature", "properties": { "ID": 110463834, "yr": 2021, "dt": "2021-09-01T09:33:17", "WOJ": 10, "sev": 1, "c": [ 255, 255, 0, 160 ], "dmg": 1, "sli": 3, "ser": 0, "fat": 0, "row": -1, "mot": -1, "pie": -1, "uto": -1, "uwr": -1 }, "geometry": { "type": "Point", "coordinates": [ 19.688444, 51.406917 ] } },
{ "type": "Feature", "properties": { "ID": 110319776, "yr": 2021, "dt": "2021-07-11T14:04:57", "WOJ": 10, "sev": 1, "c": [ 255, 255, 0, 160 ], "dmg": 0, "sli": 1, "ser": 0, "fat": 0, "row": -1, "mot": -1, "pie": -1, "uto": -1, "uwr": -1 }, "geometry": { "type": "Point", "coordinates": [ 19.387333, 51.289194 ] } },
{ "type": "Feature", "properties": { "ID": 110320659, "yr": 2021, "dt": "2021-07-11T08:15:00", "WOJ": 10, "sev": 1, "c": [ 255, 255, 0, 160 ], "dmg": 1, "sli": 1, "ser": 0, "fat": 0, "row": 1, "mot": -1, "pie": -1, "uto": -1, "uwr": -1 }, "geometry": { "type": "Point", "coordinates": [ 18.393556, 51.172056 ] } },
{ "type": "Feature", "properties": { "ID": 110322589, "yr": 2021, "dt": "2021-07-11T20:50:00", "WOJ": 10, "sev": 1, "c": [ 255, 255, 0, 160 ], "dmg": 2, "sli": 1, "ser": 0, "fat": 0, "row": -1, "mot": -1, "pie": -1, "uto": -1, "uwr": -1 }, "geometry": { "type": "Point", "coordinates": [ 18.162889, 51.298472 ] } },
{ "type": "Feature", "properties": { "ID": 110319676, "yr": 2021, "dt": "2021-07-11T02:29:02", "WOJ": 10, "sev": 1, "c": [ 255, 255, 0, 160 ], "dmg": 0, "sli": 4, "ser": 0, "fat": 0, "row": -1, "mot": -1, "pie": -1, "uto": -1, "uwr": -1 }, "geometry": { "type": "Point", "coordinates": [ 20.027222, 51.858472 ] } },
{ "type": "Feature", "properties": { "ID": 110321788, "yr": 2021, "dt": "2021-07-12T20:33:37", "WOJ": 10, "sev": 1, "c": [ 255, 255, 0, 160 ], "dmg": 1, "sli": 2, "ser": 0, "fat": 0, "row": -1, "mot": -1, "pie": -1, "uto": -1, "uwr": -1 }, "geometry": { "type": "Point", "coordinates": [ 19.64125, 51.430611 ] } },
{ "type": "Feature", "properties": { "ID": 110320198, "yr": 2021, "dt": "2021-07-12T14:45:45", "WOJ": 10, "sev": 1, "c": [ 255, 255, 0, 160 ], "dmg": 1, "sli": 1, "ser": 0, "fat": 0, "row": -1, "mot": -1, "pie": 1, "uto": -1, "uwr": -1 }, "geometry": { "type": "Point", "coordinates": [ 19.345, 51.381417 ] } },
{ "type": "Feature", "properties": { "ID": 110320414, "yr": 2021, "dt": "2021-07-12T15:20:00", "WOJ": 10, "sev": 1, "c": [ 255, 255, 0, 160 ], "dmg": 2, "sli": 3, "ser": 0, "fat": 0, "row": -1, "mot": -1, "pie": -1, "uto": -1, "uwr": -1 }, "geometry": { "type": "Point", "coordinates": [ 19.356861, 52.244056 ] } },
{ "type": "Feature", "properties": { "ID": 110322115, "yr": 2021, "dt": "2021-07-13T10:09:04", "WOJ": 10, "sev": 1, "c": [ 255, 255, 0, 160 ], "dmg": 1, "sli": 1, "ser": 0, "fat": 0, "row": 1, "mot": -1, "pie": -1, "uto": -1, "uwr": -1 }, "geometry": { "type": "Point", "coordinates": [ 19.003861, 51.148889 ] } },
{ "type": "Feature", "properties": { "ID": 110323553, "yr": 2021, "dt": "2021-07-13T15:55:00", "WOJ": 10, "sev": 1, "c": [ 255, 255, 0, 160 ], "dmg": 2, "sli": 1, "ser": 0, "fat": 0, "row": -1, "mot": -1, "pie": -1, "uto": -1, "uwr": -1 }, "geometry": { "type": "Point", "coordinates": [ 19.506583, 51.864028 ] } },
{ "type": "Feature", "properties": { "ID": 110323649, "yr": 2021, "dt": "2021-07-13T18:09:32", "WOJ": 10, "sev": 1, "c": [ 255, 255, 0, 160 ], "dmg": 1, "sli": 1, "ser": 0, "fat": 0, "row": -1, "mot": 1, "pie": -1, "uto": -1, "uwr": -1 }, "geometry": { "type": "Point", "coordinates": [ 19.113639, 51.576083 ] } },
{ "type": "Feature", "properties": { "ID": 110455002, "yr": 2021, "dt": "2021-08-30T06:57:44", "WOJ": 10, "sev": 1, "c": [ 255, 255, 0, 160 ], "dmg": 1, "sli": 1, "ser": 0, "fat": 0, "row": -1, "mot": -1, "pie": -1, "uto": -1, "uwr": -1 }, "geometry": { "type": "Point", "coordinates": [ 19.430083, 51.082306 ] } },
{ "type": "Feature", "properties": { "ID": 110455082, "yr": 2021, "dt": "2021-08-30T07:50:00", "WOJ": 10, "sev": 1, "c": [ 255, 255, 0, 160 ], "dmg": 2, "sli": 1, "ser": 0, "fat": 0, "row": -1, "mot": -1, "pie": -1, "uto": -1, "uwr": -1 }, "geometry": { "type": "Point", "coordinates": [ 18.818944, 51.591806 ] } },
{ "type": "Feature", "properties": { "ID": 110457931, "yr": 2021, "dt": "2021-08-30T18:44:43", "WOJ": 10, "sev": 1, "c": [ 255, 255, 0, 160 ], "dmg": 2, "sli": 1, "ser": 0, "fat": 0, "row": -1, "mot": -1, "pie": -1, "uto": -1, "uwr": -1 }, "geometry": { "type": "Point", "coordinates": [ 20.258861, 51.7045 ] } },
{ "type": "Feature", "properties": { "ID": 110327407, "yr": 2021, "dt": "2021-07-16T15:45:00", "WOJ": 10, "sev": 1, "c": [ 255, 255, 0, 160 ], "dmg": 1, "sli": 1, "ser": 0, "fat": 0, "row": -1, "mot": 1, "pie": -1, "uto": -1, "uwr": -1 }, "geometry": { "type": "Point", "coordinates": [ 20.102639, 51.629444 ] } },
{ "type": "Feature", "properties": { "ID": 110326233, "yr": 2021, "dt": "2021-07-13T11:00:00", "WOJ": 10, "sev": 1, "c": [ 255, 255, 0, 160 ], "dmg": 0, "sli": 3, "ser": 0, "fat": 0, "row": -1, "mot": -1, "pie": -1, "uto": -1, "uwr": -1 }, "geometry": { "type": "Point", "coordinates": [ 19.462639, 51.102417 ] } },
{ "type": "Feature", "properties": { "ID": 110322432, "yr": 2021, "dt": "2021-07-13T15:16:34", "WOJ": 10, "sev": 1, "c": [ 255, 255, 0, 160 ], "dmg": 1, "sli": 1, "ser": 0, "fat": 0, "row": -1, "mot": -1, "pie": -1, "uto": -1, "uwr": -1 }, "geometry": { "type": "Point", "coordinates": [ 19.503417, 51.736194 ] } },
{ "type": "Feature", "properties": { "ID": 110324126, "yr": 2021, "dt": "2021-07-13T15:40:00", "WOJ": 10, "sev": 1, "c": [ 255, 255, 0, 160 ], "dmg": 1, "sli": 1, "ser": 0, "fat": 0, "row": 1, "mot": -1, "pie": -1, "uto": -1, "uwr": -1 }, "geometry": { "type": "Point", "coordinates": [ 18.962639, 51.427444 ] } },
{ "type": "Feature", "properties": { "ID": 110323647, "yr": 2021, "dt": "2021-07-13T16:26:04", "WOJ": 10, "sev": 1, "c": [ 255, 255, 0, 160 ], "dmg": 1, "sli": 1, "ser": 0, "fat": 0, "row": 1, "mot": -1, "pie": -1, "uto": -1, "uwr": -1 }, "geometry": { "type": "Point", "coordinates": [ 19.356194, 51.368611 ] } },
{ "type": "Feature", "properties": { "ID": 110323633, "yr": 2021, "dt": "2021-07-13T16:33:56", "WOJ": 10, "sev": 1, "c": [ 255, 255, 0, 160 ], "dmg": 1, "sli": 1, "ser": 0, "fat": 0, "row": -1, "mot": -1, "pie": 1, "uto": -1, "uwr": -1 }, "geometry": { "type": "Point", "coordinates": [ 19.446444, 51.761667 ] } },
{ "type": "Feature", "properties": { "ID": 110323127, "yr": 2021, "dt": "2021-07-13T14:30:00", "WOJ": 10, "sev": 1, "c": [ 255, 255, 0, 160 ], "dmg": 1, "sli": 1, "ser": 0, "fat": 0, "row": -1, "mot": -1, "pie": -1, "uto": -1, "uwr": -1 }, "geometry": { "type": "Point", "coordinates": [ 20.006917, 51.532944 ] } },
{ "type": "Feature", "properties": { "ID": 110324135, "yr": 2021, "dt": "2021-07-14T10:45:18", "WOJ": 10, "sev": 1, "c": [ 255, 255, 0, 160 ], "dmg": 1, "sli": 1, "ser": 0, "fat": 0, "row": 1, "mot": -1, "pie": -1, "uto": -1, "uwr": -1 }, "geometry": { "type": "Point", "coordinates": [ 19.373528, 51.361389 ] } },
{ "type": "Feature", "properties": { "ID": 110323939, "yr": 2021, "dt": "2021-07-14T07:47:36", "WOJ": 10, "sev": 1, "c": [ 255, 255, 0, 160 ], "dmg": 1, "sli": 1, "ser": 0, "fat": 0, "row": -1, "mot": -1, "pie": 1, "uto": -1, "uwr": -1 }, "geometry": { "type": "Point", "coordinates": [ 19.494583, 51.743694 ] } },
{ "type": "Feature", "properties": { "ID": 110323886, "yr": 2021, "dt": "2021-07-14T06:48:04", "WOJ": 10, "sev": 1, "c": [ 255, 255, 0, 160 ], "dmg": 1, "sli": 1, "ser": 0, "fat": 0, "row": 1, "mot": -1, "pie": -1, "uto": -1, "uwr": -1 }, "geometry": { "type": "Point", "coordinates": [ 19.508083, 51.763167 ] } },
{ "type": "Feature", "properties": { "ID": 110469137, "yr": 2021, "dt": "2021-09-03T08:30:00", "WOJ": 10, "sev": 1, "c": [ 255, 255, 0, 160 ], "dmg": 2, "sli": 1, "ser": 0, "fat": 0, "row": -1, "mot": -1, "pie": -1, "uto": -1, "uwr": -1 }, "geometry": { "type": "Point", "coordinates": [ 19.407972, 51.852 ] } },
{ "type": "Feature", "properties": { "ID": 110461137, "yr": 2021, "dt": "2021-08-31T18:08:00", "WOJ": 10, "sev": 1, "c": [ 255, 255, 0, 160 ], "dmg": 1, "sli": 1, "ser": 0, "fat": 0, "row": 1, "mot": -1, "pie": -1, "uto": -1, "uwr": -1 }, "geometry": { "type": "Point", "coordinates": [ 19.481972, 51.72375 ] } },
{ "type": "Feature", "properties": { "ID": 110458241, "yr": 2021, "dt": "2021-08-31T07:54:13", "WOJ": 10, "sev": 1, "c": [ 255, 255, 0, 160 ], "dmg": 2, "sli": 1, "ser": 0, "fat": 0, "row": 1, "mot": -1, "pie": -1, "uto": -1, "uwr": -1 }, "geometry": { "type": "Point", "coordinates": [ 20.045, 51.609222 ] } },
{ "type": "Feature", "properties": { "ID": 110448548, "yr": 2021, "dt": "2021-08-28T09:43:03", "WOJ": 10, "sev": 1, "c": [ 255, 255, 0, 160 ], "dmg": 2, "sli": 1, "ser": 0, "fat": 0, "row": -1, "mot": -1, "pie": -1, "uto": -1, "uwr": -1 }, "geometry": { "type": "Point", "coordinates": [ 19.451528, 51.778556 ] } },
{ "type": "Feature", "properties": { "ID": 110448484, "yr": 2021, "dt": "2021-08-28T08:30:00", "WOJ": 10, "sev": 1, "c": [ 255, 255, 0, 160 ], "dmg": 0, "sli": 1, "ser": 0, "fat": 0, "row": -1, "mot": -1, "pie": -1, "uto": -1, "uwr": -1 }, "geometry": { "type": "Point", "coordinates": [ 18.555472, 51.735194 ] } },
{ "type": "Feature", "properties": { "ID": 110332468, "yr": 2021, "dt": "2021-07-19T12:51:40", "WOJ": 10, "sev": 1, "c": [ 255, 255, 0, 160 ], "dmg": 1, "sli": 1, "ser": 0, "fat": 0, "row": -1, "mot": 1, "pie": -1, "uto": -1, "uwr": -1 }, "geometry": { "type": "Point", "coordinates": [ 19.486278, 51.7135 ] } },
{ "type": "Feature", "properties": { "ID": 110326138, "yr": 2021, "dt": "2021-07-15T09:43:05", "WOJ": 10, "sev": 1, "c": [ 255, 255, 0, 160 ], "dmg": 1, "sli": 1, "ser": 0, "fat": 0, "row": 1, "mot": -1, "pie": -1, "uto": -1, "uwr": -1 }, "geometry": { "type": "Point", "coordinates": [ 19.371889, 51.350417 ] } },
{ "type": "Feature", "properties": { "ID": 110325183, "yr": 2021, "dt": "2021-07-15T17:28:26", "WOJ": 10, "sev": 1, "c": [ 255, 255, 0, 160 ], "dmg": 1, "sli": 1, "ser": 0, "fat": 0, "row": 1, "mot": -1, "pie": -1, "uto": -1, "uwr": -1 }, "geometry": { "type": "Point", "coordinates": [ 19.459194, 51.756583 ] } },
{ "type": "Feature", "properties": { "ID": 110326783, "yr": 2021, "dt": "2021-07-15T18:10:00", "WOJ": 10, "sev": 1, "c": [ 255, 255, 0, 160 ], "dmg": 1, "sli": 1, "ser": 0, "fat": 0, "row": -1, "mot": -1, "pie": 1, "uto": -1, "uwr": -1 }, "geometry": { "type": "Point", "coordinates": [ 19.99525, 51.522806 ] } },
{ "type": "Feature", "properties": { "ID": 110327625, "yr": 2021, "dt": "2021-07-15T02:05:00", "WOJ": 10, "sev": 1, "c": [ 255, 255, 0, 160 ], "dmg": 1, "sli": 3, "ser": 0, "fat": 0, "row": -1, "mot": -1, "pie": -1, "uto": -1, "uwr": -1 }, "geometry": { "type": "Point", "coordinates": [ 19.468694, 51.760333 ] } },
{ "type": "Feature", "properties": { "ID": 110330722, "yr": 2021, "dt": "2021-07-16T11:50:00", "WOJ": 10, "sev": 1, "c": [ 255, 255, 0, 160 ], "dmg": 3, "sli": 1, "ser": 0, "fat": 0, "row": -1, "mot": -1, "pie": -1, "uto": -1, "uwr": -1 }, "geometry": { "type": "Point", "coordinates": [ 19.364667, 52.228222 ] } },
{ "type": "Feature", "properties": { "ID": 110332092, "yr": 2021, "dt": "2021-07-16T17:50:00", "WOJ": 10, "sev": 1, "c": [ 255, 255, 0, 160 ], "dmg": 0, "sli": 2, "ser": 0, "fat": 0, "row": 1, "mot": -1, "pie": -1, "uto": -1, "uwr": -1 }, "geometry": { "type": "Point", "coordinates": [ 20.05, 51.542194 ] } },
{ "type": "Feature", "properties": { "ID": 110327516, "yr": 2021, "dt": "2021-07-16T06:50:58", "WOJ": 10, "sev": 1, "c": [ 255, 255, 0, 160 ], "dmg": 1, "sli": 1, "ser": 0, "fat": 0, "row": -1, "mot": -1, "pie": -1, "uto": -1, "uwr": -1 }, "geometry": { "type": "Point", "coordinates": [ 19.628778, 51.795806 ] } },
{ "type": "Feature", "properties": { "ID": 110449924, "yr": 2021, "dt": "2021-08-28T14:40:00", "WOJ": 10, "sev": 1, "c": [ 255, 255, 0, 160 ], "dmg": 1, "sli": 1, "ser": 0, "fat": 0, "row": -1, "mot": -1, "pie": -1, "uto": -1, "uwr": -1 }, "geometry": { "type": "Point", "coordinates": [ 19.7115, 51.958694 ] } },
{ "type": "Feature", "properties": { "ID": 110465891, "yr": 2021, "dt": "2021-08-29T13:00:00", "WOJ": 10, "sev": 1, "c": [ 255, 255, 0, 160 ], "dmg": 1, "sli": 1, "ser": 0, "fat": 0, "row": 1, "mot": -1, "pie": -1, "uto": -1, "uwr": -1 }, "geometry": { "type": "Point", "coordinates": [ 19.777028, 51.669472 ] } },
{ "type": "Feature", "properties": { "ID": 110451934, "yr": 2021, "dt": "2021-08-29T13:19:22", "WOJ": 10, "sev": 1, "c": [ 255, 255, 0, 160 ], "dmg": 1, "sli": 1, "ser": 0, "fat": 0, "row": 1, "mot": -1, "pie": -1, "uto": -1, "uwr": -1 }, "geometry": { "type": "Point", "coordinates": [ 19.472444, 51.760778 ] } },
{ "type": "Feature", "properties": { "ID": 110452145, "yr": 2021, "dt": "2021-08-29T17:59:52", "WOJ": 10, "sev": 1, "c": [ 255, 255, 0, 160 ], "dmg": 2, "sli": 1, "ser": 0, "fat": 0, "row": -1, "mot": -1, "pie": -1, "uto": -1, "uwr": -1 }, "geometry": { "type": "Point", "coordinates": [ 19.445306, 51.77275 ] } },
{ "type": "Feature", "properties": { "ID": 110452122, "yr": 2021, "dt": "2021-08-29T15:46:01", "WOJ": 10, "sev": 1, "c": [ 255, 255, 0, 160 ], "dmg": 3, "sli": 1, "ser": 0, "fat": 0, "row": -1, "mot": -1, "pie": -1, "uto": -1, "uwr": -1 }, "geometry": { "type": "Point", "coordinates": [ 19.841444, 51.368444 ] } },
{ "type": "Feature", "properties": { "ID": 110451789, "yr": 2021, "dt": "2021-08-29T04:30:37", "WOJ": 10, "sev": 1, "c": [ 255, 255, 0, 160 ], "dmg": 0, "sli": 1, "ser": 0, "fat": 0, "row": -1, "mot": -1, "pie": -1, "uto": -1, "uwr": -1 }, "geometry": { "type": "Point", "coordinates": [ 19.508278, 51.787889 ] } },
{ "type": "Feature", "properties": { "ID": 110327232, "yr": 2021, "dt": "2021-07-16T14:10:55", "WOJ": 10, "sev": 1, "c": [ 255, 255, 0, 160 ], "dmg": 1, "sli": 1, "ser": 0, "fat": 0, "row": -1, "mot": -1, "pie": -1, "uto": -1, "uwr": -1 }, "geometry": { "type": "Point", "coordinates": [ 19.428583, 51.711472 ] } },
{ "type": "Feature", "properties": { "ID": 110332113, "yr": 2021, "dt": "2021-07-17T18:30:00", "WOJ": 10, "sev": 1, "c": [ 255, 255, 0, 160 ], "dmg": 0, "sli": 6, "ser": 0, "fat": 0, "row": -1, "mot": -1, "pie": -1, "uto": -1, "uwr": -1 }, "geometry": { "type": "Point", "coordinates": [ 19.660472, 51.314639 ] } },
{ "type": "Feature", "properties": { "ID": 110328887, "yr": 2021, "dt": "2021-07-17T06:30:23", "WOJ": 10, "sev": 1, "c": [ 255, 255, 0, 160 ], "dmg": 1, "sli": 1, "ser": 0, "fat": 0, "row": -1, "mot": -1, "pie": -1, "uto": -1, "uwr": -1 }, "geometry": { "type": "Point", "coordinates": [ 19.40125, 51.478306 ] } },
{ "type": "Feature", "properties": { "ID": 110329022, "yr": 2021, "dt": "2021-07-17T09:00:14", "WOJ": 10, "sev": 1, "c": [ 255, 255, 0, 160 ], "dmg": 2, "sli": 1, "ser": 0, "fat": 0, "row": -1, "mot": -1, "pie": -1, "uto": -1, "uwr": -1 }, "geometry": { "type": "Point", "coordinates": [ 19.519333, 52.092389 ] } },
{ "type": "Feature", "properties": { "ID": 110332015, "yr": 2021, "dt": "2021-07-17T16:20:00", "WOJ": 10, "sev": 1, "c": [ 255, 255, 0, 160 ], "dmg": 2, "sli": 3, "ser": 0, "fat": 0, "row": -1, "mot": -1, "pie": -1, "uto": -1, "uwr": -1 }, "geometry": { "type": "Point", "coordinates": [ 19.5155, 51.623139 ] } },
{ "type": "Feature", "properties": { "ID": 110332142, "yr": 2021, "dt": "2021-07-17T18:31:00", "WOJ": 10, "sev": 1, "c": [ 255, 255, 0, 160 ], "dmg": 3, "sli": 1, "ser": 0, "fat": 0, "row": -1, "mot": -1, "pie": -1, "uto": -1, "uwr": -1 }, "geometry": { "type": "Point", "coordinates": [ 19.660472, 51.314639 ] } },
{ "type": "Feature", "properties": { "ID": 110329471, "yr": 2021, "dt": "2021-07-17T22:52:10", "WOJ": 10, "sev": 1, "c": [ 255, 255, 0, 160 ], "dmg": 1, "sli": 1, "ser": 0, "fat": 0, "row": -1, "mot": -1, "pie": -1, "uto": -1, "uwr": -1 }, "geometry": { "type": "Point", "coordinates": [ 19.354333, 51.789944 ] } },
{ "type": "Feature", "properties": { "ID": 110332077, "yr": 2021, "dt": "2021-07-18T20:30:00", "WOJ": 10, "sev": 1, "c": [ 255, 255, 0, 160 ], "dmg": 1, "sli": 1, "ser": 0, "fat": 0, "row": -1, "mot": -1, "pie": 1, "uto": -1, "uwr": -1 }, "geometry": { "type": "Point", "coordinates": [ 19.561444, 51.228111 ] } },
{ "type": "Feature", "properties": { "ID": 110331515, "yr": 2021, "dt": "2021-07-18T04:24:00", "WOJ": 10, "sev": 1, "c": [ 255, 255, 0, 160 ], "dmg": 1, "sli": 1, "ser": 0, "fat": 0, "row": -1, "mot": -1, "pie": -1, "uto": -1, "uwr": -1 }, "geometry": { "type": "Point", "coordinates": [ 19.783056, 51.925861 ] } },
{ "type": "Feature", "properties": { "ID": 110332831, "yr": 2021, "dt": "2021-07-19T15:15:00", "WOJ": 10, "sev": 1, "c": [ 255, 255, 0, 160 ], "dmg": 1, "sli": 1, "ser": 0, "fat": 0, "row": -1, "mot": 1, "pie": -1, "uto": -1, "uwr": -1 }, "geometry": { "type": "Point", "coordinates": [ 19.369194, 51.363667 ] } },
{ "type": "Feature", "properties": { "ID": 110458222, "yr": 2021, "dt": "2021-08-31T07:02:46", "WOJ": 10, "sev": 1, "c": [ 255, 255, 0, 160 ], "dmg": 0, "sli": 1, "ser": 0, "fat": 0, "row": -1, "mot": -1, "pie": -1, "uto": -1, "uwr": -1 }, "geometry": { "type": "Point", "coordinates": [ 20.01225, 51.560278 ] } },
{ "type": "Feature", "properties": { "ID": 110442682, "yr": 2021, "dt": "2021-08-25T19:22:37", "WOJ": 10, "sev": 1, "c": [ 255, 255, 0, 160 ], "dmg": 1, "sli": 1, "ser": 0, "fat": 0, "row": -1, "mot": -1, "pie": -1, "uto": -1, "uwr": -1 }, "geometry": { "type": "Point", "coordinates": [ 19.613806, 51.739472 ] } },
{ "type": "Feature", "properties": { "ID": 110445085, "yr": 2021, "dt": "2021-08-26T10:00:00", "WOJ": 10, "sev": 1, "c": [ 255, 255, 0, 160 ], "dmg": 3, "sli": 1, "ser": 0, "fat": 0, "row": -1, "mot": -1, "pie": -1, "uto": -1, "uwr": -1 }, "geometry": { "type": "Point", "coordinates": [ 19.156889, 52.265611 ] } },
{ "type": "Feature", "properties": { "ID": 110445325, "yr": 2021, "dt": "2021-08-26T16:02:42", "WOJ": 10, "sev": 1, "c": [ 255, 255, 0, 160 ], "dmg": 1, "sli": 1, "ser": 0, "fat": 0, "row": -1, "mot": -1, "pie": -1, "uto": -1, "uwr": -1 }, "geometry": { "type": "Point", "coordinates": [ 19.201833, 51.251778 ] } },
{ "type": "Feature", "properties": { "ID": 110445290, "yr": 2021, "dt": "2021-08-26T14:15:00", "WOJ": 10, "sev": 1, "c": [ 255, 255, 0, 160 ], "dmg": 3, "sli": 1, "ser": 0, "fat": 0, "row": -1, "mot": -1, "pie": -1, "uto": -1, "uwr": -1 }, "geometry": { "type": "Point", "coordinates": [ 19.407333, 51.075083 ] } },
{ "type": "Feature", "properties": { "ID": 110448203, "yr": 2021, "dt": "2021-08-27T18:05:00", "WOJ": 10, "sev": 1, "c": [ 255, 255, 0, 160 ], "dmg": 1, "sli": 1, "ser": 0, "fat": 0, "row": 1, "mot": -1, "pie": -1, "uto": -1, "uwr": -1 }, "geometry": { "type": "Point", "coordinates": [ 19.199056, 52.058528 ] } },
{ "type": "Feature", "properties": { "ID": 110332602, "yr": 2021, "dt": "2021-07-19T13:39:13", "WOJ": 10, "sev": 1, "c": [ 255, 255, 0, 160 ], "dmg": 1, "sli": 1, "ser": 0, "fat": 0, "row": -1, "mot": -1, "pie": -1, "uto": -1, "uwr": -1 }, "geometry": { "type": "Point", "coordinates": [ 20.061444, 51.548861 ] } },
{ "type": "Feature", "properties": { "ID": 110333284, "yr": 2021, "dt": "2021-07-19T07:10:00", "WOJ": 10, "sev": 1, "c": [ 255, 255, 0, 160 ], "dmg": 1, "sli": 2, "ser": 0, "fat": 0, "row": -1, "mot": -1, "pie": -1, "uto": -1, "uwr": -1 }, "geometry": { "type": "Point", "coordinates": [ 19.901861, 51.571833 ] } },
{ "type": "Feature", "properties": { "ID": 110332807, "yr": 2021, "dt": "2021-07-19T15:58:44", "WOJ": 10, "sev": 1, "c": [ 255, 255, 0, 160 ], "dmg": 1, "sli": 1, "ser": 0, "fat": 0, "row": 1, "mot": -1, "pie": -1, "uto": -1, "uwr": -1 }, "geometry": { "type": "Point", "coordinates": [ 20.020417, 51.531194 ] } },
{ "type": "Feature", "properties": { "ID": 110332362, "yr": 2021, "dt": "2021-07-19T09:00:00", "WOJ": 10, "sev": 1, "c": [ 255, 255, 0, 160 ], "dmg": 2, "sli": 1, "ser": 0, "fat": 0, "row": -1, "mot": -1, "pie": -1, "uto": -1, "uwr": -1 }, "geometry": { "type": "Point", "coordinates": [ 18.675556, 51.753306 ] } },
{ "type": "Feature", "properties": { "ID": 110336176, "yr": 2021, "dt": "2021-07-20T19:00:00", "WOJ": 10, "sev": 1, "c": [ 255, 255, 0, 160 ], "dmg": 1, "sli": 1, "ser": 0, "fat": 0, "row": -1, "mot": -1, "pie": -1, "uto": -1, "uwr": -1 }, "geometry": { "type": "Point", "coordinates": [ 20.028806, 51.538083 ] } },
{ "type": "Feature", "properties": { "ID": 110334766, "yr": 2021, "dt": "2021-07-20T14:06:14", "WOJ": 10, "sev": 1, "c": [ 255, 255, 0, 160 ], "dmg": 1, "sli": 1, "ser": 0, "fat": 0, "row": -1, "mot": -1, "pie": 1, "uto": -1, "uwr": -1 }, "geometry": { "type": "Point", "coordinates": [ 19.833639, 51.485694 ] } },
{ "type": "Feature", "properties": { "ID": 110448706, "yr": 2021, "dt": "2021-08-28T11:51:57", "WOJ": 10, "sev": 1, "c": [ 255, 255, 0, 160 ], "dmg": 2, "sli": 1, "ser": 0, "fat": 0, "row": -1, "mot": -1, "pie": -1, "uto": -1, "uwr": -1 }, "geometry": { "type": "Point", "coordinates": [ 19.48875, 51.73775 ] } },
{ "type": "Feature", "properties": { "ID": 110439943, "yr": 2021, "dt": "2021-08-23T14:35:00", "WOJ": 10, "sev": 1, "c": [ 255, 255, 0, 160 ], "dmg": 1, "sli": 1, "ser": 0, "fat": 0, "row": -1, "mot": -1, "pie": 1, "uto": -1, "uwr": -1 }, "geometry": { "type": "Point", "coordinates": [ 20.261083, 51.451556 ] } },
{ "type": "Feature", "properties": { "ID": 110440161, "yr": 2021, "dt": "2021-08-23T19:00:00", "WOJ": 10, "sev": 1, "c": [ 255, 255, 0, 160 ], "dmg": 3, "sli": 1, "ser": 0, "fat": 0, "row": -1, "mot": -1, "pie": -1, "uto": -1, "uwr": -1 }, "geometry": { "type": "Point", "coordinates": [ 19.485667, 51.212472 ] } },
{ "type": "Feature", "properties": { "ID": 110439015, "yr": 2021, "dt": "2021-08-23T15:10:00", "WOJ": 10, "sev": 1, "c": [ 255, 255, 0, 160 ], "dmg": 0, "sli": 1, "ser": 0, "fat": 0, "row": -1, "mot": 1, "pie": -1, "uto": -1, "uwr": -1 }, "geometry": { "type": "Point", "coordinates": [ 20.033917, 51.061194 ] } },
{ "type": "Feature", "properties": { "ID": 110441843, "yr": 2021, "dt": "2021-08-23T19:00:00", "WOJ": 10, "sev": 1, "c": [ 255, 255, 0, 160 ], "dmg": 1, "sli": 1, "ser": 0, "fat": 0, "row": -1, "mot": -1, "pie": -1, "uto": -1, "uwr": -1 }, "geometry": { "type": "Point", "coordinates": [ 19.259417, 51.068472 ] } },
{ "type": "Feature", "properties": { "ID": 110438208, "yr": 2021, "dt": "2021-08-23T10:50:00", "WOJ": 10, "sev": 1, "c": [ 255, 255, 0, 160 ], "dmg": 1, "sli": 1, "ser": 0, "fat": 0, "row": -1, "mot": -1, "pie": -1, "uto": -1, "uwr": -1 }, "geometry": { "type": "Point", "coordinates": [ 19.332028, 51.790028 ] } },
{ "type": "Feature", "properties": { "ID": 110441193, "yr": 2021, "dt": "2021-08-24T10:00:00", "WOJ": 10, "sev": 1, "c": [ 255, 255, 0, 160 ], "dmg": 1, "sli": 1, "ser": 0, "fat": 0, "row": -1, "mot": -1, "pie": -1, "uto": -1, "uwr": -1 }, "geometry": { "type": "Point", "coordinates": [ 19.426639, 51.081778 ] } },
{ "type": "Feature", "properties": { "ID": 110441604, "yr": 2021, "dt": "2021-08-24T16:16:58", "WOJ": 10, "sev": 1, "c": [ 255, 255, 0, 160 ], "dmg": 1, "sli": 1, "ser": 0, "fat": 0, "row": 1, "mot": -1, "pie": -1, "uto": -1, "uwr": -1 }, "geometry": { "type": "Point", "coordinates": [ 19.371167, 51.350389 ] } },
{ "type": "Feature", "properties": { "ID": 110440279, "yr": 2021, "dt": "2021-08-24T16:00:00", "WOJ": 10, "sev": 1, "c": [ 255, 255, 0, 160 ], "dmg": 2, "sli": 3, "ser": 0, "fat": 0, "row": -1, "mot": -1, "pie": -1, "uto": -1, "uwr": -1 }, "geometry": { "type": "Point", "coordinates": [ 19.444306, 52.221667 ] } },
{ "type": "Feature", "properties": { "ID": 110442556, "yr": 2021, "dt": "2021-08-25T16:05:47", "WOJ": 10, "sev": 1, "c": [ 255, 255, 0, 160 ], "dmg": 0, "sli": 1, "ser": 0, "fat": 0, "row": -1, "mot": 1, "pie": -1, "uto": -1, "uwr": -1 }, "geometry": { "type": "Point", "coordinates": [ 20.031361, 51.553833 ] } },
{ "type": "Feature", "properties": { "ID": 110437889, "yr": 2021, "dt": "2021-08-22T10:52:00", "WOJ": 10, "sev": 1, "c": [ 255, 255, 0, 160 ], "dmg": 0, "sli": 2, "ser": 0, "fat": 0, "row": -1, "mot": -1, "pie": -1, "uto": -1, "uwr": -1 }, "geometry": { "type": "Point", "coordinates": [ 19.530778, 51.752333 ] } },
{ "type": "Feature", "properties": { "ID": 110341542, "yr": 2021, "dt": "2021-07-23T15:20:00", "WOJ": 10, "sev": 1, "c": [ 255, 255, 0, 160 ], "dmg": 2, "sli": 1, "ser": 0, "fat": 0, "row": -1, "mot": -1, "pie": -1, "uto": -1, "uwr": -1 }, "geometry": { "type": "Point", "coordinates": [ 19.474417, 51.194639 ] } },
{ "type": "Feature", "properties": { "ID": 110335678, "yr": 2021, "dt": "2021-07-20T13:02:43", "WOJ": 10, "sev": 1, "c": [ 255, 255, 0, 160 ], "dmg": 0, "sli": 2, "ser": 0, "fat": 0, "row": -1, "mot": -1, "pie": -1, "uto": -1, "uwr": -1 }, "geometry": { "type": "Point", "coordinates": [ 19.378, 51.803556 ] } },
{ "type": "Feature", "properties": { "ID": 110335721, "yr": 2021, "dt": "2021-07-20T13:22:50", "WOJ": 10, "sev": 1, "c": [ 255, 255, 0, 160 ], "dmg": 1, "sli": 1, "ser": 0, "fat": 0, "row": 1, "mot": -1, "pie": -1, "uto": -1, "uwr": -1 }, "geometry": { "type": "Point", "coordinates": [ 19.418472, 51.747056 ] } },
{ "type": "Feature", "properties": { "ID": 110335804, "yr": 2021, "dt": "2021-07-20T12:30:00", "WOJ": 10, "sev": 1, "c": [ 255, 255, 0, 160 ], "dmg": 1, "sli": 1, "ser": 0, "fat": 0, "row": -1, "mot": -1, "pie": 1, "uto": -1, "uwr": -1 }, "geometry": { "type": "Point", "coordinates": [ 19.932333, 51.090889 ] } },
{ "type": "Feature", "properties": { "ID": 110336146, "yr": 2021, "dt": "2021-07-20T19:10:31", "WOJ": 10, "sev": 1, "c": [ 255, 255, 0, 160 ], "dmg": 1, "sli": 1, "ser": 0, "fat": 0, "row": -1, "mot": -1, "pie": -1, "uto": -1, "uwr": -1 }, "geometry": { "type": "Point", "coordinates": [ 19.451972, 51.786944 ] } },
{ "type": "Feature", "properties": { "ID": 110338460, "yr": 2021, "dt": "2021-07-21T17:19:41", "WOJ": 10, "sev": 1, "c": [ 255, 255, 0, 160 ], "dmg": 1, "sli": 1, "ser": 0, "fat": 0, "row": -1, "mot": 1, "pie": -1, "uto": -1, "uwr": -1 }, "geometry": { "type": "Point", "coordinates": [ 19.406667, 51.364806 ] } },
{ "type": "Feature", "properties": { "ID": 110337997, "yr": 2021, "dt": "2021-07-21T09:54:26", "WOJ": 10, "sev": 1, "c": [ 255, 255, 0, 160 ], "dmg": 1, "sli": 1, "ser": 0, "fat": 0, "row": -1, "mot": -1, "pie": -1, "uto": -1, "uwr": -1 }, "geometry": { "type": "Point", "coordinates": [ 19.442083, 51.736639 ] } },
{ "type": "Feature", "properties": { "ID": 110338014, "yr": 2021, "dt": "2021-07-21T11:07:00", "WOJ": 10, "sev": 1, "c": [ 255, 255, 0, 160 ], "dmg": 1, "sli": 1, "ser": 0, "fat": 0, "row": 1, "mot": -1, "pie": -1, "uto": -1, "uwr": -1 }, "geometry": { "type": "Point", "coordinates": [ 20.011194, 51.539833 ] } },
{ "type": "Feature", "properties": { "ID": 110338595, "yr": 2021, "dt": "2021-07-21T20:32:48", "WOJ": 10, "sev": 1, "c": [ 255, 255, 0, 160 ], "dmg": 0, "sli": 2, "ser": 0, "fat": 0, "row": -1, "mot": -1, "pie": -1, "uto": -1, "uwr": -1 }, "geometry": { "type": "Point", "coordinates": [ 20.196833, 51.903667 ] } },
{ "type": "Feature", "properties": { "ID": 110338549, "yr": 2021, "dt": "2021-07-21T18:31:10", "WOJ": 10, "sev": 1, "c": [ 255, 255, 0, 160 ], "dmg": 1, "sli": 1, "ser": 0, "fat": 0, "row": -1, "mot": -1, "pie": -1, "uto": -1, "uwr": -1 }, "geometry": { "type": "Point", "coordinates": [ 19.483833, 51.754472 ] } },
{ "type": "Feature", "properties": { "ID": 110332234, "yr": 2021, "dt": "2021-07-19T09:38:44", "WOJ": 10, "sev": 1, "c": [ 255, 255, 0, 160 ], "dmg": 1, "sli": 1, "ser": 0, "fat": 0, "row": 1, "mot": -1, "pie": -1, "uto": -1, "uwr": -1 }, "geometry": { "type": "Point", "coordinates": [ 19.819056, 51.737806 ] } },
{ "type": "Feature", "properties": { "ID": 110332189, "yr": 2021, "dt": "2021-07-19T05:35:00", "WOJ": 10, "sev": 1, "c": [ 255, 255, 0, 160 ], "dmg": 1, "sli": 1, "ser": 0, "fat": 0, "row": -1, "mot": -1, "pie": -1, "uto": -1, "uwr": -1 }, "geometry": { "type": "Point", "coordinates": [ 20.001278, 51.525806 ] } },
{ "type": "Feature", "properties": { "ID": 110334639, "yr": 2021, "dt": "2021-07-19T17:22:00", "WOJ": 10, "sev": 1, "c": [ 255, 255, 0, 160 ], "dmg": 2, "sli": 1, "ser": 0, "fat": 0, "row": -1, "mot": -1, "pie": -1, "uto": -1, "uwr": -1 }, "geometry": { "type": "Point", "coordinates": [ 19.433028, 51.715167 ] } },
{ "type": "Feature", "properties": { "ID": 110333083, "yr": 2021, "dt": "2021-07-19T23:21:45", "WOJ": 10, "sev": 1, "c": [ 255, 255, 0, 160 ], "dmg": 1, "sli": 1, "ser": 0, "fat": 0, "row": -1, "mot": -1, "pie": -1, "uto": -1, "uwr": -1 }, "geometry": { "type": "Point", "coordinates": [ 19.769528, 51.92125 ] } },
{ "type": "Feature", "properties": { "ID": 110332962, "yr": 2021, "dt": "2021-07-19T15:58:32", "WOJ": 10, "sev": 1, "c": [ 255, 255, 0, 160 ], "dmg": 2, "sli": 1, "ser": 0, "fat": 0, "row": -1, "mot": -1, "pie": -1, "uto": -1, "uwr": -1 }, "geometry": { "type": "Point", "coordinates": [ 19.519889, 51.331333 ] } },
{ "type": "Feature", "properties": { "ID": 110336791, "yr": 2021, "dt": "2021-07-21T21:30:00", "WOJ": 10, "sev": 1, "c": [ 255, 255, 0, 160 ], "dmg": 0, "sli": 2, "ser": 0, "fat": 0, "row": 1, "mot": -1, "pie": -1, "uto": -1, "uwr": -1 }, "geometry": { "type": "Point", "coordinates": [ 19.155167, 52.250167 ] } },
{ "type": "Feature", "properties": { "ID": 110337849, "yr": 2021, "dt": "2021-07-21T08:42:37", "WOJ": 10, "sev": 1, "c": [ 255, 255, 0, 160 ], "dmg": 0, "sli": 2, "ser": 0, "fat": 0, "row": -1, "mot": -1, "pie": -1, "uto": -1, "uwr": -1 }, "geometry": { "type": "Point", "coordinates": [ 19.475333, 51.416389 ] } },
{ "type": "Feature", "properties": { "ID": 110339378, "yr": 2021, "dt": "2021-07-22T23:18:47", "WOJ": 10, "sev": 1, "c": [ 255, 255, 0, 160 ], "dmg": 0, "sli": 1, "ser": 0, "fat": 0, "row": -1, "mot": -1, "pie": -1, "uto": -1, "uwr": -1 }, "geometry": { "type": "Point", "coordinates": [ 19.420139, 51.766889 ] } },
{ "type": "Feature", "properties": { "ID": 110339014, "yr": 2021, "dt": "2021-07-22T10:49:04", "WOJ": 10, "sev": 1, "c": [ 255, 255, 0, 160 ], "dmg": 0, "sli": 3, "ser": 0, "fat": 0, "row": -1, "mot": -1, "pie": -1, "uto": -1, "uwr": -1 }, "geometry": { "type": "Point", "coordinates": [ 19.685278, 51.668389 ] } },
{ "type": "Feature", "properties": { "ID": 110339446, "yr": 2021, "dt": "2021-07-23T05:50:00", "WOJ": 10, "sev": 1, "c": [ 255, 255, 0, 160 ], "dmg": 1, "sli": 1, "ser": 0, "fat": 0, "row": -1, "mot": -1, "pie": -1, "uto": -1, "uwr": -1 }, "geometry": { "type": "Point", "coordinates": [ 19.439944, 51.838083 ] } },
{ "type": "Feature", "properties": { "ID": 110341541, "yr": 2021, "dt": "2021-07-23T16:01:15", "WOJ": 10, "sev": 1, "c": [ 255, 255, 0, 160 ], "dmg": 2, "sli": 3, "ser": 0, "fat": 0, "row": -1, "mot": -1, "pie": -1, "uto": -1, "uwr": -1 }, "geometry": { "type": "Point", "coordinates": [ 19.833333, 51.505861 ] } },
{ "type": "Feature", "properties": { "ID": 110340357, "yr": 2021, "dt": "2021-07-23T12:25:00", "WOJ": 10, "sev": 1, "c": [ 255, 255, 0, 160 ], "dmg": 1, "sli": 1, "ser": 0, "fat": 0, "row": -1, "mot": 1, "pie": -1, "uto": -1, "uwr": -1 }, "geometry": { "type": "Point", "coordinates": [ 19.310667, 52.234722 ] } },
{ "type": "Feature", "properties": { "ID": 110443766, "yr": 2021, "dt": "2021-08-25T18:58:42", "WOJ": 10, "sev": 1, "c": [ 255, 255, 0, 160 ], "dmg": 1, "sli": 1, "ser": 0, "fat": 0, "row": -1, "mot": -1, "pie": 1, "uto": -1, "uwr": -1 }, "geometry": { "type": "Point", "coordinates": [ 19.454444, 51.779139 ] } },
{ "type": "Feature", "properties": { "ID": 110422946, "yr": 2021, "dt": "2021-08-20T20:01:48", "WOJ": 10, "sev": 1, "c": [ 255, 255, 0, 160 ], "dmg": 2, "sli": 1, "ser": 0, "fat": 0, "row": -1, "mot": -1, "pie": -1, "uto": -1, "uwr": -1 }, "geometry": { "type": "Point", "coordinates": [ 20.146222, 51.540167 ] } },
{ "type": "Feature", "properties": { "ID": 110427884, "yr": 2021, "dt": "2021-08-21T17:47:15", "WOJ": 10, "sev": 1, "c": [ 255, 255, 0, 160 ], "dmg": 1, "sli": 1, "ser": 0, "fat": 0, "row": -1, "mot": -1, "pie": -1, "uto": -1, "uwr": -1 }, "geometry": { "type": "Point", "coordinates": [ 19.206528, 51.563083 ] } },
{ "type": "Feature", "properties": { "ID": 110427763, "yr": 2021, "dt": "2021-08-21T05:48:24", "WOJ": 10, "sev": 1, "c": [ 255, 255, 0, 160 ], "dmg": 1, "sli": 1, "ser": 0, "fat": 0, "row": -1, "mot": -1, "pie": -1, "uto": -1, "uwr": -1 }, "geometry": { "type": "Point", "coordinates": [ 19.232556, 51.343444 ] } },
{ "type": "Feature", "properties": { "ID": 110427901, "yr": 2021, "dt": "2021-08-21T18:37:32", "WOJ": 10, "sev": 1, "c": [ 255, 255, 0, 160 ], "dmg": 1, "sli": 1, "ser": 0, "fat": 0, "row": 1, "mot": -1, "pie": -1, "uto": -1, "uwr": -1 }, "geometry": { "type": "Point", "coordinates": [ 19.451528, 51.758167 ] } },
{ "type": "Feature", "properties": { "ID": 110429066, "yr": 2021, "dt": "2021-08-21T15:12:25", "WOJ": 10, "sev": 1, "c": [ 255, 255, 0, 160 ], "dmg": 1, "sli": 1, "ser": 0, "fat": 0, "row": -1, "mot": -1, "pie": 1, "uto": -1, "uwr": -1 }, "geometry": { "type": "Point", "coordinates": [ 19.499861, 51.739194 ] } },
{ "type": "Feature", "properties": { "ID": 110427817, "yr": 2021, "dt": "2021-08-21T11:40:50", "WOJ": 10, "sev": 1, "c": [ 255, 255, 0, 160 ], "dmg": 3, "sli": 2, "ser": 0, "fat": 0, "row": -1, "mot": -1, "pie": -1, "uto": -1, "uwr": -1 }, "geometry": { "type": "Point", "coordinates": [ 18.979694, 51.92125 ] } },
{ "type": "Feature", "properties": { "ID": 110437758, "yr": 2021, "dt": "2021-08-22T23:10:52", "WOJ": 10, "sev": 1, "c": [ 255, 255, 0, 160 ], "dmg": 0, "sli": 1, "ser": 0, "fat": 0, "row": -1, "mot": 1, "pie": -1, "uto": -1, "uwr": -1 }, "geometry": { "type": "Point", "coordinates": [ 19.269444, 51.218861 ] } },
{ "type": "Feature", "properties": { "ID": 110439822, "yr": 2021, "dt": "2021-08-22T11:45:00", "WOJ": 10, "sev": 1, "c": [ 255, 255, 0, 160 ], "dmg": 2, "sli": 1, "ser": 0, "fat": 0, "row": -1, "mot": -1, "pie": -1, "uto": -1, "uwr": -1 }, "geometry": { "type": "Point", "coordinates": [ 19.473778, 51.122417 ] } },
{ "type": "Feature", "properties": { "ID": 110411497, "yr": 2021, "dt": "2021-08-17T21:00:00", "WOJ": 10, "sev": 1, "c": [ 255, 255, 0, 160 ], "dmg": 0, "sli": 1, "ser": 0, "fat": 0, "row": -1, "mot": 1, "pie": -1, "uto": -1, "uwr": -1 }, "geometry": { "type": "Point", "coordinates": [ 18.714944, 51.590694 ] } },
{ "type": "Feature", "properties": { "ID": 110411536, "yr": 2021, "dt": "2021-08-17T23:48:31", "WOJ": 10, "sev": 1, "c": [ 255, 255, 0, 160 ], "dmg": 0, "sli": 1, "ser": 0, "fat": 0, "row": -1, "mot": -1, "pie": -1, "uto": -1, "uwr": -1 }, "geometry": { "type": "Point", "coordinates": [ 19.599, 51.277778 ] } },
{ "type": "Feature", "properties": { "ID": 110346741, "yr": 2021, "dt": "2021-07-27T13:53:37", "WOJ": 10, "sev": 1, "c": [ 255, 255, 0, 160 ], "dmg": 1, "sli": 1, "ser": 0, "fat": 0, "row": -1, "mot": -1, "pie": 1, "uto": -1, "uwr": -1 }, "geometry": { "type": "Point", "coordinates": [ 20.006861, 51.531278 ] } },
{ "type": "Feature", "properties": { "ID": 110343668, "yr": 2021, "dt": "2021-07-23T13:50:00", "WOJ": 10, "sev": 1, "c": [ 255, 255, 0, 160 ], "dmg": 2, "sli": 1, "ser": 0, "fat": 0, "row": -1, "mot": -1, "pie": -1, "uto": -1, "uwr": -1 }, "geometry": { "type": "Point", "coordinates": [ 20.362806, 51.745139 ] } },
{ "type": "Feature", "properties": { "ID": 110342011, "yr": 2021, "dt": "2021-07-24T18:56:48", "WOJ": 10, "sev": 1, "c": [ 255, 255, 0, 160 ], "dmg": 1, "sli": 1, "ser": 0, "fat": 0, "row": -1, "mot": 1, "pie": -1, "uto": -1, "uwr": -1 }, "geometry": { "type": "Point", "coordinates": [ 19.754167, 51.803139 ] } },
{ "type": "Feature", "properties": { "ID": 110341951, "yr": 2021, "dt": "2021-07-24T11:50:00", "WOJ": 10, "sev": 1, "c": [ 255, 255, 0, 160 ], "dmg": 0, "sli": 1, "ser": 0, "fat": 0, "row": 1, "mot": -1, "pie": -1, "uto": -1, "uwr": -1 }, "geometry": { "type": "Point", "coordinates": [ 19.43675, 52.179083 ] } },
{ "type": "Feature", "properties": { "ID": 110341336, "yr": 2021, "dt": "2021-07-24T13:30:00", "WOJ": 10, "sev": 1, "c": [ 255, 255, 0, 160 ], "dmg": 1, "sli": 1, "ser": 0, "fat": 0, "row": -1, "mot": 1, "pie": -1, "uto": -1, "uwr": -1 }, "geometry": { "type": "Point", "coordinates": [ 19.100861, 51.993778 ] } },
{ "type": "Feature", "properties": { "ID": 110342836, "yr": 2021, "dt": "2021-07-25T22:50:00", "WOJ": 10, "sev": 1, "c": [ 255, 255, 0, 160 ], "dmg": 1, "sli": 2, "ser": 0, "fat": 0, "row": -1, "mot": -1, "pie": -1, "uto": -1, "uwr": -1 }, "geometry": { "type": "Point", "coordinates": [ 19.465083, 51.174083 ] } },
{ "type": "Feature", "properties": { "ID": 110413293, "yr": 2021, "dt": "2021-08-18T15:37:49", "WOJ": 10, "sev": 1, "c": [ 255, 255, 0, 160 ], "dmg": 2, "sli": 1, "ser": 0, "fat": 0, "row": -1, "mot": -1, "pie": -1, "uto": -1, "uwr": -1 }, "geometry": { "type": "Point", "coordinates": [ 19.622556, 51.768722 ] } },
{ "type": "Feature", "properties": { "ID": 110415946, "yr": 2021, "dt": "2021-08-18T15:20:00", "WOJ": 10, "sev": 1, "c": [ 255, 255, 0, 160 ], "dmg": 1, "sli": 1, "ser": 0, "fat": 0, "row": -1, "mot": -1, "pie": 1, "uto": -1, "uwr": -1 }, "geometry": { "type": "Point", "coordinates": [ 19.335278, 51.817611 ] } },
{ "type": "Feature", "properties": { "ID": 110413441, "yr": 2021, "dt": "2021-08-18T20:37:13", "WOJ": 10, "sev": 1, "c": [ 255, 255, 0, 160 ], "dmg": 3, "sli": 1, "ser": 0, "fat": 0, "row": -1, "mot": -1, "pie": -1, "uto": -1, "uwr": -1 }, "geometry": { "type": "Point", "coordinates": [ 19.395028, 51.452417 ] } },
{ "type": "Feature", "properties": { "ID": 110415534, "yr": 2021, "dt": "2021-08-19T17:00:00", "WOJ": 10, "sev": 1, "c": [ 255, 255, 0, 160 ], "dmg": 1, "sli": 1, "ser": 0, "fat": 0, "row": -1, "mot": -1, "pie": 1, "uto": -1, "uwr": -1 }, "geometry": { "type": "Point", "coordinates": [ 18.725139, 51.590806 ] } },
{ "type": "Feature", "properties": { "ID": 110415123, "yr": 2021, "dt": "2021-08-19T11:48:37", "WOJ": 10, "sev": 1, "c": [ 255, 255, 0, 160 ], "dmg": 1, "sli": 1, "ser": 0, "fat": 0, "row": 1, "mot": -1, "pie": -1, "uto": -1, "uwr": -1 }, "geometry": { "type": "Point", "coordinates": [ 18.949583, 51.606694 ] } },
{ "type": "Feature", "properties": { "ID": 110415493, "yr": 2021, "dt": "2021-08-19T17:02:58", "WOJ": 10, "sev": 1, "c": [ 255, 255, 0, 160 ], "dmg": 0, "sli": 2, "ser": 0, "fat": 0, "row": -1, "mot": 1, "pie": 1, "uto": -1, "uwr": -1 }, "geometry": { "type": "Point", "coordinates": [ 19.876222, 51.324417 ] } },
{ "type": "Feature", "properties": { "ID": 110422939, "yr": 2021, "dt": "2021-08-20T22:29:58", "WOJ": 10, "sev": 1, "c": [ 255, 255, 0, 160 ], "dmg": 2, "sli": 1, "ser": 0, "fat": 0, "row": -1, "mot": -1, "pie": -1, "uto": -1, "uwr": -1 }, "geometry": { "type": "Point", "coordinates": [ 19.445417, 51.771722 ] } },
{ "type": "Feature", "properties": { "ID": 110425798, "yr": 2021, "dt": "2021-08-20T20:41:05", "WOJ": 10, "sev": 1, "c": [ 255, 255, 0, 160 ], "dmg": 1, "sli": 1, "ser": 0, "fat": 0, "row": 1, "mot": -1, "pie": -1, "uto": -1, "uwr": -1 }, "geometry": { "type": "Point", "coordinates": [ 19.663111, 51.463306 ] } },
{ "type": "Feature", "properties": { "ID": 110342971, "yr": 2021, "dt": "2021-07-26T07:14:43", "WOJ": 10, "sev": 1, "c": [ 255, 255, 0, 160 ], "dmg": 3, "sli": 1, "ser": 0, "fat": 0, "row": -1, "mot": -1, "pie": -1, "uto": -1, "uwr": -1 }, "geometry": { "type": "Point", "coordinates": [ 19.895889, 51.351083 ] } },
{ "type": "Feature", "properties": { "ID": 110343812, "yr": 2021, "dt": "2021-07-26T11:15:00", "WOJ": 10, "sev": 1, "c": [ 255, 255, 0, 160 ], "dmg": 1, "sli": 1, "ser": 0, "fat": 0, "row": -1, "mot": -1, "pie": -1, "uto": -1, "uwr": -1 }, "geometry": { "type": "Point", "coordinates": [ 19.318139, 52.366361 ] } },
{ "type": "Feature", "properties": { "ID": 110344660, "yr": 2021, "dt": "2021-07-26T17:10:00", "WOJ": 10, "sev": 1, "c": [ 255, 255, 0, 160 ], "dmg": 2, "sli": 1, "ser": 0, "fat": 0, "row": -1, "mot": -1, "pie": -1, "uto": -1, "uwr": -1 }, "geometry": { "type": "Point", "coordinates": [ 19.464417, 52.225361 ] } },
{ "type": "Feature", "properties": { "ID": 110344502, "yr": 2021, "dt": "2021-07-26T14:50:00", "WOJ": 10, "sev": 1, "c": [ 255, 255, 0, 160 ], "dmg": 1, "sli": 2, "ser": 0, "fat": 0, "row": -1, "mot": -1, "pie": -1, "uto": -1, "uwr": -1 }, "geometry": { "type": "Point", "coordinates": [ 19.394167, 52.280722 ] } },
{ "type": "Feature", "properties": { "ID": 110347074, "yr": 2021, "dt": "2021-07-27T19:19:29", "WOJ": 10, "sev": 1, "c": [ 255, 255, 0, 160 ], "dmg": 1, "sli": 1, "ser": 0, "fat": 0, "row": 1, "mot": -1, "pie": -1, "uto": -1, "uwr": -1 }, "geometry": { "type": "Point", "coordinates": [ 19.843306, 51.499 ] } },
{ "type": "Feature", "properties": { "ID": 110345707, "yr": 2021, "dt": "2021-07-27T16:40:00", "WOJ": 10, "sev": 1, "c": [ 255, 255, 0, 160 ], "dmg": 1, "sli": 1, "ser": 0, "fat": 0, "row": 1, "mot": -1, "pie": -1, "uto": -1, "uwr": -1 }, "geometry": { "type": "Point", "coordinates": [ 19.388444, 51.366889 ] } },
{ "type": "Feature", "properties": { "ID": 110347138, "yr": 2021, "dt": "2021-07-27T06:15:00", "WOJ": 10, "sev": 1, "c": [ 255, 255, 0, 160 ], "dmg": 3, "sli": 2, "ser": 0, "fat": 0, "row": -1, "mot": -1, "pie": -1, "uto": -1, "uwr": -1 }, "geometry": { "type": "Point", "coordinates": [ 19.634806, 51.409944 ] } },
{ "type": "Feature", "properties": { "ID": 110350195, "yr": 2021, "dt": "2021-07-27T05:30:00", "WOJ": 10, "sev": 1, "c": [ 255, 255, 0, 160 ], "dmg": 1, "sli": 1, "ser": 0, "fat": 0, "row": 1, "mot": -1, "pie": -1, "uto": -1, "uwr": -1 }, "geometry": { "type": "Point", "coordinates": [ 19.492778, 51.747917 ] } },
{ "type": "Feature", "properties": { "ID": 110422846, "yr": 2021, "dt": "2021-08-20T18:58:11", "WOJ": 10, "sev": 1, "c": [ 255, 255, 0, 160 ], "dmg": 2, "sli": 1, "ser": 0, "fat": 0, "row": -1, "mot": -1, "pie": -1, "uto": -1, "uwr": -1 }, "geometry": { "type": "Point", "coordinates": [ 19.421889, 51.791861 ] } },
{ "type": "Feature", "properties": { "ID": 110409220, "yr": 2021, "dt": "2021-08-14T14:10:00", "WOJ": 10, "sev": 1, "c": [ 255, 255, 0, 160 ], "dmg": 2, "sli": 1, "ser": 0, "fat": 0, "row": -1, "mot": -1, "pie": -1, "uto": -1, "uwr": -1 }, "geometry": { "type": "Point", "coordinates": [ 19.733972, 51.581889 ] } },
{ "type": "Feature", "properties": { "ID": 110408798, "yr": 2021, "dt": "2021-08-15T21:30:00", "WOJ": 10, "sev": 1, "c": [ 255, 255, 0, 160 ], "dmg": 2, "sli": 1, "ser": 0, "fat": 0, "row": -1, "mot": 1, "pie": -1, "uto": -1, "uwr": -1 }, "geometry": { "type": "Point", "coordinates": [ 20.146583, 51.282667 ] } },
{ "type": "Feature", "properties": { "ID": 110409624, "yr": 2021, "dt": "2021-08-16T19:01:55", "WOJ": 10, "sev": 1, "c": [ 255, 255, 0, 160 ], "dmg": 2, "sli": 1, "ser": 0, "fat": 0, "row": -1, "mot": -1, "pie": -1, "uto": -1, "uwr": -1 }, "geometry": { "type": "Point", "coordinates": [ 19.870556, 51.806667 ] } },
{ "type": "Feature", "properties": { "ID": 110410384, "yr": 2021, "dt": "2021-08-16T17:55:00", "WOJ": 10, "sev": 1, "c": [ 255, 255, 0, 160 ], "dmg": 2, "sli": 1, "ser": 0, "fat": 0, "row": -1, "mot": 1, "pie": -1, "uto": -1, "uwr": -1 }, "geometry": { "type": "Point", "coordinates": [ 19.369111, 52.219583 ] } },
{ "type": "Feature", "properties": { "ID": 110409716, "yr": 2021, "dt": "2021-08-16T23:35:00", "WOJ": 10, "sev": 1, "c": [ 255, 255, 0, 160 ], "dmg": 1, "sli": 1, "ser": 0, "fat": 0, "row": -1, "mot": -1, "pie": 1, "uto": -1, "uwr": -1 }, "geometry": { "type": "Point", "coordinates": [ 19.459083, 51.755889 ] } },
{ "type": "Feature", "properties": { "ID": 110411160, "yr": 2021, "dt": "2021-08-17T12:41:17", "WOJ": 10, "sev": 1, "c": [ 255, 255, 0, 160 ], "dmg": 0, "sli": 2, "ser": 0, "fat": 0, "row": -1, "mot": -1, "pie": -1, "uto": -1, "uwr": -1 }, "geometry": { "type": "Point", "coordinates": [ 19.0485, 52.153639 ] } },
{ "type": "Feature", "properties": { "ID": 110411330, "yr": 2021, "dt": "2021-08-17T16:18:51", "WOJ": 10, "sev": 1, "c": [ 255, 255, 0, 160 ], "dmg": 2, "sli": 1, "ser": 0, "fat": 0, "row": -1, "mot": -1, "pie": -1, "uto": -1, "uwr": -1 }, "geometry": { "type": "Point", "coordinates": [ 18.928, 51.314528 ] } },
{ "type": "Feature", "properties": { "ID": 110403556, "yr": 2021, "dt": "2021-08-13T15:52:00", "WOJ": 10, "sev": 1, "c": [ 255, 255, 0, 160 ], "dmg": 1, "sli": 1, "ser": 0, "fat": 0, "row": -1, "mot": -1, "pie": -1, "uto": -1, "uwr": -1 }, "geometry": { "type": "Point", "coordinates": [ 19.57875, 51.602889 ] } },
{ "type": "Feature", "properties": { "ID": 110412835, "yr": 2021, "dt": "2021-08-13T16:45:00", "WOJ": 10, "sev": 1, "c": [ 255, 255, 0, 160 ], "dmg": 2, "sli": 1, "ser": 0, "fat": 0, "row": -1, "mot": -1, "pie": -1, "uto": -1, "uwr": -1 }, "geometry": { "type": "Point", "coordinates": [ 20.383083, 51.449472 ] } },
{ "type": "Feature", "properties": { "ID": 110403966, "yr": 2021, "dt": "2021-08-13T05:44:46", "WOJ": 10, "sev": 1, "c": [ 255, 255, 0, 160 ], "dmg": 1, "sli": 1, "ser": 0, "fat": 0, "row": 1, "mot": -1, "pie": -1, "uto": -1, "uwr": -1 }, "geometry": { "type": "Point", "coordinates": [ 20.260556, 51.742083 ] } },
{ "type": "Feature", "properties": { "ID": 110351498, "yr": 2021, "dt": "2021-07-31T02:02:42", "WOJ": 10, "sev": 1, "c": [ 255, 255, 0, 160 ], "dmg": 0, "sli": 1, "ser": 0, "fat": 0, "row": -1, "mot": -1, "pie": -1, "uto": -1, "uwr": -1 }, "geometry": { "type": "Point", "coordinates": [ 19.670556, 51.291472 ] } },
{ "type": "Feature", "properties": { "ID": 110346206, "yr": 2021, "dt": "2021-07-28T15:54:00", "WOJ": 10, "sev": 1, "c": [ 255, 255, 0, 160 ], "dmg": 1, "sli": 1, "ser": 0, "fat": 0, "row": -1, "mot": -1, "pie": -1, "uto": -1, "uwr": -1 }, "geometry": { "type": "Point", "coordinates": [ 19.430056, 51.082306 ] } },
{ "type": "Feature", "properties": { "ID": 110347916, "yr": 2021, "dt": "2021-07-28T14:35:00", "WOJ": 10, "sev": 1, "c": [ 255, 255, 0, 160 ], "dmg": 0, "sli": 17, "ser": 0, "fat": 0, "row": -1, "mot": -1, "pie": -1, "uto": -1, "uwr": -1 }, "geometry": { "type": "Point", "coordinates": [ 19.35725, 52.337833 ] } },
{ "type": "Feature", "properties": { "ID": 110347654, "yr": 2021, "dt": "2021-07-28T12:13:18", "WOJ": 10, "sev": 1, "c": [ 255, 255, 0, 160 ], "dmg": 1, "sli": 1, "ser": 0, "fat": 0, "row": -1, "mot": -1, "pie": -1, "uto": -1, "uwr": -1 }, "geometry": { "type": "Point", "coordinates": [ 18.940194, 51.275611 ] } },
{ "type": "Feature", "properties": { "ID": 110347969, "yr": 2021, "dt": "2021-07-28T19:39:59", "WOJ": 10, "sev": 1, "c": [ 255, 255, 0, 160 ], "dmg": 1, "sli": 1, "ser": 0, "fat": 0, "row": -1, "mot": -1, "pie": 1, "uto": -1, "uwr": -1 }, "geometry": { "type": "Point", "coordinates": [ 19.453583, 51.768444 ] } },
{ "type": "Feature", "properties": { "ID": 110354744, "yr": 2021, "dt": "2021-07-29T15:00:00", "WOJ": 10, "sev": 1, "c": [ 255, 255, 0, 160 ], "dmg": 1, "sli": 1, "ser": 0, "fat": 0, "row": 1, "mot": -1, "pie": -1, "uto": -1, "uwr": -1 }, "geometry": { "type": "Point", "coordinates": [ 20.033222, 51.530639 ] } },
{ "type": "Feature", "properties": { "ID": 110348468, "yr": 2021, "dt": "2021-07-29T10:20:00", "WOJ": 10, "sev": 1, "c": [ 255, 255, 0, 160 ], "dmg": 1, "sli": 1, "ser": 0, "fat": 0, "row": -1, "mot": -1, "pie": -1, "uto": -1, "uwr": -1 }, "geometry": { "type": "Point", "coordinates": [ 19.192806, 51.609139 ] } },
{ "type": "Feature", "properties": { "ID": 110350264, "yr": 2021, "dt": "2021-07-29T16:06:00", "WOJ": 10, "sev": 1, "c": [ 255, 255, 0, 160 ], "dmg": 1, "sli": 1, "ser": 0, "fat": 0, "row": -1, "mot": -1, "pie": -1, "uto": -1, "uwr": -1 }, "geometry": { "type": "Point", "coordinates": [ 19.50325, 51.817194 ] } },
{ "type": "Feature", "properties": { "ID": 110348414, "yr": 2021, "dt": "2021-07-29T09:50:00", "WOJ": 10, "sev": 1, "c": [ 255, 255, 0, 160 ], "dmg": 1, "sli": 1, "ser": 0, "fat": 0, "row": 1, "mot": -1, "pie": -1, "uto": -1, "uwr": -1 }, "geometry": { "type": "Point", "coordinates": [ 20.006306, 51.539806 ] } },
{ "type": "Feature", "properties": { "ID": 110349545, "yr": 2021, "dt": "2021-07-29T14:54:00", "WOJ": 10, "sev": 1, "c": [ 255, 255, 0, 160 ], "dmg": 1, "sli": 1, "ser": 0, "fat": 0, "row": -1, "mot": -1, "pie": -1, "uto": -1, "uwr": -1 }, "geometry": { "type": "Point", "coordinates": [ 19.59825, 51.570806 ] } },
{ "type": "Feature", "properties": { "ID": 110348077, "yr": 2021, "dt": "2021-07-29T06:30:00", "WOJ": 10, "sev": 1, "c": [ 255, 255, 0, 160 ], "dmg": 0, "sli": 1, "ser": 0, "fat": 0, "row": -1, "mot": 1, "pie": -1, "uto": -1, "uwr": -1 }, "geometry": { "type": "Point", "coordinates": [ 20.477722, 51.485028 ] } },
{ "type": "Feature", "properties": { "ID": 110345501, "yr": 2021, "dt": "2021-07-26T08:25:00", "WOJ": 10, "sev": 1, "c": [ 255, 255, 0, 160 ], "dmg": 1, "sli": 1, "ser": 0, "fat": 0, "row": -1, "mot": -1, "pie": -1, "uto": -1, "uwr": -1 }, "geometry": { "type": "Point", "coordinates": [ 20.237028, 51.770194 ] } },
{ "type": "Feature", "properties": { "ID": 110343264, "yr": 2021, "dt": "2021-07-26T10:35:04", "WOJ": 10, "sev": 1, "c": [ 255, 255, 0, 160 ], "dmg": 2, "sli": 2, "ser": 0, "fat": 0, "row": -1, "mot": -1, "pie": -1, "uto": -1, "uwr": -1 }, "geometry": { "type": "Point", "coordinates": [ 19.773861, 51.391 ] } },
{ "type": "Feature", "properties": { "ID": 110375452, "yr": 2021, "dt": "2021-08-09T18:30:00", "WOJ": 10, "sev": 1, "c": [ 255, 255, 0, 160 ], "dmg": 1, "sli": 1, "ser": 0, "fat": 0, "row": 1, "mot": -1, "pie": -1, "uto": -1, "uwr": -1 }, "geometry": { "type": "Point", "coordinates": [ 20.284222, 51.391028 ] } },
{ "type": "Feature", "properties": { "ID": 110926868, "yr": 2021, "dt": "2021-08-10T10:00:00", "WOJ": 10, "sev": 1, "c": [ 255, 255, 0, 160 ], "dmg": 1, "sli": 1, "ser": 0, "fat": 0, "row": 1, "mot": -1, "pie": -1, "uto": -1, "uwr": -1 }, "geometry": { "type": "Point", "coordinates": [ 19.456333, 51.817694 ] } },
{ "type": "Feature", "properties": { "ID": 110377418, "yr": 2021, "dt": "2021-08-10T15:27:08", "WOJ": 10, "sev": 1, "c": [ 255, 255, 0, 160 ], "dmg": 0, "sli": 1, "ser": 0, "fat": 0, "row": -1, "mot": -1, "pie": -1, "uto": -1, "uwr": -1 }, "geometry": { "type": "Point", "coordinates": [ 20.199306, 51.394889 ] } },
{ "type": "Feature", "properties": { "ID": 110378952, "yr": 2021, "dt": "2021-08-10T16:15:00", "WOJ": 10, "sev": 1, "c": [ 255, 255, 0, 160 ], "dmg": 0, "sli": 1, "ser": 0, "fat": 0, "row": -1, "mot": -1, "pie": -1, "uto": -1, "uwr": -1 }, "geometry": { "type": "Point", "coordinates": [ 20.238083, 51.546444 ] } },
{ "type": "Feature", "properties": { "ID": 110358292, "yr": 2021, "dt": "2021-08-03T19:08:04", "WOJ": 10, "sev": 1, "c": [ 255, 255, 0, 160 ], "dmg": 1, "sli": 1, "ser": 0, "fat": 0, "row": -1, "mot": -1, "pie": 1, "uto": -1, "uwr": -1 }, "geometry": { "type": "Point", "coordinates": [ 20.003722, 51.531056 ] } },
{ "type": "Feature", "properties": { "ID": 110348728, "yr": 2021, "dt": "2021-07-29T14:50:00", "WOJ": 10, "sev": 1, "c": [ 255, 255, 0, 160 ], "dmg": 1, "sli": 1, "ser": 0, "fat": 0, "row": -1, "mot": -1, "pie": -1, "uto": -1, "uwr": -1 }, "geometry": { "type": "Point", "coordinates": [ 19.345083, 52.255639 ] } },
{ "type": "Feature", "properties": { "ID": 110349205, "yr": 2021, "dt": "2021-07-30T17:55:00", "WOJ": 10, "sev": 1, "c": [ 255, 255, 0, 160 ], "dmg": 1, "sli": 1, "ser": 0, "fat": 0, "row": -1, "mot": 1, "pie": -1, "uto": -1, "uwr": -1 }, "geometry": { "type": "Point", "coordinates": [ 19.494972, 51.216833 ] } },
{ "type": "Feature", "properties": { "ID": 110350730, "yr": 2021, "dt": "2021-07-30T15:50:00", "WOJ": 10, "sev": 1, "c": [ 255, 255, 0, 160 ], "dmg": 1, "sli": 2, "ser": 0, "fat": 0, "row": -1, "mot": -1, "pie": 1, "uto": -1, "uwr": -1 }, "geometry": { "type": "Point", "coordinates": [ 19.189389, 52.051528 ] } },
{ "type": "Feature", "properties": { "ID": 110350806, "yr": 2021, "dt": "2021-07-30T17:03:52", "WOJ": 10, "sev": 1, "c": [ 255, 255, 0, 160 ], "dmg": 1, "sli": 1, "ser": 0, "fat": 0, "row": -1, "mot": -1, "pie": -1, "uto": -1, "uwr": -1 }, "geometry": { "type": "Point", "coordinates": [ 19.683417, 51.388722 ] } },
{ "type": "Feature", "properties": { "ID": 110349107, "yr": 2021, "dt": "2021-07-30T14:01:34", "WOJ": 10, "sev": 1, "c": [ 255, 255, 0, 160 ], "dmg": 1, "sli": 1, "ser": 0, "fat": 0, "row": 1, "mot": -1, "pie": -1, "uto": -1, "uwr": -1 }, "geometry": { "type": "Point", "coordinates": [ 19.391583, 51.797222 ] } },
{ "type": "Feature", "properties": { "ID": 110350184, "yr": 2021, "dt": "2021-07-30T09:50:00", "WOJ": 10, "sev": 1, "c": [ 255, 255, 0, 160 ], "dmg": 1, "sli": 1, "ser": 0, "fat": 0, "row": -1, "mot": -1, "pie": -1, "uto": -1, "uwr": -1 }, "geometry": { "type": "Point", "coordinates": [ 19.167611, 52.255472 ] } },
{ "type": "Feature", "properties": { "ID": 110356915, "yr": 2021, "dt": "2021-07-31T18:40:00", "WOJ": 10, "sev": 1, "c": [ 255, 255, 0, 160 ], "dmg": 1, "sli": 2, "ser": 0, "fat": 0, "row": -1, "mot": 1, "pie": -1, "uto": -1, "uwr": -1 }, "geometry": { "type": "Point", "coordinates": [ 18.957056, 51.275167 ] } },
{ "type": "Feature", "properties": { "ID": 110413321, "yr": 2021, "dt": "2021-08-18T16:50:00", "WOJ": 10, "sev": 1, "c": [ 255, 255, 0, 160 ], "dmg": 1, "sli": 1, "ser": 0, "fat": 0, "row": 1, "mot": -1, "pie": -1, "uto": -1, "uwr": -1 }, "geometry": { "type": "Point", "coordinates": [ 20.157139, 51.954194 ] } },
{ "type": "Feature", "properties": { "ID": 110403248, "yr": 2021, "dt": "2021-08-12T11:00:00", "WOJ": 10, "sev": 1, "c": [ 255, 255, 0, 160 ], "dmg": 1, "sli": 1, "ser": 0, "fat": 0, "row": 1, "mot": -1, "pie": -1, "uto": -1, "uwr": -1 }, "geometry": { "type": "Point", "coordinates": [ 19.762389, 51.80025 ] } },
{ "type": "Feature", "properties": { "ID": 110402131, "yr": 2021, "dt": "2021-08-12T07:59:00", "WOJ": 10, "sev": 1, "c": [ 255, 255, 0, 160 ], "dmg": 1, "sli": 1, "ser": 0, "fat": 0, "row": 1, "mot": -1, "pie": -1, "uto": -1, "uwr": -1 }, "geometry": { "type": "Point", "coordinates": [ 20.184111, 51.96525 ] } },
{ "type": "Feature", "properties": { "ID": 110403561, "yr": 2021, "dt": "2021-08-13T14:35:00", "WOJ": 10, "sev": 1, "c": [ 255, 255, 0, 160 ], "dmg": 1, "sli": 1, "ser": 0, "fat": 0, "row": -1, "mot": -1, "pie": -1, "uto": -1, "uwr": -1 }, "geometry": { "type": "Point", "coordinates": [ 19.311861, 52.187361 ] } },
{ "type": "Feature", "properties": { "ID": 110358852, "yr": 2021, "dt": "2021-08-02T18:40:00", "WOJ": 10, "sev": 1, "c": [ 255, 255, 0, 160 ], "dmg": 2, "sli": 2, "ser": 0, "fat": 0, "row": -1, "mot": -1, "pie": -1, "uto": -1, "uwr": -1 }, "geometry": { "type": "Point", "coordinates": [ 19.524222, 51.4195 ] } },
{ "type": "Feature", "properties": { "ID": 110356991, "yr": 2021, "dt": "2021-08-02T16:43:00", "WOJ": 10, "sev": 1, "c": [ 255, 255, 0, 160 ], "dmg": 0, "sli": 2, "ser": 0, "fat": 0, "row": -1, "mot": -1, "pie": -1, "uto": -1, "uwr": -1 }, "geometry": { "type": "Point", "coordinates": [ 19.965611, 51.563528 ] } },
{ "type": "Feature", "properties": { "ID": 110356191, "yr": 2021, "dt": "2021-08-02T16:10:00", "WOJ": 10, "sev": 1, "c": [ 255, 255, 0, 160 ], "dmg": 1, "sli": 1, "ser": 0, "fat": 0, "row": 1, "mot": -1, "pie": -1, "uto": -1, "uwr": -1 }, "geometry": { "type": "Point", "coordinates": [ 18.925667, 51.604889 ] } },
{ "type": "Feature", "properties": { "ID": 110354793, "yr": 2021, "dt": "2021-08-02T08:55:37", "WOJ": 10, "sev": 1, "c": [ 255, 255, 0, 160 ], "dmg": 3, "sli": 1, "ser": 0, "fat": 0, "row": -1, "mot": -1, "pie": -1, "uto": -1, "uwr": -1 }, "geometry": { "type": "Point", "coordinates": [ 19.640417, 51.508139 ] } },
{ "type": "Feature", "properties": { "ID": 110356127, "yr": 2021, "dt": "2021-08-02T15:15:32", "WOJ": 10, "sev": 1, "c": [ 255, 255, 0, 160 ], "dmg": 2, "sli": 1, "ser": 0, "fat": 0, "row": -1, "mot": -1, "pie": -1, "uto": -1, "uwr": -1 }, "geometry": { "type": "Point", "coordinates": [ 20.219139, 51.942556 ] } },
{ "type": "Feature", "properties": { "ID": 110359365, "yr": 2021, "dt": "2021-08-03T14:35:00", "WOJ": 10, "sev": 1, "c": [ 255, 255, 0, 160 ], "dmg": 1, "sli": 1, "ser": 0, "fat": 0, "row": 1, "mot": -1, "pie": -1, "uto": -1, "uwr": -1 }, "geometry": { "type": "Point", "coordinates": [ 18.475444, 51.645167 ] } },
{ "type": "Feature", "properties": { "ID": 110403822, "yr": 2021, "dt": "2021-08-12T15:30:00", "WOJ": 10, "sev": 1, "c": [ 255, 255, 0, 160 ], "dmg": 1, "sli": 1, "ser": 0, "fat": 0, "row": -1, "mot": -1, "pie": -1, "uto": -1, "uwr": -1 }, "geometry": { "type": "Point", "coordinates": [ 20.021833, 51.536944 ] } },
{ "type": "Feature", "properties": { "ID": 110363756, "yr": 2021, "dt": "2021-08-06T15:21:15", "WOJ": 10, "sev": 1, "c": [ 255, 255, 0, 160 ], "dmg": 1, "sli": 3, "ser": 0, "fat": 0, "row": -1, "mot": -1, "pie": -1, "uto": -1, "uwr": -1 }, "geometry": { "type": "Point", "coordinates": [ 19.846056, 51.806556 ] } },
{ "type": "Feature", "properties": { "ID": 110367507, "yr": 2021, "dt": "2021-08-07T14:44:22", "WOJ": 10, "sev": 1, "c": [ 255, 255, 0, 160 ], "dmg": 1, "sli": 2, "ser": 0, "fat": 0, "row": -1, "mot": -1, "pie": -1, "uto": -1, "uwr": -1 }, "geometry": { "type": "Point", "coordinates": [ 19.434833, 51.756083 ] } },
{ "type": "Feature", "properties": { "ID": 110369804, "yr": 2021, "dt": "2021-08-07T17:20:38", "WOJ": 10, "sev": 1, "c": [ 255, 255, 0, 160 ], "dmg": 1, "sli": 2, "ser": 0, "fat": 0, "row": -1, "mot": -1, "pie": -1, "uto": -1, "uwr": -1 }, "geometry": { "type": "Point", "coordinates": [ 19.694, 51.409889 ] } },
{ "type": "Feature", "properties": { "ID": 110369817, "yr": 2021, "dt": "2021-08-07T18:11:38", "WOJ": 10, "sev": 1, "c": [ 255, 255, 0, 160 ], "dmg": 1, "sli": 1, "ser": 0, "fat": 0, "row": -1, "mot": -1, "pie": -1, "uto": -1, "uwr": -1 }, "geometry": { "type": "Point", "coordinates": [ 19.240222, 51.486167 ] } },
{ "type": "Feature", "properties": { "ID": 110368822, "yr": 2021, "dt": "2021-08-07T11:40:00", "WOJ": 10, "sev": 1, "c": [ 255, 255, 0, 160 ], "dmg": 2, "sli": 1, "ser": 0, "fat": 0, "row": -1, "mot": -1, "pie": -1, "uto": -1, "uwr": -1 }, "geometry": { "type": "Point", "coordinates": [ 19.636361, 51.890444 ] } },
{ "type": "Feature", "properties": { "ID": 110372764, "yr": 2021, "dt": "2021-08-08T14:48:04", "WOJ": 10, "sev": 1, "c": [ 255, 255, 0, 160 ], "dmg": 2, "sli": 1, "ser": 0, "fat": 0, "row": -1, "mot": -1, "pie": -1, "uto": -1, "uwr": -1 }, "geometry": { "type": "Point", "coordinates": [ 19.405639, 51.761722 ] } },
{ "type": "Feature", "properties": { "ID": 110370950, "yr": 2021, "dt": "2021-08-08T13:25:36", "WOJ": 10, "sev": 1, "c": [ 255, 255, 0, 160 ], "dmg": 1, "sli": 2, "ser": 0, "fat": 0, "row": -1, "mot": -1, "pie": -1, "uto": -1, "uwr": -1 }, "geometry": { "type": "Point", "coordinates": [ 19.441556, 51.036056 ] } },
{ "type": "Feature", "properties": { "ID": 110374962, "yr": 2021, "dt": "2021-08-08T03:50:00", "WOJ": 10, "sev": 1, "c": [ 255, 255, 0, 160 ], "dmg": 1, "sli": 1, "ser": 0, "fat": 0, "row": -1, "mot": -1, "pie": -1, "uto": -1, "uwr": -1 }, "geometry": { "type": "Point", "coordinates": [ 19.4585, 51.759472 ] } },
{ "type": "Feature", "properties": { "ID": 110372983, "yr": 2021, "dt": "2021-08-09T06:18:54", "WOJ": 10, "sev": 1, "c": [ 255, 255, 0, 160 ], "dmg": 1, "sli": 1, "ser": 0, "fat": 0, "row": -1, "mot": 1, "pie": -1, "uto": -1, "uwr": -1 }, "geometry": { "type": "Point", "coordinates": [ 18.959972, 51.592222 ] } },
{ "type": "Feature", "properties": { "ID": 109744155, "yr": 2021, "dt": "2021-01-11T06:41:12", "WOJ": 10, "sev": 1, "c": [ 255, 255, 0, 160 ], "dmg": 2, "sli": 1, "ser": 0, "fat": 0, "row": -1, "mot": -1, "pie": -1, "uto": -1, "uwr": -1 }, "geometry": { "type": "Point", "coordinates": [ 19.457278, 51.717556 ] } },
{ "type": "Feature", "properties": { "ID": 109785993, "yr": 2021, "dt": "2021-01-12T15:40:00", "WOJ": 10, "sev": 1, "c": [ 255, 255, 0, 160 ], "dmg": 1, "sli": 1, "ser": 0, "fat": 0, "row": -1, "mot": -1, "pie": -1, "uto": -1, "uwr": -1 }, "geometry": { "type": "Point", "coordinates": [ 19.1505, 51.388278 ] } },
{ "type": "Feature", "properties": { "ID": 109785952, "yr": 2021, "dt": "2021-01-12T16:30:00", "WOJ": 10, "sev": 1, "c": [ 255, 255, 0, 160 ], "dmg": 1, "sli": 1, "ser": 0, "fat": 0, "row": -1, "mot": -1, "pie": -1, "uto": -1, "uwr": -1 }, "geometry": { "type": "Point", "coordinates": [ 20.293944, 51.298333 ] } },
{ "type": "Feature", "properties": { "ID": 109785480, "yr": 2021, "dt": "2021-01-12T12:20:00", "WOJ": 10, "sev": 1, "c": [ 255, 255, 0, 160 ], "dmg": 1, "sli": 1, "ser": 0, "fat": 0, "row": -1, "mot": -1, "pie": -1, "uto": -1, "uwr": -1 }, "geometry": { "type": "Point", "coordinates": [ 19.453056, 51.060556 ] } },
{ "type": "Feature", "properties": { "ID": 116749121, "yr": 2021, "dt": "2021-12-28T18:20:00", "WOJ": 10, "sev": 1, "c": [ 255, 255, 0, 160 ], "dmg": 0, "sli": 3, "ser": 0, "fat": 0, "row": -1, "mot": -1, "pie": 1, "uto": -1, "uwr": -1 }, "geometry": { "type": "Point", "coordinates": [ 18.370722, 51.671417 ] } },
{ "type": "Feature", "properties": { "ID": 116736104, "yr": 2021, "dt": "2021-12-22T09:30:28", "WOJ": 10, "sev": 1, "c": [ 255, 255, 0, 160 ], "dmg": 1, "sli": 1, "ser": 0, "fat": 0, "row": -1, "mot": -1, "pie": 1, "uto": -1, "uwr": -1 }, "geometry": { "type": "Point", "coordinates": [ 20.144028, 51.943083 ] } },
{ "type": "Feature", "properties": { "ID": 116740689, "yr": 2021, "dt": "2021-12-22T12:00:00", "WOJ": 10, "sev": 1, "c": [ 255, 255, 0, 160 ], "dmg": 1, "sli": 1, "ser": 0, "fat": 0, "row": -1, "mot": -1, "pie": 1, "uto": -1, "uwr": -1 }, "geometry": { "type": "Point", "coordinates": [ 19.465861, 51.800528 ] } },
{ "type": "Feature", "properties": { "ID": 116736040, "yr": 2021, "dt": "2021-12-22T07:15:00", "WOJ": 10, "sev": 1, "c": [ 255, 255, 0, 160 ], "dmg": 1, "sli": 1, "ser": 0, "fat": 0, "row": -1, "mot": -1, "pie": 1, "uto": -1, "uwr": -1 }, "geometry": { "type": "Point", "coordinates": [ 19.438306, 51.072167 ] } },
{ "type": "Feature", "properties": { "ID": 116738957, "yr": 2021, "dt": "2021-12-22T19:48:42", "WOJ": 10, "sev": 1, "c": [ 255, 255, 0, 160 ], "dmg": 2, "sli": 1, "ser": 0, "fat": 0, "row": -1, "mot": -1, "pie": -1, "uto": -1, "uwr": -1 }, "geometry": { "type": "Point", "coordinates": [ 19.477528, 51.6735 ] } },
{ "type": "Feature", "properties": { "ID": 116739135, "yr": 2021, "dt": "2021-12-23T08:18:10", "WOJ": 10, "sev": 1, "c": [ 255, 255, 0, 160 ], "dmg": 1, "sli": 1, "ser": 0, "fat": 0, "row": -1, "mot": -1, "pie": 1, "uto": -1, "uwr": -1 }, "geometry": { "type": "Point", "coordinates": [ 20.001472, 51.533972 ] } },
{ "type": "Feature", "properties": { "ID": 116740032, "yr": 2021, "dt": "2021-12-23T15:00:00", "WOJ": 10, "sev": 1, "c": [ 255, 255, 0, 160 ], "dmg": 1, "sli": 2, "ser": 0, "fat": 0, "row": -1, "mot": -1, "pie": 1, "uto": -1, "uwr": -1 }, "geometry": { "type": "Point", "coordinates": [ 19.372083, 52.228806 ] } },
{ "type": "Feature", "properties": { "ID": 116738727, "yr": 2021, "dt": "2021-12-23T10:48:00", "WOJ": 10, "sev": 1, "c": [ 255, 255, 0, 160 ], "dmg": 1, "sli": 1, "ser": 0, "fat": 0, "row": -1, "mot": -1, "pie": 1, "uto": -1, "uwr": -1 }, "geometry": { "type": "Point", "coordinates": [ 19.931917, 52.101556 ] } },
{ "type": "Feature", "properties": { "ID": 116738726, "yr": 2021, "dt": "2021-12-23T09:35:58", "WOJ": 10, "sev": 1, "c": [ 255, 255, 0, 160 ], "dmg": 1, "sli": 1, "ser": 0, "fat": 0, "row": -1, "mot": -1, "pie": -1, "uto": -1, "uwr": -1 }, "geometry": { "type": "Point", "coordinates": [ 19.729139, 51.592278 ] } },
{ "type": "Feature", "properties": { "ID": 116740458, "yr": 2021, "dt": "2021-12-23T19:00:00", "WOJ": 10, "sev": 1, "c": [ 255, 255, 0, 160 ], "dmg": 1, "sli": 1, "ser": 0, "fat": 0, "row": 1, "mot": -1, "pie": -1, "uto": -1, "uwr": -1 }, "geometry": { "type": "Point", "coordinates": [ 19.208667, 51.989194 ] } },
{ "type": "Feature", "properties": { "ID": 116743200, "yr": 2021, "dt": "2021-12-24T13:32:35", "WOJ": 10, "sev": 1, "c": [ 255, 255, 0, 160 ], "dmg": 2, "sli": 2, "ser": 0, "fat": 0, "row": -1, "mot": -1, "pie": -1, "uto": -1, "uwr": -1 }, "geometry": { "type": "Point", "coordinates": [ 19.386833, 51.799083 ] } },
{ "type": "Feature", "properties": { "ID": 116743303, "yr": 2021, "dt": "2021-12-24T14:30:00", "WOJ": 10, "sev": 1, "c": [ 255, 255, 0, 160 ], "dmg": 1, "sli": 1, "ser": 0, "fat": 0, "row": -1, "mot": -1, "pie": -1, "uto": -1, "uwr": -1 }, "geometry": { "type": "Point", "coordinates": [ 19.532, 51.15 ] } },
{ "type": "Feature", "properties": { "ID": 116760859, "yr": 2021, "dt": "2021-12-31T15:00:00", "WOJ": 10, "sev": 1, "c": [ 255, 255, 0, 160 ], "dmg": 1, "sli": 1, "ser": 0, "fat": 0, "row": -1, "mot": -1, "pie": -1, "uto": -1, "uwr": -1 }, "geometry": { "type": "Point", "coordinates": [ 19.437083, 51.815972 ] } },
{ "type": "Feature", "properties": { "ID": 116756926, "yr": 2021, "dt": "2021-12-31T10:32:42", "WOJ": 10, "sev": 1, "c": [ 255, 255, 0, 160 ], "dmg": 0, "sli": 2, "ser": 0, "fat": 0, "row": -1, "mot": -1, "pie": 1, "uto": -1, "uwr": -1 }, "geometry": { "type": "Point", "coordinates": [ 19.831222, 51.505833 ] } },
{ "type": "Feature", "properties": { "ID": 116760350, "yr": 2021, "dt": "2021-12-31T22:36:00", "WOJ": 10, "sev": 1, "c": [ 255, 255, 0, 160 ], "dmg": 0, "sli": 1, "ser": 0, "fat": 0, "row": -1, "mot": -1, "pie": -1, "uto": -1, "uwr": -1 }, "geometry": { "type": "Point", "coordinates": [ 19.573972, 51.828583 ] } },
{ "type": "Feature", "properties": { "ID": 116754877, "yr": 2021, "dt": "2021-12-30T16:23:00", "WOJ": 10, "sev": 1, "c": [ 255, 255, 0, 160 ], "dmg": 1, "sli": 1, "ser": 0, "fat": 0, "row": -1, "mot": -1, "pie": 1, "uto": -1, "uwr": -1 }, "geometry": { "type": "Point", "coordinates": [ 20.154444, 51.974472 ] } },
{ "type": "Feature", "properties": { "ID": 116752550, "yr": 2021, "dt": "2021-12-30T16:32:45", "WOJ": 10, "sev": 1, "c": [ 255, 255, 0, 160 ], "dmg": 0, "sli": 1, "ser": 0, "fat": 0, "row": -1, "mot": -1, "pie": -1, "uto": -1, "uwr": -1 }, "geometry": { "type": "Point", "coordinates": [ 19.458194, 51.786 ] } },
{ "type": "Feature", "properties": { "ID": 116752214, "yr": 2021, "dt": "2021-12-30T10:40:00", "WOJ": 10, "sev": 1, "c": [ 255, 255, 0, 160 ], "dmg": 1, "sli": 1, "ser": 0, "fat": 0, "row": -1, "mot": -1, "pie": -1, "uto": -1, "uwr": -1 }, "geometry": { "type": "Point", "coordinates": [ 19.175444, 52.215472 ] } },
{ "type": "Feature", "properties": { "ID": 116752572, "yr": 2021, "dt": "2021-12-30T16:15:00", "WOJ": 10, "sev": 1, "c": [ 255, 255, 0, 160 ], "dmg": 1, "sli": 2, "ser": 0, "fat": 0, "row": -1, "mot": -1, "pie": -1, "uto": -1, "uwr": -1 }, "geometry": { "type": "Point", "coordinates": [ 20.247028, 51.377667 ] } },
{ "type": "Feature", "properties": { "ID": 116749537, "yr": 2021, "dt": "2021-12-29T16:08:23", "WOJ": 10, "sev": 1, "c": [ 255, 255, 0, 160 ], "dmg": 1, "sli": 1, "ser": 0, "fat": 0, "row": -1, "mot": -1, "pie": -1, "uto": -1, "uwr": -1 }, "geometry": { "type": "Point", "coordinates": [ 20.126722, 51.711278 ] } },
{ "type": "Feature", "properties": { "ID": 116747073, "yr": 2021, "dt": "2021-12-28T11:30:00", "WOJ": 10, "sev": 1, "c": [ 255, 255, 0, 160 ], "dmg": 1, "sli": 1, "ser": 0, "fat": 0, "row": -1, "mot": -1, "pie": 1, "uto": -1, "uwr": -1 }, "geometry": { "type": "Point", "coordinates": [ 19.392333, 51.875611 ] } },
{ "type": "Feature", "properties": { "ID": 116748393, "yr": 2021, "dt": "2021-12-28T13:14:03", "WOJ": 10, "sev": 1, "c": [ 255, 255, 0, 160 ], "dmg": 2, "sli": 2, "ser": 0, "fat": 0, "row": -1, "mot": -1, "pie": -1, "uto": -1, "uwr": -1 }, "geometry": { "type": "Point", "coordinates": [ 19.360194, 51.804417 ] } },
{ "type": "Feature", "properties": { "ID": 116748583, "yr": 2021, "dt": "2021-12-28T13:25:27", "WOJ": 10, "sev": 1, "c": [ 255, 255, 0, 160 ], "dmg": 2, "sli": 1, "ser": 0, "fat": 0, "row": -1, "mot": -1, "pie": -1, "uto": -1, "uwr": -1 }, "geometry": { "type": "Point", "coordinates": [ 19.434361, 51.7895 ] } },
{ "type": "Feature", "properties": { "ID": 109712559, "yr": 2021, "dt": "2021-01-05T17:09:09", "WOJ": 10, "sev": 1, "c": [ 255, 255, 0, 160 ], "dmg": 1, "sli": 1, "ser": 0, "fat": 0, "row": -1, "mot": -1, "pie": 1, "uto": -1, "uwr": -1 }, "geometry": { "type": "Point", "coordinates": [ 19.369694, 51.664417 ] } },
{ "type": "Feature", "properties": { "ID": 110358975, "yr": 2021, "dt": "2021-08-01T18:15:00", "WOJ": 10, "sev": 2, "c": [ 255, 165, 0, 160 ], "dmg": 1, "sli": 0, "ser": 1, "fat": 0, "row": -1, "mot": -1, "pie": -1, "uto": -1, "uwr": -1 }, "geometry": { "type": "Point", "coordinates": [ 19.474722, 51.909167 ] } },
{ "type": "Feature", "properties": { "ID": 110353010, "yr": 2021, "dt": "2021-08-01T13:02:52", "WOJ": 10, "sev": 2, "c": [ 255, 165, 0, 160 ], "dmg": 2, "sli": 0, "ser": 1, "fat": 0, "row": -1, "mot": -1, "pie": -1, "uto": -1, "uwr": -1 }, "geometry": { "type": "Point", "coordinates": [ 19.583278, 51.794306 ] } },
{ "type": "Feature", "properties": { "ID": 110356842, "yr": 2021, "dt": "2021-08-01T17:45:00", "WOJ": 10, "sev": 2, "c": [ 255, 165, 0, 160 ], "dmg": 1, "sli": 0, "ser": 2, "fat": 0, "row": -1, "mot": 2, "pie": -1, "uto": -1, "uwr": -1 }, "geometry": { "type": "Point", "coordinates": [ 19.385722, 51.748333 ] } },
{ "type": "Feature", "properties": { "ID": 109710523, "yr": 2021, "dt": "2021-01-05T17:35:00", "WOJ": 10, "sev": 2, "c": [ 255, 165, 0, 160 ], "dmg": 2, "sli": 0, "ser": 1, "fat": 0, "row": -1, "mot": -1, "pie": -1, "uto": -1, "uwr": -1 }, "geometry": { "type": "Point", "coordinates": [ 19.454389, 51.790278 ] } },
{ "type": "Feature", "properties": { "ID": 109712193, "yr": 2021, "dt": "2021-01-05T13:00:48", "WOJ": 10, "sev": 2, "c": [ 255, 165, 0, 160 ], "dmg": 1, "sli": 0, "ser": 1, "fat": 0, "row": -1, "mot": -1, "pie": 2, "uto": -1, "uwr": -1 }, "geometry": { "type": "Point", "coordinates": [ 19.402444, 51.795083 ] } },
{ "type": "Feature", "properties": { "ID": 110359275, "yr": 2021, "dt": "2021-08-03T13:38:57", "WOJ": 10, "sev": 2, "c": [ 255, 165, 0, 160 ], "dmg": 1, "sli": 0, "ser": 1, "fat": 0, "row": -1, "mot": -1, "pie": -1, "uto": -1, "uwr": -1 }, "geometry": { "type": "Point", "coordinates": [ 19.50875, 51.763444 ] } },
{ "type": "Feature", "properties": { "ID": 110360453, "yr": 2021, "dt": "2021-08-04T13:17:00", "WOJ": 10, "sev": 2, "c": [ 255, 165, 0, 160 ], "dmg": 1, "sli": 0, "ser": 1, "fat": 0, "row": -1, "mot": -1, "pie": -1, "uto": -1, "uwr": -1 }, "geometry": { "type": "Point", "coordinates": [ 19.363778, 51.663889 ] } },
{ "type": "Feature", "properties": { "ID": 116735345, "yr": 2021, "dt": "2021-12-21T13:25:00", "WOJ": 10, "sev": 2, "c": [ 255, 165, 0, 160 ], "dmg": 2, "sli": 0, "ser": 1, "fat": 0, "row": -1, "mot": -1, "pie": -1, "uto": -1, "uwr": -1 }, "geometry": { "type": "Point", "coordinates": [ 19.485472, 51.761611 ] } },
{ "type": "Feature", "properties": { "ID": 116742885, "yr": 2021, "dt": "2021-12-23T14:30:00", "WOJ": 10, "sev": 2, "c": [ 255, 165, 0, 160 ], "dmg": 0, "sli": 0, "ser": 1, "fat": 0, "row": -1, "mot": -1, "pie": -1, "uto": -1, "uwr": -1 }, "geometry": { "type": "Point", "coordinates": [ 18.508944, 51.697 ] } },
{ "type": "Feature", "properties": { "ID": 116739225, "yr": 2021, "dt": "2021-12-23T07:54:13", "WOJ": 10, "sev": 2, "c": [ 255, 165, 0, 160 ], "dmg": 1, "sli": 0, "ser": 2, "fat": 0, "row": -1, "mot": -1, "pie": 2, "uto": -1, "uwr": -1 }, "geometry": { "type": "Point", "coordinates": [ 19.417778, 51.751611 ] } },
{ "type": "Feature", "properties": { "ID": 116743453, "yr": 2021, "dt": "2021-12-24T18:48:53", "WOJ": 10, "sev": 2, "c": [ 255, 165, 0, 160 ], "dmg": 1, "sli": 0, "ser": 1, "fat": 0, "row": -1, "mot": -1, "pie": 2, "uto": -1, "uwr": -1 }, "geometry": { "type": "Point", "coordinates": [ 19.352444, 51.660278 ] } },
{ "type": "Feature", "properties": { "ID": 116743872, "yr": 2021, "dt": "2021-12-25T18:13:02", "WOJ": 10, "sev": 2, "c": [ 255, 165, 0, 160 ], "dmg": 1, "sli": 0, "ser": 2, "fat": 0, "row": -1, "mot": -1, "pie": -1, "uto": -1, "uwr": -1 }, "geometry": { "type": "Point", "coordinates": [ 19.482889, 51.783722 ] } },
{ "type": "Feature", "properties": { "ID": 116743763, "yr": 2021, "dt": "2021-12-25T17:20:00", "WOJ": 10, "sev": 2, "c": [ 255, 165, 0, 160 ], "dmg": 1, "sli": 0, "ser": 1, "fat": 0, "row": -1, "mot": -1, "pie": 2, "uto": -1, "uwr": -1 }, "geometry": { "type": "Point", "coordinates": [ 19.327944, 51.856611 ] } },
{ "type": "Feature", "properties": { "ID": 116744920, "yr": 2021, "dt": "2021-12-27T05:49:21", "WOJ": 10, "sev": 2, "c": [ 255, 165, 0, 160 ], "dmg": 1, "sli": 0, "ser": 1, "fat": 0, "row": -1, "mot": -1, "pie": -1, "uto": -1, "uwr": -1 }, "geometry": { "type": "Point", "coordinates": [ 19.54025, 51.719806 ] } },
{ "type": "Feature", "properties": { "ID": 116742813, "yr": 2021, "dt": "2021-12-27T14:24:44", "WOJ": 10, "sev": 2, "c": [ 255, 165, 0, 160 ], "dmg": 1, "sli": 0, "ser": 2, "fat": 0, "row": -1, "mot": -1, "pie": -1, "uto": -1, "uwr": -1 }, "geometry": { "type": "Point", "coordinates": [ 19.376333, 51.801056 ] } },
{ "type": "Feature", "properties": { "ID": 116745287, "yr": 2021, "dt": "2021-12-27T10:35:00", "WOJ": 10, "sev": 2, "c": [ 255, 165, 0, 160 ], "dmg": 0, "sli": 1, "ser": 1, "fat": 0, "row": -1, "mot": -1, "pie": -1, "uto": -1, "uwr": -1 }, "geometry": { "type": "Point", "coordinates": [ 19.277778, 52.238417 ] } },
{ "type": "Feature", "properties": { "ID": 110404076, "yr": 2021, "dt": "2021-08-11T11:34:00", "WOJ": 10, "sev": 2, "c": [ 255, 165, 0, 160 ], "dmg": 3, "sli": 0, "ser": 1, "fat": 0, "row": -1, "mot": -1, "pie": -1, "uto": -1, "uwr": -1 }, "geometry": { "type": "Point", "coordinates": [ 19.442, 51.732556 ] } },
{ "type": "Feature", "properties": { "ID": 110403872, "yr": 2021, "dt": "2021-08-12T19:45:00", "WOJ": 10, "sev": 2, "c": [ 255, 165, 0, 160 ], "dmg": 1, "sli": 0, "ser": 1, "fat": 0, "row": -1, "mot": 2, "pie": -1, "uto": -1, "uwr": -1 }, "geometry": { "type": "Point", "coordinates": [ 19.87475, 51.080083 ] } },
{ "type": "Feature", "properties": { "ID": 110402253, "yr": 2021, "dt": "2021-08-12T09:41:48", "WOJ": 10, "sev": 2, "c": [ 255, 165, 0, 160 ], "dmg": 1, "sli": 0, "ser": 1, "fat": 0, "row": -1, "mot": -1, "pie": -1, "uto": -1, "uwr": -1 }, "geometry": { "type": "Point", "coordinates": [ 19.384472, 51.747833 ] } },
{ "type": "Feature", "properties": { "ID": 109725277, "yr": 2021, "dt": "2021-01-08T10:09:47", "WOJ": 10, "sev": 2, "c": [ 255, 165, 0, 160 ], "dmg": 1, "sli": 0, "ser": 1, "fat": 0, "row": -1, "mot": -1, "pie": 2, "uto": -1, "uwr": -1 }, "geometry": { "type": "Point", "coordinates": [ 19.392917, 51.790083 ] } },
{ "type": "Feature", "properties": { "ID": 116748706, "yr": 2021, "dt": "2021-12-28T18:29:01", "WOJ": 10, "sev": 2, "c": [ 255, 165, 0, 160 ], "dmg": 0, "sli": 1, "ser": 1, "fat": 0, "row": -1, "mot": -1, "pie": -1, "uto": -1, "uwr": -1 }, "geometry": { "type": "Point", "coordinates": [ 19.439611, 51.703222 ] } },
{ "type": "Feature", "properties": { "ID": 116747293, "yr": 2021, "dt": "2021-12-28T16:50:00", "WOJ": 10, "sev": 2, "c": [ 255, 165, 0, 160 ], "dmg": 1, "sli": 0, "ser": 1, "fat": 0, "row": -1, "mot": -1, "pie": 2, "uto": -1, "uwr": -1 }, "geometry": { "type": "Point", "coordinates": [ 18.943028, 51.60475 ] } },
{ "type": "Feature", "properties": { "ID": 116752289, "yr": 2021, "dt": "2021-12-30T12:37:11", "WOJ": 10, "sev": 2, "c": [ 255, 165, 0, 160 ], "dmg": 1, "sli": 0, "ser": 1, "fat": 0, "row": -1, "mot": -1, "pie": -1, "uto": -1, "uwr": -1 }, "geometry": { "type": "Point", "coordinates": [ 19.641111, 51.430167 ] } },
{ "type": "Feature", "properties": { "ID": 109705285, "yr": 2021, "dt": "2021-01-01T22:50:14", "WOJ": 10, "sev": 2, "c": [ 255, 165, 0, 160 ], "dmg": 1, "sli": 0, "ser": 1, "fat": 0, "row": -1, "mot": -1, "pie": -1, "uto": -1, "uwr": -1 }, "geometry": { "type": "Point", "coordinates": [ 19.442611, 51.744194 ] } },
{ "type": "Feature", "properties": { "ID": 109705484, "yr": 2021, "dt": "2021-01-02T17:37:22", "WOJ": 10, "sev": 2, "c": [ 255, 165, 0, 160 ], "dmg": 1, "sli": 0, "ser": 1, "fat": 0, "row": -1, "mot": -1, "pie": 2, "uto": -1, "uwr": -1 }, "geometry": { "type": "Point", "coordinates": [ 19.439056, 51.776694 ] } },
{ "type": "Feature", "properties": { "ID": 109712289, "yr": 2021, "dt": "2021-01-03T15:02:00", "WOJ": 10, "sev": 2, "c": [ 255, 165, 0, 160 ], "dmg": 1, "sli": 0, "ser": 1, "fat": 0, "row": -1, "mot": -1, "pie": 2, "uto": -1, "uwr": -1 }, "geometry": { "type": "Point", "coordinates": [ 19.522139, 51.760694 ] } },
{ "type": "Feature", "properties": { "ID": 109707584, "yr": 2021, "dt": "2021-01-04T13:09:31", "WOJ": 10, "sev": 2, "c": [ 255, 165, 0, 160 ], "dmg": 1, "sli": 0, "ser": 1, "fat": 0, "row": 2, "mot": -1, "pie": -1, "uto": -1, "uwr": -1 }, "geometry": { "type": "Point", "coordinates": [ 19.426972, 51.813361 ] } },
{ "type": "Feature", "properties": { "ID": 109718320, "yr": 2021, "dt": "2021-01-07T14:18:59", "WOJ": 10, "sev": 2, "c": [ 255, 165, 0, 160 ], "dmg": 2, "sli": 0, "ser": 1, "fat": 0, "row": -1, "mot": -1, "pie": -1, "uto": -1, "uwr": -1 }, "geometry": { "type": "Point", "coordinates": [ 19.378833, 51.813333 ] } },
{ "type": "Feature", "properties": { "ID": 109718533, "yr": 2021, "dt": "2021-01-07T17:10:04", "WOJ": 10, "sev": 2, "c": [ 255, 165, 0, 160 ], "dmg": 1, "sli": 0, "ser": 1, "fat": 0, "row": -1, "mot": -1, "pie": 2, "uto": -1, "uwr": -1 }, "geometry": { "type": "Point", "coordinates": [ 19.474639, 51.724167 ] } },
{ "type": "Feature", "properties": { "ID": 116846849, "yr": 2021, "dt": "2021-12-31T19:17:00", "WOJ": 10, "sev": 2, "c": [ 255, 165, 0, 160 ], "dmg": 1, "sli": 0, "ser": 1, "fat": 0, "row": -1, "mot": -1, "pie": 2, "uto": -1, "uwr": -1 }, "geometry": { "type": "Point", "coordinates": [ 20.112528, 51.930667 ] } },
{ "type": "Feature", "properties": { "ID": 109719384, "yr": 2021, "dt": "2021-01-07T20:05:00", "WOJ": 10, "sev": 2, "c": [ 255, 165, 0, 160 ], "dmg": 1, "sli": 0, "ser": 2, "fat": 0, "row": -1, "mot": -1, "pie": -1, "uto": -1, "uwr": -1 }, "geometry": { "type": "Point", "coordinates": [ 19.495056, 51.727972 ] } },
{ "type": "Feature", "properties": { "ID": 110366886, "yr": 2021, "dt": "2021-08-06T15:44:24", "WOJ": 10, "sev": 2, "c": [ 255, 165, 0, 160 ], "dmg": 1, "sli": 0, "ser": 1, "fat": 0, "row": 2, "mot": -1, "pie": -1, "uto": -1, "uwr": -1 }, "geometry": { "type": "Point", "coordinates": [ 19.393556, 51.792556 ] } },
{ "type": "Feature", "properties": { "ID": 110403680, "yr": 2021, "dt": "2021-08-13T18:04:27", "WOJ": 10, "sev": 2, "c": [ 255, 165, 0, 160 ], "dmg": 1, "sli": 0, "ser": 1, "fat": 0, "row": -1, "mot": -1, "pie": 2, "uto": -1, "uwr": -1 }, "geometry": { "type": "Point", "coordinates": [ 19.470194, 51.728444 ] } },
{ "type": "Feature", "properties": { "ID": 110403055, "yr": 2021, "dt": "2021-08-13T06:51:03", "WOJ": 10, "sev": 2, "c": [ 255, 165, 0, 160 ], "dmg": 1, "sli": 0, "ser": 1, "fat": 0, "row": 2, "mot": -1, "pie": -1, "uto": -1, "uwr": -1 }, "geometry": { "type": "Point", "coordinates": [ 19.421167, 51.780417 ] } },
{ "type": "Feature", "properties": { "ID": 110409883, "yr": 2021, "dt": "2021-08-13T21:45:00", "WOJ": 10, "sev": 2, "c": [ 255, 165, 0, 160 ], "dmg": 1, "sli": 0, "ser": 1, "fat": 0, "row": -1, "mot": -1, "pie": -1, "uto": -1, "uwr": -1 }, "geometry": { "type": "Point", "coordinates": [ 19.417639, 51.772778 ] } },
{ "type": "Feature", "properties": { "ID": 110404622, "yr": 2021, "dt": "2021-08-13T17:20:00", "WOJ": 10, "sev": 2, "c": [ 255, 165, 0, 160 ], "dmg": 1, "sli": 0, "ser": 1, "fat": 0, "row": -1, "mot": 2, "pie": -1, "uto": -1, "uwr": -1 }, "geometry": { "type": "Point", "coordinates": [ 19.362167, 51.949944 ] } },
{ "type": "Feature", "properties": { "ID": 110410491, "yr": 2021, "dt": "2021-08-14T23:15:00", "WOJ": 10, "sev": 2, "c": [ 255, 165, 0, 160 ], "dmg": 1, "sli": 0, "ser": 1, "fat": 0, "row": -1, "mot": 2, "pie": -1, "uto": -1, "uwr": -1 }, "geometry": { "type": "Point", "coordinates": [ 19.2742, 51.9937 ] } },
{ "type": "Feature", "properties": { "ID": 110369827, "yr": 2021, "dt": "2021-08-07T18:50:30", "WOJ": 10, "sev": 2, "c": [ 255, 165, 0, 160 ], "dmg": 1, "sli": 0, "ser": 1, "fat": 0, "row": 2, "mot": -1, "pie": -1, "uto": -1, "uwr": -1 }, "geometry": { "type": "Point", "coordinates": [ 19.506778, 51.774361 ] } },
{ "type": "Feature", "properties": { "ID": 110367703, "yr": 2021, "dt": "2021-08-07T20:12:44", "WOJ": 10, "sev": 2, "c": [ 255, 165, 0, 160 ], "dmg": 0, "sli": 0, "ser": 1, "fat": 0, "row": -1, "mot": -1, "pie": -1, "uto": -1, "uwr": -1 }, "geometry": { "type": "Point", "coordinates": [ 19.58425, 51.539306 ] } },
{ "type": "Feature", "properties": { "ID": 110455865, "yr": 2021, "dt": "2021-08-08T19:00:00", "WOJ": 10, "sev": 2, "c": [ 255, 165, 0, 160 ], "dmg": 1, "sli": 0, "ser": 1, "fat": 0, "row": 2, "mot": -1, "pie": -1, "uto": -1, "uwr": -1 }, "geometry": { "type": "Point", "coordinates": [ 19.402222, 51.668972 ] } },
{ "type": "Feature", "properties": { "ID": 110373392, "yr": 2021, "dt": "2021-08-09T11:30:00", "WOJ": 10, "sev": 2, "c": [ 255, 165, 0, 160 ], "dmg": 1, "sli": 0, "ser": 1, "fat": 0, "row": 2, "mot": -1, "pie": -1, "uto": -1, "uwr": -1 }, "geometry": { "type": "Point", "coordinates": [ 19.421111, 51.755972 ] } },
{ "type": "Feature", "properties": { "ID": 110405307, "yr": 2021, "dt": "2021-08-14T22:55:27", "WOJ": 10, "sev": 2, "c": [ 255, 165, 0, 160 ], "dmg": 0, "sli": 0, "ser": 2, "fat": 0, "row": -1, "mot": 2, "pie": -1, "uto": -1, "uwr": -1 }, "geometry": { "type": "Point", "coordinates": [ 20.159111, 51.934056 ] } },
{ "type": "Feature", "properties": { "ID": 110375261, "yr": 2021, "dt": "2021-08-09T13:47:33", "WOJ": 10, "sev": 2, "c": [ 255, 165, 0, 160 ], "dmg": 1, "sli": 0, "ser": 1, "fat": 0, "row": -1, "mot": -1, "pie": 2, "uto": -1, "uwr": -1 }, "geometry": { "type": "Point", "coordinates": [ 19.388722, 51.655 ] } },
{ "type": "Feature", "properties": { "ID": 110375762, "yr": 2021, "dt": "2021-08-09T20:24:07", "WOJ": 10, "sev": 2, "c": [ 255, 165, 0, 160 ], "dmg": 1, "sli": 0, "ser": 1, "fat": 0, "row": -1, "mot": -1, "pie": -1, "uto": -1, "uwr": -1 }, "geometry": { "type": "Point", "coordinates": [ 19.446194, 51.758917 ] } },
{ "type": "Feature", "properties": { "ID": 110376991, "yr": 2021, "dt": "2021-08-10T08:35:31", "WOJ": 10, "sev": 2, "c": [ 255, 165, 0, 160 ], "dmg": 1, "sli": 0, "ser": 1, "fat": 0, "row": -1, "mot": -1, "pie": 2, "uto": -1, "uwr": -1 }, "geometry": { "type": "Point", "coordinates": [ 19.447667, 51.762111 ] } },
{ "type": "Feature", "properties": { "ID": 110378942, "yr": 2021, "dt": "2021-08-10T14:53:11", "WOJ": 10, "sev": 2, "c": [ 255, 165, 0, 160 ], "dmg": 1, "sli": 0, "ser": 1, "fat": 0, "row": -1, "mot": -1, "pie": -1, "uto": -1, "uwr": -1 }, "geometry": { "type": "Point", "coordinates": [ 19.597389, 51.219917 ] } },
{ "type": "Feature", "properties": { "ID": 110379229, "yr": 2021, "dt": "2021-08-10T18:29:18", "WOJ": 10, "sev": 2, "c": [ 255, 165, 0, 160 ], "dmg": 1, "sli": 0, "ser": 1, "fat": 0, "row": -1, "mot": -1, "pie": 2, "uto": -1, "uwr": -1 }, "geometry": { "type": "Point", "coordinates": [ 19.484083, 51.761556 ] } },
{ "type": "Feature", "properties": { "ID": 110356624, "yr": 2021, "dt": "2021-08-02T15:00:00", "WOJ": 10, "sev": 2, "c": [ 255, 165, 0, 160 ], "dmg": 1, "sli": 0, "ser": 1, "fat": 0, "row": -1, "mot": -1, "pie": -1, "uto": -1, "uwr": -1 }, "geometry": { "type": "Point", "coordinates": [ 19.423889, 51.707028 ] } },
{ "type": "Feature", "properties": { "ID": 110345408, "yr": 2021, "dt": "2021-07-27T09:13:00", "WOJ": 10, "sev": 2, "c": [ 255, 165, 0, 160 ], "dmg": 1, "sli": 0, "ser": 1, "fat": 0, "row": -1, "mot": -1, "pie": 2, "uto": -1, "uwr": -1 }, "geometry": { "type": "Point", "coordinates": [ 19.489333, 51.773583 ] } },
{ "type": "Feature", "properties": { "ID": 110345872, "yr": 2021, "dt": "2021-07-27T17:43:00", "WOJ": 10, "sev": 2, "c": [ 255, 165, 0, 160 ], "dmg": 1, "sli": 0, "ser": 2, "fat": 0, "row": -1, "mot": 2, "pie": -1, "uto": -1, "uwr": -1 }, "geometry": { "type": "Point", "coordinates": [ 19.470917, 51.806639 ] } },
{ "type": "Feature", "properties": { "ID": 110408293, "yr": 2021, "dt": "2021-08-15T19:59:42", "WOJ": 10, "sev": 2, "c": [ 255, 165, 0, 160 ], "dmg": 1, "sli": 0, "ser": 1, "fat": 0, "row": -1, "mot": 2, "pie": -1, "uto": -1, "uwr": -1 }, "geometry": { "type": "Point", "coordinates": [ 19.457194, 51.744778 ] } },
{ "type": "Feature", "properties": { "ID": 110408853, "yr": 2021, "dt": "2021-08-15T18:30:00", "WOJ": 10, "sev": 2, "c": [ 255, 165, 0, 160 ], "dmg": 1, "sli": 0, "ser": 1, "fat": 0, "row": -1, "mot": 2, "pie": -1, "uto": -1, "uwr": -1 }, "geometry": { "type": "Point", "coordinates": [ 18.855056, 51.969639 ] } },
{ "type": "Feature", "properties": { "ID": 110409804, "yr": 2021, "dt": "2021-08-15T18:46:00", "WOJ": 10, "sev": 2, "c": [ 255, 165, 0, 160 ], "dmg": 1, "sli": 0, "ser": 1, "fat": 0, "row": 2, "mot": -1, "pie": -1, "uto": -1, "uwr": -1 }, "geometry": { "type": "Point", "coordinates": [ 19.823139, 51.739667 ] } },
{ "type": "Feature", "properties": { "ID": 110405682, "yr": 2021, "dt": "2021-08-15T17:02:48", "WOJ": 10, "sev": 2, "c": [ 255, 165, 0, 160 ], "dmg": 2, "sli": 1, "ser": 1, "fat": 0, "row": -1, "mot": -1, "pie": -1, "uto": -1, "uwr": -1 }, "geometry": { "type": "Point", "coordinates": [ 19.162361, 51.016611 ] } },
{ "type": "Feature", "properties": { "ID": 110349779, "yr": 2021, "dt": "2021-07-29T15:48:02", "WOJ": 10, "sev": 2, "c": [ 255, 165, 0, 160 ], "dmg": 1, "sli": 0, "ser": 1, "fat": 0, "row": 2, "mot": -1, "pie": -1, "uto": -1, "uwr": -1 }, "geometry": { "type": "Point", "coordinates": [ 19.433389, 51.75925 ] } },
{ "type": "Feature", "properties": { "ID": 110350265, "yr": 2021, "dt": "2021-07-30T08:44:29", "WOJ": 10, "sev": 2, "c": [ 255, 165, 0, 160 ], "dmg": 1, "sli": 0, "ser": 1, "fat": 0, "row": -1, "mot": 2, "pie": -1, "uto": -1, "uwr": -1 }, "geometry": { "type": "Point", "coordinates": [ 19.641222, 51.506528 ] } },
{ "type": "Feature", "properties": { "ID": 110350490, "yr": 2021, "dt": "2021-07-30T12:17:03", "WOJ": 10, "sev": 2, "c": [ 255, 165, 0, 160 ], "dmg": 0, "sli": 1, "ser": 1, "fat": 0, "row": -1, "mot": -1, "pie": -1, "uto": -1, "uwr": -1 }, "geometry": { "type": "Point", "coordinates": [ 19.093639, 51.344306 ] } },
{ "type": "Feature", "properties": { "ID": 110350173, "yr": 2021, "dt": "2021-07-30T06:47:28", "WOJ": 10, "sev": 2, "c": [ 255, 165, 0, 160 ], "dmg": 2, "sli": 3, "ser": 1, "fat": 0, "row": -1, "mot": -1, "pie": -1, "uto": -1, "uwr": -1 }, "geometry": { "type": "Point", "coordinates": [ 19.565778, 51.309583 ] } },
{ "type": "Feature", "properties": { "ID": 110348790, "yr": 2021, "dt": "2021-07-30T00:20:00", "WOJ": 10, "sev": 2, "c": [ 255, 165, 0, 160 ], "dmg": 0, "sli": 0, "ser": 1, "fat": 0, "row": -1, "mot": -1, "pie": -1, "uto": -1, "uwr": -1 }, "geometry": { "type": "Point", "coordinates": [ 19.330028, 52.177889 ] } },
{ "type": "Feature", "properties": { "ID": 110350394, "yr": 2021, "dt": "2021-07-30T11:50:09", "WOJ": 10, "sev": 2, "c": [ 255, 165, 0, 160 ], "dmg": 1, "sli": 0, "ser": 1, "fat": 0, "row": -1, "mot": -1, "pie": 2, "uto": -1, "uwr": -1 }, "geometry": { "type": "Point", "coordinates": [ 20.144583, 51.780611 ] } },
{ "type": "Feature", "properties": { "ID": 110352543, "yr": 2021, "dt": "2021-07-31T14:56:16", "WOJ": 10, "sev": 2, "c": [ 255, 165, 0, 160 ], "dmg": 1, "sli": 0, "ser": 1, "fat": 0, "row": -1, "mot": 2, "pie": -1, "uto": -1, "uwr": -1 }, "geometry": { "type": "Point", "coordinates": [ 19.627333, 51.387944 ] } },
{ "type": "Feature", "properties": { "ID": 110352786, "yr": 2021, "dt": "2021-07-31T21:48:55", "WOJ": 10, "sev": 2, "c": [ 255, 165, 0, 160 ], "dmg": 1, "sli": 0, "ser": 1, "fat": 0, "row": -1, "mot": -1, "pie": -1, "uto": -1, "uwr": -1 }, "geometry": { "type": "Point", "coordinates": [ 19.424472, 51.798861 ] } },
{ "type": "Feature", "properties": { "ID": 110402400, "yr": 2021, "dt": "2021-08-12T12:38:50", "WOJ": 10, "sev": 2, "c": [ 255, 165, 0, 160 ], "dmg": 1, "sli": 0, "ser": 1, "fat": 0, "row": -1, "mot": -1, "pie": -1, "uto": -1, "uwr": -1 }, "geometry": { "type": "Point", "coordinates": [ 19.529028, 51.752611 ] } },
{ "type": "Feature", "properties": { "ID": 110403407, "yr": 2021, "dt": "2021-08-13T10:22:11", "WOJ": 10, "sev": 2, "c": [ 255, 165, 0, 160 ], "dmg": 1, "sli": 0, "ser": 1, "fat": 0, "row": -1, "mot": -1, "pie": -1, "uto": -1, "uwr": -1 }, "geometry": { "type": "Point", "coordinates": [ 19.498972, 51.777278 ] } },
{ "type": "Feature", "properties": { "ID": 110342364, "yr": 2021, "dt": "2021-07-25T18:52:00", "WOJ": 10, "sev": 2, "c": [ 255, 165, 0, 160 ], "dmg": 1, "sli": 1, "ser": 2, "fat": 0, "row": -1, "mot": -1, "pie": -1, "uto": -1, "uwr": -1 }, "geometry": { "type": "Point", "coordinates": [ 19.486361, 52.185111 ] } },
{ "type": "Feature", "properties": { "ID": 110347446, "yr": 2021, "dt": "2021-07-25T00:45:00", "WOJ": 10, "sev": 2, "c": [ 255, 165, 0, 160 ], "dmg": 2, "sli": 0, "ser": 1, "fat": 0, "row": -1, "mot": -1, "pie": -1, "uto": -1, "uwr": -1 }, "geometry": { "type": "Point", "coordinates": [ 20.35025, 51.413694 ] } },
{ "type": "Feature", "properties": { "ID": 110342800, "yr": 2021, "dt": "2021-07-25T19:36:23", "WOJ": 10, "sev": 2, "c": [ 255, 165, 0, 160 ], "dmg": 2, "sli": 0, "ser": 1, "fat": 0, "row": -1, "mot": -1, "pie": -1, "uto": -1, "uwr": -1 }, "geometry": { "type": "Point", "coordinates": [ 19.479444, 51.699889 ] } },
{ "type": "Feature", "properties": { "ID": 110414049, "yr": 2021, "dt": "2021-08-18T20:59:00", "WOJ": 10, "sev": 2, "c": [ 255, 165, 0, 160 ], "dmg": 0, "sli": 0, "ser": 1, "fat": 0, "row": 2, "mot": -1, "pie": -1, "uto": -1, "uwr": -1 }, "geometry": { "type": "Point", "coordinates": [ 19.451917, 51.689139 ] } },
{ "type": "Feature", "properties": { "ID": 110415280, "yr": 2021, "dt": "2021-08-19T13:49:52", "WOJ": 10, "sev": 2, "c": [ 255, 165, 0, 160 ], "dmg": 2, "sli": 1, "ser": 2, "fat": 0, "row": -1, "mot": -1, "pie": -1, "uto": -1, "uwr": -1 }, "geometry": { "type": "Point", "coordinates": [ 19.493167, 51.747917 ] } },
{ "type": "Feature", "properties": { "ID": 110422918, "yr": 2021, "dt": "2021-08-20T17:26:51", "WOJ": 10, "sev": 2, "c": [ 255, 165, 0, 160 ], "dmg": 2, "sli": 0, "ser": 1, "fat": 0, "row": -1, "mot": -1, "pie": -1, "uto": -1, "uwr": -1 }, "geometry": { "type": "Point", "coordinates": [ 19.450472, 51.780667 ] } },
{ "type": "Feature", "properties": { "ID": 110404834, "yr": 2021, "dt": "2021-08-14T06:35:00", "WOJ": 10, "sev": 2, "c": [ 255, 165, 0, 160 ], "dmg": 0, "sli": 1, "ser": 1, "fat": 0, "row": -1, "mot": 2, "pie": -1, "uto": -1, "uwr": -1 }, "geometry": { "type": "Point", "coordinates": [ 19.404528, 52.310611 ] } },
{ "type": "Feature", "properties": { "ID": 110347637, "yr": 2021, "dt": "2021-07-28T14:06:00", "WOJ": 10, "sev": 2, "c": [ 255, 165, 0, 160 ], "dmg": 1, "sli": 0, "ser": 1, "fat": 0, "row": -1, "mot": -1, "pie": 2, "uto": -1, "uwr": -1 }, "geometry": { "type": "Point", "coordinates": [ 19.541944, 51.716111 ] } },
{ "type": "Feature", "properties": { "ID": 110348423, "yr": 2021, "dt": "2021-07-29T06:56:32", "WOJ": 10, "sev": 2, "c": [ 255, 165, 0, 160 ], "dmg": 1, "sli": 0, "ser": 1, "fat": 0, "row": 2, "mot": -1, "pie": -1, "uto": -1, "uwr": -1 }, "geometry": { "type": "Point", "coordinates": [ 19.475472, 51.699861 ] } },
{ "type": "Feature", "properties": { "ID": 110348718, "yr": 2021, "dt": "2021-07-29T15:30:00", "WOJ": 10, "sev": 2, "c": [ 255, 165, 0, 160 ], "dmg": 1, "sli": 0, "ser": 1, "fat": 0, "row": 2, "mot": -1, "pie": -1, "uto": -1, "uwr": -1 }, "geometry": { "type": "Point", "coordinates": [ 19.34425, 51.664861 ] } },
{ "type": "Feature", "properties": { "ID": 110348123, "yr": 2021, "dt": "2021-07-29T06:24:53", "WOJ": 10, "sev": 2, "c": [ 255, 165, 0, 160 ], "dmg": 1, "sli": 0, "ser": 1, "fat": 0, "row": -1, "mot": -1, "pie": -1, "uto": -1, "uwr": -1 }, "geometry": { "type": "Point", "coordinates": [ 19.554194, 51.742944 ] } },
{ "type": "Feature", "properties": { "ID": 110350244, "yr": 2021, "dt": "2021-07-29T19:50:00", "WOJ": 10, "sev": 2, "c": [ 255, 165, 0, 160 ], "dmg": 2, "sli": 0, "ser": 1, "fat": 0, "row": -1, "mot": -1, "pie": -1, "uto": -1, "uwr": -1 }, "geometry": { "type": "Point", "coordinates": [ 19.451194, 51.779417 ] } },
{ "type": "Feature", "properties": { "ID": 110349886, "yr": 2021, "dt": "2021-07-29T21:13:01", "WOJ": 10, "sev": 2, "c": [ 255, 165, 0, 160 ], "dmg": 1, "sli": 0, "ser": 1, "fat": 0, "row": 2, "mot": -1, "pie": -1, "uto": -1, "uwr": -1 }, "geometry": { "type": "Point", "coordinates": [ 19.481139, 51.761056 ] } },
{ "type": "Feature", "properties": { "ID": 110344886, "yr": 2021, "dt": "2021-07-26T23:02:10", "WOJ": 10, "sev": 2, "c": [ 255, 165, 0, 160 ], "dmg": 0, "sli": 0, "ser": 1, "fat": 0, "row": -1, "mot": 2, "pie": -1, "uto": -1, "uwr": -1 }, "geometry": { "type": "Point", "coordinates": [ 19.472167, 51.774111 ] } },
{ "type": "Feature", "properties": { "ID": 110344982, "yr": 2021, "dt": "2021-07-27T05:00:00", "WOJ": 10, "sev": 2, "c": [ 255, 165, 0, 160 ], "dmg": 1, "sli": 0, "ser": 1, "fat": 0, "row": -1, "mot": -1, "pie": -1, "uto": -1, "uwr": -1 }, "geometry": { "type": "Point", "coordinates": [ 19.762472, 51.982611 ] } },
{ "type": "Feature", "properties": { "ID": 110345860, "yr": 2021, "dt": "2021-07-27T17:10:00", "WOJ": 10, "sev": 2, "c": [ 255, 165, 0, 160 ], "dmg": 1, "sli": 1, "ser": 1, "fat": 0, "row": -1, "mot": -1, "pie": -1, "uto": -1, "uwr": -1 }, "geometry": { "type": "Point", "coordinates": [ 19.840889, 51.585972 ] } },
{ "type": "Feature", "properties": { "ID": 110338368, "yr": 2021, "dt": "2021-07-21T14:34:15", "WOJ": 10, "sev": 2, "c": [ 255, 165, 0, 160 ], "dmg": 1, "sli": 0, "ser": 3, "fat": 0, "row": -1, "mot": -1, "pie": -1, "uto": -1, "uwr": -1 }, "geometry": { "type": "Point", "coordinates": [ 19.521972, 51.780833 ] } },
{ "type": "Feature", "properties": { "ID": 110340122, "yr": 2021, "dt": "2021-07-22T12:07:00", "WOJ": 10, "sev": 2, "c": [ 255, 165, 0, 160 ], "dmg": 1, "sli": 0, "ser": 1, "fat": 0, "row": -1, "mot": -1, "pie": 2, "uto": -1, "uwr": -1 }, "geometry": { "type": "Point", "coordinates": [ 19.392222, 51.744333 ] } },
{ "type": "Feature", "properties": { "ID": 110339791, "yr": 2021, "dt": "2021-07-22T13:24:22", "WOJ": 10, "sev": 2, "c": [ 255, 165, 0, 160 ], "dmg": 1, "sli": 0, "ser": 1, "fat": 0, "row": -1, "mot": 2, "pie": -1, "uto": -1, "uwr": -1 }, "geometry": { "type": "Point", "coordinates": [ 19.424444, 51.78075 ] } },
{ "type": "Feature", "properties": { "ID": 110341044, "yr": 2021, "dt": "2021-07-23T21:50:22", "WOJ": 10, "sev": 2, "c": [ 255, 165, 0, 160 ], "dmg": 1, "sli": 0, "ser": 1, "fat": 0, "row": -1, "mot": -1, "pie": 2, "uto": -1, "uwr": -1 }, "geometry": { "type": "Point", "coordinates": [ 19.437222, 51.718611 ] } },
{ "type": "Feature", "properties": { "ID": 110340033, "yr": 2021, "dt": "2021-07-23T00:15:34", "WOJ": 10, "sev": 2, "c": [ 255, 165, 0, 160 ], "dmg": 1, "sli": 0, "ser": 1, "fat": 0, "row": -1, "mot": -1, "pie": -1, "uto": -1, "uwr": -1 }, "geometry": { "type": "Point", "coordinates": [ 19.469806, 51.742306 ] } },
{ "type": "Feature", "properties": { "ID": 110345629, "yr": 2021, "dt": "2021-07-23T19:00:00", "WOJ": 10, "sev": 2, "c": [ 255, 165, 0, 160 ], "dmg": 1, "sli": 0, "ser": 1, "fat": 0, "row": -1, "mot": -1, "pie": 2, "uto": -1, "uwr": -1 }, "geometry": { "type": "Point", "coordinates": [ 19.383306, 51.367417 ] } },
{ "type": "Feature", "properties": { "ID": 110339471, "yr": 2021, "dt": "2021-07-23T07:38:43", "WOJ": 10, "sev": 2, "c": [ 255, 165, 0, 160 ], "dmg": 1, "sli": 0, "ser": 1, "fat": 0, "row": -1, "mot": -1, "pie": 2, "uto": -1, "uwr": -1 }, "geometry": { "type": "Point", "coordinates": [ 19.44925, 51.787 ] } },
{ "type": "Feature", "properties": { "ID": 110429000, "yr": 2021, "dt": "2021-08-21T12:03:24", "WOJ": 10, "sev": 2, "c": [ 255, 165, 0, 160 ], "dmg": 0, "sli": 1, "ser": 1, "fat": 0, "row": -1, "mot": -1, "pie": -1, "uto": -1, "uwr": -1 }, "geometry": { "type": "Point", "coordinates": [ 19.666472, 51.504139 ] } },
{ "type": "Feature", "properties": { "ID": 110430040, "yr": 2021, "dt": "2021-08-21T16:20:00", "WOJ": 10, "sev": 2, "c": [ 255, 165, 0, 160 ], "dmg": 1, "sli": 0, "ser": 1, "fat": 0, "row": 2, "mot": -1, "pie": -1, "uto": -1, "uwr": -1 }, "geometry": { "type": "Point", "coordinates": [ 19.180111, 52.166 ] } },
{ "type": "Feature", "properties": { "ID": 110408958, "yr": 2021, "dt": "2021-08-16T07:23:26", "WOJ": 10, "sev": 2, "c": [ 255, 165, 0, 160 ], "dmg": 1, "sli": 0, "ser": 1, "fat": 0, "row": -1, "mot": -1, "pie": -1, "uto": -1, "uwr": -1 }, "geometry": { "type": "Point", "coordinates": [ 19.367861, 51.663917 ] } },
{ "type": "Feature", "properties": { "ID": 110341531, "yr": 2021, "dt": "2021-07-23T16:25:27", "WOJ": 10, "sev": 2, "c": [ 255, 165, 0, 160 ], "dmg": 1, "sli": 0, "ser": 1, "fat": 0, "row": -1, "mot": 2, "pie": -1, "uto": -1, "uwr": -1 }, "geometry": { "type": "Point", "coordinates": [ 20.261278, 51.806944 ] } },
{ "type": "Feature", "properties": { "ID": 110340869, "yr": 2021, "dt": "2021-07-23T15:14:48", "WOJ": 10, "sev": 2, "c": [ 255, 165, 0, 160 ], "dmg": 1, "sli": 0, "ser": 1, "fat": 0, "row": 2, "mot": -1, "pie": -1, "uto": -1, "uwr": -1 }, "geometry": { "type": "Point", "coordinates": [ 19.471333, 51.787083 ] } },
{ "type": "Feature", "properties": { "ID": 110340740, "yr": 2021, "dt": "2021-07-23T12:40:11", "WOJ": 10, "sev": 2, "c": [ 255, 165, 0, 160 ], "dmg": 1, "sli": 0, "ser": 2, "fat": 0, "row": -1, "mot": -1, "pie": -1, "uto": -1, "uwr": -1 }, "geometry": { "type": "Point", "coordinates": [ 19.451917, 51.787056 ] } },
{ "type": "Feature", "properties": { "ID": 110342908, "yr": 2021, "dt": "2021-07-24T21:20:00", "WOJ": 10, "sev": 2, "c": [ 255, 165, 0, 160 ], "dmg": 5, "sli": 0, "ser": 1, "fat": 0, "row": -1, "mot": -1, "pie": -1, "uto": -1, "uwr": -1 }, "geometry": { "type": "Point", "coordinates": [ 19.789056, 51.465583 ] } },
{ "type": "Feature", "properties": { "ID": 110343571, "yr": 2021, "dt": "2021-07-24T11:20:00", "WOJ": 10, "sev": 2, "c": [ 255, 165, 0, 160 ], "dmg": 1, "sli": 0, "ser": 2, "fat": 0, "row": -1, "mot": -1, "pie": -1, "uto": -1, "uwr": -1 }, "geometry": { "type": "Point", "coordinates": [ 18.578222, 51.214 ] } },
{ "type": "Feature", "properties": { "ID": 110345067, "yr": 2021, "dt": "2021-07-24T10:48:00", "WOJ": 10, "sev": 2, "c": [ 255, 165, 0, 160 ], "dmg": 1, "sli": 0, "ser": 1, "fat": 0, "row": -1, "mot": -1, "pie": -1, "uto": -1, "uwr": -1 }, "geometry": { "type": "Point", "coordinates": [ 20.279528, 51.748083 ] } },
{ "type": "Feature", "properties": { "ID": 110338146, "yr": 2021, "dt": "2021-07-20T13:15:00", "WOJ": 10, "sev": 2, "c": [ 255, 165, 0, 160 ], "dmg": 1, "sli": 0, "ser": 1, "fat": 0, "row": 2, "mot": -1, "pie": -1, "uto": -1, "uwr": -1 }, "geometry": { "type": "Point", "coordinates": [ 19.489944, 51.72225 ] } },
{ "type": "Feature", "properties": { "ID": 110333198, "yr": 2021, "dt": "2021-07-20T07:07:50", "WOJ": 10, "sev": 2, "c": [ 255, 165, 0, 160 ], "dmg": 1, "sli": 0, "ser": 1, "fat": 0, "row": 2, "mot": -1, "pie": -1, "uto": -1, "uwr": -1 }, "geometry": { "type": "Point", "coordinates": [ 19.472194, 51.739222 ] } },
{ "type": "Feature", "properties": { "ID": 110336103, "yr": 2021, "dt": "2021-07-20T14:24:54", "WOJ": 10, "sev": 2, "c": [ 255, 165, 0, 160 ], "dmg": 1, "sli": 0, "ser": 1, "fat": 0, "row": -1, "mot": 2, "pie": -1, "uto": -1, "uwr": -1 }, "geometry": { "type": "Point", "coordinates": [ 19.438972, 51.756167 ] } },
{ "type": "Feature", "properties": { "ID": 110339488, "yr": 2021, "dt": "2021-07-21T18:48:54", "WOJ": 10, "sev": 2, "c": [ 255, 165, 0, 160 ], "dmg": 1, "sli": 0, "ser": 1, "fat": 0, "row": -1, "mot": -1, "pie": -1, "uto": -1, "uwr": -1 }, "geometry": { "type": "Point", "coordinates": [ 19.506806, 51.767333 ] } },
{ "type": "Feature", "properties": { "ID": 110338317, "yr": 2021, "dt": "2021-07-21T14:23:39", "WOJ": 10, "sev": 2, "c": [ 255, 165, 0, 160 ], "dmg": 1, "sli": 0, "ser": 1, "fat": 0, "row": -1, "mot": 2, "pie": -1, "uto": -1, "uwr": -1 }, "geometry": { "type": "Point", "coordinates": [ 19.422528, 51.789861 ] } },
{ "type": "Feature", "properties": { "ID": 110339496, "yr": 2021, "dt": "2021-07-21T20:38:22", "WOJ": 10, "sev": 2, "c": [ 255, 165, 0, 160 ], "dmg": 1, "sli": 0, "ser": 1, "fat": 0, "row": -1, "mot": -1, "pie": -1, "uto": -1, "uwr": -1 }, "geometry": { "type": "Point", "coordinates": [ 19.493278, 51.747833 ] } },
{ "type": "Feature", "properties": { "ID": 110336778, "yr": 2021, "dt": "2021-07-21T15:44:12", "WOJ": 10, "sev": 2, "c": [ 255, 165, 0, 160 ], "dmg": 1, "sli": 0, "ser": 1, "fat": 0, "row": 2, "mot": -1, "pie": -1, "uto": -1, "uwr": -1 }, "geometry": { "type": "Point", "coordinates": [ 19.422444, 51.776389 ] } },
{ "type": "Feature", "properties": { "ID": 110332514, "yr": 2021, "dt": "2021-07-19T11:46:17", "WOJ": 10, "sev": 2, "c": [ 255, 165, 0, 160 ], "dmg": 1, "sli": 0, "ser": 1, "fat": 0, "row": 2, "mot": -1, "pie": -1, "uto": -1, "uwr": -1 }, "geometry": { "type": "Point", "coordinates": [ 19.442028, 51.736167 ] } },
{ "type": "Feature", "properties": { "ID": 110330859, "yr": 2021, "dt": "2021-07-19T08:33:53", "WOJ": 10, "sev": 2, "c": [ 255, 165, 0, 160 ], "dmg": 1, "sli": 0, "ser": 2, "fat": 0, "row": -1, "mot": -1, "pie": -1, "uto": -1, "uwr": -1 }, "geometry": { "type": "Point", "coordinates": [ 19.52975, 51.829556 ] } },
{ "type": "Feature", "properties": { "ID": 110336051, "yr": 2021, "dt": "2021-07-20T15:55:00", "WOJ": 10, "sev": 2, "c": [ 255, 165, 0, 160 ], "dmg": 0, "sli": 1, "ser": 1, "fat": 0, "row": -1, "mot": -1, "pie": -1, "uto": -1, "uwr": -1 }, "geometry": { "type": "Point", "coordinates": [ 19.406389, 52.188389 ] } },
{ "type": "Feature", "properties": { "ID": 110438876, "yr": 2021, "dt": "2021-08-23T12:00:00", "WOJ": 10, "sev": 2, "c": [ 255, 165, 0, 160 ], "dmg": 1, "sli": 0, "ser": 1, "fat": 0, "row": -1, "mot": -1, "pie": 2, "uto": -1, "uwr": -1 }, "geometry": { "type": "Point", "coordinates": [ 19.386083, 51.857722 ] } },
{ "type": "Feature", "properties": { "ID": 110438785, "yr": 2021, "dt": "2021-08-20T12:29:00", "WOJ": 10, "sev": 2, "c": [ 255, 165, 0, 160 ], "dmg": 0, "sli": 0, "ser": 1, "fat": 0, "row": 2, "mot": -1, "pie": -1, "uto": -1, "uwr": -1 }, "geometry": { "type": "Point", "coordinates": [ 20.007778, 51.532778 ] } },
{ "type": "Feature", "properties": { "ID": 110438282, "yr": 2021, "dt": "2021-08-20T15:35:00", "WOJ": 10, "sev": 2, "c": [ 255, 165, 0, 160 ], "dmg": 4, "sli": 1, "ser": 1, "fat": 0, "row": -1, "mot": -1, "pie": -1, "uto": -1, "uwr": -1 }, "geometry": { "type": "Point", "coordinates": [ 19.528389, 51.259583 ] } },
{ "type": "Feature", "properties": { "ID": 110422922, "yr": 2021, "dt": "2021-08-20T16:50:32", "WOJ": 10, "sev": 2, "c": [ 255, 165, 0, 160 ], "dmg": 1, "sli": 0, "ser": 1, "fat": 0, "row": 2, "mot": -1, "pie": -1, "uto": -1, "uwr": -1 }, "geometry": { "type": "Point", "coordinates": [ 19.508056, 51.788139 ] } },
{ "type": "Feature", "properties": { "ID": 110344881, "yr": 2021, "dt": "2021-07-26T22:24:21", "WOJ": 10, "sev": 2, "c": [ 255, 165, 0, 160 ], "dmg": 1, "sli": 0, "ser": 1, "fat": 0, "row": 2, "mot": -1, "pie": -1, "uto": -1, "uwr": -1 }, "geometry": { "type": "Point", "coordinates": [ 19.464361, 51.720306 ] } },
{ "type": "Feature", "properties": { "ID": 110337737, "yr": 2021, "dt": "2021-07-21T08:03:06", "WOJ": 10, "sev": 2, "c": [ 255, 165, 0, 160 ], "dmg": 1, "sli": 1, "ser": 1, "fat": 0, "row": -1, "mot": -1, "pie": -1, "uto": -1, "uwr": -1 }, "geometry": { "type": "Point", "coordinates": [ 19.823306, 51.941861 ] } },
{ "type": "Feature", "properties": { "ID": 110441779, "yr": 2021, "dt": "2021-08-24T17:13:42", "WOJ": 10, "sev": 2, "c": [ 255, 165, 0, 160 ], "dmg": 1, "sli": 4, "ser": 3, "fat": 0, "row": -1, "mot": -1, "pie": -1, "uto": -1, "uwr": -1 }, "geometry": { "type": "Point", "coordinates": [ 19.479778, 51.767389 ] } },
{ "type": "Feature", "properties": { "ID": 110442097, "yr": 2021, "dt": "2021-08-24T13:04:00", "WOJ": 10, "sev": 2, "c": [ 255, 165, 0, 160 ], "dmg": 1, "sli": 0, "ser": 1, "fat": 0, "row": -1, "mot": -1, "pie": -1, "uto": -1, "uwr": -1 }, "geometry": { "type": "Point", "coordinates": [ 19.832861, 51.09125 ] } },
{ "type": "Feature", "properties": { "ID": 110336216, "yr": 2021, "dt": "2021-07-20T18:09:38", "WOJ": 10, "sev": 2, "c": [ 255, 165, 0, 160 ], "dmg": 2, "sli": 0, "ser": 1, "fat": 0, "row": -1, "mot": -1, "pie": -1, "uto": -1, "uwr": -1 }, "geometry": { "type": "Point", "coordinates": [ 19.472611, 51.771917 ] } },
{ "type": "Feature", "properties": { "ID": 110329330, "yr": 2021, "dt": "2021-07-17T15:40:00", "WOJ": 10, "sev": 2, "c": [ 255, 165, 0, 160 ], "dmg": 1, "sli": 0, "ser": 1, "fat": 0, "row": -1, "mot": 2, "pie": -1, "uto": -1, "uwr": -1 }, "geometry": { "type": "Point", "coordinates": [ 18.579194, 51.223222 ] } },
{ "type": "Feature", "properties": { "ID": 110329484, "yr": 2021, "dt": "2021-07-17T21:50:00", "WOJ": 10, "sev": 2, "c": [ 255, 165, 0, 160 ], "dmg": 0, "sli": 0, "ser": 1, "fat": 0, "row": -1, "mot": -1, "pie": -1, "uto": -1, "uwr": -1 }, "geometry": { "type": "Point", "coordinates": [ 18.497222, 51.391472 ] } },
{ "type": "Feature", "properties": { "ID": 110330623, "yr": 2021, "dt": "2021-07-18T20:37:07", "WOJ": 10, "sev": 2, "c": [ 255, 165, 0, 160 ], "dmg": 1, "sli": 0, "ser": 1, "fat": 0, "row": 0, "mot": -1, "pie": 2, "uto": -1, "uwr": -1 }, "geometry": { "type": "Point", "coordinates": [ 19.451361, 51.780583 ] } },
{ "type": "Feature", "properties": { "ID": 110331610, "yr": 2021, "dt": "2021-07-18T12:00:00", "WOJ": 10, "sev": 2, "c": [ 255, 165, 0, 160 ], "dmg": 1, "sli": 0, "ser": 1, "fat": 0, "row": -1, "mot": 2, "pie": -1, "uto": -1, "uwr": -1 }, "geometry": { "type": "Point", "coordinates": [ 18.870583, 51.814611 ] } },
{ "type": "Feature", "properties": { "ID": 110331740, "yr": 2021, "dt": "2021-07-18T14:49:37", "WOJ": 10, "sev": 2, "c": [ 255, 165, 0, 160 ], "dmg": 2, "sli": 0, "ser": 1, "fat": 0, "row": -1, "mot": -1, "pie": 2, "uto": -1, "uwr": -1 }, "geometry": { "type": "Point", "coordinates": [ 19.458, 51.787472 ] } },
{ "type": "Feature", "properties": { "ID": 110444772, "yr": 2021, "dt": "2021-08-25T20:02:00", "WOJ": 10, "sev": 2, "c": [ 255, 165, 0, 160 ], "dmg": 1, "sli": 0, "ser": 1, "fat": 0, "row": -1, "mot": -1, "pie": 2, "uto": -1, "uwr": -1 }, "geometry": { "type": "Point", "coordinates": [ 19.198611, 52.059361 ] } },
{ "type": "Feature", "properties": { "ID": 110444120, "yr": 2021, "dt": "2021-08-26T07:13:01", "WOJ": 10, "sev": 2, "c": [ 255, 165, 0, 160 ], "dmg": 1, "sli": 0, "ser": 2, "fat": 0, "row": -1, "mot": -1, "pie": -1, "uto": -1, "uwr": -1 }, "geometry": { "type": "Point", "coordinates": [ 19.466944, 51.843861 ] } },
{ "type": "Feature", "properties": { "ID": 110447354, "yr": 2021, "dt": "2021-08-27T14:55:00", "WOJ": 10, "sev": 2, "c": [ 255, 165, 0, 160 ], "dmg": 0, "sli": 1, "ser": 1, "fat": 0, "row": -1, "mot": -1, "pie": -1, "uto": -1, "uwr": -1 }, "geometry": { "type": "Point", "coordinates": [ 18.665639, 51.086861 ] } },
{ "type": "Feature", "properties": { "ID": 110447864, "yr": 2021, "dt": "2021-08-27T12:20:00", "WOJ": 10, "sev": 2, "c": [ 255, 165, 0, 160 ], "dmg": 0, "sli": 0, "ser": 1, "fat": 0, "row": -1, "mot": -1, "pie": -1, "uto": -1, "uwr": -1 }, "geometry": { "type": "Point", "coordinates": [ 19.129528, 52.219083 ] } },
{ "type": "Feature", "properties": { "ID": 110455803, "yr": 2021, "dt": "2021-08-27T09:22:00", "WOJ": 10, "sev": 2, "c": [ 255, 165, 0, 160 ], "dmg": 1, "sli": 0, "ser": 1, "fat": 0, "row": -1, "mot": -1, "pie": -1, "uto": -1, "uwr": -1 }, "geometry": { "type": "Point", "coordinates": [ 19.515, 51.762611 ] } },
{ "type": "Feature", "properties": { "ID": 110448073, "yr": 2021, "dt": "2021-08-27T13:43:52", "WOJ": 10, "sev": 2, "c": [ 255, 165, 0, 160 ], "dmg": 1, "sli": 0, "ser": 1, "fat": 0, "row": -1, "mot": -1, "pie": -1, "uto": -1, "uwr": -1 }, "geometry": { "type": "Point", "coordinates": [ 19.431917, 51.819 ] } },
{ "type": "Feature", "properties": { "ID": 110430218, "yr": 2021, "dt": "2021-08-22T17:50:00", "WOJ": 10, "sev": 2, "c": [ 255, 165, 0, 160 ], "dmg": 1, "sli": 0, "ser": 1, "fat": 0, "row": 2, "mot": -1, "pie": -1, "uto": -1, "uwr": -1 }, "geometry": { "type": "Point", "coordinates": [ 19.4025, 52.22575 ] } },
{ "type": "Feature", "properties": { "ID": 110429792, "yr": 2021, "dt": "2021-08-22T01:30:00", "WOJ": 10, "sev": 2, "c": [ 255, 165, 0, 160 ], "dmg": 0, "sli": 1, "ser": 1, "fat": 0, "row": -1, "mot": -1, "pie": -1, "uto": -1, "uwr": -1 }, "geometry": { "type": "Point", "coordinates": [ 19.177167, 52.199222 ] } },
{ "type": "Feature", "properties": { "ID": 109785843, "yr": 2021, "dt": "2021-01-12T16:35:00", "WOJ": 10, "sev": 2, "c": [ 255, 165, 0, 160 ], "dmg": 1, "sli": 0, "ser": 1, "fat": 0, "row": -1, "mot": -1, "pie": 2, "uto": -1, "uwr": -1 }, "geometry": { "type": "Point", "coordinates": [ 18.713833, 51.58775 ] } },
{ "type": "Feature", "properties": { "ID": 116717662, "yr": 2021, "dt": "2021-12-17T10:37:00", "WOJ": 10, "sev": 2, "c": [ 255, 165, 0, 160 ], "dmg": 0, "sli": 0, "ser": 1, "fat": 0, "row": -1, "mot": -1, "pie": -1, "uto": -1, "uwr": -1 }, "geometry": { "type": "Point", "coordinates": [ 19.432194, 52.223528 ] } },
{ "type": "Feature", "properties": { "ID": 116722843, "yr": 2021, "dt": "2021-12-18T16:57:26", "WOJ": 10, "sev": 2, "c": [ 255, 165, 0, 160 ], "dmg": 1, "sli": 0, "ser": 1, "fat": 0, "row": -1, "mot": -1, "pie": -1, "uto": -1, "uwr": -1 }, "geometry": { "type": "Point", "coordinates": [ 19.462333, 51.74125 ] } },
{ "type": "Feature", "properties": { "ID": 116723079, "yr": 2021, "dt": "2021-12-18T20:43:00", "WOJ": 10, "sev": 2, "c": [ 255, 165, 0, 160 ], "dmg": 1, "sli": 0, "ser": 1, "fat": 0, "row": -1, "mot": -1, "pie": 2, "uto": -1, "uwr": -1 }, "geometry": { "type": "Point", "coordinates": [ 19.340278, 51.811611 ] } },
{ "type": "Feature", "properties": { "ID": 116719612, "yr": 2021, "dt": "2021-12-18T12:10:27", "WOJ": 10, "sev": 2, "c": [ 255, 165, 0, 160 ], "dmg": 1, "sli": 1, "ser": 1, "fat": 0, "row": -1, "mot": -1, "pie": -1, "uto": -1, "uwr": -1 }, "geometry": { "type": "Point", "coordinates": [ 18.799111, 51.9865 ] } },
{ "type": "Feature", "properties": { "ID": 109831023, "yr": 2021, "dt": "2021-01-24T19:11:51", "WOJ": 10, "sev": 2, "c": [ 255, 165, 0, 160 ], "dmg": 1, "sli": 0, "ser": 1, "fat": 0, "row": -1, "mot": -1, "pie": -1, "uto": -1, "uwr": -1 }, "geometry": { "type": "Point", "coordinates": [ 19.568111, 51.739194 ] } },
{ "type": "Feature", "properties": { "ID": 109795435, "yr": 2021, "dt": "2021-01-16T18:25:51", "WOJ": 10, "sev": 2, "c": [ 255, 165, 0, 160 ], "dmg": 2, "sli": 0, "ser": 2, "fat": 0, "row": -1, "mot": -1, "pie": -1, "uto": -1, "uwr": -1 }, "geometry": { "type": "Point", "coordinates": [ 19.364917, 51.732028 ] } },
{ "type": "Feature", "properties": { "ID": 109798329, "yr": 2021, "dt": "2021-01-18T05:30:00", "WOJ": 10, "sev": 2, "c": [ 255, 165, 0, 160 ], "dmg": 1, "sli": 0, "ser": 1, "fat": 0, "row": -1, "mot": -1, "pie": -1, "uto": -1, "uwr": -1 }, "geometry": { "type": "Point", "coordinates": [ 19.400722, 51.863444 ] } },
{ "type": "Feature", "properties": { "ID": 109803287, "yr": 2021, "dt": "2021-01-19T15:34:46", "WOJ": 10, "sev": 2, "c": [ 255, 165, 0, 160 ], "dmg": 1, "sli": 0, "ser": 1, "fat": 0, "row": -1, "mot": -1, "pie": -1, "uto": -1, "uwr": -1 }, "geometry": { "type": "Point", "coordinates": [ 19.592861, 51.33725 ] } },
{ "type": "Feature", "properties": { "ID": 109803232, "yr": 2021, "dt": "2021-01-19T15:39:42", "WOJ": 10, "sev": 2, "c": [ 255, 165, 0, 160 ], "dmg": 2, "sli": 0, "ser": 1, "fat": 0, "row": -1, "mot": -1, "pie": -1, "uto": -1, "uwr": -1 }, "geometry": { "type": "Point", "coordinates": [ 19.596444, 51.748667 ] } },
{ "type": "Feature", "properties": { "ID": 109799996, "yr": 2021, "dt": "2021-01-20T05:40:00", "WOJ": 10, "sev": 2, "c": [ 255, 165, 0, 160 ], "dmg": 1, "sli": 0, "ser": 1, "fat": 0, "row": -1, "mot": -1, "pie": 2, "uto": -1, "uwr": -1 }, "geometry": { "type": "Point", "coordinates": [ 19.7035, 51.958028 ] } },
{ "type": "Feature", "properties": { "ID": 116742832, "yr": 2021, "dt": "2021-12-24T07:45:30", "WOJ": 10, "sev": 2, "c": [ 255, 165, 0, 160 ], "dmg": 1, "sli": 0, "ser": 1, "fat": 0, "row": -1, "mot": -1, "pie": -1, "uto": -1, "uwr": -1 }, "geometry": { "type": "Point", "coordinates": [ 19.452556, 51.730806 ] } },
{ "type": "Feature", "properties": { "ID": 110449877, "yr": 2021, "dt": "2021-08-28T12:32:00", "WOJ": 10, "sev": 2, "c": [ 255, 165, 0, 160 ], "dmg": 2, "sli": 0, "ser": 1, "fat": 0, "row": -1, "mot": -1, "pie": -1, "uto": -1, "uwr": -1 }, "geometry": { "type": "Point", "coordinates": [ 19.42825, 51.82525 ] } },
{ "type": "Feature", "properties": { "ID": 110451909, "yr": 2021, "dt": "2021-08-29T10:10:00", "WOJ": 10, "sev": 2, "c": [ 255, 165, 0, 160 ], "dmg": 2, "sli": 0, "ser": 1, "fat": 0, "row": -1, "mot": -1, "pie": -1, "uto": -1, "uwr": -1 }, "geometry": { "type": "Point", "coordinates": [ 19.299472, 51.824528 ] } },
{ "type": "Feature", "properties": { "ID": 110458766, "yr": 2021, "dt": "2021-08-30T22:06:00", "WOJ": 10, "sev": 2, "c": [ 255, 165, 0, 160 ], "dmg": 2, "sli": 0, "ser": 1, "fat": 0, "row": -1, "mot": -1, "pie": -1, "uto": -1, "uwr": -1 }, "geometry": { "type": "Point", "coordinates": [ 19.42125, 51.776667 ] } },
{ "type": "Feature", "properties": { "ID": 110441479, "yr": 2021, "dt": "2021-08-24T11:50:25", "WOJ": 10, "sev": 2, "c": [ 255, 165, 0, 160 ], "dmg": 2, "sli": 0, "ser": 1, "fat": 0, "row": -1, "mot": -1, "pie": -1, "uto": -1, "uwr": -1 }, "geometry": { "type": "Point", "coordinates": [ 19.427556, 51.787333 ] } },
{ "type": "Feature", "properties": { "ID": 110458613, "yr": 2021, "dt": "2021-08-31T13:21:43", "WOJ": 10, "sev": 2, "c": [ 255, 165, 0, 160 ], "dmg": 2, "sli": 0, "ser": 1, "fat": 0, "row": -1, "mot": -1, "pie": -1, "uto": -1, "uwr": -1 }, "geometry": { "type": "Point", "coordinates": [ 19.384778, 51.794833 ] } },
{ "type": "Feature", "properties": { "ID": 110458604, "yr": 2021, "dt": "2021-08-31T12:06:39", "WOJ": 10, "sev": 2, "c": [ 255, 165, 0, 160 ], "dmg": 1, "sli": 0, "ser": 1, "fat": 0, "row": -1, "mot": -1, "pie": -1, "uto": -1, "uwr": -1 }, "geometry": { "type": "Point", "coordinates": [ 19.468444, 51.786333 ] } },
{ "type": "Feature", "properties": { "ID": 110460931, "yr": 2021, "dt": "2021-08-31T20:00:00", "WOJ": 10, "sev": 2, "c": [ 255, 165, 0, 160 ], "dmg": 1, "sli": 0, "ser": 1, "fat": 0, "row": -1, "mot": -1, "pie": -1, "uto": -1, "uwr": -1 }, "geometry": { "type": "Point", "coordinates": [ 19.322556, 52.363 ] } },
{ "type": "Feature", "properties": { "ID": 110461436, "yr": 2021, "dt": "2021-09-01T08:46:09", "WOJ": 10, "sev": 2, "c": [ 255, 165, 0, 160 ], "dmg": 1, "sli": 0, "ser": 2, "fat": 0, "row": -1, "mot": -1, "pie": -1, "uto": -1, "uwr": -1 }, "geometry": { "type": "Point", "coordinates": [ 19.486917, 51.713528 ] } },
{ "type": "Feature", "properties": { "ID": 110463983, "yr": 2021, "dt": "2021-09-01T13:56:02", "WOJ": 10, "sev": 2, "c": [ 255, 165, 0, 160 ], "dmg": 1, "sli": 0, "ser": 1, "fat": 0, "row": -1, "mot": -1, "pie": 2, "uto": -1, "uwr": -1 }, "geometry": { "type": "Point", "coordinates": [ 19.434611, 51.789417 ] } },
{ "type": "Feature", "properties": { "ID": 110464623, "yr": 2021, "dt": "2021-09-02T05:19:44", "WOJ": 10, "sev": 2, "c": [ 255, 165, 0, 160 ], "dmg": 1, "sli": 1, "ser": 1, "fat": 0, "row": -1, "mot": -1, "pie": -1, "uto": -1, "uwr": -1 }, "geometry": { "type": "Point", "coordinates": [ 19.398222, 51.746083 ] } },
{ "type": "Feature", "properties": { "ID": 110326645, "yr": 2021, "dt": "2021-07-15T18:20:00", "WOJ": 10, "sev": 2, "c": [ 255, 165, 0, 160 ], "dmg": 2, "sli": 0, "ser": 1, "fat": 0, "row": -1, "mot": -1, "pie": -1, "uto": -1, "uwr": -1 }, "geometry": { "type": "Point", "coordinates": [ 19.406056, 51.85625 ] } },
{ "type": "Feature", "properties": { "ID": 110322574, "yr": 2021, "dt": "2021-07-11T16:35:00", "WOJ": 10, "sev": 2, "c": [ 255, 165, 0, 160 ], "dmg": 0, "sli": 1, "ser": 1, "fat": 0, "row": -1, "mot": -1, "pie": -1, "uto": -1, "uwr": -1 }, "geometry": { "type": "Point", "coordinates": [ 18.52975, 51.361361 ] } },
{ "type": "Feature", "properties": { "ID": 110450180, "yr": 2021, "dt": "2021-08-28T23:30:00", "WOJ": 10, "sev": 2, "c": [ 255, 165, 0, 160 ], "dmg": 0, "sli": 1, "ser": 1, "fat": 0, "row": -1, "mot": -1, "pie": -1, "uto": -1, "uwr": -1 }, "geometry": { "type": "Point", "coordinates": [ 18.833972, 51.477139 ] } },
{ "type": "Feature", "properties": { "ID": 110325153, "yr": 2021, "dt": "2021-07-15T17:12:43", "WOJ": 10, "sev": 2, "c": [ 255, 165, 0, 160 ], "dmg": 1, "sli": 0, "ser": 1, "fat": 0, "row": 2, "mot": -1, "pie": -1, "uto": -1, "uwr": -1 }, "geometry": { "type": "Point", "coordinates": [ 19.464222, 51.800806 ] } },
{ "type": "Feature", "properties": { "ID": 110327683, "yr": 2021, "dt": "2021-07-15T06:00:00", "WOJ": 10, "sev": 2, "c": [ 255, 165, 0, 160 ], "dmg": 0, "sli": 1, "ser": 2, "fat": 0, "row": -1, "mot": -1, "pie": -1, "uto": -1, "uwr": -1 }, "geometry": { "type": "Point", "coordinates": [ 19.579417, 51.734889 ] } },
{ "type": "Feature", "properties": { "ID": 110327247, "yr": 2021, "dt": "2021-07-16T12:55:59", "WOJ": 10, "sev": 2, "c": [ 255, 165, 0, 160 ], "dmg": 0, "sli": 2, "ser": 1, "fat": 0, "row": -1, "mot": -1, "pie": -1, "uto": -1, "uwr": -1 }, "geometry": { "type": "Point", "coordinates": [ 19.986639, 51.477139 ] } },
{ "type": "Feature", "properties": { "ID": 110328579, "yr": 2021, "dt": "2021-07-16T15:36:36", "WOJ": 10, "sev": 2, "c": [ 255, 165, 0, 160 ], "dmg": 0, "sli": 1, "ser": 1, "fat": 0, "row": 2, "mot": -1, "pie": -1, "uto": -1, "uwr": -1 }, "geometry": { "type": "Point", "coordinates": [ 19.488861, 51.755583 ] } },
{ "type": "Feature", "properties": { "ID": 110327662, "yr": 2021, "dt": "2021-07-16T10:43:20", "WOJ": 10, "sev": 2, "c": [ 255, 165, 0, 160 ], "dmg": 1, "sli": 0, "ser": 1, "fat": 0, "row": 2, "mot": -1, "pie": -1, "uto": -1, "uwr": -1 }, "geometry": { "type": "Point", "coordinates": [ 19.569083, 51.740806 ] } },
{ "type": "Feature", "properties": { "ID": 110467606, "yr": 2021, "dt": "2021-09-02T16:03:27", "WOJ": 10, "sev": 2, "c": [ 255, 165, 0, 160 ], "dmg": 3, "sli": 0, "ser": 1, "fat": 0, "row": -1, "mot": -1, "pie": -1, "uto": -1, "uwr": -1 }, "geometry": { "type": "Point", "coordinates": [ 19.501028, 51.763 ] } },
{ "type": "Feature", "properties": { "ID": 109786310, "yr": 2021, "dt": "2021-01-12T18:15:32", "WOJ": 10, "sev": 2, "c": [ 255, 165, 0, 160 ], "dmg": 1, "sli": 0, "ser": 1, "fat": 0, "row": -1, "mot": -1, "pie": -1, "uto": -1, "uwr": -1 }, "geometry": { "type": "Point", "coordinates": [ 19.911056, 51.516667 ] } },
{ "type": "Feature", "properties": { "ID": 110316903, "yr": 2021, "dt": "2021-07-08T17:57:54", "WOJ": 10, "sev": 2, "c": [ 255, 165, 0, 160 ], "dmg": 1, "sli": 0, "ser": 1, "fat": 0, "row": -1, "mot": -1, "pie": 2, "uto": -1, "uwr": -1 }, "geometry": { "type": "Point", "coordinates": [ 19.384833, 51.747917 ] } },
{ "type": "Feature", "properties": { "ID": 110316121, "yr": 2021, "dt": "2021-07-09T07:40:30", "WOJ": 10, "sev": 2, "c": [ 255, 165, 0, 160 ], "dmg": 0, "sli": 0, "ser": 1, "fat": 0, "row": 2, "mot": -1, "pie": -1, "uto": -1, "uwr": -1 }, "geometry": { "type": "Point", "coordinates": [ 19.467056, 51.738833 ] } },
{ "type": "Feature", "properties": { "ID": 110321183, "yr": 2021, "dt": "2021-07-09T10:02:00", "WOJ": 10, "sev": 2, "c": [ 255, 165, 0, 160 ], "dmg": 1, "sli": 0, "ser": 1, "fat": 0, "row": -1, "mot": -1, "pie": -1, "uto": -1, "uwr": -1 }, "geometry": { "type": "Point", "coordinates": [ 19.451444, 51.779417 ] } },
{ "type": "Feature", "properties": { "ID": 110467347, "yr": 2021, "dt": "2021-09-02T14:07:00", "WOJ": 10, "sev": 2, "c": [ 255, 165, 0, 160 ], "dmg": 1, "sli": 0, "ser": 1, "fat": 0, "row": -1, "mot": -1, "pie": -1, "uto": -1, "uwr": -1 }, "geometry": { "type": "Point", "coordinates": [ 19.483167, 51.772167 ] } },
{ "type": "Feature", "properties": { "ID": 110467322, "yr": 2021, "dt": "2021-09-02T11:28:10", "WOJ": 10, "sev": 2, "c": [ 255, 165, 0, 160 ], "dmg": 1, "sli": 0, "ser": 1, "fat": 0, "row": 2, "mot": -1, "pie": -1, "uto": -1, "uwr": -1 }, "geometry": { "type": "Point", "coordinates": [ 19.46225, 51.76 ] } },
{ "type": "Feature", "properties": { "ID": 110466992, "yr": 2021, "dt": "2021-09-02T09:26:12", "WOJ": 10, "sev": 2, "c": [ 255, 165, 0, 160 ], "dmg": 1, "sli": 0, "ser": 1, "fat": 0, "row": -1, "mot": -1, "pie": 2, "uto": -1, "uwr": -1 }, "geometry": { "type": "Point", "coordinates": [ 19.475083, 51.778528 ] } },
{ "type": "Feature", "properties": { "ID": 110467672, "yr": 2021, "dt": "2021-09-02T17:59:23", "WOJ": 10, "sev": 2, "c": [ 255, 165, 0, 160 ], "dmg": 0, "sli": 0, "ser": 1, "fat": 0, "row": 2, "mot": -1, "pie": -1, "uto": -1, "uwr": -1 }, "geometry": { "type": "Point", "coordinates": [ 19.461444, 51.849944 ] } },
{ "type": "Feature", "properties": { "ID": 110468786, "yr": 2021, "dt": "2021-09-02T21:56:00", "WOJ": 10, "sev": 2, "c": [ 255, 165, 0, 160 ], "dmg": 2, "sli": 0, "ser": 2, "fat": 0, "row": -1, "mot": -1, "pie": -1, "uto": -1, "uwr": -1 }, "geometry": { "type": "Point", "coordinates": [ 19.593472, 51.892028 ] } },
{ "type": "Feature", "properties": { "ID": 110454887, "yr": 2021, "dt": "2021-08-30T06:20:11", "WOJ": 10, "sev": 2, "c": [ 255, 165, 0, 160 ], "dmg": 1, "sli": 0, "ser": 1, "fat": 0, "row": -1, "mot": -1, "pie": -1, "uto": -1, "uwr": -1 }, "geometry": { "type": "Point", "coordinates": [ 19.089806, 51.729778 ] } },
{ "type": "Feature", "properties": { "ID": 110322452, "yr": 2021, "dt": "2021-07-13T15:32:36", "WOJ": 10, "sev": 2, "c": [ 255, 165, 0, 160 ], "dmg": 1, "sli": 0, "ser": 1, "fat": 0, "row": 2, "mot": -1, "pie": -1, "uto": -1, "uwr": -1 }, "geometry": { "type": "Point", "coordinates": [ 19.509056, 51.749861 ] } },
{ "type": "Feature", "properties": { "ID": 110323981, "yr": 2021, "dt": "2021-07-13T09:55:00", "WOJ": 10, "sev": 2, "c": [ 255, 165, 0, 160 ], "dmg": 1, "sli": 0, "ser": 1, "fat": 0, "row": -1, "mot": -1, "pie": -1, "uto": -1, "uwr": -1 }, "geometry": { "type": "Point", "coordinates": [ 19.468694, 51.760333 ] } },
{ "type": "Feature", "properties": { "ID": 110323115, "yr": 2021, "dt": "2021-07-13T12:44:50", "WOJ": 10, "sev": 2, "c": [ 255, 165, 0, 160 ], "dmg": 2, "sli": 0, "ser": 1, "fat": 0, "row": -1, "mot": -1, "pie": -1, "uto": -1, "uwr": -1 }, "geometry": { "type": "Point", "coordinates": [ 19.475278, 51.723361 ] } },
{ "type": "Feature", "properties": { "ID": 110323316, "yr": 2021, "dt": "2021-07-14T06:10:00", "WOJ": 10, "sev": 2, "c": [ 255, 165, 0, 160 ], "dmg": 0, "sli": 0, "ser": 1, "fat": 0, "row": -1, "mot": -1, "pie": -1, "uto": -1, "uwr": -1 }, "geometry": { "type": "Point", "coordinates": [ 19.621333, 52.227139 ] } },
{ "type": "Feature", "properties": { "ID": 110325603, "yr": 2021, "dt": "2021-07-14T17:30:08", "WOJ": 10, "sev": 2, "c": [ 255, 165, 0, 160 ], "dmg": 1, "sli": 0, "ser": 1, "fat": 0, "row": -1, "mot": 2, "pie": -1, "uto": -1, "uwr": -1 }, "geometry": { "type": "Point", "coordinates": [ 19.5355, 51.757306 ] } },
{ "type": "Feature", "properties": { "ID": 110340109, "yr": 2021, "dt": "2021-07-15T17:00:00", "WOJ": 10, "sev": 2, "c": [ 255, 165, 0, 160 ], "dmg": 1, "sli": 0, "ser": 1, "fat": 0, "row": 2, "mot": -1, "pie": -1, "uto": -1, "uwr": -1 }, "geometry": { "type": "Point", "coordinates": [ 19.489167, 51.743667 ] } },
{ "type": "Feature", "properties": { "ID": 110458652, "yr": 2021, "dt": "2021-08-31T13:45:15", "WOJ": 10, "sev": 2, "c": [ 255, 165, 0, 160 ], "dmg": 1, "sli": 0, "ser": 1, "fat": 0, "row": -1, "mot": -1, "pie": 2, "uto": -1, "uwr": -1 }, "geometry": { "type": "Point", "coordinates": [ 19.191417, 52.057861 ] } },
{ "type": "Feature", "properties": { "ID": 110315199, "yr": 2021, "dt": "2021-07-07T19:51:49", "WOJ": 10, "sev": 2, "c": [ 255, 165, 0, 160 ], "dmg": 1, "sli": 0, "ser": 1, "fat": 0, "row": -1, "mot": -1, "pie": -1, "uto": -1, "uwr": -1 }, "geometry": { "type": "Point", "coordinates": [ 19.4385, 51.824306 ] } },
{ "type": "Feature", "properties": { "ID": 110315156, "yr": 2021, "dt": "2021-07-07T18:37:50", "WOJ": 10, "sev": 2, "c": [ 255, 165, 0, 160 ], "dmg": 0, "sli": 0, "ser": 1, "fat": 0, "row": -1, "mot": -1, "pie": -1, "uto": -1, "uwr": -1 }, "geometry": { "type": "Point", "coordinates": [ 19.431111, 51.713889 ] } },
{ "type": "Feature", "properties": { "ID": 110314496, "yr": 2021, "dt": "2021-07-07T07:05:38", "WOJ": 10, "sev": 2, "c": [ 255, 165, 0, 160 ], "dmg": 1, "sli": 0, "ser": 1, "fat": 0, "row": 2, "mot": -1, "pie": -1, "uto": -1, "uwr": -1 }, "geometry": { "type": "Point", "coordinates": [ 19.531472, 51.741778 ] } },
{ "type": "Feature", "properties": { "ID": 110318137, "yr": 2021, "dt": "2021-07-07T06:45:00", "WOJ": 10, "sev": 2, "c": [ 255, 165, 0, 160 ], "dmg": 1, "sli": 1, "ser": 1, "fat": 0, "row": -1, "mot": -1, "pie": -1, "uto": -1, "uwr": -1 }, "geometry": { "type": "Point", "coordinates": [ 19.582917, 51.622444 ] } },
{ "type": "Feature", "properties": { "ID": 110315115, "yr": 2021, "dt": "2021-07-07T16:34:42", "WOJ": 10, "sev": 2, "c": [ 255, 165, 0, 160 ], "dmg": 1, "sli": 0, "ser": 1, "fat": 0, "row": 2, "mot": -1, "pie": -1, "uto": -1, "uwr": -1 }, "geometry": { "type": "Point", "coordinates": [ 19.448472, 51.790333 ] } },
{ "type": "Feature", "properties": { "ID": 110316032, "yr": 2021, "dt": "2021-07-08T21:33:15", "WOJ": 10, "sev": 2, "c": [ 255, 165, 0, 160 ], "dmg": 1, "sli": 0, "ser": 1, "fat": 0, "row": -1, "mot": -1, "pie": -1, "uto": -1, "uwr": -1 }, "geometry": { "type": "Point", "coordinates": [ 19.316556, 51.680278 ] } },
{ "type": "Feature", "properties": { "ID": 110315473, "yr": 2021, "dt": "2021-07-08T07:48:12", "WOJ": 10, "sev": 2, "c": [ 255, 165, 0, 160 ], "dmg": 1, "sli": 0, "ser": 1, "fat": 0, "row": 2, "mot": -1, "pie": -1, "uto": -1, "uwr": -1 }, "geometry": { "type": "Point", "coordinates": [ 19.504806, 51.763306 ] } },
{ "type": "Feature", "properties": { "ID": 110316945, "yr": 2021, "dt": "2021-07-08T18:46:22", "WOJ": 10, "sev": 2, "c": [ 255, 165, 0, 160 ], "dmg": 1, "sli": 0, "ser": 1, "fat": 0, "row": 0, "mot": -1, "pie": -1, "uto": -1, "uwr": -1 }, "geometry": { "type": "Point", "coordinates": [ 19.465306, 51.767667 ] } },
{ "type": "Feature", "properties": { "ID": 110470232, "yr": 2021, "dt": "2021-09-03T23:55:00", "WOJ": 10, "sev": 2, "c": [ 255, 165, 0, 160 ], "dmg": 1, "sli": 1, "ser": 1, "fat": 0, "row": -1, "mot": -1, "pie": 2, "uto": -1, "uwr": -1 }, "geometry": { "type": "Point", "coordinates": [ 20.245, 51.758861 ] } },
{ "type": "Feature", "properties": { "ID": 110473866, "yr": 2021, "dt": "2021-09-04T19:07:47", "WOJ": 10, "sev": 2, "c": [ 255, 165, 0, 160 ], "dmg": 1, "sli": 0, "ser": 1, "fat": 0, "row": -1, "mot": -1, "pie": -1, "uto": -1, "uwr": -1 }, "geometry": { "type": "Point", "coordinates": [ 19.505083, 51.735278 ] } },
{ "type": "Feature", "properties": { "ID": 110472764, "yr": 2021, "dt": "2021-09-04T00:50:34", "WOJ": 10, "sev": 2, "c": [ 255, 165, 0, 160 ], "dmg": 2, "sli": 0, "ser": 1, "fat": 0, "row": -1, "mot": -1, "pie": -1, "uto": -1, "uwr": -1 }, "geometry": { "type": "Point", "coordinates": [ 19.479917, 51.767472 ] } },
{ "type": "Feature", "properties": { "ID": 110321360, "yr": 2021, "dt": "2021-07-12T10:35:22", "WOJ": 10, "sev": 2, "c": [ 255, 165, 0, 160 ], "dmg": 1, "sli": 0, "ser": 1, "fat": 0, "row": -1, "mot": 2, "pie": -1, "uto": -1, "uwr": -1 }, "geometry": { "type": "Point", "coordinates": [ 19.961417, 51.56375 ] } },
{ "type": "Feature", "properties": { "ID": 110321193, "yr": 2021, "dt": "2021-07-12T09:02:29", "WOJ": 10, "sev": 2, "c": [ 255, 165, 0, 160 ], "dmg": 1, "sli": 0, "ser": 1, "fat": 0, "row": -1, "mot": -1, "pie": 2, "uto": -1, "uwr": -1 }, "geometry": { "type": "Point", "coordinates": [ 19.442194, 51.736806 ] } },
{ "type": "Feature", "properties": { "ID": 110321782, "yr": 2021, "dt": "2021-07-12T16:59:51", "WOJ": 10, "sev": 2, "c": [ 255, 165, 0, 160 ], "dmg": 1, "sli": 0, "ser": 1, "fat": 0, "row": 2, "mot": -1, "pie": -1, "uto": -1, "uwr": -1 }, "geometry": { "type": "Point", "coordinates": [ 19.420778, 51.789722 ] } },
{ "type": "Feature", "properties": { "ID": 110320197, "yr": 2021, "dt": "2021-07-12T14:15:00", "WOJ": 10, "sev": 2, "c": [ 255, 165, 0, 160 ], "dmg": 1, "sli": 0, "ser": 1, "fat": 0, "row": 2, "mot": -1, "pie": -1, "uto": -1, "uwr": -1 }, "geometry": { "type": "Point", "coordinates": [ 19.561694, 51.732444 ] } },
{ "type": "Feature", "properties": { "ID": 110321406, "yr": 2021, "dt": "2021-07-12T10:10:00", "WOJ": 10, "sev": 2, "c": [ 255, 165, 0, 160 ], "dmg": 0, "sli": 0, "ser": 2, "fat": 0, "row": -1, "mot": -1, "pie": -1, "uto": -1, "uwr": -1 }, "geometry": { "type": "Point", "coordinates": [ 19.367917, 52.307139 ] } },
{ "type": "Feature", "properties": { "ID": 110483448, "yr": 2021, "dt": "2021-09-08T10:26:10", "WOJ": 10, "sev": 2, "c": [ 255, 165, 0, 160 ], "dmg": 1, "sli": 0, "ser": 1, "fat": 0, "row": 2, "mot": -1, "pie": -1, "uto": -1, "uwr": -1 }, "geometry": { "type": "Point", "coordinates": [ 19.455306, 51.781389 ] } },
{ "type": "Feature", "properties": { "ID": 110470578, "yr": 2021, "dt": "2021-09-04T17:26:01", "WOJ": 10, "sev": 2, "c": [ 255, 165, 0, 160 ], "dmg": 1, "sli": 0, "ser": 1, "fat": 0, "row": 2, "mot": -1, "pie": -1, "uto": -1, "uwr": -1 }, "geometry": { "type": "Point", "coordinates": [ 19.388333, 51.793028 ] } },
{ "type": "Feature", "properties": { "ID": 110470482, "yr": 2021, "dt": "2021-09-04T14:23:54", "WOJ": 10, "sev": 2, "c": [ 255, 165, 0, 160 ], "dmg": 1, "sli": 0, "ser": 1, "fat": 0, "row": 2, "mot": -1, "pie": -1, "uto": -1, "uwr": -1 }, "geometry": { "type": "Point", "coordinates": [ 19.4525, 51.734694 ] } },
{ "type": "Feature", "properties": { "ID": 110470331, "yr": 2021, "dt": "2021-09-04T10:15:03", "WOJ": 10, "sev": 2, "c": [ 255, 165, 0, 160 ], "dmg": 1, "sli": 0, "ser": 1, "fat": 0, "row": -1, "mot": -1, "pie": -1, "uto": -1, "uwr": -1 }, "geometry": { "type": "Point", "coordinates": [ 19.470528, 51.806472 ] } },
{ "type": "Feature", "properties": { "ID": 110477795, "yr": 2021, "dt": "2021-09-05T12:23:25", "WOJ": 10, "sev": 2, "c": [ 255, 165, 0, 160 ], "dmg": 1, "sli": 0, "ser": 1, "fat": 0, "row": -1, "mot": 2, "pie": -1, "uto": -1, "uwr": -1 }, "geometry": { "type": "Point", "coordinates": [ 19.366417, 51.750472 ] } },
{ "type": "Feature", "properties": { "ID": 110311540, "yr": 2021, "dt": "2021-07-04T22:06:43", "WOJ": 10, "sev": 2, "c": [ 255, 165, 0, 160 ], "dmg": 1, "sli": 0, "ser": 1, "fat": 0, "row": -1, "mot": -1, "pie": -1, "uto": -1, "uwr": -1 }, "geometry": { "type": "Point", "coordinates": [ 19.413694, 51.742861 ] } },
{ "type": "Feature", "properties": { "ID": 110311121, "yr": 2021, "dt": "2021-07-05T15:10:47", "WOJ": 10, "sev": 2, "c": [ 255, 165, 0, 160 ], "dmg": 1, "sli": 0, "ser": 1, "fat": 0, "row": -1, "mot": 2, "pie": -1, "uto": -1, "uwr": -1 }, "geometry": { "type": "Point", "coordinates": [ 19.672111, 51.231611 ] } },
{ "type": "Feature", "properties": { "ID": 110310811, "yr": 2021, "dt": "2021-07-05T07:14:38", "WOJ": 10, "sev": 2, "c": [ 255, 165, 0, 160 ], "dmg": 1, "sli": 0, "ser": 1, "fat": 0, "row": -1, "mot": -1, "pie": -1, "uto": -1, "uwr": -1 }, "geometry": { "type": "Point", "coordinates": [ 19.454806, 51.816333 ] } },
{ "type": "Feature", "properties": { "ID": 110313482, "yr": 2021, "dt": "2021-07-05T22:00:00", "WOJ": 10, "sev": 2, "c": [ 255, 165, 0, 160 ], "dmg": 1, "sli": 0, "ser": 1, "fat": 0, "row": 2, "mot": -1, "pie": -1, "uto": -1, "uwr": -1 }, "geometry": { "type": "Point", "coordinates": [ 19.436, 51.75625 ] } },
{ "type": "Feature", "properties": { "ID": 110311180, "yr": 2021, "dt": "2021-07-05T17:11:36", "WOJ": 10, "sev": 2, "c": [ 255, 165, 0, 160 ], "dmg": 2, "sli": 0, "ser": 1, "fat": 0, "row": -1, "mot": -1, "pie": -1, "uto": -1, "uwr": -1 }, "geometry": { "type": "Point", "coordinates": [ 19.448306, 51.760056 ] } },
{ "type": "Feature", "properties": { "ID": 110477879, "yr": 2021, "dt": "2021-09-05T17:07:44", "WOJ": 10, "sev": 2, "c": [ 255, 165, 0, 160 ], "dmg": 0, "sli": 0, "ser": 2, "fat": 0, "row": 2, "mot": -1, "pie": 2, "uto": -1, "uwr": -1 }, "geometry": { "type": "Point", "coordinates": [ 19.386583, 51.7485 ] } },
{ "type": "Feature", "properties": { "ID": 110479780, "yr": 2021, "dt": "2021-09-06T06:02:51", "WOJ": 10, "sev": 2, "c": [ 255, 165, 0, 160 ], "dmg": 1, "sli": 0, "ser": 1, "fat": 0, "row": -1, "mot": -1, "pie": 2, "uto": -1, "uwr": -1 }, "geometry": { "type": "Point", "coordinates": [ 19.458472, 51.738972 ] } },
{ "type": "Feature", "properties": { "ID": 110481307, "yr": 2021, "dt": "2021-09-06T15:30:00", "WOJ": 10, "sev": 2, "c": [ 255, 165, 0, 160 ], "dmg": 0, "sli": 1, "ser": 1, "fat": 0, "row": 2, "mot": -1, "pie": -1, "uto": -1, "uwr": -1 }, "geometry": { "type": "Point", "coordinates": [ 19.861917, 51.754972 ] } },
{ "type": "Feature", "properties": { "ID": 110478487, "yr": 2021, "dt": "2021-09-06T18:34:36", "WOJ": 10, "sev": 2, "c": [ 255, 165, 0, 160 ], "dmg": 2, "sli": 0, "ser": 1, "fat": 0, "row": -1, "mot": 2, "pie": -1, "uto": -1, "uwr": -1 }, "geometry": { "type": "Point", "coordinates": [ 19.421583, 51.781278 ] } },
{ "type": "Feature", "properties": { "ID": 110480498, "yr": 2021, "dt": "2021-09-06T12:37:03", "WOJ": 10, "sev": 2, "c": [ 255, 165, 0, 160 ], "dmg": 1, "sli": 0, "ser": 1, "fat": 0, "row": -1, "mot": -1, "pie": 2, "uto": -1, "uwr": -1 }, "geometry": { "type": "Point", "coordinates": [ 19.393111, 51.790806 ] } },
{ "type": "Feature", "properties": { "ID": 110468963, "yr": 2021, "dt": "2021-09-03T06:26:14", "WOJ": 10, "sev": 2, "c": [ 255, 165, 0, 160 ], "dmg": 1, "sli": 0, "ser": 1, "fat": 0, "row": -1, "mot": -1, "pie": 2, "uto": -1, "uwr": -1 }, "geometry": { "type": "Point", "coordinates": [ 19.432667, 51.757194 ] } },
{ "type": "Feature", "properties": { "ID": 116733733, "yr": 2021, "dt": "2021-12-20T21:32:33", "WOJ": 10, "sev": 2, "c": [ 255, 165, 0, 160 ], "dmg": 2, "sli": 0, "ser": 1, "fat": 0, "row": -1, "mot": -1, "pie": -1, "uto": -1, "uwr": -1 }, "geometry": { "type": "Point", "coordinates": [ 19.432278, 51.819333 ] } },
{ "type": "Feature", "properties": { "ID": 116731596, "yr": 2021, "dt": "2021-12-20T13:22:51", "WOJ": 10, "sev": 2, "c": [ 255, 165, 0, 160 ], "dmg": 1, "sli": 0, "ser": 2, "fat": 0, "row": -1, "mot": -1, "pie": -1, "uto": -1, "uwr": -1 }, "geometry": { "type": "Point", "coordinates": [ 19.469194, 51.773583 ] } },
{ "type": "Feature", "properties": { "ID": 116735826, "yr": 2021, "dt": "2021-12-21T20:12:53", "WOJ": 10, "sev": 2, "c": [ 255, 165, 0, 160 ], "dmg": 2, "sli": 3, "ser": 1, "fat": 0, "row": -1, "mot": -1, "pie": -1, "uto": -1, "uwr": -1 }, "geometry": { "type": "Point", "coordinates": [ 19.518833, 51.824556 ] } },
{ "type": "Feature", "properties": { "ID": 109810185, "yr": 2021, "dt": "2021-01-20T16:45:00", "WOJ": 10, "sev": 2, "c": [ 255, 165, 0, 160 ], "dmg": 1, "sli": 0, "ser": 1, "fat": 0, "row": -1, "mot": -1, "pie": 2, "uto": -1, "uwr": -1 }, "geometry": { "type": "Point", "coordinates": [ 19.416333, 51.854333 ] } },
{ "type": "Feature", "properties": { "ID": 109840415, "yr": 2021, "dt": "2021-01-26T17:32:03", "WOJ": 10, "sev": 2, "c": [ 255, 165, 0, 160 ], "dmg": 1, "sli": 0, "ser": 1, "fat": 0, "row": -1, "mot": -1, "pie": 2, "uto": -1, "uwr": -1 }, "geometry": { "type": "Point", "coordinates": [ 19.441167, 51.797444 ] } },
{ "type": "Feature", "properties": { "ID": 109840237, "yr": 2021, "dt": "2021-01-26T12:23:18", "WOJ": 10, "sev": 2, "c": [ 255, 165, 0, 160 ], "dmg": 2, "sli": 0, "ser": 1, "fat": 0, "row": -1, "mot": -1, "pie": -1, "uto": -1, "uwr": -1 }, "geometry": { "type": "Point", "coordinates": [ 19.453333, 51.730889 ] } },
{ "type": "Feature", "properties": { "ID": 109845145, "yr": 2021, "dt": "2021-01-27T10:59:00", "WOJ": 10, "sev": 2, "c": [ 255, 165, 0, 160 ], "dmg": 1, "sli": 0, "ser": 1, "fat": 0, "row": -1, "mot": -1, "pie": -1, "uto": -1, "uwr": -1 }, "geometry": { "type": "Point", "coordinates": [ 19.347833, 51.664611 ] } },
{ "type": "Feature", "properties": { "ID": 109840844, "yr": 2021, "dt": "2021-01-27T08:44:25", "WOJ": 10, "sev": 2, "c": [ 255, 165, 0, 160 ], "dmg": 2, "sli": 0, "ser": 1, "fat": 0, "row": -1, "mot": -1, "pie": -1, "uto": -1, "uwr": -1 }, "geometry": { "type": "Point", "coordinates": [ 18.533944, 51.236806 ] } },
{ "type": "Feature", "properties": { "ID": 109844311, "yr": 2021, "dt": "2021-01-27T14:50:00", "WOJ": 10, "sev": 2, "c": [ 255, 165, 0, 160 ], "dmg": 2, "sli": 0, "ser": 1, "fat": 0, "row": -1, "mot": -1, "pie": -1, "uto": -1, "uwr": -1 }, "geometry": { "type": "Point", "coordinates": [ 20.165, 51.257 ] } },
{ "type": "Feature", "properties": { "ID": 109856187, "yr": 2021, "dt": "2021-01-28T18:43:39", "WOJ": 10, "sev": 2, "c": [ 255, 165, 0, 160 ], "dmg": 1, "sli": 0, "ser": 1, "fat": 0, "row": -1, "mot": -1, "pie": 2, "uto": -1, "uwr": -1 }, "geometry": { "type": "Point", "coordinates": [ 20.291694, 51.595056 ] } },
{ "type": "Feature", "properties": { "ID": 109828146, "yr": 2021, "dt": "2021-01-21T08:00:00", "WOJ": 10, "sev": 2, "c": [ 255, 165, 0, 160 ], "dmg": 0, "sli": 1, "ser": 1, "fat": 0, "row": -1, "mot": -1, "pie": -1, "uto": -1, "uwr": -1 }, "geometry": { "type": "Point", "coordinates": [ 19.113583, 51.267556 ] } },
{ "type": "Feature", "properties": { "ID": 109829485, "yr": 2021, "dt": "2021-01-22T14:16:05", "WOJ": 10, "sev": 2, "c": [ 255, 165, 0, 160 ], "dmg": 1, "sli": 0, "ser": 1, "fat": 0, "row": -1, "mot": -1, "pie": 2, "uto": -1, "uwr": -1 }, "geometry": { "type": "Point", "coordinates": [ 19.508, 51.763694 ] } },
{ "type": "Feature", "properties": { "ID": 109829488, "yr": 2021, "dt": "2021-01-22T14:28:00", "WOJ": 10, "sev": 2, "c": [ 255, 165, 0, 160 ], "dmg": 0, "sli": 1, "ser": 2, "fat": 0, "row": -1, "mot": -1, "pie": -1, "uto": -1, "uwr": -1 }, "geometry": { "type": "Point", "coordinates": [ 19.409139, 51.762833 ] } },
{ "type": "Feature", "properties": { "ID": 109832293, "yr": 2021, "dt": "2021-01-23T18:41:10", "WOJ": 10, "sev": 2, "c": [ 255, 165, 0, 160 ], "dmg": 1, "sli": 0, "ser": 1, "fat": 0, "row": -1, "mot": -1, "pie": 2, "uto": -1, "uwr": -1 }, "geometry": { "type": "Point", "coordinates": [ 19.445361, 51.795611 ] } },
{ "type": "Feature", "properties": { "ID": 110482059, "yr": 2021, "dt": "2021-09-07T17:59:05", "WOJ": 10, "sev": 2, "c": [ 255, 165, 0, 160 ], "dmg": 2, "sli": 0, "ser": 1, "fat": 0, "row": -1, "mot": 2, "pie": -1, "uto": -1, "uwr": -1 }, "geometry": { "type": "Point", "coordinates": [ 19.479333, 51.726528 ] } },
{ "type": "Feature", "properties": { "ID": 110481739, "yr": 2021, "dt": "2021-09-07T14:31:05", "WOJ": 10, "sev": 2, "c": [ 255, 165, 0, 160 ], "dmg": 1, "sli": 0, "ser": 1, "fat": 0, "row": 2, "mot": -1, "pie": -1, "uto": -1, "uwr": -1 }, "geometry": { "type": "Point", "coordinates": [ 19.456806, 51.744667 ] } },
{ "type": "Feature", "properties": { "ID": 110299489, "yr": 2021, "dt": "2021-06-27T22:52:45", "WOJ": 10, "sev": 2, "c": [ 255, 165, 0, 160 ], "dmg": 1, "sli": 0, "ser": 1, "fat": 0, "row": -1, "mot": -1, "pie": -1, "uto": -1, "uwr": -1 }, "geometry": { "type": "Point", "coordinates": [ 19.420611, 51.792306 ] } },
{ "type": "Feature", "properties": { "ID": 110291952, "yr": 2021, "dt": "2021-06-24T08:45:00", "WOJ": 10, "sev": 2, "c": [ 255, 165, 0, 160 ], "dmg": 2, "sli": 0, "ser": 1, "fat": 0, "row": -1, "mot": -1, "pie": -1, "uto": -1, "uwr": -1 }, "geometry": { "type": "Point", "coordinates": [ 19.297528, 51.820722 ] } },
{ "type": "Feature", "properties": { "ID": 110293648, "yr": 2021, "dt": "2021-06-24T18:15:59", "WOJ": 10, "sev": 2, "c": [ 255, 165, 0, 160 ], "dmg": 1, "sli": 0, "ser": 1, "fat": 0, "row": -1, "mot": -1, "pie": -1, "uto": -1, "uwr": -1 }, "geometry": { "type": "Point", "coordinates": [ 19.399, 51.779111 ] } },
{ "type": "Feature", "properties": { "ID": 110486798, "yr": 2021, "dt": "2021-09-09T13:59:58", "WOJ": 10, "sev": 2, "c": [ 255, 165, 0, 160 ], "dmg": 1, "sli": 0, "ser": 1, "fat": 0, "row": -1, "mot": -1, "pie": 2, "uto": -1, "uwr": -1 }, "geometry": { "type": "Point", "coordinates": [ 19.444833, 51.761 ] } },
{ "type": "Feature", "properties": { "ID": 110487281, "yr": 2021, "dt": "2021-09-09T19:45:14", "WOJ": 10, "sev": 2, "c": [ 255, 165, 0, 160 ], "dmg": 1, "sli": 1, "ser": 1, "fat": 0, "row": -1, "mot": -1, "pie": -1, "uto": -1, "uwr": -1 }, "geometry": { "type": "Point", "coordinates": [ 19.488583, 51.792833 ] } },
{ "type": "Feature", "properties": { "ID": 110307127, "yr": 2021, "dt": "2021-07-02T12:44:22", "WOJ": 10, "sev": 2, "c": [ 255, 165, 0, 160 ], "dmg": 1, "sli": 0, "ser": 1, "fat": 0, "row": 2, "mot": -1, "pie": -1, "uto": -1, "uwr": -1 }, "geometry": { "type": "Point", "coordinates": [ 19.399778, 51.708056 ] } },
{ "type": "Feature", "properties": { "ID": 110311571, "yr": 2021, "dt": "2021-07-03T15:00:00", "WOJ": 10, "sev": 2, "c": [ 255, 165, 0, 160 ], "dmg": 0, "sli": 0, "ser": 1, "fat": 0, "row": -1, "mot": -1, "pie": -1, "uto": -1, "uwr": -1 }, "geometry": { "type": "Point", "coordinates": [ 19.237333, 51.734556 ] } },
{ "type": "Feature", "properties": { "ID": 110311836, "yr": 2021, "dt": "2021-07-03T16:10:00", "WOJ": 10, "sev": 2, "c": [ 255, 165, 0, 160 ], "dmg": 1, "sli": 0, "ser": 1, "fat": 0, "row": -1, "mot": 2, "pie": -1, "uto": -1, "uwr": -1 }, "geometry": { "type": "Point", "coordinates": [ 20.017833, 51.538611 ] } },
{ "type": "Feature", "properties": { "ID": 110308595, "yr": 2021, "dt": "2021-07-03T11:51:48", "WOJ": 10, "sev": 2, "c": [ 255, 165, 0, 160 ], "dmg": 1, "sli": 0, "ser": 1, "fat": 0, "row": -1, "mot": -1, "pie": -1, "uto": -1, "uwr": -1 }, "geometry": { "type": "Point", "coordinates": [ 19.59475, 51.729361 ] } },
{ "type": "Feature", "properties": { "ID": 110309932, "yr": 2021, "dt": "2021-07-03T14:13:56", "WOJ": 10, "sev": 2, "c": [ 255, 165, 0, 160 ], "dmg": 2, "sli": 0, "ser": 1, "fat": 0, "row": -1, "mot": -1, "pie": -1, "uto": -1, "uwr": -1 }, "geometry": { "type": "Point", "coordinates": [ 19.426667, 51.767444 ] } },
{ "type": "Feature", "properties": { "ID": 110308571, "yr": 2021, "dt": "2021-07-03T11:35:29", "WOJ": 10, "sev": 2, "c": [ 255, 165, 0, 160 ], "dmg": 2, "sli": 0, "ser": 1, "fat": 0, "row": -1, "mot": -1, "pie": -1, "uto": -1, "uwr": -1 }, "geometry": { "type": "Point", "coordinates": [ 19.421111, 51.780194 ] } },
{ "type": "Feature", "properties": { "ID": 110308530, "yr": 2021, "dt": "2021-07-03T10:10:00", "WOJ": 10, "sev": 2, "c": [ 255, 165, 0, 160 ], "dmg": 0, "sli": 0, "ser": 1, "fat": 0, "row": -1, "mot": 2, "pie": -1, "uto": -1, "uwr": -1 }, "geometry": { "type": "Point", "coordinates": [ 19.250972, 52.290556 ] } },
{ "type": "Feature", "properties": { "ID": 110312258, "yr": 2021, "dt": "2021-07-04T17:52:00", "WOJ": 10, "sev": 2, "c": [ 255, 165, 0, 160 ], "dmg": 1, "sli": 0, "ser": 1, "fat": 0, "row": -1, "mot": -1, "pie": -1, "uto": -1, "uwr": -1 }, "geometry": { "type": "Point", "coordinates": [ 19.639361, 51.804 ] } },
{ "type": "Feature", "properties": { "ID": 110303958, "yr": 2021, "dt": "2021-06-30T14:18:04", "WOJ": 10, "sev": 2, "c": [ 255, 165, 0, 160 ], "dmg": 1, "sli": 0, "ser": 1, "fat": 0, "row": -1, "mot": -1, "pie": -1, "uto": -1, "uwr": -1 }, "geometry": { "type": "Point", "coordinates": [ 19.389167, 51.778611 ] } },
{ "type": "Feature", "properties": { "ID": 110303094, "yr": 2021, "dt": "2021-06-30T15:11:04", "WOJ": 10, "sev": 2, "c": [ 255, 165, 0, 160 ], "dmg": 2, "sli": 0, "ser": 1, "fat": 0, "row": -1, "mot": 2, "pie": -1, "uto": -1, "uwr": -1 }, "geometry": { "type": "Point", "coordinates": [ 19.991583, 51.530139 ] } },
{ "type": "Feature", "properties": { "ID": 110304850, "yr": 2021, "dt": "2021-07-01T15:15:00", "WOJ": 10, "sev": 2, "c": [ 255, 165, 0, 160 ], "dmg": 1, "sli": 0, "ser": 1, "fat": 0, "row": -1, "mot": -1, "pie": -1, "uto": -1, "uwr": -1 }, "geometry": { "type": "Point", "coordinates": [ 19.395306, 51.102806 ] } },
{ "type": "Feature", "properties": { "ID": 110290784, "yr": 2021, "dt": "2021-06-22T15:37:22", "WOJ": 10, "sev": 2, "c": [ 255, 165, 0, 160 ], "dmg": 2, "sli": 0, "ser": 1, "fat": 0, "row": -1, "mot": -1, "pie": -1, "uto": -1, "uwr": -1 }, "geometry": { "type": "Point", "coordinates": [ 19.596806, 51.748694 ] } },
{ "type": "Feature", "properties": { "ID": 110293248, "yr": 2021, "dt": "2021-06-23T08:50:00", "WOJ": 10, "sev": 2, "c": [ 255, 165, 0, 160 ], "dmg": 1, "sli": 0, "ser": 1, "fat": 0, "row": -1, "mot": 2, "pie": -1, "uto": -1, "uwr": -1 }, "geometry": { "type": "Point", "coordinates": [ 19.60225, 51.899139 ] } },
{ "type": "Feature", "properties": { "ID": 110292675, "yr": 2021, "dt": "2021-06-23T16:43:00", "WOJ": 10, "sev": 2, "c": [ 255, 165, 0, 160 ], "dmg": 1, "sli": 0, "ser": 1, "fat": 0, "row": -1, "mot": -1, "pie": -1, "uto": -1, "uwr": -1 }, "geometry": { "type": "Point", "coordinates": [ 19.513639, 51.775139 ] } },
{ "type": "Feature", "properties": { "ID": 110291787, "yr": 2021, "dt": "2021-06-23T15:35:00", "WOJ": 10, "sev": 2, "c": [ 255, 165, 0, 160 ], "dmg": 1, "sli": 0, "ser": 1, "fat": 0, "row": 2, "mot": -1, "pie": -1, "uto": -1, "uwr": -1 }, "geometry": { "type": "Point", "coordinates": [ 19.558111, 51.832083 ] } },
{ "type": "Feature", "properties": { "ID": 110291693, "yr": 2021, "dt": "2021-06-23T15:35:00", "WOJ": 10, "sev": 2, "c": [ 255, 165, 0, 160 ], "dmg": 2, "sli": 0, "ser": 1, "fat": 0, "row": -1, "mot": -1, "pie": -1, "uto": -1, "uwr": -1 }, "geometry": { "type": "Point", "coordinates": [ 19.508139, 51.788222 ] } },
{ "type": "Feature", "properties": { "ID": 110287593, "yr": 2021, "dt": "2021-06-21T07:10:00", "WOJ": 10, "sev": 2, "c": [ 255, 165, 0, 160 ], "dmg": 1, "sli": 0, "ser": 1, "fat": 0, "row": -1, "mot": -1, "pie": 2, "uto": -1, "uwr": -1 }, "geometry": { "type": "Point", "coordinates": [ 19.622944, 52.232472 ] } },
{ "type": "Feature", "properties": { "ID": 110498978, "yr": 2021, "dt": "2021-09-13T08:20:00", "WOJ": 10, "sev": 2, "c": [ 255, 165, 0, 160 ], "dmg": 1, "sli": 0, "ser": 1, "fat": 0, "row": -1, "mot": 2, "pie": -1, "uto": -1, "uwr": -1 }, "geometry": { "type": "Point", "coordinates": [ 20.130444, 51.371333 ] } },
{ "type": "Feature", "properties": { "ID": 110494601, "yr": 2021, "dt": "2021-09-10T14:15:00", "WOJ": 10, "sev": 2, "c": [ 255, 165, 0, 160 ], "dmg": 0, "sli": 2, "ser": 1, "fat": 0, "row": -1, "mot": 2, "pie": -1, "uto": -1, "uwr": -1 }, "geometry": { "type": "Point", "coordinates": [ 19.741194, 51.015806 ] } },
{ "type": "Feature", "properties": { "ID": 110490758, "yr": 2021, "dt": "2021-09-10T12:41:53", "WOJ": 10, "sev": 2, "c": [ 255, 165, 0, 160 ], "dmg": 1, "sli": 0, "ser": 1, "fat": 0, "row": 2, "mot": -1, "pie": -1, "uto": -1, "uwr": -1 }, "geometry": { "type": "Point", "coordinates": [ 19.323861, 51.659278 ] } },
{ "type": "Feature", "properties": { "ID": 110299462, "yr": 2021, "dt": "2021-06-28T14:52:23", "WOJ": 10, "sev": 2, "c": [ 255, 165, 0, 160 ], "dmg": 1, "sli": 0, "ser": 1, "fat": 0, "row": -1, "mot": 2, "pie": -1, "uto": -1, "uwr": -1 }, "geometry": { "type": "Point", "coordinates": [ 19.451278, 51.812222 ] } },
{ "type": "Feature", "properties": { "ID": 110301790, "yr": 2021, "dt": "2021-06-29T10:55:05", "WOJ": 10, "sev": 2, "c": [ 255, 165, 0, 160 ], "dmg": 1, "sli": 0, "ser": 1, "fat": 0, "row": -1, "mot": -1, "pie": -1, "uto": -1, "uwr": -1 }, "geometry": { "type": "Point", "coordinates": [ 19.478056, 51.760833 ] } },
{ "type": "Feature", "properties": { "ID": 110302823, "yr": 2021, "dt": "2021-06-30T08:51:08", "WOJ": 10, "sev": 2, "c": [ 255, 165, 0, 160 ], "dmg": 4, "sli": 0, "ser": 1, "fat": 0, "row": -1, "mot": -1, "pie": -1, "uto": -1, "uwr": -1 }, "geometry": { "type": "Point", "coordinates": [ 19.537278, 51.832722 ] } },
{ "type": "Feature", "properties": { "ID": 110305682, "yr": 2021, "dt": "2021-06-30T17:01:00", "WOJ": 10, "sev": 2, "c": [ 255, 165, 0, 160 ], "dmg": 0, "sli": 0, "ser": 1, "fat": 0, "row": 2, "mot": -1, "pie": -1, "uto": -1, "uwr": -1 }, "geometry": { "type": "Point", "coordinates": [ 20.197639, 51.831528 ] } },
{ "type": "Feature", "properties": { "ID": 110298779, "yr": 2021, "dt": "2021-06-26T12:31:00", "WOJ": 10, "sev": 2, "c": [ 255, 165, 0, 160 ], "dmg": 2, "sli": 0, "ser": 1, "fat": 0, "row": -1, "mot": 2, "pie": -1, "uto": -1, "uwr": -1 }, "geometry": { "type": "Point", "coordinates": [ 20.142889, 51.951361 ] } },
{ "type": "Feature", "properties": { "ID": 110295927, "yr": 2021, "dt": "2021-06-26T14:41:20", "WOJ": 10, "sev": 2, "c": [ 255, 165, 0, 160 ], "dmg": 1, "sli": 0, "ser": 1, "fat": 0, "row": -1, "mot": 2, "pie": -1, "uto": -1, "uwr": -1 }, "geometry": { "type": "Point", "coordinates": [ 19.460278, 51.79225 ] } },
{ "type": "Feature", "properties": { "ID": 110296059, "yr": 2021, "dt": "2021-06-27T03:16:08", "WOJ": 10, "sev": 2, "c": [ 255, 165, 0, 160 ], "dmg": 1, "sli": 0, "ser": 1, "fat": 0, "row": -1, "mot": -1, "pie": -1, "uto": -1, "uwr": -1 }, "geometry": { "type": "Point", "coordinates": [ 19.4525, 51.765028 ] } },
{ "type": "Feature", "properties": { "ID": 110492811, "yr": 2021, "dt": "2021-09-11T21:19:50", "WOJ": 10, "sev": 2, "c": [ 255, 165, 0, 160 ], "dmg": 1, "sli": 0, "ser": 1, "fat": 0, "row": -1, "mot": 2, "pie": -1, "uto": -1, "uwr": -1 }, "geometry": { "type": "Point", "coordinates": [ 19.423417, 51.745444 ] } },
{ "type": "Feature", "properties": { "ID": 110491279, "yr": 2021, "dt": "2021-09-11T13:54:47", "WOJ": 10, "sev": 2, "c": [ 255, 165, 0, 160 ], "dmg": 1, "sli": 0, "ser": 1, "fat": 0, "row": 2, "mot": -1, "pie": -1, "uto": -1, "uwr": -1 }, "geometry": { "type": "Point", "coordinates": [ 19.542944, 51.759444 ] } },
{ "type": "Feature", "properties": { "ID": 110286481, "yr": 2021, "dt": "2021-06-19T16:14:43", "WOJ": 10, "sev": 2, "c": [ 255, 165, 0, 160 ], "dmg": 0, "sli": 2, "ser": 1, "fat": 0, "row": -1, "mot": -1, "pie": -1, "uto": -1, "uwr": -1 }, "geometry": { "type": "Point", "coordinates": [ 19.426583, 51.785667 ] } },
{ "type": "Feature", "properties": { "ID": 110286037, "yr": 2021, "dt": "2021-06-19T04:17:40", "WOJ": 10, "sev": 2, "c": [ 255, 165, 0, 160 ], "dmg": 1, "sli": 0, "ser": 1, "fat": 0, "row": -1, "mot": -1, "pie": 2, "uto": -1, "uwr": -1 }, "geometry": { "type": "Point", "coordinates": [ 19.453889, 51.767111 ] } },
{ "type": "Feature", "properties": { "ID": 110287145, "yr": 2021, "dt": "2021-06-20T17:58:27", "WOJ": 10, "sev": 2, "c": [ 255, 165, 0, 160 ], "dmg": 1, "sli": 0, "ser": 1, "fat": 0, "row": 2, "mot": -1, "pie": -1, "uto": -1, "uwr": -1 }, "geometry": { "type": "Point", "coordinates": [ 19.478583, 51.761139 ] } },
{ "type": "Feature", "properties": { "ID": 110284640, "yr": 2021, "dt": "2021-06-17T13:31:00", "WOJ": 10, "sev": 2, "c": [ 255, 165, 0, 160 ], "dmg": 1, "sli": 0, "ser": 1, "fat": 0, "row": -1, "mot": 2, "pie": -1, "uto": -1, "uwr": -1 }, "geometry": { "type": "Point", "coordinates": [ 19.400194, 51.087278 ] } },
{ "type": "Feature", "properties": { "ID": 110283611, "yr": 2021, "dt": "2021-06-18T02:05:00", "WOJ": 10, "sev": 2, "c": [ 255, 165, 0, 160 ], "dmg": 0, "sli": 0, "ser": 1, "fat": 0, "row": -1, "mot": -1, "pie": -1, "uto": -1, "uwr": -1 }, "geometry": { "type": "Point", "coordinates": [ 19.330139, 52.280389 ] } },
{ "type": "Feature", "properties": { "ID": 110285641, "yr": 2021, "dt": "2021-06-18T12:55:00", "WOJ": 10, "sev": 2, "c": [ 255, 165, 0, 160 ], "dmg": 1, "sli": 0, "ser": 1, "fat": 0, "row": -1, "mot": -1, "pie": -1, "uto": -1, "uwr": -1 }, "geometry": { "type": "Point", "coordinates": [ 19.343722, 52.224528 ] } },
{ "type": "Feature", "properties": { "ID": 110284810, "yr": 2021, "dt": "2021-06-18T22:06:00", "WOJ": 10, "sev": 2, "c": [ 255, 165, 0, 160 ], "dmg": 1, "sli": 0, "ser": 1, "fat": 0, "row": -1, "mot": 2, "pie": -1, "uto": -1, "uwr": -1 }, "geometry": { "type": "Point", "coordinates": [ 19.865583, 51.162583 ] } },
{ "type": "Feature", "properties": { "ID": 110491479, "yr": 2021, "dt": "2021-09-12T12:49:29", "WOJ": 10, "sev": 2, "c": [ 255, 165, 0, 160 ], "dmg": 1, "sli": 0, "ser": 1, "fat": 0, "row": -1, "mot": 2, "pie": -1, "uto": -1, "uwr": -1 }, "geometry": { "type": "Point", "coordinates": [ 19.358556, 51.804694 ] } },
{ "type": "Feature", "properties": { "ID": 110494071, "yr": 2021, "dt": "2021-09-12T17:43:39", "WOJ": 10, "sev": 2, "c": [ 255, 165, 0, 160 ], "dmg": 2, "sli": 0, "ser": 1, "fat": 0, "row": -1, "mot": 2, "pie": -1, "uto": -1, "uwr": -1 }, "geometry": { "type": "Point", "coordinates": [ 19.406639, 51.74825 ] } },
{ "type": "Feature", "properties": { "ID": 110486320, "yr": 2021, "dt": "2021-09-10T07:30:44", "WOJ": 10, "sev": 2, "c": [ 255, 165, 0, 160 ], "dmg": 1, "sli": 0, "ser": 1, "fat": 0, "row": -1, "mot": -1, "pie": 2, "uto": -1, "uwr": -1 }, "geometry": { "type": "Point", "coordinates": [ 19.489611, 51.728083 ] } },
{ "type": "Feature", "properties": { "ID": 110486663, "yr": 2021, "dt": "2021-09-10T11:19:00", "WOJ": 10, "sev": 2, "c": [ 255, 165, 0, 160 ], "dmg": 1, "sli": 0, "ser": 1, "fat": 0, "row": -1, "mot": -1, "pie": -1, "uto": -1, "uwr": -1 }, "geometry": { "type": "Point", "coordinates": [ 19.395361, 51.797222 ] } },
{ "type": "Feature", "properties": { "ID": 110490804, "yr": 2021, "dt": "2021-09-10T14:39:52", "WOJ": 10, "sev": 2, "c": [ 255, 165, 0, 160 ], "dmg": 1, "sli": 0, "ser": 1, "fat": 0, "row": -1, "mot": -1, "pie": -1, "uto": -1, "uwr": -1 }, "geometry": { "type": "Point", "coordinates": [ 19.486528, 51.713528 ] } },
{ "type": "Feature", "properties": { "ID": 110490205, "yr": 2021, "dt": "2021-09-10T13:19:00", "WOJ": 10, "sev": 2, "c": [ 255, 165, 0, 160 ], "dmg": 1, "sli": 0, "ser": 1, "fat": 0, "row": 2, "mot": -1, "pie": -1, "uto": -1, "uwr": -1 }, "geometry": { "type": "Point", "coordinates": [ 19.482917, 51.772861 ] } },
{ "type": "Feature", "properties": { "ID": 110290013, "yr": 2021, "dt": "2021-06-22T09:38:00", "WOJ": 10, "sev": 2, "c": [ 255, 165, 0, 160 ], "dmg": 1, "sli": 0, "ser": 1, "fat": 0, "row": 2, "mot": -1, "pie": -1, "uto": -1, "uwr": -1 }, "geometry": { "type": "Point", "coordinates": [ 19.452111, 51.777639 ] } },
{ "type": "Feature", "properties": { "ID": 110497031, "yr": 2021, "dt": "2021-09-13T14:46:40", "WOJ": 10, "sev": 2, "c": [ 255, 165, 0, 160 ], "dmg": 1, "sli": 0, "ser": 1, "fat": 0, "row": -1, "mot": 2, "pie": -1, "uto": -1, "uwr": -1 }, "geometry": { "type": "Point", "coordinates": [ 19.541528, 51.711139 ] } },
{ "type": "Feature", "properties": { "ID": 116714580, "yr": 2021, "dt": "2021-12-16T13:06:02", "WOJ": 10, "sev": 2, "c": [ 255, 165, 0, 160 ], "dmg": 1, "sli": 0, "ser": 1, "fat": 0, "row": -1, "mot": -1, "pie": -1, "uto": -1, "uwr": -1 }, "geometry": { "type": "Point", "coordinates": [ 19.437, 51.724833 ] } },
{ "type": "Feature", "properties": { "ID": 116715214, "yr": 2021, "dt": "2021-12-16T12:10:58", "WOJ": 10, "sev": 2, "c": [ 255, 165, 0, 160 ], "dmg": 1, "sli": 0, "ser": 1, "fat": 0, "row": -1, "mot": -1, "pie": 2, "uto": -1, "uwr": -1 }, "geometry": { "type": "Point", "coordinates": [ 19.419, 51.746833 ] } },
{ "type": "Feature", "properties": { "ID": 116718880, "yr": 2021, "dt": "2021-12-17T14:51:54", "WOJ": 10, "sev": 2, "c": [ 255, 165, 0, 160 ], "dmg": 1, "sli": 0, "ser": 1, "fat": 0, "row": -1, "mot": -1, "pie": -1, "uto": -1, "uwr": -1 }, "geometry": { "type": "Point", "coordinates": [ 19.451306, 51.779917 ] } },
{ "type": "Feature", "properties": { "ID": 116719213, "yr": 2021, "dt": "2021-12-17T21:52:43", "WOJ": 10, "sev": 2, "c": [ 255, 165, 0, 160 ], "dmg": 1, "sli": 0, "ser": 1, "fat": 0, "row": -1, "mot": -1, "pie": -1, "uto": -1, "uwr": -1 }, "geometry": { "type": "Point", "coordinates": [ 19.590083, 51.793861 ] } },
{ "type": "Feature", "properties": { "ID": 115904827, "yr": 2021, "dt": "2021-12-13T16:20:08", "WOJ": 10, "sev": 2, "c": [ 255, 165, 0, 160 ], "dmg": 2, "sli": 0, "ser": 1, "fat": 0, "row": -1, "mot": -1, "pie": -1, "uto": -1, "uwr": -1 }, "geometry": { "type": "Point", "coordinates": [ 19.422778, 51.705917 ] } },
{ "type": "Feature", "properties": { "ID": 109864275, "yr": 2021, "dt": "2021-02-01T15:18:19", "WOJ": 10, "sev": 2, "c": [ 255, 165, 0, 160 ], "dmg": 2, "sli": 0, "ser": 1, "fat": 0, "row": -1, "mot": -1, "pie": -1, "uto": -1, "uwr": -1 }, "geometry": { "type": "Point", "coordinates": [ 19.535583, 51.75725 ] } },
{ "type": "Feature", "properties": { "ID": 109865205, "yr": 2021, "dt": "2021-02-02T07:05:00", "WOJ": 10, "sev": 2, "c": [ 255, 165, 0, 160 ], "dmg": 0, "sli": 3, "ser": 1, "fat": 0, "row": -1, "mot": -1, "pie": -1, "uto": -1, "uwr": -1 }, "geometry": { "type": "Point", "coordinates": [ 19.806139, 51.585 ] } },
{ "type": "Feature", "properties": { "ID": 109864946, "yr": 2021, "dt": "2021-02-02T17:21:51", "WOJ": 10, "sev": 2, "c": [ 255, 165, 0, 160 ], "dmg": 1, "sli": 0, "ser": 1, "fat": 0, "row": -1, "mot": -1, "pie": 2, "uto": -1, "uwr": -1 }, "geometry": { "type": "Point", "coordinates": [ 19.539583, 51.720806 ] } },
{ "type": "Feature", "properties": { "ID": 109858304, "yr": 2021, "dt": "2021-01-29T15:59:00", "WOJ": 10, "sev": 2, "c": [ 255, 165, 0, 160 ], "dmg": 2, "sli": 1, "ser": 3, "fat": 0, "row": -1, "mot": -1, "pie": -1, "uto": -1, "uwr": -1 }, "geometry": { "type": "Point", "coordinates": [ 19.450583, 51.781917 ] } },
{ "type": "Feature", "properties": { "ID": 115998826, "yr": 2021, "dt": "2021-12-13T22:53:32", "WOJ": 10, "sev": 2, "c": [ 255, 165, 0, 160 ], "dmg": 2, "sli": 0, "ser": 1, "fat": 0, "row": -1, "mot": -1, "pie": -1, "uto": -1, "uwr": -1 }, "geometry": { "type": "Point", "coordinates": [ 19.554972, 51.757778 ] } },
{ "type": "Feature", "properties": { "ID": 116308818, "yr": 2021, "dt": "2021-12-14T08:55:22", "WOJ": 10, "sev": 2, "c": [ 255, 165, 0, 160 ], "dmg": 1, "sli": 0, "ser": 1, "fat": 0, "row": 2, "mot": -1, "pie": -1, "uto": -1, "uwr": -1 }, "geometry": { "type": "Point", "coordinates": [ 19.436611, 51.751278 ] } },
{ "type": "Feature", "properties": { "ID": 110497894, "yr": 2021, "dt": "2021-09-13T17:27:00", "WOJ": 10, "sev": 2, "c": [ 255, 165, 0, 160 ], "dmg": 0, "sli": 0, "ser": 1, "fat": 0, "row": -1, "mot": -1, "pie": -1, "uto": -1, "uwr": -1 }, "geometry": { "type": "Point", "coordinates": [ 19.287389, 51.955944 ] } },
{ "type": "Feature", "properties": { "ID": 110511808, "yr": 2021, "dt": "2021-09-15T10:09:18", "WOJ": 10, "sev": 2, "c": [ 255, 165, 0, 160 ], "dmg": 2, "sli": 0, "ser": 1, "fat": 0, "row": -1, "mot": -1, "pie": -1, "uto": -1, "uwr": -1 }, "geometry": { "type": "Point", "coordinates": [ 19.437806, 51.799722 ] } },
{ "type": "Feature", "properties": { "ID": 110524980, "yr": 2021, "dt": "2021-09-16T14:30:19", "WOJ": 10, "sev": 2, "c": [ 255, 165, 0, 160 ], "dmg": 1, "sli": 0, "ser": 1, "fat": 0, "row": -1, "mot": -1, "pie": -1, "uto": -1, "uwr": -1 }, "geometry": { "type": "Point", "coordinates": [ 19.424444, 51.799056 ] } },
{ "type": "Feature", "properties": { "ID": 110491771, "yr": 2021, "dt": "2021-09-11T16:48:46", "WOJ": 10, "sev": 2, "c": [ 255, 165, 0, 160 ], "dmg": 1, "sli": 0, "ser": 1, "fat": 0, "row": -1, "mot": 2, "pie": -1, "uto": -1, "uwr": -1 }, "geometry": { "type": "Point", "coordinates": [ 20.101167, 51.996194 ] } },
{ "type": "Feature", "properties": { "ID": 110269751, "yr": 2021, "dt": "2021-06-12T12:33:31", "WOJ": 10, "sev": 2, "c": [ 255, 165, 0, 160 ], "dmg": 2, "sli": 0, "ser": 1, "fat": 0, "row": -1, "mot": -1, "pie": -1, "uto": -1, "uwr": -1 }, "geometry": { "type": "Point", "coordinates": [ 19.482389, 51.773972 ] } },
{ "type": "Feature", "properties": { "ID": 110271426, "yr": 2021, "dt": "2021-06-13T12:06:00", "WOJ": 10, "sev": 2, "c": [ 255, 165, 0, 160 ], "dmg": 1, "sli": 0, "ser": 1, "fat": 0, "row": 2, "mot": -1, "pie": -1, "uto": -1, "uwr": -1 }, "geometry": { "type": "Point", "coordinates": [ 19.443528, 51.748889 ] } },
{ "type": "Feature", "properties": { "ID": 110273046, "yr": 2021, "dt": "2021-06-14T20:51:10", "WOJ": 10, "sev": 2, "c": [ 255, 165, 0, 160 ], "dmg": 1, "sli": 0, "ser": 1, "fat": 0, "row": -1, "mot": -1, "pie": 2, "uto": -1, "uwr": -1 }, "geometry": { "type": "Point", "coordinates": [ 19.463944, 51.741389 ] } },
{ "type": "Feature", "properties": { "ID": 110273507, "yr": 2021, "dt": "2021-06-14T19:21:48", "WOJ": 10, "sev": 2, "c": [ 255, 165, 0, 160 ], "dmg": 1, "sli": 0, "ser": 2, "fat": 0, "row": -1, "mot": -1, "pie": 2, "uto": -1, "uwr": -1 }, "geometry": { "type": "Point", "coordinates": [ 19.414222, 51.752 ] } },
{ "type": "Feature", "properties": { "ID": 110526143, "yr": 2021, "dt": "2021-09-17T20:54:01", "WOJ": 10, "sev": 2, "c": [ 255, 165, 0, 160 ], "dmg": 1, "sli": 0, "ser": 1, "fat": 0, "row": 2, "mot": -1, "pie": -1, "uto": -1, "uwr": -1 }, "geometry": { "type": "Point", "coordinates": [ 19.459861, 51.752778 ] } },
{ "type": "Feature", "properties": { "ID": 110525177, "yr": 2021, "dt": "2021-09-17T05:07:00", "WOJ": 10, "sev": 2, "c": [ 255, 165, 0, 160 ], "dmg": 1, "sli": 0, "ser": 1, "fat": 0, "row": -1, "mot": -1, "pie": -1, "uto": -1, "uwr": -1 }, "geometry": { "type": "Point", "coordinates": [ 19.484694, 51.762361 ] } },
{ "type": "Feature", "properties": { "ID": 110526072, "yr": 2021, "dt": "2021-09-17T15:43:29", "WOJ": 10, "sev": 2, "c": [ 255, 165, 0, 160 ], "dmg": 0, "sli": 1, "ser": 1, "fat": 0, "row": -1, "mot": -1, "pie": -1, "uto": -1, "uwr": -1 }, "geometry": { "type": "Point", "coordinates": [ 19.225806, 51.620361 ] } },
{ "type": "Feature", "properties": { "ID": 110273015, "yr": 2021, "dt": "2021-06-14T17:48:50", "WOJ": 10, "sev": 2, "c": [ 255, 165, 0, 160 ], "dmg": 1, "sli": 0, "ser": 1, "fat": 0, "row": 2, "mot": -1, "pie": -1, "uto": -1, "uwr": -1 }, "geometry": { "type": "Point", "coordinates": [ 19.392778, 51.789361 ] } },
{ "type": "Feature", "properties": { "ID": 110266390, "yr": 2021, "dt": "2021-06-10T08:13:00", "WOJ": 10, "sev": 2, "c": [ 255, 165, 0, 160 ], "dmg": 1, "sli": 0, "ser": 1, "fat": 0, "row": 2, "mot": -1, "pie": -1, "uto": -1, "uwr": -1 }, "geometry": { "type": "Point", "coordinates": [ 19.539472, 51.721167 ] } },
{ "type": "Feature", "properties": { "ID": 110491514, "yr": 2021, "dt": "2021-09-12T16:05:02", "WOJ": 10, "sev": 2, "c": [ 255, 165, 0, 160 ], "dmg": 1, "sli": 0, "ser": 1, "fat": 0, "row": -1, "mot": -1, "pie": -1, "uto": -1, "uwr": -1 }, "geometry": { "type": "Point", "coordinates": [ 19.321194, 51.661667 ] } },
{ "type": "Feature", "properties": { "ID": 110496793, "yr": 2021, "dt": "2021-09-13T10:37:00", "WOJ": 10, "sev": 2, "c": [ 255, 165, 0, 160 ], "dmg": 1, "sli": 0, "ser": 2, "fat": 0, "row": -1, "mot": -1, "pie": -1, "uto": -1, "uwr": -1 }, "geometry": { "type": "Point", "coordinates": [ 19.34475, 52.228361 ] } },
{ "type": "Feature", "properties": { "ID": 110497020, "yr": 2021, "dt": "2021-09-13T16:16:15", "WOJ": 10, "sev": 2, "c": [ 255, 165, 0, 160 ], "dmg": 1, "sli": 0, "ser": 1, "fat": 0, "row": 2, "mot": -1, "pie": -1, "uto": -1, "uwr": -1 }, "geometry": { "type": "Point", "coordinates": [ 19.488528, 51.755972 ] } },
{ "type": "Feature", "properties": { "ID": 110284823, "yr": 2021, "dt": "2021-06-18T23:09:04", "WOJ": 10, "sev": 2, "c": [ 255, 165, 0, 160 ], "dmg": 2, "sli": 0, "ser": 2, "fat": 0, "row": -1, "mot": -1, "pie": -1, "uto": -1, "uwr": -1 }, "geometry": { "type": "Point", "coordinates": [ 19.421528, 51.767389 ] } },
{ "type": "Feature", "properties": { "ID": 110281569, "yr": 2021, "dt": "2021-06-16T16:44:15", "WOJ": 10, "sev": 2, "c": [ 255, 165, 0, 160 ], "dmg": 1, "sli": 0, "ser": 1, "fat": 0, "row": 2, "mot": -1, "pie": -1, "uto": -1, "uwr": -1 }, "geometry": { "type": "Point", "coordinates": [ 19.485833, 51.716639 ] } },
{ "type": "Feature", "properties": { "ID": 110279573, "yr": 2021, "dt": "2021-06-16T06:30:55", "WOJ": 10, "sev": 2, "c": [ 255, 165, 0, 160 ], "dmg": 1, "sli": 0, "ser": 1, "fat": 0, "row": -1, "mot": -1, "pie": -1, "uto": -1, "uwr": -1 }, "geometry": { "type": "Point", "coordinates": [ 19.669528, 51.279056 ] } },
{ "type": "Feature", "properties": { "ID": 110283261, "yr": 2021, "dt": "2021-06-17T11:19:14", "WOJ": 10, "sev": 2, "c": [ 255, 165, 0, 160 ], "dmg": 1, "sli": 0, "ser": 1, "fat": 0, "row": -1, "mot": -1, "pie": -1, "uto": -1, "uwr": -1 }, "geometry": { "type": "Point", "coordinates": [ 19.37525, 51.801806 ] } },
{ "type": "Feature", "properties": { "ID": 110268414, "yr": 2021, "dt": "2021-06-11T16:52:00", "WOJ": 10, "sev": 2, "c": [ 255, 165, 0, 160 ], "dmg": 0, "sli": 0, "ser": 1, "fat": 0, "row": -1, "mot": -1, "pie": -1, "uto": -1, "uwr": -1 }, "geometry": { "type": "Point", "coordinates": [ 19.362167, 51.566083 ] } },
{ "type": "Feature", "properties": { "ID": 110266207, "yr": 2021, "dt": "2021-06-11T07:04:57", "WOJ": 10, "sev": 2, "c": [ 255, 165, 0, 160 ], "dmg": 1, "sli": 0, "ser": 1, "fat": 0, "row": 2, "mot": -1, "pie": -1, "uto": -1, "uwr": -1 }, "geometry": { "type": "Point", "coordinates": [ 19.421028, 51.756222 ] } },
{ "type": "Feature", "properties": { "ID": 110268474, "yr": 2021, "dt": "2021-06-11T22:43:09", "WOJ": 10, "sev": 2, "c": [ 255, 165, 0, 160 ], "dmg": 1, "sli": 0, "ser": 1, "fat": 0, "row": -1, "mot": -1, "pie": -1, "uto": -1, "uwr": -1 }, "geometry": { "type": "Point", "coordinates": [ 19.463056, 51.759889 ] } },
{ "type": "Feature", "properties": { "ID": 110268340, "yr": 2021, "dt": "2021-06-11T20:00:58", "WOJ": 10, "sev": 2, "c": [ 255, 165, 0, 160 ], "dmg": 0, "sli": 0, "ser": 1, "fat": 0, "row": -1, "mot": -1, "pie": -1, "uto": -1, "uwr": -1 }, "geometry": { "type": "Point", "coordinates": [ 19.799972, 51.772278 ] } },
{ "type": "Feature", "properties": { "ID": 110526354, "yr": 2021, "dt": "2021-09-18T09:10:24", "WOJ": 10, "sev": 2, "c": [ 255, 165, 0, 160 ], "dmg": 1, "sli": 0, "ser": 1, "fat": 0, "row": -1, "mot": -1, "pie": -1, "uto": -1, "uwr": -1 }, "geometry": { "type": "Point", "coordinates": [ 19.438833, 51.745278 ] } },
{ "type": "Feature", "properties": { "ID": 110526705, "yr": 2021, "dt": "2021-09-18T19:40:00", "WOJ": 10, "sev": 2, "c": [ 255, 165, 0, 160 ], "dmg": 1, "sli": 0, "ser": 1, "fat": 0, "row": -1, "mot": -1, "pie": 2, "uto": -1, "uwr": -1 }, "geometry": { "type": "Point", "coordinates": [ 19.453639, 51.070889 ] } },
{ "type": "Feature", "properties": { "ID": 110529622, "yr": 2021, "dt": "2021-09-20T15:35:00", "WOJ": 10, "sev": 2, "c": [ 255, 165, 0, 160 ], "dmg": 1, "sli": 0, "ser": 1, "fat": 0, "row": -1, "mot": -1, "pie": -1, "uto": -1, "uwr": -1 }, "geometry": { "type": "Point", "coordinates": [ 19.349306, 52.232472 ] } },
{ "type": "Feature", "properties": { "ID": 110530913, "yr": 2021, "dt": "2021-09-20T20:28:17", "WOJ": 10, "sev": 2, "c": [ 255, 165, 0, 160 ], "dmg": 5, "sli": 0, "ser": 1, "fat": 0, "row": -1, "mot": -1, "pie": -1, "uto": -1, "uwr": -1 }, "geometry": { "type": "Point", "coordinates": [ 19.49375, 51.762139 ] } },
{ "type": "Feature", "properties": { "ID": 110531019, "yr": 2021, "dt": "2021-09-21T06:33:31", "WOJ": 10, "sev": 2, "c": [ 255, 165, 0, 160 ], "dmg": 1, "sli": 0, "ser": 1, "fat": 0, "row": -1, "mot": 2, "pie": -1, "uto": -1, "uwr": -1 }, "geometry": { "type": "Point", "coordinates": [ 19.433861, 51.789528 ] } },
{ "type": "Feature", "properties": { "ID": 110534104, "yr": 2021, "dt": "2021-09-21T23:33:35", "WOJ": 10, "sev": 2, "c": [ 255, 165, 0, 160 ], "dmg": 1, "sli": 0, "ser": 1, "fat": 0, "row": -1, "mot": -1, "pie": -1, "uto": -1, "uwr": -1 }, "geometry": { "type": "Point", "coordinates": [ 19.46875, 51.76 ] } },
{ "type": "Feature", "properties": { "ID": 110531375, "yr": 2021, "dt": "2021-09-21T08:14:11", "WOJ": 10, "sev": 2, "c": [ 255, 165, 0, 160 ], "dmg": 1, "sli": 0, "ser": 1, "fat": 0, "row": -1, "mot": -1, "pie": -1, "uto": -1, "uwr": -1 }, "geometry": { "type": "Point", "coordinates": [ 19.524583, 51.954583 ] } },
{ "type": "Feature", "properties": { "ID": 110525102, "yr": 2021, "dt": "2021-09-16T16:45:36", "WOJ": 10, "sev": 2, "c": [ 255, 165, 0, 160 ], "dmg": 0, "sli": 0, "ser": 1, "fat": 0, "row": -1, "mot": -1, "pie": -1, "uto": -1, "uwr": -1 }, "geometry": { "type": "Point", "coordinates": [ 19.511472, 51.767028 ] } },
{ "type": "Feature", "properties": { "ID": 110276472, "yr": 2021, "dt": "2021-06-15T17:12:00", "WOJ": 10, "sev": 2, "c": [ 255, 165, 0, 160 ], "dmg": 1, "sli": 0, "ser": 1, "fat": 0, "row": 2, "mot": -1, "pie": -1, "uto": -1, "uwr": -1 }, "geometry": { "type": "Point", "coordinates": [ 19.412667, 51.74775 ] } },
{ "type": "Feature", "properties": { "ID": 110275844, "yr": 2021, "dt": "2021-06-15T13:05:30", "WOJ": 10, "sev": 2, "c": [ 255, 165, 0, 160 ], "dmg": 0, "sli": 1, "ser": 1, "fat": 0, "row": -1, "mot": -1, "pie": -1, "uto": -1, "uwr": -1 }, "geometry": { "type": "Point", "coordinates": [ 19.391972, 51.78525 ] } },
{ "type": "Feature", "properties": { "ID": 110280364, "yr": 2021, "dt": "2021-06-16T22:28:04", "WOJ": 10, "sev": 2, "c": [ 255, 165, 0, 160 ], "dmg": 1, "sli": 0, "ser": 1, "fat": 0, "row": -1, "mot": -1, "pie": 2, "uto": -1, "uwr": -1 }, "geometry": { "type": "Point", "coordinates": [ 19.455556, 51.752389 ] } },
{ "type": "Feature", "properties": { "ID": 110270014, "yr": 2021, "dt": "2021-06-12T10:45:00", "WOJ": 10, "sev": 2, "c": [ 255, 165, 0, 160 ], "dmg": 0, "sli": 0, "ser": 1, "fat": 0, "row": -1, "mot": -1, "pie": -1, "uto": -1, "uwr": -1 }, "geometry": { "type": "Point", "coordinates": [ 19.677139, 52.223111 ] } },
{ "type": "Feature", "properties": { "ID": 110263098, "yr": 2021, "dt": "2021-06-09T12:03:59", "WOJ": 10, "sev": 2, "c": [ 255, 165, 0, 160 ], "dmg": 1, "sli": 0, "ser": 1, "fat": 0, "row": 2, "mot": -1, "pie": -1, "uto": -1, "uwr": -1 }, "geometry": { "type": "Point", "coordinates": [ 19.476639, 51.761028 ] } },
{ "type": "Feature", "properties": { "ID": 110263606, "yr": 2021, "dt": "2021-06-09T18:34:43", "WOJ": 10, "sev": 2, "c": [ 255, 165, 0, 160 ], "dmg": 1, "sli": 0, "ser": 2, "fat": 0, "row": -1, "mot": -1, "pie": -1, "uto": -1, "uwr": -1 }, "geometry": { "type": "Point", "coordinates": [ 19.457, 51.708861 ] } },
{ "type": "Feature", "properties": { "ID": 110262390, "yr": 2021, "dt": "2021-06-09T11:26:00", "WOJ": 10, "sev": 2, "c": [ 255, 165, 0, 160 ], "dmg": 1, "sli": 0, "ser": 1, "fat": 0, "row": -1, "mot": -1, "pie": 2, "uto": -1, "uwr": -1 }, "geometry": { "type": "Point", "coordinates": [ 18.705111, 51.548944 ] } },
{ "type": "Feature", "properties": { "ID": 110264169, "yr": 2021, "dt": "2021-06-10T08:31:00", "WOJ": 10, "sev": 2, "c": [ 255, 165, 0, 160 ], "dmg": 1, "sli": 0, "ser": 1, "fat": 0, "row": 2, "mot": -1, "pie": -1, "uto": -1, "uwr": -1 }, "geometry": { "type": "Point", "coordinates": [ 19.4705, 51.783472 ] } },
{ "type": "Feature", "properties": { "ID": 110266047, "yr": 2021, "dt": "2021-06-10T23:30:00", "WOJ": 10, "sev": 2, "c": [ 255, 165, 0, 160 ], "dmg": 0, "sli": 3, "ser": 1, "fat": 0, "row": -1, "mot": -1, "pie": -1, "uto": -1, "uwr": -1 }, "geometry": { "type": "Point", "coordinates": [ 19.309444, 51.889111 ] } },
{ "type": "Feature", "properties": { "ID": 110265909, "yr": 2021, "dt": "2021-06-10T21:05:26", "WOJ": 10, "sev": 2, "c": [ 255, 165, 0, 160 ], "dmg": 1, "sli": 0, "ser": 1, "fat": 0, "row": 2, "mot": -1, "pie": -1, "uto": -1, "uwr": -1 }, "geometry": { "type": "Point", "coordinates": [ 19.508361, 51.763222 ] } },
{ "type": "Feature", "properties": { "ID": 110264092, "yr": 2021, "dt": "2021-06-10T11:25:35", "WOJ": 10, "sev": 2, "c": [ 255, 165, 0, 160 ], "dmg": 1, "sli": 0, "ser": 1, "fat": 0, "row": -1, "mot": -1, "pie": 2, "uto": -1, "uwr": -1 }, "geometry": { "type": "Point", "coordinates": [ 19.442278, 51.820167 ] } },
{ "type": "Feature", "properties": { "ID": 110736016, "yr": 2021, "dt": "2021-09-27T19:30:07", "WOJ": 10, "sev": 2, "c": [ 255, 165, 0, 160 ], "dmg": 1, "sli": 0, "ser": 1, "fat": 0, "row": -1, "mot": 2, "pie": -1, "uto": -1, "uwr": -1 }, "geometry": { "type": "Point", "coordinates": [ 19.456194, 51.750056 ] } },
{ "type": "Feature", "properties": { "ID": 110531322, "yr": 2021, "dt": "2021-09-21T09:38:57", "WOJ": 10, "sev": 2, "c": [ 255, 165, 0, 160 ], "dmg": 1, "sli": 0, "ser": 1, "fat": 0, "row": -1, "mot": -1, "pie": -1, "uto": -1, "uwr": -1 }, "geometry": { "type": "Point", "coordinates": [ 19.608639, 51.779944 ] } },
{ "type": "Feature", "properties": { "ID": 110531326, "yr": 2021, "dt": "2021-09-21T07:45:00", "WOJ": 10, "sev": 2, "c": [ 255, 165, 0, 160 ], "dmg": 1, "sli": 0, "ser": 1, "fat": 0, "row": -1, "mot": -1, "pie": -1, "uto": -1, "uwr": -1 }, "geometry": { "type": "Point", "coordinates": [ 19.406167, 52.243722 ] } },
{ "type": "Feature", "properties": { "ID": 110537227, "yr": 2021, "dt": "2021-09-22T22:10:35", "WOJ": 10, "sev": 2, "c": [ 255, 165, 0, 160 ], "dmg": 1, "sli": 0, "ser": 1, "fat": 0, "row": 2, "mot": -1, "pie": -1, "uto": -1, "uwr": -1 }, "geometry": { "type": "Point", "coordinates": [ 19.509389, 51.74975 ] } },
{ "type": "Feature", "properties": { "ID": 110534306, "yr": 2021, "dt": "2021-09-22T05:50:28", "WOJ": 10, "sev": 2, "c": [ 255, 165, 0, 160 ], "dmg": 1, "sli": 0, "ser": 1, "fat": 0, "row": -1, "mot": 2, "pie": -1, "uto": -1, "uwr": -1 }, "geometry": { "type": "Point", "coordinates": [ 19.493528, 51.747417 ] } },
{ "type": "Feature", "properties": { "ID": 110538769, "yr": 2021, "dt": "2021-09-23T13:29:50", "WOJ": 10, "sev": 2, "c": [ 255, 165, 0, 160 ], "dmg": 1, "sli": 1, "ser": 1, "fat": 0, "row": -1, "mot": -1, "pie": -1, "uto": -1, "uwr": -1 }, "geometry": { "type": "Point", "coordinates": [ 19.507556, 51.776472 ] } },
{ "type": "Feature", "properties": { "ID": 110537571, "yr": 2021, "dt": "2021-09-23T12:03:18", "WOJ": 10, "sev": 2, "c": [ 255, 165, 0, 160 ], "dmg": 1, "sli": 0, "ser": 1, "fat": 0, "row": -1, "mot": -1, "pie": -1, "uto": -1, "uwr": -1 }, "geometry": { "type": "Point", "coordinates": [ 19.5385, 51.725472 ] } },
{ "type": "Feature", "properties": { "ID": 111696581, "yr": 2021, "dt": "2021-09-24T09:50:00", "WOJ": 10, "sev": 2, "c": [ 255, 165, 0, 160 ], "dmg": 1, "sli": 0, "ser": 1, "fat": 0, "row": 2, "mot": -1, "pie": -1, "uto": -1, "uwr": -1 }, "geometry": { "type": "Point", "coordinates": [ 19.9425, 52.094611 ] } },
{ "type": "Feature", "properties": { "ID": 110268299, "yr": 2021, "dt": "2021-06-11T18:08:06", "WOJ": 10, "sev": 2, "c": [ 255, 165, 0, 160 ], "dmg": 1, "sli": 0, "ser": 1, "fat": 0, "row": -1, "mot": -1, "pie": 2, "uto": -1, "uwr": -1 }, "geometry": { "type": "Point", "coordinates": [ 19.418722, 51.790472 ] } },
{ "type": "Feature", "properties": { "ID": 110932874, "yr": 2021, "dt": "2021-09-29T09:38:41", "WOJ": 10, "sev": 2, "c": [ 255, 165, 0, 160 ], "dmg": 1, "sli": 0, "ser": 1, "fat": 0, "row": -1, "mot": -1, "pie": -1, "uto": -1, "uwr": -1 }, "geometry": { "type": "Point", "coordinates": [ 19.430778, 51.798528 ] } },
{ "type": "Feature", "properties": { "ID": 110568899, "yr": 2021, "dt": "2021-09-24T18:40:00", "WOJ": 10, "sev": 2, "c": [ 255, 165, 0, 160 ], "dmg": 1, "sli": 0, "ser": 1, "fat": 0, "row": -1, "mot": -1, "pie": 2, "uto": -1, "uwr": -1 }, "geometry": { "type": "Point", "coordinates": [ 19.464167, 51.769417 ] } },
{ "type": "Feature", "properties": { "ID": 110539982, "yr": 2021, "dt": "2021-09-24T14:10:00", "WOJ": 10, "sev": 2, "c": [ 255, 165, 0, 160 ], "dmg": 0, "sli": 0, "ser": 1, "fat": 0, "row": -1, "mot": 2, "pie": -1, "uto": -1, "uwr": -1 }, "geometry": { "type": "Point", "coordinates": [ 19.393361, 52.285444 ] } },
{ "type": "Feature", "properties": { "ID": 110538666, "yr": 2021, "dt": "2021-09-24T12:40:00", "WOJ": 10, "sev": 2, "c": [ 255, 165, 0, 160 ], "dmg": 2, "sli": 0, "ser": 1, "fat": 0, "row": -1, "mot": -1, "pie": -1, "uto": -1, "uwr": -1 }, "geometry": { "type": "Point", "coordinates": [ 19.482306, 51.137306 ] } },
{ "type": "Feature", "properties": { "ID": 110540141, "yr": 2021, "dt": "2021-09-24T18:18:41", "WOJ": 10, "sev": 2, "c": [ 255, 165, 0, 160 ], "dmg": 1, "sli": 0, "ser": 1, "fat": 0, "row": -1, "mot": -1, "pie": 2, "uto": -1, "uwr": -1 }, "geometry": { "type": "Point", "coordinates": [ 19.660222, 51.841056 ] } },
{ "type": "Feature", "properties": { "ID": 110568927, "yr": 2021, "dt": "2021-09-25T19:49:00", "WOJ": 10, "sev": 2, "c": [ 255, 165, 0, 160 ], "dmg": 1, "sli": 0, "ser": 2, "fat": 0, "row": -1, "mot": -1, "pie": -1, "uto": -1, "uwr": -1 }, "geometry": { "type": "Point", "coordinates": [ 19.456222, 51.744667 ] } },
{ "type": "Feature", "properties": { "ID": 110541788, "yr": 2021, "dt": "2021-09-25T01:30:00", "WOJ": 10, "sev": 2, "c": [ 255, 165, 0, 160 ], "dmg": 1, "sli": 1, "ser": 1, "fat": 0, "row": -1, "mot": -1, "pie": -1, "uto": -1, "uwr": -1 }, "geometry": { "type": "Point", "coordinates": [ 18.8935, 51.769667 ] } },
{ "type": "Feature", "properties": { "ID": 110568912, "yr": 2021, "dt": "2021-09-25T14:30:00", "WOJ": 10, "sev": 2, "c": [ 255, 165, 0, 160 ], "dmg": 1, "sli": 0, "ser": 1, "fat": 0, "row": -1, "mot": 2, "pie": -1, "uto": -1, "uwr": -1 }, "geometry": { "type": "Point", "coordinates": [ 19.535667, 51.757222 ] } },
{ "type": "Feature", "properties": { "ID": 110540880, "yr": 2021, "dt": "2021-09-25T01:10:03", "WOJ": 10, "sev": 2, "c": [ 255, 165, 0, 160 ], "dmg": 0, "sli": 0, "ser": 2, "fat": 0, "row": -1, "mot": -1, "pie": -1, "uto": -1, "uwr": -1 }, "geometry": { "type": "Point", "coordinates": [ 19.457278, 51.764083 ] } },
{ "type": "Feature", "properties": { "ID": 110602808, "yr": 2021, "dt": "2021-09-25T14:55:00", "WOJ": 10, "sev": 2, "c": [ 255, 165, 0, 160 ], "dmg": 0, "sli": 1, "ser": 1, "fat": 0, "row": -1, "mot": -1, "pie": -1, "uto": -1, "uwr": -1 }, "geometry": { "type": "Point", "coordinates": [ 19.733889, 51.97 ] } },
{ "type": "Feature", "properties": { "ID": 110567040, "yr": 2021, "dt": "2021-09-26T21:50:00", "WOJ": 10, "sev": 2, "c": [ 255, 165, 0, 160 ], "dmg": 1, "sli": 0, "ser": 1, "fat": 0, "row": -1, "mot": 2, "pie": -1, "uto": -1, "uwr": -1 }, "geometry": { "type": "Point", "coordinates": [ 19.522778, 51.087528 ] } },
{ "type": "Feature", "properties": { "ID": 110567041, "yr": 2021, "dt": "2021-09-26T18:20:42", "WOJ": 10, "sev": 2, "c": [ 255, 165, 0, 160 ], "dmg": 1, "sli": 0, "ser": 1, "fat": 0, "row": -1, "mot": 2, "pie": -1, "uto": -1, "uwr": -1 }, "geometry": { "type": "Point", "coordinates": [ 19.581556, 51.966722 ] } },
{ "type": "Feature", "properties": { "ID": 110562809, "yr": 2021, "dt": "2021-09-26T06:26:31", "WOJ": 10, "sev": 2, "c": [ 255, 165, 0, 160 ], "dmg": 1, "sli": 0, "ser": 2, "fat": 0, "row": -1, "mot": -1, "pie": -1, "uto": -1, "uwr": -1 }, "geometry": { "type": "Point", "coordinates": [ 19.459556, 51.800944 ] } },
{ "type": "Feature", "properties": { "ID": 110570807, "yr": 2021, "dt": "2021-09-27T02:07:13", "WOJ": 10, "sev": 2, "c": [ 255, 165, 0, 160 ], "dmg": 0, "sli": 0, "ser": 1, "fat": 0, "row": 2, "mot": -1, "pie": -1, "uto": -1, "uwr": -1 }, "geometry": { "type": "Point", "coordinates": [ 19.453833, 51.776694 ] } },
{ "type": "Feature", "properties": { "ID": 110736032, "yr": 2021, "dt": "2021-09-27T17:19:03", "WOJ": 10, "sev": 2, "c": [ 255, 165, 0, 160 ], "dmg": 1, "sli": 0, "ser": 1, "fat": 0, "row": -1, "mot": -1, "pie": -1, "uto": -1, "uwr": -1 }, "geometry": { "type": "Point", "coordinates": [ 19.464444, 51.769028 ] } },
{ "type": "Feature", "properties": { "ID": 110534078, "yr": 2021, "dt": "2021-09-21T22:31:00", "WOJ": 10, "sev": 2, "c": [ 255, 165, 0, 160 ], "dmg": 2, "sli": 0, "ser": 1, "fat": 0, "row": -1, "mot": -1, "pie": -1, "uto": -1, "uwr": -1 }, "geometry": { "type": "Point", "coordinates": [ 19.426028, 51.8045 ] } },
{ "type": "Feature", "properties": { "ID": 116714376, "yr": 2021, "dt": "2021-12-16T12:15:35", "WOJ": 10, "sev": 2, "c": [ 255, 165, 0, 160 ], "dmg": 1, "sli": 0, "ser": 1, "fat": 0, "row": -1, "mot": -1, "pie": 2, "uto": -1, "uwr": -1 }, "geometry": { "type": "Point", "coordinates": [ 19.467667, 51.763139 ] } },
{ "type": "Feature", "properties": { "ID": 109831037, "yr": 2021, "dt": "2021-01-24T18:49:44", "WOJ": 10, "sev": 2, "c": [ 255, 165, 0, 160 ], "dmg": 2, "sli": 0, "ser": 2, "fat": 0, "row": -1, "mot": -1, "pie": -1, "uto": -1, "uwr": -1 }, "geometry": { "type": "Point", "coordinates": [ 19.478333, 51.740556 ] } },
{ "type": "Feature", "properties": { "ID": 109840476, "yr": 2021, "dt": "2021-01-26T20:38:26", "WOJ": 10, "sev": 2, "c": [ 255, 165, 0, 160 ], "dmg": 1, "sli": 0, "ser": 1, "fat": 0, "row": -1, "mot": -1, "pie": 2, "uto": -1, "uwr": -1 }, "geometry": { "type": "Point", "coordinates": [ 19.456583, 51.787583 ] } },
{ "type": "Feature", "properties": { "ID": 109870640, "yr": 2021, "dt": "2021-02-05T06:25:24", "WOJ": 10, "sev": 2, "c": [ 255, 165, 0, 160 ], "dmg": 1, "sli": 0, "ser": 1, "fat": 0, "row": -1, "mot": -1, "pie": 2, "uto": -1, "uwr": -1 }, "geometry": { "type": "Point", "coordinates": [ 19.486806, 51.713944 ] } },
{ "type": "Feature", "properties": { "ID": 109870816, "yr": 2021, "dt": "2021-02-05T06:32:00", "WOJ": 10, "sev": 2, "c": [ 255, 165, 0, 160 ], "dmg": 1, "sli": 0, "ser": 1, "fat": 0, "row": -1, "mot": -1, "pie": 2, "uto": -1, "uwr": -1 }, "geometry": { "type": "Point", "coordinates": [ 19.444167, 51.817556 ] } },
{ "type": "Feature", "properties": { "ID": 109871472, "yr": 2021, "dt": "2021-02-06T10:05:57", "WOJ": 10, "sev": 2, "c": [ 255, 165, 0, 160 ], "dmg": 0, "sli": 0, "ser": 2, "fat": 0, "row": -1, "mot": -1, "pie": -1, "uto": -1, "uwr": -1 }, "geometry": { "type": "Point", "coordinates": [ 19.478444, 51.764083 ] } },
{ "type": "Feature", "properties": { "ID": 109873074, "yr": 2021, "dt": "2021-02-06T20:15:00", "WOJ": 10, "sev": 2, "c": [ 255, 165, 0, 160 ], "dmg": 1, "sli": 0, "ser": 3, "fat": 0, "row": -1, "mot": -1, "pie": -1, "uto": -1, "uwr": -1 }, "geometry": { "type": "Point", "coordinates": [ 19.325917, 51.632139 ] } },
{ "type": "Feature", "properties": { "ID": 109871542, "yr": 2021, "dt": "2021-02-06T09:30:00", "WOJ": 10, "sev": 2, "c": [ 255, 165, 0, 160 ], "dmg": 1, "sli": 0, "ser": 1, "fat": 0, "row": -1, "mot": -1, "pie": 2, "uto": -1, "uwr": -1 }, "geometry": { "type": "Point", "coordinates": [ 19.193, 52.052056 ] } },
{ "type": "Feature", "properties": { "ID": 109871750, "yr": 2021, "dt": "2021-02-06T13:35:00", "WOJ": 10, "sev": 2, "c": [ 255, 165, 0, 160 ], "dmg": 0, "sli": 0, "ser": 1, "fat": 0, "row": -1, "mot": -1, "pie": -1, "uto": -1, "uwr": -1 }, "geometry": { "type": "Point", "coordinates": [ 18.646333, 51.789528 ] } },
{ "type": "Feature", "properties": { "ID": 116716876, "yr": 2021, "dt": "2021-12-16T16:48:48", "WOJ": 10, "sev": 2, "c": [ 255, 165, 0, 160 ], "dmg": 1, "sli": 0, "ser": 1, "fat": 0, "row": -1, "mot": -1, "pie": -1, "uto": -1, "uwr": -1 }, "geometry": { "type": "Point", "coordinates": [ 19.581028, 51.794389 ] } },
{ "type": "Feature", "properties": { "ID": 115771818, "yr": 2021, "dt": "2021-12-10T06:51:00", "WOJ": 10, "sev": 2, "c": [ 255, 165, 0, 160 ], "dmg": 2, "sli": 0, "ser": 1, "fat": 0, "row": -1, "mot": -1, "pie": -1, "uto": -1, "uwr": -1 }, "geometry": { "type": "Point", "coordinates": [ 19.338806, 51.676028 ] } },
{ "type": "Feature", "properties": { "ID": 115214822, "yr": 2021, "dt": "2021-12-10T17:06:59", "WOJ": 10, "sev": 2, "c": [ 255, 165, 0, 160 ], "dmg": 1, "sli": 0, "ser": 1, "fat": 0, "row": -1, "mot": -1, "pie": 2, "uto": -1, "uwr": -1 }, "geometry": { "type": "Point", "coordinates": [ 19.504472, 51.731833 ] } },
{ "type": "Feature", "properties": { "ID": 110886805, "yr": 2021, "dt": "2021-09-28T07:41:00", "WOJ": 10, "sev": 2, "c": [ 255, 165, 0, 160 ], "dmg": 1, "sli": 0, "ser": 1, "fat": 0, "row": 2, "mot": -1, "pie": -1, "uto": -1, "uwr": -1 }, "geometry": { "type": "Point", "coordinates": [ 19.447056, 51.792833 ] } },
{ "type": "Feature", "properties": { "ID": 110926880, "yr": 2021, "dt": "2021-09-28T11:10:00", "WOJ": 10, "sev": 2, "c": [ 255, 165, 0, 160 ], "dmg": 1, "sli": 0, "ser": 1, "fat": 0, "row": -1, "mot": -1, "pie": 2, "uto": -1, "uwr": -1 }, "geometry": { "type": "Point", "coordinates": [ 19.446056, 51.769306 ] } },
{ "type": "Feature", "properties": { "ID": 110837807, "yr": 2021, "dt": "2021-09-28T07:57:51", "WOJ": 10, "sev": 2, "c": [ 255, 165, 0, 160 ], "dmg": 1, "sli": 0, "ser": 1, "fat": 0, "row": -1, "mot": -1, "pie": -1, "uto": -1, "uwr": -1 }, "geometry": { "type": "Point", "coordinates": [ 19.420361, 51.790194 ] } },
{ "type": "Feature", "properties": { "ID": 110943019, "yr": 2021, "dt": "2021-09-29T16:03:29", "WOJ": 10, "sev": 2, "c": [ 255, 165, 0, 160 ], "dmg": 1, "sli": 0, "ser": 1, "fat": 0, "row": -1, "mot": -1, "pie": 2, "uto": -1, "uwr": -1 }, "geometry": { "type": "Point", "coordinates": [ 20.037889, 51.516083 ] } },
{ "type": "Feature", "properties": { "ID": 110256679, "yr": 2021, "dt": "2021-06-06T18:46:00", "WOJ": 10, "sev": 2, "c": [ 255, 165, 0, 160 ], "dmg": 1, "sli": 0, "ser": 1, "fat": 0, "row": 2, "mot": -1, "pie": -1, "uto": -1, "uwr": -1 }, "geometry": { "type": "Point", "coordinates": [ 19.629194, 51.723139 ] } },
{ "type": "Feature", "properties": { "ID": 110941930, "yr": 2021, "dt": "2021-09-29T11:17:00", "WOJ": 10, "sev": 2, "c": [ 255, 165, 0, 160 ], "dmg": 1, "sli": 0, "ser": 1, "fat": 0, "row": -1, "mot": -1, "pie": -1, "uto": -1, "uwr": -1 }, "geometry": { "type": "Point", "coordinates": [ 19.45825, 51.740722 ] } },
{ "type": "Feature", "properties": { "ID": 110945432, "yr": 2021, "dt": "2021-09-30T00:30:00", "WOJ": 10, "sev": 2, "c": [ 255, 165, 0, 160 ], "dmg": 1, "sli": 0, "ser": 1, "fat": 0, "row": -1, "mot": -1, "pie": -1, "uto": -1, "uwr": -1 }, "geometry": { "type": "Point", "coordinates": [ 19.442833, 51.760139 ] } },
{ "type": "Feature", "properties": { "ID": 110944914, "yr": 2021, "dt": "2021-09-30T07:56:24", "WOJ": 10, "sev": 2, "c": [ 255, 165, 0, 160 ], "dmg": 0, "sli": 2, "ser": 1, "fat": 0, "row": -1, "mot": -1, "pie": -1, "uto": -1, "uwr": -1 }, "geometry": { "type": "Point", "coordinates": [ 19.926083, 52.149028 ] } },
{ "type": "Feature", "properties": { "ID": 110261754, "yr": 2021, "dt": "2021-06-08T19:32:26", "WOJ": 10, "sev": 2, "c": [ 255, 165, 0, 160 ], "dmg": 2, "sli": 0, "ser": 1, "fat": 0, "row": -1, "mot": -1, "pie": -1, "uto": -1, "uwr": -1 }, "geometry": { "type": "Point", "coordinates": [ 19.439611, 51.745111 ] } },
{ "type": "Feature", "properties": { "ID": 110261769, "yr": 2021, "dt": "2021-06-08T19:48:56", "WOJ": 10, "sev": 2, "c": [ 255, 165, 0, 160 ], "dmg": 1, "sli": 0, "ser": 1, "fat": 0, "row": 2, "mot": -1, "pie": -1, "uto": -1, "uwr": -1 }, "geometry": { "type": "Point", "coordinates": [ 19.471028, 51.780361 ] } },
{ "type": "Feature", "properties": { "ID": 110261502, "yr": 2021, "dt": "2021-06-08T13:32:40", "WOJ": 10, "sev": 2, "c": [ 255, 165, 0, 160 ], "dmg": 1, "sli": 0, "ser": 1, "fat": 0, "row": -1, "mot": -1, "pie": 2, "uto": -1, "uwr": -1 }, "geometry": { "type": "Point", "coordinates": [ 19.469917, 51.735694 ] } },
{ "type": "Feature", "properties": { "ID": 110262325, "yr": 2021, "dt": "2021-06-09T11:51:00", "WOJ": 10, "sev": 2, "c": [ 255, 165, 0, 160 ], "dmg": 1, "sli": 0, "ser": 1, "fat": 0, "row": -1, "mot": -1, "pie": 2, "uto": -1, "uwr": -1 }, "geometry": { "type": "Point", "coordinates": [ 19.44525, 51.772861 ] } },
{ "type": "Feature", "properties": { "ID": 110262846, "yr": 2021, "dt": "2021-06-09T07:34:00", "WOJ": 10, "sev": 2, "c": [ 255, 165, 0, 160 ], "dmg": 1, "sli": 0, "ser": 1, "fat": 0, "row": -1, "mot": -1, "pie": 2, "uto": -1, "uwr": -1 }, "geometry": { "type": "Point", "coordinates": [ 19.867722, 51.141111 ] } },
{ "type": "Feature", "properties": { "ID": 110263589, "yr": 2021, "dt": "2021-06-09T16:12:10", "WOJ": 10, "sev": 2, "c": [ 255, 165, 0, 160 ], "dmg": 1, "sli": 0, "ser": 4, "fat": 0, "row": -1, "mot": -1, "pie": -1, "uto": -1, "uwr": -1 }, "geometry": { "type": "Point", "coordinates": [ 19.464056, 51.850694 ] } },
{ "type": "Feature", "properties": { "ID": 110263442, "yr": 2021, "dt": "2021-06-09T17:58:46", "WOJ": 10, "sev": 2, "c": [ 255, 165, 0, 160 ], "dmg": 1, "sli": 0, "ser": 1, "fat": 0, "row": -1, "mot": -1, "pie": 2, "uto": -1, "uwr": -1 }, "geometry": { "type": "Point", "coordinates": [ 19.473556, 51.756306 ] } },
{ "type": "Feature", "properties": { "ID": 110735823, "yr": 2021, "dt": "2021-09-27T11:17:42", "WOJ": 10, "sev": 2, "c": [ 255, 165, 0, 160 ], "dmg": 0, "sli": 1, "ser": 2, "fat": 0, "row": -1, "mot": -1, "pie": -1, "uto": -1, "uwr": -1 }, "geometry": { "type": "Point", "coordinates": [ 19.551306, 51.602472 ] } },
{ "type": "Feature", "properties": { "ID": 110722809, "yr": 2021, "dt": "2021-09-27T08:14:21", "WOJ": 10, "sev": 2, "c": [ 255, 165, 0, 160 ], "dmg": 1, "sli": 0, "ser": 1, "fat": 0, "row": -1, "mot": -1, "pie": -1, "uto": -1, "uwr": -1 }, "geometry": { "type": "Point", "coordinates": [ 19.45075, 51.747167 ] } },
{ "type": "Feature", "properties": { "ID": 110918805, "yr": 2021, "dt": "2021-09-28T13:49:38", "WOJ": 10, "sev": 2, "c": [ 255, 165, 0, 160 ], "dmg": 1, "sli": 0, "ser": 2, "fat": 0, "row": -1, "mot": -1, "pie": -1, "uto": -1, "uwr": -1 }, "geometry": { "type": "Point", "coordinates": [ 19.014639, 51.124278 ] } },
{ "type": "Feature", "properties": { "ID": 116714633, "yr": 2021, "dt": "2021-12-16T13:58:14", "WOJ": 10, "sev": 2, "c": [ 255, 165, 0, 160 ], "dmg": 1, "sli": 0, "ser": 1, "fat": 0, "row": 2, "mot": -1, "pie": -1, "uto": -1, "uwr": -1 }, "geometry": { "type": "Point", "coordinates": [ 19.452361, 51.734722 ] } },
{ "type": "Feature", "properties": { "ID": 116714760, "yr": 2021, "dt": "2021-12-16T13:45:00", "WOJ": 10, "sev": 2, "c": [ 255, 165, 0, 160 ], "dmg": 3, "sli": 0, "ser": 1, "fat": 0, "row": -1, "mot": -1, "pie": -1, "uto": -1, "uwr": -1 }, "geometry": { "type": "Point", "coordinates": [ 18.775472, 51.5285 ] } },
{ "type": "Feature", "properties": { "ID": 110253963, "yr": 2021, "dt": "2021-06-04T14:22:48", "WOJ": 10, "sev": 2, "c": [ 255, 165, 0, 160 ], "dmg": 0, "sli": 0, "ser": 1, "fat": 0, "row": -1, "mot": -1, "pie": -1, "uto": -1, "uwr": -1 }, "geometry": { "type": "Point", "coordinates": [ 19.386361, 51.799306 ] } },
{ "type": "Feature", "properties": { "ID": 111496806, "yr": 2021, "dt": "2021-10-01T08:20:00", "WOJ": 10, "sev": 2, "c": [ 255, 165, 0, 160 ], "dmg": 1, "sli": 0, "ser": 1, "fat": 0, "row": -1, "mot": -1, "pie": 2, "uto": -1, "uwr": -1 }, "geometry": { "type": "Point", "coordinates": [ 19.357444, 52.2335 ] } },
{ "type": "Feature", "properties": { "ID": 111222849, "yr": 2021, "dt": "2021-10-01T14:42:27", "WOJ": 10, "sev": 2, "c": [ 255, 165, 0, 160 ], "dmg": 0, "sli": 1, "ser": 2, "fat": 0, "row": -1, "mot": -1, "pie": 2, "uto": -1, "uwr": -1 }, "geometry": { "type": "Point", "coordinates": [ 18.852139, 51.141833 ] } },
{ "type": "Feature", "properties": { "ID": 111251956, "yr": 2021, "dt": "2021-10-02T15:50:00", "WOJ": 10, "sev": 2, "c": [ 255, 165, 0, 160 ], "dmg": 2, "sli": 0, "ser": 1, "fat": 0, "row": -1, "mot": -1, "pie": -1, "uto": -1, "uwr": -1 }, "geometry": { "type": "Point", "coordinates": [ 19.267917, 51.910417 ] } },
{ "type": "Feature", "properties": { "ID": 111307130, "yr": 2021, "dt": "2021-10-02T12:50:00", "WOJ": 10, "sev": 2, "c": [ 255, 165, 0, 160 ], "dmg": 1, "sli": 0, "ser": 1, "fat": 0, "row": -1, "mot": -1, "pie": 2, "uto": -1, "uwr": -1 }, "geometry": { "type": "Point", "coordinates": [ 19.287778, 51.9575 ] } },
{ "type": "Feature", "properties": { "ID": 111249168, "yr": 2021, "dt": "2021-10-02T15:28:23", "WOJ": 10, "sev": 2, "c": [ 255, 165, 0, 160 ], "dmg": 2, "sli": 0, "ser": 1, "fat": 0, "row": -1, "mot": -1, "pie": -1, "uto": -1, "uwr": -1 }, "geometry": { "type": "Point", "coordinates": [ 19.508472, 51.788389 ] } },
{ "type": "Feature", "properties": { "ID": 111251904, "yr": 2021, "dt": "2021-10-02T17:02:44", "WOJ": 10, "sev": 2, "c": [ 255, 165, 0, 160 ], "dmg": 3, "sli": 0, "ser": 1, "fat": 0, "row": -1, "mot": -1, "pie": -1, "uto": -1, "uwr": -1 }, "geometry": { "type": "Point", "coordinates": [ 19.471889, 51.764 ] } },
{ "type": "Feature", "properties": { "ID": 110254562, "yr": 2021, "dt": "2021-06-04T17:40:00", "WOJ": 10, "sev": 2, "c": [ 255, 165, 0, 160 ], "dmg": 1, "sli": 0, "ser": 1, "fat": 0, "row": 2, "mot": -1, "pie": -1, "uto": -1, "uwr": -1 }, "geometry": { "type": "Point", "coordinates": [ 19.75575, 51.799778 ] } },
{ "type": "Feature", "properties": { "ID": 110258491, "yr": 2021, "dt": "2021-06-07T11:11:21", "WOJ": 10, "sev": 2, "c": [ 255, 165, 0, 160 ], "dmg": 1, "sli": 0, "ser": 1, "fat": 0, "row": -1, "mot": 2, "pie": -1, "uto": -1, "uwr": -1 }, "geometry": { "type": "Point", "coordinates": [ 19.666167, 51.401833 ] } },
{ "type": "Feature", "properties": { "ID": 110256758, "yr": 2021, "dt": "2021-06-07T08:18:22", "WOJ": 10, "sev": 2, "c": [ 255, 165, 0, 160 ], "dmg": 1, "sli": 0, "ser": 1, "fat": 0, "row": -1, "mot": -1, "pie": 2, "uto": -1, "uwr": -1 }, "geometry": { "type": "Point", "coordinates": [ 19.487083, 51.747333 ] } },
{ "type": "Feature", "properties": { "ID": 110257481, "yr": 2021, "dt": "2021-06-08T06:25:40", "WOJ": 10, "sev": 2, "c": [ 255, 165, 0, 160 ], "dmg": 1, "sli": 0, "ser": 1, "fat": 0, "row": -1, "mot": 2, "pie": -1, "uto": -1, "uwr": -1 }, "geometry": { "type": "Point", "coordinates": [ 19.38925, 51.658556 ] } },
{ "type": "Feature", "properties": { "ID": 110257392, "yr": 2021, "dt": "2021-06-08T10:58:50", "WOJ": 10, "sev": 2, "c": [ 255, 165, 0, 160 ], "dmg": 1, "sli": 0, "ser": 1, "fat": 0, "row": 2, "mot": -1, "pie": -1, "uto": -1, "uwr": -1 }, "geometry": { "type": "Point", "coordinates": [ 19.455111, 51.762806 ] } },
{ "type": "Feature", "properties": { "ID": 110254710, "yr": 2021, "dt": "2021-06-05T02:45:00", "WOJ": 10, "sev": 2, "c": [ 255, 165, 0, 160 ], "dmg": 1, "sli": 0, "ser": 1, "fat": 0, "row": -1, "mot": -1, "pie": 2, "uto": -1, "uwr": -1 }, "geometry": { "type": "Point", "coordinates": [ 19.448361, 51.065917 ] } },
{ "type": "Feature", "properties": { "ID": 110255063, "yr": 2021, "dt": "2021-06-05T16:38:00", "WOJ": 10, "sev": 2, "c": [ 255, 165, 0, 160 ], "dmg": 1, "sli": 0, "ser": 1, "fat": 0, "row": -1, "mot": -1, "pie": 2, "uto": -1, "uwr": -1 }, "geometry": { "type": "Point", "coordinates": [ 19.411333, 51.763694 ] } },
{ "type": "Feature", "properties": { "ID": 110255654, "yr": 2021, "dt": "2021-06-05T09:20:00", "WOJ": 10, "sev": 2, "c": [ 255, 165, 0, 160 ], "dmg": 1, "sli": 1, "ser": 1, "fat": 0, "row": -1, "mot": -1, "pie": 2, "uto": -1, "uwr": -1 }, "geometry": { "type": "Point", "coordinates": [ 19.340722, 52.238472 ] } },
{ "type": "Feature", "properties": { "ID": 110255109, "yr": 2021, "dt": "2021-06-05T19:07:12", "WOJ": 10, "sev": 2, "c": [ 255, 165, 0, 160 ], "dmg": 1, "sli": 0, "ser": 1, "fat": 0, "row": 2, "mot": -1, "pie": -1, "uto": -1, "uwr": -1 }, "geometry": { "type": "Point", "coordinates": [ 19.574639, 51.739583 ] } },
{ "type": "Feature", "properties": { "ID": 110252593, "yr": 2021, "dt": "2021-06-02T20:30:10", "WOJ": 10, "sev": 2, "c": [ 255, 165, 0, 160 ], "dmg": 1, "sli": 0, "ser": 1, "fat": 0, "row": 2, "mot": -1, "pie": -1, "uto": -1, "uwr": -1 }, "geometry": { "type": "Point", "coordinates": [ 19.448472, 51.751778 ] } },
{ "type": "Feature", "properties": { "ID": 110232367, "yr": 2021, "dt": "2021-06-02T06:02:01", "WOJ": 10, "sev": 2, "c": [ 255, 165, 0, 160 ], "dmg": 1, "sli": 0, "ser": 1, "fat": 0, "row": -1, "mot": -1, "pie": 2, "uto": -1, "uwr": -1 }, "geometry": { "type": "Point", "coordinates": [ 19.391083, 51.779111 ] } },
{ "type": "Feature", "properties": { "ID": 110252600, "yr": 2021, "dt": "2021-06-02T21:53:22", "WOJ": 10, "sev": 2, "c": [ 255, 165, 0, 160 ], "dmg": 1, "sli": 0, "ser": 1, "fat": 0, "row": -1, "mot": -1, "pie": -1, "uto": -1, "uwr": -1 }, "geometry": { "type": "Point", "coordinates": [ 19.437917, 51.748917 ] } },
{ "type": "Feature", "properties": { "ID": 110252520, "yr": 2021, "dt": "2021-06-02T16:29:59", "WOJ": 10, "sev": 2, "c": [ 255, 165, 0, 160 ], "dmg": 1, "sli": 0, "ser": 1, "fat": 0, "row": -1, "mot": 2, "pie": -1, "uto": -1, "uwr": -1 }, "geometry": { "type": "Point", "coordinates": [ 19.398833, 51.813444 ] } },
{ "type": "Feature", "properties": { "ID": 110250313, "yr": 2021, "dt": "2021-06-02T15:49:25", "WOJ": 10, "sev": 2, "c": [ 255, 165, 0, 160 ], "dmg": 1, "sli": 0, "ser": 1, "fat": 0, "row": -1, "mot": 0, "pie": 2, "uto": -1, "uwr": -1 }, "geometry": { "type": "Point", "coordinates": [ 19.45925, 51.73675 ] } },
{ "type": "Feature", "properties": { "ID": 110252303, "yr": 2021, "dt": "2021-06-03T19:50:31", "WOJ": 10, "sev": 2, "c": [ 255, 165, 0, 160 ], "dmg": 1, "sli": 0, "ser": 1, "fat": 0, "row": -1, "mot": -1, "pie": -1, "uto": -1, "uwr": -1 }, "geometry": { "type": "Point", "coordinates": [ 19.433833, 51.799389 ] } },
{ "type": "Feature", "properties": { "ID": 111306993, "yr": 2021, "dt": "2021-10-04T07:06:03", "WOJ": 10, "sev": 2, "c": [ 255, 165, 0, 160 ], "dmg": 2, "sli": 0, "ser": 1, "fat": 0, "row": -1, "mot": -1, "pie": -1, "uto": -1, "uwr": -1 }, "geometry": { "type": "Point", "coordinates": [ 19.45625, 51.732833 ] } },
{ "type": "Feature", "properties": { "ID": 111308003, "yr": 2021, "dt": "2021-10-04T14:24:35", "WOJ": 10, "sev": 2, "c": [ 255, 165, 0, 160 ], "dmg": 1, "sli": 0, "ser": 1, "fat": 0, "row": 2, "mot": -1, "pie": -1, "uto": -1, "uwr": -1 }, "geometry": { "type": "Point", "coordinates": [ 19.366472, 51.794417 ] } },
{ "type": "Feature", "properties": { "ID": 111308114, "yr": 2021, "dt": "2021-10-04T14:32:04", "WOJ": 10, "sev": 2, "c": [ 255, 165, 0, 160 ], "dmg": 1, "sli": 0, "ser": 1, "fat": 0, "row": -1, "mot": -1, "pie": -1, "uto": -1, "uwr": -1 }, "geometry": { "type": "Point", "coordinates": [ 19.421361, 51.789806 ] } },
{ "type": "Feature", "properties": { "ID": 111641808, "yr": 2021, "dt": "2021-10-05T15:14:26", "WOJ": 10, "sev": 2, "c": [ 255, 165, 0, 160 ], "dmg": 2, "sli": 0, "ser": 1, "fat": 0, "row": -1, "mot": 2, "pie": -1, "uto": -1, "uwr": -1 }, "geometry": { "type": "Point", "coordinates": [ 19.514639, 51.764111 ] } },
{ "type": "Feature", "properties": { "ID": 110252870, "yr": 2021, "dt": "2021-06-03T14:15:54", "WOJ": 10, "sev": 2, "c": [ 255, 165, 0, 160 ], "dmg": 1, "sli": 0, "ser": 1, "fat": 0, "row": -1, "mot": 2, "pie": -1, "uto": -1, "uwr": -1 }, "geometry": { "type": "Point", "coordinates": [ 19.658306, 51.274917 ] } },
{ "type": "Feature", "properties": { "ID": 110945319, "yr": 2021, "dt": "2021-09-30T23:08:16", "WOJ": 10, "sev": 2, "c": [ 255, 165, 0, 160 ], "dmg": 0, "sli": 1, "ser": 3, "fat": 0, "row": -1, "mot": -1, "pie": -1, "uto": -1, "uwr": -1 }, "geometry": { "type": "Point", "coordinates": [ 19.444083, 51.797389 ] } },
{ "type": "Feature", "properties": { "ID": 110945355, "yr": 2021, "dt": "2021-09-30T14:27:00", "WOJ": 10, "sev": 2, "c": [ 255, 165, 0, 160 ], "dmg": 1, "sli": 0, "ser": 1, "fat": 0, "row": -1, "mot": -1, "pie": -1, "uto": -1, "uwr": -1 }, "geometry": { "type": "Point", "coordinates": [ 19.321667, 51.789722 ] } },
{ "type": "Feature", "properties": { "ID": 111307004, "yr": 2021, "dt": "2021-10-01T05:30:00", "WOJ": 10, "sev": 2, "c": [ 255, 165, 0, 160 ], "dmg": 1, "sli": 0, "ser": 2, "fat": 0, "row": -1, "mot": -1, "pie": -1, "uto": -1, "uwr": -1 }, "geometry": { "type": "Point", "coordinates": [ 20.123306, 51.639278 ] } },
{ "type": "Feature", "properties": { "ID": 110947327, "yr": 2021, "dt": "2021-10-01T12:41:45", "WOJ": 10, "sev": 2, "c": [ 255, 165, 0, 160 ], "dmg": 1, "sli": 0, "ser": 1, "fat": 0, "row": -1, "mot": -1, "pie": -1, "uto": -1, "uwr": -1 }, "geometry": { "type": "Point", "coordinates": [ 19.471972, 51.800444 ] } },
{ "type": "Feature", "properties": { "ID": 110253980, "yr": 2021, "dt": "2021-06-04T14:42:01", "WOJ": 10, "sev": 2, "c": [ 255, 165, 0, 160 ], "dmg": 1, "sli": 0, "ser": 1, "fat": 0, "row": 2, "mot": -1, "pie": -1, "uto": -1, "uwr": -1 }, "geometry": { "type": "Point", "coordinates": [ 20.054778, 51.945111 ] } },
{ "type": "Feature", "properties": { "ID": 114534042, "yr": 2021, "dt": "2021-12-08T16:03:30", "WOJ": 10, "sev": 2, "c": [ 255, 165, 0, 160 ], "dmg": 1, "sli": 0, "ser": 1, "fat": 0, "row": -1, "mot": -1, "pie": 2, "uto": -1, "uwr": -1 }, "geometry": { "type": "Point", "coordinates": [ 19.465806, 51.800556 ] } },
{ "type": "Feature", "properties": { "ID": 110209488, "yr": 2021, "dt": "2021-05-26T09:02:19", "WOJ": 10, "sev": 2, "c": [ 255, 165, 0, 160 ], "dmg": 0, "sli": 0, "ser": 1, "fat": 0, "row": -1, "mot": -1, "pie": -1, "uto": -1, "uwr": -1 }, "geometry": { "type": "Point", "coordinates": [ 19.961556, 51.278889 ] } },
{ "type": "Feature", "properties": { "ID": 111709950, "yr": 2021, "dt": "2021-10-10T11:40:16", "WOJ": 10, "sev": 2, "c": [ 255, 165, 0, 160 ], "dmg": 2, "sli": 0, "ser": 1, "fat": 0, "row": -1, "mot": -1, "pie": -1, "uto": -1, "uwr": -1 }, "geometry": { "type": "Point", "coordinates": [ 19.460056, 51.765639 ] } },
{ "type": "Feature", "properties": { "ID": 111689901, "yr": 2021, "dt": "2021-10-06T05:45:00", "WOJ": 10, "sev": 2, "c": [ 255, 165, 0, 160 ], "dmg": 0, "sli": 4, "ser": 1, "fat": 0, "row": -1, "mot": -1, "pie": -1, "uto": -1, "uwr": -1 }, "geometry": { "type": "Point", "coordinates": [ 19.372944, 51.083028 ] } },
{ "type": "Feature", "properties": { "ID": 110221534, "yr": 2021, "dt": "2021-05-30T22:30:00", "WOJ": 10, "sev": 2, "c": [ 255, 165, 0, 160 ], "dmg": 1, "sli": 0, "ser": 1, "fat": 0, "row": -1, "mot": -1, "pie": 2, "uto": -1, "uwr": -1 }, "geometry": { "type": "Point", "coordinates": [ 19.294917, 51.971944 ] } },
{ "type": "Feature", "properties": { "ID": 110221438, "yr": 2021, "dt": "2021-05-30T16:35:00", "WOJ": 10, "sev": 2, "c": [ 255, 165, 0, 160 ], "dmg": 1, "sli": 0, "ser": 1, "fat": 0, "row": -1, "mot": 2, "pie": -1, "uto": -1, "uwr": -1 }, "geometry": { "type": "Point", "coordinates": [ 19.348361, 52.227889 ] } },
{ "type": "Feature", "properties": { "ID": 110222599, "yr": 2021, "dt": "2021-05-31T07:17:29", "WOJ": 10, "sev": 2, "c": [ 255, 165, 0, 160 ], "dmg": 0, "sli": 0, "ser": 1, "fat": 0, "row": 2, "mot": -1, "pie": -1, "uto": -1, "uwr": -1 }, "geometry": { "type": "Point", "coordinates": [ 19.442611, 51.737111 ] } },
{ "type": "Feature", "properties": { "ID": 110230490, "yr": 2021, "dt": "2021-06-01T02:10:00", "WOJ": 10, "sev": 2, "c": [ 255, 165, 0, 160 ], "dmg": 1, "sli": 0, "ser": 1, "fat": 0, "row": -1, "mot": -1, "pie": -1, "uto": -1, "uwr": -1 }, "geometry": { "type": "Point", "coordinates": [ 19.380972, 52.222278 ] } },
{ "type": "Feature", "properties": { "ID": 110232127, "yr": 2021, "dt": "2021-06-01T11:00:22", "WOJ": 10, "sev": 2, "c": [ 255, 165, 0, 160 ], "dmg": 1, "sli": 0, "ser": 2, "fat": 0, "row": -1, "mot": -1, "pie": -1, "uto": -1, "uwr": -1 }, "geometry": { "type": "Point", "coordinates": [ 19.650028, 51.863861 ] } },
{ "type": "Feature", "properties": { "ID": 110215978, "yr": 2021, "dt": "2021-05-28T16:13:00", "WOJ": 10, "sev": 2, "c": [ 255, 165, 0, 160 ], "dmg": 1, "sli": 0, "ser": 1, "fat": 0, "row": 2, "mot": -1, "pie": -1, "uto": -1, "uwr": -1 }, "geometry": { "type": "Point", "coordinates": [ 19.422417, 51.754778 ] } },
{ "type": "Feature", "properties": { "ID": 110219556, "yr": 2021, "dt": "2021-05-29T12:12:59", "WOJ": 10, "sev": 2, "c": [ 255, 165, 0, 160 ], "dmg": 1, "sli": 0, "ser": 1, "fat": 0, "row": -1, "mot": -1, "pie": 2, "uto": -1, "uwr": -1 }, "geometry": { "type": "Point", "coordinates": [ 19.33075, 51.657722 ] } },
{ "type": "Feature", "properties": { "ID": 110218463, "yr": 2021, "dt": "2021-05-29T03:31:25", "WOJ": 10, "sev": 2, "c": [ 255, 165, 0, 160 ], "dmg": 1, "sli": 0, "ser": 1, "fat": 0, "row": -1, "mot": -1, "pie": 2, "uto": -1, "uwr": -1 }, "geometry": { "type": "Point", "coordinates": [ 19.508361, 51.789056 ] } },
{ "type": "Feature", "properties": { "ID": 111472315, "yr": 2021, "dt": "2021-10-05T12:37:29", "WOJ": 10, "sev": 2, "c": [ 255, 165, 0, 160 ], "dmg": 1, "sli": 0, "ser": 1, "fat": 0, "row": -1, "mot": -1, "pie": -1, "uto": -1, "uwr": -1 }, "geometry": { "type": "Point", "coordinates": [ 19.450056, 51.626639 ] } },
{ "type": "Feature", "properties": { "ID": 111689871, "yr": 2021, "dt": "2021-10-05T07:30:00", "WOJ": 10, "sev": 2, "c": [ 255, 165, 0, 160 ], "dmg": 1, "sli": 0, "ser": 1, "fat": 0, "row": 2, "mot": -1, "pie": -1, "uto": -1, "uwr": -1 }, "geometry": { "type": "Point", "coordinates": [ 19.668417, 51.417806 ] } },
{ "type": "Feature", "properties": { "ID": 111689891, "yr": 2021, "dt": "2021-10-05T07:30:00", "WOJ": 10, "sev": 2, "c": [ 255, 165, 0, 160 ], "dmg": 1, "sli": 0, "ser": 1, "fat": 0, "row": -1, "mot": -1, "pie": 2, "uto": -1, "uwr": -1 }, "geometry": { "type": "Point", "coordinates": [ 19.679778, 51.409472 ] } },
{ "type": "Feature", "properties": { "ID": 110252491, "yr": 2021, "dt": "2021-06-02T16:52:46", "WOJ": 10, "sev": 2, "c": [ 255, 165, 0, 160 ], "dmg": 1, "sli": 0, "ser": 4, "fat": 0, "row": -1, "mot": -1, "pie": -1, "uto": -1, "uwr": -1 }, "geometry": { "type": "Point", "coordinates": [ 19.442944, 51.767556 ] } },
{ "type": "Feature", "properties": { "ID": 110219225, "yr": 2021, "dt": "2021-05-28T13:35:00", "WOJ": 10, "sev": 2, "c": [ 255, 165, 0, 160 ], "dmg": 1, "sli": 1, "ser": 1, "fat": 0, "row": -1, "mot": -1, "pie": -1, "uto": -1, "uwr": -1 }, "geometry": { "type": "Point", "coordinates": [ 19.396472, 51.507833 ] } },
{ "type": "Feature", "properties": { "ID": 110206239, "yr": 2021, "dt": "2021-05-24T13:36:10", "WOJ": 10, "sev": 2, "c": [ 255, 165, 0, 160 ], "dmg": 2, "sli": 0, "ser": 1, "fat": 0, "row": -1, "mot": -1, "pie": 2, "uto": -1, "uwr": -1 }, "geometry": { "type": "Point", "coordinates": [ 19.349028, 51.664556 ] } },
{ "type": "Feature", "properties": { "ID": 110204670, "yr": 2021, "dt": "2021-05-24T07:32:08", "WOJ": 10, "sev": 2, "c": [ 255, 165, 0, 160 ], "dmg": 1, "sli": 0, "ser": 1, "fat": 0, "row": -1, "mot": 0, "pie": 2, "uto": -1, "uwr": -1 }, "geometry": { "type": "Point", "coordinates": [ 19.485778, 51.778583 ] } },
{ "type": "Feature", "properties": { "ID": 110209158, "yr": 2021, "dt": "2021-05-25T23:28:34", "WOJ": 10, "sev": 2, "c": [ 255, 165, 0, 160 ], "dmg": 1, "sli": 0, "ser": 1, "fat": 0, "row": -1, "mot": -1, "pie": -1, "uto": -1, "uwr": -1 }, "geometry": { "type": "Point", "coordinates": [ 19.449611, 51.789583 ] } },
{ "type": "Feature", "properties": { "ID": 115105821, "yr": 2021, "dt": "2021-12-10T06:50:26", "WOJ": 10, "sev": 2, "c": [ 255, 165, 0, 160 ], "dmg": 2, "sli": 0, "ser": 1, "fat": 0, "row": -1, "mot": -1, "pie": -1, "uto": -1, "uwr": -1 }, "geometry": { "type": "Point", "coordinates": [ 19.338806, 51.676028 ] } },
{ "type": "Feature", "properties": { "ID": 115320927, "yr": 2021, "dt": "2021-12-11T16:04:24", "WOJ": 10, "sev": 2, "c": [ 255, 165, 0, 160 ], "dmg": 1, "sli": 0, "ser": 1, "fat": 0, "row": -1, "mot": -1, "pie": 2, "uto": -1, "uwr": -1 }, "geometry": { "type": "Point", "coordinates": [ 19.425278, 51.829472 ] } },
{ "type": "Feature", "properties": { "ID": 115006466, "yr": 2021, "dt": "2021-12-11T15:10:00", "WOJ": 10, "sev": 2, "c": [ 255, 165, 0, 160 ], "dmg": 2, "sli": 1, "ser": 2, "fat": 0, "row": -1, "mot": -1, "pie": -1, "uto": -1, "uwr": -1 }, "geometry": { "type": "Point", "coordinates": [ 19.579583, 52.272167 ] } },
{ "type": "Feature", "properties": { "ID": 115824818, "yr": 2021, "dt": "2021-12-13T13:18:30", "WOJ": 10, "sev": 2, "c": [ 255, 165, 0, 160 ], "dmg": 1, "sli": 0, "ser": 1, "fat": 0, "row": -1, "mot": -1, "pie": 2, "uto": -1, "uwr": -1 }, "geometry": { "type": "Point", "coordinates": [ 19.485917, 51.778528 ] } },
{ "type": "Feature", "properties": { "ID": 113963444, "yr": 2021, "dt": "2021-12-05T17:45:00", "WOJ": 10, "sev": 2, "c": [ 255, 165, 0, 160 ], "dmg": 1, "sli": 0, "ser": 2, "fat": 0, "row": -1, "mot": -1, "pie": -1, "uto": -1, "uwr": -1 }, "geometry": { "type": "Point", "coordinates": [ 19.408722, 51.899889 ] } },
{ "type": "Feature", "properties": { "ID": 114241445, "yr": 2021, "dt": "2021-12-06T16:43:16", "WOJ": 10, "sev": 2, "c": [ 255, 165, 0, 160 ], "dmg": 1, "sli": 0, "ser": 1, "fat": 0, "row": -1, "mot": -1, "pie": -1, "uto": -1, "uwr": -1 }, "geometry": { "type": "Point", "coordinates": [ 19.398694, 51.746306 ] } },
{ "type": "Feature", "properties": { "ID": 109894189, "yr": 2021, "dt": "2021-02-16T06:40:16", "WOJ": 10, "sev": 2, "c": [ 255, 165, 0, 160 ], "dmg": 0, "sli": 0, "ser": 2, "fat": 0, "row": -1, "mot": -1, "pie": -1, "uto": -1, "uwr": -1 }, "geometry": { "type": "Point", "coordinates": [ 19.415417, 51.796472 ] } },
{ "type": "Feature", "properties": { "ID": 109878204, "yr": 2021, "dt": "2021-02-09T11:41:09", "WOJ": 10, "sev": 2, "c": [ 255, 165, 0, 160 ], "dmg": 1, "sli": 0, "ser": 1, "fat": 0, "row": -1, "mot": -1, "pie": -1, "uto": -1, "uwr": -1 }, "geometry": { "type": "Point", "coordinates": [ 19.421, 51.748 ] } },
{ "type": "Feature", "properties": { "ID": 109882218, "yr": 2021, "dt": "2021-02-10T07:50:00", "WOJ": 10, "sev": 2, "c": [ 255, 165, 0, 160 ], "dmg": 1, "sli": 0, "ser": 1, "fat": 0, "row": -1, "mot": -1, "pie": -1, "uto": -1, "uwr": -1 }, "geometry": { "type": "Point", "coordinates": [ 19.330222, 51.813861 ] } },
{ "type": "Feature", "properties": { "ID": 109884199, "yr": 2021, "dt": "2021-02-11T14:25:04", "WOJ": 10, "sev": 2, "c": [ 255, 165, 0, 160 ], "dmg": 1, "sli": 0, "ser": 2, "fat": 0, "row": -1, "mot": -1, "pie": -1, "uto": -1, "uwr": -1 }, "geometry": { "type": "Point", "coordinates": [ 19.449278, 51.725778 ] } },
{ "type": "Feature", "properties": { "ID": 109887162, "yr": 2021, "dt": "2021-02-12T13:09:00", "WOJ": 10, "sev": 2, "c": [ 255, 165, 0, 160 ], "dmg": 3, "sli": 0, "ser": 1, "fat": 0, "row": -1, "mot": -1, "pie": -1, "uto": -1, "uwr": -1 }, "geometry": { "type": "Point", "coordinates": [ 19.460333, 51.794972 ] } },
{ "type": "Feature", "properties": { "ID": 114381150, "yr": 2021, "dt": "2021-12-07T21:40:04", "WOJ": 10, "sev": 2, "c": [ 255, 165, 0, 160 ], "dmg": 2, "sli": 0, "ser": 1, "fat": 0, "row": -1, "mot": -1, "pie": -1, "uto": -1, "uwr": -1 }, "geometry": { "type": "Point", "coordinates": [ 19.4245, 51.799 ] } },
{ "type": "Feature", "properties": { "ID": 111715038, "yr": 2021, "dt": "2021-10-08T19:43:00", "WOJ": 10, "sev": 2, "c": [ 255, 165, 0, 160 ], "dmg": 2, "sli": 0, "ser": 1, "fat": 0, "row": -1, "mot": -1, "pie": -1, "uto": -1, "uwr": -1 }, "geometry": { "type": "Point", "coordinates": [ 19.571889, 51.747111 ] } },
{ "type": "Feature", "properties": { "ID": 111696664, "yr": 2021, "dt": "2021-10-08T12:39:35", "WOJ": 10, "sev": 2, "c": [ 255, 165, 0, 160 ], "dmg": 1, "sli": 0, "ser": 1, "fat": 0, "row": -1, "mot": 2, "pie": -1, "uto": -1, "uwr": -1 }, "geometry": { "type": "Point", "coordinates": [ 19.392722, 51.757056 ] } },
{ "type": "Feature", "properties": { "ID": 111715954, "yr": 2021, "dt": "2021-10-12T05:40:00", "WOJ": 10, "sev": 2, "c": [ 255, 165, 0, 160 ], "dmg": 1, "sli": 0, "ser": 1, "fat": 0, "row": -1, "mot": -1, "pie": 2, "uto": -1, "uwr": -1 }, "geometry": { "type": "Point", "coordinates": [ 19.569889, 51.867306 ] } },
{ "type": "Feature", "properties": { "ID": 111703950, "yr": 2021, "dt": "2021-10-08T16:29:48", "WOJ": 10, "sev": 2, "c": [ 255, 165, 0, 160 ], "dmg": 1, "sli": 0, "ser": 1, "fat": 0, "row": -1, "mot": -1, "pie": 2, "uto": -1, "uwr": -1 }, "geometry": { "type": "Point", "coordinates": [ 19.4805, 51.725417 ] } },
{ "type": "Feature", "properties": { "ID": 111713028, "yr": 2021, "dt": "2021-10-09T14:51:00", "WOJ": 10, "sev": 2, "c": [ 255, 165, 0, 160 ], "dmg": 2, "sli": 0, "ser": 1, "fat": 0, "row": 2, "mot": -1, "pie": -1, "uto": -1, "uwr": -1 }, "geometry": { "type": "Point", "coordinates": [ 19.4455, 51.781639 ] } },
{ "type": "Feature", "properties": { "ID": 111707055, "yr": 2021, "dt": "2021-10-09T13:58:10", "WOJ": 10, "sev": 2, "c": [ 255, 165, 0, 160 ], "dmg": 2, "sli": 0, "ser": 1, "fat": 0, "row": -1, "mot": -1, "pie": -1, "uto": -1, "uwr": -1 }, "geometry": { "type": "Point", "coordinates": [ 19.437361, 51.810694 ] } },
{ "type": "Feature", "properties": { "ID": 112936902, "yr": 2021, "dt": "2021-10-09T13:10:00", "WOJ": 10, "sev": 2, "c": [ 255, 165, 0, 160 ], "dmg": 1, "sli": 0, "ser": 1, "fat": 0, "row": -1, "mot": -1, "pie": 2, "uto": -1, "uwr": -1 }, "geometry": { "type": "Point", "coordinates": [ 19.377889, 51.651722 ] } },
{ "type": "Feature", "properties": { "ID": 112953325, "yr": 2021, "dt": "2021-10-09T11:00:00", "WOJ": 10, "sev": 2, "c": [ 255, 165, 0, 160 ], "dmg": 1, "sli": 0, "ser": 1, "fat": 0, "row": -1, "mot": -1, "pie": 2, "uto": -1, "uwr": -1 }, "geometry": { "type": "Point", "coordinates": [ 19.398694, 51.85525 ] } },
{ "type": "Feature", "properties": { "ID": 111714858, "yr": 2021, "dt": "2021-10-10T10:27:23", "WOJ": 10, "sev": 2, "c": [ 255, 165, 0, 160 ], "dmg": 2, "sli": 0, "ser": 1, "fat": 0, "row": -1, "mot": 2, "pie": -1, "uto": -1, "uwr": -1 }, "geometry": { "type": "Point", "coordinates": [ 19.434278, 51.816056 ] } },
{ "type": "Feature", "properties": { "ID": 110209071, "yr": 2021, "dt": "2021-05-26T19:25:15", "WOJ": 10, "sev": 2, "c": [ 255, 165, 0, 160 ], "dmg": 1, "sli": 0, "ser": 1, "fat": 0, "row": -1, "mot": -1, "pie": 2, "uto": -1, "uwr": -1 }, "geometry": { "type": "Point", "coordinates": [ 19.431806, 51.74625 ] } },
{ "type": "Feature", "properties": { "ID": 110194534, "yr": 2021, "dt": "2021-05-20T16:00:39", "WOJ": 10, "sev": 2, "c": [ 255, 165, 0, 160 ], "dmg": 1, "sli": 0, "ser": 1, "fat": 0, "row": -1, "mot": 2, "pie": -1, "uto": -1, "uwr": -1 }, "geometry": { "type": "Point", "coordinates": [ 19.415, 51.747278 ] } },
{ "type": "Feature", "properties": { "ID": 110192900, "yr": 2021, "dt": "2021-05-20T05:19:37", "WOJ": 10, "sev": 2, "c": [ 255, 165, 0, 160 ], "dmg": 1, "sli": 0, "ser": 1, "fat": 0, "row": -1, "mot": -1, "pie": -1, "uto": -1, "uwr": -1 }, "geometry": { "type": "Point", "coordinates": [ 19.42275, 51.755806 ] } },
{ "type": "Feature", "properties": { "ID": 111689606, "yr": 2021, "dt": "2021-10-06T17:15:25", "WOJ": 10, "sev": 2, "c": [ 255, 165, 0, 160 ], "dmg": 0, "sli": 0, "ser": 1, "fat": 0, "row": -1, "mot": -1, "pie": -1, "uto": -1, "uwr": -1 }, "geometry": { "type": "Point", "coordinates": [ 19.515639, 51.750778 ] } },
{ "type": "Feature", "properties": { "ID": 111700822, "yr": 2021, "dt": "2021-10-06T20:35:00", "WOJ": 10, "sev": 2, "c": [ 255, 165, 0, 160 ], "dmg": 1, "sli": 0, "ser": 1, "fat": 0, "row": -1, "mot": -1, "pie": -1, "uto": -1, "uwr": -1 }, "geometry": { "type": "Point", "coordinates": [ 19.717194, 51.953111 ] } },
{ "type": "Feature", "properties": { "ID": 110211059, "yr": 2021, "dt": "2021-05-27T19:24:55", "WOJ": 10, "sev": 2, "c": [ 255, 165, 0, 160 ], "dmg": 1, "sli": 0, "ser": 1, "fat": 0, "row": 2, "mot": -1, "pie": -1, "uto": -1, "uwr": -1 }, "geometry": { "type": "Point", "coordinates": [ 19.434528, 51.816028 ] } },
{ "type": "Feature", "properties": { "ID": 110210660, "yr": 2021, "dt": "2021-05-27T11:51:00", "WOJ": 10, "sev": 2, "c": [ 255, 165, 0, 160 ], "dmg": 1, "sli": 0, "ser": 1, "fat": 0, "row": -1, "mot": -1, "pie": -1, "uto": -1, "uwr": -1 }, "geometry": { "type": "Point", "coordinates": [ 19.471833, 51.754194 ] } },
{ "type": "Feature", "properties": { "ID": 114332353, "yr": 2021, "dt": "2021-12-09T01:35:03", "WOJ": 10, "sev": 2, "c": [ 255, 165, 0, 160 ], "dmg": 1, "sli": 0, "ser": 1, "fat": 0, "row": -1, "mot": -1, "pie": -1, "uto": -1, "uwr": -1 }, "geometry": { "type": "Point", "coordinates": [ 19.459417, 51.727917 ] } },
{ "type": "Feature", "properties": { "ID": 109887376, "yr": 2021, "dt": "2021-02-12T15:20:00", "WOJ": 10, "sev": 2, "c": [ 255, 165, 0, 160 ], "dmg": 1, "sli": 0, "ser": 1, "fat": 0, "row": -1, "mot": -1, "pie": 2, "uto": -1, "uwr": -1 }, "geometry": { "type": "Point", "coordinates": [ 20.477944, 51.809222 ] } },
{ "type": "Feature", "properties": { "ID": 113677472, "yr": 2021, "dt": "2021-12-01T00:06:34", "WOJ": 10, "sev": 2, "c": [ 255, 165, 0, 160 ], "dmg": 1, "sli": 0, "ser": 1, "fat": 0, "row": -1, "mot": -1, "pie": 2, "uto": -1, "uwr": -1 }, "geometry": { "type": "Point", "coordinates": [ 19.472861, 51.752 ] } },
{ "type": "Feature", "properties": { "ID": 113731818, "yr": 2021, "dt": "2021-12-01T10:02:29", "WOJ": 10, "sev": 2, "c": [ 255, 165, 0, 160 ], "dmg": 1, "sli": 0, "ser": 1, "fat": 0, "row": -1, "mot": -1, "pie": 2, "uto": -1, "uwr": -1 }, "geometry": { "type": "Point", "coordinates": [ 19.369583, 51.668972 ] } },
{ "type": "Feature", "properties": { "ID": 113755217, "yr": 2021, "dt": "2021-12-01T18:13:12", "WOJ": 10, "sev": 2, "c": [ 255, 165, 0, 160 ], "dmg": 1, "sli": 0, "ser": 1, "fat": 0, "row": -1, "mot": -1, "pie": 2, "uto": -1, "uwr": -1 }, "geometry": { "type": "Point", "coordinates": [ 19.515306, 51.7355 ] } },
{ "type": "Feature", "properties": { "ID": 113755361, "yr": 2021, "dt": "2021-12-01T22:23:41", "WOJ": 10, "sev": 2, "c": [ 255, 165, 0, 160 ], "dmg": 1, "sli": 0, "ser": 1, "fat": 0, "row": -1, "mot": -1, "pie": 2, "uto": -1, "uwr": -1 }, "geometry": { "type": "Point", "coordinates": [ 19.374417, 51.65625 ] } },
{ "type": "Feature", "properties": { "ID": 109895424, "yr": 2021, "dt": "2021-02-16T14:38:44", "WOJ": 10, "sev": 2, "c": [ 255, 165, 0, 160 ], "dmg": 2, "sli": 3, "ser": 1, "fat": 0, "row": -1, "mot": -1, "pie": -1, "uto": -1, "uwr": -1 }, "geometry": { "type": "Point", "coordinates": [ 19.444556, 51.757111 ] } },
{ "type": "Feature", "properties": { "ID": 109908684, "yr": 2021, "dt": "2021-02-19T15:07:00", "WOJ": 10, "sev": 2, "c": [ 255, 165, 0, 160 ], "dmg": 1, "sli": 0, "ser": 1, "fat": 0, "row": -1, "mot": -1, "pie": -1, "uto": -1, "uwr": -1 }, "geometry": { "type": "Point", "coordinates": [ 19.437667, 51.755889 ] } },
{ "type": "Feature", "properties": { "ID": 109886543, "yr": 2021, "dt": "2021-02-12T17:31:00", "WOJ": 10, "sev": 2, "c": [ 255, 165, 0, 160 ], "dmg": 1, "sli": 0, "ser": 1, "fat": 0, "row": -1, "mot": -1, "pie": -1, "uto": -1, "uwr": -1 }, "geometry": { "type": "Point", "coordinates": [ 19.430806, 51.754778 ] } },
{ "type": "Feature", "properties": { "ID": 109888026, "yr": 2021, "dt": "2021-02-13T10:34:14", "WOJ": 10, "sev": 2, "c": [ 255, 165, 0, 160 ], "dmg": 1, "sli": 0, "ser": 1, "fat": 0, "row": -1, "mot": -1, "pie": 2, "uto": -1, "uwr": -1 }, "geometry": { "type": "Point", "coordinates": [ 19.456111, 51.757083 ] } },
{ "type": "Feature", "properties": { "ID": 109888852, "yr": 2021, "dt": "2021-02-14T15:54:31", "WOJ": 10, "sev": 2, "c": [ 255, 165, 0, 160 ], "dmg": 1, "sli": 0, "ser": 1, "fat": 0, "row": -1, "mot": -1, "pie": -1, "uto": -1, "uwr": -1 }, "geometry": { "type": "Point", "coordinates": [ 19.527917, 51.734583 ] } },
{ "type": "Feature", "properties": { "ID": 109892777, "yr": 2021, "dt": "2021-02-15T17:46:00", "WOJ": 10, "sev": 2, "c": [ 255, 165, 0, 160 ], "dmg": 1, "sli": 0, "ser": 1, "fat": 0, "row": -1, "mot": -1, "pie": 2, "uto": -1, "uwr": -1 }, "geometry": { "type": "Point", "coordinates": [ 20.223222, 51.524556 ] } },
{ "type": "Feature", "properties": { "ID": 111710664, "yr": 2021, "dt": "2021-10-11T11:30:56", "WOJ": 10, "sev": 2, "c": [ 255, 165, 0, 160 ], "dmg": 3, "sli": 0, "ser": 1, "fat": 0, "row": -1, "mot": -1, "pie": -1, "uto": -1, "uwr": -1 }, "geometry": { "type": "Point", "coordinates": [ 19.345056, 51.810556 ] } },
{ "type": "Feature", "properties": { "ID": 112236818, "yr": 2021, "dt": "2021-10-11T06:35:00", "WOJ": 10, "sev": 2, "c": [ 255, 165, 0, 160 ], "dmg": 1, "sli": 0, "ser": 1, "fat": 0, "row": 2, "mot": -1, "pie": -1, "uto": -1, "uwr": -1 }, "geometry": { "type": "Point", "coordinates": [ 19.245306, 51.637667 ] } },
{ "type": "Feature", "properties": { "ID": 110187964, "yr": 2021, "dt": "2021-05-18T07:47:15", "WOJ": 10, "sev": 2, "c": [ 255, 165, 0, 160 ], "dmg": 1, "sli": 0, "ser": 1, "fat": 0, "row": -1, "mot": -1, "pie": 2, "uto": -1, "uwr": -1 }, "geometry": { "type": "Point", "coordinates": [ 19.487139, 51.737333 ] } },
{ "type": "Feature", "properties": { "ID": 111702918, "yr": 2021, "dt": "2021-10-07T11:19:00", "WOJ": 10, "sev": 2, "c": [ 255, 165, 0, 160 ], "dmg": 1, "sli": 0, "ser": 1, "fat": 0, "row": -1, "mot": -1, "pie": -1, "uto": -1, "uwr": -1 }, "geometry": { "type": "Point", "coordinates": [ 19.45475, 51.732667 ] } },
{ "type": "Feature", "properties": { "ID": 111733813, "yr": 2021, "dt": "2021-10-13T18:06:42", "WOJ": 10, "sev": 2, "c": [ 255, 165, 0, 160 ], "dmg": 2, "sli": 0, "ser": 1, "fat": 0, "row": -1, "mot": -1, "pie": -1, "uto": -1, "uwr": -1 }, "geometry": { "type": "Point", "coordinates": [ 19.417333, 51.772861 ] } },
{ "type": "Feature", "properties": { "ID": 111720443, "yr": 2021, "dt": "2021-10-13T16:49:49", "WOJ": 10, "sev": 2, "c": [ 255, 165, 0, 160 ], "dmg": 1, "sli": 0, "ser": 1, "fat": 0, "row": -1, "mot": -1, "pie": -1, "uto": -1, "uwr": -1 }, "geometry": { "type": "Point", "coordinates": [ 19.422028, 51.772722 ] } },
{ "type": "Feature", "properties": { "ID": 110193699, "yr": 2021, "dt": "2021-05-20T18:16:24", "WOJ": 10, "sev": 2, "c": [ 255, 165, 0, 160 ], "dmg": 1, "sli": 0, "ser": 1, "fat": 0, "row": -1, "mot": -1, "pie": -1, "uto": -1, "uwr": -1 }, "geometry": { "type": "Point", "coordinates": [ 19.7975, 51.187222 ] } },
{ "type": "Feature", "properties": { "ID": 110195250, "yr": 2021, "dt": "2021-05-21T08:57:10", "WOJ": 10, "sev": 2, "c": [ 255, 165, 0, 160 ], "dmg": 1, "sli": 0, "ser": 1, "fat": 0, "row": -1, "mot": -1, "pie": -1, "uto": -1, "uwr": -1 }, "geometry": { "type": "Point", "coordinates": [ 19.465472, 51.796528 ] } },
{ "type": "Feature", "properties": { "ID": 110196337, "yr": 2021, "dt": "2021-05-21T11:07:00", "WOJ": 10, "sev": 2, "c": [ 255, 165, 0, 160 ], "dmg": 1, "sli": 0, "ser": 1, "fat": 0, "row": -1, "mot": -1, "pie": -1, "uto": -1, "uwr": -1 }, "geometry": { "type": "Point", "coordinates": [ 19.452472, 51.730861 ] } },
{ "type": "Feature", "properties": { "ID": 110198311, "yr": 2021, "dt": "2021-05-21T14:09:00", "WOJ": 10, "sev": 2, "c": [ 255, 165, 0, 160 ], "dmg": 0, "sli": 0, "ser": 2, "fat": 0, "row": -1, "mot": -1, "pie": -1, "uto": -1, "uwr": -1 }, "geometry": { "type": "Point", "coordinates": [ 19.476361, 51.729111 ] } },
{ "type": "Feature", "properties": { "ID": 110203949, "yr": 2021, "dt": "2021-05-22T19:47:49", "WOJ": 10, "sev": 2, "c": [ 255, 165, 0, 160 ], "dmg": 1, "sli": 0, "ser": 2, "fat": 0, "row": -1, "mot": -1, "pie": -1, "uto": -1, "uwr": -1 }, "geometry": { "type": "Point", "coordinates": [ 19.35625, 51.657361 ] } },
{ "type": "Feature", "properties": { "ID": 110203884, "yr": 2021, "dt": "2021-05-22T18:16:23", "WOJ": 10, "sev": 2, "c": [ 255, 165, 0, 160 ], "dmg": 0, "sli": 1, "ser": 1, "fat": 0, "row": -1, "mot": -1, "pie": -1, "uto": -1, "uwr": -1 }, "geometry": { "type": "Point", "coordinates": [ 20.137889, 51.718056 ] } },
{ "type": "Feature", "properties": { "ID": 110204072, "yr": 2021, "dt": "2021-05-23T02:55:00", "WOJ": 10, "sev": 2, "c": [ 255, 165, 0, 160 ], "dmg": 0, "sli": 0, "ser": 1, "fat": 0, "row": -1, "mot": -1, "pie": -1, "uto": -1, "uwr": -1 }, "geometry": { "type": "Point", "coordinates": [ 19.714028, 51.971611 ] } },
{ "type": "Feature", "properties": { "ID": 111728821, "yr": 2021, "dt": "2021-10-13T17:25:00", "WOJ": 10, "sev": 2, "c": [ 255, 165, 0, 160 ], "dmg": 1, "sli": 0, "ser": 1, "fat": 0, "row": -1, "mot": -1, "pie": 2, "uto": -1, "uwr": -1 }, "geometry": { "type": "Point", "coordinates": [ 19.318194, 51.820667 ] } },
{ "type": "Feature", "properties": { "ID": 111714902, "yr": 2021, "dt": "2021-10-10T16:14:08", "WOJ": 10, "sev": 2, "c": [ 255, 165, 0, 160 ], "dmg": 1, "sli": 0, "ser": 1, "fat": 0, "row": -1, "mot": -1, "pie": -1, "uto": -1, "uwr": -1 }, "geometry": { "type": "Point", "coordinates": [ 19.520583, 51.725167 ] } },
{ "type": "Feature", "properties": { "ID": 111714943, "yr": 2021, "dt": "2021-10-10T18:45:40", "WOJ": 10, "sev": 2, "c": [ 255, 165, 0, 160 ], "dmg": 1, "sli": 0, "ser": 1, "fat": 0, "row": -1, "mot": -1, "pie": -1, "uto": -1, "uwr": -1 }, "geometry": { "type": "Point", "coordinates": [ 19.422083, 51.743361 ] } },
{ "type": "Feature", "properties": { "ID": 111716860, "yr": 2021, "dt": "2021-10-10T13:40:00", "WOJ": 10, "sev": 2, "c": [ 255, 165, 0, 160 ], "dmg": 1, "sli": 0, "ser": 1, "fat": 0, "row": 2, "mot": -1, "pie": -1, "uto": -1, "uwr": -1 }, "geometry": { "type": "Point", "coordinates": [ 19.425056, 51.755778 ] } },
{ "type": "Feature", "properties": { "ID": 111710204, "yr": 2021, "dt": "2021-10-11T05:30:00", "WOJ": 10, "sev": 2, "c": [ 255, 165, 0, 160 ], "dmg": 1, "sli": 0, "ser": 1, "fat": 0, "row": -1, "mot": -1, "pie": 2, "uto": -1, "uwr": -1 }, "geometry": { "type": "Point", "coordinates": [ 19.389944, 51.07775 ] } },
{ "type": "Feature", "properties": { "ID": 114541904, "yr": 2021, "dt": "2021-12-08T19:10:03", "WOJ": 10, "sev": 2, "c": [ 255, 165, 0, 160 ], "dmg": 1, "sli": 0, "ser": 1, "fat": 0, "row": -1, "mot": -1, "pie": 2, "uto": -1, "uwr": -1 }, "geometry": { "type": "Point", "coordinates": [ 19.439278, 51.748972 ] } },
{ "type": "Feature", "properties": { "ID": 114533899, "yr": 2021, "dt": "2021-12-08T12:19:56", "WOJ": 10, "sev": 2, "c": [ 255, 165, 0, 160 ], "dmg": 1, "sli": 0, "ser": 1, "fat": 0, "row": -1, "mot": -1, "pie": -1, "uto": -1, "uwr": -1 }, "geometry": { "type": "Point", "coordinates": [ 19.47875, 51.790278 ] } },
{ "type": "Feature", "properties": { "ID": 110181753, "yr": 2021, "dt": "2021-05-13T19:10:50", "WOJ": 10, "sev": 2, "c": [ 255, 165, 0, 160 ], "dmg": 1, "sli": 0, "ser": 1, "fat": 0, "row": -1, "mot": -1, "pie": 2, "uto": -1, "uwr": -1 }, "geometry": { "type": "Point", "coordinates": [ 19.419083, 51.788611 ] } },
{ "type": "Feature", "properties": { "ID": 110184674, "yr": 2021, "dt": "2021-05-15T22:05:37", "WOJ": 10, "sev": 2, "c": [ 255, 165, 0, 160 ], "dmg": 1, "sli": 0, "ser": 1, "fat": 0, "row": -1, "mot": -1, "pie": 2, "uto": -1, "uwr": -1 }, "geometry": { "type": "Point", "coordinates": [ 19.457333, 51.777694 ] } },
{ "type": "Feature", "properties": { "ID": 111765105, "yr": 2021, "dt": "2021-10-14T20:55:55", "WOJ": 10, "sev": 2, "c": [ 255, 165, 0, 160 ], "dmg": 1, "sli": 0, "ser": 1, "fat": 0, "row": -1, "mot": -1, "pie": 2, "uto": -1, "uwr": -1 }, "geometry": { "type": "Point", "coordinates": [ 19.523778, 51.734972 ] } },
{ "type": "Feature", "properties": { "ID": 111756184, "yr": 2021, "dt": "2021-10-14T19:05:00", "WOJ": 10, "sev": 2, "c": [ 255, 165, 0, 160 ], "dmg": 0, "sli": 1, "ser": 1, "fat": 0, "row": -1, "mot": -1, "pie": -1, "uto": -1, "uwr": -1 }, "geometry": { "type": "Point", "coordinates": [ 19.286167, 52.221 ] } },
{ "type": "Feature", "properties": { "ID": 113068225, "yr": 2021, "dt": "2021-10-14T12:00:00", "WOJ": 10, "sev": 2, "c": [ 255, 165, 0, 160 ], "dmg": 1, "sli": 0, "ser": 1, "fat": 0, "row": 2, "mot": -1, "pie": -1, "uto": -1, "uwr": -1 }, "geometry": { "type": "Point", "coordinates": [ 19.422722, 51.70625 ] } },
{ "type": "Feature", "properties": { "ID": 111902810, "yr": 2021, "dt": "2021-10-15T16:07:00", "WOJ": 10, "sev": 2, "c": [ 255, 165, 0, 160 ], "dmg": 1, "sli": 0, "ser": 1, "fat": 0, "row": -1, "mot": -1, "pie": -1, "uto": -1, "uwr": -1 }, "geometry": { "type": "Point", "coordinates": [ 19.299444, 51.960528 ] } },
{ "type": "Feature", "properties": { "ID": 110193585, "yr": 2021, "dt": "2021-05-20T15:21:22", "WOJ": 10, "sev": 2, "c": [ 255, 165, 0, 160 ], "dmg": 1, "sli": 0, "ser": 1, "fat": 0, "row": 2, "mot": -1, "pie": -1, "uto": -1, "uwr": -1 }, "geometry": { "type": "Point", "coordinates": [ 18.807278, 52.012361 ] } },
{ "type": "Feature", "properties": { "ID": 110193288, "yr": 2021, "dt": "2021-05-20T08:08:42", "WOJ": 10, "sev": 2, "c": [ 255, 165, 0, 160 ], "dmg": 0, "sli": 1, "ser": 1, "fat": 0, "row": -1, "mot": -1, "pie": -1, "uto": -1, "uwr": -1 }, "geometry": { "type": "Point", "coordinates": [ 19.108778, 51.275278 ] } },
{ "type": "Feature", "properties": { "ID": 110194686, "yr": 2021, "dt": "2021-05-20T18:09:06", "WOJ": 10, "sev": 2, "c": [ 255, 165, 0, 160 ], "dmg": 1, "sli": 0, "ser": 1, "fat": 0, "row": -1, "mot": -1, "pie": 2, "uto": -1, "uwr": -1 }, "geometry": { "type": "Point", "coordinates": [ 19.460278, 51.77725 ] } },
{ "type": "Feature", "properties": { "ID": 110194152, "yr": 2021, "dt": "2021-05-20T08:06:57", "WOJ": 10, "sev": 2, "c": [ 255, 165, 0, 160 ], "dmg": 1, "sli": 0, "ser": 1, "fat": 0, "row": 2, "mot": -1, "pie": -1, "uto": -1, "uwr": -1 }, "geometry": { "type": "Point", "coordinates": [ 19.455472, 51.813722 ] } },
{ "type": "Feature", "properties": { "ID": 110194377, "yr": 2021, "dt": "2021-05-20T13:31:47", "WOJ": 10, "sev": 2, "c": [ 255, 165, 0, 160 ], "dmg": 1, "sli": 0, "ser": 1, "fat": 0, "row": 2, "mot": -1, "pie": -1, "uto": -1, "uwr": -1 }, "geometry": { "type": "Point", "coordinates": [ 19.478694, 51.732556 ] } },
{ "type": "Feature", "properties": { "ID": 111718188, "yr": 2021, "dt": "2021-10-12T12:37:00", "WOJ": 10, "sev": 2, "c": [ 255, 165, 0, 160 ], "dmg": 3, "sli": 1, "ser": 2, "fat": 0, "row": -1, "mot": -1, "pie": -1, "uto": -1, "uwr": -1 }, "geometry": { "type": "Point", "coordinates": [ 19.476667, 51.598611 ] } },
{ "type": "Feature", "properties": { "ID": 111718352, "yr": 2021, "dt": "2021-10-12T21:03:44", "WOJ": 10, "sev": 2, "c": [ 255, 165, 0, 160 ], "dmg": 1, "sli": 0, "ser": 2, "fat": 0, "row": -1, "mot": -1, "pie": -1, "uto": -1, "uwr": -1 }, "geometry": { "type": "Point", "coordinates": [ 19.469861, 51.757389 ] } },
{ "type": "Feature", "properties": { "ID": 111718320, "yr": 2021, "dt": "2021-10-12T18:17:23", "WOJ": 10, "sev": 2, "c": [ 255, 165, 0, 160 ], "dmg": 2, "sli": 0, "ser": 1, "fat": 0, "row": -1, "mot": -1, "pie": -1, "uto": -1, "uwr": -1 }, "geometry": { "type": "Point", "coordinates": [ 19.484806, 51.718639 ] } },
{ "type": "Feature", "properties": { "ID": 111718843, "yr": 2021, "dt": "2021-10-12T18:20:18", "WOJ": 10, "sev": 2, "c": [ 255, 165, 0, 160 ], "dmg": 1, "sli": 0, "ser": 1, "fat": 0, "row": -1, "mot": -1, "pie": 2, "uto": -1, "uwr": -1 }, "geometry": { "type": "Point", "coordinates": [ 19.535861, 51.757444 ] } },
{ "type": "Feature", "properties": { "ID": 111716664, "yr": 2021, "dt": "2021-10-13T09:28:29", "WOJ": 10, "sev": 2, "c": [ 255, 165, 0, 160 ], "dmg": 1, "sli": 0, "ser": 1, "fat": 0, "row": -1, "mot": -1, "pie": 2, "uto": -1, "uwr": -1 }, "geometry": { "type": "Point", "coordinates": [ 19.456278, 51.7295 ] } },
{ "type": "Feature", "properties": { "ID": 111773872, "yr": 2021, "dt": "2021-10-15T08:12:11", "WOJ": 10, "sev": 2, "c": [ 255, 165, 0, 160 ], "dmg": 0, "sli": 0, "ser": 2, "fat": 0, "row": -1, "mot": -1, "pie": -1, "uto": -1, "uwr": -1 }, "geometry": { "type": "Point", "coordinates": [ 19.425278, 51.752278 ] } },
{ "type": "Feature", "properties": { "ID": 111797829, "yr": 2021, "dt": "2021-10-15T18:08:59", "WOJ": 10, "sev": 2, "c": [ 255, 165, 0, 160 ], "dmg": 1, "sli": 0, "ser": 1, "fat": 0, "row": -1, "mot": -1, "pie": -1, "uto": -1, "uwr": -1 }, "geometry": { "type": "Point", "coordinates": [ 19.449972, 51.757889 ] } },
{ "type": "Feature", "properties": { "ID": 111792934, "yr": 2021, "dt": "2021-10-15T21:21:48", "WOJ": 10, "sev": 2, "c": [ 255, 165, 0, 160 ], "dmg": 1, "sli": 0, "ser": 1, "fat": 0, "row": -1, "mot": -1, "pie": 2, "uto": -1, "uwr": -1 }, "geometry": { "type": "Point", "coordinates": [ 18.993417, 51.93825 ] } },
{ "type": "Feature", "properties": { "ID": 111798816, "yr": 2021, "dt": "2021-10-15T20:23:33", "WOJ": 10, "sev": 2, "c": [ 255, 165, 0, 160 ], "dmg": 1, "sli": 0, "ser": 1, "fat": 0, "row": -1, "mot": -1, "pie": 2, "uto": -1, "uwr": -1 }, "geometry": { "type": "Point", "coordinates": [ 19.405444, 51.744167 ] } },
{ "type": "Feature", "properties": { "ID": 111798948, "yr": 2021, "dt": "2021-10-16T13:30:06", "WOJ": 10, "sev": 2, "c": [ 255, 165, 0, 160 ], "dmg": 2, "sli": 0, "ser": 1, "fat": 0, "row": -1, "mot": -1, "pie": -1, "uto": -1, "uwr": -1 }, "geometry": { "type": "Point", "coordinates": [ 19.451889, 51.778611 ] } },
{ "type": "Feature", "properties": { "ID": 111798947, "yr": 2021, "dt": "2021-10-16T15:06:01", "WOJ": 10, "sev": 2, "c": [ 255, 165, 0, 160 ], "dmg": 1, "sli": 1, "ser": 1, "fat": 0, "row": -1, "mot": -1, "pie": 1, "uto": -1, "uwr": -1 }, "geometry": { "type": "Point", "coordinates": [ 19.525861, 51.785111 ] } },
{ "type": "Feature", "properties": { "ID": 110179318, "yr": 2021, "dt": "2021-05-12T14:51:43", "WOJ": 10, "sev": 2, "c": [ 255, 165, 0, 160 ], "dmg": 2, "sli": 2, "ser": 1, "fat": 0, "row": -1, "mot": -1, "pie": -1, "uto": -1, "uwr": -1 }, "geometry": { "type": "Point", "coordinates": [ 19.521306, 51.774889 ] } },
{ "type": "Feature", "properties": { "ID": 110185910, "yr": 2021, "dt": "2021-05-16T02:10:30", "WOJ": 10, "sev": 2, "c": [ 255, 165, 0, 160 ], "dmg": 1, "sli": 0, "ser": 1, "fat": 0, "row": -1, "mot": -1, "pie": -1, "uto": -1, "uwr": -1 }, "geometry": { "type": "Point", "coordinates": [ 19.489722, 51.755639 ] } },
{ "type": "Feature", "properties": { "ID": 110184823, "yr": 2021, "dt": "2021-05-16T12:52:00", "WOJ": 10, "sev": 2, "c": [ 255, 165, 0, 160 ], "dmg": 2, "sli": 0, "ser": 1, "fat": 0, "row": -1, "mot": -1, "pie": -1, "uto": -1, "uwr": -1 }, "geometry": { "type": "Point", "coordinates": [ 19.541028, 51.711028 ] } },
{ "type": "Feature", "properties": { "ID": 110186706, "yr": 2021, "dt": "2021-05-17T08:21:00", "WOJ": 10, "sev": 2, "c": [ 255, 165, 0, 160 ], "dmg": 1, "sli": 0, "ser": 1, "fat": 0, "row": -1, "mot": -1, "pie": -1, "uto": -1, "uwr": -1 }, "geometry": { "type": "Point", "coordinates": [ 19.326389, 52.265444 ] } },
{ "type": "Feature", "properties": { "ID": 110186392, "yr": 2021, "dt": "2021-05-17T05:46:29", "WOJ": 10, "sev": 2, "c": [ 255, 165, 0, 160 ], "dmg": 1, "sli": 0, "ser": 1, "fat": 0, "row": -1, "mot": -1, "pie": 2, "uto": -1, "uwr": -1 }, "geometry": { "type": "Point", "coordinates": [ 19.464056, 51.749361 ] } },
{ "type": "Feature", "properties": { "ID": 110188483, "yr": 2021, "dt": "2021-05-18T06:59:50", "WOJ": 10, "sev": 2, "c": [ 255, 165, 0, 160 ], "dmg": 1, "sli": 0, "ser": 1, "fat": 0, "row": -1, "mot": -1, "pie": 2, "uto": -1, "uwr": -1 }, "geometry": { "type": "Point", "coordinates": [ 19.66525, 51.410222 ] } },
{ "type": "Feature", "properties": { "ID": 110181000, "yr": 2021, "dt": "2021-05-13T17:56:48", "WOJ": 10, "sev": 2, "c": [ 255, 165, 0, 160 ], "dmg": 2, "sli": 0, "ser": 1, "fat": 0, "row": -1, "mot": -1, "pie": -1, "uto": -1, "uwr": -1 }, "geometry": { "type": "Point", "coordinates": [ 19.429, 51.770139 ] } },
{ "type": "Feature", "properties": { "ID": 110181815, "yr": 2021, "dt": "2021-05-13T17:39:49", "WOJ": 10, "sev": 2, "c": [ 255, 165, 0, 160 ], "dmg": 1, "sli": 0, "ser": 1, "fat": 0, "row": -1, "mot": 2, "pie": -1, "uto": -1, "uwr": -1 }, "geometry": { "type": "Point", "coordinates": [ 19.398056, 51.867 ] } },
{ "type": "Feature", "properties": { "ID": 110181726, "yr": 2021, "dt": "2021-05-13T16:50:00", "WOJ": 10, "sev": 2, "c": [ 255, 165, 0, 160 ], "dmg": 0, "sli": 1, "ser": 1, "fat": 0, "row": -1, "mot": -1, "pie": -1, "uto": -1, "uwr": -1 }, "geometry": { "type": "Point", "coordinates": [ 19.521611, 51.868806 ] } },
{ "type": "Feature", "properties": { "ID": 110181616, "yr": 2021, "dt": "2021-05-13T16:48:07", "WOJ": 10, "sev": 2, "c": [ 255, 165, 0, 160 ], "dmg": 1, "sli": 0, "ser": 1, "fat": 0, "row": 2, "mot": -1, "pie": -1, "uto": -1, "uwr": -1 }, "geometry": { "type": "Point", "coordinates": [ 19.404917, 51.748194 ] } },
{ "type": "Feature", "properties": { "ID": 110176494, "yr": 2021, "dt": "2021-05-11T18:13:20", "WOJ": 10, "sev": 2, "c": [ 255, 165, 0, 160 ], "dmg": 3, "sli": 0, "ser": 1, "fat": 0, "row": -1, "mot": -1, "pie": -1, "uto": -1, "uwr": -1 }, "geometry": { "type": "Point", "coordinates": [ 19.450639, 51.747556 ] } },
{ "type": "Feature", "properties": { "ID": 110176552, "yr": 2021, "dt": "2021-05-11T19:01:44", "WOJ": 10, "sev": 2, "c": [ 255, 165, 0, 160 ], "dmg": 1, "sli": 0, "ser": 1, "fat": 0, "row": 2, "mot": -1, "pie": -1, "uto": -1, "uwr": -1 }, "geometry": { "type": "Point", "coordinates": [ 19.44025, 51.741306 ] } },
{ "type": "Feature", "properties": { "ID": 110176497, "yr": 2021, "dt": "2021-05-11T18:16:46", "WOJ": 10, "sev": 2, "c": [ 255, 165, 0, 160 ], "dmg": 1, "sli": 0, "ser": 1, "fat": 0, "row": -1, "mot": -1, "pie": 2, "uto": -1, "uwr": -1 }, "geometry": { "type": "Point", "coordinates": [ 19.452333, 51.774389 ] } },
{ "type": "Feature", "properties": { "ID": 110175925, "yr": 2021, "dt": "2021-05-11T10:36:00", "WOJ": 10, "sev": 2, "c": [ 255, 165, 0, 160 ], "dmg": 1, "sli": 0, "ser": 1, "fat": 0, "row": -1, "mot": 2, "pie": -1, "uto": -1, "uwr": -1 }, "geometry": { "type": "Point", "coordinates": [ 19.449333, 51.768139 ] } },
{ "type": "Feature", "properties": { "ID": 112241038, "yr": 2021, "dt": "2021-10-20T11:35:00", "WOJ": 10, "sev": 2, "c": [ 255, 165, 0, 160 ], "dmg": 2, "sli": 0, "ser": 1, "fat": 0, "row": -1, "mot": -1, "pie": -1, "uto": -1, "uwr": -1 }, "geometry": { "type": "Point", "coordinates": [ 19.411556, 51.861528 ] } },
{ "type": "Feature", "properties": { "ID": 112087809, "yr": 2021, "dt": "2021-10-18T19:40:00", "WOJ": 10, "sev": 2, "c": [ 255, 165, 0, 160 ], "dmg": 0, "sli": 0, "ser": 1, "fat": 0, "row": -1, "mot": -1, "pie": -1, "uto": -1, "uwr": -1 }, "geometry": { "type": "Point", "coordinates": [ 20.527667, 51.784361 ] } },
{ "type": "Feature", "properties": { "ID": 111847398, "yr": 2021, "dt": "2021-10-18T14:47:16", "WOJ": 10, "sev": 2, "c": [ 255, 165, 0, 160 ], "dmg": 1, "sli": 0, "ser": 1, "fat": 0, "row": -1, "mot": -1, "pie": -1, "uto": -1, "uwr": -1 }, "geometry": { "type": "Point", "coordinates": [ 19.596306, 51.736917 ] } },
{ "type": "Feature", "properties": { "ID": 111797841, "yr": 2021, "dt": "2021-10-15T15:41:03", "WOJ": 10, "sev": 2, "c": [ 255, 165, 0, 160 ], "dmg": 1, "sli": 0, "ser": 1, "fat": 0, "row": -1, "mot": -1, "pie": -1, "uto": -1, "uwr": -1 }, "geometry": { "type": "Point", "coordinates": [ 19.24125, 51.341778 ] } },
{ "type": "Feature", "properties": { "ID": 110185197, "yr": 2021, "dt": "2021-05-15T08:40:28", "WOJ": 10, "sev": 2, "c": [ 255, 165, 0, 160 ], "dmg": 1, "sli": 0, "ser": 1, "fat": 0, "row": 2, "mot": -1, "pie": -1, "uto": -1, "uwr": -1 }, "geometry": { "type": "Point", "coordinates": [ 19.444139, 51.762361 ] } },
{ "type": "Feature", "properties": { "ID": 110176345, "yr": 2021, "dt": "2021-05-11T16:17:18", "WOJ": 10, "sev": 2, "c": [ 255, 165, 0, 160 ], "dmg": 1, "sli": 0, "ser": 1, "fat": 0, "row": -1, "mot": -1, "pie": -1, "uto": -1, "uwr": -1 }, "geometry": { "type": "Point", "coordinates": [ 19.440472, 51.804861 ] } },
{ "type": "Feature", "properties": { "ID": 110174677, "yr": 2021, "dt": "2021-05-11T07:50:54", "WOJ": 10, "sev": 2, "c": [ 255, 165, 0, 160 ], "dmg": 1, "sli": 0, "ser": 1, "fat": 0, "row": -1, "mot": -1, "pie": -1, "uto": -1, "uwr": -1 }, "geometry": { "type": "Point", "coordinates": [ 19.450083, 51.764778 ] } },
{ "type": "Feature", "properties": { "ID": 110176790, "yr": 2021, "dt": "2021-05-11T21:12:00", "WOJ": 10, "sev": 2, "c": [ 255, 165, 0, 160 ], "dmg": 1, "sli": 0, "ser": 1, "fat": 0, "row": 2, "mot": -1, "pie": -1, "uto": -1, "uwr": -1 }, "geometry": { "type": "Point", "coordinates": [ 19.401611, 51.853083 ] } },
{ "type": "Feature", "properties": { "ID": 110178833, "yr": 2021, "dt": "2021-05-12T17:22:00", "WOJ": 10, "sev": 2, "c": [ 255, 165, 0, 160 ], "dmg": 1, "sli": 0, "ser": 1, "fat": 0, "row": -1, "mot": -1, "pie": -1, "uto": -1, "uwr": -1 }, "geometry": { "type": "Point", "coordinates": [ 19.436389, 51.699278 ] } },
{ "type": "Feature", "properties": { "ID": 111846853, "yr": 2021, "dt": "2021-10-15T13:21:00", "WOJ": 10, "sev": 2, "c": [ 255, 165, 0, 160 ], "dmg": 1, "sli": 0, "ser": 1, "fat": 0, "row": -1, "mot": -1, "pie": -1, "uto": -1, "uwr": -1 }, "geometry": { "type": "Point", "coordinates": [ 19.508833, 51.749944 ] } },
{ "type": "Feature", "properties": { "ID": 111797991, "yr": 2021, "dt": "2021-10-15T22:48:51", "WOJ": 10, "sev": 2, "c": [ 255, 165, 0, 160 ], "dmg": 1, "sli": 0, "ser": 1, "fat": 0, "row": 2, "mot": -1, "pie": -1, "uto": -1, "uwr": -1 }, "geometry": { "type": "Point", "coordinates": [ 19.481111, 51.761389 ] } },
{ "type": "Feature", "properties": { "ID": 111787875, "yr": 2021, "dt": "2021-10-15T14:16:19", "WOJ": 10, "sev": 2, "c": [ 255, 165, 0, 160 ], "dmg": 0, "sli": 1, "ser": 1, "fat": 0, "row": -1, "mot": -1, "pie": -1, "uto": -1, "uwr": -1 }, "geometry": { "type": "Point", "coordinates": [ 19.436306, 51.75625 ] } },
{ "type": "Feature", "properties": { "ID": 112147143, "yr": 2021, "dt": "2021-10-19T12:20:14", "WOJ": 10, "sev": 2, "c": [ 255, 165, 0, 160 ], "dmg": 0, "sli": 1, "ser": 1, "fat": 0, "row": -1, "mot": -1, "pie": -1, "uto": -1, "uwr": -1 }, "geometry": { "type": "Point", "coordinates": [ 19.457444, 51.717611 ] } },
{ "type": "Feature", "properties": { "ID": 112220807, "yr": 2021, "dt": "2021-10-19T20:55:00", "WOJ": 10, "sev": 2, "c": [ 255, 165, 0, 160 ], "dmg": 1, "sli": 0, "ser": 1, "fat": 0, "row": -1, "mot": -1, "pie": -1, "uto": -1, "uwr": -1 }, "geometry": { "type": "Point", "coordinates": [ 19.293361, 51.962278 ] } },
{ "type": "Feature", "properties": { "ID": 112147228, "yr": 2021, "dt": "2021-10-19T13:55:33", "WOJ": 10, "sev": 2, "c": [ 255, 165, 0, 160 ], "dmg": 1, "sli": 0, "ser": 1, "fat": 0, "row": -1, "mot": -1, "pie": 2, "uto": -1, "uwr": -1 }, "geometry": { "type": "Point", "coordinates": [ 19.204944, 51.587722 ] } },
{ "type": "Feature", "properties": { "ID": 112147261, "yr": 2021, "dt": "2021-10-19T15:45:00", "WOJ": 10, "sev": 2, "c": [ 255, 165, 0, 160 ], "dmg": 2, "sli": 0, "ser": 1, "fat": 0, "row": -1, "mot": -1, "pie": -1, "uto": -1, "uwr": -1 }, "geometry": { "type": "Point", "coordinates": [ 18.699306, 51.595833 ] } },
{ "type": "Feature", "properties": { "ID": 112147504, "yr": 2021, "dt": "2021-10-19T17:30:00", "WOJ": 10, "sev": 2, "c": [ 255, 165, 0, 160 ], "dmg": 1, "sli": 0, "ser": 1, "fat": 0, "row": -1, "mot": -1, "pie": -1, "uto": -1, "uwr": -1 }, "geometry": { "type": "Point", "coordinates": [ 19.293389, 51.962306 ] } },
{ "type": "Feature", "properties": { "ID": 112147777, "yr": 2021, "dt": "2021-10-20T07:51:08", "WOJ": 10, "sev": 2, "c": [ 255, 165, 0, 160 ], "dmg": 2, "sli": 0, "ser": 1, "fat": 0, "row": -1, "mot": -1, "pie": -1, "uto": -1, "uwr": -1 }, "geometry": { "type": "Point", "coordinates": [ 19.500472, 51.763167 ] } },
{ "type": "Feature", "properties": { "ID": 112241192, "yr": 2021, "dt": "2021-10-20T12:57:20", "WOJ": 10, "sev": 2, "c": [ 255, 165, 0, 160 ], "dmg": 1, "sli": 0, "ser": 1, "fat": 0, "row": -1, "mot": 2, "pie": -1, "uto": -1, "uwr": -1 }, "geometry": { "type": "Point", "coordinates": [ 19.498028, 51.762472 ] } },
{ "type": "Feature", "properties": { "ID": 110172149, "yr": 2021, "dt": "2021-05-08T10:20:00", "WOJ": 10, "sev": 2, "c": [ 255, 165, 0, 160 ], "dmg": 0, "sli": 1, "ser": 2, "fat": 0, "row": -1, "mot": -1, "pie": -1, "uto": -1, "uwr": -1 }, "geometry": { "type": "Point", "coordinates": [ 19.348361, 52.227889 ] } },
{ "type": "Feature", "properties": { "ID": 110172477, "yr": 2021, "dt": "2021-05-09T01:34:07", "WOJ": 10, "sev": 2, "c": [ 255, 165, 0, 160 ], "dmg": 2, "sli": 0, "ser": 1, "fat": 0, "row": -1, "mot": -1, "pie": -1, "uto": -1, "uwr": -1 }, "geometry": { "type": "Point", "coordinates": [ 19.449333, 51.768111 ] } },
{ "type": "Feature", "properties": { "ID": 110173380, "yr": 2021, "dt": "2021-05-09T16:41:32", "WOJ": 10, "sev": 2, "c": [ 255, 165, 0, 160 ], "dmg": 1, "sli": 0, "ser": 1, "fat": 0, "row": -1, "mot": -1, "pie": -1, "uto": -1, "uwr": -1 }, "geometry": { "type": "Point", "coordinates": [ 19.4215, 51.772583 ] } },
{ "type": "Feature", "properties": { "ID": 110174313, "yr": 2021, "dt": "2021-05-10T14:28:31", "WOJ": 10, "sev": 2, "c": [ 255, 165, 0, 160 ], "dmg": 0, "sli": 0, "ser": 1, "fat": 0, "row": -1, "mot": -1, "pie": -1, "uto": -1, "uwr": -1 }, "geometry": { "type": "Point", "coordinates": [ 19.471417, 51.754611 ] } },
{ "type": "Feature", "properties": { "ID": 110174470, "yr": 2021, "dt": "2021-05-10T17:46:00", "WOJ": 10, "sev": 2, "c": [ 255, 165, 0, 160 ], "dmg": 0, "sli": 0, "ser": 1, "fat": 0, "row": -1, "mot": -1, "pie": -1, "uto": -1, "uwr": -1 }, "geometry": { "type": "Point", "coordinates": [ 19.600833, 51.746722 ] } },
{ "type": "Feature", "properties": { "ID": 110174531, "yr": 2021, "dt": "2021-05-10T19:30:33", "WOJ": 10, "sev": 2, "c": [ 255, 165, 0, 160 ], "dmg": 1, "sli": 0, "ser": 1, "fat": 0, "row": -1, "mot": -1, "pie": 2, "uto": -1, "uwr": -1 }, "geometry": { "type": "Point", "coordinates": [ 19.388611, 51.793 ] } },
{ "type": "Feature", "properties": { "ID": 110180189, "yr": 2021, "dt": "2021-05-10T09:00:00", "WOJ": 10, "sev": 2, "c": [ 255, 165, 0, 160 ], "dmg": 1, "sli": 0, "ser": 1, "fat": 0, "row": -1, "mot": -1, "pie": 2, "uto": -1, "uwr": -1 }, "geometry": { "type": "Point", "coordinates": [ 19.438889, 51.767194 ] } },
{ "type": "Feature", "properties": { "ID": 110177295, "yr": 2021, "dt": "2021-05-11T19:27:12", "WOJ": 10, "sev": 2, "c": [ 255, 165, 0, 160 ], "dmg": 1, "sli": 0, "ser": 1, "fat": 0, "row": 2, "mot": -1, "pie": -1, "uto": -1, "uwr": -1 }, "geometry": { "type": "Point", "coordinates": [ 19.452528, 51.736306 ] } },
{ "type": "Feature", "properties": { "ID": 110174761, "yr": 2021, "dt": "2021-05-11T10:41:29", "WOJ": 10, "sev": 2, "c": [ 255, 165, 0, 160 ], "dmg": 2, "sli": 0, "ser": 1, "fat": 0, "row": -1, "mot": -1, "pie": -1, "uto": -1, "uwr": -1 }, "geometry": { "type": "Point", "coordinates": [ 19.443278, 51.799306 ] } },
{ "type": "Feature", "properties": { "ID": 110172700, "yr": 2021, "dt": "2021-05-09T17:08:53", "WOJ": 10, "sev": 2, "c": [ 255, 165, 0, 160 ], "dmg": 1, "sli": 0, "ser": 1, "fat": 0, "row": 2, "mot": -1, "pie": -1, "uto": -1, "uwr": -1 }, "geometry": { "type": "Point", "coordinates": [ 19.420917, 51.789861 ] } },
{ "type": "Feature", "properties": { "ID": 110173003, "yr": 2021, "dt": "2021-05-10T07:38:20", "WOJ": 10, "sev": 2, "c": [ 255, 165, 0, 160 ], "dmg": 0, "sli": 0, "ser": 2, "fat": 0, "row": -1, "mot": -1, "pie": -1, "uto": -1, "uwr": -1 }, "geometry": { "type": "Point", "coordinates": [ 19.44575, 51.762944 ] } },
{ "type": "Feature", "properties": { "ID": 110175513, "yr": 2021, "dt": "2021-05-10T14:29:48", "WOJ": 10, "sev": 2, "c": [ 255, 165, 0, 160 ], "dmg": 1, "sli": 0, "ser": 1, "fat": 0, "row": -1, "mot": 2, "pie": -1, "uto": -1, "uwr": -1 }, "geometry": { "type": "Point", "coordinates": [ 19.377806, 51.664861 ] } },
{ "type": "Feature", "properties": { "ID": 112634280, "yr": 2021, "dt": "2021-10-25T15:54:45", "WOJ": 10, "sev": 2, "c": [ 255, 165, 0, 160 ], "dmg": 1, "sli": 0, "ser": 1, "fat": 0, "row": 2, "mot": -1, "pie": -1, "uto": -1, "uwr": -1 }, "geometry": { "type": "Point", "coordinates": [ 19.476611, 51.761056 ] } },
{ "type": "Feature", "properties": { "ID": 112398879, "yr": 2021, "dt": "2021-10-21T09:30:00", "WOJ": 10, "sev": 2, "c": [ 255, 165, 0, 160 ], "dmg": 0, "sli": 0, "ser": 2, "fat": 0, "row": -1, "mot": -1, "pie": -1, "uto": -1, "uwr": -1 }, "geometry": { "type": "Point", "coordinates": [ 19.500472, 51.222222 ] } },
{ "type": "Feature", "properties": { "ID": 112399448, "yr": 2021, "dt": "2021-10-21T12:00:00", "WOJ": 10, "sev": 2, "c": [ 255, 165, 0, 160 ], "dmg": 1, "sli": 0, "ser": 1, "fat": 0, "row": -1, "mot": -1, "pie": 2, "uto": -1, "uwr": -1 }, "geometry": { "type": "Point", "coordinates": [ 19.306222, 51.809806 ] } },
{ "type": "Feature", "properties": { "ID": 112399037, "yr": 2021, "dt": "2021-10-21T12:37:03", "WOJ": 10, "sev": 2, "c": [ 255, 165, 0, 160 ], "dmg": 1, "sli": 0, "ser": 1, "fat": 0, "row": -1, "mot": -1, "pie": -1, "uto": -1, "uwr": -1 }, "geometry": { "type": "Point", "coordinates": [ 19.469944, 51.766444 ] } },
{ "type": "Feature", "properties": { "ID": 112399636, "yr": 2021, "dt": "2021-10-21T17:05:59", "WOJ": 10, "sev": 2, "c": [ 255, 165, 0, 160 ], "dmg": 0, "sli": 0, "ser": 2, "fat": 0, "row": -1, "mot": -1, "pie": -1, "uto": -1, "uwr": -1 }, "geometry": { "type": "Point", "coordinates": [ 19.610639, 51.382583 ] } },
{ "type": "Feature", "properties": { "ID": 112399339, "yr": 2021, "dt": "2021-10-21T12:32:27", "WOJ": 10, "sev": 2, "c": [ 255, 165, 0, 160 ], "dmg": 1, "sli": 0, "ser": 2, "fat": 0, "row": -1, "mot": -1, "pie": -1, "uto": -1, "uwr": -1 }, "geometry": { "type": "Point", "coordinates": [ 19.455611, 51.795389 ] } },
{ "type": "Feature", "properties": { "ID": 112457727, "yr": 2021, "dt": "2021-10-22T16:20:24", "WOJ": 10, "sev": 2, "c": [ 255, 165, 0, 160 ], "dmg": 1, "sli": 0, "ser": 1, "fat": 0, "row": -1, "mot": -1, "pie": -1, "uto": -1, "uwr": -1 }, "geometry": { "type": "Point", "coordinates": [ 19.443694, 51.764389 ] } },
{ "type": "Feature", "properties": { "ID": 112571809, "yr": 2021, "dt": "2021-10-22T21:53:02", "WOJ": 10, "sev": 2, "c": [ 255, 165, 0, 160 ], "dmg": 1, "sli": 0, "ser": 1, "fat": 0, "row": -1, "mot": -1, "pie": 2, "uto": -1, "uwr": -1 }, "geometry": { "type": "Point", "coordinates": [ 19.412694, 51.742583 ] } },
{ "type": "Feature", "properties": { "ID": 112457047, "yr": 2021, "dt": "2021-10-22T08:44:21", "WOJ": 10, "sev": 2, "c": [ 255, 165, 0, 160 ], "dmg": 1, "sli": 0, "ser": 1, "fat": 0, "row": -1, "mot": -1, "pie": 2, "uto": -1, "uwr": -1 }, "geometry": { "type": "Point", "coordinates": [ 19.391833, 51.784806 ] } },
{ "type": "Feature", "properties": { "ID": 110175343, "yr": 2021, "dt": "2021-05-10T16:20:40", "WOJ": 10, "sev": 2, "c": [ 255, 165, 0, 160 ], "dmg": 1, "sli": 0, "ser": 1, "fat": 0, "row": 2, "mot": -1, "pie": -1, "uto": -1, "uwr": -1 }, "geometry": { "type": "Point", "coordinates": [ 19.41925, 51.751417 ] } },
{ "type": "Feature", "properties": { "ID": 112012807, "yr": 2021, "dt": "2021-10-18T13:11:00", "WOJ": 10, "sev": 2, "c": [ 255, 165, 0, 160 ], "dmg": 1, "sli": 0, "ser": 1, "fat": 0, "row": -1, "mot": -1, "pie": 2, "uto": -1, "uwr": -1 }, "geometry": { "type": "Point", "coordinates": [ 19.431833, 51.785028 ] } },
{ "type": "Feature", "properties": { "ID": 112024809, "yr": 2021, "dt": "2021-10-18T13:08:55", "WOJ": 10, "sev": 2, "c": [ 255, 165, 0, 160 ], "dmg": 1, "sli": 0, "ser": 1, "fat": 0, "row": 2, "mot": -1, "pie": -1, "uto": -1, "uwr": -1 }, "geometry": { "type": "Point", "coordinates": [ 19.529333, 51.774583 ] } },
{ "type": "Feature", "properties": { "ID": 112146875, "yr": 2021, "dt": "2021-10-19T07:08:33", "WOJ": 10, "sev": 2, "c": [ 255, 165, 0, 160 ], "dmg": 1, "sli": 0, "ser": 1, "fat": 0, "row": -1, "mot": -1, "pie": -1, "uto": -1, "uwr": -1 }, "geometry": { "type": "Point", "coordinates": [ 19.530278, 51.741944 ] } },
{ "type": "Feature", "properties": { "ID": 110168557, "yr": 2021, "dt": "2021-05-06T15:13:00", "WOJ": 10, "sev": 2, "c": [ 255, 165, 0, 160 ], "dmg": 1, "sli": 0, "ser": 1, "fat": 0, "row": 0, "mot": -1, "pie": 2, "uto": -1, "uwr": -1 }, "geometry": { "type": "Point", "coordinates": [ 19.477861, 51.792139 ] } },
{ "type": "Feature", "properties": { "ID": 110168433, "yr": 2021, "dt": "2021-05-06T15:06:00", "WOJ": 10, "sev": 2, "c": [ 255, 165, 0, 160 ], "dmg": 1, "sli": 0, "ser": 1, "fat": 0, "row": -1, "mot": -1, "pie": 2, "uto": -1, "uwr": -1 }, "geometry": { "type": "Point", "coordinates": [ 19.459972, 51.75275 ] } },
{ "type": "Feature", "properties": { "ID": 110169815, "yr": 2021, "dt": "2021-05-06T15:40:06", "WOJ": 10, "sev": 2, "c": [ 255, 165, 0, 160 ], "dmg": 1, "sli": 0, "ser": 1, "fat": 0, "row": 2, "mot": -1, "pie": -1, "uto": -1, "uwr": -1 }, "geometry": { "type": "Point", "coordinates": [ 19.389667, 51.660944 ] } },
{ "type": "Feature", "properties": { "ID": 110340117, "yr": 2021, "dt": "2021-05-07T17:00:00", "WOJ": 10, "sev": 2, "c": [ 255, 165, 0, 160 ], "dmg": 1, "sli": 0, "ser": 1, "fat": 0, "row": 2, "mot": -1, "pie": -1, "uto": -1, "uwr": -1 }, "geometry": { "type": "Point", "coordinates": [ 19.487167, 51.737611 ] } },
{ "type": "Feature", "properties": { "ID": 110171147, "yr": 2021, "dt": "2021-05-07T11:30:28", "WOJ": 10, "sev": 2, "c": [ 255, 165, 0, 160 ], "dmg": 1, "sli": 0, "ser": 1, "fat": 0, "row": -1, "mot": 2, "pie": -1, "uto": -1, "uwr": -1 }, "geometry": { "type": "Point", "coordinates": [ 19.409083, 51.761472 ] } },
{ "type": "Feature", "properties": { "ID": 112588830, "yr": 2021, "dt": "2021-10-23T10:08:37", "WOJ": 10, "sev": 2, "c": [ 255, 165, 0, 160 ], "dmg": 2, "sli": 0, "ser": 1, "fat": 0, "row": -1, "mot": -1, "pie": -1, "uto": -1, "uwr": -1 }, "geometry": { "type": "Point", "coordinates": [ 19.500972, 51.763056 ] } },
{ "type": "Feature", "properties": { "ID": 112344721, "yr": 2021, "dt": "2021-10-23T06:21:52", "WOJ": 10, "sev": 2, "c": [ 255, 165, 0, 160 ], "dmg": 1, "sli": 0, "ser": 1, "fat": 0, "row": -1, "mot": -1, "pie": -1, "uto": -1, "uwr": -1 }, "geometry": { "type": "Point", "coordinates": [ 19.961722, 52.196583 ] } },
{ "type": "Feature", "properties": { "ID": 112634201, "yr": 2021, "dt": "2021-10-23T13:50:00", "WOJ": 10, "sev": 2, "c": [ 255, 165, 0, 160 ], "dmg": 1, "sli": 2, "ser": 1, "fat": 0, "row": -1, "mot": -1, "pie": -1, "uto": -1, "uwr": -1 }, "geometry": { "type": "Point", "coordinates": [ 19.836639, 51.919778 ] } },
{ "type": "Feature", "properties": { "ID": 112589211, "yr": 2021, "dt": "2021-10-23T21:13:23", "WOJ": 10, "sev": 2, "c": [ 255, 165, 0, 160 ], "dmg": 1, "sli": 0, "ser": 2, "fat": 0, "row": -1, "mot": -1, "pie": -1, "uto": -1, "uwr": -1 }, "geometry": { "type": "Point", "coordinates": [ 19.451667, 51.777528 ] } },
{ "type": "Feature", "properties": { "ID": 112589644, "yr": 2021, "dt": "2021-10-25T06:20:00", "WOJ": 10, "sev": 2, "c": [ 255, 165, 0, 160 ], "dmg": 1, "sli": 0, "ser": 1, "fat": 0, "row": -1, "mot": -1, "pie": -1, "uto": -1, "uwr": -1 }, "geometry": { "type": "Point", "coordinates": [ 19.186694, 51.849444 ] } },
{ "type": "Feature", "properties": { "ID": 112795811, "yr": 2021, "dt": "2021-10-25T12:06:22", "WOJ": 10, "sev": 2, "c": [ 255, 165, 0, 160 ], "dmg": 1, "sli": 0, "ser": 1, "fat": 0, "row": -1, "mot": -1, "pie": 2, "uto": -1, "uwr": -1 }, "geometry": { "type": "Point", "coordinates": [ 19.564194, 51.74125 ] } },
{ "type": "Feature", "properties": { "ID": 112904807, "yr": 2021, "dt": "2021-10-25T17:20:49", "WOJ": 10, "sev": 2, "c": [ 255, 165, 0, 160 ], "dmg": 1, "sli": 0, "ser": 1, "fat": 0, "row": -1, "mot": -1, "pie": -1, "uto": -1, "uwr": -1 }, "geometry": { "type": "Point", "coordinates": [ 20.018056, 51.544611 ] } },
{ "type": "Feature", "properties": { "ID": 112739807, "yr": 2021, "dt": "2021-10-25T08:13:40", "WOJ": 10, "sev": 2, "c": [ 255, 165, 0, 160 ], "dmg": 1, "sli": 0, "ser": 1, "fat": 0, "row": -1, "mot": 2, "pie": -1, "uto": -1, "uwr": -1 }, "geometry": { "type": "Point", "coordinates": [ 19.456556, 51.733028 ] } },
{ "type": "Feature", "properties": { "ID": 110161303, "yr": 2021, "dt": "2021-05-03T18:22:00", "WOJ": 10, "sev": 2, "c": [ 255, 165, 0, 160 ], "dmg": 1, "sli": 2, "ser": 1, "fat": 0, "row": -1, "mot": -1, "pie": -1, "uto": -1, "uwr": -1 }, "geometry": { "type": "Point", "coordinates": [ 19.574111, 51.751917 ] } },
{ "type": "Feature", "properties": { "ID": 110173212, "yr": 2021, "dt": "2021-05-09T11:56:49", "WOJ": 10, "sev": 2, "c": [ 255, 165, 0, 160 ], "dmg": 2, "sli": 1, "ser": 1, "fat": 0, "row": -1, "mot": -1, "pie": -1, "uto": -1, "uwr": -1 }, "geometry": { "type": "Point", "coordinates": [ 19.576528, 51.794639 ] } },
{ "type": "Feature", "properties": { "ID": 110173232, "yr": 2021, "dt": "2021-05-09T13:35:00", "WOJ": 10, "sev": 2, "c": [ 255, 165, 0, 160 ], "dmg": 2, "sli": 0, "ser": 1, "fat": 0, "row": -1, "mot": 0, "pie": -1, "uto": -1, "uwr": -1 }, "geometry": { "type": "Point", "coordinates": [ 19.391806, 51.783556 ] } },
{ "type": "Feature", "properties": { "ID": 112759638, "yr": 2021, "dt": "2021-10-26T11:41:11", "WOJ": 10, "sev": 2, "c": [ 255, 165, 0, 160 ], "dmg": 1, "sli": 0, "ser": 1, "fat": 0, "row": -1, "mot": -1, "pie": 2, "uto": -1, "uwr": -1 }, "geometry": { "type": "Point", "coordinates": [ 19.4345, 51.785778 ] } },
{ "type": "Feature", "properties": { "ID": 112953356, "yr": 2021, "dt": "2021-10-27T09:39:00", "WOJ": 10, "sev": 2, "c": [ 255, 165, 0, 160 ], "dmg": 1, "sli": 0, "ser": 1, "fat": 0, "row": -1, "mot": -1, "pie": -1, "uto": -1, "uwr": -1 }, "geometry": { "type": "Point", "coordinates": [ 19.452222, 51.731556 ] } },
{ "type": "Feature", "properties": { "ID": 114000832, "yr": 2021, "dt": "2021-12-04T17:24:00", "WOJ": 10, "sev": 2, "c": [ 255, 165, 0, 160 ], "dmg": 2, "sli": 0, "ser": 1, "fat": 0, "row": -1, "mot": -1, "pie": -1, "uto": -1, "uwr": -1 }, "geometry": { "type": "Point", "coordinates": [ 19.4385, 51.748417 ] } },
{ "type": "Feature", "properties": { "ID": 113971855, "yr": 2021, "dt": "2021-12-04T17:59:19", "WOJ": 10, "sev": 2, "c": [ 255, 165, 0, 160 ], "dmg": 0, "sli": 1, "ser": 1, "fat": 0, "row": -1, "mot": -1, "pie": -1, "uto": -1, "uwr": -1 }, "geometry": { "type": "Point", "coordinates": [ 19.9655, 51.855611 ] } },
{ "type": "Feature", "properties": { "ID": 113963265, "yr": 2021, "dt": "2021-12-05T13:49:35", "WOJ": 10, "sev": 2, "c": [ 255, 165, 0, 160 ], "dmg": 1, "sli": 0, "ser": 1, "fat": 0, "row": -1, "mot": -1, "pie": -1, "uto": -1, "uwr": -1 }, "geometry": { "type": "Point", "coordinates": [ 19.475556, 51.763694 ] } },
{ "type": "Feature", "properties": { "ID": 113755126, "yr": 2021, "dt": "2021-12-01T16:04:20", "WOJ": 10, "sev": 2, "c": [ 255, 165, 0, 160 ], "dmg": 1, "sli": 0, "ser": 1, "fat": 0, "row": -1, "mot": -1, "pie": 2, "uto": -1, "uwr": -1 }, "geometry": { "type": "Point", "coordinates": [ 19.196528, 51.450444 ] } },
{ "type": "Feature", "properties": { "ID": 113755311, "yr": 2021, "dt": "2021-12-01T18:14:52", "WOJ": 10, "sev": 2, "c": [ 255, 165, 0, 160 ], "dmg": 2, "sli": 0, "ser": 1, "fat": 0, "row": -1, "mot": -1, "pie": -1, "uto": -1, "uwr": -1 }, "geometry": { "type": "Point", "coordinates": [ 19.447111, 51.763556 ] } },
{ "type": "Feature", "properties": { "ID": 113755085, "yr": 2021, "dt": "2021-12-01T16:47:47", "WOJ": 10, "sev": 2, "c": [ 255, 165, 0, 160 ], "dmg": 1, "sli": 0, "ser": 1, "fat": 0, "row": -1, "mot": -1, "pie": 2, "uto": -1, "uwr": -1 }, "geometry": { "type": "Point", "coordinates": [ 19.470167, 51.728694 ] } },
{ "type": "Feature", "properties": { "ID": 109954475, "yr": 2021, "dt": "2021-02-24T19:09:37", "WOJ": 10, "sev": 2, "c": [ 255, 165, 0, 160 ], "dmg": 1, "sli": 0, "ser": 1, "fat": 0, "row": -1, "mot": -1, "pie": 2, "uto": -1, "uwr": -1 }, "geometry": { "type": "Point", "coordinates": [ 19.434972, 51.807222 ] } },
{ "type": "Feature", "properties": { "ID": 109956741, "yr": 2021, "dt": "2021-02-25T18:39:22", "WOJ": 10, "sev": 2, "c": [ 255, 165, 0, 160 ], "dmg": 1, "sli": 0, "ser": 1, "fat": 0, "row": -1, "mot": -1, "pie": 2, "uto": -1, "uwr": -1 }, "geometry": { "type": "Point", "coordinates": [ 19.504556, 51.731944 ] } },
{ "type": "Feature", "properties": { "ID": 109957600, "yr": 2021, "dt": "2021-02-26T13:37:00", "WOJ": 10, "sev": 2, "c": [ 255, 165, 0, 160 ], "dmg": 1, "sli": 0, "ser": 1, "fat": 0, "row": -1, "mot": -1, "pie": 2, "uto": -1, "uwr": -1 }, "geometry": { "type": "Point", "coordinates": [ 19.436722, 51.789083 ] } },
{ "type": "Feature", "properties": { "ID": 109959175, "yr": 2021, "dt": "2021-02-27T09:35:18", "WOJ": 10, "sev": 2, "c": [ 255, 165, 0, 160 ], "dmg": 1, "sli": 0, "ser": 1, "fat": 0, "row": -1, "mot": -1, "pie": -1, "uto": -1, "uwr": -1 }, "geometry": { "type": "Point", "coordinates": [ 19.474167, 51.749278 ] } },
{ "type": "Feature", "properties": { "ID": 109940872, "yr": 2021, "dt": "2021-02-20T18:33:00", "WOJ": 10, "sev": 2, "c": [ 255, 165, 0, 160 ], "dmg": 4, "sli": 0, "ser": 5, "fat": 0, "row": -1, "mot": -1, "pie": -1, "uto": -1, "uwr": -1 }, "geometry": { "type": "Point", "coordinates": [ 19.44225, 51.736389 ] } },
{ "type": "Feature", "properties": { "ID": 113022478, "yr": 2021, "dt": "2021-10-27T06:50:00", "WOJ": 10, "sev": 2, "c": [ 255, 165, 0, 160 ], "dmg": 1, "sli": 0, "ser": 1, "fat": 0, "row": 2, "mot": -1, "pie": -1, "uto": -1, "uwr": -1 }, "geometry": { "type": "Point", "coordinates": [ 20.331111, 51.378361 ] } },
{ "type": "Feature", "properties": { "ID": 112953159, "yr": 2021, "dt": "2021-10-27T04:33:19", "WOJ": 10, "sev": 2, "c": [ 255, 165, 0, 160 ], "dmg": 2, "sli": 0, "ser": 2, "fat": 0, "row": -1, "mot": -1, "pie": -1, "uto": -1, "uwr": -1 }, "geometry": { "type": "Point", "coordinates": [ 19.454111, 51.7875 ] } },
{ "type": "Feature", "properties": { "ID": 110157588, "yr": 2021, "dt": "2021-04-30T23:59:57", "WOJ": 10, "sev": 2, "c": [ 255, 165, 0, 160 ], "dmg": 1, "sli": 0, "ser": 1, "fat": 0, "row": -1, "mot": -1, "pie": -1, "uto": -1, "uwr": -1 }, "geometry": { "type": "Point", "coordinates": [ 19.494361, 51.732528 ] } },
{ "type": "Feature", "properties": { "ID": 110148979, "yr": 2021, "dt": "2021-04-28T11:32:13", "WOJ": 10, "sev": 2, "c": [ 255, 165, 0, 160 ], "dmg": 1, "sli": 0, "ser": 1, "fat": 0, "row": 2, "mot": -1, "pie": -1, "uto": -1, "uwr": -1 }, "geometry": { "type": "Point", "coordinates": [ 19.441611, 51.788056 ] } },
{ "type": "Feature", "properties": { "ID": 110148804, "yr": 2021, "dt": "2021-04-28T06:06:00", "WOJ": 10, "sev": 2, "c": [ 255, 165, 0, 160 ], "dmg": 1, "sli": 0, "ser": 1, "fat": 0, "row": 2, "mot": -1, "pie": -1, "uto": -1, "uwr": -1 }, "geometry": { "type": "Point", "coordinates": [ 19.538889, 51.722278 ] } },
{ "type": "Feature", "properties": { "ID": 110155263, "yr": 2021, "dt": "2021-04-29T16:49:47", "WOJ": 10, "sev": 2, "c": [ 255, 165, 0, 160 ], "dmg": 0, "sli": 0, "ser": 1, "fat": 0, "row": -1, "mot": -1, "pie": -1, "uto": -1, "uwr": -1 }, "geometry": { "type": "Point", "coordinates": [ 19.471528, 51.852972 ] } },
{ "type": "Feature", "properties": { "ID": 110158305, "yr": 2021, "dt": "2021-04-30T13:47:00", "WOJ": 10, "sev": 2, "c": [ 255, 165, 0, 160 ], "dmg": 1, "sli": 0, "ser": 1, "fat": 0, "row": -1, "mot": -1, "pie": 2, "uto": -1, "uwr": -1 }, "geometry": { "type": "Point", "coordinates": [ 19.387444, 51.663361 ] } },
{ "type": "Feature", "properties": { "ID": 110469868, "yr": 2021, "dt": "2021-04-30T09:25:00", "WOJ": 10, "sev": 2, "c": [ 255, 165, 0, 160 ], "dmg": 1, "sli": 0, "ser": 1, "fat": 0, "row": 2, "mot": -1, "pie": -1, "uto": -1, "uwr": -1 }, "geometry": { "type": "Point", "coordinates": [ 19.369028, 51.667417 ] } },
{ "type": "Feature", "properties": { "ID": 113021856, "yr": 2021, "dt": "2021-10-28T17:09:16", "WOJ": 10, "sev": 2, "c": [ 255, 165, 0, 160 ], "dmg": 1, "sli": 0, "ser": 1, "fat": 0, "row": -1, "mot": -1, "pie": 2, "uto": -1, "uwr": -1 }, "geometry": { "type": "Point", "coordinates": [ 19.460361, 51.786722 ] } },
{ "type": "Feature", "properties": { "ID": 113009996, "yr": 2021, "dt": "2021-10-28T13:25:50", "WOJ": 10, "sev": 2, "c": [ 255, 165, 0, 160 ], "dmg": 2, "sli": 0, "ser": 1, "fat": 0, "row": -1, "mot": -1, "pie": -1, "uto": -1, "uwr": -1 }, "geometry": { "type": "Point", "coordinates": [ 19.395472, 51.797361 ] } },
{ "type": "Feature", "properties": { "ID": 113001019, "yr": 2021, "dt": "2021-10-28T05:59:34", "WOJ": 10, "sev": 2, "c": [ 255, 165, 0, 160 ], "dmg": 1, "sli": 0, "ser": 1, "fat": 0, "row": 2, "mot": -1, "pie": -1, "uto": -1, "uwr": -1 }, "geometry": { "type": "Point", "coordinates": [ 19.476861, 51.729472 ] } },
{ "type": "Feature", "properties": { "ID": 113035261, "yr": 2021, "dt": "2021-10-29T22:31:44", "WOJ": 10, "sev": 2, "c": [ 255, 165, 0, 160 ], "dmg": 1, "sli": 0, "ser": 1, "fat": 0, "row": 2, "mot": -1, "pie": -1, "uto": -1, "uwr": -1 }, "geometry": { "type": "Point", "coordinates": [ 19.42125, 51.780333 ] } },
{ "type": "Feature", "properties": { "ID": 110160649, "yr": 2021, "dt": "2021-05-03T07:42:00", "WOJ": 10, "sev": 2, "c": [ 255, 165, 0, 160 ], "dmg": 1, "sli": 0, "ser": 2, "fat": 0, "row": -1, "mot": -1, "pie": -1, "uto": -1, "uwr": -1 }, "geometry": { "type": "Point", "coordinates": [ 19.44225, 51.736389 ] } },
{ "type": "Feature", "properties": { "ID": 110160732, "yr": 2021, "dt": "2021-05-03T10:00:00", "WOJ": 10, "sev": 2, "c": [ 255, 165, 0, 160 ], "dmg": 2, "sli": 0, "ser": 2, "fat": 0, "row": -1, "mot": -1, "pie": -1, "uto": -1, "uwr": -1 }, "geometry": { "type": "Point", "coordinates": [ 19.339528, 51.60575 ] } },
{ "type": "Feature", "properties": { "ID": 110166140, "yr": 2021, "dt": "2021-05-04T19:50:27", "WOJ": 10, "sev": 2, "c": [ 255, 165, 0, 160 ], "dmg": 1, "sli": 0, "ser": 1, "fat": 0, "row": -1, "mot": -1, "pie": -1, "uto": -1, "uwr": -1 }, "geometry": { "type": "Point", "coordinates": [ 19.013778, 51.088306 ] } },
{ "type": "Feature", "properties": { "ID": 110164431, "yr": 2021, "dt": "2021-05-04T13:27:45", "WOJ": 10, "sev": 2, "c": [ 255, 165, 0, 160 ], "dmg": 3, "sli": 0, "ser": 1, "fat": 0, "row": -1, "mot": -1, "pie": -1, "uto": -1, "uwr": -1 }, "geometry": { "type": "Point", "coordinates": [ 19.372806, 51.751722 ] } },
{ "type": "Feature", "properties": { "ID": 110164838, "yr": 2021, "dt": "2021-05-05T12:19:33", "WOJ": 10, "sev": 2, "c": [ 255, 165, 0, 160 ], "dmg": 1, "sli": 0, "ser": 1, "fat": 0, "row": 2, "mot": -1, "pie": -1, "uto": -1, "uwr": -1 }, "geometry": { "type": "Point", "coordinates": [ 19.484306, 51.720722 ] } },
{ "type": "Feature", "properties": { "ID": 112935829, "yr": 2021, "dt": "2021-10-26T04:16:52", "WOJ": 10, "sev": 2, "c": [ 255, 165, 0, 160 ], "dmg": 1, "sli": 0, "ser": 1, "fat": 0, "row": -1, "mot": 2, "pie": -1, "uto": -1, "uwr": -1 }, "geometry": { "type": "Point", "coordinates": [ 19.446056, 51.769972 ] } },
{ "type": "Feature", "properties": { "ID": 112952992, "yr": 2021, "dt": "2021-10-26T13:44:18", "WOJ": 10, "sev": 2, "c": [ 255, 165, 0, 160 ], "dmg": 1, "sli": 0, "ser": 1, "fat": 0, "row": 2, "mot": -1, "pie": -1, "uto": -1, "uwr": -1 }, "geometry": { "type": "Point", "coordinates": [ 19.269861, 51.749972 ] } },
{ "type": "Feature", "properties": { "ID": 110144253, "yr": 2021, "dt": "2021-04-25T19:57:35", "WOJ": 10, "sev": 2, "c": [ 255, 165, 0, 160 ], "dmg": 0, "sli": 0, "ser": 2, "fat": 0, "row": -1, "mot": -1, "pie": -1, "uto": -1, "uwr": -1 }, "geometry": { "type": "Point", "coordinates": [ 20.468944, 51.929722 ] } },
{ "type": "Feature", "properties": { "ID": 110145568, "yr": 2021, "dt": "2021-04-26T11:44:49", "WOJ": 10, "sev": 2, "c": [ 255, 165, 0, 160 ], "dmg": 2, "sli": 1, "ser": 1, "fat": 0, "row": -1, "mot": -1, "pie": 0, "uto": -1, "uwr": -1 }, "geometry": { "type": "Point", "coordinates": [ 19.462361, 51.752972 ] } },
{ "type": "Feature", "properties": { "ID": 110148119, "yr": 2021, "dt": "2021-04-28T10:56:44", "WOJ": 10, "sev": 2, "c": [ 255, 165, 0, 160 ], "dmg": 1, "sli": 0, "ser": 1, "fat": 0, "row": -1, "mot": 2, "pie": -1, "uto": -1, "uwr": -1 }, "geometry": { "type": "Point", "coordinates": [ 19.653361, 51.933111 ] } },
{ "type": "Feature", "properties": { "ID": 110138021, "yr": 2021, "dt": "2021-04-22T14:35:01", "WOJ": 10, "sev": 2, "c": [ 255, 165, 0, 160 ], "dmg": 1, "sli": 0, "ser": 1, "fat": 0, "row": -1, "mot": -1, "pie": 2, "uto": -1, "uwr": -1 }, "geometry": { "type": "Point", "coordinates": [ 19.49375, 51.747167 ] } },
{ "type": "Feature", "properties": { "ID": 110142140, "yr": 2021, "dt": "2021-04-23T21:29:00", "WOJ": 10, "sev": 2, "c": [ 255, 165, 0, 160 ], "dmg": 1, "sli": 0, "ser": 1, "fat": 0, "row": -1, "mot": -1, "pie": 2, "uto": -1, "uwr": -1 }, "geometry": { "type": "Point", "coordinates": [ 19.668611, 51.401833 ] } },
{ "type": "Feature", "properties": { "ID": 110140418, "yr": 2021, "dt": "2021-04-23T06:10:00", "WOJ": 10, "sev": 2, "c": [ 255, 165, 0, 160 ], "dmg": 1, "sli": 0, "ser": 1, "fat": 0, "row": -1, "mot": -1, "pie": -1, "uto": -1, "uwr": -1 }, "geometry": { "type": "Point", "coordinates": [ 19.693917, 51.953028 ] } },
{ "type": "Feature", "properties": { "ID": 110139078, "yr": 2021, "dt": "2021-04-23T15:40:00", "WOJ": 10, "sev": 2, "c": [ 255, 165, 0, 160 ], "dmg": 4, "sli": 1, "ser": 3, "fat": 0, "row": -1, "mot": -1, "pie": -1, "uto": -1, "uwr": -1 }, "geometry": { "type": "Point", "coordinates": [ 19.554306, 51.840111 ] } },
{ "type": "Feature", "properties": { "ID": 110140845, "yr": 2021, "dt": "2021-04-23T16:37:26", "WOJ": 10, "sev": 2, "c": [ 255, 165, 0, 160 ], "dmg": 1, "sli": 0, "ser": 1, "fat": 0, "row": -1, "mot": -1, "pie": -1, "uto": -1, "uwr": -1 }, "geometry": { "type": "Point", "coordinates": [ 19.627833, 52.243667 ] } },
{ "type": "Feature", "properties": { "ID": 110140976, "yr": 2021, "dt": "2021-04-23T15:06:44", "WOJ": 10, "sev": 2, "c": [ 255, 165, 0, 160 ], "dmg": 1, "sli": 0, "ser": 1, "fat": 0, "row": -1, "mot": -1, "pie": 2, "uto": -1, "uwr": -1 }, "geometry": { "type": "Point", "coordinates": [ 19.326472, 51.747389 ] } },
{ "type": "Feature", "properties": { "ID": 113084353, "yr": 2021, "dt": "2021-11-02T23:46:54", "WOJ": 10, "sev": 2, "c": [ 255, 165, 0, 160 ], "dmg": 1, "sli": 0, "ser": 3, "fat": 0, "row": -1, "mot": -1, "pie": -1, "uto": -1, "uwr": -1 }, "geometry": { "type": "Point", "coordinates": [ 19.478722, 51.772583 ] } },
{ "type": "Feature", "properties": { "ID": 113064828, "yr": 2021, "dt": "2021-10-30T09:30:00", "WOJ": 10, "sev": 2, "c": [ 255, 165, 0, 160 ], "dmg": 0, "sli": 0, "ser": 1, "fat": 0, "row": -1, "mot": -1, "pie": -1, "uto": -1, "uwr": -1 }, "geometry": { "type": "Point", "coordinates": [ 19.035694, 51.830694 ] } },
{ "type": "Feature", "properties": { "ID": 113047218, "yr": 2021, "dt": "2021-10-30T15:42:55", "WOJ": 10, "sev": 2, "c": [ 255, 165, 0, 160 ], "dmg": 1, "sli": 0, "ser": 1, "fat": 0, "row": 2, "mot": -1, "pie": -1, "uto": -1, "uwr": -1 }, "geometry": { "type": "Point", "coordinates": [ 19.530139, 51.753194 ] } },
{ "type": "Feature", "properties": { "ID": 110155963, "yr": 2021, "dt": "2021-04-30T14:30:44", "WOJ": 10, "sev": 2, "c": [ 255, 165, 0, 160 ], "dmg": 1, "sli": 0, "ser": 1, "fat": 0, "row": 2, "mot": -1, "pie": -1, "uto": -1, "uwr": -1 }, "geometry": { "type": "Point", "coordinates": [ 19.458944, 51.782778 ] } },
{ "type": "Feature", "properties": { "ID": 110157573, "yr": 2021, "dt": "2021-04-30T17:58:00", "WOJ": 10, "sev": 2, "c": [ 255, 165, 0, 160 ], "dmg": 1, "sli": 0, "ser": 1, "fat": 0, "row": -1, "mot": 2, "pie": -1, "uto": -1, "uwr": -1 }, "geometry": { "type": "Point", "coordinates": [ 19.982583, 51.539306 ] } },
{ "type": "Feature", "properties": { "ID": 110156105, "yr": 2021, "dt": "2021-04-30T14:22:38", "WOJ": 10, "sev": 2, "c": [ 255, 165, 0, 160 ], "dmg": 3, "sli": 0, "ser": 1, "fat": 0, "row": -1, "mot": -1, "pie": -1, "uto": -1, "uwr": -1 }, "geometry": { "type": "Point", "coordinates": [ 19.476389, 51.700028 ] } },
{ "type": "Feature", "properties": { "ID": 110158255, "yr": 2021, "dt": "2021-04-30T16:00:00", "WOJ": 10, "sev": 2, "c": [ 255, 165, 0, 160 ], "dmg": 1, "sli": 0, "ser": 1, "fat": 0, "row": -1, "mot": -1, "pie": -1, "uto": -1, "uwr": -1 }, "geometry": { "type": "Point", "coordinates": [ 19.445194, 51.930139 ] } },
{ "type": "Feature", "properties": { "ID": 113205783, "yr": 2021, "dt": "2021-11-08T05:52:56", "WOJ": 10, "sev": 2, "c": [ 255, 165, 0, 160 ], "dmg": 2, "sli": 0, "ser": 2, "fat": 0, "row": -1, "mot": -1, "pie": -1, "uto": -1, "uwr": -1 }, "geometry": { "type": "Point", "coordinates": [ 19.427278, 51.827944 ] } },
{ "type": "Feature", "properties": { "ID": 113124825, "yr": 2021, "dt": "2021-11-03T07:52:15", "WOJ": 10, "sev": 2, "c": [ 255, 165, 0, 160 ], "dmg": 1, "sli": 0, "ser": 1, "fat": 0, "row": -1, "mot": -1, "pie": -1, "uto": -1, "uwr": -1 }, "geometry": { "type": "Point", "coordinates": [ 19.409417, 51.794444 ] } },
{ "type": "Feature", "properties": { "ID": 113047171, "yr": 2021, "dt": "2021-10-30T14:21:50", "WOJ": 10, "sev": 2, "c": [ 255, 165, 0, 160 ], "dmg": 1, "sli": 1, "ser": 1, "fat": 0, "row": -1, "mot": -1, "pie": -1, "uto": -1, "uwr": -1 }, "geometry": { "type": "Point", "coordinates": [ 19.584722, 51.737722 ] } },
{ "type": "Feature", "properties": { "ID": 113035520, "yr": 2021, "dt": "2021-10-30T14:37:28", "WOJ": 10, "sev": 2, "c": [ 255, 165, 0, 160 ], "dmg": 1, "sli": 0, "ser": 1, "fat": 0, "row": -1, "mot": -1, "pie": -1, "uto": -1, "uwr": -1 }, "geometry": { "type": "Point", "coordinates": [ 19.324611, 51.657389 ] } },
{ "type": "Feature", "properties": { "ID": 113053815, "yr": 2021, "dt": "2021-10-30T15:47:36", "WOJ": 10, "sev": 2, "c": [ 255, 165, 0, 160 ], "dmg": 1, "sli": 0, "ser": 1, "fat": 0, "row": -1, "mot": -1, "pie": 2, "uto": -1, "uwr": -1 }, "geometry": { "type": "Point", "coordinates": [ 19.486889, 51.74425 ] } },
{ "type": "Feature", "properties": { "ID": 110130089, "yr": 2021, "dt": "2021-04-19T06:57:20", "WOJ": 10, "sev": 2, "c": [ 255, 165, 0, 160 ], "dmg": 1, "sli": 0, "ser": 1, "fat": 0, "row": 2, "mot": -1, "pie": -1, "uto": -1, "uwr": -1 }, "geometry": { "type": "Point", "coordinates": [ 19.4425, 51.799778 ] } },
{ "type": "Feature", "properties": { "ID": 110134207, "yr": 2021, "dt": "2021-04-20T08:05:33", "WOJ": 10, "sev": 2, "c": [ 255, 165, 0, 160 ], "dmg": 0, "sli": 0, "ser": 1, "fat": 0, "row": -1, "mot": -1, "pie": -1, "uto": -1, "uwr": -1 }, "geometry": { "type": "Point", "coordinates": [ 18.824111, 51.903889 ] } },
{ "type": "Feature", "properties": { "ID": 110133239, "yr": 2021, "dt": "2021-04-20T07:10:09", "WOJ": 10, "sev": 2, "c": [ 255, 165, 0, 160 ], "dmg": 1, "sli": 0, "ser": 1, "fat": 0, "row": -1, "mot": -1, "pie": -1, "uto": -1, "uwr": -1 }, "geometry": { "type": "Point", "coordinates": [ 19.479806, 51.7675 ] } },
{ "type": "Feature", "properties": { "ID": 110136224, "yr": 2021, "dt": "2021-04-20T13:29:43", "WOJ": 10, "sev": 2, "c": [ 255, 165, 0, 160 ], "dmg": 1, "sli": 0, "ser": 1, "fat": 0, "row": -1, "mot": -1, "pie": -1, "uto": -1, "uwr": -1 }, "geometry": { "type": "Point", "coordinates": [ 19.432972, 51.715111 ] } },
{ "type": "Feature", "properties": { "ID": 110137215, "yr": 2021, "dt": "2021-04-21T09:25:13", "WOJ": 10, "sev": 2, "c": [ 255, 165, 0, 160 ], "dmg": 2, "sli": 0, "ser": 1, "fat": 0, "row": -1, "mot": 2, "pie": -1, "uto": -1, "uwr": -1 }, "geometry": { "type": "Point", "coordinates": [ 19.4785, 51.790972 ] } },
{ "type": "Feature", "properties": { "ID": 110134098, "yr": 2021, "dt": "2021-04-21T08:52:36", "WOJ": 10, "sev": 2, "c": [ 255, 165, 0, 160 ], "dmg": 1, "sli": 0, "ser": 1, "fat": 0, "row": -1, "mot": -1, "pie": -1, "uto": -1, "uwr": -1 }, "geometry": { "type": "Point", "coordinates": [ 19.7115, 51.669306 ] } },
{ "type": "Feature", "properties": { "ID": 110133963, "yr": 2021, "dt": "2021-04-21T06:25:23", "WOJ": 10, "sev": 2, "c": [ 255, 165, 0, 160 ], "dmg": 1, "sli": 0, "ser": 1, "fat": 0, "row": -1, "mot": 2, "pie": -1, "uto": -1, "uwr": -1 }, "geometry": { "type": "Point", "coordinates": [ 19.495278, 51.739667 ] } },
{ "type": "Feature", "properties": { "ID": 113084223, "yr": 2021, "dt": "2021-11-02T16:37:36", "WOJ": 10, "sev": 2, "c": [ 255, 165, 0, 160 ], "dmg": 1, "sli": 0, "ser": 1, "fat": 0, "row": -1, "mot": 2, "pie": -1, "uto": -1, "uwr": -1 }, "geometry": { "type": "Point", "coordinates": [ 19.542722, 51.714389 ] } },
{ "type": "Feature", "properties": { "ID": 110125187, "yr": 2021, "dt": "2021-04-14T16:55:26", "WOJ": 10, "sev": 2, "c": [ 255, 165, 0, 160 ], "dmg": 1, "sli": 0, "ser": 1, "fat": 0, "row": -1, "mot": -1, "pie": -1, "uto": -1, "uwr": -1 }, "geometry": { "type": "Point", "coordinates": [ 19.491472, 51.760028 ] } },
{ "type": "Feature", "properties": { "ID": 113047326, "yr": 2021, "dt": "2021-10-30T19:17:08", "WOJ": 10, "sev": 2, "c": [ 255, 165, 0, 160 ], "dmg": 0, "sli": 1, "ser": 1, "fat": 0, "row": -1, "mot": 2, "pie": -1, "uto": -1, "uwr": -1 }, "geometry": { "type": "Point", "coordinates": [ 18.9835, 51.242556 ] } },
{ "type": "Feature", "properties": { "ID": 110142902, "yr": 2021, "dt": "2021-04-25T16:00:00", "WOJ": 10, "sev": 2, "c": [ 255, 165, 0, 160 ], "dmg": 0, "sli": 1, "ser": 3, "fat": 0, "row": -1, "mot": -1, "pie": -1, "uto": -1, "uwr": -1 }, "geometry": { "type": "Point", "coordinates": [ 19.392389, 51.874611 ] } },
{ "type": "Feature", "properties": { "ID": 110122122, "yr": 2021, "dt": "2021-04-13T10:37:21", "WOJ": 10, "sev": 2, "c": [ 255, 165, 0, 160 ], "dmg": 1, "sli": 0, "ser": 1, "fat": 0, "row": -1, "mot": -1, "pie": 2, "uto": -1, "uwr": -1 }, "geometry": { "type": "Point", "coordinates": [ 19.451444, 51.744278 ] } },
{ "type": "Feature", "properties": { "ID": 109945191, "yr": 2021, "dt": "2021-02-22T12:20:00", "WOJ": 10, "sev": 2, "c": [ 255, 165, 0, 160 ], "dmg": 1, "sli": 0, "ser": 2, "fat": 0, "row": -1, "mot": -1, "pie": -1, "uto": -1, "uwr": -1 }, "geometry": { "type": "Point", "coordinates": [ 19.427667, 51.790833 ] } },
{ "type": "Feature", "properties": { "ID": 109947204, "yr": 2021, "dt": "2021-02-22T23:22:16", "WOJ": 10, "sev": 2, "c": [ 255, 165, 0, 160 ], "dmg": 0, "sli": 0, "ser": 1, "fat": 0, "row": -1, "mot": -1, "pie": -1, "uto": -1, "uwr": -1 }, "geometry": { "type": "Point", "coordinates": [ 18.811667, 51.92325 ] } },
{ "type": "Feature", "properties": { "ID": 109950237, "yr": 2021, "dt": "2021-02-23T11:42:25", "WOJ": 10, "sev": 2, "c": [ 255, 165, 0, 160 ], "dmg": 1, "sli": 1, "ser": 1, "fat": 0, "row": -1, "mot": -1, "pie": -1, "uto": -1, "uwr": -1 }, "geometry": { "type": "Point", "coordinates": [ 19.442917, 51.767556 ] } },
{ "type": "Feature", "properties": { "ID": 109955426, "yr": 2021, "dt": "2021-02-24T18:05:00", "WOJ": 10, "sev": 2, "c": [ 255, 165, 0, 160 ], "dmg": 1, "sli": 0, "ser": 1, "fat": 0, "row": -1, "mot": -1, "pie": 2, "uto": -1, "uwr": -1 }, "geometry": { "type": "Point", "coordinates": [ 19.323583, 51.658722 ] } },
{ "type": "Feature", "properties": { "ID": 114241234, "yr": 2021, "dt": "2021-12-06T16:05:19", "WOJ": 10, "sev": 2, "c": [ 255, 165, 0, 160 ], "dmg": 1, "sli": 0, "ser": 1, "fat": 0, "row": -1, "mot": -1, "pie": 2, "uto": -1, "uwr": -1 }, "geometry": { "type": "Point", "coordinates": [ 19.434306, 51.790167 ] } },
{ "type": "Feature", "properties": { "ID": 109965421, "yr": 2021, "dt": "2021-03-01T19:24:32", "WOJ": 10, "sev": 2, "c": [ 255, 165, 0, 160 ], "dmg": 1, "sli": 0, "ser": 1, "fat": 0, "row": -1, "mot": -1, "pie": -1, "uto": -1, "uwr": -1 }, "geometry": { "type": "Point", "coordinates": [ 19.438861, 51.777167 ] } },
{ "type": "Feature", "properties": { "ID": 109958950, "yr": 2021, "dt": "2021-03-01T13:42:53", "WOJ": 10, "sev": 2, "c": [ 255, 165, 0, 160 ], "dmg": 1, "sli": 0, "ser": 1, "fat": 0, "row": 2, "mot": -1, "pie": -1, "uto": -1, "uwr": -1 }, "geometry": { "type": "Point", "coordinates": [ 19.573778, 51.751778 ] } },
{ "type": "Feature", "properties": { "ID": 109969662, "yr": 2021, "dt": "2021-03-02T15:50:25", "WOJ": 10, "sev": 2, "c": [ 255, 165, 0, 160 ], "dmg": 1, "sli": 0, "ser": 1, "fat": 0, "row": 2, "mot": -1, "pie": -1, "uto": -1, "uwr": -1 }, "geometry": { "type": "Point", "coordinates": [ 19.457778, 51.729278 ] } },
{ "type": "Feature", "properties": { "ID": 109970387, "yr": 2021, "dt": "2021-03-03T09:55:15", "WOJ": 10, "sev": 2, "c": [ 255, 165, 0, 160 ], "dmg": 1, "sli": 0, "ser": 1, "fat": 0, "row": -1, "mot": -1, "pie": 2, "uto": -1, "uwr": -1 }, "geometry": { "type": "Point", "coordinates": [ 19.453, 51.783722 ] } },
{ "type": "Feature", "properties": { "ID": 109970876, "yr": 2021, "dt": "2021-03-03T15:54:19", "WOJ": 10, "sev": 2, "c": [ 255, 165, 0, 160 ], "dmg": 2, "sli": 0, "ser": 1, "fat": 0, "row": -1, "mot": -1, "pie": -1, "uto": -1, "uwr": -1 }, "geometry": { "type": "Point", "coordinates": [ 19.442167, 51.736833 ] } },
{ "type": "Feature", "properties": { "ID": 109972105, "yr": 2021, "dt": "2021-03-04T15:04:48", "WOJ": 10, "sev": 2, "c": [ 255, 165, 0, 160 ], "dmg": 1, "sli": 0, "ser": 1, "fat": 0, "row": -1, "mot": -1, "pie": -1, "uto": -1, "uwr": -1 }, "geometry": { "type": "Point", "coordinates": [ 20.060583, 52.137861 ] } },
{ "type": "Feature", "properties": { "ID": 109972104, "yr": 2021, "dt": "2021-03-04T16:21:00", "WOJ": 10, "sev": 2, "c": [ 255, 165, 0, 160 ], "dmg": 1, "sli": 0, "ser": 1, "fat": 0, "row": 2, "mot": -1, "pie": -1, "uto": -1, "uwr": -1 }, "geometry": { "type": "Point", "coordinates": [ 19.473222, 51.768667 ] } },
{ "type": "Feature", "properties": { "ID": 110123132, "yr": 2021, "dt": "2021-04-13T14:22:07", "WOJ": 10, "sev": 2, "c": [ 255, 165, 0, 160 ], "dmg": 1, "sli": 0, "ser": 1, "fat": 0, "row": -1, "mot": -1, "pie": 2, "uto": -1, "uwr": -1 }, "geometry": { "type": "Point", "coordinates": [ 19.484056, 51.748306 ] } },
{ "type": "Feature", "properties": { "ID": 110124681, "yr": 2021, "dt": "2021-04-14T09:05:00", "WOJ": 10, "sev": 2, "c": [ 255, 165, 0, 160 ], "dmg": 1, "sli": 0, "ser": 1, "fat": 0, "row": -1, "mot": -1, "pie": 2, "uto": -1, "uwr": -1 }, "geometry": { "type": "Point", "coordinates": [ 19.577472, 52.207889 ] } },
{ "type": "Feature", "properties": { "ID": 110123918, "yr": 2021, "dt": "2021-04-14T20:15:24", "WOJ": 10, "sev": 2, "c": [ 255, 165, 0, 160 ], "dmg": 1, "sli": 0, "ser": 1, "fat": 0, "row": -1, "mot": -1, "pie": 2, "uto": -1, "uwr": -1 }, "geometry": { "type": "Point", "coordinates": [ 19.546639, 51.749306 ] } },
{ "type": "Feature", "properties": { "ID": 113288061, "yr": 2021, "dt": "2021-11-05T19:31:00", "WOJ": 10, "sev": 2, "c": [ 255, 165, 0, 160 ], "dmg": 0, "sli": 0, "ser": 1, "fat": 0, "row": -1, "mot": -1, "pie": -1, "uto": -1, "uwr": -1 }, "geometry": { "type": "Point", "coordinates": [ 19.469, 51.771778 ] } },
{ "type": "Feature", "properties": { "ID": 110118301, "yr": 2021, "dt": "2021-04-09T10:09:16", "WOJ": 10, "sev": 2, "c": [ 255, 165, 0, 160 ], "dmg": 1, "sli": 0, "ser": 1, "fat": 0, "row": -1, "mot": -1, "pie": 2, "uto": -1, "uwr": -1 }, "geometry": { "type": "Point", "coordinates": [ 19.435444, 51.789111 ] } },
{ "type": "Feature", "properties": { "ID": 110119302, "yr": 2021, "dt": "2021-04-09T16:19:31", "WOJ": 10, "sev": 2, "c": [ 255, 165, 0, 160 ], "dmg": 1, "sli": 0, "ser": 1, "fat": 0, "row": -1, "mot": -1, "pie": -1, "uto": -1, "uwr": -1 }, "geometry": { "type": "Point", "coordinates": [ 19.422611, 51.768083 ] } },
{ "type": "Feature", "properties": { "ID": 110119420, "yr": 2021, "dt": "2021-04-09T17:03:06", "WOJ": 10, "sev": 2, "c": [ 255, 165, 0, 160 ], "dmg": 1, "sli": 0, "ser": 1, "fat": 0, "row": -1, "mot": -1, "pie": -1, "uto": -1, "uwr": -1 }, "geometry": { "type": "Point", "coordinates": [ 19.43475, 51.756194 ] } },
{ "type": "Feature", "properties": { "ID": 110121042, "yr": 2021, "dt": "2021-04-11T18:10:00", "WOJ": 10, "sev": 2, "c": [ 255, 165, 0, 160 ], "dmg": 0, "sli": 0, "ser": 1, "fat": 0, "row": -1, "mot": 2, "pie": -1, "uto": -1, "uwr": -1 }, "geometry": { "type": "Point", "coordinates": [ 20.174556, 51.41225 ] } },
{ "type": "Feature", "properties": { "ID": 110120738, "yr": 2021, "dt": "2021-04-11T10:02:46", "WOJ": 10, "sev": 2, "c": [ 255, 165, 0, 160 ], "dmg": 0, "sli": 1, "ser": 1, "fat": 0, "row": -1, "mot": 2, "pie": -1, "uto": -1, "uwr": -1 }, "geometry": { "type": "Point", "coordinates": [ 19.602083, 51.547139 ] } },
{ "type": "Feature", "properties": { "ID": 110121907, "yr": 2021, "dt": "2021-04-12T17:34:04", "WOJ": 10, "sev": 2, "c": [ 255, 165, 0, 160 ], "dmg": 0, "sli": 0, "ser": 1, "fat": 0, "row": -1, "mot": -1, "pie": -1, "uto": -1, "uwr": -1 }, "geometry": { "type": "Point", "coordinates": [ 19.560778, 51.756222 ] } },
{ "type": "Feature", "properties": { "ID": 113398008, "yr": 2021, "dt": "2021-11-10T06:43:11", "WOJ": 10, "sev": 2, "c": [ 255, 165, 0, 160 ], "dmg": 1, "sli": 0, "ser": 1, "fat": 0, "row": 2, "mot": -1, "pie": -1, "uto": -1, "uwr": -1 }, "geometry": { "type": "Point", "coordinates": [ 19.421611, 51.777694 ] } },
{ "type": "Feature", "properties": { "ID": 113143657, "yr": 2021, "dt": "2021-11-05T14:36:25", "WOJ": 10, "sev": 2, "c": [ 255, 165, 0, 160 ], "dmg": 0, "sli": 0, "ser": 2, "fat": 0, "row": -1, "mot": -1, "pie": -1, "uto": -1, "uwr": -1 }, "geometry": { "type": "Point", "coordinates": [ 19.425083, 51.690528 ] } },
{ "type": "Feature", "properties": { "ID": 113273840, "yr": 2021, "dt": "2021-11-05T23:47:24", "WOJ": 10, "sev": 2, "c": [ 255, 165, 0, 160 ], "dmg": 1, "sli": 0, "ser": 1, "fat": 0, "row": -1, "mot": -1, "pie": 2, "uto": -1, "uwr": -1 }, "geometry": { "type": "Point", "coordinates": [ 19.211444, 51.753556 ] } },
{ "type": "Feature", "properties": { "ID": 110125558, "yr": 2021, "dt": "2021-04-15T08:00:55", "WOJ": 10, "sev": 2, "c": [ 255, 165, 0, 160 ], "dmg": 1, "sli": 1, "ser": 1, "fat": 0, "row": -1, "mot": -1, "pie": -1, "uto": -1, "uwr": -1 }, "geometry": { "type": "Point", "coordinates": [ 19.403861, 51.498056 ] } },
{ "type": "Feature", "properties": { "ID": 110126165, "yr": 2021, "dt": "2021-04-15T10:12:00", "WOJ": 10, "sev": 2, "c": [ 255, 165, 0, 160 ], "dmg": 1, "sli": 0, "ser": 1, "fat": 0, "row": -1, "mot": -1, "pie": -1, "uto": -1, "uwr": -1 }, "geometry": { "type": "Point", "coordinates": [ 19.500167, 51.732306 ] } },
{ "type": "Feature", "properties": { "ID": 110128760, "yr": 2021, "dt": "2021-04-16T14:00:00", "WOJ": 10, "sev": 2, "c": [ 255, 165, 0, 160 ], "dmg": 0, "sli": 0, "ser": 2, "fat": 0, "row": -1, "mot": -1, "pie": -1, "uto": -1, "uwr": -1 }, "geometry": { "type": "Point", "coordinates": [ 19.939639, 51.340861 ] } },
{ "type": "Feature", "properties": { "ID": 110128919, "yr": 2021, "dt": "2021-04-17T11:31:50", "WOJ": 10, "sev": 2, "c": [ 255, 165, 0, 160 ], "dmg": 0, "sli": 0, "ser": 1, "fat": 0, "row": -1, "mot": -1, "pie": -1, "uto": -1, "uwr": -1 }, "geometry": { "type": "Point", "coordinates": [ 19.437472, 51.756 ] } },
{ "type": "Feature", "properties": { "ID": 110123165, "yr": 2021, "dt": "2021-04-13T11:50:36", "WOJ": 10, "sev": 2, "c": [ 255, 165, 0, 160 ], "dmg": 1, "sli": 0, "ser": 1, "fat": 0, "row": 2, "mot": -1, "pie": -1, "uto": -1, "uwr": -1 }, "geometry": { "type": "Point", "coordinates": [ 19.488194, 51.736278 ] } },
{ "type": "Feature", "properties": { "ID": 110124451, "yr": 2021, "dt": "2021-04-13T10:20:00", "WOJ": 10, "sev": 2, "c": [ 255, 165, 0, 160 ], "dmg": 1, "sli": 0, "ser": 1, "fat": 0, "row": -1, "mot": -1, "pie": 2, "uto": -1, "uwr": -1 }, "geometry": { "type": "Point", "coordinates": [ 19.42456, 51.95812 ] } },
{ "type": "Feature", "properties": { "ID": 113288593, "yr": 2021, "dt": "2021-11-08T22:46:54", "WOJ": 10, "sev": 2, "c": [ 255, 165, 0, 160 ], "dmg": 1, "sli": 0, "ser": 1, "fat": 0, "row": -1, "mot": -1, "pie": 2, "uto": -1, "uwr": -1 }, "geometry": { "type": "Point", "coordinates": [ 19.2025, 52.057861 ] } },
{ "type": "Feature", "properties": { "ID": 113303946, "yr": 2021, "dt": "2021-11-08T13:12:35", "WOJ": 10, "sev": 2, "c": [ 255, 165, 0, 160 ], "dmg": 1, "sli": 0, "ser": 1, "fat": 0, "row": -1, "mot": -1, "pie": -1, "uto": -1, "uwr": -1 }, "geometry": { "type": "Point", "coordinates": [ 19.365333, 51.669139 ] } },
{ "type": "Feature", "properties": { "ID": 113303951, "yr": 2021, "dt": "2021-11-08T14:45:27", "WOJ": 10, "sev": 2, "c": [ 255, 165, 0, 160 ], "dmg": 1, "sli": 0, "ser": 1, "fat": 0, "row": -1, "mot": -1, "pie": 2, "uto": -1, "uwr": -1 }, "geometry": { "type": "Point", "coordinates": [ 19.449861, 51.751889 ] } },
{ "type": "Feature", "properties": { "ID": 113287861, "yr": 2021, "dt": "2021-11-08T08:23:42", "WOJ": 10, "sev": 2, "c": [ 255, 165, 0, 160 ], "dmg": 1, "sli": 0, "ser": 1, "fat": 0, "row": -1, "mot": -1, "pie": -1, "uto": -1, "uwr": -1 }, "geometry": { "type": "Point", "coordinates": [ 19.47975, 51.699639 ] } },
{ "type": "Feature", "properties": { "ID": 113317818, "yr": 2021, "dt": "2021-11-08T11:26:05", "WOJ": 10, "sev": 2, "c": [ 255, 165, 0, 160 ], "dmg": 1, "sli": 0, "ser": 1, "fat": 0, "row": 2, "mot": -1, "pie": -1, "uto": -1, "uwr": -1 }, "geometry": { "type": "Point", "coordinates": [ 19.441528, 51.721667 ] } },
{ "type": "Feature", "properties": { "ID": 113342820, "yr": 2021, "dt": "2021-11-08T23:05:00", "WOJ": 10, "sev": 2, "c": [ 255, 165, 0, 160 ], "dmg": 1, "sli": 0, "ser": 2, "fat": 0, "row": -1, "mot": -1, "pie": -1, "uto": -1, "uwr": -1 }, "geometry": { "type": "Point", "coordinates": [ 19.451861, 51.77875 ] } },
{ "type": "Feature", "properties": { "ID": 113336007, "yr": 2021, "dt": "2021-11-09T07:17:50", "WOJ": 10, "sev": 2, "c": [ 255, 165, 0, 160 ], "dmg": 3, "sli": 0, "ser": 2, "fat": 0, "row": -1, "mot": -1, "pie": -1, "uto": -1, "uwr": -1 }, "geometry": { "type": "Point", "coordinates": [ 19.458194, 51.75925 ] } },
{ "type": "Feature", "properties": { "ID": 113398398, "yr": 2021, "dt": "2021-11-09T17:32:00", "WOJ": 10, "sev": 2, "c": [ 255, 165, 0, 160 ], "dmg": 1, "sli": 0, "ser": 1, "fat": 0, "row": 2, "mot": -1, "pie": -1, "uto": -1, "uwr": -1 }, "geometry": { "type": "Point", "coordinates": [ 19.450083, 51.758056 ] } },
{ "type": "Feature", "properties": { "ID": 113336068, "yr": 2021, "dt": "2021-11-09T10:28:36", "WOJ": 10, "sev": 2, "c": [ 255, 165, 0, 160 ], "dmg": 1, "sli": 0, "ser": 1, "fat": 0, "row": -1, "mot": -1, "pie": 2, "uto": -1, "uwr": -1 }, "geometry": { "type": "Point", "coordinates": [ 19.474056, 51.731389 ] } },
{ "type": "Feature", "properties": { "ID": 113336411, "yr": 2021, "dt": "2021-11-09T17:27:49", "WOJ": 10, "sev": 2, "c": [ 255, 165, 0, 160 ], "dmg": 1, "sli": 0, "ser": 1, "fat": 0, "row": 2, "mot": -1, "pie": -1, "uto": -1, "uwr": -1 }, "geometry": { "type": "Point", "coordinates": [ 19.676917, 51.296028 ] } },
{ "type": "Feature", "properties": { "ID": 113404345, "yr": 2021, "dt": "2021-11-10T14:05:00", "WOJ": 10, "sev": 2, "c": [ 255, 165, 0, 160 ], "dmg": 1, "sli": 0, "ser": 1, "fat": 0, "row": 2, "mot": -1, "pie": -1, "uto": -1, "uwr": -1 }, "geometry": { "type": "Point", "coordinates": [ 19.568028, 51.740639 ] } },
{ "type": "Feature", "properties": { "ID": 110103177, "yr": 2021, "dt": "2021-04-04T14:55:38", "WOJ": 10, "sev": 2, "c": [ 255, 165, 0, 160 ], "dmg": 0, "sli": 0, "ser": 1, "fat": 0, "row": 2, "mot": -1, "pie": -1, "uto": -1, "uwr": -1 }, "geometry": { "type": "Point", "coordinates": [ 19.457444, 51.717639 ] } },
{ "type": "Feature", "properties": { "ID": 110101934, "yr": 2021, "dt": "2021-04-05T00:02:55", "WOJ": 10, "sev": 2, "c": [ 255, 165, 0, 160 ], "dmg": 1, "sli": 0, "ser": 1, "fat": 0, "row": -1, "mot": -1, "pie": -1, "uto": -1, "uwr": -1 }, "geometry": { "type": "Point", "coordinates": [ 19.420972, 51.775389 ] } },
{ "type": "Feature", "properties": { "ID": 110105230, "yr": 2021, "dt": "2021-04-05T20:27:46", "WOJ": 10, "sev": 2, "c": [ 255, 165, 0, 160 ], "dmg": 1, "sli": 0, "ser": 1, "fat": 0, "row": -1, "mot": -1, "pie": -1, "uto": -1, "uwr": -1 }, "geometry": { "type": "Point", "coordinates": [ 19.449139, 51.767861 ] } },
{ "type": "Feature", "properties": { "ID": 113431245, "yr": 2021, "dt": "2021-11-03T17:45:00", "WOJ": 10, "sev": 2, "c": [ 255, 165, 0, 160 ], "dmg": 1, "sli": 0, "ser": 1, "fat": 0, "row": -1, "mot": -1, "pie": 2, "uto": -1, "uwr": -1 }, "geometry": { "type": "Point", "coordinates": [ 19.419528, 51.854278 ] } },
{ "type": "Feature", "properties": { "ID": 113228818, "yr": 2021, "dt": "2021-11-05T08:40:41", "WOJ": 10, "sev": 2, "c": [ 255, 165, 0, 160 ], "dmg": 1, "sli": 0, "ser": 2, "fat": 0, "row": -1, "mot": -1, "pie": -1, "uto": -1, "uwr": -1 }, "geometry": { "type": "Point", "coordinates": [ 19.811472, 51.378472 ] } },
{ "type": "Feature", "properties": { "ID": 113468820, "yr": 2021, "dt": "2021-11-16T04:46:58", "WOJ": 10, "sev": 2, "c": [ 255, 165, 0, 160 ], "dmg": 1, "sli": 0, "ser": 1, "fat": 0, "row": 2, "mot": -1, "pie": -1, "uto": -1, "uwr": -1 }, "geometry": { "type": "Point", "coordinates": [ 19.507056, 51.736194 ] } },
{ "type": "Feature", "properties": { "ID": 113469126, "yr": 2021, "dt": "2021-11-16T12:09:31", "WOJ": 10, "sev": 2, "c": [ 255, 165, 0, 160 ], "dmg": 1, "sli": 0, "ser": 1, "fat": 0, "row": 2, "mot": -1, "pie": -1, "uto": -1, "uwr": -1 }, "geometry": { "type": "Point", "coordinates": [ 19.489167, 51.752028 ] } },
{ "type": "Feature", "properties": { "ID": 113478882, "yr": 2021, "dt": "2021-11-18T20:18:00", "WOJ": 10, "sev": 2, "c": [ 255, 165, 0, 160 ], "dmg": 0, "sli": 1, "ser": 1, "fat": 0, "row": -1, "mot": -1, "pie": 2, "uto": -1, "uwr": -1 }, "geometry": { "type": "Point", "coordinates": [ 19.253, 51.995917 ] } },
{ "type": "Feature", "properties": { "ID": 110104348, "yr": 2021, "dt": "2021-04-05T16:48:00", "WOJ": 10, "sev": 2, "c": [ 255, 165, 0, 160 ], "dmg": 0, "sli": 1, "ser": 3, "fat": 0, "row": -1, "mot": -1, "pie": -1, "uto": -1, "uwr": -1 }, "geometry": { "type": "Point", "coordinates": [ 19.49425, 51.777694 ] } },
{ "type": "Feature", "properties": { "ID": 110104804, "yr": 2021, "dt": "2021-04-06T12:55:00", "WOJ": 10, "sev": 2, "c": [ 255, 165, 0, 160 ], "dmg": 1, "sli": 0, "ser": 1, "fat": 0, "row": 2, "mot": -1, "pie": -1, "uto": -1, "uwr": -1 }, "geometry": { "type": "Point", "coordinates": [ 19.856833, 51.615111 ] } },
{ "type": "Feature", "properties": { "ID": 110116298, "yr": 2021, "dt": "2021-04-08T14:43:00", "WOJ": 10, "sev": 2, "c": [ 255, 165, 0, 160 ], "dmg": 1, "sli": 0, "ser": 1, "fat": 0, "row": -1, "mot": -1, "pie": 2, "uto": -1, "uwr": -1 }, "geometry": { "type": "Point", "coordinates": [ 19.460306, 51.73275 ] } },
{ "type": "Feature", "properties": { "ID": 110116260, "yr": 2021, "dt": "2021-04-08T09:20:00", "WOJ": 10, "sev": 2, "c": [ 255, 165, 0, 160 ], "dmg": 2, "sli": 1, "ser": 1, "fat": 0, "row": -1, "mot": -1, "pie": -1, "uto": -1, "uwr": -1 }, "geometry": { "type": "Point", "coordinates": [ 19.621389, 51.904333 ] } },
{ "type": "Feature", "properties": { "ID": 110118180, "yr": 2021, "dt": "2021-04-08T20:34:00", "WOJ": 10, "sev": 2, "c": [ 255, 165, 0, 160 ], "dmg": 1, "sli": 1, "ser": 1, "fat": 0, "row": -1, "mot": -1, "pie": -1, "uto": -1, "uwr": -1 }, "geometry": { "type": "Point", "coordinates": [ 19.461167, 51.661222 ] } },
{ "type": "Feature", "properties": { "ID": 110099143, "yr": 2021, "dt": "2021-04-01T23:32:00", "WOJ": 10, "sev": 2, "c": [ 255, 165, 0, 160 ], "dmg": 1, "sli": 0, "ser": 1, "fat": 0, "row": -1, "mot": -1, "pie": -1, "uto": -1, "uwr": -1 }, "geometry": { "type": "Point", "coordinates": [ 19.364, 51.750361 ] } },
{ "type": "Feature", "properties": { "ID": 110096088, "yr": 2021, "dt": "2021-04-01T16:43:00", "WOJ": 10, "sev": 2, "c": [ 255, 165, 0, 160 ], "dmg": 2, "sli": 0, "ser": 1, "fat": 0, "row": -1, "mot": -1, "pie": -1, "uto": -1, "uwr": -1 }, "geometry": { "type": "Point", "coordinates": [ 19.447167, 51.764083 ] } },
{ "type": "Feature", "properties": { "ID": 110100605, "yr": 2021, "dt": "2021-04-02T19:43:00", "WOJ": 10, "sev": 2, "c": [ 255, 165, 0, 160 ], "dmg": 1, "sli": 0, "ser": 1, "fat": 0, "row": -1, "mot": -1, "pie": -1, "uto": -1, "uwr": -1 }, "geometry": { "type": "Point", "coordinates": [ 19.439278, 51.749944 ] } },
{ "type": "Feature", "properties": { "ID": 113404813, "yr": 2021, "dt": "2021-11-12T16:46:03", "WOJ": 10, "sev": 2, "c": [ 255, 165, 0, 160 ], "dmg": 2, "sli": 0, "ser": 1, "fat": 0, "row": -1, "mot": -1, "pie": -1, "uto": -1, "uwr": -1 }, "geometry": { "type": "Point", "coordinates": [ 19.424472, 51.768583 ] } },
{ "type": "Feature", "properties": { "ID": 113404488, "yr": 2021, "dt": "2021-11-12T12:04:27", "WOJ": 10, "sev": 2, "c": [ 255, 165, 0, 160 ], "dmg": 1, "sli": 0, "ser": 1, "fat": 0, "row": -1, "mot": -1, "pie": 2, "uto": -1, "uwr": -1 }, "geometry": { "type": "Point", "coordinates": [ 19.422111, 51.80375 ] } },
{ "type": "Feature", "properties": { "ID": 113430902, "yr": 2021, "dt": "2021-11-12T10:04:00", "WOJ": 10, "sev": 2, "c": [ 255, 165, 0, 160 ], "dmg": 1, "sli": 0, "ser": 1, "fat": 0, "row": -1, "mot": -1, "pie": -1, "uto": -1, "uwr": -1 }, "geometry": { "type": "Point", "coordinates": [ 18.478833, 51.738417 ] } },
{ "type": "Feature", "properties": { "ID": 113276976, "yr": 2021, "dt": "2021-11-06T19:43:37", "WOJ": 10, "sev": 2, "c": [ 255, 165, 0, 160 ], "dmg": 2, "sli": 0, "ser": 1, "fat": 0, "row": -1, "mot": -1, "pie": -1, "uto": -1, "uwr": -1 }, "geometry": { "type": "Point", "coordinates": [ 19.589444, 51.794 ] } },
{ "type": "Feature", "properties": { "ID": 113277000, "yr": 2021, "dt": "2021-11-06T20:34:57", "WOJ": 10, "sev": 2, "c": [ 255, 165, 0, 160 ], "dmg": 1, "sli": 0, "ser": 1, "fat": 0, "row": -1, "mot": -1, "pie": 2, "uto": -1, "uwr": -1 }, "geometry": { "type": "Point", "coordinates": [ 19.4395, 51.784861 ] } },
{ "type": "Feature", "properties": { "ID": 113677440, "yr": 2021, "dt": "2021-11-30T18:33:53", "WOJ": 10, "sev": 2, "c": [ 255, 165, 0, 160 ], "dmg": 1, "sli": 0, "ser": 1, "fat": 0, "row": -1, "mot": -1, "pie": 2, "uto": -1, "uwr": -1 }, "geometry": { "type": "Point", "coordinates": [ 19.536778, 51.759389 ] } },
{ "type": "Feature", "properties": { "ID": 113705822, "yr": 2021, "dt": "2021-11-30T04:50:00", "WOJ": 10, "sev": 2, "c": [ 255, 165, 0, 160 ], "dmg": 1, "sli": 0, "ser": 1, "fat": 0, "row": -1, "mot": -1, "pie": -1, "uto": -1, "uwr": -1 }, "geometry": { "type": "Point", "coordinates": [ 19.4485, 51.771722 ] } },
{ "type": "Feature", "properties": { "ID": 113683991, "yr": 2021, "dt": "2021-11-30T17:31:05", "WOJ": 10, "sev": 2, "c": [ 255, 165, 0, 160 ], "dmg": 1, "sli": 0, "ser": 1, "fat": 0, "row": -1, "mot": -1, "pie": 2, "uto": -1, "uwr": -1 }, "geometry": { "type": "Point", "coordinates": [ 19.495556, 51.723056 ] } },
{ "type": "Feature", "properties": { "ID": 113677430, "yr": 2021, "dt": "2021-11-30T18:31:17", "WOJ": 10, "sev": 2, "c": [ 255, 165, 0, 160 ], "dmg": 1, "sli": 0, "ser": 1, "fat": 0, "row": -1, "mot": -1, "pie": 2, "uto": -1, "uwr": -1 }, "geometry": { "type": "Point", "coordinates": [ 19.450083, 51.784528 ] } },
{ "type": "Feature", "properties": { "ID": 113677346, "yr": 2021, "dt": "2021-11-30T17:22:29", "WOJ": 10, "sev": 2, "c": [ 255, 165, 0, 160 ], "dmg": 1, "sli": 0, "ser": 1, "fat": 0, "row": -1, "mot": -1, "pie": 2, "uto": -1, "uwr": -1 }, "geometry": { "type": "Point", "coordinates": [ 19.522444, 51.746056 ] } },
{ "type": "Feature", "properties": { "ID": 110051065, "yr": 2021, "dt": "2021-03-12T13:17:47", "WOJ": 10, "sev": 2, "c": [ 255, 165, 0, 160 ], "dmg": 1, "sli": 0, "ser": 1, "fat": 0, "row": 2, "mot": -1, "pie": -1, "uto": -1, "uwr": -1 }, "geometry": { "type": "Point", "coordinates": [ 19.524361, 51.734611 ] } },
{ "type": "Feature", "properties": { "ID": 109974497, "yr": 2021, "dt": "2021-03-05T16:56:00", "WOJ": 10, "sev": 2, "c": [ 255, 165, 0, 160 ], "dmg": 1, "sli": 0, "ser": 1, "fat": 0, "row": 2, "mot": -1, "pie": -1, "uto": -1, "uwr": -1 }, "geometry": { "type": "Point", "coordinates": [ 19.475778, 51.738639 ] } },
{ "type": "Feature", "properties": { "ID": 109974792, "yr": 2021, "dt": "2021-03-05T20:45:00", "WOJ": 10, "sev": 2, "c": [ 255, 165, 0, 160 ], "dmg": 0, "sli": 1, "ser": 2, "fat": 0, "row": -1, "mot": -1, "pie": -1, "uto": -1, "uwr": -1 }, "geometry": { "type": "Point", "coordinates": [ 20.17975, 51.370028 ] } },
{ "type": "Feature", "properties": { "ID": 109975678, "yr": 2021, "dt": "2021-03-06T20:36:13", "WOJ": 10, "sev": 2, "c": [ 255, 165, 0, 160 ], "dmg": 1, "sli": 0, "ser": 1, "fat": 0, "row": -1, "mot": -1, "pie": -1, "uto": -1, "uwr": -1 }, "geometry": { "type": "Point", "coordinates": [ 19.460111, 51.750861 ] } },
{ "type": "Feature", "properties": { "ID": 109975119, "yr": 2021, "dt": "2021-03-06T11:30:00", "WOJ": 10, "sev": 2, "c": [ 255, 165, 0, 160 ], "dmg": 1, "sli": 0, "ser": 1, "fat": 0, "row": -1, "mot": -1, "pie": 2, "uto": -1, "uwr": -1 }, "geometry": { "type": "Point", "coordinates": [ 19.712611, 51.958361 ] } },
{ "type": "Feature", "properties": { "ID": 109975919, "yr": 2021, "dt": "2021-03-07T14:12:36", "WOJ": 10, "sev": 2, "c": [ 255, 165, 0, 160 ], "dmg": 1, "sli": 0, "ser": 1, "fat": 0, "row": -1, "mot": -1, "pie": -1, "uto": -1, "uwr": -1 }, "geometry": { "type": "Point", "coordinates": [ 19.445417, 51.815 ] } },
{ "type": "Feature", "properties": { "ID": 109975930, "yr": 2021, "dt": "2021-03-07T09:24:34", "WOJ": 10, "sev": 2, "c": [ 255, 165, 0, 160 ], "dmg": 0, "sli": 0, "ser": 2, "fat": 0, "row": -1, "mot": -1, "pie": -1, "uto": -1, "uwr": -1 }, "geometry": { "type": "Point", "coordinates": [ 19.350333, 51.785861 ] } },
{ "type": "Feature", "properties": { "ID": 109976759, "yr": 2021, "dt": "2021-03-08T09:32:16", "WOJ": 10, "sev": 2, "c": [ 255, 165, 0, 160 ], "dmg": 1, "sli": 0, "ser": 1, "fat": 0, "row": -1, "mot": -1, "pie": 2, "uto": -1, "uwr": -1 }, "geometry": { "type": "Point", "coordinates": [ 20.004778, 51.530417 ] } },
{ "type": "Feature", "properties": { "ID": 113762884, "yr": 2021, "dt": "2021-12-01T14:17:58", "WOJ": 10, "sev": 2, "c": [ 255, 165, 0, 160 ], "dmg": 1, "sli": 0, "ser": 1, "fat": 0, "row": -1, "mot": -1, "pie": -1, "uto": -1, "uwr": -1 }, "geometry": { "type": "Point", "coordinates": [ 19.439056, 51.776583 ] } },
{ "type": "Feature", "properties": { "ID": 113432955, "yr": 2021, "dt": "2021-11-15T10:16:35", "WOJ": 10, "sev": 2, "c": [ 255, 165, 0, 160 ], "dmg": 2, "sli": 0, "ser": 1, "fat": 0, "row": -1, "mot": -1, "pie": -1, "uto": -1, "uwr": -1 }, "geometry": { "type": "Point", "coordinates": [ 19.574222, 51.753806 ] } },
{ "type": "Feature", "properties": { "ID": 113469305, "yr": 2021, "dt": "2021-11-16T14:47:02", "WOJ": 10, "sev": 2, "c": [ 255, 165, 0, 160 ], "dmg": 1, "sli": 0, "ser": 1, "fat": 0, "row": -1, "mot": -1, "pie": -1, "uto": -1, "uwr": -1 }, "geometry": { "type": "Point", "coordinates": [ 18.635667, 51.691694 ] } },
{ "type": "Feature", "properties": { "ID": 110081895, "yr": 2021, "dt": "2021-03-28T21:00:00", "WOJ": 10, "sev": 2, "c": [ 255, 165, 0, 160 ], "dmg": 1, "sli": 0, "ser": 1, "fat": 0, "row": -1, "mot": -1, "pie": 2, "uto": -1, "uwr": -1 }, "geometry": { "type": "Point", "coordinates": [ 19.234972, 51.836222 ] } },
{ "type": "Feature", "properties": { "ID": 110090225, "yr": 2021, "dt": "2021-03-29T15:52:48", "WOJ": 10, "sev": 2, "c": [ 255, 165, 0, 160 ], "dmg": 0, "sli": 0, "ser": 1, "fat": 0, "row": -1, "mot": -1, "pie": -1, "uto": -1, "uwr": -1 }, "geometry": { "type": "Point", "coordinates": [ 19.425389, 51.809361 ] } },
{ "type": "Feature", "properties": { "ID": 110072351, "yr": 2021, "dt": "2021-03-23T08:25:00", "WOJ": 10, "sev": 2, "c": [ 255, 165, 0, 160 ], "dmg": 1, "sli": 0, "ser": 1, "fat": 0, "row": -1, "mot": -1, "pie": -1, "uto": -1, "uwr": -1 }, "geometry": { "type": "Point", "coordinates": [ 19.344333, 51.9335 ] } },
{ "type": "Feature", "properties": { "ID": 110069929, "yr": 2021, "dt": "2021-03-23T00:25:00", "WOJ": 10, "sev": 2, "c": [ 255, 165, 0, 160 ], "dmg": 1, "sli": 0, "ser": 1, "fat": 0, "row": -1, "mot": -1, "pie": -1, "uto": -1, "uwr": -1 }, "geometry": { "type": "Point", "coordinates": [ 19.339778, 52.009389 ] } },
{ "type": "Feature", "properties": { "ID": 110070035, "yr": 2021, "dt": "2021-03-23T09:03:40", "WOJ": 10, "sev": 2, "c": [ 255, 165, 0, 160 ], "dmg": 1, "sli": 0, "ser": 1, "fat": 0, "row": -1, "mot": -1, "pie": 2, "uto": -1, "uwr": -1 }, "geometry": { "type": "Point", "coordinates": [ 19.439028, 51.797611 ] } },
{ "type": "Feature", "properties": { "ID": 110077634, "yr": 2021, "dt": "2021-03-24T11:45:00", "WOJ": 10, "sev": 2, "c": [ 255, 165, 0, 160 ], "dmg": 1, "sli": 0, "ser": 1, "fat": 0, "row": -1, "mot": -1, "pie": 2, "uto": -1, "uwr": -1 }, "geometry": { "type": "Point", "coordinates": [ 19.368083, 51.378389 ] } },
{ "type": "Feature", "properties": { "ID": 113500143, "yr": 2021, "dt": "2021-11-23T07:00:28", "WOJ": 10, "sev": 2, "c": [ 255, 165, 0, 160 ], "dmg": 1, "sli": 0, "ser": 1, "fat": 0, "row": -1, "mot": -1, "pie": 2, "uto": -1, "uwr": -1 }, "geometry": { "type": "Point", "coordinates": [ 19.339, 51.774861 ] } },
{ "type": "Feature", "properties": { "ID": 113480564, "yr": 2021, "dt": "2021-11-19T18:09:46", "WOJ": 10, "sev": 2, "c": [ 255, 165, 0, 160 ], "dmg": 1, "sli": 0, "ser": 1, "fat": 0, "row": -1, "mot": -1, "pie": 2, "uto": -1, "uwr": -1 }, "geometry": { "type": "Point", "coordinates": [ 19.539444, 51.721361 ] } },
{ "type": "Feature", "properties": { "ID": 113480925, "yr": 2021, "dt": "2021-11-19T05:15:00", "WOJ": 10, "sev": 2, "c": [ 255, 165, 0, 160 ], "dmg": 1, "sli": 0, "ser": 1, "fat": 0, "row": -1, "mot": -1, "pie": 2, "uto": -1, "uwr": -1 }, "geometry": { "type": "Point", "coordinates": [ 19.41275, 51.853028 ] } },
{ "type": "Feature", "properties": { "ID": 113480702, "yr": 2021, "dt": "2021-11-19T21:41:41", "WOJ": 10, "sev": 2, "c": [ 255, 165, 0, 160 ], "dmg": 0, "sli": 2, "ser": 1, "fat": 0, "row": -1, "mot": -1, "pie": -1, "uto": -1, "uwr": -1 }, "geometry": { "type": "Point", "coordinates": [ 20.292056, 51.596278 ] } },
{ "type": "Feature", "properties": { "ID": 113424905, "yr": 2021, "dt": "2021-11-13T11:35:45", "WOJ": 10, "sev": 2, "c": [ 255, 165, 0, 160 ], "dmg": 1, "sli": 0, "ser": 1, "fat": 0, "row": -1, "mot": -1, "pie": -1, "uto": -1, "uwr": -1 }, "geometry": { "type": "Point", "coordinates": [ 19.495611, 51.736889 ] } },
{ "type": "Feature", "properties": { "ID": 113427836, "yr": 2021, "dt": "2021-11-13T13:14:40", "WOJ": 10, "sev": 2, "c": [ 255, 165, 0, 160 ], "dmg": 2, "sli": 0, "ser": 1, "fat": 0, "row": -1, "mot": -1, "pie": -1, "uto": -1, "uwr": -1 }, "geometry": { "type": "Point", "coordinates": [ 19.427722, 51.790806 ] } },
{ "type": "Feature", "properties": { "ID": 110103146, "yr": 2021, "dt": "2021-04-04T12:05:00", "WOJ": 10, "sev": 2, "c": [ 255, 165, 0, 160 ], "dmg": 1, "sli": 0, "ser": 1, "fat": 0, "row": -1, "mot": -1, "pie": -1, "uto": -1, "uwr": -1 }, "geometry": { "type": "Point", "coordinates": [ 19.454417, 51.778917 ] } },
{ "type": "Feature", "properties": { "ID": 110091219, "yr": 2021, "dt": "2021-03-30T16:46:10", "WOJ": 10, "sev": 2, "c": [ 255, 165, 0, 160 ], "dmg": 0, "sli": 0, "ser": 1, "fat": 0, "row": -1, "mot": -1, "pie": -1, "uto": -1, "uwr": -1 }, "geometry": { "type": "Point", "coordinates": [ 19.401111, 51.697389 ] } },
{ "type": "Feature", "properties": { "ID": 110094750, "yr": 2021, "dt": "2021-04-01T07:14:28", "WOJ": 10, "sev": 2, "c": [ 255, 165, 0, 160 ], "dmg": 1, "sli": 0, "ser": 1, "fat": 0, "row": 2, "mot": -1, "pie": -1, "uto": -1, "uwr": -1 }, "geometry": { "type": "Point", "coordinates": [ 19.482611, 51.704361 ] } },
{ "type": "Feature", "properties": { "ID": 113487409, "yr": 2021, "dt": "2021-11-21T19:26:02", "WOJ": 10, "sev": 2, "c": [ 255, 165, 0, 160 ], "dmg": 1, "sli": 0, "ser": 1, "fat": 0, "row": -1, "mot": -1, "pie": 2, "uto": -1, "uwr": -1 }, "geometry": { "type": "Point", "coordinates": [ 20.222639, 51.975306 ] } },
{ "type": "Feature", "properties": { "ID": 113487070, "yr": 2021, "dt": "2021-11-20T16:00:20", "WOJ": 10, "sev": 2, "c": [ 255, 165, 0, 160 ], "dmg": 1, "sli": 0, "ser": 1, "fat": 0, "row": -1, "mot": -1, "pie": 2, "uto": -1, "uwr": -1 }, "geometry": { "type": "Point", "coordinates": [ 19.478, 51.792417 ] } },
{ "type": "Feature", "properties": { "ID": 110076230, "yr": 2021, "dt": "2021-03-25T10:05:40", "WOJ": 10, "sev": 2, "c": [ 255, 165, 0, 160 ], "dmg": 1, "sli": 0, "ser": 2, "fat": 0, "row": -1, "mot": -1, "pie": -1, "uto": -1, "uwr": -1 }, "geometry": { "type": "Point", "coordinates": [ 19.57625, 51.794694 ] } },
{ "type": "Feature", "properties": { "ID": 110061582, "yr": 2021, "dt": "2021-03-18T17:17:50", "WOJ": 10, "sev": 2, "c": [ 255, 165, 0, 160 ], "dmg": 1, "sli": 0, "ser": 1, "fat": 0, "row": -1, "mot": -1, "pie": -1, "uto": -1, "uwr": -1 }, "geometry": { "type": "Point", "coordinates": [ 19.476111, 51.800111 ] } },
{ "type": "Feature", "properties": { "ID": 110063604, "yr": 2021, "dt": "2021-03-19T16:21:10", "WOJ": 10, "sev": 2, "c": [ 255, 165, 0, 160 ], "dmg": 2, "sli": 0, "ser": 1, "fat": 0, "row": -1, "mot": -1, "pie": 0, "uto": -1, "uwr": -1 }, "geometry": { "type": "Point", "coordinates": [ 19.452222, 51.77625 ] } },
{ "type": "Feature", "properties": { "ID": 110063464, "yr": 2021, "dt": "2021-03-19T15:15:22", "WOJ": 10, "sev": 2, "c": [ 255, 165, 0, 160 ], "dmg": 1, "sli": 0, "ser": 1, "fat": 0, "row": -1, "mot": -1, "pie": -1, "uto": -1, "uwr": -1 }, "geometry": { "type": "Point", "coordinates": [ 19.448944, 51.790306 ] } },
{ "type": "Feature", "properties": { "ID": 110065141, "yr": 2021, "dt": "2021-03-20T19:14:04", "WOJ": 10, "sev": 2, "c": [ 255, 165, 0, 160 ], "dmg": 1, "sli": 0, "ser": 2, "fat": 0, "row": -1, "mot": -1, "pie": -1, "uto": -1, "uwr": -1 }, "geometry": { "type": "Point", "coordinates": [ 19.404333, 51.765167 ] } },
{ "type": "Feature", "properties": { "ID": 110064405, "yr": 2021, "dt": "2021-03-20T18:57:18", "WOJ": 10, "sev": 2, "c": [ 255, 165, 0, 160 ], "dmg": 1, "sli": 1, "ser": 1, "fat": 0, "row": -1, "mot": -1, "pie": 2, "uto": -1, "uwr": -1 }, "geometry": { "type": "Point", "coordinates": [ 19.508278, 51.763806 ] } },
{ "type": "Feature", "properties": { "ID": 110069281, "yr": 2021, "dt": "2021-03-22T06:40:00", "WOJ": 10, "sev": 2, "c": [ 255, 165, 0, 160 ], "dmg": 0, "sli": 0, "ser": 1, "fat": 0, "row": -1, "mot": -1, "pie": -1, "uto": -1, "uwr": -1 }, "geometry": { "type": "Point", "coordinates": [ 19.727694, 52.247528 ] } },
{ "type": "Feature", "properties": { "ID": 110056728, "yr": 2021, "dt": "2021-03-15T23:04:39", "WOJ": 10, "sev": 2, "c": [ 255, 165, 0, 160 ], "dmg": 0, "sli": 1, "ser": 2, "fat": 0, "row": -1, "mot": -1, "pie": -1, "uto": -1, "uwr": -1 }, "geometry": { "type": "Point", "coordinates": [ 19.457333, 51.848361 ] } },
{ "type": "Feature", "properties": { "ID": 110058581, "yr": 2021, "dt": "2021-03-17T04:37:54", "WOJ": 10, "sev": 2, "c": [ 255, 165, 0, 160 ], "dmg": 1, "sli": 0, "ser": 1, "fat": 0, "row": -1, "mot": -1, "pie": -1, "uto": -1, "uwr": -1 }, "geometry": { "type": "Point", "coordinates": [ 19.452194, 51.786639 ] } },
{ "type": "Feature", "properties": { "ID": 110059482, "yr": 2021, "dt": "2021-03-17T15:08:38", "WOJ": 10, "sev": 2, "c": [ 255, 165, 0, 160 ], "dmg": 1, "sli": 0, "ser": 1, "fat": 0, "row": -1, "mot": -1, "pie": -1, "uto": -1, "uwr": -1 }, "geometry": { "type": "Point", "coordinates": [ 19.42675, 51.81375 ] } },
{ "type": "Feature", "properties": { "ID": 113487217, "yr": 2021, "dt": "2021-11-21T13:21:20", "WOJ": 10, "sev": 2, "c": [ 255, 165, 0, 160 ], "dmg": 2, "sli": 0, "ser": 1, "fat": 0, "row": -1, "mot": -1, "pie": -1, "uto": -1, "uwr": -1 }, "geometry": { "type": "Point", "coordinates": [ 19.417917, 51.679528 ] } },
{ "type": "Feature", "properties": { "ID": 110080161, "yr": 2021, "dt": "2021-03-26T22:31:01", "WOJ": 10, "sev": 2, "c": [ 255, 165, 0, 160 ], "dmg": 1, "sli": 0, "ser": 1, "fat": 0, "row": -1, "mot": -1, "pie": -1, "uto": -1, "uwr": -1 }, "geometry": { "type": "Point", "coordinates": [ 19.475417, 51.774361 ] } },
{ "type": "Feature", "properties": { "ID": 110082156, "yr": 2021, "dt": "2021-03-27T10:33:39", "WOJ": 10, "sev": 2, "c": [ 255, 165, 0, 160 ], "dmg": 1, "sli": 0, "ser": 1, "fat": 0, "row": -1, "mot": -1, "pie": -1, "uto": -1, "uwr": -1 }, "geometry": { "type": "Point", "coordinates": [ 19.867861, 52.100167 ] } },
{ "type": "Feature", "properties": { "ID": 110081865, "yr": 2021, "dt": "2021-03-28T16:30:20", "WOJ": 10, "sev": 2, "c": [ 255, 165, 0, 160 ], "dmg": 0, "sli": 0, "ser": 2, "fat": 0, "row": 2, "mot": -1, "pie": -1, "uto": -1, "uwr": -1 }, "geometry": { "type": "Point", "coordinates": [ 19.465083, 51.731944 ] } },
{ "type": "Feature", "properties": { "ID": 110081721, "yr": 2021, "dt": "2021-03-28T12:12:20", "WOJ": 10, "sev": 2, "c": [ 255, 165, 0, 160 ], "dmg": 1, "sli": 0, "ser": 1, "fat": 0, "row": -1, "mot": -1, "pie": -1, "uto": -1, "uwr": -1 }, "geometry": { "type": "Point", "coordinates": [ 19.419361, 51.747167 ] } },
{ "type": "Feature", "properties": { "ID": 113617946, "yr": 2021, "dt": "2021-11-29T12:32:00", "WOJ": 10, "sev": 2, "c": [ 255, 165, 0, 160 ], "dmg": 1, "sli": 0, "ser": 1, "fat": 0, "row": -1, "mot": -1, "pie": 2, "uto": -1, "uwr": -1 }, "geometry": { "type": "Point", "coordinates": [ 19.354722, 51.664306 ] } },
{ "type": "Feature", "properties": { "ID": 113639829, "yr": 2021, "dt": "2021-11-29T22:36:14", "WOJ": 10, "sev": 2, "c": [ 255, 165, 0, 160 ], "dmg": 2, "sli": 0, "ser": 5, "fat": 0, "row": -1, "mot": -1, "pie": -1, "uto": -1, "uwr": -1 }, "geometry": { "type": "Point", "coordinates": [ 19.474194, 51.74925 ] } },
{ "type": "Feature", "properties": { "ID": 109959096, "yr": 2021, "dt": "2021-03-01T15:39:15", "WOJ": 10, "sev": 2, "c": [ 255, 165, 0, 160 ], "dmg": 1, "sli": 0, "ser": 1, "fat": 0, "row": -1, "mot": -1, "pie": 2, "uto": -1, "uwr": -1 }, "geometry": { "type": "Point", "coordinates": [ 19.466861, 51.731944 ] } },
{ "type": "Feature", "properties": { "ID": 110053500, "yr": 2021, "dt": "2021-03-13T18:52:09", "WOJ": 10, "sev": 2, "c": [ 255, 165, 0, 160 ], "dmg": 2, "sli": 0, "ser": 1, "fat": 0, "row": -1, "mot": -1, "pie": -1, "uto": -1, "uwr": -1 }, "geometry": { "type": "Point", "coordinates": [ 19.401944, 51.795917 ] } },
{ "type": "Feature", "properties": { "ID": 110052911, "yr": 2021, "dt": "2021-03-13T19:09:23", "WOJ": 10, "sev": 2, "c": [ 255, 165, 0, 160 ], "dmg": 1, "sli": 1, "ser": 1, "fat": 0, "row": -1, "mot": -1, "pie": -1, "uto": -1, "uwr": -1 }, "geometry": { "type": "Point", "coordinates": [ 19.378917, 51.78625 ] } },
{ "type": "Feature", "properties": { "ID": 110053041, "yr": 2021, "dt": "2021-03-13T22:10:00", "WOJ": 10, "sev": 2, "c": [ 255, 165, 0, 160 ], "dmg": 0, "sli": 1, "ser": 1, "fat": 0, "row": -1, "mot": -1, "pie": -1, "uto": -1, "uwr": -1 }, "geometry": { "type": "Point", "coordinates": [ 19.733139, 51.964556 ] } },
{ "type": "Feature", "properties": { "ID": 110053064, "yr": 2021, "dt": "2021-03-14T04:00:00", "WOJ": 10, "sev": 2, "c": [ 255, 165, 0, 160 ], "dmg": 0, "sli": 0, "ser": 1, "fat": 0, "row": -1, "mot": -1, "pie": -1, "uto": -1, "uwr": -1 }, "geometry": { "type": "Point", "coordinates": [ 19.307694, 51.822972 ] } },
{ "type": "Feature", "properties": { "ID": 109992141, "yr": 2021, "dt": "2021-03-09T17:24:28", "WOJ": 10, "sev": 2, "c": [ 255, 165, 0, 160 ], "dmg": 1, "sli": 0, "ser": 1, "fat": 0, "row": -1, "mot": -1, "pie": -1, "uto": -1, "uwr": -1 }, "geometry": { "type": "Point", "coordinates": [ 19.489806, 51.732972 ] } },
{ "type": "Feature", "properties": { "ID": 110050349, "yr": 2021, "dt": "2021-03-11T11:30:44", "WOJ": 10, "sev": 2, "c": [ 255, 165, 0, 160 ], "dmg": 1, "sli": 0, "ser": 1, "fat": 0, "row": 2, "mot": -1, "pie": -1, "uto": -1, "uwr": -1 }, "geometry": { "type": "Point", "coordinates": [ 19.668417, 51.417806 ] } },
{ "type": "Feature", "properties": { "ID": 110050962, "yr": 2021, "dt": "2021-03-12T09:42:23", "WOJ": 10, "sev": 2, "c": [ 255, 165, 0, 160 ], "dmg": 2, "sli": 0, "ser": 1, "fat": 0, "row": -1, "mot": -1, "pie": -1, "uto": -1, "uwr": -1 }, "geometry": { "type": "Point", "coordinates": [ 19.520722, 51.751778 ] } },
{ "type": "Feature", "properties": { "ID": 113618223, "yr": 2021, "dt": "2021-11-29T15:16:38", "WOJ": 10, "sev": 2, "c": [ 255, 165, 0, 160 ], "dmg": 1, "sli": 0, "ser": 1, "fat": 0, "row": -1, "mot": -1, "pie": -1, "uto": -1, "uwr": -1 }, "geometry": { "type": "Point", "coordinates": [ 19.499917, 51.762556 ] } },
{ "type": "Feature", "properties": { "ID": 113524847, "yr": 2021, "dt": "2021-11-25T12:03:00", "WOJ": 10, "sev": 2, "c": [ 255, 165, 0, 160 ], "dmg": 1, "sli": 0, "ser": 1, "fat": 0, "row": -1, "mot": -1, "pie": -1, "uto": -1, "uwr": -1 }, "geometry": { "type": "Point", "coordinates": [ 19.394472, 51.798472 ] } },
{ "type": "Feature", "properties": { "ID": 113526843, "yr": 2021, "dt": "2021-11-25T23:18:03", "WOJ": 10, "sev": 2, "c": [ 255, 165, 0, 160 ], "dmg": 0, "sli": 0, "ser": 1, "fat": 0, "row": -1, "mot": -1, "pie": -1, "uto": -1, "uwr": -1 }, "geometry": { "type": "Point", "coordinates": [ 19.231833, 51.749611 ] } },
{ "type": "Feature", "properties": { "ID": 113514729, "yr": 2021, "dt": "2021-11-25T17:01:15", "WOJ": 10, "sev": 2, "c": [ 255, 165, 0, 160 ], "dmg": 1, "sli": 0, "ser": 1, "fat": 0, "row": -1, "mot": -1, "pie": 2, "uto": -1, "uwr": -1 }, "geometry": { "type": "Point", "coordinates": [ 20.297889, 51.815417 ] } },
{ "type": "Feature", "properties": { "ID": 113533826, "yr": 2021, "dt": "2021-11-25T16:16:00", "WOJ": 10, "sev": 2, "c": [ 255, 165, 0, 160 ], "dmg": 1, "sli": 0, "ser": 1, "fat": 0, "row": -1, "mot": -1, "pie": 2, "uto": -1, "uwr": -1 }, "geometry": { "type": "Point", "coordinates": [ 19.419833, 51.817583 ] } },
{ "type": "Feature", "properties": { "ID": 113519832, "yr": 2021, "dt": "2021-11-25T06:38:25", "WOJ": 10, "sev": 2, "c": [ 255, 165, 0, 160 ], "dmg": 1, "sli": 0, "ser": 1, "fat": 0, "row": 2, "mot": -1, "pie": -1, "uto": -1, "uwr": -1 }, "geometry": { "type": "Point", "coordinates": [ 19.52025, 51.753 ] } },
{ "type": "Feature", "properties": { "ID": 113527176, "yr": 2021, "dt": "2021-11-26T12:39:41", "WOJ": 10, "sev": 2, "c": [ 255, 165, 0, 160 ], "dmg": 1, "sli": 0, "ser": 1, "fat": 0, "row": -1, "mot": -1, "pie": 2, "uto": -1, "uwr": -1 }, "geometry": { "type": "Point", "coordinates": [ 19.431944, 51.755583 ] } },
{ "type": "Feature", "properties": { "ID": 113533915, "yr": 2021, "dt": "2021-11-26T08:56:41", "WOJ": 10, "sev": 2, "c": [ 255, 165, 0, 160 ], "dmg": 1, "sli": 0, "ser": 1, "fat": 0, "row": -1, "mot": -1, "pie": -1, "uto": -1, "uwr": -1 }, "geometry": { "type": "Point", "coordinates": [ 19.299389, 51.708667 ] } },
{ "type": "Feature", "properties": { "ID": 113527525, "yr": 2021, "dt": "2021-11-26T18:22:30", "WOJ": 10, "sev": 2, "c": [ 255, 165, 0, 160 ], "dmg": 0, "sli": 2, "ser": 1, "fat": 0, "row": -1, "mot": -1, "pie": 2, "uto": -1, "uwr": -1 }, "geometry": { "type": "Point", "coordinates": [ 19.447667, 51.776028 ] } },
{ "type": "Feature", "properties": { "ID": 113527689, "yr": 2021, "dt": "2021-11-26T20:16:08", "WOJ": 10, "sev": 2, "c": [ 255, 165, 0, 160 ], "dmg": 1, "sli": 0, "ser": 1, "fat": 0, "row": -1, "mot": -1, "pie": 2, "uto": -1, "uwr": -1 }, "geometry": { "type": "Point", "coordinates": [ 19.407972, 51.749389 ] } },
{ "type": "Feature", "properties": { "ID": 113556048, "yr": 2021, "dt": "2021-11-27T10:30:00", "WOJ": 10, "sev": 2, "c": [ 255, 165, 0, 160 ], "dmg": 0, "sli": 2, "ser": 1, "fat": 0, "row": -1, "mot": -1, "pie": -1, "uto": -1, "uwr": -1 }, "geometry": { "type": "Point", "coordinates": [ 19.454333, 52.15625 ] } },
{ "type": "Feature", "properties": { "ID": 113488950, "yr": 2021, "dt": "2021-11-21T15:45:00", "WOJ": 10, "sev": 2, "c": [ 255, 165, 0, 160 ], "dmg": 0, "sli": 1, "ser": 1, "fat": 0, "row": -1, "mot": -1, "pie": -1, "uto": -1, "uwr": -1 }, "geometry": { "type": "Point", "coordinates": [ 19.604361, 51.949944 ] } },
{ "type": "Feature", "properties": { "ID": 113497990, "yr": 2021, "dt": "2021-11-22T16:24:26", "WOJ": 10, "sev": 2, "c": [ 255, 165, 0, 160 ], "dmg": 1, "sli": 0, "ser": 1, "fat": 0, "row": -1, "mot": -1, "pie": 2, "uto": -1, "uwr": -1 }, "geometry": { "type": "Point", "coordinates": [ 19.456306, 51.757028 ] } },
{ "type": "Feature", "properties": { "ID": 113497322, "yr": 2021, "dt": "2021-11-22T19:30:00", "WOJ": 10, "sev": 2, "c": [ 255, 165, 0, 160 ], "dmg": 0, "sli": 1, "ser": 1, "fat": 0, "row": -1, "mot": -1, "pie": -1, "uto": -1, "uwr": -1 }, "geometry": { "type": "Point", "coordinates": [ 19.114861, 51.569778 ] } },
{ "type": "Feature", "properties": { "ID": 113498496, "yr": 2021, "dt": "2021-11-23T16:10:00", "WOJ": 10, "sev": 2, "c": [ 255, 165, 0, 160 ], "dmg": 1, "sli": 0, "ser": 1, "fat": 0, "row": -1, "mot": -1, "pie": 2, "uto": -1, "uwr": -1 }, "geometry": { "type": "Point", "coordinates": [ 19.416306, 51.854583 ] } },
{ "type": "Feature", "properties": { "ID": 113511180, "yr": 2021, "dt": "2021-11-24T18:10:39", "WOJ": 10, "sev": 2, "c": [ 255, 165, 0, 160 ], "dmg": 1, "sli": 0, "ser": 1, "fat": 0, "row": -1, "mot": -1, "pie": -1, "uto": -1, "uwr": -1 }, "geometry": { "type": "Point", "coordinates": [ 19.461472, 51.779444 ] } },
{ "type": "Feature", "properties": { "ID": 113497801, "yr": 2021, "dt": "2021-11-24T05:34:59", "WOJ": 10, "sev": 2, "c": [ 255, 165, 0, 160 ], "dmg": 1, "sli": 0, "ser": 1, "fat": 0, "row": -1, "mot": -1, "pie": 2, "uto": -1, "uwr": -1 }, "geometry": { "type": "Point", "coordinates": [ 19.574667, 51.739417 ] } },
{ "type": "Feature", "properties": { "ID": 113498746, "yr": 2021, "dt": "2021-11-24T06:15:00", "WOJ": 10, "sev": 2, "c": [ 255, 165, 0, 160 ], "dmg": 1, "sli": 0, "ser": 1, "fat": 0, "row": 2, "mot": -1, "pie": -1, "uto": -1, "uwr": -1 }, "geometry": { "type": "Point", "coordinates": [ 18.929528, 51.607667 ] } },
{ "type": "Feature", "properties": { "ID": 113505900, "yr": 2021, "dt": "2021-11-24T08:56:59", "WOJ": 10, "sev": 2, "c": [ 255, 165, 0, 160 ], "dmg": 1, "sli": 0, "ser": 1, "fat": 0, "row": -1, "mot": -1, "pie": -1, "uto": -1, "uwr": -1 }, "geometry": { "type": "Point", "coordinates": [ 19.453917, 51.768444 ] } },
{ "type": "Feature", "properties": { "ID": 113511191, "yr": 2021, "dt": "2021-11-24T19:17:02", "WOJ": 10, "sev": 2, "c": [ 255, 165, 0, 160 ], "dmg": 0, "sli": 1, "ser": 3, "fat": 0, "row": -1, "mot": -1, "pie": -1, "uto": -1, "uwr": -1 }, "geometry": { "type": "Point", "coordinates": [ 19.420611, 51.744611 ] } },
{ "type": "Feature", "properties": { "ID": 113508848, "yr": 2021, "dt": "2021-11-24T08:10:00", "WOJ": 10, "sev": 2, "c": [ 255, 165, 0, 160 ], "dmg": 1, "sli": 0, "ser": 1, "fat": 0, "row": -1, "mot": -1, "pie": 2, "uto": -1, "uwr": -1 }, "geometry": { "type": "Point", "coordinates": [ 19.417861, 51.858222 ] } },
{ "type": "Feature", "properties": { "ID": 113555981, "yr": 2021, "dt": "2021-11-27T09:30:00", "WOJ": 10, "sev": 2, "c": [ 255, 165, 0, 160 ], "dmg": 1, "sli": 0, "ser": 1, "fat": 0, "row": -1, "mot": -1, "pie": -1, "uto": -1, "uwr": -1 }, "geometry": { "type": "Point", "coordinates": [ 19.430028, 51.082306 ] } },
{ "type": "Feature", "properties": { "ID": 110357061, "yr": 2021, "dt": "2021-08-02T19:10:31", "WOJ": 10, "sev": 2, "c": [ 255, 165, 0, 160 ], "dmg": 0, "sli": 0, "ser": 1, "fat": 0, "row": 2, "mot": -1, "pie": -1, "uto": -1, "uwr": -1 }, "geometry": { "type": "Point", "coordinates": [ 19.454583, 51.804361 ] } },
{ "type": "Feature", "properties": { "ID": 110358212, "yr": 2021, "dt": "2021-08-03T14:47:35", "WOJ": 10, "sev": 2, "c": [ 255, 165, 0, 160 ], "dmg": 1, "sli": 0, "ser": 1, "fat": 0, "row": -1, "mot": -1, "pie": -1, "uto": -1, "uwr": -1 }, "geometry": { "type": "Point", "coordinates": [ 19.446722, 51.712194 ] } },
{ "type": "Feature", "properties": { "ID": 110367050, "yr": 2021, "dt": "2021-08-06T17:50:19", "WOJ": 10, "sev": 2, "c": [ 255, 165, 0, 160 ], "dmg": 1, "sli": 0, "ser": 2, "fat": 0, "row": -1, "mot": -1, "pie": -1, "uto": -1, "uwr": -1 }, "geometry": { "type": "Point", "coordinates": [ 19.47525, 51.723361 ] } },
{ "type": "Feature", "properties": { "ID": 109790558, "yr": 2021, "dt": "2021-01-13T16:48:00", "WOJ": 10, "sev": 2, "c": [ 255, 165, 0, 160 ], "dmg": 1, "sli": 0, "ser": 1, "fat": 0, "row": -1, "mot": -1, "pie": 2, "uto": -1, "uwr": -1 }, "geometry": { "type": "Point", "coordinates": [ 19.481083, 51.7625 ] } },
{ "type": "Feature", "properties": { "ID": 109789212, "yr": 2021, "dt": "2021-01-13T14:15:00", "WOJ": 10, "sev": 2, "c": [ 255, 165, 0, 160 ], "dmg": 1, "sli": 0, "ser": 2, "fat": 0, "row": -1, "mot": -1, "pie": -1, "uto": -1, "uwr": -1 }, "geometry": { "type": "Point", "coordinates": [ 19.558083, 51.951694 ] } },
{ "type": "Feature", "properties": { "ID": 109793459, "yr": 2021, "dt": "2021-01-14T09:26:00", "WOJ": 10, "sev": 2, "c": [ 255, 165, 0, 160 ], "dmg": 1, "sli": 0, "ser": 1, "fat": 0, "row": 2, "mot": -1, "pie": -1, "uto": -1, "uwr": -1 }, "geometry": { "type": "Point", "coordinates": [ 19.151222, 52.034361 ] } },
{ "type": "Feature", "properties": { "ID": 109793761, "yr": 2021, "dt": "2021-01-14T16:06:00", "WOJ": 10, "sev": 2, "c": [ 255, 165, 0, 160 ], "dmg": 1, "sli": 1, "ser": 1, "fat": 0, "row": -1, "mot": -1, "pie": -1, "uto": -1, "uwr": -1 }, "geometry": { "type": "Point", "coordinates": [ 20.095444, 51.854833 ] } },
{ "type": "Feature", "properties": { "ID": 109792240, "yr": 2021, "dt": "2021-01-14T13:18:17", "WOJ": 10, "sev": 2, "c": [ 255, 165, 0, 160 ], "dmg": 1, "sli": 0, "ser": 1, "fat": 0, "row": -1, "mot": -1, "pie": -1, "uto": -1, "uwr": -1 }, "geometry": { "type": "Point", "coordinates": [ 19.531139, 51.734472 ] } },
{ "type": "Feature", "properties": { "ID": 109794895, "yr": 2021, "dt": "2021-01-15T13:40:00", "WOJ": 10, "sev": 2, "c": [ 255, 165, 0, 160 ], "dmg": 0, "sli": 0, "ser": 1, "fat": 0, "row": -1, "mot": -1, "pie": -1, "uto": -1, "uwr": -1 }, "geometry": { "type": "Point", "coordinates": [ 19.289167, 52.255972 ] } },
{ "type": "Feature", "properties": { "ID": 109795178, "yr": 2021, "dt": "2021-01-15T11:43:31", "WOJ": 10, "sev": 2, "c": [ 255, 165, 0, 160 ], "dmg": 1, "sli": 0, "ser": 1, "fat": 0, "row": -1, "mot": -1, "pie": -1, "uto": -1, "uwr": -1 }, "geometry": { "type": "Point", "coordinates": [ 19.444083, 51.8175 ] } },
{ "type": "Feature", "properties": { "ID": 109797195, "yr": 2021, "dt": "2021-01-16T13:31:36", "WOJ": 10, "sev": 2, "c": [ 255, 165, 0, 160 ], "dmg": 1, "sli": 0, "ser": 1, "fat": 0, "row": -1, "mot": -1, "pie": -1, "uto": -1, "uwr": -1 }, "geometry": { "type": "Point", "coordinates": [ 19.574083, 51.751889 ] } },
{ "type": "Feature", "properties": { "ID": 109795439, "yr": 2021, "dt": "2021-01-16T16:26:00", "WOJ": 10, "sev": 2, "c": [ 255, 165, 0, 160 ], "dmg": 1, "sli": 0, "ser": 1, "fat": 0, "row": -1, "mot": -1, "pie": 2, "uto": -1, "uwr": -1 }, "geometry": { "type": "Point", "coordinates": [ 19.428194, 51.748194 ] } },
{ "type": "Feature", "properties": { "ID": 109797158, "yr": 2021, "dt": "2021-01-16T14:26:27", "WOJ": 10, "sev": 2, "c": [ 255, 165, 0, 160 ], "dmg": 2, "sli": 0, "ser": 1, "fat": 0, "row": -1, "mot": -1, "pie": -1, "uto": -1, "uwr": -1 }, "geometry": { "type": "Point", "coordinates": [ 19.554389, 51.758639 ] } },
{ "type": "Feature", "properties": { "ID": 109797024, "yr": 2021, "dt": "2021-01-16T11:51:54", "WOJ": 10, "sev": 2, "c": [ 255, 165, 0, 160 ], "dmg": 1, "sli": 0, "ser": 2, "fat": 0, "row": -1, "mot": -1, "pie": -1, "uto": -1, "uwr": -1 }, "geometry": { "type": "Point", "coordinates": [ 19.412361, 51.77375 ] } },
{ "type": "Feature", "properties": { "ID": 110377508, "yr": 2021, "dt": "2021-08-10T02:20:00", "WOJ": 10, "sev": 2, "c": [ 255, 165, 0, 160 ], "dmg": 1, "sli": 0, "ser": 1, "fat": 0, "row": -1, "mot": -1, "pie": -1, "uto": -1, "uwr": -1 }, "geometry": { "type": "Point", "coordinates": [ 18.697333, 51.537222 ] } },
{ "type": "Feature", "properties": { "ID": 110401976, "yr": 2021, "dt": "2021-08-11T18:28:01", "WOJ": 10, "sev": 2, "c": [ 255, 165, 0, 160 ], "dmg": 0, "sli": 0, "ser": 2, "fat": 0, "row": 2, "mot": -1, "pie": -1, "uto": -1, "uwr": -1 }, "geometry": { "type": "Point", "coordinates": [ 19.428028, 51.766 ] } },
{ "type": "Feature", "properties": { "ID": 110362689, "yr": 2021, "dt": "2021-08-05T17:36:32", "WOJ": 10, "sev": 2, "c": [ 255, 165, 0, 160 ], "dmg": 2, "sli": 1, "ser": 1, "fat": 0, "row": -1, "mot": -1, "pie": -1, "uto": -1, "uwr": -1 }, "geometry": { "type": "Point", "coordinates": [ 19.514833, 51.796639 ] } },
{ "type": "Feature", "properties": { "ID": 110362532, "yr": 2021, "dt": "2021-08-05T16:36:17", "WOJ": 10, "sev": 2, "c": [ 255, 165, 0, 160 ], "dmg": 2, "sli": 0, "ser": 1, "fat": 0, "row": -1, "mot": -1, "pie": 2, "uto": -1, "uwr": -1 }, "geometry": { "type": "Point", "coordinates": [ 19.466583, 51.77125 ] } },
{ "type": "Feature", "properties": { "ID": 110358684, "yr": 2021, "dt": "2021-08-04T09:10:45", "WOJ": 10, "sev": 2, "c": [ 255, 165, 0, 160 ], "dmg": 1, "sli": 0, "ser": 1, "fat": 0, "row": 2, "mot": -1, "pie": -1, "uto": -1, "uwr": -1 }, "geometry": { "type": "Point", "coordinates": [ 19.448306, 51.7735 ] } },
{ "type": "Feature", "properties": { "ID": 110361776, "yr": 2021, "dt": "2021-08-04T22:55:33", "WOJ": 10, "sev": 2, "c": [ 255, 165, 0, 160 ], "dmg": 1, "sli": 0, "ser": 1, "fat": 0, "row": -1, "mot": -1, "pie": 2, "uto": -1, "uwr": -1 }, "geometry": { "type": "Point", "coordinates": [ 19.80025, 51.38225 ] } },
{ "type": "Feature", "properties": { "ID": 109725598, "yr": 2021, "dt": "2021-01-08T16:00:43", "WOJ": 10, "sev": 2, "c": [ 255, 165, 0, 160 ], "dmg": 1, "sli": 0, "ser": 1, "fat": 0, "row": -1, "mot": -1, "pie": -1, "uto": -1, "uwr": -1 }, "geometry": { "type": "Point", "coordinates": [ 19.476972, 51.778778 ] } },
{ "type": "Feature", "properties": { "ID": 109725363, "yr": 2021, "dt": "2021-01-08T10:58:00", "WOJ": 10, "sev": 2, "c": [ 255, 165, 0, 160 ], "dmg": 2, "sli": 0, "ser": 1, "fat": 0, "row": -1, "mot": -1, "pie": -1, "uto": -1, "uwr": -1 }, "geometry": { "type": "Point", "coordinates": [ 19.421639, 51.779778 ] } },
{ "type": "Feature", "properties": { "ID": 109727231, "yr": 2021, "dt": "2021-01-08T13:25:00", "WOJ": 10, "sev": 2, "c": [ 255, 165, 0, 160 ], "dmg": 1, "sli": 0, "ser": 2, "fat": 0, "row": -1, "mot": -1, "pie": -1, "uto": -1, "uwr": -1 }, "geometry": { "type": "Point", "coordinates": [ 19.890972, 52.048806 ] } },
{ "type": "Feature", "properties": { "ID": 109730651, "yr": 2021, "dt": "2021-01-09T20:40:00", "WOJ": 10, "sev": 2, "c": [ 255, 165, 0, 160 ], "dmg": 0, "sli": 0, "ser": 2, "fat": 0, "row": -1, "mot": -1, "pie": -1, "uto": -1, "uwr": -1 }, "geometry": { "type": "Point", "coordinates": [ 19.715556, 51.96425 ] } },
{ "type": "Feature", "properties": { "ID": 109727153, "yr": 2021, "dt": "2021-01-08T12:47:32", "WOJ": 10, "sev": 2, "c": [ 255, 165, 0, 160 ], "dmg": 1, "sli": 0, "ser": 1, "fat": 0, "row": -1, "mot": -1, "pie": 2, "uto": -1, "uwr": -1 }, "geometry": { "type": "Point", "coordinates": [ 19.998056, 51.530667 ] } },
{ "type": "Feature", "properties": { "ID": 109710462, "yr": 2021, "dt": "2021-01-05T14:56:57", "WOJ": 10, "sev": 3, "c": [ 255, 0, 0, 160 ], "dmg": 1, "sli": 0, "ser": 2, "fat": 2, "row": -1, "mot": -1, "pie": 3, "uto": -1, "uwr": -1 }, "geometry": { "type": "Point", "coordinates": [ 19.810972, 52.198194 ] } },
{ "type": "Feature", "properties": { "ID": 110361834, "yr": 2021, "dt": "2021-08-04T20:15:00", "WOJ": 10, "sev": 3, "c": [ 255, 0, 0, 160 ], "dmg": 0, "sli": 0, "ser": 0, "fat": 1, "row": -1, "mot": -1, "pie": -1, "uto": -1, "uwr": -1 }, "geometry": { "type": "Point", "coordinates": [ 19.804361, 51.777944 ] } },
{ "type": "Feature", "properties": { "ID": 110354803, "yr": 2021, "dt": "2021-08-01T04:55:00", "WOJ": 10, "sev": 3, "c": [ 255, 0, 0, 160 ], "dmg": 0, "sli": 3, "ser": 0, "fat": 1, "row": -1, "mot": -1, "pie": -1, "uto": -1, "uwr": -1 }, "geometry": { "type": "Point", "coordinates": [ 19.671222, 51.941056 ] } },
{ "type": "Feature", "properties": { "ID": 110352924, "yr": 2021, "dt": "2021-08-01T07:30:00", "WOJ": 10, "sev": 3, "c": [ 255, 0, 0, 160 ], "dmg": 0, "sli": 2, "ser": 0, "fat": 1, "row": -1, "mot": -1, "pie": -1, "uto": -1, "uwr": -1 }, "geometry": { "type": "Point", "coordinates": [ 19.266417, 51.073806 ] } },
{ "type": "Feature", "properties": { "ID": 109712790, "yr": 2021, "dt": "2021-01-05T23:01:00", "WOJ": 10, "sev": 3, "c": [ 255, 0, 0, 160 ], "dmg": 1, "sli": 0, "ser": 0, "fat": 1, "row": -1, "mot": -1, "pie": 3, "uto": -1, "uwr": -1 }, "geometry": { "type": "Point", "coordinates": [ 18.643806, 51.4775 ] } },
{ "type": "Feature", "properties": { "ID": 116744292, "yr": 2021, "dt": "2021-12-26T19:10:00", "WOJ": 10, "sev": 3, "c": [ 255, 0, 0, 160 ], "dmg": 1, "sli": 2, "ser": 0, "fat": 1, "row": -1, "mot": -1, "pie": -1, "uto": -1, "uwr": -1 }, "geometry": { "type": "Point", "coordinates": [ 18.186444, 51.307778 ] } },
{ "type": "Feature", "properties": { "ID": 116748341, "yr": 2021, "dt": "2021-12-28T11:15:10", "WOJ": 10, "sev": 3, "c": [ 255, 0, 0, 160 ], "dmg": 1, "sli": 0, "ser": 0, "fat": 1, "row": 3, "mot": -1, "pie": -1, "uto": -1, "uwr": -1 }, "geometry": { "type": "Point", "coordinates": [ 19.508639, 51.629667 ] } },
{ "type": "Feature", "properties": { "ID": 113513925, "yr": 2021, "dt": "2021-11-24T13:20:00", "WOJ": 10, "sev": 3, "c": [ 255, 0, 0, 160 ], "dmg": 1, "sli": 4, "ser": 1, "fat": 1, "row": -1, "mot": -1, "pie": -1, "uto": -1, "uwr": -1 }, "geometry": { "type": "Point", "coordinates": [ 19.435722, 52.168083 ] } },
{ "type": "Feature", "properties": { "ID": 113527803, "yr": 2021, "dt": "2021-11-27T00:03:23", "WOJ": 10, "sev": 3, "c": [ 255, 0, 0, 160 ], "dmg": 0, "sli": 4, "ser": 1, "fat": 1, "row": -1, "mot": -1, "pie": -1, "uto": -1, "uwr": -1 }, "geometry": { "type": "Point", "coordinates": [ 19.660972, 51.401833 ] } },
{ "type": "Feature", "properties": { "ID": 110052820, "yr": 2021, "dt": "2021-03-13T06:00:00", "WOJ": 10, "sev": 3, "c": [ 255, 0, 0, 160 ], "dmg": 0, "sli": 0, "ser": 0, "fat": 1, "row": -1, "mot": -1, "pie": -1, "uto": -1, "uwr": -1 }, "geometry": { "type": "Point", "coordinates": [ 20.305139, 51.754389 ] } },
{ "type": "Feature", "properties": { "ID": 110045140, "yr": 2021, "dt": "2021-03-10T18:45:00", "WOJ": 10, "sev": 3, "c": [ 255, 0, 0, 160 ], "dmg": 2, "sli": 0, "ser": 0, "fat": 1, "row": -1, "mot": -1, "pie": -1, "uto": -1, "uwr": -1 }, "geometry": { "type": "Point", "coordinates": [ 19.441, 52.256194 ] } },
{ "type": "Feature", "properties": { "ID": 110050953, "yr": 2021, "dt": "2021-03-12T07:50:59", "WOJ": 10, "sev": 3, "c": [ 255, 0, 0, 160 ], "dmg": 2, "sli": 2, "ser": 0, "fat": 1, "row": -1, "mot": -1, "pie": -1, "uto": -1, "uwr": -1 }, "geometry": { "type": "Point", "coordinates": [ 19.476583, 51.660889 ] } },
{ "type": "Feature", "properties": { "ID": 113487112, "yr": 2021, "dt": "2021-11-20T18:49:24", "WOJ": 10, "sev": 3, "c": [ 255, 0, 0, 160 ], "dmg": 1, "sli": 0, "ser": 0, "fat": 1, "row": -1, "mot": -1, "pie": 3, "uto": -1, "uwr": -1 }, "geometry": { "type": "Point", "coordinates": [ 19.822278, 51.36975 ] } },
{ "type": "Feature", "properties": { "ID": 113488838, "yr": 2021, "dt": "2021-11-20T22:25:00", "WOJ": 10, "sev": 3, "c": [ 255, 0, 0, 160 ], "dmg": 0, "sli": 0, "ser": 2, "fat": 1, "row": -1, "mot": -1, "pie": -1, "uto": -1, "uwr": -1 }, "geometry": { "type": "Point", "coordinates": [ 18.618, 51.493972 ] } },
{ "type": "Feature", "properties": { "ID": 110063366, "yr": 2021, "dt": "2021-03-19T11:02:16", "WOJ": 10, "sev": 3, "c": [ 255, 0, 0, 160 ], "dmg": 1, "sli": 0, "ser": 0, "fat": 1, "row": 3, "mot": -1, "pie": -1, "uto": -1, "uwr": -1 }, "geometry": { "type": "Point", "coordinates": [ 19.48225, 51.137417 ] } },
{ "type": "Feature", "properties": { "ID": 110060206, "yr": 2021, "dt": "2021-03-18T06:50:00", "WOJ": 10, "sev": 3, "c": [ 255, 0, 0, 160 ], "dmg": 0, "sli": 0, "ser": 0, "fat": 1, "row": -1, "mot": -1, "pie": -1, "uto": -1, "uwr": -1 }, "geometry": { "type": "Point", "coordinates": [ 19.0525, 51.540528 ] } },
{ "type": "Feature", "properties": { "ID": 110081770, "yr": 2021, "dt": "2021-03-28T15:05:45", "WOJ": 10, "sev": 3, "c": [ 255, 0, 0, 160 ], "dmg": 0, "sli": 0, "ser": 0, "fat": 1, "row": -1, "mot": 3, "pie": -1, "uto": -1, "uwr": -1 }, "geometry": { "type": "Point", "coordinates": [ 18.954556, 51.549778 ] } },
{ "type": "Feature", "properties": { "ID": 110074528, "yr": 2021, "dt": "2021-03-24T13:50:00", "WOJ": 10, "sev": 3, "c": [ 255, 0, 0, 160 ], "dmg": 1, "sli": 0, "ser": 0, "fat": 1, "row": -1, "mot": -1, "pie": -1, "uto": -1, "uwr": -1 }, "geometry": { "type": "Point", "coordinates": [ 18.187583, 51.307306 ] } },
{ "type": "Feature", "properties": { "ID": 113432878, "yr": 2021, "dt": "2021-11-13T22:47:00", "WOJ": 10, "sev": 3, "c": [ 255, 0, 0, 160 ], "dmg": 1, "sli": 0, "ser": 0, "fat": 1, "row": -1, "mot": -1, "pie": 3, "uto": -1, "uwr": -1 }, "geometry": { "type": "Point", "coordinates": [ 20.198306, 51.273639 ] } },
{ "type": "Feature", "properties": { "ID": 113430001, "yr": 2021, "dt": "2021-11-14T17:41:37", "WOJ": 10, "sev": 3, "c": [ 255, 0, 0, 160 ], "dmg": 1, "sli": 0, "ser": 0, "fat": 1, "row": -1, "mot": -1, "pie": 3, "uto": -1, "uwr": -1 }, "geometry": { "type": "Point", "coordinates": [ 18.610444, 51.116889 ] } },
{ "type": "Feature", "properties": { "ID": 110090685, "yr": 2021, "dt": "2021-03-30T11:00:00", "WOJ": 10, "sev": 3, "c": [ 255, 0, 0, 160 ], "dmg": 1, "sli": 0, "ser": 0, "fat": 1, "row": -1, "mot": -1, "pie": -1, "uto": -1, "uwr": -1 }, "geometry": { "type": "Point", "coordinates": [ 19.792556, 51.384778 ] } },
{ "type": "Feature", "properties": { "ID": 110094716, "yr": 2021, "dt": "2021-03-31T22:28:00", "WOJ": 10, "sev": 3, "c": [ 255, 0, 0, 160 ], "dmg": 1, "sli": 0, "ser": 2, "fat": 1, "row": -1, "mot": -1, "pie": -1, "uto": -1, "uwr": -1 }, "geometry": { "type": "Point", "coordinates": [ 18.752444, 51.561806 ] } },
{ "type": "Feature", "properties": { "ID": 110093159, "yr": 2021, "dt": "2021-03-31T06:10:00", "WOJ": 10, "sev": 3, "c": [ 255, 0, 0, 160 ], "dmg": 2, "sli": 0, "ser": 0, "fat": 2, "row": -1, "mot": -1, "pie": -1, "uto": -1, "uwr": -1 }, "geometry": { "type": "Point", "coordinates": [ 20.213, 51.376833 ] } },
{ "type": "Feature", "properties": { "ID": 109974496, "yr": 2021, "dt": "2021-03-05T13:44:00", "WOJ": 10, "sev": 3, "c": [ 255, 0, 0, 160 ], "dmg": 0, "sli": 0, "ser": 0, "fat": 1, "row": -1, "mot": -1, "pie": -1, "uto": -1, "uwr": -1 }, "geometry": { "type": "Point", "coordinates": [ 19.749194, 51.816639 ] } },
{ "type": "Feature", "properties": { "ID": 109976189, "yr": 2021, "dt": "2021-03-07T18:40:32", "WOJ": 10, "sev": 3, "c": [ 255, 0, 0, 160 ], "dmg": 0, "sli": 4, "ser": 0, "fat": 1, "row": -1, "mot": -1, "pie": -1, "uto": -1, "uwr": -1 }, "geometry": { "type": "Point", "coordinates": [ 19.899583, 51.511639 ] } },
{ "type": "Feature", "properties": { "ID": 110109219, "yr": 2021, "dt": "2021-04-06T08:30:00", "WOJ": 10, "sev": 3, "c": [ 255, 0, 0, 160 ], "dmg": 1, "sli": 0, "ser": 0, "fat": 2, "row": -1, "mot": -1, "pie": -1, "uto": -1, "uwr": -1 }, "geometry": { "type": "Point", "coordinates": [ 19.750639, 51.09875 ] } },
{ "type": "Feature", "properties": { "ID": 110113582, "yr": 2021, "dt": "2021-04-07T20:50:00", "WOJ": 10, "sev": 3, "c": [ 255, 0, 0, 160 ], "dmg": 1, "sli": 0, "ser": 0, "fat": 1, "row": -1, "mot": -1, "pie": 3, "uto": -1, "uwr": -1 }, "geometry": { "type": "Point", "coordinates": [ 19.307417, 52.235167 ] } },
{ "type": "Feature", "properties": { "ID": 110098599, "yr": 2021, "dt": "2021-04-02T08:45:00", "WOJ": 10, "sev": 3, "c": [ 255, 0, 0, 160 ], "dmg": 0, "sli": 1, "ser": 1, "fat": 1, "row": -1, "mot": -1, "pie": -1, "uto": -1, "uwr": -1 }, "geometry": { "type": "Point", "coordinates": [ 18.769944, 51.1555 ] } },
{ "type": "Feature", "properties": { "ID": 110102314, "yr": 2021, "dt": "2021-04-03T13:15:00", "WOJ": 10, "sev": 3, "c": [ 255, 0, 0, 160 ], "dmg": 1, "sli": 0, "ser": 0, "fat": 1, "row": -1, "mot": -1, "pie": 3, "uto": -1, "uwr": -1 }, "geometry": { "type": "Point", "coordinates": [ 19.369556, 52.232972 ] } },
{ "type": "Feature", "properties": { "ID": 113404263, "yr": 2021, "dt": "2021-11-12T07:36:24", "WOJ": 10, "sev": 3, "c": [ 255, 0, 0, 160 ], "dmg": 1, "sli": 0, "ser": 0, "fat": 1, "row": -1, "mot": -1, "pie": -1, "uto": -1, "uwr": -1 }, "geometry": { "type": "Point", "coordinates": [ 19.190556, 51.338444 ] } },
{ "type": "Feature", "properties": { "ID": 113143138, "yr": 2021, "dt": "2021-11-04T12:16:44", "WOJ": 10, "sev": 3, "c": [ 255, 0, 0, 160 ], "dmg": 0, "sli": 0, "ser": 0, "fat": 1, "row": -1, "mot": -1, "pie": -1, "uto": -1, "uwr": -1 }, "geometry": { "type": "Point", "coordinates": [ 19.388667, 51.753361 ] } },
{ "type": "Feature", "properties": { "ID": 110118899, "yr": 2021, "dt": "2021-04-10T08:13:00", "WOJ": 10, "sev": 3, "c": [ 255, 0, 0, 160 ], "dmg": 0, "sli": 0, "ser": 0, "fat": 1, "row": -1, "mot": -1, "pie": -1, "uto": -1, "uwr": -1 }, "geometry": { "type": "Point", "coordinates": [ 18.718278, 51.358389 ] } },
{ "type": "Feature", "properties": { "ID": 113275180, "yr": 2021, "dt": "2021-11-06T20:50:00", "WOJ": 10, "sev": 3, "c": [ 255, 0, 0, 160 ], "dmg": 1, "sli": 0, "ser": 0, "fat": 1, "row": -1, "mot": -1, "pie": 3, "uto": -1, "uwr": -1 }, "geometry": { "type": "Point", "coordinates": [ 18.475139, 51.261361 ] } },
{ "type": "Feature", "properties": { "ID": 113273973, "yr": 2021, "dt": "2021-11-06T10:59:21", "WOJ": 10, "sev": 3, "c": [ 255, 0, 0, 160 ], "dmg": 1, "sli": 0, "ser": 0, "fat": 2, "row": -1, "mot": -1, "pie": -1, "uto": -1, "uwr": -1 }, "geometry": { "type": "Point", "coordinates": [ 19.651944, 51.485167 ] } },
{ "type": "Feature", "properties": { "ID": 110130252, "yr": 2021, "dt": "2021-04-17T18:49:55", "WOJ": 10, "sev": 3, "c": [ 255, 0, 0, 160 ], "dmg": 1, "sli": 0, "ser": 0, "fat": 1, "row": -1, "mot": -1, "pie": -1, "uto": -1, "uwr": -1 }, "geometry": { "type": "Point", "coordinates": [ 19.921417, 51.996417 ] } },
{ "type": "Feature", "properties": { "ID": 110132550, "yr": 2021, "dt": "2021-04-19T15:00:00", "WOJ": 10, "sev": 3, "c": [ 255, 0, 0, 160 ], "dmg": 1, "sli": 0, "ser": 0, "fat": 1, "row": 3, "mot": -1, "pie": -1, "uto": -1, "uwr": -1 }, "geometry": { "type": "Point", "coordinates": [ 18.960444, 51.897306 ] } },
{ "type": "Feature", "properties": { "ID": 110133209, "yr": 2021, "dt": "2021-04-19T20:06:05", "WOJ": 10, "sev": 3, "c": [ 255, 0, 0, 160 ], "dmg": 1, "sli": 0, "ser": 0, "fat": 1, "row": 3, "mot": -1, "pie": -1, "uto": -1, "uwr": -1 }, "geometry": { "type": "Point", "coordinates": [ 18.963583, 51.484889 ] } },
{ "type": "Feature", "properties": { "ID": 110122095, "yr": 2021, "dt": "2021-04-13T07:41:13", "WOJ": 10, "sev": 3, "c": [ 255, 0, 0, 160 ], "dmg": 1, "sli": 0, "ser": 0, "fat": 1, "row": -1, "mot": -1, "pie": 3, "uto": -1, "uwr": -1 }, "geometry": { "type": "Point", "coordinates": [ 18.560278, 51.217972 ] } },
{ "type": "Feature", "properties": { "ID": 109970380, "yr": 2021, "dt": "2021-03-03T02:50:00", "WOJ": 10, "sev": 3, "c": [ 255, 0, 0, 160 ], "dmg": 1, "sli": 1, "ser": 0, "fat": 1, "row": -1, "mot": -1, "pie": -1, "uto": -1, "uwr": -1 }, "geometry": { "type": "Point", "coordinates": [ 19.177417, 52.195944 ] } },
{ "type": "Feature", "properties": { "ID": 113639818, "yr": 2021, "dt": "2021-11-29T22:25:00", "WOJ": 10, "sev": 3, "c": [ 255, 0, 0, 160 ], "dmg": 0, "sli": 1, "ser": 0, "fat": 1, "row": -1, "mot": -1, "pie": -1, "uto": -1, "uwr": -1 }, "geometry": { "type": "Point", "coordinates": [ 20.631333, 51.733472 ] } },
{ "type": "Feature", "properties": { "ID": 113618186, "yr": 2021, "dt": "2021-11-29T12:40:00", "WOJ": 10, "sev": 3, "c": [ 255, 0, 0, 160 ], "dmg": 1, "sli": 0, "ser": 0, "fat": 1, "row": -1, "mot": -1, "pie": 3, "uto": -1, "uwr": -1 }, "geometry": { "type": "Point", "coordinates": [ 19.498722, 51.204833 ] } },
{ "type": "Feature", "properties": { "ID": 113561992, "yr": 2021, "dt": "2021-11-29T06:20:00", "WOJ": 10, "sev": 3, "c": [ 255, 0, 0, 160 ], "dmg": 1, "sli": 0, "ser": 0, "fat": 1, "row": -1, "mot": -1, "pie": 3, "uto": -1, "uwr": -1 }, "geometry": { "type": "Point", "coordinates": [ 19.447917, 51.063222 ] } },
{ "type": "Feature", "properties": { "ID": 113047192, "yr": 2021, "dt": "2021-10-30T15:50:38", "WOJ": 10, "sev": 3, "c": [ 255, 0, 0, 160 ], "dmg": 1, "sli": 0, "ser": 0, "fat": 1, "row": 3, "mot": -1, "pie": -1, "uto": -1, "uwr": -1 }, "geometry": { "type": "Point", "coordinates": [ 18.909389, 51.620694 ] } },
{ "type": "Feature", "properties": { "ID": 110136444, "yr": 2021, "dt": "2021-04-20T12:05:00", "WOJ": 10, "sev": 3, "c": [ 255, 0, 0, 160 ], "dmg": 0, "sli": 0, "ser": 0, "fat": 1, "row": -1, "mot": -1, "pie": -1, "uto": -1, "uwr": -1 }, "geometry": { "type": "Point", "coordinates": [ 19.402028, 51.824667 ] } },
{ "type": "Feature", "properties": { "ID": 113084099, "yr": 2021, "dt": "2021-11-02T12:15:00", "WOJ": 10, "sev": 3, "c": [ 255, 0, 0, 160 ], "dmg": 1, "sli": 0, "ser": 2, "fat": 1, "row": -1, "mot": -1, "pie": -1, "uto": -1, "uwr": -1 }, "geometry": { "type": "Point", "coordinates": [ 20.478639, 51.491611 ] } },
{ "type": "Feature", "properties": { "ID": 113068216, "yr": 2021, "dt": "2021-11-02T08:48:12", "WOJ": 10, "sev": 3, "c": [ 255, 0, 0, 160 ], "dmg": 0, "sli": 0, "ser": 0, "fat": 1, "row": -1, "mot": -1, "pie": -1, "uto": -1, "uwr": -1 }, "geometry": { "type": "Point", "coordinates": [ 19.100083, 51.249389 ] } },
{ "type": "Feature", "properties": { "ID": 110147475, "yr": 2021, "dt": "2021-04-27T16:09:22", "WOJ": 10, "sev": 3, "c": [ 255, 0, 0, 160 ], "dmg": 1, "sli": 0, "ser": 0, "fat": 1, "row": -1, "mot": 3, "pie": -1, "uto": -1, "uwr": -1 }, "geometry": { "type": "Point", "coordinates": [ 19.392111, 51.785306 ] } },
{ "type": "Feature", "properties": { "ID": 113051884, "yr": 2021, "dt": "2021-10-30T10:57:18", "WOJ": 10, "sev": 3, "c": [ 255, 0, 0, 160 ], "dmg": 1, "sli": 0, "ser": 1, "fat": 1, "row": -1, "mot": -1, "pie": -1, "uto": -1, "uwr": -1 }, "geometry": { "type": "Point", "coordinates": [ 19.623611, 51.748111 ] } },
{ "type": "Feature", "properties": { "ID": 110158583, "yr": 2021, "dt": "2021-05-01T03:49:26", "WOJ": 10, "sev": 3, "c": [ 255, 0, 0, 160 ], "dmg": 1, "sli": 0, "ser": 0, "fat": 1, "row": 3, "mot": -1, "pie": -1, "uto": -1, "uwr": -1 }, "geometry": { "type": "Point", "coordinates": [ 19.878472, 52.042389 ] } },
{ "type": "Feature", "properties": { "ID": 110159539, "yr": 2021, "dt": "2021-05-01T23:50:00", "WOJ": 10, "sev": 3, "c": [ 255, 0, 0, 160 ], "dmg": 1, "sli": 0, "ser": 0, "fat": 1, "row": -1, "mot": -1, "pie": 3, "uto": -1, "uwr": -1 }, "geometry": { "type": "Point", "coordinates": [ 19.906889, 51.992222 ] } },
{ "type": "Feature", "properties": { "ID": 113035300, "yr": 2021, "dt": "2021-10-30T02:45:52", "WOJ": 10, "sev": 3, "c": [ 255, 0, 0, 160 ], "dmg": 0, "sli": 0, "ser": 0, "fat": 1, "row": -1, "mot": -1, "pie": -1, "uto": -1, "uwr": -1 }, "geometry": { "type": "Point", "coordinates": [ 19.859306, 52.032667 ] } },
{ "type": "Feature", "properties": { "ID": 112954809, "yr": 2021, "dt": "2021-10-26T18:35:46", "WOJ": 10, "sev": 3, "c": [ 255, 0, 0, 160 ], "dmg": 1, "sli": 0, "ser": 0, "fat": 1, "row": -1, "mot": -1, "pie": 3, "uto": -1, "uwr": -1 }, "geometry": { "type": "Point", "coordinates": [ 19.160028, 51.771944 ] } },
{ "type": "Feature", "properties": { "ID": 113000967, "yr": 2021, "dt": "2021-10-27T22:35:00", "WOJ": 10, "sev": 3, "c": [ 255, 0, 0, 160 ], "dmg": 1, "sli": 0, "ser": 0, "fat": 1, "row": -1, "mot": -1, "pie": 3, "uto": -1, "uwr": -1 }, "geometry": { "type": "Point", "coordinates": [ 18.719222, 51.584611 ] } },
{ "type": "Feature", "properties": { "ID": 114006818, "yr": 2021, "dt": "2021-12-03T15:00:00", "WOJ": 10, "sev": 3, "c": [ 255, 0, 0, 160 ], "dmg": 1, "sli": 1, "ser": 0, "fat": 1, "row": 3, "mot": -1, "pie": -1, "uto": -1, "uwr": -1 }, "geometry": { "type": "Point", "coordinates": [ 18.761944, 51.553639 ] } },
{ "type": "Feature", "properties": { "ID": 113960127, "yr": 2021, "dt": "2021-12-03T20:01:14", "WOJ": 10, "sev": 3, "c": [ 255, 0, 0, 160 ], "dmg": 1, "sli": 0, "ser": 0, "fat": 1, "row": -1, "mot": -1, "pie": 3, "uto": -1, "uwr": -1 }, "geometry": { "type": "Point", "coordinates": [ 20.127972, 51.310389 ] } },
{ "type": "Feature", "properties": { "ID": 109956337, "yr": 2021, "dt": "2021-02-25T13:07:26", "WOJ": 10, "sev": 3, "c": [ 255, 0, 0, 160 ], "dmg": 0, "sli": 0, "ser": 2, "fat": 2, "row": -1, "mot": -1, "pie": -1, "uto": -1, "uwr": -1 }, "geometry": { "type": "Point", "coordinates": [ 18.838222, 51.88675 ] } },
{ "type": "Feature", "properties": { "ID": 109958120, "yr": 2021, "dt": "2021-02-27T01:00:00", "WOJ": 10, "sev": 3, "c": [ 255, 0, 0, 160 ], "dmg": 0, "sli": 0, "ser": 0, "fat": 1, "row": -1, "mot": -1, "pie": -1, "uto": -1, "uwr": -1 }, "geometry": { "type": "Point", "coordinates": [ 19.605222, 51.949028 ] } },
{ "type": "Feature", "properties": { "ID": 109939290, "yr": 2021, "dt": "2021-02-20T05:30:00", "WOJ": 10, "sev": 3, "c": [ 255, 0, 0, 160 ], "dmg": 1, "sli": 0, "ser": 0, "fat": 1, "row": -1, "mot": -1, "pie": -1, "uto": -1, "uwr": -1 }, "geometry": { "type": "Point", "coordinates": [ 18.699111, 51.704417 ] } },
{ "type": "Feature", "properties": { "ID": 112961866, "yr": 2021, "dt": "2021-10-27T07:49:06", "WOJ": 10, "sev": 3, "c": [ 255, 0, 0, 160 ], "dmg": 1, "sli": 0, "ser": 0, "fat": 1, "row": 3, "mot": -1, "pie": -1, "uto": -1, "uwr": -1 }, "geometry": { "type": "Point", "coordinates": [ 19.845333, 51.723944 ] } },
{ "type": "Feature", "properties": { "ID": 113022030, "yr": 2021, "dt": "2021-10-28T21:35:00", "WOJ": 10, "sev": 3, "c": [ 255, 0, 0, 160 ], "dmg": 1, "sli": 0, "ser": 0, "fat": 1, "row": -1, "mot": -1, "pie": 3, "uto": -1, "uwr": -1 }, "geometry": { "type": "Point", "coordinates": [ 19.721444, 51.960611 ] } },
{ "type": "Feature", "properties": { "ID": 110172514, "yr": 2021, "dt": "2021-05-08T19:45:00", "WOJ": 10, "sev": 3, "c": [ 255, 0, 0, 160 ], "dmg": 0, "sli": 0, "ser": 1, "fat": 3, "row": -1, "mot": 3, "pie": -1, "uto": -1, "uwr": -1 }, "geometry": { "type": "Point", "coordinates": [ 19.294778, 51.808222 ] } },
{ "type": "Feature", "properties": { "ID": 112589720, "yr": 2021, "dt": "2021-10-25T06:40:00", "WOJ": 10, "sev": 3, "c": [ 255, 0, 0, 160 ], "dmg": 1, "sli": 0, "ser": 0, "fat": 1, "row": -1, "mot": -1, "pie": -1, "uto": -1, "uwr": -1 }, "geometry": { "type": "Point", "coordinates": [ 19.577778, 52.207833 ] } },
{ "type": "Feature", "properties": { "ID": 112456830, "yr": 2021, "dt": "2021-10-22T06:29:36", "WOJ": 10, "sev": 3, "c": [ 255, 0, 0, 160 ], "dmg": 0, "sli": 3, "ser": 1, "fat": 1, "row": -1, "mot": -1, "pie": -1, "uto": -1, "uwr": -1 }, "geometry": { "type": "Point", "coordinates": [ 19.580889, 51.527972 ] } },
{ "type": "Feature", "properties": { "ID": 112205830, "yr": 2021, "dt": "2021-10-19T14:08:26", "WOJ": 10, "sev": 3, "c": [ 255, 0, 0, 160 ], "dmg": 1, "sli": 0, "ser": 0, "fat": 1, "row": 3, "mot": -1, "pie": -1, "uto": -1, "uwr": -1 }, "geometry": { "type": "Point", "coordinates": [ 19.174056, 52.196194 ] } },
{ "type": "Feature", "properties": { "ID": 112146876, "yr": 2021, "dt": "2021-10-19T06:25:00", "WOJ": 10, "sev": 3, "c": [ 255, 0, 0, 160 ], "dmg": 1, "sli": 0, "ser": 0, "fat": 1, "row": 3, "mot": -1, "pie": -1, "uto": -1, "uwr": -1 }, "geometry": { "type": "Point", "coordinates": [ 19.561333, 51.03025 ] } },
{ "type": "Feature", "properties": { "ID": 110173493, "yr": 2021, "dt": "2021-05-09T14:00:00", "WOJ": 10, "sev": 3, "c": [ 255, 0, 0, 160 ], "dmg": 0, "sli": 2, "ser": 1, "fat": 1, "row": -1, "mot": 3, "pie": -1, "uto": -1, "uwr": -1 }, "geometry": { "type": "Point", "coordinates": [ 19.492389, 51.164361 ] } },
{ "type": "Feature", "properties": { "ID": 110175727, "yr": 2021, "dt": "2021-05-11T03:30:00", "WOJ": 10, "sev": 3, "c": [ 255, 0, 0, 160 ], "dmg": 0, "sli": 0, "ser": 0, "fat": 1, "row": -1, "mot": -1, "pie": -1, "uto": -1, "uwr": -1 }, "geometry": { "type": "Point", "coordinates": [ 20.338611, 51.413306 ] } },
{ "type": "Feature", "properties": { "ID": 112023810, "yr": 2021, "dt": "2021-10-18T10:55:00", "WOJ": 10, "sev": 3, "c": [ 255, 0, 0, 160 ], "dmg": 1, "sli": 0, "ser": 0, "fat": 1, "row": -1, "mot": -1, "pie": -1, "uto": -1, "uwr": -1 }, "geometry": { "type": "Point", "coordinates": [ 19.995833, 51.575083 ] } },
{ "type": "Feature", "properties": { "ID": 112091809, "yr": 2021, "dt": "2021-10-18T22:45:31", "WOJ": 10, "sev": 3, "c": [ 255, 0, 0, 160 ], "dmg": 1, "sli": 0, "ser": 0, "fat": 1, "row": -1, "mot": -1, "pie": 3, "uto": -1, "uwr": -1 }, "geometry": { "type": "Point", "coordinates": [ 18.446722, 51.635861 ] } },
{ "type": "Feature", "properties": { "ID": 110180863, "yr": 2021, "dt": "2021-05-13T13:55:00", "WOJ": 10, "sev": 3, "c": [ 255, 0, 0, 160 ], "dmg": 0, "sli": 0, "ser": 0, "fat": 1, "row": -1, "mot": 3, "pie": -1, "uto": -1, "uwr": -1 }, "geometry": { "type": "Point", "coordinates": [ 18.246333, 51.312139 ] } },
{ "type": "Feature", "properties": { "ID": 110192687, "yr": 2021, "dt": "2021-05-19T14:36:48", "WOJ": 10, "sev": 3, "c": [ 255, 0, 0, 160 ], "dmg": 1, "sli": 0, "ser": 0, "fat": 1, "row": -1, "mot": -1, "pie": -1, "uto": -1, "uwr": -1 }, "geometry": { "type": "Point", "coordinates": [ 19.655861, 51.833667 ] } },
{ "type": "Feature", "properties": { "ID": 111719970, "yr": 2021, "dt": "2021-10-13T08:14:47", "WOJ": 10, "sev": 3, "c": [ 255, 0, 0, 160 ], "dmg": 0, "sli": 0, "ser": 0, "fat": 1, "row": -1, "mot": -1, "pie": -1, "uto": -1, "uwr": -1 }, "geometry": { "type": "Point", "coordinates": [ 19.017361, 51.338556 ] } },
{ "type": "Feature", "properties": { "ID": 110186319, "yr": 2021, "dt": "2021-05-16T18:10:00", "WOJ": 10, "sev": 3, "c": [ 255, 0, 0, 160 ], "dmg": 1, "sli": 0, "ser": 0, "fat": 1, "row": 3, "mot": -1, "pie": -1, "uto": -1, "uwr": -1 }, "geometry": { "type": "Point", "coordinates": [ 19.157972, 51.099056 ] } },
{ "type": "Feature", "properties": { "ID": 114781818, "yr": 2021, "dt": "2021-12-09T11:00:37", "WOJ": 10, "sev": 3, "c": [ 255, 0, 0, 160 ], "dmg": 1, "sli": 0, "ser": 0, "fat": 1, "row": -1, "mot": -1, "pie": 3, "uto": -1, "uwr": -1 }, "geometry": { "type": "Point", "coordinates": [ 19.128694, 51.591 ] } },
{ "type": "Feature", "properties": { "ID": 109884893, "yr": 2021, "dt": "2021-02-12T05:53:42", "WOJ": 10, "sev": 3, "c": [ 255, 0, 0, 160 ], "dmg": 1, "sli": 0, "ser": 0, "fat": 1, "row": -1, "mot": -1, "pie": 3, "uto": -1, "uwr": -1 }, "geometry": { "type": "Point", "coordinates": [ 19.869194, 52.271389 ] } },
{ "type": "Feature", "properties": { "ID": 110191292, "yr": 2021, "dt": "2021-05-18T18:02:38", "WOJ": 10, "sev": 3, "c": [ 255, 0, 0, 160 ], "dmg": 2, "sli": 0, "ser": 0, "fat": 1, "row": -1, "mot": -1, "pie": -1, "uto": -1, "uwr": -1 }, "geometry": { "type": "Point", "coordinates": [ 19.4625, 51.741306 ] } },
{ "type": "Feature", "properties": { "ID": 110189159, "yr": 2021, "dt": "2021-05-18T06:20:00", "WOJ": 10, "sev": 3, "c": [ 255, 0, 0, 160 ], "dmg": 3, "sli": 0, "ser": 0, "fat": 1, "row": -1, "mot": -1, "pie": -1, "uto": -1, "uwr": -1 }, "geometry": { "type": "Point", "coordinates": [ 19.313722, 51.70275 ] } },
{ "type": "Feature", "properties": { "ID": 111700406, "yr": 2021, "dt": "2021-10-07T20:35:39", "WOJ": 10, "sev": 3, "c": [ 255, 0, 0, 160 ], "dmg": 1, "sli": 0, "ser": 0, "fat": 1, "row": -1, "mot": -1, "pie": 3, "uto": -1, "uwr": -1 }, "geometry": { "type": "Point", "coordinates": [ 19.261333, 51.442194 ] } },
{ "type": "Feature", "properties": { "ID": 111702010, "yr": 2021, "dt": "2021-10-08T05:14:22", "WOJ": 10, "sev": 3, "c": [ 255, 0, 0, 160 ], "dmg": 0, "sli": 0, "ser": 0, "fat": 1, "row": -1, "mot": -1, "pie": -1, "uto": -1, "uwr": -1 }, "geometry": { "type": "Point", "coordinates": [ 19.509944, 51.349306 ] } },
{ "type": "Feature", "properties": { "ID": 110193752, "yr": 2021, "dt": "2021-05-20T18:25:00", "WOJ": 10, "sev": 3, "c": [ 255, 0, 0, 160 ], "dmg": 1, "sli": 0, "ser": 0, "fat": 1, "row": -1, "mot": 3, "pie": -1, "uto": -1, "uwr": -1 }, "geometry": { "type": "Point", "coordinates": [ 20.011667, 52.088472 ] } },
{ "type": "Feature", "properties": { "ID": 110208351, "yr": 2021, "dt": "2021-05-26T00:22:42", "WOJ": 10, "sev": 3, "c": [ 255, 0, 0, 160 ], "dmg": 0, "sli": 1, "ser": 0, "fat": 1, "row": -1, "mot": -1, "pie": -1, "uto": -1, "uwr": -1 }, "geometry": { "type": "Point", "coordinates": [ 19.575, 51.262056 ] } },
{ "type": "Feature", "properties": { "ID": 110212173, "yr": 2021, "dt": "2021-05-27T02:46:00", "WOJ": 10, "sev": 3, "c": [ 255, 0, 0, 160 ], "dmg": 1, "sli": 0, "ser": 0, "fat": 1, "row": -1, "mot": -1, "pie": -1, "uto": -1, "uwr": -1 }, "geometry": { "type": "Point", "coordinates": [ 19.658028, 51.838694 ] } },
{ "type": "Feature", "properties": { "ID": 110210608, "yr": 2021, "dt": "2021-05-27T09:21:05", "WOJ": 10, "sev": 3, "c": [ 255, 0, 0, 160 ], "dmg": 0, "sli": 0, "ser": 0, "fat": 1, "row": -1, "mot": 3, "pie": -1, "uto": -1, "uwr": -1 }, "geometry": { "type": "Point", "coordinates": [ 19.725417, 51.377472 ] } },
{ "type": "Feature", "properties": { "ID": 115868837, "yr": 2021, "dt": "2021-12-13T09:06:34", "WOJ": 10, "sev": 3, "c": [ 255, 0, 0, 160 ], "dmg": 0, "sli": 0, "ser": 0, "fat": 1, "row": -1, "mot": -1, "pie": -1, "uto": -1, "uwr": -1 }, "geometry": { "type": "Point", "coordinates": [ 19.605306, 51.704139 ] } },
{ "type": "Feature", "properties": { "ID": 115876826, "yr": 2021, "dt": "2021-12-13T13:45:58", "WOJ": 10, "sev": 3, "c": [ 255, 0, 0, 160 ], "dmg": 1, "sli": 0, "ser": 0, "fat": 1, "row": -1, "mot": -1, "pie": -1, "uto": -1, "uwr": -1 }, "geometry": { "type": "Point", "coordinates": [ 19.425667, 51.397639 ] } },
{ "type": "Feature", "properties": { "ID": 114241372, "yr": 2021, "dt": "2021-12-06T15:50:00", "WOJ": 10, "sev": 3, "c": [ 255, 0, 0, 160 ], "dmg": 1, "sli": 0, "ser": 0, "fat": 1, "row": -1, "mot": -1, "pie": 3, "uto": -1, "uwr": -1 }, "geometry": { "type": "Point", "coordinates": [ 19.444167, 51.061528 ] } },
{ "type": "Feature", "properties": { "ID": 111690265, "yr": 2021, "dt": "2021-10-06T14:10:00", "WOJ": 10, "sev": 3, "c": [ 255, 0, 0, 160 ], "dmg": 1, "sli": 0, "ser": 0, "fat": 1, "row": -1, "mot": -1, "pie": 3, "uto": -1, "uwr": -1 }, "geometry": { "type": "Point", "coordinates": [ 19.427361, 51.070833 ] } },
{ "type": "Feature", "properties": { "ID": 111701946, "yr": 2021, "dt": "2021-10-07T15:00:00", "WOJ": 10, "sev": 3, "c": [ 255, 0, 0, 160 ], "dmg": 0, "sli": 0, "ser": 0, "fat": 1, "row": -1, "mot": -1, "pie": -1, "uto": -1, "uwr": -1 }, "geometry": { "type": "Point", "coordinates": [ 19.499833, 51.310083 ] } },
{ "type": "Feature", "properties": { "ID": 110222780, "yr": 2021, "dt": "2021-05-31T08:55:00", "WOJ": 10, "sev": 3, "c": [ 255, 0, 0, 160 ], "dmg": 1, "sli": 0, "ser": 0, "fat": 1, "row": 3, "mot": -1, "pie": -1, "uto": -1, "uwr": -1 }, "geometry": { "type": "Point", "coordinates": [ 18.8365, 51.36525 ] } },
{ "type": "Feature", "properties": { "ID": 110237540, "yr": 2021, "dt": "2021-06-01T17:10:49", "WOJ": 10, "sev": 3, "c": [ 255, 0, 0, 160 ], "dmg": 1, "sli": 2, "ser": 1, "fat": 1, "row": -1, "mot": -1, "pie": -1, "uto": -1, "uwr": -1 }, "geometry": { "type": "Point", "coordinates": [ 18.948361, 51.316194 ] } },
{ "type": "Feature", "properties": { "ID": 110219145, "yr": 2021, "dt": "2021-05-28T17:45:00", "WOJ": 10, "sev": 3, "c": [ 255, 0, 0, 160 ], "dmg": 0, "sli": 1, "ser": 0, "fat": 1, "row": -1, "mot": -1, "pie": -1, "uto": -1, "uwr": -1 }, "geometry": { "type": "Point", "coordinates": [ 18.349917, 51.290611 ] } },
{ "type": "Feature", "properties": { "ID": 110219318, "yr": 2021, "dt": "2021-05-28T21:50:00", "WOJ": 10, "sev": 3, "c": [ 255, 0, 0, 160 ], "dmg": 0, "sli": 2, "ser": 0, "fat": 1, "row": -1, "mot": -1, "pie": -1, "uto": -1, "uwr": -1 }, "geometry": { "type": "Point", "coordinates": [ 18.987667, 51.701528 ] } },
{ "type": "Feature", "properties": { "ID": 110218775, "yr": 2021, "dt": "2021-05-29T11:15:00", "WOJ": 10, "sev": 3, "c": [ 255, 0, 0, 160 ], "dmg": 1, "sli": 0, "ser": 0, "fat": 1, "row": -1, "mot": 3, "pie": -1, "uto": -1, "uwr": -1 }, "geometry": { "type": "Point", "coordinates": [ 19.257111, 51.162389 ] } },
{ "type": "Feature", "properties": { "ID": 110250416, "yr": 2021, "dt": "2021-06-02T10:50:00", "WOJ": 10, "sev": 3, "c": [ 255, 0, 0, 160 ], "dmg": 0, "sli": 1, "ser": 0, "fat": 1, "row": -1, "mot": -1, "pie": -1, "uto": -1, "uwr": -1 }, "geometry": { "type": "Point", "coordinates": [ 19.5575, 51.947611 ] } },
{ "type": "Feature", "properties": { "ID": 110252006, "yr": 2021, "dt": "2021-06-02T23:35:00", "WOJ": 10, "sev": 3, "c": [ 255, 0, 0, 160 ], "dmg": 1, "sli": 0, "ser": 0, "fat": 1, "row": -1, "mot": -1, "pie": 3, "uto": -1, "uwr": -1 }, "geometry": { "type": "Point", "coordinates": [ 19.403667, 51.14775 ] } },
{ "type": "Feature", "properties": { "ID": 111306819, "yr": 2021, "dt": "2021-10-03T20:15:00", "WOJ": 10, "sev": 3, "c": [ 255, 0, 0, 160 ], "dmg": 1, "sli": 0, "ser": 0, "fat": 1, "row": -1, "mot": -1, "pie": 3, "uto": -1, "uwr": -1 }, "geometry": { "type": "Point", "coordinates": [ 20.013167, 51.544194 ] } },
{ "type": "Feature", "properties": { "ID": 111384805, "yr": 2021, "dt": "2021-10-04T08:11:02", "WOJ": 10, "sev": 3, "c": [ 255, 0, 0, 160 ], "dmg": 0, "sli": 0, "ser": 0, "fat": 1, "row": -1, "mot": -1, "pie": -1, "uto": -1, "uwr": -1 }, "geometry": { "type": "Point", "coordinates": [ 20.147944, 51.959389 ] } },
{ "type": "Feature", "properties": { "ID": 110251987, "yr": 2021, "dt": "2021-06-03T00:23:26", "WOJ": 10, "sev": 3, "c": [ 255, 0, 0, 160 ], "dmg": 0, "sli": 0, "ser": 0, "fat": 1, "row": -1, "mot": -1, "pie": -1, "uto": -1, "uwr": -1 }, "geometry": { "type": "Point", "coordinates": [ 19.453028, 51.784222 ] } },
{ "type": "Feature", "properties": { "ID": 110254628, "yr": 2021, "dt": "2021-06-04T21:54:00", "WOJ": 10, "sev": 3, "c": [ 255, 0, 0, 160 ], "dmg": 0, "sli": 0, "ser": 0, "fat": 1, "row": -1, "mot": 3, "pie": -1, "uto": -1, "uwr": -1 }, "geometry": { "type": "Point", "coordinates": [ 19.442944, 51.69475 ] } },
{ "type": "Feature", "properties": { "ID": 111248939, "yr": 2021, "dt": "2021-10-02T08:49:42", "WOJ": 10, "sev": 3, "c": [ 255, 0, 0, 160 ], "dmg": 0, "sli": 1, "ser": 0, "fat": 1, "row": -1, "mot": -1, "pie": -1, "uto": -1, "uwr": -1 }, "geometry": { "type": "Point", "coordinates": [ 19.583917, 51.535278 ] } },
{ "type": "Feature", "properties": { "ID": 110946820, "yr": 2021, "dt": "2021-09-29T19:50:00", "WOJ": 10, "sev": 3, "c": [ 255, 0, 0, 160 ], "dmg": 3, "sli": 1, "ser": 0, "fat": 3, "row": -1, "mot": -1, "pie": -1, "uto": -1, "uwr": -1 }, "geometry": { "type": "Point", "coordinates": [ 19.476583, 51.660778 ] } },
{ "type": "Feature", "properties": { "ID": 110263544, "yr": 2021, "dt": "2021-06-09T15:37:32", "WOJ": 10, "sev": 3, "c": [ 255, 0, 0, 160 ], "dmg": 1, "sli": 0, "ser": 0, "fat": 1, "row": -1, "mot": -1, "pie": -1, "uto": -1, "uwr": -1 }, "geometry": { "type": "Point", "coordinates": [ 19.632583, 51.735056 ] } },
{ "type": "Feature", "properties": { "ID": 110259595, "yr": 2021, "dt": "2021-06-07T13:50:00", "WOJ": 10, "sev": 3, "c": [ 255, 0, 0, 160 ], "dmg": 0, "sli": 0, "ser": 0, "fat": 1, "row": 3, "mot": -1, "pie": -1, "uto": -1, "uwr": -1 }, "geometry": { "type": "Point", "coordinates": [ 19.227333, 52.129889 ] } },
{ "type": "Feature", "properties": { "ID": 110255734, "yr": 2021, "dt": "2021-06-05T11:36:22", "WOJ": 10, "sev": 3, "c": [ 255, 0, 0, 160 ], "dmg": 1, "sli": 0, "ser": 0, "fat": 2, "row": -1, "mot": -1, "pie": -1, "uto": -1, "uwr": -1 }, "geometry": { "type": "Point", "coordinates": [ 19.728972, 52.171806 ] } },
{ "type": "Feature", "properties": { "ID": 110726912, "yr": 2021, "dt": "2021-09-27T17:00:00", "WOJ": 10, "sev": 3, "c": [ 255, 0, 0, 160 ], "dmg": 0, "sli": 0, "ser": 0, "fat": 1, "row": -1, "mot": -1, "pie": -1, "uto": -1, "uwr": -1 }, "geometry": { "type": "Point", "coordinates": [ 19.283778, 51.837917 ] } },
{ "type": "Feature", "properties": { "ID": 109871866, "yr": 2021, "dt": "2021-02-06T22:05:00", "WOJ": 10, "sev": 3, "c": [ 255, 0, 0, 160 ], "dmg": 1, "sli": 1, "ser": 0, "fat": 1, "row": -1, "mot": -1, "pie": 3, "uto": -1, "uwr": -1 }, "geometry": { "type": "Point", "coordinates": [ 19.33375, 52.213639 ] } },
{ "type": "Feature", "properties": { "ID": 109872715, "yr": 2021, "dt": "2021-02-06T07:00:00", "WOJ": 10, "sev": 3, "c": [ 255, 0, 0, 160 ], "dmg": 0, "sli": 0, "ser": 0, "fat": 1, "row": -1, "mot": -1, "pie": -1, "uto": -1, "uwr": -1 }, "geometry": { "type": "Point", "coordinates": [ 19.269083, 52.351444 ] } },
{ "type": "Feature", "properties": { "ID": 110549810, "yr": 2021, "dt": "2021-09-25T21:37:15", "WOJ": 10, "sev": 3, "c": [ 255, 0, 0, 160 ], "dmg": 1, "sli": 0, "ser": 0, "fat": 1, "row": -1, "mot": -1, "pie": 3, "uto": -1, "uwr": -1 }, "geometry": { "type": "Point", "coordinates": [ 19.900611, 52.1035 ] } },
{ "type": "Feature", "properties": { "ID": 110264885, "yr": 2021, "dt": "2021-06-10T08:00:00", "WOJ": 10, "sev": 3, "c": [ 255, 0, 0, 160 ], "dmg": 1, "sli": 0, "ser": 0, "fat": 1, "row": 3, "mot": -1, "pie": -1, "uto": -1, "uwr": -1 }, "geometry": { "type": "Point", "coordinates": [ 18.970611, 51.436139 ] } },
{ "type": "Feature", "properties": { "ID": 110268409, "yr": 2021, "dt": "2021-06-11T17:05:00", "WOJ": 10, "sev": 3, "c": [ 255, 0, 0, 160 ], "dmg": 1, "sli": 0, "ser": 0, "fat": 1, "row": -1, "mot": -1, "pie": -1, "uto": -1, "uwr": -1 }, "geometry": { "type": "Point", "coordinates": [ 19.377806, 51.862944 ] } },
{ "type": "Feature", "properties": { "ID": 110267843, "yr": 2021, "dt": "2021-06-11T14:16:03", "WOJ": 10, "sev": 3, "c": [ 255, 0, 0, 160 ], "dmg": 1, "sli": 0, "ser": 0, "fat": 1, "row": -1, "mot": -1, "pie": 3, "uto": -1, "uwr": -1 }, "geometry": { "type": "Point", "coordinates": [ 20.260667, 51.742083 ] } },
{ "type": "Feature", "properties": { "ID": 110570862, "yr": 2021, "dt": "2021-09-25T02:00:00", "WOJ": 10, "sev": 3, "c": [ 255, 0, 0, 160 ], "dmg": 1, "sli": 0, "ser": 0, "fat": 1, "row": -1, "mot": -1, "pie": -1, "uto": -1, "uwr": -1 }, "geometry": { "type": "Point", "coordinates": [ 18.582722, 51.621278 ] } },
{ "type": "Feature", "properties": { "ID": 110533988, "yr": 2021, "dt": "2021-09-21T17:27:12", "WOJ": 10, "sev": 3, "c": [ 255, 0, 0, 160 ], "dmg": 1, "sli": 0, "ser": 0, "fat": 1, "row": 3, "mot": -1, "pie": -1, "uto": -1, "uwr": -1 }, "geometry": { "type": "Point", "coordinates": [ 19.727444, 51.403861 ] } },
{ "type": "Feature", "properties": { "ID": 110276361, "yr": 2021, "dt": "2021-06-16T00:08:42", "WOJ": 10, "sev": 3, "c": [ 255, 0, 0, 160 ], "dmg": 0, "sli": 0, "ser": 0, "fat": 1, "row": -1, "mot": -1, "pie": -1, "uto": -1, "uwr": -1 }, "geometry": { "type": "Point", "coordinates": [ 19.56525, 51.639889 ] } },
{ "type": "Feature", "properties": { "ID": 110272873, "yr": 2021, "dt": "2021-06-14T08:23:02", "WOJ": 10, "sev": 3, "c": [ 255, 0, 0, 160 ], "dmg": 1, "sli": 0, "ser": 0, "fat": 1, "row": -1, "mot": -1, "pie": 3, "uto": -1, "uwr": -1 }, "geometry": { "type": "Point", "coordinates": [ 19.395222, 51.556472 ] } },
{ "type": "Feature", "properties": { "ID": 110491575, "yr": 2021, "dt": "2021-09-12T19:00:00", "WOJ": 10, "sev": 3, "c": [ 255, 0, 0, 160 ], "dmg": 0, "sli": 0, "ser": 0, "fat": 1, "row": -1, "mot": -1, "pie": -1, "uto": -1, "uwr": -1 }, "geometry": { "type": "Point", "coordinates": [ 19.332389, 52.342278 ] } },
{ "type": "Feature", "properties": { "ID": 110282905, "yr": 2021, "dt": "2021-06-17T09:13:54", "WOJ": 10, "sev": 3, "c": [ 255, 0, 0, 160 ], "dmg": 1, "sli": 0, "ser": 0, "fat": 1, "row": 3, "mot": -1, "pie": -1, "uto": -1, "uwr": -1 }, "geometry": { "type": "Point", "coordinates": [ 19.039361, 51.188778 ] } },
{ "type": "Feature", "properties": { "ID": 110526711, "yr": 2021, "dt": "2021-09-18T20:00:00", "WOJ": 10, "sev": 3, "c": [ 255, 0, 0, 160 ], "dmg": 1, "sli": 0, "ser": 0, "fat": 1, "row": -1, "mot": -1, "pie": 3, "uto": -1, "uwr": -1 }, "geometry": { "type": "Point", "coordinates": [ 19.890667, 51.556222 ] } },
{ "type": "Feature", "properties": { "ID": 116717085, "yr": 2021, "dt": "2021-12-17T00:40:00", "WOJ": 10, "sev": 3, "c": [ 255, 0, 0, 160 ], "dmg": 0, "sli": 0, "ser": 0, "fat": 1, "row": -1, "mot": -1, "pie": -1, "uto": -1, "uwr": -1 }, "geometry": { "type": "Point", "coordinates": [ 19.403083, 52.213306 ] } },
{ "type": "Feature", "properties": { "ID": 109868759, "yr": 2021, "dt": "2021-02-03T22:05:00", "WOJ": 10, "sev": 3, "c": [ 255, 0, 0, 160 ], "dmg": 2, "sli": 0, "ser": 0, "fat": 1, "row": -1, "mot": -1, "pie": -1, "uto": -1, "uwr": -1 }, "geometry": { "type": "Point", "coordinates": [ 19.843917, 51.495583 ] } },
{ "type": "Feature", "properties": { "ID": 116730882, "yr": 2021, "dt": "2021-12-19T20:21:04", "WOJ": 10, "sev": 3, "c": [ 255, 0, 0, 160 ], "dmg": 0, "sli": 1, "ser": 1, "fat": 1, "row": -1, "mot": -1, "pie": -1, "uto": -1, "uwr": -1 }, "geometry": { "type": "Point", "coordinates": [ 19.987889, 52.021417 ] } },
{ "type": "Feature", "properties": { "ID": 116716972, "yr": 2021, "dt": "2021-12-16T18:35:00", "WOJ": 10, "sev": 3, "c": [ 255, 0, 0, 160 ], "dmg": 1, "sli": 0, "ser": 0, "fat": 1, "row": -1, "mot": -1, "pie": 3, "uto": -1, "uwr": -1 }, "geometry": { "type": "Point", "coordinates": [ 18.43675, 51.248528 ] } },
{ "type": "Feature", "properties": { "ID": 116715315, "yr": 2021, "dt": "2021-12-16T20:40:00", "WOJ": 10, "sev": 3, "c": [ 255, 0, 0, 160 ], "dmg": 1, "sli": 0, "ser": 0, "fat": 1, "row": -1, "mot": -1, "pie": 3, "uto": -1, "uwr": -1 }, "geometry": { "type": "Point", "coordinates": [ 19.780167, 51.459667 ] } },
{ "type": "Feature", "properties": { "ID": 110497255, "yr": 2021, "dt": "2021-09-13T22:11:24", "WOJ": 10, "sev": 3, "c": [ 255, 0, 0, 160 ], "dmg": 1, "sli": 0, "ser": 0, "fat": 1, "row": -1, "mot": 3, "pie": -1, "uto": -1, "uwr": -1 }, "geometry": { "type": "Point", "coordinates": [ 19.639778, 51.666417 ] } },
{ "type": "Feature", "properties": { "ID": 110512003, "yr": 2021, "dt": "2021-09-15T14:13:32", "WOJ": 10, "sev": 3, "c": [ 255, 0, 0, 160 ], "dmg": 0, "sli": 0, "ser": 1, "fat": 4, "row": -1, "mot": -1, "pie": -1, "uto": -1, "uwr": -1 }, "geometry": { "type": "Point", "coordinates": [ 20.403472, 51.688028 ] } },
{ "type": "Feature", "properties": { "ID": 110492786, "yr": 2021, "dt": "2021-09-11T19:39:21", "WOJ": 10, "sev": 3, "c": [ 255, 0, 0, 160 ], "dmg": 0, "sli": 1, "ser": 0, "fat": 1, "row": 3, "mot": 1, "pie": -1, "uto": -1, "uwr": -1 }, "geometry": { "type": "Point", "coordinates": [ 20.057806, 52.030778 ] } },
{ "type": "Feature", "properties": { "ID": 110287533, "yr": 2021, "dt": "2021-06-19T15:30:00", "WOJ": 10, "sev": 3, "c": [ 255, 0, 0, 160 ], "dmg": 0, "sli": 0, "ser": 0, "fat": 1, "row": -1, "mot": -1, "pie": -1, "uto": -1, "uwr": -1 }, "geometry": { "type": "Point", "coordinates": [ 19.386528, 51.5825 ] } },
{ "type": "Feature", "properties": { "ID": 110286714, "yr": 2021, "dt": "2021-06-20T00:01:16", "WOJ": 10, "sev": 3, "c": [ 255, 0, 0, 160 ], "dmg": 0, "sli": 0, "ser": 1, "fat": 2, "row": -1, "mot": 3, "pie": -1, "uto": -1, "uwr": -1 }, "geometry": { "type": "Point", "coordinates": [ 19.424222, 51.799194 ] } },
{ "type": "Feature", "properties": { "ID": 110287242, "yr": 2021, "dt": "2021-06-20T20:14:14", "WOJ": 10, "sev": 3, "c": [ 255, 0, 0, 160 ], "dmg": 1, "sli": 0, "ser": 0, "fat": 1, "row": 3, "mot": -1, "pie": -1, "uto": -1, "uwr": -1 }, "geometry": { "type": "Point", "coordinates": [ 18.906583, 51.312722 ] } },
{ "type": "Feature", "properties": { "ID": 110289668, "yr": 2021, "dt": "2021-06-21T07:15:00", "WOJ": 10, "sev": 3, "c": [ 255, 0, 0, 160 ], "dmg": 4, "sli": 0, "ser": 1, "fat": 1, "row": -1, "mot": -1, "pie": -1, "uto": -1, "uwr": -1 }, "geometry": { "type": "Point", "coordinates": [ 19.470778, 51.184278 ] } },
{ "type": "Feature", "properties": { "ID": 110494649, "yr": 2021, "dt": "2021-09-10T09:50:00", "WOJ": 10, "sev": 3, "c": [ 255, 0, 0, 160 ], "dmg": 0, "sli": 0, "ser": 0, "fat": 1, "row": -1, "mot": 3, "pie": -1, "uto": -1, "uwr": -1 }, "geometry": { "type": "Point", "coordinates": [ 19.297722, 52.008 ] } },
{ "type": "Feature", "properties": { "ID": 110302003, "yr": 2021, "dt": "2021-06-29T11:40:00", "WOJ": 10, "sev": 3, "c": [ 255, 0, 0, 160 ], "dmg": 2, "sli": 0, "ser": 1, "fat": 1, "row": -1, "mot": -1, "pie": -1, "uto": -1, "uwr": -1 }, "geometry": { "type": "Point", "coordinates": [ 18.824667, 51.593111 ] } },
{ "type": "Feature", "properties": { "ID": 110301367, "yr": 2021, "dt": "2021-06-29T17:32:00", "WOJ": 10, "sev": 3, "c": [ 255, 0, 0, 160 ], "dmg": 1, "sli": 0, "ser": 3, "fat": 1, "row": -1, "mot": -1, "pie": -1, "uto": -1, "uwr": -1 }, "geometry": { "type": "Point", "coordinates": [ 19.276028, 51.969833 ] } },
{ "type": "Feature", "properties": { "ID": 110297661, "yr": 2021, "dt": "2021-06-27T17:31:29", "WOJ": 10, "sev": 3, "c": [ 255, 0, 0, 160 ], "dmg": 1, "sli": 0, "ser": 0, "fat": 2, "row": -1, "mot": -1, "pie": -1, "uto": -1, "uwr": -1 }, "geometry": { "type": "Point", "coordinates": [ 19.573972, 51.644028 ] } },
{ "type": "Feature", "properties": { "ID": 110490563, "yr": 2021, "dt": "2021-09-11T11:33:39", "WOJ": 10, "sev": 3, "c": [ 255, 0, 0, 160 ], "dmg": 1, "sli": 0, "ser": 0, "fat": 1, "row": -1, "mot": 3, "pie": -1, "uto": -1, "uwr": -1 }, "geometry": { "type": "Point", "coordinates": [ 19.027917, 51.338583 ] } },
{ "type": "Feature", "properties": { "ID": 116730900, "yr": 2021, "dt": "2021-12-19T22:36:37", "WOJ": 10, "sev": 3, "c": [ 255, 0, 0, 160 ], "dmg": 1, "sli": 1, "ser": 1, "fat": 2, "row": -1, "mot": -1, "pie": 3, "uto": -1, "uwr": -1 }, "geometry": { "type": "Point", "coordinates": [ 19.018083, 51.120639 ] } },
{ "type": "Feature", "properties": { "ID": 109830418, "yr": 2021, "dt": "2021-01-23T10:50:00", "WOJ": 10, "sev": 3, "c": [ 255, 0, 0, 160 ], "dmg": 2, "sli": 0, "ser": 0, "fat": 1, "row": -1, "mot": -1, "pie": -1, "uto": -1, "uwr": -1 }, "geometry": { "type": "Point", "coordinates": [ 19.336028, 51.938194 ] } },
{ "type": "Feature", "properties": { "ID": 110482058, "yr": 2021, "dt": "2021-09-07T11:28:51", "WOJ": 10, "sev": 3, "c": [ 255, 0, 0, 160 ], "dmg": 2, "sli": 0, "ser": 0, "fat": 1, "row": -1, "mot": 3, "pie": -1, "uto": -1, "uwr": -1 }, "geometry": { "type": "Point", "coordinates": [ 19.482972, 51.783694 ] } },
{ "type": "Feature", "properties": { "ID": 110478641, "yr": 2021, "dt": "2021-09-07T07:20:00", "WOJ": 10, "sev": 3, "c": [ 255, 0, 0, 160 ], "dmg": 0, "sli": 0, "ser": 0, "fat": 1, "row": -1, "mot": -1, "pie": -1, "uto": -1, "uwr": -1 }, "geometry": { "type": "Point", "coordinates": [ 19.422778, 51.015583 ] } },
{ "type": "Feature", "properties": { "ID": 110312198, "yr": 2021, "dt": "2021-07-04T20:15:00", "WOJ": 10, "sev": 3, "c": [ 255, 0, 0, 160 ], "dmg": 1, "sli": 0, "ser": 1, "fat": 1, "row": -1, "mot": -1, "pie": -1, "uto": -1, "uwr": -1 }, "geometry": { "type": "Point", "coordinates": [ 19.900361, 52.278 ] } },
{ "type": "Feature", "properties": { "ID": 110310556, "yr": 2021, "dt": "2021-07-04T18:03:23", "WOJ": 10, "sev": 3, "c": [ 255, 0, 0, 160 ], "dmg": 0, "sli": 0, "ser": 0, "fat": 1, "row": -1, "mot": 3, "pie": -1, "uto": -1, "uwr": -1 }, "geometry": { "type": "Point", "coordinates": [ 19.319889, 51.223056 ] } },
{ "type": "Feature", "properties": { "ID": 110469485, "yr": 2021, "dt": "2021-09-03T10:14:11", "WOJ": 10, "sev": 3, "c": [ 255, 0, 0, 160 ], "dmg": 1, "sli": 0, "ser": 0, "fat": 1, "row": -1, "mot": -1, "pie": 3, "uto": -1, "uwr": -1 }, "geometry": { "type": "Point", "coordinates": [ 19.427083, 51.779694 ] } },
{ "type": "Feature", "properties": { "ID": 110315260, "yr": 2021, "dt": "2021-07-07T22:20:49", "WOJ": 10, "sev": 3, "c": [ 255, 0, 0, 160 ], "dmg": 1, "sli": 0, "ser": 0, "fat": 1, "row": -1, "mot": -1, "pie": 3, "uto": -1, "uwr": -1 }, "geometry": { "type": "Point", "coordinates": [ 20.142667, 51.941222 ] } },
{ "type": "Feature", "properties": { "ID": 110313945, "yr": 2021, "dt": "2021-07-07T15:10:00", "WOJ": 10, "sev": 3, "c": [ 255, 0, 0, 160 ], "dmg": 1, "sli": 0, "ser": 0, "fat": 1, "row": -1, "mot": -1, "pie": 3, "uto": -1, "uwr": -1 }, "geometry": { "type": "Point", "coordinates": [ 19.22125, 51.466278 ] } },
{ "type": "Feature", "properties": { "ID": 110480469, "yr": 2021, "dt": "2021-09-06T12:37:25", "WOJ": 10, "sev": 3, "c": [ 255, 0, 0, 160 ], "dmg": 1, "sli": 0, "ser": 0, "fat": 1, "row": -1, "mot": 3, "pie": -1, "uto": -1, "uwr": -1 }, "geometry": { "type": "Point", "coordinates": [ 20.016833, 51.523722 ] } },
{ "type": "Feature", "properties": { "ID": 110318343, "yr": 2021, "dt": "2021-07-09T14:50:00", "WOJ": 10, "sev": 3, "c": [ 255, 0, 0, 160 ], "dmg": 1, "sli": 0, "ser": 0, "fat": 1, "row": -1, "mot": -1, "pie": 3, "uto": -1, "uwr": -1 }, "geometry": { "type": "Point", "coordinates": [ 19.302306, 51.816167 ] } },
{ "type": "Feature", "properties": { "ID": 110318480, "yr": 2021, "dt": "2021-07-09T16:20:00", "WOJ": 10, "sev": 3, "c": [ 255, 0, 0, 160 ], "dmg": 2, "sli": 0, "ser": 0, "fat": 1, "row": -1, "mot": -1, "pie": -1, "uto": -1, "uwr": -1 }, "geometry": { "type": "Point", "coordinates": [ 19.229167, 51.554389 ] } },
{ "type": "Feature", "properties": { "ID": 110318967, "yr": 2021, "dt": "2021-07-10T08:38:00", "WOJ": 10, "sev": 3, "c": [ 255, 0, 0, 160 ], "dmg": 0, "sli": 0, "ser": 3, "fat": 1, "row": -1, "mot": -1, "pie": -1, "uto": -1, "uwr": -1 }, "geometry": { "type": "Point", "coordinates": [ 19.455444, 51.408944 ] } },
{ "type": "Feature", "properties": { "ID": 110449996, "yr": 2021, "dt": "2021-08-28T17:35:00", "WOJ": 10, "sev": 3, "c": [ 255, 0, 0, 160 ], "dmg": 0, "sli": 0, "ser": 0, "fat": 1, "row": -1, "mot": 3, "pie": -1, "uto": -1, "uwr": -1 }, "geometry": { "type": "Point", "coordinates": [ 18.775722, 51.427889 ] } },
{ "type": "Feature", "properties": { "ID": 110327490, "yr": 2021, "dt": "2021-07-15T22:43:33", "WOJ": 10, "sev": 3, "c": [ 255, 0, 0, 160 ], "dmg": 0, "sli": 0, "ser": 0, "fat": 1, "row": 3, "mot": -1, "pie": -1, "uto": -1, "uwr": -1 }, "geometry": { "type": "Point", "coordinates": [ 18.918139, 51.588083 ] } },
{ "type": "Feature", "properties": { "ID": 110326123, "yr": 2021, "dt": "2021-07-15T11:13:24", "WOJ": 10, "sev": 3, "c": [ 255, 0, 0, 160 ], "dmg": 1, "sli": 0, "ser": 0, "fat": 1, "row": 3, "mot": -1, "pie": -1, "uto": -1, "uwr": -1 }, "geometry": { "type": "Point", "coordinates": [ 18.796194, 51.283361 ] } },
{ "type": "Feature", "properties": { "ID": 110328633, "yr": 2021, "dt": "2021-07-16T13:45:00", "WOJ": 10, "sev": 3, "c": [ 255, 0, 0, 160 ], "dmg": 1, "sli": 0, "ser": 0, "fat": 1, "row": 3, "mot": -1, "pie": -1, "uto": -1, "uwr": -1 }, "geometry": { "type": "Point", "coordinates": [ 19.607528, 51.107278 ] } },
{ "type": "Feature", "properties": { "ID": 109744156, "yr": 2021, "dt": "2021-01-11T07:00:00", "WOJ": 10, "sev": 3, "c": [ 255, 0, 0, 160 ], "dmg": 1, "sli": 0, "ser": 0, "fat": 1, "row": -1, "mot": -1, "pie": 3, "uto": -1, "uwr": -1 }, "geometry": { "type": "Point", "coordinates": [ 18.711611, 51.584917 ] } },
{ "type": "Feature", "properties": { "ID": 109763138, "yr": 2021, "dt": "2021-01-11T23:22:00", "WOJ": 10, "sev": 3, "c": [ 255, 0, 0, 160 ], "dmg": 1, "sli": 0, "ser": 0, "fat": 1, "row": -1, "mot": -1, "pie": 3, "uto": -1, "uwr": -1 }, "geometry": { "type": "Point", "coordinates": [ 19.3875, 51.105444 ] } },
{ "type": "Feature", "properties": { "ID": 109786408, "yr": 2021, "dt": "2021-01-12T12:20:00", "WOJ": 10, "sev": 3, "c": [ 255, 0, 0, 160 ], "dmg": 0, "sli": 4, "ser": 0, "fat": 2, "row": -1, "mot": -1, "pie": -1, "uto": -1, "uwr": -1 }, "geometry": { "type": "Point", "coordinates": [ 19.878361, 51.211111 ] } },
{ "type": "Feature", "properties": { "ID": 110452276, "yr": 2021, "dt": "2021-08-29T21:16:57", "WOJ": 10, "sev": 3, "c": [ 255, 0, 0, 160 ], "dmg": 1, "sli": 0, "ser": 0, "fat": 1, "row": -1, "mot": -1, "pie": 3, "uto": -1, "uwr": -1 }, "geometry": { "type": "Point", "coordinates": [ 19.4605, 51.410917 ] } },
{ "type": "Feature", "properties": { "ID": 110455028, "yr": 2021, "dt": "2021-08-30T06:53:10", "WOJ": 10, "sev": 3, "c": [ 255, 0, 0, 160 ], "dmg": 2, "sli": 0, "ser": 1, "fat": 1, "row": -1, "mot": -1, "pie": -1, "uto": -1, "uwr": -1 }, "geometry": { "type": "Point", "coordinates": [ 19.749306, 52.166528 ] } },
{ "type": "Feature", "properties": { "ID": 110442005, "yr": 2021, "dt": "2021-08-25T07:40:33", "WOJ": 10, "sev": 3, "c": [ 255, 0, 0, 160 ], "dmg": 0, "sli": 0, "ser": 0, "fat": 1, "row": -1, "mot": -1, "pie": -1, "uto": -1, "uwr": -1 }, "geometry": { "type": "Point", "coordinates": [ 19.563417, 51.41575 ] } },
{ "type": "Feature", "properties": { "ID": 110430322, "yr": 2021, "dt": "2021-08-22T20:10:00", "WOJ": 10, "sev": 3, "c": [ 255, 0, 0, 160 ], "dmg": 0, "sli": 0, "ser": 0, "fat": 1, "row": -1, "mot": 3, "pie": -1, "uto": -1, "uwr": -1 }, "geometry": { "type": "Point", "coordinates": [ 19.363, 52.223806 ] } },
{ "type": "Feature", "properties": { "ID": 110333113, "yr": 2021, "dt": "2021-07-20T03:19:44", "WOJ": 10, "sev": 3, "c": [ 255, 0, 0, 160 ], "dmg": 1, "sli": 0, "ser": 0, "fat": 1, "row": -1, "mot": -1, "pie": -1, "uto": -1, "uwr": -1 }, "geometry": { "type": "Point", "coordinates": [ 19.72075, 51.901694 ] } },
{ "type": "Feature", "properties": { "ID": 110439818, "yr": 2021, "dt": "2021-08-23T16:20:00", "WOJ": 10, "sev": 3, "c": [ 255, 0, 0, 160 ], "dmg": 0, "sli": 2, "ser": 0, "fat": 1, "row": -1, "mot": -1, "pie": -1, "uto": -1, "uwr": -1 }, "geometry": { "type": "Point", "coordinates": [ 20.395083, 51.449806 ] } },
{ "type": "Feature", "properties": { "ID": 110420272, "yr": 2021, "dt": "2021-08-20T13:03:00", "WOJ": 10, "sev": 3, "c": [ 255, 0, 0, 160 ], "dmg": 0, "sli": 1, "ser": 0, "fat": 1, "row": 3, "mot": -1, "pie": -1, "uto": -1, "uwr": -1 }, "geometry": { "type": "Point", "coordinates": [ 19.832111, 51.742083 ] } },
{ "type": "Feature", "properties": { "ID": 110429173, "yr": 2021, "dt": "2021-08-21T12:37:38", "WOJ": 10, "sev": 3, "c": [ 255, 0, 0, 160 ], "dmg": 1, "sli": 0, "ser": 0, "fat": 1, "row": -1, "mot": 3, "pie": -1, "uto": -1, "uwr": -1 }, "geometry": { "type": "Point", "coordinates": [ 19.854222, 51.188694 ] } },
{ "type": "Feature", "properties": { "ID": 110411451, "yr": 2021, "dt": "2021-08-17T16:05:00", "WOJ": 10, "sev": 3, "c": [ 255, 0, 0, 160 ], "dmg": 1, "sli": 0, "ser": 0, "fat": 1, "row": -1, "mot": -1, "pie": -1, "uto": -1, "uwr": -1 }, "geometry": { "type": "Point", "coordinates": [ 19.61925, 51.0135 ] } },
{ "type": "Feature", "properties": { "ID": 110341735, "yr": 2021, "dt": "2021-07-24T06:19:00", "WOJ": 10, "sev": 3, "c": [ 255, 0, 0, 160 ], "dmg": 1, "sli": 2, "ser": 5, "fat": 2, "row": -1, "mot": -1, "pie": -1, "uto": -1, "uwr": -1 }, "geometry": { "type": "Point", "coordinates": [ 19.453083, 51.012 ] } },
{ "type": "Feature", "properties": { "ID": 110438857, "yr": 2021, "dt": "2021-08-23T11:45:00", "WOJ": 10, "sev": 3, "c": [ 255, 0, 0, 160 ], "dmg": 0, "sli": 0, "ser": 0, "fat": 1, "row": -1, "mot": -1, "pie": -1, "uto": -1, "uwr": -1 }, "geometry": { "type": "Point", "coordinates": [ 19.612194, 50.942639 ] } },
{ "type": "Feature", "properties": { "ID": 110410663, "yr": 2021, "dt": "2021-08-14T19:10:00", "WOJ": 10, "sev": 3, "c": [ 255, 0, 0, 160 ], "dmg": 1, "sli": 0, "ser": 0, "fat": 1, "row": -1, "mot": -1, "pie": 3, "uto": -1, "uwr": -1 }, "geometry": { "type": "Point", "coordinates": [ 19.434972, 51.736556 ] } },
{ "type": "Feature", "properties": { "ID": 110377971, "yr": 2021, "dt": "2021-08-10T10:37:00", "WOJ": 10, "sev": 3, "c": [ 255, 0, 0, 160 ], "dmg": 1, "sli": 0, "ser": 0, "fat": 1, "row": -1, "mot": -1, "pie": 3, "uto": -1, "uwr": -1 }, "geometry": { "type": "Point", "coordinates": [ 18.563778, 51.220611 ] } },
{ "type": "Feature", "properties": { "ID": 110367129, "yr": 2021, "dt": "2021-08-06T22:39:04", "WOJ": 10, "sev": 3, "c": [ 255, 0, 0, 160 ], "dmg": 1, "sli": 0, "ser": 0, "fat": 1, "row": -1, "mot": 3, "pie": -1, "uto": -1, "uwr": -1 }, "geometry": { "type": "Point", "coordinates": [ 19.574306, 51.025694 ] } },
{ "type": "Feature", "properties": { "ID": 116754869, "yr": 2021, "dt": "2021-12-30T22:30:00", "WOJ": 10, "sev": 3, "c": [ 255, 0, 0, 160 ], "dmg": 1, "sli": 0, "ser": 0, "fat": 1, "row": -1, "mot": -1, "pie": 3, "uto": -1, "uwr": -1 }, "geometry": { "type": "Point", "coordinates": [ 19.4475, 51.761972 ] } },
{ "type": "Feature", "properties": { "ID": 109705597, "yr": 2021, "dt": "2021-01-02T22:10:56", "WOJ": 10, "sev": 3, "c": [ 255, 0, 0, 160 ], "dmg": 0, "sli": 0, "ser": 4, "fat": 1, "row": -1, "mot": -1, "pie": -1, "uto": -1, "uwr": -1 }, "geometry": { "type": "Point", "coordinates": [ 18.456833, 51.788889 ] } },
{ "type": "Feature", "properties": { "ID": 109710603, "yr": 2021, "dt": "2021-01-05T17:51:09", "WOJ": 10, "sev": 3, "c": [ 255, 0, 0, 160 ], "dmg": 1, "sli": 0, "ser": 0, "fat": 1, "row": -1, "mot": -1, "pie": 3, "uto": -1, "uwr": -1 }, "geometry": { "type": "Point", "coordinates": [ 19.669417, 51.432639 ] } },
{ "type": "Feature", "properties": { "ID": 109719222, "yr": 2021, "dt": "2021-01-07T15:11:18", "WOJ": 10, "sev": 3, "c": [ 255, 0, 0, 160 ], "dmg": 1, "sli": 0, "ser": 0, "fat": 1, "row": -1, "mot": -1, "pie": 3, "uto": -1, "uwr": -1 }, "geometry": { "type": "Point", "coordinates": [ 19.493056, 51.762056 ] } }
]
}
