{
"type": "FeatureCollection",
"name": "accidents_2020_ŁÓDZKIE",
"crs": { "type": "name", "properties": { "name": "urn:ogc:def:crs:OGC:1.3:CRS84" } },
"features": [
{ "type": "Feature", "properties": { "ID": 108530818, "yr": 2020, "dt": "2020-01-04T09:28:00", "WOJ": 10, "sev": 1, "c": [ 255, 255, 0, 160 ], "dmg": 1, "sli": 1, "ser": 0, "fat": 0, "row": -1, "mot": -1, "pie": -1, "uto": -1, "uwr": -1 }, "geometry": { "type": "Point", "coordinates": [ 19.415444, 51.791278 ] } },
{ "type": "Feature", "properties": { "ID": 109100043, "yr": 2020, "dt": "2020-05-30T21:05:00", "WOJ": 10, "sev": 1, "c": [ 255, 255, 0, 160 ], "dmg": 1, "sli": 2, "ser": 0, "fat": 0, "row": -1, "mot": -1, "pie": -1, "uto": -1, "uwr": -1 }, "geometry": { "type": "Point", "coordinates": [ 18.901167, 51.615972 ] } },
{ "type": "Feature", "properties": { "ID": 109696589, "yr": 2020, "dt": "2020-12-28T19:40:13", "WOJ": 10, "sev": 1, "c": [ 255, 255, 0, 160 ], "dmg": 1, "sli": 1, "ser": 0, "fat": 0, "row": -1, "mot": -1, "pie": -1, "uto": -1, "uwr": -1 }, "geometry": { "type": "Point", "coordinates": [ 19.857222, 51.180556 ] } },
{ "type": "Feature", "properties": { "ID": 109697412, "yr": 2020, "dt": "2020-12-28T16:56:00", "WOJ": 10, "sev": 1, "c": [ 255, 255, 0, 160 ], "dmg": 1, "sli": 1, "ser": 0, "fat": 0, "row": -1, "mot": -1, "pie": 1, "uto": -1, "uwr": -1 }, "geometry": { "type": "Point", "coordinates": [ 20.119472, 51.776111 ] } },
{ "type": "Feature", "properties": { "ID": 109261027, "yr": 2020, "dt": "2020-07-05T04:46:00", "WOJ": 10, "sev": 1, "c": [ 255, 255, 0, 160 ], "dmg": 1, "sli": 1, "ser": 0, "fat": 0, "row": -1, "mot": -1, "pie": -1, "uto": -1, "uwr": -1 }, "geometry": { "type": "Point", "coordinates": [ 19.454861, 51.75 ] } },
{ "type": "Feature", "properties": { "ID": 109097525, "yr": 2020, "dt": "2020-05-30T14:06:00", "WOJ": 10, "sev": 1, "c": [ 255, 255, 0, 160 ], "dmg": 1, "sli": 1, "ser": 0, "fat": 0, "row": -1, "mot": -1, "pie": -1, "uto": -1, "uwr": -1 }, "geometry": { "type": "Point", "coordinates": [ 19.454083, 51.759056 ] } },
{ "type": "Feature", "properties": { "ID": 109099886, "yr": 2020, "dt": "2020-05-30T14:00:00", "WOJ": 10, "sev": 1, "c": [ 255, 255, 0, 160 ], "dmg": 0, "sli": 2, "ser": 0, "fat": 0, "row": -1, "mot": -1, "pie": -1, "uto": -1, "uwr": -1 }, "geometry": { "type": "Point", "coordinates": [ 19.125611, 51.79025 ] } },
{ "type": "Feature", "properties": { "ID": 109699697, "yr": 2020, "dt": "2020-12-29T14:04:19", "WOJ": 10, "sev": 1, "c": [ 255, 255, 0, 160 ], "dmg": 1, "sli": 1, "ser": 0, "fat": 0, "row": -1, "mot": -1, "pie": 1, "uto": -1, "uwr": -1 }, "geometry": { "type": "Point", "coordinates": [ 19.335611, 51.659889 ] } },
{ "type": "Feature", "properties": { "ID": 109100430, "yr": 2020, "dt": "2020-05-31T15:42:00", "WOJ": 10, "sev": 1, "c": [ 255, 255, 0, 160 ], "dmg": 1, "sli": 1, "ser": 0, "fat": 0, "row": 1, "mot": -1, "pie": -1, "uto": -1, "uwr": -1 }, "geometry": { "type": "Point", "coordinates": [ 19.420083, 51.769194 ] } },
{ "type": "Feature", "properties": { "ID": 109331985, "yr": 2020, "dt": "2020-08-07T09:39:00", "WOJ": 10, "sev": 1, "c": [ 255, 255, 0, 160 ], "dmg": 1, "sli": 1, "ser": 0, "fat": 0, "row": -1, "mot": -1, "pie": 1, "uto": -1, "uwr": -1 }, "geometry": { "type": "Point", "coordinates": [ 19.526667, 51.760278 ] } },
{ "type": "Feature", "properties": { "ID": 109699951, "yr": 2020, "dt": "2020-12-29T23:08:00", "WOJ": 10, "sev": 1, "c": [ 255, 255, 0, 160 ], "dmg": 0, "sli": 1, "ser": 0, "fat": 0, "row": -1, "mot": -1, "pie": -1, "uto": -1, "uwr": -1 }, "geometry": { "type": "Point", "coordinates": [ 19.721806, 51.458389 ] } },
{ "type": "Feature", "properties": { "ID": 109101652, "yr": 2020, "dt": "2020-05-31T18:00:00", "WOJ": 10, "sev": 1, "c": [ 255, 255, 0, 160 ], "dmg": 1, "sli": 1, "ser": 0, "fat": 0, "row": -1, "mot": -1, "pie": -1, "uto": -1, "uwr": -1 }, "geometry": { "type": "Point", "coordinates": [ 19.346972, 51.922694 ] } },
{ "type": "Feature", "properties": { "ID": 109701196, "yr": 2020, "dt": "2020-12-30T10:38:12", "WOJ": 10, "sev": 1, "c": [ 255, 255, 0, 160 ], "dmg": 1, "sli": 1, "ser": 0, "fat": 0, "row": -1, "mot": -1, "pie": 1, "uto": -1, "uwr": -1 }, "geometry": { "type": "Point", "coordinates": [ 19.46275, 51.775389 ] } },
{ "type": "Feature", "properties": { "ID": 109701270, "yr": 2020, "dt": "2020-12-30T11:31:23", "WOJ": 10, "sev": 1, "c": [ 255, 255, 0, 160 ], "dmg": 0, "sli": 2, "ser": 0, "fat": 0, "row": -1, "mot": -1, "pie": -1, "uto": -1, "uwr": -1 }, "geometry": { "type": "Point", "coordinates": [ 19.551722, 51.712389 ] } },
{ "type": "Feature", "properties": { "ID": 109313790, "yr": 2020, "dt": "2020-07-28T21:14:00", "WOJ": 10, "sev": 1, "c": [ 255, 255, 0, 160 ], "dmg": 1, "sli": 1, "ser": 0, "fat": 0, "row": -1, "mot": -1, "pie": -1, "uto": -1, "uwr": -1 }, "geometry": { "type": "Point", "coordinates": [ 19.501778, 51.04275 ] } },
{ "type": "Feature", "properties": { "ID": 108537492, "yr": 2020, "dt": "2020-01-07T06:40:00", "WOJ": 10, "sev": 1, "c": [ 255, 255, 0, 160 ], "dmg": 2, "sli": 1, "ser": 0, "fat": 0, "row": -1, "mot": -1, "pie": -1, "uto": -1, "uwr": -1 }, "geometry": { "type": "Point", "coordinates": [ 19.490583, 51.215333 ] } },
{ "type": "Feature", "properties": { "ID": 109696054, "yr": 2020, "dt": "2020-12-28T06:35:00", "WOJ": 10, "sev": 1, "c": [ 255, 255, 0, 160 ], "dmg": 1, "sli": 1, "ser": 0, "fat": 0, "row": -1, "mot": -1, "pie": -1, "uto": -1, "uwr": -1 }, "geometry": { "type": "Point", "coordinates": [ 20.514333, 51.800611 ] } },
{ "type": "Feature", "properties": { "ID": 108526916, "yr": 2020, "dt": "2020-01-01T21:10:00", "WOJ": 10, "sev": 1, "c": [ 255, 255, 0, 160 ], "dmg": 1, "sli": 2, "ser": 0, "fat": 0, "row": -1, "mot": -1, "pie": -1, "uto": -1, "uwr": -1 }, "geometry": { "type": "Point", "coordinates": [ 19.443389, 51.070694 ] } },
{ "type": "Feature", "properties": { "ID": 108526800, "yr": 2020, "dt": "2020-01-01T15:45:00", "WOJ": 10, "sev": 1, "c": [ 255, 255, 0, 160 ], "dmg": 1, "sli": 1, "ser": 0, "fat": 0, "row": -1, "mot": -1, "pie": -1, "uto": -1, "uwr": -1 }, "geometry": { "type": "Point", "coordinates": [ 19.659306, 51.197806 ] } },
{ "type": "Feature", "properties": { "ID": 108526566, "yr": 2020, "dt": "2020-01-01T04:45:00", "WOJ": 10, "sev": 1, "c": [ 255, 255, 0, 160 ], "dmg": 0, "sli": 1, "ser": 0, "fat": 0, "row": -1, "mot": -1, "pie": -1, "uto": -1, "uwr": -1 }, "geometry": { "type": "Point", "coordinates": [ 19.501944, 51.361694 ] } },
{ "type": "Feature", "properties": { "ID": 108526871, "yr": 2020, "dt": "2020-01-01T16:15:00", "WOJ": 10, "sev": 1, "c": [ 255, 255, 0, 160 ], "dmg": 1, "sli": 1, "ser": 0, "fat": 0, "row": -1, "mot": -1, "pie": 1, "uto": -1, "uwr": -1 }, "geometry": { "type": "Point", "coordinates": [ 19.413972, 51.867083 ] } },
{ "type": "Feature", "properties": { "ID": 109313749, "yr": 2020, "dt": "2020-07-28T20:35:00", "WOJ": 10, "sev": 1, "c": [ 255, 255, 0, 160 ], "dmg": 1, "sli": 1, "ser": 0, "fat": 0, "row": 1, "mot": -1, "pie": -1, "uto": -1, "uwr": -1 }, "geometry": { "type": "Point", "coordinates": [ 19.381222, 52.232472 ] } },
{ "type": "Feature", "properties": { "ID": 108526541, "yr": 2020, "dt": "2020-01-01T06:07:00", "WOJ": 10, "sev": 1, "c": [ 255, 255, 0, 160 ], "dmg": 1, "sli": 1, "ser": 0, "fat": 0, "row": -1, "mot": -1, "pie": -1, "uto": -1, "uwr": -1 }, "geometry": { "type": "Point", "coordinates": [ 19.362611, 52.231972 ] } },
{ "type": "Feature", "properties": { "ID": 108528746, "yr": 2020, "dt": "2020-01-02T16:10:00", "WOJ": 10, "sev": 1, "c": [ 255, 255, 0, 160 ], "dmg": 1, "sli": 2, "ser": 0, "fat": 0, "row": -1, "mot": -1, "pie": -1, "uto": -1, "uwr": -1 }, "geometry": { "type": "Point", "coordinates": [ 19.478639, 51.696972 ] } },
{ "type": "Feature", "properties": { "ID": 108528713, "yr": 2020, "dt": "2020-01-02T19:18:00", "WOJ": 10, "sev": 1, "c": [ 255, 255, 0, 160 ], "dmg": 2, "sli": 1, "ser": 0, "fat": 0, "row": -1, "mot": -1, "pie": 0, "uto": -1, "uwr": -1 }, "geometry": { "type": "Point", "coordinates": [ 19.480917, 51.762583 ] } },
{ "type": "Feature", "properties": { "ID": 108528322, "yr": 2020, "dt": "2020-01-02T16:30:00", "WOJ": 10, "sev": 1, "c": [ 255, 255, 0, 160 ], "dmg": 1, "sli": 1, "ser": 0, "fat": 0, "row": -1, "mot": -1, "pie": -1, "uto": -1, "uwr": -1 }, "geometry": { "type": "Point", "coordinates": [ 19.375833, 51.079472 ] } },
{ "type": "Feature", "properties": { "ID": 108528286, "yr": 2020, "dt": "2020-01-02T19:59:00", "WOJ": 10, "sev": 1, "c": [ 255, 255, 0, 160 ], "dmg": 1, "sli": 1, "ser": 0, "fat": 0, "row": -1, "mot": -1, "pie": -1, "uto": -1, "uwr": -1 }, "geometry": { "type": "Point", "coordinates": [ 19.439167, 51.776639 ] } },
{ "type": "Feature", "properties": { "ID": 108529029, "yr": 2020, "dt": "2020-01-03T10:20:00", "WOJ": 10, "sev": 1, "c": [ 255, 255, 0, 160 ], "dmg": 1, "sli": 1, "ser": 0, "fat": 0, "row": -1, "mot": -1, "pie": 1, "uto": -1, "uwr": -1 }, "geometry": { "type": "Point", "coordinates": [ 19.423028, 51.853583 ] } },
{ "type": "Feature", "properties": { "ID": 108529138, "yr": 2020, "dt": "2020-01-03T15:25:00", "WOJ": 10, "sev": 1, "c": [ 255, 255, 0, 160 ], "dmg": 1, "sli": 1, "ser": 0, "fat": 0, "row": -1, "mot": -1, "pie": -1, "uto": -1, "uwr": -1 }, "geometry": { "type": "Point", "coordinates": [ 18.791889, 51.968556 ] } },
{ "type": "Feature", "properties": { "ID": 108529858, "yr": 2020, "dt": "2020-01-03T12:20:00", "WOJ": 10, "sev": 1, "c": [ 255, 255, 0, 160 ], "dmg": 1, "sli": 1, "ser": 0, "fat": 0, "row": -1, "mot": -1, "pie": -1, "uto": -1, "uwr": -1 }, "geometry": { "type": "Point", "coordinates": [ 19.364694, 52.237833 ] } },
{ "type": "Feature", "properties": { "ID": 109139796, "yr": 2020, "dt": "2020-06-01T17:00:00", "WOJ": 10, "sev": 1, "c": [ 255, 255, 0, 160 ], "dmg": 1, "sli": 1, "ser": 0, "fat": 0, "row": 1, "mot": -1, "pie": -1, "uto": -1, "uwr": -1 }, "geometry": { "type": "Point", "coordinates": [ 20.061944, 51.563972 ] } },
{ "type": "Feature", "properties": { "ID": 109702695, "yr": 2020, "dt": "2020-12-31T15:51:19", "WOJ": 10, "sev": 1, "c": [ 255, 255, 0, 160 ], "dmg": 0, "sli": 7, "ser": 0, "fat": 0, "row": -1, "mot": -1, "pie": -1, "uto": -1, "uwr": -1 }, "geometry": { "type": "Point", "coordinates": [ 19.481722, 51.206056 ] } },
{ "type": "Feature", "properties": { "ID": 108540054, "yr": 2020, "dt": "2020-01-07T18:07:00", "WOJ": 10, "sev": 1, "c": [ 255, 255, 0, 160 ], "dmg": 1, "sli": 1, "ser": 0, "fat": 0, "row": -1, "mot": -1, "pie": 1, "uto": -1, "uwr": -1 }, "geometry": { "type": "Point", "coordinates": [ 19.395667, 51.860528 ] } },
{ "type": "Feature", "properties": { "ID": 108533396, "yr": 2020, "dt": "2020-01-07T20:53:00", "WOJ": 10, "sev": 1, "c": [ 255, 255, 0, 160 ], "dmg": 1, "sli": 1, "ser": 0, "fat": 0, "row": -1, "mot": -1, "pie": -1, "uto": -1, "uwr": -1 }, "geometry": { "type": "Point", "coordinates": [ 19.474028, 51.713833 ] } },
{ "type": "Feature", "properties": { "ID": 108539907, "yr": 2020, "dt": "2020-01-07T15:00:00", "WOJ": 10, "sev": 1, "c": [ 255, 255, 0, 160 ], "dmg": 1, "sli": 4, "ser": 0, "fat": 0, "row": -1, "mot": -1, "pie": -1, "uto": -1, "uwr": -1 }, "geometry": { "type": "Point", "coordinates": [ 19.451556, 51.081778 ] } },
{ "type": "Feature", "properties": { "ID": 109104732, "yr": 2020, "dt": "2020-06-01T10:10:00", "WOJ": 10, "sev": 1, "c": [ 255, 255, 0, 160 ], "dmg": 1, "sli": 1, "ser": 0, "fat": 0, "row": -1, "mot": -1, "pie": 1, "uto": -1, "uwr": -1 }, "geometry": { "type": "Point", "coordinates": [ 19.703833, 51.40825 ] } },
{ "type": "Feature", "properties": { "ID": 108547934, "yr": 2020, "dt": "2020-01-08T19:21:00", "WOJ": 10, "sev": 1, "c": [ 255, 255, 0, 160 ], "dmg": 1, "sli": 1, "ser": 0, "fat": 0, "row": -1, "mot": -1, "pie": -1, "uto": -1, "uwr": -1 }, "geometry": { "type": "Point", "coordinates": [ 19.423444, 51.755528 ] } },
{ "type": "Feature", "properties": { "ID": 108546596, "yr": 2020, "dt": "2020-01-08T11:05:00", "WOJ": 10, "sev": 1, "c": [ 255, 255, 0, 160 ], "dmg": 3, "sli": 1, "ser": 0, "fat": 0, "row": -1, "mot": -1, "pie": -1, "uto": -1, "uwr": -1 }, "geometry": { "type": "Point", "coordinates": [ 19.663611, 51.462139 ] } },
{ "type": "Feature", "properties": { "ID": 108547983, "yr": 2020, "dt": "2020-01-08T18:43:00", "WOJ": 10, "sev": 1, "c": [ 255, 255, 0, 160 ], "dmg": 2, "sli": 1, "ser": 0, "fat": 0, "row": -1, "mot": -1, "pie": -1, "uto": -1, "uwr": -1 }, "geometry": { "type": "Point", "coordinates": [ 19.487278, 51.791028 ] } },
{ "type": "Feature", "properties": { "ID": 108548486, "yr": 2020, "dt": "2020-01-08T18:20:00", "WOJ": 10, "sev": 1, "c": [ 255, 255, 0, 160 ], "dmg": 1, "sli": 1, "ser": 0, "fat": 0, "row": -1, "mot": -1, "pie": 1, "uto": -1, "uwr": -1 }, "geometry": { "type": "Point", "coordinates": [ 19.3065, 51.818667 ] } },
{ "type": "Feature", "properties": { "ID": 108544821, "yr": 2020, "dt": "2020-01-08T18:45:00", "WOJ": 10, "sev": 1, "c": [ 255, 255, 0, 160 ], "dmg": 1, "sli": 1, "ser": 0, "fat": 0, "row": -1, "mot": -1, "pie": 1, "uto": -1, "uwr": -1 }, "geometry": { "type": "Point", "coordinates": [ 19.424417, 51.852611 ] } },
{ "type": "Feature", "properties": { "ID": 108543576, "yr": 2020, "dt": "2020-01-08T08:36:00", "WOJ": 10, "sev": 1, "c": [ 255, 255, 0, 160 ], "dmg": 1, "sli": 1, "ser": 0, "fat": 0, "row": -1, "mot": -1, "pie": -1, "uto": -1, "uwr": -1 }, "geometry": { "type": "Point", "coordinates": [ 19.480417, 51.725417 ] } },
{ "type": "Feature", "properties": { "ID": 108553877, "yr": 2020, "dt": "2020-01-08T07:30:00", "WOJ": 10, "sev": 1, "c": [ 255, 255, 0, 160 ], "dmg": 1, "sli": 1, "ser": 0, "fat": 0, "row": 1, "mot": -1, "pie": -1, "uto": -1, "uwr": -1 }, "geometry": { "type": "Point", "coordinates": [ 19.459278, 51.805556 ] } },
{ "type": "Feature", "properties": { "ID": 108544808, "yr": 2020, "dt": "2020-01-08T21:03:00", "WOJ": 10, "sev": 1, "c": [ 255, 255, 0, 160 ], "dmg": 2, "sli": 1, "ser": 0, "fat": 0, "row": -1, "mot": -1, "pie": -1, "uto": -1, "uwr": -1 }, "geometry": { "type": "Point", "coordinates": [ 19.459778, 51.78675 ] } },
{ "type": "Feature", "properties": { "ID": 108544829, "yr": 2020, "dt": "2020-01-08T22:20:00", "WOJ": 10, "sev": 1, "c": [ 255, 255, 0, 160 ], "dmg": 1, "sli": 1, "ser": 0, "fat": 0, "row": -1, "mot": -1, "pie": -1, "uto": -1, "uwr": -1 }, "geometry": { "type": "Point", "coordinates": [ 19.393722, 51.463028 ] } },
{ "type": "Feature", "properties": { "ID": 108548065, "yr": 2020, "dt": "2020-01-08T19:27:00", "WOJ": 10, "sev": 1, "c": [ 255, 255, 0, 160 ], "dmg": 1, "sli": 1, "ser": 0, "fat": 0, "row": 0, "mot": -1, "pie": -1, "uto": -1, "uwr": -1 }, "geometry": { "type": "Point", "coordinates": [ 19.882167, 51.705611 ] } },
{ "type": "Feature", "properties": { "ID": 109102590, "yr": 2020, "dt": "2020-06-01T01:00:00", "WOJ": 10, "sev": 1, "c": [ 255, 255, 0, 160 ], "dmg": 1, "sli": 1, "ser": 0, "fat": 0, "row": 1, "mot": -1, "pie": -1, "uto": -1, "uwr": -1 }, "geometry": { "type": "Point", "coordinates": [ 19.257028, 52.276972 ] } },
{ "type": "Feature", "properties": { "ID": 108550249, "yr": 2020, "dt": "2020-01-09T11:48:00", "WOJ": 10, "sev": 1, "c": [ 255, 255, 0, 160 ], "dmg": 0, "sli": 2, "ser": 0, "fat": 0, "row": -1, "mot": -1, "pie": -1, "uto": -1, "uwr": -1 }, "geometry": { "type": "Point", "coordinates": [ 19.512611, 51.751139 ] } },
{ "type": "Feature", "properties": { "ID": 108549811, "yr": 2020, "dt": "2020-01-09T05:15:00", "WOJ": 10, "sev": 1, "c": [ 255, 255, 0, 160 ], "dmg": 1, "sli": 1, "ser": 0, "fat": 0, "row": 1, "mot": -1, "pie": -1, "uto": -1, "uwr": -1 }, "geometry": { "type": "Point", "coordinates": [ 19.575667, 51.262556 ] } },
{ "type": "Feature", "properties": { "ID": 108544833, "yr": 2020, "dt": "2020-01-09T00:50:00", "WOJ": 10, "sev": 1, "c": [ 255, 255, 0, 160 ], "dmg": 1, "sli": 2, "ser": 0, "fat": 0, "row": -1, "mot": -1, "pie": -1, "uto": -1, "uwr": -1 }, "geometry": { "type": "Point", "coordinates": [ 19.695333, 51.374722 ] } },
{ "type": "Feature", "properties": { "ID": 109105657, "yr": 2020, "dt": "2020-06-01T08:50:00", "WOJ": 10, "sev": 1, "c": [ 255, 255, 0, 160 ], "dmg": 2, "sli": 1, "ser": 0, "fat": 0, "row": -1, "mot": -1, "pie": -1, "uto": -1, "uwr": -1 }, "geometry": { "type": "Point", "coordinates": [ 20.006083, 51.364 ] } },
{ "type": "Feature", "properties": { "ID": 109298559, "yr": 2020, "dt": "2020-07-22T10:52:00", "WOJ": 10, "sev": 1, "c": [ 255, 255, 0, 160 ], "dmg": 1, "sli": 1, "ser": 0, "fat": 0, "row": -1, "mot": 1, "pie": -1, "uto": -1, "uwr": -1 }, "geometry": { "type": "Point", "coordinates": [ 19.471944, 51.7635 ] } },
{ "type": "Feature", "properties": { "ID": 109102030, "yr": 2020, "dt": "2020-06-01T06:00:00", "WOJ": 10, "sev": 1, "c": [ 255, 255, 0, 160 ], "dmg": 1, "sli": 1, "ser": 0, "fat": 0, "row": 1, "mot": -1, "pie": -1, "uto": -1, "uwr": -1 }, "geometry": { "type": "Point", "coordinates": [ 19.445167, 51.044972 ] } },
{ "type": "Feature", "properties": { "ID": 108553051, "yr": 2020, "dt": "2020-01-10T10:00:00", "WOJ": 10, "sev": 1, "c": [ 255, 255, 0, 160 ], "dmg": 2, "sli": 1, "ser": 0, "fat": 0, "row": -1, "mot": -1, "pie": -1, "uto": -1, "uwr": -1 }, "geometry": { "type": "Point", "coordinates": [ 19.315389, 52.227667 ] } },
{ "type": "Feature", "properties": { "ID": 108551775, "yr": 2020, "dt": "2020-01-10T07:52:00", "WOJ": 10, "sev": 1, "c": [ 255, 255, 0, 160 ], "dmg": 1, "sli": 1, "ser": 0, "fat": 0, "row": -1, "mot": -1, "pie": -1, "uto": -1, "uwr": -1 }, "geometry": { "type": "Point", "coordinates": [ 19.518722, 51.775167 ] } },
{ "type": "Feature", "properties": { "ID": 108553466, "yr": 2020, "dt": "2020-01-10T10:00:00", "WOJ": 10, "sev": 1, "c": [ 255, 255, 0, 160 ], "dmg": 3, "sli": 2, "ser": 0, "fat": 0, "row": -1, "mot": -1, "pie": -1, "uto": -1, "uwr": -1 }, "geometry": { "type": "Point", "coordinates": [ 19.738944, 51.444 ] } },
{ "type": "Feature", "properties": { "ID": 108553756, "yr": 2020, "dt": "2020-01-10T14:11:00", "WOJ": 10, "sev": 1, "c": [ 255, 255, 0, 160 ], "dmg": 1, "sli": 1, "ser": 0, "fat": 0, "row": -1, "mot": -1, "pie": -1, "uto": -1, "uwr": -1 }, "geometry": { "type": "Point", "coordinates": [ 19.849139, 51.791278 ] } },
{ "type": "Feature", "properties": { "ID": 108553736, "yr": 2020, "dt": "2020-01-10T15:06:00", "WOJ": 10, "sev": 1, "c": [ 255, 255, 0, 160 ], "dmg": 1, "sli": 1, "ser": 0, "fat": 0, "row": 1, "mot": -1, "pie": -1, "uto": -1, "uwr": -1 }, "geometry": { "type": "Point", "coordinates": [ 20.153694, 51.974417 ] } },
{ "type": "Feature", "properties": { "ID": 109104741, "yr": 2020, "dt": "2020-06-01T14:36:00", "WOJ": 10, "sev": 1, "c": [ 255, 255, 0, 160 ], "dmg": 1, "sli": 1, "ser": 0, "fat": 0, "row": -1, "mot": -1, "pie": -1, "uto": -1, "uwr": -1 }, "geometry": { "type": "Point", "coordinates": [ 19.47975, 51.729528 ] } },
{ "type": "Feature", "properties": { "ID": 109104652, "yr": 2020, "dt": "2020-06-01T09:50:00", "WOJ": 10, "sev": 1, "c": [ 255, 255, 0, 160 ], "dmg": 1, "sli": 1, "ser": 0, "fat": 0, "row": -1, "mot": -1, "pie": 1, "uto": -1, "uwr": -1 }, "geometry": { "type": "Point", "coordinates": [ 19.31225, 51.817167 ] } },
{ "type": "Feature", "properties": { "ID": 108553445, "yr": 2020, "dt": "2020-01-10T12:45:00", "WOJ": 10, "sev": 1, "c": [ 255, 255, 0, 160 ], "dmg": 2, "sli": 1, "ser": 0, "fat": 0, "row": -1, "mot": -1, "pie": -1, "uto": -1, "uwr": -1 }, "geometry": { "type": "Point", "coordinates": [ 19.020639, 51.117667 ] } },
{ "type": "Feature", "properties": { "ID": 108551986, "yr": 2020, "dt": "2020-01-10T13:48:00", "WOJ": 10, "sev": 1, "c": [ 255, 255, 0, 160 ], "dmg": 1, "sli": 1, "ser": 0, "fat": 0, "row": -1, "mot": -1, "pie": -1, "uto": -1, "uwr": -1 }, "geometry": { "type": "Point", "coordinates": [ 19.495056, 51.727972 ] } },
{ "type": "Feature", "properties": { "ID": 108553971, "yr": 2020, "dt": "2020-01-10T16:30:00", "WOJ": 10, "sev": 1, "c": [ 255, 255, 0, 160 ], "dmg": 1, "sli": 1, "ser": 0, "fat": 0, "row": -1, "mot": -1, "pie": -1, "uto": -1, "uwr": -1 }, "geometry": { "type": "Point", "coordinates": [ 20.366667, 51.283306 ] } },
{ "type": "Feature", "properties": { "ID": 108559239, "yr": 2020, "dt": "2020-01-10T17:20:00", "WOJ": 10, "sev": 1, "c": [ 255, 255, 0, 160 ], "dmg": 1, "sli": 1, "ser": 0, "fat": 0, "row": 1, "mot": -1, "pie": -1, "uto": -1, "uwr": -1 }, "geometry": { "type": "Point", "coordinates": [ 19.930806, 51.547972 ] } },
{ "type": "Feature", "properties": { "ID": 108556531, "yr": 2020, "dt": "2020-01-11T19:32:00", "WOJ": 10, "sev": 1, "c": [ 255, 255, 0, 160 ], "dmg": 1, "sli": 1, "ser": 0, "fat": 0, "row": -1, "mot": -1, "pie": 1, "uto": -1, "uwr": -1 }, "geometry": { "type": "Point", "coordinates": [ 20.256722, 51.763972 ] } },
{ "type": "Feature", "properties": { "ID": 108554392, "yr": 2020, "dt": "2020-01-11T09:05:00", "WOJ": 10, "sev": 1, "c": [ 255, 255, 0, 160 ], "dmg": 1, "sli": 1, "ser": 0, "fat": 0, "row": -1, "mot": -1, "pie": 1, "uto": -1, "uwr": -1 }, "geometry": { "type": "Point", "coordinates": [ 18.947222, 51.596583 ] } },
{ "type": "Feature", "properties": { "ID": 109108558, "yr": 2020, "dt": "2020-06-02T17:50:00", "WOJ": 10, "sev": 1, "c": [ 255, 255, 0, 160 ], "dmg": 1, "sli": 4, "ser": 0, "fat": 0, "row": -1, "mot": -1, "pie": -1, "uto": -1, "uwr": -1 }, "geometry": { "type": "Point", "coordinates": [ 19.649694, 51.489611 ] } },
{ "type": "Feature", "properties": { "ID": 108556504, "yr": 2020, "dt": "2020-01-11T16:50:00", "WOJ": 10, "sev": 1, "c": [ 255, 255, 0, 160 ], "dmg": 1, "sli": 2, "ser": 0, "fat": 0, "row": -1, "mot": -1, "pie": -1, "uto": -1, "uwr": -1 }, "geometry": { "type": "Point", "coordinates": [ 19.694139, 51.350278 ] } },
{ "type": "Feature", "properties": { "ID": 109108387, "yr": 2020, "dt": "2020-06-02T18:37:00", "WOJ": 10, "sev": 1, "c": [ 255, 255, 0, 160 ], "dmg": 1, "sli": 1, "ser": 0, "fat": 0, "row": -1, "mot": -1, "pie": -1, "uto": -1, "uwr": -1 }, "geometry": { "type": "Point", "coordinates": [ 19.443278, 51.756833 ] } },
{ "type": "Feature", "properties": { "ID": 108555943, "yr": 2020, "dt": "2020-01-11T20:45:00", "WOJ": 10, "sev": 1, "c": [ 255, 255, 0, 160 ], "dmg": 1, "sli": 2, "ser": 0, "fat": 0, "row": -1, "mot": -1, "pie": -1, "uto": -1, "uwr": -1 }, "geometry": { "type": "Point", "coordinates": [ 18.895861, 51.770306 ] } },
{ "type": "Feature", "properties": { "ID": 109260190, "yr": 2020, "dt": "2020-07-05T10:45:00", "WOJ": 10, "sev": 1, "c": [ 255, 255, 0, 160 ], "dmg": 1, "sli": 1, "ser": 0, "fat": 0, "row": -1, "mot": -1, "pie": 1, "uto": -1, "uwr": -1 }, "geometry": { "type": "Point", "coordinates": [ 19.475111, 51.730472 ] } },
{ "type": "Feature", "properties": { "ID": 108558778, "yr": 2020, "dt": "2020-01-12T19:37:00", "WOJ": 10, "sev": 1, "c": [ 255, 255, 0, 160 ], "dmg": 1, "sli": 1, "ser": 0, "fat": 0, "row": -1, "mot": -1, "pie": -1, "uto": -1, "uwr": -1 }, "geometry": { "type": "Point", "coordinates": [ 19.462361, 51.775333 ] } },
{ "type": "Feature", "properties": { "ID": 109333637, "yr": 2020, "dt": "2020-08-07T17:18:00", "WOJ": 10, "sev": 1, "c": [ 255, 255, 0, 160 ], "dmg": 1, "sli": 1, "ser": 0, "fat": 0, "row": -1, "mot": -1, "pie": -1, "uto": -1, "uwr": -1 }, "geometry": { "type": "Point", "coordinates": [ 19.741917, 51.796861 ] } },
{ "type": "Feature", "properties": { "ID": 109108156, "yr": 2020, "dt": "2020-06-02T11:30:00", "WOJ": 10, "sev": 1, "c": [ 255, 255, 0, 160 ], "dmg": 1, "sli": 1, "ser": 0, "fat": 0, "row": 1, "mot": -1, "pie": -1, "uto": -1, "uwr": -1 }, "geometry": { "type": "Point", "coordinates": [ 19.470861, 51.876306 ] } },
{ "type": "Feature", "properties": { "ID": 109108275, "yr": 2020, "dt": "2020-06-02T14:00:00", "WOJ": 10, "sev": 1, "c": [ 255, 255, 0, 160 ], "dmg": 1, "sli": 1, "ser": 0, "fat": 0, "row": 0, "mot": -1, "pie": 1, "uto": -1, "uwr": -1 }, "geometry": { "type": "Point", "coordinates": [ 19.112889, 51.331222 ] } },
{ "type": "Feature", "properties": { "ID": 109108526, "yr": 2020, "dt": "2020-06-02T15:49:00", "WOJ": 10, "sev": 1, "c": [ 255, 255, 0, 160 ], "dmg": 2, "sli": 1, "ser": 0, "fat": 0, "row": -1, "mot": -1, "pie": -1, "uto": -1, "uwr": -1 }, "geometry": { "type": "Point", "coordinates": [ 20.011028, 51.529861 ] } },
{ "type": "Feature", "properties": { "ID": 109111323, "yr": 2020, "dt": "2020-06-03T11:38:00", "WOJ": 10, "sev": 1, "c": [ 255, 255, 0, 160 ], "dmg": 1, "sli": 1, "ser": 0, "fat": 0, "row": -1, "mot": -1, "pie": -1, "uto": -1, "uwr": -1 }, "geometry": { "type": "Point", "coordinates": [ 19.347556, 52.231778 ] } },
{ "type": "Feature", "properties": { "ID": 109114775, "yr": 2020, "dt": "2020-06-03T17:45:00", "WOJ": 10, "sev": 1, "c": [ 255, 255, 0, 160 ], "dmg": 1, "sli": 1, "ser": 0, "fat": 0, "row": -1, "mot": -1, "pie": -1, "uto": -1, "uwr": -1 }, "geometry": { "type": "Point", "coordinates": [ 19.953472, 51.498056 ] } },
{ "type": "Feature", "properties": { "ID": 108566536, "yr": 2020, "dt": "2020-01-14T07:02:00", "WOJ": 10, "sev": 1, "c": [ 255, 255, 0, 160 ], "dmg": 1, "sli": 1, "ser": 0, "fat": 0, "row": 1, "mot": -1, "pie": -1, "uto": -1, "uwr": -1 }, "geometry": { "type": "Point", "coordinates": [ 20.052028, 51.95175 ] } },
{ "type": "Feature", "properties": { "ID": 108565912, "yr": 2020, "dt": "2020-01-14T08:57:00", "WOJ": 10, "sev": 1, "c": [ 255, 255, 0, 160 ], "dmg": 1, "sli": 1, "ser": 0, "fat": 0, "row": 1, "mot": -1, "pie": -1, "uto": -1, "uwr": -1 }, "geometry": { "type": "Point", "coordinates": [ 19.8335, 51.726611 ] } },
{ "type": "Feature", "properties": { "ID": 108565559, "yr": 2020, "dt": "2020-01-14T07:36:00", "WOJ": 10, "sev": 1, "c": [ 255, 255, 0, 160 ], "dmg": 1, "sli": 1, "ser": 0, "fat": 0, "row": -1, "mot": -1, "pie": -1, "uto": -1, "uwr": -1 }, "geometry": { "type": "Point", "coordinates": [ 19.460722, 51.800722 ] } },
{ "type": "Feature", "properties": { "ID": 109261571, "yr": 2020, "dt": "2020-07-05T05:40:00", "WOJ": 10, "sev": 1, "c": [ 255, 255, 0, 160 ], "dmg": 0, "sli": 1, "ser": 0, "fat": 0, "row": -1, "mot": -1, "pie": -1, "uto": -1, "uwr": -1 }, "geometry": { "type": "Point", "coordinates": [ 19.256889, 51.344389 ] } },
{ "type": "Feature", "properties": { "ID": 109111524, "yr": 2020, "dt": "2020-06-03T15:40:00", "WOJ": 10, "sev": 1, "c": [ 255, 255, 0, 160 ], "dmg": 1, "sli": 1, "ser": 0, "fat": 0, "row": 1, "mot": -1, "pie": -1, "uto": -1, "uwr": -1 }, "geometry": { "type": "Point", "coordinates": [ 20.001222, 51.534056 ] } },
{ "type": "Feature", "properties": { "ID": 108566434, "yr": 2020, "dt": "2020-01-14T18:25:00", "WOJ": 10, "sev": 1, "c": [ 255, 255, 0, 160 ], "dmg": 1, "sli": 1, "ser": 0, "fat": 0, "row": -1, "mot": -1, "pie": 1, "uto": -1, "uwr": -1 }, "geometry": { "type": "Point", "coordinates": [ 19.782, 51.993639 ] } },
{ "type": "Feature", "properties": { "ID": 109300235, "yr": 2020, "dt": "2020-07-22T23:43:00", "WOJ": 10, "sev": 1, "c": [ 255, 255, 0, 160 ], "dmg": 1, "sli": 1, "ser": 0, "fat": 0, "row": -1, "mot": -1, "pie": -1, "uto": -1, "uwr": -1 }, "geometry": { "type": "Point", "coordinates": [ 19.427444, 51.773556 ] } },
{ "type": "Feature", "properties": { "ID": 108566513, "yr": 2020, "dt": "2020-01-14T07:00:00", "WOJ": 10, "sev": 1, "c": [ 255, 255, 0, 160 ], "dmg": 1, "sli": 1, "ser": 0, "fat": 0, "row": 1, "mot": -1, "pie": -1, "uto": -1, "uwr": -1 }, "geometry": { "type": "Point", "coordinates": [ 19.599444, 51.736944 ] } },
{ "type": "Feature", "properties": { "ID": 109333925, "yr": 2020, "dt": "2020-08-07T23:10:00", "WOJ": 10, "sev": 1, "c": [ 255, 255, 0, 160 ], "dmg": 1, "sli": 2, "ser": 0, "fat": 0, "row": -1, "mot": -1, "pie": -1, "uto": -1, "uwr": -1 }, "geometry": { "type": "Point", "coordinates": [ 20.346556, 51.450972 ] } },
{ "type": "Feature", "properties": { "ID": 108570872, "yr": 2020, "dt": "2020-01-15T20:28:00", "WOJ": 10, "sev": 1, "c": [ 255, 255, 0, 160 ], "dmg": 1, "sli": 1, "ser": 0, "fat": 0, "row": -1, "mot": -1, "pie": 1, "uto": -1, "uwr": -1 }, "geometry": { "type": "Point", "coordinates": [ 19.445167, 51.773139 ] } },
{ "type": "Feature", "properties": { "ID": 108570896, "yr": 2020, "dt": "2020-01-15T21:03:00", "WOJ": 10, "sev": 1, "c": [ 255, 255, 0, 160 ], "dmg": 0, "sli": 1, "ser": 0, "fat": 0, "row": -1, "mot": -1, "pie": -1, "uto": -1, "uwr": -1 }, "geometry": { "type": "Point", "coordinates": [ 19.52825, 51.778528 ] } },
{ "type": "Feature", "properties": { "ID": 108570761, "yr": 2020, "dt": "2020-01-15T15:10:00", "WOJ": 10, "sev": 1, "c": [ 255, 255, 0, 160 ], "dmg": 1, "sli": 1, "ser": 0, "fat": 0, "row": -1, "mot": -1, "pie": -1, "uto": -1, "uwr": -1 }, "geometry": { "type": "Point", "coordinates": [ 19.938111, 52.106667 ] } },
{ "type": "Feature", "properties": { "ID": 108570775, "yr": 2020, "dt": "2020-01-15T17:15:00", "WOJ": 10, "sev": 1, "c": [ 255, 255, 0, 160 ], "dmg": 1, "sli": 1, "ser": 0, "fat": 0, "row": -1, "mot": -1, "pie": 1, "uto": -1, "uwr": -1 }, "geometry": { "type": "Point", "coordinates": [ 19.676639, 51.407972 ] } },
{ "type": "Feature", "properties": { "ID": 108570580, "yr": 2020, "dt": "2020-01-15T18:31:00", "WOJ": 10, "sev": 1, "c": [ 255, 255, 0, 160 ], "dmg": 0, "sli": 1, "ser": 0, "fat": 0, "row": -1, "mot": -1, "pie": -1, "uto": -1, "uwr": -1 }, "geometry": { "type": "Point", "coordinates": [ 19.441139, 51.774278 ] } },
{ "type": "Feature", "properties": { "ID": 108568762, "yr": 2020, "dt": "2020-01-15T07:40:00", "WOJ": 10, "sev": 1, "c": [ 255, 255, 0, 160 ], "dmg": 1, "sli": 1, "ser": 0, "fat": 0, "row": -1, "mot": -1, "pie": -1, "uto": -1, "uwr": -1 }, "geometry": { "type": "Point", "coordinates": [ 19.4415, 51.802083 ] } },
{ "type": "Feature", "properties": { "ID": 109313433, "yr": 2020, "dt": "2020-07-28T17:38:00", "WOJ": 10, "sev": 1, "c": [ 255, 255, 0, 160 ], "dmg": 0, "sli": 1, "ser": 0, "fat": 0, "row": 1, "mot": -1, "pie": -1, "uto": -1, "uwr": -1 }, "geometry": { "type": "Point", "coordinates": [ 19.450889, 51.745333 ] } },
{ "type": "Feature", "properties": { "ID": 109111350, "yr": 2020, "dt": "2020-06-03T12:20:00", "WOJ": 10, "sev": 1, "c": [ 255, 255, 0, 160 ], "dmg": 1, "sli": 1, "ser": 0, "fat": 0, "row": -1, "mot": -1, "pie": -1, "uto": -1, "uwr": -1 }, "geometry": { "type": "Point", "coordinates": [ 20.021417, 51.53 ] } },
{ "type": "Feature", "properties": { "ID": 109281527, "yr": 2020, "dt": "2020-07-14T13:29:00", "WOJ": 10, "sev": 1, "c": [ 255, 255, 0, 160 ], "dmg": 1, "sli": 1, "ser": 0, "fat": 0, "row": -1, "mot": -1, "pie": -1, "uto": -1, "uwr": -1 }, "geometry": { "type": "Point", "coordinates": [ 19.402611, 51.795861 ] } },
{ "type": "Feature", "properties": { "ID": 109118583, "yr": 2020, "dt": "2020-06-04T10:40:00", "WOJ": 10, "sev": 1, "c": [ 255, 255, 0, 160 ], "dmg": 1, "sli": 1, "ser": 0, "fat": 0, "row": 1, "mot": -1, "pie": -1, "uto": -1, "uwr": -1 }, "geometry": { "type": "Point", "coordinates": [ 18.927806, 51.607556 ] } },
{ "type": "Feature", "properties": { "ID": 108572748, "yr": 2020, "dt": "2020-01-16T17:20:00", "WOJ": 10, "sev": 1, "c": [ 255, 255, 0, 160 ], "dmg": 2, "sli": 1, "ser": 0, "fat": 0, "row": -1, "mot": -1, "pie": -1, "uto": -1, "uwr": -1 }, "geometry": { "type": "Point", "coordinates": [ 19.633306, 51.522722 ] } },
{ "type": "Feature", "properties": { "ID": 108574144, "yr": 2020, "dt": "2020-01-16T19:15:00", "WOJ": 10, "sev": 1, "c": [ 255, 255, 0, 160 ], "dmg": 1, "sli": 1, "ser": 0, "fat": 0, "row": -1, "mot": -1, "pie": 1, "uto": -1, "uwr": -1 }, "geometry": { "type": "Point", "coordinates": [ 20.018361, 51.5225 ] } },
{ "type": "Feature", "properties": { "ID": 108571291, "yr": 2020, "dt": "2020-01-16T10:40:00", "WOJ": 10, "sev": 1, "c": [ 255, 255, 0, 160 ], "dmg": 2, "sli": 1, "ser": 0, "fat": 0, "row": -1, "mot": -1, "pie": -1, "uto": -1, "uwr": -1 }, "geometry": { "type": "Point", "coordinates": [ 19.460611, 51.777278 ] } },
{ "type": "Feature", "properties": { "ID": 108574033, "yr": 2020, "dt": "2020-01-16T20:18:00", "WOJ": 10, "sev": 1, "c": [ 255, 255, 0, 160 ], "dmg": 1, "sli": 1, "ser": 0, "fat": 0, "row": -1, "mot": -1, "pie": 1, "uto": -1, "uwr": -1 }, "geometry": { "type": "Point", "coordinates": [ 19.43025, 51.755778 ] } },
{ "type": "Feature", "properties": { "ID": 108574294, "yr": 2020, "dt": "2020-01-16T10:40:00", "WOJ": 10, "sev": 1, "c": [ 255, 255, 0, 160 ], "dmg": 0, "sli": 1, "ser": 0, "fat": 0, "row": 1, "mot": -1, "pie": -1, "uto": -1, "uwr": -1 }, "geometry": { "type": "Point", "coordinates": [ 18.809167, 51.857028 ] } },
{ "type": "Feature", "properties": { "ID": 108575722, "yr": 2020, "dt": "2020-01-17T15:31:00", "WOJ": 10, "sev": 1, "c": [ 255, 255, 0, 160 ], "dmg": 0, "sli": 2, "ser": 0, "fat": 0, "row": -1, "mot": -1, "pie": -1, "uto": -1, "uwr": -1 }, "geometry": { "type": "Point", "coordinates": [ 19.477722, 51.767278 ] } },
{ "type": "Feature", "properties": { "ID": 108576454, "yr": 2020, "dt": "2020-01-17T14:55:00", "WOJ": 10, "sev": 1, "c": [ 255, 255, 0, 160 ], "dmg": 0, "sli": 1, "ser": 0, "fat": 0, "row": -1, "mot": -1, "pie": -1, "uto": -1, "uwr": -1 }, "geometry": { "type": "Point", "coordinates": [ 19.478556, 51.731639 ] } },
{ "type": "Feature", "properties": { "ID": 108575054, "yr": 2020, "dt": "2020-01-17T10:29:00", "WOJ": 10, "sev": 1, "c": [ 255, 255, 0, 160 ], "dmg": 1, "sli": 1, "ser": 0, "fat": 0, "row": -1, "mot": 1, "pie": -1, "uto": -1, "uwr": -1 }, "geometry": { "type": "Point", "coordinates": [ 19.453333, 51.786639 ] } },
{ "type": "Feature", "properties": { "ID": 108576825, "yr": 2020, "dt": "2020-01-17T18:10:00", "WOJ": 10, "sev": 1, "c": [ 255, 255, 0, 160 ], "dmg": 1, "sli": 1, "ser": 0, "fat": 0, "row": -1, "mot": -1, "pie": 1, "uto": -1, "uwr": -1 }, "geometry": { "type": "Point", "coordinates": [ 20.1035, 51.492944 ] } },
{ "type": "Feature", "properties": { "ID": 108576852, "yr": 2020, "dt": "2020-01-17T16:40:00", "WOJ": 10, "sev": 1, "c": [ 255, 255, 0, 160 ], "dmg": 1, "sli": 1, "ser": 0, "fat": 0, "row": -1, "mot": -1, "pie": -1, "uto": -1, "uwr": -1 }, "geometry": { "type": "Point", "coordinates": [ 19.446222, 51.778139 ] } },
{ "type": "Feature", "properties": { "ID": 108576873, "yr": 2020, "dt": "2020-01-17T19:01:00", "WOJ": 10, "sev": 1, "c": [ 255, 255, 0, 160 ], "dmg": 2, "sli": 1, "ser": 0, "fat": 0, "row": -1, "mot": -1, "pie": -1, "uto": -1, "uwr": -1 }, "geometry": { "type": "Point", "coordinates": [ 19.469972, 51.763333 ] } },
{ "type": "Feature", "properties": { "ID": 109117583, "yr": 2020, "dt": "2020-06-04T06:50:00", "WOJ": 10, "sev": 1, "c": [ 255, 255, 0, 160 ], "dmg": 1, "sli": 1, "ser": 0, "fat": 0, "row": -1, "mot": -1, "pie": -1, "uto": -1, "uwr": -1 }, "geometry": { "type": "Point", "coordinates": [ 19.414417, 51.844222 ] } },
{ "type": "Feature", "properties": { "ID": 109119203, "yr": 2020, "dt": "2020-06-04T20:21:00", "WOJ": 10, "sev": 1, "c": [ 255, 255, 0, 160 ], "dmg": 5, "sli": 1, "ser": 0, "fat": 0, "row": -1, "mot": -1, "pie": -1, "uto": -1, "uwr": -1 }, "geometry": { "type": "Point", "coordinates": [ 19.434528, 51.755778 ] } },
{ "type": "Feature", "properties": { "ID": 108574847, "yr": 2020, "dt": "2020-01-17T09:20:00", "WOJ": 10, "sev": 1, "c": [ 255, 255, 0, 160 ], "dmg": 1, "sli": 1, "ser": 0, "fat": 0, "row": 1, "mot": -1, "pie": -1, "uto": -1, "uwr": -1 }, "geometry": { "type": "Point", "coordinates": [ 18.892667, 51.607528 ] } },
{ "type": "Feature", "properties": { "ID": 109297114, "yr": 2020, "dt": "2020-07-22T09:20:00", "WOJ": 10, "sev": 1, "c": [ 255, 255, 0, 160 ], "dmg": 1, "sli": 1, "ser": 0, "fat": 0, "row": -1, "mot": -1, "pie": -1, "uto": -1, "uwr": -1 }, "geometry": { "type": "Point", "coordinates": [ 18.964278, 52.134111 ] } },
{ "type": "Feature", "properties": { "ID": 108579012, "yr": 2020, "dt": "2020-01-18T17:35:00", "WOJ": 10, "sev": 1, "c": [ 255, 255, 0, 160 ], "dmg": 2, "sli": 1, "ser": 0, "fat": 0, "row": -1, "mot": -1, "pie": -1, "uto": -1, "uwr": -1 }, "geometry": { "type": "Point", "coordinates": [ 19.770722, 51.392083 ] } },
{ "type": "Feature", "properties": { "ID": 109119593, "yr": 2020, "dt": "2020-06-04T18:00:00", "WOJ": 10, "sev": 1, "c": [ 255, 255, 0, 160 ], "dmg": 1, "sli": 1, "ser": 0, "fat": 0, "row": -1, "mot": -1, "pie": -1, "uto": -1, "uwr": -1 }, "geometry": { "type": "Point", "coordinates": [ 19.028056, 51.110528 ] } },
{ "type": "Feature", "properties": { "ID": 108577749, "yr": 2020, "dt": "2020-01-18T18:30:00", "WOJ": 10, "sev": 1, "c": [ 255, 255, 0, 160 ], "dmg": 0, "sli": 3, "ser": 0, "fat": 0, "row": -1, "mot": -1, "pie": -1, "uto": -1, "uwr": -1 }, "geometry": { "type": "Point", "coordinates": [ 19.672222, 51.628361 ] } },
{ "type": "Feature", "properties": { "ID": 108581641, "yr": 2020, "dt": "2020-01-18T17:45:00", "WOJ": 10, "sev": 1, "c": [ 255, 255, 0, 160 ], "dmg": 3, "sli": 1, "ser": 0, "fat": 0, "row": -1, "mot": -1, "pie": 1, "uto": -1, "uwr": -1 }, "geometry": { "type": "Point", "coordinates": [ 19.868889, 51.08975 ] } },
{ "type": "Feature", "properties": { "ID": 108579128, "yr": 2020, "dt": "2020-01-19T01:21:00", "WOJ": 10, "sev": 1, "c": [ 255, 255, 0, 160 ], "dmg": 2, "sli": 2, "ser": 0, "fat": 0, "row": -1, "mot": -1, "pie": -1, "uto": -1, "uwr": -1 }, "geometry": { "type": "Point", "coordinates": [ 20.250333, 51.769611 ] } },
{ "type": "Feature", "properties": { "ID": 108579794, "yr": 2020, "dt": "2020-01-19T16:55:00", "WOJ": 10, "sev": 1, "c": [ 255, 255, 0, 160 ], "dmg": 2, "sli": 2, "ser": 0, "fat": 0, "row": -1, "mot": -1, "pie": -1, "uto": -1, "uwr": -1 }, "geometry": { "type": "Point", "coordinates": [ 18.97375, 51.863972 ] } },
{ "type": "Feature", "properties": { "ID": 108580601, "yr": 2020, "dt": "2020-01-19T01:35:00", "WOJ": 10, "sev": 1, "c": [ 255, 255, 0, 160 ], "dmg": 2, "sli": 1, "ser": 0, "fat": 0, "row": -1, "mot": -1, "pie": 1, "uto": -1, "uwr": -1 }, "geometry": { "type": "Point", "coordinates": [ 19.37725, 51.794139 ] } },
{ "type": "Feature", "properties": { "ID": 109115453, "yr": 2020, "dt": "2020-06-04T12:35:00", "WOJ": 10, "sev": 1, "c": [ 255, 255, 0, 160 ], "dmg": 1, "sli": 1, "ser": 0, "fat": 0, "row": 1, "mot": -1, "pie": -1, "uto": -1, "uwr": -1 }, "geometry": { "type": "Point", "coordinates": [ 20.02425, 51.537278 ] } },
{ "type": "Feature", "properties": { "ID": 108582259, "yr": 2020, "dt": "2020-01-20T17:45:00", "WOJ": 10, "sev": 1, "c": [ 255, 255, 0, 160 ], "dmg": 1, "sli": 2, "ser": 0, "fat": 0, "row": -1, "mot": -1, "pie": -1, "uto": -1, "uwr": -1 }, "geometry": { "type": "Point", "coordinates": [ 19.340861, 51.79025 ] } },
{ "type": "Feature", "properties": { "ID": 108581995, "yr": 2020, "dt": "2020-01-20T13:17:00", "WOJ": 10, "sev": 1, "c": [ 255, 255, 0, 160 ], "dmg": 1, "sli": 3, "ser": 0, "fat": 0, "row": -1, "mot": -1, "pie": -1, "uto": -1, "uwr": -1 }, "geometry": { "type": "Point", "coordinates": [ 19.751556, 51.122528 ] } },
{ "type": "Feature", "properties": { "ID": 108581543, "yr": 2020, "dt": "2020-01-20T07:57:00", "WOJ": 10, "sev": 1, "c": [ 255, 255, 0, 160 ], "dmg": 1, "sli": 1, "ser": 0, "fat": 0, "row": -1, "mot": -1, "pie": 1, "uto": -1, "uwr": -1 }, "geometry": { "type": "Point", "coordinates": [ 19.390583, 51.792639 ] } },
{ "type": "Feature", "properties": { "ID": 108582351, "yr": 2020, "dt": "2020-01-20T21:15:00", "WOJ": 10, "sev": 1, "c": [ 255, 255, 0, 160 ], "dmg": 1, "sli": 1, "ser": 0, "fat": 0, "row": -1, "mot": -1, "pie": -1, "uto": -1, "uwr": -1 }, "geometry": { "type": "Point", "coordinates": [ 19.394278, 51.7975 ] } },
{ "type": "Feature", "properties": { "ID": 108580756, "yr": 2020, "dt": "2020-01-20T13:25:00", "WOJ": 10, "sev": 1, "c": [ 255, 255, 0, 160 ], "dmg": 1, "sli": 1, "ser": 0, "fat": 0, "row": -1, "mot": -1, "pie": -1, "uto": -1, "uwr": -1 }, "geometry": { "type": "Point", "coordinates": [ 18.427028, 51.652694 ] } },
{ "type": "Feature", "properties": { "ID": 109290778, "yr": 2020, "dt": "2020-07-18T13:50:00", "WOJ": 10, "sev": 1, "c": [ 255, 255, 0, 160 ], "dmg": 1, "sli": 1, "ser": 0, "fat": 0, "row": -1, "mot": -1, "pie": -1, "uto": -1, "uwr": -1 }, "geometry": { "type": "Point", "coordinates": [ 20.000444, 51.530833 ] } },
{ "type": "Feature", "properties": { "ID": 108584473, "yr": 2020, "dt": "2020-01-21T15:55:00", "WOJ": 10, "sev": 1, "c": [ 255, 255, 0, 160 ], "dmg": 1, "sli": 1, "ser": 0, "fat": 0, "row": -1, "mot": -1, "pie": -1, "uto": -1, "uwr": -1 }, "geometry": { "type": "Point", "coordinates": [ 19.398806, 51.746472 ] } },
{ "type": "Feature", "properties": { "ID": 109310109, "yr": 2020, "dt": "2020-07-27T14:00:00", "WOJ": 10, "sev": 1, "c": [ 255, 255, 0, 160 ], "dmg": 2, "sli": 1, "ser": 0, "fat": 0, "row": -1, "mot": -1, "pie": -1, "uto": -1, "uwr": -1 }, "geometry": { "type": "Point", "coordinates": [ 19.384167, 52.210667 ] } },
{ "type": "Feature", "properties": { "ID": 109332421, "yr": 2020, "dt": "2020-08-07T13:20:00", "WOJ": 10, "sev": 1, "c": [ 255, 255, 0, 160 ], "dmg": 1, "sli": 1, "ser": 0, "fat": 0, "row": 0, "mot": -1, "pie": 1, "uto": -1, "uwr": -1 }, "geometry": { "type": "Point", "coordinates": [ 20.014361, 51.546806 ] } },
{ "type": "Feature", "properties": { "ID": 108583967, "yr": 2020, "dt": "2020-01-21T11:40:00", "WOJ": 10, "sev": 1, "c": [ 255, 255, 0, 160 ], "dmg": 1, "sli": 1, "ser": 0, "fat": 0, "row": 1, "mot": -1, "pie": -1, "uto": -1, "uwr": -1 }, "geometry": { "type": "Point", "coordinates": [ 19.28975, 51.959333 ] } },
{ "type": "Feature", "properties": { "ID": 109124409, "yr": 2020, "dt": "2020-06-05T15:59:00", "WOJ": 10, "sev": 1, "c": [ 255, 255, 0, 160 ], "dmg": 2, "sli": 1, "ser": 0, "fat": 0, "row": -1, "mot": -1, "pie": -1, "uto": -1, "uwr": -1 }, "geometry": { "type": "Point", "coordinates": [ 19.532639, 51.757778 ] } },
{ "type": "Feature", "properties": { "ID": 108588915, "yr": 2020, "dt": "2020-01-22T18:40:00", "WOJ": 10, "sev": 1, "c": [ 255, 255, 0, 160 ], "dmg": 1, "sli": 3, "ser": 0, "fat": 0, "row": -1, "mot": -1, "pie": -1, "uto": -1, "uwr": -1 }, "geometry": { "type": "Point", "coordinates": [ 19.694694, 51.358972 ] } },
{ "type": "Feature", "properties": { "ID": 109124270, "yr": 2020, "dt": "2020-06-05T16:29:00", "WOJ": 10, "sev": 1, "c": [ 255, 255, 0, 160 ], "dmg": 0, "sli": 1, "ser": 0, "fat": 0, "row": -1, "mot": -1, "pie": -1, "uto": -1, "uwr": -1 }, "geometry": { "type": "Point", "coordinates": [ 19.487722, 51.799194 ] } },
{ "type": "Feature", "properties": { "ID": 108585583, "yr": 2020, "dt": "2020-01-22T06:21:00", "WOJ": 10, "sev": 1, "c": [ 255, 255, 0, 160 ], "dmg": 0, "sli": 1, "ser": 0, "fat": 0, "row": -1, "mot": -1, "pie": -1, "uto": -1, "uwr": -1 }, "geometry": { "type": "Point", "coordinates": [ 19.465583, 51.847194 ] } },
{ "type": "Feature", "properties": { "ID": 109333756, "yr": 2020, "dt": "2020-08-07T19:27:00", "WOJ": 10, "sev": 1, "c": [ 255, 255, 0, 160 ], "dmg": 1, "sli": 1, "ser": 0, "fat": 0, "row": -1, "mot": -1, "pie": 1, "uto": -1, "uwr": -1 }, "geometry": { "type": "Point", "coordinates": [ 19.661167, 51.41125 ] } },
{ "type": "Feature", "properties": { "ID": 109124322, "yr": 2020, "dt": "2020-06-05T13:10:00", "WOJ": 10, "sev": 1, "c": [ 255, 255, 0, 160 ], "dmg": 1, "sli": 1, "ser": 0, "fat": 0, "row": 1, "mot": -1, "pie": -1, "uto": -1, "uwr": -1 }, "geometry": { "type": "Point", "coordinates": [ 19.682806, 51.406694 ] } },
{ "type": "Feature", "properties": { "ID": 108588891, "yr": 2020, "dt": "2020-01-22T20:15:00", "WOJ": 10, "sev": 1, "c": [ 255, 255, 0, 160 ], "dmg": 0, "sli": 2, "ser": 0, "fat": 0, "row": -1, "mot": 1, "pie": 1, "uto": -1, "uwr": -1 }, "geometry": { "type": "Point", "coordinates": [ 18.864806, 51.1745 ] } },
{ "type": "Feature", "properties": { "ID": 108585620, "yr": 2020, "dt": "2020-01-22T08:35:00", "WOJ": 10, "sev": 1, "c": [ 255, 255, 0, 160 ], "dmg": 1, "sli": 1, "ser": 0, "fat": 0, "row": -1, "mot": -1, "pie": -1, "uto": -1, "uwr": -1 }, "geometry": { "type": "Point", "coordinates": [ 19.132806, 51.205528 ] } },
{ "type": "Feature", "properties": { "ID": 108593653, "yr": 2020, "dt": "2020-01-23T17:51:00", "WOJ": 10, "sev": 1, "c": [ 255, 255, 0, 160 ], "dmg": 1, "sli": 2, "ser": 0, "fat": 0, "row": -1, "mot": -1, "pie": 1, "uto": -1, "uwr": -1 }, "geometry": { "type": "Point", "coordinates": [ 19.385806, 51.793556 ] } },
{ "type": "Feature", "properties": { "ID": 108590491, "yr": 2020, "dt": "2020-01-23T10:19:00", "WOJ": 10, "sev": 1, "c": [ 255, 255, 0, 160 ], "dmg": 1, "sli": 1, "ser": 0, "fat": 0, "row": -1, "mot": -1, "pie": 1, "uto": -1, "uwr": -1 }, "geometry": { "type": "Point", "coordinates": [ 19.438028, 51.8095 ] } },
{ "type": "Feature", "properties": { "ID": 108593578, "yr": 2020, "dt": "2020-01-23T18:50:00", "WOJ": 10, "sev": 1, "c": [ 255, 255, 0, 160 ], "dmg": 1, "sli": 1, "ser": 0, "fat": 0, "row": -1, "mot": -1, "pie": 1, "uto": -1, "uwr": -1 }, "geometry": { "type": "Point", "coordinates": [ 19.425667, 51.853944 ] } },
{ "type": "Feature", "properties": { "ID": 108590953, "yr": 2020, "dt": "2020-01-23T15:17:00", "WOJ": 10, "sev": 1, "c": [ 255, 255, 0, 160 ], "dmg": 1, "sli": 1, "ser": 0, "fat": 0, "row": -1, "mot": -1, "pie": -1, "uto": -1, "uwr": -1 }, "geometry": { "type": "Point", "coordinates": [ 19.462861, 51.773278 ] } },
{ "type": "Feature", "properties": { "ID": 108593460, "yr": 2020, "dt": "2020-01-23T17:06:00", "WOJ": 10, "sev": 1, "c": [ 255, 255, 0, 160 ], "dmg": 1, "sli": 1, "ser": 0, "fat": 0, "row": -1, "mot": -1, "pie": 1, "uto": -1, "uwr": -1 }, "geometry": { "type": "Point", "coordinates": [ 19.477083, 51.800056 ] } },
{ "type": "Feature", "properties": { "ID": 109124371, "yr": 2020, "dt": "2020-06-05T16:06:00", "WOJ": 10, "sev": 1, "c": [ 255, 255, 0, 160 ], "dmg": 0, "sli": 3, "ser": 0, "fat": 0, "row": -1, "mot": -1, "pie": -1, "uto": -1, "uwr": -1 }, "geometry": { "type": "Point", "coordinates": [ 20.391639, 51.614194 ] } },
{ "type": "Feature", "properties": { "ID": 109262204, "yr": 2020, "dt": "2020-07-06T15:40:00", "WOJ": 10, "sev": 1, "c": [ 255, 255, 0, 160 ], "dmg": 2, "sli": 1, "ser": 0, "fat": 0, "row": -1, "mot": -1, "pie": -1, "uto": -1, "uwr": -1 }, "geometry": { "type": "Point", "coordinates": [ 19.481889, 51.777472 ] } },
{ "type": "Feature", "properties": { "ID": 109331806, "yr": 2020, "dt": "2020-08-06T15:40:00", "WOJ": 10, "sev": 1, "c": [ 255, 255, 0, 160 ], "dmg": 1, "sli": 1, "ser": 0, "fat": 0, "row": -1, "mot": -1, "pie": 1, "uto": -1, "uwr": -1 }, "geometry": { "type": "Point", "coordinates": [ 20.003639, 51.523111 ] } },
{ "type": "Feature", "properties": { "ID": 109124022, "yr": 2020, "dt": "2020-06-05T12:50:00", "WOJ": 10, "sev": 1, "c": [ 255, 255, 0, 160 ], "dmg": 1, "sli": 2, "ser": 0, "fat": 0, "row": -1, "mot": -1, "pie": -1, "uto": -1, "uwr": -1 }, "geometry": { "type": "Point", "coordinates": [ 18.563472, 51.225083 ] } },
{ "type": "Feature", "properties": { "ID": 108651027, "yr": 2020, "dt": "2020-01-24T22:25:00", "WOJ": 10, "sev": 1, "c": [ 255, 255, 0, 160 ], "dmg": 1, "sli": 1, "ser": 0, "fat": 0, "row": -1, "mot": -1, "pie": 1, "uto": -1, "uwr": -1 }, "geometry": { "type": "Point", "coordinates": [ 20.033083, 51.546167 ] } },
{ "type": "Feature", "properties": { "ID": 109119230, "yr": 2020, "dt": "2020-06-05T00:21:00", "WOJ": 10, "sev": 1, "c": [ 255, 255, 0, 160 ], "dmg": 0, "sli": 1, "ser": 0, "fat": 0, "row": -1, "mot": -1, "pie": -1, "uto": -1, "uwr": -1 }, "geometry": { "type": "Point", "coordinates": [ 19.441694, 51.74225 ] } },
{ "type": "Feature", "properties": { "ID": 108601227, "yr": 2020, "dt": "2020-01-24T16:40:00", "WOJ": 10, "sev": 1, "c": [ 255, 255, 0, 160 ], "dmg": 2, "sli": 1, "ser": 0, "fat": 0, "row": -1, "mot": -1, "pie": -1, "uto": -1, "uwr": -1 }, "geometry": { "type": "Point", "coordinates": [ 19.685917, 51.334361 ] } },
{ "type": "Feature", "properties": { "ID": 109124609, "yr": 2020, "dt": "2020-06-05T13:25:00", "WOJ": 10, "sev": 1, "c": [ 255, 255, 0, 160 ], "dmg": 2, "sli": 2, "ser": 0, "fat": 0, "row": -1, "mot": -1, "pie": -1, "uto": -1, "uwr": -1 }, "geometry": { "type": "Point", "coordinates": [ 19.366389, 52.227333 ] } },
{ "type": "Feature", "properties": { "ID": 109124512, "yr": 2020, "dt": "2020-06-05T16:41:00", "WOJ": 10, "sev": 1, "c": [ 255, 255, 0, 160 ], "dmg": 0, "sli": 1, "ser": 0, "fat": 0, "row": -1, "mot": -1, "pie": -1, "uto": -1, "uwr": -1 }, "geometry": { "type": "Point", "coordinates": [ 19.047306, 51.975611 ] } },
{ "type": "Feature", "properties": { "ID": 109119503, "yr": 2020, "dt": "2020-06-05T07:30:00", "WOJ": 10, "sev": 1, "c": [ 255, 255, 0, 160 ], "dmg": 1, "sli": 1, "ser": 0, "fat": 0, "row": -1, "mot": -1, "pie": 1, "uto": -1, "uwr": -1 }, "geometry": { "type": "Point", "coordinates": [ 19.457083, 51.768778 ] } },
{ "type": "Feature", "properties": { "ID": 108600459, "yr": 2020, "dt": "2020-01-24T11:03:00", "WOJ": 10, "sev": 1, "c": [ 255, 255, 0, 160 ], "dmg": 0, "sli": 3, "ser": 0, "fat": 0, "row": -1, "mot": -1, "pie": -1, "uto": -1, "uwr": -1 }, "geometry": { "type": "Point", "coordinates": [ 20.15875, 51.947972 ] } },
{ "type": "Feature", "properties": { "ID": 109126227, "yr": 2020, "dt": "2020-06-06T12:00:00", "WOJ": 10, "sev": 1, "c": [ 255, 255, 0, 160 ], "dmg": 1, "sli": 1, "ser": 0, "fat": 0, "row": -1, "mot": 1, "pie": -1, "uto": -1, "uwr": -1 }, "geometry": { "type": "Point", "coordinates": [ 20.017111, 51.552806 ] } },
{ "type": "Feature", "properties": { "ID": 109128581, "yr": 2020, "dt": "2020-06-06T16:18:00", "WOJ": 10, "sev": 1, "c": [ 255, 255, 0, 160 ], "dmg": 2, "sli": 1, "ser": 0, "fat": 0, "row": -1, "mot": -1, "pie": -1, "uto": -1, "uwr": -1 }, "geometry": { "type": "Point", "coordinates": [ 20.189056, 51.94875 ] } },
{ "type": "Feature", "properties": { "ID": 108600845, "yr": 2020, "dt": "2020-01-24T12:40:00", "WOJ": 10, "sev": 1, "c": [ 255, 255, 0, 160 ], "dmg": 2, "sli": 1, "ser": 0, "fat": 0, "row": -1, "mot": -1, "pie": -1, "uto": -1, "uwr": -1 }, "geometry": { "type": "Point", "coordinates": [ 18.84475, 51.969944 ] } },
{ "type": "Feature", "properties": { "ID": 108604462, "yr": 2020, "dt": "2020-01-25T17:15:00", "WOJ": 10, "sev": 1, "c": [ 255, 255, 0, 160 ], "dmg": 1, "sli": 1, "ser": 0, "fat": 0, "row": -1, "mot": -1, "pie": 1, "uto": -1, "uwr": -1 }, "geometry": { "type": "Point", "coordinates": [ 19.480639, 50.930056 ] } },
{ "type": "Feature", "properties": { "ID": 109127618, "yr": 2020, "dt": "2020-06-06T14:50:00", "WOJ": 10, "sev": 1, "c": [ 255, 255, 0, 160 ], "dmg": 1, "sli": 1, "ser": 0, "fat": 0, "row": 1, "mot": -1, "pie": -1, "uto": -1, "uwr": -1 }, "geometry": { "type": "Point", "coordinates": [ 19.418917, 51.750139 ] } },
{ "type": "Feature", "properties": { "ID": 108602417, "yr": 2020, "dt": "2020-01-25T21:01:00", "WOJ": 10, "sev": 1, "c": [ 255, 255, 0, 160 ], "dmg": 2, "sli": 1, "ser": 0, "fat": 0, "row": -1, "mot": -1, "pie": -1, "uto": -1, "uwr": -1 }, "geometry": { "type": "Point", "coordinates": [ 20.042972, 51.591667 ] } },
{ "type": "Feature", "properties": { "ID": 108601462, "yr": 2020, "dt": "2020-01-25T06:45:00", "WOJ": 10, "sev": 1, "c": [ 255, 255, 0, 160 ], "dmg": 0, "sli": 1, "ser": 0, "fat": 0, "row": -1, "mot": -1, "pie": -1, "uto": -1, "uwr": -1 }, "geometry": { "type": "Point", "coordinates": [ 19.494444, 51.793694 ] } },
{ "type": "Feature", "properties": { "ID": 108602103, "yr": 2020, "dt": "2020-01-25T08:47:00", "WOJ": 10, "sev": 1, "c": [ 255, 255, 0, 160 ], "dmg": 1, "sli": 2, "ser": 0, "fat": 0, "row": -1, "mot": -1, "pie": -1, "uto": -1, "uwr": -1 }, "geometry": { "type": "Point", "coordinates": [ 19.62575, 51.710667 ] } },
{ "type": "Feature", "properties": { "ID": 109126311, "yr": 2020, "dt": "2020-06-06T10:53:00", "WOJ": 10, "sev": 1, "c": [ 255, 255, 0, 160 ], "dmg": 1, "sli": 1, "ser": 0, "fat": 0, "row": -1, "mot": -1, "pie": -1, "uto": -1, "uwr": -1 }, "geometry": { "type": "Point", "coordinates": [ 19.764778, 51.918417 ] } },
{ "type": "Feature", "properties": { "ID": 109363923, "yr": 2020, "dt": "2020-08-06T15:00:00", "WOJ": 10, "sev": 1, "c": [ 255, 255, 0, 160 ], "dmg": 1, "sli": 1, "ser": 0, "fat": 0, "row": 0, "mot": -1, "pie": 1, "uto": -1, "uwr": -1 }, "geometry": { "type": "Point", "coordinates": [ 19.365917, 51.362639 ] } },
{ "type": "Feature", "properties": { "ID": 108602354, "yr": 2020, "dt": "2020-01-25T19:55:00", "WOJ": 10, "sev": 1, "c": [ 255, 255, 0, 160 ], "dmg": 0, "sli": 1, "ser": 0, "fat": 0, "row": -1, "mot": -1, "pie": -1, "uto": -1, "uwr": -1 }, "geometry": { "type": "Point", "coordinates": [ 20.105083, 51.568722 ] } },
{ "type": "Feature", "properties": { "ID": 109132097, "yr": 2020, "dt": "2020-06-06T21:10:00", "WOJ": 10, "sev": 1, "c": [ 255, 255, 0, 160 ], "dmg": 1, "sli": 1, "ser": 0, "fat": 0, "row": -1, "mot": -1, "pie": -1, "uto": -1, "uwr": -1 }, "geometry": { "type": "Point", "coordinates": [ 19.499528, 51.198833 ] } },
{ "type": "Feature", "properties": { "ID": 109331628, "yr": 2020, "dt": "2020-08-06T22:55:00", "WOJ": 10, "sev": 1, "c": [ 255, 255, 0, 160 ], "dmg": 1, "sli": 1, "ser": 0, "fat": 0, "row": -1, "mot": -1, "pie": -1, "uto": -1, "uwr": -1 }, "geometry": { "type": "Point", "coordinates": [ 19.941111, 52.116278 ] } },
{ "type": "Feature", "properties": { "ID": 108604777, "yr": 2020, "dt": "2020-01-26T12:20:00", "WOJ": 10, "sev": 1, "c": [ 255, 255, 0, 160 ], "dmg": 2, "sli": 1, "ser": 0, "fat": 0, "row": -1, "mot": -1, "pie": -1, "uto": -1, "uwr": -1 }, "geometry": { "type": "Point", "coordinates": [ 19.439806, 51.7365 ] } },
{ "type": "Feature", "properties": { "ID": 108608477, "yr": 2020, "dt": "2020-01-26T17:43:00", "WOJ": 10, "sev": 1, "c": [ 255, 255, 0, 160 ], "dmg": 1, "sli": 1, "ser": 0, "fat": 0, "row": -1, "mot": -1, "pie": -1, "uto": -1, "uwr": -1 }, "geometry": { "type": "Point", "coordinates": [ 19.545528, 51.604222 ] } },
{ "type": "Feature", "properties": { "ID": 108612816, "yr": 2020, "dt": "2020-01-27T14:45:00", "WOJ": 10, "sev": 1, "c": [ 255, 255, 0, 160 ], "dmg": 1, "sli": 1, "ser": 0, "fat": 0, "row": -1, "mot": -1, "pie": 1, "uto": -1, "uwr": -1 }, "geometry": { "type": "Point", "coordinates": [ 19.968111, 51.513833 ] } },
{ "type": "Feature", "properties": { "ID": 109129321, "yr": 2020, "dt": "2020-06-07T17:55:00", "WOJ": 10, "sev": 1, "c": [ 255, 255, 0, 160 ], "dmg": 1, "sli": 1, "ser": 0, "fat": 0, "row": -1, "mot": -1, "pie": 1, "uto": -1, "uwr": -1 }, "geometry": { "type": "Point", "coordinates": [ 19.418028, 51.858194 ] } },
{ "type": "Feature", "properties": { "ID": 109329864, "yr": 2020, "dt": "2020-08-06T07:47:00", "WOJ": 10, "sev": 1, "c": [ 255, 255, 0, 160 ], "dmg": 1, "sli": 1, "ser": 0, "fat": 0, "row": -1, "mot": -1, "pie": -1, "uto": -1, "uwr": -1 }, "geometry": { "type": "Point", "coordinates": [ 20.325167, 51.3445 ] } },
{ "type": "Feature", "properties": { "ID": 109131844, "yr": 2020, "dt": "2020-06-07T21:15:00", "WOJ": 10, "sev": 1, "c": [ 255, 255, 0, 160 ], "dmg": 1, "sli": 1, "ser": 0, "fat": 0, "row": -1, "mot": -1, "pie": 1, "uto": -1, "uwr": -1 }, "geometry": { "type": "Point", "coordinates": [ 19.30825, 51.827 ] } },
{ "type": "Feature", "properties": { "ID": 109262279, "yr": 2020, "dt": "2020-07-06T16:01:00", "WOJ": 10, "sev": 1, "c": [ 255, 255, 0, 160 ], "dmg": 1, "sli": 1, "ser": 0, "fat": 0, "row": 1, "mot": -1, "pie": -1, "uto": -1, "uwr": -1 }, "geometry": { "type": "Point", "coordinates": [ 20.151472, 51.950417 ] } },
{ "type": "Feature", "properties": { "ID": 108611381, "yr": 2020, "dt": "2020-01-27T09:30:00", "WOJ": 10, "sev": 1, "c": [ 255, 255, 0, 160 ], "dmg": 1, "sli": 1, "ser": 0, "fat": 0, "row": -1, "mot": -1, "pie": -1, "uto": -1, "uwr": -1 }, "geometry": { "type": "Point", "coordinates": [ 19.519278, 51.885139 ] } },
{ "type": "Feature", "properties": { "ID": 108611475, "yr": 2020, "dt": "2020-01-27T14:30:00", "WOJ": 10, "sev": 1, "c": [ 255, 255, 0, 160 ], "dmg": 1, "sli": 1, "ser": 0, "fat": 0, "row": -1, "mot": -1, "pie": 1, "uto": -1, "uwr": -1 }, "geometry": { "type": "Point", "coordinates": [ 19.365833, 52.230083 ] } },
{ "type": "Feature", "properties": { "ID": 109329902, "yr": 2020, "dt": "2020-08-06T12:15:00", "WOJ": 10, "sev": 1, "c": [ 255, 255, 0, 160 ], "dmg": 0, "sli": 1, "ser": 0, "fat": 0, "row": -1, "mot": -1, "pie": -1, "uto": -1, "uwr": -1 }, "geometry": { "type": "Point", "coordinates": [ 19.359028, 52.332028 ] } },
{ "type": "Feature", "properties": { "ID": 108617447, "yr": 2020, "dt": "2020-01-28T07:10:00", "WOJ": 10, "sev": 1, "c": [ 255, 255, 0, 160 ], "dmg": 0, "sli": 2, "ser": 0, "fat": 0, "row": -1, "mot": -1, "pie": -1, "uto": -1, "uwr": -1 }, "geometry": { "type": "Point", "coordinates": [ 19.668444, 51.297528 ] } },
{ "type": "Feature", "properties": { "ID": 109129370, "yr": 2020, "dt": "2020-06-07T19:24:00", "WOJ": 10, "sev": 1, "c": [ 255, 255, 0, 160 ], "dmg": 1, "sli": 1, "ser": 0, "fat": 0, "row": -1, "mot": -1, "pie": -1, "uto": -1, "uwr": -1 }, "geometry": { "type": "Point", "coordinates": [ 19.476583, 51.729278 ] } },
{ "type": "Feature", "properties": { "ID": 108623464, "yr": 2020, "dt": "2020-01-28T19:35:00", "WOJ": 10, "sev": 1, "c": [ 255, 255, 0, 160 ], "dmg": 2, "sli": 1, "ser": 0, "fat": 0, "row": -1, "mot": -1, "pie": -1, "uto": -1, "uwr": -1 }, "geometry": { "type": "Point", "coordinates": [ 19.406667, 51.364806 ] } },
{ "type": "Feature", "properties": { "ID": 109281516, "yr": 2020, "dt": "2020-07-14T15:40:00", "WOJ": 10, "sev": 1, "c": [ 255, 255, 0, 160 ], "dmg": 1, "sli": 1, "ser": 0, "fat": 0, "row": 1, "mot": -1, "pie": -1, "uto": -1, "uwr": -1 }, "geometry": { "type": "Point", "coordinates": [ 19.988972, 52.095139 ] } },
{ "type": "Feature", "properties": { "ID": 108635033, "yr": 2020, "dt": "2020-01-29T20:52:00", "WOJ": 10, "sev": 1, "c": [ 255, 255, 0, 160 ], "dmg": 1, "sli": 1, "ser": 0, "fat": 0, "row": -1, "mot": -1, "pie": -1, "uto": -1, "uwr": -1 }, "geometry": { "type": "Point", "coordinates": [ 20.147278, 51.970722 ] } },
{ "type": "Feature", "properties": { "ID": 109129572, "yr": 2020, "dt": "2020-06-07T07:20:00", "WOJ": 10, "sev": 1, "c": [ 255, 255, 0, 160 ], "dmg": 1, "sli": 1, "ser": 0, "fat": 0, "row": -1, "mot": -1, "pie": -1, "uto": -1, "uwr": -1 }, "geometry": { "type": "Point", "coordinates": [ 19.303111, 51.955 ] } },
{ "type": "Feature", "properties": { "ID": 108623741, "yr": 2020, "dt": "2020-01-29T08:20:00", "WOJ": 10, "sev": 1, "c": [ 255, 255, 0, 160 ], "dmg": 1, "sli": 1, "ser": 0, "fat": 0, "row": -1, "mot": -1, "pie": -1, "uto": -1, "uwr": -1 }, "geometry": { "type": "Point", "coordinates": [ 19.386389, 52.289861 ] } },
{ "type": "Feature", "properties": { "ID": 109266759, "yr": 2020, "dt": "2020-07-07T17:50:00", "WOJ": 10, "sev": 1, "c": [ 255, 255, 0, 160 ], "dmg": 1, "sli": 2, "ser": 0, "fat": 0, "row": -1, "mot": -1, "pie": -1, "uto": -1, "uwr": -1 }, "geometry": { "type": "Point", "coordinates": [ 19.612944, 51.364361 ] } },
{ "type": "Feature", "properties": { "ID": 109129504, "yr": 2020, "dt": "2020-06-07T23:07:00", "WOJ": 10, "sev": 1, "c": [ 255, 255, 0, 160 ], "dmg": 2, "sli": 1, "ser": 0, "fat": 0, "row": -1, "mot": -1, "pie": -1, "uto": -1, "uwr": -1 }, "geometry": { "type": "Point", "coordinates": [ 19.428194, 51.711194 ] } },
{ "type": "Feature", "properties": { "ID": 108634969, "yr": 2020, "dt": "2020-01-29T17:40:00", "WOJ": 10, "sev": 1, "c": [ 255, 255, 0, 160 ], "dmg": 1, "sli": 2, "ser": 0, "fat": 0, "row": -1, "mot": -1, "pie": 1, "uto": -1, "uwr": -1 }, "geometry": { "type": "Point", "coordinates": [ 18.718194, 51.583667 ] } },
{ "type": "Feature", "properties": { "ID": 108635021, "yr": 2020, "dt": "2020-01-29T20:00:00", "WOJ": 10, "sev": 1, "c": [ 255, 255, 0, 160 ], "dmg": 1, "sli": 1, "ser": 0, "fat": 0, "row": -1, "mot": -1, "pie": 1, "uto": -1, "uwr": -1 }, "geometry": { "type": "Point", "coordinates": [ 19.756083, 51.799806 ] } },
{ "type": "Feature", "properties": { "ID": 108624150, "yr": 2020, "dt": "2020-01-29T07:15:00", "WOJ": 10, "sev": 1, "c": [ 255, 255, 0, 160 ], "dmg": 2, "sli": 1, "ser": 0, "fat": 0, "row": -1, "mot": -1, "pie": -1, "uto": -1, "uwr": -1 }, "geometry": { "type": "Point", "coordinates": [ 18.675361, 51.752056 ] } },
{ "type": "Feature", "properties": { "ID": 108634718, "yr": 2020, "dt": "2020-01-29T16:30:00", "WOJ": 10, "sev": 1, "c": [ 255, 255, 0, 160 ], "dmg": 2, "sli": 1, "ser": 0, "fat": 0, "row": -1, "mot": -1, "pie": -1, "uto": -1, "uwr": -1 }, "geometry": { "type": "Point", "coordinates": [ 19.360889, 51.350444 ] } },
{ "type": "Feature", "properties": { "ID": 108640824, "yr": 2020, "dt": "2020-01-30T12:00:00", "WOJ": 10, "sev": 1, "c": [ 255, 255, 0, 160 ], "dmg": 1, "sli": 1, "ser": 0, "fat": 0, "row": -1, "mot": -1, "pie": 1, "uto": -1, "uwr": -1 }, "geometry": { "type": "Point", "coordinates": [ 18.860222, 51.667806 ] } },
{ "type": "Feature", "properties": { "ID": 109129301, "yr": 2020, "dt": "2020-06-07T16:10:00", "WOJ": 10, "sev": 1, "c": [ 255, 255, 0, 160 ], "dmg": 1, "sli": 3, "ser": 0, "fat": 0, "row": -1, "mot": -1, "pie": -1, "uto": -1, "uwr": -1 }, "geometry": { "type": "Point", "coordinates": [ 18.83925, 52.010806 ] } },
{ "type": "Feature", "properties": { "ID": 108641369, "yr": 2020, "dt": "2020-01-30T20:29:00", "WOJ": 10, "sev": 1, "c": [ 255, 255, 0, 160 ], "dmg": 1, "sli": 1, "ser": 0, "fat": 0, "row": -1, "mot": -1, "pie": 1, "uto": -1, "uwr": -1 }, "geometry": { "type": "Point", "coordinates": [ 19.204139, 52.054222 ] } },
{ "type": "Feature", "properties": { "ID": 109129158, "yr": 2020, "dt": "2020-06-07T13:34:00", "WOJ": 10, "sev": 1, "c": [ 255, 255, 0, 160 ], "dmg": 1, "sli": 1, "ser": 0, "fat": 0, "row": -1, "mot": 1, "pie": -1, "uto": -1, "uwr": -1 }, "geometry": { "type": "Point", "coordinates": [ 20.113111, 51.988139 ] } },
{ "type": "Feature", "properties": { "ID": 109266699, "yr": 2020, "dt": "2020-07-07T17:30:00", "WOJ": 10, "sev": 1, "c": [ 255, 255, 0, 160 ], "dmg": 1, "sli": 1, "ser": 0, "fat": 0, "row": 0, "mot": -1, "pie": -1, "uto": -1, "uwr": -1 }, "geometry": { "type": "Point", "coordinates": [ 19.356861, 52.244056 ] } },
{ "type": "Feature", "properties": { "ID": 109132222, "yr": 2020, "dt": "2020-06-08T12:10:00", "WOJ": 10, "sev": 1, "c": [ 255, 255, 0, 160 ], "dmg": 1, "sli": 1, "ser": 0, "fat": 0, "row": -1, "mot": -1, "pie": -1, "uto": -1, "uwr": -1 }, "geometry": { "type": "Point", "coordinates": [ 19.763417, 51.919917 ] } },
{ "type": "Feature", "properties": { "ID": 108642741, "yr": 2020, "dt": "2020-01-30T16:55:00", "WOJ": 10, "sev": 1, "c": [ 255, 255, 0, 160 ], "dmg": 1, "sli": 1, "ser": 0, "fat": 0, "row": -1, "mot": -1, "pie": 1, "uto": -1, "uwr": -1 }, "geometry": { "type": "Point", "coordinates": [ 20.243306, 51.75525 ] } },
{ "type": "Feature", "properties": { "ID": 109132007, "yr": 2020, "dt": "2020-06-08T12:21:00", "WOJ": 10, "sev": 1, "c": [ 255, 255, 0, 160 ], "dmg": 1, "sli": 1, "ser": 0, "fat": 0, "row": -1, "mot": -1, "pie": -1, "uto": -1, "uwr": -1 }, "geometry": { "type": "Point", "coordinates": [ 20.213, 51.974556 ] } },
{ "type": "Feature", "properties": { "ID": 109146588, "yr": 2020, "dt": "2020-06-08T05:45:00", "WOJ": 10, "sev": 1, "c": [ 255, 255, 0, 160 ], "dmg": 1, "sli": 1, "ser": 0, "fat": 0, "row": -1, "mot": -1, "pie": -1, "uto": -1, "uwr": -1 }, "geometry": { "type": "Point", "coordinates": [ 19.147139, 51.392833 ] } },
{ "type": "Feature", "properties": { "ID": 108645077, "yr": 2020, "dt": "2020-01-31T17:45:00", "WOJ": 10, "sev": 1, "c": [ 255, 255, 0, 160 ], "dmg": 1, "sli": 1, "ser": 0, "fat": 0, "row": -1, "mot": -1, "pie": 1, "uto": -1, "uwr": -1 }, "geometry": { "type": "Point", "coordinates": [ 19.496667, 51.714778 ] } },
{ "type": "Feature", "properties": { "ID": 108646241, "yr": 2020, "dt": "2020-01-31T17:16:00", "WOJ": 10, "sev": 1, "c": [ 255, 255, 0, 160 ], "dmg": 1, "sli": 1, "ser": 0, "fat": 0, "row": -1, "mot": -1, "pie": -1, "uto": -1, "uwr": -1 }, "geometry": { "type": "Point", "coordinates": [ 19.632556, 51.728833 ] } },
{ "type": "Feature", "properties": { "ID": 108646464, "yr": 2020, "dt": "2020-01-31T23:55:00", "WOJ": 10, "sev": 1, "c": [ 255, 255, 0, 160 ], "dmg": 0, "sli": 1, "ser": 0, "fat": 0, "row": -1, "mot": -1, "pie": -1, "uto": -1, "uwr": -1 }, "geometry": { "type": "Point", "coordinates": [ 19.459056, 51.801778 ] } },
{ "type": "Feature", "properties": { "ID": 109136944, "yr": 2020, "dt": "2020-06-09T01:22:00", "WOJ": 10, "sev": 1, "c": [ 255, 255, 0, 160 ], "dmg": 1, "sli": 1, "ser": 0, "fat": 0, "row": -1, "mot": -1, "pie": -1, "uto": -1, "uwr": -1 }, "geometry": { "type": "Point", "coordinates": [ 19.455556, 51.752361 ] } },
{ "type": "Feature", "properties": { "ID": 108644699, "yr": 2020, "dt": "2020-01-31T05:59:00", "WOJ": 10, "sev": 1, "c": [ 255, 255, 0, 160 ], "dmg": 1, "sli": 1, "ser": 0, "fat": 0, "row": -1, "mot": -1, "pie": 1, "uto": -1, "uwr": -1 }, "geometry": { "type": "Point", "coordinates": [ 19.407278, 51.866889 ] } },
{ "type": "Feature", "properties": { "ID": 109136943, "yr": 2020, "dt": "2020-06-09T08:05:00", "WOJ": 10, "sev": 1, "c": [ 255, 255, 0, 160 ], "dmg": 1, "sli": 1, "ser": 0, "fat": 0, "row": 1, "mot": -1, "pie": -1, "uto": -1, "uwr": -1 }, "geometry": { "type": "Point", "coordinates": [ 19.471389, 51.778222 ] } },
{ "type": "Feature", "properties": { "ID": 108644750, "yr": 2020, "dt": "2020-01-31T11:15:00", "WOJ": 10, "sev": 1, "c": [ 255, 255, 0, 160 ], "dmg": 1, "sli": 1, "ser": 0, "fat": 0, "row": -1, "mot": -1, "pie": -1, "uto": -1, "uwr": -1 }, "geometry": { "type": "Point", "coordinates": [ 19.174167, 52.225583 ] } },
{ "type": "Feature", "properties": { "ID": 108645193, "yr": 2020, "dt": "2020-01-31T19:47:00", "WOJ": 10, "sev": 1, "c": [ 255, 255, 0, 160 ], "dmg": 1, "sli": 1, "ser": 0, "fat": 0, "row": -1, "mot": -1, "pie": -1, "uto": -1, "uwr": -1 }, "geometry": { "type": "Point", "coordinates": [ 19.407417, 51.762722 ] } },
{ "type": "Feature", "properties": { "ID": 108646217, "yr": 2020, "dt": "2020-01-31T15:59:00", "WOJ": 10, "sev": 1, "c": [ 255, 255, 0, 160 ], "dmg": 1, "sli": 1, "ser": 0, "fat": 0, "row": -1, "mot": -1, "pie": 1, "uto": -1, "uwr": -1 }, "geometry": { "type": "Point", "coordinates": [ 19.388889, 51.369139 ] } },
{ "type": "Feature", "properties": { "ID": 108645267, "yr": 2020, "dt": "2020-01-31T23:10:00", "WOJ": 10, "sev": 1, "c": [ 255, 255, 0, 160 ], "dmg": 1, "sli": 1, "ser": 0, "fat": 0, "row": 1, "mot": -1, "pie": -1, "uto": -1, "uwr": -1 }, "geometry": { "type": "Point", "coordinates": [ 19.721667, 51.965556 ] } },
{ "type": "Feature", "properties": { "ID": 109264502, "yr": 2020, "dt": "2020-07-07T14:41:00", "WOJ": 10, "sev": 1, "c": [ 255, 255, 0, 160 ], "dmg": 2, "sli": 1, "ser": 0, "fat": 0, "row": -1, "mot": -1, "pie": -1, "uto": -1, "uwr": -1 }, "geometry": { "type": "Point", "coordinates": [ 19.438472, 51.768972 ] } },
{ "type": "Feature", "properties": { "ID": 108646616, "yr": 2020, "dt": "2020-02-01T09:18:00", "WOJ": 10, "sev": 1, "c": [ 255, 255, 0, 160 ], "dmg": 0, "sli": 1, "ser": 0, "fat": 0, "row": -1, "mot": -1, "pie": -1, "uto": -1, "uwr": -1 }, "geometry": { "type": "Point", "coordinates": [ 20.203806, 51.52225 ] } },
{ "type": "Feature", "properties": { "ID": 109142574, "yr": 2020, "dt": "2020-06-09T15:44:00", "WOJ": 10, "sev": 1, "c": [ 255, 255, 0, 160 ], "dmg": 1, "sli": 1, "ser": 0, "fat": 0, "row": -1, "mot": -1, "pie": 1, "uto": -1, "uwr": -1 }, "geometry": { "type": "Point", "coordinates": [ 20.020417, 51.520639 ] } },
{ "type": "Feature", "properties": { "ID": 108647523, "yr": 2020, "dt": "2020-02-01T07:30:00", "WOJ": 10, "sev": 1, "c": [ 255, 255, 0, 160 ], "dmg": 0, "sli": 1, "ser": 0, "fat": 0, "row": -1, "mot": -1, "pie": -1, "uto": -1, "uwr": -1 }, "geometry": { "type": "Point", "coordinates": [ 20.266278, 51.664667 ] } },
{ "type": "Feature", "properties": { "ID": 108647690, "yr": 2020, "dt": "2020-02-01T17:28:00", "WOJ": 10, "sev": 1, "c": [ 255, 255, 0, 160 ], "dmg": 1, "sli": 2, "ser": 0, "fat": 0, "row": -1, "mot": -1, "pie": -1, "uto": -1, "uwr": -1 }, "geometry": { "type": "Point", "coordinates": [ 19.672361, 51.877861 ] } },
{ "type": "Feature", "properties": { "ID": 108647021, "yr": 2020, "dt": "2020-02-01T17:30:00", "WOJ": 10, "sev": 1, "c": [ 255, 255, 0, 160 ], "dmg": 1, "sli": 1, "ser": 0, "fat": 0, "row": -1, "mot": -1, "pie": -1, "uto": -1, "uwr": -1 }, "geometry": { "type": "Point", "coordinates": [ 19.372222, 51.794833 ] } },
{ "type": "Feature", "properties": { "ID": 108646894, "yr": 2020, "dt": "2020-02-01T11:42:00", "WOJ": 10, "sev": 1, "c": [ 255, 255, 0, 160 ], "dmg": 1, "sli": 1, "ser": 0, "fat": 0, "row": -1, "mot": -1, "pie": 1, "uto": -1, "uwr": -1 }, "geometry": { "type": "Point", "coordinates": [ 19.427417, 51.787056 ] } },
{ "type": "Feature", "properties": { "ID": 108647498, "yr": 2020, "dt": "2020-02-01T15:51:00", "WOJ": 10, "sev": 1, "c": [ 255, 255, 0, 160 ], "dmg": 1, "sli": 1, "ser": 0, "fat": 0, "row": -1, "mot": -1, "pie": 1, "uto": -1, "uwr": -1 }, "geometry": { "type": "Point", "coordinates": [ 19.431556, 51.790056 ] } },
{ "type": "Feature", "properties": { "ID": 108647194, "yr": 2020, "dt": "2020-02-01T15:21:00", "WOJ": 10, "sev": 1, "c": [ 255, 255, 0, 160 ], "dmg": 0, "sli": 2, "ser": 0, "fat": 0, "row": -1, "mot": -1, "pie": -1, "uto": -1, "uwr": -1 }, "geometry": { "type": "Point", "coordinates": [ 19.489944, 51.74775 ] } },
{ "type": "Feature", "properties": { "ID": 108647768, "yr": 2020, "dt": "2020-02-02T10:50:00", "WOJ": 10, "sev": 1, "c": [ 255, 255, 0, 160 ], "dmg": 1, "sli": 1, "ser": 0, "fat": 0, "row": -1, "mot": -1, "pie": 1, "uto": -1, "uwr": -1 }, "geometry": { "type": "Point", "coordinates": [ 20.007111, 51.529917 ] } },
{ "type": "Feature", "properties": { "ID": 108647847, "yr": 2020, "dt": "2020-02-02T11:00:00", "WOJ": 10, "sev": 1, "c": [ 255, 255, 0, 160 ], "dmg": 0, "sli": 1, "ser": 0, "fat": 0, "row": -1, "mot": -1, "pie": -1, "uto": -1, "uwr": -1 }, "geometry": { "type": "Point", "coordinates": [ 20.208167, 51.28025 ] } },
{ "type": "Feature", "properties": { "ID": 109137230, "yr": 2020, "dt": "2020-06-09T06:25:00", "WOJ": 10, "sev": 1, "c": [ 255, 255, 0, 160 ], "dmg": 2, "sli": 3, "ser": 0, "fat": 0, "row": -1, "mot": -1, "pie": -1, "uto": -1, "uwr": -1 }, "geometry": { "type": "Point", "coordinates": [ 19.12925, 51.965139 ] } },
{ "type": "Feature", "properties": { "ID": 108648638, "yr": 2020, "dt": "2020-02-02T18:41:00", "WOJ": 10, "sev": 1, "c": [ 255, 255, 0, 160 ], "dmg": 1, "sli": 1, "ser": 0, "fat": 0, "row": -1, "mot": -1, "pie": 1, "uto": -1, "uwr": -1 }, "geometry": { "type": "Point", "coordinates": [ 19.427444, 51.773556 ] } },
{ "type": "Feature", "properties": { "ID": 108647939, "yr": 2020, "dt": "2020-02-02T14:50:00", "WOJ": 10, "sev": 1, "c": [ 255, 255, 0, 160 ], "dmg": 1, "sli": 1, "ser": 0, "fat": 0, "row": -1, "mot": -1, "pie": -1, "uto": -1, "uwr": -1 }, "geometry": { "type": "Point", "coordinates": [ 20.336167, 51.3615 ] } },
{ "type": "Feature", "properties": { "ID": 109328722, "yr": 2020, "dt": "2020-08-05T07:45:00", "WOJ": 10, "sev": 1, "c": [ 255, 255, 0, 160 ], "dmg": 2, "sli": 1, "ser": 0, "fat": 0, "row": -1, "mot": -1, "pie": -1, "uto": -1, "uwr": -1 }, "geometry": { "type": "Point", "coordinates": [ 18.649167, 51.1825 ] } },
{ "type": "Feature", "properties": { "ID": 108648831, "yr": 2020, "dt": "2020-02-02T22:47:00", "WOJ": 10, "sev": 1, "c": [ 255, 255, 0, 160 ], "dmg": 1, "sli": 1, "ser": 0, "fat": 0, "row": -1, "mot": -1, "pie": -1, "uto": -1, "uwr": -1 }, "geometry": { "type": "Point", "coordinates": [ 19.476611, 51.729278 ] } },
{ "type": "Feature", "properties": { "ID": 109266637, "yr": 2020, "dt": "2020-07-07T19:15:00", "WOJ": 10, "sev": 1, "c": [ 255, 255, 0, 160 ], "dmg": 1, "sli": 1, "ser": 0, "fat": 0, "row": -1, "mot": -1, "pie": 1, "uto": -1, "uwr": -1 }, "geometry": { "type": "Point", "coordinates": [ 18.997, 51.145556 ] } },
{ "type": "Feature", "properties": { "ID": 109148613, "yr": 2020, "dt": "2020-06-10T20:20:00", "WOJ": 10, "sev": 1, "c": [ 255, 255, 0, 160 ], "dmg": 2, "sli": 1, "ser": 0, "fat": 0, "row": -1, "mot": -1, "pie": -1, "uto": -1, "uwr": -1 }, "geometry": { "type": "Point", "coordinates": [ 19.668056, 51.405306 ] } },
{ "type": "Feature", "properties": { "ID": 108650662, "yr": 2020, "dt": "2020-02-03T15:37:00", "WOJ": 10, "sev": 1, "c": [ 255, 255, 0, 160 ], "dmg": 1, "sli": 1, "ser": 0, "fat": 0, "row": 1, "mot": -1, "pie": -1, "uto": -1, "uwr": -1 }, "geometry": { "type": "Point", "coordinates": [ 20.018889, 51.5565 ] } },
{ "type": "Feature", "properties": { "ID": 109269689, "yr": 2020, "dt": "2020-07-08T16:05:00", "WOJ": 10, "sev": 1, "c": [ 255, 255, 0, 160 ], "dmg": 1, "sli": 1, "ser": 0, "fat": 0, "row": -1, "mot": -1, "pie": -1, "uto": -1, "uwr": -1 }, "geometry": { "type": "Point", "coordinates": [ 19.457444, 51.764194 ] } },
{ "type": "Feature", "properties": { "ID": 108648832, "yr": 2020, "dt": "2020-02-03T00:40:00", "WOJ": 10, "sev": 1, "c": [ 255, 255, 0, 160 ], "dmg": 0, "sli": 3, "ser": 0, "fat": 0, "row": -1, "mot": -1, "pie": -1, "uto": -1, "uwr": -1 }, "geometry": { "type": "Point", "coordinates": [ 19.8315, 51.344361 ] } },
{ "type": "Feature", "properties": { "ID": 108650605, "yr": 2020, "dt": "2020-02-03T12:21:00", "WOJ": 10, "sev": 1, "c": [ 255, 255, 0, 160 ], "dmg": 1, "sli": 1, "ser": 0, "fat": 0, "row": -1, "mot": -1, "pie": 1, "uto": -1, "uwr": -1 }, "geometry": { "type": "Point", "coordinates": [ 19.820667, 51.742056 ] } },
{ "type": "Feature", "properties": { "ID": 109267500, "yr": 2020, "dt": "2020-07-08T11:15:00", "WOJ": 10, "sev": 1, "c": [ 255, 255, 0, 160 ], "dmg": 1, "sli": 1, "ser": 0, "fat": 0, "row": -1, "mot": -1, "pie": -1, "uto": -1, "uwr": -1 }, "geometry": { "type": "Point", "coordinates": [ 19.421806, 51.791972 ] } },
{ "type": "Feature", "properties": { "ID": 108650090, "yr": 2020, "dt": "2020-02-03T18:05:00", "WOJ": 10, "sev": 1, "c": [ 255, 255, 0, 160 ], "dmg": 1, "sli": 1, "ser": 0, "fat": 0, "row": -1, "mot": -1, "pie": 1, "uto": -1, "uwr": -1 }, "geometry": { "type": "Point", "coordinates": [ 19.574944, 51.753917 ] } },
{ "type": "Feature", "properties": { "ID": 108649814, "yr": 2020, "dt": "2020-02-03T10:46:00", "WOJ": 10, "sev": 1, "c": [ 255, 255, 0, 160 ], "dmg": 1, "sli": 1, "ser": 0, "fat": 0, "row": -1, "mot": -1, "pie": -1, "uto": -1, "uwr": -1 }, "geometry": { "type": "Point", "coordinates": [ 19.531972, 51.743167 ] } },
{ "type": "Feature", "properties": { "ID": 108650093, "yr": 2020, "dt": "2020-02-03T15:20:00", "WOJ": 10, "sev": 1, "c": [ 255, 255, 0, 160 ], "dmg": 1, "sli": 1, "ser": 0, "fat": 0, "row": -1, "mot": -1, "pie": 1, "uto": -1, "uwr": -1 }, "geometry": { "type": "Point", "coordinates": [ 20.275278, 51.375306 ] } },
{ "type": "Feature", "properties": { "ID": 109329267, "yr": 2020, "dt": "2020-08-05T17:13:00", "WOJ": 10, "sev": 1, "c": [ 255, 255, 0, 160 ], "dmg": 2, "sli": 1, "ser": 0, "fat": 0, "row": -1, "mot": -1, "pie": -1, "uto": -1, "uwr": -1 }, "geometry": { "type": "Point", "coordinates": [ 18.642806, 51.661639 ] } },
{ "type": "Feature", "properties": { "ID": 108652830, "yr": 2020, "dt": "2020-02-04T16:56:00", "WOJ": 10, "sev": 1, "c": [ 255, 255, 0, 160 ], "dmg": 3, "sli": 1, "ser": 0, "fat": 0, "row": -1, "mot": -1, "pie": -1, "uto": -1, "uwr": -1 }, "geometry": { "type": "Point", "coordinates": [ 19.460472, 51.795139 ] } },
{ "type": "Feature", "properties": { "ID": 109149194, "yr": 2020, "dt": "2020-06-11T16:25:00", "WOJ": 10, "sev": 1, "c": [ 255, 255, 0, 160 ], "dmg": 1, "sli": 4, "ser": 0, "fat": 0, "row": -1, "mot": -1, "pie": -1, "uto": -1, "uwr": -1 }, "geometry": { "type": "Point", "coordinates": [ 19.50575, 51.058389 ] } },
{ "type": "Feature", "properties": { "ID": 109323535, "yr": 2020, "dt": "2020-08-04T10:00:00", "WOJ": 10, "sev": 1, "c": [ 255, 255, 0, 160 ], "dmg": 1, "sli": 1, "ser": 0, "fat": 0, "row": -1, "mot": -1, "pie": -1, "uto": -1, "uwr": -1 }, "geometry": { "type": "Point", "coordinates": [ 18.95625, 51.88625 ] } },
{ "type": "Feature", "properties": { "ID": 108653104, "yr": 2020, "dt": "2020-02-04T08:45:00", "WOJ": 10, "sev": 1, "c": [ 255, 255, 0, 160 ], "dmg": 2, "sli": 2, "ser": 0, "fat": 0, "row": -1, "mot": -1, "pie": -1, "uto": -1, "uwr": -1 }, "geometry": { "type": "Point", "coordinates": [ 20.158278, 51.959889 ] } },
{ "type": "Feature", "properties": { "ID": 108651617, "yr": 2020, "dt": "2020-02-04T09:11:00", "WOJ": 10, "sev": 1, "c": [ 255, 255, 0, 160 ], "dmg": 1, "sli": 2, "ser": 0, "fat": 0, "row": -1, "mot": -1, "pie": -1, "uto": -1, "uwr": -1 }, "geometry": { "type": "Point", "coordinates": [ 19.478861, 51.731722 ] } },
{ "type": "Feature", "properties": { "ID": 109325815, "yr": 2020, "dt": "2020-08-04T16:30:00", "WOJ": 10, "sev": 1, "c": [ 255, 255, 0, 160 ], "dmg": 1, "sli": 1, "ser": 0, "fat": 0, "row": 1, "mot": -1, "pie": -1, "uto": -1, "uwr": -1 }, "geometry": { "type": "Point", "coordinates": [ 20.201, 51.908528 ] } },
{ "type": "Feature", "properties": { "ID": 108652711, "yr": 2020, "dt": "2020-02-04T18:53:00", "WOJ": 10, "sev": 1, "c": [ 255, 255, 0, 160 ], "dmg": 1, "sli": 1, "ser": 0, "fat": 0, "row": -1, "mot": -1, "pie": -1, "uto": -1, "uwr": -1 }, "geometry": { "type": "Point", "coordinates": [ 19.453389, 51.731889 ] } },
{ "type": "Feature", "properties": { "ID": 108654650, "yr": 2020, "dt": "2020-02-05T18:05:00", "WOJ": 10, "sev": 1, "c": [ 255, 255, 0, 160 ], "dmg": 1, "sli": 1, "ser": 0, "fat": 0, "row": -1, "mot": -1, "pie": 1, "uto": -1, "uwr": -1 }, "geometry": { "type": "Point", "coordinates": [ 20.009528, 51.530472 ] } },
{ "type": "Feature", "properties": { "ID": 109324813, "yr": 2020, "dt": "2020-08-04T05:20:00", "WOJ": 10, "sev": 1, "c": [ 255, 255, 0, 160 ], "dmg": 0, "sli": 1, "ser": 0, "fat": 0, "row": -1, "mot": -1, "pie": -1, "uto": -1, "uwr": -1 }, "geometry": { "type": "Point", "coordinates": [ 19.194194, 52.255417 ] } },
{ "type": "Feature", "properties": { "ID": 108653992, "yr": 2020, "dt": "2020-02-05T17:45:00", "WOJ": 10, "sev": 1, "c": [ 255, 255, 0, 160 ], "dmg": 2, "sli": 2, "ser": 0, "fat": 0, "row": -1, "mot": -1, "pie": -1, "uto": -1, "uwr": -1 }, "geometry": { "type": "Point", "coordinates": [ 19.668056, 51.405389 ] } },
{ "type": "Feature", "properties": { "ID": 109148973, "yr": 2020, "dt": "2020-06-11T14:22:00", "WOJ": 10, "sev": 1, "c": [ 255, 255, 0, 160 ], "dmg": 2, "sli": 1, "ser": 0, "fat": 0, "row": -1, "mot": -1, "pie": -1, "uto": -1, "uwr": -1 }, "geometry": { "type": "Point", "coordinates": [ 19.447778, 51.775417 ] } },
{ "type": "Feature", "properties": { "ID": 108653927, "yr": 2020, "dt": "2020-02-05T13:30:00", "WOJ": 10, "sev": 1, "c": [ 255, 255, 0, 160 ], "dmg": 1, "sli": 1, "ser": 0, "fat": 0, "row": -1, "mot": -1, "pie": -1, "uto": -1, "uwr": -1 }, "geometry": { "type": "Point", "coordinates": [ 18.385278, 51.666528 ] } },
{ "type": "Feature", "properties": { "ID": 108653520, "yr": 2020, "dt": "2020-02-05T10:42:00", "WOJ": 10, "sev": 1, "c": [ 255, 255, 0, 160 ], "dmg": 0, "sli": 1, "ser": 0, "fat": 0, "row": -1, "mot": -1, "pie": -1, "uto": -1, "uwr": -1 }, "geometry": { "type": "Point", "coordinates": [ 20.071556, 51.596417 ] } },
{ "type": "Feature", "properties": { "ID": 108655638, "yr": 2020, "dt": "2020-02-06T13:05:00", "WOJ": 10, "sev": 1, "c": [ 255, 255, 0, 160 ], "dmg": 2, "sli": 2, "ser": 0, "fat": 0, "row": -1, "mot": -1, "pie": -1, "uto": -1, "uwr": -1 }, "geometry": { "type": "Point", "coordinates": [ 19.675944, 51.758361 ] } },
{ "type": "Feature", "properties": { "ID": 109293541, "yr": 2020, "dt": "2020-07-20T14:10:00", "WOJ": 10, "sev": 1, "c": [ 255, 255, 0, 160 ], "dmg": 2, "sli": 2, "ser": 0, "fat": 0, "row": -1, "mot": -1, "pie": -1, "uto": -1, "uwr": -1 }, "geometry": { "type": "Point", "coordinates": [ 19.165139, 51.335306 ] } },
{ "type": "Feature", "properties": { "ID": 108654415, "yr": 2020, "dt": "2020-02-06T07:40:00", "WOJ": 10, "sev": 1, "c": [ 255, 255, 0, 160 ], "dmg": 1, "sli": 1, "ser": 0, "fat": 0, "row": -1, "mot": -1, "pie": -1, "uto": -1, "uwr": -1 }, "geometry": { "type": "Point", "coordinates": [ 18.850194, 51.780028 ] } },
{ "type": "Feature", "properties": { "ID": 108655215, "yr": 2020, "dt": "2020-02-06T09:23:00", "WOJ": 10, "sev": 1, "c": [ 255, 255, 0, 160 ], "dmg": 1, "sli": 1, "ser": 0, "fat": 0, "row": -1, "mot": -1, "pie": -1, "uto": -1, "uwr": -1 }, "geometry": { "type": "Point", "coordinates": [ 20.237944, 52.075278 ] } },
{ "type": "Feature", "properties": { "ID": 108656557, "yr": 2020, "dt": "2020-02-06T19:40:00", "WOJ": 10, "sev": 1, "c": [ 255, 255, 0, 160 ], "dmg": 1, "sli": 1, "ser": 0, "fat": 0, "row": -1, "mot": -1, "pie": -1, "uto": -1, "uwr": -1 }, "geometry": { "type": "Point", "coordinates": [ 19.459833, 51.800944 ] } },
{ "type": "Feature", "properties": { "ID": 109292926, "yr": 2020, "dt": "2020-07-20T06:53:00", "WOJ": 10, "sev": 1, "c": [ 255, 255, 0, 160 ], "dmg": 1, "sli": 1, "ser": 0, "fat": 0, "row": -1, "mot": -1, "pie": -1, "uto": -1, "uwr": -1 }, "geometry": { "type": "Point", "coordinates": [ 19.438472, 51.768972 ] } },
{ "type": "Feature", "properties": { "ID": 109154580, "yr": 2020, "dt": "2020-06-11T12:40:00", "WOJ": 10, "sev": 1, "c": [ 255, 255, 0, 160 ], "dmg": 2, "sli": 1, "ser": 0, "fat": 0, "row": -1, "mot": -1, "pie": -1, "uto": -1, "uwr": -1 }, "geometry": { "type": "Point", "coordinates": [ 19.657972, 51.473417 ] } },
{ "type": "Feature", "properties": { "ID": 109149135, "yr": 2020, "dt": "2020-06-11T15:44:00", "WOJ": 10, "sev": 1, "c": [ 255, 255, 0, 160 ], "dmg": 1, "sli": 1, "ser": 0, "fat": 0, "row": 1, "mot": -1, "pie": -1, "uto": -1, "uwr": -1 }, "geometry": { "type": "Point", "coordinates": [ 19.825694, 51.369778 ] } },
{ "type": "Feature", "properties": { "ID": 108655948, "yr": 2020, "dt": "2020-02-06T17:25:00", "WOJ": 10, "sev": 1, "c": [ 255, 255, 0, 160 ], "dmg": 1, "sli": 1, "ser": 0, "fat": 0, "row": -1, "mot": -1, "pie": 1, "uto": -1, "uwr": -1 }, "geometry": { "type": "Point", "coordinates": [ 18.432694, 51.6525 ] } },
{ "type": "Feature", "properties": { "ID": 108654226, "yr": 2020, "dt": "2020-02-06T07:41:00", "WOJ": 10, "sev": 1, "c": [ 255, 255, 0, 160 ], "dmg": 0, "sli": 1, "ser": 0, "fat": 0, "row": -1, "mot": -1, "pie": -1, "uto": -1, "uwr": -1 }, "geometry": { "type": "Point", "coordinates": [ 20.01, 51.674444 ] } },
{ "type": "Feature", "properties": { "ID": 109308828, "yr": 2020, "dt": "2020-07-27T08:55:00", "WOJ": 10, "sev": 1, "c": [ 255, 255, 0, 160 ], "dmg": 1, "sli": 1, "ser": 0, "fat": 0, "row": 1, "mot": -1, "pie": -1, "uto": -1, "uwr": -1 }, "geometry": { "type": "Point", "coordinates": [ 19.175306, 52.054139 ] } },
{ "type": "Feature", "properties": { "ID": 108657933, "yr": 2020, "dt": "2020-02-07T22:20:00", "WOJ": 10, "sev": 1, "c": [ 255, 255, 0, 160 ], "dmg": 1, "sli": 1, "ser": 0, "fat": 0, "row": -1, "mot": -1, "pie": 1, "uto": -1, "uwr": -1 }, "geometry": { "type": "Point", "coordinates": [ 20.012778, 51.543278 ] } },
{ "type": "Feature", "properties": { "ID": 109154787, "yr": 2020, "dt": "2020-06-12T11:05:00", "WOJ": 10, "sev": 1, "c": [ 255, 255, 0, 160 ], "dmg": 2, "sli": 1, "ser": 0, "fat": 0, "row": -1, "mot": -1, "pie": -1, "uto": -1, "uwr": -1 }, "geometry": { "type": "Point", "coordinates": [ 19.668083, 51.405306 ] } },
{ "type": "Feature", "properties": { "ID": 108657259, "yr": 2020, "dt": "2020-02-07T10:30:00", "WOJ": 10, "sev": 1, "c": [ 255, 255, 0, 160 ], "dmg": 1, "sli": 1, "ser": 0, "fat": 0, "row": -1, "mot": -1, "pie": 1, "uto": -1, "uwr": -1 }, "geometry": { "type": "Point", "coordinates": [ 19.143667, 51.596833 ] } },
{ "type": "Feature", "properties": { "ID": 108657966, "yr": 2020, "dt": "2020-02-07T21:50:00", "WOJ": 10, "sev": 1, "c": [ 255, 255, 0, 160 ], "dmg": 2, "sli": 1, "ser": 0, "fat": 0, "row": -1, "mot": -1, "pie": -1, "uto": -1, "uwr": -1 }, "geometry": { "type": "Point", "coordinates": [ 19.951222, 52.006111 ] } },
{ "type": "Feature", "properties": { "ID": 108658560, "yr": 2020, "dt": "2020-02-07T16:24:00", "WOJ": 10, "sev": 1, "c": [ 255, 255, 0, 160 ], "dmg": 1, "sli": 1, "ser": 0, "fat": 0, "row": -1, "mot": -1, "pie": 1, "uto": -1, "uwr": -1 }, "geometry": { "type": "Point", "coordinates": [ 18.88825, 51.120194 ] } },
{ "type": "Feature", "properties": { "ID": 109283665, "yr": 2020, "dt": "2020-07-14T15:40:00", "WOJ": 10, "sev": 1, "c": [ 255, 255, 0, 160 ], "dmg": 1, "sli": 1, "ser": 0, "fat": 0, "row": 1, "mot": -1, "pie": -1, "uto": -1, "uwr": -1 }, "geometry": { "type": "Point", "coordinates": [ 19.621944, 52.253306 ] } },
{ "type": "Feature", "properties": { "ID": 108662281, "yr": 2020, "dt": "2020-02-07T19:30:00", "WOJ": 10, "sev": 1, "c": [ 255, 255, 0, 160 ], "dmg": 1, "sli": 1, "ser": 0, "fat": 0, "row": -1, "mot": -1, "pie": 1, "uto": -1, "uwr": -1 }, "geometry": { "type": "Point", "coordinates": [ 19.495222, 51.719194 ] } },
{ "type": "Feature", "properties": { "ID": 108660170, "yr": 2020, "dt": "2020-02-08T23:17:00", "WOJ": 10, "sev": 1, "c": [ 255, 255, 0, 160 ], "dmg": 1, "sli": 1, "ser": 0, "fat": 0, "row": -1, "mot": -1, "pie": -1, "uto": -1, "uwr": -1 }, "geometry": { "type": "Point", "coordinates": [ 18.38225, 51.438028 ] } },
{ "type": "Feature", "properties": { "ID": 108658348, "yr": 2020, "dt": "2020-02-08T14:00:00", "WOJ": 10, "sev": 1, "c": [ 255, 255, 0, 160 ], "dmg": 2, "sli": 1, "ser": 0, "fat": 0, "row": -1, "mot": -1, "pie": -1, "uto": -1, "uwr": -1 }, "geometry": { "type": "Point", "coordinates": [ 19.558194, 51.082778 ] } },
{ "type": "Feature", "properties": { "ID": 108659948, "yr": 2020, "dt": "2020-02-08T12:20:00", "WOJ": 10, "sev": 1, "c": [ 255, 255, 0, 160 ], "dmg": 0, "sli": 3, "ser": 0, "fat": 0, "row": -1, "mot": -1, "pie": -1, "uto": -1, "uwr": -1 }, "geometry": { "type": "Point", "coordinates": [ 19.842278, 51.495194 ] } },
{ "type": "Feature", "properties": { "ID": 108660063, "yr": 2020, "dt": "2020-02-08T21:00:00", "WOJ": 10, "sev": 1, "c": [ 255, 255, 0, 160 ], "dmg": 1, "sli": 1, "ser": 0, "fat": 0, "row": -1, "mot": -1, "pie": 1, "uto": -1, "uwr": -1 }, "geometry": { "type": "Point", "coordinates": [ 19.452889, 51.784778 ] } },
{ "type": "Feature", "properties": { "ID": 109154813, "yr": 2020, "dt": "2020-06-12T12:50:00", "WOJ": 10, "sev": 1, "c": [ 255, 255, 0, 160 ], "dmg": 1, "sli": 1, "ser": 0, "fat": 0, "row": -1, "mot": -1, "pie": -1, "uto": -1, "uwr": -1 }, "geometry": { "type": "Point", "coordinates": [ 19.388278, 51.801694 ] } },
{ "type": "Feature", "properties": { "ID": 108659946, "yr": 2020, "dt": "2020-02-08T14:10:00", "WOJ": 10, "sev": 1, "c": [ 255, 255, 0, 160 ], "dmg": 1, "sli": 1, "ser": 0, "fat": 0, "row": 1, "mot": -1, "pie": -1, "uto": -1, "uwr": -1 }, "geometry": { "type": "Point", "coordinates": [ 19.717056, 51.403806 ] } },
{ "type": "Feature", "properties": { "ID": 108660571, "yr": 2020, "dt": "2020-02-08T23:00:00", "WOJ": 10, "sev": 1, "c": [ 255, 255, 0, 160 ], "dmg": 1, "sli": 1, "ser": 0, "fat": 0, "row": -1, "mot": -1, "pie": -1, "uto": -1, "uwr": -1 }, "geometry": { "type": "Point", "coordinates": [ 19.421389, 51.458306 ] } },
{ "type": "Feature", "properties": { "ID": 109155408, "yr": 2020, "dt": "2020-06-12T15:15:00", "WOJ": 10, "sev": 1, "c": [ 255, 255, 0, 160 ], "dmg": 0, "sli": 4, "ser": 0, "fat": 0, "row": -1, "mot": -1, "pie": -1, "uto": -1, "uwr": -1 }, "geometry": { "type": "Point", "coordinates": [ 19.668444, 51.247972 ] } },
{ "type": "Feature", "properties": { "ID": 108660178, "yr": 2020, "dt": "2020-02-09T01:22:00", "WOJ": 10, "sev": 1, "c": [ 255, 255, 0, 160 ], "dmg": 1, "sli": 1, "ser": 0, "fat": 0, "row": -1, "mot": -1, "pie": 1, "uto": -1, "uwr": -1 }, "geometry": { "type": "Point", "coordinates": [ 19.265, 51.823889 ] } },
{ "type": "Feature", "properties": { "ID": 108660779, "yr": 2020, "dt": "2020-02-09T14:45:00", "WOJ": 10, "sev": 1, "c": [ 255, 255, 0, 160 ], "dmg": 3, "sli": 1, "ser": 0, "fat": 0, "row": -1, "mot": -1, "pie": -1, "uto": -1, "uwr": -1 }, "geometry": { "type": "Point", "coordinates": [ 19.53025, 51.266167 ] } },
{ "type": "Feature", "properties": { "ID": 108661489, "yr": 2020, "dt": "2020-02-09T18:47:00", "WOJ": 10, "sev": 1, "c": [ 255, 255, 0, 160 ], "dmg": 0, "sli": 1, "ser": 0, "fat": 0, "row": -1, "mot": -1, "pie": -1, "uto": -1, "uwr": -1 }, "geometry": { "type": "Point", "coordinates": [ 19.593333, 51.710167 ] } },
{ "type": "Feature", "properties": { "ID": 109163631, "yr": 2020, "dt": "2020-06-13T08:15:00", "WOJ": 10, "sev": 1, "c": [ 255, 255, 0, 160 ], "dmg": 0, "sli": 1, "ser": 0, "fat": 0, "row": 1, "mot": -1, "pie": -1, "uto": -1, "uwr": -1 }, "geometry": { "type": "Point", "coordinates": [ 19.461361, 51.779472 ] } },
{ "type": "Feature", "properties": { "ID": 108660675, "yr": 2020, "dt": "2020-02-09T10:10:00", "WOJ": 10, "sev": 1, "c": [ 255, 255, 0, 160 ], "dmg": 1, "sli": 1, "ser": 0, "fat": 0, "row": -1, "mot": -1, "pie": -1, "uto": -1, "uwr": -1 }, "geometry": { "type": "Point", "coordinates": [ 19.250028, 51.317833 ] } },
{ "type": "Feature", "properties": { "ID": 108661681, "yr": 2020, "dt": "2020-02-10T08:28:00", "WOJ": 10, "sev": 1, "c": [ 255, 255, 0, 160 ], "dmg": 2, "sli": 1, "ser": 0, "fat": 0, "row": -1, "mot": -1, "pie": -1, "uto": -1, "uwr": -1 }, "geometry": { "type": "Point", "coordinates": [ 19.515, 51.7965 ] } },
{ "type": "Feature", "properties": { "ID": 109157083, "yr": 2020, "dt": "2020-06-13T09:35:00", "WOJ": 10, "sev": 1, "c": [ 255, 255, 0, 160 ], "dmg": 1, "sli": 1, "ser": 0, "fat": 0, "row": -1, "mot": -1, "pie": -1, "uto": -1, "uwr": -1 }, "geometry": { "type": "Point", "coordinates": [ 20.252, 51.369833 ] } },
{ "type": "Feature", "properties": { "ID": 109157134, "yr": 2020, "dt": "2020-06-13T14:06:00", "WOJ": 10, "sev": 1, "c": [ 255, 255, 0, 160 ], "dmg": 1, "sli": 1, "ser": 0, "fat": 0, "row": -1, "mot": -1, "pie": -1, "uto": -1, "uwr": -1 }, "geometry": { "type": "Point", "coordinates": [ 19.421806, 51.791972 ] } },
{ "type": "Feature", "properties": { "ID": 109155753, "yr": 2020, "dt": "2020-06-13T14:40:00", "WOJ": 10, "sev": 1, "c": [ 255, 255, 0, 160 ], "dmg": 1, "sli": 1, "ser": 0, "fat": 0, "row": -1, "mot": -1, "pie": 1, "uto": -1, "uwr": -1 }, "geometry": { "type": "Point", "coordinates": [ 19.186861, 51.9235 ] } },
{ "type": "Feature", "properties": { "ID": 109157478, "yr": 2020, "dt": "2020-06-13T20:40:00", "WOJ": 10, "sev": 1, "c": [ 255, 255, 0, 160 ], "dmg": 0, "sli": 1, "ser": 0, "fat": 0, "row": -1, "mot": -1, "pie": -1, "uto": -1, "uwr": -1 }, "geometry": { "type": "Point", "coordinates": [ 20.451889, 51.707417 ] } },
{ "type": "Feature", "properties": { "ID": 108662891, "yr": 2020, "dt": "2020-02-10T18:17:00", "WOJ": 10, "sev": 1, "c": [ 255, 255, 0, 160 ], "dmg": 1, "sli": 1, "ser": 0, "fat": 0, "row": -1, "mot": -1, "pie": 1, "uto": -1, "uwr": -1 }, "geometry": { "type": "Point", "coordinates": [ 19.289722, 51.960833 ] } },
{ "type": "Feature", "properties": { "ID": 109267064, "yr": 2020, "dt": "2020-07-08T05:47:00", "WOJ": 10, "sev": 1, "c": [ 255, 255, 0, 160 ], "dmg": 2, "sli": 4, "ser": 0, "fat": 0, "row": -1, "mot": -1, "pie": 0, "uto": -1, "uwr": -1 }, "geometry": { "type": "Point", "coordinates": [ 19.504889, 51.734444 ] } },
{ "type": "Feature", "properties": { "ID": 108662351, "yr": 2020, "dt": "2020-02-10T15:40:00", "WOJ": 10, "sev": 1, "c": [ 255, 255, 0, 160 ], "dmg": 1, "sli": 1, "ser": 0, "fat": 0, "row": -1, "mot": 1, "pie": -1, "uto": -1, "uwr": -1 }, "geometry": { "type": "Point", "coordinates": [ 20.413444, 51.345306 ] } },
{ "type": "Feature", "properties": { "ID": 109156726, "yr": 2020, "dt": "2020-06-13T08:00:00", "WOJ": 10, "sev": 1, "c": [ 255, 255, 0, 160 ], "dmg": 1, "sli": 1, "ser": 0, "fat": 0, "row": -1, "mot": 1, "pie": -1, "uto": -1, "uwr": -1 }, "geometry": { "type": "Point", "coordinates": [ 18.715889, 51.595528 ] } },
{ "type": "Feature", "properties": { "ID": 108663299, "yr": 2020, "dt": "2020-02-11T09:07:00", "WOJ": 10, "sev": 1, "c": [ 255, 255, 0, 160 ], "dmg": 1, "sli": 1, "ser": 0, "fat": 0, "row": -1, "mot": -1, "pie": -1, "uto": -1, "uwr": -1 }, "geometry": { "type": "Point", "coordinates": [ 19.429611, 51.710083 ] } },
{ "type": "Feature", "properties": { "ID": 108664496, "yr": 2020, "dt": "2020-02-11T12:30:00", "WOJ": 10, "sev": 1, "c": [ 255, 255, 0, 160 ], "dmg": 0, "sli": 1, "ser": 0, "fat": 0, "row": -1, "mot": -1, "pie": -1, "uto": -1, "uwr": -1 }, "geometry": { "type": "Point", "coordinates": [ 20.237361, 51.793944 ] } },
{ "type": "Feature", "properties": { "ID": 108667744, "yr": 2020, "dt": "2020-02-12T14:20:00", "WOJ": 10, "sev": 1, "c": [ 255, 255, 0, 160 ], "dmg": 3, "sli": 1, "ser": 0, "fat": 0, "row": -1, "mot": -1, "pie": -1, "uto": -1, "uwr": -1 }, "geometry": { "type": "Point", "coordinates": [ 19.410917, 52.225806 ] } },
{ "type": "Feature", "properties": { "ID": 109309238, "yr": 2020, "dt": "2020-07-27T19:30:00", "WOJ": 10, "sev": 1, "c": [ 255, 255, 0, 160 ], "dmg": 1, "sli": 1, "ser": 0, "fat": 0, "row": 1, "mot": -1, "pie": -1, "uto": -1, "uwr": -1 }, "geometry": { "type": "Point", "coordinates": [ 18.145778, 51.296694 ] } },
{ "type": "Feature", "properties": { "ID": 108667590, "yr": 2020, "dt": "2020-02-12T11:12:00", "WOJ": 10, "sev": 1, "c": [ 255, 255, 0, 160 ], "dmg": 1, "sli": 1, "ser": 0, "fat": 0, "row": -1, "mot": -1, "pie": -1, "uto": -1, "uwr": -1 }, "geometry": { "type": "Point", "coordinates": [ 19.392, 51.784639 ] } },
{ "type": "Feature", "properties": { "ID": 108669144, "yr": 2020, "dt": "2020-02-13T13:15:00", "WOJ": 10, "sev": 1, "c": [ 255, 255, 0, 160 ], "dmg": 1, "sli": 1, "ser": 0, "fat": 0, "row": -1, "mot": -1, "pie": 1, "uto": -1, "uwr": -1 }, "geometry": { "type": "Point", "coordinates": [ 19.395833, 51.862417 ] } },
{ "type": "Feature", "properties": { "ID": 108668530, "yr": 2020, "dt": "2020-02-13T07:25:00", "WOJ": 10, "sev": 1, "c": [ 255, 255, 0, 160 ], "dmg": 1, "sli": 1, "ser": 0, "fat": 0, "row": 1, "mot": -1, "pie": -1, "uto": -1, "uwr": -1 }, "geometry": { "type": "Point", "coordinates": [ 19.960444, 51.548417 ] } },
{ "type": "Feature", "properties": { "ID": 108668883, "yr": 2020, "dt": "2020-02-13T15:40:00", "WOJ": 10, "sev": 1, "c": [ 255, 255, 0, 160 ], "dmg": 1, "sli": 1, "ser": 0, "fat": 0, "row": -1, "mot": -1, "pie": -1, "uto": -1, "uwr": -1 }, "geometry": { "type": "Point", "coordinates": [ 19.506833, 51.763167 ] } },
{ "type": "Feature", "properties": { "ID": 109160253, "yr": 2020, "dt": "2020-06-14T20:40:00", "WOJ": 10, "sev": 1, "c": [ 255, 255, 0, 160 ], "dmg": 0, "sli": 1, "ser": 0, "fat": 0, "row": -1, "mot": 1, "pie": -1, "uto": -1, "uwr": -1 }, "geometry": { "type": "Point", "coordinates": [ 18.926333, 51.956167 ] } },
{ "type": "Feature", "properties": { "ID": 108668802, "yr": 2020, "dt": "2020-02-13T11:26:00", "WOJ": 10, "sev": 1, "c": [ 255, 255, 0, 160 ], "dmg": 2, "sli": 1, "ser": 0, "fat": 0, "row": -1, "mot": -1, "pie": -1, "uto": -1, "uwr": -1 }, "geometry": { "type": "Point", "coordinates": [ 20.12625, 51.963333 ] } },
{ "type": "Feature", "properties": { "ID": 109325119, "yr": 2020, "dt": "2020-08-04T10:07:00", "WOJ": 10, "sev": 1, "c": [ 255, 255, 0, 160 ], "dmg": 1, "sli": 1, "ser": 0, "fat": 0, "row": -1, "mot": -1, "pie": -1, "uto": -1, "uwr": -1 }, "geometry": { "type": "Point", "coordinates": [ 19.943806, 51.580667 ] } },
{ "type": "Feature", "properties": { "ID": 109160152, "yr": 2020, "dt": "2020-06-14T17:40:00", "WOJ": 10, "sev": 1, "c": [ 255, 255, 0, 160 ], "dmg": 1, "sli": 1, "ser": 0, "fat": 0, "row": 1, "mot": -1, "pie": -1, "uto": -1, "uwr": -1 }, "geometry": { "type": "Point", "coordinates": [ 19.59, 51.20725 ] } },
{ "type": "Feature", "properties": { "ID": 108668272, "yr": 2020, "dt": "2020-02-13T08:20:00", "WOJ": 10, "sev": 1, "c": [ 255, 255, 0, 160 ], "dmg": 1, "sli": 1, "ser": 0, "fat": 0, "row": -1, "mot": -1, "pie": 1, "uto": -1, "uwr": -1 }, "geometry": { "type": "Point", "coordinates": [ 19.485194, 51.761639 ] } },
{ "type": "Feature", "properties": { "ID": 109160189, "yr": 2020, "dt": "2020-06-14T18:25:00", "WOJ": 10, "sev": 1, "c": [ 255, 255, 0, 160 ], "dmg": 1, "sli": 1, "ser": 0, "fat": 0, "row": -1, "mot": 1, "pie": -1, "uto": -1, "uwr": -1 }, "geometry": { "type": "Point", "coordinates": [ 19.722694, 51.400861 ] } },
{ "type": "Feature", "properties": { "ID": 108671186, "yr": 2020, "dt": "2020-02-14T15:20:00", "WOJ": 10, "sev": 1, "c": [ 255, 255, 0, 160 ], "dmg": 1, "sli": 1, "ser": 0, "fat": 0, "row": -1, "mot": -1, "pie": -1, "uto": -1, "uwr": -1 }, "geometry": { "type": "Point", "coordinates": [ 19.454833, 51.762778 ] } },
{ "type": "Feature", "properties": { "ID": 109701616, "yr": 2020, "dt": "2020-12-30T16:06:48", "WOJ": 10, "sev": 1, "c": [ 255, 255, 0, 160 ], "dmg": 2, "sli": 1, "ser": 0, "fat": 0, "row": -1, "mot": -1, "pie": -1, "uto": -1, "uwr": -1 }, "geometry": { "type": "Point", "coordinates": [ 19.503222, 51.81325 ] } },
{ "type": "Feature", "properties": { "ID": 108671674, "yr": 2020, "dt": "2020-02-14T12:07:00", "WOJ": 10, "sev": 1, "c": [ 255, 255, 0, 160 ], "dmg": 1, "sli": 1, "ser": 0, "fat": 0, "row": -1, "mot": -1, "pie": 1, "uto": -1, "uwr": -1 }, "geometry": { "type": "Point", "coordinates": [ 19.452611, 51.734611 ] } },
{ "type": "Feature", "properties": { "ID": 109160175, "yr": 2020, "dt": "2020-06-14T20:27:00", "WOJ": 10, "sev": 1, "c": [ 255, 255, 0, 160 ], "dmg": 1, "sli": 1, "ser": 0, "fat": 0, "row": 1, "mot": -1, "pie": -1, "uto": -1, "uwr": -1 }, "geometry": { "type": "Point", "coordinates": [ 19.450056, 51.758 ] } },
{ "type": "Feature", "properties": { "ID": 109160266, "yr": 2020, "dt": "2020-06-14T21:10:00", "WOJ": 10, "sev": 1, "c": [ 255, 255, 0, 160 ], "dmg": 1, "sli": 1, "ser": 0, "fat": 0, "row": -1, "mot": -1, "pie": -1, "uto": -1, "uwr": -1 }, "geometry": { "type": "Point", "coordinates": [ 19.360833, 52.323917 ] } },
{ "type": "Feature", "properties": { "ID": 108671132, "yr": 2020, "dt": "2020-02-15T00:05:00", "WOJ": 10, "sev": 1, "c": [ 255, 255, 0, 160 ], "dmg": 1, "sli": 1, "ser": 0, "fat": 0, "row": -1, "mot": -1, "pie": 1, "uto": -1, "uwr": -1 }, "geometry": { "type": "Point", "coordinates": [ 19.437361, 51.711833 ] } },
{ "type": "Feature", "properties": { "ID": 109281715, "yr": 2020, "dt": "2020-07-14T11:01:00", "WOJ": 10, "sev": 1, "c": [ 255, 255, 0, 160 ], "dmg": 1, "sli": 1, "ser": 0, "fat": 0, "row": -1, "mot": -1, "pie": -1, "uto": -1, "uwr": -1 }, "geometry": { "type": "Point", "coordinates": [ 19.454417, 51.778167 ] } },
{ "type": "Feature", "properties": { "ID": 108672778, "yr": 2020, "dt": "2020-02-15T16:20:00", "WOJ": 10, "sev": 1, "c": [ 255, 255, 0, 160 ], "dmg": 1, "sli": 1, "ser": 0, "fat": 0, "row": -1, "mot": -1, "pie": -1, "uto": -1, "uwr": -1 }, "geometry": { "type": "Point", "coordinates": [ 20.001333, 52.170944 ] } },
{ "type": "Feature", "properties": { "ID": 108673979, "yr": 2020, "dt": "2020-02-16T20:04:00", "WOJ": 10, "sev": 1, "c": [ 255, 255, 0, 160 ], "dmg": 2, "sli": 1, "ser": 0, "fat": 0, "row": -1, "mot": -1, "pie": 0, "uto": -1, "uwr": -1 }, "geometry": { "type": "Point", "coordinates": [ 19.454667, 51.7565 ] } },
{ "type": "Feature", "properties": { "ID": 108673041, "yr": 2020, "dt": "2020-02-16T03:27:00", "WOJ": 10, "sev": 1, "c": [ 255, 255, 0, 160 ], "dmg": 1, "sli": 1, "ser": 0, "fat": 0, "row": -1, "mot": -1, "pie": -1, "uto": -1, "uwr": -1 }, "geometry": { "type": "Point", "coordinates": [ 20.360278, 51.789444 ] } },
{ "type": "Feature", "properties": { "ID": 109159603, "yr": 2020, "dt": "2020-06-14T08:00:00", "WOJ": 10, "sev": 1, "c": [ 255, 255, 0, 160 ], "dmg": 0, "sli": 1, "ser": 0, "fat": 0, "row": -1, "mot": -1, "pie": -1, "uto": -1, "uwr": -1 }, "geometry": { "type": "Point", "coordinates": [ 19.451, 51.780139 ] } },
{ "type": "Feature", "properties": { "ID": 109269929, "yr": 2020, "dt": "2020-07-08T17:30:00", "WOJ": 10, "sev": 1, "c": [ 255, 255, 0, 160 ], "dmg": 1, "sli": 1, "ser": 0, "fat": 0, "row": -1, "mot": -1, "pie": 1, "uto": -1, "uwr": -1 }, "geometry": { "type": "Point", "coordinates": [ 19.716583, 51.965556 ] } },
{ "type": "Feature", "properties": { "ID": 108675576, "yr": 2020, "dt": "2020-02-16T19:22:00", "WOJ": 10, "sev": 1, "c": [ 255, 255, 0, 160 ], "dmg": 1, "sli": 1, "ser": 0, "fat": 0, "row": -1, "mot": -1, "pie": -1, "uto": -1, "uwr": -1 }, "geometry": { "type": "Point", "coordinates": [ 19.472611, 51.769611 ] } },
{ "type": "Feature", "properties": { "ID": 108679807, "yr": 2020, "dt": "2020-02-17T17:45:00", "WOJ": 10, "sev": 1, "c": [ 255, 255, 0, 160 ], "dmg": 1, "sli": 2, "ser": 0, "fat": 0, "row": -1, "mot": -1, "pie": -1, "uto": -1, "uwr": -1 }, "geometry": { "type": "Point", "coordinates": [ 20.125556, 51.369639 ] } },
{ "type": "Feature", "properties": { "ID": 108678483, "yr": 2020, "dt": "2020-02-17T06:34:00", "WOJ": 10, "sev": 1, "c": [ 255, 255, 0, 160 ], "dmg": 1, "sli": 1, "ser": 0, "fat": 0, "row": -1, "mot": -1, "pie": 1, "uto": -1, "uwr": -1 }, "geometry": { "type": "Point", "coordinates": [ 19.522667, 51.243972 ] } },
{ "type": "Feature", "properties": { "ID": 109159907, "yr": 2020, "dt": "2020-06-14T18:10:00", "WOJ": 10, "sev": 1, "c": [ 255, 255, 0, 160 ], "dmg": 1, "sli": 1, "ser": 0, "fat": 0, "row": 1, "mot": -1, "pie": -1, "uto": -1, "uwr": -1 }, "geometry": { "type": "Point", "coordinates": [ 19.479389, 51.699694 ] } },
{ "type": "Feature", "properties": { "ID": 108681452, "yr": 2020, "dt": "2020-02-17T21:30:00", "WOJ": 10, "sev": 1, "c": [ 255, 255, 0, 160 ], "dmg": 0, "sli": 1, "ser": 0, "fat": 0, "row": -1, "mot": -1, "pie": -1, "uto": -1, "uwr": -1 }, "geometry": { "type": "Point", "coordinates": [ 20.385167, 51.917639 ] } },
{ "type": "Feature", "properties": { "ID": 108679788, "yr": 2020, "dt": "2020-02-17T18:30:00", "WOJ": 10, "sev": 1, "c": [ 255, 255, 0, 160 ], "dmg": 1, "sli": 1, "ser": 0, "fat": 0, "row": 1, "mot": -1, "pie": -1, "uto": -1, "uwr": -1 }, "geometry": { "type": "Point", "coordinates": [ 19.327861, 51.160694 ] } },
{ "type": "Feature", "properties": { "ID": 108680688, "yr": 2020, "dt": "2020-02-17T17:30:00", "WOJ": 10, "sev": 1, "c": [ 255, 255, 0, 160 ], "dmg": 1, "sli": 1, "ser": 0, "fat": 0, "row": -1, "mot": -1, "pie": -1, "uto": -1, "uwr": -1 }, "geometry": { "type": "Point", "coordinates": [ 20.354944, 51.412917 ] } },
{ "type": "Feature", "properties": { "ID": 108712566, "yr": 2020, "dt": "2020-02-18T15:15:00", "WOJ": 10, "sev": 1, "c": [ 255, 255, 0, 160 ], "dmg": 1, "sli": 1, "ser": 0, "fat": 0, "row": -1, "mot": -1, "pie": -1, "uto": -1, "uwr": -1 }, "geometry": { "type": "Point", "coordinates": [ 19.931028, 51.555639 ] } },
{ "type": "Feature", "properties": { "ID": 108711992, "yr": 2020, "dt": "2020-02-18T18:05:00", "WOJ": 10, "sev": 1, "c": [ 255, 255, 0, 160 ], "dmg": 1, "sli": 2, "ser": 0, "fat": 0, "row": -1, "mot": -1, "pie": -1, "uto": -1, "uwr": -1 }, "geometry": { "type": "Point", "coordinates": [ 19.479861, 52.055472 ] } },
{ "type": "Feature", "properties": { "ID": 108685225, "yr": 2020, "dt": "2020-02-18T15:25:00", "WOJ": 10, "sev": 1, "c": [ 255, 255, 0, 160 ], "dmg": 1, "sli": 1, "ser": 0, "fat": 0, "row": -1, "mot": -1, "pie": -1, "uto": -1, "uwr": -1 }, "geometry": { "type": "Point", "coordinates": [ 19.501861, 51.207417 ] } },
{ "type": "Feature", "properties": { "ID": 108711499, "yr": 2020, "dt": "2020-02-18T11:10:00", "WOJ": 10, "sev": 1, "c": [ 255, 255, 0, 160 ], "dmg": 1, "sli": 1, "ser": 0, "fat": 0, "row": -1, "mot": -1, "pie": 1, "uto": -1, "uwr": -1 }, "geometry": { "type": "Point", "coordinates": [ 19.447972, 51.065417 ] } },
{ "type": "Feature", "properties": { "ID": 109162613, "yr": 2020, "dt": "2020-06-14T17:00:00", "WOJ": 10, "sev": 1, "c": [ 255, 255, 0, 160 ], "dmg": 0, "sli": 1, "ser": 0, "fat": 0, "row": -1, "mot": 1, "pie": -1, "uto": -1, "uwr": -1 }, "geometry": { "type": "Point", "coordinates": [ 20.219417, 51.714639 ] } },
{ "type": "Feature", "properties": { "ID": 108685256, "yr": 2020, "dt": "2020-02-18T17:45:00", "WOJ": 10, "sev": 1, "c": [ 255, 255, 0, 160 ], "dmg": 1, "sli": 1, "ser": 0, "fat": 0, "row": -1, "mot": -1, "pie": 1, "uto": -1, "uwr": -1 }, "geometry": { "type": "Point", "coordinates": [ 19.955722, 52.103667 ] } },
{ "type": "Feature", "properties": { "ID": 109160186, "yr": 2020, "dt": "2020-06-14T17:10:00", "WOJ": 10, "sev": 1, "c": [ 255, 255, 0, 160 ], "dmg": 1, "sli": 1, "ser": 0, "fat": 0, "row": -1, "mot": -1, "pie": -1, "uto": -1, "uwr": -1 }, "geometry": { "type": "Point", "coordinates": [ 19.48525, 52.334167 ] } },
{ "type": "Feature", "properties": { "ID": 109162605, "yr": 2020, "dt": "2020-06-14T13:36:00", "WOJ": 10, "sev": 1, "c": [ 255, 255, 0, 160 ], "dmg": 0, "sli": 2, "ser": 0, "fat": 0, "row": -1, "mot": -1, "pie": -1, "uto": -1, "uwr": -1 }, "geometry": { "type": "Point", "coordinates": [ 19.140833, 51.560278 ] } },
{ "type": "Feature", "properties": { "ID": 108711462, "yr": 2020, "dt": "2020-02-18T09:02:00", "WOJ": 10, "sev": 1, "c": [ 255, 255, 0, 160 ], "dmg": 1, "sli": 1, "ser": 0, "fat": 0, "row": -1, "mot": -1, "pie": -1, "uto": -1, "uwr": -1 }, "geometry": { "type": "Point", "coordinates": [ 20.008, 51.532917 ] } },
{ "type": "Feature", "properties": { "ID": 108712308, "yr": 2020, "dt": "2020-02-19T09:00:00", "WOJ": 10, "sev": 1, "c": [ 255, 255, 0, 160 ], "dmg": 1, "sli": 1, "ser": 0, "fat": 0, "row": -1, "mot": -1, "pie": 1, "uto": -1, "uwr": -1 }, "geometry": { "type": "Point", "coordinates": [ 19.495056, 51.727972 ] } },
{ "type": "Feature", "properties": { "ID": 108713892, "yr": 2020, "dt": "2020-02-19T19:53:00", "WOJ": 10, "sev": 1, "c": [ 255, 255, 0, 160 ], "dmg": 1, "sli": 2, "ser": 0, "fat": 0, "row": -1, "mot": -1, "pie": -1, "uto": -1, "uwr": -1 }, "geometry": { "type": "Point", "coordinates": [ 19.589694, 51.793833 ] } },
{ "type": "Feature", "properties": { "ID": 109323534, "yr": 2020, "dt": "2020-08-04T12:31:00", "WOJ": 10, "sev": 1, "c": [ 255, 255, 0, 160 ], "dmg": 2, "sli": 1, "ser": 0, "fat": 0, "row": -1, "mot": -1, "pie": -1, "uto": -1, "uwr": -1 }, "geometry": { "type": "Point", "coordinates": [ 20.183, 51.527694 ] } },
{ "type": "Feature", "properties": { "ID": 108713867, "yr": 2020, "dt": "2020-02-19T17:50:00", "WOJ": 10, "sev": 1, "c": [ 255, 255, 0, 160 ], "dmg": 1, "sli": 1, "ser": 0, "fat": 0, "row": -1, "mot": -1, "pie": 1, "uto": -1, "uwr": -1 }, "geometry": { "type": "Point", "coordinates": [ 19.386333, 51.367083 ] } },
{ "type": "Feature", "properties": { "ID": 108713017, "yr": 2020, "dt": "2020-02-19T12:33:00", "WOJ": 10, "sev": 1, "c": [ 255, 255, 0, 160 ], "dmg": 1, "sli": 1, "ser": 0, "fat": 0, "row": -1, "mot": -1, "pie": 1, "uto": -1, "uwr": -1 }, "geometry": { "type": "Point", "coordinates": [ 20.012278, 51.54225 ] } },
{ "type": "Feature", "properties": { "ID": 108713333, "yr": 2020, "dt": "2020-02-19T17:10:00", "WOJ": 10, "sev": 1, "c": [ 255, 255, 0, 160 ], "dmg": 1, "sli": 1, "ser": 0, "fat": 0, "row": -1, "mot": -1, "pie": -1, "uto": -1, "uwr": -1 }, "geometry": { "type": "Point", "coordinates": [ 18.521194, 51.636972 ] } },
{ "type": "Feature", "properties": { "ID": 108714428, "yr": 2020, "dt": "2020-02-20T15:08:00", "WOJ": 10, "sev": 1, "c": [ 255, 255, 0, 160 ], "dmg": 1, "sli": 1, "ser": 0, "fat": 0, "row": -1, "mot": -1, "pie": 1, "uto": -1, "uwr": -1 }, "geometry": { "type": "Point", "coordinates": [ 19.366083, 52.234639 ] } },
{ "type": "Feature", "properties": { "ID": 109160524, "yr": 2020, "dt": "2020-06-15T09:59:00", "WOJ": 10, "sev": 1, "c": [ 255, 255, 0, 160 ], "dmg": 1, "sli": 1, "ser": 0, "fat": 0, "row": -1, "mot": -1, "pie": 1, "uto": -1, "uwr": -1 }, "geometry": { "type": "Point", "coordinates": [ 19.455139, 51.774722 ] } },
{ "type": "Feature", "properties": { "ID": 109166534, "yr": 2020, "dt": "2020-06-15T18:05:00", "WOJ": 10, "sev": 1, "c": [ 255, 255, 0, 160 ], "dmg": 0, "sli": 2, "ser": 0, "fat": 0, "row": -1, "mot": -1, "pie": -1, "uto": -1, "uwr": -1 }, "geometry": { "type": "Point", "coordinates": [ 19.097417, 51.733778 ] } },
{ "type": "Feature", "properties": { "ID": 109160386, "yr": 2020, "dt": "2020-06-15T06:40:00", "WOJ": 10, "sev": 1, "c": [ 255, 255, 0, 160 ], "dmg": 1, "sli": 1, "ser": 0, "fat": 0, "row": -1, "mot": -1, "pie": -1, "uto": -1, "uwr": -1 }, "geometry": { "type": "Point", "coordinates": [ 20.131639, 51.463 ] } },
{ "type": "Feature", "properties": { "ID": 108715004, "yr": 2020, "dt": "2020-02-20T16:10:00", "WOJ": 10, "sev": 1, "c": [ 255, 255, 0, 160 ], "dmg": 2, "sli": 1, "ser": 0, "fat": 0, "row": -1, "mot": -1, "pie": -1, "uto": -1, "uwr": -1 }, "geometry": { "type": "Point", "coordinates": [ 18.965444, 51.15475 ] } },
{ "type": "Feature", "properties": { "ID": 108716350, "yr": 2020, "dt": "2020-02-21T18:15:00", "WOJ": 10, "sev": 1, "c": [ 255, 255, 0, 160 ], "dmg": 1, "sli": 1, "ser": 0, "fat": 0, "row": -1, "mot": -1, "pie": 1, "uto": -1, "uwr": -1 }, "geometry": { "type": "Point", "coordinates": [ 20.018194, 51.555056 ] } },
{ "type": "Feature", "properties": { "ID": 108716970, "yr": 2020, "dt": "2020-02-21T17:35:00", "WOJ": 10, "sev": 1, "c": [ 255, 255, 0, 160 ], "dmg": 1, "sli": 1, "ser": 0, "fat": 0, "row": -1, "mot": 1, "pie": -1, "uto": -1, "uwr": -1 }, "geometry": { "type": "Point", "coordinates": [ 20.019, 51.525639 ] } },
{ "type": "Feature", "properties": { "ID": 108717462, "yr": 2020, "dt": "2020-02-21T13:00:00", "WOJ": 10, "sev": 1, "c": [ 255, 255, 0, 160 ], "dmg": 1, "sli": 1, "ser": 0, "fat": 0, "row": -1, "mot": -1, "pie": 1, "uto": -1, "uwr": -1 }, "geometry": { "type": "Point", "coordinates": [ 19.1145, 51.329667 ] } },
{ "type": "Feature", "properties": { "ID": 109165675, "yr": 2020, "dt": "2020-06-15T11:20:00", "WOJ": 10, "sev": 1, "c": [ 255, 255, 0, 160 ], "dmg": 1, "sli": 1, "ser": 0, "fat": 0, "row": -1, "mot": -1, "pie": -1, "uto": -1, "uwr": -1 }, "geometry": { "type": "Point", "coordinates": [ 19.438278, 51.770056 ] } },
{ "type": "Feature", "properties": { "ID": 108717442, "yr": 2020, "dt": "2020-02-21T17:00:00", "WOJ": 10, "sev": 1, "c": [ 255, 255, 0, 160 ], "dmg": 1, "sli": 1, "ser": 0, "fat": 0, "row": -1, "mot": -1, "pie": -1, "uto": -1, "uwr": -1 }, "geometry": { "type": "Point", "coordinates": [ 19.752583, 51.844917 ] } },
{ "type": "Feature", "properties": { "ID": 109160472, "yr": 2020, "dt": "2020-06-15T06:40:00", "WOJ": 10, "sev": 1, "c": [ 255, 255, 0, 160 ], "dmg": 0, "sli": 1, "ser": 0, "fat": 0, "row": 1, "mot": -1, "pie": -1, "uto": -1, "uwr": -1 }, "geometry": { "type": "Point", "coordinates": [ 19.582028, 51.087 ] } },
{ "type": "Feature", "properties": { "ID": 108717770, "yr": 2020, "dt": "2020-02-22T06:35:00", "WOJ": 10, "sev": 1, "c": [ 255, 255, 0, 160 ], "dmg": 0, "sli": 1, "ser": 0, "fat": 0, "row": -1, "mot": -1, "pie": -1, "uto": -1, "uwr": -1 }, "geometry": { "type": "Point", "coordinates": [ 19.443417, 52.163194 ] } },
{ "type": "Feature", "properties": { "ID": 109166245, "yr": 2020, "dt": "2020-06-15T15:10:00", "WOJ": 10, "sev": 1, "c": [ 255, 255, 0, 160 ], "dmg": 1, "sli": 1, "ser": 0, "fat": 0, "row": -1, "mot": -1, "pie": 1, "uto": -1, "uwr": -1 }, "geometry": { "type": "Point", "coordinates": [ 19.446083, 51.071556 ] } },
{ "type": "Feature", "properties": { "ID": 108718664, "yr": 2020, "dt": "2020-02-22T08:36:00", "WOJ": 10, "sev": 1, "c": [ 255, 255, 0, 160 ], "dmg": 0, "sli": 1, "ser": 0, "fat": 0, "row": -1, "mot": -1, "pie": -1, "uto": -1, "uwr": -1 }, "geometry": { "type": "Point", "coordinates": [ 19.91775, 51.105694 ] } },
{ "type": "Feature", "properties": { "ID": 108717933, "yr": 2020, "dt": "2020-02-22T15:30:00", "WOJ": 10, "sev": 1, "c": [ 255, 255, 0, 160 ], "dmg": 2, "sli": 1, "ser": 0, "fat": 0, "row": -1, "mot": -1, "pie": -1, "uto": -1, "uwr": -1 }, "geometry": { "type": "Point", "coordinates": [ 19.07175, 51.872889 ] } },
{ "type": "Feature", "properties": { "ID": 109166150, "yr": 2020, "dt": "2020-06-15T12:04:00", "WOJ": 10, "sev": 1, "c": [ 255, 255, 0, 160 ], "dmg": 1, "sli": 1, "ser": 0, "fat": 0, "row": -1, "mot": -1, "pie": -1, "uto": -1, "uwr": -1 }, "geometry": { "type": "Point", "coordinates": [ 19.111944, 51.328306 ] } },
{ "type": "Feature", "properties": { "ID": 108718854, "yr": 2020, "dt": "2020-02-22T11:30:00", "WOJ": 10, "sev": 1, "c": [ 255, 255, 0, 160 ], "dmg": 1, "sli": 1, "ser": 0, "fat": 0, "row": -1, "mot": -1, "pie": -1, "uto": -1, "uwr": -1 }, "geometry": { "type": "Point", "coordinates": [ 19.778417, 51.824139 ] } },
{ "type": "Feature", "properties": { "ID": 109295316, "yr": 2020, "dt": "2020-07-21T13:41:00", "WOJ": 10, "sev": 1, "c": [ 255, 255, 0, 160 ], "dmg": 1, "sli": 1, "ser": 0, "fat": 0, "row": -1, "mot": 1, "pie": -1, "uto": -1, "uwr": -1 }, "geometry": { "type": "Point", "coordinates": [ 19.463333, 51.757722 ] } },
{ "type": "Feature", "properties": { "ID": 108718040, "yr": 2020, "dt": "2020-02-22T19:35:00", "WOJ": 10, "sev": 1, "c": [ 255, 255, 0, 160 ], "dmg": 2, "sli": 1, "ser": 0, "fat": 0, "row": -1, "mot": -1, "pie": -1, "uto": -1, "uwr": -1 }, "geometry": { "type": "Point", "coordinates": [ 18.570167, 51.624833 ] } },
{ "type": "Feature", "properties": { "ID": 109324953, "yr": 2020, "dt": "2020-08-04T09:21:00", "WOJ": 10, "sev": 1, "c": [ 255, 255, 0, 160 ], "dmg": 1, "sli": 1, "ser": 0, "fat": 0, "row": -1, "mot": -1, "pie": -1, "uto": -1, "uwr": -1 }, "geometry": { "type": "Point", "coordinates": [ 19.456056, 51.770583 ] } },
{ "type": "Feature", "properties": { "ID": 109325894, "yr": 2020, "dt": "2020-08-04T20:21:00", "WOJ": 10, "sev": 1, "c": [ 255, 255, 0, 160 ], "dmg": 0, "sli": 2, "ser": 0, "fat": 0, "row": -1, "mot": -1, "pie": -1, "uto": -1, "uwr": -1 }, "geometry": { "type": "Point", "coordinates": [ 19.654389, 51.024444 ] } },
{ "type": "Feature", "properties": { "ID": 108718120, "yr": 2020, "dt": "2020-02-23T07:55:00", "WOJ": 10, "sev": 1, "c": [ 255, 255, 0, 160 ], "dmg": 0, "sli": 1, "ser": 0, "fat": 0, "row": -1, "mot": -1, "pie": -1, "uto": -1, "uwr": -1 }, "geometry": { "type": "Point", "coordinates": [ 19.100028, 51.222056 ] } },
{ "type": "Feature", "properties": { "ID": 109268660, "yr": 2020, "dt": "2020-07-08T08:55:00", "WOJ": 10, "sev": 1, "c": [ 255, 255, 0, 160 ], "dmg": 1, "sli": 1, "ser": 0, "fat": 0, "row": -1, "mot": -1, "pie": -1, "uto": -1, "uwr": -1 }, "geometry": { "type": "Point", "coordinates": [ 19.450528, 52.184861 ] } },
{ "type": "Feature", "properties": { "ID": 109269100, "yr": 2020, "dt": "2020-07-08T17:45:00", "WOJ": 10, "sev": 1, "c": [ 255, 255, 0, 160 ], "dmg": 1, "sli": 2, "ser": 0, "fat": 0, "row": -1, "mot": -1, "pie": -1, "uto": -1, "uwr": -1 }, "geometry": { "type": "Point", "coordinates": [ 19.709778, 51.413806 ] } },
{ "type": "Feature", "properties": { "ID": 108721520, "yr": 2020, "dt": "2020-02-24T17:00:00", "WOJ": 10, "sev": 1, "c": [ 255, 255, 0, 160 ], "dmg": 1, "sli": 1, "ser": 0, "fat": 0, "row": 1, "mot": -1, "pie": -1, "uto": -1, "uwr": -1 }, "geometry": { "type": "Point", "coordinates": [ 19.421639, 51.780194 ] } },
{ "type": "Feature", "properties": { "ID": 109266950, "yr": 2020, "dt": "2020-07-08T04:40:00", "WOJ": 10, "sev": 1, "c": [ 255, 255, 0, 160 ], "dmg": 0, "sli": 1, "ser": 0, "fat": 0, "row": -1, "mot": -1, "pie": -1, "uto": -1, "uwr": -1 }, "geometry": { "type": "Point", "coordinates": [ 19.357806, 52.072111 ] } },
{ "type": "Feature", "properties": { "ID": 108720226, "yr": 2020, "dt": "2020-02-24T14:00:00", "WOJ": 10, "sev": 1, "c": [ 255, 255, 0, 160 ], "dmg": 1, "sli": 1, "ser": 0, "fat": 0, "row": -1, "mot": -1, "pie": -1, "uto": -1, "uwr": -1 }, "geometry": { "type": "Point", "coordinates": [ 18.727333, 51.597417 ] } },
{ "type": "Feature", "properties": { "ID": 108722365, "yr": 2020, "dt": "2020-02-25T17:45:00", "WOJ": 10, "sev": 1, "c": [ 255, 255, 0, 160 ], "dmg": 1, "sli": 1, "ser": 0, "fat": 0, "row": -1, "mot": -1, "pie": -1, "uto": -1, "uwr": -1 }, "geometry": { "type": "Point", "coordinates": [ 19.929306, 52.102333 ] } },
{ "type": "Feature", "properties": { "ID": 108722255, "yr": 2020, "dt": "2020-02-25T07:31:00", "WOJ": 10, "sev": 1, "c": [ 255, 255, 0, 160 ], "dmg": 1, "sli": 1, "ser": 0, "fat": 0, "row": -1, "mot": -1, "pie": -1, "uto": -1, "uwr": -1 }, "geometry": { "type": "Point", "coordinates": [ 19.722944, 51.728333 ] } },
{ "type": "Feature", "properties": { "ID": 109285047, "yr": 2020, "dt": "2020-07-15T09:03:00", "WOJ": 10, "sev": 1, "c": [ 255, 255, 0, 160 ], "dmg": 1, "sli": 1, "ser": 0, "fat": 0, "row": 1, "mot": -1, "pie": -1, "uto": -1, "uwr": -1 }, "geometry": { "type": "Point", "coordinates": [ 19.384, 51.736278 ] } },
{ "type": "Feature", "properties": { "ID": 109196613, "yr": 2020, "dt": "2020-06-16T18:02:00", "WOJ": 10, "sev": 1, "c": [ 255, 255, 0, 160 ], "dmg": 0, "sli": 1, "ser": 0, "fat": 0, "row": 1, "mot": -1, "pie": -1, "uto": -1, "uwr": -1 }, "geometry": { "type": "Point", "coordinates": [ 19.367556, 51.370472 ] } },
{ "type": "Feature", "properties": { "ID": 109285240, "yr": 2020, "dt": "2020-07-15T08:05:00", "WOJ": 10, "sev": 1, "c": [ 255, 255, 0, 160 ], "dmg": 1, "sli": 1, "ser": 0, "fat": 0, "row": 1, "mot": -1, "pie": -1, "uto": -1, "uwr": -1 }, "geometry": { "type": "Point", "coordinates": [ 19.627611, 50.926917 ] } },
{ "type": "Feature", "properties": { "ID": 108723200, "yr": 2020, "dt": "2020-02-25T19:45:00", "WOJ": 10, "sev": 1, "c": [ 255, 255, 0, 160 ], "dmg": 1, "sli": 1, "ser": 0, "fat": 0, "row": -1, "mot": -1, "pie": 1, "uto": -1, "uwr": -1 }, "geometry": { "type": "Point", "coordinates": [ 19.672944, 51.407611 ] } },
{ "type": "Feature", "properties": { "ID": 108723038, "yr": 2020, "dt": "2020-02-25T18:53:00", "WOJ": 10, "sev": 1, "c": [ 255, 255, 0, 160 ], "dmg": 1, "sli": 1, "ser": 0, "fat": 0, "row": -1, "mot": -1, "pie": 1, "uto": -1, "uwr": -1 }, "geometry": { "type": "Point", "coordinates": [ 19.468722, 51.778 ] } },
{ "type": "Feature", "properties": { "ID": 109284986, "yr": 2020, "dt": "2020-07-15T05:50:00", "WOJ": 10, "sev": 1, "c": [ 255, 255, 0, 160 ], "dmg": 1, "sli": 1, "ser": 0, "fat": 0, "row": 1, "mot": -1, "pie": -1, "uto": -1, "uwr": -1 }, "geometry": { "type": "Point", "coordinates": [ 19.368028, 52.232806 ] } },
{ "type": "Feature", "properties": { "ID": 108723086, "yr": 2020, "dt": "2020-02-25T19:29:00", "WOJ": 10, "sev": 1, "c": [ 255, 255, 0, 160 ], "dmg": 1, "sli": 2, "ser": 0, "fat": 0, "row": -1, "mot": -1, "pie": 1, "uto": -1, "uwr": -1 }, "geometry": { "type": "Point", "coordinates": [ 19.363, 51.80375 ] } },
{ "type": "Feature", "properties": { "ID": 109169495, "yr": 2020, "dt": "2020-06-16T15:15:00", "WOJ": 10, "sev": 1, "c": [ 255, 255, 0, 160 ], "dmg": 0, "sli": 1, "ser": 0, "fat": 0, "row": -1, "mot": -1, "pie": -1, "uto": -1, "uwr": -1 }, "geometry": { "type": "Point", "coordinates": [ 19.168, 51.069889 ] } },
{ "type": "Feature", "properties": { "ID": 108722395, "yr": 2020, "dt": "2020-02-25T18:30:00", "WOJ": 10, "sev": 1, "c": [ 255, 255, 0, 160 ], "dmg": 1, "sli": 1, "ser": 0, "fat": 0, "row": -1, "mot": -1, "pie": -1, "uto": -1, "uwr": -1 }, "geometry": { "type": "Point", "coordinates": [ 19.611528, 52.229806 ] } },
{ "type": "Feature", "properties": { "ID": 109323835, "yr": 2020, "dt": "2020-08-03T10:10:00", "WOJ": 10, "sev": 1, "c": [ 255, 255, 0, 160 ], "dmg": 3, "sli": 1, "ser": 0, "fat": 0, "row": -1, "mot": -1, "pie": -1, "uto": -1, "uwr": -1 }, "geometry": { "type": "Point", "coordinates": [ 20.033056, 51.538833 ] } },
{ "type": "Feature", "properties": { "ID": 109183036, "yr": 2020, "dt": "2020-06-17T13:30:00", "WOJ": 10, "sev": 1, "c": [ 255, 255, 0, 160 ], "dmg": 1, "sli": 2, "ser": 0, "fat": 0, "row": -1, "mot": -1, "pie": -1, "uto": -1, "uwr": -1 }, "geometry": { "type": "Point", "coordinates": [ 19.586389, 52.073389 ] } },
{ "type": "Feature", "properties": { "ID": 108722392, "yr": 2020, "dt": "2020-02-25T17:34:00", "WOJ": 10, "sev": 1, "c": [ 255, 255, 0, 160 ], "dmg": 1, "sli": 1, "ser": 0, "fat": 0, "row": -1, "mot": -1, "pie": 1, "uto": -1, "uwr": -1 }, "geometry": { "type": "Point", "coordinates": [ 19.350694, 52.232694 ] } },
{ "type": "Feature", "properties": { "ID": 109183033, "yr": 2020, "dt": "2020-06-17T17:09:00", "WOJ": 10, "sev": 1, "c": [ 255, 255, 0, 160 ], "dmg": 1, "sli": 1, "ser": 0, "fat": 0, "row": -1, "mot": -1, "pie": -1, "uto": -1, "uwr": -1 }, "geometry": { "type": "Point", "coordinates": [ 20.142417, 51.940222 ] } },
{ "type": "Feature", "properties": { "ID": 109284138, "yr": 2020, "dt": "2020-07-15T14:26:00", "WOJ": 10, "sev": 1, "c": [ 255, 255, 0, 160 ], "dmg": 1, "sli": 1, "ser": 0, "fat": 0, "row": -1, "mot": -1, "pie": -1, "uto": -1, "uwr": -1 }, "geometry": { "type": "Point", "coordinates": [ 19.47975, 51.760972 ] } },
{ "type": "Feature", "properties": { "ID": 108728199, "yr": 2020, "dt": "2020-02-26T08:50:00", "WOJ": 10, "sev": 1, "c": [ 255, 255, 0, 160 ], "dmg": 1, "sli": 1, "ser": 0, "fat": 0, "row": -1, "mot": -1, "pie": -1, "uto": -1, "uwr": -1 }, "geometry": { "type": "Point", "coordinates": [ 19.445278, 51.061222 ] } },
{ "type": "Feature", "properties": { "ID": 108725725, "yr": 2020, "dt": "2020-02-26T12:45:00", "WOJ": 10, "sev": 1, "c": [ 255, 255, 0, 160 ], "dmg": 1, "sli": 1, "ser": 0, "fat": 0, "row": -1, "mot": -1, "pie": 1, "uto": -1, "uwr": -1 }, "geometry": { "type": "Point", "coordinates": [ 19.546444, 51.600278 ] } },
{ "type": "Feature", "properties": { "ID": 109175205, "yr": 2020, "dt": "2020-06-17T02:00:00", "WOJ": 10, "sev": 1, "c": [ 255, 255, 0, 160 ], "dmg": 1, "sli": 1, "ser": 0, "fat": 0, "row": -1, "mot": -1, "pie": -1, "uto": -1, "uwr": -1 }, "geometry": { "type": "Point", "coordinates": [ 19.076694, 51.340111 ] } },
{ "type": "Feature", "properties": { "ID": 108727678, "yr": 2020, "dt": "2020-02-26T11:05:00", "WOJ": 10, "sev": 1, "c": [ 255, 255, 0, 160 ], "dmg": 1, "sli": 1, "ser": 0, "fat": 0, "row": 1, "mot": -1, "pie": -1, "uto": -1, "uwr": -1 }, "geometry": { "type": "Point", "coordinates": [ 19.88725, 51.089 ] } },
{ "type": "Feature", "properties": { "ID": 108729494, "yr": 2020, "dt": "2020-02-27T15:03:00", "WOJ": 10, "sev": 1, "c": [ 255, 255, 0, 160 ], "dmg": 1, "sli": 1, "ser": 0, "fat": 0, "row": 1, "mot": -1, "pie": -1, "uto": -1, "uwr": -1 }, "geometry": { "type": "Point", "coordinates": [ 18.9455, 51.615806 ] } },
{ "type": "Feature", "properties": { "ID": 108726042, "yr": 2020, "dt": "2020-02-27T09:15:00", "WOJ": 10, "sev": 1, "c": [ 255, 255, 0, 160 ], "dmg": 1, "sli": 1, "ser": 0, "fat": 0, "row": -1, "mot": -1, "pie": -1, "uto": -1, "uwr": -1 }, "geometry": { "type": "Point", "coordinates": [ 19.438472, 51.768972 ] } },
{ "type": "Feature", "properties": { "ID": 108728170, "yr": 2020, "dt": "2020-02-27T18:05:00", "WOJ": 10, "sev": 1, "c": [ 255, 255, 0, 160 ], "dmg": 1, "sli": 1, "ser": 0, "fat": 0, "row": -1, "mot": -1, "pie": -1, "uto": -1, "uwr": -1 }, "geometry": { "type": "Point", "coordinates": [ 19.133167, 51.590722 ] } },
{ "type": "Feature", "properties": { "ID": 108728406, "yr": 2020, "dt": "2020-02-28T05:54:00", "WOJ": 10, "sev": 1, "c": [ 255, 255, 0, 160 ], "dmg": 1, "sli": 1, "ser": 0, "fat": 0, "row": 1, "mot": -1, "pie": -1, "uto": -1, "uwr": -1 }, "geometry": { "type": "Point", "coordinates": [ 19.435278, 51.034556 ] } },
{ "type": "Feature", "properties": { "ID": 109297655, "yr": 2020, "dt": "2020-07-21T15:15:00", "WOJ": 10, "sev": 1, "c": [ 255, 255, 0, 160 ], "dmg": 0, "sli": 1, "ser": 0, "fat": 0, "row": -1, "mot": 1, "pie": -1, "uto": -1, "uwr": -1 }, "geometry": { "type": "Point", "coordinates": [ 19.489194, 51.886389 ] } },
{ "type": "Feature", "properties": { "ID": 109276933, "yr": 2020, "dt": "2020-07-10T14:30:00", "WOJ": 10, "sev": 1, "c": [ 255, 255, 0, 160 ], "dmg": 2, "sli": 1, "ser": 0, "fat": 0, "row": -1, "mot": -1, "pie": -1, "uto": -1, "uwr": -1 }, "geometry": { "type": "Point", "coordinates": [ 20.274861, 51.7645 ] } },
{ "type": "Feature", "properties": { "ID": 109189197, "yr": 2020, "dt": "2020-06-18T12:35:00", "WOJ": 10, "sev": 1, "c": [ 255, 255, 0, 160 ], "dmg": 1, "sli": 1, "ser": 0, "fat": 0, "row": -1, "mot": -1, "pie": -1, "uto": -1, "uwr": -1 }, "geometry": { "type": "Point", "coordinates": [ 19.360972, 51.789472 ] } },
{ "type": "Feature", "properties": { "ID": 109189441, "yr": 2020, "dt": "2020-06-18T11:35:00", "WOJ": 10, "sev": 1, "c": [ 255, 255, 0, 160 ], "dmg": 2, "sli": 1, "ser": 0, "fat": 0, "row": -1, "mot": -1, "pie": -1, "uto": -1, "uwr": -1 }, "geometry": { "type": "Point", "coordinates": [ 19.421306, 51.767389 ] } },
{ "type": "Feature", "properties": { "ID": 109198847, "yr": 2020, "dt": "2020-06-18T16:15:00", "WOJ": 10, "sev": 1, "c": [ 255, 255, 0, 160 ], "dmg": 1, "sli": 1, "ser": 0, "fat": 0, "row": -1, "mot": -1, "pie": -1, "uto": -1, "uwr": -1 }, "geometry": { "type": "Point", "coordinates": [ 19.475306, 52.142361 ] } },
{ "type": "Feature", "properties": { "ID": 109289494, "yr": 2020, "dt": "2020-07-18T19:01:00", "WOJ": 10, "sev": 1, "c": [ 255, 255, 0, 160 ], "dmg": 0, "sli": 1, "ser": 0, "fat": 0, "row": -1, "mot": 1, "pie": -1, "uto": -1, "uwr": -1 }, "geometry": { "type": "Point", "coordinates": [ 20.587667, 51.703417 ] } },
{ "type": "Feature", "properties": { "ID": 109324292, "yr": 2020, "dt": "2020-08-03T13:25:00", "WOJ": 10, "sev": 1, "c": [ 255, 255, 0, 160 ], "dmg": 1, "sli": 2, "ser": 0, "fat": 0, "row": -1, "mot": -1, "pie": -1, "uto": -1, "uwr": -1 }, "geometry": { "type": "Point", "coordinates": [ 19.307444, 52.185583 ] } },
{ "type": "Feature", "properties": { "ID": 108733628, "yr": 2020, "dt": "2020-02-29T09:30:00", "WOJ": 10, "sev": 1, "c": [ 255, 255, 0, 160 ], "dmg": 1, "sli": 1, "ser": 0, "fat": 0, "row": -1, "mot": -1, "pie": 1, "uto": -1, "uwr": -1 }, "geometry": { "type": "Point", "coordinates": [ 19.399222, 51.856444 ] } },
{ "type": "Feature", "properties": { "ID": 108733382, "yr": 2020, "dt": "2020-03-01T15:30:00", "WOJ": 10, "sev": 1, "c": [ 255, 255, 0, 160 ], "dmg": 1, "sli": 2, "ser": 0, "fat": 0, "row": -1, "mot": -1, "pie": -1, "uto": -1, "uwr": -1 }, "geometry": { "type": "Point", "coordinates": [ 20.180194, 51.37025 ] } },
{ "type": "Feature", "properties": { "ID": 108733417, "yr": 2020, "dt": "2020-03-01T21:00:00", "WOJ": 10, "sev": 1, "c": [ 255, 255, 0, 160 ], "dmg": 1, "sli": 1, "ser": 0, "fat": 0, "row": -1, "mot": -1, "pie": -1, "uto": -1, "uwr": -1 }, "geometry": { "type": "Point", "coordinates": [ 19.535917, 52.052444 ] } },
{ "type": "Feature", "properties": { "ID": 108733231, "yr": 2020, "dt": "2020-03-01T12:25:00", "WOJ": 10, "sev": 1, "c": [ 255, 255, 0, 160 ], "dmg": 0, "sli": 1, "ser": 0, "fat": 0, "row": -1, "mot": -1, "pie": -1, "uto": -1, "uwr": -1 }, "geometry": { "type": "Point", "coordinates": [ 19.998222, 51.710917 ] } },
{ "type": "Feature", "properties": { "ID": 108733981, "yr": 2020, "dt": "2020-03-01T13:24:00", "WOJ": 10, "sev": 1, "c": [ 255, 255, 0, 160 ], "dmg": 1, "sli": 1, "ser": 0, "fat": 0, "row": -1, "mot": 1, "pie": -1, "uto": -1, "uwr": -1 }, "geometry": { "type": "Point", "coordinates": [ 19.421306, 51.767389 ] } },
{ "type": "Feature", "properties": { "ID": 109308210, "yr": 2020, "dt": "2020-07-26T17:41:00", "WOJ": 10, "sev": 1, "c": [ 255, 255, 0, 160 ], "dmg": 1, "sli": 1, "ser": 0, "fat": 0, "row": 1, "mot": -1, "pie": -1, "uto": -1, "uwr": -1 }, "geometry": { "type": "Point", "coordinates": [ 20.162306, 51.964889 ] } },
{ "type": "Feature", "properties": { "ID": 109324203, "yr": 2020, "dt": "2020-08-03T15:27:00", "WOJ": 10, "sev": 1, "c": [ 255, 255, 0, 160 ], "dmg": 1, "sli": 1, "ser": 0, "fat": 0, "row": -1, "mot": -1, "pie": -1, "uto": -1, "uwr": -1 }, "geometry": { "type": "Point", "coordinates": [ 19.483, 51.772417 ] } },
{ "type": "Feature", "properties": { "ID": 109199125, "yr": 2020, "dt": "2020-06-18T20:40:00", "WOJ": 10, "sev": 1, "c": [ 255, 255, 0, 160 ], "dmg": 1, "sli": 1, "ser": 0, "fat": 0, "row": -1, "mot": -1, "pie": -1, "uto": -1, "uwr": -1 }, "geometry": { "type": "Point", "coordinates": [ 19.280333, 51.526333 ] } },
{ "type": "Feature", "properties": { "ID": 108734067, "yr": 2020, "dt": "2020-03-01T10:00:00", "WOJ": 10, "sev": 1, "c": [ 255, 255, 0, 160 ], "dmg": 1, "sli": 2, "ser": 0, "fat": 0, "row": -1, "mot": -1, "pie": -1, "uto": -1, "uwr": -1 }, "geometry": { "type": "Point", "coordinates": [ 20.176306, 51.362722 ] } },
{ "type": "Feature", "properties": { "ID": 108734420, "yr": 2020, "dt": "2020-03-02T06:58:00", "WOJ": 10, "sev": 1, "c": [ 255, 255, 0, 160 ], "dmg": 2, "sli": 1, "ser": 0, "fat": 0, "row": -1, "mot": -1, "pie": -1, "uto": -1, "uwr": -1 }, "geometry": { "type": "Point", "coordinates": [ 19.637889, 51.725389 ] } },
{ "type": "Feature", "properties": { "ID": 108734883, "yr": 2020, "dt": "2020-03-02T10:40:00", "WOJ": 10, "sev": 1, "c": [ 255, 255, 0, 160 ], "dmg": 1, "sli": 1, "ser": 0, "fat": 0, "row": -1, "mot": -1, "pie": 1, "uto": -1, "uwr": -1 }, "geometry": { "type": "Point", "coordinates": [ 19.377306, 52.215667 ] } },
{ "type": "Feature", "properties": { "ID": 109189377, "yr": 2020, "dt": "2020-06-18T08:50:00", "WOJ": 10, "sev": 1, "c": [ 255, 255, 0, 160 ], "dmg": 1, "sli": 1, "ser": 0, "fat": 0, "row": -1, "mot": -1, "pie": -1, "uto": -1, "uwr": -1 }, "geometry": { "type": "Point", "coordinates": [ 19.349944, 51.292194 ] } },
{ "type": "Feature", "properties": { "ID": 108735685, "yr": 2020, "dt": "2020-03-02T09:42:00", "WOJ": 10, "sev": 1, "c": [ 255, 255, 0, 160 ], "dmg": 1, "sli": 1, "ser": 0, "fat": 0, "row": -1, "mot": -1, "pie": 1, "uto": -1, "uwr": -1 }, "geometry": { "type": "Point", "coordinates": [ 19.892472, 51.351972 ] } },
{ "type": "Feature", "properties": { "ID": 108735022, "yr": 2020, "dt": "2020-03-02T10:20:00", "WOJ": 10, "sev": 1, "c": [ 255, 255, 0, 160 ], "dmg": 1, "sli": 1, "ser": 0, "fat": 0, "row": -1, "mot": -1, "pie": -1, "uto": -1, "uwr": -1 }, "geometry": { "type": "Point", "coordinates": [ 19.588806, 51.271833 ] } },
{ "type": "Feature", "properties": { "ID": 108735087, "yr": 2020, "dt": "2020-03-02T12:51:00", "WOJ": 10, "sev": 1, "c": [ 255, 255, 0, 160 ], "dmg": 1, "sli": 1, "ser": 0, "fat": 0, "row": -1, "mot": -1, "pie": -1, "uto": -1, "uwr": -1 }, "geometry": { "type": "Point", "coordinates": [ 19.487278, 51.791056 ] } },
{ "type": "Feature", "properties": { "ID": 109197624, "yr": 2020, "dt": "2020-06-18T16:00:00", "WOJ": 10, "sev": 1, "c": [ 255, 255, 0, 160 ], "dmg": 1, "sli": 1, "ser": 0, "fat": 0, "row": -1, "mot": 1, "pie": -1, "uto": -1, "uwr": -1 }, "geometry": { "type": "Point", "coordinates": [ 18.402694, 51.169278 ] } },
{ "type": "Feature", "properties": { "ID": 109323886, "yr": 2020, "dt": "2020-08-03T08:17:00", "WOJ": 10, "sev": 1, "c": [ 255, 255, 0, 160 ], "dmg": 2, "sli": 2, "ser": 0, "fat": 0, "row": -1, "mot": -1, "pie": -1, "uto": -1, "uwr": -1 }, "geometry": { "type": "Point", "coordinates": [ 19.646167, 51.496694 ] } },
{ "type": "Feature", "properties": { "ID": 108736479, "yr": 2020, "dt": "2020-03-02T16:10:00", "WOJ": 10, "sev": 1, "c": [ 255, 255, 0, 160 ], "dmg": 1, "sli": 1, "ser": 0, "fat": 0, "row": -1, "mot": -1, "pie": -1, "uto": -1, "uwr": -1 }, "geometry": { "type": "Point", "coordinates": [ 20.276944, 51.773417 ] } },
{ "type": "Feature", "properties": { "ID": 108736494, "yr": 2020, "dt": "2020-03-02T15:10:00", "WOJ": 10, "sev": 1, "c": [ 255, 255, 0, 160 ], "dmg": 1, "sli": 1, "ser": 0, "fat": 0, "row": -1, "mot": -1, "pie": -1, "uto": -1, "uwr": -1 }, "geometry": { "type": "Point", "coordinates": [ 18.533806, 51.192278 ] } },
{ "type": "Feature", "properties": { "ID": 109276712, "yr": 2020, "dt": "2020-07-10T13:50:00", "WOJ": 10, "sev": 1, "c": [ 255, 255, 0, 160 ], "dmg": 1, "sli": 1, "ser": 0, "fat": 0, "row": 1, "mot": -1, "pie": -1, "uto": -1, "uwr": -1 }, "geometry": { "type": "Point", "coordinates": [ 19.441583, 51.067333 ] } },
{ "type": "Feature", "properties": { "ID": 109199379, "yr": 2020, "dt": "2020-06-19T10:58:00", "WOJ": 10, "sev": 1, "c": [ 255, 255, 0, 160 ], "dmg": 2, "sli": 1, "ser": 0, "fat": 0, "row": -1, "mot": -1, "pie": -1, "uto": -1, "uwr": -1 }, "geometry": { "type": "Point", "coordinates": [ 19.476667, 51.761028 ] } },
{ "type": "Feature", "properties": { "ID": 109284181, "yr": 2020, "dt": "2020-07-15T14:26:00", "WOJ": 10, "sev": 1, "c": [ 255, 255, 0, 160 ], "dmg": 1, "sli": 2, "ser": 0, "fat": 0, "row": -1, "mot": -1, "pie": -1, "uto": -1, "uwr": -1 }, "geometry": { "type": "Point", "coordinates": [ 20.061444, 51.548861 ] } },
{ "type": "Feature", "properties": { "ID": 108738054, "yr": 2020, "dt": "2020-03-03T14:40:00", "WOJ": 10, "sev": 1, "c": [ 255, 255, 0, 160 ], "dmg": 1, "sli": 1, "ser": 0, "fat": 0, "row": -1, "mot": -1, "pie": -1, "uto": -1, "uwr": -1 }, "geometry": { "type": "Point", "coordinates": [ 19.326417, 52.224694 ] } },
{ "type": "Feature", "properties": { "ID": 108737490, "yr": 2020, "dt": "2020-03-03T06:43:00", "WOJ": 10, "sev": 1, "c": [ 255, 255, 0, 160 ], "dmg": 1, "sli": 2, "ser": 0, "fat": 0, "row": -1, "mot": -1, "pie": -1, "uto": -1, "uwr": -1 }, "geometry": { "type": "Point", "coordinates": [ 19.388333, 51.793056 ] } },
{ "type": "Feature", "properties": { "ID": 108736820, "yr": 2020, "dt": "2020-03-03T08:50:00", "WOJ": 10, "sev": 1, "c": [ 255, 255, 0, 160 ], "dmg": 1, "sli": 1, "ser": 0, "fat": 0, "row": -1, "mot": -1, "pie": 1, "uto": -1, "uwr": -1 }, "geometry": { "type": "Point", "coordinates": [ 19.478778, 51.735028 ] } },
{ "type": "Feature", "properties": { "ID": 108737185, "yr": 2020, "dt": "2020-03-03T16:49:00", "WOJ": 10, "sev": 1, "c": [ 255, 255, 0, 160 ], "dmg": 1, "sli": 1, "ser": 0, "fat": 0, "row": -1, "mot": -1, "pie": 1, "uto": -1, "uwr": -1 }, "geometry": { "type": "Point", "coordinates": [ 19.479806, 51.767444 ] } },
{ "type": "Feature", "properties": { "ID": 108738237, "yr": 2020, "dt": "2020-03-03T18:15:00", "WOJ": 10, "sev": 1, "c": [ 255, 255, 0, 160 ], "dmg": 2, "sli": 1, "ser": 0, "fat": 0, "row": -1, "mot": -1, "pie": -1, "uto": -1, "uwr": -1 }, "geometry": { "type": "Point", "coordinates": [ 19.426722, 51.813722 ] } },
{ "type": "Feature", "properties": { "ID": 109285472, "yr": 2020, "dt": "2020-07-15T13:53:00", "WOJ": 10, "sev": 1, "c": [ 255, 255, 0, 160 ], "dmg": 2, "sli": 1, "ser": 0, "fat": 0, "row": -1, "mot": -1, "pie": -1, "uto": -1, "uwr": -1 }, "geometry": { "type": "Point", "coordinates": [ 19.47275, 51.744833 ] } },
{ "type": "Feature", "properties": { "ID": 109212956, "yr": 2020, "dt": "2020-06-19T13:05:00", "WOJ": 10, "sev": 1, "c": [ 255, 255, 0, 160 ], "dmg": 1, "sli": 1, "ser": 0, "fat": 0, "row": -1, "mot": -1, "pie": -1, "uto": -1, "uwr": -1 }, "geometry": { "type": "Point", "coordinates": [ 19.6925, 51.404389 ] } },
{ "type": "Feature", "properties": { "ID": 108737359, "yr": 2020, "dt": "2020-03-03T18:55:00", "WOJ": 10, "sev": 1, "c": [ 255, 255, 0, 160 ], "dmg": 1, "sli": 1, "ser": 0, "fat": 0, "row": -1, "mot": -1, "pie": 1, "uto": -1, "uwr": -1 }, "geometry": { "type": "Point", "coordinates": [ 18.938833, 51.587167 ] } },
{ "type": "Feature", "properties": { "ID": 108737583, "yr": 2020, "dt": "2020-03-03T08:53:00", "WOJ": 10, "sev": 1, "c": [ 255, 255, 0, 160 ], "dmg": 1, "sli": 1, "ser": 0, "fat": 0, "row": -1, "mot": -1, "pie": -1, "uto": -1, "uwr": -1 }, "geometry": { "type": "Point", "coordinates": [ 19.386861, 51.793361 ] } },
{ "type": "Feature", "properties": { "ID": 109277179, "yr": 2020, "dt": "2020-07-10T18:25:00", "WOJ": 10, "sev": 1, "c": [ 255, 255, 0, 160 ], "dmg": 1, "sli": 1, "ser": 0, "fat": 0, "row": -1, "mot": -1, "pie": -1, "uto": -1, "uwr": -1 }, "geometry": { "type": "Point", "coordinates": [ 19.180083, 52.257861 ] } },
{ "type": "Feature", "properties": { "ID": 108740444, "yr": 2020, "dt": "2020-03-04T06:15:00", "WOJ": 10, "sev": 1, "c": [ 255, 255, 0, 160 ], "dmg": 1, "sli": 1, "ser": 0, "fat": 0, "row": -1, "mot": -1, "pie": -1, "uto": -1, "uwr": -1 }, "geometry": { "type": "Point", "coordinates": [ 19.578444, 51.521917 ] } },
{ "type": "Feature", "properties": { "ID": 108740580, "yr": 2020, "dt": "2020-03-04T08:40:00", "WOJ": 10, "sev": 1, "c": [ 255, 255, 0, 160 ], "dmg": 1, "sli": 1, "ser": 0, "fat": 0, "row": -1, "mot": -1, "pie": -1, "uto": -1, "uwr": -1 }, "geometry": { "type": "Point", "coordinates": [ 19.447306, 51.7635 ] } },
{ "type": "Feature", "properties": { "ID": 108740483, "yr": 2020, "dt": "2020-03-04T09:44:00", "WOJ": 10, "sev": 1, "c": [ 255, 255, 0, 160 ], "dmg": 1, "sli": 1, "ser": 0, "fat": 0, "row": -1, "mot": -1, "pie": 1, "uto": -1, "uwr": -1 }, "geometry": { "type": "Point", "coordinates": [ 19.490389, 51.662028 ] } },
{ "type": "Feature", "properties": { "ID": 109324651, "yr": 2020, "dt": "2020-08-03T19:00:00", "WOJ": 10, "sev": 1, "c": [ 255, 255, 0, 160 ], "dmg": 0, "sli": 1, "ser": 0, "fat": 0, "row": -1, "mot": -1, "pie": -1, "uto": -1, "uwr": -1 }, "geometry": { "type": "Point", "coordinates": [ 19.676972, 51.409611 ] } },
{ "type": "Feature", "properties": { "ID": 108740852, "yr": 2020, "dt": "2020-03-04T11:34:00", "WOJ": 10, "sev": 1, "c": [ 255, 255, 0, 160 ], "dmg": 1, "sli": 1, "ser": 0, "fat": 0, "row": -1, "mot": -1, "pie": -1, "uto": -1, "uwr": -1 }, "geometry": { "type": "Point", "coordinates": [ 20.110972, 51.306444 ] } },
{ "type": "Feature", "properties": { "ID": 108740933, "yr": 2020, "dt": "2020-03-04T12:40:00", "WOJ": 10, "sev": 1, "c": [ 255, 255, 0, 160 ], "dmg": 0, "sli": 2, "ser": 0, "fat": 0, "row": -1, "mot": -1, "pie": -1, "uto": -1, "uwr": -1 }, "geometry": { "type": "Point", "coordinates": [ 19.123667, 51.960389 ] } },
{ "type": "Feature", "properties": { "ID": 109199425, "yr": 2020, "dt": "2020-06-19T11:01:00", "WOJ": 10, "sev": 1, "c": [ 255, 255, 0, 160 ], "dmg": 1, "sli": 1, "ser": 0, "fat": 0, "row": -1, "mot": -1, "pie": -1, "uto": -1, "uwr": -1 }, "geometry": { "type": "Point", "coordinates": [ 19.457167, 51.7655 ] } },
{ "type": "Feature", "properties": { "ID": 108740259, "yr": 2020, "dt": "2020-03-05T07:04:00", "WOJ": 10, "sev": 1, "c": [ 255, 255, 0, 160 ], "dmg": 1, "sli": 1, "ser": 0, "fat": 0, "row": -1, "mot": -1, "pie": 1, "uto": -1, "uwr": -1 }, "geometry": { "type": "Point", "coordinates": [ 19.495222, 51.719194 ] } },
{ "type": "Feature", "properties": { "ID": 109212789, "yr": 2020, "dt": "2020-06-19T10:10:00", "WOJ": 10, "sev": 1, "c": [ 255, 255, 0, 160 ], "dmg": 2, "sli": 4, "ser": 0, "fat": 0, "row": -1, "mot": -1, "pie": -1, "uto": -1, "uwr": -1 }, "geometry": { "type": "Point", "coordinates": [ 19.519861, 51.240278 ] } },
{ "type": "Feature", "properties": { "ID": 109308075, "yr": 2020, "dt": "2020-07-26T14:52:00", "WOJ": 10, "sev": 1, "c": [ 255, 255, 0, 160 ], "dmg": 4, "sli": 1, "ser": 0, "fat": 0, "row": -1, "mot": -1, "pie": -1, "uto": -1, "uwr": -1 }, "geometry": { "type": "Point", "coordinates": [ 20.290306, 51.374333 ] } },
{ "type": "Feature", "properties": { "ID": 108743185, "yr": 2020, "dt": "2020-03-05T16:45:00", "WOJ": 10, "sev": 1, "c": [ 255, 255, 0, 160 ], "dmg": 4, "sli": 1, "ser": 0, "fat": 0, "row": -1, "mot": -1, "pie": -1, "uto": -1, "uwr": -1 }, "geometry": { "type": "Point", "coordinates": [ 19.476444, 51.687222 ] } },
{ "type": "Feature", "properties": { "ID": 108742106, "yr": 2020, "dt": "2020-03-05T14:23:00", "WOJ": 10, "sev": 1, "c": [ 255, 255, 0, 160 ], "dmg": 1, "sli": 2, "ser": 0, "fat": 0, "row": -1, "mot": -1, "pie": -1, "uto": -1, "uwr": -1 }, "geometry": { "type": "Point", "coordinates": [ 19.489083, 51.737444 ] } },
{ "type": "Feature", "properties": { "ID": 108742135, "yr": 2020, "dt": "2020-03-05T14:24:00", "WOJ": 10, "sev": 1, "c": [ 255, 255, 0, 160 ], "dmg": 0, "sli": 2, "ser": 0, "fat": 0, "row": -1, "mot": -1, "pie": -1, "uto": -1, "uwr": -1 }, "geometry": { "type": "Point", "coordinates": [ 20.243028, 51.765 ] } },
{ "type": "Feature", "properties": { "ID": 108741856, "yr": 2020, "dt": "2020-03-05T06:30:00", "WOJ": 10, "sev": 1, "c": [ 255, 255, 0, 160 ], "dmg": 1, "sli": 1, "ser": 0, "fat": 0, "row": -1, "mot": -1, "pie": -1, "uto": -1, "uwr": -1 }, "geometry": { "type": "Point", "coordinates": [ 19.579139, 51.3215 ] } },
{ "type": "Feature", "properties": { "ID": 109212614, "yr": 2020, "dt": "2020-06-19T14:43:00", "WOJ": 10, "sev": 1, "c": [ 255, 255, 0, 160 ], "dmg": 1, "sli": 1, "ser": 0, "fat": 0, "row": 1, "mot": -1, "pie": -1, "uto": -1, "uwr": -1 }, "geometry": { "type": "Point", "coordinates": [ 19.457167, 51.7655 ] } },
{ "type": "Feature", "properties": { "ID": 108742361, "yr": 2020, "dt": "2020-03-05T22:10:00", "WOJ": 10, "sev": 1, "c": [ 255, 255, 0, 160 ], "dmg": 1, "sli": 1, "ser": 0, "fat": 0, "row": -1, "mot": -1, "pie": 1, "uto": -1, "uwr": -1 }, "geometry": { "type": "Point", "coordinates": [ 19.43625, 51.078639 ] } },
{ "type": "Feature", "properties": { "ID": 108744959, "yr": 2020, "dt": "2020-03-06T16:10:00", "WOJ": 10, "sev": 1, "c": [ 255, 255, 0, 160 ], "dmg": 2, "sli": 1, "ser": 0, "fat": 0, "row": -1, "mot": -1, "pie": -1, "uto": -1, "uwr": -1 }, "geometry": { "type": "Point", "coordinates": [ 19.379389, 52.240083 ] } },
{ "type": "Feature", "properties": { "ID": 108743456, "yr": 2020, "dt": "2020-03-06T05:40:00", "WOJ": 10, "sev": 1, "c": [ 255, 255, 0, 160 ], "dmg": 2, "sli": 1, "ser": 0, "fat": 0, "row": -1, "mot": -1, "pie": -1, "uto": -1, "uwr": -1 }, "geometry": { "type": "Point", "coordinates": [ 19.3625, 52.212028 ] } },
{ "type": "Feature", "properties": { "ID": 109213201, "yr": 2020, "dt": "2020-06-19T15:54:00", "WOJ": 10, "sev": 1, "c": [ 255, 255, 0, 160 ], "dmg": 1, "sli": 1, "ser": 0, "fat": 0, "row": -1, "mot": -1, "pie": -1, "uto": -1, "uwr": -1 }, "geometry": { "type": "Point", "coordinates": [ 19.402056, 51.850056 ] } },
{ "type": "Feature", "properties": { "ID": 109212645, "yr": 2020, "dt": "2020-06-19T11:15:00", "WOJ": 10, "sev": 1, "c": [ 255, 255, 0, 160 ], "dmg": 1, "sli": 2, "ser": 0, "fat": 0, "row": -1, "mot": -1, "pie": -1, "uto": -1, "uwr": -1 }, "geometry": { "type": "Point", "coordinates": [ 19.870056, 51.537278 ] } },
{ "type": "Feature", "properties": { "ID": 109283669, "yr": 2020, "dt": "2020-07-10T17:05:00", "WOJ": 10, "sev": 1, "c": [ 255, 255, 0, 160 ], "dmg": 1, "sli": 1, "ser": 0, "fat": 0, "row": 1, "mot": -1, "pie": -1, "uto": -1, "uwr": -1 }, "geometry": { "type": "Point", "coordinates": [ 19.455444, 51.794917 ] } },
{ "type": "Feature", "properties": { "ID": 109224057, "yr": 2020, "dt": "2020-06-20T10:15:00", "WOJ": 10, "sev": 1, "c": [ 255, 255, 0, 160 ], "dmg": 2, "sli": 1, "ser": 0, "fat": 0, "row": -1, "mot": -1, "pie": -1, "uto": -1, "uwr": -1 }, "geometry": { "type": "Point", "coordinates": [ 19.115639, 51.579278 ] } },
{ "type": "Feature", "properties": { "ID": 108744768, "yr": 2020, "dt": "2020-03-06T11:30:00", "WOJ": 10, "sev": 1, "c": [ 255, 255, 0, 160 ], "dmg": 1, "sli": 1, "ser": 0, "fat": 0, "row": -1, "mot": -1, "pie": -1, "uto": -1, "uwr": -1 }, "geometry": { "type": "Point", "coordinates": [ 20.060472, 51.548972 ] } },
{ "type": "Feature", "properties": { "ID": 108744536, "yr": 2020, "dt": "2020-03-06T10:54:00", "WOJ": 10, "sev": 1, "c": [ 255, 255, 0, 160 ], "dmg": 1, "sli": 1, "ser": 0, "fat": 0, "row": -1, "mot": -1, "pie": -1, "uto": -1, "uwr": -1 }, "geometry": { "type": "Point", "coordinates": [ 19.451194, 51.77225 ] } },
{ "type": "Feature", "properties": { "ID": 109324387, "yr": 2020, "dt": "2020-08-03T14:56:00", "WOJ": 10, "sev": 1, "c": [ 255, 255, 0, 160 ], "dmg": 1, "sli": 1, "ser": 0, "fat": 0, "row": -1, "mot": -1, "pie": -1, "uto": -1, "uwr": -1 }, "geometry": { "type": "Point", "coordinates": [ 19.434111, 51.798139 ] } },
{ "type": "Feature", "properties": { "ID": 108744977, "yr": 2020, "dt": "2020-03-06T16:37:00", "WOJ": 10, "sev": 1, "c": [ 255, 255, 0, 160 ], "dmg": 1, "sli": 1, "ser": 0, "fat": 0, "row": -1, "mot": -1, "pie": 1, "uto": -1, "uwr": -1 }, "geometry": { "type": "Point", "coordinates": [ 19.441944, 51.722556 ] } },
{ "type": "Feature", "properties": { "ID": 108745061, "yr": 2020, "dt": "2020-03-06T17:51:00", "WOJ": 10, "sev": 1, "c": [ 255, 255, 0, 160 ], "dmg": 1, "sli": 1, "ser": 0, "fat": 0, "row": -1, "mot": -1, "pie": 1, "uto": -1, "uwr": -1 }, "geometry": { "type": "Point", "coordinates": [ 19.383278, 51.796528 ] } },
{ "type": "Feature", "properties": { "ID": 108745898, "yr": 2020, "dt": "2020-03-06T18:10:00", "WOJ": 10, "sev": 1, "c": [ 255, 255, 0, 160 ], "dmg": 0, "sli": 2, "ser": 0, "fat": 0, "row": -1, "mot": -1, "pie": -1, "uto": -1, "uwr": -1 }, "geometry": { "type": "Point", "coordinates": [ 19.619194, 52.226889 ] } },
{ "type": "Feature", "properties": { "ID": 108745386, "yr": 2020, "dt": "2020-03-06T20:25:00", "WOJ": 10, "sev": 1, "c": [ 255, 255, 0, 160 ], "dmg": 1, "sli": 1, "ser": 0, "fat": 0, "row": -1, "mot": -1, "pie": 1, "uto": -1, "uwr": -1 }, "geometry": { "type": "Point", "coordinates": [ 20.144944, 51.974056 ] } },
{ "type": "Feature", "properties": { "ID": 109308623, "yr": 2020, "dt": "2020-07-26T16:10:00", "WOJ": 10, "sev": 1, "c": [ 255, 255, 0, 160 ], "dmg": 1, "sli": 1, "ser": 0, "fat": 0, "row": -1, "mot": -1, "pie": -1, "uto": -1, "uwr": -1 }, "geometry": { "type": "Point", "coordinates": [ 20.090917, 52.009194 ] } },
{ "type": "Feature", "properties": { "ID": 108746849, "yr": 2020, "dt": "2020-03-07T15:16:00", "WOJ": 10, "sev": 1, "c": [ 255, 255, 0, 160 ], "dmg": 1, "sli": 1, "ser": 0, "fat": 0, "row": -1, "mot": -1, "pie": -1, "uto": -1, "uwr": -1 }, "geometry": { "type": "Point", "coordinates": [ 19.478778, 51.772639 ] } },
{ "type": "Feature", "properties": { "ID": 109321793, "yr": 2020, "dt": "2020-08-02T12:50:00", "WOJ": 10, "sev": 1, "c": [ 255, 255, 0, 160 ], "dmg": 1, "sli": 1, "ser": 0, "fat": 0, "row": -1, "mot": -1, "pie": -1, "uto": -1, "uwr": -1 }, "geometry": { "type": "Point", "coordinates": [ 19.47975, 51.729528 ] } },
{ "type": "Feature", "properties": { "ID": 109224086, "yr": 2020, "dt": "2020-06-20T11:10:00", "WOJ": 10, "sev": 1, "c": [ 255, 255, 0, 160 ], "dmg": 2, "sli": 1, "ser": 0, "fat": 0, "row": -1, "mot": -1, "pie": -1, "uto": -1, "uwr": -1 }, "geometry": { "type": "Point", "coordinates": [ 19.595194, 51.090028 ] } },
{ "type": "Feature", "properties": { "ID": 108747025, "yr": 2020, "dt": "2020-03-07T18:25:00", "WOJ": 10, "sev": 1, "c": [ 255, 255, 0, 160 ], "dmg": 1, "sli": 1, "ser": 0, "fat": 0, "row": -1, "mot": -1, "pie": 1, "uto": -1, "uwr": -1 }, "geometry": { "type": "Point", "coordinates": [ 18.536528, 51.237167 ] } },
{ "type": "Feature", "properties": { "ID": 109321725, "yr": 2020, "dt": "2020-08-02T07:50:00", "WOJ": 10, "sev": 1, "c": [ 255, 255, 0, 160 ], "dmg": 1, "sli": 1, "ser": 0, "fat": 0, "row": 1, "mot": -1, "pie": -1, "uto": -1, "uwr": -1 }, "geometry": { "type": "Point", "coordinates": [ 20.000889, 51.514722 ] } },
{ "type": "Feature", "properties": { "ID": 109322341, "yr": 2020, "dt": "2020-08-02T22:35:00", "WOJ": 10, "sev": 1, "c": [ 255, 255, 0, 160 ], "dmg": 0, "sli": 1, "ser": 0, "fat": 0, "row": 1, "mot": -1, "pie": -1, "uto": -1, "uwr": -1 }, "geometry": { "type": "Point", "coordinates": [ 19.094611, 52.322639 ] } },
{ "type": "Feature", "properties": { "ID": 108747129, "yr": 2020, "dt": "2020-03-08T00:42:00", "WOJ": 10, "sev": 1, "c": [ 255, 255, 0, 160 ], "dmg": 1, "sli": 1, "ser": 0, "fat": 0, "row": -1, "mot": -1, "pie": -1, "uto": -1, "uwr": -1 }, "geometry": { "type": "Point", "coordinates": [ 19.438472, 51.768972 ] } },
{ "type": "Feature", "properties": { "ID": 108747205, "yr": 2020, "dt": "2020-03-08T08:58:00", "WOJ": 10, "sev": 1, "c": [ 255, 255, 0, 160 ], "dmg": 0, "sli": 1, "ser": 0, "fat": 0, "row": -1, "mot": -1, "pie": -1, "uto": -1, "uwr": -1 }, "geometry": { "type": "Point", "coordinates": [ 19.426889, 51.813306 ] } },
{ "type": "Feature", "properties": { "ID": 109305542, "yr": 2020, "dt": "2020-07-26T12:40:00", "WOJ": 10, "sev": 1, "c": [ 255, 255, 0, 160 ], "dmg": 2, "sli": 1, "ser": 0, "fat": 0, "row": -1, "mot": -1, "pie": -1, "uto": -1, "uwr": -1 }, "geometry": { "type": "Point", "coordinates": [ 19.626056, 51.891556 ] } },
{ "type": "Feature", "properties": { "ID": 108748602, "yr": 2020, "dt": "2020-03-08T20:40:00", "WOJ": 10, "sev": 1, "c": [ 255, 255, 0, 160 ], "dmg": 1, "sli": 2, "ser": 0, "fat": 0, "row": -1, "mot": -1, "pie": -1, "uto": -1, "uwr": -1 }, "geometry": { "type": "Point", "coordinates": [ 19.661528, 51.380778 ] } },
{ "type": "Feature", "properties": { "ID": 109230911, "yr": 2020, "dt": "2020-06-20T18:00:00", "WOJ": 10, "sev": 1, "c": [ 255, 255, 0, 160 ], "dmg": 0, "sli": 1, "ser": 0, "fat": 0, "row": -1, "mot": -1, "pie": -1, "uto": -1, "uwr": -1 }, "geometry": { "type": "Point", "coordinates": [ 20.168556, 51.592917 ] } },
{ "type": "Feature", "properties": { "ID": 108747158, "yr": 2020, "dt": "2020-03-08T00:25:00", "WOJ": 10, "sev": 1, "c": [ 255, 255, 0, 160 ], "dmg": 1, "sli": 1, "ser": 0, "fat": 0, "row": -1, "mot": -1, "pie": -1, "uto": -1, "uwr": -1 }, "geometry": { "type": "Point", "coordinates": [ 18.701472, 51.568917 ] } },
{ "type": "Feature", "properties": { "ID": 108748555, "yr": 2020, "dt": "2020-03-08T19:15:00", "WOJ": 10, "sev": 1, "c": [ 255, 255, 0, 160 ], "dmg": 1, "sli": 1, "ser": 0, "fat": 0, "row": -1, "mot": -1, "pie": 1, "uto": -1, "uwr": -1 }, "geometry": { "type": "Point", "coordinates": [ 19.348167, 51.374806 ] } },
{ "type": "Feature", "properties": { "ID": 108748854, "yr": 2020, "dt": "2020-03-09T08:40:00", "WOJ": 10, "sev": 1, "c": [ 255, 255, 0, 160 ], "dmg": 1, "sli": 1, "ser": 0, "fat": 0, "row": -1, "mot": -1, "pie": -1, "uto": -1, "uwr": -1 }, "geometry": { "type": "Point", "coordinates": [ 19.363778, 52.237028 ] } },
{ "type": "Feature", "properties": { "ID": 109308064, "yr": 2020, "dt": "2020-07-26T17:45:00", "WOJ": 10, "sev": 1, "c": [ 255, 255, 0, 160 ], "dmg": 1, "sli": 1, "ser": 0, "fat": 0, "row": 1, "mot": -1, "pie": -1, "uto": -1, "uwr": -1 }, "geometry": { "type": "Point", "coordinates": [ 20.020611, 51.532056 ] } },
{ "type": "Feature", "properties": { "ID": 108749402, "yr": 2020, "dt": "2020-03-09T13:50:00", "WOJ": 10, "sev": 1, "c": [ 255, 255, 0, 160 ], "dmg": 1, "sli": 1, "ser": 0, "fat": 0, "row": -1, "mot": -1, "pie": -1, "uto": -1, "uwr": -1 }, "geometry": { "type": "Point", "coordinates": [ 19.029333, 52.041667 ] } },
{ "type": "Feature", "properties": { "ID": 108749446, "yr": 2020, "dt": "2020-03-09T10:23:00", "WOJ": 10, "sev": 1, "c": [ 255, 255, 0, 160 ], "dmg": 0, "sli": 2, "ser": 0, "fat": 0, "row": -1, "mot": -1, "pie": -1, "uto": -1, "uwr": -1 }, "geometry": { "type": "Point", "coordinates": [ 19.448278, 51.757611 ] } },
{ "type": "Feature", "properties": { "ID": 109284076, "yr": 2020, "dt": "2020-07-15T09:58:00", "WOJ": 10, "sev": 1, "c": [ 255, 255, 0, 160 ], "dmg": 2, "sli": 1, "ser": 0, "fat": 0, "row": -1, "mot": -1, "pie": -1, "uto": -1, "uwr": -1 }, "geometry": { "type": "Point", "coordinates": [ 19.427722, 51.790806 ] } },
{ "type": "Feature", "properties": { "ID": 109296975, "yr": 2020, "dt": "2020-07-21T21:51:00", "WOJ": 10, "sev": 1, "c": [ 255, 255, 0, 160 ], "dmg": 1, "sli": 1, "ser": 0, "fat": 0, "row": -1, "mot": -1, "pie": -1, "uto": -1, "uwr": -1 }, "geometry": { "type": "Point", "coordinates": [ 19.493222, 51.748139 ] } },
{ "type": "Feature", "properties": { "ID": 108749677, "yr": 2020, "dt": "2020-03-09T12:20:00", "WOJ": 10, "sev": 1, "c": [ 255, 255, 0, 160 ], "dmg": 0, "sli": 1, "ser": 0, "fat": 0, "row": -1, "mot": 1, "pie": -1, "uto": -1, "uwr": -1 }, "geometry": { "type": "Point", "coordinates": [ 19.926556, 51.4775 ] } },
{ "type": "Feature", "properties": { "ID": 108748320, "yr": 2020, "dt": "2020-03-09T08:11:00", "WOJ": 10, "sev": 1, "c": [ 255, 255, 0, 160 ], "dmg": 1, "sli": 1, "ser": 0, "fat": 0, "row": -1, "mot": -1, "pie": -1, "uto": -1, "uwr": -1 }, "geometry": { "type": "Point", "coordinates": [ 20.221361, 51.771306 ] } },
{ "type": "Feature", "properties": { "ID": 109233023, "yr": 2020, "dt": "2020-06-22T16:40:00", "WOJ": 10, "sev": 1, "c": [ 255, 255, 0, 160 ], "dmg": 1, "sli": 1, "ser": 0, "fat": 0, "row": -1, "mot": -1, "pie": -1, "uto": -1, "uwr": -1 }, "geometry": { "type": "Point", "coordinates": [ 19.783389, 51.009083 ] } },
{ "type": "Feature", "properties": { "ID": 109322337, "yr": 2020, "dt": "2020-08-02T16:20:00", "WOJ": 10, "sev": 1, "c": [ 255, 255, 0, 160 ], "dmg": 1, "sli": 1, "ser": 0, "fat": 0, "row": -1, "mot": -1, "pie": -1, "uto": -1, "uwr": -1 }, "geometry": { "type": "Point", "coordinates": [ 20.096667, 51.572833 ] } },
{ "type": "Feature", "properties": { "ID": 108752549, "yr": 2020, "dt": "2020-03-10T07:30:00", "WOJ": 10, "sev": 1, "c": [ 255, 255, 0, 160 ], "dmg": 1, "sli": 1, "ser": 0, "fat": 0, "row": -1, "mot": -1, "pie": -1, "uto": -1, "uwr": -1 }, "geometry": { "type": "Point", "coordinates": [ 19.355056, 51.081278 ] } },
{ "type": "Feature", "properties": { "ID": 108750334, "yr": 2020, "dt": "2020-03-10T08:08:00", "WOJ": 10, "sev": 1, "c": [ 255, 255, 0, 160 ], "dmg": 1, "sli": 1, "ser": 0, "fat": 0, "row": 1, "mot": -1, "pie": -1, "uto": -1, "uwr": -1 }, "geometry": { "type": "Point", "coordinates": [ 19.507722, 51.764528 ] } },
{ "type": "Feature", "properties": { "ID": 109241239, "yr": 2020, "dt": "2020-06-22T23:25:00", "WOJ": 10, "sev": 1, "c": [ 255, 255, 0, 160 ], "dmg": 2, "sli": 1, "ser": 0, "fat": 0, "row": -1, "mot": -1, "pie": -1, "uto": -1, "uwr": -1 }, "geometry": { "type": "Point", "coordinates": [ 18.991722, 51.563944 ] } },
{ "type": "Feature", "properties": { "ID": 109232658, "yr": 2020, "dt": "2020-06-22T13:13:00", "WOJ": 10, "sev": 1, "c": [ 255, 255, 0, 160 ], "dmg": 0, "sli": 1, "ser": 0, "fat": 0, "row": -1, "mot": -1, "pie": -1, "uto": -1, "uwr": -1 }, "geometry": { "type": "Point", "coordinates": [ 19.836306, 51.189861 ] } },
{ "type": "Feature", "properties": { "ID": 108752669, "yr": 2020, "dt": "2020-03-10T13:20:00", "WOJ": 10, "sev": 1, "c": [ 255, 255, 0, 160 ], "dmg": 2, "sli": 1, "ser": 0, "fat": 0, "row": -1, "mot": -1, "pie": -1, "uto": -1, "uwr": -1 }, "geometry": { "type": "Point", "coordinates": [ 19.416389, 51.84275 ] } },
{ "type": "Feature", "properties": { "ID": 108750959, "yr": 2020, "dt": "2020-03-10T06:15:00", "WOJ": 10, "sev": 1, "c": [ 255, 255, 0, 160 ], "dmg": 1, "sli": 1, "ser": 0, "fat": 0, "row": -1, "mot": -1, "pie": -1, "uto": -1, "uwr": -1 }, "geometry": { "type": "Point", "coordinates": [ 20.265, 51.704417 ] } },
{ "type": "Feature", "properties": { "ID": 108753642, "yr": 2020, "dt": "2020-03-11T14:41:00", "WOJ": 10, "sev": 1, "c": [ 255, 255, 0, 160 ], "dmg": 1, "sli": 1, "ser": 0, "fat": 0, "row": 1, "mot": -1, "pie": -1, "uto": -1, "uwr": -1 }, "geometry": { "type": "Point", "coordinates": [ 19.455444, 51.813722 ] } },
{ "type": "Feature", "properties": { "ID": 108753751, "yr": 2020, "dt": "2020-03-11T17:19:00", "WOJ": 10, "sev": 1, "c": [ 255, 255, 0, 160 ], "dmg": 1, "sli": 1, "ser": 0, "fat": 0, "row": -1, "mot": -1, "pie": -1, "uto": -1, "uwr": -1 }, "geometry": { "type": "Point", "coordinates": [ 19.439889, 51.703194 ] } },
{ "type": "Feature", "properties": { "ID": 109232849, "yr": 2020, "dt": "2020-06-22T19:27:00", "WOJ": 10, "sev": 1, "c": [ 255, 255, 0, 160 ], "dmg": 1, "sli": 1, "ser": 0, "fat": 0, "row": 1, "mot": -1, "pie": -1, "uto": -1, "uwr": -1 }, "geometry": { "type": "Point", "coordinates": [ 19.445361, 51.796167 ] } },
{ "type": "Feature", "properties": { "ID": 108752166, "yr": 2020, "dt": "2020-03-11T07:04:00", "WOJ": 10, "sev": 1, "c": [ 255, 255, 0, 160 ], "dmg": 2, "sli": 1, "ser": 0, "fat": 0, "row": -1, "mot": -1, "pie": 1, "uto": -1, "uwr": -1 }, "geometry": { "type": "Point", "coordinates": [ 19.452611, 51.770278 ] } },
{ "type": "Feature", "properties": { "ID": 108752297, "yr": 2020, "dt": "2020-03-11T10:34:00", "WOJ": 10, "sev": 1, "c": [ 255, 255, 0, 160 ], "dmg": 0, "sli": 1, "ser": 0, "fat": 0, "row": -1, "mot": -1, "pie": -1, "uto": -1, "uwr": -1 }, "geometry": { "type": "Point", "coordinates": [ 19.472639, 51.760694 ] } },
{ "type": "Feature", "properties": { "ID": 108755075, "yr": 2020, "dt": "2020-03-11T19:00:00", "WOJ": 10, "sev": 1, "c": [ 255, 255, 0, 160 ], "dmg": 1, "sli": 1, "ser": 0, "fat": 0, "row": -1, "mot": -1, "pie": 1, "uto": -1, "uwr": -1 }, "geometry": { "type": "Point", "coordinates": [ 18.355833, 51.149778 ] } },
{ "type": "Feature", "properties": { "ID": 108753641, "yr": 2020, "dt": "2020-03-11T14:04:00", "WOJ": 10, "sev": 1, "c": [ 255, 255, 0, 160 ], "dmg": 1, "sli": 1, "ser": 0, "fat": 0, "row": -1, "mot": -1, "pie": -1, "uto": -1, "uwr": -1 }, "geometry": { "type": "Point", "coordinates": [ 19.494778, 51.748333 ] } },
{ "type": "Feature", "properties": { "ID": 108753644, "yr": 2020, "dt": "2020-03-11T15:15:00", "WOJ": 10, "sev": 1, "c": [ 255, 255, 0, 160 ], "dmg": 0, "sli": 2, "ser": 0, "fat": 0, "row": -1, "mot": -1, "pie": -1, "uto": -1, "uwr": -1 }, "geometry": { "type": "Point", "coordinates": [ 19.462889, 51.759861 ] } },
{ "type": "Feature", "properties": { "ID": 109231433, "yr": 2020, "dt": "2020-06-22T13:51:00", "WOJ": 10, "sev": 1, "c": [ 255, 255, 0, 160 ], "dmg": 1, "sli": 1, "ser": 0, "fat": 0, "row": -1, "mot": -1, "pie": -1, "uto": -1, "uwr": -1 }, "geometry": { "type": "Point", "coordinates": [ 19.471111, 51.7445 ] } },
{ "type": "Feature", "properties": { "ID": 109233074, "yr": 2020, "dt": "2020-06-22T19:01:00", "WOJ": 10, "sev": 1, "c": [ 255, 255, 0, 160 ], "dmg": 1, "sli": 2, "ser": 0, "fat": 0, "row": -1, "mot": -1, "pie": -1, "uto": -1, "uwr": -1 }, "geometry": { "type": "Point", "coordinates": [ 19.628694, 51.063389 ] } },
{ "type": "Feature", "properties": { "ID": 109233353, "yr": 2020, "dt": "2020-06-23T08:00:00", "WOJ": 10, "sev": 1, "c": [ 255, 255, 0, 160 ], "dmg": 1, "sli": 1, "ser": 0, "fat": 0, "row": -1, "mot": -1, "pie": -1, "uto": -1, "uwr": -1 }, "geometry": { "type": "Point", "coordinates": [ 19.446667, 51.063528 ] } },
{ "type": "Feature", "properties": { "ID": 108753876, "yr": 2020, "dt": "2020-03-11T12:45:00", "WOJ": 10, "sev": 1, "c": [ 255, 255, 0, 160 ], "dmg": 0, "sli": 2, "ser": 0, "fat": 0, "row": -1, "mot": -1, "pie": -1, "uto": -1, "uwr": -1 }, "geometry": { "type": "Point", "coordinates": [ 19.382361, 51.4225 ] } },
{ "type": "Feature", "properties": { "ID": 109235855, "yr": 2020, "dt": "2020-06-23T13:03:00", "WOJ": 10, "sev": 1, "c": [ 255, 255, 0, 160 ], "dmg": 1, "sli": 1, "ser": 0, "fat": 0, "row": -1, "mot": -1, "pie": -1, "uto": -1, "uwr": -1 }, "geometry": { "type": "Point", "coordinates": [ 19.493806, 51.746333 ] } },
{ "type": "Feature", "properties": { "ID": 108755333, "yr": 2020, "dt": "2020-03-12T09:00:00", "WOJ": 10, "sev": 1, "c": [ 255, 255, 0, 160 ], "dmg": 0, "sli": 1, "ser": 0, "fat": 0, "row": -1, "mot": -1, "pie": -1, "uto": -1, "uwr": -1 }, "geometry": { "type": "Point", "coordinates": [ 19.486194, 51.203556 ] } },
{ "type": "Feature", "properties": { "ID": 108755645, "yr": 2020, "dt": "2020-03-12T09:28:00", "WOJ": 10, "sev": 1, "c": [ 255, 255, 0, 160 ], "dmg": 1, "sli": 1, "ser": 0, "fat": 0, "row": -1, "mot": -1, "pie": -1, "uto": -1, "uwr": -1 }, "geometry": { "type": "Point", "coordinates": [ 20.147222, 51.958139 ] } },
{ "type": "Feature", "properties": { "ID": 108759370, "yr": 2020, "dt": "2020-03-13T08:00:00", "WOJ": 10, "sev": 1, "c": [ 255, 255, 0, 160 ], "dmg": 0, "sli": 1, "ser": 0, "fat": 0, "row": -1, "mot": -1, "pie": -1, "uto": -1, "uwr": -1 }, "geometry": { "type": "Point", "coordinates": [ 19.402972, 51.812972 ] } },
{ "type": "Feature", "properties": { "ID": 109240625, "yr": 2020, "dt": "2020-06-23T13:05:00", "WOJ": 10, "sev": 1, "c": [ 255, 255, 0, 160 ], "dmg": 1, "sli": 1, "ser": 0, "fat": 0, "row": 1, "mot": -1, "pie": -1, "uto": -1, "uwr": -1 }, "geometry": { "type": "Point", "coordinates": [ 20.002361, 51.530972 ] } },
{ "type": "Feature", "properties": { "ID": 108758647, "yr": 2020, "dt": "2020-03-13T16:55:00", "WOJ": 10, "sev": 1, "c": [ 255, 255, 0, 160 ], "dmg": 1, "sli": 1, "ser": 0, "fat": 0, "row": 1, "mot": -1, "pie": -1, "uto": -1, "uwr": -1 }, "geometry": { "type": "Point", "coordinates": [ 19.703639, 51.405889 ] } },
{ "type": "Feature", "properties": { "ID": 109284312, "yr": 2020, "dt": "2020-07-15T17:03:00", "WOJ": 10, "sev": 1, "c": [ 255, 255, 0, 160 ], "dmg": 2, "sli": 1, "ser": 0, "fat": 0, "row": -1, "mot": -1, "pie": -1, "uto": -1, "uwr": -1 }, "geometry": { "type": "Point", "coordinates": [ 20.150889, 51.944306 ] } },
{ "type": "Feature", "properties": { "ID": 109307771, "yr": 2020, "dt": "2020-07-26T08:45:00", "WOJ": 10, "sev": 1, "c": [ 255, 255, 0, 160 ], "dmg": 1, "sli": 1, "ser": 0, "fat": 0, "row": 1, "mot": -1, "pie": -1, "uto": -1, "uwr": -1 }, "geometry": { "type": "Point", "coordinates": [ 20.26225, 51.378306 ] } },
{ "type": "Feature", "properties": { "ID": 108757937, "yr": 2020, "dt": "2020-03-13T11:50:00", "WOJ": 10, "sev": 1, "c": [ 255, 255, 0, 160 ], "dmg": 1, "sli": 1, "ser": 0, "fat": 0, "row": -1, "mot": -1, "pie": -1, "uto": -1, "uwr": -1 }, "geometry": { "type": "Point", "coordinates": [ 19.817639, 51.376972 ] } },
{ "type": "Feature", "properties": { "ID": 108763468, "yr": 2020, "dt": "2020-03-14T22:20:00", "WOJ": 10, "sev": 1, "c": [ 255, 255, 0, 160 ], "dmg": 0, "sli": 1, "ser": 0, "fat": 0, "row": -1, "mot": -1, "pie": -1, "uto": -1, "uwr": -1 }, "geometry": { "type": "Point", "coordinates": [ 19.995333, 51.499056 ] } },
{ "type": "Feature", "properties": { "ID": 108758978, "yr": 2020, "dt": "2020-03-14T09:15:00", "WOJ": 10, "sev": 1, "c": [ 255, 255, 0, 160 ], "dmg": 3, "sli": 1, "ser": 0, "fat": 0, "row": -1, "mot": -1, "pie": -1, "uto": -1, "uwr": -1 }, "geometry": { "type": "Point", "coordinates": [ 19.4845, 51.7875 ] } },
{ "type": "Feature", "properties": { "ID": 109241118, "yr": 2020, "dt": "2020-06-24T22:20:00", "WOJ": 10, "sev": 1, "c": [ 255, 255, 0, 160 ], "dmg": 1, "sli": 1, "ser": 0, "fat": 0, "row": -1, "mot": -1, "pie": 1, "uto": -1, "uwr": -1 }, "geometry": { "type": "Point", "coordinates": [ 19.296472, 51.961333 ] } },
{ "type": "Feature", "properties": { "ID": 108759119, "yr": 2020, "dt": "2020-03-14T15:20:00", "WOJ": 10, "sev": 1, "c": [ 255, 255, 0, 160 ], "dmg": 1, "sli": 1, "ser": 0, "fat": 0, "row": -1, "mot": -1, "pie": -1, "uto": -1, "uwr": -1 }, "geometry": { "type": "Point", "coordinates": [ 19.098722, 51.164944 ] } },
{ "type": "Feature", "properties": { "ID": 108762440, "yr": 2020, "dt": "2020-03-15T22:15:00", "WOJ": 10, "sev": 1, "c": [ 255, 255, 0, 160 ], "dmg": 1, "sli": 1, "ser": 0, "fat": 0, "row": -1, "mot": -1, "pie": -1, "uto": -1, "uwr": -1 }, "geometry": { "type": "Point", "coordinates": [ 19.094333, 51.092306 ] } },
{ "type": "Feature", "properties": { "ID": 109241122, "yr": 2020, "dt": "2020-06-24T21:10:00", "WOJ": 10, "sev": 1, "c": [ 255, 255, 0, 160 ], "dmg": 1, "sli": 1, "ser": 0, "fat": 0, "row": -1, "mot": -1, "pie": -1, "uto": -1, "uwr": -1 }, "geometry": { "type": "Point", "coordinates": [ 19.130361, 51.595389 ] } },
{ "type": "Feature", "properties": { "ID": 109240851, "yr": 2020, "dt": "2020-06-24T11:35:00", "WOJ": 10, "sev": 1, "c": [ 255, 255, 0, 160 ], "dmg": 1, "sli": 1, "ser": 0, "fat": 0, "row": 1, "mot": -1, "pie": -1, "uto": -1, "uwr": -1 }, "geometry": { "type": "Point", "coordinates": [ 19.351361, 51.372472 ] } },
{ "type": "Feature", "properties": { "ID": 108765247, "yr": 2020, "dt": "2020-03-17T14:10:00", "WOJ": 10, "sev": 1, "c": [ 255, 255, 0, 160 ], "dmg": 0, "sli": 1, "ser": 0, "fat": 0, "row": -1, "mot": 1, "pie": -1, "uto": -1, "uwr": -1 }, "geometry": { "type": "Point", "coordinates": [ 20.14475, 51.957389 ] } },
{ "type": "Feature", "properties": { "ID": 108766691, "yr": 2020, "dt": "2020-03-17T10:52:00", "WOJ": 10, "sev": 1, "c": [ 255, 255, 0, 160 ], "dmg": 1, "sli": 1, "ser": 0, "fat": 0, "row": -1, "mot": -1, "pie": -1, "uto": -1, "uwr": -1 }, "geometry": { "type": "Point", "coordinates": [ 19.476056, 51.763833 ] } },
{ "type": "Feature", "properties": { "ID": 108765358, "yr": 2020, "dt": "2020-03-17T19:08:00", "WOJ": 10, "sev": 1, "c": [ 255, 255, 0, 160 ], "dmg": 1, "sli": 1, "ser": 0, "fat": 0, "row": -1, "mot": -1, "pie": 1, "uto": -1, "uwr": -1 }, "geometry": { "type": "Point", "coordinates": [ 19.501889, 51.762806 ] } },
{ "type": "Feature", "properties": { "ID": 108766772, "yr": 2020, "dt": "2020-03-17T08:45:00", "WOJ": 10, "sev": 1, "c": [ 255, 255, 0, 160 ], "dmg": 1, "sli": 1, "ser": 0, "fat": 0, "row": -1, "mot": -1, "pie": 1, "uto": -1, "uwr": -1 }, "geometry": { "type": "Point", "coordinates": [ 19.891917, 51.353472 ] } },
{ "type": "Feature", "properties": { "ID": 108765239, "yr": 2020, "dt": "2020-03-17T10:54:00", "WOJ": 10, "sev": 1, "c": [ 255, 255, 0, 160 ], "dmg": 1, "sli": 1, "ser": 0, "fat": 0, "row": -1, "mot": 1, "pie": -1, "uto": -1, "uwr": -1 }, "geometry": { "type": "Point", "coordinates": [ 19.213694, 51.466333 ] } },
{ "type": "Feature", "properties": { "ID": 108765411, "yr": 2020, "dt": "2020-03-17T18:20:00", "WOJ": 10, "sev": 1, "c": [ 255, 255, 0, 160 ], "dmg": 1, "sli": 1, "ser": 0, "fat": 0, "row": -1, "mot": -1, "pie": 1, "uto": -1, "uwr": -1 }, "geometry": { "type": "Point", "coordinates": [ 19.370361, 51.333556 ] } },
{ "type": "Feature", "properties": { "ID": 108767013, "yr": 2020, "dt": "2020-03-17T16:20:00", "WOJ": 10, "sev": 1, "c": [ 255, 255, 0, 160 ], "dmg": 1, "sli": 1, "ser": 0, "fat": 0, "row": -1, "mot": -1, "pie": -1, "uto": -1, "uwr": -1 }, "geometry": { "type": "Point", "coordinates": [ 19.385056, 51.427806 ] } },
{ "type": "Feature", "properties": { "ID": 108767485, "yr": 2020, "dt": "2020-03-18T15:05:00", "WOJ": 10, "sev": 1, "c": [ 255, 255, 0, 160 ], "dmg": 2, "sli": 2, "ser": 0, "fat": 0, "row": -1, "mot": -1, "pie": -1, "uto": -1, "uwr": -1 }, "geometry": { "type": "Point", "coordinates": [ 20.308889, 51.811278 ] } },
{ "type": "Feature", "properties": { "ID": 108767315, "yr": 2020, "dt": "2020-03-18T12:35:00", "WOJ": 10, "sev": 1, "c": [ 255, 255, 0, 160 ], "dmg": 2, "sli": 1, "ser": 0, "fat": 0, "row": -1, "mot": -1, "pie": -1, "uto": -1, "uwr": -1 }, "geometry": { "type": "Point", "coordinates": [ 18.941556, 51.587528 ] } },
{ "type": "Feature", "properties": { "ID": 109241126, "yr": 2020, "dt": "2020-06-24T18:55:00", "WOJ": 10, "sev": 1, "c": [ 255, 255, 0, 160 ], "dmg": 0, "sli": 1, "ser": 0, "fat": 0, "row": -1, "mot": -1, "pie": -1, "uto": -1, "uwr": -1 }, "geometry": { "type": "Point", "coordinates": [ 19.820972, 51.505028 ] } },
{ "type": "Feature", "properties": { "ID": 108767338, "yr": 2020, "dt": "2020-03-18T13:30:00", "WOJ": 10, "sev": 1, "c": [ 255, 255, 0, 160 ], "dmg": 0, "sli": 1, "ser": 0, "fat": 0, "row": -1, "mot": -1, "pie": -1, "uto": -1, "uwr": -1 }, "geometry": { "type": "Point", "coordinates": [ 19.368417, 52.306167 ] } },
{ "type": "Feature", "properties": { "ID": 108765525, "yr": 2020, "dt": "2020-03-18T06:00:00", "WOJ": 10, "sev": 1, "c": [ 255, 255, 0, 160 ], "dmg": 1, "sli": 1, "ser": 0, "fat": 0, "row": -1, "mot": 1, "pie": -1, "uto": -1, "uwr": -1 }, "geometry": { "type": "Point", "coordinates": [ 18.998111, 51.145361 ] } },
{ "type": "Feature", "properties": { "ID": 108769593, "yr": 2020, "dt": "2020-03-18T22:00:00", "WOJ": 10, "sev": 1, "c": [ 255, 255, 0, 160 ], "dmg": 0, "sli": 1, "ser": 0, "fat": 0, "row": 1, "mot": -1, "pie": -1, "uto": -1, "uwr": -1 }, "geometry": { "type": "Point", "coordinates": [ 19.634972, 51.535806 ] } },
{ "type": "Feature", "properties": { "ID": 108767527, "yr": 2020, "dt": "2020-03-18T16:40:00", "WOJ": 10, "sev": 1, "c": [ 255, 255, 0, 160 ], "dmg": 1, "sli": 1, "ser": 0, "fat": 0, "row": -1, "mot": -1, "pie": -1, "uto": -1, "uwr": -1 }, "geometry": { "type": "Point", "coordinates": [ 19.839778, 51.654333 ] } },
{ "type": "Feature", "properties": { "ID": 108770751, "yr": 2020, "dt": "2020-03-19T16:40:00", "WOJ": 10, "sev": 1, "c": [ 255, 255, 0, 160 ], "dmg": 0, "sli": 1, "ser": 0, "fat": 0, "row": 1, "mot": -1, "pie": -1, "uto": -1, "uwr": -1 }, "geometry": { "type": "Point", "coordinates": [ 19.993278, 51.521694 ] } },
{ "type": "Feature", "properties": { "ID": 109322208, "yr": 2020, "dt": "2020-08-02T17:50:00", "WOJ": 10, "sev": 1, "c": [ 255, 255, 0, 160 ], "dmg": 0, "sli": 1, "ser": 0, "fat": 0, "row": -1, "mot": 1, "pie": -1, "uto": -1, "uwr": -1 }, "geometry": { "type": "Point", "coordinates": [ 19.65075, 51.306333 ] } },
{ "type": "Feature", "properties": { "ID": 108770573, "yr": 2020, "dt": "2020-03-19T10:43:00", "WOJ": 10, "sev": 1, "c": [ 255, 255, 0, 160 ], "dmg": 1, "sli": 1, "ser": 0, "fat": 0, "row": -1, "mot": -1, "pie": 1, "uto": -1, "uwr": -1 }, "geometry": { "type": "Point", "coordinates": [ 20.012528, 51.520694 ] } },
{ "type": "Feature", "properties": { "ID": 109293100, "yr": 2020, "dt": "2020-07-20T07:14:00", "WOJ": 10, "sev": 1, "c": [ 255, 255, 0, 160 ], "dmg": 1, "sli": 1, "ser": 0, "fat": 0, "row": -1, "mot": -1, "pie": 1, "uto": -1, "uwr": -1 }, "geometry": { "type": "Point", "coordinates": [ 19.348833, 51.6625 ] } },
{ "type": "Feature", "properties": { "ID": 109241077, "yr": 2020, "dt": "2020-06-24T19:55:00", "WOJ": 10, "sev": 1, "c": [ 255, 255, 0, 160 ], "dmg": 0, "sli": 1, "ser": 0, "fat": 0, "row": -1, "mot": -1, "pie": -1, "uto": -1, "uwr": -1 }, "geometry": { "type": "Point", "coordinates": [ 20.135361, 51.64475 ] } },
{ "type": "Feature", "properties": { "ID": 109321924, "yr": 2020, "dt": "2020-08-02T12:20:00", "WOJ": 10, "sev": 1, "c": [ 255, 255, 0, 160 ], "dmg": 1, "sli": 1, "ser": 0, "fat": 0, "row": 1, "mot": -1, "pie": -1, "uto": -1, "uwr": -1 }, "geometry": { "type": "Point", "coordinates": [ 18.8795, 51.416389 ] } },
{ "type": "Feature", "properties": { "ID": 109240828, "yr": 2020, "dt": "2020-06-24T09:40:00", "WOJ": 10, "sev": 1, "c": [ 255, 255, 0, 160 ], "dmg": 0, "sli": 2, "ser": 0, "fat": 0, "row": -1, "mot": -1, "pie": -1, "uto": -1, "uwr": -1 }, "geometry": { "type": "Point", "coordinates": [ 19.930028, 51.616917 ] } },
{ "type": "Feature", "properties": { "ID": 108781847, "yr": 2020, "dt": "2020-03-22T18:11:00", "WOJ": 10, "sev": 1, "c": [ 255, 255, 0, 160 ], "dmg": 1, "sli": 1, "ser": 0, "fat": 0, "row": 1, "mot": -1, "pie": -1, "uto": -1, "uwr": -1 }, "geometry": { "type": "Point", "coordinates": [ 19.324472, 52.245972 ] } },
{ "type": "Feature", "properties": { "ID": 108782378, "yr": 2020, "dt": "2020-03-23T19:15:00", "WOJ": 10, "sev": 1, "c": [ 255, 255, 0, 160 ], "dmg": 1, "sli": 1, "ser": 0, "fat": 0, "row": -1, "mot": -1, "pie": 0, "uto": -1, "uwr": -1 }, "geometry": { "type": "Point", "coordinates": [ 20.418972, 51.800111 ] } },
{ "type": "Feature", "properties": { "ID": 109291419, "yr": 2020, "dt": "2020-07-19T12:45:00", "WOJ": 10, "sev": 1, "c": [ 255, 255, 0, 160 ], "dmg": 1, "sli": 1, "ser": 0, "fat": 0, "row": 1, "mot": -1, "pie": -1, "uto": -1, "uwr": -1 }, "geometry": { "type": "Point", "coordinates": [ 19.017167, 51.612361 ] } },
{ "type": "Feature", "properties": { "ID": 108782250, "yr": 2020, "dt": "2020-03-23T13:10:00", "WOJ": 10, "sev": 1, "c": [ 255, 255, 0, 160 ], "dmg": 1, "sli": 1, "ser": 0, "fat": 0, "row": -1, "mot": -1, "pie": -1, "uto": -1, "uwr": -1 }, "geometry": { "type": "Point", "coordinates": [ 19.729639, 51.387389 ] } },
{ "type": "Feature", "properties": { "ID": 109277439, "yr": 2020, "dt": "2020-07-10T22:10:00", "WOJ": 10, "sev": 1, "c": [ 255, 255, 0, 160 ], "dmg": 1, "sli": 1, "ser": 0, "fat": 0, "row": -1, "mot": -1, "pie": -1, "uto": -1, "uwr": -1 }, "geometry": { "type": "Point", "coordinates": [ 20.023028, 51.566333 ] } },
{ "type": "Feature", "properties": { "ID": 109243573, "yr": 2020, "dt": "2020-06-25T18:25:00", "WOJ": 10, "sev": 1, "c": [ 255, 255, 0, 160 ], "dmg": 1, "sli": 1, "ser": 0, "fat": 0, "row": 1, "mot": 0, "pie": -1, "uto": -1, "uwr": -1 }, "geometry": { "type": "Point", "coordinates": [ 19.620417, 51.417722 ] } },
{ "type": "Feature", "properties": { "ID": 108783001, "yr": 2020, "dt": "2020-03-24T05:55:00", "WOJ": 10, "sev": 1, "c": [ 255, 255, 0, 160 ], "dmg": 1, "sli": 1, "ser": 0, "fat": 0, "row": -1, "mot": -1, "pie": 1, "uto": -1, "uwr": -1 }, "geometry": { "type": "Point", "coordinates": [ 18.954389, 51.896389 ] } },
{ "type": "Feature", "properties": { "ID": 108786717, "yr": 2020, "dt": "2020-03-25T18:10:00", "WOJ": 10, "sev": 1, "c": [ 255, 255, 0, 160 ], "dmg": 2, "sli": 1, "ser": 0, "fat": 0, "row": -1, "mot": -1, "pie": 1, "uto": -1, "uwr": -1 }, "geometry": { "type": "Point", "coordinates": [ 19.701639, 51.409722 ] } },
{ "type": "Feature", "properties": { "ID": 109321730, "yr": 2020, "dt": "2020-08-02T07:15:00", "WOJ": 10, "sev": 1, "c": [ 255, 255, 0, 160 ], "dmg": 1, "sli": 1, "ser": 0, "fat": 0, "row": 1, "mot": -1, "pie": -1, "uto": -1, "uwr": -1 }, "geometry": { "type": "Point", "coordinates": [ 19.286028, 51.954528 ] } },
{ "type": "Feature", "properties": { "ID": 108788684, "yr": 2020, "dt": "2020-03-25T21:35:00", "WOJ": 10, "sev": 1, "c": [ 255, 255, 0, 160 ], "dmg": 2, "sli": 1, "ser": 0, "fat": 0, "row": -1, "mot": -1, "pie": -1, "uto": -1, "uwr": -1 }, "geometry": { "type": "Point", "coordinates": [ 20.267722, 51.683361 ] } },
{ "type": "Feature", "properties": { "ID": 108786732, "yr": 2020, "dt": "2020-03-25T18:54:00", "WOJ": 10, "sev": 1, "c": [ 255, 255, 0, 160 ], "dmg": 0, "sli": 1, "ser": 0, "fat": 0, "row": -1, "mot": -1, "pie": -1, "uto": -1, "uwr": -1 }, "geometry": { "type": "Point", "coordinates": [ 20.055056, 51.597139 ] } },
{ "type": "Feature", "properties": { "ID": 109248869, "yr": 2020, "dt": "2020-06-25T11:00:00", "WOJ": 10, "sev": 1, "c": [ 255, 255, 0, 160 ], "dmg": 1, "sli": 1, "ser": 0, "fat": 0, "row": -1, "mot": -1, "pie": 1, "uto": -1, "uwr": -1 }, "geometry": { "type": "Point", "coordinates": [ 20.01375, 51.526333 ] } },
{ "type": "Feature", "properties": { "ID": 109276103, "yr": 2020, "dt": "2020-07-10T22:00:00", "WOJ": 10, "sev": 1, "c": [ 255, 255, 0, 160 ], "dmg": 1, "sli": 1, "ser": 0, "fat": 0, "row": -1, "mot": -1, "pie": -1, "uto": -1, "uwr": -1 }, "geometry": { "type": "Point", "coordinates": [ 20.142806, 51.953389 ] } },
{ "type": "Feature", "properties": { "ID": 109297921, "yr": 2020, "dt": "2020-07-21T10:39:00", "WOJ": 10, "sev": 1, "c": [ 255, 255, 0, 160 ], "dmg": 2, "sli": 1, "ser": 0, "fat": 0, "row": -1, "mot": -1, "pie": -1, "uto": -1, "uwr": -1 }, "geometry": { "type": "Point", "coordinates": [ 19.478611, 51.661194 ] } },
{ "type": "Feature", "properties": { "ID": 108790667, "yr": 2020, "dt": "2020-03-27T00:24:00", "WOJ": 10, "sev": 1, "c": [ 255, 255, 0, 160 ], "dmg": 1, "sli": 1, "ser": 0, "fat": 0, "row": -1, "mot": -1, "pie": -1, "uto": -1, "uwr": -1 }, "geometry": { "type": "Point", "coordinates": [ 19.884361, 51.575917 ] } },
{ "type": "Feature", "properties": { "ID": 108791263, "yr": 2020, "dt": "2020-03-27T15:35:00", "WOJ": 10, "sev": 1, "c": [ 255, 255, 0, 160 ], "dmg": 1, "sli": 1, "ser": 0, "fat": 0, "row": -1, "mot": -1, "pie": -1, "uto": -1, "uwr": -1 }, "geometry": { "type": "Point", "coordinates": [ 19.269889, 51.157111 ] } },
{ "type": "Feature", "properties": { "ID": 108791017, "yr": 2020, "dt": "2020-03-27T12:16:00", "WOJ": 10, "sev": 1, "c": [ 255, 255, 0, 160 ], "dmg": 1, "sli": 1, "ser": 0, "fat": 0, "row": -1, "mot": -1, "pie": -1, "uto": -1, "uwr": -1 }, "geometry": { "type": "Point", "coordinates": [ 19.515, 51.7965 ] } },
{ "type": "Feature", "properties": { "ID": 108791105, "yr": 2020, "dt": "2020-03-27T11:05:00", "WOJ": 10, "sev": 1, "c": [ 255, 255, 0, 160 ], "dmg": 1, "sli": 1, "ser": 0, "fat": 0, "row": -1, "mot": -1, "pie": -1, "uto": -1, "uwr": -1 }, "geometry": { "type": "Point", "coordinates": [ 19.974278, 52.117056 ] } },
{ "type": "Feature", "properties": { "ID": 109307528, "yr": 2020, "dt": "2020-07-25T19:45:00", "WOJ": 10, "sev": 1, "c": [ 255, 255, 0, 160 ], "dmg": 1, "sli": 1, "ser": 0, "fat": 0, "row": 1, "mot": -1, "pie": -1, "uto": -1, "uwr": -1 }, "geometry": { "type": "Point", "coordinates": [ 19.887694, 51.575194 ] } },
{ "type": "Feature", "properties": { "ID": 108800569, "yr": 2020, "dt": "2020-03-28T21:30:00", "WOJ": 10, "sev": 1, "c": [ 255, 255, 0, 160 ], "dmg": 0, "sli": 1, "ser": 0, "fat": 0, "row": -1, "mot": -1, "pie": -1, "uto": -1, "uwr": -1 }, "geometry": { "type": "Point", "coordinates": [ 19.272028, 52.03075 ] } },
{ "type": "Feature", "properties": { "ID": 108794693, "yr": 2020, "dt": "2020-03-28T10:50:00", "WOJ": 10, "sev": 1, "c": [ 255, 255, 0, 160 ], "dmg": 1, "sli": 1, "ser": 0, "fat": 0, "row": -1, "mot": -1, "pie": -1, "uto": -1, "uwr": -1 }, "geometry": { "type": "Point", "coordinates": [ 19.622556, 50.933417 ] } },
{ "type": "Feature", "properties": { "ID": 108791511, "yr": 2020, "dt": "2020-03-28T06:30:00", "WOJ": 10, "sev": 1, "c": [ 255, 255, 0, 160 ], "dmg": 0, "sli": 1, "ser": 0, "fat": 0, "row": -1, "mot": 1, "pie": -1, "uto": -1, "uwr": -1 }, "geometry": { "type": "Point", "coordinates": [ 19.244722, 51.833833 ] } },
{ "type": "Feature", "properties": { "ID": 109305185, "yr": 2020, "dt": "2020-07-25T08:20:00", "WOJ": 10, "sev": 1, "c": [ 255, 255, 0, 160 ], "dmg": 1, "sli": 1, "ser": 0, "fat": 0, "row": -1, "mot": -1, "pie": -1, "uto": -1, "uwr": -1 }, "geometry": { "type": "Point", "coordinates": [ 19.743361, 51.502111 ] } },
{ "type": "Feature", "properties": { "ID": 109309841, "yr": 2020, "dt": "2020-07-25T19:25:00", "WOJ": 10, "sev": 1, "c": [ 255, 255, 0, 160 ], "dmg": 1, "sli": 1, "ser": 0, "fat": 0, "row": -1, "mot": 1, "pie": -1, "uto": -1, "uwr": -1 }, "geometry": { "type": "Point", "coordinates": [ 19.512528, 51.780083 ] } },
{ "type": "Feature", "properties": { "ID": 109243444, "yr": 2020, "dt": "2020-06-25T14:15:00", "WOJ": 10, "sev": 1, "c": [ 255, 255, 0, 160 ], "dmg": 0, "sli": 3, "ser": 0, "fat": 0, "row": -1, "mot": -1, "pie": -1, "uto": -1, "uwr": -1 }, "geometry": { "type": "Point", "coordinates": [ 20.236389, 51.893472 ] } },
{ "type": "Feature", "properties": { "ID": 108799698, "yr": 2020, "dt": "2020-03-30T05:43:00", "WOJ": 10, "sev": 1, "c": [ 255, 255, 0, 160 ], "dmg": 0, "sli": 1, "ser": 0, "fat": 0, "row": -1, "mot": -1, "pie": -1, "uto": -1, "uwr": -1 }, "geometry": { "type": "Point", "coordinates": [ 20.026028, 51.331639 ] } },
{ "type": "Feature", "properties": { "ID": 109244463, "yr": 2020, "dt": "2020-06-26T18:39:00", "WOJ": 10, "sev": 1, "c": [ 255, 255, 0, 160 ], "dmg": 2, "sli": 1, "ser": 0, "fat": 0, "row": -1, "mot": -1, "pie": -1, "uto": -1, "uwr": -1 }, "geometry": { "type": "Point", "coordinates": [ 19.479083, 51.789056 ] } },
{ "type": "Feature", "properties": { "ID": 108800071, "yr": 2020, "dt": "2020-03-30T20:40:00", "WOJ": 10, "sev": 1, "c": [ 255, 255, 0, 160 ], "dmg": 1, "sli": 1, "ser": 0, "fat": 0, "row": -1, "mot": -1, "pie": 1, "uto": -1, "uwr": -1 }, "geometry": { "type": "Point", "coordinates": [ 18.559472, 51.682694 ] } },
{ "type": "Feature", "properties": { "ID": 108805622, "yr": 2020, "dt": "2020-03-31T16:57:00", "WOJ": 10, "sev": 1, "c": [ 255, 255, 0, 160 ], "dmg": 1, "sli": 1, "ser": 0, "fat": 0, "row": -1, "mot": -1, "pie": 1, "uto": -1, "uwr": -1 }, "geometry": { "type": "Point", "coordinates": [ 19.453222, 51.735111 ] } },
{ "type": "Feature", "properties": { "ID": 109311663, "yr": 2020, "dt": "2020-07-21T15:01:00", "WOJ": 10, "sev": 1, "c": [ 255, 255, 0, 160 ], "dmg": 1, "sli": 1, "ser": 0, "fat": 0, "row": -1, "mot": -1, "pie": -1, "uto": -1, "uwr": -1 }, "geometry": { "type": "Point", "coordinates": [ 19.490889, 51.709694 ] } },
{ "type": "Feature", "properties": { "ID": 109321413, "yr": 2020, "dt": "2020-08-01T14:30:00", "WOJ": 10, "sev": 1, "c": [ 255, 255, 0, 160 ], "dmg": 1, "sli": 1, "ser": 0, "fat": 0, "row": -1, "mot": 1, "pie": -1, "uto": -1, "uwr": -1 }, "geometry": { "type": "Point", "coordinates": [ 19.9535, 51.358861 ] } },
{ "type": "Feature", "properties": { "ID": 108808135, "yr": 2020, "dt": "2020-04-01T16:40:00", "WOJ": 10, "sev": 1, "c": [ 255, 255, 0, 160 ], "dmg": 1, "sli": 1, "ser": 0, "fat": 0, "row": -1, "mot": -1, "pie": -1, "uto": -1, "uwr": -1 }, "geometry": { "type": "Point", "coordinates": [ 18.994, 51.141444 ] } },
{ "type": "Feature", "properties": { "ID": 108812575, "yr": 2020, "dt": "2020-04-02T02:30:00", "WOJ": 10, "sev": 1, "c": [ 255, 255, 0, 160 ], "dmg": 0, "sli": 1, "ser": 0, "fat": 0, "row": -1, "mot": -1, "pie": -1, "uto": -1, "uwr": -1 }, "geometry": { "type": "Point", "coordinates": [ 19.640556, 51.428472 ] } },
{ "type": "Feature", "properties": { "ID": 108817886, "yr": 2020, "dt": "2020-04-02T14:10:00", "WOJ": 10, "sev": 1, "c": [ 255, 255, 0, 160 ], "dmg": 1, "sli": 1, "ser": 0, "fat": 0, "row": 1, "mot": -1, "pie": -1, "uto": -1, "uwr": -1 }, "geometry": { "type": "Point", "coordinates": [ 19.448611, 51.950556 ] } },
{ "type": "Feature", "properties": { "ID": 108832683, "yr": 2020, "dt": "2020-04-03T15:05:00", "WOJ": 10, "sev": 1, "c": [ 255, 255, 0, 160 ], "dmg": 1, "sli": 1, "ser": 0, "fat": 0, "row": -1, "mot": -1, "pie": -1, "uto": -1, "uwr": -1 }, "geometry": { "type": "Point", "coordinates": [ 19.435194, 51.798 ] } },
{ "type": "Feature", "properties": { "ID": 109245222, "yr": 2020, "dt": "2020-06-26T14:15:00", "WOJ": 10, "sev": 1, "c": [ 255, 255, 0, 160 ], "dmg": 1, "sli": 1, "ser": 0, "fat": 0, "row": -1, "mot": -1, "pie": -1, "uto": -1, "uwr": -1 }, "geometry": { "type": "Point", "coordinates": [ 19.176833, 51.57475 ] } },
{ "type": "Feature", "properties": { "ID": 109278260, "yr": 2020, "dt": "2020-07-11T22:10:00", "WOJ": 10, "sev": 1, "c": [ 255, 255, 0, 160 ], "dmg": 1, "sli": 1, "ser": 0, "fat": 0, "row": -1, "mot": -1, "pie": 1, "uto": -1, "uwr": -1 }, "geometry": { "type": "Point", "coordinates": [ 19.631944, 51.366472 ] } },
{ "type": "Feature", "properties": { "ID": 109321547, "yr": 2020, "dt": "2020-08-01T19:29:00", "WOJ": 10, "sev": 1, "c": [ 255, 255, 0, 160 ], "dmg": 0, "sli": 1, "ser": 0, "fat": 0, "row": 1, "mot": -1, "pie": -1, "uto": -1, "uwr": -1 }, "geometry": { "type": "Point", "coordinates": [ 20.008056, 51.533083 ] } },
{ "type": "Feature", "properties": { "ID": 108823571, "yr": 2020, "dt": "2020-04-03T08:41:00", "WOJ": 10, "sev": 1, "c": [ 255, 255, 0, 160 ], "dmg": 1, "sli": 1, "ser": 0, "fat": 0, "row": -1, "mot": -1, "pie": -1, "uto": -1, "uwr": -1 }, "geometry": { "type": "Point", "coordinates": [ 19.512528, 51.780083 ] } },
{ "type": "Feature", "properties": { "ID": 109243798, "yr": 2020, "dt": "2020-06-26T09:22:00", "WOJ": 10, "sev": 1, "c": [ 255, 255, 0, 160 ], "dmg": 2, "sli": 1, "ser": 0, "fat": 0, "row": -1, "mot": -1, "pie": -1, "uto": -1, "uwr": -1 }, "geometry": { "type": "Point", "coordinates": [ 19.484083, 51.761278 ] } },
{ "type": "Feature", "properties": { "ID": 108862590, "yr": 2020, "dt": "2020-04-04T13:25:00", "WOJ": 10, "sev": 1, "c": [ 255, 255, 0, 160 ], "dmg": 1, "sli": 1, "ser": 0, "fat": 0, "row": 1, "mot": -1, "pie": -1, "uto": -1, "uwr": -1 }, "geometry": { "type": "Point", "coordinates": [ 18.916417, 51.293833 ] } },
{ "type": "Feature", "properties": { "ID": 108857586, "yr": 2020, "dt": "2020-04-04T10:39:00", "WOJ": 10, "sev": 1, "c": [ 255, 255, 0, 160 ], "dmg": 0, "sli": 1, "ser": 0, "fat": 0, "row": -1, "mot": -1, "pie": -1, "uto": -1, "uwr": -1 }, "geometry": { "type": "Point", "coordinates": [ 19.398194, 51.837583 ] } },
{ "type": "Feature", "properties": { "ID": 108897568, "yr": 2020, "dt": "2020-04-05T16:55:00", "WOJ": 10, "sev": 1, "c": [ 255, 255, 0, 160 ], "dmg": 0, "sli": 1, "ser": 0, "fat": 0, "row": -1, "mot": -1, "pie": -1, "uto": -1, "uwr": -1 }, "geometry": { "type": "Point", "coordinates": [ 18.521944, 51.788333 ] } },
{ "type": "Feature", "properties": { "ID": 108901647, "yr": 2020, "dt": "2020-04-06T08:55:00", "WOJ": 10, "sev": 1, "c": [ 255, 255, 0, 160 ], "dmg": 1, "sli": 1, "ser": 0, "fat": 0, "row": 1, "mot": -1, "pie": -1, "uto": -1, "uwr": -1 }, "geometry": { "type": "Point", "coordinates": [ 19.1965, 52.0565 ] } },
{ "type": "Feature", "properties": { "ID": 109321239, "yr": 2020, "dt": "2020-08-01T11:50:00", "WOJ": 10, "sev": 1, "c": [ 255, 255, 0, 160 ], "dmg": 2, "sli": 1, "ser": 0, "fat": 0, "row": -1, "mot": -1, "pie": -1, "uto": -1, "uwr": -1 }, "geometry": { "type": "Point", "coordinates": [ 18.977222, 52.012667 ] } },
{ "type": "Feature", "properties": { "ID": 109245304, "yr": 2020, "dt": "2020-06-26T15:15:00", "WOJ": 10, "sev": 1, "c": [ 255, 255, 0, 160 ], "dmg": 2, "sli": 1, "ser": 0, "fat": 0, "row": -1, "mot": -1, "pie": -1, "uto": -1, "uwr": -1 }, "geometry": { "type": "Point", "coordinates": [ 19.360167, 51.365972 ] } },
{ "type": "Feature", "properties": { "ID": 109245160, "yr": 2020, "dt": "2020-06-26T15:20:00", "WOJ": 10, "sev": 1, "c": [ 255, 255, 0, 160 ], "dmg": 1, "sli": 1, "ser": 0, "fat": 0, "row": -1, "mot": -1, "pie": -1, "uto": -1, "uwr": -1 }, "geometry": { "type": "Point", "coordinates": [ 19.238667, 51.168 ] } },
{ "type": "Feature", "properties": { "ID": 109321577, "yr": 2020, "dt": "2020-08-01T19:25:00", "WOJ": 10, "sev": 1, "c": [ 255, 255, 0, 160 ], "dmg": 1, "sli": 2, "ser": 0, "fat": 0, "row": -1, "mot": -1, "pie": 1, "uto": -1, "uwr": -1 }, "geometry": { "type": "Point", "coordinates": [ 19.57325, 51.021972 ] } },
{ "type": "Feature", "properties": { "ID": 109319826, "yr": 2020, "dt": "2020-08-01T15:15:00", "WOJ": 10, "sev": 1, "c": [ 255, 255, 0, 160 ], "dmg": 1, "sli": 1, "ser": 0, "fat": 0, "row": -1, "mot": -1, "pie": -1, "uto": -1, "uwr": -1 }, "geometry": { "type": "Point", "coordinates": [ 19.956306, 52.166167 ] } },
{ "type": "Feature", "properties": { "ID": 108906959, "yr": 2020, "dt": "2020-04-08T16:18:00", "WOJ": 10, "sev": 1, "c": [ 255, 255, 0, 160 ], "dmg": 1, "sli": 1, "ser": 0, "fat": 0, "row": -1, "mot": -1, "pie": -1, "uto": -1, "uwr": -1 }, "geometry": { "type": "Point", "coordinates": [ 19.438917, 51.776528 ] } },
{ "type": "Feature", "properties": { "ID": 108906786, "yr": 2020, "dt": "2020-04-08T14:29:00", "WOJ": 10, "sev": 1, "c": [ 255, 255, 0, 160 ], "dmg": 1, "sli": 1, "ser": 0, "fat": 0, "row": -1, "mot": -1, "pie": 1, "uto": -1, "uwr": -1 }, "geometry": { "type": "Point", "coordinates": [ 19.384222, 51.739944 ] } },
{ "type": "Feature", "properties": { "ID": 109278200, "yr": 2020, "dt": "2020-07-11T20:20:00", "WOJ": 10, "sev": 1, "c": [ 255, 255, 0, 160 ], "dmg": 2, "sli": 1, "ser": 0, "fat": 0, "row": 1, "mot": -1, "pie": -1, "uto": -1, "uwr": -1 }, "geometry": { "type": "Point", "coordinates": [ 18.923389, 51.590083 ] } },
{ "type": "Feature", "properties": { "ID": 108903351, "yr": 2020, "dt": "2020-04-08T07:09:00", "WOJ": 10, "sev": 1, "c": [ 255, 255, 0, 160 ], "dmg": 0, "sli": 1, "ser": 0, "fat": 0, "row": -1, "mot": -1, "pie": -1, "uto": -1, "uwr": -1 }, "geometry": { "type": "Point", "coordinates": [ 19.847306, 51.586306 ] } },
{ "type": "Feature", "properties": { "ID": 108908801, "yr": 2020, "dt": "2020-04-09T19:27:00", "WOJ": 10, "sev": 1, "c": [ 255, 255, 0, 160 ], "dmg": 3, "sli": 3, "ser": 0, "fat": 0, "row": -1, "mot": -1, "pie": -1, "uto": -1, "uwr": -1 }, "geometry": { "type": "Point", "coordinates": [ 19.494611, 51.736917 ] } },
{ "type": "Feature", "properties": { "ID": 109288120, "yr": 2020, "dt": "2020-07-16T18:50:00", "WOJ": 10, "sev": 1, "c": [ 255, 255, 0, 160 ], "dmg": 1, "sli": 1, "ser": 0, "fat": 0, "row": -1, "mot": 1, "pie": -1, "uto": -1, "uwr": -1 }, "geometry": { "type": "Point", "coordinates": [ 19.40675, 52.183639 ] } },
{ "type": "Feature", "properties": { "ID": 108908953, "yr": 2020, "dt": "2020-04-09T20:25:00", "WOJ": 10, "sev": 1, "c": [ 255, 255, 0, 160 ], "dmg": 1, "sli": 2, "ser": 0, "fat": 0, "row": -1, "mot": -1, "pie": -1, "uto": -1, "uwr": -1 }, "geometry": { "type": "Point", "coordinates": [ 19.385083, 51.427861 ] } },
{ "type": "Feature", "properties": { "ID": 108908880, "yr": 2020, "dt": "2020-04-09T16:30:00", "WOJ": 10, "sev": 1, "c": [ 255, 255, 0, 160 ], "dmg": 1, "sli": 1, "ser": 0, "fat": 0, "row": -1, "mot": -1, "pie": -1, "uto": -1, "uwr": -1 }, "geometry": { "type": "Point", "coordinates": [ 19.395583, 51.855417 ] } },
{ "type": "Feature", "properties": { "ID": 108908708, "yr": 2020, "dt": "2020-04-09T16:40:00", "WOJ": 10, "sev": 1, "c": [ 255, 255, 0, 160 ], "dmg": 3, "sli": 1, "ser": 0, "fat": 0, "row": -1, "mot": -1, "pie": -1, "uto": -1, "uwr": -1 }, "geometry": { "type": "Point", "coordinates": [ 19.359556, 51.804472 ] } },
{ "type": "Feature", "properties": { "ID": 109292889, "yr": 2020, "dt": "2020-07-19T14:34:00", "WOJ": 10, "sev": 1, "c": [ 255, 255, 0, 160 ], "dmg": 0, "sli": 1, "ser": 0, "fat": 0, "row": -1, "mot": -1, "pie": -1, "uto": -1, "uwr": -1 }, "geometry": { "type": "Point", "coordinates": [ 19.747722, 51.699389 ] } },
{ "type": "Feature", "properties": { "ID": 108908782, "yr": 2020, "dt": "2020-04-09T18:20:00", "WOJ": 10, "sev": 1, "c": [ 255, 255, 0, 160 ], "dmg": 1, "sli": 1, "ser": 0, "fat": 0, "row": 1, "mot": -1, "pie": -1, "uto": -1, "uwr": -1 }, "geometry": { "type": "Point", "coordinates": [ 18.88925, 51.209556 ] } },
{ "type": "Feature", "properties": { "ID": 109246658, "yr": 2020, "dt": "2020-06-27T11:00:00", "WOJ": 10, "sev": 1, "c": [ 255, 255, 0, 160 ], "dmg": 1, "sli": 1, "ser": 0, "fat": 0, "row": -1, "mot": 1, "pie": -1, "uto": -1, "uwr": -1 }, "geometry": { "type": "Point", "coordinates": [ 20.496917, 51.799194 ] } },
{ "type": "Feature", "properties": { "ID": 108911575, "yr": 2020, "dt": "2020-04-11T22:25:00", "WOJ": 10, "sev": 1, "c": [ 255, 255, 0, 160 ], "dmg": 1, "sli": 1, "ser": 0, "fat": 0, "row": -1, "mot": -1, "pie": 1, "uto": -1, "uwr": -1 }, "geometry": { "type": "Point", "coordinates": [ 19.471389, 51.059694 ] } },
{ "type": "Feature", "properties": { "ID": 108910303, "yr": 2020, "dt": "2020-04-11T01:18:00", "WOJ": 10, "sev": 1, "c": [ 255, 255, 0, 160 ], "dmg": 1, "sli": 1, "ser": 0, "fat": 0, "row": -1, "mot": -1, "pie": -1, "uto": -1, "uwr": -1 }, "geometry": { "type": "Point", "coordinates": [ 19.445083, 51.773833 ] } },
{ "type": "Feature", "properties": { "ID": 108911351, "yr": 2020, "dt": "2020-04-11T17:30:00", "WOJ": 10, "sev": 1, "c": [ 255, 255, 0, 160 ], "dmg": 0, "sli": 1, "ser": 0, "fat": 0, "row": -1, "mot": -1, "pie": -1, "uto": -1, "uwr": -1 }, "geometry": { "type": "Point", "coordinates": [ 19.678056, 52.184056 ] } },
{ "type": "Feature", "properties": { "ID": 109245793, "yr": 2020, "dt": "2020-06-27T09:05:00", "WOJ": 10, "sev": 1, "c": [ 255, 255, 0, 160 ], "dmg": 1, "sli": 2, "ser": 0, "fat": 0, "row": -1, "mot": -1, "pie": -1, "uto": -1, "uwr": -1 }, "geometry": { "type": "Point", "coordinates": [ 20.001167, 51.539333 ] } },
{ "type": "Feature", "properties": { "ID": 108911492, "yr": 2020, "dt": "2020-04-12T18:14:00", "WOJ": 10, "sev": 1, "c": [ 255, 255, 0, 160 ], "dmg": 0, "sli": 1, "ser": 0, "fat": 0, "row": -1, "mot": -1, "pie": -1, "uto": -1, "uwr": -1 }, "geometry": { "type": "Point", "coordinates": [ 19.319972, 51.789139 ] } },
{ "type": "Feature", "properties": { "ID": 108911544, "yr": 2020, "dt": "2020-04-13T13:19:00", "WOJ": 10, "sev": 1, "c": [ 255, 255, 0, 160 ], "dmg": 2, "sli": 1, "ser": 0, "fat": 0, "row": 1, "mot": -1, "pie": -1, "uto": -1, "uwr": -1 }, "geometry": { "type": "Point", "coordinates": [ 19.456444, 51.768722 ] } },
{ "type": "Feature", "properties": { "ID": 108911817, "yr": 2020, "dt": "2020-04-13T23:13:00", "WOJ": 10, "sev": 1, "c": [ 255, 255, 0, 160 ], "dmg": 1, "sli": 1, "ser": 0, "fat": 0, "row": -1, "mot": 1, "pie": -1, "uto": -1, "uwr": -1 }, "geometry": { "type": "Point", "coordinates": [ 19.461889, 51.777389 ] } },
{ "type": "Feature", "properties": { "ID": 109297041, "yr": 2020, "dt": "2020-07-21T18:15:00", "WOJ": 10, "sev": 1, "c": [ 255, 255, 0, 160 ], "dmg": 2, "sli": 1, "ser": 0, "fat": 0, "row": -1, "mot": 1, "pie": -1, "uto": -1, "uwr": -1 }, "geometry": { "type": "Point", "coordinates": [ 19.63075, 51.429444 ] } },
{ "type": "Feature", "properties": { "ID": 109248709, "yr": 2020, "dt": "2020-06-28T17:40:00", "WOJ": 10, "sev": 1, "c": [ 255, 255, 0, 160 ], "dmg": 0, "sli": 3, "ser": 0, "fat": 0, "row": -1, "mot": -1, "pie": -1, "uto": -1, "uwr": -1 }, "geometry": { "type": "Point", "coordinates": [ 19.016528, 51.567833 ] } },
{ "type": "Feature", "properties": { "ID": 108913086, "yr": 2020, "dt": "2020-04-14T22:14:00", "WOJ": 10, "sev": 1, "c": [ 255, 255, 0, 160 ], "dmg": 1, "sli": 1, "ser": 0, "fat": 0, "row": -1, "mot": -1, "pie": -1, "uto": -1, "uwr": -1 }, "geometry": { "type": "Point", "coordinates": [ 19.448972, 51.070583 ] } },
{ "type": "Feature", "properties": { "ID": 108914584, "yr": 2020, "dt": "2020-04-15T09:40:00", "WOJ": 10, "sev": 1, "c": [ 255, 255, 0, 160 ], "dmg": 1, "sli": 1, "ser": 0, "fat": 0, "row": -1, "mot": -1, "pie": -1, "uto": -1, "uwr": -1 }, "geometry": { "type": "Point", "coordinates": [ 20.271111, 51.765556 ] } },
{ "type": "Feature", "properties": { "ID": 108916001, "yr": 2020, "dt": "2020-04-16T16:42:00", "WOJ": 10, "sev": 1, "c": [ 255, 255, 0, 160 ], "dmg": 1, "sli": 1, "ser": 0, "fat": 0, "row": -1, "mot": -1, "pie": 1, "uto": -1, "uwr": -1 }, "geometry": { "type": "Point", "coordinates": [ 19.473194, 51.747556 ] } },
{ "type": "Feature", "properties": { "ID": 109247268, "yr": 2020, "dt": "2020-06-28T09:31:00", "WOJ": 10, "sev": 1, "c": [ 255, 255, 0, 160 ], "dmg": 1, "sli": 1, "ser": 0, "fat": 0, "row": 1, "mot": -1, "pie": -1, "uto": -1, "uwr": -1 }, "geometry": { "type": "Point", "coordinates": [ 18.949556, 51.594306 ] } },
{ "type": "Feature", "properties": { "ID": 108915775, "yr": 2020, "dt": "2020-04-16T06:27:00", "WOJ": 10, "sev": 1, "c": [ 255, 255, 0, 160 ], "dmg": 1, "sli": 1, "ser": 0, "fat": 0, "row": 1, "mot": -1, "pie": -1, "uto": -1, "uwr": -1 }, "geometry": { "type": "Point", "coordinates": [ 19.128833, 51.603583 ] } },
{ "type": "Feature", "properties": { "ID": 109247398, "yr": 2020, "dt": "2020-06-28T13:30:00", "WOJ": 10, "sev": 1, "c": [ 255, 255, 0, 160 ], "dmg": 1, "sli": 1, "ser": 0, "fat": 0, "row": -1, "mot": 0, "pie": 1, "uto": -1, "uwr": -1 }, "geometry": { "type": "Point", "coordinates": [ 20.409833, 51.386139 ] } },
{ "type": "Feature", "properties": { "ID": 108916682, "yr": 2020, "dt": "2020-04-16T10:20:00", "WOJ": 10, "sev": 1, "c": [ 255, 255, 0, 160 ], "dmg": 1, "sli": 1, "ser": 0, "fat": 0, "row": -1, "mot": -1, "pie": -1, "uto": -1, "uwr": -1 }, "geometry": { "type": "Point", "coordinates": [ 19.411028, 51.262917 ] } },
{ "type": "Feature", "properties": { "ID": 108916106, "yr": 2020, "dt": "2020-04-16T18:01:00", "WOJ": 10, "sev": 1, "c": [ 255, 255, 0, 160 ], "dmg": 1, "sli": 1, "ser": 0, "fat": 0, "row": 1, "mot": -1, "pie": -1, "uto": -1, "uwr": -1 }, "geometry": { "type": "Point", "coordinates": [ 19.826333, 51.742556 ] } },
{ "type": "Feature", "properties": { "ID": 109246381, "yr": 2020, "dt": "2020-06-28T03:15:00", "WOJ": 10, "sev": 1, "c": [ 255, 255, 0, 160 ], "dmg": 1, "sli": 1, "ser": 0, "fat": 0, "row": -1, "mot": -1, "pie": -1, "uto": -1, "uwr": -1 }, "geometry": { "type": "Point", "coordinates": [ 19.671111, 51.445194 ] } },
{ "type": "Feature", "properties": { "ID": 108916276, "yr": 2020, "dt": "2020-04-17T09:20:00", "WOJ": 10, "sev": 1, "c": [ 255, 255, 0, 160 ], "dmg": 1, "sli": 1, "ser": 0, "fat": 0, "row": 1, "mot": -1, "pie": -1, "uto": -1, "uwr": -1 }, "geometry": { "type": "Point", "coordinates": [ 18.192, 51.200333 ] } },
{ "type": "Feature", "properties": { "ID": 108917505, "yr": 2020, "dt": "2020-04-18T12:25:00", "WOJ": 10, "sev": 1, "c": [ 255, 255, 0, 160 ], "dmg": 0, "sli": 2, "ser": 0, "fat": 0, "row": -1, "mot": 1, "pie": -1, "uto": -1, "uwr": -1 }, "geometry": { "type": "Point", "coordinates": [ 20.177694, 51.552778 ] } },
{ "type": "Feature", "properties": { "ID": 108918023, "yr": 2020, "dt": "2020-04-18T19:45:00", "WOJ": 10, "sev": 1, "c": [ 255, 255, 0, 160 ], "dmg": 0, "sli": 1, "ser": 0, "fat": 0, "row": -1, "mot": -1, "pie": -1, "uto": -1, "uwr": -1 }, "geometry": { "type": "Point", "coordinates": [ 19.4805, 52.094056 ] } },
{ "type": "Feature", "properties": { "ID": 109278088, "yr": 2020, "dt": "2020-07-11T16:10:00", "WOJ": 10, "sev": 1, "c": [ 255, 255, 0, 160 ], "dmg": 2, "sli": 1, "ser": 0, "fat": 0, "row": -1, "mot": -1, "pie": -1, "uto": -1, "uwr": -1 }, "geometry": { "type": "Point", "coordinates": [ 19.658556, 51.40225 ] } },
{ "type": "Feature", "properties": { "ID": 108918384, "yr": 2020, "dt": "2020-04-20T08:10:00", "WOJ": 10, "sev": 1, "c": [ 255, 255, 0, 160 ], "dmg": 1, "sli": 1, "ser": 0, "fat": 0, "row": -1, "mot": -1, "pie": -1, "uto": -1, "uwr": -1 }, "geometry": { "type": "Point", "coordinates": [ 19.184972, 52.056333 ] } },
{ "type": "Feature", "properties": { "ID": 108918227, "yr": 2020, "dt": "2020-04-20T05:12:00", "WOJ": 10, "sev": 1, "c": [ 255, 255, 0, 160 ], "dmg": 1, "sli": 2, "ser": 0, "fat": 0, "row": -1, "mot": -1, "pie": -1, "uto": -1, "uwr": -1 }, "geometry": { "type": "Point", "coordinates": [ 19.42675, 51.781139 ] } },
{ "type": "Feature", "properties": { "ID": 108919888, "yr": 2020, "dt": "2020-04-20T09:45:00", "WOJ": 10, "sev": 1, "c": [ 255, 255, 0, 160 ], "dmg": 1, "sli": 1, "ser": 0, "fat": 0, "row": -1, "mot": -1, "pie": -1, "uto": -1, "uwr": -1 }, "geometry": { "type": "Point", "coordinates": [ 19.480806, 51.727333 ] } },
{ "type": "Feature", "properties": { "ID": 108920192, "yr": 2020, "dt": "2020-04-20T16:20:00", "WOJ": 10, "sev": 1, "c": [ 255, 255, 0, 160 ], "dmg": 1, "sli": 1, "ser": 0, "fat": 0, "row": -1, "mot": -1, "pie": -1, "uto": -1, "uwr": -1 }, "geometry": { "type": "Point", "coordinates": [ 19.649444, 51.931111 ] } },
{ "type": "Feature", "properties": { "ID": 109287985, "yr": 2020, "dt": "2020-07-16T18:20:00", "WOJ": 10, "sev": 1, "c": [ 255, 255, 0, 160 ], "dmg": 1, "sli": 1, "ser": 0, "fat": 0, "row": 1, "mot": -1, "pie": -1, "uto": -1, "uwr": -1 }, "geometry": { "type": "Point", "coordinates": [ 19.369306, 51.358278 ] } },
{ "type": "Feature", "properties": { "ID": 108920614, "yr": 2020, "dt": "2020-04-20T14:22:00", "WOJ": 10, "sev": 1, "c": [ 255, 255, 0, 160 ], "dmg": 1, "sli": 1, "ser": 0, "fat": 0, "row": -1, "mot": 1, "pie": -1, "uto": -1, "uwr": -1 }, "geometry": { "type": "Point", "coordinates": [ 19.426889, 51.813306 ] } },
{ "type": "Feature", "properties": { "ID": 109249287, "yr": 2020, "dt": "2020-06-29T14:07:00", "WOJ": 10, "sev": 1, "c": [ 255, 255, 0, 160 ], "dmg": 1, "sli": 1, "ser": 0, "fat": 0, "row": -1, "mot": -1, "pie": -1, "uto": -1, "uwr": -1 }, "geometry": { "type": "Point", "coordinates": [ 20.015528, 51.543194 ] } },
{ "type": "Feature", "properties": { "ID": 108920770, "yr": 2020, "dt": "2020-04-20T18:30:00", "WOJ": 10, "sev": 1, "c": [ 255, 255, 0, 160 ], "dmg": 1, "sli": 1, "ser": 0, "fat": 0, "row": 0, "mot": -1, "pie": 1, "uto": -1, "uwr": -1 }, "geometry": { "type": "Point", "coordinates": [ 18.558917, 51.225889 ] } },
{ "type": "Feature", "properties": { "ID": 108924782, "yr": 2020, "dt": "2020-04-21T22:50:00", "WOJ": 10, "sev": 1, "c": [ 255, 255, 0, 160 ], "dmg": 1, "sli": 1, "ser": 0, "fat": 0, "row": -1, "mot": -1, "pie": -1, "uto": -1, "uwr": -1 }, "geometry": { "type": "Point", "coordinates": [ 19.407278, 51.866889 ] } },
{ "type": "Feature", "properties": { "ID": 109249735, "yr": 2020, "dt": "2020-06-29T16:43:00", "WOJ": 10, "sev": 1, "c": [ 255, 255, 0, 160 ], "dmg": 1, "sli": 1, "ser": 0, "fat": 0, "row": -1, "mot": -1, "pie": 1, "uto": -1, "uwr": -1 }, "geometry": { "type": "Point", "coordinates": [ 19.490361, 51.4215 ] } },
{ "type": "Feature", "properties": { "ID": 109248123, "yr": 2020, "dt": "2020-06-29T09:25:00", "WOJ": 10, "sev": 1, "c": [ 255, 255, 0, 160 ], "dmg": 1, "sli": 1, "ser": 0, "fat": 0, "row": -1, "mot": -1, "pie": -1, "uto": -1, "uwr": -1 }, "geometry": { "type": "Point", "coordinates": [ 19.373861, 52.228611 ] } },
{ "type": "Feature", "properties": { "ID": 109249605, "yr": 2020, "dt": "2020-06-29T13:40:00", "WOJ": 10, "sev": 1, "c": [ 255, 255, 0, 160 ], "dmg": 1, "sli": 1, "ser": 0, "fat": 0, "row": -1, "mot": -1, "pie": -1, "uto": -1, "uwr": -1 }, "geometry": { "type": "Point", "coordinates": [ 19.515, 51.7965 ] } },
{ "type": "Feature", "properties": { "ID": 108929874, "yr": 2020, "dt": "2020-04-22T17:18:00", "WOJ": 10, "sev": 1, "c": [ 255, 255, 0, 160 ], "dmg": 2, "sli": 1, "ser": 0, "fat": 0, "row": -1, "mot": -1, "pie": -1, "uto": -1, "uwr": -1 }, "geometry": { "type": "Point", "coordinates": [ 19.492111, 51.777889 ] } },
{ "type": "Feature", "properties": { "ID": 109296696, "yr": 2020, "dt": "2020-07-21T11:15:00", "WOJ": 10, "sev": 1, "c": [ 255, 255, 0, 160 ], "dmg": 1, "sli": 1, "ser": 0, "fat": 0, "row": -1, "mot": -1, "pie": 1, "uto": -1, "uwr": -1 }, "geometry": { "type": "Point", "coordinates": [ 19.37325, 52.228722 ] } },
{ "type": "Feature", "properties": { "ID": 108929672, "yr": 2020, "dt": "2020-04-22T10:05:00", "WOJ": 10, "sev": 1, "c": [ 255, 255, 0, 160 ], "dmg": 1, "sli": 1, "ser": 0, "fat": 0, "row": 1, "mot": -1, "pie": -1, "uto": -1, "uwr": -1 }, "geometry": { "type": "Point", "coordinates": [ 19.217083, 51.467583 ] } },
{ "type": "Feature", "properties": { "ID": 108927605, "yr": 2020, "dt": "2020-04-22T09:50:00", "WOJ": 10, "sev": 1, "c": [ 255, 255, 0, 160 ], "dmg": 1, "sli": 1, "ser": 0, "fat": 0, "row": -1, "mot": 1, "pie": -1, "uto": -1, "uwr": -1 }, "geometry": { "type": "Point", "coordinates": [ 19.42425, 51.851583 ] } },
{ "type": "Feature", "properties": { "ID": 108944570, "yr": 2020, "dt": "2020-04-23T12:40:00", "WOJ": 10, "sev": 1, "c": [ 255, 255, 0, 160 ], "dmg": 2, "sli": 1, "ser": 0, "fat": 0, "row": -1, "mot": -1, "pie": -1, "uto": -1, "uwr": -1 }, "geometry": { "type": "Point", "coordinates": [ 20.255083, 51.761583 ] } },
{ "type": "Feature", "properties": { "ID": 108939595, "yr": 2020, "dt": "2020-04-23T09:36:00", "WOJ": 10, "sev": 1, "c": [ 255, 255, 0, 160 ], "dmg": 1, "sli": 1, "ser": 0, "fat": 0, "row": -1, "mot": -1, "pie": -1, "uto": -1, "uwr": -1 }, "geometry": { "type": "Point", "coordinates": [ 20.295722, 51.380833 ] } },
{ "type": "Feature", "properties": { "ID": 108951605, "yr": 2020, "dt": "2020-04-23T15:10:00", "WOJ": 10, "sev": 1, "c": [ 255, 255, 0, 160 ], "dmg": 1, "sli": 1, "ser": 0, "fat": 0, "row": -1, "mot": -1, "pie": -1, "uto": -1, "uwr": -1 }, "geometry": { "type": "Point", "coordinates": [ 19.716361, 51.953583 ] } },
{ "type": "Feature", "properties": { "ID": 109248314, "yr": 2020, "dt": "2020-06-29T10:18:00", "WOJ": 10, "sev": 1, "c": [ 255, 255, 0, 160 ], "dmg": 1, "sli": 1, "ser": 0, "fat": 0, "row": 1, "mot": 0, "pie": -1, "uto": -1, "uwr": -1 }, "geometry": { "type": "Point", "coordinates": [ 19.453667, 51.731333 ] } },
{ "type": "Feature", "properties": { "ID": 108929981, "yr": 2020, "dt": "2020-04-23T03:00:00", "WOJ": 10, "sev": 1, "c": [ 255, 255, 0, 160 ], "dmg": 0, "sli": 2, "ser": 0, "fat": 0, "row": -1, "mot": -1, "pie": -1, "uto": -1, "uwr": -1 }, "geometry": { "type": "Point", "coordinates": [ 19.951833, 51.577278 ] } },
{ "type": "Feature", "properties": { "ID": 108953671, "yr": 2020, "dt": "2020-04-23T20:00:00", "WOJ": 10, "sev": 1, "c": [ 255, 255, 0, 160 ], "dmg": 0, "sli": 1, "ser": 0, "fat": 0, "row": -1, "mot": 1, "pie": -1, "uto": -1, "uwr": -1 }, "geometry": { "type": "Point", "coordinates": [ 20.101278, 51.569694 ] } },
{ "type": "Feature", "properties": { "ID": 108942568, "yr": 2020, "dt": "2020-04-23T10:02:00", "WOJ": 10, "sev": 1, "c": [ 255, 255, 0, 160 ], "dmg": 1, "sli": 1, "ser": 0, "fat": 0, "row": -1, "mot": -1, "pie": -1, "uto": -1, "uwr": -1 }, "geometry": { "type": "Point", "coordinates": [ 19.276111, 51.362639 ] } },
{ "type": "Feature", "properties": { "ID": 108930139, "yr": 2020, "dt": "2020-04-23T06:32:00", "WOJ": 10, "sev": 1, "c": [ 255, 255, 0, 160 ], "dmg": 1, "sli": 1, "ser": 0, "fat": 0, "row": -1, "mot": -1, "pie": -1, "uto": -1, "uwr": -1 }, "geometry": { "type": "Point", "coordinates": [ 20.42875, 51.897111 ] } },
{ "type": "Feature", "properties": { "ID": 109294838, "yr": 2020, "dt": "2020-07-19T18:05:00", "WOJ": 10, "sev": 1, "c": [ 255, 255, 0, 160 ], "dmg": 1, "sli": 1, "ser": 0, "fat": 0, "row": 1, "mot": -1, "pie": -1, "uto": -1, "uwr": -1 }, "geometry": { "type": "Point", "coordinates": [ 19.46, 51.751306 ] } },
{ "type": "Feature", "properties": { "ID": 108954269, "yr": 2020, "dt": "2020-04-24T19:17:00", "WOJ": 10, "sev": 1, "c": [ 255, 255, 0, 160 ], "dmg": 1, "sli": 1, "ser": 0, "fat": 0, "row": -1, "mot": -1, "pie": -1, "uto": -1, "uwr": -1 }, "geometry": { "type": "Point", "coordinates": [ 19.386333, 51.350472 ] } },
{ "type": "Feature", "properties": { "ID": 108976843, "yr": 2020, "dt": "2020-04-24T12:56:00", "WOJ": 10, "sev": 1, "c": [ 255, 255, 0, 160 ], "dmg": 1, "sli": 1, "ser": 0, "fat": 0, "row": 1, "mot": -1, "pie": -1, "uto": -1, "uwr": -1 }, "geometry": { "type": "Point", "coordinates": [ 19.424917, 51.690556 ] } },
{ "type": "Feature", "properties": { "ID": 108972568, "yr": 2020, "dt": "2020-04-24T05:32:00", "WOJ": 10, "sev": 1, "c": [ 255, 255, 0, 160 ], "dmg": 0, "sli": 2, "ser": 0, "fat": 0, "row": -1, "mot": -1, "pie": -1, "uto": -1, "uwr": -1 }, "geometry": { "type": "Point", "coordinates": [ 19.010806, 51.962667 ] } },
{ "type": "Feature", "properties": { "ID": 108954169, "yr": 2020, "dt": "2020-04-24T14:34:00", "WOJ": 10, "sev": 1, "c": [ 255, 255, 0, 160 ], "dmg": 1, "sli": 1, "ser": 0, "fat": 0, "row": -1, "mot": -1, "pie": -1, "uto": -1, "uwr": -1 }, "geometry": { "type": "Point", "coordinates": [ 19.472583, 51.853444 ] } },
{ "type": "Feature", "properties": { "ID": 109324691, "yr": 2020, "dt": "2020-08-01T13:00:00", "WOJ": 10, "sev": 1, "c": [ 255, 255, 0, 160 ], "dmg": 1, "sli": 1, "ser": 0, "fat": 0, "row": -1, "mot": -1, "pie": 1, "uto": -1, "uwr": -1 }, "geometry": { "type": "Point", "coordinates": [ 20.288389, 51.375139 ] } },
{ "type": "Feature", "properties": { "ID": 108977441, "yr": 2020, "dt": "2020-04-25T18:00:00", "WOJ": 10, "sev": 1, "c": [ 255, 255, 0, 160 ], "dmg": 1, "sli": 1, "ser": 0, "fat": 0, "row": -1, "mot": -1, "pie": -1, "uto": -1, "uwr": -1 }, "geometry": { "type": "Point", "coordinates": [ 19.283694, 52.026306 ] } },
{ "type": "Feature", "properties": { "ID": 108977357, "yr": 2020, "dt": "2020-04-25T12:41:00", "WOJ": 10, "sev": 1, "c": [ 255, 255, 0, 160 ], "dmg": 2, "sli": 1, "ser": 0, "fat": 0, "row": -1, "mot": -1, "pie": -1, "uto": -1, "uwr": -1 }, "geometry": { "type": "Point", "coordinates": [ 19.405472, 51.742833 ] } },
{ "type": "Feature", "properties": { "ID": 108977704, "yr": 2020, "dt": "2020-04-25T20:55:00", "WOJ": 10, "sev": 1, "c": [ 255, 255, 0, 160 ], "dmg": 0, "sli": 1, "ser": 0, "fat": 0, "row": -1, "mot": -1, "pie": -1, "uto": -1, "uwr": -1 }, "geometry": { "type": "Point", "coordinates": [ 19.444722, 51.757389 ] } },
{ "type": "Feature", "properties": { "ID": 108977412, "yr": 2020, "dt": "2020-04-25T18:10:00", "WOJ": 10, "sev": 1, "c": [ 255, 255, 0, 160 ], "dmg": 1, "sli": 1, "ser": 0, "fat": 0, "row": -1, "mot": -1, "pie": 1, "uto": -1, "uwr": -1 }, "geometry": { "type": "Point", "coordinates": [ 19.368833, 51.369778 ] } },
{ "type": "Feature", "properties": { "ID": 109305882, "yr": 2020, "dt": "2020-07-24T11:14:00", "WOJ": 10, "sev": 1, "c": [ 255, 255, 0, 160 ], "dmg": 1, "sli": 1, "ser": 0, "fat": 0, "row": -1, "mot": -1, "pie": -1, "uto": -1, "uwr": -1 }, "geometry": { "type": "Point", "coordinates": [ 19.472722, 51.760417 ] } },
{ "type": "Feature", "properties": { "ID": 109306565, "yr": 2020, "dt": "2020-07-24T16:30:00", "WOJ": 10, "sev": 1, "c": [ 255, 255, 0, 160 ], "dmg": 1, "sli": 3, "ser": 0, "fat": 0, "row": -1, "mot": -1, "pie": -1, "uto": -1, "uwr": -1 }, "geometry": { "type": "Point", "coordinates": [ 19.829833, 51.464694 ] } },
{ "type": "Feature", "properties": { "ID": 109251330, "yr": 2020, "dt": "2020-06-30T11:15:00", "WOJ": 10, "sev": 1, "c": [ 255, 255, 0, 160 ], "dmg": 1, "sli": 1, "ser": 0, "fat": 0, "row": -1, "mot": -1, "pie": -1, "uto": -1, "uwr": -1 }, "geometry": { "type": "Point", "coordinates": [ 20.256139, 51.465806 ] } },
{ "type": "Feature", "properties": { "ID": 108978090, "yr": 2020, "dt": "2020-04-27T00:22:00", "WOJ": 10, "sev": 1, "c": [ 255, 255, 0, 160 ], "dmg": 1, "sli": 1, "ser": 0, "fat": 0, "row": -1, "mot": -1, "pie": 1, "uto": -1, "uwr": -1 }, "geometry": { "type": "Point", "coordinates": [ 19.457694, 51.685639 ] } },
{ "type": "Feature", "properties": { "ID": 109317428, "yr": 2020, "dt": "2020-07-31T16:10:00", "WOJ": 10, "sev": 1, "c": [ 255, 255, 0, 160 ], "dmg": 1, "sli": 1, "ser": 0, "fat": 0, "row": 1, "mot": -1, "pie": -1, "uto": -1, "uwr": -1 }, "geometry": { "type": "Point", "coordinates": [ 19.452889, 51.734611 ] } },
{ "type": "Feature", "properties": { "ID": 108979463, "yr": 2020, "dt": "2020-04-27T17:35:00", "WOJ": 10, "sev": 1, "c": [ 255, 255, 0, 160 ], "dmg": 1, "sli": 1, "ser": 0, "fat": 0, "row": -1, "mot": 1, "pie": -1, "uto": -1, "uwr": -1 }, "geometry": { "type": "Point", "coordinates": [ 20.067972, 51.699917 ] } },
{ "type": "Feature", "properties": { "ID": 109290094, "yr": 2020, "dt": "2020-07-17T16:20:00", "WOJ": 10, "sev": 1, "c": [ 255, 255, 0, 160 ], "dmg": 0, "sli": 2, "ser": 0, "fat": 0, "row": -1, "mot": -1, "pie": -1, "uto": -1, "uwr": -1 }, "geometry": { "type": "Point", "coordinates": [ 18.954111, 51.89125 ] } },
{ "type": "Feature", "properties": { "ID": 108980285, "yr": 2020, "dt": "2020-04-28T06:40:00", "WOJ": 10, "sev": 1, "c": [ 255, 255, 0, 160 ], "dmg": 1, "sli": 1, "ser": 0, "fat": 0, "row": 1, "mot": -1, "pie": -1, "uto": -1, "uwr": -1 }, "geometry": { "type": "Point", "coordinates": [ 18.713639, 51.579556 ] } },
{ "type": "Feature", "properties": { "ID": 108980769, "yr": 2020, "dt": "2020-04-28T15:50:00", "WOJ": 10, "sev": 1, "c": [ 255, 255, 0, 160 ], "dmg": 0, "sli": 2, "ser": 0, "fat": 0, "row": -1, "mot": -1, "pie": -1, "uto": -1, "uwr": -1 }, "geometry": { "type": "Point", "coordinates": [ 19.576028, 51.238917 ] } },
{ "type": "Feature", "properties": { "ID": 109319317, "yr": 2020, "dt": "2020-07-31T17:36:00", "WOJ": 10, "sev": 1, "c": [ 255, 255, 0, 160 ], "dmg": 1, "sli": 1, "ser": 0, "fat": 0, "row": -1, "mot": -1, "pie": -1, "uto": -1, "uwr": -1 }, "geometry": { "type": "Point", "coordinates": [ 20.149917, 51.950083 ] } },
{ "type": "Feature", "properties": { "ID": 108980288, "yr": 2020, "dt": "2020-04-28T14:03:00", "WOJ": 10, "sev": 1, "c": [ 255, 255, 0, 160 ], "dmg": 3, "sli": 1, "ser": 0, "fat": 0, "row": -1, "mot": -1, "pie": -1, "uto": -1, "uwr": -1 }, "geometry": { "type": "Point", "coordinates": [ 20.008111, 51.533278 ] } },
{ "type": "Feature", "properties": { "ID": 108980912, "yr": 2020, "dt": "2020-04-28T19:30:00", "WOJ": 10, "sev": 1, "c": [ 255, 255, 0, 160 ], "dmg": 1, "sli": 1, "ser": 0, "fat": 0, "row": -1, "mot": -1, "pie": 1, "uto": -1, "uwr": -1 }, "geometry": { "type": "Point", "coordinates": [ 19.614917, 51.468361 ] } },
{ "type": "Feature", "properties": { "ID": 108980545, "yr": 2020, "dt": "2020-04-28T23:00:00", "WOJ": 10, "sev": 1, "c": [ 255, 255, 0, 160 ], "dmg": 1, "sli": 1, "ser": 0, "fat": 0, "row": -1, "mot": -1, "pie": -1, "uto": -1, "uwr": -1 }, "geometry": { "type": "Point", "coordinates": [ 19.382639, 51.310417 ] } },
{ "type": "Feature", "properties": { "ID": 108980635, "yr": 2020, "dt": "2020-04-28T14:12:00", "WOJ": 10, "sev": 1, "c": [ 255, 255, 0, 160 ], "dmg": 1, "sli": 1, "ser": 0, "fat": 0, "row": 1, "mot": -1, "pie": -1, "uto": -1, "uwr": -1 }, "geometry": { "type": "Point", "coordinates": [ 19.469278, 51.752833 ] } },
{ "type": "Feature", "properties": { "ID": 109318550, "yr": 2020, "dt": "2020-07-31T06:55:00", "WOJ": 10, "sev": 1, "c": [ 255, 255, 0, 160 ], "dmg": 1, "sli": 1, "ser": 0, "fat": 0, "row": -1, "mot": -1, "pie": -1, "uto": -1, "uwr": -1 }, "geometry": { "type": "Point", "coordinates": [ 20.143389, 51.444389 ] } },
{ "type": "Feature", "properties": { "ID": 109278898, "yr": 2020, "dt": "2020-07-12T19:08:00", "WOJ": 10, "sev": 1, "c": [ 255, 255, 0, 160 ], "dmg": 0, "sli": 1, "ser": 0, "fat": 0, "row": 1, "mot": -1, "pie": -1, "uto": -1, "uwr": -1 }, "geometry": { "type": "Point", "coordinates": [ 19.465139, 51.749583 ] } },
{ "type": "Feature", "properties": { "ID": 109252064, "yr": 2020, "dt": "2020-06-30T20:36:00", "WOJ": 10, "sev": 1, "c": [ 255, 255, 0, 160 ], "dmg": 1, "sli": 1, "ser": 0, "fat": 0, "row": -1, "mot": -1, "pie": -1, "uto": -1, "uwr": -1 }, "geometry": { "type": "Point", "coordinates": [ 19.398278, 51.746056 ] } },
{ "type": "Feature", "properties": { "ID": 108980570, "yr": 2020, "dt": "2020-04-28T09:10:00", "WOJ": 10, "sev": 1, "c": [ 255, 255, 0, 160 ], "dmg": 1, "sli": 2, "ser": 0, "fat": 0, "row": -1, "mot": -1, "pie": -1, "uto": -1, "uwr": -1 }, "geometry": { "type": "Point", "coordinates": [ 19.307361, 51.464389 ] } },
{ "type": "Feature", "properties": { "ID": 108984067, "yr": 2020, "dt": "2020-04-29T22:50:00", "WOJ": 10, "sev": 1, "c": [ 255, 255, 0, 160 ], "dmg": 2, "sli": 1, "ser": 0, "fat": 0, "row": -1, "mot": -1, "pie": -1, "uto": -1, "uwr": -1 }, "geometry": { "type": "Point", "coordinates": [ 20.261778, 51.770361 ] } },
{ "type": "Feature", "properties": { "ID": 108981033, "yr": 2020, "dt": "2020-04-29T07:31:00", "WOJ": 10, "sev": 1, "c": [ 255, 255, 0, 160 ], "dmg": 0, "sli": 1, "ser": 0, "fat": 0, "row": -1, "mot": -1, "pie": -1, "uto": -1, "uwr": -1 }, "geometry": { "type": "Point", "coordinates": [ 19.467972, 51.845333 ] } },
{ "type": "Feature", "properties": { "ID": 108981930, "yr": 2020, "dt": "2020-04-29T13:14:00", "WOJ": 10, "sev": 1, "c": [ 255, 255, 0, 160 ], "dmg": 1, "sli": 1, "ser": 0, "fat": 0, "row": -1, "mot": -1, "pie": -1, "uto": -1, "uwr": -1 }, "geometry": { "type": "Point", "coordinates": [ 19.377722, 51.802861 ] } },
{ "type": "Feature", "properties": { "ID": 108981995, "yr": 2020, "dt": "2020-04-29T13:40:00", "WOJ": 10, "sev": 1, "c": [ 255, 255, 0, 160 ], "dmg": 1, "sli": 1, "ser": 0, "fat": 0, "row": 1, "mot": -1, "pie": -1, "uto": -1, "uwr": -1 }, "geometry": { "type": "Point", "coordinates": [ 18.361389, 51.151083 ] } },
{ "type": "Feature", "properties": { "ID": 108982172, "yr": 2020, "dt": "2020-04-29T19:45:00", "WOJ": 10, "sev": 1, "c": [ 255, 255, 0, 160 ], "dmg": 1, "sli": 1, "ser": 0, "fat": 0, "row": -1, "mot": -1, "pie": -1, "uto": -1, "uwr": -1 }, "geometry": { "type": "Point", "coordinates": [ 18.577889, 51.306889 ] } },
{ "type": "Feature", "properties": { "ID": 109289771, "yr": 2020, "dt": "2020-07-17T15:40:00", "WOJ": 10, "sev": 1, "c": [ 255, 255, 0, 160 ], "dmg": 0, "sli": 1, "ser": 0, "fat": 0, "row": -1, "mot": -1, "pie": -1, "uto": -1, "uwr": -1 }, "geometry": { "type": "Point", "coordinates": [ 19.764028, 51.694778 ] } },
{ "type": "Feature", "properties": { "ID": 108984941, "yr": 2020, "dt": "2020-04-30T16:00:00", "WOJ": 10, "sev": 1, "c": [ 255, 255, 0, 160 ], "dmg": 1, "sli": 2, "ser": 0, "fat": 0, "row": -1, "mot": -1, "pie": -1, "uto": -1, "uwr": -1 }, "geometry": { "type": "Point", "coordinates": [ 19.975361, 51.335167 ] } },
{ "type": "Feature", "properties": { "ID": 109319279, "yr": 2020, "dt": "2020-07-31T13:05:00", "WOJ": 10, "sev": 1, "c": [ 255, 255, 0, 160 ], "dmg": 1, "sli": 1, "ser": 0, "fat": 0, "row": 1, "mot": -1, "pie": -1, "uto": -1, "uwr": -1 }, "geometry": { "type": "Point", "coordinates": [ 19.406639, 51.869139 ] } },
{ "type": "Feature", "properties": { "ID": 109278451, "yr": 2020, "dt": "2020-07-12T11:45:00", "WOJ": 10, "sev": 1, "c": [ 255, 255, 0, 160 ], "dmg": 2, "sli": 1, "ser": 0, "fat": 0, "row": 1, "mot": -1, "pie": -1, "uto": -1, "uwr": -1 }, "geometry": { "type": "Point", "coordinates": [ 19.398917, 52.234472 ] } },
{ "type": "Feature", "properties": { "ID": 108982181, "yr": 2020, "dt": "2020-04-30T00:44:00", "WOJ": 10, "sev": 1, "c": [ 255, 255, 0, 160 ], "dmg": 0, "sli": 1, "ser": 0, "fat": 0, "row": -1, "mot": -1, "pie": -1, "uto": -1, "uwr": -1 }, "geometry": { "type": "Point", "coordinates": [ 19.449306, 51.790639 ] } },
{ "type": "Feature", "properties": { "ID": 109293840, "yr": 2020, "dt": "2020-07-20T09:01:00", "WOJ": 10, "sev": 1, "c": [ 255, 255, 0, 160 ], "dmg": 2, "sli": 1, "ser": 0, "fat": 0, "row": -1, "mot": -1, "pie": -1, "uto": -1, "uwr": -1 }, "geometry": { "type": "Point", "coordinates": [ 19.450194, 51.764194 ] } },
{ "type": "Feature", "properties": { "ID": 108982334, "yr": 2020, "dt": "2020-04-30T10:45:00", "WOJ": 10, "sev": 1, "c": [ 255, 255, 0, 160 ], "dmg": 1, "sli": 1, "ser": 0, "fat": 0, "row": -1, "mot": -1, "pie": 1, "uto": -1, "uwr": -1 }, "geometry": { "type": "Point", "coordinates": [ 18.888889, 51.193528 ] } },
{ "type": "Feature", "properties": { "ID": 109252687, "yr": 2020, "dt": "2020-06-30T16:45:00", "WOJ": 10, "sev": 1, "c": [ 255, 255, 0, 160 ], "dmg": 1, "sli": 1, "ser": 0, "fat": 0, "row": 1, "mot": -1, "pie": -1, "uto": -1, "uwr": -1 }, "geometry": { "type": "Point", "coordinates": [ 19.372806, 51.751722 ] } },
{ "type": "Feature", "properties": { "ID": 108985585, "yr": 2020, "dt": "2020-04-30T16:35:00", "WOJ": 10, "sev": 1, "c": [ 255, 255, 0, 160 ], "dmg": 1, "sli": 2, "ser": 0, "fat": 0, "row": -1, "mot": -1, "pie": -1, "uto": -1, "uwr": -1 }, "geometry": { "type": "Point", "coordinates": [ 18.953778, 51.600389 ] } },
{ "type": "Feature", "properties": { "ID": 108988073, "yr": 2020, "dt": "2020-05-01T17:40:00", "WOJ": 10, "sev": 1, "c": [ 255, 255, 0, 160 ], "dmg": 0, "sli": 3, "ser": 0, "fat": 0, "row": -1, "mot": -1, "pie": -1, "uto": -1, "uwr": -1 }, "geometry": { "type": "Point", "coordinates": [ 19.67075, 51.225167 ] } },
{ "type": "Feature", "properties": { "ID": 109318566, "yr": 2020, "dt": "2020-07-31T10:20:00", "WOJ": 10, "sev": 1, "c": [ 255, 255, 0, 160 ], "dmg": 1, "sli": 1, "ser": 0, "fat": 0, "row": -1, "mot": 1, "pie": -1, "uto": -1, "uwr": -1 }, "geometry": { "type": "Point", "coordinates": [ 19.344194, 52.226 ] } },
{ "type": "Feature", "properties": { "ID": 108986380, "yr": 2020, "dt": "2020-05-02T16:35:00", "WOJ": 10, "sev": 1, "c": [ 255, 255, 0, 160 ], "dmg": 1, "sli": 2, "ser": 0, "fat": 0, "row": -1, "mot": -1, "pie": -1, "uto": -1, "uwr": -1 }, "geometry": { "type": "Point", "coordinates": [ 19.236667, 51.846944 ] } },
{ "type": "Feature", "properties": { "ID": 109252665, "yr": 2020, "dt": "2020-06-30T17:30:00", "WOJ": 10, "sev": 1, "c": [ 255, 255, 0, 160 ], "dmg": 1, "sli": 1, "ser": 0, "fat": 0, "row": -1, "mot": -1, "pie": -1, "uto": -1, "uwr": -1 }, "geometry": { "type": "Point", "coordinates": [ 19.145611, 51.14175 ] } },
{ "type": "Feature", "properties": { "ID": 108986258, "yr": 2020, "dt": "2020-05-02T09:30:00", "WOJ": 10, "sev": 1, "c": [ 255, 255, 0, 160 ], "dmg": 1, "sli": 1, "ser": 0, "fat": 0, "row": -1, "mot": -1, "pie": 1, "uto": -1, "uwr": -1 }, "geometry": { "type": "Point", "coordinates": [ 19.392556, 51.861861 ] } },
{ "type": "Feature", "properties": { "ID": 108986317, "yr": 2020, "dt": "2020-05-02T13:55:00", "WOJ": 10, "sev": 1, "c": [ 255, 255, 0, 160 ], "dmg": 1, "sli": 1, "ser": 0, "fat": 0, "row": -1, "mot": -1, "pie": -1, "uto": -1, "uwr": -1 }, "geometry": { "type": "Point", "coordinates": [ 19.258306, 51.112389 ] } },
{ "type": "Feature", "properties": { "ID": 109254755, "yr": 2020, "dt": "2020-07-01T22:18:00", "WOJ": 10, "sev": 1, "c": [ 255, 255, 0, 160 ], "dmg": 1, "sli": 1, "ser": 0, "fat": 0, "row": 1, "mot": -1, "pie": -1, "uto": -1, "uwr": -1 }, "geometry": { "type": "Point", "coordinates": [ 19.518028, 51.751139 ] } },
{ "type": "Feature", "properties": { "ID": 108987840, "yr": 2020, "dt": "2020-05-03T17:55:00", "WOJ": 10, "sev": 1, "c": [ 255, 255, 0, 160 ], "dmg": 2, "sli": 1, "ser": 0, "fat": 0, "row": -1, "mot": -1, "pie": -1, "uto": -1, "uwr": -1 }, "geometry": { "type": "Point", "coordinates": [ 19.57725, 51.319361 ] } },
{ "type": "Feature", "properties": { "ID": 108988583, "yr": 2020, "dt": "2020-05-03T12:05:00", "WOJ": 10, "sev": 1, "c": [ 255, 255, 0, 160 ], "dmg": 0, "sli": 1, "ser": 0, "fat": 0, "row": -1, "mot": -1, "pie": -1, "uto": -1, "uwr": -1 }, "geometry": { "type": "Point", "coordinates": [ 19.389417, 52.282417 ] } },
{ "type": "Feature", "properties": { "ID": 109279469, "yr": 2020, "dt": "2020-07-13T18:12:00", "WOJ": 10, "sev": 1, "c": [ 255, 255, 0, 160 ], "dmg": 1, "sli": 1, "ser": 0, "fat": 0, "row": -1, "mot": -1, "pie": 1, "uto": -1, "uwr": -1 }, "geometry": { "type": "Point", "coordinates": [ 19.781833, 51.771 ] } },
{ "type": "Feature", "properties": { "ID": 108987716, "yr": 2020, "dt": "2020-05-03T15:57:00", "WOJ": 10, "sev": 1, "c": [ 255, 255, 0, 160 ], "dmg": 1, "sli": 1, "ser": 0, "fat": 0, "row": -1, "mot": -1, "pie": -1, "uto": -1, "uwr": -1 }, "geometry": { "type": "Point", "coordinates": [ 19.471972, 51.742722 ] } },
{ "type": "Feature", "properties": { "ID": 108988755, "yr": 2020, "dt": "2020-05-03T20:55:00", "WOJ": 10, "sev": 1, "c": [ 255, 255, 0, 160 ], "dmg": 1, "sli": 1, "ser": 0, "fat": 0, "row": -1, "mot": -1, "pie": -1, "uto": -1, "uwr": -1 }, "geometry": { "type": "Point", "coordinates": [ 19.31475, 52.248833 ] } },
{ "type": "Feature", "properties": { "ID": 109253373, "yr": 2020, "dt": "2020-07-01T10:20:00", "WOJ": 10, "sev": 1, "c": [ 255, 255, 0, 160 ], "dmg": 1, "sli": 1, "ser": 0, "fat": 0, "row": -1, "mot": 1, "pie": -1, "uto": -1, "uwr": -1 }, "geometry": { "type": "Point", "coordinates": [ 19.754278, 51.803694 ] } },
{ "type": "Feature", "properties": { "ID": 108988369, "yr": 2020, "dt": "2020-05-04T15:28:00", "WOJ": 10, "sev": 1, "c": [ 255, 255, 0, 160 ], "dmg": 1, "sli": 1, "ser": 0, "fat": 0, "row": 1, "mot": -1, "pie": -1, "uto": -1, "uwr": -1 }, "geometry": { "type": "Point", "coordinates": [ 19.442, 51.735639 ] } },
{ "type": "Feature", "properties": { "ID": 108988320, "yr": 2020, "dt": "2020-05-04T12:00:00", "WOJ": 10, "sev": 1, "c": [ 255, 255, 0, 160 ], "dmg": 1, "sli": 1, "ser": 0, "fat": 0, "row": -1, "mot": -1, "pie": 1, "uto": -1, "uwr": -1 }, "geometry": { "type": "Point", "coordinates": [ 19.371556, 51.350417 ] } },
{ "type": "Feature", "properties": { "ID": 109318782, "yr": 2020, "dt": "2020-07-31T12:53:00", "WOJ": 10, "sev": 1, "c": [ 255, 255, 0, 160 ], "dmg": 1, "sli": 1, "ser": 0, "fat": 0, "row": -1, "mot": -1, "pie": -1, "uto": -1, "uwr": -1 }, "geometry": { "type": "Point", "coordinates": [ 19.463778, 51.829667 ] } },
{ "type": "Feature", "properties": { "ID": 108991037, "yr": 2020, "dt": "2020-05-05T21:30:00", "WOJ": 10, "sev": 1, "c": [ 255, 255, 0, 160 ], "dmg": 1, "sli": 2, "ser": 0, "fat": 0, "row": -1, "mot": -1, "pie": -1, "uto": -1, "uwr": -1 }, "geometry": { "type": "Point", "coordinates": [ 19.626944, 50.885944 ] } },
{ "type": "Feature", "properties": { "ID": 109280687, "yr": 2020, "dt": "2020-07-13T18:00:00", "WOJ": 10, "sev": 1, "c": [ 255, 255, 0, 160 ], "dmg": 0, "sli": 1, "ser": 0, "fat": 0, "row": 1, "mot": -1, "pie": -1, "uto": -1, "uwr": -1 }, "geometry": { "type": "Point", "coordinates": [ 19.423194, 51.8345 ] } },
{ "type": "Feature", "properties": { "ID": 108990379, "yr": 2020, "dt": "2020-05-05T07:25:00", "WOJ": 10, "sev": 1, "c": [ 255, 255, 0, 160 ], "dmg": 1, "sli": 1, "ser": 0, "fat": 0, "row": -1, "mot": -1, "pie": -1, "uto": -1, "uwr": -1 }, "geometry": { "type": "Point", "coordinates": [ 19.4855, 52.096194 ] } },
{ "type": "Feature", "properties": { "ID": 109253410, "yr": 2020, "dt": "2020-07-01T07:50:00", "WOJ": 10, "sev": 1, "c": [ 255, 255, 0, 160 ], "dmg": 1, "sli": 1, "ser": 0, "fat": 0, "row": 1, "mot": -1, "pie": -1, "uto": -1, "uwr": -1 }, "geometry": { "type": "Point", "coordinates": [ 19.446528, 51.025667 ] } },
{ "type": "Feature", "properties": { "ID": 109317067, "yr": 2020, "dt": "2020-07-30T14:43:00", "WOJ": 10, "sev": 1, "c": [ 255, 255, 0, 160 ], "dmg": 1, "sli": 1, "ser": 0, "fat": 0, "row": -1, "mot": 1, "pie": -1, "uto": -1, "uwr": -1 }, "geometry": { "type": "Point", "coordinates": [ 19.433889, 51.799306 ] } },
{ "type": "Feature", "properties": { "ID": 109316902, "yr": 2020, "dt": "2020-07-30T12:15:00", "WOJ": 10, "sev": 1, "c": [ 255, 255, 0, 160 ], "dmg": 2, "sli": 1, "ser": 0, "fat": 0, "row": -1, "mot": -1, "pie": -1, "uto": -1, "uwr": -1 }, "geometry": { "type": "Point", "coordinates": [ 19.064028, 51.776222 ] } },
{ "type": "Feature", "properties": { "ID": 108990466, "yr": 2020, "dt": "2020-05-06T06:00:00", "WOJ": 10, "sev": 1, "c": [ 255, 255, 0, 160 ], "dmg": 0, "sli": 4, "ser": 0, "fat": 0, "row": -1, "mot": -1, "pie": -1, "uto": -1, "uwr": -1 }, "geometry": { "type": "Point", "coordinates": [ 19.369278, 51.850806 ] } },
{ "type": "Feature", "properties": { "ID": 108998421, "yr": 2020, "dt": "2020-05-07T14:00:00", "WOJ": 10, "sev": 1, "c": [ 255, 255, 0, 160 ], "dmg": 1, "sli": 1, "ser": 0, "fat": 0, "row": -1, "mot": -1, "pie": -1, "uto": -1, "uwr": -1 }, "geometry": { "type": "Point", "coordinates": [ 19.66825, 51.407139 ] } },
{ "type": "Feature", "properties": { "ID": 108997741, "yr": 2020, "dt": "2020-05-07T09:06:00", "WOJ": 10, "sev": 1, "c": [ 255, 255, 0, 160 ], "dmg": 1, "sli": 1, "ser": 0, "fat": 0, "row": -1, "mot": -1, "pie": -1, "uto": -1, "uwr": -1 }, "geometry": { "type": "Point", "coordinates": [ 19.448472, 51.730944 ] } },
{ "type": "Feature", "properties": { "ID": 109008269, "yr": 2020, "dt": "2020-05-08T12:10:00", "WOJ": 10, "sev": 1, "c": [ 255, 255, 0, 160 ], "dmg": 1, "sli": 1, "ser": 0, "fat": 0, "row": -1, "mot": -1, "pie": 1, "uto": -1, "uwr": -1 }, "geometry": { "type": "Point", "coordinates": [ 19.19275, 52.051361 ] } },
{ "type": "Feature", "properties": { "ID": 109289539, "yr": 2020, "dt": "2020-07-18T23:50:00", "WOJ": 10, "sev": 1, "c": [ 255, 255, 0, 160 ], "dmg": 1, "sli": 2, "ser": 0, "fat": 0, "row": -1, "mot": -1, "pie": -1, "uto": -1, "uwr": -1 }, "geometry": { "type": "Point", "coordinates": [ 19.332833, 52.220944 ] } },
{ "type": "Feature", "properties": { "ID": 109015669, "yr": 2020, "dt": "2020-05-08T15:53:00", "WOJ": 10, "sev": 1, "c": [ 255, 255, 0, 160 ], "dmg": 1, "sli": 1, "ser": 0, "fat": 0, "row": -1, "mot": -1, "pie": -1, "uto": -1, "uwr": -1 }, "geometry": { "type": "Point", "coordinates": [ 19.466583, 51.777778 ] } },
{ "type": "Feature", "properties": { "ID": 109015826, "yr": 2020, "dt": "2020-05-08T14:45:00", "WOJ": 10, "sev": 1, "c": [ 255, 255, 0, 160 ], "dmg": 1, "sli": 1, "ser": 0, "fat": 0, "row": -1, "mot": -1, "pie": -1, "uto": -1, "uwr": -1 }, "geometry": { "type": "Point", "coordinates": [ 19.197194, 51.261972 ] } },
{ "type": "Feature", "properties": { "ID": 109015810, "yr": 2020, "dt": "2020-05-08T16:40:00", "WOJ": 10, "sev": 1, "c": [ 255, 255, 0, 160 ], "dmg": 1, "sli": 1, "ser": 0, "fat": 0, "row": -1, "mot": -1, "pie": -1, "uto": -1, "uwr": -1 }, "geometry": { "type": "Point", "coordinates": [ 19.102111, 51.3315 ] } },
{ "type": "Feature", "properties": { "ID": 109016025, "yr": 2020, "dt": "2020-05-09T05:51:00", "WOJ": 10, "sev": 1, "c": [ 255, 255, 0, 160 ], "dmg": 1, "sli": 1, "ser": 0, "fat": 0, "row": -1, "mot": -1, "pie": -1, "uto": -1, "uwr": -1 }, "geometry": { "type": "Point", "coordinates": [ 19.524528, 51.734778 ] } },
{ "type": "Feature", "properties": { "ID": 109016010, "yr": 2020, "dt": "2020-05-09T03:40:00", "WOJ": 10, "sev": 1, "c": [ 255, 255, 0, 160 ], "dmg": 1, "sli": 1, "ser": 0, "fat": 0, "row": -1, "mot": -1, "pie": 1, "uto": -1, "uwr": -1 }, "geometry": { "type": "Point", "coordinates": [ 20.149083, 51.962194 ] } },
{ "type": "Feature", "properties": { "ID": 109316918, "yr": 2020, "dt": "2020-07-30T17:20:00", "WOJ": 10, "sev": 1, "c": [ 255, 255, 0, 160 ], "dmg": 1, "sli": 1, "ser": 0, "fat": 0, "row": -1, "mot": 1, "pie": -1, "uto": -1, "uwr": -1 }, "geometry": { "type": "Point", "coordinates": [ 19.611111, 51.223083 ] } },
{ "type": "Feature", "properties": { "ID": 109016406, "yr": 2020, "dt": "2020-05-09T11:20:00", "WOJ": 10, "sev": 1, "c": [ 255, 255, 0, 160 ], "dmg": 1, "sli": 2, "ser": 0, "fat": 0, "row": -1, "mot": -1, "pie": -1, "uto": -1, "uwr": -1 }, "geometry": { "type": "Point", "coordinates": [ 19.423611, 51.105056 ] } },
{ "type": "Feature", "properties": { "ID": 109016617, "yr": 2020, "dt": "2020-05-09T10:50:00", "WOJ": 10, "sev": 1, "c": [ 255, 255, 0, 160 ], "dmg": 1, "sli": 1, "ser": 0, "fat": 0, "row": -1, "mot": -1, "pie": 1, "uto": -1, "uwr": -1 }, "geometry": { "type": "Point", "coordinates": [ 19.671417, 51.404444 ] } },
{ "type": "Feature", "properties": { "ID": 109017682, "yr": 2020, "dt": "2020-05-09T10:06:00", "WOJ": 10, "sev": 1, "c": [ 255, 255, 0, 160 ], "dmg": 2, "sli": 1, "ser": 0, "fat": 0, "row": -1, "mot": -1, "pie": -1, "uto": -1, "uwr": -1 }, "geometry": { "type": "Point", "coordinates": [ 19.542417, 51.598639 ] } },
{ "type": "Feature", "properties": { "ID": 109019803, "yr": 2020, "dt": "2020-05-10T10:30:00", "WOJ": 10, "sev": 1, "c": [ 255, 255, 0, 160 ], "dmg": 1, "sli": 1, "ser": 0, "fat": 0, "row": -1, "mot": 1, "pie": -1, "uto": -1, "uwr": -1 }, "geometry": { "type": "Point", "coordinates": [ 19.292139, 51.081222 ] } },
{ "type": "Feature", "properties": { "ID": 109020278, "yr": 2020, "dt": "2020-05-10T21:45:00", "WOJ": 10, "sev": 1, "c": [ 255, 255, 0, 160 ], "dmg": 0, "sli": 2, "ser": 0, "fat": 0, "row": -1, "mot": -1, "pie": -1, "uto": -1, "uwr": -1 }, "geometry": { "type": "Point", "coordinates": [ 19.710917, 51.496889 ] } },
{ "type": "Feature", "properties": { "ID": 109019787, "yr": 2020, "dt": "2020-05-10T11:20:00", "WOJ": 10, "sev": 1, "c": [ 255, 255, 0, 160 ], "dmg": 2, "sli": 1, "ser": 0, "fat": 0, "row": -1, "mot": 1, "pie": -1, "uto": -1, "uwr": -1 }, "geometry": { "type": "Point", "coordinates": [ 19.655694, 51.406083 ] } },
{ "type": "Feature", "properties": { "ID": 109315312, "yr": 2020, "dt": "2020-07-30T05:20:00", "WOJ": 10, "sev": 1, "c": [ 255, 255, 0, 160 ], "dmg": 1, "sli": 1, "ser": 0, "fat": 0, "row": -1, "mot": 1, "pie": -1, "uto": -1, "uwr": -1 }, "geometry": { "type": "Point", "coordinates": [ 20.248722, 51.476722 ] } },
{ "type": "Feature", "properties": { "ID": 109023836, "yr": 2020, "dt": "2020-05-11T12:22:00", "WOJ": 10, "sev": 1, "c": [ 255, 255, 0, 160 ], "dmg": 2, "sli": 2, "ser": 0, "fat": 0, "row": -1, "mot": -1, "pie": -1, "uto": -1, "uwr": -1 }, "geometry": { "type": "Point", "coordinates": [ 19.490111, 51.792417 ] } },
{ "type": "Feature", "properties": { "ID": 109258737, "yr": 2020, "dt": "2020-07-01T18:50:00", "WOJ": 10, "sev": 1, "c": [ 255, 255, 0, 160 ], "dmg": 1, "sli": 1, "ser": 0, "fat": 0, "row": 1, "mot": -1, "pie": -1, "uto": -1, "uwr": -1 }, "geometry": { "type": "Point", "coordinates": [ 19.451444, 51.744278 ] } },
{ "type": "Feature", "properties": { "ID": 109024251, "yr": 2020, "dt": "2020-05-11T18:00:00", "WOJ": 10, "sev": 1, "c": [ 255, 255, 0, 160 ], "dmg": 1, "sli": 1, "ser": 0, "fat": 0, "row": 1, "mot": -1, "pie": -1, "uto": -1, "uwr": -1 }, "geometry": { "type": "Point", "coordinates": [ 19.455361, 51.733056 ] } },
{ "type": "Feature", "properties": { "ID": 109291447, "yr": 2020, "dt": "2020-07-19T13:05:00", "WOJ": 10, "sev": 1, "c": [ 255, 255, 0, 160 ], "dmg": 0, "sli": 3, "ser": 0, "fat": 0, "row": -1, "mot": -1, "pie": -1, "uto": -1, "uwr": -1 }, "geometry": { "type": "Point", "coordinates": [ 19.175861, 51.572944 ] } },
{ "type": "Feature", "properties": { "ID": 109280804, "yr": 2020, "dt": "2020-07-13T17:54:00", "WOJ": 10, "sev": 1, "c": [ 255, 255, 0, 160 ], "dmg": 1, "sli": 1, "ser": 0, "fat": 0, "row": 1, "mot": -1, "pie": -1, "uto": -1, "uwr": -1 }, "geometry": { "type": "Point", "coordinates": [ 19.269778, 51.637833 ] } },
{ "type": "Feature", "properties": { "ID": 109024068, "yr": 2020, "dt": "2020-05-11T16:20:00", "WOJ": 10, "sev": 1, "c": [ 255, 255, 0, 160 ], "dmg": 1, "sli": 2, "ser": 0, "fat": 0, "row": -1, "mot": -1, "pie": -1, "uto": -1, "uwr": -1 }, "geometry": { "type": "Point", "coordinates": [ 19.734167, 51.429694 ] } },
{ "type": "Feature", "properties": { "ID": 109029570, "yr": 2020, "dt": "2020-05-13T16:05:00", "WOJ": 10, "sev": 1, "c": [ 255, 255, 0, 160 ], "dmg": 1, "sli": 2, "ser": 0, "fat": 0, "row": -1, "mot": -1, "pie": -1, "uto": -1, "uwr": -1 }, "geometry": { "type": "Point", "coordinates": [ 19.697083, 51.396694 ] } },
{ "type": "Feature", "properties": { "ID": 109291195, "yr": 2020, "dt": "2020-07-18T20:20:00", "WOJ": 10, "sev": 1, "c": [ 255, 255, 0, 160 ], "dmg": 1, "sli": 1, "ser": 0, "fat": 0, "row": -1, "mot": 1, "pie": -1, "uto": -1, "uwr": -1 }, "geometry": { "type": "Point", "coordinates": [ 20.242083, 51.753528 ] } },
{ "type": "Feature", "properties": { "ID": 109280840, "yr": 2020, "dt": "2020-07-13T18:30:00", "WOJ": 10, "sev": 1, "c": [ 255, 255, 0, 160 ], "dmg": 2, "sli": 1, "ser": 0, "fat": 0, "row": -1, "mot": -1, "pie": -1, "uto": -1, "uwr": -1 }, "geometry": { "type": "Point", "coordinates": [ 19.133639, 51.67325 ] } },
{ "type": "Feature", "properties": { "ID": 109032537, "yr": 2020, "dt": "2020-05-14T18:05:00", "WOJ": 10, "sev": 1, "c": [ 255, 255, 0, 160 ], "dmg": 2, "sli": 1, "ser": 0, "fat": 0, "row": -1, "mot": -1, "pie": -1, "uto": -1, "uwr": -1 }, "geometry": { "type": "Point", "coordinates": [ 20.386083, 51.37975 ] } },
{ "type": "Feature", "properties": { "ID": 109317070, "yr": 2020, "dt": "2020-07-30T09:57:00", "WOJ": 10, "sev": 1, "c": [ 255, 255, 0, 160 ], "dmg": 1, "sli": 1, "ser": 0, "fat": 0, "row": -1, "mot": -1, "pie": -1, "uto": -1, "uwr": -1 }, "geometry": { "type": "Point", "coordinates": [ 19.469972, 51.763333 ] } },
{ "type": "Feature", "properties": { "ID": 109033780, "yr": 2020, "dt": "2020-05-14T17:31:00", "WOJ": 10, "sev": 1, "c": [ 255, 255, 0, 160 ], "dmg": 1, "sli": 1, "ser": 0, "fat": 0, "row": -1, "mot": -1, "pie": -1, "uto": -1, "uwr": -1 }, "geometry": { "type": "Point", "coordinates": [ 19.431972, 51.789972 ] } },
{ "type": "Feature", "properties": { "ID": 109253317, "yr": 2020, "dt": "2020-07-01T06:05:00", "WOJ": 10, "sev": 1, "c": [ 255, 255, 0, 160 ], "dmg": 0, "sli": 4, "ser": 0, "fat": 0, "row": -1, "mot": -1, "pie": -1, "uto": -1, "uwr": -1 }, "geometry": { "type": "Point", "coordinates": [ 19.969167, 51.563139 ] } },
{ "type": "Feature", "properties": { "ID": 109032354, "yr": 2020, "dt": "2020-05-14T13:17:00", "WOJ": 10, "sev": 1, "c": [ 255, 255, 0, 160 ], "dmg": 1, "sli": 1, "ser": 0, "fat": 0, "row": -1, "mot": -1, "pie": -1, "uto": -1, "uwr": -1 }, "geometry": { "type": "Point", "coordinates": [ 19.594639, 51.729417 ] } },
{ "type": "Feature", "properties": { "ID": 109034573, "yr": 2020, "dt": "2020-05-14T11:58:00", "WOJ": 10, "sev": 1, "c": [ 255, 255, 0, 160 ], "dmg": 1, "sli": 1, "ser": 0, "fat": 0, "row": -1, "mot": -1, "pie": -1, "uto": -1, "uwr": -1 }, "geometry": { "type": "Point", "coordinates": [ 19.435222, 51.755833 ] } },
{ "type": "Feature", "properties": { "ID": 109031810, "yr": 2020, "dt": "2020-05-14T08:30:00", "WOJ": 10, "sev": 1, "c": [ 255, 255, 0, 160 ], "dmg": 1, "sli": 1, "ser": 0, "fat": 0, "row": 1, "mot": -1, "pie": -1, "uto": -1, "uwr": -1 }, "geometry": { "type": "Point", "coordinates": [ 19.36525, 52.23025 ] } },
{ "type": "Feature", "properties": { "ID": 109254583, "yr": 2020, "dt": "2020-07-01T15:40:00", "WOJ": 10, "sev": 1, "c": [ 255, 255, 0, 160 ], "dmg": 1, "sli": 1, "ser": 0, "fat": 0, "row": -1, "mot": -1, "pie": 1, "uto": -1, "uwr": -1 }, "geometry": { "type": "Point", "coordinates": [ 20.021889, 51.522583 ] } },
{ "type": "Feature", "properties": { "ID": 109034184, "yr": 2020, "dt": "2020-05-15T13:49:00", "WOJ": 10, "sev": 1, "c": [ 255, 255, 0, 160 ], "dmg": 2, "sli": 1, "ser": 0, "fat": 0, "row": -1, "mot": -1, "pie": -1, "uto": -1, "uwr": -1 }, "geometry": { "type": "Point", "coordinates": [ 19.469972, 51.763333 ] } },
{ "type": "Feature", "properties": { "ID": 109306218, "yr": 2020, "dt": "2020-07-24T13:49:00", "WOJ": 10, "sev": 1, "c": [ 255, 255, 0, 160 ], "dmg": 2, "sli": 1, "ser": 0, "fat": 0, "row": -1, "mot": -1, "pie": -1, "uto": -1, "uwr": -1 }, "geometry": { "type": "Point", "coordinates": [ 19.493667, 51.197722 ] } },
{ "type": "Feature", "properties": { "ID": 109033915, "yr": 2020, "dt": "2020-05-15T06:44:00", "WOJ": 10, "sev": 1, "c": [ 255, 255, 0, 160 ], "dmg": 1, "sli": 2, "ser": 0, "fat": 0, "row": -1, "mot": -1, "pie": -1, "uto": -1, "uwr": -1 }, "geometry": { "type": "Point", "coordinates": [ 20.442, 51.802444 ] } },
{ "type": "Feature", "properties": { "ID": 109033879, "yr": 2020, "dt": "2020-05-15T10:41:00", "WOJ": 10, "sev": 1, "c": [ 255, 255, 0, 160 ], "dmg": 1, "sli": 1, "ser": 0, "fat": 0, "row": -1, "mot": -1, "pie": -1, "uto": -1, "uwr": -1 }, "geometry": { "type": "Point", "coordinates": [ 19.4315, 51.755833 ] } },
{ "type": "Feature", "properties": { "ID": 109306206, "yr": 2020, "dt": "2020-07-24T16:07:00", "WOJ": 10, "sev": 1, "c": [ 255, 255, 0, 160 ], "dmg": 1, "sli": 1, "ser": 0, "fat": 0, "row": 1, "mot": -1, "pie": -1, "uto": -1, "uwr": -1 }, "geometry": { "type": "Point", "coordinates": [ 20.051556, 51.605139 ] } },
{ "type": "Feature", "properties": { "ID": 109035739, "yr": 2020, "dt": "2020-05-15T13:25:00", "WOJ": 10, "sev": 1, "c": [ 255, 255, 0, 160 ], "dmg": 1, "sli": 1, "ser": 0, "fat": 0, "row": 1, "mot": -1, "pie": -1, "uto": -1, "uwr": -1 }, "geometry": { "type": "Point", "coordinates": [ 19.482778, 51.862194 ] } },
{ "type": "Feature", "properties": { "ID": 109294874, "yr": 2020, "dt": "2020-07-20T18:55:00", "WOJ": 10, "sev": 1, "c": [ 255, 255, 0, 160 ], "dmg": 1, "sli": 3, "ser": 0, "fat": 0, "row": -1, "mot": -1, "pie": -1, "uto": -1, "uwr": -1 }, "geometry": { "type": "Point", "coordinates": [ 19.892833, 52.050222 ] } },
{ "type": "Feature", "properties": { "ID": 109038840, "yr": 2020, "dt": "2020-05-16T10:18:00", "WOJ": 10, "sev": 1, "c": [ 255, 255, 0, 160 ], "dmg": 1, "sli": 1, "ser": 0, "fat": 0, "row": 1, "mot": -1, "pie": -1, "uto": -1, "uwr": -1 }, "geometry": { "type": "Point", "coordinates": [ 20.282111, 51.375556 ] } },
{ "type": "Feature", "properties": { "ID": 109315563, "yr": 2020, "dt": "2020-07-30T12:00:00", "WOJ": 10, "sev": 1, "c": [ 255, 255, 0, 160 ], "dmg": 0, "sli": 4, "ser": 0, "fat": 0, "row": -1, "mot": -1, "pie": -1, "uto": -1, "uwr": -1 }, "geometry": { "type": "Point", "coordinates": [ 19.556222, 51.082778 ] } },
{ "type": "Feature", "properties": { "ID": 109038699, "yr": 2020, "dt": "2020-05-16T04:45:00", "WOJ": 10, "sev": 1, "c": [ 255, 255, 0, 160 ], "dmg": 2, "sli": 1, "ser": 0, "fat": 0, "row": -1, "mot": -1, "pie": -1, "uto": -1, "uwr": -1 }, "geometry": { "type": "Point", "coordinates": [ 19.981917, 52.019417 ] } },
{ "type": "Feature", "properties": { "ID": 109303069, "yr": 2020, "dt": "2020-07-23T17:41:00", "WOJ": 10, "sev": 1, "c": [ 255, 255, 0, 160 ], "dmg": 1, "sli": 2, "ser": 0, "fat": 0, "row": -1, "mot": -1, "pie": -1, "uto": -1, "uwr": -1 }, "geometry": { "type": "Point", "coordinates": [ 19.390972, 51.779056 ] } },
{ "type": "Feature", "properties": { "ID": 109256101, "yr": 2020, "dt": "2020-07-02T16:25:00", "WOJ": 10, "sev": 1, "c": [ 255, 255, 0, 160 ], "dmg": 1, "sli": 1, "ser": 0, "fat": 0, "row": -1, "mot": 1, "pie": -1, "uto": -1, "uwr": -1 }, "geometry": { "type": "Point", "coordinates": [ 18.259694, 51.175528 ] } },
{ "type": "Feature", "properties": { "ID": 109259036, "yr": 2020, "dt": "2020-07-03T17:24:00", "WOJ": 10, "sev": 1, "c": [ 255, 255, 0, 160 ], "dmg": 1, "sli": 1, "ser": 0, "fat": 0, "row": 1, "mot": -1, "pie": -1, "uto": -1, "uwr": -1 }, "geometry": { "type": "Point", "coordinates": [ 19.500361, 51.665806 ] } },
{ "type": "Feature", "properties": { "ID": 109262908, "yr": 2020, "dt": "2020-07-03T19:10:00", "WOJ": 10, "sev": 1, "c": [ 255, 255, 0, 160 ], "dmg": 0, "sli": 1, "ser": 0, "fat": 0, "row": -1, "mot": -1, "pie": -1, "uto": -1, "uwr": -1 }, "geometry": { "type": "Point", "coordinates": [ 19.103972, 52.308417 ] } },
{ "type": "Feature", "properties": { "ID": 109043908, "yr": 2020, "dt": "2020-05-17T18:15:00", "WOJ": 10, "sev": 1, "c": [ 255, 255, 0, 160 ], "dmg": 0, "sli": 1, "ser": 0, "fat": 0, "row": -1, "mot": -1, "pie": -1, "uto": -1, "uwr": -1 }, "geometry": { "type": "Point", "coordinates": [ 20.226694, 51.23575 ] } },
{ "type": "Feature", "properties": { "ID": 109043790, "yr": 2020, "dt": "2020-05-17T17:13:00", "WOJ": 10, "sev": 1, "c": [ 255, 255, 0, 160 ], "dmg": 1, "sli": 1, "ser": 0, "fat": 0, "row": -1, "mot": 1, "pie": -1, "uto": -1, "uwr": -1 }, "geometry": { "type": "Point", "coordinates": [ 19.475917, 51.67875 ] } },
{ "type": "Feature", "properties": { "ID": 109315354, "yr": 2020, "dt": "2020-07-30T11:20:00", "WOJ": 10, "sev": 1, "c": [ 255, 255, 0, 160 ], "dmg": 2, "sli": 1, "ser": 0, "fat": 0, "row": -1, "mot": -1, "pie": -1, "uto": -1, "uwr": -1 }, "geometry": { "type": "Point", "coordinates": [ 19.490139, 52.244056 ] } },
{ "type": "Feature", "properties": { "ID": 109300351, "yr": 2020, "dt": "2020-07-22T09:08:00", "WOJ": 10, "sev": 1, "c": [ 255, 255, 0, 160 ], "dmg": 2, "sli": 1, "ser": 0, "fat": 0, "row": -1, "mot": -1, "pie": -1, "uto": -1, "uwr": -1 }, "geometry": { "type": "Point", "coordinates": [ 20.011694, 51.540917 ] } },
{ "type": "Feature", "properties": { "ID": 109044080, "yr": 2020, "dt": "2020-05-18T05:55:00", "WOJ": 10, "sev": 1, "c": [ 255, 255, 0, 160 ], "dmg": 1, "sli": 1, "ser": 0, "fat": 0, "row": -1, "mot": -1, "pie": -1, "uto": -1, "uwr": -1 }, "geometry": { "type": "Point", "coordinates": [ 19.505167, 51.735972 ] } },
{ "type": "Feature", "properties": { "ID": 109044154, "yr": 2020, "dt": "2020-05-18T07:48:00", "WOJ": 10, "sev": 1, "c": [ 255, 255, 0, 160 ], "dmg": 1, "sli": 1, "ser": 0, "fat": 0, "row": 1, "mot": -1, "pie": -1, "uto": -1, "uwr": -1 }, "geometry": { "type": "Point", "coordinates": [ 19.454083, 51.759056 ] } },
{ "type": "Feature", "properties": { "ID": 109259115, "yr": 2020, "dt": "2020-07-03T16:30:00", "WOJ": 10, "sev": 1, "c": [ 255, 255, 0, 160 ], "dmg": 1, "sli": 1, "ser": 0, "fat": 0, "row": 1, "mot": -1, "pie": -1, "uto": -1, "uwr": -1 }, "geometry": { "type": "Point", "coordinates": [ 19.703778, 51.405694 ] } },
{ "type": "Feature", "properties": { "ID": 109281052, "yr": 2020, "dt": "2020-07-14T06:19:00", "WOJ": 10, "sev": 1, "c": [ 255, 255, 0, 160 ], "dmg": 1, "sli": 2, "ser": 0, "fat": 0, "row": -1, "mot": -1, "pie": -1, "uto": -1, "uwr": -1 }, "geometry": { "type": "Point", "coordinates": [ 19.341778, 51.078583 ] } },
{ "type": "Feature", "properties": { "ID": 109049661, "yr": 2020, "dt": "2020-05-19T11:55:00", "WOJ": 10, "sev": 1, "c": [ 255, 255, 0, 160 ], "dmg": 1, "sli": 1, "ser": 0, "fat": 0, "row": -1, "mot": -1, "pie": 1, "uto": -1, "uwr": -1 }, "geometry": { "type": "Point", "coordinates": [ 19.199389, 52.06075 ] } },
{ "type": "Feature", "properties": { "ID": 109049614, "yr": 2020, "dt": "2020-05-19T09:36:00", "WOJ": 10, "sev": 1, "c": [ 255, 255, 0, 160 ], "dmg": 2, "sli": 1, "ser": 0, "fat": 0, "row": -1, "mot": -1, "pie": -1, "uto": -1, "uwr": -1 }, "geometry": { "type": "Point", "coordinates": [ 19.429028, 51.770056 ] } },
{ "type": "Feature", "properties": { "ID": 109049819, "yr": 2020, "dt": "2020-05-19T13:05:00", "WOJ": 10, "sev": 1, "c": [ 255, 255, 0, 160 ], "dmg": 0, "sli": 1, "ser": 0, "fat": 0, "row": -1, "mot": -1, "pie": -1, "uto": -1, "uwr": -1 }, "geometry": { "type": "Point", "coordinates": [ 20.001667, 51.545556 ] } },
{ "type": "Feature", "properties": { "ID": 109048552, "yr": 2020, "dt": "2020-05-19T09:45:00", "WOJ": 10, "sev": 1, "c": [ 255, 255, 0, 160 ], "dmg": 1, "sli": 1, "ser": 0, "fat": 0, "row": -1, "mot": -1, "pie": -1, "uto": -1, "uwr": -1 }, "geometry": { "type": "Point", "coordinates": [ 18.958722, 51.895278 ] } },
{ "type": "Feature", "properties": { "ID": 109049630, "yr": 2020, "dt": "2020-05-19T11:57:00", "WOJ": 10, "sev": 1, "c": [ 255, 255, 0, 160 ], "dmg": 1, "sli": 1, "ser": 0, "fat": 0, "row": -1, "mot": -1, "pie": -1, "uto": -1, "uwr": -1 }, "geometry": { "type": "Point", "coordinates": [ 19.423444, 51.755528 ] } },
{ "type": "Feature", "properties": { "ID": 109051696, "yr": 2020, "dt": "2020-05-20T10:16:00", "WOJ": 10, "sev": 1, "c": [ 255, 255, 0, 160 ], "dmg": 1, "sli": 2, "ser": 0, "fat": 0, "row": -1, "mot": -1, "pie": -1, "uto": -1, "uwr": -1 }, "geometry": { "type": "Point", "coordinates": [ 20.012472, 51.542583 ] } },
{ "type": "Feature", "properties": { "ID": 109052329, "yr": 2020, "dt": "2020-05-20T16:10:00", "WOJ": 10, "sev": 1, "c": [ 255, 255, 0, 160 ], "dmg": 0, "sli": 1, "ser": 0, "fat": 0, "row": -1, "mot": -1, "pie": -1, "uto": -1, "uwr": -1 }, "geometry": { "type": "Point", "coordinates": [ 20.024861, 51.472194 ] } },
{ "type": "Feature", "properties": { "ID": 109059590, "yr": 2020, "dt": "2020-05-21T07:48:00", "WOJ": 10, "sev": 1, "c": [ 255, 255, 0, 160 ], "dmg": 1, "sli": 1, "ser": 0, "fat": 0, "row": 1, "mot": -1, "pie": -1, "uto": -1, "uwr": -1 }, "geometry": { "type": "Point", "coordinates": [ 18.928139, 51.609972 ] } },
{ "type": "Feature", "properties": { "ID": 109057191, "yr": 2020, "dt": "2020-05-21T14:26:00", "WOJ": 10, "sev": 1, "c": [ 255, 255, 0, 160 ], "dmg": 1, "sli": 1, "ser": 0, "fat": 0, "row": 1, "mot": -1, "pie": -1, "uto": -1, "uwr": -1 }, "geometry": { "type": "Point", "coordinates": [ 19.422583, 51.706333 ] } },
{ "type": "Feature", "properties": { "ID": 109259693, "yr": 2020, "dt": "2020-07-03T23:15:00", "WOJ": 10, "sev": 1, "c": [ 255, 255, 0, 160 ], "dmg": 1, "sli": 2, "ser": 0, "fat": 0, "row": -1, "mot": -1, "pie": -1, "uto": -1, "uwr": -1 }, "geometry": { "type": "Point", "coordinates": [ 18.958806, 51.877694 ] } },
{ "type": "Feature", "properties": { "ID": 109057034, "yr": 2020, "dt": "2020-05-21T11:10:00", "WOJ": 10, "sev": 1, "c": [ 255, 255, 0, 160 ], "dmg": 2, "sli": 1, "ser": 0, "fat": 0, "row": -1, "mot": -1, "pie": -1, "uto": -1, "uwr": -1 }, "geometry": { "type": "Point", "coordinates": [ 19.717139, 51.418556 ] } },
{ "type": "Feature", "properties": { "ID": 109259973, "yr": 2020, "dt": "2020-07-04T14:47:00", "WOJ": 10, "sev": 1, "c": [ 255, 255, 0, 160 ], "dmg": 1, "sli": 1, "ser": 0, "fat": 0, "row": 1, "mot": -1, "pie": -1, "uto": -1, "uwr": -1 }, "geometry": { "type": "Point", "coordinates": [ 19.448528, 51.798611 ] } },
{ "type": "Feature", "properties": { "ID": 109061684, "yr": 2020, "dt": "2020-05-21T18:38:00", "WOJ": 10, "sev": 1, "c": [ 255, 255, 0, 160 ], "dmg": 1, "sli": 1, "ser": 0, "fat": 0, "row": 1, "mot": -1, "pie": -1, "uto": -1, "uwr": -1 }, "geometry": { "type": "Point", "coordinates": [ 19.31875, 51.383917 ] } },
{ "type": "Feature", "properties": { "ID": 109062626, "yr": 2020, "dt": "2020-05-22T02:10:00", "WOJ": 10, "sev": 1, "c": [ 255, 255, 0, 160 ], "dmg": 1, "sli": 1, "ser": 0, "fat": 0, "row": -1, "mot": -1, "pie": 1, "uto": -1, "uwr": -1 }, "geometry": { "type": "Point", "coordinates": [ 19.291139, 51.961444 ] } },
{ "type": "Feature", "properties": { "ID": 109064672, "yr": 2020, "dt": "2020-05-22T09:40:00", "WOJ": 10, "sev": 1, "c": [ 255, 255, 0, 160 ], "dmg": 2, "sli": 1, "ser": 0, "fat": 0, "row": -1, "mot": -1, "pie": -1, "uto": -1, "uwr": -1 }, "geometry": { "type": "Point", "coordinates": [ 19.503667, 51.634222 ] } },
{ "type": "Feature", "properties": { "ID": 109064829, "yr": 2020, "dt": "2020-05-22T15:12:00", "WOJ": 10, "sev": 1, "c": [ 255, 255, 0, 160 ], "dmg": 0, "sli": 1, "ser": 0, "fat": 0, "row": -1, "mot": -1, "pie": -1, "uto": -1, "uwr": -1 }, "geometry": { "type": "Point", "coordinates": [ 19.911222, 51.614417 ] } },
{ "type": "Feature", "properties": { "ID": 109062595, "yr": 2020, "dt": "2020-05-22T05:30:00", "WOJ": 10, "sev": 1, "c": [ 255, 255, 0, 160 ], "dmg": 1, "sli": 1, "ser": 0, "fat": 0, "row": -1, "mot": -1, "pie": -1, "uto": -1, "uwr": -1 }, "geometry": { "type": "Point", "coordinates": [ 19.478778, 51.772639 ] } },
{ "type": "Feature", "properties": { "ID": 109259549, "yr": 2020, "dt": "2020-07-04T12:00:00", "WOJ": 10, "sev": 1, "c": [ 255, 255, 0, 160 ], "dmg": 1, "sli": 2, "ser": 0, "fat": 0, "row": -1, "mot": -1, "pie": -1, "uto": -1, "uwr": -1 }, "geometry": { "type": "Point", "coordinates": [ 19.575833, 51.237778 ] } },
{ "type": "Feature", "properties": { "ID": 109065058, "yr": 2020, "dt": "2020-05-22T17:53:00", "WOJ": 10, "sev": 1, "c": [ 255, 255, 0, 160 ], "dmg": 2, "sli": 1, "ser": 0, "fat": 0, "row": -1, "mot": 0, "pie": -1, "uto": -1, "uwr": -1 }, "geometry": { "type": "Point", "coordinates": [ 19.11375, 51.602722 ] } },
{ "type": "Feature", "properties": { "ID": 109068725, "yr": 2020, "dt": "2020-05-23T14:50:00", "WOJ": 10, "sev": 1, "c": [ 255, 255, 0, 160 ], "dmg": 3, "sli": 1, "ser": 0, "fat": 0, "row": -1, "mot": -1, "pie": -1, "uto": -1, "uwr": -1 }, "geometry": { "type": "Point", "coordinates": [ 19.465194, 51.84725 ] } },
{ "type": "Feature", "properties": { "ID": 109069131, "yr": 2020, "dt": "2020-05-23T22:10:00", "WOJ": 10, "sev": 1, "c": [ 255, 255, 0, 160 ], "dmg": 0, "sli": 1, "ser": 0, "fat": 0, "row": -1, "mot": -1, "pie": -1, "uto": -1, "uwr": -1 }, "geometry": { "type": "Point", "coordinates": [ 19.958167, 51.358278 ] } },
{ "type": "Feature", "properties": { "ID": 109260856, "yr": 2020, "dt": "2020-07-04T16:30:00", "WOJ": 10, "sev": 1, "c": [ 255, 255, 0, 160 ], "dmg": 1, "sli": 1, "ser": 0, "fat": 0, "row": -1, "mot": 1, "pie": -1, "uto": -1, "uwr": -1 }, "geometry": { "type": "Point", "coordinates": [ 19.700444, 51.403639 ] } },
{ "type": "Feature", "properties": { "ID": 109067659, "yr": 2020, "dt": "2020-05-23T14:30:00", "WOJ": 10, "sev": 1, "c": [ 255, 255, 0, 160 ], "dmg": 2, "sli": 1, "ser": 0, "fat": 0, "row": -1, "mot": -1, "pie": -1, "uto": -1, "uwr": -1 }, "geometry": { "type": "Point", "coordinates": [ 18.369583, 51.317583 ] } },
{ "type": "Feature", "properties": { "ID": 109315697, "yr": 2020, "dt": "2020-07-29T22:10:00", "WOJ": 10, "sev": 1, "c": [ 255, 255, 0, 160 ], "dmg": 0, "sli": 2, "ser": 0, "fat": 0, "row": -1, "mot": -1, "pie": -1, "uto": -1, "uwr": -1 }, "geometry": { "type": "Point", "coordinates": [ 20.218722, 51.258778 ] } },
{ "type": "Feature", "properties": { "ID": 109068909, "yr": 2020, "dt": "2020-05-23T18:40:00", "WOJ": 10, "sev": 1, "c": [ 255, 255, 0, 160 ], "dmg": 0, "sli": 1, "ser": 0, "fat": 0, "row": -1, "mot": -1, "pie": -1, "uto": -1, "uwr": -1 }, "geometry": { "type": "Point", "coordinates": [ 19.43925, 51.743056 ] } },
{ "type": "Feature", "properties": { "ID": 109068896, "yr": 2020, "dt": "2020-05-23T18:50:00", "WOJ": 10, "sev": 1, "c": [ 255, 255, 0, 160 ], "dmg": 0, "sli": 2, "ser": 0, "fat": 0, "row": -1, "mot": -1, "pie": -1, "uto": -1, "uwr": -1 }, "geometry": { "type": "Point", "coordinates": [ 18.865222, 51.117778 ] } },
{ "type": "Feature", "properties": { "ID": 109073699, "yr": 2020, "dt": "2020-05-24T17:46:00", "WOJ": 10, "sev": 1, "c": [ 255, 255, 0, 160 ], "dmg": 1, "sli": 2, "ser": 0, "fat": 0, "row": -1, "mot": -1, "pie": -1, "uto": -1, "uwr": -1 }, "geometry": { "type": "Point", "coordinates": [ 19.440944, 51.744306 ] } },
{ "type": "Feature", "properties": { "ID": 109315597, "yr": 2020, "dt": "2020-07-29T15:25:00", "WOJ": 10, "sev": 1, "c": [ 255, 255, 0, 160 ], "dmg": 1, "sli": 1, "ser": 0, "fat": 0, "row": -1, "mot": -1, "pie": -1, "uto": -1, "uwr": -1 }, "geometry": { "type": "Point", "coordinates": [ 18.602444, 51.416667 ] } },
{ "type": "Feature", "properties": { "ID": 109315017, "yr": 2020, "dt": "2020-07-29T23:26:00", "WOJ": 10, "sev": 1, "c": [ 255, 255, 0, 160 ], "dmg": 2, "sli": 1, "ser": 0, "fat": 0, "row": -1, "mot": -1, "pie": -1, "uto": -1, "uwr": -1 }, "geometry": { "type": "Point", "coordinates": [ 19.441667, 51.764194 ] } },
{ "type": "Feature", "properties": { "ID": 109260882, "yr": 2020, "dt": "2020-07-04T19:12:00", "WOJ": 10, "sev": 1, "c": [ 255, 255, 0, 160 ], "dmg": 2, "sli": 1, "ser": 0, "fat": 0, "row": 1, "mot": -1, "pie": -1, "uto": -1, "uwr": -1 }, "geometry": { "type": "Point", "coordinates": [ 20.1635, 52.076444 ] } },
{ "type": "Feature", "properties": { "ID": 109313877, "yr": 2020, "dt": "2020-07-29T04:23:00", "WOJ": 10, "sev": 1, "c": [ 255, 255, 0, 160 ], "dmg": 0, "sli": 1, "ser": 0, "fat": 0, "row": -1, "mot": -1, "pie": -1, "uto": -1, "uwr": -1 }, "geometry": { "type": "Point", "coordinates": [ 19.484889, 51.761389 ] } },
{ "type": "Feature", "properties": { "ID": 109074580, "yr": 2020, "dt": "2020-05-25T06:55:00", "WOJ": 10, "sev": 1, "c": [ 255, 255, 0, 160 ], "dmg": 2, "sli": 1, "ser": 0, "fat": 0, "row": -1, "mot": -1, "pie": -1, "uto": -1, "uwr": -1 }, "geometry": { "type": "Point", "coordinates": [ 19.429556, 51.712333 ] } },
{ "type": "Feature", "properties": { "ID": 109074071, "yr": 2020, "dt": "2020-05-25T07:40:00", "WOJ": 10, "sev": 1, "c": [ 255, 255, 0, 160 ], "dmg": 0, "sli": 1, "ser": 0, "fat": 0, "row": -1, "mot": -1, "pie": -1, "uto": -1, "uwr": -1 }, "geometry": { "type": "Point", "coordinates": [ 19.289806, 51.834056 ] } },
{ "type": "Feature", "properties": { "ID": 109082349, "yr": 2020, "dt": "2020-05-26T19:00:00", "WOJ": 10, "sev": 1, "c": [ 255, 255, 0, 160 ], "dmg": 2, "sli": 2, "ser": 0, "fat": 0, "row": -1, "mot": -1, "pie": -1, "uto": -1, "uwr": -1 }, "geometry": { "type": "Point", "coordinates": [ 19.488889, 51.213889 ] } },
{ "type": "Feature", "properties": { "ID": 109082617, "yr": 2020, "dt": "2020-05-26T14:40:00", "WOJ": 10, "sev": 1, "c": [ 255, 255, 0, 160 ], "dmg": 1, "sli": 1, "ser": 0, "fat": 0, "row": -1, "mot": -1, "pie": -1, "uto": -1, "uwr": -1 }, "geometry": { "type": "Point", "coordinates": [ 20.244722, 51.7495 ] } },
{ "type": "Feature", "properties": { "ID": 109283663, "yr": 2020, "dt": "2020-07-14T18:49:00", "WOJ": 10, "sev": 1, "c": [ 255, 255, 0, 160 ], "dmg": 1, "sli": 1, "ser": 0, "fat": 0, "row": -1, "mot": -1, "pie": -1, "uto": -1, "uwr": -1 }, "geometry": { "type": "Point", "coordinates": [ 19.455444, 51.794917 ] } },
{ "type": "Feature", "properties": { "ID": 109082282, "yr": 2020, "dt": "2020-05-26T18:50:00", "WOJ": 10, "sev": 1, "c": [ 255, 255, 0, 160 ], "dmg": 1, "sli": 1, "ser": 0, "fat": 0, "row": -1, "mot": -1, "pie": -1, "uto": -1, "uwr": -1 }, "geometry": { "type": "Point", "coordinates": [ 18.9755, 51.623167 ] } },
{ "type": "Feature", "properties": { "ID": 109312450, "yr": 2020, "dt": "2020-07-29T15:48:00", "WOJ": 10, "sev": 1, "c": [ 255, 255, 0, 160 ], "dmg": 0, "sli": 1, "ser": 0, "fat": 0, "row": -1, "mot": 1, "pie": -1, "uto": -1, "uwr": -1 }, "geometry": { "type": "Point", "coordinates": [ 19.483972, 51.748556 ] } },
{ "type": "Feature", "properties": { "ID": 109082588, "yr": 2020, "dt": "2020-05-26T14:37:00", "WOJ": 10, "sev": 1, "c": [ 255, 255, 0, 160 ], "dmg": 1, "sli": 1, "ser": 0, "fat": 0, "row": -1, "mot": -1, "pie": -1, "uto": -1, "uwr": -1 }, "geometry": { "type": "Point", "coordinates": [ 19.442917, 51.767556 ] } },
{ "type": "Feature", "properties": { "ID": 109078532, "yr": 2020, "dt": "2020-05-26T11:55:00", "WOJ": 10, "sev": 1, "c": [ 255, 255, 0, 160 ], "dmg": 1, "sli": 1, "ser": 0, "fat": 0, "row": -1, "mot": -1, "pie": -1, "uto": -1, "uwr": -1 }, "geometry": { "type": "Point", "coordinates": [ 19.597472, 51.214944 ] } },
{ "type": "Feature", "properties": { "ID": 109081686, "yr": 2020, "dt": "2020-05-26T15:10:00", "WOJ": 10, "sev": 1, "c": [ 255, 255, 0, 160 ], "dmg": 1, "sli": 1, "ser": 0, "fat": 0, "row": 1, "mot": -1, "pie": -1, "uto": -1, "uwr": -1 }, "geometry": { "type": "Point", "coordinates": [ 19.669306, 51.422861 ] } },
{ "type": "Feature", "properties": { "ID": 109260821, "yr": 2020, "dt": "2020-07-04T17:30:00", "WOJ": 10, "sev": 1, "c": [ 255, 255, 0, 160 ], "dmg": 2, "sli": 1, "ser": 0, "fat": 0, "row": -1, "mot": 1, "pie": -1, "uto": -1, "uwr": -1 }, "geometry": { "type": "Point", "coordinates": [ 20.135083, 51.538722 ] } },
{ "type": "Feature", "properties": { "ID": 109078481, "yr": 2020, "dt": "2020-05-26T07:23:00", "WOJ": 10, "sev": 1, "c": [ 255, 255, 0, 160 ], "dmg": 1, "sli": 1, "ser": 0, "fat": 0, "row": -1, "mot": -1, "pie": -1, "uto": -1, "uwr": -1 }, "geometry": { "type": "Point", "coordinates": [ 19.829389, 51.865167 ] } },
{ "type": "Feature", "properties": { "ID": 109260964, "yr": 2020, "dt": "2020-07-04T22:25:00", "WOJ": 10, "sev": 1, "c": [ 255, 255, 0, 160 ], "dmg": 2, "sli": 3, "ser": 0, "fat": 0, "row": -1, "mot": -1, "pie": 1, "uto": -1, "uwr": -1 }, "geometry": { "type": "Point", "coordinates": [ 19.139806, 51.588028 ] } },
{ "type": "Feature", "properties": { "ID": 109081829, "yr": 2020, "dt": "2020-05-26T15:51:00", "WOJ": 10, "sev": 1, "c": [ 255, 255, 0, 160 ], "dmg": 1, "sli": 1, "ser": 0, "fat": 0, "row": 1, "mot": -1, "pie": -1, "uto": -1, "uwr": -1 }, "geometry": { "type": "Point", "coordinates": [ 19.371333, 51.802222 ] } },
{ "type": "Feature", "properties": { "ID": 109082160, "yr": 2020, "dt": "2020-05-26T18:46:00", "WOJ": 10, "sev": 1, "c": [ 255, 255, 0, 160 ], "dmg": 1, "sli": 2, "ser": 0, "fat": 0, "row": 1, "mot": -1, "pie": -1, "uto": -1, "uwr": -1 }, "geometry": { "type": "Point", "coordinates": [ 19.496111, 51.762556 ] } },
{ "type": "Feature", "properties": { "ID": 109086302, "yr": 2020, "dt": "2020-05-27T12:06:00", "WOJ": 10, "sev": 1, "c": [ 255, 255, 0, 160 ], "dmg": 1, "sli": 1, "ser": 0, "fat": 0, "row": 1, "mot": -1, "pie": -1, "uto": -1, "uwr": -1 }, "geometry": { "type": "Point", "coordinates": [ 19.820139, 51.738278 ] } },
{ "type": "Feature", "properties": { "ID": 109317063, "yr": 2020, "dt": "2020-07-28T12:08:00", "WOJ": 10, "sev": 1, "c": [ 255, 255, 0, 160 ], "dmg": 2, "sli": 1, "ser": 0, "fat": 0, "row": -1, "mot": -1, "pie": -1, "uto": -1, "uwr": -1 }, "geometry": { "type": "Point", "coordinates": [ 19.441806, 51.741944 ] } },
{ "type": "Feature", "properties": { "ID": 109086227, "yr": 2020, "dt": "2020-05-27T18:39:00", "WOJ": 10, "sev": 1, "c": [ 255, 255, 0, 160 ], "dmg": 1, "sli": 1, "ser": 0, "fat": 0, "row": 1, "mot": -1, "pie": -1, "uto": -1, "uwr": -1 }, "geometry": { "type": "Point", "coordinates": [ 19.414639, 51.757778 ] } },
{ "type": "Feature", "properties": { "ID": 109086103, "yr": 2020, "dt": "2020-05-27T15:38:00", "WOJ": 10, "sev": 1, "c": [ 255, 255, 0, 160 ], "dmg": 0, "sli": 1, "ser": 0, "fat": 0, "row": -1, "mot": -1, "pie": -1, "uto": -1, "uwr": -1 }, "geometry": { "type": "Point", "coordinates": [ 19.419111, 51.703306 ] } },
{ "type": "Feature", "properties": { "ID": 109082470, "yr": 2020, "dt": "2020-05-27T05:10:00", "WOJ": 10, "sev": 1, "c": [ 255, 255, 0, 160 ], "dmg": 1, "sli": 1, "ser": 0, "fat": 0, "row": 1, "mot": -1, "pie": -1, "uto": -1, "uwr": -1 }, "geometry": { "type": "Point", "coordinates": [ 19.692639, 51.404806 ] } },
{ "type": "Feature", "properties": { "ID": 109260837, "yr": 2020, "dt": "2020-07-04T17:15:00", "WOJ": 10, "sev": 1, "c": [ 255, 255, 0, 160 ], "dmg": 0, "sli": 1, "ser": 0, "fat": 0, "row": -1, "mot": -1, "pie": -1, "uto": -1, "uwr": -1 }, "geometry": { "type": "Point", "coordinates": [ 18.937611, 51.099 ] } },
{ "type": "Feature", "properties": { "ID": 109260707, "yr": 2020, "dt": "2020-07-04T17:16:00", "WOJ": 10, "sev": 1, "c": [ 255, 255, 0, 160 ], "dmg": 1, "sli": 1, "ser": 0, "fat": 0, "row": 1, "mot": -1, "pie": -1, "uto": -1, "uwr": -1 }, "geometry": { "type": "Point", "coordinates": [ 19.228694, 51.806667 ] } },
{ "type": "Feature", "properties": { "ID": 109313295, "yr": 2020, "dt": "2020-07-28T11:27:00", "WOJ": 10, "sev": 1, "c": [ 255, 255, 0, 160 ], "dmg": 1, "sli": 1, "ser": 0, "fat": 0, "row": -1, "mot": -1, "pie": -1, "uto": -1, "uwr": -1 }, "geometry": { "type": "Point", "coordinates": [ 19.633361, 51.722194 ] } },
{ "type": "Feature", "properties": { "ID": 109088585, "yr": 2020, "dt": "2020-05-28T06:15:00", "WOJ": 10, "sev": 1, "c": [ 255, 255, 0, 160 ], "dmg": 1, "sli": 1, "ser": 0, "fat": 0, "row": -1, "mot": -1, "pie": -1, "uto": -1, "uwr": -1 }, "geometry": { "type": "Point", "coordinates": [ 18.924, 51.591111 ] } },
{ "type": "Feature", "properties": { "ID": 109090080, "yr": 2020, "dt": "2020-05-28T11:50:00", "WOJ": 10, "sev": 1, "c": [ 255, 255, 0, 160 ], "dmg": 1, "sli": 1, "ser": 0, "fat": 0, "row": 1, "mot": -1, "pie": -1, "uto": -1, "uwr": -1 }, "geometry": { "type": "Point", "coordinates": [ 19.744278, 51.587611 ] } },
{ "type": "Feature", "properties": { "ID": 109090491, "yr": 2020, "dt": "2020-05-28T18:54:00", "WOJ": 10, "sev": 1, "c": [ 255, 255, 0, 160 ], "dmg": 1, "sli": 1, "ser": 0, "fat": 0, "row": -1, "mot": -1, "pie": -1, "uto": -1, "uwr": -1 }, "geometry": { "type": "Point", "coordinates": [ 20.143417, 51.944056 ] } },
{ "type": "Feature", "properties": { "ID": 109313673, "yr": 2020, "dt": "2020-07-28T17:30:00", "WOJ": 10, "sev": 1, "c": [ 255, 255, 0, 160 ], "dmg": 1, "sli": 1, "ser": 0, "fat": 0, "row": 1, "mot": -1, "pie": -1, "uto": -1, "uwr": -1 }, "geometry": { "type": "Point", "coordinates": [ 19.133028, 51.590583 ] } },
{ "type": "Feature", "properties": { "ID": 109261600, "yr": 2020, "dt": "2020-07-05T14:16:00", "WOJ": 10, "sev": 1, "c": [ 255, 255, 0, 160 ], "dmg": 0, "sli": 1, "ser": 0, "fat": 0, "row": -1, "mot": -1, "pie": -1, "uto": -1, "uwr": -1 }, "geometry": { "type": "Point", "coordinates": [ 19.419611, 51.812056 ] } },
{ "type": "Feature", "properties": { "ID": 109293135, "yr": 2020, "dt": "2020-07-20T08:35:00", "WOJ": 10, "sev": 1, "c": [ 255, 255, 0, 160 ], "dmg": 0, "sli": 2, "ser": 0, "fat": 0, "row": -1, "mot": -1, "pie": -1, "uto": -1, "uwr": -1 }, "geometry": { "type": "Point", "coordinates": [ 20.151333, 51.6555 ] } },
{ "type": "Feature", "properties": { "ID": 109284633, "yr": 2020, "dt": "2020-07-14T11:00:00", "WOJ": 10, "sev": 1, "c": [ 255, 255, 0, 160 ], "dmg": 1, "sli": 1, "ser": 0, "fat": 0, "row": 1, "mot": -1, "pie": -1, "uto": -1, "uwr": -1 }, "geometry": { "type": "Point", "coordinates": [ 18.929639, 51.595472 ] } },
{ "type": "Feature", "properties": { "ID": 109089939, "yr": 2020, "dt": "2020-05-28T06:50:00", "WOJ": 10, "sev": 1, "c": [ 255, 255, 0, 160 ], "dmg": 2, "sli": 1, "ser": 0, "fat": 0, "row": -1, "mot": -1, "pie": -1, "uto": -1, "uwr": -1 }, "geometry": { "type": "Point", "coordinates": [ 19.230111, 51.288389 ] } },
{ "type": "Feature", "properties": { "ID": 109091695, "yr": 2020, "dt": "2020-05-28T15:25:00", "WOJ": 10, "sev": 1, "c": [ 255, 255, 0, 160 ], "dmg": 2, "sli": 1, "ser": 0, "fat": 0, "row": -1, "mot": -1, "pie": -1, "uto": -1, "uwr": -1 }, "geometry": { "type": "Point", "coordinates": [ 19.983417, 51.493056 ] } },
{ "type": "Feature", "properties": { "ID": 109261273, "yr": 2020, "dt": "2020-07-05T17:13:00", "WOJ": 10, "sev": 1, "c": [ 255, 255, 0, 160 ], "dmg": 1, "sli": 1, "ser": 0, "fat": 0, "row": 1, "mot": -1, "pie": -1, "uto": -1, "uwr": -1 }, "geometry": { "type": "Point", "coordinates": [ 19.428611, 51.78375 ] } },
{ "type": "Feature", "properties": { "ID": 109097168, "yr": 2020, "dt": "2020-05-29T20:58:00", "WOJ": 10, "sev": 1, "c": [ 255, 255, 0, 160 ], "dmg": 1, "sli": 2, "ser": 0, "fat": 0, "row": -1, "mot": -1, "pie": -1, "uto": -1, "uwr": -1 }, "geometry": { "type": "Point", "coordinates": [ 19.302, 51.816389 ] } },
{ "type": "Feature", "properties": { "ID": 109261531, "yr": 2020, "dt": "2020-07-05T19:32:00", "WOJ": 10, "sev": 1, "c": [ 255, 255, 0, 160 ], "dmg": 2, "sli": 1, "ser": 0, "fat": 0, "row": -1, "mot": 1, "pie": -1, "uto": -1, "uwr": -1 }, "geometry": { "type": "Point", "coordinates": [ 19.444917, 51.724556 ] } },
{ "type": "Feature", "properties": { "ID": 109096707, "yr": 2020, "dt": "2020-05-29T16:42:00", "WOJ": 10, "sev": 1, "c": [ 255, 255, 0, 160 ], "dmg": 0, "sli": 1, "ser": 0, "fat": 0, "row": 1, "mot": -1, "pie": -1, "uto": -1, "uwr": -1 }, "geometry": { "type": "Point", "coordinates": [ 19.544722, 51.757639 ] } },
{ "type": "Feature", "properties": { "ID": 109261140, "yr": 2020, "dt": "2020-07-05T09:50:00", "WOJ": 10, "sev": 1, "c": [ 255, 255, 0, 160 ], "dmg": 1, "sli": 1, "ser": 0, "fat": 0, "row": -1, "mot": -1, "pie": -1, "uto": -1, "uwr": -1 }, "geometry": { "type": "Point", "coordinates": [ 20.03675, 51.246194 ] } },
{ "type": "Feature", "properties": { "ID": 109100134, "yr": 2020, "dt": "2020-05-30T20:38:00", "WOJ": 10, "sev": 1, "c": [ 255, 255, 0, 160 ], "dmg": 0, "sli": 2, "ser": 0, "fat": 0, "row": -1, "mot": -1, "pie": -1, "uto": -1, "uwr": -1 }, "geometry": { "type": "Point", "coordinates": [ 20.112417, 51.368056 ] } },
{ "type": "Feature", "properties": { "ID": 109099581, "yr": 2020, "dt": "2020-05-30T11:55:00", "WOJ": 10, "sev": 1, "c": [ 255, 255, 0, 160 ], "dmg": 1, "sli": 1, "ser": 0, "fat": 0, "row": -1, "mot": -1, "pie": -1, "uto": -1, "uwr": -1 }, "geometry": { "type": "Point", "coordinates": [ 18.597472, 51.185111 ] } },
{ "type": "Feature", "properties": { "ID": 109097278, "yr": 2020, "dt": "2020-05-30T02:50:00", "WOJ": 10, "sev": 1, "c": [ 255, 255, 0, 160 ], "dmg": 0, "sli": 1, "ser": 0, "fat": 0, "row": -1, "mot": -1, "pie": -1, "uto": -1, "uwr": -1 }, "geometry": { "type": "Point", "coordinates": [ 20.020306, 51.557 ] } },
{ "type": "Feature", "properties": { "ID": 109097327, "yr": 2020, "dt": "2020-05-30T11:31:00", "WOJ": 10, "sev": 1, "c": [ 255, 255, 0, 160 ], "dmg": 0, "sli": 1, "ser": 0, "fat": 0, "row": 1, "mot": -1, "pie": -1, "uto": -1, "uwr": -1 }, "geometry": { "type": "Point", "coordinates": [ 19.446889, 51.776056 ] } },
{ "type": "Feature", "properties": { "ID": 109312028, "yr": 2020, "dt": "2020-07-28T18:51:00", "WOJ": 10, "sev": 1, "c": [ 255, 255, 0, 160 ], "dmg": 2, "sli": 1, "ser": 0, "fat": 0, "row": -1, "mot": -1, "pie": -1, "uto": -1, "uwr": -1 }, "geometry": { "type": "Point", "coordinates": [ 19.591, 51.793778 ] } },
{ "type": "Feature", "properties": { "ID": 109334355, "yr": 2020, "dt": "2020-08-08T13:15:00", "WOJ": 10, "sev": 1, "c": [ 255, 255, 0, 160 ], "dmg": 2, "sli": 1, "ser": 0, "fat": 0, "row": -1, "mot": -1, "pie": -1, "uto": -1, "uwr": -1 }, "geometry": { "type": "Point", "coordinates": [ 19.410583, 52.321111 ] } },
{ "type": "Feature", "properties": { "ID": 109334484, "yr": 2020, "dt": "2020-08-08T14:00:00", "WOJ": 10, "sev": 1, "c": [ 255, 255, 0, 160 ], "dmg": 1, "sli": 1, "ser": 0, "fat": 0, "row": 1, "mot": -1, "pie": -1, "uto": -1, "uwr": -1 }, "geometry": { "type": "Point", "coordinates": [ 18.931944, 51.598667 ] } },
{ "type": "Feature", "properties": { "ID": 109335482, "yr": 2020, "dt": "2020-08-08T01:40:00", "WOJ": 10, "sev": 1, "c": [ 255, 255, 0, 160 ], "dmg": 0, "sli": 1, "ser": 0, "fat": 0, "row": -1, "mot": -1, "pie": -1, "uto": -1, "uwr": -1 }, "geometry": { "type": "Point", "coordinates": [ 20.086889, 51.617694 ] } },
{ "type": "Feature", "properties": { "ID": 109334281, "yr": 2020, "dt": "2020-08-08T11:10:00", "WOJ": 10, "sev": 1, "c": [ 255, 255, 0, 160 ], "dmg": 2, "sli": 1, "ser": 0, "fat": 0, "row": -1, "mot": -1, "pie": -1, "uto": -1, "uwr": -1 }, "geometry": { "type": "Point", "coordinates": [ 18.475389, 51.201028 ] } },
{ "type": "Feature", "properties": { "ID": 109334813, "yr": 2020, "dt": "2020-08-08T23:17:00", "WOJ": 10, "sev": 1, "c": [ 255, 255, 0, 160 ], "dmg": 1, "sli": 1, "ser": 0, "fat": 0, "row": -1, "mot": -1, "pie": -1, "uto": -1, "uwr": -1 }, "geometry": { "type": "Point", "coordinates": [ 19.251056, 51.724 ] } },
{ "type": "Feature", "properties": { "ID": 109334777, "yr": 2020, "dt": "2020-08-08T16:30:00", "WOJ": 10, "sev": 1, "c": [ 255, 255, 0, 160 ], "dmg": 1, "sli": 1, "ser": 0, "fat": 0, "row": -1, "mot": -1, "pie": -1, "uto": -1, "uwr": -1 }, "geometry": { "type": "Point", "coordinates": [ 20.467444, 51.452667 ] } },
{ "type": "Feature", "properties": { "ID": 109334391, "yr": 2020, "dt": "2020-08-08T10:15:00", "WOJ": 10, "sev": 1, "c": [ 255, 255, 0, 160 ], "dmg": 1, "sli": 2, "ser": 0, "fat": 0, "row": -1, "mot": 1, "pie": -1, "uto": -1, "uwr": -1 }, "geometry": { "type": "Point", "coordinates": [ 19.014056, 51.967 ] } },
{ "type": "Feature", "properties": { "ID": 109335762, "yr": 2020, "dt": "2020-08-08T23:55:00", "WOJ": 10, "sev": 1, "c": [ 255, 255, 0, 160 ], "dmg": 0, "sli": 1, "ser": 0, "fat": 0, "row": -1, "mot": 1, "pie": -1, "uto": -1, "uwr": -1 }, "geometry": { "type": "Point", "coordinates": [ 19.99425, 51.544194 ] } },
{ "type": "Feature", "properties": { "ID": 109335395, "yr": 2020, "dt": "2020-08-09T19:35:00", "WOJ": 10, "sev": 1, "c": [ 255, 255, 0, 160 ], "dmg": 1, "sli": 1, "ser": 0, "fat": 0, "row": -1, "mot": -1, "pie": -1, "uto": -1, "uwr": -1 }, "geometry": { "type": "Point", "coordinates": [ 19.617222, 51.878778 ] } },
{ "type": "Feature", "properties": { "ID": 109334991, "yr": 2020, "dt": "2020-08-09T14:00:00", "WOJ": 10, "sev": 1, "c": [ 255, 255, 0, 160 ], "dmg": 1, "sli": 1, "ser": 0, "fat": 0, "row": 1, "mot": -1, "pie": -1, "uto": -1, "uwr": -1 }, "geometry": { "type": "Point", "coordinates": [ 18.775333, 51.600472 ] } },
{ "type": "Feature", "properties": { "ID": 109336360, "yr": 2020, "dt": "2020-08-10T09:50:00", "WOJ": 10, "sev": 1, "c": [ 255, 255, 0, 160 ], "dmg": 1, "sli": 1, "ser": 0, "fat": 0, "row": -1, "mot": -1, "pie": -1, "uto": -1, "uwr": -1 }, "geometry": { "type": "Point", "coordinates": [ 19.765111, 51.619472 ] } },
{ "type": "Feature", "properties": { "ID": 109335560, "yr": 2020, "dt": "2020-08-10T06:54:00", "WOJ": 10, "sev": 1, "c": [ 255, 255, 0, 160 ], "dmg": 1, "sli": 1, "ser": 0, "fat": 0, "row": 1, "mot": -1, "pie": -1, "uto": -1, "uwr": -1 }, "geometry": { "type": "Point", "coordinates": [ 19.791361, 51.733444 ] } },
{ "type": "Feature", "properties": { "ID": 109336101, "yr": 2020, "dt": "2020-08-10T08:35:00", "WOJ": 10, "sev": 1, "c": [ 255, 255, 0, 160 ], "dmg": 2, "sli": 2, "ser": 0, "fat": 0, "row": -1, "mot": -1, "pie": -1, "uto": -1, "uwr": -1 }, "geometry": { "type": "Point", "coordinates": [ 19.975444, 52.0175 ] } },
{ "type": "Feature", "properties": { "ID": 109337363, "yr": 2020, "dt": "2020-08-10T14:15:00", "WOJ": 10, "sev": 1, "c": [ 255, 255, 0, 160 ], "dmg": 0, "sli": 2, "ser": 0, "fat": 0, "row": -1, "mot": -1, "pie": -1, "uto": -1, "uwr": -1 }, "geometry": { "type": "Point", "coordinates": [ 19.4885, 51.303694 ] } },
{ "type": "Feature", "properties": { "ID": 109337460, "yr": 2020, "dt": "2020-08-10T19:55:00", "WOJ": 10, "sev": 1, "c": [ 255, 255, 0, 160 ], "dmg": 1, "sli": 1, "ser": 0, "fat": 0, "row": 1, "mot": -1, "pie": -1, "uto": -1, "uwr": -1 }, "geometry": { "type": "Point", "coordinates": [ 19.355083, 52.232944 ] } },
{ "type": "Feature", "properties": { "ID": 109338258, "yr": 2020, "dt": "2020-08-11T13:25:00", "WOJ": 10, "sev": 1, "c": [ 255, 255, 0, 160 ], "dmg": 4, "sli": 1, "ser": 0, "fat": 0, "row": -1, "mot": -1, "pie": -1, "uto": -1, "uwr": -1 }, "geometry": { "type": "Point", "coordinates": [ 20.037778, 51.539639 ] } },
{ "type": "Feature", "properties": { "ID": 109339936, "yr": 2020, "dt": "2020-08-11T17:15:00", "WOJ": 10, "sev": 1, "c": [ 255, 255, 0, 160 ], "dmg": 2, "sli": 4, "ser": 0, "fat": 0, "row": -1, "mot": -1, "pie": -1, "uto": -1, "uwr": -1 }, "geometry": { "type": "Point", "coordinates": [ 20.094222, 51.499083 ] } },
{ "type": "Feature", "properties": { "ID": 109339699, "yr": 2020, "dt": "2020-08-11T17:00:00", "WOJ": 10, "sev": 1, "c": [ 255, 255, 0, 160 ], "dmg": 0, "sli": 2, "ser": 0, "fat": 0, "row": -1, "mot": -1, "pie": -1, "uto": -1, "uwr": -1 }, "geometry": { "type": "Point", "coordinates": [ 19.339361, 51.190694 ] } },
{ "type": "Feature", "properties": { "ID": 109338681, "yr": 2020, "dt": "2020-08-11T10:20:00", "WOJ": 10, "sev": 1, "c": [ 255, 255, 0, 160 ], "dmg": 1, "sli": 1, "ser": 0, "fat": 0, "row": -1, "mot": -1, "pie": -1, "uto": -1, "uwr": -1 }, "geometry": { "type": "Point", "coordinates": [ 19.364444, 52.230583 ] } },
{ "type": "Feature", "properties": { "ID": 109339617, "yr": 2020, "dt": "2020-08-11T18:04:00", "WOJ": 10, "sev": 1, "c": [ 255, 255, 0, 160 ], "dmg": 1, "sli": 1, "ser": 0, "fat": 0, "row": -1, "mot": -1, "pie": -1, "uto": -1, "uwr": -1 }, "geometry": { "type": "Point", "coordinates": [ 19.513417, 51.707889 ] } },
{ "type": "Feature", "properties": { "ID": 109341584, "yr": 2020, "dt": "2020-08-12T07:15:00", "WOJ": 10, "sev": 1, "c": [ 255, 255, 0, 160 ], "dmg": 1, "sli": 1, "ser": 0, "fat": 0, "row": -1, "mot": -1, "pie": 1, "uto": -1, "uwr": -1 }, "geometry": { "type": "Point", "coordinates": [ 19.461806, 51.756139 ] } },
{ "type": "Feature", "properties": { "ID": 109344151, "yr": 2020, "dt": "2020-08-12T19:00:00", "WOJ": 10, "sev": 1, "c": [ 255, 255, 0, 160 ], "dmg": 1, "sli": 1, "ser": 0, "fat": 0, "row": 1, "mot": -1, "pie": -1, "uto": -1, "uwr": -1 }, "geometry": { "type": "Point", "coordinates": [ 19.693667, 51.611389 ] } },
{ "type": "Feature", "properties": { "ID": 109341664, "yr": 2020, "dt": "2020-08-12T18:30:00", "WOJ": 10, "sev": 1, "c": [ 255, 255, 0, 160 ], "dmg": 1, "sli": 1, "ser": 0, "fat": 0, "row": 1, "mot": -1, "pie": -1, "uto": -1, "uwr": -1 }, "geometry": { "type": "Point", "coordinates": [ 19.001806, 51.15575 ] } },
{ "type": "Feature", "properties": { "ID": 109341700, "yr": 2020, "dt": "2020-08-12T20:50:00", "WOJ": 10, "sev": 1, "c": [ 255, 255, 0, 160 ], "dmg": 1, "sli": 2, "ser": 0, "fat": 0, "row": -1, "mot": -1, "pie": 1, "uto": -1, "uwr": -1 }, "geometry": { "type": "Point", "coordinates": [ 19.730556, 51.402889 ] } },
{ "type": "Feature", "properties": { "ID": 109341582, "yr": 2020, "dt": "2020-08-12T16:48:00", "WOJ": 10, "sev": 1, "c": [ 255, 255, 0, 160 ], "dmg": 1, "sli": 1, "ser": 0, "fat": 0, "row": -1, "mot": -1, "pie": 1, "uto": -1, "uwr": -1 }, "geometry": { "type": "Point", "coordinates": [ 19.352583, 51.670028 ] } },
{ "type": "Feature", "properties": { "ID": 109340294, "yr": 2020, "dt": "2020-08-12T14:40:00", "WOJ": 10, "sev": 1, "c": [ 255, 255, 0, 160 ], "dmg": 2, "sli": 1, "ser": 0, "fat": 0, "row": -1, "mot": -1, "pie": -1, "uto": -1, "uwr": -1 }, "geometry": { "type": "Point", "coordinates": [ 20.095444, 51.623806 ] } },
{ "type": "Feature", "properties": { "ID": 109340830, "yr": 2020, "dt": "2020-08-12T18:50:00", "WOJ": 10, "sev": 1, "c": [ 255, 255, 0, 160 ], "dmg": 1, "sli": 1, "ser": 0, "fat": 0, "row": -1, "mot": -1, "pie": 1, "uto": -1, "uwr": -1 }, "geometry": { "type": "Point", "coordinates": [ 19.341889, 52.22125 ] } },
{ "type": "Feature", "properties": { "ID": 109340276, "yr": 2020, "dt": "2020-08-12T09:48:00", "WOJ": 10, "sev": 1, "c": [ 255, 255, 0, 160 ], "dmg": 1, "sli": 1, "ser": 0, "fat": 0, "row": 1, "mot": -1, "pie": -1, "uto": -1, "uwr": -1 }, "geometry": { "type": "Point", "coordinates": [ 19.370861, 51.662083 ] } },
{ "type": "Feature", "properties": { "ID": 109341408, "yr": 2020, "dt": "2020-08-13T09:55:00", "WOJ": 10, "sev": 1, "c": [ 255, 255, 0, 160 ], "dmg": 1, "sli": 1, "ser": 0, "fat": 0, "row": -1, "mot": -1, "pie": -1, "uto": -1, "uwr": -1 }, "geometry": { "type": "Point", "coordinates": [ 19.352972, 52.236278 ] } },
{ "type": "Feature", "properties": { "ID": 109344893, "yr": 2020, "dt": "2020-08-13T16:00:00", "WOJ": 10, "sev": 1, "c": [ 255, 255, 0, 160 ], "dmg": 0, "sli": 1, "ser": 0, "fat": 0, "row": -1, "mot": -1, "pie": -1, "uto": -1, "uwr": -1 }, "geometry": { "type": "Point", "coordinates": [ 19.638139, 51.296889 ] } },
{ "type": "Feature", "properties": { "ID": 109343771, "yr": 2020, "dt": "2020-08-13T10:35:00", "WOJ": 10, "sev": 1, "c": [ 255, 255, 0, 160 ], "dmg": 2, "sli": 1, "ser": 0, "fat": 0, "row": -1, "mot": -1, "pie": -1, "uto": -1, "uwr": -1 }, "geometry": { "type": "Point", "coordinates": [ 19.671139, 51.427694 ] } },
{ "type": "Feature", "properties": { "ID": 109344032, "yr": 2020, "dt": "2020-08-13T19:46:00", "WOJ": 10, "sev": 1, "c": [ 255, 255, 0, 160 ], "dmg": 2, "sli": 1, "ser": 0, "fat": 0, "row": -1, "mot": -1, "pie": -1, "uto": -1, "uwr": -1 }, "geometry": { "type": "Point", "coordinates": [ 19.5895, 51.7495 ] } },
{ "type": "Feature", "properties": { "ID": 109343949, "yr": 2020, "dt": "2020-08-13T17:41:00", "WOJ": 10, "sev": 1, "c": [ 255, 255, 0, 160 ], "dmg": 2, "sli": 1, "ser": 0, "fat": 0, "row": -1, "mot": -1, "pie": -1, "uto": -1, "uwr": -1 }, "geometry": { "type": "Point", "coordinates": [ 19.443556, 51.784139 ] } },
{ "type": "Feature", "properties": { "ID": 109344949, "yr": 2020, "dt": "2020-08-13T16:38:00", "WOJ": 10, "sev": 1, "c": [ 255, 255, 0, 160 ], "dmg": 1, "sli": 1, "ser": 0, "fat": 0, "row": -1, "mot": 1, "pie": -1, "uto": -1, "uwr": -1 }, "geometry": { "type": "Point", "coordinates": [ 19.369056, 51.368778 ] } },
{ "type": "Feature", "properties": { "ID": 109347638, "yr": 2020, "dt": "2020-08-14T21:10:00", "WOJ": 10, "sev": 1, "c": [ 255, 255, 0, 160 ], "dmg": 0, "sli": 2, "ser": 0, "fat": 0, "row": -1, "mot": -1, "pie": 1, "uto": -1, "uwr": -1 }, "geometry": { "type": "Point", "coordinates": [ 20.017333, 51.536056 ] } },
{ "type": "Feature", "properties": { "ID": 109347115, "yr": 2020, "dt": "2020-08-14T13:40:00", "WOJ": 10, "sev": 1, "c": [ 255, 255, 0, 160 ], "dmg": 2, "sli": 1, "ser": 0, "fat": 0, "row": -1, "mot": -1, "pie": -1, "uto": -1, "uwr": -1 }, "geometry": { "type": "Point", "coordinates": [ 20.102472, 51.563333 ] } },
{ "type": "Feature", "properties": { "ID": 109347657, "yr": 2020, "dt": "2020-08-14T22:30:00", "WOJ": 10, "sev": 1, "c": [ 255, 255, 0, 160 ], "dmg": 1, "sli": 1, "ser": 0, "fat": 0, "row": -1, "mot": -1, "pie": -1, "uto": -1, "uwr": -1 }, "geometry": { "type": "Point", "coordinates": [ 19.329917, 51.830083 ] } },
{ "type": "Feature", "properties": { "ID": 109346791, "yr": 2020, "dt": "2020-08-14T14:43:00", "WOJ": 10, "sev": 1, "c": [ 255, 255, 0, 160 ], "dmg": 1, "sli": 1, "ser": 0, "fat": 0, "row": -1, "mot": -1, "pie": -1, "uto": -1, "uwr": -1 }, "geometry": { "type": "Point", "coordinates": [ 19.463333, 51.757722 ] } },
{ "type": "Feature", "properties": { "ID": 109346822, "yr": 2020, "dt": "2020-08-14T10:50:00", "WOJ": 10, "sev": 1, "c": [ 255, 255, 0, 160 ], "dmg": 1, "sli": 1, "ser": 0, "fat": 0, "row": -1, "mot": -1, "pie": 1, "uto": -1, "uwr": -1 }, "geometry": { "type": "Point", "coordinates": [ 19.647972, 51.424139 ] } },
{ "type": "Feature", "properties": { "ID": 109347422, "yr": 2020, "dt": "2020-08-14T18:25:00", "WOJ": 10, "sev": 1, "c": [ 255, 255, 0, 160 ], "dmg": 0, "sli": 3, "ser": 0, "fat": 0, "row": -1, "mot": -1, "pie": -1, "uto": -1, "uwr": -1 }, "geometry": { "type": "Point", "coordinates": [ 18.30375, 51.224417 ] } },
{ "type": "Feature", "properties": { "ID": 109345373, "yr": 2020, "dt": "2020-08-14T10:30:00", "WOJ": 10, "sev": 1, "c": [ 255, 255, 0, 160 ], "dmg": 2, "sli": 1, "ser": 0, "fat": 0, "row": -1, "mot": -1, "pie": -1, "uto": -1, "uwr": -1 }, "geometry": { "type": "Point", "coordinates": [ 20.027528, 51.529778 ] } },
{ "type": "Feature", "properties": { "ID": 109345320, "yr": 2020, "dt": "2020-08-14T09:00:00", "WOJ": 10, "sev": 1, "c": [ 255, 255, 0, 160 ], "dmg": 2, "sli": 4, "ser": 0, "fat": 0, "row": -1, "mot": -1, "pie": -1, "uto": -1, "uwr": -1 }, "geometry": { "type": "Point", "coordinates": [ 19.626056, 51.291028 ] } },
{ "type": "Feature", "properties": { "ID": 109347161, "yr": 2020, "dt": "2020-08-14T16:15:00", "WOJ": 10, "sev": 1, "c": [ 255, 255, 0, 160 ], "dmg": 2, "sli": 1, "ser": 0, "fat": 0, "row": -1, "mot": -1, "pie": -1, "uto": -1, "uwr": -1 }, "geometry": { "type": "Point", "coordinates": [ 19.577861, 51.32125 ] } },
{ "type": "Feature", "properties": { "ID": 109346999, "yr": 2020, "dt": "2020-08-14T14:25:00", "WOJ": 10, "sev": 1, "c": [ 255, 255, 0, 160 ], "dmg": 1, "sli": 1, "ser": 0, "fat": 0, "row": -1, "mot": -1, "pie": -1, "uto": -1, "uwr": -1 }, "geometry": { "type": "Point", "coordinates": [ 18.934417, 51.890028 ] } },
{ "type": "Feature", "properties": { "ID": 109347630, "yr": 2020, "dt": "2020-08-15T00:07:00", "WOJ": 10, "sev": 1, "c": [ 255, 255, 0, 160 ], "dmg": 0, "sli": 1, "ser": 0, "fat": 0, "row": 1, "mot": -1, "pie": -1, "uto": -1, "uwr": -1 }, "geometry": { "type": "Point", "coordinates": [ 19.443694, 51.779917 ] } },
{ "type": "Feature", "properties": { "ID": 109347719, "yr": 2020, "dt": "2020-08-15T06:09:00", "WOJ": 10, "sev": 1, "c": [ 255, 255, 0, 160 ], "dmg": 0, "sli": 1, "ser": 0, "fat": 0, "row": -1, "mot": -1, "pie": -1, "uto": -1, "uwr": -1 }, "geometry": { "type": "Point", "coordinates": [ 19.626417, 51.732333 ] } },
{ "type": "Feature", "properties": { "ID": 109348087, "yr": 2020, "dt": "2020-08-15T20:05:00", "WOJ": 10, "sev": 1, "c": [ 255, 255, 0, 160 ], "dmg": 0, "sli": 1, "ser": 0, "fat": 0, "row": -1, "mot": -1, "pie": -1, "uto": -1, "uwr": -1 }, "geometry": { "type": "Point", "coordinates": [ 19.459333, 51.7555 ] } },
{ "type": "Feature", "properties": { "ID": 109347687, "yr": 2020, "dt": "2020-08-15T00:07:00", "WOJ": 10, "sev": 1, "c": [ 255, 255, 0, 160 ], "dmg": 2, "sli": 1, "ser": 0, "fat": 0, "row": -1, "mot": -1, "pie": -1, "uto": -1, "uwr": -1 }, "geometry": { "type": "Point", "coordinates": [ 19.441667, 51.764194 ] } },
{ "type": "Feature", "properties": { "ID": 109350071, "yr": 2020, "dt": "2020-08-15T13:20:00", "WOJ": 10, "sev": 1, "c": [ 255, 255, 0, 160 ], "dmg": 0, "sli": 1, "ser": 0, "fat": 0, "row": -1, "mot": -1, "pie": -1, "uto": -1, "uwr": -1 }, "geometry": { "type": "Point", "coordinates": [ 19.467639, 51.784528 ] } },
{ "type": "Feature", "properties": { "ID": 109348596, "yr": 2020, "dt": "2020-08-15T17:51:00", "WOJ": 10, "sev": 1, "c": [ 255, 255, 0, 160 ], "dmg": 2, "sli": 1, "ser": 0, "fat": 0, "row": -1, "mot": -1, "pie": -1, "uto": -1, "uwr": -1 }, "geometry": { "type": "Point", "coordinates": [ 20.129167, 51.90575 ] } },
{ "type": "Feature", "properties": { "ID": 109347665, "yr": 2020, "dt": "2020-08-15T00:35:00", "WOJ": 10, "sev": 1, "c": [ 255, 255, 0, 160 ], "dmg": 1, "sli": 1, "ser": 0, "fat": 0, "row": -1, "mot": -1, "pie": -1, "uto": -1, "uwr": -1 }, "geometry": { "type": "Point", "coordinates": [ 20.199278, 51.684889 ] } },
{ "type": "Feature", "properties": { "ID": 109347979, "yr": 2020, "dt": "2020-08-15T13:30:00", "WOJ": 10, "sev": 1, "c": [ 255, 255, 0, 160 ], "dmg": 2, "sli": 6, "ser": 0, "fat": 0, "row": -1, "mot": -1, "pie": -1, "uto": -1, "uwr": -1 }, "geometry": { "type": "Point", "coordinates": [ 19.890194, 51.465 ] } },
{ "type": "Feature", "properties": { "ID": 109347721, "yr": 2020, "dt": "2020-08-15T06:55:00", "WOJ": 10, "sev": 1, "c": [ 255, 255, 0, 160 ], "dmg": 1, "sli": 1, "ser": 0, "fat": 0, "row": -1, "mot": -1, "pie": -1, "uto": -1, "uwr": -1 }, "geometry": { "type": "Point", "coordinates": [ 19.507722, 51.763222 ] } },
{ "type": "Feature", "properties": { "ID": 109347722, "yr": 2020, "dt": "2020-08-15T06:19:00", "WOJ": 10, "sev": 1, "c": [ 255, 255, 0, 160 ], "dmg": 0, "sli": 1, "ser": 0, "fat": 0, "row": -1, "mot": -1, "pie": -1, "uto": -1, "uwr": -1 }, "geometry": { "type": "Point", "coordinates": [ 19.426806, 51.76025 ] } },
{ "type": "Feature", "properties": { "ID": 109346098, "yr": 2020, "dt": "2020-08-15T14:05:00", "WOJ": 10, "sev": 1, "c": [ 255, 255, 0, 160 ], "dmg": 1, "sli": 1, "ser": 0, "fat": 0, "row": -1, "mot": 1, "pie": -1, "uto": -1, "uwr": -1 }, "geometry": { "type": "Point", "coordinates": [ 19.314667, 51.209694 ] } },
{ "type": "Feature", "properties": { "ID": 109348121, "yr": 2020, "dt": "2020-08-15T13:40:00", "WOJ": 10, "sev": 1, "c": [ 255, 255, 0, 160 ], "dmg": 0, "sli": 1, "ser": 0, "fat": 0, "row": -1, "mot": -1, "pie": -1, "uto": -1, "uwr": -1 }, "geometry": { "type": "Point", "coordinates": [ 19.3945, 52.320111 ] } },
{ "type": "Feature", "properties": { "ID": 109350878, "yr": 2020, "dt": "2020-08-16T22:00:00", "WOJ": 10, "sev": 1, "c": [ 255, 255, 0, 160 ], "dmg": 1, "sli": 1, "ser": 0, "fat": 0, "row": -1, "mot": -1, "pie": 1, "uto": -1, "uwr": -1 }, "geometry": { "type": "Point", "coordinates": [ 18.954639, 51.8985 ] } },
{ "type": "Feature", "properties": { "ID": 109350147, "yr": 2020, "dt": "2020-08-16T03:15:00", "WOJ": 10, "sev": 1, "c": [ 255, 255, 0, 160 ], "dmg": 0, "sli": 1, "ser": 0, "fat": 0, "row": 1, "mot": -1, "pie": -1, "uto": -1, "uwr": -1 }, "geometry": { "type": "Point", "coordinates": [ 19.391667, 51.853333 ] } },
{ "type": "Feature", "properties": { "ID": 109348668, "yr": 2020, "dt": "2020-08-16T04:40:00", "WOJ": 10, "sev": 1, "c": [ 255, 255, 0, 160 ], "dmg": 0, "sli": 1, "ser": 0, "fat": 0, "row": -1, "mot": -1, "pie": -1, "uto": -1, "uwr": -1 }, "geometry": { "type": "Point", "coordinates": [ 19.9945, 51.543972 ] } },
{ "type": "Feature", "properties": { "ID": 109349584, "yr": 2020, "dt": "2020-08-16T05:30:00", "WOJ": 10, "sev": 1, "c": [ 255, 255, 0, 160 ], "dmg": 0, "sli": 3, "ser": 0, "fat": 0, "row": -1, "mot": -1, "pie": -1, "uto": -1, "uwr": -1 }, "geometry": { "type": "Point", "coordinates": [ 19.642639, 51.44275 ] } },
{ "type": "Feature", "properties": { "ID": 109348427, "yr": 2020, "dt": "2020-08-16T13:44:00", "WOJ": 10, "sev": 1, "c": [ 255, 255, 0, 160 ], "dmg": 1, "sli": 1, "ser": 0, "fat": 0, "row": -1, "mot": -1, "pie": -1, "uto": -1, "uwr": -1 }, "geometry": { "type": "Point", "coordinates": [ 19.594611, 51.703222 ] } },
{ "type": "Feature", "properties": { "ID": 109351004, "yr": 2020, "dt": "2020-08-16T07:10:00", "WOJ": 10, "sev": 1, "c": [ 255, 255, 0, 160 ], "dmg": 0, "sli": 1, "ser": 0, "fat": 0, "row": -1, "mot": -1, "pie": -1, "uto": -1, "uwr": -1 }, "geometry": { "type": "Point", "coordinates": [ 20.012611, 51.542917 ] } },
{ "type": "Feature", "properties": { "ID": 109349992, "yr": 2020, "dt": "2020-08-16T22:35:00", "WOJ": 10, "sev": 1, "c": [ 255, 255, 0, 160 ], "dmg": 1, "sli": 2, "ser": 0, "fat": 0, "row": -1, "mot": -1, "pie": -1, "uto": -1, "uwr": -1 }, "geometry": { "type": "Point", "coordinates": [ 19.571944, 51.869806 ] } },
{ "type": "Feature", "properties": { "ID": 109350135, "yr": 2020, "dt": "2020-08-16T07:38:00", "WOJ": 10, "sev": 1, "c": [ 255, 255, 0, 160 ], "dmg": 0, "sli": 1, "ser": 0, "fat": 0, "row": 1, "mot": -1, "pie": -1, "uto": -1, "uwr": -1 }, "geometry": { "type": "Point", "coordinates": [ 19.476694, 51.763889 ] } },
{ "type": "Feature", "properties": { "ID": 109348338, "yr": 2020, "dt": "2020-08-16T11:18:00", "WOJ": 10, "sev": 1, "c": [ 255, 255, 0, 160 ], "dmg": 1, "sli": 1, "ser": 0, "fat": 0, "row": -1, "mot": -1, "pie": -1, "uto": -1, "uwr": -1 }, "geometry": { "type": "Point", "coordinates": [ 19.524528, 51.734778 ] } },
{ "type": "Feature", "properties": { "ID": 109349792, "yr": 2020, "dt": "2020-08-16T16:20:00", "WOJ": 10, "sev": 1, "c": [ 255, 255, 0, 160 ], "dmg": 2, "sli": 2, "ser": 0, "fat": 0, "row": -1, "mot": -1, "pie": -1, "uto": -1, "uwr": -1 }, "geometry": { "type": "Point", "coordinates": [ 20.032833, 51.710889 ] } },
{ "type": "Feature", "properties": { "ID": 109350477, "yr": 2020, "dt": "2020-08-17T16:05:00", "WOJ": 10, "sev": 1, "c": [ 255, 255, 0, 160 ], "dmg": 2, "sli": 3, "ser": 0, "fat": 0, "row": -1, "mot": -1, "pie": -1, "uto": -1, "uwr": -1 }, "geometry": { "type": "Point", "coordinates": [ 19.286472, 51.418167 ] } },
{ "type": "Feature", "properties": { "ID": 109350976, "yr": 2020, "dt": "2020-08-17T01:14:00", "WOJ": 10, "sev": 1, "c": [ 255, 255, 0, 160 ], "dmg": 0, "sli": 2, "ser": 0, "fat": 0, "row": -1, "mot": -1, "pie": -1, "uto": -1, "uwr": -1 }, "geometry": { "type": "Point", "coordinates": [ 20.009778, 51.338389 ] } },
{ "type": "Feature", "properties": { "ID": 109350205, "yr": 2020, "dt": "2020-08-17T12:41:00", "WOJ": 10, "sev": 1, "c": [ 255, 255, 0, 160 ], "dmg": 1, "sli": 1, "ser": 0, "fat": 0, "row": -1, "mot": -1, "pie": -1, "uto": -1, "uwr": -1 }, "geometry": { "type": "Point", "coordinates": [ 19.379389, 51.805778 ] } },
{ "type": "Feature", "properties": { "ID": 109353655, "yr": 2020, "dt": "2020-08-18T12:00:00", "WOJ": 10, "sev": 1, "c": [ 255, 255, 0, 160 ], "dmg": 1, "sli": 1, "ser": 0, "fat": 0, "row": 1, "mot": -1, "pie": -1, "uto": -1, "uwr": -1 }, "geometry": { "type": "Point", "coordinates": [ 20.013667, 51.545361 ] } },
{ "type": "Feature", "properties": { "ID": 109354584, "yr": 2020, "dt": "2020-08-18T20:15:00", "WOJ": 10, "sev": 1, "c": [ 255, 255, 0, 160 ], "dmg": 1, "sli": 1, "ser": 0, "fat": 0, "row": -1, "mot": -1, "pie": 1, "uto": -1, "uwr": -1 }, "geometry": { "type": "Point", "coordinates": [ 20.012806, 51.544944 ] } },
{ "type": "Feature", "properties": { "ID": 109355451, "yr": 2020, "dt": "2020-08-19T11:25:00", "WOJ": 10, "sev": 1, "c": [ 255, 255, 0, 160 ], "dmg": 2, "sli": 1, "ser": 0, "fat": 0, "row": -1, "mot": -1, "pie": -1, "uto": -1, "uwr": -1 }, "geometry": { "type": "Point", "coordinates": [ 19.625278, 52.235889 ] } },
{ "type": "Feature", "properties": { "ID": 109356593, "yr": 2020, "dt": "2020-08-19T13:03:00", "WOJ": 10, "sev": 1, "c": [ 255, 255, 0, 160 ], "dmg": 1, "sli": 1, "ser": 0, "fat": 0, "row": -1, "mot": -1, "pie": -1, "uto": -1, "uwr": -1 }, "geometry": { "type": "Point", "coordinates": [ 19.493667, 51.643361 ] } },
{ "type": "Feature", "properties": { "ID": 109355433, "yr": 2020, "dt": "2020-08-19T11:16:00", "WOJ": 10, "sev": 1, "c": [ 255, 255, 0, 160 ], "dmg": 1, "sli": 1, "ser": 0, "fat": 0, "row": -1, "mot": -1, "pie": 1, "uto": -1, "uwr": -1 }, "geometry": { "type": "Point", "coordinates": [ 20.362167, 51.308028 ] } },
{ "type": "Feature", "properties": { "ID": 109356937, "yr": 2020, "dt": "2020-08-19T17:10:00", "WOJ": 10, "sev": 1, "c": [ 255, 255, 0, 160 ], "dmg": 1, "sli": 1, "ser": 0, "fat": 0, "row": -1, "mot": -1, "pie": 1, "uto": -1, "uwr": -1 }, "geometry": { "type": "Point", "coordinates": [ 19.415444, 51.750639 ] } },
{ "type": "Feature", "properties": { "ID": 109357459, "yr": 2020, "dt": "2020-08-19T15:15:00", "WOJ": 10, "sev": 1, "c": [ 255, 255, 0, 160 ], "dmg": 2, "sli": 1, "ser": 0, "fat": 0, "row": -1, "mot": -1, "pie": -1, "uto": -1, "uwr": -1 }, "geometry": { "type": "Point", "coordinates": [ 18.705583, 51.549611 ] } },
{ "type": "Feature", "properties": { "ID": 109357866, "yr": 2020, "dt": "2020-08-20T15:08:00", "WOJ": 10, "sev": 1, "c": [ 255, 255, 0, 160 ], "dmg": 3, "sli": 1, "ser": 0, "fat": 0, "row": -1, "mot": -1, "pie": -1, "uto": -1, "uwr": -1 }, "geometry": { "type": "Point", "coordinates": [ 19.450778, 51.799417 ] } },
{ "type": "Feature", "properties": { "ID": 109358141, "yr": 2020, "dt": "2020-08-20T18:33:00", "WOJ": 10, "sev": 1, "c": [ 255, 255, 0, 160 ], "dmg": 1, "sli": 1, "ser": 0, "fat": 0, "row": -1, "mot": -1, "pie": -1, "uto": -1, "uwr": -1 }, "geometry": { "type": "Point", "coordinates": [ 19.500583, 51.762917 ] } },
{ "type": "Feature", "properties": { "ID": 109357959, "yr": 2020, "dt": "2020-08-20T16:05:00", "WOJ": 10, "sev": 1, "c": [ 255, 255, 0, 160 ], "dmg": 2, "sli": 1, "ser": 0, "fat": 0, "row": -1, "mot": -1, "pie": -1, "uto": -1, "uwr": -1 }, "geometry": { "type": "Point", "coordinates": [ 19.429028, 51.710694 ] } },
{ "type": "Feature", "properties": { "ID": 109358273, "yr": 2020, "dt": "2020-08-20T16:00:00", "WOJ": 10, "sev": 1, "c": [ 255, 255, 0, 160 ], "dmg": 1, "sli": 1, "ser": 0, "fat": 0, "row": 1, "mot": -1, "pie": -1, "uto": -1, "uwr": -1 }, "geometry": { "type": "Point", "coordinates": [ 20.030528, 51.480278 ] } },
{ "type": "Feature", "properties": { "ID": 109358875, "yr": 2020, "dt": "2020-08-20T15:50:00", "WOJ": 10, "sev": 1, "c": [ 255, 255, 0, 160 ], "dmg": 1, "sli": 1, "ser": 0, "fat": 0, "row": 1, "mot": -1, "pie": -1, "uto": -1, "uwr": -1 }, "geometry": { "type": "Point", "coordinates": [ 19.44075, 51.768611 ] } },
{ "type": "Feature", "properties": { "ID": 109357934, "yr": 2020, "dt": "2020-08-20T09:50:00", "WOJ": 10, "sev": 1, "c": [ 255, 255, 0, 160 ], "dmg": 1, "sli": 1, "ser": 0, "fat": 0, "row": -1, "mot": -1, "pie": 1, "uto": -1, "uwr": -1 }, "geometry": { "type": "Point", "coordinates": [ 19.678278, 51.414583 ] } },
{ "type": "Feature", "properties": { "ID": 109356160, "yr": 2020, "dt": "2020-08-20T22:15:00", "WOJ": 10, "sev": 1, "c": [ 255, 255, 0, 160 ], "dmg": 1, "sli": 1, "ser": 0, "fat": 0, "row": -1, "mot": -1, "pie": -1, "uto": -1, "uwr": -1 }, "geometry": { "type": "Point", "coordinates": [ 19.739083, 51.585556 ] } },
{ "type": "Feature", "properties": { "ID": 109355774, "yr": 2020, "dt": "2020-08-20T08:45:00", "WOJ": 10, "sev": 1, "c": [ 255, 255, 0, 160 ], "dmg": 2, "sli": 1, "ser": 0, "fat": 0, "row": -1, "mot": -1, "pie": -1, "uto": -1, "uwr": -1 }, "geometry": { "type": "Point", "coordinates": [ 19.130139, 51.861583 ] } },
{ "type": "Feature", "properties": { "ID": 109358510, "yr": 2020, "dt": "2020-08-21T10:42:00", "WOJ": 10, "sev": 1, "c": [ 255, 255, 0, 160 ], "dmg": 0, "sli": 1, "ser": 0, "fat": 0, "row": 1, "mot": -1, "pie": -1, "uto": -1, "uwr": -1 }, "geometry": { "type": "Point", "coordinates": [ 19.462, 51.776972 ] } },
{ "type": "Feature", "properties": { "ID": 109358487, "yr": 2020, "dt": "2020-08-21T07:15:00", "WOJ": 10, "sev": 1, "c": [ 255, 255, 0, 160 ], "dmg": 1, "sli": 1, "ser": 0, "fat": 0, "row": -1, "mot": -1, "pie": 1, "uto": -1, "uwr": -1 }, "geometry": { "type": "Point", "coordinates": [ 20.275361, 51.378111 ] } },
{ "type": "Feature", "properties": { "ID": 109359364, "yr": 2020, "dt": "2020-08-21T16:15:00", "WOJ": 10, "sev": 1, "c": [ 255, 255, 0, 160 ], "dmg": 2, "sli": 2, "ser": 0, "fat": 0, "row": -1, "mot": -1, "pie": -1, "uto": -1, "uwr": -1 }, "geometry": { "type": "Point", "coordinates": [ 19.865917, 51.268056 ] } },
{ "type": "Feature", "properties": { "ID": 109359666, "yr": 2020, "dt": "2020-08-21T15:40:00", "WOJ": 10, "sev": 1, "c": [ 255, 255, 0, 160 ], "dmg": 1, "sli": 1, "ser": 0, "fat": 0, "row": -1, "mot": -1, "pie": -1, "uto": -1, "uwr": -1 }, "geometry": { "type": "Point", "coordinates": [ 20.395389, 51.752417 ] } },
{ "type": "Feature", "properties": { "ID": 109360302, "yr": 2020, "dt": "2020-08-22T19:15:00", "WOJ": 10, "sev": 1, "c": [ 255, 255, 0, 160 ], "dmg": 0, "sli": 2, "ser": 0, "fat": 0, "row": -1, "mot": -1, "pie": -1, "uto": -1, "uwr": -1 }, "geometry": { "type": "Point", "coordinates": [ 20.040167, 51.402917 ] } },
{ "type": "Feature", "properties": { "ID": 109360272, "yr": 2020, "dt": "2020-08-22T16:40:00", "WOJ": 10, "sev": 1, "c": [ 255, 255, 0, 160 ], "dmg": 1, "sli": 1, "ser": 0, "fat": 0, "row": -1, "mot": -1, "pie": -1, "uto": -1, "uwr": -1 }, "geometry": { "type": "Point", "coordinates": [ 19.864028, 51.360861 ] } },
{ "type": "Feature", "properties": { "ID": 109359525, "yr": 2020, "dt": "2020-08-22T02:50:00", "WOJ": 10, "sev": 1, "c": [ 255, 255, 0, 160 ], "dmg": 0, "sli": 1, "ser": 0, "fat": 0, "row": 1, "mot": -1, "pie": -1, "uto": -1, "uwr": -1 }, "geometry": { "type": "Point", "coordinates": [ 19.460889, 51.748472 ] } },
{ "type": "Feature", "properties": { "ID": 109360593, "yr": 2020, "dt": "2020-08-22T06:48:00", "WOJ": 10, "sev": 1, "c": [ 255, 255, 0, 160 ], "dmg": 1, "sli": 1, "ser": 0, "fat": 0, "row": -1, "mot": -1, "pie": -1, "uto": -1, "uwr": -1 }, "geometry": { "type": "Point", "coordinates": [ 19.674, 51.727556 ] } },
{ "type": "Feature", "properties": { "ID": 109362070, "yr": 2020, "dt": "2020-08-23T18:30:00", "WOJ": 10, "sev": 1, "c": [ 255, 255, 0, 160 ], "dmg": 1, "sli": 1, "ser": 0, "fat": 0, "row": 1, "mot": -1, "pie": -1, "uto": -1, "uwr": -1 }, "geometry": { "type": "Point", "coordinates": [ 19.408833, 51.850556 ] } },
{ "type": "Feature", "properties": { "ID": 109362575, "yr": 2020, "dt": "2020-08-23T15:53:00", "WOJ": 10, "sev": 1, "c": [ 255, 255, 0, 160 ], "dmg": 1, "sli": 1, "ser": 0, "fat": 0, "row": 1, "mot": -1, "pie": -1, "uto": -1, "uwr": -1 }, "geometry": { "type": "Point", "coordinates": [ 18.660056, 51.650444 ] } },
{ "type": "Feature", "properties": { "ID": 109361757, "yr": 2020, "dt": "2020-08-23T11:00:00", "WOJ": 10, "sev": 1, "c": [ 255, 255, 0, 160 ], "dmg": 1, "sli": 1, "ser": 0, "fat": 0, "row": -1, "mot": -1, "pie": -1, "uto": -1, "uwr": -1 }, "geometry": { "type": "Point", "coordinates": [ 19.450833, 51.997694 ] } },
{ "type": "Feature", "properties": { "ID": 109363114, "yr": 2020, "dt": "2020-08-24T16:43:00", "WOJ": 10, "sev": 1, "c": [ 255, 255, 0, 160 ], "dmg": 1, "sli": 1, "ser": 0, "fat": 0, "row": -1, "mot": -1, "pie": 1, "uto": -1, "uwr": -1 }, "geometry": { "type": "Point", "coordinates": [ 19.43925, 51.7 ] } },
{ "type": "Feature", "properties": { "ID": 109363247, "yr": 2020, "dt": "2020-08-24T13:55:00", "WOJ": 10, "sev": 1, "c": [ 255, 255, 0, 160 ], "dmg": 1, "sli": 1, "ser": 0, "fat": 0, "row": -1, "mot": 1, "pie": -1, "uto": -1, "uwr": -1 }, "geometry": { "type": "Point", "coordinates": [ 19.26925, 51.823472 ] } },
{ "type": "Feature", "properties": { "ID": 109366475, "yr": 2020, "dt": "2020-08-24T15:13:00", "WOJ": 10, "sev": 1, "c": [ 255, 255, 0, 160 ], "dmg": 1, "sli": 1, "ser": 0, "fat": 0, "row": -1, "mot": -1, "pie": -1, "uto": -1, "uwr": -1 }, "geometry": { "type": "Point", "coordinates": [ 19.441722, 51.066833 ] } },
{ "type": "Feature", "properties": { "ID": 109365637, "yr": 2020, "dt": "2020-08-25T13:09:00", "WOJ": 10, "sev": 1, "c": [ 255, 255, 0, 160 ], "dmg": 1, "sli": 1, "ser": 0, "fat": 0, "row": -1, "mot": -1, "pie": -1, "uto": -1, "uwr": -1 }, "geometry": { "type": "Point", "coordinates": [ 19.450889, 51.781889 ] } },
{ "type": "Feature", "properties": { "ID": 109365095, "yr": 2020, "dt": "2020-08-25T16:40:00", "WOJ": 10, "sev": 1, "c": [ 255, 255, 0, 160 ], "dmg": 1, "sli": 1, "ser": 0, "fat": 0, "row": 1, "mot": -1, "pie": -1, "uto": -1, "uwr": -1 }, "geometry": { "type": "Point", "coordinates": [ 19.71425, 51.503083 ] } },
{ "type": "Feature", "properties": { "ID": 109366107, "yr": 2020, "dt": "2020-08-25T18:38:00", "WOJ": 10, "sev": 1, "c": [ 255, 255, 0, 160 ], "dmg": 1, "sli": 2, "ser": 0, "fat": 0, "row": -1, "mot": -1, "pie": 1, "uto": -1, "uwr": -1 }, "geometry": { "type": "Point", "coordinates": [ 20.147278, 51.970694 ] } },
{ "type": "Feature", "properties": { "ID": 109367107, "yr": 2020, "dt": "2020-08-26T16:15:00", "WOJ": 10, "sev": 1, "c": [ 255, 255, 0, 160 ], "dmg": 2, "sli": 2, "ser": 0, "fat": 0, "row": -1, "mot": -1, "pie": -1, "uto": -1, "uwr": -1 }, "geometry": { "type": "Point", "coordinates": [ 19.384167, 52.210694 ] } },
{ "type": "Feature", "properties": { "ID": 109367024, "yr": 2020, "dt": "2020-08-26T14:20:00", "WOJ": 10, "sev": 1, "c": [ 255, 255, 0, 160 ], "dmg": 1, "sli": 1, "ser": 0, "fat": 0, "row": -1, "mot": -1, "pie": -1, "uto": -1, "uwr": -1 }, "geometry": { "type": "Point", "coordinates": [ 18.493528, 51.641944 ] } },
{ "type": "Feature", "properties": { "ID": 109367271, "yr": 2020, "dt": "2020-08-26T18:40:00", "WOJ": 10, "sev": 1, "c": [ 255, 255, 0, 160 ], "dmg": 1, "sli": 1, "ser": 0, "fat": 0, "row": 1, "mot": -1, "pie": -1, "uto": -1, "uwr": -1 }, "geometry": { "type": "Point", "coordinates": [ 19.948472, 51.581639 ] } },
{ "type": "Feature", "properties": { "ID": 109368653, "yr": 2020, "dt": "2020-08-27T08:26:00", "WOJ": 10, "sev": 1, "c": [ 255, 255, 0, 160 ], "dmg": 1, "sli": 1, "ser": 0, "fat": 0, "row": -1, "mot": -1, "pie": -1, "uto": -1, "uwr": -1 }, "geometry": { "type": "Point", "coordinates": [ 19.646917, 51.722611 ] } },
{ "type": "Feature", "properties": { "ID": 109367908, "yr": 2020, "dt": "2020-08-27T10:17:00", "WOJ": 10, "sev": 1, "c": [ 255, 255, 0, 160 ], "dmg": 1, "sli": 1, "ser": 0, "fat": 0, "row": 1, "mot": -1, "pie": -1, "uto": -1, "uwr": -1 }, "geometry": { "type": "Point", "coordinates": [ 19.459778, 50.971472 ] } },
{ "type": "Feature", "properties": { "ID": 109368237, "yr": 2020, "dt": "2020-08-27T19:10:00", "WOJ": 10, "sev": 1, "c": [ 255, 255, 0, 160 ], "dmg": 1, "sli": 1, "ser": 0, "fat": 0, "row": -1, "mot": -1, "pie": -1, "uto": -1, "uwr": -1 }, "geometry": { "type": "Point", "coordinates": [ 18.994306, 51.207611 ] } },
{ "type": "Feature", "properties": { "ID": 109367416, "yr": 2020, "dt": "2020-08-27T05:43:00", "WOJ": 10, "sev": 1, "c": [ 255, 255, 0, 160 ], "dmg": 1, "sli": 1, "ser": 0, "fat": 0, "row": -1, "mot": -1, "pie": -1, "uto": -1, "uwr": -1 }, "geometry": { "type": "Point", "coordinates": [ 19.552778, 51.755444 ] } },
{ "type": "Feature", "properties": { "ID": 109370955, "yr": 2020, "dt": "2020-08-28T19:20:00", "WOJ": 10, "sev": 1, "c": [ 255, 255, 0, 160 ], "dmg": 1, "sli": 1, "ser": 0, "fat": 0, "row": -1, "mot": 1, "pie": -1, "uto": -1, "uwr": -1 }, "geometry": { "type": "Point", "coordinates": [ 19.765417, 51.38975 ] } },
{ "type": "Feature", "properties": { "ID": 109369544, "yr": 2020, "dt": "2020-08-28T06:45:00", "WOJ": 10, "sev": 1, "c": [ 255, 255, 0, 160 ], "dmg": 1, "sli": 1, "ser": 0, "fat": 0, "row": 1, "mot": -1, "pie": -1, "uto": -1, "uwr": -1 }, "geometry": { "type": "Point", "coordinates": [ 19.824556, 51.505417 ] } },
{ "type": "Feature", "properties": { "ID": 109370996, "yr": 2020, "dt": "2020-08-28T18:10:00", "WOJ": 10, "sev": 1, "c": [ 255, 255, 0, 160 ], "dmg": 2, "sli": 1, "ser": 0, "fat": 0, "row": -1, "mot": -1, "pie": -1, "uto": -1, "uwr": -1 }, "geometry": { "type": "Point", "coordinates": [ 19.3725, 52.224333 ] } },
{ "type": "Feature", "properties": { "ID": 109370231, "yr": 2020, "dt": "2020-08-28T15:00:00", "WOJ": 10, "sev": 1, "c": [ 255, 255, 0, 160 ], "dmg": 1, "sli": 1, "ser": 0, "fat": 0, "row": -1, "mot": 1, "pie": -1, "uto": -1, "uwr": -1 }, "geometry": { "type": "Point", "coordinates": [ 19.518611, 51.901944 ] } },
{ "type": "Feature", "properties": { "ID": 109370921, "yr": 2020, "dt": "2020-08-28T14:52:00", "WOJ": 10, "sev": 1, "c": [ 255, 255, 0, 160 ], "dmg": 1, "sli": 1, "ser": 0, "fat": 0, "row": -1, "mot": -1, "pie": -1, "uto": -1, "uwr": -1 }, "geometry": { "type": "Point", "coordinates": [ 19.759139, 51.796556 ] } },
{ "type": "Feature", "properties": { "ID": 109370479, "yr": 2020, "dt": "2020-08-29T08:47:00", "WOJ": 10, "sev": 1, "c": [ 255, 255, 0, 160 ], "dmg": 1, "sli": 1, "ser": 0, "fat": 0, "row": -1, "mot": -1, "pie": 1, "uto": -1, "uwr": -1 }, "geometry": { "type": "Point", "coordinates": [ 20.292056, 51.596444 ] } },
{ "type": "Feature", "properties": { "ID": 109371843, "yr": 2020, "dt": "2020-08-29T12:20:00", "WOJ": 10, "sev": 1, "c": [ 255, 255, 0, 160 ], "dmg": 0, "sli": 2, "ser": 0, "fat": 0, "row": -1, "mot": -1, "pie": -1, "uto": -1, "uwr": -1 }, "geometry": { "type": "Point", "coordinates": [ 19.884028, 51.359056 ] } },
{ "type": "Feature", "properties": { "ID": 109371787, "yr": 2020, "dt": "2020-08-29T11:40:00", "WOJ": 10, "sev": 1, "c": [ 255, 255, 0, 160 ], "dmg": 0, "sli": 2, "ser": 0, "fat": 0, "row": -1, "mot": -1, "pie": -1, "uto": -1, "uwr": -1 }, "geometry": { "type": "Point", "coordinates": [ 19.335972, 51.03425 ] } },
{ "type": "Feature", "properties": { "ID": 109371595, "yr": 2020, "dt": "2020-08-29T05:40:00", "WOJ": 10, "sev": 1, "c": [ 255, 255, 0, 160 ], "dmg": 2, "sli": 1, "ser": 0, "fat": 0, "row": -1, "mot": -1, "pie": -1, "uto": -1, "uwr": -1 }, "geometry": { "type": "Point", "coordinates": [ 19.467139, 52.219306 ] } },
{ "type": "Feature", "properties": { "ID": 109371528, "yr": 2020, "dt": "2020-08-29T21:18:00", "WOJ": 10, "sev": 1, "c": [ 255, 255, 0, 160 ], "dmg": 0, "sli": 1, "ser": 0, "fat": 0, "row": -1, "mot": -1, "pie": -1, "uto": -1, "uwr": -1 }, "geometry": { "type": "Point", "coordinates": [ 19.607667, 51.713056 ] } },
{ "type": "Feature", "properties": { "ID": 109371323, "yr": 2020, "dt": "2020-08-29T08:51:00", "WOJ": 10, "sev": 1, "c": [ 255, 255, 0, 160 ], "dmg": 1, "sli": 1, "ser": 0, "fat": 0, "row": -1, "mot": -1, "pie": 1, "uto": -1, "uwr": -1 }, "geometry": { "type": "Point", "coordinates": [ 19.638361, 51.726083 ] } },
{ "type": "Feature", "properties": { "ID": 109370417, "yr": 2020, "dt": "2020-08-29T04:37:00", "WOJ": 10, "sev": 1, "c": [ 255, 255, 0, 160 ], "dmg": 1, "sli": 1, "ser": 0, "fat": 0, "row": -1, "mot": -1, "pie": 1, "uto": -1, "uwr": -1 }, "geometry": { "type": "Point", "coordinates": [ 19.762389, 51.800111 ] } },
{ "type": "Feature", "properties": { "ID": 109372206, "yr": 2020, "dt": "2020-08-30T05:50:00", "WOJ": 10, "sev": 1, "c": [ 255, 255, 0, 160 ], "dmg": 0, "sli": 1, "ser": 0, "fat": 0, "row": -1, "mot": -1, "pie": -1, "uto": -1, "uwr": -1 }, "geometry": { "type": "Point", "coordinates": [ 19.151667, 51.183333 ] } },
{ "type": "Feature", "properties": { "ID": 109374639, "yr": 2020, "dt": "2020-08-31T14:10:00", "WOJ": 10, "sev": 1, "c": [ 255, 255, 0, 160 ], "dmg": 1, "sli": 1, "ser": 0, "fat": 0, "row": -1, "mot": -1, "pie": -1, "uto": -1, "uwr": -1 }, "geometry": { "type": "Point", "coordinates": [ 18.933972, 51.592861 ] } },
{ "type": "Feature", "properties": { "ID": 109375834, "yr": 2020, "dt": "2020-08-31T20:40:00", "WOJ": 10, "sev": 1, "c": [ 255, 255, 0, 160 ], "dmg": 1, "sli": 1, "ser": 0, "fat": 0, "row": -1, "mot": -1, "pie": -1, "uto": -1, "uwr": -1 }, "geometry": { "type": "Point", "coordinates": [ 19.459861, 52.220222 ] } },
{ "type": "Feature", "properties": { "ID": 109373475, "yr": 2020, "dt": "2020-08-31T13:50:00", "WOJ": 10, "sev": 1, "c": [ 255, 255, 0, 160 ], "dmg": 1, "sli": 1, "ser": 0, "fat": 0, "row": -1, "mot": -1, "pie": -1, "uto": -1, "uwr": -1 }, "geometry": { "type": "Point", "coordinates": [ 19.167, 52.255861 ] } },
{ "type": "Feature", "properties": { "ID": 109373139, "yr": 2020, "dt": "2020-08-31T05:05:00", "WOJ": 10, "sev": 1, "c": [ 255, 255, 0, 160 ], "dmg": 1, "sli": 1, "ser": 0, "fat": 0, "row": -1, "mot": -1, "pie": -1, "uto": -1, "uwr": -1 }, "geometry": { "type": "Point", "coordinates": [ 20.158, 51.435194 ] } },
{ "type": "Feature", "properties": { "ID": 109373565, "yr": 2020, "dt": "2020-08-31T13:00:00", "WOJ": 10, "sev": 1, "c": [ 255, 255, 0, 160 ], "dmg": 1, "sli": 1, "ser": 0, "fat": 0, "row": -1, "mot": -1, "pie": 1, "uto": -1, "uwr": -1 }, "geometry": { "type": "Point", "coordinates": [ 19.693944, 51.409917 ] } },
{ "type": "Feature", "properties": { "ID": 109373115, "yr": 2020, "dt": "2020-08-31T05:39:00", "WOJ": 10, "sev": 1, "c": [ 255, 255, 0, 160 ], "dmg": 0, "sli": 1, "ser": 0, "fat": 0, "row": -1, "mot": -1, "pie": -1, "uto": -1, "uwr": -1 }, "geometry": { "type": "Point", "coordinates": [ 20.222806, 51.941722 ] } },
{ "type": "Feature", "properties": { "ID": 109375793, "yr": 2020, "dt": "2020-08-31T15:40:00", "WOJ": 10, "sev": 1, "c": [ 255, 255, 0, 160 ], "dmg": 1, "sli": 1, "ser": 0, "fat": 0, "row": 1, "mot": -1, "pie": -1, "uto": -1, "uwr": -1 }, "geometry": { "type": "Point", "coordinates": [ 19.678361, 51.738833 ] } },
{ "type": "Feature", "properties": { "ID": 109374988, "yr": 2020, "dt": "2020-08-31T17:05:00", "WOJ": 10, "sev": 1, "c": [ 255, 255, 0, 160 ], "dmg": 2, "sli": 4, "ser": 0, "fat": 0, "row": -1, "mot": -1, "pie": -1, "uto": -1, "uwr": -1 }, "geometry": { "type": "Point", "coordinates": [ 19.336389, 51.968611 ] } },
{ "type": "Feature", "properties": { "ID": 109374915, "yr": 2020, "dt": "2020-08-31T18:45:00", "WOJ": 10, "sev": 1, "c": [ 255, 255, 0, 160 ], "dmg": 0, "sli": 1, "ser": 0, "fat": 0, "row": -1, "mot": -1, "pie": -1, "uto": -1, "uwr": -1 }, "geometry": { "type": "Point", "coordinates": [ 19.367528, 51.376722 ] } },
{ "type": "Feature", "properties": { "ID": 109376288, "yr": 2020, "dt": "2020-09-01T11:20:00", "WOJ": 10, "sev": 1, "c": [ 255, 255, 0, 160 ], "dmg": 2, "sli": 1, "ser": 0, "fat": 0, "row": -1, "mot": -1, "pie": -1, "uto": -1, "uwr": -1 }, "geometry": { "type": "Point", "coordinates": [ 19.712083, 51.500694 ] } },
{ "type": "Feature", "properties": { "ID": 109377709, "yr": 2020, "dt": "2020-09-01T15:40:00", "WOJ": 10, "sev": 1, "c": [ 255, 255, 0, 160 ], "dmg": 1, "sli": 1, "ser": 0, "fat": 0, "row": -1, "mot": -1, "pie": -1, "uto": -1, "uwr": -1 }, "geometry": { "type": "Point", "coordinates": [ 19.639194, 51.298306 ] } },
{ "type": "Feature", "properties": { "ID": 109377577, "yr": 2020, "dt": "2020-09-01T14:53:00", "WOJ": 10, "sev": 1, "c": [ 255, 255, 0, 160 ], "dmg": 1, "sli": 1, "ser": 0, "fat": 0, "row": -1, "mot": -1, "pie": 1, "uto": -1, "uwr": -1 }, "geometry": { "type": "Point", "coordinates": [ 19.372528, 51.364333 ] } },
{ "type": "Feature", "properties": { "ID": 109376098, "yr": 2020, "dt": "2020-09-01T09:07:00", "WOJ": 10, "sev": 1, "c": [ 255, 255, 0, 160 ], "dmg": 0, "sli": 2, "ser": 0, "fat": 0, "row": -1, "mot": -1, "pie": -1, "uto": -1, "uwr": -1 }, "geometry": { "type": "Point", "coordinates": [ 19.583889, 51.535472 ] } },
{ "type": "Feature", "properties": { "ID": 109378380, "yr": 2020, "dt": "2020-09-02T14:56:00", "WOJ": 10, "sev": 1, "c": [ 255, 255, 0, 160 ], "dmg": 1, "sli": 2, "ser": 0, "fat": 0, "row": -1, "mot": -1, "pie": -1, "uto": -1, "uwr": -1 }, "geometry": { "type": "Point", "coordinates": [ 19.450167, 51.784167 ] } },
{ "type": "Feature", "properties": { "ID": 109380463, "yr": 2020, "dt": "2020-09-02T15:15:00", "WOJ": 10, "sev": 1, "c": [ 255, 255, 0, 160 ], "dmg": 1, "sli": 1, "ser": 0, "fat": 0, "row": -1, "mot": -1, "pie": -1, "uto": -1, "uwr": -1 }, "geometry": { "type": "Point", "coordinates": [ 20.009639, 51.334306 ] } },
{ "type": "Feature", "properties": { "ID": 109379611, "yr": 2020, "dt": "2020-09-02T10:23:00", "WOJ": 10, "sev": 1, "c": [ 255, 255, 0, 160 ], "dmg": 1, "sli": 1, "ser": 0, "fat": 0, "row": -1, "mot": -1, "pie": -1, "uto": -1, "uwr": -1 }, "geometry": { "type": "Point", "coordinates": [ 19.46475, 51.734694 ] } },
{ "type": "Feature", "properties": { "ID": 109379669, "yr": 2020, "dt": "2020-09-02T07:30:00", "WOJ": 10, "sev": 1, "c": [ 255, 255, 0, 160 ], "dmg": 1, "sli": 1, "ser": 0, "fat": 0, "row": -1, "mot": -1, "pie": -1, "uto": -1, "uwr": -1 }, "geometry": { "type": "Point", "coordinates": [ 19.639083, 51.51075 ] } },
{ "type": "Feature", "properties": { "ID": 109380526, "yr": 2020, "dt": "2020-09-02T16:45:00", "WOJ": 10, "sev": 1, "c": [ 255, 255, 0, 160 ], "dmg": 1, "sli": 1, "ser": 0, "fat": 0, "row": 1, "mot": -1, "pie": -1, "uto": -1, "uwr": -1 }, "geometry": { "type": "Point", "coordinates": [ 19.1795, 52.055361 ] } },
{ "type": "Feature", "properties": { "ID": 109378094, "yr": 2020, "dt": "2020-09-02T02:00:00", "WOJ": 10, "sev": 1, "c": [ 255, 255, 0, 160 ], "dmg": 0, "sli": 1, "ser": 0, "fat": 0, "row": -1, "mot": -1, "pie": -1, "uto": -1, "uwr": -1 }, "geometry": { "type": "Point", "coordinates": [ 19.686528, 51.442417 ] } },
{ "type": "Feature", "properties": { "ID": 109379874, "yr": 2020, "dt": "2020-09-02T11:31:00", "WOJ": 10, "sev": 1, "c": [ 255, 255, 0, 160 ], "dmg": 1, "sli": 1, "ser": 0, "fat": 0, "row": -1, "mot": 1, "pie": -1, "uto": -1, "uwr": -1 }, "geometry": { "type": "Point", "coordinates": [ 19.719889, 51.919944 ] } },
{ "type": "Feature", "properties": { "ID": 109379935, "yr": 2020, "dt": "2020-09-02T15:25:00", "WOJ": 10, "sev": 1, "c": [ 255, 255, 0, 160 ], "dmg": 1, "sli": 2, "ser": 0, "fat": 0, "row": -1, "mot": -1, "pie": -1, "uto": -1, "uwr": -1 }, "geometry": { "type": "Point", "coordinates": [ 19.623778, 52.243833 ] } },
{ "type": "Feature", "properties": { "ID": 109378754, "yr": 2020, "dt": "2020-09-02T05:45:00", "WOJ": 10, "sev": 1, "c": [ 255, 255, 0, 160 ], "dmg": 1, "sli": 1, "ser": 0, "fat": 0, "row": -1, "mot": -1, "pie": 1, "uto": -1, "uwr": -1 }, "geometry": { "type": "Point", "coordinates": [ 20.034528, 51.532917 ] } },
{ "type": "Feature", "properties": { "ID": 109380351, "yr": 2020, "dt": "2020-09-02T15:50:00", "WOJ": 10, "sev": 1, "c": [ 255, 255, 0, 160 ], "dmg": 1, "sli": 1, "ser": 0, "fat": 0, "row": -1, "mot": -1, "pie": 1, "uto": -1, "uwr": -1 }, "geometry": { "type": "Point", "coordinates": [ 19.274306, 51.958222 ] } },
{ "type": "Feature", "properties": { "ID": 109379589, "yr": 2020, "dt": "2020-09-02T08:15:00", "WOJ": 10, "sev": 1, "c": [ 255, 255, 0, 160 ], "dmg": 0, "sli": 2, "ser": 0, "fat": 0, "row": -1, "mot": -1, "pie": -1, "uto": -1, "uwr": -1 }, "geometry": { "type": "Point", "coordinates": [ 20.173472, 51.909694 ] } },
{ "type": "Feature", "properties": { "ID": 109381286, "yr": 2020, "dt": "2020-09-03T12:34:00", "WOJ": 10, "sev": 1, "c": [ 255, 255, 0, 160 ], "dmg": 1, "sli": 1, "ser": 0, "fat": 0, "row": 1, "mot": -1, "pie": -1, "uto": -1, "uwr": -1 }, "geometry": { "type": "Point", "coordinates": [ 19.481306, 51.761083 ] } },
{ "type": "Feature", "properties": { "ID": 109383202, "yr": 2020, "dt": "2020-09-03T19:50:00", "WOJ": 10, "sev": 1, "c": [ 255, 255, 0, 160 ], "dmg": 1, "sli": 2, "ser": 0, "fat": 0, "row": -1, "mot": -1, "pie": -1, "uto": -1, "uwr": -1 }, "geometry": { "type": "Point", "coordinates": [ 19.355389, 51.360056 ] } },
{ "type": "Feature", "properties": { "ID": 109389690, "yr": 2020, "dt": "2020-09-03T08:20:00", "WOJ": 10, "sev": 1, "c": [ 255, 255, 0, 160 ], "dmg": 1, "sli": 1, "ser": 0, "fat": 0, "row": -1, "mot": 1, "pie": -1, "uto": -1, "uwr": -1 }, "geometry": { "type": "Point", "coordinates": [ 19.219194, 51.466722 ] } },
{ "type": "Feature", "properties": { "ID": 109382883, "yr": 2020, "dt": "2020-09-03T15:05:00", "WOJ": 10, "sev": 1, "c": [ 255, 255, 0, 160 ], "dmg": 0, "sli": 2, "ser": 0, "fat": 0, "row": -1, "mot": -1, "pie": -1, "uto": -1, "uwr": -1 }, "geometry": { "type": "Point", "coordinates": [ 19.296583, 51.350833 ] } },
{ "type": "Feature", "properties": { "ID": 109383285, "yr": 2020, "dt": "2020-09-03T19:20:00", "WOJ": 10, "sev": 1, "c": [ 255, 255, 0, 160 ], "dmg": 0, "sli": 1, "ser": 0, "fat": 0, "row": -1, "mot": -1, "pie": -1, "uto": -1, "uwr": -1 }, "geometry": { "type": "Point", "coordinates": [ 18.196389, 51.244417 ] } },
{ "type": "Feature", "properties": { "ID": 109381175, "yr": 2020, "dt": "2020-09-03T11:12:00", "WOJ": 10, "sev": 1, "c": [ 255, 255, 0, 160 ], "dmg": 1, "sli": 1, "ser": 0, "fat": 0, "row": -1, "mot": -1, "pie": -1, "uto": -1, "uwr": -1 }, "geometry": { "type": "Point", "coordinates": [ 19.433028, 51.715167 ] } },
{ "type": "Feature", "properties": { "ID": 109385734, "yr": 2020, "dt": "2020-09-04T16:30:00", "WOJ": 10, "sev": 1, "c": [ 255, 255, 0, 160 ], "dmg": 1, "sli": 1, "ser": 0, "fat": 0, "row": 1, "mot": -1, "pie": -1, "uto": -1, "uwr": -1 }, "geometry": { "type": "Point", "coordinates": [ 18.878333, 51.530583 ] } },
{ "type": "Feature", "properties": { "ID": 109385288, "yr": 2020, "dt": "2020-09-04T11:25:00", "WOJ": 10, "sev": 1, "c": [ 255, 255, 0, 160 ], "dmg": 1, "sli": 1, "ser": 0, "fat": 0, "row": -1, "mot": -1, "pie": 1, "uto": -1, "uwr": -1 }, "geometry": { "type": "Point", "coordinates": [ 19.374917, 51.354056 ] } },
{ "type": "Feature", "properties": { "ID": 109383368, "yr": 2020, "dt": "2020-09-04T05:29:00", "WOJ": 10, "sev": 1, "c": [ 255, 255, 0, 160 ], "dmg": 1, "sli": 1, "ser": 0, "fat": 0, "row": -1, "mot": -1, "pie": -1, "uto": -1, "uwr": -1 }, "geometry": { "type": "Point", "coordinates": [ 19.428194, 51.711194 ] } },
{ "type": "Feature", "properties": { "ID": 109384612, "yr": 2020, "dt": "2020-09-04T07:55:00", "WOJ": 10, "sev": 1, "c": [ 255, 255, 0, 160 ], "dmg": 1, "sli": 1, "ser": 0, "fat": 0, "row": -1, "mot": 1, "pie": -1, "uto": -1, "uwr": -1 }, "geometry": { "type": "Point", "coordinates": [ 19.396833, 51.854944 ] } },
{ "type": "Feature", "properties": { "ID": 109386317, "yr": 2020, "dt": "2020-09-05T05:10:00", "WOJ": 10, "sev": 1, "c": [ 255, 255, 0, 160 ], "dmg": 1, "sli": 1, "ser": 0, "fat": 0, "row": -1, "mot": -1, "pie": 1, "uto": -1, "uwr": -1 }, "geometry": { "type": "Point", "coordinates": [ 19.421667, 51.946944 ] } },
{ "type": "Feature", "properties": { "ID": 109386957, "yr": 2020, "dt": "2020-09-05T14:00:00", "WOJ": 10, "sev": 1, "c": [ 255, 255, 0, 160 ], "dmg": 0, "sli": 2, "ser": 0, "fat": 0, "row": 1, "mot": -1, "pie": -1, "uto": -1, "uwr": -1 }, "geometry": { "type": "Point", "coordinates": [ 19.896278, 51.475528 ] } },
{ "type": "Feature", "properties": { "ID": 109386774, "yr": 2020, "dt": "2020-09-05T15:39:00", "WOJ": 10, "sev": 1, "c": [ 255, 255, 0, 160 ], "dmg": 2, "sli": 1, "ser": 0, "fat": 0, "row": -1, "mot": -1, "pie": -1, "uto": -1, "uwr": -1 }, "geometry": { "type": "Point", "coordinates": [ 19.997, 51.523167 ] } },
{ "type": "Feature", "properties": { "ID": 109386388, "yr": 2020, "dt": "2020-09-05T06:25:00", "WOJ": 10, "sev": 1, "c": [ 255, 255, 0, 160 ], "dmg": 0, "sli": 1, "ser": 0, "fat": 0, "row": -1, "mot": -1, "pie": -1, "uto": -1, "uwr": -1 }, "geometry": { "type": "Point", "coordinates": [ 18.910417, 51.904306 ] } },
{ "type": "Feature", "properties": { "ID": 109387572, "yr": 2020, "dt": "2020-09-05T22:08:00", "WOJ": 10, "sev": 1, "c": [ 255, 255, 0, 160 ], "dmg": 1, "sli": 1, "ser": 0, "fat": 0, "row": -1, "mot": -1, "pie": -1, "uto": -1, "uwr": -1 }, "geometry": { "type": "Point", "coordinates": [ 19.458833, 51.807028 ] } },
{ "type": "Feature", "properties": { "ID": 109388408, "yr": 2020, "dt": "2020-09-06T22:05:00", "WOJ": 10, "sev": 1, "c": [ 255, 255, 0, 160 ], "dmg": 1, "sli": 1, "ser": 0, "fat": 0, "row": -1, "mot": -1, "pie": 1, "uto": -1, "uwr": -1 }, "geometry": { "type": "Point", "coordinates": [ 18.581861, 51.312722 ] } },
{ "type": "Feature", "properties": { "ID": 109388267, "yr": 2020, "dt": "2020-09-06T16:02:00", "WOJ": 10, "sev": 1, "c": [ 255, 255, 0, 160 ], "dmg": 0, "sli": 1, "ser": 0, "fat": 0, "row": -1, "mot": -1, "pie": -1, "uto": -1, "uwr": -1 }, "geometry": { "type": "Point", "coordinates": [ 19.552861, 52.211 ] } },
{ "type": "Feature", "properties": { "ID": 109391524, "yr": 2020, "dt": "2020-09-07T15:50:00", "WOJ": 10, "sev": 1, "c": [ 255, 255, 0, 160 ], "dmg": 1, "sli": 1, "ser": 0, "fat": 0, "row": 1, "mot": -1, "pie": -1, "uto": -1, "uwr": -1 }, "geometry": { "type": "Point", "coordinates": [ 20.285667, 51.379028 ] } },
{ "type": "Feature", "properties": { "ID": 109391808, "yr": 2020, "dt": "2020-09-07T19:20:00", "WOJ": 10, "sev": 1, "c": [ 255, 255, 0, 160 ], "dmg": 1, "sli": 1, "ser": 0, "fat": 0, "row": -1, "mot": -1, "pie": -1, "uto": -1, "uwr": -1 }, "geometry": { "type": "Point", "coordinates": [ 19.645417, 51.925361 ] } },
{ "type": "Feature", "properties": { "ID": 109391834, "yr": 2020, "dt": "2020-09-07T16:50:00", "WOJ": 10, "sev": 1, "c": [ 255, 255, 0, 160 ], "dmg": 1, "sli": 1, "ser": 0, "fat": 0, "row": -1, "mot": -1, "pie": 1, "uto": -1, "uwr": -1 }, "geometry": { "type": "Point", "coordinates": [ 20.054361, 51.555278 ] } },
{ "type": "Feature", "properties": { "ID": 109391364, "yr": 2020, "dt": "2020-09-07T15:40:00", "WOJ": 10, "sev": 1, "c": [ 255, 255, 0, 160 ], "dmg": 1, "sli": 2, "ser": 0, "fat": 0, "row": -1, "mot": -1, "pie": -1, "uto": -1, "uwr": -1 }, "geometry": { "type": "Point", "coordinates": [ 20.031944, 51.541389 ] } },
{ "type": "Feature", "properties": { "ID": 109391840, "yr": 2020, "dt": "2020-09-07T19:49:00", "WOJ": 10, "sev": 1, "c": [ 255, 255, 0, 160 ], "dmg": 1, "sli": 1, "ser": 0, "fat": 0, "row": -1, "mot": -1, "pie": 1, "uto": -1, "uwr": -1 }, "geometry": { "type": "Point", "coordinates": [ 20.000139, 51.530833 ] } },
{ "type": "Feature", "properties": { "ID": 109393333, "yr": 2020, "dt": "2020-09-08T13:34:00", "WOJ": 10, "sev": 1, "c": [ 255, 255, 0, 160 ], "dmg": 1, "sli": 1, "ser": 0, "fat": 0, "row": -1, "mot": -1, "pie": -1, "uto": -1, "uwr": -1 }, "geometry": { "type": "Point", "coordinates": [ 19.572, 51.746972 ] } },
{ "type": "Feature", "properties": { "ID": 109394660, "yr": 2020, "dt": "2020-09-08T13:53:00", "WOJ": 10, "sev": 1, "c": [ 255, 255, 0, 160 ], "dmg": 1, "sli": 1, "ser": 0, "fat": 0, "row": 1, "mot": -1, "pie": -1, "uto": -1, "uwr": -1 }, "geometry": { "type": "Point", "coordinates": [ 20.008972, 51.534917 ] } },
{ "type": "Feature", "properties": { "ID": 109382069, "yr": 2020, "dt": "2020-09-08T11:30:00", "WOJ": 10, "sev": 1, "c": [ 255, 255, 0, 160 ], "dmg": 1, "sli": 1, "ser": 0, "fat": 0, "row": 1, "mot": -1, "pie": -1, "uto": -1, "uwr": -1 }, "geometry": { "type": "Point", "coordinates": [ 19.546139, 51.189167 ] } },
{ "type": "Feature", "properties": { "ID": 109393576, "yr": 2020, "dt": "2020-09-08T17:07:00", "WOJ": 10, "sev": 1, "c": [ 255, 255, 0, 160 ], "dmg": 1, "sli": 1, "ser": 0, "fat": 0, "row": 1, "mot": -1, "pie": -1, "uto": -1, "uwr": -1 }, "geometry": { "type": "Point", "coordinates": [ 19.419972, 51.756556 ] } },
{ "type": "Feature", "properties": { "ID": 109381989, "yr": 2020, "dt": "2020-09-08T07:20:00", "WOJ": 10, "sev": 1, "c": [ 255, 255, 0, 160 ], "dmg": 1, "sli": 1, "ser": 0, "fat": 0, "row": -1, "mot": 1, "pie": -1, "uto": -1, "uwr": -1 }, "geometry": { "type": "Point", "coordinates": [ 19.3705, 51.896944 ] } },
{ "type": "Feature", "properties": { "ID": 109395738, "yr": 2020, "dt": "2020-09-09T18:15:00", "WOJ": 10, "sev": 1, "c": [ 255, 255, 0, 160 ], "dmg": 1, "sli": 4, "ser": 0, "fat": 0, "row": -1, "mot": -1, "pie": -1, "uto": -1, "uwr": -1 }, "geometry": { "type": "Point", "coordinates": [ 20.028806, 51.94575 ] } },
{ "type": "Feature", "properties": { "ID": 109395002, "yr": 2020, "dt": "2020-09-09T08:00:00", "WOJ": 10, "sev": 1, "c": [ 255, 255, 0, 160 ], "dmg": 1, "sli": 1, "ser": 0, "fat": 0, "row": 1, "mot": -1, "pie": -1, "uto": -1, "uwr": -1 }, "geometry": { "type": "Point", "coordinates": [ 19.568139, 51.770167 ] } },
{ "type": "Feature", "properties": { "ID": 109395168, "yr": 2020, "dt": "2020-09-09T16:17:00", "WOJ": 10, "sev": 1, "c": [ 255, 255, 0, 160 ], "dmg": 1, "sli": 1, "ser": 0, "fat": 0, "row": -1, "mot": -1, "pie": 1, "uto": -1, "uwr": -1 }, "geometry": { "type": "Point", "coordinates": [ 19.454361, 51.7765 ] } },
{ "type": "Feature", "properties": { "ID": 109396912, "yr": 2020, "dt": "2020-09-09T14:45:00", "WOJ": 10, "sev": 1, "c": [ 255, 255, 0, 160 ], "dmg": 1, "sli": 1, "ser": 0, "fat": 0, "row": -1, "mot": -1, "pie": 1, "uto": -1, "uwr": -1 }, "geometry": { "type": "Point", "coordinates": [ 19.45525, 51.781278 ] } },
{ "type": "Feature", "properties": { "ID": 109394063, "yr": 2020, "dt": "2020-09-09T08:57:00", "WOJ": 10, "sev": 1, "c": [ 255, 255, 0, 160 ], "dmg": 1, "sli": 1, "ser": 0, "fat": 0, "row": -1, "mot": -1, "pie": -1, "uto": -1, "uwr": -1 }, "geometry": { "type": "Point", "coordinates": [ 19.518222, 51.759194 ] } },
{ "type": "Feature", "properties": { "ID": 109398101, "yr": 2020, "dt": "2020-09-10T15:10:00", "WOJ": 10, "sev": 1, "c": [ 255, 255, 0, 160 ], "dmg": 1, "sli": 1, "ser": 0, "fat": 0, "row": -1, "mot": -1, "pie": -1, "uto": -1, "uwr": -1 }, "geometry": { "type": "Point", "coordinates": [ 19.219194, 51.466722 ] } },
{ "type": "Feature", "properties": { "ID": 109397670, "yr": 2020, "dt": "2020-09-10T16:09:00", "WOJ": 10, "sev": 1, "c": [ 255, 255, 0, 160 ], "dmg": 1, "sli": 1, "ser": 0, "fat": 0, "row": -1, "mot": 1, "pie": -1, "uto": -1, "uwr": -1 }, "geometry": { "type": "Point", "coordinates": [ 19.425639, 51.708639 ] } },
{ "type": "Feature", "properties": { "ID": 109396120, "yr": 2020, "dt": "2020-09-10T06:35:00", "WOJ": 10, "sev": 1, "c": [ 255, 255, 0, 160 ], "dmg": 2, "sli": 1, "ser": 0, "fat": 0, "row": -1, "mot": -1, "pie": -1, "uto": -1, "uwr": -1 }, "geometry": { "type": "Point", "coordinates": [ 19.398861, 51.759306 ] } },
{ "type": "Feature", "properties": { "ID": 109396830, "yr": 2020, "dt": "2020-09-10T18:55:00", "WOJ": 10, "sev": 1, "c": [ 255, 255, 0, 160 ], "dmg": 1, "sli": 1, "ser": 0, "fat": 0, "row": -1, "mot": -1, "pie": -1, "uto": -1, "uwr": -1 }, "geometry": { "type": "Point", "coordinates": [ 19.997278, 51.527389 ] } },
{ "type": "Feature", "properties": { "ID": 109398200, "yr": 2020, "dt": "2020-09-10T15:35:00", "WOJ": 10, "sev": 1, "c": [ 255, 255, 0, 160 ], "dmg": 1, "sli": 1, "ser": 0, "fat": 0, "row": -1, "mot": -1, "pie": -1, "uto": -1, "uwr": -1 }, "geometry": { "type": "Point", "coordinates": [ 19.514417, 52.178389 ] } },
{ "type": "Feature", "properties": { "ID": 109397905, "yr": 2020, "dt": "2020-09-10T15:00:00", "WOJ": 10, "sev": 1, "c": [ 255, 255, 0, 160 ], "dmg": 1, "sli": 1, "ser": 0, "fat": 0, "row": 1, "mot": -1, "pie": -1, "uto": -1, "uwr": -1 }, "geometry": { "type": "Point", "coordinates": [ 18.869694, 51.924861 ] } },
{ "type": "Feature", "properties": { "ID": 109399281, "yr": 2020, "dt": "2020-09-11T13:30:00", "WOJ": 10, "sev": 1, "c": [ 255, 255, 0, 160 ], "dmg": 1, "sli": 1, "ser": 0, "fat": 0, "row": 1, "mot": -1, "pie": -1, "uto": -1, "uwr": -1 }, "geometry": { "type": "Point", "coordinates": [ 19.656861, 51.4065 ] } },
{ "type": "Feature", "properties": { "ID": 109398414, "yr": 2020, "dt": "2020-09-11T06:56:00", "WOJ": 10, "sev": 1, "c": [ 255, 255, 0, 160 ], "dmg": 2, "sli": 1, "ser": 0, "fat": 0, "row": -1, "mot": -1, "pie": -1, "uto": -1, "uwr": -1 }, "geometry": { "type": "Point", "coordinates": [ 19.487139, 51.790833 ] } },
{ "type": "Feature", "properties": { "ID": 109398428, "yr": 2020, "dt": "2020-09-11T08:01:00", "WOJ": 10, "sev": 1, "c": [ 255, 255, 0, 160 ], "dmg": 2, "sli": 1, "ser": 0, "fat": 0, "row": -1, "mot": -1, "pie": -1, "uto": -1, "uwr": -1 }, "geometry": { "type": "Point", "coordinates": [ 19.584167, 51.752278 ] } },
{ "type": "Feature", "properties": { "ID": 109399846, "yr": 2020, "dt": "2020-09-11T19:55:00", "WOJ": 10, "sev": 1, "c": [ 255, 255, 0, 160 ], "dmg": 0, "sli": 1, "ser": 0, "fat": 0, "row": -1, "mot": -1, "pie": -1, "uto": -1, "uwr": -1 }, "geometry": { "type": "Point", "coordinates": [ 19.497278, 51.411972 ] } },
{ "type": "Feature", "properties": { "ID": 109396931, "yr": 2020, "dt": "2020-09-11T07:50:00", "WOJ": 10, "sev": 1, "c": [ 255, 255, 0, 160 ], "dmg": 1, "sli": 1, "ser": 0, "fat": 0, "row": 1, "mot": -1, "pie": -1, "uto": -1, "uwr": -1 }, "geometry": { "type": "Point", "coordinates": [ 19.431028, 51.078944 ] } },
{ "type": "Feature", "properties": { "ID": 109398910, "yr": 2020, "dt": "2020-09-11T09:50:00", "WOJ": 10, "sev": 1, "c": [ 255, 255, 0, 160 ], "dmg": 4, "sli": 1, "ser": 0, "fat": 0, "row": -1, "mot": -1, "pie": -1, "uto": -1, "uwr": -1 }, "geometry": { "type": "Point", "coordinates": [ 19.772056, 51.391667 ] } },
{ "type": "Feature", "properties": { "ID": 109399037, "yr": 2020, "dt": "2020-09-11T11:43:00", "WOJ": 10, "sev": 1, "c": [ 255, 255, 0, 160 ], "dmg": 1, "sli": 1, "ser": 0, "fat": 0, "row": -1, "mot": -1, "pie": -1, "uto": -1, "uwr": -1 }, "geometry": { "type": "Point", "coordinates": [ 19.463583, 51.77525 ] } },
{ "type": "Feature", "properties": { "ID": 109400888, "yr": 2020, "dt": "2020-09-12T16:20:00", "WOJ": 10, "sev": 1, "c": [ 255, 255, 0, 160 ], "dmg": 1, "sli": 1, "ser": 0, "fat": 0, "row": -1, "mot": 0, "pie": -1, "uto": -1, "uwr": -1 }, "geometry": { "type": "Point", "coordinates": [ 20.073333, 51.513056 ] } },
{ "type": "Feature", "properties": { "ID": 109401361, "yr": 2020, "dt": "2020-09-12T18:10:00", "WOJ": 10, "sev": 1, "c": [ 255, 255, 0, 160 ], "dmg": 1, "sli": 1, "ser": 0, "fat": 0, "row": -1, "mot": -1, "pie": -1, "uto": -1, "uwr": -1 }, "geometry": { "type": "Point", "coordinates": [ 19.406111, 51.856389 ] } },
{ "type": "Feature", "properties": { "ID": 109400214, "yr": 2020, "dt": "2020-09-12T11:27:00", "WOJ": 10, "sev": 1, "c": [ 255, 255, 0, 160 ], "dmg": 1, "sli": 1, "ser": 0, "fat": 0, "row": 1, "mot": -1, "pie": -1, "uto": -1, "uwr": -1 }, "geometry": { "type": "Point", "coordinates": [ 19.470278, 51.778139 ] } },
{ "type": "Feature", "properties": { "ID": 109401688, "yr": 2020, "dt": "2020-09-13T10:15:00", "WOJ": 10, "sev": 1, "c": [ 255, 255, 0, 160 ], "dmg": 1, "sli": 1, "ser": 0, "fat": 0, "row": -1, "mot": 1, "pie": -1, "uto": -1, "uwr": -1 }, "geometry": { "type": "Point", "coordinates": [ 19.360167, 51.366 ] } },
{ "type": "Feature", "properties": { "ID": 109401701, "yr": 2020, "dt": "2020-09-13T11:25:00", "WOJ": 10, "sev": 1, "c": [ 255, 255, 0, 160 ], "dmg": 1, "sli": 1, "ser": 0, "fat": 0, "row": 1, "mot": -1, "pie": -1, "uto": -1, "uwr": -1 }, "geometry": { "type": "Point", "coordinates": [ 19.307417, 52.162056 ] } },
{ "type": "Feature", "properties": { "ID": 109402077, "yr": 2020, "dt": "2020-09-13T18:30:00", "WOJ": 10, "sev": 1, "c": [ 255, 255, 0, 160 ], "dmg": 1, "sli": 1, "ser": 0, "fat": 0, "row": -1, "mot": -1, "pie": -1, "uto": -1, "uwr": -1 }, "geometry": { "type": "Point", "coordinates": [ 19.695583, 51.406722 ] } },
{ "type": "Feature", "properties": { "ID": 109401659, "yr": 2020, "dt": "2020-09-13T15:05:00", "WOJ": 10, "sev": 1, "c": [ 255, 255, 0, 160 ], "dmg": 0, "sli": 1, "ser": 0, "fat": 0, "row": -1, "mot": 1, "pie": -1, "uto": -1, "uwr": -1 }, "geometry": { "type": "Point", "coordinates": [ 19.925944, 51.557417 ] } },
{ "type": "Feature", "properties": { "ID": 109401684, "yr": 2020, "dt": "2020-09-13T15:11:00", "WOJ": 10, "sev": 1, "c": [ 255, 255, 0, 160 ], "dmg": 1, "sli": 1, "ser": 0, "fat": 0, "row": 1, "mot": -1, "pie": -1, "uto": -1, "uwr": -1 }, "geometry": { "type": "Point", "coordinates": [ 19.423028, 51.749556 ] } },
{ "type": "Feature", "properties": { "ID": 109401651, "yr": 2020, "dt": "2020-09-13T09:25:00", "WOJ": 10, "sev": 1, "c": [ 255, 255, 0, 160 ], "dmg": 0, "sli": 1, "ser": 0, "fat": 0, "row": 1, "mot": -1, "pie": -1, "uto": -1, "uwr": -1 }, "geometry": { "type": "Point", "coordinates": [ 19.305472, 51.2175 ] } },
{ "type": "Feature", "properties": { "ID": 109402026, "yr": 2020, "dt": "2020-09-13T17:19:00", "WOJ": 10, "sev": 1, "c": [ 255, 255, 0, 160 ], "dmg": 0, "sli": 1, "ser": 0, "fat": 0, "row": 1, "mot": -1, "pie": -1, "uto": -1, "uwr": -1 }, "geometry": { "type": "Point", "coordinates": [ 19.390083, 51.779278 ] } },
{ "type": "Feature", "properties": { "ID": 109401702, "yr": 2020, "dt": "2020-09-13T15:20:00", "WOJ": 10, "sev": 1, "c": [ 255, 255, 0, 160 ], "dmg": 2, "sli": 1, "ser": 0, "fat": 0, "row": -1, "mot": 1, "pie": -1, "uto": -1, "uwr": -1 }, "geometry": { "type": "Point", "coordinates": [ 20.020417, 51.520667 ] } },
{ "type": "Feature", "properties": { "ID": 109402629, "yr": 2020, "dt": "2020-09-14T08:10:00", "WOJ": 10, "sev": 1, "c": [ 255, 255, 0, 160 ], "dmg": 1, "sli": 1, "ser": 0, "fat": 0, "row": 1, "mot": -1, "pie": -1, "uto": -1, "uwr": -1 }, "geometry": { "type": "Point", "coordinates": [ 19.663639, 51.404722 ] } },
{ "type": "Feature", "properties": { "ID": 109403496, "yr": 2020, "dt": "2020-09-14T15:10:00", "WOJ": 10, "sev": 1, "c": [ 255, 255, 0, 160 ], "dmg": 1, "sli": 1, "ser": 0, "fat": 0, "row": -1, "mot": -1, "pie": -1, "uto": -1, "uwr": -1 }, "geometry": { "type": "Point", "coordinates": [ 19.408944, 52.318556 ] } },
{ "type": "Feature", "properties": { "ID": 109403085, "yr": 2020, "dt": "2020-09-14T10:50:00", "WOJ": 10, "sev": 1, "c": [ 255, 255, 0, 160 ], "dmg": 2, "sli": 1, "ser": 0, "fat": 0, "row": -1, "mot": -1, "pie": -1, "uto": -1, "uwr": -1 }, "geometry": { "type": "Point", "coordinates": [ 19.445028, 52.221639 ] } },
{ "type": "Feature", "properties": { "ID": 109402255, "yr": 2020, "dt": "2020-09-14T04:46:00", "WOJ": 10, "sev": 1, "c": [ 255, 255, 0, 160 ], "dmg": 1, "sli": 1, "ser": 0, "fat": 0, "row": -1, "mot": -1, "pie": 1, "uto": -1, "uwr": -1 }, "geometry": { "type": "Point", "coordinates": [ 19.529639, 51.762 ] } },
{ "type": "Feature", "properties": { "ID": 109406829, "yr": 2020, "dt": "2020-09-14T19:54:00", "WOJ": 10, "sev": 1, "c": [ 255, 255, 0, 160 ], "dmg": 1, "sli": 1, "ser": 0, "fat": 0, "row": -1, "mot": 1, "pie": -1, "uto": -1, "uwr": -1 }, "geometry": { "type": "Point", "coordinates": [ 19.444722, 51.757083 ] } },
{ "type": "Feature", "properties": { "ID": 109406816, "yr": 2020, "dt": "2020-09-14T20:32:00", "WOJ": 10, "sev": 1, "c": [ 255, 255, 0, 160 ], "dmg": 1, "sli": 1, "ser": 0, "fat": 0, "row": 1, "mot": -1, "pie": -1, "uto": -1, "uwr": -1 }, "geometry": { "type": "Point", "coordinates": [ 19.451861, 51.77875 ] } },
{ "type": "Feature", "properties": { "ID": 109403094, "yr": 2020, "dt": "2020-09-14T14:48:00", "WOJ": 10, "sev": 1, "c": [ 255, 255, 0, 160 ], "dmg": 1, "sli": 1, "ser": 0, "fat": 0, "row": 1, "mot": -1, "pie": -1, "uto": -1, "uwr": -1 }, "geometry": { "type": "Point", "coordinates": [ 19.467083, 51.738444 ] } },
{ "type": "Feature", "properties": { "ID": 109403343, "yr": 2020, "dt": "2020-09-14T13:20:00", "WOJ": 10, "sev": 1, "c": [ 255, 255, 0, 160 ], "dmg": 0, "sli": 1, "ser": 0, "fat": 0, "row": -1, "mot": -1, "pie": -1, "uto": -1, "uwr": -1 }, "geometry": { "type": "Point", "coordinates": [ 19.621611, 51.995639 ] } },
{ "type": "Feature", "properties": { "ID": 109404629, "yr": 2020, "dt": "2020-09-14T19:10:00", "WOJ": 10, "sev": 1, "c": [ 255, 255, 0, 160 ], "dmg": 1, "sli": 1, "ser": 0, "fat": 0, "row": -1, "mot": -1, "pie": -1, "uto": -1, "uwr": -1 }, "geometry": { "type": "Point", "coordinates": [ 19.100639, 51.192667 ] } },
{ "type": "Feature", "properties": { "ID": 109405096, "yr": 2020, "dt": "2020-09-15T07:30:00", "WOJ": 10, "sev": 1, "c": [ 255, 255, 0, 160 ], "dmg": 1, "sli": 1, "ser": 0, "fat": 0, "row": -1, "mot": -1, "pie": -1, "uto": -1, "uwr": -1 }, "geometry": { "type": "Point", "coordinates": [ 20.058333, 52.15325 ] } },
{ "type": "Feature", "properties": { "ID": 109404224, "yr": 2020, "dt": "2020-09-15T21:00:00", "WOJ": 10, "sev": 1, "c": [ 255, 255, 0, 160 ], "dmg": 1, "sli": 1, "ser": 0, "fat": 0, "row": -1, "mot": -1, "pie": 1, "uto": -1, "uwr": -1 }, "geometry": { "type": "Point", "coordinates": [ 19.461778, 51.231306 ] } },
{ "type": "Feature", "properties": { "ID": 109406215, "yr": 2020, "dt": "2020-09-15T16:20:00", "WOJ": 10, "sev": 1, "c": [ 255, 255, 0, 160 ], "dmg": 1, "sli": 1, "ser": 0, "fat": 0, "row": 1, "mot": -1, "pie": -1, "uto": -1, "uwr": -1 }, "geometry": { "type": "Point", "coordinates": [ 18.740944, 51.598333 ] } },
{ "type": "Feature", "properties": { "ID": 109406259, "yr": 2020, "dt": "2020-09-15T17:10:00", "WOJ": 10, "sev": 1, "c": [ 255, 255, 0, 160 ], "dmg": 1, "sli": 1, "ser": 0, "fat": 0, "row": -1, "mot": -1, "pie": -1, "uto": -1, "uwr": -1 }, "geometry": { "type": "Point", "coordinates": [ 19.668639, 51.753222 ] } },
{ "type": "Feature", "properties": { "ID": 109406341, "yr": 2020, "dt": "2020-09-15T17:25:00", "WOJ": 10, "sev": 1, "c": [ 255, 255, 0, 160 ], "dmg": 1, "sli": 1, "ser": 0, "fat": 0, "row": 1, "mot": -1, "pie": -1, "uto": -1, "uwr": -1 }, "geometry": { "type": "Point", "coordinates": [ 19.437722, 51.068972 ] } },
{ "type": "Feature", "properties": { "ID": 109403823, "yr": 2020, "dt": "2020-09-15T09:50:00", "WOJ": 10, "sev": 1, "c": [ 255, 255, 0, 160 ], "dmg": 1, "sli": 1, "ser": 0, "fat": 0, "row": 1, "mot": -1, "pie": -1, "uto": -1, "uwr": -1 }, "geometry": { "type": "Point", "coordinates": [ 19.463194, 51.800806 ] } },
{ "type": "Feature", "properties": { "ID": 109408007, "yr": 2020, "dt": "2020-09-16T11:19:00", "WOJ": 10, "sev": 1, "c": [ 255, 255, 0, 160 ], "dmg": 1, "sli": 1, "ser": 0, "fat": 0, "row": 1, "mot": -1, "pie": -1, "uto": -1, "uwr": -1 }, "geometry": { "type": "Point", "coordinates": [ 18.934306, 51.603056 ] } },
{ "type": "Feature", "properties": { "ID": 109406570, "yr": 2020, "dt": "2020-09-16T06:45:00", "WOJ": 10, "sev": 1, "c": [ 255, 255, 0, 160 ], "dmg": 1, "sli": 1, "ser": 0, "fat": 0, "row": -1, "mot": -1, "pie": -1, "uto": -1, "uwr": -1 }, "geometry": { "type": "Point", "coordinates": [ 19.449472, 51.711333 ] } },
{ "type": "Feature", "properties": { "ID": 109406687, "yr": 2020, "dt": "2020-09-16T07:40:00", "WOJ": 10, "sev": 1, "c": [ 255, 255, 0, 160 ], "dmg": 1, "sli": 3, "ser": 0, "fat": 0, "row": -1, "mot": -1, "pie": -1, "uto": -1, "uwr": -1 }, "geometry": { "type": "Point", "coordinates": [ 19.403111, 51.760806 ] } },
{ "type": "Feature", "properties": { "ID": 109408523, "yr": 2020, "dt": "2020-09-16T19:00:00", "WOJ": 10, "sev": 1, "c": [ 255, 255, 0, 160 ], "dmg": 1, "sli": 2, "ser": 0, "fat": 0, "row": -1, "mot": -1, "pie": -1, "uto": -1, "uwr": -1 }, "geometry": { "type": "Point", "coordinates": [ 20.266639, 51.316667 ] } },
{ "type": "Feature", "properties": { "ID": 109408284, "yr": 2020, "dt": "2020-09-16T14:28:00", "WOJ": 10, "sev": 1, "c": [ 255, 255, 0, 160 ], "dmg": 0, "sli": 1, "ser": 0, "fat": 0, "row": -1, "mot": -1, "pie": -1, "uto": -1, "uwr": -1 }, "geometry": { "type": "Point", "coordinates": [ 19.519917, 51.618889 ] } },
{ "type": "Feature", "properties": { "ID": 109407820, "yr": 2020, "dt": "2020-09-16T11:05:00", "WOJ": 10, "sev": 1, "c": [ 255, 255, 0, 160 ], "dmg": 1, "sli": 1, "ser": 0, "fat": 0, "row": 1, "mot": -1, "pie": -1, "uto": -1, "uwr": -1 }, "geometry": { "type": "Point", "coordinates": [ 19.702833, 51.405528 ] } },
{ "type": "Feature", "properties": { "ID": 109407852, "yr": 2020, "dt": "2020-09-16T08:13:00", "WOJ": 10, "sev": 1, "c": [ 255, 255, 0, 160 ], "dmg": 1, "sli": 1, "ser": 0, "fat": 0, "row": -1, "mot": -1, "pie": -1, "uto": -1, "uwr": -1 }, "geometry": { "type": "Point", "coordinates": [ 18.978, 51.516972 ] } },
{ "type": "Feature", "properties": { "ID": 109408472, "yr": 2020, "dt": "2020-09-16T19:50:00", "WOJ": 10, "sev": 1, "c": [ 255, 255, 0, 160 ], "dmg": 1, "sli": 1, "ser": 0, "fat": 0, "row": -1, "mot": -1, "pie": -1, "uto": -1, "uwr": -1 }, "geometry": { "type": "Point", "coordinates": [ 18.9535, 51.595917 ] } },
{ "type": "Feature", "properties": { "ID": 109407623, "yr": 2020, "dt": "2020-09-16T08:50:00", "WOJ": 10, "sev": 1, "c": [ 255, 255, 0, 160 ], "dmg": 0, "sli": 1, "ser": 0, "fat": 0, "row": -1, "mot": -1, "pie": -1, "uto": -1, "uwr": -1 }, "geometry": { "type": "Point", "coordinates": [ 19.453889, 51.759056 ] } },
{ "type": "Feature", "properties": { "ID": 109407786, "yr": 2020, "dt": "2020-09-16T11:51:00", "WOJ": 10, "sev": 1, "c": [ 255, 255, 0, 160 ], "dmg": 1, "sli": 1, "ser": 0, "fat": 0, "row": -1, "mot": -1, "pie": -1, "uto": -1, "uwr": -1 }, "geometry": { "type": "Point", "coordinates": [ 19.443611, 51.764333 ] } },
{ "type": "Feature", "properties": { "ID": 109408031, "yr": 2020, "dt": "2020-09-16T14:55:00", "WOJ": 10, "sev": 1, "c": [ 255, 255, 0, 160 ], "dmg": 1, "sli": 1, "ser": 0, "fat": 0, "row": -1, "mot": -1, "pie": -1, "uto": -1, "uwr": -1 }, "geometry": { "type": "Point", "coordinates": [ 18.989639, 51.147972 ] } },
{ "type": "Feature", "properties": { "ID": 109411144, "yr": 2020, "dt": "2020-09-16T15:48:00", "WOJ": 10, "sev": 1, "c": [ 255, 255, 0, 160 ], "dmg": 1, "sli": 1, "ser": 0, "fat": 0, "row": -1, "mot": -1, "pie": -1, "uto": -1, "uwr": -1 }, "geometry": { "type": "Point", "coordinates": [ 19.481111, 51.778833 ] } },
{ "type": "Feature", "properties": { "ID": 109409570, "yr": 2020, "dt": "2020-09-16T20:36:00", "WOJ": 10, "sev": 1, "c": [ 255, 255, 0, 160 ], "dmg": 1, "sli": 1, "ser": 0, "fat": 0, "row": 1, "mot": -1, "pie": -1, "uto": -1, "uwr": -1 }, "geometry": { "type": "Point", "coordinates": [ 20.223194, 51.524722 ] } },
{ "type": "Feature", "properties": { "ID": 109408063, "yr": 2020, "dt": "2020-09-16T15:35:00", "WOJ": 10, "sev": 1, "c": [ 255, 255, 0, 160 ], "dmg": 2, "sli": 1, "ser": 0, "fat": 0, "row": -1, "mot": -1, "pie": -1, "uto": -1, "uwr": -1 }, "geometry": { "type": "Point", "coordinates": [ 19.475139, 51.778528 ] } },
{ "type": "Feature", "properties": { "ID": 109409281, "yr": 2020, "dt": "2020-09-17T14:10:00", "WOJ": 10, "sev": 1, "c": [ 255, 255, 0, 160 ], "dmg": 3, "sli": 1, "ser": 0, "fat": 0, "row": -1, "mot": -1, "pie": -1, "uto": -1, "uwr": -1 }, "geometry": { "type": "Point", "coordinates": [ 19.669972, 51.449611 ] } },
{ "type": "Feature", "properties": { "ID": 109410715, "yr": 2020, "dt": "2020-09-17T17:48:00", "WOJ": 10, "sev": 1, "c": [ 255, 255, 0, 160 ], "dmg": 2, "sli": 1, "ser": 0, "fat": 0, "row": -1, "mot": -1, "pie": -1, "uto": -1, "uwr": -1 }, "geometry": { "type": "Point", "coordinates": [ 19.553806, 51.758056 ] } },
{ "type": "Feature", "properties": { "ID": 109410447, "yr": 2020, "dt": "2020-09-17T15:45:00", "WOJ": 10, "sev": 1, "c": [ 255, 255, 0, 160 ], "dmg": 1, "sli": 1, "ser": 0, "fat": 0, "row": -1, "mot": -1, "pie": -1, "uto": -1, "uwr": -1 }, "geometry": { "type": "Point", "coordinates": [ 19.521778, 51.779611 ] } },
{ "type": "Feature", "properties": { "ID": 109410655, "yr": 2020, "dt": "2020-09-17T16:50:00", "WOJ": 10, "sev": 1, "c": [ 255, 255, 0, 160 ], "dmg": 1, "sli": 1, "ser": 0, "fat": 0, "row": -1, "mot": -1, "pie": -1, "uto": -1, "uwr": -1 }, "geometry": { "type": "Point", "coordinates": [ 20.276972, 51.773417 ] } },
{ "type": "Feature", "properties": { "ID": 109410291, "yr": 2020, "dt": "2020-09-17T12:51:00", "WOJ": 10, "sev": 1, "c": [ 255, 255, 0, 160 ], "dmg": 1, "sli": 1, "ser": 0, "fat": 0, "row": -1, "mot": -1, "pie": -1, "uto": -1, "uwr": -1 }, "geometry": { "type": "Point", "coordinates": [ 19.42125, 51.753333 ] } },
{ "type": "Feature", "properties": { "ID": 109410461, "yr": 2020, "dt": "2020-09-17T15:05:00", "WOJ": 10, "sev": 1, "c": [ 255, 255, 0, 160 ], "dmg": 1, "sli": 1, "ser": 0, "fat": 0, "row": -1, "mot": -1, "pie": -1, "uto": -1, "uwr": -1 }, "geometry": { "type": "Point", "coordinates": [ 19.3795, 51.364833 ] } },
{ "type": "Feature", "properties": { "ID": 109409311, "yr": 2020, "dt": "2020-09-18T08:00:00", "WOJ": 10, "sev": 1, "c": [ 255, 255, 0, 160 ], "dmg": 2, "sli": 1, "ser": 0, "fat": 0, "row": -1, "mot": 1, "pie": -1, "uto": -1, "uwr": -1 }, "geometry": { "type": "Point", "coordinates": [ 19.758639, 51.396083 ] } },
{ "type": "Feature", "properties": { "ID": 109411316, "yr": 2020, "dt": "2020-09-18T10:55:38", "WOJ": 10, "sev": 1, "c": [ 255, 255, 0, 160 ], "dmg": 0, "sli": 1, "ser": 0, "fat": 0, "row": -1, "mot": -1, "pie": -1, "uto": -1, "uwr": -1 }, "geometry": { "type": "Point", "coordinates": [ 19.449556, 51.752583 ] } },
{ "type": "Feature", "properties": { "ID": 109411603, "yr": 2020, "dt": "2020-09-18T13:39:00", "WOJ": 10, "sev": 1, "c": [ 255, 255, 0, 160 ], "dmg": 2, "sli": 1, "ser": 0, "fat": 0, "row": -1, "mot": -1, "pie": -1, "uto": -1, "uwr": -1 }, "geometry": { "type": "Point", "coordinates": [ 19.357111, 51.804889 ] } },
{ "type": "Feature", "properties": { "ID": 109414231, "yr": 2020, "dt": "2020-09-19T16:20:00", "WOJ": 10, "sev": 1, "c": [ 255, 255, 0, 160 ], "dmg": 1, "sli": 3, "ser": 0, "fat": 0, "row": -1, "mot": -1, "pie": -1, "uto": -1, "uwr": -1 }, "geometry": { "type": "Point", "coordinates": [ 19.147472, 51.857944 ] } },
{ "type": "Feature", "properties": { "ID": 109412880, "yr": 2020, "dt": "2020-09-19T14:29:39", "WOJ": 10, "sev": 1, "c": [ 255, 255, 0, 160 ], "dmg": 1, "sli": 1, "ser": 0, "fat": 0, "row": -1, "mot": -1, "pie": -1, "uto": -1, "uwr": -1 }, "geometry": { "type": "Point", "coordinates": [ 19.475917, 51.745889 ] } },
{ "type": "Feature", "properties": { "ID": 109414577, "yr": 2020, "dt": "2020-09-20T12:20:00", "WOJ": 10, "sev": 1, "c": [ 255, 255, 0, 160 ], "dmg": 1, "sli": 1, "ser": 0, "fat": 0, "row": -1, "mot": -1, "pie": -1, "uto": -1, "uwr": -1 }, "geometry": { "type": "Point", "coordinates": [ 20.178611, 51.369722 ] } },
{ "type": "Feature", "properties": { "ID": 109414472, "yr": 2020, "dt": "2020-09-20T08:50:00", "WOJ": 10, "sev": 1, "c": [ 255, 255, 0, 160 ], "dmg": 2, "sli": 1, "ser": 0, "fat": 0, "row": -1, "mot": -1, "pie": -1, "uto": -1, "uwr": -1 }, "geometry": { "type": "Point", "coordinates": [ 19.434806, 51.8155 ] } },
{ "type": "Feature", "properties": { "ID": 109414935, "yr": 2020, "dt": "2020-09-20T20:17:00", "WOJ": 10, "sev": 1, "c": [ 255, 255, 0, 160 ], "dmg": 2, "sli": 1, "ser": 0, "fat": 0, "row": -1, "mot": 0, "pie": -1, "uto": -1, "uwr": -1 }, "geometry": { "type": "Point", "coordinates": [ 19.485861, 51.751306 ] } },
{ "type": "Feature", "properties": { "ID": 109413225, "yr": 2020, "dt": "2020-09-20T15:25:00", "WOJ": 10, "sev": 1, "c": [ 255, 255, 0, 160 ], "dmg": 1, "sli": 3, "ser": 0, "fat": 0, "row": -1, "mot": -1, "pie": -1, "uto": -1, "uwr": -1 }, "geometry": { "type": "Point", "coordinates": [ 20.259861, 51.749028 ] } },
{ "type": "Feature", "properties": { "ID": 109415024, "yr": 2020, "dt": "2020-09-20T20:35:00", "WOJ": 10, "sev": 1, "c": [ 255, 255, 0, 160 ], "dmg": 1, "sli": 1, "ser": 0, "fat": 0, "row": -1, "mot": -1, "pie": 1, "uto": -1, "uwr": -1 }, "geometry": { "type": "Point", "coordinates": [ 19.531278, 51.479722 ] } },
{ "type": "Feature", "properties": { "ID": 109415030, "yr": 2020, "dt": "2020-09-20T19:20:00", "WOJ": 10, "sev": 1, "c": [ 255, 255, 0, 160 ], "dmg": 1, "sli": 1, "ser": 0, "fat": 0, "row": -1, "mot": -1, "pie": 1, "uto": -1, "uwr": -1 }, "geometry": { "type": "Point", "coordinates": [ 19.996889, 51.530639 ] } },
{ "type": "Feature", "properties": { "ID": 109414963, "yr": 2020, "dt": "2020-09-20T18:05:00", "WOJ": 10, "sev": 1, "c": [ 255, 255, 0, 160 ], "dmg": 2, "sli": 1, "ser": 0, "fat": 0, "row": -1, "mot": -1, "pie": -1, "uto": -1, "uwr": -1 }, "geometry": { "type": "Point", "coordinates": [ 19.998333, 51.362556 ] } },
{ "type": "Feature", "properties": { "ID": 109416224, "yr": 2020, "dt": "2020-09-21T14:47:00", "WOJ": 10, "sev": 1, "c": [ 255, 255, 0, 160 ], "dmg": 2, "sli": 2, "ser": 0, "fat": 0, "row": -1, "mot": -1, "pie": -1, "uto": -1, "uwr": -1 }, "geometry": { "type": "Point", "coordinates": [ 20.191778, 51.948278 ] } },
{ "type": "Feature", "properties": { "ID": 109416151, "yr": 2020, "dt": "2020-09-21T19:20:00", "WOJ": 10, "sev": 1, "c": [ 255, 255, 0, 160 ], "dmg": 1, "sli": 1, "ser": 0, "fat": 0, "row": -1, "mot": -1, "pie": -1, "uto": -1, "uwr": -1 }, "geometry": { "type": "Point", "coordinates": [ 19.624556, 51.447139 ] } },
{ "type": "Feature", "properties": { "ID": 109416209, "yr": 2020, "dt": "2020-09-21T19:20:00", "WOJ": 10, "sev": 1, "c": [ 255, 255, 0, 160 ], "dmg": 1, "sli": 1, "ser": 0, "fat": 0, "row": 1, "mot": -1, "pie": -1, "uto": -1, "uwr": -1 }, "geometry": { "type": "Point", "coordinates": [ 19.434528, 51.755778 ] } },
{ "type": "Feature", "properties": { "ID": 109415043, "yr": 2020, "dt": "2020-09-21T21:00:00", "WOJ": 10, "sev": 1, "c": [ 255, 255, 0, 160 ], "dmg": 2, "sli": 4, "ser": 0, "fat": 0, "row": -1, "mot": -1, "pie": -1, "uto": -1, "uwr": -1 }, "geometry": { "type": "Point", "coordinates": [ 19.635528, 51.517944 ] } },
{ "type": "Feature", "properties": { "ID": 109415494, "yr": 2020, "dt": "2020-09-21T09:50:00", "WOJ": 10, "sev": 1, "c": [ 255, 255, 0, 160 ], "dmg": 2, "sli": 1, "ser": 0, "fat": 0, "row": -1, "mot": -1, "pie": 0, "uto": -1, "uwr": -1 }, "geometry": { "type": "Point", "coordinates": [ 20.008889, 51.534917 ] } },
{ "type": "Feature", "properties": { "ID": 109416149, "yr": 2020, "dt": "2020-09-21T14:15:00", "WOJ": 10, "sev": 1, "c": [ 255, 255, 0, 160 ], "dmg": 2, "sli": 2, "ser": 0, "fat": 0, "row": -1, "mot": -1, "pie": -1, "uto": -1, "uwr": -1 }, "geometry": { "type": "Point", "coordinates": [ 19.636361, 51.427722 ] } },
{ "type": "Feature", "properties": { "ID": 109415575, "yr": 2020, "dt": "2020-09-21T07:15:00", "WOJ": 10, "sev": 1, "c": [ 255, 255, 0, 160 ], "dmg": 1, "sli": 1, "ser": 0, "fat": 0, "row": 1, "mot": -1, "pie": -1, "uto": -1, "uwr": -1 }, "geometry": { "type": "Point", "coordinates": [ 19.984889, 51.602972 ] } },
{ "type": "Feature", "properties": { "ID": 109416425, "yr": 2020, "dt": "2020-09-21T21:55:00", "WOJ": 10, "sev": 1, "c": [ 255, 255, 0, 160 ], "dmg": 1, "sli": 1, "ser": 0, "fat": 0, "row": -1, "mot": -1, "pie": -1, "uto": -1, "uwr": -1 }, "geometry": { "type": "Point", "coordinates": [ 19.749472, 51.799583 ] } },
{ "type": "Feature", "properties": { "ID": 109418529, "yr": 2020, "dt": "2020-09-22T13:25:00", "WOJ": 10, "sev": 1, "c": [ 255, 255, 0, 160 ], "dmg": 1, "sli": 1, "ser": 0, "fat": 0, "row": -1, "mot": -1, "pie": -1, "uto": -1, "uwr": -1 }, "geometry": { "type": "Point", "coordinates": [ 19.689861, 51.402417 ] } },
{ "type": "Feature", "properties": { "ID": 109418901, "yr": 2020, "dt": "2020-09-22T17:00:00", "WOJ": 10, "sev": 1, "c": [ 255, 255, 0, 160 ], "dmg": 1, "sli": 1, "ser": 0, "fat": 0, "row": -1, "mot": -1, "pie": -1, "uto": -1, "uwr": -1 }, "geometry": { "type": "Point", "coordinates": [ 20.496583, 51.7515 ] } },
{ "type": "Feature", "properties": { "ID": 109417901, "yr": 2020, "dt": "2020-09-22T08:15:00", "WOJ": 10, "sev": 1, "c": [ 255, 255, 0, 160 ], "dmg": 2, "sli": 1, "ser": 0, "fat": 0, "row": -1, "mot": -1, "pie": -1, "uto": -1, "uwr": -1 }, "geometry": { "type": "Point", "coordinates": [ 19.364694, 52.237833 ] } },
{ "type": "Feature", "properties": { "ID": 109418051, "yr": 2020, "dt": "2020-09-22T11:00:00", "WOJ": 10, "sev": 1, "c": [ 255, 255, 0, 160 ], "dmg": 1, "sli": 1, "ser": 0, "fat": 0, "row": -1, "mot": -1, "pie": 1, "uto": -1, "uwr": -1 }, "geometry": { "type": "Point", "coordinates": [ 19.350306, 52.231889 ] } },
{ "type": "Feature", "properties": { "ID": 109417912, "yr": 2020, "dt": "2020-09-22T09:07:00", "WOJ": 10, "sev": 1, "c": [ 255, 255, 0, 160 ], "dmg": 0, "sli": 2, "ser": 0, "fat": 0, "row": -1, "mot": -1, "pie": -1, "uto": -1, "uwr": -1 }, "geometry": { "type": "Point", "coordinates": [ 19.693083, 51.665806 ] } },
{ "type": "Feature", "properties": { "ID": 109417717, "yr": 2020, "dt": "2020-09-22T07:15:00", "WOJ": 10, "sev": 1, "c": [ 255, 255, 0, 160 ], "dmg": 1, "sli": 1, "ser": 0, "fat": 0, "row": -1, "mot": -1, "pie": 1, "uto": -1, "uwr": -1 }, "geometry": { "type": "Point", "coordinates": [ 19.136389, 51.587722 ] } },
{ "type": "Feature", "properties": { "ID": 109418848, "yr": 2020, "dt": "2020-09-22T16:14:00", "WOJ": 10, "sev": 1, "c": [ 255, 255, 0, 160 ], "dmg": 2, "sli": 1, "ser": 0, "fat": 0, "row": -1, "mot": -1, "pie": -1, "uto": -1, "uwr": -1 }, "geometry": { "type": "Point", "coordinates": [ 19.071194, 51.872944 ] } },
{ "type": "Feature", "properties": { "ID": 109417869, "yr": 2020, "dt": "2020-09-22T05:40:00", "WOJ": 10, "sev": 1, "c": [ 255, 255, 0, 160 ], "dmg": 2, "sli": 1, "ser": 0, "fat": 0, "row": -1, "mot": -1, "pie": -1, "uto": -1, "uwr": -1 }, "geometry": { "type": "Point", "coordinates": [ 19.428972, 51.398556 ] } },
{ "type": "Feature", "properties": { "ID": 109418961, "yr": 2020, "dt": "2020-09-22T23:34:00", "WOJ": 10, "sev": 1, "c": [ 255, 255, 0, 160 ], "dmg": 1, "sli": 1, "ser": 0, "fat": 0, "row": -1, "mot": -1, "pie": -1, "uto": -1, "uwr": -1 }, "geometry": { "type": "Point", "coordinates": [ 20.145889, 51.938139 ] } },
{ "type": "Feature", "properties": { "ID": 109416981, "yr": 2020, "dt": "2020-09-22T07:30:00", "WOJ": 10, "sev": 1, "c": [ 255, 255, 0, 160 ], "dmg": 1, "sli": 1, "ser": 0, "fat": 0, "row": -1, "mot": -1, "pie": 1, "uto": -1, "uwr": -1 }, "geometry": { "type": "Point", "coordinates": [ 19.35, 51.78975 ] } },
{ "type": "Feature", "properties": { "ID": 109419363, "yr": 2020, "dt": "2020-09-23T07:50:00", "WOJ": 10, "sev": 1, "c": [ 255, 255, 0, 160 ], "dmg": 1, "sli": 1, "ser": 0, "fat": 0, "row": -1, "mot": 1, "pie": -1, "uto": -1, "uwr": -1 }, "geometry": { "type": "Point", "coordinates": [ 20.384778, 51.74825 ] } },
{ "type": "Feature", "properties": { "ID": 109420819, "yr": 2020, "dt": "2020-09-23T12:29:00", "WOJ": 10, "sev": 1, "c": [ 255, 255, 0, 160 ], "dmg": 1, "sli": 1, "ser": 0, "fat": 0, "row": -1, "mot": -1, "pie": -1, "uto": -1, "uwr": -1 }, "geometry": { "type": "Point", "coordinates": [ 19.458222, 51.800806 ] } },
{ "type": "Feature", "properties": { "ID": 109419413, "yr": 2020, "dt": "2020-09-23T08:57:00", "WOJ": 10, "sev": 1, "c": [ 255, 255, 0, 160 ], "dmg": 1, "sli": 1, "ser": 0, "fat": 0, "row": -1, "mot": 1, "pie": -1, "uto": -1, "uwr": -1 }, "geometry": { "type": "Point", "coordinates": [ 18.955028, 51.893 ] } },
{ "type": "Feature", "properties": { "ID": 109419571, "yr": 2020, "dt": "2020-09-23T07:04:00", "WOJ": 10, "sev": 1, "c": [ 255, 255, 0, 160 ], "dmg": 1, "sli": 1, "ser": 0, "fat": 0, "row": 1, "mot": -1, "pie": -1, "uto": -1, "uwr": -1 }, "geometry": { "type": "Point", "coordinates": [ 20.181167, 51.972417 ] } },
{ "type": "Feature", "properties": { "ID": 109424238, "yr": 2020, "dt": "2020-09-24T19:07:00", "WOJ": 10, "sev": 1, "c": [ 255, 255, 0, 160 ], "dmg": 1, "sli": 1, "ser": 0, "fat": 0, "row": -1, "mot": -1, "pie": -1, "uto": -1, "uwr": -1 }, "geometry": { "type": "Point", "coordinates": [ 19.569556, 51.741722 ] } },
{ "type": "Feature", "properties": { "ID": 109421714, "yr": 2020, "dt": "2020-09-24T06:10:00", "WOJ": 10, "sev": 1, "c": [ 255, 255, 0, 160 ], "dmg": 1, "sli": 1, "ser": 0, "fat": 0, "row": -1, "mot": -1, "pie": 1, "uto": -1, "uwr": -1 }, "geometry": { "type": "Point", "coordinates": [ 19.671139, 51.405222 ] } },
{ "type": "Feature", "properties": { "ID": 109422792, "yr": 2020, "dt": "2020-09-24T13:19:00", "WOJ": 10, "sev": 1, "c": [ 255, 255, 0, 160 ], "dmg": 1, "sli": 1, "ser": 0, "fat": 0, "row": 0, "mot": -1, "pie": -1, "uto": -1, "uwr": -1 }, "geometry": { "type": "Point", "coordinates": [ 19.481778, 51.723861 ] } },
{ "type": "Feature", "properties": { "ID": 109423610, "yr": 2020, "dt": "2020-09-24T14:19:00", "WOJ": 10, "sev": 1, "c": [ 255, 255, 0, 160 ], "dmg": 2, "sli": 1, "ser": 0, "fat": 0, "row": -1, "mot": -1, "pie": 1, "uto": -1, "uwr": -1 }, "geometry": { "type": "Point", "coordinates": [ 20.009361, 51.535833 ] } },
{ "type": "Feature", "properties": { "ID": 109423602, "yr": 2020, "dt": "2020-09-24T14:40:00", "WOJ": 10, "sev": 1, "c": [ 255, 255, 0, 160 ], "dmg": 1, "sli": 1, "ser": 0, "fat": 0, "row": -1, "mot": -1, "pie": -1, "uto": -1, "uwr": -1 }, "geometry": { "type": "Point", "coordinates": [ 19.436667, 51.707778 ] } },
{ "type": "Feature", "properties": { "ID": 109421000, "yr": 2020, "dt": "2020-09-24T16:00:00", "WOJ": 10, "sev": 1, "c": [ 255, 255, 0, 160 ], "dmg": 1, "sli": 1, "ser": 0, "fat": 0, "row": 1, "mot": -1, "pie": -1, "uto": -1, "uwr": -1 }, "geometry": { "type": "Point", "coordinates": [ 19.483139, 51.761444 ] } },
{ "type": "Feature", "properties": { "ID": 109423807, "yr": 2020, "dt": "2020-09-24T17:24:00", "WOJ": 10, "sev": 1, "c": [ 255, 255, 0, 160 ], "dmg": 1, "sli": 1, "ser": 0, "fat": 0, "row": -1, "mot": -1, "pie": 1, "uto": -1, "uwr": -1 }, "geometry": { "type": "Point", "coordinates": [ 19.438889, 51.767194 ] } },
{ "type": "Feature", "properties": { "ID": 109421708, "yr": 2020, "dt": "2020-09-24T09:26:38", "WOJ": 10, "sev": 1, "c": [ 255, 255, 0, 160 ], "dmg": 1, "sli": 1, "ser": 0, "fat": 0, "row": -1, "mot": -1, "pie": 1, "uto": -1, "uwr": -1 }, "geometry": { "type": "Point", "coordinates": [ 19.454361, 51.786778 ] } },
{ "type": "Feature", "properties": { "ID": 109425833, "yr": 2020, "dt": "2020-09-25T17:36:00", "WOJ": 10, "sev": 1, "c": [ 255, 255, 0, 160 ], "dmg": 3, "sli": 2, "ser": 0, "fat": 0, "row": -1, "mot": -1, "pie": -1, "uto": -1, "uwr": -1 }, "geometry": { "type": "Point", "coordinates": [ 19.403944, 51.761083 ] } },
{ "type": "Feature", "properties": { "ID": 109424887, "yr": 2020, "dt": "2020-09-25T08:34:00", "WOJ": 10, "sev": 1, "c": [ 255, 255, 0, 160 ], "dmg": 1, "sli": 1, "ser": 0, "fat": 0, "row": -1, "mot": 1, "pie": -1, "uto": -1, "uwr": -1 }, "geometry": { "type": "Point", "coordinates": [ 19.687222, 51.397361 ] } },
{ "type": "Feature", "properties": { "ID": 109421345, "yr": 2020, "dt": "2020-09-25T13:30:00", "WOJ": 10, "sev": 1, "c": [ 255, 255, 0, 160 ], "dmg": 1, "sli": 1, "ser": 0, "fat": 0, "row": 1, "mot": -1, "pie": -1, "uto": -1, "uwr": -1 }, "geometry": { "type": "Point", "coordinates": [ 19.687694, 51.591167 ] } },
{ "type": "Feature", "properties": { "ID": 109421198, "yr": 2020, "dt": "2020-09-25T07:20:00", "WOJ": 10, "sev": 1, "c": [ 255, 255, 0, 160 ], "dmg": 1, "sli": 1, "ser": 0, "fat": 0, "row": 1, "mot": -1, "pie": -1, "uto": -1, "uwr": -1 }, "geometry": { "type": "Point", "coordinates": [ 18.318611, 51.241944 ] } },
{ "type": "Feature", "properties": { "ID": 109425155, "yr": 2020, "dt": "2020-09-25T15:26:00", "WOJ": 10, "sev": 1, "c": [ 255, 255, 0, 160 ], "dmg": 1, "sli": 1, "ser": 0, "fat": 0, "row": -1, "mot": -1, "pie": -1, "uto": -1, "uwr": -1 }, "geometry": { "type": "Point", "coordinates": [ 20.156194, 51.96275 ] } },
{ "type": "Feature", "properties": { "ID": 109428202, "yr": 2020, "dt": "2020-09-26T15:33:00", "WOJ": 10, "sev": 1, "c": [ 255, 255, 0, 160 ], "dmg": 2, "sli": 1, "ser": 0, "fat": 0, "row": -1, "mot": -1, "pie": 1, "uto": -1, "uwr": -1 }, "geometry": { "type": "Point", "coordinates": [ 19.486, 51.715472 ] } },
{ "type": "Feature", "properties": { "ID": 109427942, "yr": 2020, "dt": "2020-09-26T10:30:00", "WOJ": 10, "sev": 1, "c": [ 255, 255, 0, 160 ], "dmg": 2, "sli": 1, "ser": 0, "fat": 0, "row": -1, "mot": -1, "pie": 1, "uto": -1, "uwr": -1 }, "geometry": { "type": "Point", "coordinates": [ 19.617611, 51.356 ] } },
{ "type": "Feature", "properties": { "ID": 109428214, "yr": 2020, "dt": "2020-09-26T13:22:00", "WOJ": 10, "sev": 1, "c": [ 255, 255, 0, 160 ], "dmg": 1, "sli": 1, "ser": 0, "fat": 0, "row": -1, "mot": -1, "pie": -1, "uto": -1, "uwr": -1 }, "geometry": { "type": "Point", "coordinates": [ 20.176667, 51.362861 ] } },
{ "type": "Feature", "properties": { "ID": 109428179, "yr": 2020, "dt": "2020-09-26T11:27:00", "WOJ": 10, "sev": 1, "c": [ 255, 255, 0, 160 ], "dmg": 2, "sli": 1, "ser": 0, "fat": 0, "row": -1, "mot": -1, "pie": -1, "uto": -1, "uwr": -1 }, "geometry": { "type": "Point", "coordinates": [ 19.353, 51.657889 ] } },
{ "type": "Feature", "properties": { "ID": 109428173, "yr": 2020, "dt": "2020-09-26T14:00:00", "WOJ": 10, "sev": 1, "c": [ 255, 255, 0, 160 ], "dmg": 1, "sli": 1, "ser": 0, "fat": 0, "row": -1, "mot": -1, "pie": -1, "uto": -1, "uwr": -1 }, "geometry": { "type": "Point", "coordinates": [ 19.431083, 52.2215 ] } },
{ "type": "Feature", "properties": { "ID": 109428982, "yr": 2020, "dt": "2020-09-27T09:50:00", "WOJ": 10, "sev": 1, "c": [ 255, 255, 0, 160 ], "dmg": 0, "sli": 2, "ser": 0, "fat": 0, "row": -1, "mot": -1, "pie": -1, "uto": -1, "uwr": -1 }, "geometry": { "type": "Point", "coordinates": [ 19.286722, 52.320778 ] } },
{ "type": "Feature", "properties": { "ID": 109428734, "yr": 2020, "dt": "2020-09-27T00:51:00", "WOJ": 10, "sev": 1, "c": [ 255, 255, 0, 160 ], "dmg": 2, "sli": 2, "ser": 0, "fat": 0, "row": -1, "mot": -1, "pie": -1, "uto": -1, "uwr": -1 }, "geometry": { "type": "Point", "coordinates": [ 19.448639, 51.758306 ] } },
{ "type": "Feature", "properties": { "ID": 109429538, "yr": 2020, "dt": "2020-09-27T18:55:00", "WOJ": 10, "sev": 1, "c": [ 255, 255, 0, 160 ], "dmg": 1, "sli": 1, "ser": 0, "fat": 0, "row": -1, "mot": -1, "pie": 1, "uto": -1, "uwr": -1 }, "geometry": { "type": "Point", "coordinates": [ 19.933361, 52.103167 ] } },
{ "type": "Feature", "properties": { "ID": 109429097, "yr": 2020, "dt": "2020-09-27T11:20:00", "WOJ": 10, "sev": 1, "c": [ 255, 255, 0, 160 ], "dmg": 1, "sli": 1, "ser": 0, "fat": 0, "row": -1, "mot": -1, "pie": -1, "uto": -1, "uwr": -1 }, "geometry": { "type": "Point", "coordinates": [ 20.122444, 51.529778 ] } },
{ "type": "Feature", "properties": { "ID": 109430296, "yr": 2020, "dt": "2020-09-28T15:18:00", "WOJ": 10, "sev": 1, "c": [ 255, 255, 0, 160 ], "dmg": 0, "sli": 1, "ser": 0, "fat": 0, "row": -1, "mot": -1, "pie": -1, "uto": -1, "uwr": -1 }, "geometry": { "type": "Point", "coordinates": [ 20.027917, 51.454806 ] } },
{ "type": "Feature", "properties": { "ID": 109430680, "yr": 2020, "dt": "2020-09-28T14:45:00", "WOJ": 10, "sev": 1, "c": [ 255, 255, 0, 160 ], "dmg": 1, "sli": 2, "ser": 0, "fat": 0, "row": -1, "mot": -1, "pie": -1, "uto": -1, "uwr": -1 }, "geometry": { "type": "Point", "coordinates": [ 18.944333, 51.596667 ] } },
{ "type": "Feature", "properties": { "ID": 109430070, "yr": 2020, "dt": "2020-09-28T11:06:00", "WOJ": 10, "sev": 1, "c": [ 255, 255, 0, 160 ], "dmg": 1, "sli": 1, "ser": 0, "fat": 0, "row": -1, "mot": -1, "pie": 1, "uto": -1, "uwr": -1 }, "geometry": { "type": "Point", "coordinates": [ 19.450389, 51.079417 ] } },
{ "type": "Feature", "properties": { "ID": 109427491, "yr": 2020, "dt": "2020-09-28T17:50:00", "WOJ": 10, "sev": 1, "c": [ 255, 255, 0, 160 ], "dmg": 1, "sli": 2, "ser": 0, "fat": 0, "row": -1, "mot": -1, "pie": -1, "uto": -1, "uwr": -1 }, "geometry": { "type": "Point", "coordinates": [ 19.626583, 51.38625 ] } },
{ "type": "Feature", "properties": { "ID": 109429799, "yr": 2020, "dt": "2020-09-28T06:30:00", "WOJ": 10, "sev": 1, "c": [ 255, 255, 0, 160 ], "dmg": 1, "sli": 1, "ser": 0, "fat": 0, "row": 1, "mot": -1, "pie": -1, "uto": -1, "uwr": -1 }, "geometry": { "type": "Point", "coordinates": [ 19.402444, 51.850833 ] } },
{ "type": "Feature", "properties": { "ID": 109431852, "yr": 2020, "dt": "2020-09-29T18:30:00", "WOJ": 10, "sev": 1, "c": [ 255, 255, 0, 160 ], "dmg": 1, "sli": 1, "ser": 0, "fat": 0, "row": -1, "mot": -1, "pie": 1, "uto": -1, "uwr": -1 }, "geometry": { "type": "Point", "coordinates": [ 18.943306, 51.601694 ] } },
{ "type": "Feature", "properties": { "ID": 109431410, "yr": 2020, "dt": "2020-09-29T11:14:00", "WOJ": 10, "sev": 1, "c": [ 255, 255, 0, 160 ], "dmg": 1, "sli": 1, "ser": 0, "fat": 0, "row": -1, "mot": -1, "pie": -1, "uto": -1, "uwr": -1 }, "geometry": { "type": "Point", "coordinates": [ 19.468694, 51.760333 ] } },
{ "type": "Feature", "properties": { "ID": 109433248, "yr": 2020, "dt": "2020-09-29T18:39:00", "WOJ": 10, "sev": 1, "c": [ 255, 255, 0, 160 ], "dmg": 1, "sli": 2, "ser": 0, "fat": 0, "row": -1, "mot": -1, "pie": -1, "uto": -1, "uwr": -1 }, "geometry": { "type": "Point", "coordinates": [ 20.151778, 51.955861 ] } },
{ "type": "Feature", "properties": { "ID": 109431345, "yr": 2020, "dt": "2020-09-29T08:24:00", "WOJ": 10, "sev": 1, "c": [ 255, 255, 0, 160 ], "dmg": 1, "sli": 2, "ser": 0, "fat": 0, "row": -1, "mot": -1, "pie": -1, "uto": -1, "uwr": -1 }, "geometry": { "type": "Point", "coordinates": [ 20.050972, 51.608361 ] } },
{ "type": "Feature", "properties": { "ID": 109434998, "yr": 2020, "dt": "2020-09-30T18:17:00", "WOJ": 10, "sev": 1, "c": [ 255, 255, 0, 160 ], "dmg": 1, "sli": 1, "ser": 0, "fat": 0, "row": -1, "mot": -1, "pie": -1, "uto": -1, "uwr": -1 }, "geometry": { "type": "Point", "coordinates": [ 20.154111, 51.964472 ] } },
{ "type": "Feature", "properties": { "ID": 109435235, "yr": 2020, "dt": "2020-09-30T21:15:00", "WOJ": 10, "sev": 1, "c": [ 255, 255, 0, 160 ], "dmg": 0, "sli": 1, "ser": 0, "fat": 0, "row": -1, "mot": -1, "pie": -1, "uto": -1, "uwr": -1 }, "geometry": { "type": "Point", "coordinates": [ 20.183056, 51.382917 ] } },
{ "type": "Feature", "properties": { "ID": 109434207, "yr": 2020, "dt": "2020-09-30T11:30:00", "WOJ": 10, "sev": 1, "c": [ 255, 255, 0, 160 ], "dmg": 1, "sli": 1, "ser": 0, "fat": 0, "row": -1, "mot": -1, "pie": -1, "uto": -1, "uwr": -1 }, "geometry": { "type": "Point", "coordinates": [ 19.717194, 52.179417 ] } },
{ "type": "Feature", "properties": { "ID": 109433976, "yr": 2020, "dt": "2020-09-30T10:20:00", "WOJ": 10, "sev": 1, "c": [ 255, 255, 0, 160 ], "dmg": 0, "sli": 1, "ser": 0, "fat": 0, "row": -1, "mot": -1, "pie": -1, "uto": -1, "uwr": -1 }, "geometry": { "type": "Point", "coordinates": [ 20.219167, 51.713472 ] } },
{ "type": "Feature", "properties": { "ID": 109435822, "yr": 2020, "dt": "2020-10-01T08:40:00", "WOJ": 10, "sev": 1, "c": [ 255, 255, 0, 160 ], "dmg": 0, "sli": 1, "ser": 0, "fat": 0, "row": -1, "mot": -1, "pie": -1, "uto": -1, "uwr": -1 }, "geometry": { "type": "Point", "coordinates": [ 19.21125, 52.191694 ] } },
{ "type": "Feature", "properties": { "ID": 109436901, "yr": 2020, "dt": "2020-10-01T19:00:00", "WOJ": 10, "sev": 1, "c": [ 255, 255, 0, 160 ], "dmg": 1, "sli": 1, "ser": 0, "fat": 0, "row": -1, "mot": -1, "pie": 1, "uto": -1, "uwr": -1 }, "geometry": { "type": "Point", "coordinates": [ 19.4995, 51.198806 ] } },
{ "type": "Feature", "properties": { "ID": 109436298, "yr": 2020, "dt": "2020-10-01T13:39:00", "WOJ": 10, "sev": 1, "c": [ 255, 255, 0, 160 ], "dmg": 1, "sli": 1, "ser": 0, "fat": 0, "row": -1, "mot": -1, "pie": 1, "uto": -1, "uwr": -1 }, "geometry": { "type": "Point", "coordinates": [ 19.449472, 51.786139 ] } },
{ "type": "Feature", "properties": { "ID": 109436301, "yr": 2020, "dt": "2020-10-01T10:30:00", "WOJ": 10, "sev": 1, "c": [ 255, 255, 0, 160 ], "dmg": 1, "sli": 1, "ser": 0, "fat": 0, "row": -1, "mot": -1, "pie": -1, "uto": -1, "uwr": -1 }, "geometry": { "type": "Point", "coordinates": [ 19.64375, 51.305861 ] } },
{ "type": "Feature", "properties": { "ID": 109436635, "yr": 2020, "dt": "2020-10-01T11:15:00", "WOJ": 10, "sev": 1, "c": [ 255, 255, 0, 160 ], "dmg": 1, "sli": 1, "ser": 0, "fat": 0, "row": 1, "mot": -1, "pie": -1, "uto": -1, "uwr": -1 }, "geometry": { "type": "Point", "coordinates": [ 19.630167, 51.293028 ] } },
{ "type": "Feature", "properties": { "ID": 109436668, "yr": 2020, "dt": "2020-10-01T17:03:00", "WOJ": 10, "sev": 1, "c": [ 255, 255, 0, 160 ], "dmg": 1, "sli": 1, "ser": 0, "fat": 0, "row": -1, "mot": -1, "pie": -1, "uto": -1, "uwr": -1 }, "geometry": { "type": "Point", "coordinates": [ 19.484083, 51.761306 ] } },
{ "type": "Feature", "properties": { "ID": 109437004, "yr": 2020, "dt": "2020-10-01T17:05:00", "WOJ": 10, "sev": 1, "c": [ 255, 255, 0, 160 ], "dmg": 1, "sli": 1, "ser": 0, "fat": 0, "row": -1, "mot": -1, "pie": -1, "uto": -1, "uwr": -1 }, "geometry": { "type": "Point", "coordinates": [ 19.696778, 51.419583 ] } },
{ "type": "Feature", "properties": { "ID": 109438890, "yr": 2020, "dt": "2020-10-02T17:05:00", "WOJ": 10, "sev": 1, "c": [ 255, 255, 0, 160 ], "dmg": 2, "sli": 1, "ser": 0, "fat": 0, "row": -1, "mot": -1, "pie": -1, "uto": -1, "uwr": -1 }, "geometry": { "type": "Point", "coordinates": [ 19.365056, 52.233667 ] } },
{ "type": "Feature", "properties": { "ID": 109437593, "yr": 2020, "dt": "2020-10-02T10:54:00", "WOJ": 10, "sev": 1, "c": [ 255, 255, 0, 160 ], "dmg": 0, "sli": 2, "ser": 0, "fat": 0, "row": -1, "mot": -1, "pie": -1, "uto": -1, "uwr": -1 }, "geometry": { "type": "Point", "coordinates": [ 19.471944, 51.7635 ] } },
{ "type": "Feature", "properties": { "ID": 109441339, "yr": 2020, "dt": "2020-10-02T18:30:00", "WOJ": 10, "sev": 1, "c": [ 255, 255, 0, 160 ], "dmg": 1, "sli": 1, "ser": 0, "fat": 0, "row": -1, "mot": -1, "pie": 1, "uto": -1, "uwr": -1 }, "geometry": { "type": "Point", "coordinates": [ 20.009806, 51.536778 ] } },
{ "type": "Feature", "properties": { "ID": 109432472, "yr": 2020, "dt": "2020-10-03T21:30:00", "WOJ": 10, "sev": 1, "c": [ 255, 255, 0, 160 ], "dmg": 2, "sli": 1, "ser": 0, "fat": 0, "row": 1, "mot": -1, "pie": -1, "uto": -1, "uwr": -1 }, "geometry": { "type": "Point", "coordinates": [ 19.676972, 51.40525 ] } },
{ "type": "Feature", "properties": { "ID": 109443634, "yr": 2020, "dt": "2020-10-03T17:30:00", "WOJ": 10, "sev": 1, "c": [ 255, 255, 0, 160 ], "dmg": 1, "sli": 1, "ser": 0, "fat": 0, "row": 1, "mot": -1, "pie": -1, "uto": -1, "uwr": -1 }, "geometry": { "type": "Point", "coordinates": [ 19.482722, 51.773556 ] } },
{ "type": "Feature", "properties": { "ID": 109439301, "yr": 2020, "dt": "2020-10-03T08:02:00", "WOJ": 10, "sev": 1, "c": [ 255, 255, 0, 160 ], "dmg": 2, "sli": 1, "ser": 0, "fat": 0, "row": -1, "mot": -1, "pie": -1, "uto": -1, "uwr": -1 }, "geometry": { "type": "Point", "coordinates": [ 20.243306, 52.07525 ] } },
{ "type": "Feature", "properties": { "ID": 109439290, "yr": 2020, "dt": "2020-10-03T09:46:42", "WOJ": 10, "sev": 1, "c": [ 255, 255, 0, 160 ], "dmg": 1, "sli": 1, "ser": 0, "fat": 0, "row": -1, "mot": -1, "pie": -1, "uto": -1, "uwr": -1 }, "geometry": { "type": "Point", "coordinates": [ 19.477861, 51.776333 ] } },
{ "type": "Feature", "properties": { "ID": 109441677, "yr": 2020, "dt": "2020-10-04T15:55:00", "WOJ": 10, "sev": 1, "c": [ 255, 255, 0, 160 ], "dmg": 1, "sli": 1, "ser": 0, "fat": 0, "row": -1, "mot": -1, "pie": -1, "uto": -1, "uwr": -1 }, "geometry": { "type": "Point", "coordinates": [ 20.301722, 51.724361 ] } },
{ "type": "Feature", "properties": { "ID": 109440786, "yr": 2020, "dt": "2020-10-04T13:40:00", "WOJ": 10, "sev": 1, "c": [ 255, 255, 0, 160 ], "dmg": 1, "sli": 1, "ser": 0, "fat": 0, "row": -1, "mot": -1, "pie": -1, "uto": -1, "uwr": -1 }, "geometry": { "type": "Point", "coordinates": [ 19.321694, 52.363889 ] } },
{ "type": "Feature", "properties": { "ID": 109440643, "yr": 2020, "dt": "2020-10-04T09:45:00", "WOJ": 10, "sev": 1, "c": [ 255, 255, 0, 160 ], "dmg": 0, "sli": 1, "ser": 0, "fat": 0, "row": -1, "mot": -1, "pie": -1, "uto": -1, "uwr": -1 }, "geometry": { "type": "Point", "coordinates": [ 18.812778, 51.918944 ] } },
{ "type": "Feature", "properties": { "ID": 109443501, "yr": 2020, "dt": "2020-10-05T20:19:00", "WOJ": 10, "sev": 1, "c": [ 255, 255, 0, 160 ], "dmg": 1, "sli": 1, "ser": 0, "fat": 0, "row": -1, "mot": -1, "pie": -1, "uto": -1, "uwr": -1 }, "geometry": { "type": "Point", "coordinates": [ 19.385083, 51.427778 ] } },
{ "type": "Feature", "properties": { "ID": 109443305, "yr": 2020, "dt": "2020-10-05T15:10:00", "WOJ": 10, "sev": 1, "c": [ 255, 255, 0, 160 ], "dmg": 1, "sli": 1, "ser": 0, "fat": 0, "row": -1, "mot": -1, "pie": -1, "uto": -1, "uwr": -1 }, "geometry": { "type": "Point", "coordinates": [ 19.143389, 51.587806 ] } },
{ "type": "Feature", "properties": { "ID": 109442582, "yr": 2020, "dt": "2020-10-05T07:15:00", "WOJ": 10, "sev": 1, "c": [ 255, 255, 0, 160 ], "dmg": 1, "sli": 1, "ser": 0, "fat": 0, "row": 1, "mot": -1, "pie": -1, "uto": -1, "uwr": -1 }, "geometry": { "type": "Point", "coordinates": [ 19.574167, 51.214556 ] } },
{ "type": "Feature", "properties": { "ID": 109443492, "yr": 2020, "dt": "2020-10-05T17:10:00", "WOJ": 10, "sev": 1, "c": [ 255, 255, 0, 160 ], "dmg": 2, "sli": 1, "ser": 0, "fat": 0, "row": -1, "mot": -1, "pie": -1, "uto": -1, "uwr": -1 }, "geometry": { "type": "Point", "coordinates": [ 19.542639, 51.600056 ] } },
{ "type": "Feature", "properties": { "ID": 109443637, "yr": 2020, "dt": "2020-10-05T15:40:00", "WOJ": 10, "sev": 1, "c": [ 255, 255, 0, 160 ], "dmg": 2, "sli": 2, "ser": 0, "fat": 0, "row": -1, "mot": -1, "pie": 0, "uto": -1, "uwr": -1 }, "geometry": { "type": "Point", "coordinates": [ 19.503333, 51.749333 ] } },
{ "type": "Feature", "properties": { "ID": 109443120, "yr": 2020, "dt": "2020-10-05T15:46:00", "WOJ": 10, "sev": 1, "c": [ 255, 255, 0, 160 ], "dmg": 1, "sli": 1, "ser": 0, "fat": 0, "row": 1, "mot": -1, "pie": -1, "uto": -1, "uwr": -1 }, "geometry": { "type": "Point", "coordinates": [ 19.540333, 51.760028 ] } },
{ "type": "Feature", "properties": { "ID": 109442170, "yr": 2020, "dt": "2020-10-05T13:10:00", "WOJ": 10, "sev": 1, "c": [ 255, 255, 0, 160 ], "dmg": 1, "sli": 1, "ser": 0, "fat": 0, "row": -1, "mot": -1, "pie": -1, "uto": -1, "uwr": -1 }, "geometry": { "type": "Point", "coordinates": [ 19.401944, 51.85 ] } },
{ "type": "Feature", "properties": { "ID": 109443662, "yr": 2020, "dt": "2020-10-06T08:51:00", "WOJ": 10, "sev": 1, "c": [ 255, 255, 0, 160 ], "dmg": 1, "sli": 1, "ser": 0, "fat": 0, "row": -1, "mot": -1, "pie": 1, "uto": -1, "uwr": -1 }, "geometry": { "type": "Point", "coordinates": [ 19.453389, 51.731889 ] } },
{ "type": "Feature", "properties": { "ID": 109443922, "yr": 2020, "dt": "2020-10-06T08:30:00", "WOJ": 10, "sev": 1, "c": [ 255, 255, 0, 160 ], "dmg": 1, "sli": 1, "ser": 0, "fat": 0, "row": -1, "mot": -1, "pie": 1, "uto": -1, "uwr": -1 }, "geometry": { "type": "Point", "coordinates": [ 19.365139, 52.227972 ] } },
{ "type": "Feature", "properties": { "ID": 109446068, "yr": 2020, "dt": "2020-10-06T15:50:00", "WOJ": 10, "sev": 1, "c": [ 255, 255, 0, 160 ], "dmg": 1, "sli": 1, "ser": 0, "fat": 0, "row": -1, "mot": 1, "pie": -1, "uto": -1, "uwr": -1 }, "geometry": { "type": "Point", "coordinates": [ 19.660833, 51.412889 ] } },
{ "type": "Feature", "properties": { "ID": 109446069, "yr": 2020, "dt": "2020-10-06T16:20:00", "WOJ": 10, "sev": 1, "c": [ 255, 255, 0, 160 ], "dmg": 1, "sli": 1, "ser": 0, "fat": 0, "row": 1, "mot": -1, "pie": -1, "uto": -1, "uwr": -1 }, "geometry": { "type": "Point", "coordinates": [ 19.673056, 51.412806 ] } },
{ "type": "Feature", "properties": { "ID": 109446702, "yr": 2020, "dt": "2020-10-06T09:00:00", "WOJ": 10, "sev": 1, "c": [ 255, 255, 0, 160 ], "dmg": 2, "sli": 1, "ser": 0, "fat": 0, "row": -1, "mot": -1, "pie": -1, "uto": -1, "uwr": -1 }, "geometry": { "type": "Point", "coordinates": [ 20.105139, 51.568722 ] } },
{ "type": "Feature", "properties": { "ID": 109444714, "yr": 2020, "dt": "2020-10-06T12:38:00", "WOJ": 10, "sev": 1, "c": [ 255, 255, 0, 160 ], "dmg": 1, "sli": 1, "ser": 0, "fat": 0, "row": -1, "mot": -1, "pie": -1, "uto": -1, "uwr": -1 }, "geometry": { "type": "Point", "coordinates": [ 19.473639, 51.756111 ] } },
{ "type": "Feature", "properties": { "ID": 109446360, "yr": 2020, "dt": "2020-10-06T17:05:00", "WOJ": 10, "sev": 1, "c": [ 255, 255, 0, 160 ], "dmg": 1, "sli": 1, "ser": 0, "fat": 0, "row": -1, "mot": -1, "pie": 1, "uto": -1, "uwr": -1 }, "geometry": { "type": "Point", "coordinates": [ 19.598722, 51.316583 ] } },
{ "type": "Feature", "properties": { "ID": 109443579, "yr": 2020, "dt": "2020-10-06T03:00:00", "WOJ": 10, "sev": 1, "c": [ 255, 255, 0, 160 ], "dmg": 0, "sli": 2, "ser": 0, "fat": 0, "row": -1, "mot": -1, "pie": -1, "uto": -1, "uwr": -1 }, "geometry": { "type": "Point", "coordinates": [ 19.913056, 51.348333 ] } },
{ "type": "Feature", "properties": { "ID": 109443585, "yr": 2020, "dt": "2020-10-06T06:04:00", "WOJ": 10, "sev": 1, "c": [ 255, 255, 0, 160 ], "dmg": 1, "sli": 1, "ser": 0, "fat": 0, "row": -1, "mot": -1, "pie": -1, "uto": -1, "uwr": -1 }, "geometry": { "type": "Point", "coordinates": [ 19.489083, 51.737444 ] } },
{ "type": "Feature", "properties": { "ID": 109445526, "yr": 2020, "dt": "2020-10-07T00:00:00", "WOJ": 10, "sev": 1, "c": [ 255, 255, 0, 160 ], "dmg": 1, "sli": 1, "ser": 0, "fat": 0, "row": -1, "mot": -1, "pie": -1, "uto": -1, "uwr": -1 }, "geometry": { "type": "Point", "coordinates": [ 18.960667, 51.611056 ] } },
{ "type": "Feature", "properties": { "ID": 109446528, "yr": 2020, "dt": "2020-10-07T05:41:00", "WOJ": 10, "sev": 1, "c": [ 255, 255, 0, 160 ], "dmg": 1, "sli": 1, "ser": 0, "fat": 0, "row": -1, "mot": -1, "pie": 1, "uto": -1, "uwr": -1 }, "geometry": { "type": "Point", "coordinates": [ 19.475556, 51.672806 ] } },
{ "type": "Feature", "properties": { "ID": 109448391, "yr": 2020, "dt": "2020-10-07T16:41:00", "WOJ": 10, "sev": 1, "c": [ 255, 255, 0, 160 ], "dmg": 1, "sli": 1, "ser": 0, "fat": 0, "row": -1, "mot": -1, "pie": -1, "uto": -1, "uwr": -1 }, "geometry": { "type": "Point", "coordinates": [ 19.600833, 51.900667 ] } },
{ "type": "Feature", "properties": { "ID": 109448513, "yr": 2020, "dt": "2020-10-07T19:23:00", "WOJ": 10, "sev": 1, "c": [ 255, 255, 0, 160 ], "dmg": 3, "sli": 1, "ser": 0, "fat": 0, "row": -1, "mot": -1, "pie": -1, "uto": -1, "uwr": -1 }, "geometry": { "type": "Point", "coordinates": [ 19.244889, 51.547667 ] } },
{ "type": "Feature", "properties": { "ID": 109446661, "yr": 2020, "dt": "2020-10-07T09:09:00", "WOJ": 10, "sev": 1, "c": [ 255, 255, 0, 160 ], "dmg": 0, "sli": 1, "ser": 0, "fat": 0, "row": -1, "mot": 1, "pie": -1, "uto": -1, "uwr": -1 }, "geometry": { "type": "Point", "coordinates": [ 19.43675, 51.750389 ] } },
{ "type": "Feature", "properties": { "ID": 109447617, "yr": 2020, "dt": "2020-10-07T11:10:00", "WOJ": 10, "sev": 1, "c": [ 255, 255, 0, 160 ], "dmg": 1, "sli": 1, "ser": 0, "fat": 0, "row": -1, "mot": -1, "pie": -1, "uto": -1, "uwr": -1 }, "geometry": { "type": "Point", "coordinates": [ 19.472583, 51.747444 ] } },
{ "type": "Feature", "properties": { "ID": 109449523, "yr": 2020, "dt": "2020-10-08T16:45:00", "WOJ": 10, "sev": 1, "c": [ 255, 255, 0, 160 ], "dmg": 2, "sli": 1, "ser": 0, "fat": 0, "row": -1, "mot": -1, "pie": -1, "uto": -1, "uwr": -1 }, "geometry": { "type": "Point", "coordinates": [ 19.542361, 51.290722 ] } },
{ "type": "Feature", "properties": { "ID": 109450575, "yr": 2020, "dt": "2020-10-08T18:30:00", "WOJ": 10, "sev": 1, "c": [ 255, 255, 0, 160 ], "dmg": 1, "sli": 1, "ser": 0, "fat": 0, "row": -1, "mot": -1, "pie": 1, "uto": -1, "uwr": -1 }, "geometry": { "type": "Point", "coordinates": [ 19.190167, 52.057611 ] } },
{ "type": "Feature", "properties": { "ID": 109449980, "yr": 2020, "dt": "2020-10-08T13:54:00", "WOJ": 10, "sev": 1, "c": [ 255, 255, 0, 160 ], "dmg": 1, "sli": 1, "ser": 0, "fat": 0, "row": -1, "mot": -1, "pie": -1, "uto": -1, "uwr": -1 }, "geometry": { "type": "Point", "coordinates": [ 19.45725, 51.74475 ] } },
{ "type": "Feature", "properties": { "ID": 109449619, "yr": 2020, "dt": "2020-10-08T05:30:00", "WOJ": 10, "sev": 1, "c": [ 255, 255, 0, 160 ], "dmg": 1, "sli": 1, "ser": 0, "fat": 0, "row": -1, "mot": -1, "pie": -1, "uto": -1, "uwr": -1 }, "geometry": { "type": "Point", "coordinates": [ 19.36475, 52.228194 ] } },
{ "type": "Feature", "properties": { "ID": 109450038, "yr": 2020, "dt": "2020-10-08T16:53:00", "WOJ": 10, "sev": 1, "c": [ 255, 255, 0, 160 ], "dmg": 1, "sli": 1, "ser": 0, "fat": 0, "row": 1, "mot": -1, "pie": -1, "uto": -1, "uwr": -1 }, "geometry": { "type": "Point", "coordinates": [ 19.569556, 51.741722 ] } },
{ "type": "Feature", "properties": { "ID": 109453366, "yr": 2020, "dt": "2020-10-09T09:40:00", "WOJ": 10, "sev": 1, "c": [ 255, 255, 0, 160 ], "dmg": 2, "sli": 1, "ser": 0, "fat": 0, "row": -1, "mot": -1, "pie": -1, "uto": -1, "uwr": -1 }, "geometry": { "type": "Point", "coordinates": [ 18.496361, 51.255667 ] } },
{ "type": "Feature", "properties": { "ID": 109453099, "yr": 2020, "dt": "2020-10-09T13:20:00", "WOJ": 10, "sev": 1, "c": [ 255, 255, 0, 160 ], "dmg": 0, "sli": 1, "ser": 0, "fat": 0, "row": -1, "mot": -1, "pie": -1, "uto": -1, "uwr": -1 }, "geometry": { "type": "Point", "coordinates": [ 20.1465, 51.540111 ] } },
{ "type": "Feature", "properties": { "ID": 109452227, "yr": 2020, "dt": "2020-10-09T15:00:00", "WOJ": 10, "sev": 1, "c": [ 255, 255, 0, 160 ], "dmg": 1, "sli": 1, "ser": 0, "fat": 0, "row": -1, "mot": -1, "pie": 1, "uto": -1, "uwr": -1 }, "geometry": { "type": "Point", "coordinates": [ 19.318528, 51.81675 ] } },
{ "type": "Feature", "properties": { "ID": 109453308, "yr": 2020, "dt": "2020-10-09T16:05:00", "WOJ": 10, "sev": 1, "c": [ 255, 255, 0, 160 ], "dmg": 1, "sli": 1, "ser": 0, "fat": 0, "row": -1, "mot": -1, "pie": -1, "uto": -1, "uwr": -1 }, "geometry": { "type": "Point", "coordinates": [ 19.439028, 51.788556 ] } },
{ "type": "Feature", "properties": { "ID": 109451587, "yr": 2020, "dt": "2020-10-09T05:31:00", "WOJ": 10, "sev": 1, "c": [ 255, 255, 0, 160 ], "dmg": 1, "sli": 1, "ser": 0, "fat": 0, "row": 1, "mot": -1, "pie": -1, "uto": -1, "uwr": -1 }, "geometry": { "type": "Point", "coordinates": [ 19.515417, 51.733889 ] } },
{ "type": "Feature", "properties": { "ID": 109452864, "yr": 2020, "dt": "2020-10-09T09:20:00", "WOJ": 10, "sev": 1, "c": [ 255, 255, 0, 160 ], "dmg": 1, "sli": 1, "ser": 0, "fat": 0, "row": -1, "mot": -1, "pie": 1, "uto": -1, "uwr": -1 }, "geometry": { "type": "Point", "coordinates": [ 19.302306, 51.822917 ] } },
{ "type": "Feature", "properties": { "ID": 109452505, "yr": 2020, "dt": "2020-10-10T18:10:00", "WOJ": 10, "sev": 1, "c": [ 255, 255, 0, 160 ], "dmg": 0, "sli": 1, "ser": 0, "fat": 0, "row": -1, "mot": -1, "pie": -1, "uto": -1, "uwr": -1 }, "geometry": { "type": "Point", "coordinates": [ 19.165083, 51.507028 ] } },
{ "type": "Feature", "properties": { "ID": 109452546, "yr": 2020, "dt": "2020-10-10T17:26:00", "WOJ": 10, "sev": 1, "c": [ 255, 255, 0, 160 ], "dmg": 1, "sli": 4, "ser": 0, "fat": 0, "row": -1, "mot": -1, "pie": -1, "uto": -1, "uwr": -1 }, "geometry": { "type": "Point", "coordinates": [ 18.964778, 51.894528 ] } },
{ "type": "Feature", "properties": { "ID": 109452435, "yr": 2020, "dt": "2020-10-10T14:30:00", "WOJ": 10, "sev": 1, "c": [ 255, 255, 0, 160 ], "dmg": 2, "sli": 1, "ser": 0, "fat": 0, "row": -1, "mot": -1, "pie": -1, "uto": -1, "uwr": -1 }, "geometry": { "type": "Point", "coordinates": [ 20.222944, 51.520278 ] } },
{ "type": "Feature", "properties": { "ID": 109452268, "yr": 2020, "dt": "2020-10-10T00:42:00", "WOJ": 10, "sev": 1, "c": [ 255, 255, 0, 160 ], "dmg": 1, "sli": 1, "ser": 0, "fat": 0, "row": -1, "mot": -1, "pie": -1, "uto": -1, "uwr": -1 }, "geometry": { "type": "Point", "coordinates": [ 19.438056, 51.749 ] } },
{ "type": "Feature", "properties": { "ID": 109454429, "yr": 2020, "dt": "2020-10-10T11:20:00", "WOJ": 10, "sev": 1, "c": [ 255, 255, 0, 160 ], "dmg": 2, "sli": 2, "ser": 0, "fat": 0, "row": -1, "mot": -1, "pie": -1, "uto": -1, "uwr": -1 }, "geometry": { "type": "Point", "coordinates": [ 19.2825, 51.820889 ] } },
{ "type": "Feature", "properties": { "ID": 109455929, "yr": 2020, "dt": "2020-10-11T21:03:00", "WOJ": 10, "sev": 1, "c": [ 255, 255, 0, 160 ], "dmg": 1, "sli": 1, "ser": 0, "fat": 0, "row": -1, "mot": -1, "pie": -1, "uto": -1, "uwr": -1 }, "geometry": { "type": "Point", "coordinates": [ 20.143444, 51.944056 ] } },
{ "type": "Feature", "properties": { "ID": 109461807, "yr": 2020, "dt": "2020-10-12T12:20:00", "WOJ": 10, "sev": 1, "c": [ 255, 255, 0, 160 ], "dmg": 1, "sli": 1, "ser": 0, "fat": 0, "row": -1, "mot": -1, "pie": 1, "uto": -1, "uwr": -1 }, "geometry": { "type": "Point", "coordinates": [ 19.892222, 51.353194 ] } },
{ "type": "Feature", "properties": { "ID": 109460420, "yr": 2020, "dt": "2020-10-12T15:00:00", "WOJ": 10, "sev": 1, "c": [ 255, 255, 0, 160 ], "dmg": 0, "sli": 2, "ser": 0, "fat": 0, "row": -1, "mot": -1, "pie": -1, "uto": -1, "uwr": -1 }, "geometry": { "type": "Point", "coordinates": [ 19.536111, 51.208139 ] } },
{ "type": "Feature", "properties": { "ID": 109456514, "yr": 2020, "dt": "2020-10-12T15:40:00", "WOJ": 10, "sev": 1, "c": [ 255, 255, 0, 160 ], "dmg": 0, "sli": 2, "ser": 0, "fat": 0, "row": -1, "mot": -1, "pie": -1, "uto": -1, "uwr": -1 }, "geometry": { "type": "Point", "coordinates": [ 19.385, 52.221444 ] } },
{ "type": "Feature", "properties": { "ID": 109459035, "yr": 2020, "dt": "2020-10-12T07:40:00", "WOJ": 10, "sev": 1, "c": [ 255, 255, 0, 160 ], "dmg": 1, "sli": 1, "ser": 0, "fat": 0, "row": -1, "mot": -1, "pie": 1, "uto": -1, "uwr": -1 }, "geometry": { "type": "Point", "coordinates": [ 19.4695, 51.744167 ] } },
{ "type": "Feature", "properties": { "ID": 109461811, "yr": 2020, "dt": "2020-10-12T10:40:00", "WOJ": 10, "sev": 1, "c": [ 255, 255, 0, 160 ], "dmg": 1, "sli": 1, "ser": 0, "fat": 0, "row": 1, "mot": -1, "pie": -1, "uto": -1, "uwr": -1 }, "geometry": { "type": "Point", "coordinates": [ 19.950944, 51.24525 ] } },
{ "type": "Feature", "properties": { "ID": 109460097, "yr": 2020, "dt": "2020-10-12T14:13:00", "WOJ": 10, "sev": 1, "c": [ 255, 255, 0, 160 ], "dmg": 2, "sli": 1, "ser": 0, "fat": 0, "row": -1, "mot": -1, "pie": -1, "uto": -1, "uwr": -1 }, "geometry": { "type": "Point", "coordinates": [ 20.004944, 51.529361 ] } },
{ "type": "Feature", "properties": { "ID": 109460415, "yr": 2020, "dt": "2020-10-12T17:45:00", "WOJ": 10, "sev": 1, "c": [ 255, 255, 0, 160 ], "dmg": 1, "sli": 1, "ser": 0, "fat": 0, "row": -1, "mot": -1, "pie": -1, "uto": -1, "uwr": -1 }, "geometry": { "type": "Point", "coordinates": [ 19.416389, 51.84275 ] } },
{ "type": "Feature", "properties": { "ID": 109456513, "yr": 2020, "dt": "2020-10-12T18:40:00", "WOJ": 10, "sev": 1, "c": [ 255, 255, 0, 160 ], "dmg": 1, "sli": 1, "ser": 0, "fat": 0, "row": 1, "mot": -1, "pie": -1, "uto": -1, "uwr": -1 }, "geometry": { "type": "Point", "coordinates": [ 18.222667, 51.40175 ] } },
{ "type": "Feature", "properties": { "ID": 109463136, "yr": 2020, "dt": "2020-10-13T09:55:00", "WOJ": 10, "sev": 1, "c": [ 255, 255, 0, 160 ], "dmg": 0, "sli": 2, "ser": 0, "fat": 0, "row": -1, "mot": -1, "pie": -1, "uto": -1, "uwr": -1 }, "geometry": { "type": "Point", "coordinates": [ 20.117389, 51.304083 ] } },
{ "type": "Feature", "properties": { "ID": 109462022, "yr": 2020, "dt": "2020-10-13T12:25:00", "WOJ": 10, "sev": 1, "c": [ 255, 255, 0, 160 ], "dmg": 1, "sli": 1, "ser": 0, "fat": 0, "row": -1, "mot": -1, "pie": -1, "uto": -1, "uwr": -1 }, "geometry": { "type": "Point", "coordinates": [ 19.169806, 52.053306 ] } },
{ "type": "Feature", "properties": { "ID": 109461836, "yr": 2020, "dt": "2020-10-13T07:10:00", "WOJ": 10, "sev": 1, "c": [ 255, 255, 0, 160 ], "dmg": 1, "sli": 1, "ser": 0, "fat": 0, "row": -1, "mot": -1, "pie": -1, "uto": -1, "uwr": -1 }, "geometry": { "type": "Point", "coordinates": [ 18.493472, 51.641944 ] } },
{ "type": "Feature", "properties": { "ID": 109462654, "yr": 2020, "dt": "2020-10-13T09:19:00", "WOJ": 10, "sev": 1, "c": [ 255, 255, 0, 160 ], "dmg": 1, "sli": 1, "ser": 0, "fat": 0, "row": -1, "mot": -1, "pie": -1, "uto": -1, "uwr": -1 }, "geometry": { "type": "Point", "coordinates": [ 19.445639, 51.725083 ] } },
{ "type": "Feature", "properties": { "ID": 109461051, "yr": 2020, "dt": "2020-10-13T06:47:00", "WOJ": 10, "sev": 1, "c": [ 255, 255, 0, 160 ], "dmg": 1, "sli": 1, "ser": 0, "fat": 0, "row": -1, "mot": -1, "pie": 1, "uto": -1, "uwr": -1 }, "geometry": { "type": "Point", "coordinates": [ 19.349972, 51.658306 ] } },
{ "type": "Feature", "properties": { "ID": 109461844, "yr": 2020, "dt": "2020-10-13T08:30:00", "WOJ": 10, "sev": 1, "c": [ 255, 255, 0, 160 ], "dmg": 1, "sli": 1, "ser": 0, "fat": 0, "row": -1, "mot": -1, "pie": -1, "uto": -1, "uwr": -1 }, "geometry": { "type": "Point", "coordinates": [ 20.139833, 51.933167 ] } },
{ "type": "Feature", "properties": { "ID": 109465412, "yr": 2020, "dt": "2020-10-14T16:11:00", "WOJ": 10, "sev": 1, "c": [ 255, 255, 0, 160 ], "dmg": 1, "sli": 1, "ser": 0, "fat": 0, "row": -1, "mot": -1, "pie": 1, "uto": -1, "uwr": -1 }, "geometry": { "type": "Point", "coordinates": [ 19.842806, 51.82475 ] } },
{ "type": "Feature", "properties": { "ID": 109469862, "yr": 2020, "dt": "2020-10-15T19:40:19", "WOJ": 10, "sev": 1, "c": [ 255, 255, 0, 160 ], "dmg": 1, "sli": 2, "ser": 0, "fat": 0, "row": -1, "mot": -1, "pie": -1, "uto": -1, "uwr": -1 }, "geometry": { "type": "Point", "coordinates": [ 19.47275, 51.8535 ] } },
{ "type": "Feature", "properties": { "ID": 109468659, "yr": 2020, "dt": "2020-10-15T11:28:00", "WOJ": 10, "sev": 1, "c": [ 255, 255, 0, 160 ], "dmg": 2, "sli": 1, "ser": 0, "fat": 0, "row": -1, "mot": -1, "pie": -1, "uto": -1, "uwr": -1 }, "geometry": { "type": "Point", "coordinates": [ 20.147167, 51.970778 ] } },
{ "type": "Feature", "properties": { "ID": 109469753, "yr": 2020, "dt": "2020-10-15T14:47:00", "WOJ": 10, "sev": 1, "c": [ 255, 255, 0, 160 ], "dmg": 1, "sli": 1, "ser": 0, "fat": 0, "row": 1, "mot": -1, "pie": -1, "uto": -1, "uwr": -1 }, "geometry": { "type": "Point", "coordinates": [ 19.478944, 51.761111 ] } },
{ "type": "Feature", "properties": { "ID": 109465910, "yr": 2020, "dt": "2020-10-15T05:22:00", "WOJ": 10, "sev": 1, "c": [ 255, 255, 0, 160 ], "dmg": 1, "sli": 1, "ser": 0, "fat": 0, "row": -1, "mot": -1, "pie": -1, "uto": -1, "uwr": -1 }, "geometry": { "type": "Point", "coordinates": [ 20.148556, 51.956111 ] } },
{ "type": "Feature", "properties": { "ID": 109470422, "yr": 2020, "dt": "2020-10-16T06:56:30", "WOJ": 10, "sev": 1, "c": [ 255, 255, 0, 160 ], "dmg": 2, "sli": 1, "ser": 0, "fat": 0, "row": -1, "mot": -1, "pie": -1, "uto": -1, "uwr": -1 }, "geometry": { "type": "Point", "coordinates": [ 18.625083, 51.710139 ] } },
{ "type": "Feature", "properties": { "ID": 109470482, "yr": 2020, "dt": "2020-10-16T10:05:00", "WOJ": 10, "sev": 1, "c": [ 255, 255, 0, 160 ], "dmg": 0, "sli": 1, "ser": 0, "fat": 0, "row": -1, "mot": -1, "pie": -1, "uto": -1, "uwr": -1 }, "geometry": { "type": "Point", "coordinates": [ 19.661111, 51.410444 ] } },
{ "type": "Feature", "properties": { "ID": 109472395, "yr": 2020, "dt": "2020-10-16T18:20:00", "WOJ": 10, "sev": 1, "c": [ 255, 255, 0, 160 ], "dmg": 1, "sli": 1, "ser": 0, "fat": 0, "row": -1, "mot": -1, "pie": 1, "uto": -1, "uwr": -1 }, "geometry": { "type": "Point", "coordinates": [ 20.215194, 51.696361 ] } },
{ "type": "Feature", "properties": { "ID": 109472974, "yr": 2020, "dt": "2020-10-17T11:45:00", "WOJ": 10, "sev": 1, "c": [ 255, 255, 0, 160 ], "dmg": 0, "sli": 1, "ser": 0, "fat": 0, "row": -1, "mot": -1, "pie": -1, "uto": -1, "uwr": -1 }, "geometry": { "type": "Point", "coordinates": [ 19.40375, 51.498056 ] } },
{ "type": "Feature", "properties": { "ID": 109472882, "yr": 2020, "dt": "2020-10-17T13:17:52", "WOJ": 10, "sev": 1, "c": [ 255, 255, 0, 160 ], "dmg": 2, "sli": 1, "ser": 0, "fat": 0, "row": -1, "mot": -1, "pie": -1, "uto": -1, "uwr": -1 }, "geometry": { "type": "Point", "coordinates": [ 19.472861, 51.771972 ] } },
{ "type": "Feature", "properties": { "ID": 109475069, "yr": 2020, "dt": "2020-10-18T18:35:00", "WOJ": 10, "sev": 1, "c": [ 255, 255, 0, 160 ], "dmg": 1, "sli": 1, "ser": 0, "fat": 0, "row": -1, "mot": -1, "pie": 1, "uto": -1, "uwr": -1 }, "geometry": { "type": "Point", "coordinates": [ 19.41525, 51.862333 ] } },
{ "type": "Feature", "properties": { "ID": 109474851, "yr": 2020, "dt": "2020-10-18T17:10:00", "WOJ": 10, "sev": 1, "c": [ 255, 255, 0, 160 ], "dmg": 0, "sli": 1, "ser": 0, "fat": 0, "row": -1, "mot": -1, "pie": -1, "uto": -1, "uwr": -1 }, "geometry": { "type": "Point", "coordinates": [ 19.947444, 51.578944 ] } },
{ "type": "Feature", "properties": { "ID": 109474942, "yr": 2020, "dt": "2020-10-18T20:01:00", "WOJ": 10, "sev": 1, "c": [ 255, 255, 0, 160 ], "dmg": 0, "sli": 2, "ser": 0, "fat": 0, "row": -1, "mot": -1, "pie": -1, "uto": -1, "uwr": -1 }, "geometry": { "type": "Point", "coordinates": [ 19.434972, 51.755 ] } },
{ "type": "Feature", "properties": { "ID": 109475468, "yr": 2020, "dt": "2020-10-19T08:54:00", "WOJ": 10, "sev": 1, "c": [ 255, 255, 0, 160 ], "dmg": 1, "sli": 1, "ser": 0, "fat": 0, "row": 1, "mot": -1, "pie": -1, "uto": -1, "uwr": -1 }, "geometry": { "type": "Point", "coordinates": [ 20.183167, 51.996083 ] } },
{ "type": "Feature", "properties": { "ID": 109482182, "yr": 2020, "dt": "2020-10-21T14:11:00", "WOJ": 10, "sev": 1, "c": [ 255, 255, 0, 160 ], "dmg": 1, "sli": 1, "ser": 0, "fat": 0, "row": 1, "mot": -1, "pie": -1, "uto": -1, "uwr": -1 }, "geometry": { "type": "Point", "coordinates": [ 19.447667, 51.776111 ] } },
{ "type": "Feature", "properties": { "ID": 109484693, "yr": 2020, "dt": "2020-10-22T10:50:00", "WOJ": 10, "sev": 1, "c": [ 255, 255, 0, 160 ], "dmg": 1, "sli": 1, "ser": 0, "fat": 0, "row": 1, "mot": -1, "pie": -1, "uto": -1, "uwr": -1 }, "geometry": { "type": "Point", "coordinates": [ 19.285056, 51.957139 ] } },
{ "type": "Feature", "properties": { "ID": 109485577, "yr": 2020, "dt": "2020-10-22T15:27:00", "WOJ": 10, "sev": 1, "c": [ 255, 255, 0, 160 ], "dmg": 1, "sli": 1, "ser": 0, "fat": 0, "row": -1, "mot": -1, "pie": 1, "uto": -1, "uwr": -1 }, "geometry": { "type": "Point", "coordinates": [ 20.001972, 51.539694 ] } },
{ "type": "Feature", "properties": { "ID": 109485741, "yr": 2020, "dt": "2020-10-22T20:00:00", "WOJ": 10, "sev": 1, "c": [ 255, 255, 0, 160 ], "dmg": 1, "sli": 1, "ser": 0, "fat": 0, "row": -1, "mot": -1, "pie": -1, "uto": -1, "uwr": -1 }, "geometry": { "type": "Point", "coordinates": [ 19.37425, 51.352639 ] } },
{ "type": "Feature", "properties": { "ID": 109487927, "yr": 2020, "dt": "2020-10-23T15:50:00", "WOJ": 10, "sev": 1, "c": [ 255, 255, 0, 160 ], "dmg": 1, "sli": 1, "ser": 0, "fat": 0, "row": -1, "mot": -1, "pie": -1, "uto": -1, "uwr": -1 }, "geometry": { "type": "Point", "coordinates": [ 19.815139, 51.122639 ] } },
{ "type": "Feature", "properties": { "ID": 109486372, "yr": 2020, "dt": "2020-10-23T07:45:00", "WOJ": 10, "sev": 1, "c": [ 255, 255, 0, 160 ], "dmg": 1, "sli": 1, "ser": 0, "fat": 0, "row": -1, "mot": -1, "pie": -1, "uto": -1, "uwr": -1 }, "geometry": { "type": "Point", "coordinates": [ 19.695417, 51.440806 ] } },
{ "type": "Feature", "properties": { "ID": 109487762, "yr": 2020, "dt": "2020-10-23T20:40:13", "WOJ": 10, "sev": 1, "c": [ 255, 255, 0, 160 ], "dmg": 0, "sli": 2, "ser": 0, "fat": 0, "row": -1, "mot": -1, "pie": -1, "uto": -1, "uwr": -1 }, "geometry": { "type": "Point", "coordinates": [ 19.413444, 51.764639 ] } },
{ "type": "Feature", "properties": { "ID": 109487800, "yr": 2020, "dt": "2020-10-23T21:12:00", "WOJ": 10, "sev": 1, "c": [ 255, 255, 0, 160 ], "dmg": 1, "sli": 1, "ser": 0, "fat": 0, "row": -1, "mot": -1, "pie": 1, "uto": -1, "uwr": -1 }, "geometry": { "type": "Point", "coordinates": [ 19.443861, 51.779361 ] } },
{ "type": "Feature", "properties": { "ID": 109486704, "yr": 2020, "dt": "2020-10-23T15:51:14", "WOJ": 10, "sev": 1, "c": [ 255, 255, 0, 160 ], "dmg": 1, "sli": 1, "ser": 0, "fat": 0, "row": 1, "mot": -1, "pie": -1, "uto": -1, "uwr": -1 }, "geometry": { "type": "Point", "coordinates": [ 19.473056, 51.778417 ] } },
{ "type": "Feature", "properties": { "ID": 109486606, "yr": 2020, "dt": "2020-10-23T13:03:54", "WOJ": 10, "sev": 1, "c": [ 255, 255, 0, 160 ], "dmg": 1, "sli": 1, "ser": 0, "fat": 0, "row": -1, "mot": -1, "pie": -1, "uto": -1, "uwr": -1 }, "geometry": { "type": "Point", "coordinates": [ 19.573083, 51.73975 ] } },
{ "type": "Feature", "properties": { "ID": 109488328, "yr": 2020, "dt": "2020-10-24T11:45:00", "WOJ": 10, "sev": 1, "c": [ 255, 255, 0, 160 ], "dmg": 1, "sli": 1, "ser": 0, "fat": 0, "row": -1, "mot": -1, "pie": -1, "uto": -1, "uwr": -1 }, "geometry": { "type": "Point", "coordinates": [ 19.249806, 51.570611 ] } },
{ "type": "Feature", "properties": { "ID": 109489917, "yr": 2020, "dt": "2020-10-25T16:50:00", "WOJ": 10, "sev": 1, "c": [ 255, 255, 0, 160 ], "dmg": 1, "sli": 1, "ser": 0, "fat": 0, "row": -1, "mot": -1, "pie": -1, "uto": -1, "uwr": -1 }, "geometry": { "type": "Point", "coordinates": [ 20.021111, 51.52 ] } },
{ "type": "Feature", "properties": { "ID": 109489215, "yr": 2020, "dt": "2020-10-25T13:09:00", "WOJ": 10, "sev": 1, "c": [ 255, 255, 0, 160 ], "dmg": 1, "sli": 1, "ser": 0, "fat": 0, "row": 1, "mot": -1, "pie": -1, "uto": -1, "uwr": -1 }, "geometry": { "type": "Point", "coordinates": [ 19.24375, 51.596278 ] } },
{ "type": "Feature", "properties": { "ID": 109491105, "yr": 2020, "dt": "2020-10-26T17:55:00", "WOJ": 10, "sev": 1, "c": [ 255, 255, 0, 160 ], "dmg": 1, "sli": 1, "ser": 0, "fat": 0, "row": -1, "mot": -1, "pie": -1, "uto": -1, "uwr": -1 }, "geometry": { "type": "Point", "coordinates": [ 20.051111, 51.548111 ] } },
{ "type": "Feature", "properties": { "ID": 109491067, "yr": 2020, "dt": "2020-10-26T16:00:00", "WOJ": 10, "sev": 1, "c": [ 255, 255, 0, 160 ], "dmg": 0, "sli": 1, "ser": 0, "fat": 0, "row": -1, "mot": -1, "pie": -1, "uto": -1, "uwr": -1 }, "geometry": { "type": "Point", "coordinates": [ 19.390778, 51.371444 ] } },
{ "type": "Feature", "properties": { "ID": 109490854, "yr": 2020, "dt": "2020-10-26T11:00:00", "WOJ": 10, "sev": 1, "c": [ 255, 255, 0, 160 ], "dmg": 1, "sli": 1, "ser": 0, "fat": 0, "row": 1, "mot": -1, "pie": -1, "uto": -1, "uwr": -1 }, "geometry": { "type": "Point", "coordinates": [ 20.4775, 51.446639 ] } },
{ "type": "Feature", "properties": { "ID": 109490423, "yr": 2020, "dt": "2020-10-26T20:35:00", "WOJ": 10, "sev": 1, "c": [ 255, 255, 0, 160 ], "dmg": 0, "sli": 2, "ser": 0, "fat": 0, "row": -1, "mot": -1, "pie": -1, "uto": -1, "uwr": -1 }, "geometry": { "type": "Point", "coordinates": [ 19.567028, 51.862528 ] } },
{ "type": "Feature", "properties": { "ID": 109490250, "yr": 2020, "dt": "2020-10-26T11:40:00", "WOJ": 10, "sev": 1, "c": [ 255, 255, 0, 160 ], "dmg": 1, "sli": 1, "ser": 0, "fat": 0, "row": -1, "mot": 1, "pie": -1, "uto": -1, "uwr": -1 }, "geometry": { "type": "Point", "coordinates": [ 19.450889, 51.080333 ] } },
{ "type": "Feature", "properties": { "ID": 109491722, "yr": 2020, "dt": "2020-10-27T10:35:00", "WOJ": 10, "sev": 1, "c": [ 255, 255, 0, 160 ], "dmg": 1, "sli": 1, "ser": 0, "fat": 0, "row": 1, "mot": -1, "pie": -1, "uto": -1, "uwr": -1 }, "geometry": { "type": "Point", "coordinates": [ 19.586694, 51.270528 ] } },
{ "type": "Feature", "properties": { "ID": 109503149, "yr": 2020, "dt": "2020-10-27T11:50:00", "WOJ": 10, "sev": 1, "c": [ 255, 255, 0, 160 ], "dmg": 1, "sli": 1, "ser": 0, "fat": 0, "row": -1, "mot": -1, "pie": -1, "uto": -1, "uwr": -1 }, "geometry": { "type": "Point", "coordinates": [ 19.3665, 52.227417 ] } },
{ "type": "Feature", "properties": { "ID": 109491740, "yr": 2020, "dt": "2020-10-27T10:00:00", "WOJ": 10, "sev": 1, "c": [ 255, 255, 0, 160 ], "dmg": 1, "sli": 1, "ser": 0, "fat": 0, "row": -1, "mot": -1, "pie": -1, "uto": -1, "uwr": -1 }, "geometry": { "type": "Point", "coordinates": [ 19.698278, 51.415222 ] } },
{ "type": "Feature", "properties": { "ID": 109491512, "yr": 2020, "dt": "2020-10-27T10:32:36", "WOJ": 10, "sev": 1, "c": [ 255, 255, 0, 160 ], "dmg": 2, "sli": 1, "ser": 0, "fat": 0, "row": -1, "mot": -1, "pie": -1, "uto": -1, "uwr": -1 }, "geometry": { "type": "Point", "coordinates": [ 19.426, 51.8045 ] } },
{ "type": "Feature", "properties": { "ID": 109494235, "yr": 2020, "dt": "2020-10-27T20:00:00", "WOJ": 10, "sev": 1, "c": [ 255, 255, 0, 160 ], "dmg": 2, "sli": 1, "ser": 0, "fat": 0, "row": -1, "mot": -1, "pie": -1, "uto": -1, "uwr": -1 }, "geometry": { "type": "Point", "coordinates": [ 20.011, 51.539444 ] } },
{ "type": "Feature", "properties": { "ID": 109497237, "yr": 2020, "dt": "2020-10-28T06:20:00", "WOJ": 10, "sev": 1, "c": [ 255, 255, 0, 160 ], "dmg": 0, "sli": 1, "ser": 0, "fat": 0, "row": -1, "mot": -1, "pie": -1, "uto": -1, "uwr": -1 }, "geometry": { "type": "Point", "coordinates": [ 20.203417, 51.522278 ] } },
{ "type": "Feature", "properties": { "ID": 109496778, "yr": 2020, "dt": "2020-10-28T13:00:00", "WOJ": 10, "sev": 1, "c": [ 255, 255, 0, 160 ], "dmg": 1, "sli": 1, "ser": 0, "fat": 0, "row": -1, "mot": -1, "pie": 1, "uto": -1, "uwr": -1 }, "geometry": { "type": "Point", "coordinates": [ 19.439028, 51.788556 ] } },
{ "type": "Feature", "properties": { "ID": 109495774, "yr": 2020, "dt": "2020-10-28T08:57:37", "WOJ": 10, "sev": 1, "c": [ 255, 255, 0, 160 ], "dmg": 1, "sli": 1, "ser": 0, "fat": 0, "row": -1, "mot": -1, "pie": -1, "uto": -1, "uwr": -1 }, "geometry": { "type": "Point", "coordinates": [ 19.5915, 51.748528 ] } },
{ "type": "Feature", "properties": { "ID": 109498159, "yr": 2020, "dt": "2020-10-29T14:45:00", "WOJ": 10, "sev": 1, "c": [ 255, 255, 0, 160 ], "dmg": 1, "sli": 1, "ser": 0, "fat": 0, "row": -1, "mot": 1, "pie": -1, "uto": -1, "uwr": -1 }, "geometry": { "type": "Point", "coordinates": [ 19.683972, 51.394583 ] } },
{ "type": "Feature", "properties": { "ID": 109496209, "yr": 2020, "dt": "2020-10-29T14:45:00", "WOJ": 10, "sev": 1, "c": [ 255, 255, 0, 160 ], "dmg": 1, "sli": 1, "ser": 0, "fat": 0, "row": -1, "mot": -1, "pie": -1, "uto": -1, "uwr": -1 }, "geometry": { "type": "Point", "coordinates": [ 19.936667, 51.523667 ] } },
{ "type": "Feature", "properties": { "ID": 109497872, "yr": 2020, "dt": "2020-10-29T11:00:00", "WOJ": 10, "sev": 1, "c": [ 255, 255, 0, 160 ], "dmg": 1, "sli": 1, "ser": 0, "fat": 0, "row": -1, "mot": -1, "pie": -1, "uto": -1, "uwr": -1 }, "geometry": { "type": "Point", "coordinates": [ 20.019639, 51.528222 ] } },
{ "type": "Feature", "properties": { "ID": 109497744, "yr": 2020, "dt": "2020-10-29T11:10:00", "WOJ": 10, "sev": 1, "c": [ 255, 255, 0, 160 ], "dmg": 1, "sli": 1, "ser": 0, "fat": 0, "row": 1, "mot": -1, "pie": -1, "uto": -1, "uwr": -1 }, "geometry": { "type": "Point", "coordinates": [ 18.950833, 51.594167 ] } },
{ "type": "Feature", "properties": { "ID": 109497799, "yr": 2020, "dt": "2020-10-29T12:03:00", "WOJ": 10, "sev": 1, "c": [ 255, 255, 0, 160 ], "dmg": 1, "sli": 1, "ser": 0, "fat": 0, "row": -1, "mot": -1, "pie": -1, "uto": -1, "uwr": -1 }, "geometry": { "type": "Point", "coordinates": [ 19.489278, 51.732639 ] } },
{ "type": "Feature", "properties": { "ID": 109498074, "yr": 2020, "dt": "2020-10-29T16:37:29", "WOJ": 10, "sev": 1, "c": [ 255, 255, 0, 160 ], "dmg": 1, "sli": 1, "ser": 0, "fat": 0, "row": -1, "mot": -1, "pie": 1, "uto": -1, "uwr": -1 }, "geometry": { "type": "Point", "coordinates": [ 19.535778, 51.757389 ] } },
{ "type": "Feature", "properties": { "ID": 109497974, "yr": 2020, "dt": "2020-10-29T13:52:00", "WOJ": 10, "sev": 1, "c": [ 255, 255, 0, 160 ], "dmg": 1, "sli": 1, "ser": 0, "fat": 0, "row": -1, "mot": -1, "pie": -1, "uto": -1, "uwr": -1 }, "geometry": { "type": "Point", "coordinates": [ 19.428, 51.769583 ] } },
{ "type": "Feature", "properties": { "ID": 109497947, "yr": 2020, "dt": "2020-10-29T14:07:41", "WOJ": 10, "sev": 1, "c": [ 255, 255, 0, 160 ], "dmg": 1, "sli": 1, "ser": 0, "fat": 0, "row": 1, "mot": -1, "pie": -1, "uto": -1, "uwr": -1 }, "geometry": { "type": "Point", "coordinates": [ 19.394167, 51.797444 ] } },
{ "type": "Feature", "properties": { "ID": 109496671, "yr": 2020, "dt": "2020-10-30T08:35:00", "WOJ": 10, "sev": 1, "c": [ 255, 255, 0, 160 ], "dmg": 0, "sli": 2, "ser": 0, "fat": 0, "row": 1, "mot": -1, "pie": -1, "uto": -1, "uwr": -1 }, "geometry": { "type": "Point", "coordinates": [ 19.293333, 52.147278 ] } },
{ "type": "Feature", "properties": { "ID": 109498984, "yr": 2020, "dt": "2020-10-30T08:11:00", "WOJ": 10, "sev": 1, "c": [ 255, 255, 0, 160 ], "dmg": 1, "sli": 1, "ser": 0, "fat": 0, "row": 1, "mot": -1, "pie": -1, "uto": -1, "uwr": -1 }, "geometry": { "type": "Point", "coordinates": [ 19.409722, 51.796917 ] } },
{ "type": "Feature", "properties": { "ID": 109496738, "yr": 2020, "dt": "2020-10-30T13:06:00", "WOJ": 10, "sev": 1, "c": [ 255, 255, 0, 160 ], "dmg": 2, "sli": 1, "ser": 0, "fat": 0, "row": -1, "mot": -1, "pie": -1, "uto": -1, "uwr": -1 }, "geometry": { "type": "Point", "coordinates": [ 19.436583, 51.775556 ] } },
{ "type": "Feature", "properties": { "ID": 109499544, "yr": 2020, "dt": "2020-10-30T17:17:00", "WOJ": 10, "sev": 1, "c": [ 255, 255, 0, 160 ], "dmg": 2, "sli": 1, "ser": 0, "fat": 0, "row": -1, "mot": -1, "pie": -1, "uto": -1, "uwr": -1 }, "geometry": { "type": "Point", "coordinates": [ 20.024444, 51.545 ] } },
{ "type": "Feature", "properties": { "ID": 109496619, "yr": 2020, "dt": "2020-10-30T10:05:31", "WOJ": 10, "sev": 1, "c": [ 255, 255, 0, 160 ], "dmg": 1, "sli": 1, "ser": 0, "fat": 0, "row": 1, "mot": -1, "pie": -1, "uto": -1, "uwr": -1 }, "geometry": { "type": "Point", "coordinates": [ 19.463472, 51.766444 ] } },
{ "type": "Feature", "properties": { "ID": 109500854, "yr": 2020, "dt": "2020-10-30T19:00:00", "WOJ": 10, "sev": 1, "c": [ 255, 255, 0, 160 ], "dmg": 1, "sli": 1, "ser": 0, "fat": 0, "row": -1, "mot": -1, "pie": 1, "uto": -1, "uwr": -1 }, "geometry": { "type": "Point", "coordinates": [ 19.134667, 51.587806 ] } },
{ "type": "Feature", "properties": { "ID": 109500883, "yr": 2020, "dt": "2020-10-30T16:00:00", "WOJ": 10, "sev": 1, "c": [ 255, 255, 0, 160 ], "dmg": 0, "sli": 2, "ser": 0, "fat": 0, "row": -1, "mot": -1, "pie": -1, "uto": -1, "uwr": -1 }, "geometry": { "type": "Point", "coordinates": [ 19.393556, 51.854611 ] } },
{ "type": "Feature", "properties": { "ID": 109496543, "yr": 2020, "dt": "2020-10-30T08:35:00", "WOJ": 10, "sev": 1, "c": [ 255, 255, 0, 160 ], "dmg": 1, "sli": 1, "ser": 0, "fat": 0, "row": -1, "mot": -1, "pie": -1, "uto": -1, "uwr": -1 }, "geometry": { "type": "Point", "coordinates": [ 19.34575, 52.231806 ] } },
{ "type": "Feature", "properties": { "ID": 109501174, "yr": 2020, "dt": "2020-10-31T04:00:00", "WOJ": 10, "sev": 1, "c": [ 255, 255, 0, 160 ], "dmg": 1, "sli": 1, "ser": 0, "fat": 0, "row": -1, "mot": -1, "pie": -1, "uto": -1, "uwr": -1 }, "geometry": { "type": "Point", "coordinates": [ 18.43475, 51.271278 ] } },
{ "type": "Feature", "properties": { "ID": 109500736, "yr": 2020, "dt": "2020-10-31T17:20:00", "WOJ": 10, "sev": 1, "c": [ 255, 255, 0, 160 ], "dmg": 1, "sli": 1, "ser": 0, "fat": 0, "row": 1, "mot": -1, "pie": -1, "uto": -1, "uwr": -1 }, "geometry": { "type": "Point", "coordinates": [ 19.923889, 51.604833 ] } },
{ "type": "Feature", "properties": { "ID": 109501435, "yr": 2020, "dt": "2020-10-31T16:00:47", "WOJ": 10, "sev": 1, "c": [ 255, 255, 0, 160 ], "dmg": 1, "sli": 1, "ser": 0, "fat": 0, "row": -1, "mot": -1, "pie": -1, "uto": -1, "uwr": -1 }, "geometry": { "type": "Point", "coordinates": [ 20.161389, 51.967056 ] } },
{ "type": "Feature", "properties": { "ID": 109500212, "yr": 2020, "dt": "2020-10-31T15:04:00", "WOJ": 10, "sev": 1, "c": [ 255, 255, 0, 160 ], "dmg": 1, "sli": 1, "ser": 0, "fat": 0, "row": -1, "mot": -1, "pie": -1, "uto": -1, "uwr": -1 }, "geometry": { "type": "Point", "coordinates": [ 19.870083, 51.612083 ] } },
{ "type": "Feature", "properties": { "ID": 109501295, "yr": 2020, "dt": "2020-10-31T12:35:00", "WOJ": 10, "sev": 1, "c": [ 255, 255, 0, 160 ], "dmg": 1, "sli": 1, "ser": 0, "fat": 0, "row": -1, "mot": -1, "pie": 1, "uto": -1, "uwr": -1 }, "geometry": { "type": "Point", "coordinates": [ 18.892944, 51.124028 ] } },
{ "type": "Feature", "properties": { "ID": 109501602, "yr": 2020, "dt": "2020-10-31T20:10:00", "WOJ": 10, "sev": 1, "c": [ 255, 255, 0, 160 ], "dmg": 0, "sli": 1, "ser": 0, "fat": 0, "row": -1, "mot": -1, "pie": -1, "uto": -1, "uwr": -1 }, "geometry": { "type": "Point", "coordinates": [ 19.280972, 52.37625 ] } },
{ "type": "Feature", "properties": { "ID": 109501768, "yr": 2020, "dt": "2020-11-01T11:10:44", "WOJ": 10, "sev": 1, "c": [ 255, 255, 0, 160 ], "dmg": 1, "sli": 1, "ser": 0, "fat": 0, "row": 1, "mot": -1, "pie": -1, "uto": -1, "uwr": -1 }, "geometry": { "type": "Point", "coordinates": [ 19.451028, 51.781778 ] } },
{ "type": "Feature", "properties": { "ID": 109501886, "yr": 2020, "dt": "2020-11-01T13:10:00", "WOJ": 10, "sev": 1, "c": [ 255, 255, 0, 160 ], "dmg": 0, "sli": 1, "ser": 0, "fat": 0, "row": -1, "mot": -1, "pie": -1, "uto": -1, "uwr": -1 }, "geometry": { "type": "Point", "coordinates": [ 19.347278, 51.319667 ] } },
{ "type": "Feature", "properties": { "ID": 109503404, "yr": 2020, "dt": "2020-11-02T14:44:00", "WOJ": 10, "sev": 1, "c": [ 255, 255, 0, 160 ], "dmg": 2, "sli": 1, "ser": 0, "fat": 0, "row": -1, "mot": -1, "pie": -1, "uto": -1, "uwr": -1 }, "geometry": { "type": "Point", "coordinates": [ 18.602056, 51.615778 ] } },
{ "type": "Feature", "properties": { "ID": 109503500, "yr": 2020, "dt": "2020-11-02T17:46:00", "WOJ": 10, "sev": 1, "c": [ 255, 255, 0, 160 ], "dmg": 0, "sli": 2, "ser": 0, "fat": 0, "row": -1, "mot": -1, "pie": -1, "uto": -1, "uwr": -1 }, "geometry": { "type": "Point", "coordinates": [ 19.76475, 51.918417 ] } },
{ "type": "Feature", "properties": { "ID": 109503496, "yr": 2020, "dt": "2020-11-02T15:39:00", "WOJ": 10, "sev": 1, "c": [ 255, 255, 0, 160 ], "dmg": 1, "sli": 2, "ser": 0, "fat": 0, "row": -1, "mot": -1, "pie": -1, "uto": -1, "uwr": -1 }, "geometry": { "type": "Point", "coordinates": [ 19.811222, 51.936694 ] } },
{ "type": "Feature", "properties": { "ID": 109503187, "yr": 2020, "dt": "2020-11-02T12:53:25", "WOJ": 10, "sev": 1, "c": [ 255, 255, 0, 160 ], "dmg": 1, "sli": 1, "ser": 0, "fat": 0, "row": -1, "mot": -1, "pie": -1, "uto": -1, "uwr": -1 }, "geometry": { "type": "Point", "coordinates": [ 19.430167, 51.762611 ] } },
{ "type": "Feature", "properties": { "ID": 109505768, "yr": 2020, "dt": "2020-11-03T03:25:00", "WOJ": 10, "sev": 1, "c": [ 255, 255, 0, 160 ], "dmg": 1, "sli": 1, "ser": 0, "fat": 0, "row": -1, "mot": -1, "pie": -1, "uto": -1, "uwr": -1 }, "geometry": { "type": "Point", "coordinates": [ 19.687917, 51.4425 ] } },
{ "type": "Feature", "properties": { "ID": 109506806, "yr": 2020, "dt": "2020-11-03T15:15:32", "WOJ": 10, "sev": 1, "c": [ 255, 255, 0, 160 ], "dmg": 1, "sli": 1, "ser": 0, "fat": 0, "row": -1, "mot": -1, "pie": -1, "uto": -1, "uwr": -1 }, "geometry": { "type": "Point", "coordinates": [ 19.442639, 51.723222 ] } },
{ "type": "Feature", "properties": { "ID": 109510784, "yr": 2020, "dt": "2020-11-04T06:52:32", "WOJ": 10, "sev": 1, "c": [ 255, 255, 0, 160 ], "dmg": 1, "sli": 1, "ser": 0, "fat": 0, "row": -1, "mot": -1, "pie": 1, "uto": -1, "uwr": -1 }, "geometry": { "type": "Point", "coordinates": [ 19.193194, 52.056 ] } },
{ "type": "Feature", "properties": { "ID": 109517198, "yr": 2020, "dt": "2020-11-04T22:40:00", "WOJ": 10, "sev": 1, "c": [ 255, 255, 0, 160 ], "dmg": 1, "sli": 1, "ser": 0, "fat": 0, "row": -1, "mot": -1, "pie": 1, "uto": -1, "uwr": -1 }, "geometry": { "type": "Point", "coordinates": [ 19.431194, 51.869944 ] } },
{ "type": "Feature", "properties": { "ID": 109512805, "yr": 2020, "dt": "2020-11-04T06:10:00", "WOJ": 10, "sev": 1, "c": [ 255, 255, 0, 160 ], "dmg": 1, "sli": 1, "ser": 0, "fat": 0, "row": -1, "mot": -1, "pie": 1, "uto": -1, "uwr": -1 }, "geometry": { "type": "Point", "coordinates": [ 19.386528, 51.366389 ] } },
{ "type": "Feature", "properties": { "ID": 109519777, "yr": 2020, "dt": "2020-11-04T19:23:36", "WOJ": 10, "sev": 1, "c": [ 255, 255, 0, 160 ], "dmg": 1, "sli": 1, "ser": 0, "fat": 0, "row": -1, "mot": -1, "pie": 1, "uto": -1, "uwr": -1 }, "geometry": { "type": "Point", "coordinates": [ 19.448333, 51.787139 ] } },
{ "type": "Feature", "properties": { "ID": 109523332, "yr": 2020, "dt": "2020-11-05T17:15:00", "WOJ": 10, "sev": 1, "c": [ 255, 255, 0, 160 ], "dmg": 1, "sli": 1, "ser": 0, "fat": 0, "row": 1, "mot": -1, "pie": -1, "uto": -1, "uwr": -1 }, "geometry": { "type": "Point", "coordinates": [ 19.402806, 51.848306 ] } },
{ "type": "Feature", "properties": { "ID": 109523114, "yr": 2020, "dt": "2020-11-05T08:40:00", "WOJ": 10, "sev": 1, "c": [ 255, 255, 0, 160 ], "dmg": 1, "sli": 1, "ser": 0, "fat": 0, "row": 1, "mot": -1, "pie": -1, "uto": -1, "uwr": -1 }, "geometry": { "type": "Point", "coordinates": [ 20.000444, 51.533056 ] } },
{ "type": "Feature", "properties": { "ID": 109525214, "yr": 2020, "dt": "2020-11-05T16:50:00", "WOJ": 10, "sev": 1, "c": [ 255, 255, 0, 160 ], "dmg": 1, "sli": 1, "ser": 0, "fat": 0, "row": 1, "mot": -1, "pie": -1, "uto": -1, "uwr": -1 }, "geometry": { "type": "Point", "coordinates": [ 20.00525, 51.536556 ] } },
{ "type": "Feature", "properties": { "ID": 109523959, "yr": 2020, "dt": "2020-11-05T07:04:32", "WOJ": 10, "sev": 1, "c": [ 255, 255, 0, 160 ], "dmg": 1, "sli": 1, "ser": 0, "fat": 0, "row": 1, "mot": -1, "pie": -1, "uto": -1, "uwr": -1 }, "geometry": { "type": "Point", "coordinates": [ 19.429583, 51.755333 ] } },
{ "type": "Feature", "properties": { "ID": 109525808, "yr": 2020, "dt": "2020-11-06T13:49:00", "WOJ": 10, "sev": 1, "c": [ 255, 255, 0, 160 ], "dmg": 1, "sli": 1, "ser": 0, "fat": 0, "row": -1, "mot": -1, "pie": -1, "uto": -1, "uwr": -1 }, "geometry": { "type": "Point", "coordinates": [ 20.130833, 51.642694 ] } },
{ "type": "Feature", "properties": { "ID": 109525778, "yr": 2020, "dt": "2020-11-06T11:38:36", "WOJ": 10, "sev": 1, "c": [ 255, 255, 0, 160 ], "dmg": 0, "sli": 2, "ser": 0, "fat": 0, "row": -1, "mot": -1, "pie": -1, "uto": -1, "uwr": -1 }, "geometry": { "type": "Point", "coordinates": [ 20.135528, 51.957278 ] } },
{ "type": "Feature", "properties": { "ID": 109525767, "yr": 2020, "dt": "2020-11-06T16:03:42", "WOJ": 10, "sev": 1, "c": [ 255, 255, 0, 160 ], "dmg": 0, "sli": 2, "ser": 0, "fat": 0, "row": -1, "mot": -1, "pie": 1, "uto": -1, "uwr": -1 }, "geometry": { "type": "Point", "coordinates": [ 19.508583, 51.788139 ] } },
{ "type": "Feature", "properties": { "ID": 109527480, "yr": 2020, "dt": "2020-11-07T13:35:00", "WOJ": 10, "sev": 1, "c": [ 255, 255, 0, 160 ], "dmg": 0, "sli": 2, "ser": 0, "fat": 0, "row": -1, "mot": -1, "pie": -1, "uto": -1, "uwr": -1 }, "geometry": { "type": "Point", "coordinates": [ 18.845833, 51.969833 ] } },
{ "type": "Feature", "properties": { "ID": 109526510, "yr": 2020, "dt": "2020-11-07T13:04:28", "WOJ": 10, "sev": 1, "c": [ 255, 255, 0, 160 ], "dmg": 1, "sli": 1, "ser": 0, "fat": 0, "row": -1, "mot": -1, "pie": -1, "uto": -1, "uwr": -1 }, "geometry": { "type": "Point", "coordinates": [ 19.504333, 51.749611 ] } },
{ "type": "Feature", "properties": { "ID": 109527596, "yr": 2020, "dt": "2020-11-08T12:35:00", "WOJ": 10, "sev": 1, "c": [ 255, 255, 0, 160 ], "dmg": 2, "sli": 1, "ser": 0, "fat": 0, "row": -1, "mot": -1, "pie": -1, "uto": -1, "uwr": -1 }, "geometry": { "type": "Point", "coordinates": [ 19.655583, 51.707361 ] } },
{ "type": "Feature", "properties": { "ID": 109527600, "yr": 2020, "dt": "2020-11-08T10:40:00", "WOJ": 10, "sev": 1, "c": [ 255, 255, 0, 160 ], "dmg": 2, "sli": 1, "ser": 0, "fat": 0, "row": -1, "mot": -1, "pie": -1, "uto": -1, "uwr": -1 }, "geometry": { "type": "Point", "coordinates": [ 19.641278, 51.506528 ] } },
{ "type": "Feature", "properties": { "ID": 109527626, "yr": 2020, "dt": "2020-11-08T13:28:00", "WOJ": 10, "sev": 1, "c": [ 255, 255, 0, 160 ], "dmg": 1, "sli": 1, "ser": 0, "fat": 0, "row": 1, "mot": -1, "pie": -1, "uto": -1, "uwr": -1 }, "geometry": { "type": "Point", "coordinates": [ 19.846222, 51.750083 ] } },
{ "type": "Feature", "properties": { "ID": 109529940, "yr": 2020, "dt": "2020-11-09T16:18:57", "WOJ": 10, "sev": 1, "c": [ 255, 255, 0, 160 ], "dmg": 1, "sli": 1, "ser": 0, "fat": 0, "row": -1, "mot": -1, "pie": -1, "uto": -1, "uwr": -1 }, "geometry": { "type": "Point", "coordinates": [ 18.378806, 51.307611 ] } },
{ "type": "Feature", "properties": { "ID": 109530052, "yr": 2020, "dt": "2020-11-09T20:20:00", "WOJ": 10, "sev": 1, "c": [ 255, 255, 0, 160 ], "dmg": 1, "sli": 1, "ser": 0, "fat": 0, "row": -1, "mot": -1, "pie": -1, "uto": -1, "uwr": -1 }, "geometry": { "type": "Point", "coordinates": [ 19.619778, 52.227472 ] } },
{ "type": "Feature", "properties": { "ID": 109528447, "yr": 2020, "dt": "2020-11-09T13:57:00", "WOJ": 10, "sev": 1, "c": [ 255, 255, 0, 160 ], "dmg": 0, "sli": 2, "ser": 0, "fat": 0, "row": -1, "mot": -1, "pie": -1, "uto": -1, "uwr": -1 }, "geometry": { "type": "Point", "coordinates": [ 19.650306, 51.863333 ] } },
{ "type": "Feature", "properties": { "ID": 109528560, "yr": 2020, "dt": "2020-11-09T17:33:58", "WOJ": 10, "sev": 1, "c": [ 255, 255, 0, 160 ], "dmg": 1, "sli": 1, "ser": 0, "fat": 0, "row": -1, "mot": -1, "pie": -1, "uto": -1, "uwr": -1 }, "geometry": { "type": "Point", "coordinates": [ 19.392028, 51.784389 ] } },
{ "type": "Feature", "properties": { "ID": 109531400, "yr": 2020, "dt": "2020-11-10T17:17:00", "WOJ": 10, "sev": 1, "c": [ 255, 255, 0, 160 ], "dmg": 1, "sli": 1, "ser": 0, "fat": 0, "row": 1, "mot": -1, "pie": -1, "uto": -1, "uwr": -1 }, "geometry": { "type": "Point", "coordinates": [ 19.428889, 51.781333 ] } },
{ "type": "Feature", "properties": { "ID": 109531454, "yr": 2020, "dt": "2020-11-10T16:30:00", "WOJ": 10, "sev": 1, "c": [ 255, 255, 0, 160 ], "dmg": 1, "sli": 1, "ser": 0, "fat": 0, "row": -1, "mot": -1, "pie": -1, "uto": -1, "uwr": -1 }, "geometry": { "type": "Point", "coordinates": [ 19.891194, 51.352361 ] } },
{ "type": "Feature", "properties": { "ID": 109531531, "yr": 2020, "dt": "2020-11-10T21:40:00", "WOJ": 10, "sev": 1, "c": [ 255, 255, 0, 160 ], "dmg": 1, "sli": 2, "ser": 0, "fat": 0, "row": -1, "mot": -1, "pie": -1, "uto": -1, "uwr": -1 }, "geometry": { "type": "Point", "coordinates": [ 18.777361, 51.281889 ] } },
{ "type": "Feature", "properties": { "ID": 109531032, "yr": 2020, "dt": "2020-11-10T13:10:00", "WOJ": 10, "sev": 1, "c": [ 255, 255, 0, 160 ], "dmg": 1, "sli": 1, "ser": 0, "fat": 0, "row": 1, "mot": -1, "pie": -1, "uto": -1, "uwr": -1 }, "geometry": { "type": "Point", "coordinates": [ 19.334083, 52.213944 ] } },
{ "type": "Feature", "properties": { "ID": 109530329, "yr": 2020, "dt": "2020-11-10T11:50:00", "WOJ": 10, "sev": 1, "c": [ 255, 255, 0, 160 ], "dmg": 1, "sli": 1, "ser": 0, "fat": 0, "row": -1, "mot": -1, "pie": -1, "uto": -1, "uwr": -1 }, "geometry": { "type": "Point", "coordinates": [ 19.210472, 51.208806 ] } },
{ "type": "Feature", "properties": { "ID": 109531717, "yr": 2020, "dt": "2020-11-11T11:25:00", "WOJ": 10, "sev": 1, "c": [ 255, 255, 0, 160 ], "dmg": 1, "sli": 2, "ser": 0, "fat": 0, "row": -1, "mot": -1, "pie": -1, "uto": -1, "uwr": -1 }, "geometry": { "type": "Point", "coordinates": [ 19.564, 51.485056 ] } },
{ "type": "Feature", "properties": { "ID": 109530749, "yr": 2020, "dt": "2020-11-11T13:00:00", "WOJ": 10, "sev": 1, "c": [ 255, 255, 0, 160 ], "dmg": 1, "sli": 1, "ser": 0, "fat": 0, "row": -1, "mot": -1, "pie": 1, "uto": -1, "uwr": -1 }, "geometry": { "type": "Point", "coordinates": [ 19.412056, 51.232972 ] } },
{ "type": "Feature", "properties": { "ID": 109531561, "yr": 2020, "dt": "2020-11-11T03:33:00", "WOJ": 10, "sev": 1, "c": [ 255, 255, 0, 160 ], "dmg": 0, "sli": 1, "ser": 0, "fat": 0, "row": -1, "mot": -1, "pie": -1, "uto": -1, "uwr": -1 }, "geometry": { "type": "Point", "coordinates": [ 19.3865, 51.430861 ] } },
{ "type": "Feature", "properties": { "ID": 109533372, "yr": 2020, "dt": "2020-11-12T19:47:00", "WOJ": 10, "sev": 1, "c": [ 255, 255, 0, 160 ], "dmg": 1, "sli": 1, "ser": 0, "fat": 0, "row": -1, "mot": -1, "pie": -1, "uto": -1, "uwr": -1 }, "geometry": { "type": "Point", "coordinates": [ 19.440694, 51.769222 ] } },
{ "type": "Feature", "properties": { "ID": 109536903, "yr": 2020, "dt": "2020-11-13T14:40:00", "WOJ": 10, "sev": 1, "c": [ 255, 255, 0, 160 ], "dmg": 1, "sli": 1, "ser": 0, "fat": 0, "row": 1, "mot": -1, "pie": -1, "uto": -1, "uwr": -1 }, "geometry": { "type": "Point", "coordinates": [ 19.387639, 52.26275 ] } },
{ "type": "Feature", "properties": { "ID": 109536828, "yr": 2020, "dt": "2020-11-13T14:16:05", "WOJ": 10, "sev": 1, "c": [ 255, 255, 0, 160 ], "dmg": 1, "sli": 1, "ser": 0, "fat": 0, "row": -1, "mot": -1, "pie": 1, "uto": -1, "uwr": -1 }, "geometry": { "type": "Point", "coordinates": [ 19.674806, 51.422417 ] } },
{ "type": "Feature", "properties": { "ID": 109545797, "yr": 2020, "dt": "2020-11-14T08:30:00", "WOJ": 10, "sev": 1, "c": [ 255, 255, 0, 160 ], "dmg": 1, "sli": 1, "ser": 0, "fat": 0, "row": -1, "mot": -1, "pie": -1, "uto": -1, "uwr": -1 }, "geometry": { "type": "Point", "coordinates": [ 18.635833, 51.682139 ] } },
{ "type": "Feature", "properties": { "ID": 109536654, "yr": 2020, "dt": "2020-11-14T16:55:00", "WOJ": 10, "sev": 1, "c": [ 255, 255, 0, 160 ], "dmg": 1, "sli": 1, "ser": 0, "fat": 0, "row": -1, "mot": -1, "pie": 1, "uto": -1, "uwr": -1 }, "geometry": { "type": "Point", "coordinates": [ 18.709528, 51.186889 ] } },
{ "type": "Feature", "properties": { "ID": 109537419, "yr": 2020, "dt": "2020-11-14T09:16:00", "WOJ": 10, "sev": 1, "c": [ 255, 255, 0, 160 ], "dmg": 2, "sli": 1, "ser": 0, "fat": 0, "row": -1, "mot": -1, "pie": -1, "uto": -1, "uwr": -1 }, "geometry": { "type": "Point", "coordinates": [ 19.826667, 51.052611 ] } },
{ "type": "Feature", "properties": { "ID": 109537699, "yr": 2020, "dt": "2020-11-14T18:52:00", "WOJ": 10, "sev": 1, "c": [ 255, 255, 0, 160 ], "dmg": 2, "sli": 1, "ser": 0, "fat": 0, "row": -1, "mot": -1, "pie": -1, "uto": -1, "uwr": -1 }, "geometry": { "type": "Point", "coordinates": [ 19.339694, 51.713917 ] } },
{ "type": "Feature", "properties": { "ID": 109538858, "yr": 2020, "dt": "2020-11-15T11:38:01", "WOJ": 10, "sev": 1, "c": [ 255, 255, 0, 160 ], "dmg": 1, "sli": 1, "ser": 0, "fat": 0, "row": -1, "mot": 1, "pie": -1, "uto": -1, "uwr": -1 }, "geometry": { "type": "Point", "coordinates": [ 20.1285, 51.962861 ] } },
{ "type": "Feature", "properties": { "ID": 109538805, "yr": 2020, "dt": "2020-11-15T12:37:36", "WOJ": 10, "sev": 1, "c": [ 255, 255, 0, 160 ], "dmg": 2, "sli": 1, "ser": 0, "fat": 0, "row": -1, "mot": -1, "pie": -1, "uto": -1, "uwr": -1 }, "geometry": { "type": "Point", "coordinates": [ 19.461167, 51.746167 ] } },
{ "type": "Feature", "properties": { "ID": 109538835, "yr": 2020, "dt": "2020-11-15T12:43:51", "WOJ": 10, "sev": 1, "c": [ 255, 255, 0, 160 ], "dmg": 1, "sli": 1, "ser": 0, "fat": 0, "row": 0, "mot": -1, "pie": 1, "uto": -1, "uwr": -1 }, "geometry": { "type": "Point", "coordinates": [ 19.452, 51.799417 ] } },
{ "type": "Feature", "properties": { "ID": 109537862, "yr": 2020, "dt": "2020-11-15T12:40:00", "WOJ": 10, "sev": 1, "c": [ 255, 255, 0, 160 ], "dmg": 1, "sli": 1, "ser": 0, "fat": 0, "row": 1, "mot": -1, "pie": -1, "uto": -1, "uwr": -1 }, "geometry": { "type": "Point", "coordinates": [ 19.354194, 52.234139 ] } },
{ "type": "Feature", "properties": { "ID": 109541846, "yr": 2020, "dt": "2020-11-16T15:59:00", "WOJ": 10, "sev": 1, "c": [ 255, 255, 0, 160 ], "dmg": 1, "sli": 1, "ser": 0, "fat": 0, "row": -1, "mot": -1, "pie": -1, "uto": -1, "uwr": -1 }, "geometry": { "type": "Point", "coordinates": [ 18.841917, 51.458417 ] } },
{ "type": "Feature", "properties": { "ID": 109540798, "yr": 2020, "dt": "2020-11-16T15:25:00", "WOJ": 10, "sev": 1, "c": [ 255, 255, 0, 160 ], "dmg": 3, "sli": 1, "ser": 0, "fat": 0, "row": -1, "mot": -1, "pie": -1, "uto": -1, "uwr": -1 }, "geometry": { "type": "Point", "coordinates": [ 19.342556, 51.395944 ] } },
{ "type": "Feature", "properties": { "ID": 109540012, "yr": 2020, "dt": "2020-11-16T13:05:00", "WOJ": 10, "sev": 1, "c": [ 255, 255, 0, 160 ], "dmg": 0, "sli": 2, "ser": 0, "fat": 0, "row": 1, "mot": -1, "pie": -1, "uto": -1, "uwr": -1 }, "geometry": { "type": "Point", "coordinates": [ 19.44325, 51.787389 ] } },
{ "type": "Feature", "properties": { "ID": 109541822, "yr": 2020, "dt": "2020-11-16T16:30:00", "WOJ": 10, "sev": 1, "c": [ 255, 255, 0, 160 ], "dmg": 1, "sli": 1, "ser": 0, "fat": 0, "row": -1, "mot": -1, "pie": -1, "uto": -1, "uwr": -1 }, "geometry": { "type": "Point", "coordinates": [ 19.673083, 51.945583 ] } },
{ "type": "Feature", "properties": { "ID": 109539610, "yr": 2020, "dt": "2020-11-16T13:55:00", "WOJ": 10, "sev": 1, "c": [ 255, 255, 0, 160 ], "dmg": 1, "sli": 1, "ser": 0, "fat": 0, "row": -1, "mot": -1, "pie": 1, "uto": -1, "uwr": -1 }, "geometry": { "type": "Point", "coordinates": [ 19.396361, 52.159417 ] } },
{ "type": "Feature", "properties": { "ID": 109540009, "yr": 2020, "dt": "2020-11-16T12:56:00", "WOJ": 10, "sev": 1, "c": [ 255, 255, 0, 160 ], "dmg": 1, "sli": 1, "ser": 0, "fat": 0, "row": -1, "mot": 1, "pie": -1, "uto": -1, "uwr": -1 }, "geometry": { "type": "Point", "coordinates": [ 20.143333, 51.950056 ] } },
{ "type": "Feature", "properties": { "ID": 109539128, "yr": 2020, "dt": "2020-11-16T05:52:37", "WOJ": 10, "sev": 1, "c": [ 255, 255, 0, 160 ], "dmg": 1, "sli": 1, "ser": 0, "fat": 0, "row": -1, "mot": -1, "pie": -1, "uto": -1, "uwr": -1 }, "geometry": { "type": "Point", "coordinates": [ 19.287444, 51.307889 ] } },
{ "type": "Feature", "properties": { "ID": 109540059, "yr": 2020, "dt": "2020-11-16T11:37:00", "WOJ": 10, "sev": 1, "c": [ 255, 255, 0, 160 ], "dmg": 1, "sli": 1, "ser": 0, "fat": 0, "row": -1, "mot": -1, "pie": -1, "uto": -1, "uwr": -1 }, "geometry": { "type": "Point", "coordinates": [ 19.305333, 51.202389 ] } },
{ "type": "Feature", "properties": { "ID": 109539473, "yr": 2020, "dt": "2020-11-16T11:55:00", "WOJ": 10, "sev": 1, "c": [ 255, 255, 0, 160 ], "dmg": 1, "sli": 1, "ser": 0, "fat": 0, "row": -1, "mot": -1, "pie": -1, "uto": -1, "uwr": -1 }, "geometry": { "type": "Point", "coordinates": [ 19.169667, 51.0735 ] } },
{ "type": "Feature", "properties": { "ID": 109541989, "yr": 2020, "dt": "2020-11-17T07:50:00", "WOJ": 10, "sev": 1, "c": [ 255, 255, 0, 160 ], "dmg": 1, "sli": 1, "ser": 0, "fat": 0, "row": -1, "mot": -1, "pie": -1, "uto": -1, "uwr": -1 }, "geometry": { "type": "Point", "coordinates": [ 19.386194, 52.2085 ] } },
{ "type": "Feature", "properties": { "ID": 109550816, "yr": 2020, "dt": "2020-11-18T05:07:26", "WOJ": 10, "sev": 1, "c": [ 255, 255, 0, 160 ], "dmg": 1, "sli": 1, "ser": 0, "fat": 0, "row": -1, "mot": -1, "pie": 1, "uto": -1, "uwr": -1 }, "geometry": { "type": "Point", "coordinates": [ 19.459111, 51.759194 ] } },
{ "type": "Feature", "properties": { "ID": 109551690, "yr": 2020, "dt": "2020-11-18T21:10:00", "WOJ": 10, "sev": 1, "c": [ 255, 255, 0, 160 ], "dmg": 1, "sli": 1, "ser": 0, "fat": 0, "row": -1, "mot": -1, "pie": 1, "uto": -1, "uwr": -1 }, "geometry": { "type": "Point", "coordinates": [ 20.325556, 51.373806 ] } },
{ "type": "Feature", "properties": { "ID": 109551696, "yr": 2020, "dt": "2020-11-18T19:30:00", "WOJ": 10, "sev": 1, "c": [ 255, 255, 0, 160 ], "dmg": 2, "sli": 1, "ser": 0, "fat": 0, "row": -1, "mot": -1, "pie": -1, "uto": -1, "uwr": -1 }, "geometry": { "type": "Point", "coordinates": [ 19.640833, 51.507417 ] } },
{ "type": "Feature", "properties": { "ID": 109552107, "yr": 2020, "dt": "2020-11-18T19:28:00", "WOJ": 10, "sev": 1, "c": [ 255, 255, 0, 160 ], "dmg": 1, "sli": 1, "ser": 0, "fat": 0, "row": -1, "mot": -1, "pie": -1, "uto": -1, "uwr": -1 }, "geometry": { "type": "Point", "coordinates": [ 19.638, 51.667083 ] } },
{ "type": "Feature", "properties": { "ID": 109551259, "yr": 2020, "dt": "2020-11-18T14:13:40", "WOJ": 10, "sev": 1, "c": [ 255, 255, 0, 160 ], "dmg": 1, "sli": 1, "ser": 0, "fat": 0, "row": -1, "mot": -1, "pie": -1, "uto": -1, "uwr": -1 }, "geometry": { "type": "Point", "coordinates": [ 19.442917, 51.767556 ] } },
{ "type": "Feature", "properties": { "ID": 109550965, "yr": 2020, "dt": "2020-11-18T07:50:16", "WOJ": 10, "sev": 1, "c": [ 255, 255, 0, 160 ], "dmg": 1, "sli": 1, "ser": 0, "fat": 0, "row": -1, "mot": -1, "pie": -1, "uto": -1, "uwr": -1 }, "geometry": { "type": "Point", "coordinates": [ 19.421667, 51.772472 ] } },
{ "type": "Feature", "properties": { "ID": 109557796, "yr": 2020, "dt": "2020-11-19T18:09:00", "WOJ": 10, "sev": 1, "c": [ 255, 255, 0, 160 ], "dmg": 1, "sli": 1, "ser": 0, "fat": 0, "row": -1, "mot": -1, "pie": -1, "uto": -1, "uwr": -1 }, "geometry": { "type": "Point", "coordinates": [ 19.437667, 51.77275 ] } },
{ "type": "Feature", "properties": { "ID": 109557895, "yr": 2020, "dt": "2020-11-19T10:30:00", "WOJ": 10, "sev": 1, "c": [ 255, 255, 0, 160 ], "dmg": 2, "sli": 2, "ser": 0, "fat": 0, "row": -1, "mot": -1, "pie": -1, "uto": -1, "uwr": -1 }, "geometry": { "type": "Point", "coordinates": [ 19.40725, 51.854556 ] } },
{ "type": "Feature", "properties": { "ID": 109557797, "yr": 2020, "dt": "2020-11-19T18:12:00", "WOJ": 10, "sev": 1, "c": [ 255, 255, 0, 160 ], "dmg": 1, "sli": 1, "ser": 0, "fat": 0, "row": 1, "mot": -1, "pie": -1, "uto": -1, "uwr": -1 }, "geometry": { "type": "Point", "coordinates": [ 19.487167, 51.737611 ] } },
{ "type": "Feature", "properties": { "ID": 109553148, "yr": 2020, "dt": "2020-11-19T11:10:00", "WOJ": 10, "sev": 1, "c": [ 255, 255, 0, 160 ], "dmg": 2, "sli": 2, "ser": 0, "fat": 0, "row": -1, "mot": -1, "pie": -1, "uto": -1, "uwr": -1 }, "geometry": { "type": "Point", "coordinates": [ 20.260472, 51.558528 ] } },
{ "type": "Feature", "properties": { "ID": 109557136, "yr": 2020, "dt": "2020-11-20T11:50:00", "WOJ": 10, "sev": 1, "c": [ 255, 255, 0, 160 ], "dmg": 1, "sli": 1, "ser": 0, "fat": 0, "row": -1, "mot": -1, "pie": -1, "uto": -1, "uwr": -1 }, "geometry": { "type": "Point", "coordinates": [ 19.310194, 51.963139 ] } },
{ "type": "Feature", "properties": { "ID": 109638964, "yr": 2020, "dt": "2020-11-20T09:50:00", "WOJ": 10, "sev": 1, "c": [ 255, 255, 0, 160 ], "dmg": 1, "sli": 1, "ser": 0, "fat": 0, "row": 1, "mot": -1, "pie": -1, "uto": -1, "uwr": -1 }, "geometry": { "type": "Point", "coordinates": [ 19.295611, 52.146639 ] } },
{ "type": "Feature", "properties": { "ID": 109557320, "yr": 2020, "dt": "2020-11-20T12:50:00", "WOJ": 10, "sev": 1, "c": [ 255, 255, 0, 160 ], "dmg": 1, "sli": 1, "ser": 0, "fat": 0, "row": 1, "mot": -1, "pie": -1, "uto": -1, "uwr": -1 }, "geometry": { "type": "Point", "coordinates": [ 19.62675, 52.202417 ] } },
{ "type": "Feature", "properties": { "ID": 109557374, "yr": 2020, "dt": "2020-11-20T15:41:39", "WOJ": 10, "sev": 1, "c": [ 255, 255, 0, 160 ], "dmg": 1, "sli": 1, "ser": 0, "fat": 0, "row": -1, "mot": -1, "pie": -1, "uto": -1, "uwr": -1 }, "geometry": { "type": "Point", "coordinates": [ 19.62375, 52.233528 ] } },
{ "type": "Feature", "properties": { "ID": 109558300, "yr": 2020, "dt": "2020-11-20T05:15:00", "WOJ": 10, "sev": 1, "c": [ 255, 255, 0, 160 ], "dmg": 1, "sli": 1, "ser": 0, "fat": 0, "row": 1, "mot": -1, "pie": -1, "uto": -1, "uwr": -1 }, "geometry": { "type": "Point", "coordinates": [ 19.12875, 51.595417 ] } },
{ "type": "Feature", "properties": { "ID": 109558263, "yr": 2020, "dt": "2020-11-20T05:40:00", "WOJ": 10, "sev": 1, "c": [ 255, 255, 0, 160 ], "dmg": 2, "sli": 1, "ser": 0, "fat": 0, "row": -1, "mot": -1, "pie": 1, "uto": -1, "uwr": -1 }, "geometry": { "type": "Point", "coordinates": [ 19.320389, 51.826722 ] } },
{ "type": "Feature", "properties": { "ID": 109560263, "yr": 2020, "dt": "2020-11-21T15:16:00", "WOJ": 10, "sev": 1, "c": [ 255, 255, 0, 160 ], "dmg": 5, "sli": 1, "ser": 0, "fat": 0, "row": -1, "mot": -1, "pie": -1, "uto": -1, "uwr": -1 }, "geometry": { "type": "Point", "coordinates": [ 19.640139, 51.799889 ] } },
{ "type": "Feature", "properties": { "ID": 109559812, "yr": 2020, "dt": "2020-11-21T06:43:00", "WOJ": 10, "sev": 1, "c": [ 255, 255, 0, 160 ], "dmg": 0, "sli": 1, "ser": 0, "fat": 0, "row": -1, "mot": -1, "pie": -1, "uto": -1, "uwr": -1 }, "geometry": { "type": "Point", "coordinates": [ 20.181056, 52.067333 ] } },
{ "type": "Feature", "properties": { "ID": 109557517, "yr": 2020, "dt": "2020-11-21T03:52:00", "WOJ": 10, "sev": 1, "c": [ 255, 255, 0, 160 ], "dmg": 1, "sli": 2, "ser": 0, "fat": 0, "row": -1, "mot": -1, "pie": -1, "uto": -1, "uwr": -1 }, "geometry": { "type": "Point", "coordinates": [ 19.290278, 51.961139 ] } },
{ "type": "Feature", "properties": { "ID": 109560939, "yr": 2020, "dt": "2020-11-21T15:45:00", "WOJ": 10, "sev": 1, "c": [ 255, 255, 0, 160 ], "dmg": 1, "sli": 2, "ser": 0, "fat": 0, "row": -1, "mot": -1, "pie": -1, "uto": -1, "uwr": -1 }, "geometry": { "type": "Point", "coordinates": [ 18.787778, 51.967861 ] } },
{ "type": "Feature", "properties": { "ID": 109560991, "yr": 2020, "dt": "2020-11-22T16:35:00", "WOJ": 10, "sev": 1, "c": [ 255, 255, 0, 160 ], "dmg": 1, "sli": 1, "ser": 0, "fat": 0, "row": -1, "mot": -1, "pie": 1, "uto": -1, "uwr": -1 }, "geometry": { "type": "Point", "coordinates": [ 19.371528, 51.976389 ] } },
{ "type": "Feature", "properties": { "ID": 109560943, "yr": 2020, "dt": "2020-11-22T12:21:02", "WOJ": 10, "sev": 1, "c": [ 255, 255, 0, 160 ], "dmg": 1, "sli": 1, "ser": 0, "fat": 0, "row": -1, "mot": -1, "pie": 1, "uto": -1, "uwr": -1 }, "geometry": { "type": "Point", "coordinates": [ 19.364, 51.663917 ] } },
{ "type": "Feature", "properties": { "ID": 109561063, "yr": 2020, "dt": "2020-11-22T18:55:00", "WOJ": 10, "sev": 1, "c": [ 255, 255, 0, 160 ], "dmg": 2, "sli": 1, "ser": 0, "fat": 0, "row": -1, "mot": -1, "pie": -1, "uto": -1, "uwr": -1 }, "geometry": { "type": "Point", "coordinates": [ 19.244889, 51.547667 ] } },
{ "type": "Feature", "properties": { "ID": 109560917, "yr": 2020, "dt": "2020-11-22T10:52:19", "WOJ": 10, "sev": 1, "c": [ 255, 255, 0, 160 ], "dmg": 1, "sli": 1, "ser": 0, "fat": 0, "row": -1, "mot": -1, "pie": -1, "uto": -1, "uwr": -1 }, "geometry": { "type": "Point", "coordinates": [ 19.482722, 51.780972 ] } },
{ "type": "Feature", "properties": { "ID": 109560547, "yr": 2020, "dt": "2020-11-22T13:55:00", "WOJ": 10, "sev": 1, "c": [ 255, 255, 0, 160 ], "dmg": 1, "sli": 2, "ser": 0, "fat": 0, "row": -1, "mot": -1, "pie": -1, "uto": -1, "uwr": -1 }, "geometry": { "type": "Point", "coordinates": [ 19.503889, 52.049 ] } },
{ "type": "Feature", "properties": { "ID": 109563791, "yr": 2020, "dt": "2020-11-23T20:10:00", "WOJ": 10, "sev": 1, "c": [ 255, 255, 0, 160 ], "dmg": 0, "sli": 1, "ser": 0, "fat": 0, "row": -1, "mot": -1, "pie": -1, "uto": -1, "uwr": -1 }, "geometry": { "type": "Point", "coordinates": [ 19.152639, 51.382778 ] } },
{ "type": "Feature", "properties": { "ID": 109561139, "yr": 2020, "dt": "2020-11-23T07:35:00", "WOJ": 10, "sev": 1, "c": [ 255, 255, 0, 160 ], "dmg": 2, "sli": 1, "ser": 0, "fat": 0, "row": -1, "mot": -1, "pie": -1, "uto": -1, "uwr": -1 }, "geometry": { "type": "Point", "coordinates": [ 18.887472, 51.209278 ] } },
{ "type": "Feature", "properties": { "ID": 109563503, "yr": 2020, "dt": "2020-11-23T17:51:39", "WOJ": 10, "sev": 1, "c": [ 255, 255, 0, 160 ], "dmg": 1, "sli": 1, "ser": 0, "fat": 0, "row": -1, "mot": -1, "pie": -1, "uto": -1, "uwr": -1 }, "geometry": { "type": "Point", "coordinates": [ 19.400556, 51.746972 ] } },
{ "type": "Feature", "properties": { "ID": 109562815, "yr": 2020, "dt": "2020-11-23T07:20:02", "WOJ": 10, "sev": 1, "c": [ 255, 255, 0, 160 ], "dmg": 2, "sli": 1, "ser": 0, "fat": 0, "row": -1, "mot": -1, "pie": -1, "uto": -1, "uwr": -1 }, "geometry": { "type": "Point", "coordinates": [ 18.702278, 51.568472 ] } },
{ "type": "Feature", "properties": { "ID": 109561468, "yr": 2020, "dt": "2020-11-24T06:51:58", "WOJ": 10, "sev": 1, "c": [ 255, 255, 0, 160 ], "dmg": 1, "sli": 1, "ser": 0, "fat": 0, "row": -1, "mot": -1, "pie": -1, "uto": -1, "uwr": -1 }, "geometry": { "type": "Point", "coordinates": [ 19.905444, 52.130139 ] } },
{ "type": "Feature", "properties": { "ID": 109565388, "yr": 2020, "dt": "2020-11-25T14:50:00", "WOJ": 10, "sev": 1, "c": [ 255, 255, 0, 160 ], "dmg": 0, "sli": 1, "ser": 0, "fat": 0, "row": -1, "mot": 1, "pie": -1, "uto": -1, "uwr": -1 }, "geometry": { "type": "Point", "coordinates": [ 19.342028, 51.385361 ] } },
{ "type": "Feature", "properties": { "ID": 109565311, "yr": 2020, "dt": "2020-11-25T14:40:19", "WOJ": 10, "sev": 1, "c": [ 255, 255, 0, 160 ], "dmg": 1, "sli": 1, "ser": 0, "fat": 0, "row": -1, "mot": -1, "pie": -1, "uto": -1, "uwr": -1 }, "geometry": { "type": "Point", "coordinates": [ 19.484056, 51.7645 ] } },
{ "type": "Feature", "properties": { "ID": 109568814, "yr": 2020, "dt": "2020-11-26T17:45:00", "WOJ": 10, "sev": 1, "c": [ 255, 255, 0, 160 ], "dmg": 1, "sli": 1, "ser": 0, "fat": 0, "row": 1, "mot": -1, "pie": -1, "uto": -1, "uwr": -1 }, "geometry": { "type": "Point", "coordinates": [ 18.971722, 51.689333 ] } },
{ "type": "Feature", "properties": { "ID": 109567897, "yr": 2020, "dt": "2020-11-26T10:50:00", "WOJ": 10, "sev": 1, "c": [ 255, 255, 0, 160 ], "dmg": 1, "sli": 2, "ser": 0, "fat": 0, "row": -1, "mot": -1, "pie": -1, "uto": -1, "uwr": -1 }, "geometry": { "type": "Point", "coordinates": [ 19.597944, 51.277333 ] } },
{ "type": "Feature", "properties": { "ID": 109567473, "yr": 2020, "dt": "2020-11-26T09:10:00", "WOJ": 10, "sev": 1, "c": [ 255, 255, 0, 160 ], "dmg": 1, "sli": 1, "ser": 0, "fat": 0, "row": -1, "mot": -1, "pie": -1, "uto": -1, "uwr": -1 }, "geometry": { "type": "Point", "coordinates": [ 19.768833, 51.657944 ] } },
{ "type": "Feature", "properties": { "ID": 109570344, "yr": 2020, "dt": "2020-11-27T16:30:00", "WOJ": 10, "sev": 1, "c": [ 255, 255, 0, 160 ], "dmg": 1, "sli": 1, "ser": 0, "fat": 0, "row": -1, "mot": -1, "pie": 1, "uto": -1, "uwr": -1 }, "geometry": { "type": "Point", "coordinates": [ 20.286694, 51.298417 ] } },
{ "type": "Feature", "properties": { "ID": 109568588, "yr": 2020, "dt": "2020-11-27T06:20:00", "WOJ": 10, "sev": 1, "c": [ 255, 255, 0, 160 ], "dmg": 2, "sli": 1, "ser": 0, "fat": 0, "row": -1, "mot": -1, "pie": -1, "uto": -1, "uwr": -1 }, "geometry": { "type": "Point", "coordinates": [ 19.184278, 51.279833 ] } },
{ "type": "Feature", "properties": { "ID": 109568625, "yr": 2020, "dt": "2020-11-27T10:41:55", "WOJ": 10, "sev": 1, "c": [ 255, 255, 0, 160 ], "dmg": 1, "sli": 1, "ser": 0, "fat": 0, "row": -1, "mot": -1, "pie": -1, "uto": -1, "uwr": -1 }, "geometry": { "type": "Point", "coordinates": [ 19.508333, 51.761806 ] } },
{ "type": "Feature", "properties": { "ID": 109571369, "yr": 2020, "dt": "2020-11-27T23:10:00", "WOJ": 10, "sev": 1, "c": [ 255, 255, 0, 160 ], "dmg": 1, "sli": 1, "ser": 0, "fat": 0, "row": -1, "mot": -1, "pie": -1, "uto": -1, "uwr": -1 }, "geometry": { "type": "Point", "coordinates": [ 19.386361, 51.367139 ] } },
{ "type": "Feature", "properties": { "ID": 109569815, "yr": 2020, "dt": "2020-11-27T03:40:00", "WOJ": 10, "sev": 1, "c": [ 255, 255, 0, 160 ], "dmg": 1, "sli": 1, "ser": 0, "fat": 0, "row": -1, "mot": -1, "pie": 1, "uto": -1, "uwr": -1 }, "geometry": { "type": "Point", "coordinates": [ 18.947694, 51.59525 ] } },
{ "type": "Feature", "properties": { "ID": 109571358, "yr": 2020, "dt": "2020-11-27T19:40:00", "WOJ": 10, "sev": 1, "c": [ 255, 255, 0, 160 ], "dmg": 0, "sli": 2, "ser": 0, "fat": 0, "row": -1, "mot": -1, "pie": -1, "uto": -1, "uwr": -1 }, "geometry": { "type": "Point", "coordinates": [ 18.926944, 51.314389 ] } },
{ "type": "Feature", "properties": { "ID": 109571187, "yr": 2020, "dt": "2020-11-27T17:16:40", "WOJ": 10, "sev": 1, "c": [ 255, 255, 0, 160 ], "dmg": 1, "sli": 2, "ser": 0, "fat": 0, "row": -1, "mot": -1, "pie": -1, "uto": -1, "uwr": -1 }, "geometry": { "type": "Point", "coordinates": [ 19.508361, 51.787861 ] } },
{ "type": "Feature", "properties": { "ID": 109571881, "yr": 2020, "dt": "2020-11-28T19:05:54", "WOJ": 10, "sev": 1, "c": [ 255, 255, 0, 160 ], "dmg": 1, "sli": 1, "ser": 0, "fat": 0, "row": -1, "mot": -1, "pie": -1, "uto": -1, "uwr": -1 }, "geometry": { "type": "Point", "coordinates": [ 19.439083, 51.745306 ] } },
{ "type": "Feature", "properties": { "ID": 109571480, "yr": 2020, "dt": "2020-11-28T08:10:00", "WOJ": 10, "sev": 1, "c": [ 255, 255, 0, 160 ], "dmg": 0, "sli": 2, "ser": 0, "fat": 0, "row": -1, "mot": -1, "pie": -1, "uto": -1, "uwr": -1 }, "geometry": { "type": "Point", "coordinates": [ 19.221194, 51.466194 ] } },
{ "type": "Feature", "properties": { "ID": 109572042, "yr": 2020, "dt": "2020-11-28T23:20:00", "WOJ": 10, "sev": 1, "c": [ 255, 255, 0, 160 ], "dmg": 0, "sli": 2, "ser": 0, "fat": 0, "row": -1, "mot": -1, "pie": -1, "uto": -1, "uwr": -1 }, "geometry": { "type": "Point", "coordinates": [ 20.352861, 51.419083 ] } },
{ "type": "Feature", "properties": { "ID": 109571593, "yr": 2020, "dt": "2020-11-28T11:57:35", "WOJ": 10, "sev": 1, "c": [ 255, 255, 0, 160 ], "dmg": 1, "sli": 1, "ser": 0, "fat": 0, "row": -1, "mot": -1, "pie": -1, "uto": -1, "uwr": -1 }, "geometry": { "type": "Point", "coordinates": [ 19.438861, 51.745361 ] } },
{ "type": "Feature", "properties": { "ID": 109574325, "yr": 2020, "dt": "2020-11-30T17:46:00", "WOJ": 10, "sev": 1, "c": [ 255, 255, 0, 160 ], "dmg": 2, "sli": 1, "ser": 0, "fat": 0, "row": -1, "mot": -1, "pie": -1, "uto": -1, "uwr": -1 }, "geometry": { "type": "Point", "coordinates": [ 20.1065, 51.978028 ] } },
{ "type": "Feature", "properties": { "ID": 109574106, "yr": 2020, "dt": "2020-11-30T16:00:00", "WOJ": 10, "sev": 1, "c": [ 255, 255, 0, 160 ], "dmg": 2, "sli": 1, "ser": 0, "fat": 0, "row": -1, "mot": -1, "pie": -1, "uto": -1, "uwr": -1 }, "geometry": { "type": "Point", "coordinates": [ 19.634333, 51.295056 ] } },
{ "type": "Feature", "properties": { "ID": 109574060, "yr": 2020, "dt": "2020-11-30T16:09:14", "WOJ": 10, "sev": 1, "c": [ 255, 255, 0, 160 ], "dmg": 0, "sli": 2, "ser": 0, "fat": 0, "row": -1, "mot": -1, "pie": -1, "uto": -1, "uwr": -1 }, "geometry": { "type": "Point", "coordinates": [ 19.434917, 51.756472 ] } },
{ "type": "Feature", "properties": { "ID": 109574104, "yr": 2020, "dt": "2020-11-30T17:07:29", "WOJ": 10, "sev": 1, "c": [ 255, 255, 0, 160 ], "dmg": 1, "sli": 3, "ser": 0, "fat": 0, "row": -1, "mot": -1, "pie": -1, "uto": -1, "uwr": -1 }, "geometry": { "type": "Point", "coordinates": [ 19.446444, 51.757778 ] } },
{ "type": "Feature", "properties": { "ID": 109574213, "yr": 2020, "dt": "2020-11-30T17:44:28", "WOJ": 10, "sev": 1, "c": [ 255, 255, 0, 160 ], "dmg": 2, "sli": 1, "ser": 0, "fat": 0, "row": -1, "mot": -1, "pie": -1, "uto": -1, "uwr": -1 }, "geometry": { "type": "Point", "coordinates": [ 19.58975, 51.793833 ] } },
{ "type": "Feature", "properties": { "ID": 109574359, "yr": 2020, "dt": "2020-11-30T20:40:00", "WOJ": 10, "sev": 1, "c": [ 255, 255, 0, 160 ], "dmg": 2, "sli": 2, "ser": 0, "fat": 0, "row": -1, "mot": -1, "pie": -1, "uto": -1, "uwr": -1 }, "geometry": { "type": "Point", "coordinates": [ 19.354333, 51.081361 ] } },
{ "type": "Feature", "properties": { "ID": 109574280, "yr": 2020, "dt": "2020-11-30T19:30:00", "WOJ": 10, "sev": 1, "c": [ 255, 255, 0, 160 ], "dmg": 1, "sli": 1, "ser": 0, "fat": 0, "row": -1, "mot": -1, "pie": 1, "uto": -1, "uwr": -1 }, "geometry": { "type": "Point", "coordinates": [ 19.365, 52.231278 ] } },
{ "type": "Feature", "properties": { "ID": 109574933, "yr": 2020, "dt": "2020-11-30T17:30:00", "WOJ": 10, "sev": 1, "c": [ 255, 255, 0, 160 ], "dmg": 3, "sli": 1, "ser": 0, "fat": 0, "row": -1, "mot": -1, "pie": -1, "uto": -1, "uwr": -1 }, "geometry": { "type": "Point", "coordinates": [ 19.483167, 51.782694 ] } },
{ "type": "Feature", "properties": { "ID": 109577130, "yr": 2020, "dt": "2020-12-01T10:23:08", "WOJ": 10, "sev": 1, "c": [ 255, 255, 0, 160 ], "dmg": 1, "sli": 1, "ser": 0, "fat": 0, "row": 1, "mot": -1, "pie": -1, "uto": -1, "uwr": -1 }, "geometry": { "type": "Point", "coordinates": [ 19.348417, 51.660444 ] } },
{ "type": "Feature", "properties": { "ID": 109576857, "yr": 2020, "dt": "2020-12-01T06:01:00", "WOJ": 10, "sev": 1, "c": [ 255, 255, 0, 160 ], "dmg": 1, "sli": 1, "ser": 0, "fat": 0, "row": -1, "mot": -1, "pie": 1, "uto": -1, "uwr": -1 }, "geometry": { "type": "Point", "coordinates": [ 20.463806, 51.810722 ] } },
{ "type": "Feature", "properties": { "ID": 109577300, "yr": 2020, "dt": "2020-12-01T15:34:00", "WOJ": 10, "sev": 1, "c": [ 255, 255, 0, 160 ], "dmg": 1, "sli": 1, "ser": 0, "fat": 0, "row": 1, "mot": -1, "pie": -1, "uto": -1, "uwr": -1 }, "geometry": { "type": "Point", "coordinates": [ 19.421056, 51.753417 ] } },
{ "type": "Feature", "properties": { "ID": 109575888, "yr": 2020, "dt": "2020-12-01T08:58:00", "WOJ": 10, "sev": 1, "c": [ 255, 255, 0, 160 ], "dmg": 1, "sli": 2, "ser": 0, "fat": 0, "row": -1, "mot": -1, "pie": -1, "uto": -1, "uwr": -1 }, "geometry": { "type": "Point", "coordinates": [ 19.432028, 51.769111 ] } },
{ "type": "Feature", "properties": { "ID": 109579773, "yr": 2020, "dt": "2020-12-01T19:25:00", "WOJ": 10, "sev": 1, "c": [ 255, 255, 0, 160 ], "dmg": 1, "sli": 1, "ser": 0, "fat": 0, "row": -1, "mot": -1, "pie": -1, "uto": -1, "uwr": -1 }, "geometry": { "type": "Point", "coordinates": [ 19.390639, 51.797194 ] } },
{ "type": "Feature", "properties": { "ID": 109577864, "yr": 2020, "dt": "2020-12-01T14:31:00", "WOJ": 10, "sev": 1, "c": [ 255, 255, 0, 160 ], "dmg": 1, "sli": 1, "ser": 0, "fat": 0, "row": -1, "mot": -1, "pie": 1, "uto": -1, "uwr": -1 }, "geometry": { "type": "Point", "coordinates": [ 19.454778, 51.791306 ] } },
{ "type": "Feature", "properties": { "ID": 109578957, "yr": 2020, "dt": "2020-12-01T19:00:00", "WOJ": 10, "sev": 1, "c": [ 255, 255, 0, 160 ], "dmg": 0, "sli": 4, "ser": 0, "fat": 0, "row": -1, "mot": -1, "pie": -1, "uto": -1, "uwr": -1 }, "geometry": { "type": "Point", "coordinates": [ 18.244833, 51.304111 ] } },
{ "type": "Feature", "properties": { "ID": 109579776, "yr": 2020, "dt": "2020-12-01T17:27:00", "WOJ": 10, "sev": 1, "c": [ 255, 255, 0, 160 ], "dmg": 2, "sli": 2, "ser": 0, "fat": 0, "row": -1, "mot": -1, "pie": 0, "uto": -1, "uwr": -1 }, "geometry": { "type": "Point", "coordinates": [ 19.489944, 51.74775 ] } },
{ "type": "Feature", "properties": { "ID": 109576991, "yr": 2020, "dt": "2020-12-01T08:44:00", "WOJ": 10, "sev": 1, "c": [ 255, 255, 0, 160 ], "dmg": 1, "sli": 2, "ser": 0, "fat": 0, "row": -1, "mot": -1, "pie": -1, "uto": -1, "uwr": -1 }, "geometry": { "type": "Point", "coordinates": [ 19.901861, 51.571833 ] } },
{ "type": "Feature", "properties": { "ID": 109577297, "yr": 2020, "dt": "2020-12-01T13:35:00", "WOJ": 10, "sev": 1, "c": [ 255, 255, 0, 160 ], "dmg": 1, "sli": 1, "ser": 0, "fat": 0, "row": 1, "mot": -1, "pie": -1, "uto": -1, "uwr": -1 }, "geometry": { "type": "Point", "coordinates": [ 19.344472, 52.227056 ] } },
{ "type": "Feature", "properties": { "ID": 109577464, "yr": 2020, "dt": "2020-12-01T15:18:00", "WOJ": 10, "sev": 1, "c": [ 255, 255, 0, 160 ], "dmg": 1, "sli": 1, "ser": 0, "fat": 0, "row": -1, "mot": -1, "pie": 1, "uto": -1, "uwr": -1 }, "geometry": { "type": "Point", "coordinates": [ 19.825972, 51.740306 ] } },
{ "type": "Feature", "properties": { "ID": 109594204, "yr": 2020, "dt": "2020-12-02T07:00:00", "WOJ": 10, "sev": 1, "c": [ 255, 255, 0, 160 ], "dmg": 1, "sli": 1, "ser": 0, "fat": 0, "row": 1, "mot": -1, "pie": -1, "uto": -1, "uwr": -1 }, "geometry": { "type": "Point", "coordinates": [ 18.960167, 51.589083 ] } },
{ "type": "Feature", "properties": { "ID": 109581747, "yr": 2020, "dt": "2020-12-02T22:15:11", "WOJ": 10, "sev": 1, "c": [ 255, 255, 0, 160 ], "dmg": 2, "sli": 1, "ser": 0, "fat": 0, "row": -1, "mot": -1, "pie": -1, "uto": -1, "uwr": -1 }, "geometry": { "type": "Point", "coordinates": [ 19.462472, 51.741167 ] } },
{ "type": "Feature", "properties": { "ID": 109595848, "yr": 2020, "dt": "2020-12-03T15:20:00", "WOJ": 10, "sev": 1, "c": [ 255, 255, 0, 160 ], "dmg": 2, "sli": 1, "ser": 0, "fat": 0, "row": -1, "mot": -1, "pie": -1, "uto": -1, "uwr": -1 }, "geometry": { "type": "Point", "coordinates": [ 19.635278, 51.428139 ] } },
{ "type": "Feature", "properties": { "ID": 109597354, "yr": 2020, "dt": "2020-12-04T18:00:00", "WOJ": 10, "sev": 1, "c": [ 255, 255, 0, 160 ], "dmg": 1, "sli": 1, "ser": 0, "fat": 0, "row": -1, "mot": -1, "pie": -1, "uto": -1, "uwr": -1 }, "geometry": { "type": "Point", "coordinates": [ 19.342278, 51.3815 ] } },
{ "type": "Feature", "properties": { "ID": 109598220, "yr": 2020, "dt": "2020-12-04T14:25:00", "WOJ": 10, "sev": 1, "c": [ 255, 255, 0, 160 ], "dmg": 1, "sli": 1, "ser": 0, "fat": 0, "row": -1, "mot": -1, "pie": 1, "uto": -1, "uwr": -1 }, "geometry": { "type": "Point", "coordinates": [ 18.72425, 51.589278 ] } },
{ "type": "Feature", "properties": { "ID": 109598237, "yr": 2020, "dt": "2020-12-04T14:20:00", "WOJ": 10, "sev": 1, "c": [ 255, 255, 0, 160 ], "dmg": 1, "sli": 1, "ser": 0, "fat": 0, "row": 1, "mot": -1, "pie": -1, "uto": -1, "uwr": -1 }, "geometry": { "type": "Point", "coordinates": [ 20.043111, 51.513778 ] } },
{ "type": "Feature", "properties": { "ID": 109597506, "yr": 2020, "dt": "2020-12-04T17:25:00", "WOJ": 10, "sev": 1, "c": [ 255, 255, 0, 160 ], "dmg": 2, "sli": 1, "ser": 0, "fat": 0, "row": -1, "mot": -1, "pie": -1, "uto": -1, "uwr": -1 }, "geometry": { "type": "Point", "coordinates": [ 19.679889, 51.406556 ] } },
{ "type": "Feature", "properties": { "ID": 109597191, "yr": 2020, "dt": "2020-12-04T16:35:00", "WOJ": 10, "sev": 1, "c": [ 255, 255, 0, 160 ], "dmg": 1, "sli": 2, "ser": 0, "fat": 0, "row": -1, "mot": -1, "pie": 1, "uto": -1, "uwr": -1 }, "geometry": { "type": "Point", "coordinates": [ 19.349611, 52.232639 ] } },
{ "type": "Feature", "properties": { "ID": 109636778, "yr": 2020, "dt": "2020-12-04T18:20:00", "WOJ": 10, "sev": 1, "c": [ 255, 255, 0, 160 ], "dmg": 1, "sli": 1, "ser": 0, "fat": 0, "row": 1, "mot": -1, "pie": -1, "uto": -1, "uwr": -1 }, "geometry": { "type": "Point", "coordinates": [ 19.8045, 51.73625 ] } },
{ "type": "Feature", "properties": { "ID": 109595909, "yr": 2020, "dt": "2020-12-04T01:05:16", "WOJ": 10, "sev": 1, "c": [ 255, 255, 0, 160 ], "dmg": 1, "sli": 1, "ser": 0, "fat": 0, "row": -1, "mot": -1, "pie": -1, "uto": -1, "uwr": -1 }, "geometry": { "type": "Point", "coordinates": [ 20.051972, 51.946722 ] } },
{ "type": "Feature", "properties": { "ID": 109594648, "yr": 2020, "dt": "2020-12-04T08:50:00", "WOJ": 10, "sev": 1, "c": [ 255, 255, 0, 160 ], "dmg": 1, "sli": 1, "ser": 0, "fat": 0, "row": 1, "mot": -1, "pie": -1, "uto": -1, "uwr": -1 }, "geometry": { "type": "Point", "coordinates": [ 19.1685, 52.26125 ] } },
{ "type": "Feature", "properties": { "ID": 109598485, "yr": 2020, "dt": "2020-12-04T22:00:00", "WOJ": 10, "sev": 1, "c": [ 255, 255, 0, 160 ], "dmg": 0, "sli": 1, "ser": 0, "fat": 0, "row": -1, "mot": -1, "pie": -1, "uto": -1, "uwr": -1 }, "geometry": { "type": "Point", "coordinates": [ 19.563833, 51.253889 ] } },
{ "type": "Feature", "properties": { "ID": 109601022, "yr": 2020, "dt": "2020-12-05T12:41:00", "WOJ": 10, "sev": 1, "c": [ 255, 255, 0, 160 ], "dmg": 1, "sli": 1, "ser": 0, "fat": 0, "row": -1, "mot": -1, "pie": -1, "uto": -1, "uwr": -1 }, "geometry": { "type": "Point", "coordinates": [ 20.309556, 51.812972 ] } },
{ "type": "Feature", "properties": { "ID": 109601694, "yr": 2020, "dt": "2020-12-05T16:00:00", "WOJ": 10, "sev": 1, "c": [ 255, 255, 0, 160 ], "dmg": 1, "sli": 1, "ser": 0, "fat": 0, "row": -1, "mot": -1, "pie": -1, "uto": -1, "uwr": -1 }, "geometry": { "type": "Point", "coordinates": [ 19.434806, 51.8155 ] } },
{ "type": "Feature", "properties": { "ID": 109601322, "yr": 2020, "dt": "2020-12-06T10:18:00", "WOJ": 10, "sev": 1, "c": [ 255, 255, 0, 160 ], "dmg": 0, "sli": 1, "ser": 0, "fat": 0, "row": -1, "mot": 1, "pie": -1, "uto": -1, "uwr": -1 }, "geometry": { "type": "Point", "coordinates": [ 19.424472, 51.799167 ] } },
{ "type": "Feature", "properties": { "ID": 109601418, "yr": 2020, "dt": "2020-12-06T13:55:23", "WOJ": 10, "sev": 1, "c": [ 255, 255, 0, 160 ], "dmg": 1, "sli": 1, "ser": 0, "fat": 0, "row": 1, "mot": -1, "pie": -1, "uto": -1, "uwr": -1 }, "geometry": { "type": "Point", "coordinates": [ 18.93075, 51.594194 ] } },
{ "type": "Feature", "properties": { "ID": 109601421, "yr": 2020, "dt": "2020-12-06T14:27:00", "WOJ": 10, "sev": 1, "c": [ 255, 255, 0, 160 ], "dmg": 2, "sli": 1, "ser": 0, "fat": 0, "row": -1, "mot": -1, "pie": -1, "uto": -1, "uwr": -1 }, "geometry": { "type": "Point", "coordinates": [ 19.487722, 51.728139 ] } },
{ "type": "Feature", "properties": { "ID": 109601334, "yr": 2020, "dt": "2020-12-06T09:56:00", "WOJ": 10, "sev": 1, "c": [ 255, 255, 0, 160 ], "dmg": 0, "sli": 2, "ser": 0, "fat": 0, "row": -1, "mot": -1, "pie": -1, "uto": -1, "uwr": -1 }, "geometry": { "type": "Point", "coordinates": [ 20.126778, 51.792667 ] } },
{ "type": "Feature", "properties": { "ID": 109651819, "yr": 2020, "dt": "2020-12-07T07:05:00", "WOJ": 10, "sev": 1, "c": [ 255, 255, 0, 160 ], "dmg": 1, "sli": 1, "ser": 0, "fat": 0, "row": -1, "mot": -1, "pie": -1, "uto": -1, "uwr": -1 }, "geometry": { "type": "Point", "coordinates": [ 19.371389, 51.900278 ] } },
{ "type": "Feature", "properties": { "ID": 109601649, "yr": 2020, "dt": "2020-12-07T02:00:00", "WOJ": 10, "sev": 1, "c": [ 255, 255, 0, 160 ], "dmg": 0, "sli": 1, "ser": 0, "fat": 0, "row": -1, "mot": -1, "pie": -1, "uto": -1, "uwr": -1 }, "geometry": { "type": "Point", "coordinates": [ 19.711139, 51.557167 ] } },
{ "type": "Feature", "properties": { "ID": 109651250, "yr": 2020, "dt": "2020-12-07T14:00:00", "WOJ": 10, "sev": 1, "c": [ 255, 255, 0, 160 ], "dmg": 0, "sli": 1, "ser": 0, "fat": 0, "row": -1, "mot": -1, "pie": -1, "uto": -1, "uwr": -1 }, "geometry": { "type": "Point", "coordinates": [ 19.405333, 52.206972 ] } },
{ "type": "Feature", "properties": { "ID": 109652120, "yr": 2020, "dt": "2020-12-07T21:40:00", "WOJ": 10, "sev": 1, "c": [ 255, 255, 0, 160 ], "dmg": 1, "sli": 2, "ser": 0, "fat": 0, "row": -1, "mot": -1, "pie": -1, "uto": -1, "uwr": -1 }, "geometry": { "type": "Point", "coordinates": [ 19.694111, 51.350472 ] } },
{ "type": "Feature", "properties": { "ID": 109653271, "yr": 2020, "dt": "2020-12-08T07:20:00", "WOJ": 10, "sev": 1, "c": [ 255, 255, 0, 160 ], "dmg": 1, "sli": 1, "ser": 0, "fat": 0, "row": -1, "mot": -1, "pie": -1, "uto": -1, "uwr": -1 }, "geometry": { "type": "Point", "coordinates": [ 20.1325, 51.399528 ] } },
{ "type": "Feature", "properties": { "ID": 109652153, "yr": 2020, "dt": "2020-12-08T06:53:00", "WOJ": 10, "sev": 1, "c": [ 255, 255, 0, 160 ], "dmg": 0, "sli": 1, "ser": 0, "fat": 0, "row": 1, "mot": -1, "pie": -1, "uto": -1, "uwr": -1 }, "geometry": { "type": "Point", "coordinates": [ 19.450778, 51.758194 ] } },
{ "type": "Feature", "properties": { "ID": 109655177, "yr": 2020, "dt": "2020-12-08T17:45:00", "WOJ": 10, "sev": 1, "c": [ 255, 255, 0, 160 ], "dmg": 1, "sli": 1, "ser": 0, "fat": 0, "row": -1, "mot": -1, "pie": -1, "uto": -1, "uwr": -1 }, "geometry": { "type": "Point", "coordinates": [ 19.710556, 51.959722 ] } },
{ "type": "Feature", "properties": { "ID": 109652163, "yr": 2020, "dt": "2020-12-08T04:30:00", "WOJ": 10, "sev": 1, "c": [ 255, 255, 0, 160 ], "dmg": 0, "sli": 1, "ser": 0, "fat": 0, "row": -1, "mot": -1, "pie": -1, "uto": -1, "uwr": -1 }, "geometry": { "type": "Point", "coordinates": [ 19.777167, 51.823472 ] } },
{ "type": "Feature", "properties": { "ID": 109653078, "yr": 2020, "dt": "2020-12-08T16:10:20", "WOJ": 10, "sev": 1, "c": [ 255, 255, 0, 160 ], "dmg": 1, "sli": 1, "ser": 0, "fat": 0, "row": -1, "mot": -1, "pie": -1, "uto": -1, "uwr": -1 }, "geometry": { "type": "Point", "coordinates": [ 19.959528, 51.092028 ] } },
{ "type": "Feature", "properties": { "ID": 109655961, "yr": 2020, "dt": "2020-12-09T18:15:00", "WOJ": 10, "sev": 1, "c": [ 255, 255, 0, 160 ], "dmg": 0, "sli": 2, "ser": 0, "fat": 0, "row": -1, "mot": -1, "pie": -1, "uto": -1, "uwr": -1 }, "geometry": { "type": "Point", "coordinates": [ 19.370222, 52.238361 ] } },
{ "type": "Feature", "properties": { "ID": 109657337, "yr": 2020, "dt": "2020-12-09T15:48:10", "WOJ": 10, "sev": 1, "c": [ 255, 255, 0, 160 ], "dmg": 2, "sli": 1, "ser": 0, "fat": 0, "row": -1, "mot": -1, "pie": -1, "uto": -1, "uwr": -1 }, "geometry": { "type": "Point", "coordinates": [ 19.427639, 51.710806 ] } },
{ "type": "Feature", "properties": { "ID": 109660388, "yr": 2020, "dt": "2020-12-10T16:30:00", "WOJ": 10, "sev": 1, "c": [ 255, 255, 0, 160 ], "dmg": 3, "sli": 2, "ser": 0, "fat": 0, "row": -1, "mot": -1, "pie": -1, "uto": -1, "uwr": -1 }, "geometry": { "type": "Point", "coordinates": [ 19.695083, 51.369306 ] } },
{ "type": "Feature", "properties": { "ID": 109660315, "yr": 2020, "dt": "2020-12-10T16:10:00", "WOJ": 10, "sev": 1, "c": [ 255, 255, 0, 160 ], "dmg": 1, "sli": 1, "ser": 0, "fat": 0, "row": -1, "mot": -1, "pie": 1, "uto": -1, "uwr": -1 }, "geometry": { "type": "Point", "coordinates": [ 19.127583, 51.595694 ] } },
{ "type": "Feature", "properties": { "ID": 109666193, "yr": 2020, "dt": "2020-12-11T08:55:00", "WOJ": 10, "sev": 1, "c": [ 255, 255, 0, 160 ], "dmg": 1, "sli": 1, "ser": 0, "fat": 0, "row": -1, "mot": -1, "pie": 1, "uto": -1, "uwr": -1 }, "geometry": { "type": "Point", "coordinates": [ 19.449472, 51.764889 ] } },
{ "type": "Feature", "properties": { "ID": 109660954, "yr": 2020, "dt": "2020-12-11T11:20:00", "WOJ": 10, "sev": 1, "c": [ 255, 255, 0, 160 ], "dmg": 2, "sli": 1, "ser": 0, "fat": 0, "row": -1, "mot": -1, "pie": -1, "uto": -1, "uwr": -1 }, "geometry": { "type": "Point", "coordinates": [ 19.97575, 51.542722 ] } },
{ "type": "Feature", "properties": { "ID": 109662405, "yr": 2020, "dt": "2020-12-11T16:10:00", "WOJ": 10, "sev": 1, "c": [ 255, 255, 0, 160 ], "dmg": 1, "sli": 1, "ser": 0, "fat": 0, "row": -1, "mot": -1, "pie": 1, "uto": -1, "uwr": -1 }, "geometry": { "type": "Point", "coordinates": [ 19.775056, 51.666167 ] } },
{ "type": "Feature", "properties": { "ID": 109661938, "yr": 2020, "dt": "2020-12-12T14:18:15", "WOJ": 10, "sev": 1, "c": [ 255, 255, 0, 160 ], "dmg": 1, "sli": 1, "ser": 0, "fat": 0, "row": -1, "mot": -1, "pie": -1, "uto": -1, "uwr": -1 }, "geometry": { "type": "Point", "coordinates": [ 19.483417, 51.761306 ] } },
{ "type": "Feature", "properties": { "ID": 109665379, "yr": 2020, "dt": "2020-12-13T20:00:00", "WOJ": 10, "sev": 1, "c": [ 255, 255, 0, 160 ], "dmg": 0, "sli": 1, "ser": 0, "fat": 0, "row": -1, "mot": -1, "pie": -1, "uto": -1, "uwr": -1 }, "geometry": { "type": "Point", "coordinates": [ 18.322306, 51.214694 ] } },
{ "type": "Feature", "properties": { "ID": 109663439, "yr": 2020, "dt": "2020-12-13T00:37:00", "WOJ": 10, "sev": 1, "c": [ 255, 255, 0, 160 ], "dmg": 0, "sli": 1, "ser": 0, "fat": 0, "row": -1, "mot": -1, "pie": -1, "uto": -1, "uwr": -1 }, "geometry": { "type": "Point", "coordinates": [ 18.908278, 51.325306 ] } },
{ "type": "Feature", "properties": { "ID": 109664491, "yr": 2020, "dt": "2020-12-13T19:45:00", "WOJ": 10, "sev": 1, "c": [ 255, 255, 0, 160 ], "dmg": 2, "sli": 1, "ser": 0, "fat": 0, "row": -1, "mot": -1, "pie": -1, "uto": -1, "uwr": -1 }, "geometry": { "type": "Point", "coordinates": [ 20.2595, 51.736194 ] } },
{ "type": "Feature", "properties": { "ID": 109665316, "yr": 2020, "dt": "2020-12-13T16:00:00", "WOJ": 10, "sev": 1, "c": [ 255, 255, 0, 160 ], "dmg": 1, "sli": 1, "ser": 0, "fat": 0, "row": -1, "mot": -1, "pie": 1, "uto": -1, "uwr": -1 }, "geometry": { "type": "Point", "coordinates": [ 19.684583, 51.412944 ] } },
{ "type": "Feature", "properties": { "ID": 109665321, "yr": 2020, "dt": "2020-12-13T14:45:00", "WOJ": 10, "sev": 1, "c": [ 255, 255, 0, 160 ], "dmg": 3, "sli": 1, "ser": 0, "fat": 0, "row": -1, "mot": -1, "pie": -1, "uto": -1, "uwr": -1 }, "geometry": { "type": "Point", "coordinates": [ 19.712583, 51.404361 ] } },
{ "type": "Feature", "properties": { "ID": 109663431, "yr": 2020, "dt": "2020-12-13T04:00:00", "WOJ": 10, "sev": 1, "c": [ 255, 255, 0, 160 ], "dmg": 0, "sli": 1, "ser": 0, "fat": 0, "row": -1, "mot": -1, "pie": -1, "uto": -1, "uwr": -1 }, "geometry": { "type": "Point", "coordinates": [ 19.336861, 52.222944 ] } },
{ "type": "Feature", "properties": { "ID": 109666527, "yr": 2020, "dt": "2020-12-14T20:55:00", "WOJ": 10, "sev": 1, "c": [ 255, 255, 0, 160 ], "dmg": 1, "sli": 2, "ser": 0, "fat": 0, "row": -1, "mot": -1, "pie": -1, "uto": -1, "uwr": -1 }, "geometry": { "type": "Point", "coordinates": [ 19.695361, 51.375 ] } },
{ "type": "Feature", "properties": { "ID": 109666454, "yr": 2020, "dt": "2020-12-14T15:15:00", "WOJ": 10, "sev": 1, "c": [ 255, 255, 0, 160 ], "dmg": 1, "sli": 1, "ser": 0, "fat": 0, "row": -1, "mot": -1, "pie": 1, "uto": -1, "uwr": -1 }, "geometry": { "type": "Point", "coordinates": [ 19.885028, 51.354278 ] } },
{ "type": "Feature", "properties": { "ID": 109666426, "yr": 2020, "dt": "2020-12-14T14:38:00", "WOJ": 10, "sev": 1, "c": [ 255, 255, 0, 160 ], "dmg": 1, "sli": 1, "ser": 0, "fat": 0, "row": -1, "mot": -1, "pie": -1, "uto": -1, "uwr": -1 }, "geometry": { "type": "Point", "coordinates": [ 19.915917, 51.857778 ] } },
{ "type": "Feature", "properties": { "ID": 109666467, "yr": 2020, "dt": "2020-12-14T13:43:00", "WOJ": 10, "sev": 1, "c": [ 255, 255, 0, 160 ], "dmg": 0, "sli": 1, "ser": 0, "fat": 0, "row": -1, "mot": -1, "pie": -1, "uto": -1, "uwr": -1 }, "geometry": { "type": "Point", "coordinates": [ 19.254972, 51.293583 ] } },
{ "type": "Feature", "properties": { "ID": 109679182, "yr": 2020, "dt": "2020-12-14T06:45:00", "WOJ": 10, "sev": 1, "c": [ 255, 255, 0, 160 ], "dmg": 2, "sli": 2, "ser": 0, "fat": 0, "row": -1, "mot": -1, "pie": -1, "uto": -1, "uwr": -1 }, "geometry": { "type": "Point", "coordinates": [ 19.491028, 51.200917 ] } },
{ "type": "Feature", "properties": { "ID": 109666429, "yr": 2020, "dt": "2020-12-14T15:15:00", "WOJ": 10, "sev": 1, "c": [ 255, 255, 0, 160 ], "dmg": 1, "sli": 1, "ser": 0, "fat": 0, "row": -1, "mot": -1, "pie": -1, "uto": -1, "uwr": -1 }, "geometry": { "type": "Point", "coordinates": [ 20.013472, 51.544833 ] } },
{ "type": "Feature", "properties": { "ID": 109668095, "yr": 2020, "dt": "2020-12-15T05:30:00", "WOJ": 10, "sev": 1, "c": [ 255, 255, 0, 160 ], "dmg": 0, "sli": 2, "ser": 0, "fat": 0, "row": -1, "mot": -1, "pie": -1, "uto": -1, "uwr": -1 }, "geometry": { "type": "Point", "coordinates": [ 19.668139, 51.453389 ] } },
{ "type": "Feature", "properties": { "ID": 109670123, "yr": 2020, "dt": "2020-12-15T17:50:00", "WOJ": 10, "sev": 1, "c": [ 255, 255, 0, 160 ], "dmg": 3, "sli": 2, "ser": 0, "fat": 0, "row": -1, "mot": -1, "pie": -1, "uto": -1, "uwr": -1 }, "geometry": { "type": "Point", "coordinates": [ 19.652944, 51.483167 ] } },
{ "type": "Feature", "properties": { "ID": 109669671, "yr": 2020, "dt": "2020-12-15T13:21:00", "WOJ": 10, "sev": 1, "c": [ 255, 255, 0, 160 ], "dmg": 2, "sli": 1, "ser": 0, "fat": 0, "row": -1, "mot": -1, "pie": -1, "uto": -1, "uwr": -1 }, "geometry": { "type": "Point", "coordinates": [ 20.442528, 51.908472 ] } },
{ "type": "Feature", "properties": { "ID": 109678310, "yr": 2020, "dt": "2020-12-16T22:37:00", "WOJ": 10, "sev": 1, "c": [ 255, 255, 0, 160 ], "dmg": 1, "sli": 2, "ser": 0, "fat": 0, "row": -1, "mot": -1, "pie": -1, "uto": -1, "uwr": -1 }, "geometry": { "type": "Point", "coordinates": [ 19.705167, 51.502306 ] } },
{ "type": "Feature", "properties": { "ID": 109678530, "yr": 2020, "dt": "2020-12-16T05:18:00", "WOJ": 10, "sev": 1, "c": [ 255, 255, 0, 160 ], "dmg": 0, "sli": 2, "ser": 0, "fat": 0, "row": -1, "mot": -1, "pie": -1, "uto": -1, "uwr": -1 }, "geometry": { "type": "Point", "coordinates": [ 19.670333, 51.322694 ] } },
{ "type": "Feature", "properties": { "ID": 109677259, "yr": 2020, "dt": "2020-12-16T19:40:05", "WOJ": 10, "sev": 1, "c": [ 255, 255, 0, 160 ], "dmg": 1, "sli": 1, "ser": 0, "fat": 0, "row": -1, "mot": -1, "pie": -1, "uto": -1, "uwr": -1 }, "geometry": { "type": "Point", "coordinates": [ 19.468194, 51.760361 ] } },
{ "type": "Feature", "properties": { "ID": 109672356, "yr": 2020, "dt": "2020-12-16T07:00:00", "WOJ": 10, "sev": 1, "c": [ 255, 255, 0, 160 ], "dmg": 1, "sli": 1, "ser": 0, "fat": 0, "row": -1, "mot": -1, "pie": 1, "uto": -1, "uwr": -1 }, "geometry": { "type": "Point", "coordinates": [ 19.013806, 52.127778 ] } },
{ "type": "Feature", "properties": { "ID": 109678259, "yr": 2020, "dt": "2020-12-16T19:40:00", "WOJ": 10, "sev": 1, "c": [ 255, 255, 0, 160 ], "dmg": 1, "sli": 1, "ser": 0, "fat": 0, "row": -1, "mot": -1, "pie": -1, "uto": -1, "uwr": -1 }, "geometry": { "type": "Point", "coordinates": [ 18.604722, 51.416556 ] } },
{ "type": "Feature", "properties": { "ID": 109679361, "yr": 2020, "dt": "2020-12-17T13:30:00", "WOJ": 10, "sev": 1, "c": [ 255, 255, 0, 160 ], "dmg": 0, "sli": 2, "ser": 0, "fat": 0, "row": -1, "mot": -1, "pie": -1, "uto": -1, "uwr": -1 }, "geometry": { "type": "Point", "coordinates": [ 20.235389, 51.770583 ] } },
{ "type": "Feature", "properties": { "ID": 109680214, "yr": 2020, "dt": "2020-12-17T16:43:05", "WOJ": 10, "sev": 1, "c": [ 255, 255, 0, 160 ], "dmg": 2, "sli": 1, "ser": 0, "fat": 0, "row": -1, "mot": -1, "pie": -1, "uto": -1, "uwr": -1 }, "geometry": { "type": "Point", "coordinates": [ 19.348611, 51.669917 ] } },
{ "type": "Feature", "properties": { "ID": 109678914, "yr": 2020, "dt": "2020-12-17T12:30:00", "WOJ": 10, "sev": 1, "c": [ 255, 255, 0, 160 ], "dmg": 0, "sli": 1, "ser": 0, "fat": 0, "row": -1, "mot": -1, "pie": -1, "uto": -1, "uwr": -1 }, "geometry": { "type": "Point", "coordinates": [ 20.243778, 51.503111 ] } },
{ "type": "Feature", "properties": { "ID": 109679289, "yr": 2020, "dt": "2020-12-17T13:46:28", "WOJ": 10, "sev": 1, "c": [ 255, 255, 0, 160 ], "dmg": 1, "sli": 2, "ser": 0, "fat": 0, "row": -1, "mot": -1, "pie": -1, "uto": -1, "uwr": -1 }, "geometry": { "type": "Point", "coordinates": [ 19.429833, 51.790306 ] } },
{ "type": "Feature", "properties": { "ID": 109683396, "yr": 2020, "dt": "2020-12-17T15:00:00", "WOJ": 10, "sev": 1, "c": [ 255, 255, 0, 160 ], "dmg": 1, "sli": 1, "ser": 0, "fat": 0, "row": -1, "mot": -1, "pie": 1, "uto": -1, "uwr": -1 }, "geometry": { "type": "Point", "coordinates": [ 18.97125, 51.111556 ] } },
{ "type": "Feature", "properties": { "ID": 109680273, "yr": 2020, "dt": "2020-12-17T20:32:09", "WOJ": 10, "sev": 1, "c": [ 255, 255, 0, 160 ], "dmg": 3, "sli": 1, "ser": 0, "fat": 0, "row": -1, "mot": -1, "pie": -1, "uto": -1, "uwr": -1 }, "geometry": { "type": "Point", "coordinates": [ 19.331972, 51.759694 ] } },
{ "type": "Feature", "properties": { "ID": 109678631, "yr": 2020, "dt": "2020-12-17T12:43:35", "WOJ": 10, "sev": 1, "c": [ 255, 255, 0, 160 ], "dmg": 2, "sli": 1, "ser": 0, "fat": 0, "row": -1, "mot": -1, "pie": -1, "uto": -1, "uwr": -1 }, "geometry": { "type": "Point", "coordinates": [ 19.45175, 51.812306 ] } },
{ "type": "Feature", "properties": { "ID": 109680434, "yr": 2020, "dt": "2020-12-18T09:20:15", "WOJ": 10, "sev": 1, "c": [ 255, 255, 0, 160 ], "dmg": 2, "sli": 1, "ser": 0, "fat": 0, "row": -1, "mot": -1, "pie": -1, "uto": -1, "uwr": -1 }, "geometry": { "type": "Point", "coordinates": [ 19.074833, 51.339917 ] } },
{ "type": "Feature", "properties": { "ID": 109681573, "yr": 2020, "dt": "2020-12-18T16:18:44", "WOJ": 10, "sev": 1, "c": [ 255, 255, 0, 160 ], "dmg": 2, "sli": 1, "ser": 0, "fat": 0, "row": -1, "mot": -1, "pie": -1, "uto": -1, "uwr": -1 }, "geometry": { "type": "Point", "coordinates": [ 19.473083, 51.751583 ] } },
{ "type": "Feature", "properties": { "ID": 109681169, "yr": 2020, "dt": "2020-12-18T08:44:00", "WOJ": 10, "sev": 1, "c": [ 255, 255, 0, 160 ], "dmg": 1, "sli": 1, "ser": 0, "fat": 0, "row": -1, "mot": -1, "pie": -1, "uto": -1, "uwr": -1 }, "geometry": { "type": "Point", "coordinates": [ 19.362694, 52.231417 ] } },
{ "type": "Feature", "properties": { "ID": 109682291, "yr": 2020, "dt": "2020-12-18T15:06:30", "WOJ": 10, "sev": 1, "c": [ 255, 255, 0, 160 ], "dmg": 1, "sli": 1, "ser": 0, "fat": 0, "row": 1, "mot": -1, "pie": -1, "uto": -1, "uwr": -1 }, "geometry": { "type": "Point", "coordinates": [ 19.939083, 52.102722 ] } },
{ "type": "Feature", "properties": { "ID": 109684352, "yr": 2020, "dt": "2020-12-19T05:30:00", "WOJ": 10, "sev": 1, "c": [ 255, 255, 0, 160 ], "dmg": 0, "sli": 1, "ser": 0, "fat": 0, "row": -1, "mot": -1, "pie": -1, "uto": -1, "uwr": -1 }, "geometry": { "type": "Point", "coordinates": [ 19.475056, 52.142667 ] } },
{ "type": "Feature", "properties": { "ID": 109684880, "yr": 2020, "dt": "2020-12-19T21:20:00", "WOJ": 10, "sev": 1, "c": [ 255, 255, 0, 160 ], "dmg": 1, "sli": 1, "ser": 0, "fat": 0, "row": -1, "mot": -1, "pie": 1, "uto": -1, "uwr": -1 }, "geometry": { "type": "Point", "coordinates": [ 19.399861, 51.855361 ] } },
{ "type": "Feature", "properties": { "ID": 109684865, "yr": 2020, "dt": "2020-12-19T19:38:00", "WOJ": 10, "sev": 1, "c": [ 255, 255, 0, 160 ], "dmg": 1, "sli": 1, "ser": 0, "fat": 0, "row": -1, "mot": -1, "pie": -1, "uto": -1, "uwr": -1 }, "geometry": { "type": "Point", "coordinates": [ 19.45925, 51.755917 ] } },
{ "type": "Feature", "properties": { "ID": 109683755, "yr": 2020, "dt": "2020-12-20T03:30:00", "WOJ": 10, "sev": 1, "c": [ 255, 255, 0, 160 ], "dmg": 2, "sli": 1, "ser": 0, "fat": 0, "row": -1, "mot": -1, "pie": -1, "uto": -1, "uwr": -1 }, "geometry": { "type": "Point", "coordinates": [ 19.362972, 52.229111 ] } },
{ "type": "Feature", "properties": { "ID": 109683969, "yr": 2020, "dt": "2020-12-20T18:08:18", "WOJ": 10, "sev": 1, "c": [ 255, 255, 0, 160 ], "dmg": 1, "sli": 1, "ser": 0, "fat": 0, "row": -1, "mot": -1, "pie": 1, "uto": -1, "uwr": -1 }, "geometry": { "type": "Point", "coordinates": [ 19.452028, 51.776694 ] } },
{ "type": "Feature", "properties": { "ID": 109686092, "yr": 2020, "dt": "2020-12-21T15:42:03", "WOJ": 10, "sev": 1, "c": [ 255, 255, 0, 160 ], "dmg": 1, "sli": 1, "ser": 0, "fat": 0, "row": 1, "mot": -1, "pie": -1, "uto": -1, "uwr": -1 }, "geometry": { "type": "Point", "coordinates": [ 19.494611, 51.743639 ] } },
{ "type": "Feature", "properties": { "ID": 109687407, "yr": 2020, "dt": "2020-12-21T17:43:00", "WOJ": 10, "sev": 1, "c": [ 255, 255, 0, 160 ], "dmg": 1, "sli": 1, "ser": 0, "fat": 0, "row": -1, "mot": -1, "pie": 1, "uto": -1, "uwr": -1 }, "geometry": { "type": "Point", "coordinates": [ 19.493667, 51.793361 ] } },
{ "type": "Feature", "properties": { "ID": 109687452, "yr": 2020, "dt": "2020-12-21T17:00:00", "WOJ": 10, "sev": 1, "c": [ 255, 255, 0, 160 ], "dmg": 1, "sli": 1, "ser": 0, "fat": 0, "row": -1, "mot": -1, "pie": 1, "uto": -1, "uwr": -1 }, "geometry": { "type": "Point", "coordinates": [ 18.560194, 51.237056 ] } },
{ "type": "Feature", "properties": { "ID": 109687518, "yr": 2020, "dt": "2020-12-21T18:27:00", "WOJ": 10, "sev": 1, "c": [ 255, 255, 0, 160 ], "dmg": 1, "sli": 1, "ser": 0, "fat": 0, "row": -1, "mot": -1, "pie": 1, "uto": -1, "uwr": -1 }, "geometry": { "type": "Point", "coordinates": [ 19.638556, 51.725111 ] } },
{ "type": "Feature", "properties": { "ID": 109687283, "yr": 2020, "dt": "2020-12-21T15:44:32", "WOJ": 10, "sev": 1, "c": [ 255, 255, 0, 160 ], "dmg": 1, "sli": 1, "ser": 0, "fat": 0, "row": -1, "mot": -1, "pie": -1, "uto": -1, "uwr": -1 }, "geometry": { "type": "Point", "coordinates": [ 19.357972, 52.225222 ] } },
{ "type": "Feature", "properties": { "ID": 109688863, "yr": 2020, "dt": "2020-12-22T16:38:30", "WOJ": 10, "sev": 1, "c": [ 255, 255, 0, 160 ], "dmg": 1, "sli": 1, "ser": 0, "fat": 0, "row": -1, "mot": -1, "pie": 1, "uto": -1, "uwr": -1 }, "geometry": { "type": "Point", "coordinates": [ 20.171806, 51.248306 ] } },
{ "type": "Feature", "properties": { "ID": 109688279, "yr": 2020, "dt": "2020-12-22T10:43:00", "WOJ": 10, "sev": 1, "c": [ 255, 255, 0, 160 ], "dmg": 1, "sli": 1, "ser": 0, "fat": 0, "row": -1, "mot": -1, "pie": 1, "uto": -1, "uwr": -1 }, "geometry": { "type": "Point", "coordinates": [ 20.150806, 51.964722 ] } },
{ "type": "Feature", "properties": { "ID": 109689430, "yr": 2020, "dt": "2020-12-22T15:16:00", "WOJ": 10, "sev": 1, "c": [ 255, 255, 0, 160 ], "dmg": 1, "sli": 1, "ser": 0, "fat": 0, "row": -1, "mot": -1, "pie": 1, "uto": -1, "uwr": -1 }, "geometry": { "type": "Point", "coordinates": [ 20.011389, 51.530417 ] } },
{ "type": "Feature", "properties": { "ID": 109689660, "yr": 2020, "dt": "2020-12-22T19:50:00", "WOJ": 10, "sev": 1, "c": [ 255, 255, 0, 160 ], "dmg": 1, "sli": 1, "ser": 0, "fat": 0, "row": -1, "mot": -1, "pie": 1, "uto": -1, "uwr": -1 }, "geometry": { "type": "Point", "coordinates": [ 20.284167, 51.580417 ] } },
{ "type": "Feature", "properties": { "ID": 109689479, "yr": 2020, "dt": "2020-12-22T18:18:53", "WOJ": 10, "sev": 1, "c": [ 255, 255, 0, 160 ], "dmg": 1, "sli": 1, "ser": 0, "fat": 0, "row": -1, "mot": -1, "pie": -1, "uto": -1, "uwr": -1 }, "geometry": { "type": "Point", "coordinates": [ 19.62525, 51.732972 ] } },
{ "type": "Feature", "properties": { "ID": 109686831, "yr": 2020, "dt": "2020-12-22T06:18:00", "WOJ": 10, "sev": 1, "c": [ 255, 255, 0, 160 ], "dmg": 1, "sli": 1, "ser": 0, "fat": 0, "row": -1, "mot": -1, "pie": -1, "uto": -1, "uwr": -1 }, "geometry": { "type": "Point", "coordinates": [ 19.382583, 52.253361 ] } },
{ "type": "Feature", "properties": { "ID": 109689121, "yr": 2020, "dt": "2020-12-22T22:16:30", "WOJ": 10, "sev": 1, "c": [ 255, 255, 0, 160 ], "dmg": 1, "sli": 1, "ser": 0, "fat": 0, "row": -1, "mot": -1, "pie": -1, "uto": -1, "uwr": -1 }, "geometry": { "type": "Point", "coordinates": [ 19.388472, 51.793056 ] } },
{ "type": "Feature", "properties": { "ID": 109689656, "yr": 2020, "dt": "2020-12-23T00:04:00", "WOJ": 10, "sev": 1, "c": [ 255, 255, 0, 160 ], "dmg": 1, "sli": 1, "ser": 0, "fat": 0, "row": -1, "mot": -1, "pie": -1, "uto": -1, "uwr": -1 }, "geometry": { "type": "Point", "coordinates": [ 19.493111, 51.748083 ] } },
{ "type": "Feature", "properties": { "ID": 109690904, "yr": 2020, "dt": "2020-12-23T06:45:00", "WOJ": 10, "sev": 1, "c": [ 255, 255, 0, 160 ], "dmg": 1, "sli": 1, "ser": 0, "fat": 0, "row": -1, "mot": -1, "pie": 1, "uto": -1, "uwr": -1 }, "geometry": { "type": "Point", "coordinates": [ 19.627833, 52.24325 ] } },
{ "type": "Feature", "properties": { "ID": 109690197, "yr": 2020, "dt": "2020-12-23T01:18:01", "WOJ": 10, "sev": 1, "c": [ 255, 255, 0, 160 ], "dmg": 1, "sli": 1, "ser": 0, "fat": 0, "row": -1, "mot": -1, "pie": -1, "uto": -1, "uwr": -1 }, "geometry": { "type": "Point", "coordinates": [ 19.45, 51.764917 ] } },
{ "type": "Feature", "properties": { "ID": 109691984, "yr": 2020, "dt": "2020-12-23T18:20:00", "WOJ": 10, "sev": 1, "c": [ 255, 255, 0, 160 ], "dmg": 1, "sli": 1, "ser": 0, "fat": 0, "row": -1, "mot": -1, "pie": 1, "uto": -1, "uwr": -1 }, "geometry": { "type": "Point", "coordinates": [ 19.360528, 52.239611 ] } },
{ "type": "Feature", "properties": { "ID": 109692265, "yr": 2020, "dt": "2020-12-23T16:19:00", "WOJ": 10, "sev": 1, "c": [ 255, 255, 0, 160 ], "dmg": 1, "sli": 1, "ser": 0, "fat": 0, "row": -1, "mot": -1, "pie": 1, "uto": -1, "uwr": -1 }, "geometry": { "type": "Point", "coordinates": [ 20.020667, 51.522972 ] } },
{ "type": "Feature", "properties": { "ID": 109692030, "yr": 2020, "dt": "2020-12-23T23:05:00", "WOJ": 10, "sev": 1, "c": [ 255, 255, 0, 160 ], "dmg": 2, "sli": 1, "ser": 0, "fat": 0, "row": -1, "mot": -1, "pie": -1, "uto": -1, "uwr": -1 }, "geometry": { "type": "Point", "coordinates": [ 19.493222, 51.748139 ] } },
{ "type": "Feature", "properties": { "ID": 109691447, "yr": 2020, "dt": "2020-12-23T09:55:00", "WOJ": 10, "sev": 1, "c": [ 255, 255, 0, 160 ], "dmg": 1, "sli": 1, "ser": 0, "fat": 0, "row": -1, "mot": -1, "pie": -1, "uto": -1, "uwr": -1 }, "geometry": { "type": "Point", "coordinates": [ 19.627583, 52.274639 ] } },
{ "type": "Feature", "properties": { "ID": 109694160, "yr": 2020, "dt": "2020-12-24T23:20:00", "WOJ": 10, "sev": 1, "c": [ 255, 255, 0, 160 ], "dmg": 0, "sli": 2, "ser": 0, "fat": 0, "row": -1, "mot": -1, "pie": -1, "uto": -1, "uwr": -1 }, "geometry": { "type": "Point", "coordinates": [ 19.035556, 51.524056 ] } },
{ "type": "Feature", "properties": { "ID": 109692773, "yr": 2020, "dt": "2020-12-24T12:47:00", "WOJ": 10, "sev": 1, "c": [ 255, 255, 0, 160 ], "dmg": 1, "sli": 1, "ser": 0, "fat": 0, "row": -1, "mot": -1, "pie": -1, "uto": -1, "uwr": -1 }, "geometry": { "type": "Point", "coordinates": [ 19.957417, 51.869472 ] } },
{ "type": "Feature", "properties": { "ID": 109694487, "yr": 2020, "dt": "2020-12-25T19:45:00", "WOJ": 10, "sev": 1, "c": [ 255, 255, 0, 160 ], "dmg": 2, "sli": 1, "ser": 0, "fat": 0, "row": -1, "mot": -1, "pie": -1, "uto": -1, "uwr": -1 }, "geometry": { "type": "Point", "coordinates": [ 19.628278, 52.245833 ] } },
{ "type": "Feature", "properties": { "ID": 109695659, "yr": 2020, "dt": "2020-12-27T16:20:00", "WOJ": 10, "sev": 1, "c": [ 255, 255, 0, 160 ], "dmg": 1, "sli": 1, "ser": 0, "fat": 0, "row": -1, "mot": -1, "pie": 1, "uto": -1, "uwr": -1 }, "geometry": { "type": "Point", "coordinates": [ 18.937139, 51.536806 ] } },
{ "type": "Feature", "properties": { "ID": 109702356, "yr": 2020, "dt": "2020-12-31T09:03:59", "WOJ": 10, "sev": 1, "c": [ 255, 255, 0, 160 ], "dmg": 0, "sli": 1, "ser": 0, "fat": 0, "row": -1, "mot": -1, "pie": -1, "uto": -1, "uwr": -1 }, "geometry": { "type": "Point", "coordinates": [ 19.428861, 52.207917 ] } },
{ "type": "Feature", "properties": { "ID": 108531430, "yr": 2020, "dt": "2020-01-04T16:20:00", "WOJ": 10, "sev": 1, "c": [ 255, 255, 0, 160 ], "dmg": 1, "sli": 1, "ser": 0, "fat": 0, "row": -1, "mot": -1, "pie": 1, "uto": -1, "uwr": -1 }, "geometry": { "type": "Point", "coordinates": [ 19.371889, 52.228778 ] } },
{ "type": "Feature", "properties": { "ID": 108530971, "yr": 2020, "dt": "2020-01-04T10:05:00", "WOJ": 10, "sev": 1, "c": [ 255, 255, 0, 160 ], "dmg": 0, "sli": 1, "ser": 0, "fat": 0, "row": -1, "mot": -1, "pie": -1, "uto": -1, "uwr": -1 }, "geometry": { "type": "Point", "coordinates": [ 19.386444, 52.226583 ] } },
{ "type": "Feature", "properties": { "ID": 108532445, "yr": 2020, "dt": "2020-01-04T17:15:00", "WOJ": 10, "sev": 1, "c": [ 255, 255, 0, 160 ], "dmg": 1, "sli": 1, "ser": 0, "fat": 0, "row": -1, "mot": -1, "pie": 1, "uto": -1, "uwr": -1 }, "geometry": { "type": "Point", "coordinates": [ 20.29725, 51.432083 ] } },
{ "type": "Feature", "properties": { "ID": 108532136, "yr": 2020, "dt": "2020-01-05T12:44:00", "WOJ": 10, "sev": 1, "c": [ 255, 255, 0, 160 ], "dmg": 3, "sli": 1, "ser": 0, "fat": 0, "row": -1, "mot": -1, "pie": -1, "uto": -1, "uwr": -1 }, "geometry": { "type": "Point", "coordinates": [ 19.495056, 51.727972 ] } },
{ "type": "Feature", "properties": { "ID": 108542511, "yr": 2020, "dt": "2020-01-05T13:25:00", "WOJ": 10, "sev": 1, "c": [ 255, 255, 0, 160 ], "dmg": 1, "sli": 2, "ser": 0, "fat": 0, "row": -1, "mot": -1, "pie": -1, "uto": -1, "uwr": -1 }, "geometry": { "type": "Point", "coordinates": [ 20.054389, 51.609056 ] } },
{ "type": "Feature", "properties": { "ID": 108532334, "yr": 2020, "dt": "2020-01-05T17:05:00", "WOJ": 10, "sev": 1, "c": [ 255, 255, 0, 160 ], "dmg": 1, "sli": 1, "ser": 0, "fat": 0, "row": 1, "mot": -1, "pie": -1, "uto": -1, "uwr": -1 }, "geometry": { "type": "Point", "coordinates": [ 19.714667, 51.561 ] } },
{ "type": "Feature", "properties": { "ID": 108532510, "yr": 2020, "dt": "2020-01-05T00:38:00", "WOJ": 10, "sev": 1, "c": [ 255, 255, 0, 160 ], "dmg": 1, "sli": 2, "ser": 0, "fat": 0, "row": -1, "mot": -1, "pie": -1, "uto": -1, "uwr": -1 }, "geometry": { "type": "Point", "coordinates": [ 19.452694, 51.7745 ] } },
{ "type": "Feature", "properties": { "ID": 108533492, "yr": 2020, "dt": "2020-01-06T01:45:00", "WOJ": 10, "sev": 1, "c": [ 255, 255, 0, 160 ], "dmg": 1, "sli": 1, "ser": 0, "fat": 0, "row": -1, "mot": -1, "pie": -1, "uto": -1, "uwr": -1 }, "geometry": { "type": "Point", "coordinates": [ 19.730056, 51.955167 ] } },
{ "type": "Feature", "properties": { "ID": 108544635, "yr": 2020, "dt": "2020-01-07T07:50:00", "WOJ": 10, "sev": 1, "c": [ 255, 255, 0, 160 ], "dmg": 1, "sli": 1, "ser": 0, "fat": 0, "row": 1, "mot": -1, "pie": -1, "uto": -1, "uwr": -1 }, "geometry": { "type": "Point", "coordinates": [ 20.002194, 51.529806 ] } },
{ "type": "Feature", "properties": { "ID": 108532457, "yr": 2020, "dt": "2020-01-04T17:20:00", "WOJ": 10, "sev": 1, "c": [ 255, 255, 0, 160 ], "dmg": 2, "sli": 1, "ser": 0, "fat": 0, "row": -1, "mot": -1, "pie": -1, "uto": -1, "uwr": -1 }, "geometry": { "type": "Point", "coordinates": [ 20.005389, 51.536444 ] } },
{ "type": "Feature", "properties": { "ID": 109702432, "yr": 2020, "dt": "2020-12-31T09:50:00", "WOJ": 10, "sev": 1, "c": [ 255, 255, 0, 160 ], "dmg": 1, "sli": 1, "ser": 0, "fat": 0, "row": -1, "mot": -1, "pie": -1, "uto": -1, "uwr": -1 }, "geometry": { "type": "Point", "coordinates": [ 20.309944, 51.524667 ] } },
{ "type": "Feature", "properties": { "ID": 109703275, "yr": 2020, "dt": "2020-12-31T07:50:00", "WOJ": 10, "sev": 1, "c": [ 255, 255, 0, 160 ], "dmg": 0, "sli": 1, "ser": 0, "fat": 0, "row": -1, "mot": -1, "pie": -1, "uto": -1, "uwr": -1 }, "geometry": { "type": "Point", "coordinates": [ 19.434167, 52.235528 ] } },
{ "type": "Feature", "properties": { "ID": 108526534, "yr": 2020, "dt": "2020-01-01T00:20:00", "WOJ": 10, "sev": 1, "c": [ 255, 255, 0, 160 ], "dmg": 1, "sli": 1, "ser": 0, "fat": 0, "row": -1, "mot": -1, "pie": 1, "uto": -1, "uwr": -1 }, "geometry": { "type": "Point", "coordinates": [ 18.953917, 51.895528 ] } },
{ "type": "Feature", "properties": { "ID": 108757796, "yr": 2020, "dt": "2020-03-13T15:08:00", "WOJ": 10, "sev": 2, "c": [ 255, 165, 0, 160 ], "dmg": 1, "sli": 0, "ser": 1, "fat": 0, "row": -1, "mot": -1, "pie": -1, "uto": -1, "uwr": -1 }, "geometry": { "type": "Point", "coordinates": [ 19.461444, 51.7595 ] } },
{ "type": "Feature", "properties": { "ID": 109389762, "yr": 2020, "dt": "2020-09-07T07:20:00", "WOJ": 10, "sev": 2, "c": [ 255, 165, 0, 160 ], "dmg": 1, "sli": 0, "ser": 1, "fat": 0, "row": -1, "mot": -1, "pie": 2, "uto": -1, "uwr": -1 }, "geometry": { "type": "Point", "coordinates": [ 19.165639, 52.099278 ] } },
{ "type": "Feature", "properties": { "ID": 108756314, "yr": 2020, "dt": "2020-03-13T06:35:00", "WOJ": 10, "sev": 2, "c": [ 255, 165, 0, 160 ], "dmg": 1, "sli": 0, "ser": 1, "fat": 0, "row": -1, "mot": -1, "pie": -1, "uto": -1, "uwr": -1 }, "geometry": { "type": "Point", "coordinates": [ 19.435889, 51.789194 ] } },
{ "type": "Feature", "properties": { "ID": 109393106, "yr": 2020, "dt": "2020-09-08T07:30:00", "WOJ": 10, "sev": 2, "c": [ 255, 165, 0, 160 ], "dmg": 1, "sli": 0, "ser": 1, "fat": 0, "row": -1, "mot": 2, "pie": -1, "uto": -1, "uwr": -1 }, "geometry": { "type": "Point", "coordinates": [ 19.416417, 52.222472 ] } },
{ "type": "Feature", "properties": { "ID": 108765214, "yr": 2020, "dt": "2020-03-13T14:50:00", "WOJ": 10, "sev": 2, "c": [ 255, 165, 0, 160 ], "dmg": 2, "sli": 0, "ser": 1, "fat": 0, "row": -1, "mot": -1, "pie": -1, "uto": -1, "uwr": -1 }, "geometry": { "type": "Point", "coordinates": [ 19.120972, 52.254306 ] } },
{ "type": "Feature", "properties": { "ID": 109381904, "yr": 2020, "dt": "2020-09-08T07:55:00", "WOJ": 10, "sev": 2, "c": [ 255, 165, 0, 160 ], "dmg": 1, "sli": 0, "ser": 1, "fat": 0, "row": -1, "mot": -1, "pie": -1, "uto": -1, "uwr": -1 }, "geometry": { "type": "Point", "coordinates": [ 19.190722, 52.093639 ] } },
{ "type": "Feature", "properties": { "ID": 109392989, "yr": 2020, "dt": "2020-09-08T07:54:00", "WOJ": 10, "sev": 2, "c": [ 255, 165, 0, 160 ], "dmg": 1, "sli": 0, "ser": 1, "fat": 0, "row": 2, "mot": -1, "pie": -1, "uto": -1, "uwr": -1 }, "geometry": { "type": "Point", "coordinates": [ 19.414528, 51.77775 ] } },
{ "type": "Feature", "properties": { "ID": 108759215, "yr": 2020, "dt": "2020-03-14T15:21:00", "WOJ": 10, "sev": 2, "c": [ 255, 165, 0, 160 ], "dmg": 2, "sli": 0, "ser": 2, "fat": 0, "row": -1, "mot": -1, "pie": -1, "uto": -1, "uwr": -1 }, "geometry": { "type": "Point", "coordinates": [ 19.370972, 51.698667 ] } },
{ "type": "Feature", "properties": { "ID": 109393703, "yr": 2020, "dt": "2020-09-08T15:18:00", "WOJ": 10, "sev": 2, "c": [ 255, 165, 0, 160 ], "dmg": 0, "sli": 0, "ser": 2, "fat": 0, "row": -1, "mot": -1, "pie": -1, "uto": -1, "uwr": -1 }, "geometry": { "type": "Point", "coordinates": [ 19.429167, 51.710556 ] } },
{ "type": "Feature", "properties": { "ID": 108764703, "yr": 2020, "dt": "2020-03-16T10:33:00", "WOJ": 10, "sev": 2, "c": [ 255, 165, 0, 160 ], "dmg": 0, "sli": 0, "ser": 2, "fat": 0, "row": -1, "mot": -1, "pie": -1, "uto": -1, "uwr": -1 }, "geometry": { "type": "Point", "coordinates": [ 19.425694, 51.753056 ] } },
{ "type": "Feature", "properties": { "ID": 108765618, "yr": 2020, "dt": "2020-03-16T10:40:00", "WOJ": 10, "sev": 2, "c": [ 255, 165, 0, 160 ], "dmg": 1, "sli": 0, "ser": 1, "fat": 0, "row": 2, "mot": -1, "pie": -1, "uto": -1, "uwr": -1 }, "geometry": { "type": "Point", "coordinates": [ 19.367917, 51.376361 ] } },
{ "type": "Feature", "properties": { "ID": 108767510, "yr": 2020, "dt": "2020-03-18T17:09:00", "WOJ": 10, "sev": 2, "c": [ 255, 165, 0, 160 ], "dmg": 1, "sli": 0, "ser": 1, "fat": 0, "row": -1, "mot": -1, "pie": -1, "uto": -1, "uwr": -1 }, "geometry": { "type": "Point", "coordinates": [ 19.55125, 51.753722 ] } },
{ "type": "Feature", "properties": { "ID": 108777571, "yr": 2020, "dt": "2020-03-20T14:24:00", "WOJ": 10, "sev": 2, "c": [ 255, 165, 0, 160 ], "dmg": 1, "sli": 0, "ser": 1, "fat": 0, "row": -1, "mot": -1, "pie": -1, "uto": -1, "uwr": -1 }, "geometry": { "type": "Point", "coordinates": [ 19.423889, 51.791583 ] } },
{ "type": "Feature", "properties": { "ID": 108778418, "yr": 2020, "dt": "2020-03-21T22:01:00", "WOJ": 10, "sev": 2, "c": [ 255, 165, 0, 160 ], "dmg": 1, "sli": 0, "ser": 1, "fat": 0, "row": 0, "mot": -1, "pie": 2, "uto": -1, "uwr": -1 }, "geometry": { "type": "Point", "coordinates": [ 19.439694, 51.04175 ] } },
{ "type": "Feature", "properties": { "ID": 109382395, "yr": 2020, "dt": "2020-09-09T17:20:00", "WOJ": 10, "sev": 2, "c": [ 255, 165, 0, 160 ], "dmg": 0, "sli": 0, "ser": 1, "fat": 0, "row": 2, "mot": -1, "pie": -1, "uto": -1, "uwr": -1 }, "geometry": { "type": "Point", "coordinates": [ 19.481861, 51.800056 ] } },
{ "type": "Feature", "properties": { "ID": 108781748, "yr": 2020, "dt": "2020-03-22T21:55:00", "WOJ": 10, "sev": 2, "c": [ 255, 165, 0, 160 ], "dmg": 1, "sli": 0, "ser": 1, "fat": 0, "row": -1, "mot": 2, "pie": -1, "uto": -1, "uwr": -1 }, "geometry": { "type": "Point", "coordinates": [ 18.447167, 51.6505 ] } },
{ "type": "Feature", "properties": { "ID": 109394782, "yr": 2020, "dt": "2020-09-09T08:30:00", "WOJ": 10, "sev": 2, "c": [ 255, 165, 0, 160 ], "dmg": 1, "sli": 0, "ser": 1, "fat": 0, "row": -1, "mot": -1, "pie": 2, "uto": -1, "uwr": -1 }, "geometry": { "type": "Point", "coordinates": [ 18.579556, 51.221806 ] } },
{ "type": "Feature", "properties": { "ID": 108782382, "yr": 2020, "dt": "2020-03-23T18:22:00", "WOJ": 10, "sev": 2, "c": [ 255, 165, 0, 160 ], "dmg": 1, "sli": 0, "ser": 1, "fat": 0, "row": 2, "mot": -1, "pie": -1, "uto": -1, "uwr": -1 }, "geometry": { "type": "Point", "coordinates": [ 19.418806, 51.747 ] } },
{ "type": "Feature", "properties": { "ID": 108782233, "yr": 2020, "dt": "2020-03-23T12:56:00", "WOJ": 10, "sev": 2, "c": [ 255, 165, 0, 160 ], "dmg": 1, "sli": 0, "ser": 1, "fat": 0, "row": -1, "mot": -1, "pie": 2, "uto": -1, "uwr": -1 }, "geometry": { "type": "Point", "coordinates": [ 19.43225, 51.774639 ] } },
{ "type": "Feature", "properties": { "ID": 109396064, "yr": 2020, "dt": "2020-09-10T10:25:00", "WOJ": 10, "sev": 2, "c": [ 255, 165, 0, 160 ], "dmg": 1, "sli": 0, "ser": 1, "fat": 0, "row": 2, "mot": -1, "pie": -1, "uto": -1, "uwr": -1 }, "geometry": { "type": "Point", "coordinates": [ 19.402639, 51.796 ] } },
{ "type": "Feature", "properties": { "ID": 109396914, "yr": 2020, "dt": "2020-09-10T16:35:00", "WOJ": 10, "sev": 2, "c": [ 255, 165, 0, 160 ], "dmg": 1, "sli": 0, "ser": 1, "fat": 0, "row": -1, "mot": -1, "pie": -1, "uto": -1, "uwr": -1 }, "geometry": { "type": "Point", "coordinates": [ 19.556278, 51.742667 ] } },
{ "type": "Feature", "properties": { "ID": 109398297, "yr": 2020, "dt": "2020-09-10T20:35:00", "WOJ": 10, "sev": 2, "c": [ 255, 165, 0, 160 ], "dmg": 0, "sli": 0, "ser": 1, "fat": 0, "row": -1, "mot": -1, "pie": -1, "uto": -1, "uwr": -1 }, "geometry": { "type": "Point", "coordinates": [ 19.031667, 52.161417 ] } },
{ "type": "Feature", "properties": { "ID": 109396563, "yr": 2020, "dt": "2020-09-10T15:14:00", "WOJ": 10, "sev": 2, "c": [ 255, 165, 0, 160 ], "dmg": 1, "sli": 0, "ser": 1, "fat": 0, "row": 2, "mot": -1, "pie": -1, "uto": -1, "uwr": -1 }, "geometry": { "type": "Point", "coordinates": [ 19.5085, 51.761972 ] } },
{ "type": "Feature", "properties": { "ID": 108783195, "yr": 2020, "dt": "2020-03-24T10:55:00", "WOJ": 10, "sev": 2, "c": [ 255, 165, 0, 160 ], "dmg": 1, "sli": 0, "ser": 1, "fat": 0, "row": -1, "mot": -1, "pie": 2, "uto": -1, "uwr": -1 }, "geometry": { "type": "Point", "coordinates": [ 20.009472, 51.536083 ] } },
{ "type": "Feature", "properties": { "ID": 108789628, "yr": 2020, "dt": "2020-03-26T12:15:00", "WOJ": 10, "sev": 2, "c": [ 255, 165, 0, 160 ], "dmg": 1, "sli": 0, "ser": 1, "fat": 0, "row": -1, "mot": -1, "pie": 2, "uto": -1, "uwr": -1 }, "geometry": { "type": "Point", "coordinates": [ 19.502917, 51.738417 ] } },
{ "type": "Feature", "properties": { "ID": 109398000, "yr": 2020, "dt": "2020-09-10T17:35:00", "WOJ": 10, "sev": 2, "c": [ 255, 165, 0, 160 ], "dmg": 0, "sli": 0, "ser": 1, "fat": 0, "row": -1, "mot": -1, "pie": -1, "uto": -1, "uwr": -1 }, "geometry": { "type": "Point", "coordinates": [ 19.195111, 52.293528 ] } },
{ "type": "Feature", "properties": { "ID": 108786781, "yr": 2020, "dt": "2020-03-26T07:00:00", "WOJ": 10, "sev": 2, "c": [ 255, 165, 0, 160 ], "dmg": 1, "sli": 0, "ser": 1, "fat": 0, "row": -1, "mot": -1, "pie": -1, "uto": -1, "uwr": -1 }, "geometry": { "type": "Point", "coordinates": [ 19.383611, 51.747444 ] } },
{ "type": "Feature", "properties": { "ID": 108786773, "yr": 2020, "dt": "2020-03-26T05:49:00", "WOJ": 10, "sev": 2, "c": [ 255, 165, 0, 160 ], "dmg": 1, "sli": 0, "ser": 1, "fat": 0, "row": -1, "mot": -1, "pie": -1, "uto": -1, "uwr": -1 }, "geometry": { "type": "Point", "coordinates": [ 19.583833, 51.752333 ] } },
{ "type": "Feature", "properties": { "ID": 108791010, "yr": 2020, "dt": "2020-03-27T14:41:00", "WOJ": 10, "sev": 2, "c": [ 255, 165, 0, 160 ], "dmg": 0, "sli": 0, "ser": 1, "fat": 0, "row": -1, "mot": -1, "pie": -1, "uto": -1, "uwr": -1 }, "geometry": { "type": "Point", "coordinates": [ 19.46775, 51.790694 ] } },
{ "type": "Feature", "properties": { "ID": 108795318, "yr": 2020, "dt": "2020-03-29T19:55:00", "WOJ": 10, "sev": 2, "c": [ 255, 165, 0, 160 ], "dmg": 1, "sli": 0, "ser": 1, "fat": 0, "row": -1, "mot": -1, "pie": 2, "uto": -1, "uwr": -1 }, "geometry": { "type": "Point", "coordinates": [ 19.948694, 52.10725 ] } },
{ "type": "Feature", "properties": { "ID": 108799966, "yr": 2020, "dt": "2020-03-30T15:12:00", "WOJ": 10, "sev": 2, "c": [ 255, 165, 0, 160 ], "dmg": 2, "sli": 0, "ser": 1, "fat": 0, "row": -1, "mot": -1, "pie": -1, "uto": -1, "uwr": -1 }, "geometry": { "type": "Point", "coordinates": [ 19.457194, 51.717583 ] } },
{ "type": "Feature", "properties": { "ID": 108800181, "yr": 2020, "dt": "2020-03-30T21:55:00", "WOJ": 10, "sev": 2, "c": [ 255, 165, 0, 160 ], "dmg": 1, "sli": 0, "ser": 1, "fat": 0, "row": -1, "mot": -1, "pie": 2, "uto": -1, "uwr": -1 }, "geometry": { "type": "Point", "coordinates": [ 19.365667, 52.221111 ] } },
{ "type": "Feature", "properties": { "ID": 108799730, "yr": 2020, "dt": "2020-03-30T09:34:00", "WOJ": 10, "sev": 2, "c": [ 255, 165, 0, 160 ], "dmg": 1, "sli": 0, "ser": 1, "fat": 0, "row": -1, "mot": -1, "pie": -1, "uto": -1, "uwr": -1 }, "geometry": { "type": "Point", "coordinates": [ 19.392639, 51.748139 ] } },
{ "type": "Feature", "properties": { "ID": 108800362, "yr": 2020, "dt": "2020-03-31T09:58:00", "WOJ": 10, "sev": 2, "c": [ 255, 165, 0, 160 ], "dmg": 1, "sli": 0, "ser": 1, "fat": 0, "row": -1, "mot": 2, "pie": -1, "uto": -1, "uwr": -1 }, "geometry": { "type": "Point", "coordinates": [ 19.448278, 51.757611 ] } },
{ "type": "Feature", "properties": { "ID": 109397256, "yr": 2020, "dt": "2020-09-11T23:51:00", "WOJ": 10, "sev": 2, "c": [ 255, 165, 0, 160 ], "dmg": 1, "sli": 0, "ser": 1, "fat": 0, "row": -1, "mot": -1, "pie": -1, "uto": -1, "uwr": -1 }, "geometry": { "type": "Point", "coordinates": [ 19.59225, 51.75325 ] } },
{ "type": "Feature", "properties": { "ID": 108830574, "yr": 2020, "dt": "2020-04-03T12:43:00", "WOJ": 10, "sev": 2, "c": [ 255, 165, 0, 160 ], "dmg": 1, "sli": 0, "ser": 1, "fat": 0, "row": -1, "mot": 2, "pie": -1, "uto": -1, "uwr": -1 }, "geometry": { "type": "Point", "coordinates": [ 19.586139, 51.711722 ] } },
{ "type": "Feature", "properties": { "ID": 108820627, "yr": 2020, "dt": "2020-04-03T05:09:00", "WOJ": 10, "sev": 2, "c": [ 255, 165, 0, 160 ], "dmg": 0, "sli": 1, "ser": 1, "fat": 0, "row": -1, "mot": -1, "pie": -1, "uto": -1, "uwr": -1 }, "geometry": { "type": "Point", "coordinates": [ 19.583639, 51.752417 ] } },
{ "type": "Feature", "properties": { "ID": 108861576, "yr": 2020, "dt": "2020-04-04T19:14:00", "WOJ": 10, "sev": 2, "c": [ 255, 165, 0, 160 ], "dmg": 1, "sli": 0, "ser": 3, "fat": 0, "row": -1, "mot": -1, "pie": -1, "uto": -1, "uwr": -1 }, "geometry": { "type": "Point", "coordinates": [ 19.482611, 51.772972 ] } },
{ "type": "Feature", "properties": { "ID": 108886442, "yr": 2020, "dt": "2020-04-06T07:51:00", "WOJ": 10, "sev": 2, "c": [ 255, 165, 0, 160 ], "dmg": 0, "sli": 0, "ser": 2, "fat": 0, "row": -1, "mot": -1, "pie": -1, "uto": -1, "uwr": -1 }, "geometry": { "type": "Point", "coordinates": [ 20.084944, 51.617056 ] } },
{ "type": "Feature", "properties": { "ID": 108901613, "yr": 2020, "dt": "2020-04-06T19:20:00", "WOJ": 10, "sev": 2, "c": [ 255, 165, 0, 160 ], "dmg": 1, "sli": 0, "ser": 1, "fat": 0, "row": -1, "mot": -1, "pie": -1, "uto": -1, "uwr": -1 }, "geometry": { "type": "Point", "coordinates": [ 19.210972, 51.592306 ] } },
{ "type": "Feature", "properties": { "ID": 109401969, "yr": 2020, "dt": "2020-09-13T15:45:00", "WOJ": 10, "sev": 2, "c": [ 255, 165, 0, 160 ], "dmg": 3, "sli": 0, "ser": 2, "fat": 0, "row": -1, "mot": -1, "pie": -1, "uto": -1, "uwr": -1 }, "geometry": { "type": "Point", "coordinates": [ 19.479139, 51.73175 ] } },
{ "type": "Feature", "properties": { "ID": 108907081, "yr": 2020, "dt": "2020-04-08T18:15:00", "WOJ": 10, "sev": 2, "c": [ 255, 165, 0, 160 ], "dmg": 1, "sli": 0, "ser": 2, "fat": 0, "row": -1, "mot": 2, "pie": -1, "uto": -1, "uwr": -1 }, "geometry": { "type": "Point", "coordinates": [ 19.391861, 52.210917 ] } },
{ "type": "Feature", "properties": { "ID": 108907401, "yr": 2020, "dt": "2020-04-09T09:55:00", "WOJ": 10, "sev": 2, "c": [ 255, 165, 0, 160 ], "dmg": 1, "sli": 0, "ser": 1, "fat": 0, "row": -1, "mot": -1, "pie": -1, "uto": -1, "uwr": -1 }, "geometry": { "type": "Point", "coordinates": [ 19.171083, 52.170917 ] } },
{ "type": "Feature", "properties": { "ID": 108908632, "yr": 2020, "dt": "2020-04-09T13:40:00", "WOJ": 10, "sev": 2, "c": [ 255, 165, 0, 160 ], "dmg": 1, "sli": 0, "ser": 1, "fat": 0, "row": 2, "mot": -1, "pie": -1, "uto": -1, "uwr": -1 }, "geometry": { "type": "Point", "coordinates": [ 19.409833, 51.794306 ] } },
{ "type": "Feature", "properties": { "ID": 109402132, "yr": 2020, "dt": "2020-09-13T18:00:00", "WOJ": 10, "sev": 2, "c": [ 255, 165, 0, 160 ], "dmg": 0, "sli": 0, "ser": 1, "fat": 0, "row": -1, "mot": -1, "pie": -1, "uto": -1, "uwr": -1 }, "geometry": { "type": "Point", "coordinates": [ 20.374778, 51.42275 ] } },
{ "type": "Feature", "properties": { "ID": 108909900, "yr": 2020, "dt": "2020-04-10T07:15:00", "WOJ": 10, "sev": 2, "c": [ 255, 165, 0, 160 ], "dmg": 0, "sli": 0, "ser": 1, "fat": 0, "row": -1, "mot": -1, "pie": -1, "uto": -1, "uwr": -1 }, "geometry": { "type": "Point", "coordinates": [ 19.327722, 51.874444 ] } },
{ "type": "Feature", "properties": { "ID": 108911499, "yr": 2020, "dt": "2020-04-12T21:57:00", "WOJ": 10, "sev": 2, "c": [ 255, 165, 0, 160 ], "dmg": 1, "sli": 0, "ser": 1, "fat": 0, "row": -1, "mot": -1, "pie": -1, "uto": -1, "uwr": -1 }, "geometry": { "type": "Point", "coordinates": [ 18.571389, 51.6245 ] } },
{ "type": "Feature", "properties": { "ID": 108912844, "yr": 2020, "dt": "2020-04-14T10:15:00", "WOJ": 10, "sev": 2, "c": [ 255, 165, 0, 160 ], "dmg": 2, "sli": 0, "ser": 1, "fat": 0, "row": -1, "mot": -1, "pie": -1, "uto": -1, "uwr": -1 }, "geometry": { "type": "Point", "coordinates": [ 19.895056, 51.806722 ] } },
{ "type": "Feature", "properties": { "ID": 108912151, "yr": 2020, "dt": "2020-04-14T19:40:00", "WOJ": 10, "sev": 2, "c": [ 255, 165, 0, 160 ], "dmg": 1, "sli": 0, "ser": 1, "fat": 0, "row": -1, "mot": 2, "pie": -1, "uto": -1, "uwr": -1 }, "geometry": { "type": "Point", "coordinates": [ 19.501083, 51.732278 ] } },
{ "type": "Feature", "properties": { "ID": 108916083, "yr": 2020, "dt": "2020-04-16T17:54:00", "WOJ": 10, "sev": 2, "c": [ 255, 165, 0, 160 ], "dmg": 1, "sli": 0, "ser": 1, "fat": 0, "row": -1, "mot": 2, "pie": -1, "uto": -1, "uwr": -1 }, "geometry": { "type": "Point", "coordinates": [ 19.424417, 51.080389 ] } },
{ "type": "Feature", "properties": { "ID": 108916846, "yr": 2020, "dt": "2020-04-16T19:35:00", "WOJ": 10, "sev": 2, "c": [ 255, 165, 0, 160 ], "dmg": 0, "sli": 0, "ser": 1, "fat": 0, "row": 2, "mot": -1, "pie": -1, "uto": -1, "uwr": -1 }, "geometry": { "type": "Point", "coordinates": [ 19.41875, 51.779361 ] } },
{ "type": "Feature", "properties": { "ID": 109402763, "yr": 2020, "dt": "2020-09-14T06:14:00", "WOJ": 10, "sev": 2, "c": [ 255, 165, 0, 160 ], "dmg": 1, "sli": 0, "ser": 1, "fat": 0, "row": -1, "mot": -1, "pie": -1, "uto": -1, "uwr": -1 }, "geometry": { "type": "Point", "coordinates": [ 19.414583, 51.089278 ] } },
{ "type": "Feature", "properties": { "ID": 108917658, "yr": 2020, "dt": "2020-04-17T21:00:00", "WOJ": 10, "sev": 2, "c": [ 255, 165, 0, 160 ], "dmg": 1, "sli": 0, "ser": 1, "fat": 0, "row": -1, "mot": -1, "pie": 2, "uto": -1, "uwr": -1 }, "geometry": { "type": "Point", "coordinates": [ 19.666361, 51.410167 ] } },
{ "type": "Feature", "properties": { "ID": 108919721, "yr": 2020, "dt": "2020-04-19T19:39:00", "WOJ": 10, "sev": 2, "c": [ 255, 165, 0, 160 ], "dmg": 0, "sli": 1, "ser": 1, "fat": 0, "row": -1, "mot": -1, "pie": -1, "uto": -1, "uwr": -1 }, "geometry": { "type": "Point", "coordinates": [ 19.502833, 51.562667 ] } },
{ "type": "Feature", "properties": { "ID": 108919976, "yr": 2020, "dt": "2020-04-20T12:53:00", "WOJ": 10, "sev": 2, "c": [ 255, 165, 0, 160 ], "dmg": 1, "sli": 0, "ser": 1, "fat": 0, "row": -1, "mot": -1, "pie": -1, "uto": -1, "uwr": -1 }, "geometry": { "type": "Point", "coordinates": [ 19.495306, 51.741083 ] } },
{ "type": "Feature", "properties": { "ID": 109403127, "yr": 2020, "dt": "2020-09-14T15:03:00", "WOJ": 10, "sev": 2, "c": [ 255, 165, 0, 160 ], "dmg": 3, "sli": 0, "ser": 1, "fat": 0, "row": -1, "mot": -1, "pie": -1, "uto": -1, "uwr": -1 }, "geometry": { "type": "Point", "coordinates": [ 19.392, 51.7445 ] } },
{ "type": "Feature", "properties": { "ID": 108920176, "yr": 2020, "dt": "2020-04-20T15:29:00", "WOJ": 10, "sev": 2, "c": [ 255, 165, 0, 160 ], "dmg": 1, "sli": 0, "ser": 1, "fat": 0, "row": 2, "mot": -1, "pie": -1, "uto": -1, "uwr": -1 }, "geometry": { "type": "Point", "coordinates": [ 19.4455, 51.763611 ] } },
{ "type": "Feature", "properties": { "ID": 108921145, "yr": 2020, "dt": "2020-04-21T17:07:00", "WOJ": 10, "sev": 2, "c": [ 255, 165, 0, 160 ], "dmg": 0, "sli": 0, "ser": 2, "fat": 0, "row": -1, "mot": -1, "pie": -1, "uto": -1, "uwr": -1 }, "geometry": { "type": "Point", "coordinates": [ 19.603667, 51.703139 ] } },
{ "type": "Feature", "properties": { "ID": 109403508, "yr": 2020, "dt": "2020-09-14T19:48:00", "WOJ": 10, "sev": 2, "c": [ 255, 165, 0, 160 ], "dmg": 1, "sli": 0, "ser": 1, "fat": 0, "row": -1, "mot": -1, "pie": 2, "uto": -1, "uwr": -1 }, "geometry": { "type": "Point", "coordinates": [ 19.481222, 51.76125 ] } },
{ "type": "Feature", "properties": { "ID": 109402578, "yr": 2020, "dt": "2020-09-14T08:40:00", "WOJ": 10, "sev": 2, "c": [ 255, 165, 0, 160 ], "dmg": 0, "sli": 0, "ser": 3, "fat": 0, "row": -1, "mot": -1, "pie": -1, "uto": -1, "uwr": -1 }, "geometry": { "type": "Point", "coordinates": [ 19.474, 51.853833 ] } },
{ "type": "Feature", "properties": { "ID": 109404699, "yr": 2020, "dt": "2020-09-14T20:25:00", "WOJ": 10, "sev": 2, "c": [ 255, 165, 0, 160 ], "dmg": 1, "sli": 0, "ser": 1, "fat": 0, "row": -1, "mot": -1, "pie": 2, "uto": -1, "uwr": -1 }, "geometry": { "type": "Point", "coordinates": [ 19.387083, 51.882278 ] } },
{ "type": "Feature", "properties": { "ID": 108921163, "yr": 2020, "dt": "2020-04-21T17:49:00", "WOJ": 10, "sev": 2, "c": [ 255, 165, 0, 160 ], "dmg": 1, "sli": 0, "ser": 1, "fat": 0, "row": -1, "mot": 2, "pie": -1, "uto": -1, "uwr": -1 }, "geometry": { "type": "Point", "coordinates": [ 19.475111, 51.730472 ] } },
{ "type": "Feature", "properties": { "ID": 108921335, "yr": 2020, "dt": "2020-04-21T17:49:00", "WOJ": 10, "sev": 2, "c": [ 255, 165, 0, 160 ], "dmg": 1, "sli": 0, "ser": 1, "fat": 0, "row": -1, "mot": -1, "pie": 2, "uto": -1, "uwr": -1 }, "geometry": { "type": "Point", "coordinates": [ 19.308889, 51.559639 ] } },
{ "type": "Feature", "properties": { "ID": 108929568, "yr": 2020, "dt": "2020-04-22T09:17:00", "WOJ": 10, "sev": 2, "c": [ 255, 165, 0, 160 ], "dmg": 3, "sli": 0, "ser": 1, "fat": 0, "row": -1, "mot": -1, "pie": -1, "uto": -1, "uwr": -1 }, "geometry": { "type": "Point", "coordinates": [ 19.529528, 51.829278 ] } },
{ "type": "Feature", "properties": { "ID": 109402334, "yr": 2020, "dt": "2020-09-14T07:33:00", "WOJ": 10, "sev": 2, "c": [ 255, 165, 0, 160 ], "dmg": 1, "sli": 0, "ser": 1, "fat": 0, "row": -1, "mot": -1, "pie": 2, "uto": -1, "uwr": -1 }, "geometry": { "type": "Point", "coordinates": [ 19.446056, 51.735556 ] } },
{ "type": "Feature", "properties": { "ID": 108930382, "yr": 2020, "dt": "2020-04-23T16:07:00", "WOJ": 10, "sev": 2, "c": [ 255, 165, 0, 160 ], "dmg": 1, "sli": 0, "ser": 1, "fat": 0, "row": -1, "mot": 2, "pie": -1, "uto": -1, "uwr": -1 }, "geometry": { "type": "Point", "coordinates": [ 19.438028, 51.704778 ] } },
{ "type": "Feature", "properties": { "ID": 108954025, "yr": 2020, "dt": "2020-04-24T08:22:00", "WOJ": 10, "sev": 2, "c": [ 255, 165, 0, 160 ], "dmg": 2, "sli": 0, "ser": 1, "fat": 0, "row": -1, "mot": -1, "pie": -1, "uto": -1, "uwr": -1 }, "geometry": { "type": "Point", "coordinates": [ 19.448972, 51.787083 ] } },
{ "type": "Feature", "properties": { "ID": 109404048, "yr": 2020, "dt": "2020-09-15T16:34:00", "WOJ": 10, "sev": 2, "c": [ 255, 165, 0, 160 ], "dmg": 1, "sli": 0, "ser": 1, "fat": 0, "row": 2, "mot": -1, "pie": -1, "uto": -1, "uwr": -1 }, "geometry": { "type": "Point", "coordinates": [ 19.449861, 51.749806 ] } },
{ "type": "Feature", "properties": { "ID": 109406061, "yr": 2020, "dt": "2020-09-15T17:02:00", "WOJ": 10, "sev": 2, "c": [ 255, 165, 0, 160 ], "dmg": 2, "sli": 1, "ser": 1, "fat": 0, "row": -1, "mot": -1, "pie": -1, "uto": -1, "uwr": -1 }, "geometry": { "type": "Point", "coordinates": [ 19.483944, 51.754333 ] } },
{ "type": "Feature", "properties": { "ID": 108977840, "yr": 2020, "dt": "2020-04-26T12:05:00", "WOJ": 10, "sev": 2, "c": [ 255, 165, 0, 160 ], "dmg": 1, "sli": 0, "ser": 1, "fat": 0, "row": -1, "mot": -1, "pie": 2, "uto": -1, "uwr": -1 }, "geometry": { "type": "Point", "coordinates": [ 19.440583, 51.804306 ] } },
{ "type": "Feature", "properties": { "ID": 108977500, "yr": 2020, "dt": "2020-04-26T11:33:00", "WOJ": 10, "sev": 2, "c": [ 255, 165, 0, 160 ], "dmg": 1, "sli": 0, "ser": 1, "fat": 0, "row": 2, "mot": -1, "pie": -1, "uto": -1, "uwr": -1 }, "geometry": { "type": "Point", "coordinates": [ 19.432028, 51.820472 ] } },
{ "type": "Feature", "properties": { "ID": 108977978, "yr": 2020, "dt": "2020-04-26T14:40:00", "WOJ": 10, "sev": 2, "c": [ 255, 165, 0, 160 ], "dmg": 1, "sli": 0, "ser": 1, "fat": 0, "row": -1, "mot": 2, "pie": -1, "uto": -1, "uwr": -1 }, "geometry": { "type": "Point", "coordinates": [ 19.499417, 51.933111 ] } },
{ "type": "Feature", "properties": { "ID": 108979191, "yr": 2020, "dt": "2020-04-27T15:05:00", "WOJ": 10, "sev": 2, "c": [ 255, 165, 0, 160 ], "dmg": 1, "sli": 1, "ser": 1, "fat": 0, "row": -1, "mot": -1, "pie": -1, "uto": -1, "uwr": -1 }, "geometry": { "type": "Point", "coordinates": [ 19.548, 51.750806 ] } },
{ "type": "Feature", "properties": { "ID": 108980516, "yr": 2020, "dt": "2020-04-28T17:25:00", "WOJ": 10, "sev": 2, "c": [ 255, 165, 0, 160 ], "dmg": 1, "sli": 0, "ser": 1, "fat": 0, "row": -1, "mot": -1, "pie": -1, "uto": -1, "uwr": -1 }, "geometry": { "type": "Point", "coordinates": [ 19.300667, 51.707861 ] } },
{ "type": "Feature", "properties": { "ID": 108979312, "yr": 2020, "dt": "2020-04-28T00:49:00", "WOJ": 10, "sev": 2, "c": [ 255, 165, 0, 160 ], "dmg": 2, "sli": 0, "ser": 1, "fat": 0, "row": -1, "mot": -1, "pie": -1, "uto": -1, "uwr": -1 }, "geometry": { "type": "Point", "coordinates": [ 19.823389, 51.941917 ] } },
{ "type": "Feature", "properties": { "ID": 108982083, "yr": 2020, "dt": "2020-04-29T19:18:00", "WOJ": 10, "sev": 2, "c": [ 255, 165, 0, 160 ], "dmg": 2, "sli": 0, "ser": 1, "fat": 0, "row": -1, "mot": -1, "pie": -1, "uto": -1, "uwr": -1 }, "geometry": { "type": "Point", "coordinates": [ 19.431611, 51.760889 ] } },
{ "type": "Feature", "properties": { "ID": 109408167, "yr": 2020, "dt": "2020-09-16T08:05:00", "WOJ": 10, "sev": 2, "c": [ 255, 165, 0, 160 ], "dmg": 1, "sli": 0, "ser": 1, "fat": 0, "row": -1, "mot": -1, "pie": 2, "uto": -1, "uwr": -1 }, "geometry": { "type": "Point", "coordinates": [ 19.402167, 51.793667 ] } },
{ "type": "Feature", "properties": { "ID": 109407784, "yr": 2020, "dt": "2020-09-16T09:53:00", "WOJ": 10, "sev": 2, "c": [ 255, 165, 0, 160 ], "dmg": 1, "sli": 0, "ser": 1, "fat": 0, "row": -1, "mot": -1, "pie": 2, "uto": -1, "uwr": -1 }, "geometry": { "type": "Point", "coordinates": [ 19.488111, 51.737556 ] } },
{ "type": "Feature", "properties": { "ID": 108984759, "yr": 2020, "dt": "2020-04-30T13:56:00", "WOJ": 10, "sev": 2, "c": [ 255, 165, 0, 160 ], "dmg": 3, "sli": 0, "ser": 1, "fat": 0, "row": -1, "mot": -1, "pie": -1, "uto": -1, "uwr": -1 }, "geometry": { "type": "Point", "coordinates": [ 19.504806, 51.736 ] } },
{ "type": "Feature", "properties": { "ID": 109408620, "yr": 2020, "dt": "2020-09-16T13:24:00", "WOJ": 10, "sev": 2, "c": [ 255, 165, 0, 160 ], "dmg": 1, "sli": 0, "ser": 1, "fat": 0, "row": -1, "mot": -1, "pie": 2, "uto": -1, "uwr": -1 }, "geometry": { "type": "Point", "coordinates": [ 19.436528, 51.789056 ] } },
{ "type": "Feature", "properties": { "ID": 108984319, "yr": 2020, "dt": "2020-04-30T11:00:00", "WOJ": 10, "sev": 2, "c": [ 255, 165, 0, 160 ], "dmg": 1, "sli": 2, "ser": 1, "fat": 0, "row": -1, "mot": -1, "pie": -1, "uto": -1, "uwr": -1 }, "geometry": { "type": "Point", "coordinates": [ 19.721278, 51.94475 ] } },
{ "type": "Feature", "properties": { "ID": 108984752, "yr": 2020, "dt": "2020-04-30T15:25:00", "WOJ": 10, "sev": 2, "c": [ 255, 165, 0, 160 ], "dmg": 1, "sli": 0, "ser": 3, "fat": 0, "row": -1, "mot": -1, "pie": -1, "uto": -1, "uwr": -1 }, "geometry": { "type": "Point", "coordinates": [ 19.117806, 51.213722 ] } },
{ "type": "Feature", "properties": { "ID": 109408252, "yr": 2020, "dt": "2020-09-16T14:33:00", "WOJ": 10, "sev": 2, "c": [ 255, 165, 0, 160 ], "dmg": 1, "sli": 0, "ser": 1, "fat": 0, "row": -1, "mot": 2, "pie": -1, "uto": -1, "uwr": -1 }, "geometry": { "type": "Point", "coordinates": [ 20.167861, 52.101583 ] } },
{ "type": "Feature", "properties": { "ID": 108986666, "yr": 2020, "dt": "2020-05-02T10:39:00", "WOJ": 10, "sev": 2, "c": [ 255, 165, 0, 160 ], "dmg": 1, "sli": 0, "ser": 1, "fat": 0, "row": 2, "mot": -1, "pie": -1, "uto": -1, "uwr": -1 }, "geometry": { "type": "Point", "coordinates": [ 19.447944, 51.792056 ] } },
{ "type": "Feature", "properties": { "ID": 108988663, "yr": 2020, "dt": "2020-05-03T17:39:00", "WOJ": 10, "sev": 2, "c": [ 255, 165, 0, 160 ], "dmg": 0, "sli": 0, "ser": 1, "fat": 0, "row": -1, "mot": -1, "pie": -1, "uto": -1, "uwr": -1 }, "geometry": { "type": "Point", "coordinates": [ 20.203694, 51.52225 ] } },
{ "type": "Feature", "properties": { "ID": 108987678, "yr": 2020, "dt": "2020-05-03T13:17:00", "WOJ": 10, "sev": 2, "c": [ 255, 165, 0, 160 ], "dmg": 1, "sli": 0, "ser": 1, "fat": 0, "row": -1, "mot": -1, "pie": 2, "uto": -1, "uwr": -1 }, "geometry": { "type": "Point", "coordinates": [ 19.45925, 51.755917 ] } },
{ "type": "Feature", "properties": { "ID": 108988964, "yr": 2020, "dt": "2020-05-04T09:41:00", "WOJ": 10, "sev": 2, "c": [ 255, 165, 0, 160 ], "dmg": 1, "sli": 0, "ser": 1, "fat": 0, "row": -1, "mot": -1, "pie": -1, "uto": -1, "uwr": -1 }, "geometry": { "type": "Point", "coordinates": [ 19.426861, 51.804722 ] } },
{ "type": "Feature", "properties": { "ID": 108990823, "yr": 2020, "dt": "2020-05-05T16:41:00", "WOJ": 10, "sev": 2, "c": [ 255, 165, 0, 160 ], "dmg": 0, "sli": 0, "ser": 1, "fat": 0, "row": -1, "mot": -1, "pie": -1, "uto": -1, "uwr": -1 }, "geometry": { "type": "Point", "coordinates": [ 19.442056, 51.733861 ] } },
{ "type": "Feature", "properties": { "ID": 108989982, "yr": 2020, "dt": "2020-05-05T15:50:00", "WOJ": 10, "sev": 2, "c": [ 255, 165, 0, 160 ], "dmg": 1, "sli": 0, "ser": 1, "fat": 0, "row": -1, "mot": -1, "pie": -1, "uto": -1, "uwr": -1 }, "geometry": { "type": "Point", "coordinates": [ 19.462861, 51.773278 ] } },
{ "type": "Feature", "properties": { "ID": 109015726, "yr": 2020, "dt": "2020-05-08T16:25:00", "WOJ": 10, "sev": 2, "c": [ 255, 165, 0, 160 ], "dmg": 1, "sli": 0, "ser": 1, "fat": 0, "row": -1, "mot": -1, "pie": 2, "uto": -1, "uwr": -1 }, "geometry": { "type": "Point", "coordinates": [ 19.554917, 51.757139 ] } },
{ "type": "Feature", "properties": { "ID": 109024213, "yr": 2020, "dt": "2020-05-11T19:11:00", "WOJ": 10, "sev": 2, "c": [ 255, 165, 0, 160 ], "dmg": 1, "sli": 0, "ser": 1, "fat": 0, "row": -1, "mot": -1, "pie": 2, "uto": -1, "uwr": -1 }, "geometry": { "type": "Point", "coordinates": [ 19.445222, 51.781556 ] } },
{ "type": "Feature", "properties": { "ID": 109408048, "yr": 2020, "dt": "2020-09-16T08:35:00", "WOJ": 10, "sev": 2, "c": [ 255, 165, 0, 160 ], "dmg": 1, "sli": 0, "ser": 1, "fat": 0, "row": -1, "mot": -1, "pie": -1, "uto": -1, "uwr": -1 }, "geometry": { "type": "Point", "coordinates": [ 19.453056, 51.731944 ] } },
{ "type": "Feature", "properties": { "ID": 109410810, "yr": 2020, "dt": "2020-09-17T19:34:00", "WOJ": 10, "sev": 2, "c": [ 255, 165, 0, 160 ], "dmg": 1, "sli": 0, "ser": 1, "fat": 0, "row": -1, "mot": -1, "pie": -1, "uto": -1, "uwr": -1 }, "geometry": { "type": "Point", "coordinates": [ 19.501361, 51.777083 ] } },
{ "type": "Feature", "properties": { "ID": 109024303, "yr": 2020, "dt": "2020-05-11T21:03:00", "WOJ": 10, "sev": 2, "c": [ 255, 165, 0, 160 ], "dmg": 1, "sli": 0, "ser": 1, "fat": 0, "row": -1, "mot": -1, "pie": 2, "uto": -1, "uwr": -1 }, "geometry": { "type": "Point", "coordinates": [ 19.486222, 51.761722 ] } },
{ "type": "Feature", "properties": { "ID": 109408908, "yr": 2020, "dt": "2020-09-17T06:26:00", "WOJ": 10, "sev": 2, "c": [ 255, 165, 0, 160 ], "dmg": 1, "sli": 0, "ser": 1, "fat": 0, "row": -1, "mot": -1, "pie": 2, "uto": -1, "uwr": -1 }, "geometry": { "type": "Point", "coordinates": [ 19.517944, 51.735278 ] } },
{ "type": "Feature", "properties": { "ID": 109025596, "yr": 2020, "dt": "2020-05-11T14:22:00", "WOJ": 10, "sev": 2, "c": [ 255, 165, 0, 160 ], "dmg": 1, "sli": 0, "ser": 1, "fat": 0, "row": -1, "mot": -1, "pie": 2, "uto": -1, "uwr": -1 }, "geometry": { "type": "Point", "coordinates": [ 19.471944, 51.7635 ] } },
{ "type": "Feature", "properties": { "ID": 109408739, "yr": 2020, "dt": "2020-09-17T03:23:00", "WOJ": 10, "sev": 2, "c": [ 255, 165, 0, 160 ], "dmg": 1, "sli": 0, "ser": 1, "fat": 0, "row": -1, "mot": -1, "pie": 2, "uto": -1, "uwr": -1 }, "geometry": { "type": "Point", "coordinates": [ 19.59675, 51.689444 ] } },
{ "type": "Feature", "properties": { "ID": 109031569, "yr": 2020, "dt": "2020-05-13T22:30:00", "WOJ": 10, "sev": 2, "c": [ 255, 165, 0, 160 ], "dmg": 0, "sli": 0, "ser": 1, "fat": 0, "row": -1, "mot": -1, "pie": -1, "uto": -1, "uwr": -1 }, "geometry": { "type": "Point", "coordinates": [ 19.593722, 52.128944 ] } },
{ "type": "Feature", "properties": { "ID": 109032240, "yr": 2020, "dt": "2020-05-14T14:39:00", "WOJ": 10, "sev": 2, "c": [ 255, 165, 0, 160 ], "dmg": 2, "sli": 0, "ser": 1, "fat": 0, "row": -1, "mot": -1, "pie": -1, "uto": -1, "uwr": -1 }, "geometry": { "type": "Point", "coordinates": [ 19.440083, 51.794194 ] } },
{ "type": "Feature", "properties": { "ID": 109033762, "yr": 2020, "dt": "2020-05-14T18:08:00", "WOJ": 10, "sev": 2, "c": [ 255, 165, 0, 160 ], "dmg": 1, "sli": 0, "ser": 1, "fat": 0, "row": -1, "mot": -1, "pie": -1, "uto": -1, "uwr": -1 }, "geometry": { "type": "Point", "coordinates": [ 19.435222, 51.755833 ] } },
{ "type": "Feature", "properties": { "ID": 109035691, "yr": 2020, "dt": "2020-05-15T15:37:00", "WOJ": 10, "sev": 2, "c": [ 255, 165, 0, 160 ], "dmg": 1, "sli": 0, "ser": 1, "fat": 0, "row": -1, "mot": -1, "pie": -1, "uto": -1, "uwr": -1 }, "geometry": { "type": "Point", "coordinates": [ 19.433028, 51.715167 ] } },
{ "type": "Feature", "properties": { "ID": 109038613, "yr": 2020, "dt": "2020-05-15T23:42:00", "WOJ": 10, "sev": 2, "c": [ 255, 165, 0, 160 ], "dmg": 1, "sli": 0, "ser": 2, "fat": 0, "row": -1, "mot": -1, "pie": -1, "uto": -1, "uwr": -1 }, "geometry": { "type": "Point", "coordinates": [ 19.407861, 51.762444 ] } },
{ "type": "Feature", "properties": { "ID": 109038611, "yr": 2020, "dt": "2020-05-15T20:38:00", "WOJ": 10, "sev": 2, "c": [ 255, 165, 0, 160 ], "dmg": 0, "sli": 0, "ser": 1, "fat": 0, "row": -1, "mot": 2, "pie": -1, "uto": -1, "uwr": -1 }, "geometry": { "type": "Point", "coordinates": [ 19.423833, 51.785194 ] } },
{ "type": "Feature", "properties": { "ID": 109411793, "yr": 2020, "dt": "2020-09-18T15:36:14", "WOJ": 10, "sev": 2, "c": [ 255, 165, 0, 160 ], "dmg": 0, "sli": 1, "ser": 1, "fat": 0, "row": -1, "mot": -1, "pie": -1, "uto": -1, "uwr": -1 }, "geometry": { "type": "Point", "coordinates": [ 19.477111, 51.794694 ] } },
{ "type": "Feature", "properties": { "ID": 109039038, "yr": 2020, "dt": "2020-05-16T12:31:00", "WOJ": 10, "sev": 2, "c": [ 255, 165, 0, 160 ], "dmg": 1, "sli": 0, "ser": 1, "fat": 0, "row": -1, "mot": -1, "pie": 2, "uto": -1, "uwr": -1 }, "geometry": { "type": "Point", "coordinates": [ 19.476583, 51.729278 ] } },
{ "type": "Feature", "properties": { "ID": 109412185, "yr": 2020, "dt": "2020-09-18T16:08:00", "WOJ": 10, "sev": 2, "c": [ 255, 165, 0, 160 ], "dmg": 1, "sli": 0, "ser": 1, "fat": 0, "row": -1, "mot": -1, "pie": -1, "uto": -1, "uwr": -1 }, "geometry": { "type": "Point", "coordinates": [ 19.465861, 51.800528 ] } },
{ "type": "Feature", "properties": { "ID": 109411334, "yr": 2020, "dt": "2020-09-18T08:09:00", "WOJ": 10, "sev": 2, "c": [ 255, 165, 0, 160 ], "dmg": 1, "sli": 0, "ser": 1, "fat": 0, "row": 2, "mot": -1, "pie": -1, "uto": -1, "uwr": -1 }, "geometry": { "type": "Point", "coordinates": [ 19.247778, 51.726222 ] } },
{ "type": "Feature", "properties": { "ID": 109411113, "yr": 2020, "dt": "2020-09-18T07:45:00", "WOJ": 10, "sev": 2, "c": [ 255, 165, 0, 160 ], "dmg": 1, "sli": 0, "ser": 1, "fat": 0, "row": -1, "mot": -1, "pie": -1, "uto": -1, "uwr": -1 }, "geometry": { "type": "Point", "coordinates": [ 19.595889, 51.793472 ] } },
{ "type": "Feature", "properties": { "ID": 109039426, "yr": 2020, "dt": "2020-05-16T23:40:00", "WOJ": 10, "sev": 2, "c": [ 255, 165, 0, 160 ], "dmg": 1, "sli": 0, "ser": 1, "fat": 0, "row": -1, "mot": -1, "pie": 2, "uto": -1, "uwr": -1 }, "geometry": { "type": "Point", "coordinates": [ 19.563639, 51.867667 ] } },
{ "type": "Feature", "properties": { "ID": 109413927, "yr": 2020, "dt": "2020-09-19T14:30:00", "WOJ": 10, "sev": 2, "c": [ 255, 165, 0, 160 ], "dmg": 1, "sli": 0, "ser": 1, "fat": 0, "row": -1, "mot": 2, "pie": -1, "uto": -1, "uwr": -1 }, "geometry": { "type": "Point", "coordinates": [ 19.442194, 51.800361 ] } },
{ "type": "Feature", "properties": { "ID": 109413665, "yr": 2020, "dt": "2020-09-19T12:28:00", "WOJ": 10, "sev": 2, "c": [ 255, 165, 0, 160 ], "dmg": 1, "sli": 0, "ser": 1, "fat": 0, "row": -1, "mot": 2, "pie": -1, "uto": -1, "uwr": -1 }, "geometry": { "type": "Point", "coordinates": [ 19.426, 51.804667 ] } },
{ "type": "Feature", "properties": { "ID": 109039517, "yr": 2020, "dt": "2020-05-17T08:56:00", "WOJ": 10, "sev": 2, "c": [ 255, 165, 0, 160 ], "dmg": 0, "sli": 0, "ser": 2, "fat": 0, "row": -1, "mot": -1, "pie": -1, "uto": -1, "uwr": -1 }, "geometry": { "type": "Point", "coordinates": [ 19.455611, 51.811417 ] } },
{ "type": "Feature", "properties": { "ID": 109043723, "yr": 2020, "dt": "2020-05-17T15:45:00", "WOJ": 10, "sev": 2, "c": [ 255, 165, 0, 160 ], "dmg": 1, "sli": 0, "ser": 1, "fat": 0, "row": -1, "mot": -1, "pie": -1, "uto": -1, "uwr": -1 }, "geometry": { "type": "Point", "coordinates": [ 19.467583, 51.800639 ] } },
{ "type": "Feature", "properties": { "ID": 109043645, "yr": 2020, "dt": "2020-05-17T08:10:00", "WOJ": 10, "sev": 2, "c": [ 255, 165, 0, 160 ], "dmg": 1, "sli": 0, "ser": 1, "fat": 0, "row": -1, "mot": -1, "pie": -1, "uto": -1, "uwr": -1 }, "geometry": { "type": "Point", "coordinates": [ 19.469306, 52.062833 ] } },
{ "type": "Feature", "properties": { "ID": 109414716, "yr": 2020, "dt": "2020-09-20T14:50:00", "WOJ": 10, "sev": 2, "c": [ 255, 165, 0, 160 ], "dmg": 1, "sli": 0, "ser": 1, "fat": 0, "row": 2, "mot": -1, "pie": -1, "uto": -1, "uwr": -1 }, "geometry": { "type": "Point", "coordinates": [ 19.462889, 51.759861 ] } },
{ "type": "Feature", "properties": { "ID": 109039464, "yr": 2020, "dt": "2020-05-17T03:00:00", "WOJ": 10, "sev": 2, "c": [ 255, 165, 0, 160 ], "dmg": 0, "sli": 1, "ser": 3, "fat": 0, "row": -1, "mot": -1, "pie": -1, "uto": -1, "uwr": -1 }, "geometry": { "type": "Point", "coordinates": [ 19.618389, 51.733528 ] } },
{ "type": "Feature", "properties": { "ID": 109047762, "yr": 2020, "dt": "2020-05-18T13:47:00", "WOJ": 10, "sev": 2, "c": [ 255, 165, 0, 160 ], "dmg": 2, "sli": 0, "ser": 1, "fat": 0, "row": -1, "mot": -1, "pie": -1, "uto": -1, "uwr": -1 }, "geometry": { "type": "Point", "coordinates": [ 19.416861, 51.773972 ] } },
{ "type": "Feature", "properties": { "ID": 109048144, "yr": 2020, "dt": "2020-05-18T17:50:00", "WOJ": 10, "sev": 2, "c": [ 255, 165, 0, 160 ], "dmg": 1, "sli": 0, "ser": 1, "fat": 0, "row": 2, "mot": -1, "pie": -1, "uto": -1, "uwr": -1 }, "geometry": { "type": "Point", "coordinates": [ 19.803167, 52.208556 ] } },
{ "type": "Feature", "properties": { "ID": 109057301, "yr": 2020, "dt": "2020-05-21T13:24:00", "WOJ": 10, "sev": 2, "c": [ 255, 165, 0, 160 ], "dmg": 1, "sli": 0, "ser": 1, "fat": 0, "row": -1, "mot": -1, "pie": -1, "uto": -1, "uwr": -1 }, "geometry": { "type": "Point", "coordinates": [ 19.379139, 51.777278 ] } },
{ "type": "Feature", "properties": { "ID": 109414709, "yr": 2020, "dt": "2020-09-20T13:53:00", "WOJ": 10, "sev": 2, "c": [ 255, 165, 0, 160 ], "dmg": 2, "sli": 0, "ser": 1, "fat": 0, "row": 2, "mot": -1, "pie": -1, "uto": -1, "uwr": -1 }, "geometry": { "type": "Point", "coordinates": [ 19.438056, 51.748639 ] } },
{ "type": "Feature", "properties": { "ID": 109057544, "yr": 2020, "dt": "2020-05-21T15:12:00", "WOJ": 10, "sev": 2, "c": [ 255, 165, 0, 160 ], "dmg": 1, "sli": 0, "ser": 1, "fat": 0, "row": 2, "mot": -1, "pie": -1, "uto": -1, "uwr": -1 }, "geometry": { "type": "Point", "coordinates": [ 19.445222, 51.781556 ] } },
{ "type": "Feature", "properties": { "ID": 109061913, "yr": 2020, "dt": "2020-05-22T07:56:00", "WOJ": 10, "sev": 2, "c": [ 255, 165, 0, 160 ], "dmg": 1, "sli": 0, "ser": 1, "fat": 0, "row": 2, "mot": -1, "pie": -1, "uto": -1, "uwr": -1 }, "geometry": { "type": "Point", "coordinates": [ 19.422083, 51.756083 ] } },
{ "type": "Feature", "properties": { "ID": 109068966, "yr": 2020, "dt": "2020-05-23T21:30:00", "WOJ": 10, "sev": 2, "c": [ 255, 165, 0, 160 ], "dmg": 1, "sli": 0, "ser": 2, "fat": 0, "row": -1, "mot": -1, "pie": -1, "uto": -1, "uwr": -1 }, "geometry": { "type": "Point", "coordinates": [ 19.521306, 51.774917 ] } },
{ "type": "Feature", "properties": { "ID": 109415763, "yr": 2020, "dt": "2020-09-21T11:56:00", "WOJ": 10, "sev": 2, "c": [ 255, 165, 0, 160 ], "dmg": 1, "sli": 0, "ser": 1, "fat": 0, "row": -1, "mot": -1, "pie": -1, "uto": -1, "uwr": -1 }, "geometry": { "type": "Point", "coordinates": [ 20.553194, 51.740639 ] } },
{ "type": "Feature", "properties": { "ID": 109415673, "yr": 2020, "dt": "2020-09-21T11:35:00", "WOJ": 10, "sev": 2, "c": [ 255, 165, 0, 160 ], "dmg": 1, "sli": 0, "ser": 1, "fat": 0, "row": -1, "mot": -1, "pie": -1, "uto": -1, "uwr": -1 }, "geometry": { "type": "Point", "coordinates": [ 19.367417, 52.236639 ] } },
{ "type": "Feature", "properties": { "ID": 109077875, "yr": 2020, "dt": "2020-05-25T19:41:00", "WOJ": 10, "sev": 2, "c": [ 255, 165, 0, 160 ], "dmg": 2, "sli": 0, "ser": 2, "fat": 0, "row": 2, "mot": -1, "pie": -1, "uto": -1, "uwr": -1 }, "geometry": { "type": "Point", "coordinates": [ 19.428222, 51.764583 ] } },
{ "type": "Feature", "properties": { "ID": 109082368, "yr": 2020, "dt": "2020-05-26T19:00:00", "WOJ": 10, "sev": 2, "c": [ 255, 165, 0, 160 ], "dmg": 0, "sli": 1, "ser": 1, "fat": 0, "row": -1, "mot": 2, "pie": -1, "uto": -1, "uwr": -1 }, "geometry": { "type": "Point", "coordinates": [ 19.267083, 51.979444 ] } },
{ "type": "Feature", "properties": { "ID": 109082292, "yr": 2020, "dt": "2020-05-26T22:33:00", "WOJ": 10, "sev": 2, "c": [ 255, 165, 0, 160 ], "dmg": 1, "sli": 0, "ser": 1, "fat": 0, "row": -1, "mot": -1, "pie": 2, "uto": -1, "uwr": -1 }, "geometry": { "type": "Point", "coordinates": [ 19.426417, 51.784472 ] } },
{ "type": "Feature", "properties": { "ID": 109082058, "yr": 2020, "dt": "2020-05-26T16:49:00", "WOJ": 10, "sev": 2, "c": [ 255, 165, 0, 160 ], "dmg": 1, "sli": 0, "ser": 1, "fat": 0, "row": 2, "mot": -1, "pie": -1, "uto": -1, "uwr": -1 }, "geometry": { "type": "Point", "coordinates": [ 19.432861, 51.759556 ] } },
{ "type": "Feature", "properties": { "ID": 109416148, "yr": 2020, "dt": "2020-09-21T16:05:00", "WOJ": 10, "sev": 2, "c": [ 255, 165, 0, 160 ], "dmg": 1, "sli": 0, "ser": 1, "fat": 0, "row": -1, "mot": -1, "pie": -1, "uto": -1, "uwr": -1 }, "geometry": { "type": "Point", "coordinates": [ 19.684472, 51.6055 ] } },
{ "type": "Feature", "properties": { "ID": 109086002, "yr": 2020, "dt": "2020-05-27T09:07:00", "WOJ": 10, "sev": 2, "c": [ 255, 165, 0, 160 ], "dmg": 2, "sli": 0, "ser": 1, "fat": 0, "row": -1, "mot": -1, "pie": -1, "uto": -1, "uwr": -1 }, "geometry": { "type": "Point", "coordinates": [ 19.221056, 51.592389 ] } },
{ "type": "Feature", "properties": { "ID": 109089637, "yr": 2020, "dt": "2020-05-27T22:16:00", "WOJ": 10, "sev": 2, "c": [ 255, 165, 0, 160 ], "dmg": 0, "sli": 0, "ser": 1, "fat": 0, "row": -1, "mot": 2, "pie": -1, "uto": -1, "uwr": -1 }, "geometry": { "type": "Point", "coordinates": [ 19.456028, 51.750167 ] } },
{ "type": "Feature", "properties": { "ID": 109092692, "yr": 2020, "dt": "2020-05-28T18:00:00", "WOJ": 10, "sev": 2, "c": [ 255, 165, 0, 160 ], "dmg": 0, "sli": 0, "ser": 1, "fat": 0, "row": -1, "mot": -1, "pie": -1, "uto": -1, "uwr": -1 }, "geometry": { "type": "Point", "coordinates": [ 19.68475, 51.566194 ] } },
{ "type": "Feature", "properties": { "ID": 109418794, "yr": 2020, "dt": "2020-09-22T15:08:00", "WOJ": 10, "sev": 2, "c": [ 255, 165, 0, 160 ], "dmg": 1, "sli": 0, "ser": 2, "fat": 0, "row": -1, "mot": -1, "pie": -1, "uto": -1, "uwr": -1 }, "geometry": { "type": "Point", "coordinates": [ 19.469306, 51.722167 ] } },
{ "type": "Feature", "properties": { "ID": 109088597, "yr": 2020, "dt": "2020-05-28T10:00:00", "WOJ": 10, "sev": 2, "c": [ 255, 165, 0, 160 ], "dmg": 1, "sli": 0, "ser": 1, "fat": 0, "row": -1, "mot": -1, "pie": -1, "uto": -1, "uwr": -1 }, "geometry": { "type": "Point", "coordinates": [ 19.447306, 51.7635 ] } },
{ "type": "Feature", "properties": { "ID": 109090182, "yr": 2020, "dt": "2020-05-28T09:15:00", "WOJ": 10, "sev": 2, "c": [ 255, 165, 0, 160 ], "dmg": 1, "sli": 0, "ser": 1, "fat": 0, "row": -1, "mot": 2, "pie": -1, "uto": -1, "uwr": -1 }, "geometry": { "type": "Point", "coordinates": [ 19.371028, 51.895694 ] } },
{ "type": "Feature", "properties": { "ID": 109091690, "yr": 2020, "dt": "2020-05-28T17:34:00", "WOJ": 10, "sev": 2, "c": [ 255, 165, 0, 160 ], "dmg": 1, "sli": 0, "ser": 1, "fat": 0, "row": -1, "mot": -1, "pie": -1, "uto": -1, "uwr": -1 }, "geometry": { "type": "Point", "coordinates": [ 19.458139, 51.7875 ] } },
{ "type": "Feature", "properties": { "ID": 109093392, "yr": 2020, "dt": "2020-05-29T12:31:00", "WOJ": 10, "sev": 2, "c": [ 255, 165, 0, 160 ], "dmg": 1, "sli": 0, "ser": 1, "fat": 0, "row": -1, "mot": -1, "pie": 2, "uto": -1, "uwr": -1 }, "geometry": { "type": "Point", "coordinates": [ 19.544722, 51.757639 ] } },
{ "type": "Feature", "properties": { "ID": 109097181, "yr": 2020, "dt": "2020-05-30T00:05:00", "WOJ": 10, "sev": 2, "c": [ 255, 165, 0, 160 ], "dmg": 1, "sli": 0, "ser": 1, "fat": 0, "row": -1, "mot": -1, "pie": -1, "uto": -1, "uwr": -1 }, "geometry": { "type": "Point", "coordinates": [ 19.452, 51.7765 ] } },
{ "type": "Feature", "properties": { "ID": 109417125, "yr": 2020, "dt": "2020-09-22T11:15:00", "WOJ": 10, "sev": 2, "c": [ 255, 165, 0, 160 ], "dmg": 1, "sli": 0, "ser": 1, "fat": 0, "row": -1, "mot": -1, "pie": -1, "uto": -1, "uwr": -1 }, "geometry": { "type": "Point", "coordinates": [ 19.458139, 51.7875 ] } },
{ "type": "Feature", "properties": { "ID": 109418974, "yr": 2020, "dt": "2020-09-22T21:10:00", "WOJ": 10, "sev": 2, "c": [ 255, 165, 0, 160 ], "dmg": 1, "sli": 0, "ser": 1, "fat": 0, "row": -1, "mot": -1, "pie": 2, "uto": -1, "uwr": -1 }, "geometry": { "type": "Point", "coordinates": [ 19.469889, 51.742333 ] } },
{ "type": "Feature", "properties": { "ID": 109100170, "yr": 2020, "dt": "2020-05-30T21:45:00", "WOJ": 10, "sev": 2, "c": [ 255, 165, 0, 160 ], "dmg": 1, "sli": 0, "ser": 3, "fat": 0, "row": -1, "mot": -1, "pie": -1, "uto": -1, "uwr": -1 }, "geometry": { "type": "Point", "coordinates": [ 19.844778, 52.142278 ] } },
{ "type": "Feature", "properties": { "ID": 109417811, "yr": 2020, "dt": "2020-09-22T08:22:00", "WOJ": 10, "sev": 2, "c": [ 255, 165, 0, 160 ], "dmg": 1, "sli": 0, "ser": 1, "fat": 0, "row": -1, "mot": -1, "pie": 2, "uto": -1, "uwr": -1 }, "geometry": { "type": "Point", "coordinates": [ 19.455083, 51.732833 ] } },
{ "type": "Feature", "properties": { "ID": 109105768, "yr": 2020, "dt": "2020-06-01T17:04:00", "WOJ": 10, "sev": 2, "c": [ 255, 165, 0, 160 ], "dmg": 1, "sli": 0, "ser": 1, "fat": 0, "row": -1, "mot": -1, "pie": -1, "uto": -1, "uwr": -1 }, "geometry": { "type": "Point", "coordinates": [ 19.45725, 51.800833 ] } },
{ "type": "Feature", "properties": { "ID": 109107777, "yr": 2020, "dt": "2020-06-02T07:00:00", "WOJ": 10, "sev": 2, "c": [ 255, 165, 0, 160 ], "dmg": 2, "sli": 0, "ser": 1, "fat": 0, "row": -1, "mot": -1, "pie": 2, "uto": -1, "uwr": -1 }, "geometry": { "type": "Point", "coordinates": [ 19.477417, 51.77875 ] } },
{ "type": "Feature", "properties": { "ID": 109110811, "yr": 2020, "dt": "2020-06-03T07:27:00", "WOJ": 10, "sev": 2, "c": [ 255, 165, 0, 160 ], "dmg": 1, "sli": 0, "ser": 1, "fat": 0, "row": -1, "mot": -1, "pie": -1, "uto": -1, "uwr": -1 }, "geometry": { "type": "Point", "coordinates": [ 19.589111, 51.788333 ] } },
{ "type": "Feature", "properties": { "ID": 109420256, "yr": 2020, "dt": "2020-09-23T16:57:00", "WOJ": 10, "sev": 2, "c": [ 255, 165, 0, 160 ], "dmg": 0, "sli": 0, "ser": 1, "fat": 0, "row": -1, "mot": -1, "pie": -1, "uto": -1, "uwr": -1 }, "geometry": { "type": "Point", "coordinates": [ 19.458417, 51.759889 ] } },
{ "type": "Feature", "properties": { "ID": 109419867, "yr": 2020, "dt": "2020-09-23T11:44:00", "WOJ": 10, "sev": 2, "c": [ 255, 165, 0, 160 ], "dmg": 2, "sli": 0, "ser": 1, "fat": 0, "row": -1, "mot": -1, "pie": -1, "uto": -1, "uwr": -1 }, "geometry": { "type": "Point", "coordinates": [ 19.489028, 51.756778 ] } },
{ "type": "Feature", "properties": { "ID": 109114632, "yr": 2020, "dt": "2020-06-03T16:20:00", "WOJ": 10, "sev": 2, "c": [ 255, 165, 0, 160 ], "dmg": 1, "sli": 0, "ser": 1, "fat": 0, "row": -1, "mot": -1, "pie": -1, "uto": -1, "uwr": -1 }, "geometry": { "type": "Point", "coordinates": [ 19.434417, 51.768833 ] } },
{ "type": "Feature", "properties": { "ID": 109114654, "yr": 2020, "dt": "2020-06-03T14:57:00", "WOJ": 10, "sev": 2, "c": [ 255, 165, 0, 160 ], "dmg": 1, "sli": 1, "ser": 1, "fat": 0, "row": -1, "mot": -1, "pie": -1, "uto": -1, "uwr": -1 }, "geometry": { "type": "Point", "coordinates": [ 19.457194, 51.717583 ] } },
{ "type": "Feature", "properties": { "ID": 109118692, "yr": 2020, "dt": "2020-06-04T16:57:00", "WOJ": 10, "sev": 2, "c": [ 255, 165, 0, 160 ], "dmg": 1, "sli": 0, "ser": 1, "fat": 0, "row": 2, "mot": -1, "pie": -1, "uto": -1, "uwr": -1 }, "geometry": { "type": "Point", "coordinates": [ 19.394278, 51.7975 ] } },
{ "type": "Feature", "properties": { "ID": 109118728, "yr": 2020, "dt": "2020-06-04T17:14:00", "WOJ": 10, "sev": 2, "c": [ 255, 165, 0, 160 ], "dmg": 1, "sli": 0, "ser": 1, "fat": 0, "row": 2, "mot": -1, "pie": -1, "uto": -1, "uwr": -1 }, "geometry": { "type": "Point", "coordinates": [ 19.478972, 51.761056 ] } },
{ "type": "Feature", "properties": { "ID": 109123762, "yr": 2020, "dt": "2020-06-05T10:10:00", "WOJ": 10, "sev": 2, "c": [ 255, 165, 0, 160 ], "dmg": 1, "sli": 0, "ser": 1, "fat": 0, "row": -1, "mot": -1, "pie": -1, "uto": -1, "uwr": -1 }, "geometry": { "type": "Point", "coordinates": [ 19.439611, 51.784806 ] } },
{ "type": "Feature", "properties": { "ID": 109129489, "yr": 2020, "dt": "2020-06-07T16:50:00", "WOJ": 10, "sev": 2, "c": [ 255, 165, 0, 160 ], "dmg": 0, "sli": 0, "ser": 1, "fat": 0, "row": -1, "mot": 2, "pie": -1, "uto": -1, "uwr": -1 }, "geometry": { "type": "Point", "coordinates": [ 18.560694, 51.650139 ] } },
{ "type": "Feature", "properties": { "ID": 109422765, "yr": 2020, "dt": "2020-09-24T12:57:40", "WOJ": 10, "sev": 2, "c": [ 255, 165, 0, 160 ], "dmg": 0, "sli": 0, "ser": 1, "fat": 0, "row": 2, "mot": -1, "pie": -1, "uto": -1, "uwr": -1 }, "geometry": { "type": "Point", "coordinates": [ 19.489, 51.755167 ] } },
{ "type": "Feature", "properties": { "ID": 109129513, "yr": 2020, "dt": "2020-06-07T18:58:00", "WOJ": 10, "sev": 2, "c": [ 255, 165, 0, 160 ], "dmg": 2, "sli": 0, "ser": 1, "fat": 0, "row": -1, "mot": -1, "pie": -1, "uto": -1, "uwr": -1 }, "geometry": { "type": "Point", "coordinates": [ 19.335722, 51.657639 ] } },
{ "type": "Feature", "properties": { "ID": 109129264, "yr": 2020, "dt": "2020-06-07T15:34:00", "WOJ": 10, "sev": 2, "c": [ 255, 165, 0, 160 ], "dmg": 0, "sli": 0, "ser": 2, "fat": 0, "row": 2, "mot": -1, "pie": -1, "uto": -1, "uwr": -1 }, "geometry": { "type": "Point", "coordinates": [ 19.487278, 51.791056 ] } },
{ "type": "Feature", "properties": { "ID": 109129407, "yr": 2020, "dt": "2020-06-07T15:35:00", "WOJ": 10, "sev": 2, "c": [ 255, 165, 0, 160 ], "dmg": 1, "sli": 1, "ser": 1, "fat": 0, "row": -1, "mot": -1, "pie": -1, "uto": -1, "uwr": -1 }, "geometry": { "type": "Point", "coordinates": [ 19.32275, 51.024833 ] } },
{ "type": "Feature", "properties": { "ID": 109139656, "yr": 2020, "dt": "2020-06-09T16:46:00", "WOJ": 10, "sev": 2, "c": [ 255, 165, 0, 160 ], "dmg": 0, "sli": 0, "ser": 2, "fat": 0, "row": -1, "mot": -1, "pie": -1, "uto": -1, "uwr": -1 }, "geometry": { "type": "Point", "coordinates": [ 19.472639, 51.760694 ] } },
{ "type": "Feature", "properties": { "ID": 109147394, "yr": 2020, "dt": "2020-06-10T19:19:00", "WOJ": 10, "sev": 2, "c": [ 255, 165, 0, 160 ], "dmg": 2, "sli": 0, "ser": 1, "fat": 0, "row": -1, "mot": -1, "pie": -1, "uto": -1, "uwr": -1 }, "geometry": { "type": "Point", "coordinates": [ 19.553806, 51.758056 ] } },
{ "type": "Feature", "properties": { "ID": 109146693, "yr": 2020, "dt": "2020-06-10T10:25:00", "WOJ": 10, "sev": 2, "c": [ 255, 165, 0, 160 ], "dmg": 1, "sli": 0, "ser": 1, "fat": 0, "row": 2, "mot": -1, "pie": -1, "uto": -1, "uwr": -1 }, "geometry": { "type": "Point", "coordinates": [ 19.428917, 51.796417 ] } },
{ "type": "Feature", "properties": { "ID": 109145669, "yr": 2020, "dt": "2020-06-10T13:36:00", "WOJ": 10, "sev": 2, "c": [ 255, 165, 0, 160 ], "dmg": 1, "sli": 0, "ser": 1, "fat": 0, "row": -1, "mot": -1, "pie": -1, "uto": -1, "uwr": -1 }, "geometry": { "type": "Point", "coordinates": [ 19.449333, 51.768139 ] } },
{ "type": "Feature", "properties": { "ID": 109151600, "yr": 2020, "dt": "2020-06-11T13:00:00", "WOJ": 10, "sev": 2, "c": [ 255, 165, 0, 160 ], "dmg": 0, "sli": 2, "ser": 2, "fat": 0, "row": -1, "mot": -1, "pie": -1, "uto": -1, "uwr": -1 }, "geometry": { "type": "Point", "coordinates": [ 19.310028, 51.953778 ] } },
{ "type": "Feature", "properties": { "ID": 109155539, "yr": 2020, "dt": "2020-06-12T17:25:00", "WOJ": 10, "sev": 2, "c": [ 255, 165, 0, 160 ], "dmg": 1, "sli": 0, "ser": 1, "fat": 0, "row": -1, "mot": -1, "pie": -1, "uto": -1, "uwr": -1 }, "geometry": { "type": "Point", "coordinates": [ 19.175278, 52.215917 ] } },
{ "type": "Feature", "properties": { "ID": 109425422, "yr": 2020, "dt": "2020-09-25T15:07:00", "WOJ": 10, "sev": 2, "c": [ 255, 165, 0, 160 ], "dmg": 1, "sli": 0, "ser": 1, "fat": 0, "row": -1, "mot": -1, "pie": -1, "uto": -1, "uwr": -1 }, "geometry": { "type": "Point", "coordinates": [ 19.421222, 51.792611 ] } },
{ "type": "Feature", "properties": { "ID": 109421536, "yr": 2020, "dt": "2020-09-25T15:49:00", "WOJ": 10, "sev": 2, "c": [ 255, 165, 0, 160 ], "dmg": 0, "sli": 0, "ser": 2, "fat": 0, "row": -1, "mot": -1, "pie": -1, "uto": -1, "uwr": -1 }, "geometry": { "type": "Point", "coordinates": [ 19.426722, 51.813722 ] } },
{ "type": "Feature", "properties": { "ID": 109159576, "yr": 2020, "dt": "2020-06-13T21:25:00", "WOJ": 10, "sev": 2, "c": [ 255, 165, 0, 160 ], "dmg": 2, "sli": 0, "ser": 1, "fat": 0, "row": -1, "mot": -1, "pie": -1, "uto": -1, "uwr": -1 }, "geometry": { "type": "Point", "coordinates": [ 19.430306, 51.822278 ] } },
{ "type": "Feature", "properties": { "ID": 109159885, "yr": 2020, "dt": "2020-06-14T17:27:00", "WOJ": 10, "sev": 2, "c": [ 255, 165, 0, 160 ], "dmg": 1, "sli": 0, "ser": 1, "fat": 0, "row": -1, "mot": 2, "pie": -1, "uto": -1, "uwr": -1 }, "geometry": { "type": "Point", "coordinates": [ 19.613306, 51.792472 ] } },
{ "type": "Feature", "properties": { "ID": 109427670, "yr": 2020, "dt": "2020-09-26T07:55:00", "WOJ": 10, "sev": 2, "c": [ 255, 165, 0, 160 ], "dmg": 1, "sli": 0, "ser": 1, "fat": 0, "row": 2, "mot": -1, "pie": -1, "uto": -1, "uwr": -1 }, "geometry": { "type": "Point", "coordinates": [ 19.5225, 51.763528 ] } },
{ "type": "Feature", "properties": { "ID": 109159703, "yr": 2020, "dt": "2020-06-14T13:13:00", "WOJ": 10, "sev": 2, "c": [ 255, 165, 0, 160 ], "dmg": 2, "sli": 0, "ser": 1, "fat": 0, "row": -1, "mot": -1, "pie": -1, "uto": -1, "uwr": -1 }, "geometry": { "type": "Point", "coordinates": [ 19.623611, 51.748111 ] } },
{ "type": "Feature", "properties": { "ID": 109428407, "yr": 2020, "dt": "2020-09-26T17:12:00", "WOJ": 10, "sev": 2, "c": [ 255, 165, 0, 160 ], "dmg": 1, "sli": 0, "ser": 1, "fat": 0, "row": -1, "mot": -1, "pie": 2, "uto": -1, "uwr": -1 }, "geometry": { "type": "Point", "coordinates": [ 19.455972, 51.7625 ] } },
{ "type": "Feature", "properties": { "ID": 109160473, "yr": 2020, "dt": "2020-06-15T06:12:00", "WOJ": 10, "sev": 2, "c": [ 255, 165, 0, 160 ], "dmg": 1, "sli": 0, "ser": 1, "fat": 0, "row": 2, "mot": -1, "pie": -1, "uto": -1, "uwr": -1 }, "geometry": { "type": "Point", "coordinates": [ 19.432028, 51.769111 ] } },
{ "type": "Feature", "properties": { "ID": 109166375, "yr": 2020, "dt": "2020-06-15T17:10:00", "WOJ": 10, "sev": 2, "c": [ 255, 165, 0, 160 ], "dmg": 1, "sli": 0, "ser": 1, "fat": 0, "row": -1, "mot": -1, "pie": -1, "uto": -1, "uwr": -1 }, "geometry": { "type": "Point", "coordinates": [ 19.478778, 51.772639 ] } },
{ "type": "Feature", "properties": { "ID": 109169304, "yr": 2020, "dt": "2020-06-16T14:22:00", "WOJ": 10, "sev": 2, "c": [ 255, 165, 0, 160 ], "dmg": 1, "sli": 0, "ser": 1, "fat": 0, "row": 2, "mot": -1, "pie": -1, "uto": -1, "uwr": -1 }, "geometry": { "type": "Point", "coordinates": [ 19.421806, 51.791972 ] } },
{ "type": "Feature", "properties": { "ID": 109168826, "yr": 2020, "dt": "2020-06-16T08:40:00", "WOJ": 10, "sev": 2, "c": [ 255, 165, 0, 160 ], "dmg": 2, "sli": 0, "ser": 1, "fat": 0, "row": -1, "mot": -1, "pie": -1, "uto": -1, "uwr": -1 }, "geometry": { "type": "Point", "coordinates": [ 19.481583, 51.778917 ] } },
{ "type": "Feature", "properties": { "ID": 109174908, "yr": 2020, "dt": "2020-06-16T18:31:00", "WOJ": 10, "sev": 2, "c": [ 255, 165, 0, 160 ], "dmg": 1, "sli": 0, "ser": 1, "fat": 0, "row": -1, "mot": -1, "pie": 2, "uto": -1, "uwr": -1 }, "geometry": { "type": "Point", "coordinates": [ 19.458639, 51.784333 ] } },
{ "type": "Feature", "properties": { "ID": 109429271, "yr": 2020, "dt": "2020-09-27T18:19:00", "WOJ": 10, "sev": 2, "c": [ 255, 165, 0, 160 ], "dmg": 2, "sli": 0, "ser": 1, "fat": 0, "row": -1, "mot": -1, "pie": -1, "uto": -1, "uwr": -1 }, "geometry": { "type": "Point", "coordinates": [ 19.489694, 51.754833 ] } },
{ "type": "Feature", "properties": { "ID": 109214578, "yr": 2020, "dt": "2020-06-16T15:20:00", "WOJ": 10, "sev": 2, "c": [ 255, 165, 0, 160 ], "dmg": 2, "sli": 0, "ser": 1, "fat": 0, "row": -1, "mot": -1, "pie": 2, "uto": -1, "uwr": -1 }, "geometry": { "type": "Point", "coordinates": [ 19.302083, 51.202639 ] } },
{ "type": "Feature", "properties": { "ID": 109169225, "yr": 2020, "dt": "2020-06-16T12:01:00", "WOJ": 10, "sev": 2, "c": [ 255, 165, 0, 160 ], "dmg": 1, "sli": 0, "ser": 1, "fat": 0, "row": -1, "mot": -1, "pie": -1, "uto": -1, "uwr": -1 }, "geometry": { "type": "Point", "coordinates": [ 19.524528, 51.734778 ] } },
{ "type": "Feature", "properties": { "ID": 109428830, "yr": 2020, "dt": "2020-09-27T05:10:00", "WOJ": 10, "sev": 2, "c": [ 255, 165, 0, 160 ], "dmg": 2, "sli": 0, "ser": 2, "fat": 0, "row": -1, "mot": -1, "pie": -1, "uto": -1, "uwr": -1 }, "geometry": { "type": "Point", "coordinates": [ 19.467333, 51.763111 ] } },
{ "type": "Feature", "properties": { "ID": 109183110, "yr": 2020, "dt": "2020-06-17T13:52:00", "WOJ": 10, "sev": 2, "c": [ 255, 165, 0, 160 ], "dmg": 1, "sli": 0, "ser": 1, "fat": 0, "row": -1, "mot": 2, "pie": -1, "uto": -1, "uwr": -1 }, "geometry": { "type": "Point", "coordinates": [ 19.34325, 51.660694 ] } },
{ "type": "Feature", "properties": { "ID": 109188766, "yr": 2020, "dt": "2020-06-18T06:45:00", "WOJ": 10, "sev": 2, "c": [ 255, 165, 0, 160 ], "dmg": 1, "sli": 0, "ser": 1, "fat": 0, "row": -1, "mot": -1, "pie": -1, "uto": -1, "uwr": -1 }, "geometry": { "type": "Point", "coordinates": [ 19.388639, 52.220833 ] } },
{ "type": "Feature", "properties": { "ID": 109189557, "yr": 2020, "dt": "2020-06-18T07:18:00", "WOJ": 10, "sev": 2, "c": [ 255, 165, 0, 160 ], "dmg": 2, "sli": 0, "ser": 1, "fat": 0, "row": -1, "mot": 2, "pie": -1, "uto": -1, "uwr": -1 }, "geometry": { "type": "Point", "coordinates": [ 19.524528, 51.763194 ] } },
{ "type": "Feature", "properties": { "ID": 109189423, "yr": 2020, "dt": "2020-06-18T14:48:00", "WOJ": 10, "sev": 2, "c": [ 255, 165, 0, 160 ], "dmg": 2, "sli": 0, "ser": 1, "fat": 0, "row": -1, "mot": -1, "pie": -1, "uto": -1, "uwr": -1 }, "geometry": { "type": "Point", "coordinates": [ 19.493278, 51.79325 ] } },
{ "type": "Feature", "properties": { "ID": 109199298, "yr": 2020, "dt": "2020-06-19T09:17:00", "WOJ": 10, "sev": 2, "c": [ 255, 165, 0, 160 ], "dmg": 1, "sli": 0, "ser": 1, "fat": 0, "row": -1, "mot": 2, "pie": -1, "uto": -1, "uwr": -1 }, "geometry": { "type": "Point", "coordinates": [ 19.369083, 51.802528 ] } },
{ "type": "Feature", "properties": { "ID": 109429982, "yr": 2020, "dt": "2020-09-28T09:20:00", "WOJ": 10, "sev": 2, "c": [ 255, 165, 0, 160 ], "dmg": 1, "sli": 0, "ser": 1, "fat": 0, "row": -1, "mot": -1, "pie": 2, "uto": -1, "uwr": -1 }, "geometry": { "type": "Point", "coordinates": [ 19.467833, 51.78625 ] } },
{ "type": "Feature", "properties": { "ID": 109430633, "yr": 2020, "dt": "2020-09-28T15:25:00", "WOJ": 10, "sev": 2, "c": [ 255, 165, 0, 160 ], "dmg": 1, "sli": 0, "ser": 1, "fat": 0, "row": 2, "mot": -1, "pie": -1, "uto": -1, "uwr": -1 }, "geometry": { "type": "Point", "coordinates": [ 19.420889, 51.789722 ] } },
{ "type": "Feature", "properties": { "ID": 109430341, "yr": 2020, "dt": "2020-09-28T12:25:00", "WOJ": 10, "sev": 2, "c": [ 255, 165, 0, 160 ], "dmg": 1, "sli": 0, "ser": 1, "fat": 0, "row": 2, "mot": -1, "pie": -1, "uto": -1, "uwr": -1 }, "geometry": { "type": "Point", "coordinates": [ 19.50425, 51.730944 ] } },
{ "type": "Feature", "properties": { "ID": 109212723, "yr": 2020, "dt": "2020-06-19T14:49:00", "WOJ": 10, "sev": 2, "c": [ 255, 165, 0, 160 ], "dmg": 2, "sli": 0, "ser": 1, "fat": 0, "row": -1, "mot": -1, "pie": -1, "uto": -1, "uwr": -1 }, "geometry": { "type": "Point", "coordinates": [ 19.403083, 51.795778 ] } },
{ "type": "Feature", "properties": { "ID": 109433193, "yr": 2020, "dt": "2020-09-29T19:10:00", "WOJ": 10, "sev": 2, "c": [ 255, 165, 0, 160 ], "dmg": 1, "sli": 0, "ser": 1, "fat": 0, "row": -1, "mot": -1, "pie": 2, "uto": -1, "uwr": -1 }, "geometry": { "type": "Point", "coordinates": [ 19.4945, 51.7365 ] } },
{ "type": "Feature", "properties": { "ID": 109213240, "yr": 2020, "dt": "2020-06-19T13:00:00", "WOJ": 10, "sev": 2, "c": [ 255, 165, 0, 160 ], "dmg": 1, "sli": 0, "ser": 1, "fat": 0, "row": 2, "mot": -1, "pie": -1, "uto": -1, "uwr": -1 }, "geometry": { "type": "Point", "coordinates": [ 19.449778, 51.067722 ] } },
{ "type": "Feature", "properties": { "ID": 109200572, "yr": 2020, "dt": "2020-06-19T09:02:00", "WOJ": 10, "sev": 2, "c": [ 255, 165, 0, 160 ], "dmg": 1, "sli": 0, "ser": 1, "fat": 0, "row": 0, "mot": -1, "pie": 2, "uto": -1, "uwr": -1 }, "geometry": { "type": "Point", "coordinates": [ 19.489528, 51.747694 ] } },
{ "type": "Feature", "properties": { "ID": 109223878, "yr": 2020, "dt": "2020-06-20T10:15:00", "WOJ": 10, "sev": 2, "c": [ 255, 165, 0, 160 ], "dmg": 1, "sli": 0, "ser": 1, "fat": 0, "row": -1, "mot": -1, "pie": 2, "uto": -1, "uwr": -1 }, "geometry": { "type": "Point", "coordinates": [ 19.412861, 51.750056 ] } },
{ "type": "Feature", "properties": { "ID": 109227898, "yr": 2020, "dt": "2020-06-21T09:13:00", "WOJ": 10, "sev": 2, "c": [ 255, 165, 0, 160 ], "dmg": 0, "sli": 0, "ser": 1, "fat": 0, "row": -1, "mot": -1, "pie": -1, "uto": -1, "uwr": -1 }, "geometry": { "type": "Point", "coordinates": [ 20.212833, 51.668333 ] } },
{ "type": "Feature", "properties": { "ID": 109434797, "yr": 2020, "dt": "2020-09-30T18:05:00", "WOJ": 10, "sev": 2, "c": [ 255, 165, 0, 160 ], "dmg": 1, "sli": 0, "ser": 1, "fat": 0, "row": 0, "mot": -1, "pie": 2, "uto": -1, "uwr": -1 }, "geometry": { "type": "Point", "coordinates": [ 19.451917, 51.776917 ] } },
{ "type": "Feature", "properties": { "ID": 109231459, "yr": 2020, "dt": "2020-06-22T07:41:00", "WOJ": 10, "sev": 2, "c": [ 255, 165, 0, 160 ], "dmg": 1, "sli": 0, "ser": 1, "fat": 0, "row": -1, "mot": 2, "pie": -1, "uto": -1, "uwr": -1 }, "geometry": { "type": "Point", "coordinates": [ 19.435889, 51.789194 ] } },
{ "type": "Feature", "properties": { "ID": 109236632, "yr": 2020, "dt": "2020-06-23T11:40:00", "WOJ": 10, "sev": 2, "c": [ 255, 165, 0, 160 ], "dmg": 1, "sli": 0, "ser": 1, "fat": 0, "row": -1, "mot": -1, "pie": -1, "uto": -1, "uwr": -1 }, "geometry": { "type": "Point", "coordinates": [ 19.940028, 52.102556 ] } },
{ "type": "Feature", "properties": { "ID": 109434838, "yr": 2020, "dt": "2020-09-30T19:10:00", "WOJ": 10, "sev": 2, "c": [ 255, 165, 0, 160 ], "dmg": 1, "sli": 0, "ser": 1, "fat": 0, "row": -1, "mot": -1, "pie": 2, "uto": -1, "uwr": -1 }, "geometry": { "type": "Point", "coordinates": [ 19.466139, 51.720917 ] } },
{ "type": "Feature", "properties": { "ID": 109435228, "yr": 2020, "dt": "2020-09-30T21:27:00", "WOJ": 10, "sev": 2, "c": [ 255, 165, 0, 160 ], "dmg": 1, "sli": 0, "ser": 1, "fat": 0, "row": -1, "mot": -1, "pie": -1, "uto": -1, "uwr": -1 }, "geometry": { "type": "Point", "coordinates": [ 20.115417, 51.445111 ] } },
{ "type": "Feature", "properties": { "ID": 109240978, "yr": 2020, "dt": "2020-06-24T14:00:00", "WOJ": 10, "sev": 2, "c": [ 255, 165, 0, 160 ], "dmg": 1, "sli": 0, "ser": 1, "fat": 0, "row": -1, "mot": -1, "pie": -1, "uto": -1, "uwr": -1 }, "geometry": { "type": "Point", "coordinates": [ 20.329667, 51.746972 ] } },
{ "type": "Feature", "properties": { "ID": 109240774, "yr": 2020, "dt": "2020-06-24T08:00:00", "WOJ": 10, "sev": 2, "c": [ 255, 165, 0, 160 ], "dmg": 1, "sli": 0, "ser": 1, "fat": 0, "row": -1, "mot": -1, "pie": -1, "uto": -1, "uwr": -1 }, "geometry": { "type": "Point", "coordinates": [ 19.418083, 51.748972 ] } },
{ "type": "Feature", "properties": { "ID": 109238722, "yr": 2020, "dt": "2020-06-24T00:28:00", "WOJ": 10, "sev": 2, "c": [ 255, 165, 0, 160 ], "dmg": 0, "sli": 0, "ser": 2, "fat": 0, "row": -1, "mot": -1, "pie": -1, "uto": -1, "uwr": -1 }, "geometry": { "type": "Point", "coordinates": [ 20.019194, 52.214694 ] } },
{ "type": "Feature", "properties": { "ID": 109242223, "yr": 2020, "dt": "2020-06-25T10:40:00", "WOJ": 10, "sev": 2, "c": [ 255, 165, 0, 160 ], "dmg": 1, "sli": 0, "ser": 1, "fat": 0, "row": -1, "mot": -1, "pie": -1, "uto": -1, "uwr": -1 }, "geometry": { "type": "Point", "coordinates": [ 20.025528, 52.080139 ] } },
{ "type": "Feature", "properties": { "ID": 109435347, "yr": 2020, "dt": "2020-10-01T07:45:00", "WOJ": 10, "sev": 2, "c": [ 255, 165, 0, 160 ], "dmg": 1, "sli": 0, "ser": 1, "fat": 0, "row": -1, "mot": -1, "pie": 2, "uto": -1, "uwr": -1 }, "geometry": { "type": "Point", "coordinates": [ 19.453722, 51.781139 ] } },
{ "type": "Feature", "properties": { "ID": 109243631, "yr": 2020, "dt": "2020-06-25T17:00:00", "WOJ": 10, "sev": 2, "c": [ 255, 165, 0, 160 ], "dmg": 1, "sli": 0, "ser": 1, "fat": 0, "row": 2, "mot": -1, "pie": -1, "uto": -1, "uwr": -1 }, "geometry": { "type": "Point", "coordinates": [ 20.010472, 51.542556 ] } },
{ "type": "Feature", "properties": { "ID": 109244005, "yr": 2020, "dt": "2020-06-26T12:00:00", "WOJ": 10, "sev": 2, "c": [ 255, 165, 0, 160 ], "dmg": 1, "sli": 0, "ser": 1, "fat": 0, "row": -1, "mot": -1, "pie": -1, "uto": -1, "uwr": -1 }, "geometry": { "type": "Point", "coordinates": [ 19.4585, 51.759472 ] } },
{ "type": "Feature", "properties": { "ID": 109246570, "yr": 2020, "dt": "2020-06-26T23:46:00", "WOJ": 10, "sev": 2, "c": [ 255, 165, 0, 160 ], "dmg": 0, "sli": 0, "ser": 2, "fat": 0, "row": -1, "mot": -1, "pie": -1, "uto": -1, "uwr": -1 }, "geometry": { "type": "Point", "coordinates": [ 19.494611, 51.736917 ] } },
{ "type": "Feature", "properties": { "ID": 109245884, "yr": 2020, "dt": "2020-06-27T12:57:00", "WOJ": 10, "sev": 2, "c": [ 255, 165, 0, 160 ], "dmg": 1, "sli": 0, "ser": 1, "fat": 0, "row": -1, "mot": -1, "pie": -1, "uto": -1, "uwr": -1 }, "geometry": { "type": "Point", "coordinates": [ 19.448944, 51.790194 ] } },
{ "type": "Feature", "properties": { "ID": 109246118, "yr": 2020, "dt": "2020-06-27T12:00:00", "WOJ": 10, "sev": 2, "c": [ 255, 165, 0, 160 ], "dmg": 1, "sli": 0, "ser": 1, "fat": 0, "row": 2, "mot": -1, "pie": -1, "uto": -1, "uwr": -1 }, "geometry": { "type": "Point", "coordinates": [ 19.441944, 51.722556 ] } },
{ "type": "Feature", "properties": { "ID": 109436022, "yr": 2020, "dt": "2020-10-01T11:30:00", "WOJ": 10, "sev": 2, "c": [ 255, 165, 0, 160 ], "dmg": 1, "sli": 0, "ser": 1, "fat": 0, "row": -1, "mot": -1, "pie": 2, "uto": -1, "uwr": -1 }, "geometry": { "type": "Point", "coordinates": [ 19.463333, 51.757722 ] } },
{ "type": "Feature", "properties": { "ID": 109247144, "yr": 2020, "dt": "2020-06-27T20:30:00", "WOJ": 10, "sev": 2, "c": [ 255, 165, 0, 160 ], "dmg": 1, "sli": 0, "ser": 1, "fat": 0, "row": 2, "mot": -1, "pie": -1, "uto": -1, "uwr": -1 }, "geometry": { "type": "Point", "coordinates": [ 19.343, 51.822056 ] } },
{ "type": "Feature", "properties": { "ID": 109246094, "yr": 2020, "dt": "2020-06-27T13:55:00", "WOJ": 10, "sev": 2, "c": [ 255, 165, 0, 160 ], "dmg": 1, "sli": 0, "ser": 1, "fat": 0, "row": -1, "mot": 2, "pie": -1, "uto": -1, "uwr": -1 }, "geometry": { "type": "Point", "coordinates": [ 19.399361, 51.752056 ] } },
{ "type": "Feature", "properties": { "ID": 109438596, "yr": 2020, "dt": "2020-10-02T19:01:00", "WOJ": 10, "sev": 2, "c": [ 255, 165, 0, 160 ], "dmg": 1, "sli": 0, "ser": 1, "fat": 0, "row": -1, "mot": -1, "pie": 2, "uto": -1, "uwr": -1 }, "geometry": { "type": "Point", "coordinates": [ 19.441417, 51.767389 ] } },
{ "type": "Feature", "properties": { "ID": 109438283, "yr": 2020, "dt": "2020-10-02T16:34:00", "WOJ": 10, "sev": 2, "c": [ 255, 165, 0, 160 ], "dmg": 1, "sli": 0, "ser": 1, "fat": 0, "row": -1, "mot": -1, "pie": -1, "uto": -1, "uwr": -1 }, "geometry": { "type": "Point", "coordinates": [ 19.467361, 51.77575 ] } },
{ "type": "Feature", "properties": { "ID": 109438994, "yr": 2020, "dt": "2020-10-02T19:10:00", "WOJ": 10, "sev": 2, "c": [ 255, 165, 0, 160 ], "dmg": 1, "sli": 0, "ser": 1, "fat": 0, "row": -1, "mot": -1, "pie": -1, "uto": -1, "uwr": -1 }, "geometry": { "type": "Point", "coordinates": [ 19.180139, 52.166194 ] } },
{ "type": "Feature", "properties": { "ID": 109247924, "yr": 2020, "dt": "2020-06-28T18:30:00", "WOJ": 10, "sev": 2, "c": [ 255, 165, 0, 160 ], "dmg": 2, "sli": 0, "ser": 1, "fat": 0, "row": -1, "mot": -1, "pie": -1, "uto": -1, "uwr": -1 }, "geometry": { "type": "Point", "coordinates": [ 19.315694, 52.029583 ] } },
{ "type": "Feature", "properties": { "ID": 109432471, "yr": 2020, "dt": "2020-10-03T21:17:00", "WOJ": 10, "sev": 2, "c": [ 255, 165, 0, 160 ], "dmg": 1, "sli": 0, "ser": 1, "fat": 0, "row": 2, "mot": -1, "pie": -1, "uto": -1, "uwr": -1 }, "geometry": { "type": "Point", "coordinates": [ 19.236139, 51.650139 ] } },
{ "type": "Feature", "properties": { "ID": 109247531, "yr": 2020, "dt": "2020-06-28T20:10:00", "WOJ": 10, "sev": 2, "c": [ 255, 165, 0, 160 ], "dmg": 1, "sli": 0, "ser": 1, "fat": 0, "row": -1, "mot": 2, "pie": -1, "uto": -1, "uwr": -1 }, "geometry": { "type": "Point", "coordinates": [ 19.589417, 51.79125 ] } },
{ "type": "Feature", "properties": { "ID": 109249254, "yr": 2020, "dt": "2020-06-29T12:42:00", "WOJ": 10, "sev": 2, "c": [ 255, 165, 0, 160 ], "dmg": 1, "sli": 0, "ser": 1, "fat": 0, "row": -1, "mot": -1, "pie": -1, "uto": -1, "uwr": -1 }, "geometry": { "type": "Point", "coordinates": [ 19.454667, 51.764694 ] } },
{ "type": "Feature", "properties": { "ID": 109248957, "yr": 2020, "dt": "2020-06-29T07:24:00", "WOJ": 10, "sev": 2, "c": [ 255, 165, 0, 160 ], "dmg": 1, "sli": 0, "ser": 1, "fat": 0, "row": -1, "mot": -1, "pie": -1, "uto": -1, "uwr": -1 }, "geometry": { "type": "Point", "coordinates": [ 19.421306, 51.767389 ] } },
{ "type": "Feature", "properties": { "ID": 109250929, "yr": 2020, "dt": "2020-06-30T08:00:00", "WOJ": 10, "sev": 2, "c": [ 255, 165, 0, 160 ], "dmg": 1, "sli": 0, "ser": 1, "fat": 0, "row": -1, "mot": 2, "pie": -1, "uto": -1, "uwr": -1 }, "geometry": { "type": "Point", "coordinates": [ 19.455944, 51.781333 ] } },
{ "type": "Feature", "properties": { "ID": 109440632, "yr": 2020, "dt": "2020-10-04T12:31:00", "WOJ": 10, "sev": 2, "c": [ 255, 165, 0, 160 ], "dmg": 1, "sli": 0, "ser": 1, "fat": 0, "row": 2, "mot": -1, "pie": -1, "uto": -1, "uwr": -1 }, "geometry": { "type": "Point", "coordinates": [ 19.482389, 51.774 ] } },
{ "type": "Feature", "properties": { "ID": 109253137, "yr": 2020, "dt": "2020-06-30T13:55:00", "WOJ": 10, "sev": 2, "c": [ 255, 165, 0, 160 ], "dmg": 1, "sli": 0, "ser": 1, "fat": 0, "row": -1, "mot": -1, "pie": -1, "uto": -1, "uwr": -1 }, "geometry": { "type": "Point", "coordinates": [ 19.493111, 51.643167 ] } },
{ "type": "Feature", "properties": { "ID": 109440616, "yr": 2020, "dt": "2020-10-04T09:15:00", "WOJ": 10, "sev": 2, "c": [ 255, 165, 0, 160 ], "dmg": 1, "sli": 0, "ser": 1, "fat": 0, "row": -1, "mot": -1, "pie": -1, "uto": -1, "uwr": -1 }, "geometry": { "type": "Point", "coordinates": [ 19.888444, 52.231083 ] } },
{ "type": "Feature", "properties": { "ID": 109251530, "yr": 2020, "dt": "2020-06-30T13:28:00", "WOJ": 10, "sev": 2, "c": [ 255, 165, 0, 160 ], "dmg": 1, "sli": 0, "ser": 1, "fat": 0, "row": -1, "mot": -1, "pie": -1, "uto": -1, "uwr": -1 }, "geometry": { "type": "Point", "coordinates": [ 19.467333, 51.763111 ] } },
{ "type": "Feature", "properties": { "ID": 109440263, "yr": 2020, "dt": "2020-10-04T06:47:00", "WOJ": 10, "sev": 2, "c": [ 255, 165, 0, 160 ], "dmg": 1, "sli": 0, "ser": 1, "fat": 0, "row": -1, "mot": -1, "pie": -1, "uto": -1, "uwr": -1 }, "geometry": { "type": "Point", "coordinates": [ 19.414722, 51.757917 ] } },
{ "type": "Feature", "properties": { "ID": 109252037, "yr": 2020, "dt": "2020-06-30T15:50:00", "WOJ": 10, "sev": 2, "c": [ 255, 165, 0, 160 ], "dmg": 1, "sli": 0, "ser": 1, "fat": 0, "row": 2, "mot": -1, "pie": -1, "uto": -1, "uwr": -1 }, "geometry": { "type": "Point", "coordinates": [ 19.43625, 51.780806 ] } },
{ "type": "Feature", "properties": { "ID": 109440705, "yr": 2020, "dt": "2020-10-04T13:05:00", "WOJ": 10, "sev": 2, "c": [ 255, 165, 0, 160 ], "dmg": 0, "sli": 0, "ser": 2, "fat": 0, "row": -1, "mot": 2, "pie": -1, "uto": -1, "uwr": -1 }, "geometry": { "type": "Point", "coordinates": [ 19.490139, 51.792444 ] } },
{ "type": "Feature", "properties": { "ID": 109253073, "yr": 2020, "dt": "2020-06-30T16:00:00", "WOJ": 10, "sev": 2, "c": [ 255, 165, 0, 160 ], "dmg": 1, "sli": 0, "ser": 1, "fat": 0, "row": 2, "mot": -1, "pie": -1, "uto": -1, "uwr": -1 }, "geometry": { "type": "Point", "coordinates": [ 19.43275, 51.736861 ] } },
{ "type": "Feature", "properties": { "ID": 109254766, "yr": 2020, "dt": "2020-07-01T23:45:00", "WOJ": 10, "sev": 2, "c": [ 255, 165, 0, 160 ], "dmg": 1, "sli": 0, "ser": 1, "fat": 0, "row": -1, "mot": -1, "pie": -1, "uto": -1, "uwr": -1 }, "geometry": { "type": "Point", "coordinates": [ 19.476917, 51.800222 ] } },
{ "type": "Feature", "properties": { "ID": 109254016, "yr": 2020, "dt": "2020-07-01T15:30:00", "WOJ": 10, "sev": 2, "c": [ 255, 165, 0, 160 ], "dmg": 1, "sli": 0, "ser": 1, "fat": 0, "row": -1, "mot": 2, "pie": -1, "uto": -1, "uwr": -1 }, "geometry": { "type": "Point", "coordinates": [ 19.625056, 52.243389 ] } },
{ "type": "Feature", "properties": { "ID": 109253621, "yr": 2020, "dt": "2020-07-01T15:28:00", "WOJ": 10, "sev": 2, "c": [ 255, 165, 0, 160 ], "dmg": 1, "sli": 0, "ser": 1, "fat": 0, "row": 2, "mot": -1, "pie": -1, "uto": -1, "uwr": -1 }, "geometry": { "type": "Point", "coordinates": [ 19.446583, 51.7945 ] } },
{ "type": "Feature", "properties": { "ID": 109253361, "yr": 2020, "dt": "2020-07-01T11:57:00", "WOJ": 10, "sev": 2, "c": [ 255, 165, 0, 160 ], "dmg": 2, "sli": 0, "ser": 1, "fat": 0, "row": -1, "mot": -1, "pie": -1, "uto": -1, "uwr": -1 }, "geometry": { "type": "Point", "coordinates": [ 19.421139, 51.777639 ] } },
{ "type": "Feature", "properties": { "ID": 109253483, "yr": 2020, "dt": "2020-07-01T13:08:00", "WOJ": 10, "sev": 2, "c": [ 255, 165, 0, 160 ], "dmg": 1, "sli": 0, "ser": 1, "fat": 0, "row": 2, "mot": -1, "pie": -1, "uto": -1, "uwr": -1 }, "geometry": { "type": "Point", "coordinates": [ 19.470639, 51.760944 ] } },
{ "type": "Feature", "properties": { "ID": 109253899, "yr": 2020, "dt": "2020-07-01T18:23:00", "WOJ": 10, "sev": 2, "c": [ 255, 165, 0, 160 ], "dmg": 1, "sli": 0, "ser": 1, "fat": 0, "row": -1, "mot": 2, "pie": -1, "uto": -1, "uwr": -1 }, "geometry": { "type": "Point", "coordinates": [ 19.434806, 51.8155 ] } },
{ "type": "Feature", "properties": { "ID": 109442193, "yr": 2020, "dt": "2020-10-05T08:59:00", "WOJ": 10, "sev": 2, "c": [ 255, 165, 0, 160 ], "dmg": 1, "sli": 0, "ser": 1, "fat": 0, "row": -1, "mot": -1, "pie": -1, "uto": -1, "uwr": -1 }, "geometry": { "type": "Point", "coordinates": [ 19.431972, 51.755556 ] } },
{ "type": "Feature", "properties": { "ID": 109443217, "yr": 2020, "dt": "2020-10-05T15:15:00", "WOJ": 10, "sev": 2, "c": [ 255, 165, 0, 160 ], "dmg": 1, "sli": 0, "ser": 1, "fat": 0, "row": 2, "mot": -1, "pie": -1, "uto": -1, "uwr": -1 }, "geometry": { "type": "Point", "coordinates": [ 19.4285, 51.737139 ] } },
{ "type": "Feature", "properties": { "ID": 109442483, "yr": 2020, "dt": "2020-10-05T18:33:00", "WOJ": 10, "sev": 2, "c": [ 255, 165, 0, 160 ], "dmg": 1, "sli": 0, "ser": 1, "fat": 0, "row": -1, "mot": -1, "pie": 2, "uto": -1, "uwr": -1 }, "geometry": { "type": "Point", "coordinates": [ 20.0125, 51.542639 ] } },
{ "type": "Feature", "properties": { "ID": 109443571, "yr": 2020, "dt": "2020-10-05T20:50:00", "WOJ": 10, "sev": 2, "c": [ 255, 165, 0, 160 ], "dmg": 1, "sli": 0, "ser": 1, "fat": 0, "row": -1, "mot": -1, "pie": -1, "uto": -1, "uwr": -1 }, "geometry": { "type": "Point", "coordinates": [ 19.260861, 51.986139 ] } },
{ "type": "Feature", "properties": { "ID": 109254107, "yr": 2020, "dt": "2020-07-01T21:07:00", "WOJ": 10, "sev": 2, "c": [ 255, 165, 0, 160 ], "dmg": 1, "sli": 0, "ser": 1, "fat": 0, "row": 0, "mot": -1, "pie": 2, "uto": -1, "uwr": -1 }, "geometry": { "type": "Point", "coordinates": [ 19.387361, 51.793278 ] } },
{ "type": "Feature", "properties": { "ID": 109256228, "yr": 2020, "dt": "2020-07-02T22:50:00", "WOJ": 10, "sev": 2, "c": [ 255, 165, 0, 160 ], "dmg": 0, "sli": 0, "ser": 2, "fat": 0, "row": -1, "mot": 2, "pie": -1, "uto": -1, "uwr": -1 }, "geometry": { "type": "Point", "coordinates": [ 19.396194, 51.077333 ] } },
{ "type": "Feature", "properties": { "ID": 109446210, "yr": 2020, "dt": "2020-10-06T17:20:00", "WOJ": 10, "sev": 2, "c": [ 255, 165, 0, 160 ], "dmg": 1, "sli": 0, "ser": 1, "fat": 0, "row": -1, "mot": -1, "pie": -1, "uto": -1, "uwr": -1 }, "geometry": { "type": "Point", "coordinates": [ 19.452806, 52.237278 ] } },
{ "type": "Feature", "properties": { "ID": 109446477, "yr": 2020, "dt": "2020-10-06T20:16:00", "WOJ": 10, "sev": 2, "c": [ 255, 165, 0, 160 ], "dmg": 2, "sli": 1, "ser": 1, "fat": 0, "row": -1, "mot": -1, "pie": -1, "uto": -1, "uwr": -1 }, "geometry": { "type": "Point", "coordinates": [ 19.405917, 51.795194 ] } },
{ "type": "Feature", "properties": { "ID": 109257994, "yr": 2020, "dt": "2020-07-03T17:30:00", "WOJ": 10, "sev": 2, "c": [ 255, 165, 0, 160 ], "dmg": 1, "sli": 0, "ser": 1, "fat": 0, "row": -1, "mot": -1, "pie": -1, "uto": -1, "uwr": -1 }, "geometry": { "type": "Point", "coordinates": [ 19.486972, 52.181583 ] } },
{ "type": "Feature", "properties": { "ID": 109261972, "yr": 2020, "dt": "2020-07-04T16:08:00", "WOJ": 10, "sev": 2, "c": [ 255, 165, 0, 160 ], "dmg": 1, "sli": 0, "ser": 1, "fat": 0, "row": -1, "mot": -1, "pie": -1, "uto": -1, "uwr": -1 }, "geometry": { "type": "Point", "coordinates": [ 19.981972, 51.539556 ] } },
{ "type": "Feature", "properties": { "ID": 109445663, "yr": 2020, "dt": "2020-10-06T14:32:00", "WOJ": 10, "sev": 2, "c": [ 255, 165, 0, 160 ], "dmg": 1, "sli": 0, "ser": 1, "fat": 0, "row": -1, "mot": -1, "pie": 2, "uto": -1, "uwr": -1 }, "geometry": { "type": "Point", "coordinates": [ 19.4595, 51.765694 ] } },
{ "type": "Feature", "properties": { "ID": 109261249, "yr": 2020, "dt": "2020-07-05T16:28:00", "WOJ": 10, "sev": 2, "c": [ 255, 165, 0, 160 ], "dmg": 1, "sli": 0, "ser": 1, "fat": 0, "row": -1, "mot": 2, "pie": -1, "uto": -1, "uwr": -1 }, "geometry": { "type": "Point", "coordinates": [ 19.590972, 51.794528 ] } },
{ "type": "Feature", "properties": { "ID": 109261186, "yr": 2020, "dt": "2020-07-05T09:58:00", "WOJ": 10, "sev": 2, "c": [ 255, 165, 0, 160 ], "dmg": 1, "sli": 0, "ser": 1, "fat": 0, "row": 2, "mot": -1, "pie": -1, "uto": -1, "uwr": -1 }, "geometry": { "type": "Point", "coordinates": [ 20.031194, 51.330361 ] } },
{ "type": "Feature", "properties": { "ID": 109262819, "yr": 2020, "dt": "2020-07-06T06:22:00", "WOJ": 10, "sev": 2, "c": [ 255, 165, 0, 160 ], "dmg": 1, "sli": 0, "ser": 1, "fat": 0, "row": -1, "mot": -1, "pie": 2, "uto": -1, "uwr": -1 }, "geometry": { "type": "Point", "coordinates": [ 19.471556, 51.763472 ] } },
{ "type": "Feature", "properties": { "ID": 109262846, "yr": 2020, "dt": "2020-07-06T07:43:00", "WOJ": 10, "sev": 2, "c": [ 255, 165, 0, 160 ], "dmg": 1, "sli": 0, "ser": 1, "fat": 0, "row": 2, "mot": -1, "pie": -1, "uto": -1, "uwr": -1 }, "geometry": { "type": "Point", "coordinates": [ 19.438278, 51.719028 ] } },
{ "type": "Feature", "properties": { "ID": 109264465, "yr": 2020, "dt": "2020-07-07T13:52:00", "WOJ": 10, "sev": 2, "c": [ 255, 165, 0, 160 ], "dmg": 0, "sli": 0, "ser": 1, "fat": 0, "row": -1, "mot": -1, "pie": -1, "uto": -1, "uwr": -1 }, "geometry": { "type": "Point", "coordinates": [ 19.399806, 51.697278 ] } },
{ "type": "Feature", "properties": { "ID": 109445762, "yr": 2020, "dt": "2020-10-06T07:46:00", "WOJ": 10, "sev": 2, "c": [ 255, 165, 0, 160 ], "dmg": 1, "sli": 0, "ser": 1, "fat": 0, "row": -1, "mot": 2, "pie": -1, "uto": -1, "uwr": -1 }, "geometry": { "type": "Point", "coordinates": [ 19.402833, 51.797167 ] } },
{ "type": "Feature", "properties": { "ID": 109443808, "yr": 2020, "dt": "2020-10-06T10:42:00", "WOJ": 10, "sev": 2, "c": [ 255, 165, 0, 160 ], "dmg": 3, "sli": 0, "ser": 1, "fat": 0, "row": -1, "mot": -1, "pie": -1, "uto": -1, "uwr": -1 }, "geometry": { "type": "Point", "coordinates": [ 19.42675, 51.781139 ] } },
{ "type": "Feature", "properties": { "ID": 109444827, "yr": 2020, "dt": "2020-10-06T14:39:00", "WOJ": 10, "sev": 2, "c": [ 255, 165, 0, 160 ], "dmg": 1, "sli": 0, "ser": 1, "fat": 0, "row": 2, "mot": -1, "pie": -1, "uto": -1, "uwr": -1 }, "geometry": { "type": "Point", "coordinates": [ 19.476, 51.796861 ] } },
{ "type": "Feature", "properties": { "ID": 109269067, "yr": 2020, "dt": "2020-07-08T16:08:00", "WOJ": 10, "sev": 2, "c": [ 255, 165, 0, 160 ], "dmg": 1, "sli": 0, "ser": 1, "fat": 0, "row": -1, "mot": 2, "pie": -1, "uto": -1, "uwr": -1 }, "geometry": { "type": "Point", "coordinates": [ 19.417194, 51.703028 ] } },
{ "type": "Feature", "properties": { "ID": 109269698, "yr": 2020, "dt": "2020-07-08T15:19:00", "WOJ": 10, "sev": 2, "c": [ 255, 165, 0, 160 ], "dmg": 2, "sli": 0, "ser": 1, "fat": 0, "row": -1, "mot": -1, "pie": -1, "uto": -1, "uwr": -1 }, "geometry": { "type": "Point", "coordinates": [ 19.4365, 51.75125 ] } },
{ "type": "Feature", "properties": { "ID": 109445361, "yr": 2020, "dt": "2020-10-07T15:47:00", "WOJ": 10, "sev": 2, "c": [ 255, 165, 0, 160 ], "dmg": 1, "sli": 0, "ser": 1, "fat": 0, "row": -1, "mot": -1, "pie": 2, "uto": -1, "uwr": -1 }, "geometry": { "type": "Point", "coordinates": [ 19.570806, 51.740167 ] } },
{ "type": "Feature", "properties": { "ID": 109267133, "yr": 2020, "dt": "2020-07-08T08:07:00", "WOJ": 10, "sev": 2, "c": [ 255, 165, 0, 160 ], "dmg": 1, "sli": 0, "ser": 1, "fat": 0, "row": -1, "mot": -1, "pie": 2, "uto": -1, "uwr": -1 }, "geometry": { "type": "Point", "coordinates": [ 19.421444, 51.742194 ] } },
{ "type": "Feature", "properties": { "ID": 109268737, "yr": 2020, "dt": "2020-07-08T11:01:00", "WOJ": 10, "sev": 2, "c": [ 255, 165, 0, 160 ], "dmg": 1, "sli": 0, "ser": 1, "fat": 0, "row": -1, "mot": -1, "pie": 2, "uto": -1, "uwr": -1 }, "geometry": { "type": "Point", "coordinates": [ 19.495083, 51.732472 ] } },
{ "type": "Feature", "properties": { "ID": 109270640, "yr": 2020, "dt": "2020-07-09T12:22:00", "WOJ": 10, "sev": 2, "c": [ 255, 165, 0, 160 ], "dmg": 1, "sli": 0, "ser": 1, "fat": 0, "row": -1, "mot": 2, "pie": -1, "uto": -1, "uwr": -1 }, "geometry": { "type": "Point", "coordinates": [ 19.478611, 51.735278 ] } },
{ "type": "Feature", "properties": { "ID": 109272647, "yr": 2020, "dt": "2020-07-09T16:25:00", "WOJ": 10, "sev": 2, "c": [ 255, 165, 0, 160 ], "dmg": 1, "sli": 0, "ser": 1, "fat": 0, "row": 2, "mot": -1, "pie": -1, "uto": -1, "uwr": -1 }, "geometry": { "type": "Point", "coordinates": [ 19.476861, 51.729056 ] } },
{ "type": "Feature", "properties": { "ID": 109273931, "yr": 2020, "dt": "2020-07-09T16:50:00", "WOJ": 10, "sev": 2, "c": [ 255, 165, 0, 160 ], "dmg": 1, "sli": 2, "ser": 1, "fat": 0, "row": -1, "mot": -1, "pie": -1, "uto": -1, "uwr": -1 }, "geometry": { "type": "Point", "coordinates": [ 19.134083, 51.2005 ] } },
{ "type": "Feature", "properties": { "ID": 109272712, "yr": 2020, "dt": "2020-07-09T18:29:00", "WOJ": 10, "sev": 2, "c": [ 255, 165, 0, 160 ], "dmg": 0, "sli": 1, "ser": 1, "fat": 0, "row": -1, "mot": -1, "pie": -1, "uto": -1, "uwr": -1 }, "geometry": { "type": "Point", "coordinates": [ 19.485556, 51.778583 ] } },
{ "type": "Feature", "properties": { "ID": 109277343, "yr": 2020, "dt": "2020-07-10T16:04:00", "WOJ": 10, "sev": 2, "c": [ 255, 165, 0, 160 ], "dmg": 1, "sli": 0, "ser": 1, "fat": 0, "row": 2, "mot": -1, "pie": -1, "uto": -1, "uwr": -1 }, "geometry": { "type": "Point", "coordinates": [ 19.326639, 51.774194 ] } },
{ "type": "Feature", "properties": { "ID": 109449286, "yr": 2020, "dt": "2020-10-08T12:57:00", "WOJ": 10, "sev": 2, "c": [ 255, 165, 0, 160 ], "dmg": 1, "sli": 0, "ser": 1, "fat": 0, "row": -1, "mot": -1, "pie": 2, "uto": -1, "uwr": -1 }, "geometry": { "type": "Point", "coordinates": [ 19.345972, 51.664694 ] } },
{ "type": "Feature", "properties": { "ID": 109274213, "yr": 2020, "dt": "2020-07-10T06:31:00", "WOJ": 10, "sev": 2, "c": [ 255, 165, 0, 160 ], "dmg": 1, "sli": 0, "ser": 1, "fat": 0, "row": 2, "mot": -1, "pie": -1, "uto": -1, "uwr": -1 }, "geometry": { "type": "Point", "coordinates": [ 19.444083, 51.756944 ] } },
{ "type": "Feature", "properties": { "ID": 109448758, "yr": 2020, "dt": "2020-10-08T06:20:00", "WOJ": 10, "sev": 2, "c": [ 255, 165, 0, 160 ], "dmg": 0, "sli": 0, "ser": 1, "fat": 0, "row": -1, "mot": -1, "pie": -1, "uto": -1, "uwr": -1 }, "geometry": { "type": "Point", "coordinates": [ 18.990528, 51.596111 ] } },
{ "type": "Feature", "properties": { "ID": 109277420, "yr": 2020, "dt": "2020-07-10T19:15:00", "WOJ": 10, "sev": 2, "c": [ 255, 165, 0, 160 ], "dmg": 1, "sli": 0, "ser": 1, "fat": 0, "row": -1, "mot": 2, "pie": -1, "uto": -1, "uwr": -1 }, "geometry": { "type": "Point", "coordinates": [ 19.8065, 51.665833 ] } },
{ "type": "Feature", "properties": { "ID": 109276077, "yr": 2020, "dt": "2020-07-10T21:52:00", "WOJ": 10, "sev": 2, "c": [ 255, 165, 0, 160 ], "dmg": 2, "sli": 0, "ser": 3, "fat": 0, "row": -1, "mot": -1, "pie": -1, "uto": -1, "uwr": -1 }, "geometry": { "type": "Point", "coordinates": [ 19.444111, 51.757 ] } },
{ "type": "Feature", "properties": { "ID": 109452604, "yr": 2020, "dt": "2020-10-09T07:31:00", "WOJ": 10, "sev": 2, "c": [ 255, 165, 0, 160 ], "dmg": 1, "sli": 0, "ser": 1, "fat": 0, "row": -1, "mot": -1, "pie": 2, "uto": -1, "uwr": -1 }, "geometry": { "type": "Point", "coordinates": [ 19.489222, 51.800722 ] } },
{ "type": "Feature", "properties": { "ID": 109451604, "yr": 2020, "dt": "2020-10-09T07:47:00", "WOJ": 10, "sev": 2, "c": [ 255, 165, 0, 160 ], "dmg": 1, "sli": 0, "ser": 1, "fat": 0, "row": -1, "mot": 2, "pie": -1, "uto": -1, "uwr": -1 }, "geometry": { "type": "Point", "coordinates": [ 19.415333, 51.723639 ] } },
{ "type": "Feature", "properties": { "ID": 109277324, "yr": 2020, "dt": "2020-07-10T21:30:00", "WOJ": 10, "sev": 2, "c": [ 255, 165, 0, 160 ], "dmg": 1, "sli": 0, "ser": 1, "fat": 0, "row": -1, "mot": -1, "pie": 2, "uto": -1, "uwr": -1 }, "geometry": { "type": "Point", "coordinates": [ 19.36375, 51.363361 ] } },
{ "type": "Feature", "properties": { "ID": 109272864, "yr": 2020, "dt": "2020-07-10T04:46:00", "WOJ": 10, "sev": 2, "c": [ 255, 165, 0, 160 ], "dmg": 0, "sli": 0, "ser": 1, "fat": 0, "row": -1, "mot": -1, "pie": -1, "uto": -1, "uwr": -1 }, "geometry": { "type": "Point", "coordinates": [ 19.137778, 52.040417 ] } },
{ "type": "Feature", "properties": { "ID": 109277373, "yr": 2020, "dt": "2020-07-10T18:10:00", "WOJ": 10, "sev": 2, "c": [ 255, 165, 0, 160 ], "dmg": 1, "sli": 0, "ser": 1, "fat": 0, "row": 2, "mot": -1, "pie": -1, "uto": -1, "uwr": -1 }, "geometry": { "type": "Point", "coordinates": [ 19.901861, 51.571833 ] } },
{ "type": "Feature", "properties": { "ID": 109280304, "yr": 2020, "dt": "2020-07-11T16:30:00", "WOJ": 10, "sev": 2, "c": [ 255, 165, 0, 160 ], "dmg": 1, "sli": 1, "ser": 1, "fat": 0, "row": -1, "mot": -1, "pie": -1, "uto": -1, "uwr": -1 }, "geometry": { "type": "Point", "coordinates": [ 19.37475, 51.656222 ] } },
{ "type": "Feature", "properties": { "ID": 109277635, "yr": 2020, "dt": "2020-07-11T09:23:00", "WOJ": 10, "sev": 2, "c": [ 255, 165, 0, 160 ], "dmg": 1, "sli": 0, "ser": 1, "fat": 0, "row": -1, "mot": -1, "pie": -1, "uto": -1, "uwr": -1 }, "geometry": { "type": "Point", "coordinates": [ 19.501083, 51.732278 ] } },
{ "type": "Feature", "properties": { "ID": 109278180, "yr": 2020, "dt": "2020-07-11T20:27:00", "WOJ": 10, "sev": 2, "c": [ 255, 165, 0, 160 ], "dmg": 1, "sli": 0, "ser": 1, "fat": 0, "row": 2, "mot": -1, "pie": -1, "uto": -1, "uwr": -1 }, "geometry": { "type": "Point", "coordinates": [ 19.466917, 51.731917 ] } },
{ "type": "Feature", "properties": { "ID": 109455589, "yr": 2020, "dt": "2020-10-10T18:30:00", "WOJ": 10, "sev": 2, "c": [ 255, 165, 0, 160 ], "dmg": 1, "sli": 0, "ser": 1, "fat": 0, "row": 2, "mot": -1, "pie": -1, "uto": -1, "uwr": -1 }, "geometry": { "type": "Point", "coordinates": [ 19.480639, 50.9775 ] } },
{ "type": "Feature", "properties": { "ID": 109278336, "yr": 2020, "dt": "2020-07-12T00:15:00", "WOJ": 10, "sev": 2, "c": [ 255, 165, 0, 160 ], "dmg": 1, "sli": 0, "ser": 1, "fat": 0, "row": -1, "mot": -1, "pie": -1, "uto": -1, "uwr": -1 }, "geometry": { "type": "Point", "coordinates": [ 19.581833, 51.752722 ] } },
{ "type": "Feature", "properties": { "ID": 109454095, "yr": 2020, "dt": "2020-10-10T08:35:00", "WOJ": 10, "sev": 2, "c": [ 255, 165, 0, 160 ], "dmg": 1, "sli": 1, "ser": 2, "fat": 0, "row": -1, "mot": -1, "pie": -1, "uto": -1, "uwr": -1 }, "geometry": { "type": "Point", "coordinates": [ 19.426722, 51.813722 ] } },
{ "type": "Feature", "properties": { "ID": 109454341, "yr": 2020, "dt": "2020-10-10T13:16:00", "WOJ": 10, "sev": 2, "c": [ 255, 165, 0, 160 ], "dmg": 1, "sli": 0, "ser": 1, "fat": 0, "row": -1, "mot": -1, "pie": -1, "uto": -1, "uwr": -1 }, "geometry": { "type": "Point", "coordinates": [ 19.450722, 51.788778 ] } },
{ "type": "Feature", "properties": { "ID": 109279858, "yr": 2020, "dt": "2020-07-12T19:10:00", "WOJ": 10, "sev": 2, "c": [ 255, 165, 0, 160 ], "dmg": 1, "sli": 0, "ser": 1, "fat": 0, "row": -1, "mot": -1, "pie": -1, "uto": -1, "uwr": -1 }, "geometry": { "type": "Point", "coordinates": [ 19.359944, 52.232833 ] } },
{ "type": "Feature", "properties": { "ID": 109279890, "yr": 2020, "dt": "2020-07-12T18:23:00", "WOJ": 10, "sev": 2, "c": [ 255, 165, 0, 160 ], "dmg": 1, "sli": 0, "ser": 1, "fat": 0, "row": -1, "mot": -1, "pie": -1, "uto": -1, "uwr": -1 }, "geometry": { "type": "Point", "coordinates": [ 19.72675, 51.630167 ] } },
{ "type": "Feature", "properties": { "ID": 109280415, "yr": 2020, "dt": "2020-07-13T15:13:00", "WOJ": 10, "sev": 2, "c": [ 255, 165, 0, 160 ], "dmg": 1, "sli": 0, "ser": 1, "fat": 0, "row": -1, "mot": -1, "pie": -1, "uto": -1, "uwr": -1 }, "geometry": { "type": "Point", "coordinates": [ 19.448278, 51.773139 ] } },
{ "type": "Feature", "properties": { "ID": 109280117, "yr": 2020, "dt": "2020-07-13T09:03:00", "WOJ": 10, "sev": 2, "c": [ 255, 165, 0, 160 ], "dmg": 1, "sli": 0, "ser": 1, "fat": 0, "row": -1, "mot": -1, "pie": -1, "uto": -1, "uwr": -1 }, "geometry": { "type": "Point", "coordinates": [ 19.6215, 51.768194 ] } },
{ "type": "Feature", "properties": { "ID": 109280870, "yr": 2020, "dt": "2020-07-13T19:40:00", "WOJ": 10, "sev": 2, "c": [ 255, 165, 0, 160 ], "dmg": 1, "sli": 0, "ser": 1, "fat": 0, "row": 2, "mot": -1, "pie": -1, "uto": -1, "uwr": -1 }, "geometry": { "type": "Point", "coordinates": [ 19.032333, 52.125056 ] } },
{ "type": "Feature", "properties": { "ID": 109280225, "yr": 2020, "dt": "2020-07-13T12:21:00", "WOJ": 10, "sev": 2, "c": [ 255, 165, 0, 160 ], "dmg": 0, "sli": 0, "ser": 1, "fat": 0, "row": -1, "mot": -1, "pie": -1, "uto": -1, "uwr": -1 }, "geometry": { "type": "Point", "coordinates": [ 19.531361, 51.749972 ] } },
{ "type": "Feature", "properties": { "ID": 109281752, "yr": 2020, "dt": "2020-07-14T09:58:00", "WOJ": 10, "sev": 2, "c": [ 255, 165, 0, 160 ], "dmg": 1, "sli": 0, "ser": 1, "fat": 0, "row": -1, "mot": -1, "pie": -1, "uto": -1, "uwr": -1 }, "geometry": { "type": "Point", "coordinates": [ 19.461472, 51.745639 ] } },
{ "type": "Feature", "properties": { "ID": 109458984, "yr": 2020, "dt": "2020-10-12T05:37:00", "WOJ": 10, "sev": 2, "c": [ 255, 165, 0, 160 ], "dmg": 1, "sli": 0, "ser": 1, "fat": 0, "row": -1, "mot": -1, "pie": 2, "uto": -1, "uwr": -1 }, "geometry": { "type": "Point", "coordinates": [ 19.441028, 51.797444 ] } },
{ "type": "Feature", "properties": { "ID": 109284692, "yr": 2020, "dt": "2020-07-14T15:30:00", "WOJ": 10, "sev": 2, "c": [ 255, 165, 0, 160 ], "dmg": 1, "sli": 0, "ser": 1, "fat": 0, "row": -1, "mot": -1, "pie": 2, "uto": -1, "uwr": -1 }, "geometry": { "type": "Point", "coordinates": [ 19.398278, 51.746056 ] } },
{ "type": "Feature", "properties": { "ID": 109281470, "yr": 2020, "dt": "2020-07-14T13:27:00", "WOJ": 10, "sev": 2, "c": [ 255, 165, 0, 160 ], "dmg": 1, "sli": 0, "ser": 1, "fat": 0, "row": 2, "mot": -1, "pie": -1, "uto": -1, "uwr": -1 }, "geometry": { "type": "Point", "coordinates": [ 19.421306, 51.763444 ] } },
{ "type": "Feature", "properties": { "ID": 109281668, "yr": 2020, "dt": "2020-07-14T06:44:00", "WOJ": 10, "sev": 2, "c": [ 255, 165, 0, 160 ], "dmg": 1, "sli": 0, "ser": 1, "fat": 0, "row": 2, "mot": -1, "pie": -1, "uto": -1, "uwr": -1 }, "geometry": { "type": "Point", "coordinates": [ 19.421139, 51.777639 ] } },
{ "type": "Feature", "properties": { "ID": 109285527, "yr": 2020, "dt": "2020-07-15T14:58:00", "WOJ": 10, "sev": 2, "c": [ 255, 165, 0, 160 ], "dmg": 1, "sli": 0, "ser": 1, "fat": 0, "row": -1, "mot": -1, "pie": -1, "uto": -1, "uwr": -1 }, "geometry": { "type": "Point", "coordinates": [ 19.485778, 51.773278 ] } },
{ "type": "Feature", "properties": { "ID": 109430881, "yr": 2020, "dt": "2020-07-16T16:19:00", "WOJ": 10, "sev": 2, "c": [ 255, 165, 0, 160 ], "dmg": 1, "sli": 0, "ser": 2, "fat": 0, "row": -1, "mot": -1, "pie": -1, "uto": -1, "uwr": -1 }, "geometry": { "type": "Point", "coordinates": [ 19.341083, 51.038472 ] } },
{ "type": "Feature", "properties": { "ID": 109459030, "yr": 2020, "dt": "2020-10-12T07:07:00", "WOJ": 10, "sev": 2, "c": [ 255, 165, 0, 160 ], "dmg": 1, "sli": 0, "ser": 1, "fat": 0, "row": -1, "mot": -1, "pie": 2, "uto": -1, "uwr": -1 }, "geometry": { "type": "Point", "coordinates": [ 19.476917, 51.781222 ] } },
{ "type": "Feature", "properties": { "ID": 109455974, "yr": 2020, "dt": "2020-10-12T07:25:00", "WOJ": 10, "sev": 2, "c": [ 255, 165, 0, 160 ], "dmg": 2, "sli": 0, "ser": 1, "fat": 0, "row": -1, "mot": -1, "pie": -1, "uto": -1, "uwr": -1 }, "geometry": { "type": "Point", "coordinates": [ 19.477417, 51.77875 ] } },
{ "type": "Feature", "properties": { "ID": 109287088, "yr": 2020, "dt": "2020-07-16T05:31:00", "WOJ": 10, "sev": 2, "c": [ 255, 165, 0, 160 ], "dmg": 1, "sli": 0, "ser": 1, "fat": 0, "row": -1, "mot": -1, "pie": 2, "uto": -1, "uwr": -1 }, "geometry": { "type": "Point", "coordinates": [ 19.465083, 51.785639 ] } },
{ "type": "Feature", "properties": { "ID": 109288592, "yr": 2020, "dt": "2020-07-17T08:13:00", "WOJ": 10, "sev": 2, "c": [ 255, 165, 0, 160 ], "dmg": 1, "sli": 0, "ser": 1, "fat": 0, "row": 2, "mot": -1, "pie": -1, "uto": -1, "uwr": -1 }, "geometry": { "type": "Point", "coordinates": [ 19.441861, 51.772222 ] } },
{ "type": "Feature", "properties": { "ID": 109461059, "yr": 2020, "dt": "2020-10-13T05:34:00", "WOJ": 10, "sev": 2, "c": [ 255, 165, 0, 160 ], "dmg": 2, "sli": 0, "ser": 1, "fat": 0, "row": -1, "mot": -1, "pie": -1, "uto": -1, "uwr": -1 }, "geometry": { "type": "Point", "coordinates": [ 19.391722, 51.809278 ] } },
{ "type": "Feature", "properties": { "ID": 109289964, "yr": 2020, "dt": "2020-07-17T18:32:00", "WOJ": 10, "sev": 2, "c": [ 255, 165, 0, 160 ], "dmg": 1, "sli": 0, "ser": 1, "fat": 0, "row": -1, "mot": -1, "pie": -1, "uto": -1, "uwr": -1 }, "geometry": { "type": "Point", "coordinates": [ 19.462056, 51.743278 ] } },
{ "type": "Feature", "properties": { "ID": 109462116, "yr": 2020, "dt": "2020-10-13T17:22:00", "WOJ": 10, "sev": 2, "c": [ 255, 165, 0, 160 ], "dmg": 1, "sli": 0, "ser": 1, "fat": 0, "row": -1, "mot": -1, "pie": -1, "uto": -1, "uwr": -1 }, "geometry": { "type": "Point", "coordinates": [ 19.454861, 51.755472 ] } },
{ "type": "Feature", "properties": { "ID": 109290988, "yr": 2020, "dt": "2020-07-18T17:13:00", "WOJ": 10, "sev": 2, "c": [ 255, 165, 0, 160 ], "dmg": 1, "sli": 0, "ser": 1, "fat": 0, "row": 2, "mot": -1, "pie": -1, "uto": -1, "uwr": -1 }, "geometry": { "type": "Point", "coordinates": [ 19.489083, 51.740361 ] } },
{ "type": "Feature", "properties": { "ID": 109461856, "yr": 2020, "dt": "2020-10-13T09:31:00", "WOJ": 10, "sev": 2, "c": [ 255, 165, 0, 160 ], "dmg": 0, "sli": 0, "ser": 2, "fat": 0, "row": -1, "mot": -1, "pie": -1, "uto": -1, "uwr": -1 }, "geometry": { "type": "Point", "coordinates": [ 19.524528, 51.734778 ] } },
{ "type": "Feature", "properties": { "ID": 109290874, "yr": 2020, "dt": "2020-07-18T05:20:00", "WOJ": 10, "sev": 2, "c": [ 255, 165, 0, 160 ], "dmg": 0, "sli": 0, "ser": 2, "fat": 0, "row": -1, "mot": -1, "pie": -1, "uto": -1, "uwr": -1 }, "geometry": { "type": "Point", "coordinates": [ 18.508667, 51.63925 ] } },
{ "type": "Feature", "properties": { "ID": 109290997, "yr": 2020, "dt": "2020-07-18T17:24:00", "WOJ": 10, "sev": 2, "c": [ 255, 165, 0, 160 ], "dmg": 1, "sli": 0, "ser": 1, "fat": 0, "row": -1, "mot": 2, "pie": -1, "uto": -1, "uwr": -1 }, "geometry": { "type": "Point", "coordinates": [ 19.426889, 51.813306 ] } },
{ "type": "Feature", "properties": { "ID": 109290802, "yr": 2020, "dt": "2020-07-18T13:48:00", "WOJ": 10, "sev": 2, "c": [ 255, 165, 0, 160 ], "dmg": 1, "sli": 0, "ser": 1, "fat": 0, "row": 0, "mot": -1, "pie": 2, "uto": -1, "uwr": -1 }, "geometry": { "type": "Point", "coordinates": [ 19.466278, 51.771472 ] } },
{ "type": "Feature", "properties": { "ID": 109291737, "yr": 2020, "dt": "2020-07-19T17:05:00", "WOJ": 10, "sev": 2, "c": [ 255, 165, 0, 160 ], "dmg": 1, "sli": 0, "ser": 1, "fat": 0, "row": -1, "mot": -1, "pie": -1, "uto": -1, "uwr": -1 }, "geometry": { "type": "Point", "coordinates": [ 19.256778, 52.326917 ] } },
{ "type": "Feature", "properties": { "ID": 109291643, "yr": 2020, "dt": "2020-07-19T13:03:00", "WOJ": 10, "sev": 2, "c": [ 255, 165, 0, 160 ], "dmg": 2, "sli": 1, "ser": 1, "fat": 0, "row": -1, "mot": -1, "pie": -1, "uto": -1, "uwr": -1 }, "geometry": { "type": "Point", "coordinates": [ 19.417722, 51.740944 ] } },
{ "type": "Feature", "properties": { "ID": 109469718, "yr": 2020, "dt": "2020-10-15T17:44:00", "WOJ": 10, "sev": 2, "c": [ 255, 165, 0, 160 ], "dmg": 1, "sli": 0, "ser": 1, "fat": 0, "row": -1, "mot": -1, "pie": -1, "uto": -1, "uwr": -1 }, "geometry": { "type": "Point", "coordinates": [ 19.481306, 51.761083 ] } },
{ "type": "Feature", "properties": { "ID": 109468638, "yr": 2020, "dt": "2020-10-15T05:30:00", "WOJ": 10, "sev": 2, "c": [ 255, 165, 0, 160 ], "dmg": 1, "sli": 0, "ser": 1, "fat": 0, "row": -1, "mot": -1, "pie": 2, "uto": -1, "uwr": -1 }, "geometry": { "type": "Point", "coordinates": [ 19.54175, 51.716389 ] } },
{ "type": "Feature", "properties": { "ID": 109291800, "yr": 2020, "dt": "2020-07-20T01:49:00", "WOJ": 10, "sev": 2, "c": [ 255, 165, 0, 160 ], "dmg": 0, "sli": 0, "ser": 1, "fat": 0, "row": -1, "mot": -1, "pie": -1, "uto": -1, "uwr": -1 }, "geometry": { "type": "Point", "coordinates": [ 18.867111, 51.870722 ] } },
{ "type": "Feature", "properties": { "ID": 109294774, "yr": 2020, "dt": "2020-07-20T19:00:00", "WOJ": 10, "sev": 2, "c": [ 255, 165, 0, 160 ], "dmg": 2, "sli": 0, "ser": 1, "fat": 0, "row": -1, "mot": -1, "pie": -1, "uto": -1, "uwr": -1 }, "geometry": { "type": "Point", "coordinates": [ 19.419361, 51.747139 ] } },
{ "type": "Feature", "properties": { "ID": 109293118, "yr": 2020, "dt": "2020-07-20T10:14:00", "WOJ": 10, "sev": 2, "c": [ 255, 165, 0, 160 ], "dmg": 2, "sli": 0, "ser": 1, "fat": 0, "row": -1, "mot": -1, "pie": -1, "uto": -1, "uwr": -1 }, "geometry": { "type": "Point", "coordinates": [ 19.503611, 51.814222 ] } },
{ "type": "Feature", "properties": { "ID": 109294747, "yr": 2020, "dt": "2020-07-20T17:52:00", "WOJ": 10, "sev": 2, "c": [ 255, 165, 0, 160 ], "dmg": 1, "sli": 0, "ser": 1, "fat": 0, "row": -1, "mot": -1, "pie": -1, "uto": -1, "uwr": -1 }, "geometry": { "type": "Point", "coordinates": [ 19.487611, 51.791056 ] } },
{ "type": "Feature", "properties": { "ID": 109472025, "yr": 2020, "dt": "2020-10-16T17:29:00", "WOJ": 10, "sev": 2, "c": [ 255, 165, 0, 160 ], "dmg": 0, "sli": 0, "ser": 3, "fat": 0, "row": -1, "mot": -1, "pie": -1, "uto": -1, "uwr": -1 }, "geometry": { "type": "Point", "coordinates": [ 19.447667, 51.762056 ] } },
{ "type": "Feature", "properties": { "ID": 108670949, "yr": 2020, "dt": "2020-02-14T18:44:00", "WOJ": 10, "sev": 2, "c": [ 255, 165, 0, 160 ], "dmg": 1, "sli": 0, "ser": 1, "fat": 0, "row": -1, "mot": -1, "pie": 2, "uto": -1, "uwr": -1 }, "geometry": { "type": "Point", "coordinates": [ 19.428444, 51.788306 ] } },
{ "type": "Feature", "properties": { "ID": 109471076, "yr": 2020, "dt": "2020-10-17T10:20:00", "WOJ": 10, "sev": 2, "c": [ 255, 165, 0, 160 ], "dmg": 1, "sli": 0, "ser": 1, "fat": 0, "row": 2, "mot": -1, "pie": -1, "uto": -1, "uwr": -1 }, "geometry": { "type": "Point", "coordinates": [ 18.719111, 51.595667 ] } },
{ "type": "Feature", "properties": { "ID": 109473420, "yr": 2020, "dt": "2020-10-17T21:20:00", "WOJ": 10, "sev": 2, "c": [ 255, 165, 0, 160 ], "dmg": 0, "sli": 0, "ser": 3, "fat": 0, "row": -1, "mot": -1, "pie": -1, "uto": -1, "uwr": -1 }, "geometry": { "type": "Point", "coordinates": [ 19.425139, 52.147333 ] } },
{ "type": "Feature", "properties": { "ID": 109473441, "yr": 2020, "dt": "2020-10-17T20:40:00", "WOJ": 10, "sev": 2, "c": [ 255, 165, 0, 160 ], "dmg": 1, "sli": 0, "ser": 1, "fat": 0, "row": -1, "mot": -1, "pie": -1, "uto": -1, "uwr": -1 }, "geometry": { "type": "Point", "coordinates": [ 19.456639, 51.747361 ] } },
{ "type": "Feature", "properties": { "ID": 109294770, "yr": 2020, "dt": "2020-07-20T16:34:00", "WOJ": 10, "sev": 2, "c": [ 255, 165, 0, 160 ], "dmg": 2, "sli": 0, "ser": 1, "fat": 0, "row": -1, "mot": -1, "pie": -1, "uto": -1, "uwr": -1 }, "geometry": { "type": "Point", "coordinates": [ 19.445083, 51.724639 ] } },
{ "type": "Feature", "properties": { "ID": 109295266, "yr": 2020, "dt": "2020-07-21T13:08:00", "WOJ": 10, "sev": 2, "c": [ 255, 165, 0, 160 ], "dmg": 1, "sli": 0, "ser": 1, "fat": 0, "row": 2, "mot": -1, "pie": -1, "uto": -1, "uwr": -1 }, "geometry": { "type": "Point", "coordinates": [ 19.463389, 51.757778 ] } },
{ "type": "Feature", "properties": { "ID": 109473206, "yr": 2020, "dt": "2020-10-17T18:47:00", "WOJ": 10, "sev": 2, "c": [ 255, 165, 0, 160 ], "dmg": 2, "sli": 0, "ser": 1, "fat": 0, "row": -1, "mot": -1, "pie": -1, "uto": -1, "uwr": -1 }, "geometry": { "type": "Point", "coordinates": [ 19.447694, 51.726694 ] } },
{ "type": "Feature", "properties": { "ID": 109297706, "yr": 2020, "dt": "2020-07-21T17:32:00", "WOJ": 10, "sev": 2, "c": [ 255, 165, 0, 160 ], "dmg": 1, "sli": 0, "ser": 1, "fat": 0, "row": 2, "mot": -1, "pie": -1, "uto": -1, "uwr": -1 }, "geometry": { "type": "Point", "coordinates": [ 19.43675, 51.785389 ] } },
{ "type": "Feature", "properties": { "ID": 109299673, "yr": 2020, "dt": "2020-07-22T11:00:00", "WOJ": 10, "sev": 2, "c": [ 255, 165, 0, 160 ], "dmg": 1, "sli": 0, "ser": 1, "fat": 0, "row": -1, "mot": -1, "pie": -1, "uto": -1, "uwr": -1 }, "geometry": { "type": "Point", "coordinates": [ 19.679944, 51.406472 ] } },
{ "type": "Feature", "properties": { "ID": 109298220, "yr": 2020, "dt": "2020-07-22T06:20:00", "WOJ": 10, "sev": 2, "c": [ 255, 165, 0, 160 ], "dmg": 1, "sli": 0, "ser": 1, "fat": 0, "row": -1, "mot": -1, "pie": 2, "uto": -1, "uwr": -1 }, "geometry": { "type": "Point", "coordinates": [ 18.951389, 51.892083 ] } },
{ "type": "Feature", "properties": { "ID": 109475484, "yr": 2020, "dt": "2020-10-19T11:57:06", "WOJ": 10, "sev": 2, "c": [ 255, 165, 0, 160 ], "dmg": 1, "sli": 0, "ser": 1, "fat": 0, "row": -1, "mot": -1, "pie": -1, "uto": -1, "uwr": -1 }, "geometry": { "type": "Point", "coordinates": [ 19.3685, 51.80325 ] } },
{ "type": "Feature", "properties": { "ID": 109300239, "yr": 2020, "dt": "2020-07-23T00:10:00", "WOJ": 10, "sev": 2, "c": [ 255, 165, 0, 160 ], "dmg": 1, "sli": 0, "ser": 1, "fat": 0, "row": -1, "mot": -1, "pie": 2, "uto": -1, "uwr": -1 }, "geometry": { "type": "Point", "coordinates": [ 19.383056, 52.224278 ] } },
{ "type": "Feature", "properties": { "ID": 109478287, "yr": 2020, "dt": "2020-10-20T15:54:19", "WOJ": 10, "sev": 2, "c": [ 255, 165, 0, 160 ], "dmg": 2, "sli": 0, "ser": 1, "fat": 0, "row": -1, "mot": -1, "pie": -1, "uto": -1, "uwr": -1 }, "geometry": { "type": "Point", "coordinates": [ 19.464, 51.746528 ] } },
{ "type": "Feature", "properties": { "ID": 109303346, "yr": 2020, "dt": "2020-07-23T19:33:00", "WOJ": 10, "sev": 2, "c": [ 255, 165, 0, 160 ], "dmg": 1, "sli": 0, "ser": 2, "fat": 0, "row": -1, "mot": -1, "pie": -1, "uto": -1, "uwr": -1 }, "geometry": { "type": "Point", "coordinates": [ 19.477722, 51.767278 ] } },
{ "type": "Feature", "properties": { "ID": 109305999, "yr": 2020, "dt": "2020-07-24T10:35:00", "WOJ": 10, "sev": 2, "c": [ 255, 165, 0, 160 ], "dmg": 2, "sli": 0, "ser": 1, "fat": 0, "row": -1, "mot": -1, "pie": -1, "uto": -1, "uwr": -1 }, "geometry": { "type": "Point", "coordinates": [ 19.524528, 51.734778 ] } },
{ "type": "Feature", "properties": { "ID": 109306466, "yr": 2020, "dt": "2020-07-24T16:58:00", "WOJ": 10, "sev": 2, "c": [ 255, 165, 0, 160 ], "dmg": 1, "sli": 0, "ser": 1, "fat": 0, "row": -1, "mot": -1, "pie": -1, "uto": -1, "uwr": -1 }, "geometry": { "type": "Point", "coordinates": [ 19.613333, 51.789833 ] } },
{ "type": "Feature", "properties": { "ID": 109484076, "yr": 2020, "dt": "2020-10-22T14:38:00", "WOJ": 10, "sev": 2, "c": [ 255, 165, 0, 160 ], "dmg": 1, "sli": 0, "ser": 1, "fat": 0, "row": -1, "mot": 2, "pie": -1, "uto": -1, "uwr": -1 }, "geometry": { "type": "Point", "coordinates": [ 19.376, 51.752361 ] } },
{ "type": "Feature", "properties": { "ID": 109483978, "yr": 2020, "dt": "2020-10-22T12:35:00", "WOJ": 10, "sev": 2, "c": [ 255, 165, 0, 160 ], "dmg": 3, "sli": 0, "ser": 1, "fat": 0, "row": -1, "mot": -1, "pie": -1, "uto": -1, "uwr": -1 }, "geometry": { "type": "Point", "coordinates": [ 19.447083, 51.726167 ] } },
{ "type": "Feature", "properties": { "ID": 109484719, "yr": 2020, "dt": "2020-10-22T08:49:00", "WOJ": 10, "sev": 2, "c": [ 255, 165, 0, 160 ], "dmg": 4, "sli": 0, "ser": 1, "fat": 0, "row": -1, "mot": -1, "pie": -1, "uto": -1, "uwr": -1 }, "geometry": { "type": "Point", "coordinates": [ 19.359556, 51.657167 ] } },
{ "type": "Feature", "properties": { "ID": 109484602, "yr": 2020, "dt": "2020-10-22T06:31:24", "WOJ": 10, "sev": 2, "c": [ 255, 165, 0, 160 ], "dmg": 0, "sli": 1, "ser": 2, "fat": 0, "row": -1, "mot": -1, "pie": -1, "uto": -1, "uwr": -1 }, "geometry": { "type": "Point", "coordinates": [ 19.389528, 51.569778 ] } },
{ "type": "Feature", "properties": { "ID": 109304834, "yr": 2020, "dt": "2020-07-24T13:43:00", "WOJ": 10, "sev": 2, "c": [ 255, 165, 0, 160 ], "dmg": 1, "sli": 0, "ser": 1, "fat": 0, "row": -1, "mot": -1, "pie": -1, "uto": -1, "uwr": -1 }, "geometry": { "type": "Point", "coordinates": [ 19.537639, 51.725167 ] } },
{ "type": "Feature", "properties": { "ID": 109306509, "yr": 2020, "dt": "2020-07-24T19:40:00", "WOJ": 10, "sev": 2, "c": [ 255, 165, 0, 160 ], "dmg": 1, "sli": 0, "ser": 1, "fat": 0, "row": 2, "mot": -1, "pie": -1, "uto": -1, "uwr": -1 }, "geometry": { "type": "Point", "coordinates": [ 19.164611, 52.304417 ] } },
{ "type": "Feature", "properties": { "ID": 109306733, "yr": 2020, "dt": "2020-07-25T05:16:00", "WOJ": 10, "sev": 2, "c": [ 255, 165, 0, 160 ], "dmg": 0, "sli": 0, "ser": 1, "fat": 0, "row": 2, "mot": -1, "pie": -1, "uto": -1, "uwr": -1 }, "geometry": { "type": "Point", "coordinates": [ 19.46, 51.752194 ] } },
{ "type": "Feature", "properties": { "ID": 109307151, "yr": 2020, "dt": "2020-07-25T11:10:00", "WOJ": 10, "sev": 2, "c": [ 255, 165, 0, 160 ], "dmg": 0, "sli": 0, "ser": 1, "fat": 0, "row": -1, "mot": -1, "pie": -1, "uto": -1, "uwr": -1 }, "geometry": { "type": "Point", "coordinates": [ 19.387889, 52.263528 ] } },
{ "type": "Feature", "properties": { "ID": 109305316, "yr": 2020, "dt": "2020-07-25T12:25:00", "WOJ": 10, "sev": 2, "c": [ 255, 165, 0, 160 ], "dmg": 2, "sli": 0, "ser": 1, "fat": 0, "row": -1, "mot": 2, "pie": -1, "uto": -1, "uwr": -1 }, "geometry": { "type": "Point", "coordinates": [ 19.249194, 51.759194 ] } },
{ "type": "Feature", "properties": { "ID": 109307352, "yr": 2020, "dt": "2020-07-25T15:45:00", "WOJ": 10, "sev": 2, "c": [ 255, 165, 0, 160 ], "dmg": 1, "sli": 0, "ser": 2, "fat": 0, "row": -1, "mot": -1, "pie": -1, "uto": -1, "uwr": -1 }, "geometry": { "type": "Point", "coordinates": [ 18.857639, 51.930167 ] } },
{ "type": "Feature", "properties": { "ID": 109487730, "yr": 2020, "dt": "2020-10-23T19:33:00", "WOJ": 10, "sev": 2, "c": [ 255, 165, 0, 160 ], "dmg": 1, "sli": 0, "ser": 1, "fat": 0, "row": -1, "mot": -1, "pie": -1, "uto": -1, "uwr": -1 }, "geometry": { "type": "Point", "coordinates": [ 19.457167, 51.7655 ] } },
{ "type": "Feature", "properties": { "ID": 109486208, "yr": 2020, "dt": "2020-10-23T11:35:00", "WOJ": 10, "sev": 2, "c": [ 255, 165, 0, 160 ], "dmg": 1, "sli": 0, "ser": 1, "fat": 0, "row": -1, "mot": -1, "pie": -1, "uto": -1, "uwr": -1 }, "geometry": { "type": "Point", "coordinates": [ 19.487167, 52.181222 ] } },
{ "type": "Feature", "properties": { "ID": 109307404, "yr": 2020, "dt": "2020-07-25T19:11:00", "WOJ": 10, "sev": 2, "c": [ 255, 165, 0, 160 ], "dmg": 1, "sli": 0, "ser": 1, "fat": 0, "row": -1, "mot": -1, "pie": -1, "uto": -1, "uwr": -1 }, "geometry": { "type": "Point", "coordinates": [ 19.458333, 51.739611 ] } },
{ "type": "Feature", "properties": { "ID": 109488475, "yr": 2020, "dt": "2020-10-24T16:11:00", "WOJ": 10, "sev": 2, "c": [ 255, 165, 0, 160 ], "dmg": 2, "sli": 0, "ser": 1, "fat": 0, "row": -1, "mot": -1, "pie": -1, "uto": -1, "uwr": -1 }, "geometry": { "type": "Point", "coordinates": [ 19.489028, 51.756 ] } },
{ "type": "Feature", "properties": { "ID": 109308235, "yr": 2020, "dt": "2020-07-26T19:35:00", "WOJ": 10, "sev": 2, "c": [ 255, 165, 0, 160 ], "dmg": 1, "sli": 0, "ser": 1, "fat": 0, "row": 2, "mot": -1, "pie": -1, "uto": -1, "uwr": -1 }, "geometry": { "type": "Point", "coordinates": [ 19.716972, 51.919639 ] } },
{ "type": "Feature", "properties": { "ID": 109312589, "yr": 2020, "dt": "2020-07-26T12:36:00", "WOJ": 10, "sev": 2, "c": [ 255, 165, 0, 160 ], "dmg": 1, "sli": 0, "ser": 1, "fat": 0, "row": -1, "mot": -1, "pie": -1, "uto": -1, "uwr": -1 }, "geometry": { "type": "Point", "coordinates": [ 19.475806, 51.730917 ] } },
{ "type": "Feature", "properties": { "ID": 109310441, "yr": 2020, "dt": "2020-07-27T19:06:00", "WOJ": 10, "sev": 2, "c": [ 255, 165, 0, 160 ], "dmg": 0, "sli": 1, "ser": 1, "fat": 0, "row": -1, "mot": -1, "pie": -1, "uto": -1, "uwr": -1 }, "geometry": { "type": "Point", "coordinates": [ 19.448278, 51.757611 ] } },
{ "type": "Feature", "properties": { "ID": 109310454, "yr": 2020, "dt": "2020-07-27T20:49:00", "WOJ": 10, "sev": 2, "c": [ 255, 165, 0, 160 ], "dmg": 1, "sli": 0, "ser": 1, "fat": 0, "row": -1, "mot": 2, "pie": -1, "uto": -1, "uwr": -1 }, "geometry": { "type": "Point", "coordinates": [ 19.436, 51.072722 ] } },
{ "type": "Feature", "properties": { "ID": 109313489, "yr": 2020, "dt": "2020-07-28T15:09:00", "WOJ": 10, "sev": 2, "c": [ 255, 165, 0, 160 ], "dmg": 1, "sli": 0, "ser": 1, "fat": 0, "row": -1, "mot": 2, "pie": -1, "uto": -1, "uwr": -1 }, "geometry": { "type": "Point", "coordinates": [ 19.452, 51.7765 ] } },
{ "type": "Feature", "properties": { "ID": 109312870, "yr": 2020, "dt": "2020-07-28T06:40:00", "WOJ": 10, "sev": 2, "c": [ 255, 165, 0, 160 ], "dmg": 0, "sli": 1, "ser": 5, "fat": 0, "row": -1, "mot": -1, "pie": -1, "uto": -1, "uwr": -1 }, "geometry": { "type": "Point", "coordinates": [ 19.823667, 51.735556 ] } },
{ "type": "Feature", "properties": { "ID": 109314396, "yr": 2020, "dt": "2020-07-29T13:25:00", "WOJ": 10, "sev": 2, "c": [ 255, 165, 0, 160 ], "dmg": 1, "sli": 0, "ser": 1, "fat": 0, "row": -1, "mot": -1, "pie": 2, "uto": -1, "uwr": -1 }, "geometry": { "type": "Point", "coordinates": [ 19.438806, 51.797639 ] } },
{ "type": "Feature", "properties": { "ID": 109314598, "yr": 2020, "dt": "2020-07-29T16:53:00", "WOJ": 10, "sev": 2, "c": [ 255, 165, 0, 160 ], "dmg": 1, "sli": 0, "ser": 1, "fat": 0, "row": 2, "mot": -1, "pie": -1, "uto": -1, "uwr": -1 }, "geometry": { "type": "Point", "coordinates": [ 19.447306, 51.781944 ] } },
{ "type": "Feature", "properties": { "ID": 109493937, "yr": 2020, "dt": "2020-10-27T16:27:42", "WOJ": 10, "sev": 2, "c": [ 255, 165, 0, 160 ], "dmg": 1, "sli": 0, "ser": 1, "fat": 0, "row": -1, "mot": -1, "pie": -1, "uto": -1, "uwr": -1 }, "geometry": { "type": "Point", "coordinates": [ 19.448417, 51.730556 ] } },
{ "type": "Feature", "properties": { "ID": 109344997, "yr": 2020, "dt": "2020-07-29T15:00:00", "WOJ": 10, "sev": 2, "c": [ 255, 165, 0, 160 ], "dmg": 2, "sli": 0, "ser": 1, "fat": 0, "row": -1, "mot": -1, "pie": -1, "uto": -1, "uwr": -1 }, "geometry": { "type": "Point", "coordinates": [ 19.395833, 52.159306 ] } },
{ "type": "Feature", "properties": { "ID": 109494178, "yr": 2020, "dt": "2020-10-27T18:55:00", "WOJ": 10, "sev": 2, "c": [ 255, 165, 0, 160 ], "dmg": 1, "sli": 0, "ser": 1, "fat": 0, "row": 2, "mot": -1, "pie": -1, "uto": -1, "uwr": -1 }, "geometry": { "type": "Point", "coordinates": [ 20.29475, 51.798778 ] } },
{ "type": "Feature", "properties": { "ID": 109313921, "yr": 2020, "dt": "2020-07-29T06:55:00", "WOJ": 10, "sev": 2, "c": [ 255, 165, 0, 160 ], "dmg": 1, "sli": 1, "ser": 1, "fat": 0, "row": -1, "mot": -1, "pie": -1, "uto": -1, "uwr": -1 }, "geometry": { "type": "Point", "coordinates": [ 19.449083, 51.798944 ] } },
{ "type": "Feature", "properties": { "ID": 109317759, "yr": 2020, "dt": "2020-07-30T11:16:00", "WOJ": 10, "sev": 2, "c": [ 255, 165, 0, 160 ], "dmg": 2, "sli": 0, "ser": 1, "fat": 0, "row": -1, "mot": -1, "pie": -1, "uto": -1, "uwr": -1 }, "geometry": { "type": "Point", "coordinates": [ 19.430944, 51.708667 ] } },
{ "type": "Feature", "properties": { "ID": 109319423, "yr": 2020, "dt": "2020-07-31T17:30:00", "WOJ": 10, "sev": 2, "c": [ 255, 165, 0, 160 ], "dmg": 1, "sli": 0, "ser": 1, "fat": 0, "row": -1, "mot": 2, "pie": -1, "uto": -1, "uwr": -1 }, "geometry": { "type": "Point", "coordinates": [ 19.371806, 51.368889 ] } },
{ "type": "Feature", "properties": { "ID": 109318297, "yr": 2020, "dt": "2020-07-31T07:29:00", "WOJ": 10, "sev": 2, "c": [ 255, 165, 0, 160 ], "dmg": 1, "sli": 0, "ser": 1, "fat": 0, "row": -1, "mot": -1, "pie": 2, "uto": -1, "uwr": -1 }, "geometry": { "type": "Point", "coordinates": [ 19.46825, 51.780083 ] } },
{ "type": "Feature", "properties": { "ID": 109317339, "yr": 2020, "dt": "2020-07-31T12:41:00", "WOJ": 10, "sev": 2, "c": [ 255, 165, 0, 160 ], "dmg": 1, "sli": 0, "ser": 1, "fat": 0, "row": -1, "mot": -1, "pie": 2, "uto": -1, "uwr": -1 }, "geometry": { "type": "Point", "coordinates": [ 19.459444, 51.795167 ] } },
{ "type": "Feature", "properties": { "ID": 109322867, "yr": 2020, "dt": "2020-07-31T09:56:00", "WOJ": 10, "sev": 2, "c": [ 255, 165, 0, 160 ], "dmg": 0, "sli": 0, "ser": 1, "fat": 0, "row": 2, "mot": -1, "pie": -1, "uto": -1, "uwr": -1 }, "geometry": { "type": "Point", "coordinates": [ 19.507056, 51.766639 ] } },
{ "type": "Feature", "properties": { "ID": 109319612, "yr": 2020, "dt": "2020-08-01T04:52:00", "WOJ": 10, "sev": 2, "c": [ 255, 165, 0, 160 ], "dmg": 0, "sli": 1, "ser": 1, "fat": 0, "row": -1, "mot": -1, "pie": -1, "uto": -1, "uwr": -1 }, "geometry": { "type": "Point", "coordinates": [ 19.798583, 52.003972 ] } },
{ "type": "Feature", "properties": { "ID": 109321739, "yr": 2020, "dt": "2020-08-02T05:30:00", "WOJ": 10, "sev": 2, "c": [ 255, 165, 0, 160 ], "dmg": 1, "sli": 0, "ser": 1, "fat": 0, "row": -1, "mot": -1, "pie": -1, "uto": -1, "uwr": -1 }, "geometry": { "type": "Point", "coordinates": [ 19.383722, 52.293417 ] } },
{ "type": "Feature", "properties": { "ID": 109321797, "yr": 2020, "dt": "2020-08-02T10:30:00", "WOJ": 10, "sev": 2, "c": [ 255, 165, 0, 160 ], "dmg": 2, "sli": 0, "ser": 1, "fat": 0, "row": -1, "mot": 2, "pie": -1, "uto": -1, "uwr": -1 }, "geometry": { "type": "Point", "coordinates": [ 19.127028, 52.282444 ] } },
{ "type": "Feature", "properties": { "ID": 109321871, "yr": 2020, "dt": "2020-08-02T15:00:00", "WOJ": 10, "sev": 2, "c": [ 255, 165, 0, 160 ], "dmg": 2, "sli": 0, "ser": 1, "fat": 0, "row": -1, "mot": -1, "pie": -1, "uto": -1, "uwr": -1 }, "geometry": { "type": "Point", "coordinates": [ 19.465, 51.752111 ] } },
{ "type": "Feature", "properties": { "ID": 109324692, "yr": 2020, "dt": "2020-08-03T19:15:00", "WOJ": 10, "sev": 2, "c": [ 255, 165, 0, 160 ], "dmg": 2, "sli": 0, "ser": 1, "fat": 0, "row": -1, "mot": -1, "pie": -1, "uto": -1, "uwr": -1 }, "geometry": { "type": "Point", "coordinates": [ 19.368361, 52.226056 ] } },
{ "type": "Feature", "properties": { "ID": 109324973, "yr": 2020, "dt": "2020-08-03T17:50:00", "WOJ": 10, "sev": 2, "c": [ 255, 165, 0, 160 ], "dmg": 2, "sli": 0, "ser": 1, "fat": 0, "row": -1, "mot": -1, "pie": -1, "uto": -1, "uwr": -1 }, "geometry": { "type": "Point", "coordinates": [ 19.442028, 51.7365 ] } },
{ "type": "Feature", "properties": { "ID": 109498228, "yr": 2020, "dt": "2020-10-29T17:13:39", "WOJ": 10, "sev": 2, "c": [ 255, 165, 0, 160 ], "dmg": 1, "sli": 0, "ser": 2, "fat": 0, "row": -1, "mot": -1, "pie": 2, "uto": -1, "uwr": -1 }, "geometry": { "type": "Point", "coordinates": [ 19.394056, 51.795306 ] } },
{ "type": "Feature", "properties": { "ID": 109496429, "yr": 2020, "dt": "2020-10-29T17:38:07", "WOJ": 10, "sev": 2, "c": [ 255, 165, 0, 160 ], "dmg": 1, "sli": 0, "ser": 1, "fat": 0, "row": -1, "mot": -1, "pie": 2, "uto": -1, "uwr": -1 }, "geometry": { "type": "Point", "coordinates": [ 19.485167, 51.773139 ] } },
{ "type": "Feature", "properties": { "ID": 109324286, "yr": 2020, "dt": "2020-08-03T13:29:00", "WOJ": 10, "sev": 2, "c": [ 255, 165, 0, 160 ], "dmg": 1, "sli": 0, "ser": 3, "fat": 0, "row": -1, "mot": -1, "pie": -1, "uto": -1, "uwr": -1 }, "geometry": { "type": "Point", "coordinates": [ 19.454083, 51.759056 ] } },
{ "type": "Feature", "properties": { "ID": 109325563, "yr": 2020, "dt": "2020-08-04T15:54:00", "WOJ": 10, "sev": 2, "c": [ 255, 165, 0, 160 ], "dmg": 1, "sli": 0, "ser": 1, "fat": 0, "row": -1, "mot": -1, "pie": 2, "uto": -1, "uwr": -1 }, "geometry": { "type": "Point", "coordinates": [ 19.445667, 51.710861 ] } },
{ "type": "Feature", "properties": { "ID": 109498148, "yr": 2020, "dt": "2020-10-29T17:09:00", "WOJ": 10, "sev": 2, "c": [ 255, 165, 0, 160 ], "dmg": 1, "sli": 0, "ser": 1, "fat": 0, "row": -1, "mot": -1, "pie": 2, "uto": -1, "uwr": -1 }, "geometry": { "type": "Point", "coordinates": [ 19.409139, 51.750222 ] } },
{ "type": "Feature", "properties": { "ID": 109328623, "yr": 2020, "dt": "2020-08-05T09:26:00", "WOJ": 10, "sev": 2, "c": [ 255, 165, 0, 160 ], "dmg": 1, "sli": 0, "ser": 1, "fat": 0, "row": -1, "mot": 2, "pie": -1, "uto": -1, "uwr": -1 }, "geometry": { "type": "Point", "coordinates": [ 19.476944, 51.743639 ] } },
{ "type": "Feature", "properties": { "ID": 109500564, "yr": 2020, "dt": "2020-10-30T15:15:00", "WOJ": 10, "sev": 2, "c": [ 255, 165, 0, 160 ], "dmg": 2, "sli": 0, "ser": 1, "fat": 0, "row": -1, "mot": -1, "pie": -1, "uto": -1, "uwr": -1 }, "geometry": { "type": "Point", "coordinates": [ 19.452583, 51.765917 ] } },
{ "type": "Feature", "properties": { "ID": 109499703, "yr": 2020, "dt": "2020-10-30T17:26:00", "WOJ": 10, "sev": 2, "c": [ 255, 165, 0, 160 ], "dmg": 2, "sli": 0, "ser": 1, "fat": 0, "row": -1, "mot": -1, "pie": 2, "uto": -1, "uwr": -1 }, "geometry": { "type": "Point", "coordinates": [ 19.472139, 51.753556 ] } },
{ "type": "Feature", "properties": { "ID": 109329364, "yr": 2020, "dt": "2020-08-05T22:37:00", "WOJ": 10, "sev": 2, "c": [ 255, 165, 0, 160 ], "dmg": 1, "sli": 0, "ser": 1, "fat": 0, "row": -1, "mot": 2, "pie": -1, "uto": -1, "uwr": -1 }, "geometry": { "type": "Point", "coordinates": [ 19.55925, 51.742167 ] } },
{ "type": "Feature", "properties": { "ID": 109329199, "yr": 2020, "dt": "2020-08-05T18:36:00", "WOJ": 10, "sev": 2, "c": [ 255, 165, 0, 160 ], "dmg": 2, "sli": 0, "ser": 1, "fat": 0, "row": -1, "mot": -1, "pie": -1, "uto": -1, "uwr": -1 }, "geometry": { "type": "Point", "coordinates": [ 19.477667, 51.700417 ] } },
{ "type": "Feature", "properties": { "ID": 109330372, "yr": 2020, "dt": "2020-08-06T13:55:00", "WOJ": 10, "sev": 2, "c": [ 255, 165, 0, 160 ], "dmg": 1, "sli": 0, "ser": 1, "fat": 0, "row": -1, "mot": 2, "pie": -1, "uto": -1, "uwr": -1 }, "geometry": { "type": "Point", "coordinates": [ 19.323222, 51.659 ] } },
{ "type": "Feature", "properties": { "ID": 109330064, "yr": 2020, "dt": "2020-08-06T11:55:00", "WOJ": 10, "sev": 2, "c": [ 255, 165, 0, 160 ], "dmg": 1, "sli": 0, "ser": 1, "fat": 0, "row": 2, "mot": -1, "pie": -1, "uto": -1, "uwr": -1 }, "geometry": { "type": "Point", "coordinates": [ 18.718, 51.595472 ] } },
{ "type": "Feature", "properties": { "ID": 109499197, "yr": 2020, "dt": "2020-10-30T10:36:00", "WOJ": 10, "sev": 2, "c": [ 255, 165, 0, 160 ], "dmg": 1, "sli": 0, "ser": 1, "fat": 0, "row": -1, "mot": 2, "pie": -1, "uto": -1, "uwr": -1 }, "geometry": { "type": "Point", "coordinates": [ 19.683833, 51.805194 ] } },
{ "type": "Feature", "properties": { "ID": 109332557, "yr": 2020, "dt": "2020-08-06T19:35:00", "WOJ": 10, "sev": 2, "c": [ 255, 165, 0, 160 ], "dmg": 1, "sli": 0, "ser": 1, "fat": 0, "row": 2, "mot": -1, "pie": -1, "uto": -1, "uwr": -1 }, "geometry": { "type": "Point", "coordinates": [ 19.4145, 51.757639 ] } },
{ "type": "Feature", "properties": { "ID": 109500873, "yr": 2020, "dt": "2020-10-30T17:03:42", "WOJ": 10, "sev": 2, "c": [ 255, 165, 0, 160 ], "dmg": 1, "sli": 0, "ser": 1, "fat": 0, "row": -1, "mot": -1, "pie": 2, "uto": -1, "uwr": -1 }, "geometry": { "type": "Point", "coordinates": [ 19.431222, 51.7905 ] } },
{ "type": "Feature", "properties": { "ID": 109331618, "yr": 2020, "dt": "2020-08-06T20:58:00", "WOJ": 10, "sev": 2, "c": [ 255, 165, 0, 160 ], "dmg": 0, "sli": 1, "ser": 3, "fat": 0, "row": -1, "mot": -1, "pie": -1, "uto": -1, "uwr": -1 }, "geometry": { "type": "Point", "coordinates": [ 19.531722, 51.747667 ] } },
{ "type": "Feature", "properties": { "ID": 109496746, "yr": 2020, "dt": "2020-10-30T12:05:00", "WOJ": 10, "sev": 2, "c": [ 255, 165, 0, 160 ], "dmg": 1, "sli": 0, "ser": 1, "fat": 0, "row": 2, "mot": -1, "pie": -1, "uto": -1, "uwr": -1 }, "geometry": { "type": "Point", "coordinates": [ 19.553611, 52.261111 ] } },
{ "type": "Feature", "properties": { "ID": 109330727, "yr": 2020, "dt": "2020-08-06T15:05:00", "WOJ": 10, "sev": 2, "c": [ 255, 165, 0, 160 ], "dmg": 0, "sli": 0, "ser": 1, "fat": 0, "row": -1, "mot": 2, "pie": -1, "uto": -1, "uwr": -1 }, "geometry": { "type": "Point", "coordinates": [ 18.933139, 51.314944 ] } },
{ "type": "Feature", "properties": { "ID": 109500976, "yr": 2020, "dt": "2020-10-30T20:00:00", "WOJ": 10, "sev": 2, "c": [ 255, 165, 0, 160 ], "dmg": 1, "sli": 0, "ser": 1, "fat": 0, "row": 2, "mot": -1, "pie": -1, "uto": -1, "uwr": -1 }, "geometry": { "type": "Point", "coordinates": [ 19.467444, 51.762917 ] } },
{ "type": "Feature", "properties": { "ID": 109328178, "yr": 2020, "dt": "2020-08-06T11:46:00", "WOJ": 10, "sev": 2, "c": [ 255, 165, 0, 160 ], "dmg": 1, "sli": 0, "ser": 1, "fat": 0, "row": -1, "mot": -1, "pie": 2, "uto": -1, "uwr": -1 }, "geometry": { "type": "Point", "coordinates": [ 19.442028, 51.7365 ] } },
{ "type": "Feature", "properties": { "ID": 109334131, "yr": 2020, "dt": "2020-08-08T08:30:00", "WOJ": 10, "sev": 2, "c": [ 255, 165, 0, 160 ], "dmg": 1, "sli": 0, "ser": 1, "fat": 0, "row": 2, "mot": -1, "pie": -1, "uto": -1, "uwr": -1 }, "geometry": { "type": "Point", "coordinates": [ 20.291028, 51.431778 ] } },
{ "type": "Feature", "properties": { "ID": 109501625, "yr": 2020, "dt": "2020-10-31T17:37:00", "WOJ": 10, "sev": 2, "c": [ 255, 165, 0, 160 ], "dmg": 1, "sli": 0, "ser": 2, "fat": 0, "row": -1, "mot": -1, "pie": 2, "uto": -1, "uwr": -1 }, "geometry": { "type": "Point", "coordinates": [ 19.536861, 51.556444 ] } },
{ "type": "Feature", "properties": { "ID": 109696219, "yr": 2020, "dt": "2020-12-28T10:15:00", "WOJ": 10, "sev": 2, "c": [ 255, 165, 0, 160 ], "dmg": 1, "sli": 0, "ser": 1, "fat": 0, "row": 2, "mot": -1, "pie": -1, "uto": -1, "uwr": -1 }, "geometry": { "type": "Point", "coordinates": [ 19.363722, 52.225056 ] } },
{ "type": "Feature", "properties": { "ID": 109693959, "yr": 2020, "dt": "2020-12-28T06:49:45", "WOJ": 10, "sev": 2, "c": [ 255, 165, 0, 160 ], "dmg": 1, "sli": 0, "ser": 1, "fat": 0, "row": -1, "mot": -1, "pie": 2, "uto": -1, "uwr": -1 }, "geometry": { "type": "Point", "coordinates": [ 19.453833, 51.776917 ] } },
{ "type": "Feature", "properties": { "ID": 109333994, "yr": 2020, "dt": "2020-08-08T05:05:00", "WOJ": 10, "sev": 2, "c": [ 255, 165, 0, 160 ], "dmg": 0, "sli": 0, "ser": 1, "fat": 0, "row": -1, "mot": -1, "pie": -1, "uto": -1, "uwr": -1 }, "geometry": { "type": "Point", "coordinates": [ 19.326528, 52.325056 ] } },
{ "type": "Feature", "properties": { "ID": 109696645, "yr": 2020, "dt": "2020-12-28T16:30:00", "WOJ": 10, "sev": 2, "c": [ 255, 165, 0, 160 ], "dmg": 1, "sli": 0, "ser": 1, "fat": 0, "row": -1, "mot": -1, "pie": -1, "uto": -1, "uwr": -1 }, "geometry": { "type": "Point", "coordinates": [ 19.481028, 52.093639 ] } },
{ "type": "Feature", "properties": { "ID": 109699706, "yr": 2020, "dt": "2020-12-29T16:44:00", "WOJ": 10, "sev": 2, "c": [ 255, 165, 0, 160 ], "dmg": 2, "sli": 0, "ser": 1, "fat": 0, "row": -1, "mot": -1, "pie": -1, "uto": -1, "uwr": -1 }, "geometry": { "type": "Point", "coordinates": [ 19.481111, 51.778833 ] } },
{ "type": "Feature", "properties": { "ID": 109501443, "yr": 2020, "dt": "2020-10-31T13:53:00", "WOJ": 10, "sev": 2, "c": [ 255, 165, 0, 160 ], "dmg": 1, "sli": 0, "ser": 1, "fat": 0, "row": -1, "mot": 2, "pie": -1, "uto": -1, "uwr": -1 }, "geometry": { "type": "Point", "coordinates": [ 19.426806, 51.717333 ] } },
{ "type": "Feature", "properties": { "ID": 109699206, "yr": 2020, "dt": "2020-12-29T07:38:42", "WOJ": 10, "sev": 2, "c": [ 255, 165, 0, 160 ], "dmg": 1, "sli": 0, "ser": 1, "fat": 0, "row": -1, "mot": -1, "pie": 2, "uto": -1, "uwr": -1 }, "geometry": { "type": "Point", "coordinates": [ 19.428194, 51.787889 ] } },
{ "type": "Feature", "properties": { "ID": 109500487, "yr": 2020, "dt": "2020-11-01T20:38:44", "WOJ": 10, "sev": 2, "c": [ 255, 165, 0, 160 ], "dmg": 0, "sli": 0, "ser": 1, "fat": 0, "row": -1, "mot": 2, "pie": -1, "uto": -1, "uwr": -1 }, "geometry": { "type": "Point", "coordinates": [ 19.506917, 51.795722 ] } },
{ "type": "Feature", "properties": { "ID": 109701186, "yr": 2020, "dt": "2020-12-30T10:26:03", "WOJ": 10, "sev": 2, "c": [ 255, 165, 0, 160 ], "dmg": 1, "sli": 0, "ser": 1, "fat": 0, "row": -1, "mot": -1, "pie": 2, "uto": -1, "uwr": -1 }, "geometry": { "type": "Point", "coordinates": [ 19.425917, 51.755972 ] } },
{ "type": "Feature", "properties": { "ID": 109502887, "yr": 2020, "dt": "2020-11-02T05:10:00", "WOJ": 10, "sev": 2, "c": [ 255, 165, 0, 160 ], "dmg": 3, "sli": 0, "ser": 1, "fat": 0, "row": -1, "mot": -1, "pie": -1, "uto": -1, "uwr": -1 }, "geometry": { "type": "Point", "coordinates": [ 19.702944, 51.958722 ] } },
{ "type": "Feature", "properties": { "ID": 109701555, "yr": 2020, "dt": "2020-12-30T12:01:18", "WOJ": 10, "sev": 2, "c": [ 255, 165, 0, 160 ], "dmg": 0, "sli": 0, "ser": 3, "fat": 0, "row": -1, "mot": -1, "pie": -1, "uto": -1, "uwr": -1 }, "geometry": { "type": "Point", "coordinates": [ 19.441778, 52.255361 ] } },
{ "type": "Feature", "properties": { "ID": 108526945, "yr": 2020, "dt": "2020-01-01T23:55:00", "WOJ": 10, "sev": 2, "c": [ 255, 165, 0, 160 ], "dmg": 0, "sli": 0, "ser": 1, "fat": 0, "row": -1, "mot": -1, "pie": -1, "uto": -1, "uwr": -1 }, "geometry": { "type": "Point", "coordinates": [ 19.276194, 51.986028 ] } },
{ "type": "Feature", "properties": { "ID": 108528863, "yr": 2020, "dt": "2020-01-03T08:50:00", "WOJ": 10, "sev": 2, "c": [ 255, 165, 0, 160 ], "dmg": 2, "sli": 2, "ser": 2, "fat": 0, "row": -1, "mot": -1, "pie": -1, "uto": -1, "uwr": -1 }, "geometry": { "type": "Point", "coordinates": [ 19.271306, 52.354472 ] } },
{ "type": "Feature", "properties": { "ID": 109503402, "yr": 2020, "dt": "2020-11-02T16:37:34", "WOJ": 10, "sev": 2, "c": [ 255, 165, 0, 160 ], "dmg": 1, "sli": 0, "ser": 1, "fat": 0, "row": -1, "mot": -1, "pie": 2, "uto": -1, "uwr": -1 }, "geometry": { "type": "Point", "coordinates": [ 19.505361, 51.733361 ] } },
{ "type": "Feature", "properties": { "ID": 109335797, "yr": 2020, "dt": "2020-08-09T18:40:00", "WOJ": 10, "sev": 2, "c": [ 255, 165, 0, 160 ], "dmg": 1, "sli": 2, "ser": 2, "fat": 0, "row": -1, "mot": -1, "pie": -1, "uto": -1, "uwr": -1 }, "geometry": { "type": "Point", "coordinates": [ 20.538194, 51.858389 ] } },
{ "type": "Feature", "properties": { "ID": 109503766, "yr": 2020, "dt": "2020-11-02T17:53:00", "WOJ": 10, "sev": 2, "c": [ 255, 165, 0, 160 ], "dmg": 1, "sli": 1, "ser": 1, "fat": 0, "row": -1, "mot": -1, "pie": -1, "uto": -1, "uwr": -1 }, "geometry": { "type": "Point", "coordinates": [ 19.817278, 51.861333 ] } },
{ "type": "Feature", "properties": { "ID": 109506646, "yr": 2020, "dt": "2020-11-03T17:30:05", "WOJ": 10, "sev": 2, "c": [ 255, 165, 0, 160 ], "dmg": 1, "sli": 0, "ser": 1, "fat": 0, "row": -1, "mot": -1, "pie": 2, "uto": -1, "uwr": -1 }, "geometry": { "type": "Point", "coordinates": [ 19.470111, 51.757528 ] } },
{ "type": "Feature", "properties": { "ID": 109506577, "yr": 2020, "dt": "2020-11-03T16:40:30", "WOJ": 10, "sev": 2, "c": [ 255, 165, 0, 160 ], "dmg": 2, "sli": 0, "ser": 1, "fat": 0, "row": -1, "mot": -1, "pie": -1, "uto": -1, "uwr": -1 }, "geometry": { "type": "Point", "coordinates": [ 19.586972, 51.794 ] } },
{ "type": "Feature", "properties": { "ID": 109506182, "yr": 2020, "dt": "2020-11-03T13:52:29", "WOJ": 10, "sev": 2, "c": [ 255, 165, 0, 160 ], "dmg": 1, "sli": 0, "ser": 1, "fat": 0, "row": 2, "mot": -1, "pie": -1, "uto": -1, "uwr": -1 }, "geometry": { "type": "Point", "coordinates": [ 19.4525, 51.734611 ] } },
{ "type": "Feature", "properties": { "ID": 109335179, "yr": 2020, "dt": "2020-08-09T12:10:00", "WOJ": 10, "sev": 2, "c": [ 255, 165, 0, 160 ], "dmg": 0, "sli": 0, "ser": 2, "fat": 0, "row": -1, "mot": -1, "pie": -1, "uto": -1, "uwr": -1 }, "geometry": { "type": "Point", "coordinates": [ 19.516889, 52.26 ] } },
{ "type": "Feature", "properties": { "ID": 109504787, "yr": 2020, "dt": "2020-11-03T02:29:33", "WOJ": 10, "sev": 2, "c": [ 255, 165, 0, 160 ], "dmg": 1, "sli": 0, "ser": 1, "fat": 0, "row": 2, "mot": -1, "pie": -1, "uto": -1, "uwr": -1 }, "geometry": { "type": "Point", "coordinates": [ 19.482139, 51.775139 ] } },
{ "type": "Feature", "properties": { "ID": 109335390, "yr": 2020, "dt": "2020-08-09T22:17:00", "WOJ": 10, "sev": 2, "c": [ 255, 165, 0, 160 ], "dmg": 1, "sli": 0, "ser": 1, "fat": 0, "row": -1, "mot": -1, "pie": -1, "uto": -1, "uwr": -1 }, "geometry": { "type": "Point", "coordinates": [ 19.948583, 51.812139 ] } },
{ "type": "Feature", "properties": { "ID": 108542513, "yr": 2020, "dt": "2020-01-08T04:52:00", "WOJ": 10, "sev": 2, "c": [ 255, 165, 0, 160 ], "dmg": 1, "sli": 0, "ser": 1, "fat": 0, "row": -1, "mot": -1, "pie": -1, "uto": -1, "uwr": -1 }, "geometry": { "type": "Point", "coordinates": [ 19.461889, 51.777389 ] } },
{ "type": "Feature", "properties": { "ID": 109524900, "yr": 2020, "dt": "2020-11-04T11:45:00", "WOJ": 10, "sev": 2, "c": [ 255, 165, 0, 160 ], "dmg": 1, "sli": 0, "ser": 1, "fat": 0, "row": -1, "mot": -1, "pie": 2, "uto": -1, "uwr": -1 }, "geometry": { "type": "Point", "coordinates": [ 19.62575, 51.029194 ] } },
{ "type": "Feature", "properties": { "ID": 109336206, "yr": 2020, "dt": "2020-08-10T12:05:00", "WOJ": 10, "sev": 2, "c": [ 255, 165, 0, 160 ], "dmg": 1, "sli": 0, "ser": 1, "fat": 0, "row": -1, "mot": 2, "pie": -1, "uto": -1, "uwr": -1 }, "geometry": { "type": "Point", "coordinates": [ 19.355694, 52.233972 ] } },
{ "type": "Feature", "properties": { "ID": 109341122, "yr": 2020, "dt": "2020-08-10T17:19:00", "WOJ": 10, "sev": 2, "c": [ 255, 165, 0, 160 ], "dmg": 1, "sli": 0, "ser": 1, "fat": 0, "row": -1, "mot": -1, "pie": -1, "uto": -1, "uwr": -1 }, "geometry": { "type": "Point", "coordinates": [ 19.531833, 51.752306 ] } },
{ "type": "Feature", "properties": { "ID": 108550083, "yr": 2020, "dt": "2020-01-09T10:54:00", "WOJ": 10, "sev": 2, "c": [ 255, 165, 0, 160 ], "dmg": 1, "sli": 0, "ser": 1, "fat": 0, "row": 2, "mot": -1, "pie": -1, "uto": -1, "uwr": -1 }, "geometry": { "type": "Point", "coordinates": [ 19.472639, 51.760694 ] } },
{ "type": "Feature", "properties": { "ID": 109524913, "yr": 2020, "dt": "2020-11-05T06:40:00", "WOJ": 10, "sev": 2, "c": [ 255, 165, 0, 160 ], "dmg": 2, "sli": 0, "ser": 1, "fat": 0, "row": -1, "mot": -1, "pie": -1, "uto": -1, "uwr": -1 }, "geometry": { "type": "Point", "coordinates": [ 19.172028, 51.946472 ] } },
{ "type": "Feature", "properties": { "ID": 108551695, "yr": 2020, "dt": "2020-01-09T19:36:00", "WOJ": 10, "sev": 2, "c": [ 255, 165, 0, 160 ], "dmg": 1, "sli": 0, "ser": 1, "fat": 0, "row": -1, "mot": -1, "pie": 2, "uto": -1, "uwr": -1 }, "geometry": { "type": "Point", "coordinates": [ 19.353056, 51.664389 ] } },
{ "type": "Feature", "properties": { "ID": 108551668, "yr": 2020, "dt": "2020-01-09T18:35:00", "WOJ": 10, "sev": 2, "c": [ 255, 165, 0, 160 ], "dmg": 1, "sli": 0, "ser": 1, "fat": 0, "row": -1, "mot": -1, "pie": 2, "uto": -1, "uwr": -1 }, "geometry": { "type": "Point", "coordinates": [ 19.363611, 52.222167 ] } },
{ "type": "Feature", "properties": { "ID": 109523182, "yr": 2020, "dt": "2020-11-05T11:10:00", "WOJ": 10, "sev": 2, "c": [ 255, 165, 0, 160 ], "dmg": 0, "sli": 0, "ser": 1, "fat": 0, "row": -1, "mot": -1, "pie": -1, "uto": -1, "uwr": -1 }, "geometry": { "type": "Point", "coordinates": [ 19.464194, 51.8885 ] } },
{ "type": "Feature", "properties": { "ID": 108552615, "yr": 2020, "dt": "2020-01-09T18:58:00", "WOJ": 10, "sev": 2, "c": [ 255, 165, 0, 160 ], "dmg": 1, "sli": 0, "ser": 1, "fat": 0, "row": -1, "mot": -1, "pie": -1, "uto": -1, "uwr": -1 }, "geometry": { "type": "Point", "coordinates": [ 19.450778, 51.758528 ] } },
{ "type": "Feature", "properties": { "ID": 109337631, "yr": 2020, "dt": "2020-08-10T20:28:00", "WOJ": 10, "sev": 2, "c": [ 255, 165, 0, 160 ], "dmg": 1, "sli": 0, "ser": 1, "fat": 0, "row": -1, "mot": -1, "pie": -1, "uto": -1, "uwr": -1 }, "geometry": { "type": "Point", "coordinates": [ 19.455583, 51.772667 ] } },
{ "type": "Feature", "properties": { "ID": 109526081, "yr": 2020, "dt": "2020-11-06T16:42:00", "WOJ": 10, "sev": 2, "c": [ 255, 165, 0, 160 ], "dmg": 1, "sli": 0, "ser": 1, "fat": 0, "row": -1, "mot": -1, "pie": -1, "uto": -1, "uwr": -1 }, "geometry": { "type": "Point", "coordinates": [ 20.412722, 51.386806 ] } },
{ "type": "Feature", "properties": { "ID": 108552999, "yr": 2020, "dt": "2020-01-10T06:56:00", "WOJ": 10, "sev": 2, "c": [ 255, 165, 0, 160 ], "dmg": 1, "sli": 0, "ser": 1, "fat": 0, "row": -1, "mot": -1, "pie": 2, "uto": -1, "uwr": -1 }, "geometry": { "type": "Point", "coordinates": [ 19.497472, 51.727917 ] } },
{ "type": "Feature", "properties": { "ID": 109525962, "yr": 2020, "dt": "2020-11-06T17:29:11", "WOJ": 10, "sev": 2, "c": [ 255, 165, 0, 160 ], "dmg": 2, "sli": 0, "ser": 1, "fat": 0, "row": -1, "mot": -1, "pie": -1, "uto": -1, "uwr": -1 }, "geometry": { "type": "Point", "coordinates": [ 19.394417, 51.797639 ] } },
{ "type": "Feature", "properties": { "ID": 109335436, "yr": 2020, "dt": "2020-08-10T06:29:00", "WOJ": 10, "sev": 2, "c": [ 255, 165, 0, 160 ], "dmg": 1, "sli": 0, "ser": 1, "fat": 0, "row": 2, "mot": -1, "pie": -1, "uto": -1, "uwr": -1 }, "geometry": { "type": "Point", "coordinates": [ 19.428194, 51.748194 ] } },
{ "type": "Feature", "properties": { "ID": 108552232, "yr": 2020, "dt": "2020-01-10T16:45:00", "WOJ": 10, "sev": 2, "c": [ 255, 165, 0, 160 ], "dmg": 2, "sli": 0, "ser": 1, "fat": 0, "row": 2, "mot": -1, "pie": -1, "uto": -1, "uwr": -1 }, "geometry": { "type": "Point", "coordinates": [ 19.514944, 51.763556 ] } },
{ "type": "Feature", "properties": { "ID": 109525801, "yr": 2020, "dt": "2020-11-06T15:29:01", "WOJ": 10, "sev": 2, "c": [ 255, 165, 0, 160 ], "dmg": 1, "sli": 0, "ser": 1, "fat": 0, "row": -1, "mot": -1, "pie": -1, "uto": -1, "uwr": -1 }, "geometry": { "type": "Point", "coordinates": [ 19.525444, 51.734639 ] } },
{ "type": "Feature", "properties": { "ID": 109523390, "yr": 2020, "dt": "2020-11-06T03:31:00", "WOJ": 10, "sev": 2, "c": [ 255, 165, 0, 160 ], "dmg": 1, "sli": 0, "ser": 1, "fat": 0, "row": -1, "mot": -1, "pie": -1, "uto": -1, "uwr": -1 }, "geometry": { "type": "Point", "coordinates": [ 19.571833, 51.754528 ] } },
{ "type": "Feature", "properties": { "ID": 109339624, "yr": 2020, "dt": "2020-08-11T17:18:00", "WOJ": 10, "sev": 2, "c": [ 255, 165, 0, 160 ], "dmg": 1, "sli": 0, "ser": 1, "fat": 0, "row": 2, "mot": -1, "pie": -1, "uto": -1, "uwr": -1 }, "geometry": { "type": "Point", "coordinates": [ 19.537333, 51.760278 ] } },
{ "type": "Feature", "properties": { "ID": 109526520, "yr": 2020, "dt": "2020-11-07T10:39:27", "WOJ": 10, "sev": 2, "c": [ 255, 165, 0, 160 ], "dmg": 0, "sli": 0, "ser": 1, "fat": 0, "row": -1, "mot": -1, "pie": -1, "uto": -1, "uwr": -1 }, "geometry": { "type": "Point", "coordinates": [ 20.172611, 51.986278 ] } },
{ "type": "Feature", "properties": { "ID": 108556017, "yr": 2020, "dt": "2020-01-11T21:25:00", "WOJ": 10, "sev": 2, "c": [ 255, 165, 0, 160 ], "dmg": 1, "sli": 0, "ser": 1, "fat": 0, "row": -1, "mot": -1, "pie": 2, "uto": -1, "uwr": -1 }, "geometry": { "type": "Point", "coordinates": [ 19.495861, 51.7645 ] } },
{ "type": "Feature", "properties": { "ID": 108554154, "yr": 2020, "dt": "2020-01-11T02:43:00", "WOJ": 10, "sev": 2, "c": [ 255, 165, 0, 160 ], "dmg": 2, "sli": 0, "ser": 2, "fat": 0, "row": -1, "mot": -1, "pie": -1, "uto": -1, "uwr": -1 }, "geometry": { "type": "Point", "coordinates": [ 19.454361, 51.770417 ] } },
{ "type": "Feature", "properties": { "ID": 108558753, "yr": 2020, "dt": "2020-01-12T15:41:00", "WOJ": 10, "sev": 2, "c": [ 255, 165, 0, 160 ], "dmg": 1, "sli": 0, "ser": 1, "fat": 0, "row": -1, "mot": -1, "pie": -1, "uto": -1, "uwr": -1 }, "geometry": { "type": "Point", "coordinates": [ 19.449889, 51.774278 ] } },
{ "type": "Feature", "properties": { "ID": 109527894, "yr": 2020, "dt": "2020-11-08T13:21:39", "WOJ": 10, "sev": 2, "c": [ 255, 165, 0, 160 ], "dmg": 2, "sli": 0, "ser": 1, "fat": 0, "row": -1, "mot": -1, "pie": -1, "uto": -1, "uwr": -1 }, "geometry": { "type": "Point", "coordinates": [ 19.421056, 51.789778 ] } },
{ "type": "Feature", "properties": { "ID": 109339618, "yr": 2020, "dt": "2020-08-11T17:33:00", "WOJ": 10, "sev": 2, "c": [ 255, 165, 0, 160 ], "dmg": 1, "sli": 0, "ser": 1, "fat": 0, "row": -1, "mot": 2, "pie": -1, "uto": -1, "uwr": -1 }, "geometry": { "type": "Point", "coordinates": [ 19.455611, 51.760333 ] } },
{ "type": "Feature", "properties": { "ID": 109528636, "yr": 2020, "dt": "2020-11-09T16:26:00", "WOJ": 10, "sev": 2, "c": [ 255, 165, 0, 160 ], "dmg": 1, "sli": 0, "ser": 1, "fat": 0, "row": -1, "mot": -1, "pie": -1, "uto": -1, "uwr": -1 }, "geometry": { "type": "Point", "coordinates": [ 19.449333, 51.768139 ] } },
{ "type": "Feature", "properties": { "ID": 108558880, "yr": 2020, "dt": "2020-01-12T22:20:00", "WOJ": 10, "sev": 2, "c": [ 255, 165, 0, 160 ], "dmg": 1, "sli": 2, "ser": 1, "fat": 0, "row": -1, "mot": -1, "pie": -1, "uto": -1, "uwr": -1 }, "geometry": { "type": "Point", "coordinates": [ 19.354333, 52.2345 ] } },
{ "type": "Feature", "properties": { "ID": 109338488, "yr": 2020, "dt": "2020-08-11T14:30:00", "WOJ": 10, "sev": 2, "c": [ 255, 165, 0, 160 ], "dmg": 1, "sli": 0, "ser": 1, "fat": 0, "row": -1, "mot": -1, "pie": -1, "uto": -1, "uwr": -1 }, "geometry": { "type": "Point", "coordinates": [ 19.433944, 51.757972 ] } },
{ "type": "Feature", "properties": { "ID": 109338952, "yr": 2020, "dt": "2020-08-11T11:00:00", "WOJ": 10, "sev": 2, "c": [ 255, 165, 0, 160 ], "dmg": 1, "sli": 0, "ser": 1, "fat": 0, "row": -1, "mot": -1, "pie": -1, "uto": -1, "uwr": -1 }, "geometry": { "type": "Point", "coordinates": [ 19.541333, 51.751278 ] } },
{ "type": "Feature", "properties": { "ID": 109339857, "yr": 2020, "dt": "2020-08-11T23:13:00", "WOJ": 10, "sev": 2, "c": [ 255, 165, 0, 160 ], "dmg": 1, "sli": 1, "ser": 1, "fat": 0, "row": -1, "mot": -1, "pie": -1, "uto": -1, "uwr": -1 }, "geometry": { "type": "Point", "coordinates": [ 19.601444, 51.899389 ] } },
{ "type": "Feature", "properties": { "ID": 109529981, "yr": 2020, "dt": "2020-11-09T17:20:00", "WOJ": 10, "sev": 2, "c": [ 255, 165, 0, 160 ], "dmg": 1, "sli": 0, "ser": 1, "fat": 0, "row": -1, "mot": -1, "pie": -1, "uto": -1, "uwr": -1 }, "geometry": { "type": "Point", "coordinates": [ 19.286167, 52.221 ] } },
{ "type": "Feature", "properties": { "ID": 109339751, "yr": 2020, "dt": "2020-08-11T18:00:00", "WOJ": 10, "sev": 2, "c": [ 255, 165, 0, 160 ], "dmg": 1, "sli": 0, "ser": 1, "fat": 0, "row": -1, "mot": -1, "pie": 2, "uto": -1, "uwr": -1 }, "geometry": { "type": "Point", "coordinates": [ 19.489028, 51.756 ] } },
{ "type": "Feature", "properties": { "ID": 108559433, "yr": 2020, "dt": "2020-01-13T10:55:00", "WOJ": 10, "sev": 2, "c": [ 255, 165, 0, 160 ], "dmg": 1, "sli": 0, "ser": 1, "fat": 0, "row": -1, "mot": -1, "pie": 2, "uto": -1, "uwr": -1 }, "geometry": { "type": "Point", "coordinates": [ 19.388417, 51.077917 ] } },
{ "type": "Feature", "properties": { "ID": 108563179, "yr": 2020, "dt": "2020-01-13T16:57:00", "WOJ": 10, "sev": 2, "c": [ 255, 165, 0, 160 ], "dmg": 1, "sli": 0, "ser": 1, "fat": 0, "row": 2, "mot": -1, "pie": -1, "uto": -1, "uwr": -1 }, "geometry": { "type": "Point", "coordinates": [ 19.484194, 51.7645 ] } },
{ "type": "Feature", "properties": { "ID": 108562901, "yr": 2020, "dt": "2020-01-13T14:56:00", "WOJ": 10, "sev": 2, "c": [ 255, 165, 0, 160 ], "dmg": 1, "sli": 0, "ser": 1, "fat": 0, "row": -1, "mot": -1, "pie": 2, "uto": -1, "uwr": -1 }, "geometry": { "type": "Point", "coordinates": [ 19.475694, 51.774361 ] } },
{ "type": "Feature", "properties": { "ID": 108562719, "yr": 2020, "dt": "2020-01-13T12:47:00", "WOJ": 10, "sev": 2, "c": [ 255, 165, 0, 160 ], "dmg": 2, "sli": 0, "ser": 1, "fat": 0, "row": -1, "mot": -1, "pie": -1, "uto": -1, "uwr": -1 }, "geometry": { "type": "Point", "coordinates": [ 19.520694, 51.751556 ] } },
{ "type": "Feature", "properties": { "ID": 108565572, "yr": 2020, "dt": "2020-01-14T06:57:00", "WOJ": 10, "sev": 2, "c": [ 255, 165, 0, 160 ], "dmg": 1, "sli": 0, "ser": 1, "fat": 0, "row": 2, "mot": -1, "pie": -1, "uto": -1, "uwr": -1 }, "geometry": { "type": "Point", "coordinates": [ 18.585333, 51.413472 ] } },
{ "type": "Feature", "properties": { "ID": 109339400, "yr": 2020, "dt": "2020-08-12T15:04:00", "WOJ": 10, "sev": 2, "c": [ 255, 165, 0, 160 ], "dmg": 1, "sli": 0, "ser": 1, "fat": 0, "row": -1, "mot": -1, "pie": 2, "uto": -1, "uwr": -1 }, "geometry": { "type": "Point", "coordinates": [ 19.453833, 51.767278 ] } },
{ "type": "Feature", "properties": { "ID": 109531870, "yr": 2020, "dt": "2020-11-11T21:00:00", "WOJ": 10, "sev": 2, "c": [ 255, 165, 0, 160 ], "dmg": 0, "sli": 0, "ser": 1, "fat": 0, "row": -1, "mot": -1, "pie": -1, "uto": -1, "uwr": -1 }, "geometry": { "type": "Point", "coordinates": [ 18.619167, 51.436778 ] } },
{ "type": "Feature", "properties": { "ID": 108565535, "yr": 2020, "dt": "2020-01-14T08:05:00", "WOJ": 10, "sev": 2, "c": [ 255, 165, 0, 160 ], "dmg": 0, "sli": 0, "ser": 1, "fat": 0, "row": -1, "mot": -1, "pie": -1, "uto": -1, "uwr": -1 }, "geometry": { "type": "Point", "coordinates": [ 19.404306, 52.160806 ] } },
{ "type": "Feature", "properties": { "ID": 109533450, "yr": 2020, "dt": "2020-11-12T22:56:00", "WOJ": 10, "sev": 2, "c": [ 255, 165, 0, 160 ], "dmg": 1, "sli": 0, "ser": 1, "fat": 0, "row": -1, "mot": -1, "pie": 0, "uto": -1, "uwr": -1 }, "geometry": { "type": "Point", "coordinates": [ 19.456361, 51.770611 ] } },
{ "type": "Feature", "properties": { "ID": 109535823, "yr": 2020, "dt": "2020-11-12T06:50:00", "WOJ": 10, "sev": 2, "c": [ 255, 165, 0, 160 ], "dmg": 2, "sli": 0, "ser": 1, "fat": 0, "row": -1, "mot": -1, "pie": -1, "uto": -1, "uwr": -1 }, "geometry": { "type": "Point", "coordinates": [ 18.797222, 51.981028 ] } },
{ "type": "Feature", "properties": { "ID": 108566296, "yr": 2020, "dt": "2020-01-14T15:04:00", "WOJ": 10, "sev": 2, "c": [ 255, 165, 0, 160 ], "dmg": 2, "sli": 0, "ser": 1, "fat": 0, "row": -1, "mot": -1, "pie": -1, "uto": -1, "uwr": -1 }, "geometry": { "type": "Point", "coordinates": [ 19.418306, 51.748278 ] } },
{ "type": "Feature", "properties": { "ID": 108570619, "yr": 2020, "dt": "2020-01-15T16:30:00", "WOJ": 10, "sev": 2, "c": [ 255, 165, 0, 160 ], "dmg": 1, "sli": 0, "ser": 1, "fat": 0, "row": -1, "mot": -1, "pie": 2, "uto": -1, "uwr": -1 }, "geometry": { "type": "Point", "coordinates": [ 19.353, 52.238417 ] } },
{ "type": "Feature", "properties": { "ID": 109344092, "yr": 2020, "dt": "2020-08-13T16:55:00", "WOJ": 10, "sev": 2, "c": [ 255, 165, 0, 160 ], "dmg": 0, "sli": 2, "ser": 1, "fat": 0, "row": -1, "mot": -1, "pie": -1, "uto": -1, "uwr": -1 }, "geometry": { "type": "Point", "coordinates": [ 19.610028, 51.941667 ] } },
{ "type": "Feature", "properties": { "ID": 109533599, "yr": 2020, "dt": "2020-11-13T10:56:40", "WOJ": 10, "sev": 2, "c": [ 255, 165, 0, 160 ], "dmg": 1, "sli": 0, "ser": 1, "fat": 0, "row": -1, "mot": -1, "pie": 2, "uto": -1, "uwr": -1 }, "geometry": { "type": "Point", "coordinates": [ 19.592472, 51.795306 ] } },
{ "type": "Feature", "properties": { "ID": 108570441, "yr": 2020, "dt": "2020-01-15T15:04:00", "WOJ": 10, "sev": 2, "c": [ 255, 165, 0, 160 ], "dmg": 1, "sli": 0, "ser": 1, "fat": 0, "row": -1, "mot": -1, "pie": -1, "uto": -1, "uwr": -1 }, "geometry": { "type": "Point", "coordinates": [ 19.456056, 51.770583 ] } },
{ "type": "Feature", "properties": { "ID": 109537666, "yr": 2020, "dt": "2020-11-14T20:20:00", "WOJ": 10, "sev": 2, "c": [ 255, 165, 0, 160 ], "dmg": 1, "sli": 0, "ser": 1, "fat": 0, "row": 2, "mot": -1, "pie": -1, "uto": -1, "uwr": -1 }, "geometry": { "type": "Point", "coordinates": [ 19.669028, 52.220833 ] } },
{ "type": "Feature", "properties": { "ID": 108570894, "yr": 2020, "dt": "2020-01-15T19:59:00", "WOJ": 10, "sev": 2, "c": [ 255, 165, 0, 160 ], "dmg": 1, "sli": 0, "ser": 1, "fat": 0, "row": -1, "mot": -1, "pie": -1, "uto": -1, "uwr": -1 }, "geometry": { "type": "Point", "coordinates": [ 19.448944, 51.769944 ] } },
{ "type": "Feature", "properties": { "ID": 108570913, "yr": 2020, "dt": "2020-01-16T01:38:00", "WOJ": 10, "sev": 2, "c": [ 255, 165, 0, 160 ], "dmg": 0, "sli": 0, "ser": 1, "fat": 0, "row": -1, "mot": -1, "pie": -1, "uto": -1, "uwr": -1 }, "geometry": { "type": "Point", "coordinates": [ 18.812139, 52.027639 ] } },
{ "type": "Feature", "properties": { "ID": 109344855, "yr": 2020, "dt": "2020-08-13T16:10:00", "WOJ": 10, "sev": 2, "c": [ 255, 165, 0, 160 ], "dmg": 1, "sli": 0, "ser": 1, "fat": 0, "row": 2, "mot": -1, "pie": -1, "uto": -1, "uwr": -1 }, "geometry": { "type": "Point", "coordinates": [ 19.512861, 51.763556 ] } },
{ "type": "Feature", "properties": { "ID": 109537568, "yr": 2020, "dt": "2020-11-14T16:10:00", "WOJ": 10, "sev": 2, "c": [ 255, 165, 0, 160 ], "dmg": 1, "sli": 0, "ser": 1, "fat": 0, "row": -1, "mot": -1, "pie": 2, "uto": -1, "uwr": -1 }, "geometry": { "type": "Point", "coordinates": [ 19.200722, 51.610222 ] } },
{ "type": "Feature", "properties": { "ID": 109198960, "yr": 2020, "dt": "2020-06-11T14:30:00", "WOJ": 10, "sev": 2, "c": [ 255, 165, 0, 160 ], "dmg": 0, "sli": 0, "ser": 1, "fat": 0, "row": 2, "mot": -1, "pie": -1, "uto": -1, "uwr": -1 }, "geometry": { "type": "Point", "coordinates": [ 19.487528, 51.758639 ] } },
{ "type": "Feature", "properties": { "ID": 108574752, "yr": 2020, "dt": "2020-01-17T07:55:00", "WOJ": 10, "sev": 2, "c": [ 255, 165, 0, 160 ], "dmg": 0, "sli": 1, "ser": 1, "fat": 0, "row": -1, "mot": -1, "pie": -1, "uto": -1, "uwr": -1 }, "geometry": { "type": "Point", "coordinates": [ 19.647694, 51.66225 ] } },
{ "type": "Feature", "properties": { "ID": 108576869, "yr": 2020, "dt": "2020-01-17T19:50:00", "WOJ": 10, "sev": 2, "c": [ 255, 165, 0, 160 ], "dmg": 1, "sli": 0, "ser": 1, "fat": 0, "row": -1, "mot": -1, "pie": -1, "uto": -1, "uwr": -1 }, "geometry": { "type": "Point", "coordinates": [ 19.364583, 52.311417 ] } },
{ "type": "Feature", "properties": { "ID": 109341110, "yr": 2020, "dt": "2020-08-13T05:20:00", "WOJ": 10, "sev": 2, "c": [ 255, 165, 0, 160 ], "dmg": 1, "sli": 0, "ser": 1, "fat": 0, "row": 2, "mot": -1, "pie": -1, "uto": -1, "uwr": -1 }, "geometry": { "type": "Point", "coordinates": [ 19.448278, 51.757611 ] } },
{ "type": "Feature", "properties": { "ID": 109344003, "yr": 2020, "dt": "2020-08-13T17:54:00", "WOJ": 10, "sev": 2, "c": [ 255, 165, 0, 160 ], "dmg": 1, "sli": 0, "ser": 1, "fat": 0, "row": -1, "mot": 2, "pie": -1, "uto": -1, "uwr": -1 }, "geometry": { "type": "Point", "coordinates": [ 19.3945, 51.798639 ] } },
{ "type": "Feature", "properties": { "ID": 109344007, "yr": 2020, "dt": "2020-08-13T19:36:00", "WOJ": 10, "sev": 2, "c": [ 255, 165, 0, 160 ], "dmg": 2, "sli": 0, "ser": 1, "fat": 0, "row": -1, "mot": -1, "pie": -1, "uto": -1, "uwr": -1 }, "geometry": { "type": "Point", "coordinates": [ 19.409778, 51.751139 ] } },
{ "type": "Feature", "properties": { "ID": 108577739, "yr": 2020, "dt": "2020-01-18T16:41:00", "WOJ": 10, "sev": 2, "c": [ 255, 165, 0, 160 ], "dmg": 1, "sli": 0, "ser": 1, "fat": 0, "row": 2, "mot": -1, "pie": -1, "uto": -1, "uwr": -1 }, "geometry": { "type": "Point", "coordinates": [ 19.286083, 51.64425 ] } },
{ "type": "Feature", "properties": { "ID": 109344062, "yr": 2020, "dt": "2020-08-13T15:30:00", "WOJ": 10, "sev": 2, "c": [ 255, 165, 0, 160 ], "dmg": 0, "sli": 3, "ser": 1, "fat": 0, "row": -1, "mot": -1, "pie": -1, "uto": -1, "uwr": -1 }, "geometry": { "type": "Point", "coordinates": [ 19.901861, 51.571833 ] } },
{ "type": "Feature", "properties": { "ID": 109345397, "yr": 2020, "dt": "2020-08-14T11:40:00", "WOJ": 10, "sev": 2, "c": [ 255, 165, 0, 160 ], "dmg": 1, "sli": 0, "ser": 1, "fat": 0, "row": -1, "mot": 2, "pie": -1, "uto": -1, "uwr": -1 }, "geometry": { "type": "Point", "coordinates": [ 19.491417, 51.709694 ] } },
{ "type": "Feature", "properties": { "ID": 108578850, "yr": 2020, "dt": "2020-01-18T13:05:00", "WOJ": 10, "sev": 2, "c": [ 255, 165, 0, 160 ], "dmg": 0, "sli": 0, "ser": 1, "fat": 0, "row": 2, "mot": -1, "pie": -1, "uto": -1, "uwr": -1 }, "geometry": { "type": "Point", "coordinates": [ 19.558694, 51.843222 ] } },
{ "type": "Feature", "properties": { "ID": 108577963, "yr": 2020, "dt": "2020-01-19T19:15:00", "WOJ": 10, "sev": 2, "c": [ 255, 165, 0, 160 ], "dmg": 1, "sli": 0, "ser": 1, "fat": 0, "row": -1, "mot": -1, "pie": 2, "uto": -1, "uwr": -1 }, "geometry": { "type": "Point", "coordinates": [ 19.426944, 51.827833 ] } },
{ "type": "Feature", "properties": { "ID": 108582281, "yr": 2020, "dt": "2020-01-20T19:30:00", "WOJ": 10, "sev": 2, "c": [ 255, 165, 0, 160 ], "dmg": 1, "sli": 0, "ser": 1, "fat": 0, "row": -1, "mot": -1, "pie": 2, "uto": -1, "uwr": -1 }, "geometry": { "type": "Point", "coordinates": [ 19.582722, 52.166222 ] } },
{ "type": "Feature", "properties": { "ID": 109344211, "yr": 2020, "dt": "2020-08-14T09:10:00", "WOJ": 10, "sev": 2, "c": [ 255, 165, 0, 160 ], "dmg": 2, "sli": 0, "ser": 1, "fat": 0, "row": -1, "mot": -1, "pie": -1, "uto": -1, "uwr": -1 }, "geometry": { "type": "Point", "coordinates": [ 19.388667, 51.803639 ] } },
{ "type": "Feature", "properties": { "ID": 109541839, "yr": 2020, "dt": "2020-11-16T16:35:00", "WOJ": 10, "sev": 2, "c": [ 255, 165, 0, 160 ], "dmg": 1, "sli": 0, "ser": 1, "fat": 0, "row": -1, "mot": -1, "pie": -1, "uto": -1, "uwr": -1 }, "geometry": { "type": "Point", "coordinates": [ 19.655806, 52.098667 ] } },
{ "type": "Feature", "properties": { "ID": 108582384, "yr": 2020, "dt": "2020-01-21T05:24:00", "WOJ": 10, "sev": 2, "c": [ 255, 165, 0, 160 ], "dmg": 1, "sli": 0, "ser": 1, "fat": 0, "row": -1, "mot": -1, "pie": -1, "uto": -1, "uwr": -1 }, "geometry": { "type": "Point", "coordinates": [ 19.433111, 51.798194 ] } },
{ "type": "Feature", "properties": { "ID": 108588625, "yr": 2020, "dt": "2020-01-22T09:46:00", "WOJ": 10, "sev": 2, "c": [ 255, 165, 0, 160 ], "dmg": 1, "sli": 2, "ser": 1, "fat": 0, "row": -1, "mot": -1, "pie": -1, "uto": -1, "uwr": -1 }, "geometry": { "type": "Point", "coordinates": [ 19.445083, 51.728417 ] } },
{ "type": "Feature", "properties": { "ID": 109542631, "yr": 2020, "dt": "2020-11-17T16:53:18", "WOJ": 10, "sev": 2, "c": [ 255, 165, 0, 160 ], "dmg": 1, "sli": 0, "ser": 1, "fat": 0, "row": -1, "mot": -1, "pie": -1, "uto": -1, "uwr": -1 }, "geometry": { "type": "Point", "coordinates": [ 19.575028, 51.79475 ] } },
{ "type": "Feature", "properties": { "ID": 108588450, "yr": 2020, "dt": "2020-01-22T14:21:00", "WOJ": 10, "sev": 2, "c": [ 255, 165, 0, 160 ], "dmg": 2, "sli": 0, "ser": 2, "fat": 0, "row": -1, "mot": -1, "pie": -1, "uto": -1, "uwr": -1 }, "geometry": { "type": "Point", "coordinates": [ 19.448278, 51.757611 ] } },
{ "type": "Feature", "properties": { "ID": 108588665, "yr": 2020, "dt": "2020-01-22T16:50:00", "WOJ": 10, "sev": 2, "c": [ 255, 165, 0, 160 ], "dmg": 1, "sli": 0, "ser": 1, "fat": 0, "row": -1, "mot": -1, "pie": 2, "uto": -1, "uwr": -1 }, "geometry": { "type": "Point", "coordinates": [ 19.382417, 52.22775 ] } },
{ "type": "Feature", "properties": { "ID": 108590488, "yr": 2020, "dt": "2020-01-23T09:02:00", "WOJ": 10, "sev": 2, "c": [ 255, 165, 0, 160 ], "dmg": 1, "sli": 0, "ser": 2, "fat": 0, "row": -1, "mot": -1, "pie": 2, "uto": -1, "uwr": -1 }, "geometry": { "type": "Point", "coordinates": [ 19.394278, 51.7975 ] } },
{ "type": "Feature", "properties": { "ID": 109551571, "yr": 2020, "dt": "2020-11-18T16:12:14", "WOJ": 10, "sev": 2, "c": [ 255, 165, 0, 160 ], "dmg": 0, "sli": 1, "ser": 1, "fat": 0, "row": -1, "mot": -1, "pie": -1, "uto": -1, "uwr": -1 }, "geometry": { "type": "Point", "coordinates": [ 19.516306, 51.7915 ] } },
{ "type": "Feature", "properties": { "ID": 108593665, "yr": 2020, "dt": "2020-01-23T18:53:00", "WOJ": 10, "sev": 2, "c": [ 255, 165, 0, 160 ], "dmg": 1, "sli": 0, "ser": 1, "fat": 0, "row": -1, "mot": -1, "pie": 2, "uto": -1, "uwr": -1 }, "geometry": { "type": "Point", "coordinates": [ 19.518806, 51.75725 ] } },
{ "type": "Feature", "properties": { "ID": 109551440, "yr": 2020, "dt": "2020-11-18T16:32:00", "WOJ": 10, "sev": 2, "c": [ 255, 165, 0, 160 ], "dmg": 1, "sli": 0, "ser": 1, "fat": 0, "row": -1, "mot": -1, "pie": 2, "uto": -1, "uwr": -1 }, "geometry": { "type": "Point", "coordinates": [ 19.455028, 51.755667 ] } },
{ "type": "Feature", "properties": { "ID": 108601151, "yr": 2020, "dt": "2020-01-24T17:24:00", "WOJ": 10, "sev": 2, "c": [ 255, 165, 0, 160 ], "dmg": 1, "sli": 0, "ser": 2, "fat": 0, "row": -1, "mot": -1, "pie": 2, "uto": -1, "uwr": -1 }, "geometry": { "type": "Point", "coordinates": [ 19.439639, 51.788417 ] } },
{ "type": "Feature", "properties": { "ID": 109347637, "yr": 2020, "dt": "2020-08-14T18:06:00", "WOJ": 10, "sev": 2, "c": [ 255, 165, 0, 160 ], "dmg": 1, "sli": 0, "ser": 1, "fat": 0, "row": 2, "mot": -1, "pie": -1, "uto": -1, "uwr": -1 }, "geometry": { "type": "Point", "coordinates": [ 19.807056, 52.270194 ] } },
{ "type": "Feature", "properties": { "ID": 109346845, "yr": 2020, "dt": "2020-08-14T15:10:00", "WOJ": 10, "sev": 2, "c": [ 255, 165, 0, 160 ], "dmg": 3, "sli": 0, "ser": 1, "fat": 0, "row": -1, "mot": -1, "pie": -1, "uto": -1, "uwr": -1 }, "geometry": { "type": "Point", "coordinates": [ 19.479861, 51.726 ] } },
{ "type": "Feature", "properties": { "ID": 109558014, "yr": 2020, "dt": "2020-11-19T16:20:00", "WOJ": 10, "sev": 2, "c": [ 255, 165, 0, 160 ], "dmg": 1, "sli": 0, "ser": 1, "fat": 0, "row": -1, "mot": -1, "pie": -1, "uto": -1, "uwr": -1 }, "geometry": { "type": "Point", "coordinates": [ 19.257861, 51.633083 ] } },
{ "type": "Feature", "properties": { "ID": 108600945, "yr": 2020, "dt": "2020-01-24T14:25:00", "WOJ": 10, "sev": 2, "c": [ 255, 165, 0, 160 ], "dmg": 2, "sli": 0, "ser": 1, "fat": 0, "row": -1, "mot": -1, "pie": -1, "uto": -1, "uwr": -1 }, "geometry": { "type": "Point", "coordinates": [ 19.414889, 52.224556 ] } },
{ "type": "Feature", "properties": { "ID": 108594212, "yr": 2020, "dt": "2020-01-24T10:19:00", "WOJ": 10, "sev": 2, "c": [ 255, 165, 0, 160 ], "dmg": 1, "sli": 0, "ser": 1, "fat": 0, "row": -1, "mot": -1, "pie": 2, "uto": -1, "uwr": -1 }, "geometry": { "type": "Point", "coordinates": [ 19.466917, 51.731917 ] } },
{ "type": "Feature", "properties": { "ID": 109785152, "yr": 2020, "dt": "2020-11-19T10:30:00", "WOJ": 10, "sev": 2, "c": [ 255, 165, 0, 160 ], "dmg": 1, "sli": 0, "ser": 1, "fat": 0, "row": 2, "mot": -1, "pie": -1, "uto": -1, "uwr": -1 }, "geometry": { "type": "Point", "coordinates": [ 19.431306, 51.790083 ] } },
{ "type": "Feature", "properties": { "ID": 108601444, "yr": 2020, "dt": "2020-01-24T22:38:00", "WOJ": 10, "sev": 2, "c": [ 255, 165, 0, 160 ], "dmg": 2, "sli": 0, "ser": 1, "fat": 0, "row": -1, "mot": -1, "pie": -1, "uto": -1, "uwr": -1 }, "geometry": { "type": "Point", "coordinates": [ 19.449333, 51.768139 ] } },
{ "type": "Feature", "properties": { "ID": 109557798, "yr": 2020, "dt": "2020-11-19T16:50:00", "WOJ": 10, "sev": 2, "c": [ 255, 165, 0, 160 ], "dmg": 1, "sli": 0, "ser": 1, "fat": 0, "row": -1, "mot": -1, "pie": 2, "uto": -1, "uwr": -1 }, "geometry": { "type": "Point", "coordinates": [ 19.427444, 51.773556 ] } },
{ "type": "Feature", "properties": { "ID": 109558224, "yr": 2020, "dt": "2020-11-20T05:46:00", "WOJ": 10, "sev": 2, "c": [ 255, 165, 0, 160 ], "dmg": 1, "sli": 0, "ser": 1, "fat": 0, "row": -1, "mot": -1, "pie": 2, "uto": -1, "uwr": -1 }, "geometry": { "type": "Point", "coordinates": [ 19.378333, 51.812556 ] } },
{ "type": "Feature", "properties": { "ID": 109562805, "yr": 2020, "dt": "2020-11-20T09:15:00", "WOJ": 10, "sev": 2, "c": [ 255, 165, 0, 160 ], "dmg": 1, "sli": 0, "ser": 1, "fat": 0, "row": -1, "mot": -1, "pie": -1, "uto": -1, "uwr": -1 }, "geometry": { "type": "Point", "coordinates": [ 19.427889, 51.769722 ] } },
{ "type": "Feature", "properties": { "ID": 108600964, "yr": 2020, "dt": "2020-01-24T13:14:00", "WOJ": 10, "sev": 2, "c": [ 255, 165, 0, 160 ], "dmg": 1, "sli": 0, "ser": 1, "fat": 0, "row": -1, "mot": -1, "pie": -1, "uto": -1, "uwr": -1 }, "geometry": { "type": "Point", "coordinates": [ 19.575028, 51.753694 ] } },
{ "type": "Feature", "properties": { "ID": 108594146, "yr": 2020, "dt": "2020-01-24T10:09:00", "WOJ": 10, "sev": 2, "c": [ 255, 165, 0, 160 ], "dmg": 3, "sli": 0, "ser": 2, "fat": 0, "row": -1, "mot": -1, "pie": -1, "uto": -1, "uwr": -1 }, "geometry": { "type": "Point", "coordinates": [ 19.473667, 51.750361 ] } },
{ "type": "Feature", "properties": { "ID": 108601364, "yr": 2020, "dt": "2020-01-24T19:21:00", "WOJ": 10, "sev": 2, "c": [ 255, 165, 0, 160 ], "dmg": 0, "sli": 0, "ser": 2, "fat": 0, "row": -1, "mot": -1, "pie": -1, "uto": -1, "uwr": -1 }, "geometry": { "type": "Point", "coordinates": [ 19.393944, 51.779639 ] } },
{ "type": "Feature", "properties": { "ID": 109348586, "yr": 2020, "dt": "2020-08-15T16:17:00", "WOJ": 10, "sev": 2, "c": [ 255, 165, 0, 160 ], "dmg": 1, "sli": 0, "ser": 1, "fat": 0, "row": 2, "mot": -1, "pie": -1, "uto": -1, "uwr": -1 }, "geometry": { "type": "Point", "coordinates": [ 19.568944, 51.740472 ] } },
{ "type": "Feature", "properties": { "ID": 108601754, "yr": 2020, "dt": "2020-01-25T08:21:00", "WOJ": 10, "sev": 2, "c": [ 255, 165, 0, 160 ], "dmg": 1, "sli": 0, "ser": 2, "fat": 0, "row": -1, "mot": -1, "pie": -1, "uto": -1, "uwr": -1 }, "geometry": { "type": "Point", "coordinates": [ 19.566139, 51.716444 ] } },
{ "type": "Feature", "properties": { "ID": 108604461, "yr": 2020, "dt": "2020-01-25T15:03:00", "WOJ": 10, "sev": 2, "c": [ 255, 165, 0, 160 ], "dmg": 1, "sli": 0, "ser": 2, "fat": 0, "row": -1, "mot": -1, "pie": -1, "uto": -1, "uwr": -1 }, "geometry": { "type": "Point", "coordinates": [ 19.493222, 51.748139 ] } },
{ "type": "Feature", "properties": { "ID": 108601523, "yr": 2020, "dt": "2020-01-25T08:16:00", "WOJ": 10, "sev": 2, "c": [ 255, 165, 0, 160 ], "dmg": 0, "sli": 0, "ser": 1, "fat": 0, "row": -1, "mot": -1, "pie": -1, "uto": -1, "uwr": -1 }, "geometry": { "type": "Point", "coordinates": [ 19.863139, 51.894056 ] } },
{ "type": "Feature", "properties": { "ID": 108610777, "yr": 2020, "dt": "2020-01-27T08:45:00", "WOJ": 10, "sev": 2, "c": [ 255, 165, 0, 160 ], "dmg": 2, "sli": 0, "ser": 1, "fat": 0, "row": -1, "mot": -1, "pie": -1, "uto": -1, "uwr": -1 }, "geometry": { "type": "Point", "coordinates": [ 19.421639, 51.780194 ] } },
{ "type": "Feature", "properties": { "ID": 108611521, "yr": 2020, "dt": "2020-01-27T19:51:00", "WOJ": 10, "sev": 2, "c": [ 255, 165, 0, 160 ], "dmg": 1, "sli": 0, "ser": 1, "fat": 0, "row": -1, "mot": -1, "pie": -1, "uto": -1, "uwr": -1 }, "geometry": { "type": "Point", "coordinates": [ 19.457444, 51.752528 ] } },
{ "type": "Feature", "properties": { "ID": 109560869, "yr": 2020, "dt": "2020-11-21T20:10:00", "WOJ": 10, "sev": 2, "c": [ 255, 165, 0, 160 ], "dmg": 1, "sli": 0, "ser": 1, "fat": 0, "row": -1, "mot": -1, "pie": -1, "uto": -1, "uwr": -1 }, "geometry": { "type": "Point", "coordinates": [ 19.040333, 52.157472 ] } },
{ "type": "Feature", "properties": { "ID": 108612718, "yr": 2020, "dt": "2020-01-27T17:25:00", "WOJ": 10, "sev": 2, "c": [ 255, 165, 0, 160 ], "dmg": 2, "sli": 0, "ser": 1, "fat": 0, "row": -1, "mot": -1, "pie": -1, "uto": -1, "uwr": -1 }, "geometry": { "type": "Point", "coordinates": [ 19.417417, 51.790806 ] } },
{ "type": "Feature", "properties": { "ID": 108641473, "yr": 2020, "dt": "2020-01-28T15:20:00", "WOJ": 10, "sev": 2, "c": [ 255, 165, 0, 160 ], "dmg": 1, "sli": 0, "ser": 1, "fat": 0, "row": 0, "mot": -1, "pie": 2, "uto": -1, "uwr": -1 }, "geometry": { "type": "Point", "coordinates": [ 18.726694, 51.591528 ] } },
{ "type": "Feature", "properties": { "ID": 108642845, "yr": 2020, "dt": "2020-01-29T20:00:00", "WOJ": 10, "sev": 2, "c": [ 255, 165, 0, 160 ], "dmg": 1, "sli": 0, "ser": 1, "fat": 0, "row": -1, "mot": -1, "pie": 2, "uto": -1, "uwr": -1 }, "geometry": { "type": "Point", "coordinates": [ 19.392, 51.784639 ] } },
{ "type": "Feature", "properties": { "ID": 109561048, "yr": 2020, "dt": "2020-11-22T16:23:00", "WOJ": 10, "sev": 2, "c": [ 255, 165, 0, 160 ], "dmg": 1, "sli": 0, "ser": 2, "fat": 0, "row": -1, "mot": -1, "pie": -1, "uto": -1, "uwr": -1 }, "geometry": { "type": "Point", "coordinates": [ 19.608278, 51.779694 ] } },
{ "type": "Feature", "properties": { "ID": 108623737, "yr": 2020, "dt": "2020-01-29T06:26:00", "WOJ": 10, "sev": 2, "c": [ 255, 165, 0, 160 ], "dmg": 1, "sli": 0, "ser": 1, "fat": 0, "row": -1, "mot": -1, "pie": 2, "uto": -1, "uwr": -1 }, "geometry": { "type": "Point", "coordinates": [ 19.346194, 52.215444 ] } },
{ "type": "Feature", "properties": { "ID": 109349646, "yr": 2020, "dt": "2020-08-16T13:33:00", "WOJ": 10, "sev": 2, "c": [ 255, 165, 0, 160 ], "dmg": 1, "sli": 0, "ser": 1, "fat": 0, "row": 0, "mot": -1, "pie": 2, "uto": -1, "uwr": -1 }, "geometry": { "type": "Point", "coordinates": [ 19.481583, 51.779083 ] } },
{ "type": "Feature", "properties": { "ID": 108623976, "yr": 2020, "dt": "2020-01-29T08:17:00", "WOJ": 10, "sev": 2, "c": [ 255, 165, 0, 160 ], "dmg": 1, "sli": 0, "ser": 1, "fat": 0, "row": -1, "mot": -1, "pie": -1, "uto": -1, "uwr": -1 }, "geometry": { "type": "Point", "coordinates": [ 19.381389, 51.745472 ] } },
{ "type": "Feature", "properties": { "ID": 108623951, "yr": 2020, "dt": "2020-01-29T08:09:00", "WOJ": 10, "sev": 2, "c": [ 255, 165, 0, 160 ], "dmg": 2, "sli": 0, "ser": 1, "fat": 0, "row": -1, "mot": -1, "pie": -1, "uto": -1, "uwr": -1 }, "geometry": { "type": "Point", "coordinates": [ 19.497389, 51.706611 ] } },
{ "type": "Feature", "properties": { "ID": 109563497, "yr": 2020, "dt": "2020-11-23T16:23:54", "WOJ": 10, "sev": 2, "c": [ 255, 165, 0, 160 ], "dmg": 1, "sli": 0, "ser": 2, "fat": 0, "row": -1, "mot": -1, "pie": -1, "uto": -1, "uwr": -1 }, "geometry": { "type": "Point", "coordinates": [ 19.484056, 51.767667 ] } },
{ "type": "Feature", "properties": { "ID": 109561109, "yr": 2020, "dt": "2020-11-23T06:30:00", "WOJ": 10, "sev": 2, "c": [ 255, 165, 0, 160 ], "dmg": 1, "sli": 0, "ser": 1, "fat": 0, "row": 2, "mot": -1, "pie": -1, "uto": -1, "uwr": -1 }, "geometry": { "type": "Point", "coordinates": [ 19.325306, 52.225667 ] } },
{ "type": "Feature", "properties": { "ID": 108642883, "yr": 2020, "dt": "2020-01-30T20:01:00", "WOJ": 10, "sev": 2, "c": [ 255, 165, 0, 160 ], "dmg": 0, "sli": 0, "ser": 2, "fat": 0, "row": -1, "mot": -1, "pie": -1, "uto": -1, "uwr": -1 }, "geometry": { "type": "Point", "coordinates": [ 19.407694, 51.762389 ] } },
{ "type": "Feature", "properties": { "ID": 108642762, "yr": 2020, "dt": "2020-01-30T17:11:00", "WOJ": 10, "sev": 2, "c": [ 255, 165, 0, 160 ], "dmg": 1, "sli": 0, "ser": 1, "fat": 0, "row": -1, "mot": -1, "pie": 2, "uto": -1, "uwr": -1 }, "geometry": { "type": "Point", "coordinates": [ 19.447222, 51.778222 ] } },
{ "type": "Feature", "properties": { "ID": 109348469, "yr": 2020, "dt": "2020-08-16T12:15:00", "WOJ": 10, "sev": 2, "c": [ 255, 165, 0, 160 ], "dmg": 1, "sli": 2, "ser": 1, "fat": 0, "row": -1, "mot": -1, "pie": -1, "uto": -1, "uwr": -1 }, "geometry": { "type": "Point", "coordinates": [ 19.366083, 52.309583 ] } },
{ "type": "Feature", "properties": { "ID": 108641505, "yr": 2020, "dt": "2020-01-30T07:35:00", "WOJ": 10, "sev": 2, "c": [ 255, 165, 0, 160 ], "dmg": 0, "sli": 0, "ser": 2, "fat": 0, "row": -1, "mot": -1, "pie": -1, "uto": -1, "uwr": -1 }, "geometry": { "type": "Point", "coordinates": [ 19.469972, 51.763333 ] } },
{ "type": "Feature", "properties": { "ID": 109565773, "yr": 2020, "dt": "2020-11-24T05:00:00", "WOJ": 10, "sev": 2, "c": [ 255, 165, 0, 160 ], "dmg": 1, "sli": 0, "ser": 1, "fat": 0, "row": 2, "mot": -1, "pie": -1, "uto": -1, "uwr": -1 }, "geometry": { "type": "Point", "coordinates": [ 19.489083, 51.737444 ] } },
{ "type": "Feature", "properties": { "ID": 108642923, "yr": 2020, "dt": "2020-01-30T19:22:00", "WOJ": 10, "sev": 2, "c": [ 255, 165, 0, 160 ], "dmg": 1, "sli": 0, "ser": 1, "fat": 0, "row": -1, "mot": -1, "pie": 2, "uto": -1, "uwr": -1 }, "geometry": { "type": "Point", "coordinates": [ 19.489028, 51.756 ] } },
{ "type": "Feature", "properties": { "ID": 109567173, "yr": 2020, "dt": "2020-11-25T17:03:00", "WOJ": 10, "sev": 2, "c": [ 255, 165, 0, 160 ], "dmg": 2, "sli": 0, "ser": 2, "fat": 0, "row": -1, "mot": -1, "pie": -1, "uto": -1, "uwr": -1 }, "geometry": { "type": "Point", "coordinates": [ 19.445028, 51.762694 ] } },
{ "type": "Feature", "properties": { "ID": 109348378, "yr": 2020, "dt": "2020-08-16T13:04:00", "WOJ": 10, "sev": 2, "c": [ 255, 165, 0, 160 ], "dmg": 1, "sli": 0, "ser": 1, "fat": 0, "row": -1, "mot": 2, "pie": -1, "uto": -1, "uwr": -1 }, "geometry": { "type": "Point", "coordinates": [ 19.427417, 51.787056 ] } },
{ "type": "Feature", "properties": { "ID": 108641184, "yr": 2020, "dt": "2020-01-30T14:16:00", "WOJ": 10, "sev": 2, "c": [ 255, 165, 0, 160 ], "dmg": 1, "sli": 0, "ser": 1, "fat": 0, "row": -1, "mot": -1, "pie": 2, "uto": -1, "uwr": -1 }, "geometry": { "type": "Point", "coordinates": [ 19.54125, 51.717361 ] } },
{ "type": "Feature", "properties": { "ID": 108645548, "yr": 2020, "dt": "2020-01-31T09:57:00", "WOJ": 10, "sev": 2, "c": [ 255, 165, 0, 160 ], "dmg": 1, "sli": 0, "ser": 1, "fat": 0, "row": -1, "mot": -1, "pie": 2, "uto": -1, "uwr": -1 }, "geometry": { "type": "Point", "coordinates": [ 19.493833, 51.733444 ] } },
{ "type": "Feature", "properties": { "ID": 108645268, "yr": 2020, "dt": "2020-01-31T20:29:00", "WOJ": 10, "sev": 2, "c": [ 255, 165, 0, 160 ], "dmg": 1, "sli": 0, "ser": 1, "fat": 0, "row": -1, "mot": -1, "pie": 2, "uto": -1, "uwr": -1 }, "geometry": { "type": "Point", "coordinates": [ 19.495056, 51.727972 ] } },
{ "type": "Feature", "properties": { "ID": 109567541, "yr": 2020, "dt": "2020-11-26T08:10:00", "WOJ": 10, "sev": 2, "c": [ 255, 165, 0, 160 ], "dmg": 0, "sli": 0, "ser": 1, "fat": 0, "row": -1, "mot": -1, "pie": -1, "uto": -1, "uwr": -1 }, "geometry": { "type": "Point", "coordinates": [ 19.369139, 51.352639 ] } },
{ "type": "Feature", "properties": { "ID": 108643603, "yr": 2020, "dt": "2020-01-31T08:00:00", "WOJ": 10, "sev": 2, "c": [ 255, 165, 0, 160 ], "dmg": 1, "sli": 0, "ser": 1, "fat": 0, "row": -1, "mot": -1, "pie": 2, "uto": -1, "uwr": -1 }, "geometry": { "type": "Point", "coordinates": [ 19.487028, 51.747333 ] } },
{ "type": "Feature", "properties": { "ID": 108643601, "yr": 2020, "dt": "2020-01-31T06:42:00", "WOJ": 10, "sev": 2, "c": [ 255, 165, 0, 160 ], "dmg": 2, "sli": 0, "ser": 1, "fat": 0, "row": -1, "mot": -1, "pie": -1, "uto": -1, "uwr": -1 }, "geometry": { "type": "Point", "coordinates": [ 19.573944, 51.794861 ] } },
{ "type": "Feature", "properties": { "ID": 108647211, "yr": 2020, "dt": "2020-02-01T20:50:00", "WOJ": 10, "sev": 2, "c": [ 255, 165, 0, 160 ], "dmg": 1, "sli": 0, "ser": 1, "fat": 0, "row": -1, "mot": -1, "pie": 2, "uto": -1, "uwr": -1 }, "geometry": { "type": "Point", "coordinates": [ 19.453139, 51.772444 ] } },
{ "type": "Feature", "properties": { "ID": 109568616, "yr": 2020, "dt": "2020-11-27T06:43:56", "WOJ": 10, "sev": 2, "c": [ 255, 165, 0, 160 ], "dmg": 1, "sli": 0, "ser": 1, "fat": 0, "row": 2, "mot": -1, "pie": -1, "uto": -1, "uwr": -1 }, "geometry": { "type": "Point", "coordinates": [ 19.463694, 51.735 ] } },
{ "type": "Feature", "properties": { "ID": 109353923, "yr": 2020, "dt": "2020-08-18T13:58:00", "WOJ": 10, "sev": 2, "c": [ 255, 165, 0, 160 ], "dmg": 1, "sli": 0, "ser": 1, "fat": 0, "row": -1, "mot": -1, "pie": -1, "uto": -1, "uwr": -1 }, "geometry": { "type": "Point", "coordinates": [ 19.360361, 52.230222 ] } },
{ "type": "Feature", "properties": { "ID": 108647844, "yr": 2020, "dt": "2020-02-02T15:54:00", "WOJ": 10, "sev": 2, "c": [ 255, 165, 0, 160 ], "dmg": 1, "sli": 0, "ser": 1, "fat": 0, "row": -1, "mot": -1, "pie": 2, "uto": -1, "uwr": -1 }, "geometry": { "type": "Point", "coordinates": [ 19.453139, 51.772444 ] } },
{ "type": "Feature", "properties": { "ID": 109571312, "yr": 2020, "dt": "2020-11-27T20:53:00", "WOJ": 10, "sev": 2, "c": [ 255, 165, 0, 160 ], "dmg": 1, "sli": 0, "ser": 1, "fat": 0, "row": 2, "mot": -1, "pie": -1, "uto": -1, "uwr": -1 }, "geometry": { "type": "Point", "coordinates": [ 19.625694, 51.710556 ] } },
{ "type": "Feature", "properties": { "ID": 108650157, "yr": 2020, "dt": "2020-02-03T19:05:00", "WOJ": 10, "sev": 2, "c": [ 255, 165, 0, 160 ], "dmg": 1, "sli": 3, "ser": 1, "fat": 0, "row": -1, "mot": -1, "pie": -1, "uto": -1, "uwr": -1 }, "geometry": { "type": "Point", "coordinates": [ 20.032306, 51.533472 ] } },
{ "type": "Feature", "properties": { "ID": 108649075, "yr": 2020, "dt": "2020-02-03T05:06:00", "WOJ": 10, "sev": 2, "c": [ 255, 165, 0, 160 ], "dmg": 2, "sli": 0, "ser": 2, "fat": 0, "row": -1, "mot": -1, "pie": -1, "uto": -1, "uwr": -1 }, "geometry": { "type": "Point", "coordinates": [ 19.421806, 51.791972 ] } },
{ "type": "Feature", "properties": { "ID": 109355654, "yr": 2020, "dt": "2020-08-19T11:53:00", "WOJ": 10, "sev": 2, "c": [ 255, 165, 0, 160 ], "dmg": 1, "sli": 0, "ser": 1, "fat": 0, "row": -1, "mot": 2, "pie": -1, "uto": -1, "uwr": -1 }, "geometry": { "type": "Point", "coordinates": [ 19.229, 51.723583 ] } },
{ "type": "Feature", "properties": { "ID": 109571926, "yr": 2020, "dt": "2020-11-28T15:30:00", "WOJ": 10, "sev": 2, "c": [ 255, 165, 0, 160 ], "dmg": 1, "sli": 0, "ser": 1, "fat": 0, "row": -1, "mot": 2, "pie": -1, "uto": -1, "uwr": -1 }, "geometry": { "type": "Point", "coordinates": [ 19.057694, 52.078639 ] } },
{ "type": "Feature", "properties": { "ID": 108650143, "yr": 2020, "dt": "2020-02-03T18:17:00", "WOJ": 10, "sev": 2, "c": [ 255, 165, 0, 160 ], "dmg": 1, "sli": 0, "ser": 1, "fat": 0, "row": -1, "mot": -1, "pie": 2, "uto": -1, "uwr": -1 }, "geometry": { "type": "Point", "coordinates": [ 19.458139, 51.740694 ] } },
{ "type": "Feature", "properties": { "ID": 108650139, "yr": 2020, "dt": "2020-02-03T17:28:00", "WOJ": 10, "sev": 2, "c": [ 255, 165, 0, 160 ], "dmg": 1, "sli": 0, "ser": 1, "fat": 0, "row": -1, "mot": -1, "pie": 2, "uto": -1, "uwr": -1 }, "geometry": { "type": "Point", "coordinates": [ 19.457444, 51.752528 ] } },
{ "type": "Feature", "properties": { "ID": 109357092, "yr": 2020, "dt": "2020-08-19T16:22:00", "WOJ": 10, "sev": 2, "c": [ 255, 165, 0, 160 ], "dmg": 1, "sli": 0, "ser": 1, "fat": 0, "row": -1, "mot": 2, "pie": -1, "uto": -1, "uwr": -1 }, "geometry": { "type": "Point", "coordinates": [ 19.317528, 51.684528 ] } },
{ "type": "Feature", "properties": { "ID": 109572190, "yr": 2020, "dt": "2020-11-29T15:05:49", "WOJ": 10, "sev": 2, "c": [ 255, 165, 0, 160 ], "dmg": 1, "sli": 0, "ser": 1, "fat": 0, "row": -1, "mot": -1, "pie": 2, "uto": -1, "uwr": -1 }, "geometry": { "type": "Point", "coordinates": [ 19.445028, 51.736417 ] } },
{ "type": "Feature", "properties": { "ID": 109574782, "yr": 2020, "dt": "2020-11-30T09:00:36", "WOJ": 10, "sev": 2, "c": [ 255, 165, 0, 160 ], "dmg": 2, "sli": 0, "ser": 1, "fat": 0, "row": -1, "mot": -1, "pie": -1, "uto": -1, "uwr": -1 }, "geometry": { "type": "Point", "coordinates": [ 19.425944, 51.829722 ] } },
{ "type": "Feature", "properties": { "ID": 109357270, "yr": 2020, "dt": "2020-08-20T07:43:00", "WOJ": 10, "sev": 2, "c": [ 255, 165, 0, 160 ], "dmg": 1, "sli": 0, "ser": 2, "fat": 0, "row": -1, "mot": -1, "pie": 2, "uto": -1, "uwr": -1 }, "geometry": { "type": "Point", "coordinates": [ 19.461389, 51.784889 ] } },
{ "type": "Feature", "properties": { "ID": 109357422, "yr": 2020, "dt": "2020-08-20T10:45:00", "WOJ": 10, "sev": 2, "c": [ 255, 165, 0, 160 ], "dmg": 1, "sli": 0, "ser": 1, "fat": 0, "row": -1, "mot": -1, "pie": -1, "uto": -1, "uwr": -1 }, "geometry": { "type": "Point", "coordinates": [ 19.478778, 51.772639 ] } },
{ "type": "Feature", "properties": { "ID": 109572433, "yr": 2020, "dt": "2020-11-30T02:54:55", "WOJ": 10, "sev": 2, "c": [ 255, 165, 0, 160 ], "dmg": 1, "sli": 1, "ser": 1, "fat": 0, "row": -1, "mot": -1, "pie": -1, "uto": -1, "uwr": -1 }, "geometry": { "type": "Point", "coordinates": [ 19.477139, 51.800222 ] } },
{ "type": "Feature", "properties": { "ID": 108650916, "yr": 2020, "dt": "2020-02-04T05:55:00", "WOJ": 10, "sev": 2, "c": [ 255, 165, 0, 160 ], "dmg": 1, "sli": 0, "ser": 1, "fat": 0, "row": -1, "mot": -1, "pie": -1, "uto": -1, "uwr": -1 }, "geometry": { "type": "Point", "coordinates": [ 19.385806, 51.796444 ] } },
{ "type": "Feature", "properties": { "ID": 108654642, "yr": 2020, "dt": "2020-02-05T18:55:00", "WOJ": 10, "sev": 2, "c": [ 255, 165, 0, 160 ], "dmg": 1, "sli": 0, "ser": 1, "fat": 0, "row": -1, "mot": -1, "pie": 2, "uto": -1, "uwr": -1 }, "geometry": { "type": "Point", "coordinates": [ 19.494917, 51.738222 ] } },
{ "type": "Feature", "properties": { "ID": 109356127, "yr": 2020, "dt": "2020-08-20T18:40:00", "WOJ": 10, "sev": 2, "c": [ 255, 165, 0, 160 ], "dmg": 1, "sli": 1, "ser": 1, "fat": 0, "row": -1, "mot": 2, "pie": -1, "uto": -1, "uwr": -1 }, "geometry": { "type": "Point", "coordinates": [ 19.40125, 51.149083 ] } },
{ "type": "Feature", "properties": { "ID": 109357268, "yr": 2020, "dt": "2020-08-20T07:01:00", "WOJ": 10, "sev": 2, "c": [ 255, 165, 0, 160 ], "dmg": 2, "sli": 1, "ser": 1, "fat": 0, "row": -1, "mot": -1, "pie": -1, "uto": -1, "uwr": -1 }, "geometry": { "type": "Point", "coordinates": [ 19.469972, 51.763333 ] } },
{ "type": "Feature", "properties": { "ID": 109573403, "yr": 2020, "dt": "2020-11-30T07:58:00", "WOJ": 10, "sev": 2, "c": [ 255, 165, 0, 160 ], "dmg": 1, "sli": 0, "ser": 1, "fat": 0, "row": 2, "mot": -1, "pie": -1, "uto": -1, "uwr": -1 }, "geometry": { "type": "Point", "coordinates": [ 19.513028, 51.614139 ] } },
{ "type": "Feature", "properties": { "ID": 108656523, "yr": 2020, "dt": "2020-02-06T16:49:00", "WOJ": 10, "sev": 2, "c": [ 255, 165, 0, 160 ], "dmg": 1, "sli": 0, "ser": 1, "fat": 0, "row": -1, "mot": -1, "pie": 2, "uto": -1, "uwr": -1 }, "geometry": { "type": "Point", "coordinates": [ 19.503444, 51.727944 ] } },
{ "type": "Feature", "properties": { "ID": 109357946, "yr": 2020, "dt": "2020-08-20T16:03:00", "WOJ": 10, "sev": 2, "c": [ 255, 165, 0, 160 ], "dmg": 1, "sli": 0, "ser": 1, "fat": 0, "row": -1, "mot": -1, "pie": 2, "uto": -1, "uwr": -1 }, "geometry": { "type": "Point", "coordinates": [ 19.368278, 51.802694 ] } },
{ "type": "Feature", "properties": { "ID": 108655688, "yr": 2020, "dt": "2020-02-06T13:16:00", "WOJ": 10, "sev": 2, "c": [ 255, 165, 0, 160 ], "dmg": 0, "sli": 0, "ser": 2, "fat": 0, "row": -1, "mot": -1, "pie": -1, "uto": -1, "uwr": -1 }, "geometry": { "type": "Point", "coordinates": [ 19.507472, 51.771861 ] } },
{ "type": "Feature", "properties": { "ID": 108656678, "yr": 2020, "dt": "2020-02-06T18:45:00", "WOJ": 10, "sev": 2, "c": [ 255, 165, 0, 160 ], "dmg": 2, "sli": 0, "ser": 1, "fat": 0, "row": -1, "mot": -1, "pie": 2, "uto": -1, "uwr": -1 }, "geometry": { "type": "Point", "coordinates": [ 19.346194, 51.664694 ] } },
{ "type": "Feature", "properties": { "ID": 108656667, "yr": 2020, "dt": "2020-02-06T16:54:00", "WOJ": 10, "sev": 2, "c": [ 255, 165, 0, 160 ], "dmg": 1, "sli": 0, "ser": 1, "fat": 0, "row": -1, "mot": -1, "pie": 2, "uto": -1, "uwr": -1 }, "geometry": { "type": "Point", "coordinates": [ 19.364194, 51.663917 ] } },
{ "type": "Feature", "properties": { "ID": 108656441, "yr": 2020, "dt": "2020-02-06T14:43:00", "WOJ": 10, "sev": 2, "c": [ 255, 165, 0, 160 ], "dmg": 0, "sli": 2, "ser": 1, "fat": 0, "row": -1, "mot": -1, "pie": -1, "uto": -1, "uwr": -1 }, "geometry": { "type": "Point", "coordinates": [ 19.488444, 51.148833 ] } },
{ "type": "Feature", "properties": { "ID": 108657248, "yr": 2020, "dt": "2020-02-07T11:39:00", "WOJ": 10, "sev": 2, "c": [ 255, 165, 0, 160 ], "dmg": 2, "sli": 4, "ser": 2, "fat": 0, "row": -1, "mot": -1, "pie": -1, "uto": -1, "uwr": -1 }, "geometry": { "type": "Point", "coordinates": [ 19.4295, 51.755639 ] } },
{ "type": "Feature", "properties": { "ID": 108656888, "yr": 2020, "dt": "2020-02-07T08:25:00", "WOJ": 10, "sev": 2, "c": [ 255, 165, 0, 160 ], "dmg": 1, "sli": 0, "ser": 1, "fat": 0, "row": -1, "mot": -1, "pie": 2, "uto": -1, "uwr": -1 }, "geometry": { "type": "Point", "coordinates": [ 19.449306, 51.753528 ] } },
{ "type": "Feature", "properties": { "ID": 109577748, "yr": 2020, "dt": "2020-12-01T17:15:00", "WOJ": 10, "sev": 2, "c": [ 255, 165, 0, 160 ], "dmg": 1, "sli": 0, "ser": 1, "fat": 0, "row": -1, "mot": -1, "pie": -1, "uto": -1, "uwr": -1 }, "geometry": { "type": "Point", "coordinates": [ 19.458056, 51.741139 ] } },
{ "type": "Feature", "properties": { "ID": 109359797, "yr": 2020, "dt": "2020-08-21T18:59:00", "WOJ": 10, "sev": 2, "c": [ 255, 165, 0, 160 ], "dmg": 1, "sli": 0, "ser": 1, "fat": 0, "row": -1, "mot": -1, "pie": 2, "uto": -1, "uwr": -1 }, "geometry": { "type": "Point", "coordinates": [ 19.43125, 51.769194 ] } },
{ "type": "Feature", "properties": { "ID": 108659580, "yr": 2020, "dt": "2020-02-08T11:35:00", "WOJ": 10, "sev": 2, "c": [ 255, 165, 0, 160 ], "dmg": 1, "sli": 0, "ser": 1, "fat": 0, "row": -1, "mot": -1, "pie": -1, "uto": -1, "uwr": -1 }, "geometry": { "type": "Point", "coordinates": [ 19.424167, 51.798972 ] } },
{ "type": "Feature", "properties": { "ID": 108660433, "yr": 2020, "dt": "2020-02-09T14:25:00", "WOJ": 10, "sev": 2, "c": [ 255, 165, 0, 160 ], "dmg": 0, "sli": 0, "ser": 1, "fat": 0, "row": -1, "mot": -1, "pie": -1, "uto": -1, "uwr": -1 }, "geometry": { "type": "Point", "coordinates": [ 18.721889, 51.25325 ] } },
{ "type": "Feature", "properties": { "ID": 109358515, "yr": 2020, "dt": "2020-08-21T07:10:00", "WOJ": 10, "sev": 2, "c": [ 255, 165, 0, 160 ], "dmg": 1, "sli": 0, "ser": 1, "fat": 0, "row": 2, "mot": -1, "pie": -1, "uto": -1, "uwr": -1 }, "geometry": { "type": "Point", "coordinates": [ 19.421056, 51.786167 ] } },
{ "type": "Feature", "properties": { "ID": 109359528, "yr": 2020, "dt": "2020-08-21T16:17:00", "WOJ": 10, "sev": 2, "c": [ 255, 165, 0, 160 ], "dmg": 2, "sli": 0, "ser": 1, "fat": 0, "row": -1, "mot": -1, "pie": -1, "uto": -1, "uwr": -1 }, "geometry": { "type": "Point", "coordinates": [ 19.290333, 51.603 ] } },
{ "type": "Feature", "properties": { "ID": 109581481, "yr": 2020, "dt": "2020-12-02T10:35:00", "WOJ": 10, "sev": 2, "c": [ 255, 165, 0, 160 ], "dmg": 1, "sli": 0, "ser": 1, "fat": 0, "row": 2, "mot": -1, "pie": -1, "uto": -1, "uwr": -1 }, "geometry": { "type": "Point", "coordinates": [ 19.303278, 51.8235 ] } },
{ "type": "Feature", "properties": { "ID": 109592834, "yr": 2020, "dt": "2020-12-02T15:41:41", "WOJ": 10, "sev": 2, "c": [ 255, 165, 0, 160 ], "dmg": 2, "sli": 0, "ser": 1, "fat": 0, "row": -1, "mot": -1, "pie": -1, "uto": -1, "uwr": -1 }, "geometry": { "type": "Point", "coordinates": [ 19.424583, 51.798028 ] } },
{ "type": "Feature", "properties": { "ID": 108661453, "yr": 2020, "dt": "2020-02-09T16:35:00", "WOJ": 10, "sev": 2, "c": [ 255, 165, 0, 160 ], "dmg": 1, "sli": 0, "ser": 2, "fat": 0, "row": -1, "mot": -1, "pie": -1, "uto": -1, "uwr": -1 }, "geometry": { "type": "Point", "coordinates": [ 19.472806, 51.766833 ] } },
{ "type": "Feature", "properties": { "ID": 108663554, "yr": 2020, "dt": "2020-02-10T16:30:00", "WOJ": 10, "sev": 2, "c": [ 255, 165, 0, 160 ], "dmg": 2, "sli": 0, "ser": 1, "fat": 0, "row": -1, "mot": -1, "pie": -1, "uto": -1, "uwr": -1 }, "geometry": { "type": "Point", "coordinates": [ 19.637472, 51.418389 ] } },
{ "type": "Feature", "properties": { "ID": 109593282, "yr": 2020, "dt": "2020-12-03T10:51:51", "WOJ": 10, "sev": 2, "c": [ 255, 165, 0, 160 ], "dmg": 1, "sli": 0, "ser": 1, "fat": 0, "row": -1, "mot": -1, "pie": -1, "uto": -1, "uwr": -1 }, "geometry": { "type": "Point", "coordinates": [ 19.472333, 51.776194 ] } },
{ "type": "Feature", "properties": { "ID": 109360340, "yr": 2020, "dt": "2020-08-22T21:30:00", "WOJ": 10, "sev": 2, "c": [ 255, 165, 0, 160 ], "dmg": 1, "sli": 0, "ser": 1, "fat": 0, "row": -1, "mot": -1, "pie": 2, "uto": -1, "uwr": -1 }, "geometry": { "type": "Point", "coordinates": [ 19.449833, 51.784333 ] } },
{ "type": "Feature", "properties": { "ID": 109597914, "yr": 2020, "dt": "2020-12-04T07:35:00", "WOJ": 10, "sev": 2, "c": [ 255, 165, 0, 160 ], "dmg": 1, "sli": 0, "ser": 1, "fat": 0, "row": 2, "mot": -1, "pie": -1, "uto": -1, "uwr": -1 }, "geometry": { "type": "Point", "coordinates": [ 19.410889, 51.50625 ] } },
{ "type": "Feature", "properties": { "ID": 108662440, "yr": 2020, "dt": "2020-02-10T15:19:00", "WOJ": 10, "sev": 2, "c": [ 255, 165, 0, 160 ], "dmg": 1, "sli": 0, "ser": 1, "fat": 0, "row": -1, "mot": -1, "pie": -1, "uto": -1, "uwr": -1 }, "geometry": { "type": "Point", "coordinates": [ 19.433944, 51.757972 ] } },
{ "type": "Feature", "properties": { "ID": 108662710, "yr": 2020, "dt": "2020-02-10T14:35:00", "WOJ": 10, "sev": 2, "c": [ 255, 165, 0, 160 ], "dmg": 1, "sli": 0, "ser": 2, "fat": 0, "row": -1, "mot": -1, "pie": 2, "uto": -1, "uwr": -1 }, "geometry": { "type": "Point", "coordinates": [ 19.728889, 51.956694 ] } },
{ "type": "Feature", "properties": { "ID": 108662579, "yr": 2020, "dt": "2020-02-10T15:50:00", "WOJ": 10, "sev": 2, "c": [ 255, 165, 0, 160 ], "dmg": 1, "sli": 0, "ser": 1, "fat": 0, "row": 2, "mot": -1, "pie": -1, "uto": -1, "uwr": -1 }, "geometry": { "type": "Point", "coordinates": [ 19.481028, 51.73825 ] } },
{ "type": "Feature", "properties": { "ID": 108662355, "yr": 2020, "dt": "2020-02-10T17:57:00", "WOJ": 10, "sev": 2, "c": [ 255, 165, 0, 160 ], "dmg": 1, "sli": 0, "ser": 1, "fat": 0, "row": -1, "mot": -1, "pie": 2, "uto": -1, "uwr": -1 }, "geometry": { "type": "Point", "coordinates": [ 19.439611, 51.784806 ] } },
{ "type": "Feature", "properties": { "ID": 108664076, "yr": 2020, "dt": "2020-02-11T09:34:00", "WOJ": 10, "sev": 2, "c": [ 255, 165, 0, 160 ], "dmg": 2, "sli": 0, "ser": 2, "fat": 0, "row": -1, "mot": -1, "pie": -1, "uto": -1, "uwr": -1 }, "geometry": { "type": "Point", "coordinates": [ 19.394111, 51.795833 ] } },
{ "type": "Feature", "properties": { "ID": 108667645, "yr": 2020, "dt": "2020-02-12T12:54:00", "WOJ": 10, "sev": 2, "c": [ 255, 165, 0, 160 ], "dmg": 1, "sli": 0, "ser": 1, "fat": 0, "row": -1, "mot": -1, "pie": -1, "uto": -1, "uwr": -1 }, "geometry": { "type": "Point", "coordinates": [ 19.455028, 51.761778 ] } },
{ "type": "Feature", "properties": { "ID": 108668848, "yr": 2020, "dt": "2020-02-13T15:45:00", "WOJ": 10, "sev": 2, "c": [ 255, 165, 0, 160 ], "dmg": 1, "sli": 0, "ser": 1, "fat": 0, "row": -1, "mot": -1, "pie": 2, "uto": -1, "uwr": -1 }, "geometry": { "type": "Point", "coordinates": [ 19.495639, 51.762278 ] } },
{ "type": "Feature", "properties": { "ID": 109597075, "yr": 2020, "dt": "2020-12-04T14:04:36", "WOJ": 10, "sev": 2, "c": [ 255, 165, 0, 160 ], "dmg": 1, "sli": 0, "ser": 1, "fat": 0, "row": -1, "mot": -1, "pie": 2, "uto": -1, "uwr": -1 }, "geometry": { "type": "Point", "coordinates": [ 19.402528, 51.678056 ] } },
{ "type": "Feature", "properties": { "ID": 108668378, "yr": 2020, "dt": "2020-02-13T05:33:00", "WOJ": 10, "sev": 2, "c": [ 255, 165, 0, 160 ], "dmg": 1, "sli": 0, "ser": 1, "fat": 0, "row": -1, "mot": -1, "pie": 2, "uto": -1, "uwr": -1 }, "geometry": { "type": "Point", "coordinates": [ 19.486, 51.732472 ] } },
{ "type": "Feature", "properties": { "ID": 109594668, "yr": 2020, "dt": "2020-12-04T10:43:00", "WOJ": 10, "sev": 2, "c": [ 255, 165, 0, 160 ], "dmg": 1, "sli": 0, "ser": 1, "fat": 0, "row": -1, "mot": -1, "pie": 2, "uto": -1, "uwr": -1 }, "geometry": { "type": "Point", "coordinates": [ 19.435889, 51.789194 ] } },
{ "type": "Feature", "properties": { "ID": 109595916, "yr": 2020, "dt": "2020-12-04T00:27:11", "WOJ": 10, "sev": 2, "c": [ 255, 165, 0, 160 ], "dmg": 1, "sli": 0, "ser": 1, "fat": 0, "row": -1, "mot": -1, "pie": -1, "uto": -1, "uwr": -1 }, "geometry": { "type": "Point", "coordinates": [ 19.421417, 51.767278 ] } },
{ "type": "Feature", "properties": { "ID": 109597929, "yr": 2020, "dt": "2020-12-04T13:12:34", "WOJ": 10, "sev": 2, "c": [ 255, 165, 0, 160 ], "dmg": 1, "sli": 0, "ser": 1, "fat": 0, "row": -1, "mot": -1, "pie": -1, "uto": -1, "uwr": -1 }, "geometry": { "type": "Point", "coordinates": [ 19.426417, 51.784778 ] } },
{ "type": "Feature", "properties": { "ID": 109363280, "yr": 2020, "dt": "2020-08-24T18:32:00", "WOJ": 10, "sev": 2, "c": [ 255, 165, 0, 160 ], "dmg": 0, "sli": 0, "ser": 5, "fat": 0, "row": -1, "mot": -1, "pie": -1, "uto": -1, "uwr": -1 }, "geometry": { "type": "Point", "coordinates": [ 20.294722, 51.519056 ] } },
{ "type": "Feature", "properties": { "ID": 108672169, "yr": 2020, "dt": "2020-02-14T17:30:00", "WOJ": 10, "sev": 2, "c": [ 255, 165, 0, 160 ], "dmg": 1, "sli": 0, "ser": 1, "fat": 0, "row": -1, "mot": -1, "pie": 2, "uto": -1, "uwr": -1 }, "geometry": { "type": "Point", "coordinates": [ 19.605056, 51.902 ] } },
{ "type": "Feature", "properties": { "ID": 109362518, "yr": 2020, "dt": "2020-08-24T14:35:00", "WOJ": 10, "sev": 2, "c": [ 255, 165, 0, 160 ], "dmg": 1, "sli": 0, "ser": 1, "fat": 0, "row": 2, "mot": -1, "pie": -1, "uto": -1, "uwr": -1 }, "geometry": { "type": "Point", "coordinates": [ 19.494333, 51.735611 ] } },
{ "type": "Feature", "properties": { "ID": 108669290, "yr": 2020, "dt": "2020-02-14T01:02:00", "WOJ": 10, "sev": 2, "c": [ 255, 165, 0, 160 ], "dmg": 1, "sli": 0, "ser": 2, "fat": 0, "row": -1, "mot": -1, "pie": -1, "uto": -1, "uwr": -1 }, "geometry": { "type": "Point", "coordinates": [ 19.450028, 51.764944 ] } },
{ "type": "Feature", "properties": { "ID": 109610786, "yr": 2020, "dt": "2020-12-06T11:28:53", "WOJ": 10, "sev": 2, "c": [ 255, 165, 0, 160 ], "dmg": 0, "sli": 1, "ser": 1, "fat": 0, "row": -1, "mot": -1, "pie": -1, "uto": -1, "uwr": -1 }, "geometry": { "type": "Point", "coordinates": [ 19.508361, 51.789194 ] } },
{ "type": "Feature", "properties": { "ID": 108673022, "yr": 2020, "dt": "2020-02-15T12:00:00", "WOJ": 10, "sev": 2, "c": [ 255, 165, 0, 160 ], "dmg": 1, "sli": 0, "ser": 1, "fat": 0, "row": -1, "mot": -1, "pie": 2, "uto": -1, "uwr": -1 }, "geometry": { "type": "Point", "coordinates": [ 19.442083, 51.733194 ] } },
{ "type": "Feature", "properties": { "ID": 109363404, "yr": 2020, "dt": "2020-08-25T06:00:00", "WOJ": 10, "sev": 2, "c": [ 255, 165, 0, 160 ], "dmg": 1, "sli": 0, "ser": 1, "fat": 0, "row": -1, "mot": -1, "pie": -1, "uto": -1, "uwr": -1 }, "geometry": { "type": "Point", "coordinates": [ 19.356528, 52.339833 ] } },
{ "type": "Feature", "properties": { "ID": 108673479, "yr": 2020, "dt": "2020-02-15T16:06:00", "WOJ": 10, "sev": 2, "c": [ 255, 165, 0, 160 ], "dmg": 1, "sli": 0, "ser": 1, "fat": 0, "row": 0, "mot": -1, "pie": 2, "uto": -1, "uwr": -1 }, "geometry": { "type": "Point", "coordinates": [ 19.449472, 51.752778 ] } },
{ "type": "Feature", "properties": { "ID": 109652062, "yr": 2020, "dt": "2020-12-07T17:10:00", "WOJ": 10, "sev": 2, "c": [ 255, 165, 0, 160 ], "dmg": 1, "sli": 0, "ser": 1, "fat": 0, "row": -1, "mot": -1, "pie": 2, "uto": -1, "uwr": -1 }, "geometry": { "type": "Point", "coordinates": [ 19.420611, 51.838639 ] } },
{ "type": "Feature", "properties": { "ID": 109366206, "yr": 2020, "dt": "2020-08-25T22:18:00", "WOJ": 10, "sev": 2, "c": [ 255, 165, 0, 160 ], "dmg": 0, "sli": 0, "ser": 1, "fat": 0, "row": -1, "mot": -1, "pie": -1, "uto": -1, "uwr": -1 }, "geometry": { "type": "Point", "coordinates": [ 19.252944, 51.722778 ] } },
{ "type": "Feature", "properties": { "ID": 109651212, "yr": 2020, "dt": "2020-12-07T16:00:12", "WOJ": 10, "sev": 2, "c": [ 255, 165, 0, 160 ], "dmg": 1, "sli": 0, "ser": 1, "fat": 0, "row": 2, "mot": -1, "pie": -1, "uto": -1, "uwr": -1 }, "geometry": { "type": "Point", "coordinates": [ 19.461583, 51.74625 ] } },
{ "type": "Feature", "properties": { "ID": 109638944, "yr": 2020, "dt": "2020-12-07T13:01:42", "WOJ": 10, "sev": 2, "c": [ 255, 165, 0, 160 ], "dmg": 0, "sli": 0, "ser": 1, "fat": 0, "row": -1, "mot": -1, "pie": -1, "uto": -1, "uwr": -1 }, "geometry": { "type": "Point", "coordinates": [ 19.428944, 51.770056 ] } },
{ "type": "Feature", "properties": { "ID": 109368605, "yr": 2020, "dt": "2020-08-26T13:48:00", "WOJ": 10, "sev": 2, "c": [ 255, 165, 0, 160 ], "dmg": 2, "sli": 0, "ser": 1, "fat": 0, "row": -1, "mot": -1, "pie": -1, "uto": -1, "uwr": -1 }, "geometry": { "type": "Point", "coordinates": [ 19.534528, 51.761028 ] } },
{ "type": "Feature", "properties": { "ID": 108675625, "yr": 2020, "dt": "2020-02-16T18:42:00", "WOJ": 10, "sev": 2, "c": [ 255, 165, 0, 160 ], "dmg": 1, "sli": 0, "ser": 1, "fat": 0, "row": -1, "mot": -1, "pie": 2, "uto": -1, "uwr": -1 }, "geometry": { "type": "Point", "coordinates": [ 19.30325, 51.752 ] } },
{ "type": "Feature", "properties": { "ID": 108673901, "yr": 2020, "dt": "2020-02-16T13:45:00", "WOJ": 10, "sev": 2, "c": [ 255, 165, 0, 160 ], "dmg": 1, "sli": 0, "ser": 1, "fat": 0, "row": -1, "mot": -1, "pie": -1, "uto": -1, "uwr": -1 }, "geometry": { "type": "Point", "coordinates": [ 19.763917, 51.918167 ] } },
{ "type": "Feature", "properties": { "ID": 109652134, "yr": 2020, "dt": "2020-12-07T22:30:00", "WOJ": 10, "sev": 2, "c": [ 255, 165, 0, 160 ], "dmg": 1, "sli": 0, "ser": 1, "fat": 0, "row": -1, "mot": -1, "pie": -1, "uto": -1, "uwr": -1 }, "geometry": { "type": "Point", "coordinates": [ 19.628889, 51.531889 ] } },
{ "type": "Feature", "properties": { "ID": 109652715, "yr": 2020, "dt": "2020-12-08T07:30:00", "WOJ": 10, "sev": 2, "c": [ 255, 165, 0, 160 ], "dmg": 1, "sli": 0, "ser": 1, "fat": 0, "row": -1, "mot": -1, "pie": -1, "uto": -1, "uwr": -1 }, "geometry": { "type": "Point", "coordinates": [ 19.427111, 51.766139 ] } },
{ "type": "Feature", "properties": { "ID": 109708259, "yr": 2020, "dt": "2020-02-17T08:50:00", "WOJ": 10, "sev": 2, "c": [ 255, 165, 0, 160 ], "dmg": 1, "sli": 0, "ser": 1, "fat": 0, "row": 2, "mot": -1, "pie": -1, "uto": -1, "uwr": -1 }, "geometry": { "type": "Point", "coordinates": [ 19.444111, 51.790194 ] } },
{ "type": "Feature", "properties": { "ID": 109398872, "yr": 2020, "dt": "2020-08-27T13:30:00", "WOJ": 10, "sev": 2, "c": [ 255, 165, 0, 160 ], "dmg": 1, "sli": 0, "ser": 1, "fat": 0, "row": 2, "mot": -1, "pie": -1, "uto": -1, "uwr": -1 }, "geometry": { "type": "Point", "coordinates": [ 19.016139, 51.508806 ] } },
{ "type": "Feature", "properties": { "ID": 108685201, "yr": 2020, "dt": "2020-02-18T16:27:00", "WOJ": 10, "sev": 2, "c": [ 255, 165, 0, 160 ], "dmg": 0, "sli": 0, "ser": 1, "fat": 0, "row": -1, "mot": -1, "pie": -1, "uto": -1, "uwr": -1 }, "geometry": { "type": "Point", "coordinates": [ 19.503111, 51.710722 ] } },
{ "type": "Feature", "properties": { "ID": 108685221, "yr": 2020, "dt": "2020-02-18T16:47:00", "WOJ": 10, "sev": 2, "c": [ 255, 165, 0, 160 ], "dmg": 1, "sli": 0, "ser": 1, "fat": 0, "row": -1, "mot": -1, "pie": 2, "uto": -1, "uwr": -1 }, "geometry": { "type": "Point", "coordinates": [ 19.439583, 51.722639 ] } },
{ "type": "Feature", "properties": { "ID": 108685063, "yr": 2020, "dt": "2020-02-18T14:18:00", "WOJ": 10, "sev": 2, "c": [ 255, 165, 0, 160 ], "dmg": 1, "sli": 0, "ser": 1, "fat": 0, "row": -1, "mot": -1, "pie": 2, "uto": -1, "uwr": -1 }, "geometry": { "type": "Point", "coordinates": [ 19.460333, 51.777278 ] } },
{ "type": "Feature", "properties": { "ID": 108714725, "yr": 2020, "dt": "2020-02-20T08:07:00", "WOJ": 10, "sev": 2, "c": [ 255, 165, 0, 160 ], "dmg": 1, "sli": 0, "ser": 1, "fat": 0, "row": -1, "mot": -1, "pie": -1, "uto": -1, "uwr": -1 }, "geometry": { "type": "Point", "coordinates": [ 19.816306, 51.742056 ] } },
{ "type": "Feature", "properties": { "ID": 109655493, "yr": 2020, "dt": "2020-12-09T07:44:15", "WOJ": 10, "sev": 2, "c": [ 255, 165, 0, 160 ], "dmg": 1, "sli": 0, "ser": 1, "fat": 0, "row": 2, "mot": -1, "pie": -1, "uto": -1, "uwr": -1 }, "geometry": { "type": "Point", "coordinates": [ 19.245111, 51.072917 ] } },
{ "type": "Feature", "properties": { "ID": 109370883, "yr": 2020, "dt": "2020-08-28T18:08:00", "WOJ": 10, "sev": 2, "c": [ 255, 165, 0, 160 ], "dmg": 1, "sli": 0, "ser": 1, "fat": 0, "row": -1, "mot": -1, "pie": -1, "uto": -1, "uwr": -1 }, "geometry": { "type": "Point", "coordinates": [ 19.597528, 51.746694 ] } },
{ "type": "Feature", "properties": { "ID": 108714487, "yr": 2020, "dt": "2020-02-20T07:16:00", "WOJ": 10, "sev": 2, "c": [ 255, 165, 0, 160 ], "dmg": 1, "sli": 0, "ser": 1, "fat": 0, "row": -1, "mot": -1, "pie": 2, "uto": -1, "uwr": -1 }, "geometry": { "type": "Point", "coordinates": [ 19.495472, 51.725972 ] } },
{ "type": "Feature", "properties": { "ID": 108715058, "yr": 2020, "dt": "2020-02-20T18:31:00", "WOJ": 10, "sev": 2, "c": [ 255, 165, 0, 160 ], "dmg": 1, "sli": 0, "ser": 1, "fat": 0, "row": -1, "mot": -1, "pie": 2, "uto": -1, "uwr": -1 }, "geometry": { "type": "Point", "coordinates": [ 19.3995, 51.752111 ] } },
{ "type": "Feature", "properties": { "ID": 109657552, "yr": 2020, "dt": "2020-12-10T05:27:00", "WOJ": 10, "sev": 2, "c": [ 255, 165, 0, 160 ], "dmg": 1, "sli": 0, "ser": 1, "fat": 0, "row": -1, "mot": -1, "pie": 2, "uto": -1, "uwr": -1 }, "geometry": { "type": "Point", "coordinates": [ 19.3835, 51.741194 ] } },
{ "type": "Feature", "properties": { "ID": 109659689, "yr": 2020, "dt": "2020-12-11T04:35:55", "WOJ": 10, "sev": 2, "c": [ 255, 165, 0, 160 ], "dmg": 0, "sli": 0, "ser": 2, "fat": 0, "row": -1, "mot": -1, "pie": -1, "uto": -1, "uwr": -1 }, "geometry": { "type": "Point", "coordinates": [ 19.508056, 51.709167 ] } },
{ "type": "Feature", "properties": { "ID": 109661519, "yr": 2020, "dt": "2020-12-11T19:17:31", "WOJ": 10, "sev": 2, "c": [ 255, 165, 0, 160 ], "dmg": 0, "sli": 0, "ser": 2, "fat": 0, "row": -1, "mot": -1, "pie": -1, "uto": -1, "uwr": -1 }, "geometry": { "type": "Point", "coordinates": [ 19.473556, 51.711 ] } },
{ "type": "Feature", "properties": { "ID": 109662354, "yr": 2020, "dt": "2020-12-11T18:27:04", "WOJ": 10, "sev": 2, "c": [ 255, 165, 0, 160 ], "dmg": 1, "sli": 0, "ser": 1, "fat": 0, "row": -1, "mot": -1, "pie": -1, "uto": -1, "uwr": -1 }, "geometry": { "type": "Point", "coordinates": [ 19.430472, 51.750472 ] } },
{ "type": "Feature", "properties": { "ID": 109660866, "yr": 2020, "dt": "2020-12-11T12:44:01", "WOJ": 10, "sev": 2, "c": [ 255, 165, 0, 160 ], "dmg": 1, "sli": 0, "ser": 1, "fat": 0, "row": -1, "mot": -1, "pie": 2, "uto": -1, "uwr": -1 }, "geometry": { "type": "Point", "coordinates": [ 19.458472, 51.802611 ] } },
{ "type": "Feature", "properties": { "ID": 108716037, "yr": 2020, "dt": "2020-02-21T08:14:00", "WOJ": 10, "sev": 2, "c": [ 255, 165, 0, 160 ], "dmg": 1, "sli": 0, "ser": 1, "fat": 0, "row": -1, "mot": -1, "pie": -1, "uto": -1, "uwr": -1 }, "geometry": { "type": "Point", "coordinates": [ 19.457194, 51.717583 ] } },
{ "type": "Feature", "properties": { "ID": 108717366, "yr": 2020, "dt": "2020-02-21T19:00:00", "WOJ": 10, "sev": 2, "c": [ 255, 165, 0, 160 ], "dmg": 2, "sli": 0, "ser": 1, "fat": 0, "row": -1, "mot": -1, "pie": -1, "uto": -1, "uwr": -1 }, "geometry": { "type": "Point", "coordinates": [ 19.274944, 51.616139 ] } },
{ "type": "Feature", "properties": { "ID": 109370634, "yr": 2020, "dt": "2020-08-28T13:00:00", "WOJ": 10, "sev": 2, "c": [ 255, 165, 0, 160 ], "dmg": 0, "sli": 1, "ser": 1, "fat": 0, "row": -1, "mot": -1, "pie": -1, "uto": -1, "uwr": -1 }, "geometry": { "type": "Point", "coordinates": [ 20.010861, 51.604056 ] } },
{ "type": "Feature", "properties": { "ID": 108719919, "yr": 2020, "dt": "2020-02-22T18:40:00", "WOJ": 10, "sev": 2, "c": [ 255, 165, 0, 160 ], "dmg": 1, "sli": 0, "ser": 1, "fat": 0, "row": -1, "mot": -1, "pie": 2, "uto": -1, "uwr": -1 }, "geometry": { "type": "Point", "coordinates": [ 19.2025, 51.611389 ] } },
{ "type": "Feature", "properties": { "ID": 109663350, "yr": 2020, "dt": "2020-12-12T22:20:16", "WOJ": 10, "sev": 2, "c": [ 255, 165, 0, 160 ], "dmg": 1, "sli": 0, "ser": 1, "fat": 0, "row": -1, "mot": -1, "pie": 2, "uto": -1, "uwr": -1 }, "geometry": { "type": "Point", "coordinates": [ 19.434667, 51.755806 ] } },
{ "type": "Feature", "properties": { "ID": 109663345, "yr": 2020, "dt": "2020-12-12T18:00:00", "WOJ": 10, "sev": 2, "c": [ 255, 165, 0, 160 ], "dmg": 1, "sli": 0, "ser": 1, "fat": 0, "row": -1, "mot": -1, "pie": 2, "uto": -1, "uwr": -1 }, "geometry": { "type": "Point", "coordinates": [ 19.432611, 52.071194 ] } },
{ "type": "Feature", "properties": { "ID": 109370304, "yr": 2020, "dt": "2020-08-28T13:42:00", "WOJ": 10, "sev": 2, "c": [ 255, 165, 0, 160 ], "dmg": 1, "sli": 0, "ser": 1, "fat": 0, "row": 2, "mot": -1, "pie": -1, "uto": -1, "uwr": -1 }, "geometry": { "type": "Point", "coordinates": [ 19.400306, 51.677917 ] } },
{ "type": "Feature", "properties": { "ID": 109664547, "yr": 2020, "dt": "2020-12-13T21:35:00", "WOJ": 10, "sev": 2, "c": [ 255, 165, 0, 160 ], "dmg": 0, "sli": 0, "ser": 1, "fat": 0, "row": -1, "mot": -1, "pie": -1, "uto": -1, "uwr": -1 }, "geometry": { "type": "Point", "coordinates": [ 19.227889, 52.033917 ] } },
{ "type": "Feature", "properties": { "ID": 108719078, "yr": 2020, "dt": "2020-02-22T23:40:00", "WOJ": 10, "sev": 2, "c": [ 255, 165, 0, 160 ], "dmg": 0, "sli": 0, "ser": 1, "fat": 0, "row": -1, "mot": -1, "pie": -1, "uto": -1, "uwr": -1 }, "geometry": { "type": "Point", "coordinates": [ 19.4105, 52.290444 ] } },
{ "type": "Feature", "properties": { "ID": 108718670, "yr": 2020, "dt": "2020-02-22T12:50:00", "WOJ": 10, "sev": 2, "c": [ 255, 165, 0, 160 ], "dmg": 1, "sli": 0, "ser": 1, "fat": 0, "row": -1, "mot": -1, "pie": -1, "uto": -1, "uwr": -1 }, "geometry": { "type": "Point", "coordinates": [ 19.434556, 51.716444 ] } },
{ "type": "Feature", "properties": { "ID": 108720557, "yr": 2020, "dt": "2020-02-23T20:30:00", "WOJ": 10, "sev": 2, "c": [ 255, 165, 0, 160 ], "dmg": 1, "sli": 0, "ser": 1, "fat": 0, "row": 2, "mot": -1, "pie": -1, "uto": -1, "uwr": -1 }, "geometry": { "type": "Point", "coordinates": [ 19.94975, 52.122778 ] } },
{ "type": "Feature", "properties": { "ID": 108721401, "yr": 2020, "dt": "2020-02-24T22:19:00", "WOJ": 10, "sev": 2, "c": [ 255, 165, 0, 160 ], "dmg": 1, "sli": 0, "ser": 4, "fat": 0, "row": -1, "mot": -1, "pie": -1, "uto": -1, "uwr": -1 }, "geometry": { "type": "Point", "coordinates": [ 19.483722, 51.7615 ] } },
{ "type": "Feature", "properties": { "ID": 108721407, "yr": 2020, "dt": "2020-02-24T21:25:00", "WOJ": 10, "sev": 2, "c": [ 255, 165, 0, 160 ], "dmg": 0, "sli": 0, "ser": 1, "fat": 0, "row": -1, "mot": -1, "pie": -1, "uto": -1, "uwr": -1 }, "geometry": { "type": "Point", "coordinates": [ 19.589167, 51.894167 ] } },
{ "type": "Feature", "properties": { "ID": 108722529, "yr": 2020, "dt": "2020-02-25T09:34:00", "WOJ": 10, "sev": 2, "c": [ 255, 165, 0, 160 ], "dmg": 1, "sli": 0, "ser": 1, "fat": 0, "row": 2, "mot": -1, "pie": -1, "uto": -1, "uwr": -1 }, "geometry": { "type": "Point", "coordinates": [ 19.429361, 51.7635 ] } },
{ "type": "Feature", "properties": { "ID": 108721790, "yr": 2020, "dt": "2020-02-25T10:00:00", "WOJ": 10, "sev": 2, "c": [ 255, 165, 0, 160 ], "dmg": 1, "sli": 0, "ser": 1, "fat": 0, "row": -1, "mot": -1, "pie": -1, "uto": -1, "uwr": -1 }, "geometry": { "type": "Point", "coordinates": [ 19.48875, 51.737528 ] } },
{ "type": "Feature", "properties": { "ID": 108723022, "yr": 2020, "dt": "2020-02-25T17:41:00", "WOJ": 10, "sev": 2, "c": [ 255, 165, 0, 160 ], "dmg": 1, "sli": 0, "ser": 1, "fat": 0, "row": -1, "mot": -1, "pie": 2, "uto": -1, "uwr": -1 }, "geometry": { "type": "Point", "coordinates": [ 19.519611, 51.835694 ] } },
{ "type": "Feature", "properties": { "ID": 109677395, "yr": 2020, "dt": "2020-12-14T13:29:00", "WOJ": 10, "sev": 2, "c": [ 255, 165, 0, 160 ], "dmg": 1, "sli": 0, "ser": 1, "fat": 0, "row": -1, "mot": -1, "pie": -1, "uto": -1, "uwr": -1 }, "geometry": { "type": "Point", "coordinates": [ 19.416528, 51.747972 ] } },
{ "type": "Feature", "properties": { "ID": 108721422, "yr": 2020, "dt": "2020-02-25T06:15:00", "WOJ": 10, "sev": 2, "c": [ 255, 165, 0, 160 ], "dmg": 1, "sli": 0, "ser": 1, "fat": 0, "row": -1, "mot": -1, "pie": 2, "uto": -1, "uwr": -1 }, "geometry": { "type": "Point", "coordinates": [ 19.435694, 51.789222 ] } },
{ "type": "Feature", "properties": { "ID": 108722178, "yr": 2020, "dt": "2020-02-25T15:42:00", "WOJ": 10, "sev": 2, "c": [ 255, 165, 0, 160 ], "dmg": 1, "sli": 0, "ser": 1, "fat": 0, "row": -1, "mot": -1, "pie": -1, "uto": -1, "uwr": -1 }, "geometry": { "type": "Point", "coordinates": [ 19.505389, 51.749556 ] } },
{ "type": "Feature", "properties": { "ID": 108722587, "yr": 2020, "dt": "2020-02-25T11:11:00", "WOJ": 10, "sev": 2, "c": [ 255, 165, 0, 160 ], "dmg": 1, "sli": 0, "ser": 1, "fat": 0, "row": -1, "mot": -1, "pie": -1, "uto": -1, "uwr": -1 }, "geometry": { "type": "Point", "coordinates": [ 19.463333, 51.757722 ] } },
{ "type": "Feature", "properties": { "ID": 109664549, "yr": 2020, "dt": "2020-12-14T05:34:36", "WOJ": 10, "sev": 2, "c": [ 255, 165, 0, 160 ], "dmg": 1, "sli": 0, "ser": 2, "fat": 0, "row": -1, "mot": -1, "pie": -1, "uto": -1, "uwr": -1 }, "geometry": { "type": "Point", "coordinates": [ 19.447556, 51.757444 ] } },
{ "type": "Feature", "properties": { "ID": 109664807, "yr": 2020, "dt": "2020-12-14T08:16:11", "WOJ": 10, "sev": 2, "c": [ 255, 165, 0, 160 ], "dmg": 0, "sli": 0, "ser": 1, "fat": 0, "row": -1, "mot": -1, "pie": -1, "uto": -1, "uwr": -1 }, "geometry": { "type": "Point", "coordinates": [ 20.125361, 51.891139 ] } },
{ "type": "Feature", "properties": { "ID": 108723788, "yr": 2020, "dt": "2020-02-26T09:15:00", "WOJ": 10, "sev": 2, "c": [ 255, 165, 0, 160 ], "dmg": 1, "sli": 1, "ser": 1, "fat": 0, "row": -1, "mot": -1, "pie": -1, "uto": -1, "uwr": -1 }, "geometry": { "type": "Point", "coordinates": [ 19.360472, 52.239639 ] } },
{ "type": "Feature", "properties": { "ID": 109668466, "yr": 2020, "dt": "2020-12-15T22:00:00", "WOJ": 10, "sev": 2, "c": [ 255, 165, 0, 160 ], "dmg": 1, "sli": 0, "ser": 1, "fat": 0, "row": -1, "mot": -1, "pie": 2, "uto": -1, "uwr": -1 }, "geometry": { "type": "Point", "coordinates": [ 19.333278, 51.379778 ] } },
{ "type": "Feature", "properties": { "ID": 109373546, "yr": 2020, "dt": "2020-08-31T17:20:00", "WOJ": 10, "sev": 2, "c": [ 255, 165, 0, 160 ], "dmg": 1, "sli": 0, "ser": 1, "fat": 0, "row": 2, "mot": -1, "pie": -1, "uto": -1, "uwr": -1 }, "geometry": { "type": "Point", "coordinates": [ 19.481556, 51.77975 ] } },
{ "type": "Feature", "properties": { "ID": 108725454, "yr": 2020, "dt": "2020-02-26T09:34:00", "WOJ": 10, "sev": 2, "c": [ 255, 165, 0, 160 ], "dmg": 1, "sli": 0, "ser": 1, "fat": 0, "row": -1, "mot": -1, "pie": 2, "uto": -1, "uwr": -1 }, "geometry": { "type": "Point", "coordinates": [ 19.362528, 52.23125 ] } },
{ "type": "Feature", "properties": { "ID": 108725047, "yr": 2020, "dt": "2020-02-26T17:40:00", "WOJ": 10, "sev": 2, "c": [ 255, 165, 0, 160 ], "dmg": 1, "sli": 0, "ser": 1, "fat": 0, "row": -1, "mot": -1, "pie": 2, "uto": -1, "uwr": -1 }, "geometry": { "type": "Point", "coordinates": [ 19.481722, 51.737056 ] } },
{ "type": "Feature", "properties": { "ID": 108729871, "yr": 2020, "dt": "2020-02-28T04:42:00", "WOJ": 10, "sev": 2, "c": [ 255, 165, 0, 160 ], "dmg": 0, "sli": 1, "ser": 1, "fat": 0, "row": -1, "mot": -1, "pie": -1, "uto": -1, "uwr": -1 }, "geometry": { "type": "Point", "coordinates": [ 19.43275, 51.798111 ] } },
{ "type": "Feature", "properties": { "ID": 108730769, "yr": 2020, "dt": "2020-02-28T09:55:00", "WOJ": 10, "sev": 2, "c": [ 255, 165, 0, 160 ], "dmg": 2, "sli": 0, "ser": 2, "fat": 0, "row": -1, "mot": -1, "pie": -1, "uto": -1, "uwr": -1 }, "geometry": { "type": "Point", "coordinates": [ 19.447306, 51.7635 ] } },
{ "type": "Feature", "properties": { "ID": 109678232, "yr": 2020, "dt": "2020-12-16T21:55:00", "WOJ": 10, "sev": 2, "c": [ 255, 165, 0, 160 ], "dmg": 1, "sli": 0, "ser": 1, "fat": 0, "row": -1, "mot": -1, "pie": 2, "uto": -1, "uwr": -1 }, "geometry": { "type": "Point", "coordinates": [ 19.5015, 51.762861 ] } },
{ "type": "Feature", "properties": { "ID": 108731187, "yr": 2020, "dt": "2020-02-28T16:01:00", "WOJ": 10, "sev": 2, "c": [ 255, 165, 0, 160 ], "dmg": 2, "sli": 0, "ser": 1, "fat": 0, "row": -1, "mot": -1, "pie": -1, "uto": -1, "uwr": -1 }, "geometry": { "type": "Point", "coordinates": [ 19.4545, 51.790778 ] } },
{ "type": "Feature", "properties": { "ID": 109678249, "yr": 2020, "dt": "2020-12-16T18:53:59", "WOJ": 10, "sev": 2, "c": [ 255, 165, 0, 160 ], "dmg": 1, "sli": 0, "ser": 1, "fat": 0, "row": -1, "mot": -1, "pie": 2, "uto": -1, "uwr": -1 }, "geometry": { "type": "Point", "coordinates": [ 19.337278, 51.658278 ] } },
{ "type": "Feature", "properties": { "ID": 109375975, "yr": 2020, "dt": "2020-08-31T21:50:00", "WOJ": 10, "sev": 2, "c": [ 255, 165, 0, 160 ], "dmg": 1, "sli": 1, "ser": 2, "fat": 0, "row": -1, "mot": -1, "pie": -1, "uto": -1, "uwr": -1 }, "geometry": { "type": "Point", "coordinates": [ 19.616806, 51.923361 ] } },
{ "type": "Feature", "properties": { "ID": 109670159, "yr": 2020, "dt": "2020-12-16T05:35:00", "WOJ": 10, "sev": 2, "c": [ 255, 165, 0, 160 ], "dmg": 1, "sli": 0, "ser": 1, "fat": 0, "row": 2, "mot": -1, "pie": -1, "uto": -1, "uwr": -1 }, "geometry": { "type": "Point", "coordinates": [ 19.483083, 51.722583 ] } },
{ "type": "Feature", "properties": { "ID": 108732662, "yr": 2020, "dt": "2020-02-29T09:50:00", "WOJ": 10, "sev": 2, "c": [ 255, 165, 0, 160 ], "dmg": 1, "sli": 0, "ser": 1, "fat": 0, "row": -1, "mot": -1, "pie": 2, "uto": -1, "uwr": -1 }, "geometry": { "type": "Point", "coordinates": [ 19.322722, 51.807139 ] } },
{ "type": "Feature", "properties": { "ID": 108733676, "yr": 2020, "dt": "2020-02-29T12:49:00", "WOJ": 10, "sev": 2, "c": [ 255, 165, 0, 160 ], "dmg": 1, "sli": 0, "ser": 1, "fat": 0, "row": -1, "mot": -1, "pie": 2, "uto": -1, "uwr": -1 }, "geometry": { "type": "Point", "coordinates": [ 19.462861, 51.803139 ] } },
{ "type": "Feature", "properties": { "ID": 108732919, "yr": 2020, "dt": "2020-02-29T18:07:00", "WOJ": 10, "sev": 2, "c": [ 255, 165, 0, 160 ], "dmg": 2, "sli": 1, "ser": 1, "fat": 0, "row": -1, "mot": -1, "pie": -1, "uto": -1, "uwr": -1 }, "geometry": { "type": "Point", "coordinates": [ 19.438472, 51.745472 ] } },
{ "type": "Feature", "properties": { "ID": 109377190, "yr": 2020, "dt": "2020-09-01T14:25:00", "WOJ": 10, "sev": 2, "c": [ 255, 165, 0, 160 ], "dmg": 1, "sli": 0, "ser": 1, "fat": 0, "row": -1, "mot": -1, "pie": 2, "uto": -1, "uwr": -1 }, "geometry": { "type": "Point", "coordinates": [ 19.459222, 51.756056 ] } },
{ "type": "Feature", "properties": { "ID": 108733422, "yr": 2020, "dt": "2020-03-01T20:00:00", "WOJ": 10, "sev": 2, "c": [ 255, 165, 0, 160 ], "dmg": 1, "sli": 0, "ser": 1, "fat": 0, "row": -1, "mot": -1, "pie": 2, "uto": -1, "uwr": -1 }, "geometry": { "type": "Point", "coordinates": [ 20.266944, 51.819278 ] } },
{ "type": "Feature", "properties": { "ID": 109680246, "yr": 2020, "dt": "2020-12-17T22:50:00", "WOJ": 10, "sev": 2, "c": [ 255, 165, 0, 160 ], "dmg": 1, "sli": 0, "ser": 1, "fat": 0, "row": -1, "mot": -1, "pie": -1, "uto": -1, "uwr": -1 }, "geometry": { "type": "Point", "coordinates": [ 19.421306, 51.767389 ] } },
{ "type": "Feature", "properties": { "ID": 108734099, "yr": 2020, "dt": "2020-03-01T16:27:00", "WOJ": 10, "sev": 2, "c": [ 255, 165, 0, 160 ], "dmg": 0, "sli": 0, "ser": 1, "fat": 0, "row": -1, "mot": 2, "pie": -1, "uto": -1, "uwr": -1 }, "geometry": { "type": "Point", "coordinates": [ 20.153083, 51.965444 ] } },
{ "type": "Feature", "properties": { "ID": 109678874, "yr": 2020, "dt": "2020-12-17T13:40:00", "WOJ": 10, "sev": 2, "c": [ 255, 165, 0, 160 ], "dmg": 1, "sli": 0, "ser": 1, "fat": 0, "row": -1, "mot": -1, "pie": 2, "uto": -1, "uwr": -1 }, "geometry": { "type": "Point", "coordinates": [ 19.301111, 51.819972 ] } },
{ "type": "Feature", "properties": { "ID": 108736215, "yr": 2020, "dt": "2020-03-02T16:34:00", "WOJ": 10, "sev": 2, "c": [ 255, 165, 0, 160 ], "dmg": 2, "sli": 0, "ser": 1, "fat": 0, "row": -1, "mot": -1, "pie": -1, "uto": -1, "uwr": -1 }, "geometry": { "type": "Point", "coordinates": [ 19.435028, 51.75625 ] } },
{ "type": "Feature", "properties": { "ID": 109688315, "yr": 2020, "dt": "2020-12-17T18:15:00", "WOJ": 10, "sev": 2, "c": [ 255, 165, 0, 160 ], "dmg": 1, "sli": 0, "ser": 1, "fat": 0, "row": 2, "mot": -1, "pie": -1, "uto": -1, "uwr": -1 }, "geometry": { "type": "Point", "coordinates": [ 19.438111, 51.071917 ] } },
{ "type": "Feature", "properties": { "ID": 108736217, "yr": 2020, "dt": "2020-03-02T18:00:00", "WOJ": 10, "sev": 2, "c": [ 255, 165, 0, 160 ], "dmg": 2, "sli": 0, "ser": 2, "fat": 0, "row": -1, "mot": -1, "pie": -1, "uto": -1, "uwr": -1 }, "geometry": { "type": "Point", "coordinates": [ 19.440444, 51.744917 ] } },
{ "type": "Feature", "properties": { "ID": 108736247, "yr": 2020, "dt": "2020-03-02T21:09:00", "WOJ": 10, "sev": 2, "c": [ 255, 165, 0, 160 ], "dmg": 1, "sli": 0, "ser": 1, "fat": 0, "row": -1, "mot": -1, "pie": -1, "uto": -1, "uwr": -1 }, "geometry": { "type": "Point", "coordinates": [ 19.422083, 51.742917 ] } },
{ "type": "Feature", "properties": { "ID": 109681743, "yr": 2020, "dt": "2020-12-18T18:48:59", "WOJ": 10, "sev": 2, "c": [ 255, 165, 0, 160 ], "dmg": 1, "sli": 0, "ser": 1, "fat": 0, "row": -1, "mot": -1, "pie": 2, "uto": -1, "uwr": -1 }, "geometry": { "type": "Point", "coordinates": [ 19.470139, 51.728667 ] } },
{ "type": "Feature", "properties": { "ID": 108736565, "yr": 2020, "dt": "2020-03-03T07:04:00", "WOJ": 10, "sev": 2, "c": [ 255, 165, 0, 160 ], "dmg": 1, "sli": 0, "ser": 1, "fat": 0, "row": 2, "mot": -1, "pie": -1, "uto": -1, "uwr": -1 }, "geometry": { "type": "Point", "coordinates": [ 19.546306, 51.758972 ] } },
{ "type": "Feature", "properties": { "ID": 109681965, "yr": 2020, "dt": "2020-12-18T18:30:00", "WOJ": 10, "sev": 2, "c": [ 255, 165, 0, 160 ], "dmg": 1, "sli": 0, "ser": 1, "fat": 0, "row": -1, "mot": -1, "pie": 2, "uto": -1, "uwr": -1 }, "geometry": { "type": "Point", "coordinates": [ 19.284722, 51.795556 ] } },
{ "type": "Feature", "properties": { "ID": 108738399, "yr": 2020, "dt": "2020-03-03T23:09:00", "WOJ": 10, "sev": 2, "c": [ 255, 165, 0, 160 ], "dmg": 1, "sli": 0, "ser": 1, "fat": 0, "row": -1, "mot": -1, "pie": 2, "uto": -1, "uwr": -1 }, "geometry": { "type": "Point", "coordinates": [ 18.60575, 51.418556 ] } },
{ "type": "Feature", "properties": { "ID": 109683610, "yr": 2020, "dt": "2020-12-19T16:26:00", "WOJ": 10, "sev": 2, "c": [ 255, 165, 0, 160 ], "dmg": 1, "sli": 0, "ser": 2, "fat": 0, "row": -1, "mot": -1, "pie": -1, "uto": -1, "uwr": -1 }, "geometry": { "type": "Point", "coordinates": [ 19.439056, 51.747667 ] } },
{ "type": "Feature", "properties": { "ID": 108736624, "yr": 2020, "dt": "2020-03-03T08:36:00", "WOJ": 10, "sev": 2, "c": [ 255, 165, 0, 160 ], "dmg": 1, "sli": 0, "ser": 1, "fat": 0, "row": -1, "mot": -1, "pie": -1, "uto": -1, "uwr": -1 }, "geometry": { "type": "Point", "coordinates": [ 19.425083, 51.752278 ] } },
{ "type": "Feature", "properties": { "ID": 108737420, "yr": 2020, "dt": "2020-03-03T20:03:00", "WOJ": 10, "sev": 2, "c": [ 255, 165, 0, 160 ], "dmg": 1, "sli": 0, "ser": 1, "fat": 0, "row": -1, "mot": -1, "pie": 2, "uto": -1, "uwr": -1 }, "geometry": { "type": "Point", "coordinates": [ 19.448611, 51.8195 ] } },
{ "type": "Feature", "properties": { "ID": 108738370, "yr": 2020, "dt": "2020-03-03T19:35:00", "WOJ": 10, "sev": 2, "c": [ 255, 165, 0, 160 ], "dmg": 1, "sli": 0, "ser": 1, "fat": 0, "row": -1, "mot": -1, "pie": 2, "uto": -1, "uwr": -1 }, "geometry": { "type": "Point", "coordinates": [ 19.436028, 51.785556 ] } },
{ "type": "Feature", "properties": { "ID": 109684834, "yr": 2020, "dt": "2020-12-19T20:24:55", "WOJ": 10, "sev": 2, "c": [ 255, 165, 0, 160 ], "dmg": 2, "sli": 0, "ser": 1, "fat": 0, "row": -1, "mot": -1, "pie": 0, "uto": -1, "uwr": -1 }, "geometry": { "type": "Point", "coordinates": [ 19.463806, 51.726278 ] } },
{ "type": "Feature", "properties": { "ID": 109684801, "yr": 2020, "dt": "2020-12-19T16:25:00", "WOJ": 10, "sev": 2, "c": [ 255, 165, 0, 160 ], "dmg": 1, "sli": 0, "ser": 1, "fat": 0, "row": -1, "mot": -1, "pie": 2, "uto": -1, "uwr": -1 }, "geometry": { "type": "Point", "coordinates": [ 19.338, 51.812278 ] } },
{ "type": "Feature", "properties": { "ID": 109685189, "yr": 2020, "dt": "2020-12-20T14:30:00", "WOJ": 10, "sev": 2, "c": [ 255, 165, 0, 160 ], "dmg": 0, "sli": 1, "ser": 1, "fat": 0, "row": -1, "mot": -1, "pie": -1, "uto": -1, "uwr": -1 }, "geometry": { "type": "Point", "coordinates": [ 19.390694, 52.26975 ] } },
{ "type": "Feature", "properties": { "ID": 109378117, "yr": 2020, "dt": "2020-09-02T08:45:00", "WOJ": 10, "sev": 2, "c": [ 255, 165, 0, 160 ], "dmg": 2, "sli": 2, "ser": 1, "fat": 0, "row": -1, "mot": -1, "pie": -1, "uto": -1, "uwr": -1 }, "geometry": { "type": "Point", "coordinates": [ 19.359028, 52.334111 ] } },
{ "type": "Feature", "properties": { "ID": 108740244, "yr": 2020, "dt": "2020-03-05T05:41:00", "WOJ": 10, "sev": 2, "c": [ 255, 165, 0, 160 ], "dmg": 1, "sli": 0, "ser": 1, "fat": 0, "row": 2, "mot": -1, "pie": -1, "uto": -1, "uwr": -1 }, "geometry": { "type": "Point", "coordinates": [ 19.527, 51.734639 ] } },
{ "type": "Feature", "properties": { "ID": 109687392, "yr": 2020, "dt": "2020-12-21T16:45:29", "WOJ": 10, "sev": 2, "c": [ 255, 165, 0, 160 ], "dmg": 0, "sli": 0, "ser": 2, "fat": 0, "row": -1, "mot": -1, "pie": -1, "uto": -1, "uwr": -1 }, "geometry": { "type": "Point", "coordinates": [ 19.619306, 50.936306 ] } },
{ "type": "Feature", "properties": { "ID": 109378440, "yr": 2020, "dt": "2020-09-02T13:35:00", "WOJ": 10, "sev": 2, "c": [ 255, 165, 0, 160 ], "dmg": 1, "sli": 0, "ser": 1, "fat": 0, "row": -1, "mot": -1, "pie": -1, "uto": -1, "uwr": -1 }, "geometry": { "type": "Point", "coordinates": [ 19.351778, 52.230889 ] } },
{ "type": "Feature", "properties": { "ID": 109686456, "yr": 2020, "dt": "2020-12-21T15:20:00", "WOJ": 10, "sev": 2, "c": [ 255, 165, 0, 160 ], "dmg": 1, "sli": 0, "ser": 1, "fat": 0, "row": 2, "mot": -1, "pie": -1, "uto": -1, "uwr": -1 }, "geometry": { "type": "Point", "coordinates": [ 19.484611, 51.782722 ] } },
{ "type": "Feature", "properties": { "ID": 108743158, "yr": 2020, "dt": "2020-03-05T21:40:00", "WOJ": 10, "sev": 2, "c": [ 255, 165, 0, 160 ], "dmg": 1, "sli": 0, "ser": 1, "fat": 0, "row": -1, "mot": -1, "pie": 2, "uto": -1, "uwr": -1 }, "geometry": { "type": "Point", "coordinates": [ 19.478333, 51.774611 ] } },
{ "type": "Feature", "properties": { "ID": 109383320, "yr": 2020, "dt": "2020-09-03T22:35:00", "WOJ": 10, "sev": 2, "c": [ 255, 165, 0, 160 ], "dmg": 1, "sli": 0, "ser": 1, "fat": 0, "row": -1, "mot": -1, "pie": 2, "uto": -1, "uwr": -1 }, "geometry": { "type": "Point", "coordinates": [ 19.771972, 51.391667 ] } },
{ "type": "Feature", "properties": { "ID": 109383018, "yr": 2020, "dt": "2020-09-03T18:08:00", "WOJ": 10, "sev": 2, "c": [ 255, 165, 0, 160 ], "dmg": 1, "sli": 0, "ser": 3, "fat": 0, "row": -1, "mot": -1, "pie": -1, "uto": -1, "uwr": -1 }, "geometry": { "type": "Point", "coordinates": [ 19.428806, 51.757917 ] } },
{ "type": "Feature", "properties": { "ID": 109383169, "yr": 2020, "dt": "2020-09-03T20:52:00", "WOJ": 10, "sev": 2, "c": [ 255, 165, 0, 160 ], "dmg": 1, "sli": 0, "ser": 1, "fat": 0, "row": 2, "mot": -1, "pie": -1, "uto": -1, "uwr": -1 }, "geometry": { "type": "Point", "coordinates": [ 19.458806, 51.737528 ] } },
{ "type": "Feature", "properties": { "ID": 109687425, "yr": 2020, "dt": "2020-12-21T19:01:00", "WOJ": 10, "sev": 2, "c": [ 255, 165, 0, 160 ], "dmg": 1, "sli": 0, "ser": 1, "fat": 0, "row": -1, "mot": -1, "pie": 2, "uto": -1, "uwr": -1 }, "geometry": { "type": "Point", "coordinates": [ 19.494361, 51.793528 ] } },
{ "type": "Feature", "properties": { "ID": 108742333, "yr": 2020, "dt": "2020-03-05T19:55:00", "WOJ": 10, "sev": 2, "c": [ 255, 165, 0, 160 ], "dmg": 2, "sli": 0, "ser": 1, "fat": 0, "row": -1, "mot": -1, "pie": -1, "uto": -1, "uwr": -1 }, "geometry": { "type": "Point", "coordinates": [ 19.44975, 51.786972 ] } },
{ "type": "Feature", "properties": { "ID": 109689099, "yr": 2020, "dt": "2020-12-22T21:00:00", "WOJ": 10, "sev": 2, "c": [ 255, 165, 0, 160 ], "dmg": 1, "sli": 0, "ser": 1, "fat": 0, "row": -1, "mot": -1, "pie": 2, "uto": -1, "uwr": -1 }, "geometry": { "type": "Point", "coordinates": [ 19.146528, 51.586361 ] } },
{ "type": "Feature", "properties": { "ID": 109688717, "yr": 2020, "dt": "2020-12-22T15:31:47", "WOJ": 10, "sev": 2, "c": [ 255, 165, 0, 160 ], "dmg": 1, "sli": 0, "ser": 1, "fat": 0, "row": -1, "mot": -1, "pie": 2, "uto": -1, "uwr": -1 }, "geometry": { "type": "Point", "coordinates": [ 19.398694, 51.863222 ] } },
{ "type": "Feature", "properties": { "ID": 109382967, "yr": 2020, "dt": "2020-09-03T14:30:00", "WOJ": 10, "sev": 2, "c": [ 255, 165, 0, 160 ], "dmg": 0, "sli": 0, "ser": 1, "fat": 0, "row": -1, "mot": -1, "pie": -1, "uto": -1, "uwr": -1 }, "geometry": { "type": "Point", "coordinates": [ 19.198639, 52.254611 ] } },
{ "type": "Feature", "properties": { "ID": 109383113, "yr": 2020, "dt": "2020-09-03T20:24:00", "WOJ": 10, "sev": 2, "c": [ 255, 165, 0, 160 ], "dmg": 1, "sli": 0, "ser": 1, "fat": 0, "row": -1, "mot": -1, "pie": 2, "uto": -1, "uwr": -1 }, "geometry": { "type": "Point", "coordinates": [ 19.418806, 51.747 ] } },
{ "type": "Feature", "properties": { "ID": 108741795, "yr": 2020, "dt": "2020-03-05T07:29:00", "WOJ": 10, "sev": 2, "c": [ 255, 165, 0, 160 ], "dmg": 2, "sli": 0, "ser": 1, "fat": 0, "row": -1, "mot": -1, "pie": -1, "uto": -1, "uwr": -1 }, "geometry": { "type": "Point", "coordinates": [ 19.358722, 51.789611 ] } },
{ "type": "Feature", "properties": { "ID": 109056623, "yr": 2020, "dt": "2020-03-06T00:00:00", "WOJ": 10, "sev": 2, "c": [ 255, 165, 0, 160 ], "dmg": 1, "sli": 0, "ser": 1, "fat": 0, "row": -1, "mot": -1, "pie": -1, "uto": -1, "uwr": -1 }, "geometry": { "type": "Point", "coordinates": [ 19.423444, 51.755528 ] } },
{ "type": "Feature", "properties": { "ID": 108744774, "yr": 2020, "dt": "2020-03-06T14:03:00", "WOJ": 10, "sev": 2, "c": [ 255, 165, 0, 160 ], "dmg": 1, "sli": 0, "ser": 1, "fat": 0, "row": 2, "mot": -1, "pie": -1, "uto": -1, "uwr": -1 }, "geometry": { "type": "Point", "coordinates": [ 19.426, 51.769 ] } },
{ "type": "Feature", "properties": { "ID": 108745784, "yr": 2020, "dt": "2020-03-06T17:50:00", "WOJ": 10, "sev": 2, "c": [ 255, 165, 0, 160 ], "dmg": 1, "sli": 0, "ser": 1, "fat": 0, "row": -1, "mot": -1, "pie": 2, "uto": -1, "uwr": -1 }, "geometry": { "type": "Point", "coordinates": [ 19.447667, 51.776111 ] } },
{ "type": "Feature", "properties": { "ID": 108744680, "yr": 2020, "dt": "2020-03-06T06:10:00", "WOJ": 10, "sev": 2, "c": [ 255, 165, 0, 160 ], "dmg": 1, "sli": 1, "ser": 1, "fat": 0, "row": -1, "mot": -1, "pie": -1, "uto": -1, "uwr": -1 }, "geometry": { "type": "Point", "coordinates": [ 19.582778, 51.966111 ] } },
{ "type": "Feature", "properties": { "ID": 109690341, "yr": 2020, "dt": "2020-12-23T06:50:00", "WOJ": 10, "sev": 2, "c": [ 255, 165, 0, 160 ], "dmg": 1, "sli": 0, "ser": 1, "fat": 0, "row": -1, "mot": -1, "pie": 2, "uto": -1, "uwr": -1 }, "geometry": { "type": "Point", "coordinates": [ 19.356139, 52.232694 ] } },
{ "type": "Feature", "properties": { "ID": 109382604, "yr": 2020, "dt": "2020-09-03T14:55:00", "WOJ": 10, "sev": 2, "c": [ 255, 165, 0, 160 ], "dmg": 1, "sli": 0, "ser": 1, "fat": 0, "row": -1, "mot": -1, "pie": -1, "uto": -1, "uwr": -1 }, "geometry": { "type": "Point", "coordinates": [ 19.346639, 52.253028 ] } },
{ "type": "Feature", "properties": { "ID": 109380547, "yr": 2020, "dt": "2020-09-03T01:59:00", "WOJ": 10, "sev": 2, "c": [ 255, 165, 0, 160 ], "dmg": 0, "sli": 0, "ser": 1, "fat": 0, "row": -1, "mot": -1, "pie": -1, "uto": -1, "uwr": -1 }, "geometry": { "type": "Point", "coordinates": [ 19.45375, 51.7875 ] } },
{ "type": "Feature", "properties": { "ID": 108747626, "yr": 2020, "dt": "2020-03-07T18:43:00", "WOJ": 10, "sev": 2, "c": [ 255, 165, 0, 160 ], "dmg": 0, "sli": 1, "ser": 1, "fat": 0, "row": -1, "mot": -1, "pie": -1, "uto": -1, "uwr": -1 }, "geometry": { "type": "Point", "coordinates": [ 19.574278, 51.770889 ] } },
{ "type": "Feature", "properties": { "ID": 108746184, "yr": 2020, "dt": "2020-03-07T02:00:00", "WOJ": 10, "sev": 2, "c": [ 255, 165, 0, 160 ], "dmg": 0, "sli": 0, "ser": 1, "fat": 0, "row": -1, "mot": -1, "pie": -1, "uto": -1, "uwr": -1 }, "geometry": { "type": "Point", "coordinates": [ 18.707083, 51.550472 ] } },
{ "type": "Feature", "properties": { "ID": 109385450, "yr": 2020, "dt": "2020-09-04T10:38:00", "WOJ": 10, "sev": 2, "c": [ 255, 165, 0, 160 ], "dmg": 6, "sli": 1, "ser": 3, "fat": 0, "row": -1, "mot": -1, "pie": -1, "uto": -1, "uwr": -1 }, "geometry": { "type": "Point", "coordinates": [ 20.134917, 52.056083 ] } },
{ "type": "Feature", "properties": { "ID": 108747965, "yr": 2020, "dt": "2020-03-08T16:13:00", "WOJ": 10, "sev": 2, "c": [ 255, 165, 0, 160 ], "dmg": 0, "sli": 0, "ser": 1, "fat": 0, "row": -1, "mot": -1, "pie": -1, "uto": -1, "uwr": -1 }, "geometry": { "type": "Point", "coordinates": [ 19.488056, 51.709278 ] } },
{ "type": "Feature", "properties": { "ID": 108747233, "yr": 2020, "dt": "2020-03-08T07:30:00", "WOJ": 10, "sev": 2, "c": [ 255, 165, 0, 160 ], "dmg": 2, "sli": 0, "ser": 1, "fat": 0, "row": -1, "mot": -1, "pie": -1, "uto": -1, "uwr": -1 }, "geometry": { "type": "Point", "coordinates": [ 19.692778, 51.77425 ] } },
{ "type": "Feature", "properties": { "ID": 109385389, "yr": 2020, "dt": "2020-09-04T16:37:00", "WOJ": 10, "sev": 2, "c": [ 255, 165, 0, 160 ], "dmg": 1, "sli": 0, "ser": 1, "fat": 0, "row": -1, "mot": -1, "pie": -1, "uto": -1, "uwr": -1 }, "geometry": { "type": "Point", "coordinates": [ 19.477083, 51.800056 ] } },
{ "type": "Feature", "properties": { "ID": 109692136, "yr": 2020, "dt": "2020-12-24T09:10:00", "WOJ": 10, "sev": 2, "c": [ 255, 165, 0, 160 ], "dmg": 1, "sli": 0, "ser": 1, "fat": 0, "row": -1, "mot": -1, "pie": -1, "uto": -1, "uwr": -1 }, "geometry": { "type": "Point", "coordinates": [ 19.449389, 51.789639 ] } },
{ "type": "Feature", "properties": { "ID": 108756345, "yr": 2020, "dt": "2020-03-09T05:10:00", "WOJ": 10, "sev": 2, "c": [ 255, 165, 0, 160 ], "dmg": 1, "sli": 0, "ser": 1, "fat": 0, "row": -1, "mot": -1, "pie": 2, "uto": -1, "uwr": -1 }, "geometry": { "type": "Point", "coordinates": [ 19.448944, 51.790194 ] } },
{ "type": "Feature", "properties": { "ID": 108749390, "yr": 2020, "dt": "2020-03-09T15:59:00", "WOJ": 10, "sev": 2, "c": [ 255, 165, 0, 160 ], "dmg": 1, "sli": 0, "ser": 1, "fat": 0, "row": -1, "mot": 0, "pie": 2, "uto": -1, "uwr": -1 }, "geometry": { "type": "Point", "coordinates": [ 19.460667, 51.749472 ] } },
{ "type": "Feature", "properties": { "ID": 109695696, "yr": 2020, "dt": "2020-12-27T16:33:00", "WOJ": 10, "sev": 2, "c": [ 255, 165, 0, 160 ], "dmg": 1, "sli": 0, "ser": 1, "fat": 0, "row": -1, "mot": -1, "pie": -1, "uto": -1, "uwr": -1 }, "geometry": { "type": "Point", "coordinates": [ 20.088917, 51.897139 ] } },
{ "type": "Feature", "properties": { "ID": 109695687, "yr": 2020, "dt": "2020-12-27T15:54:59", "WOJ": 10, "sev": 2, "c": [ 255, 165, 0, 160 ], "dmg": 1, "sli": 0, "ser": 1, "fat": 0, "row": -1, "mot": -1, "pie": -1, "uto": -1, "uwr": -1 }, "geometry": { "type": "Point", "coordinates": [ 19.45875, 51.758056 ] } },
{ "type": "Feature", "properties": { "ID": 109696493, "yr": 2020, "dt": "2020-12-28T13:25:00", "WOJ": 10, "sev": 2, "c": [ 255, 165, 0, 160 ], "dmg": 0, "sli": 0, "ser": 1, "fat": 0, "row": -1, "mot": -1, "pie": -1, "uto": -1, "uwr": -1 }, "geometry": { "type": "Point", "coordinates": [ 19.042389, 52.156444 ] } },
{ "type": "Feature", "properties": { "ID": 108750792, "yr": 2020, "dt": "2020-03-09T12:28:00", "WOJ": 10, "sev": 2, "c": [ 255, 165, 0, 160 ], "dmg": 2, "sli": 0, "ser": 1, "fat": 0, "row": -1, "mot": -1, "pie": -1, "uto": -1, "uwr": -1 }, "geometry": { "type": "Point", "coordinates": [ 19.427361, 51.7695 ] } },
{ "type": "Feature", "properties": { "ID": 108529323, "yr": 2020, "dt": "2020-01-04T16:52:00", "WOJ": 10, "sev": 2, "c": [ 255, 165, 0, 160 ], "dmg": 1, "sli": 0, "ser": 1, "fat": 0, "row": -1, "mot": -1, "pie": 2, "uto": -1, "uwr": -1 }, "geometry": { "type": "Point", "coordinates": [ 19.504944, 51.734583 ] } },
{ "type": "Feature", "properties": { "ID": 108530887, "yr": 2020, "dt": "2020-01-04T11:38:00", "WOJ": 10, "sev": 2, "c": [ 255, 165, 0, 160 ], "dmg": 2, "sli": 0, "ser": 1, "fat": 0, "row": -1, "mot": -1, "pie": -1, "uto": -1, "uwr": -1 }, "geometry": { "type": "Point", "coordinates": [ 19.476583, 51.796056 ] } },
{ "type": "Feature", "properties": { "ID": 109387187, "yr": 2020, "dt": "2020-09-05T20:33:00", "WOJ": 10, "sev": 2, "c": [ 255, 165, 0, 160 ], "dmg": 0, "sli": 0, "ser": 1, "fat": 0, "row": -1, "mot": -1, "pie": -1, "uto": -1, "uwr": -1 }, "geometry": { "type": "Point", "coordinates": [ 19.427694, 51.751556 ] } },
{ "type": "Feature", "properties": { "ID": 108751698, "yr": 2020, "dt": "2020-03-09T20:00:00", "WOJ": 10, "sev": 2, "c": [ 255, 165, 0, 160 ], "dmg": 1, "sli": 0, "ser": 1, "fat": 0, "row": -1, "mot": -1, "pie": -1, "uto": -1, "uwr": -1 }, "geometry": { "type": "Point", "coordinates": [ 19.062778, 51.789472 ] } },
{ "type": "Feature", "properties": { "ID": 109386814, "yr": 2020, "dt": "2020-09-05T16:05:00", "WOJ": 10, "sev": 2, "c": [ 255, 165, 0, 160 ], "dmg": 1, "sli": 0, "ser": 1, "fat": 0, "row": -1, "mot": -1, "pie": 2, "uto": -1, "uwr": -1 }, "geometry": { "type": "Point", "coordinates": [ 19.998111, 51.541472 ] } },
{ "type": "Feature", "properties": { "ID": 108531777, "yr": 2020, "dt": "2020-01-05T00:28:00", "WOJ": 10, "sev": 2, "c": [ 255, 165, 0, 160 ], "dmg": 2, "sli": 0, "ser": 2, "fat": 0, "row": -1, "mot": -1, "pie": -1, "uto": -1, "uwr": -1 }, "geometry": { "type": "Point", "coordinates": [ 19.433222, 51.822972 ] } },
{ "type": "Feature", "properties": { "ID": 108531877, "yr": 2020, "dt": "2020-01-05T04:31:00", "WOJ": 10, "sev": 2, "c": [ 255, 165, 0, 160 ], "dmg": 1, "sli": 0, "ser": 1, "fat": 0, "row": -1, "mot": -1, "pie": -1, "uto": -1, "uwr": -1 }, "geometry": { "type": "Point", "coordinates": [ 19.506889, 51.763167 ] } },
{ "type": "Feature", "properties": { "ID": 109386529, "yr": 2020, "dt": "2020-09-05T12:41:00", "WOJ": 10, "sev": 2, "c": [ 255, 165, 0, 160 ], "dmg": 1, "sli": 0, "ser": 1, "fat": 0, "row": -1, "mot": -1, "pie": -1, "uto": -1, "uwr": -1 }, "geometry": { "type": "Point", "coordinates": [ 19.448806, 51.757722 ] } },
{ "type": "Feature", "properties": { "ID": 108532249, "yr": 2020, "dt": "2020-01-05T13:30:00", "WOJ": 10, "sev": 2, "c": [ 255, 165, 0, 160 ], "dmg": 2, "sli": 0, "ser": 1, "fat": 0, "row": -1, "mot": 2, "pie": -1, "uto": -1, "uwr": -1 }, "geometry": { "type": "Point", "coordinates": [ 19.708472, 51.983222 ] } },
{ "type": "Feature", "properties": { "ID": 108753019, "yr": 2020, "dt": "2020-03-10T19:17:00", "WOJ": 10, "sev": 2, "c": [ 255, 165, 0, 160 ], "dmg": 1, "sli": 0, "ser": 1, "fat": 0, "row": -1, "mot": -1, "pie": 2, "uto": -1, "uwr": -1 }, "geometry": { "type": "Point", "coordinates": [ 19.452611, 51.734611 ] } },
{ "type": "Feature", "properties": { "ID": 108752622, "yr": 2020, "dt": "2020-03-10T11:05:00", "WOJ": 10, "sev": 2, "c": [ 255, 165, 0, 160 ], "dmg": 1, "sli": 0, "ser": 1, "fat": 0, "row": -1, "mot": -1, "pie": -1, "uto": -1, "uwr": -1 }, "geometry": { "type": "Point", "coordinates": [ 19.505222, 51.736194 ] } },
{ "type": "Feature", "properties": { "ID": 109388263, "yr": 2020, "dt": "2020-09-06T15:00:00", "WOJ": 10, "sev": 2, "c": [ 255, 165, 0, 160 ], "dmg": 1, "sli": 0, "ser": 1, "fat": 0, "row": -1, "mot": -1, "pie": -1, "uto": -1, "uwr": -1 }, "geometry": { "type": "Point", "coordinates": [ 19.361944, 52.227444 ] } },
{ "type": "Feature", "properties": { "ID": 108754553, "yr": 2020, "dt": "2020-03-11T13:28:00", "WOJ": 10, "sev": 2, "c": [ 255, 165, 0, 160 ], "dmg": 2, "sli": 0, "ser": 1, "fat": 0, "row": -1, "mot": -1, "pie": -1, "uto": -1, "uwr": -1 }, "geometry": { "type": "Point", "coordinates": [ 19.454889, 51.791833 ] } },
{ "type": "Feature", "properties": { "ID": 109388309, "yr": 2020, "dt": "2020-09-06T17:45:00", "WOJ": 10, "sev": 2, "c": [ 255, 165, 0, 160 ], "dmg": 1, "sli": 0, "ser": 1, "fat": 0, "row": -1, "mot": 2, "pie": -1, "uto": -1, "uwr": -1 }, "geometry": { "type": "Point", "coordinates": [ 18.702472, 51.85825 ] } },
{ "type": "Feature", "properties": { "ID": 108754721, "yr": 2020, "dt": "2020-03-11T11:46:00", "WOJ": 10, "sev": 2, "c": [ 255, 165, 0, 160 ], "dmg": 1, "sli": 0, "ser": 1, "fat": 0, "row": -1, "mot": -1, "pie": 2, "uto": -1, "uwr": -1 }, "geometry": { "type": "Point", "coordinates": [ 19.418028, 51.858194 ] } },
{ "type": "Feature", "properties": { "ID": 108755455, "yr": 2020, "dt": "2020-03-11T15:50:00", "WOJ": 10, "sev": 2, "c": [ 255, 165, 0, 160 ], "dmg": 1, "sli": 0, "ser": 1, "fat": 0, "row": -1, "mot": -1, "pie": 2, "uto": -1, "uwr": -1 }, "geometry": { "type": "Point", "coordinates": [ 19.366639, 51.659278 ] } },
{ "type": "Feature", "properties": { "ID": 108753510, "yr": 2020, "dt": "2020-03-11T09:50:00", "WOJ": 10, "sev": 2, "c": [ 255, 165, 0, 160 ], "dmg": 1, "sli": 0, "ser": 1, "fat": 0, "row": -1, "mot": -1, "pie": 2, "uto": -1, "uwr": -1 }, "geometry": { "type": "Point", "coordinates": [ 19.596556, 51.215417 ] } },
{ "type": "Feature", "properties": { "ID": 108756847, "yr": 2020, "dt": "2020-03-12T19:01:00", "WOJ": 10, "sev": 2, "c": [ 255, 165, 0, 160 ], "dmg": 1, "sli": 0, "ser": 1, "fat": 0, "row": -1, "mot": -1, "pie": 2, "uto": -1, "uwr": -1 }, "geometry": { "type": "Point", "coordinates": [ 19.434806, 51.789333 ] } },
{ "type": "Feature", "properties": { "ID": 109538036, "yr": 2020, "dt": "2020-11-15T23:03:00", "WOJ": 10, "sev": 2, "c": [ 255, 165, 0, 160 ], "dmg": 1, "sli": 0, "ser": 1, "fat": 0, "row": 2, "mot": -1, "pie": -1, "uto": -1, "uwr": -1 }, "geometry": { "type": "Point", "coordinates": [ 19.450278, 51.782917 ] } },
{ "type": "Feature", "properties": { "ID": 109501630, "yr": 2020, "dt": "2020-10-31T15:25:00", "WOJ": 10, "sev": 3, "c": [ 255, 0, 0, 160 ], "dmg": 1, "sli": 0, "ser": 0, "fat": 2, "row": -1, "mot": -1, "pie": -1, "uto": -1, "uwr": -1 }, "geometry": { "type": "Point", "coordinates": [ 19.330639, 51.030056 ] } },
{ "type": "Feature", "properties": { "ID": 109417398, "yr": 2020, "dt": "2020-09-22T20:49:00", "WOJ": 10, "sev": 3, "c": [ 255, 0, 0, 160 ], "dmg": 1, "sli": 0, "ser": 1, "fat": 1, "row": -1, "mot": -1, "pie": -1, "uto": -1, "uwr": -1 }, "geometry": { "type": "Point", "coordinates": [ 19.238111, 51.733667 ] } },
{ "type": "Feature", "properties": { "ID": 108980209, "yr": 2020, "dt": "2020-04-28T07:35:00", "WOJ": 10, "sev": 3, "c": [ 255, 0, 0, 160 ], "dmg": 1, "sli": 0, "ser": 0, "fat": 1, "row": -1, "mot": -1, "pie": 3, "uto": -1, "uwr": -1 }, "geometry": { "type": "Point", "coordinates": [ 19.889194, 51.35275 ] } },
{ "type": "Feature", "properties": { "ID": 109318533, "yr": 2020, "dt": "2020-07-31T05:40:00", "WOJ": 10, "sev": 3, "c": [ 255, 0, 0, 160 ], "dmg": 1, "sli": 1, "ser": 0, "fat": 1, "row": -1, "mot": -1, "pie": -1, "uto": -1, "uwr": -1 }, "geometry": { "type": "Point", "coordinates": [ 19.115083, 51.557083 ] } },
{ "type": "Feature", "properties": { "ID": 109450033, "yr": 2020, "dt": "2020-10-08T14:40:00", "WOJ": 10, "sev": 3, "c": [ 255, 0, 0, 160 ], "dmg": 1, "sli": 0, "ser": 0, "fat": 1, "row": -1, "mot": -1, "pie": 3, "uto": -1, "uwr": -1 }, "geometry": { "type": "Point", "coordinates": [ 19.122083, 51.351639 ] } },
{ "type": "Feature", "properties": { "ID": 109249665, "yr": 2020, "dt": "2020-06-29T15:13:00", "WOJ": 10, "sev": 3, "c": [ 255, 0, 0, 160 ], "dmg": 0, "sli": 0, "ser": 0, "fat": 1, "row": -1, "mot": -1, "pie": -1, "uto": -1, "uwr": -1 }, "geometry": { "type": "Point", "coordinates": [ 18.551389, 51.220361 ] } },
{ "type": "Feature", "properties": { "ID": 108978774, "yr": 2020, "dt": "2020-04-27T05:55:00", "WOJ": 10, "sev": 3, "c": [ 255, 0, 0, 160 ], "dmg": 0, "sli": 0, "ser": 0, "fat": 1, "row": -1, "mot": -1, "pie": -1, "uto": -1, "uwr": -1 }, "geometry": { "type": "Point", "coordinates": [ 19.23175, 51.360056 ] } },
{ "type": "Feature", "properties": { "ID": 108954321, "yr": 2020, "dt": "2020-04-24T18:25:00", "WOJ": 10, "sev": 3, "c": [ 255, 0, 0, 160 ], "dmg": 1, "sli": 3, "ser": 0, "fat": 2, "row": -1, "mot": -1, "pie": -1, "uto": -1, "uwr": -1 }, "geometry": { "type": "Point", "coordinates": [ 19.476, 51.22 ] } },
{ "type": "Feature", "properties": { "ID": 109503321, "yr": 2020, "dt": "2020-11-02T08:15:00", "WOJ": 10, "sev": 3, "c": [ 255, 0, 0, 160 ], "dmg": 2, "sli": 0, "ser": 0, "fat": 1, "row": -1, "mot": -1, "pie": -1, "uto": -1, "uwr": -1 }, "geometry": { "type": "Point", "coordinates": [ 19.109222, 51.2855 ] } },
{ "type": "Feature", "properties": { "ID": 109261952, "yr": 2020, "dt": "2020-07-06T03:30:00", "WOJ": 10, "sev": 3, "c": [ 255, 0, 0, 160 ], "dmg": 1, "sli": 0, "ser": 0, "fat": 1, "row": -1, "mot": -1, "pie": -1, "uto": -1, "uwr": -1 }, "geometry": { "type": "Point", "coordinates": [ 19.332361, 51.031333 ] } },
{ "type": "Feature", "properties": { "ID": 108901627, "yr": 2020, "dt": "2020-04-06T22:30:00", "WOJ": 10, "sev": 3, "c": [ 255, 0, 0, 160 ], "dmg": 1, "sli": 0, "ser": 0, "fat": 1, "row": -1, "mot": -1, "pie": 3, "uto": -1, "uwr": -1 }, "geometry": { "type": "Point", "coordinates": [ 19.535306, 50.927722 ] } },
{ "type": "Feature", "properties": { "ID": 108901606, "yr": 2020, "dt": "2020-04-06T17:54:00", "WOJ": 10, "sev": 3, "c": [ 255, 0, 0, 160 ], "dmg": 1, "sli": 1, "ser": 1, "fat": 1, "row": -1, "mot": -1, "pie": -1, "uto": -1, "uwr": -1 }, "geometry": { "type": "Point", "coordinates": [ 19.543611, 51.602917 ] } },
{ "type": "Feature", "properties": { "ID": 108886536, "yr": 2020, "dt": "2020-04-06T18:55:00", "WOJ": 10, "sev": 3, "c": [ 255, 0, 0, 160 ], "dmg": 0, "sli": 0, "ser": 0, "fat": 1, "row": -1, "mot": 3, "pie": -1, "uto": -1, "uwr": -1 }, "geometry": { "type": "Point", "coordinates": [ 19.379722, 52.215167 ] } },
{ "type": "Feature", "properties": { "ID": 109344858, "yr": 2020, "dt": "2020-08-13T14:19:00", "WOJ": 10, "sev": 3, "c": [ 255, 0, 0, 160 ], "dmg": 2, "sli": 0, "ser": 0, "fat": 1, "row": -1, "mot": -1, "pie": -1, "uto": -1, "uwr": -1 }, "geometry": { "type": "Point", "coordinates": [ 20.082667, 52.048417 ] } },
{ "type": "Feature", "properties": { "ID": 108832754, "yr": 2020, "dt": "2020-04-03T16:24:00", "WOJ": 10, "sev": 3, "c": [ 255, 0, 0, 160 ], "dmg": 1, "sli": 0, "ser": 0, "fat": 1, "row": -1, "mot": -1, "pie": 3, "uto": -1, "uwr": -1 }, "geometry": { "type": "Point", "coordinates": [ 19.482611, 51.772972 ] } },
{ "type": "Feature", "properties": { "ID": 109577858, "yr": 2020, "dt": "2020-12-01T08:20:00", "WOJ": 10, "sev": 3, "c": [ 255, 0, 0, 160 ], "dmg": 0, "sli": 1, "ser": 1, "fat": 1, "row": -1, "mot": -1, "pie": -1, "uto": -1, "uwr": -1 }, "geometry": { "type": "Point", "coordinates": [ 20.139417, 51.372028 ] } },
{ "type": "Feature", "properties": { "ID": 108805581, "yr": 2020, "dt": "2020-03-31T15:02:00", "WOJ": 10, "sev": 3, "c": [ 255, 0, 0, 160 ], "dmg": 1, "sli": 0, "ser": 1, "fat": 1, "row": -1, "mot": -1, "pie": -1, "uto": -1, "uwr": -1 }, "geometry": { "type": "Point", "coordinates": [ 19.468694, 51.760333 ] } },
{ "type": "Feature", "properties": { "ID": 109506533, "yr": 2020, "dt": "2020-11-03T16:15:00", "WOJ": 10, "sev": 3, "c": [ 255, 0, 0, 160 ], "dmg": 2, "sli": 0, "ser": 0, "fat": 1, "row": -1, "mot": -1, "pie": -1, "uto": -1, "uwr": -1 }, "geometry": { "type": "Point", "coordinates": [ 19.631278, 51.471278 ] } },
{ "type": "Feature", "properties": { "ID": 109344779, "yr": 2020, "dt": "2020-08-13T14:45:00", "WOJ": 10, "sev": 3, "c": [ 255, 0, 0, 160 ], "dmg": 1, "sli": 1, "ser": 0, "fat": 1, "row": -1, "mot": -1, "pie": -1, "uto": -1, "uwr": -1 }, "geometry": { "type": "Point", "coordinates": [ 19.098889, 51.566028 ] } },
{ "type": "Feature", "properties": { "ID": 109368412, "yr": 2020, "dt": "2020-08-27T20:50:00", "WOJ": 10, "sev": 3, "c": [ 255, 0, 0, 160 ], "dmg": 1, "sli": 0, "ser": 0, "fat": 1, "row": 3, "mot": -1, "pie": -1, "uto": -1, "uwr": -1 }, "geometry": { "type": "Point", "coordinates": [ 18.432667, 51.507556 ] } },
{ "type": "Feature", "properties": { "ID": 109242564, "yr": 2020, "dt": "2020-06-25T18:00:00", "WOJ": 10, "sev": 3, "c": [ 255, 0, 0, 160 ], "dmg": 1, "sli": 4, "ser": 0, "fat": 1, "row": -1, "mot": -1, "pie": -1, "uto": -1, "uwr": -1 }, "geometry": { "type": "Point", "coordinates": [ 20.01425, 52.033417 ] } },
{ "type": "Feature", "properties": { "ID": 108785951, "yr": 2020, "dt": "2020-03-25T16:00:00", "WOJ": 10, "sev": 3, "c": [ 255, 0, 0, 160 ], "dmg": 0, "sli": 0, "ser": 0, "fat": 1, "row": -1, "mot": -1, "pie": -1, "uto": -1, "uwr": -1 }, "geometry": { "type": "Point", "coordinates": [ 19.505306, 52.241889 ] } },
{ "type": "Feature", "properties": { "ID": 109321891, "yr": 2020, "dt": "2020-08-02T13:55:00", "WOJ": 10, "sev": 3, "c": [ 255, 0, 0, 160 ], "dmg": 0, "sli": 0, "ser": 0, "fat": 1, "row": -1, "mot": -1, "pie": -1, "uto": -1, "uwr": -1 }, "geometry": { "type": "Point", "coordinates": [ 19.360417, 52.326028 ] } },
{ "type": "Feature", "properties": { "ID": 108781722, "yr": 2020, "dt": "2020-03-22T20:40:00", "WOJ": 10, "sev": 3, "c": [ 255, 0, 0, 160 ], "dmg": 1, "sli": 0, "ser": 0, "fat": 1, "row": -1, "mot": -1, "pie": 3, "uto": -1, "uwr": -1 }, "geometry": { "type": "Point", "coordinates": [ 19.218278, 52.285611 ] } },
{ "type": "Feature", "properties": { "ID": 108770611, "yr": 2020, "dt": "2020-03-19T11:20:00", "WOJ": 10, "sev": 3, "c": [ 255, 0, 0, 160 ], "dmg": 1, "sli": 0, "ser": 0, "fat": 1, "row": 3, "mot": -1, "pie": -1, "uto": -1, "uwr": -1 }, "geometry": { "type": "Point", "coordinates": [ 19.896472, 51.089417 ] } },
{ "type": "Feature", "properties": { "ID": 108751903, "yr": 2020, "dt": "2020-03-10T15:18:00", "WOJ": 10, "sev": 3, "c": [ 255, 0, 0, 160 ], "dmg": 0, "sli": 0, "ser": 0, "fat": 2, "row": -1, "mot": -1, "pie": -1, "uto": -1, "uwr": -1 }, "geometry": { "type": "Point", "coordinates": [ 19.588722, 51.553861 ] } },
{ "type": "Feature", "properties": { "ID": 109370351, "yr": 2020, "dt": "2020-08-28T18:10:00", "WOJ": 10, "sev": 3, "c": [ 255, 0, 0, 160 ], "dmg": 1, "sli": 0, "ser": 1, "fat": 1, "row": -1, "mot": 3, "pie": -1, "uto": -1, "uwr": -1 }, "geometry": { "type": "Point", "coordinates": [ 19.534056, 51.208 ] } },
{ "type": "Feature", "properties": { "ID": 109261473, "yr": 2020, "dt": "2020-07-05T14:30:00", "WOJ": 10, "sev": 3, "c": [ 255, 0, 0, 160 ], "dmg": 2, "sli": 0, "ser": 0, "fat": 1, "row": -1, "mot": 3, "pie": -1, "uto": -1, "uwr": -1 }, "geometry": { "type": "Point", "coordinates": [ 20.008806, 51.363917 ] } },
{ "type": "Feature", "properties": { "ID": 108746968, "yr": 2020, "dt": "2020-03-07T19:00:00", "WOJ": 10, "sev": 3, "c": [ 255, 0, 0, 160 ], "dmg": 0, "sli": 0, "ser": 1, "fat": 1, "row": 3, "mot": -1, "pie": 2, "uto": -1, "uwr": -1 }, "geometry": { "type": "Point", "coordinates": [ 19.417306, 51.773306 ] } },
{ "type": "Feature", "properties": { "ID": 108746569, "yr": 2020, "dt": "2020-03-07T07:38:00", "WOJ": 10, "sev": 3, "c": [ 255, 0, 0, 160 ], "dmg": 1, "sli": 0, "ser": 0, "fat": 1, "row": -1, "mot": -1, "pie": 3, "uto": -1, "uwr": -1 }, "geometry": { "type": "Point", "coordinates": [ 19.360167, 52.242667 ] } },
{ "type": "Feature", "properties": { "ID": 109401979, "yr": 2020, "dt": "2020-09-13T14:20:00", "WOJ": 10, "sev": 3, "c": [ 255, 0, 0, 160 ], "dmg": 1, "sli": 0, "ser": 0, "fat": 1, "row": -1, "mot": 3, "pie": -1, "uto": -1, "uwr": -1 }, "geometry": { "type": "Point", "coordinates": [ 20.188194, 51.372833 ] } },
{ "type": "Feature", "properties": { "ID": 109526948, "yr": 2020, "dt": "2020-11-06T17:35:00", "WOJ": 10, "sev": 3, "c": [ 255, 0, 0, 160 ], "dmg": 1, "sli": 0, "ser": 0, "fat": 1, "row": 3, "mot": -1, "pie": -1, "uto": -1, "uwr": -1 }, "geometry": { "type": "Point", "coordinates": [ 18.431417, 51.666833 ] } },
{ "type": "Feature", "properties": { "ID": 109401849, "yr": 2020, "dt": "2020-09-13T15:21:00", "WOJ": 10, "sev": 3, "c": [ 255, 0, 0, 160 ], "dmg": 0, "sli": 0, "ser": 1, "fat": 1, "row": -1, "mot": -1, "pie": -1, "uto": -1, "uwr": -1 }, "geometry": { "type": "Point", "coordinates": [ 19.627806, 51.822611 ] } },
{ "type": "Feature", "properties": { "ID": 108746406, "yr": 2020, "dt": "2020-03-07T06:50:00", "WOJ": 10, "sev": 3, "c": [ 255, 0, 0, 160 ], "dmg": 0, "sli": 0, "ser": 0, "fat": 1, "row": -1, "mot": -1, "pie": -1, "uto": -1, "uwr": -1 }, "geometry": { "type": "Point", "coordinates": [ 18.623278, 51.609056 ] } },
{ "type": "Feature", "properties": { "ID": 109426252, "yr": 2020, "dt": "2020-09-25T22:35:00", "WOJ": 10, "sev": 3, "c": [ 255, 0, 0, 160 ], "dmg": 0, "sli": 1, "ser": 0, "fat": 2, "row": -1, "mot": 3, "pie": 3, "uto": -1, "uwr": -1 }, "geometry": { "type": "Point", "coordinates": [ 20.5805, 51.829917 ] } },
{ "type": "Feature", "properties": { "ID": 109244569, "yr": 2020, "dt": "2020-06-25T21:55:00", "WOJ": 10, "sev": 3, "c": [ 255, 0, 0, 160 ], "dmg": 1, "sli": 0, "ser": 0, "fat": 1, "row": -1, "mot": 3, "pie": -1, "uto": -1, "uwr": -1 }, "geometry": { "type": "Point", "coordinates": [ 18.482806, 51.643833 ] } },
{ "type": "Feature", "properties": { "ID": 109597493, "yr": 2020, "dt": "2020-12-04T18:35:00", "WOJ": 10, "sev": 3, "c": [ 255, 0, 0, 160 ], "dmg": 1, "sli": 0, "ser": 0, "fat": 1, "row": -1, "mot": -1, "pie": 3, "uto": -1, "uwr": -1 }, "geometry": { "type": "Point", "coordinates": [ 19.449222, 51.974083 ] } },
{ "type": "Feature", "properties": { "ID": 108743264, "yr": 2020, "dt": "2020-03-06T00:50:00", "WOJ": 10, "sev": 3, "c": [ 255, 0, 0, 160 ], "dmg": 3, "sli": 0, "ser": 0, "fat": 1, "row": -1, "mot": -1, "pie": 3, "uto": -1, "uwr": -1 }, "geometry": { "type": "Point", "coordinates": [ 19.492917, 51.167389 ] } },
{ "type": "Feature", "properties": { "ID": 108741069, "yr": 2020, "dt": "2020-03-04T11:06:00", "WOJ": 10, "sev": 3, "c": [ 255, 0, 0, 160 ], "dmg": 1, "sli": 0, "ser": 0, "fat": 1, "row": -1, "mot": -1, "pie": 3, "uto": -1, "uwr": -1 }, "geometry": { "type": "Point", "coordinates": [ 19.4215, 51.772556 ] } },
{ "type": "Feature", "properties": { "ID": 109601194, "yr": 2020, "dt": "2020-12-05T20:47:00", "WOJ": 10, "sev": 3, "c": [ 255, 0, 0, 160 ], "dmg": 1, "sli": 0, "ser": 0, "fat": 1, "row": -1, "mot": -1, "pie": 3, "uto": -1, "uwr": -1 }, "geometry": { "type": "Point", "coordinates": [ 19.453111, 51.7875 ] } },
{ "type": "Feature", "properties": { "ID": 109601183, "yr": 2020, "dt": "2020-12-05T16:18:00", "WOJ": 10, "sev": 3, "c": [ 255, 0, 0, 160 ], "dmg": 1, "sli": 0, "ser": 0, "fat": 1, "row": -1, "mot": -1, "pie": 3, "uto": -1, "uwr": -1 }, "geometry": { "type": "Point", "coordinates": [ 19.486472, 51.667528 ] } },
{ "type": "Feature", "properties": { "ID": 109601259, "yr": 2020, "dt": "2020-12-05T19:20:08", "WOJ": 10, "sev": 3, "c": [ 255, 0, 0, 160 ], "dmg": 1, "sli": 0, "ser": 0, "fat": 1, "row": -1, "mot": -1, "pie": 3, "uto": -1, "uwr": -1 }, "geometry": { "type": "Point", "coordinates": [ 19.382722, 51.651917 ] } },
{ "type": "Feature", "properties": { "ID": 109601491, "yr": 2020, "dt": "2020-12-06T14:50:00", "WOJ": 10, "sev": 3, "c": [ 255, 0, 0, 160 ], "dmg": 1, "sli": 0, "ser": 0, "fat": 1, "row": 3, "mot": -1, "pie": -1, "uto": -1, "uwr": -1 }, "geometry": { "type": "Point", "coordinates": [ 19.682028, 51.884528 ] } },
{ "type": "Feature", "properties": { "ID": 109525587, "yr": 2020, "dt": "2020-11-06T13:15:00", "WOJ": 10, "sev": 3, "c": [ 255, 0, 0, 160 ], "dmg": 0, "sli": 0, "ser": 1, "fat": 1, "row": -1, "mot": -1, "pie": -1, "uto": -1, "uwr": -1 }, "geometry": { "type": "Point", "coordinates": [ 19.196333, 52.255306 ] } },
{ "type": "Feature", "properties": { "ID": 109307124, "yr": 2020, "dt": "2020-07-25T11:24:00", "WOJ": 10, "sev": 3, "c": [ 255, 0, 0, 160 ], "dmg": 0, "sli": 1, "ser": 0, "fat": 2, "row": -1, "mot": 3, "pie": -1, "uto": -1, "uwr": -1 }, "geometry": { "type": "Point", "coordinates": [ 19.248833, 52.243056 ] } },
{ "type": "Feature", "properties": { "ID": 109347666, "yr": 2020, "dt": "2020-08-14T17:19:00", "WOJ": 10, "sev": 3, "c": [ 255, 0, 0, 160 ], "dmg": 1, "sli": 0, "ser": 0, "fat": 1, "row": -1, "mot": -1, "pie": -1, "uto": -1, "uwr": -1 }, "geometry": { "type": "Point", "coordinates": [ 19.829944, 51.944556 ] } },
{ "type": "Feature", "properties": { "ID": 109325602, "yr": 2020, "dt": "2020-07-05T21:05:00", "WOJ": 10, "sev": 3, "c": [ 255, 0, 0, 160 ], "dmg": 0, "sli": 0, "ser": 0, "fat": 1, "row": 3, "mot": -1, "pie": -1, "uto": -1, "uwr": -1 }, "geometry": { "type": "Point", "coordinates": [ 19.24275, 51.627083 ] } },
{ "type": "Feature", "properties": { "ID": 109621774, "yr": 2020, "dt": "2020-12-06T15:30:17", "WOJ": 10, "sev": 3, "c": [ 255, 0, 0, 160 ], "dmg": 1, "sli": 0, "ser": 0, "fat": 1, "row": -1, "mot": -1, "pie": 3, "uto": -1, "uwr": -1 }, "geometry": { "type": "Point", "coordinates": [ 19.377667, 51.651722 ] } },
{ "type": "Feature", "properties": { "ID": 109460690, "yr": 2020, "dt": "2020-10-12T19:40:00", "WOJ": 10, "sev": 3, "c": [ 255, 0, 0, 160 ], "dmg": 1, "sli": 0, "ser": 0, "fat": 1, "row": -1, "mot": -1, "pie": 3, "uto": -1, "uwr": -1 }, "geometry": { "type": "Point", "coordinates": [ 19.957444, 51.358333 ] } },
{ "type": "Feature", "properties": { "ID": 108735341, "yr": 2020, "dt": "2020-03-02T14:35:00", "WOJ": 10, "sev": 3, "c": [ 255, 0, 0, 160 ], "dmg": 0, "sli": 0, "ser": 0, "fat": 1, "row": -1, "mot": -1, "pie": -1, "uto": -1, "uwr": -1 }, "geometry": { "type": "Point", "coordinates": [ 20.162, 51.976833 ] } },
{ "type": "Feature", "properties": { "ID": 108733233, "yr": 2020, "dt": "2020-03-01T10:45:00", "WOJ": 10, "sev": 3, "c": [ 255, 0, 0, 160 ], "dmg": 0, "sli": 0, "ser": 1, "fat": 1, "row": -1, "mot": -1, "pie": -1, "uto": -1, "uwr": -1 }, "geometry": { "type": "Point", "coordinates": [ 18.363417, 51.242278 ] } },
{ "type": "Feature", "properties": { "ID": 108732690, "yr": 2020, "dt": "2020-02-29T14:10:00", "WOJ": 10, "sev": 3, "c": [ 255, 0, 0, 160 ], "dmg": 1, "sli": 0, "ser": 0, "fat": 1, "row": 3, "mot": -1, "pie": -1, "uto": -1, "uwr": -1 }, "geometry": { "type": "Point", "coordinates": [ 19.491861, 52.058917 ] } },
{ "type": "Feature", "properties": { "ID": 108723094, "yr": 2020, "dt": "2020-02-25T19:05:00", "WOJ": 10, "sev": 3, "c": [ 255, 0, 0, 160 ], "dmg": 1, "sli": 0, "ser": 0, "fat": 1, "row": -1, "mot": -1, "pie": 3, "uto": -1, "uwr": -1 }, "geometry": { "type": "Point", "coordinates": [ 19.344167, 52.226139 ] } },
{ "type": "Feature", "properties": { "ID": 109278152, "yr": 2020, "dt": "2020-07-11T13:17:00", "WOJ": 10, "sev": 3, "c": [ 255, 0, 0, 160 ], "dmg": 0, "sli": 2, "ser": 1, "fat": 1, "row": -1, "mot": -1, "pie": -1, "uto": -1, "uwr": -1 }, "geometry": { "type": "Point", "coordinates": [ 18.926667, 51.314389 ] } },
{ "type": "Feature", "properties": { "ID": 108720531, "yr": 2020, "dt": "2020-02-23T16:40:00", "WOJ": 10, "sev": 3, "c": [ 255, 0, 0, 160 ], "dmg": 0, "sli": 0, "ser": 2, "fat": 1, "row": -1, "mot": -1, "pie": -1, "uto": -1, "uwr": -1 }, "geometry": { "type": "Point", "coordinates": [ 19.694778, 51.361694 ] } },
{ "type": "Feature", "properties": { "ID": 108718399, "yr": 2020, "dt": "2020-02-23T16:07:00", "WOJ": 10, "sev": 3, "c": [ 255, 0, 0, 160 ], "dmg": 1, "sli": 0, "ser": 1, "fat": 2, "row": -1, "mot": -1, "pie": -1, "uto": -1, "uwr": -1 }, "geometry": { "type": "Point", "coordinates": [ 19.480722, 51.73225 ] } },
{ "type": "Feature", "properties": { "ID": 108712340, "yr": 2020, "dt": "2020-02-19T03:25:00", "WOJ": 10, "sev": 3, "c": [ 255, 0, 0, 160 ], "dmg": 1, "sli": 0, "ser": 0, "fat": 1, "row": -1, "mot": -1, "pie": 3, "uto": -1, "uwr": -1 }, "geometry": { "type": "Point", "coordinates": [ 19.271472, 51.598722 ] } },
{ "type": "Feature", "properties": { "ID": 109652091, "yr": 2020, "dt": "2020-12-07T17:20:00", "WOJ": 10, "sev": 3, "c": [ 255, 0, 0, 160 ], "dmg": 1, "sli": 0, "ser": 0, "fat": 1, "row": -1, "mot": -1, "pie": 3, "uto": -1, "uwr": -1 }, "geometry": { "type": "Point", "coordinates": [ 19.608778, 51.235917 ] } },
{ "type": "Feature", "properties": { "ID": 109373954, "yr": 2020, "dt": "2020-08-31T07:30:00", "WOJ": 10, "sev": 3, "c": [ 255, 0, 0, 160 ], "dmg": 1, "sli": 0, "ser": 1, "fat": 2, "row": -1, "mot": -1, "pie": -1, "uto": -1, "uwr": -1 }, "geometry": { "type": "Point", "coordinates": [ 19.197667, 52.254972 ] } },
{ "type": "Feature", "properties": { "ID": 108669102, "yr": 2020, "dt": "2020-02-13T13:43:00", "WOJ": 10, "sev": 3, "c": [ 255, 0, 0, 160 ], "dmg": 1, "sli": 0, "ser": 0, "fat": 1, "row": -1, "mot": -1, "pie": -1, "uto": -1, "uwr": -1 }, "geometry": { "type": "Point", "coordinates": [ 19.632361, 51.734917 ] } },
{ "type": "Feature", "properties": { "ID": 108653556, "yr": 2020, "dt": "2020-02-05T11:45:00", "WOJ": 10, "sev": 3, "c": [ 255, 0, 0, 160 ], "dmg": 0, "sli": 0, "ser": 0, "fat": 1, "row": -1, "mot": -1, "pie": -1, "uto": -1, "uwr": -1 }, "geometry": { "type": "Point", "coordinates": [ 19.720528, 51.459222 ] } },
{ "type": "Feature", "properties": { "ID": 108652524, "yr": 2020, "dt": "2020-02-04T11:00:00", "WOJ": 10, "sev": 3, "c": [ 255, 0, 0, 160 ], "dmg": 1, "sli": 0, "ser": 0, "fat": 1, "row": -1, "mot": -1, "pie": -1, "uto": -1, "uwr": -1 }, "geometry": { "type": "Point", "coordinates": [ 18.9055, 51.815444 ] } },
{ "type": "Feature", "properties": { "ID": 109326919, "yr": 2020, "dt": "2020-08-04T14:29:00", "WOJ": 10, "sev": 3, "c": [ 255, 0, 0, 160 ], "dmg": 0, "sli": 1, "ser": 0, "fat": 1, "row": -1, "mot": -1, "pie": -1, "uto": -1, "uwr": -1 }, "geometry": { "type": "Point", "coordinates": [ 18.814667, 51.500194 ] } },
{ "type": "Feature", "properties": { "ID": 109653204, "yr": 2020, "dt": "2020-12-08T04:50:00", "WOJ": 10, "sev": 3, "c": [ 255, 0, 0, 160 ], "dmg": 1, "sli": 0, "ser": 0, "fat": 1, "row": -1, "mot": -1, "pie": 3, "uto": -1, "uwr": -1 }, "geometry": { "type": "Point", "coordinates": [ 19.392806, 52.219833 ] } },
{ "type": "Feature", "properties": { "ID": 109531552, "yr": 2020, "dt": "2020-11-10T20:59:05", "WOJ": 10, "sev": 3, "c": [ 255, 0, 0, 160 ], "dmg": 1, "sli": 0, "ser": 0, "fat": 2, "row": -1, "mot": -1, "pie": -1, "uto": -1, "uwr": -1 }, "geometry": { "type": "Point", "coordinates": [ 19.442028, 51.736528 ] } },
{ "type": "Feature", "properties": { "ID": 109655327, "yr": 2020, "dt": "2020-12-08T18:00:00", "WOJ": 10, "sev": 3, "c": [ 255, 0, 0, 160 ], "dmg": 0, "sli": 0, "ser": 0, "fat": 1, "row": -1, "mot": -1, "pie": -1, "uto": -1, "uwr": -1 }, "geometry": { "type": "Point", "coordinates": [ 20.083333, 51.616389 ] } },
{ "type": "Feature", "properties": { "ID": 108652091, "yr": 2020, "dt": "2020-02-04T16:35:00", "WOJ": 10, "sev": 3, "c": [ 255, 0, 0, 160 ], "dmg": 3, "sli": 0, "ser": 1, "fat": 1, "row": -1, "mot": -1, "pie": 3, "uto": -1, "uwr": -1 }, "geometry": { "type": "Point", "coordinates": [ 19.408611, 51.854222 ] } },
{ "type": "Feature", "properties": { "ID": 109278032, "yr": 2020, "dt": "2020-07-11T12:38:00", "WOJ": 10, "sev": 3, "c": [ 255, 0, 0, 160 ], "dmg": 1, "sli": 0, "ser": 0, "fat": 1, "row": -1, "mot": -1, "pie": -1, "uto": -1, "uwr": -1 }, "geometry": { "type": "Point", "coordinates": [ 19.552806, 51.755417 ] } },
{ "type": "Feature", "properties": { "ID": 109470068, "yr": 2020, "dt": "2020-10-15T20:07:00", "WOJ": 10, "sev": 3, "c": [ 255, 0, 0, 160 ], "dmg": 1, "sli": 0, "ser": 0, "fat": 1, "row": -1, "mot": -1, "pie": 3, "uto": -1, "uwr": -1 }, "geometry": { "type": "Point", "coordinates": [ 19.302639, 51.525361 ] } },
{ "type": "Feature", "properties": { "ID": 109327944, "yr": 2020, "dt": "2020-08-05T07:22:00", "WOJ": 10, "sev": 3, "c": [ 255, 0, 0, 160 ], "dmg": 0, "sli": 0, "ser": 1, "fat": 1, "row": -1, "mot": 3, "pie": -1, "uto": -1, "uwr": -1 }, "geometry": { "type": "Point", "coordinates": [ 19.464306, 51.769472 ] } },
{ "type": "Feature", "properties": { "ID": 109376465, "yr": 2020, "dt": "2020-09-01T09:40:00", "WOJ": 10, "sev": 3, "c": [ 255, 0, 0, 160 ], "dmg": 0, "sli": 0, "ser": 1, "fat": 1, "row": -1, "mot": -1, "pie": -1, "uto": -1, "uwr": -1 }, "geometry": { "type": "Point", "coordinates": [ 19.906917, 52.068417 ] } },
{ "type": "Feature", "properties": { "ID": 109659836, "yr": 2020, "dt": "2020-12-10T05:30:00", "WOJ": 10, "sev": 3, "c": [ 255, 0, 0, 160 ], "dmg": 1, "sli": 1, "ser": 0, "fat": 1, "row": -1, "mot": -1, "pie": -1, "uto": -1, "uwr": -1 }, "geometry": { "type": "Point", "coordinates": [ 19.374083, 51.079611 ] } },
{ "type": "Feature", "properties": { "ID": 109472366, "yr": 2020, "dt": "2020-10-16T19:25:00", "WOJ": 10, "sev": 3, "c": [ 255, 0, 0, 160 ], "dmg": 1, "sli": 0, "ser": 0, "fat": 1, "row": -1, "mot": -1, "pie": 3, "uto": -1, "uwr": -1 }, "geometry": { "type": "Point", "coordinates": [ 20.246444, 51.760889 ] } },
{ "type": "Feature", "properties": { "ID": 109472509, "yr": 2020, "dt": "2020-10-16T21:50:00", "WOJ": 10, "sev": 3, "c": [ 255, 0, 0, 160 ], "dmg": 1, "sli": 0, "ser": 0, "fat": 1, "row": -1, "mot": -1, "pie": 3, "uto": -1, "uwr": -1 }, "geometry": { "type": "Point", "coordinates": [ 18.579111, 51.213028 ] } },
{ "type": "Feature", "properties": { "ID": 109377816, "yr": 2020, "dt": "2020-09-01T20:50:00", "WOJ": 10, "sev": 3, "c": [ 255, 0, 0, 160 ], "dmg": 0, "sli": 2, "ser": 0, "fat": 1, "row": -1, "mot": -1, "pie": -1, "uto": -1, "uwr": -1 }, "geometry": { "type": "Point", "coordinates": [ 20.164278, 51.953472 ] } },
{ "type": "Feature", "properties": { "ID": 109377376, "yr": 2020, "dt": "2020-09-01T18:41:00", "WOJ": 10, "sev": 3, "c": [ 255, 0, 0, 160 ], "dmg": 0, "sli": 1, "ser": 3, "fat": 1, "row": -1, "mot": -1, "pie": -1, "uto": -1, "uwr": -1 }, "geometry": { "type": "Point", "coordinates": [ 20.226528, 51.941028 ] } },
{ "type": "Feature", "properties": { "ID": 109242225, "yr": 2020, "dt": "2020-06-25T12:40:00", "WOJ": 10, "sev": 3, "c": [ 255, 0, 0, 160 ], "dmg": 2, "sli": 0, "ser": 0, "fat": 1, "row": -1, "mot": -1, "pie": -1, "uto": -1, "uwr": -1 }, "geometry": { "type": "Point", "coordinates": [ 18.715167, 51.595528 ] } },
{ "type": "Feature", "properties": { "ID": 109235752, "yr": 2020, "dt": "2020-06-23T12:00:00", "WOJ": 10, "sev": 3, "c": [ 255, 0, 0, 160 ], "dmg": 1, "sli": 0, "ser": 0, "fat": 1, "row": 3, "mot": -1, "pie": -1, "uto": -1, "uwr": -1 }, "geometry": { "type": "Point", "coordinates": [ 19.003083, 51.136472 ] } },
{ "type": "Feature", "properties": { "ID": 109227910, "yr": 2020, "dt": "2020-06-21T04:36:00", "WOJ": 10, "sev": 3, "c": [ 255, 0, 0, 160 ], "dmg": 0, "sli": 0, "ser": 0, "fat": 1, "row": -1, "mot": -1, "pie": -1, "uto": -1, "uwr": -1 }, "geometry": { "type": "Point", "coordinates": [ 19.2955, 51.647972 ] } },
{ "type": "Feature", "properties": { "ID": 109537068, "yr": 2020, "dt": "2020-11-13T14:38:00", "WOJ": 10, "sev": 3, "c": [ 255, 0, 0, 160 ], "dmg": 1, "sli": 0, "ser": 0, "fat": 1, "row": 3, "mot": -1, "pie": -1, "uto": -1, "uwr": -1 }, "geometry": { "type": "Point", "coordinates": [ 19.414667, 50.991528 ] } },
{ "type": "Feature", "properties": { "ID": 109663286, "yr": 2020, "dt": "2020-12-12T16:34:25", "WOJ": 10, "sev": 3, "c": [ 255, 0, 0, 160 ], "dmg": 1, "sli": 0, "ser": 0, "fat": 1, "row": -1, "mot": -1, "pie": 3, "uto": -1, "uwr": -1 }, "geometry": { "type": "Point", "coordinates": [ 19.36775, 51.909056 ] } },
{ "type": "Feature", "properties": { "ID": 108652138, "yr": 2020, "dt": "2020-02-04T21:55:00", "WOJ": 10, "sev": 3, "c": [ 255, 0, 0, 160 ], "dmg": 1, "sli": 0, "ser": 0, "fat": 2, "row": -1, "mot": -1, "pie": 3, "uto": -1, "uwr": -1 }, "geometry": { "type": "Point", "coordinates": [ 19.321861, 51.94675 ] } },
{ "type": "Feature", "properties": { "ID": 108648695, "yr": 2020, "dt": "2020-02-02T15:45:00", "WOJ": 10, "sev": 3, "c": [ 255, 0, 0, 160 ], "dmg": 0, "sli": 0, "ser": 3, "fat": 2, "row": -1, "mot": -1, "pie": -1, "uto": -1, "uwr": -1 }, "geometry": { "type": "Point", "coordinates": [ 19.386833, 52.231139 ] } },
{ "type": "Feature", "properties": { "ID": 109224366, "yr": 2020, "dt": "2020-06-20T10:19:00", "WOJ": 10, "sev": 3, "c": [ 255, 0, 0, 160 ], "dmg": 1, "sli": 0, "ser": 0, "fat": 1, "row": -1, "mot": 3, "pie": -1, "uto": -1, "uwr": -1 }, "geometry": { "type": "Point", "coordinates": [ 19.965194, 51.510056 ] } },
{ "type": "Feature", "properties": { "ID": 108618441, "yr": 2020, "dt": "2020-01-27T17:59:00", "WOJ": 10, "sev": 3, "c": [ 255, 0, 0, 160 ], "dmg": 1, "sli": 0, "ser": 0, "fat": 1, "row": -1, "mot": -1, "pie": 3, "uto": -1, "uwr": -1 }, "geometry": { "type": "Point", "coordinates": [ 19.276139, 51.799944 ] } },
{ "type": "Feature", "properties": { "ID": 109474586, "yr": 2020, "dt": "2020-10-18T03:32:00", "WOJ": 10, "sev": 3, "c": [ 255, 0, 0, 160 ], "dmg": 1, "sli": 0, "ser": 0, "fat": 1, "row": -1, "mot": -1, "pie": -1, "uto": -1, "uwr": -1 }, "geometry": { "type": "Point", "coordinates": [ 19.983972, 52.096778 ] } },
{ "type": "Feature", "properties": { "ID": 108612987, "yr": 2020, "dt": "2020-01-27T22:15:00", "WOJ": 10, "sev": 3, "c": [ 255, 0, 0, 160 ], "dmg": 1, "sli": 0, "ser": 0, "fat": 1, "row": -1, "mot": -1, "pie": 3, "uto": -1, "uwr": -1 }, "geometry": { "type": "Point", "coordinates": [ 20.588861, 51.700417 ] } },
{ "type": "Feature", "properties": { "ID": 109474790, "yr": 2020, "dt": "2020-10-18T12:03:34", "WOJ": 10, "sev": 3, "c": [ 255, 0, 0, 160 ], "dmg": 1, "sli": 0, "ser": 1, "fat": 1, "row": -1, "mot": -1, "pie": -1, "uto": -1, "uwr": -1 }, "geometry": { "type": "Point", "coordinates": [ 19.421056, 51.792139 ] } },
{ "type": "Feature", "properties": { "ID": 109223692, "yr": 2020, "dt": "2020-06-20T00:05:00", "WOJ": 10, "sev": 3, "c": [ 255, 0, 0, 160 ], "dmg": 2, "sli": 2, "ser": 2, "fat": 1, "row": -1, "mot": -1, "pie": 3, "uto": -1, "uwr": -1 }, "geometry": { "type": "Point", "coordinates": [ 20.027167, 52.037833 ] } },
{ "type": "Feature", "properties": { "ID": 109258605, "yr": 2020, "dt": "2020-07-03T07:30:00", "WOJ": 10, "sev": 3, "c": [ 255, 0, 0, 160 ], "dmg": 0, "sli": 0, "ser": 0, "fat": 1, "row": -1, "mot": -1, "pie": -1, "uto": -1, "uwr": -1 }, "geometry": { "type": "Point", "coordinates": [ 19.904083, 51.07375 ] } },
{ "type": "Feature", "properties": { "ID": 109477055, "yr": 2020, "dt": "2020-10-19T16:45:00", "WOJ": 10, "sev": 3, "c": [ 255, 0, 0, 160 ], "dmg": 1, "sli": 0, "ser": 0, "fat": 1, "row": -1, "mot": -1, "pie": 3, "uto": -1, "uwr": -1 }, "geometry": { "type": "Point", "coordinates": [ 19.571083, 51.335139 ] } },
{ "type": "Feature", "properties": { "ID": 109199462, "yr": 2020, "dt": "2020-06-19T07:30:00", "WOJ": 10, "sev": 3, "c": [ 255, 0, 0, 160 ], "dmg": 1, "sli": 0, "ser": 1, "fat": 1, "row": -1, "mot": -1, "pie": -1, "uto": -1, "uwr": -1 }, "geometry": { "type": "Point", "coordinates": [ 19.212167, 52.043639 ] } },
{ "type": "Feature", "properties": { "ID": 108602352, "yr": 2020, "dt": "2020-01-25T09:21:00", "WOJ": 10, "sev": 3, "c": [ 255, 0, 0, 160 ], "dmg": 0, "sli": 0, "ser": 0, "fat": 1, "row": -1, "mot": -1, "pie": -1, "uto": -1, "uwr": -1 }, "geometry": { "type": "Point", "coordinates": [ 19.101417, 52.078278 ] } },
{ "type": "Feature", "properties": { "ID": 109539643, "yr": 2020, "dt": "2020-11-16T14:56:35", "WOJ": 10, "sev": 3, "c": [ 255, 0, 0, 160 ], "dmg": 1, "sli": 0, "ser": 0, "fat": 1, "row": -1, "mot": -1, "pie": -1, "uto": -1, "uwr": -1 }, "geometry": { "type": "Point", "coordinates": [ 19.06225, 51.240889 ] } },
{ "type": "Feature", "properties": { "ID": 109475495, "yr": 2020, "dt": "2020-10-19T06:25:00", "WOJ": 10, "sev": 3, "c": [ 255, 0, 0, 160 ], "dmg": 1, "sli": 0, "ser": 0, "fat": 2, "row": 3, "mot": -1, "pie": -1, "uto": -1, "uwr": -1 }, "geometry": { "type": "Point", "coordinates": [ 19.719944, 51.201778 ] } },
{ "type": "Feature", "properties": { "ID": 109300332, "yr": 2020, "dt": "2020-07-22T12:11:00", "WOJ": 10, "sev": 3, "c": [ 255, 0, 0, 160 ], "dmg": 0, "sli": 0, "ser": 0, "fat": 1, "row": -1, "mot": 3, "pie": -1, "uto": -1, "uwr": -1 }, "geometry": { "type": "Point", "coordinates": [ 20.201306, 51.522583 ] } },
{ "type": "Feature", "properties": { "ID": 109668137, "yr": 2020, "dt": "2020-12-14T17:24:00", "WOJ": 10, "sev": 3, "c": [ 255, 0, 0, 160 ], "dmg": 1, "sli": 0, "ser": 0, "fat": 1, "row": -1, "mot": -1, "pie": 3, "uto": -1, "uwr": -1 }, "geometry": { "type": "Point", "coordinates": [ 19.960639, 51.49675 ] } },
{ "type": "Feature", "properties": { "ID": 109483694, "yr": 2020, "dt": "2020-10-21T12:55:00", "WOJ": 10, "sev": 3, "c": [ 255, 0, 0, 160 ], "dmg": 1, "sli": 0, "ser": 0, "fat": 2, "row": -1, "mot": -1, "pie": -1, "uto": -1, "uwr": -1 }, "geometry": { "type": "Point", "coordinates": [ 19.737806, 51.615111 ] } },
{ "type": "Feature", "properties": { "ID": 108601412, "yr": 2020, "dt": "2020-01-25T00:44:00", "WOJ": 10, "sev": 3, "c": [ 255, 0, 0, 160 ], "dmg": 1, "sli": 0, "ser": 0, "fat": 1, "row": -1, "mot": -1, "pie": 3, "uto": -1, "uwr": -1 }, "geometry": { "type": "Point", "coordinates": [ 18.658, 51.651694 ] } },
{ "type": "Feature", "properties": { "ID": 109199209, "yr": 2020, "dt": "2020-06-18T23:20:00", "WOJ": 10, "sev": 3, "c": [ 255, 0, 0, 160 ], "dmg": 1, "sli": 0, "ser": 0, "fat": 1, "row": -1, "mot": -1, "pie": 3, "uto": -1, "uwr": -1 }, "geometry": { "type": "Point", "coordinates": [ 18.581917, 51.412861 ] } },
{ "type": "Feature", "properties": { "ID": 108593694, "yr": 2020, "dt": "2020-01-23T21:31:00", "WOJ": 10, "sev": 3, "c": [ 255, 0, 0, 160 ], "dmg": 1, "sli": 0, "ser": 0, "fat": 1, "row": -1, "mot": -1, "pie": 3, "uto": -1, "uwr": -1 }, "geometry": { "type": "Point", "coordinates": [ 20.155556, 51.215694 ] } },
{ "type": "Feature", "properties": { "ID": 108588864, "yr": 2020, "dt": "2020-01-22T20:05:00", "WOJ": 10, "sev": 3, "c": [ 255, 0, 0, 160 ], "dmg": 1, "sli": 0, "ser": 0, "fat": 1, "row": -1, "mot": -1, "pie": 3, "uto": -1, "uwr": -1 }, "geometry": { "type": "Point", "coordinates": [ 19.355278, 51.355389 ] } },
{ "type": "Feature", "properties": { "ID": 108584174, "yr": 2020, "dt": "2020-01-21T16:45:00", "WOJ": 10, "sev": 3, "c": [ 255, 0, 0, 160 ], "dmg": 1, "sli": 0, "ser": 0, "fat": 1, "row": 3, "mot": -1, "pie": -1, "uto": -1, "uwr": -1 }, "geometry": { "type": "Point", "coordinates": [ 19.001167, 51.071528 ] } },
{ "type": "Feature", "properties": { "ID": 108566410, "yr": 2020, "dt": "2020-01-14T17:45:00", "WOJ": 10, "sev": 3, "c": [ 255, 0, 0, 160 ], "dmg": 1, "sli": 0, "ser": 0, "fat": 1, "row": -1, "mot": -1, "pie": -1, "uto": -1, "uwr": -1 }, "geometry": { "type": "Point", "coordinates": [ 19.425944, 52.223417 ] } },
{ "type": "Feature", "properties": { "ID": 109548811, "yr": 2020, "dt": "2020-11-17T17:15:00", "WOJ": 10, "sev": 3, "c": [ 255, 0, 0, 160 ], "dmg": 1, "sli": 0, "ser": 0, "fat": 1, "row": -1, "mot": -1, "pie": 3, "uto": -1, "uwr": -1 }, "geometry": { "type": "Point", "coordinates": [ 18.720194, 51.588639 ] } },
{ "type": "Feature", "properties": { "ID": 109407648, "yr": 2020, "dt": "2020-09-16T05:05:00", "WOJ": 10, "sev": 3, "c": [ 255, 0, 0, 160 ], "dmg": 1, "sli": 0, "ser": 0, "fat": 1, "row": 3, "mot": -1, "pie": -1, "uto": -1, "uwr": -1 }, "geometry": { "type": "Point", "coordinates": [ 19.818222, 51.04525 ] } },
{ "type": "Feature", "properties": { "ID": 108558949, "yr": 2020, "dt": "2020-01-12T19:50:00", "WOJ": 10, "sev": 3, "c": [ 255, 0, 0, 160 ], "dmg": 1, "sli": 0, "ser": 0, "fat": 1, "row": -1, "mot": -1, "pie": -1, "uto": -1, "uwr": -1 }, "geometry": { "type": "Point", "coordinates": [ 18.431333, 51.319833 ] } },
{ "type": "Feature", "properties": { "ID": 109542339, "yr": 2020, "dt": "2020-11-17T12:14:18", "WOJ": 10, "sev": 3, "c": [ 255, 0, 0, 160 ], "dmg": 1, "sli": 0, "ser": 0, "fat": 1, "row": -1, "mot": -1, "pie": 3, "uto": -1, "uwr": -1 }, "geometry": { "type": "Point", "coordinates": [ 19.490944, 51.740139 ] } },
{ "type": "Feature", "properties": { "ID": 109700431, "yr": 2020, "dt": "2020-12-29T11:00:00", "WOJ": 10, "sev": 3, "c": [ 255, 0, 0, 160 ], "dmg": 0, "sli": 0, "ser": 0, "fat": 1, "row": -1, "mot": -1, "pie": -1, "uto": -1, "uwr": -1 }, "geometry": { "type": "Point", "coordinates": [ 19.5225, 51.487917 ] } },
{ "type": "Feature", "properties": { "ID": 109552116, "yr": 2020, "dt": "2020-11-18T18:20:00", "WOJ": 10, "sev": 3, "c": [ 255, 0, 0, 160 ], "dmg": 1, "sli": 0, "ser": 0, "fat": 1, "row": -1, "mot": -1, "pie": 3, "uto": -1, "uwr": -1 }, "geometry": { "type": "Point", "coordinates": [ 19.489694, 50.95625 ] } },
{ "type": "Feature", "properties": { "ID": 109157003, "yr": 2020, "dt": "2020-06-13T09:15:00", "WOJ": 10, "sev": 3, "c": [ 255, 0, 0, 160 ], "dmg": 0, "sli": 0, "ser": 0, "fat": 1, "row": -1, "mot": -1, "pie": -1, "uto": -1, "uwr": -1 }, "geometry": { "type": "Point", "coordinates": [ 19.253417, 51.995333 ] } },
{ "type": "Feature", "properties": { "ID": 109408553, "yr": 2020, "dt": "2020-09-16T21:38:00", "WOJ": 10, "sev": 3, "c": [ 255, 0, 0, 160 ], "dmg": 1, "sli": 0, "ser": 0, "fat": 1, "row": 3, "mot": -1, "pie": -1, "uto": -1, "uwr": -1 }, "geometry": { "type": "Point", "coordinates": [ 19.481083, 51.135556 ] } },
{ "type": "Feature", "properties": { "ID": 109485893, "yr": 2020, "dt": "2020-10-23T05:55:00", "WOJ": 10, "sev": 3, "c": [ 255, 0, 0, 160 ], "dmg": 0, "sli": 0, "ser": 0, "fat": 1, "row": -1, "mot": -1, "pie": -1, "uto": -1, "uwr": -1 }, "geometry": { "type": "Point", "coordinates": [ 18.931056, 51.597139 ] } },
{ "type": "Feature", "properties": { "ID": 109672394, "yr": 2020, "dt": "2020-12-16T06:50:00", "WOJ": 10, "sev": 3, "c": [ 255, 0, 0, 160 ], "dmg": 2, "sli": 0, "ser": 0, "fat": 1, "row": -1, "mot": -1, "pie": -1, "uto": -1, "uwr": -1 }, "geometry": { "type": "Point", "coordinates": [ 18.493306, 51.256667 ] } },
{ "type": "Feature", "properties": { "ID": 109487885, "yr": 2020, "dt": "2020-10-23T21:30:00", "WOJ": 10, "sev": 3, "c": [ 255, 0, 0, 160 ], "dmg": 1, "sli": 0, "ser": 0, "fat": 1, "row": -1, "mot": -1, "pie": -1, "uto": -1, "uwr": -1 }, "geometry": { "type": "Point", "coordinates": [ 19.455139, 51.163083 ] } },
{ "type": "Feature", "properties": { "ID": 109437863, "yr": 2020, "dt": "2020-10-02T09:45:00", "WOJ": 10, "sev": 3, "c": [ 255, 0, 0, 160 ], "dmg": 1, "sli": 1, "ser": 0, "fat": 1, "row": -1, "mot": -1, "pie": -1, "uto": -1, "uwr": -1 }, "geometry": { "type": "Point", "coordinates": [ 19.1885, 52.125361 ] } },
{ "type": "Feature", "properties": { "ID": 109333556, "yr": 2020, "dt": "2020-08-08T22:40:00", "WOJ": 10, "sev": 3, "c": [ 255, 0, 0, 160 ], "dmg": 0, "sli": 0, "ser": 0, "fat": 1, "row": -1, "mot": 3, "pie": -1, "uto": -1, "uwr": -1 }, "geometry": { "type": "Point", "coordinates": [ 19.998917, 51.051361 ] } },
{ "type": "Feature", "properties": { "ID": 109155511, "yr": 2020, "dt": "2020-06-12T18:00:00", "WOJ": 10, "sev": 3, "c": [ 255, 0, 0, 160 ], "dmg": 1, "sli": 0, "ser": 0, "fat": 1, "row": -1, "mot": -1, "pie": 3, "uto": -1, "uwr": -1 }, "geometry": { "type": "Point", "coordinates": [ 19.951333, 51.120194 ] } },
{ "type": "Feature", "properties": { "ID": 109118676, "yr": 2020, "dt": "2020-06-04T11:05:00", "WOJ": 10, "sev": 3, "c": [ 255, 0, 0, 160 ], "dmg": 1, "sli": 0, "ser": 0, "fat": 1, "row": 3, "mot": -1, "pie": -1, "uto": -1, "uwr": -1 }, "geometry": { "type": "Point", "coordinates": [ 18.739194, 51.598417 ] } },
{ "type": "Feature", "properties": { "ID": 109254525, "yr": 2020, "dt": "2020-07-02T09:15:00", "WOJ": 10, "sev": 3, "c": [ 255, 0, 0, 160 ], "dmg": 0, "sli": 0, "ser": 0, "fat": 1, "row": -1, "mot": -1, "pie": -1, "uto": -1, "uwr": -1 }, "geometry": { "type": "Point", "coordinates": [ 19.603778, 51.314889 ] } },
{ "type": "Feature", "properties": { "ID": 109488965, "yr": 2020, "dt": "2020-10-24T21:45:00", "WOJ": 10, "sev": 3, "c": [ 255, 0, 0, 160 ], "dmg": 1, "sli": 0, "ser": 3, "fat": 1, "row": -1, "mot": -1, "pie": -1, "uto": -1, "uwr": -1 }, "geometry": { "type": "Point", "coordinates": [ 19.467083, 51.738444 ] } },
{ "type": "Feature", "properties": { "ID": 109277425, "yr": 2020, "dt": "2020-07-10T18:50:00", "WOJ": 10, "sev": 3, "c": [ 255, 0, 0, 160 ], "dmg": 1, "sli": 0, "ser": 1, "fat": 2, "row": -1, "mot": -1, "pie": -1, "uto": -1, "uwr": -1 }, "geometry": { "type": "Point", "coordinates": [ 19.692944, 51.952556 ] } },
{ "type": "Feature", "properties": { "ID": 109386286, "yr": 2020, "dt": "2020-09-04T21:08:00", "WOJ": 10, "sev": 3, "c": [ 255, 0, 0, 160 ], "dmg": 0, "sli": 0, "ser": 0, "fat": 1, "row": -1, "mot": -1, "pie": -1, "uto": -1, "uwr": -1 }, "geometry": { "type": "Point", "coordinates": [ 19.614694, 51.8065 ] } },
{ "type": "Feature", "properties": { "ID": 109679055, "yr": 2020, "dt": "2020-12-17T11:03:49", "WOJ": 10, "sev": 3, "c": [ 255, 0, 0, 160 ], "dmg": 1, "sli": 0, "ser": 0, "fat": 1, "row": -1, "mot": -1, "pie": 3, "uto": -1, "uwr": -1 }, "geometry": { "type": "Point", "coordinates": [ 19.389056, 51.571917 ] } },
{ "type": "Feature", "properties": { "ID": 109489153, "yr": 2020, "dt": "2020-10-25T12:30:00", "WOJ": 10, "sev": 3, "c": [ 255, 0, 0, 160 ], "dmg": 0, "sli": 0, "ser": 0, "fat": 1, "row": -1, "mot": 3, "pie": -1, "uto": -1, "uwr": -1 }, "geometry": { "type": "Point", "coordinates": [ 19.319417, 51.964028 ] } },
{ "type": "Feature", "properties": { "ID": 109489222, "yr": 2020, "dt": "2020-10-25T15:55:00", "WOJ": 10, "sev": 3, "c": [ 255, 0, 0, 160 ], "dmg": 1, "sli": 0, "ser": 0, "fat": 1, "row": -1, "mot": 3, "pie": -1, "uto": -1, "uwr": -1 }, "geometry": { "type": "Point", "coordinates": [ 18.608444, 51.135778 ] } },
{ "type": "Feature", "properties": { "ID": 109437169, "yr": 2020, "dt": "2020-10-02T01:05:00", "WOJ": 10, "sev": 3, "c": [ 255, 0, 0, 160 ], "dmg": 0, "sli": 0, "ser": 1, "fat": 1, "row": -1, "mot": -1, "pie": -1, "uto": -1, "uwr": -1 }, "geometry": { "type": "Point", "coordinates": [ 19.131278, 52.218444 ] } },
{ "type": "Feature", "properties": { "ID": 109308789, "yr": 2020, "dt": "2020-07-27T09:24:00", "WOJ": 10, "sev": 3, "c": [ 255, 0, 0, 160 ], "dmg": 1, "sli": 0, "ser": 0, "fat": 1, "row": -1, "mot": -1, "pie": 3, "uto": -1, "uwr": -1 }, "geometry": { "type": "Point", "coordinates": [ 19.364667, 52.228222 ] } },
{ "type": "Feature", "properties": { "ID": 109114638, "yr": 2020, "dt": "2020-06-03T11:25:00", "WOJ": 10, "sev": 3, "c": [ 255, 0, 0, 160 ], "dmg": 1, "sli": 2, "ser": 0, "fat": 1, "row": -1, "mot": -1, "pie": -1, "uto": -1, "uwr": -1 }, "geometry": { "type": "Point", "coordinates": [ 19.091611, 51.597389 ] } },
{ "type": "Feature", "properties": { "ID": 109357142, "yr": 2020, "dt": "2020-08-19T18:39:00", "WOJ": 10, "sev": 3, "c": [ 255, 0, 0, 160 ], "dmg": 1, "sli": 0, "ser": 0, "fat": 1, "row": 3, "mot": -1, "pie": -1, "uto": -1, "uwr": -1 }, "geometry": { "type": "Point", "coordinates": [ 19.441167, 51.036583 ] } },
{ "type": "Feature", "properties": { "ID": 109558301, "yr": 2020, "dt": "2020-11-20T05:15:00", "WOJ": 10, "sev": 3, "c": [ 255, 0, 0, 160 ], "dmg": 1, "sli": 0, "ser": 0, "fat": 1, "row": -1, "mot": -1, "pie": -1, "uto": -1, "uwr": -1 }, "geometry": { "type": "Point", "coordinates": [ 18.61325, 51.199667 ] } },
{ "type": "Feature", "properties": { "ID": 109285635, "yr": 2020, "dt": "2020-07-15T13:00:00", "WOJ": 10, "sev": 3, "c": [ 255, 0, 0, 160 ], "dmg": 1, "sli": 0, "ser": 0, "fat": 1, "row": -1, "mot": 3, "pie": -1, "uto": -1, "uwr": -1 }, "geometry": { "type": "Point", "coordinates": [ 18.319667, 51.373361 ] } },
{ "type": "Feature", "properties": { "ID": 109256230, "yr": 2020, "dt": "2020-07-02T21:50:00", "WOJ": 10, "sev": 3, "c": [ 255, 0, 0, 160 ], "dmg": 1, "sli": 0, "ser": 0, "fat": 1, "row": -1, "mot": -1, "pie": 3, "uto": -1, "uwr": -1 }, "geometry": { "type": "Point", "coordinates": [ 18.444111, 51.267361 ] } },
{ "type": "Feature", "properties": { "ID": 109101730, "yr": 2020, "dt": "2020-05-31T17:40:00", "WOJ": 10, "sev": 3, "c": [ 255, 0, 0, 160 ], "dmg": 0, "sli": 0, "ser": 0, "fat": 1, "row": -1, "mot": 3, "pie": -1, "uto": -1, "uwr": -1 }, "geometry": { "type": "Point", "coordinates": [ 19.406139, 51.270722 ] } },
{ "type": "Feature", "properties": { "ID": 109101815, "yr": 2020, "dt": "2020-05-31T20:28:00", "WOJ": 10, "sev": 3, "c": [ 255, 0, 0, 160 ], "dmg": 1, "sli": 0, "ser": 0, "fat": 1, "row": 3, "mot": -1, "pie": -1, "uto": -1, "uwr": -1 }, "geometry": { "type": "Point", "coordinates": [ 18.214, 51.189528 ] } },
{ "type": "Feature", "properties": { "ID": 109557743, "yr": 2020, "dt": "2020-11-21T11:00:00", "WOJ": 10, "sev": 3, "c": [ 255, 0, 0, 160 ], "dmg": 0, "sli": 0, "ser": 0, "fat": 2, "row": -1, "mot": -1, "pie": -1, "uto": -1, "uwr": -1 }, "geometry": { "type": "Point", "coordinates": [ 20.359278, 51.842972 ] } },
{ "type": "Feature", "properties": { "ID": 109559845, "yr": 2020, "dt": "2020-11-21T03:10:00", "WOJ": 10, "sev": 3, "c": [ 255, 0, 0, 160 ], "dmg": 0, "sli": 0, "ser": 1, "fat": 1, "row": -1, "mot": -1, "pie": -1, "uto": -1, "uwr": -1 }, "geometry": { "type": "Point", "coordinates": [ 19.156528, 52.257889 ] } },
{ "type": "Feature", "properties": { "ID": 109494903, "yr": 2020, "dt": "2020-10-27T19:30:00", "WOJ": 10, "sev": 3, "c": [ 255, 0, 0, 160 ], "dmg": 1, "sli": 0, "ser": 0, "fat": 1, "row": -1, "mot": -1, "pie": 3, "uto": -1, "uwr": -1 }, "geometry": { "type": "Point", "coordinates": [ 19.538417, 51.605389 ] } },
{ "type": "Feature", "properties": { "ID": 109386242, "yr": 2020, "dt": "2020-09-05T01:55:00", "WOJ": 10, "sev": 3, "c": [ 255, 0, 0, 160 ], "dmg": 1, "sli": 0, "ser": 0, "fat": 1, "row": -1, "mot": -1, "pie": 3, "uto": -1, "uwr": -1 }, "geometry": { "type": "Point", "coordinates": [ 19.890333, 51.352417 ] } },
{ "type": "Feature", "properties": { "ID": 109685352, "yr": 2020, "dt": "2020-12-20T18:55:00", "WOJ": 10, "sev": 3, "c": [ 255, 0, 0, 160 ], "dmg": 1, "sli": 0, "ser": 0, "fat": 1, "row": -1, "mot": -1, "pie": -1, "uto": -1, "uwr": -1 }, "geometry": { "type": "Point", "coordinates": [ 19.017389, 51.121417 ] } },
{ "type": "Feature", "properties": { "ID": 109335392, "yr": 2020, "dt": "2020-08-09T21:00:00", "WOJ": 10, "sev": 3, "c": [ 255, 0, 0, 160 ], "dmg": 1, "sli": 0, "ser": 0, "fat": 1, "row": -1, "mot": -1, "pie": 3, "uto": -1, "uwr": -1 }, "geometry": { "type": "Point", "coordinates": [ 20.222361, 51.381194 ] } },
{ "type": "Feature", "properties": { "ID": 109099998, "yr": 2020, "dt": "2020-05-30T19:00:00", "WOJ": 10, "sev": 3, "c": [ 255, 0, 0, 160 ], "dmg": 0, "sli": 1, "ser": 0, "fat": 1, "row": -1, "mot": -1, "pie": -1, "uto": -1, "uwr": -1 }, "geometry": { "type": "Point", "coordinates": [ 19.656139, 51.024556 ] } },
{ "type": "Feature", "properties": { "ID": 109494076, "yr": 2020, "dt": "2020-10-27T16:30:00", "WOJ": 10, "sev": 3, "c": [ 255, 0, 0, 160 ], "dmg": 0, "sli": 0, "ser": 0, "fat": 1, "row": 3, "mot": -1, "pie": -1, "uto": -1, "uwr": -1 }, "geometry": { "type": "Point", "coordinates": [ 19.738167, 51.975528 ] } },
{ "type": "Feature", "properties": { "ID": 109090310, "yr": 2020, "dt": "2020-05-28T13:55:00", "WOJ": 10, "sev": 3, "c": [ 255, 0, 0, 160 ], "dmg": 1, "sli": 0, "ser": 0, "fat": 1, "row": -1, "mot": -1, "pie": 3, "uto": -1, "uwr": -1 }, "geometry": { "type": "Point", "coordinates": [ 18.924778, 51.591444 ] } },
{ "type": "Feature", "properties": { "ID": 109441947, "yr": 2020, "dt": "2020-10-04T22:44:00", "WOJ": 10, "sev": 3, "c": [ 255, 0, 0, 160 ], "dmg": 1, "sli": 0, "ser": 0, "fat": 1, "row": 3, "mot": -1, "pie": -1, "uto": -1, "uwr": -1 }, "geometry": { "type": "Point", "coordinates": [ 19.300861, 51.814111 ] } },
{ "type": "Feature", "properties": { "ID": 109686711, "yr": 2020, "dt": "2020-12-21T19:10:00", "WOJ": 10, "sev": 3, "c": [ 255, 0, 0, 160 ], "dmg": 1, "sli": 0, "ser": 0, "fat": 1, "row": -1, "mot": -1, "pie": 3, "uto": -1, "uwr": -1 }, "geometry": { "type": "Point", "coordinates": [ 19.147861, 52.045417 ] } },
{ "type": "Feature", "properties": { "ID": 109687713, "yr": 2020, "dt": "2020-12-21T16:00:00", "WOJ": 10, "sev": 3, "c": [ 255, 0, 0, 160 ], "dmg": 1, "sli": 0, "ser": 0, "fat": 1, "row": -1, "mot": -1, "pie": 3, "uto": -1, "uwr": -1 }, "geometry": { "type": "Point", "coordinates": [ 20.114139, 51.305694 ] } },
{ "type": "Feature", "properties": { "ID": 109686554, "yr": 2020, "dt": "2020-12-21T12:40:00", "WOJ": 10, "sev": 3, "c": [ 255, 0, 0, 160 ], "dmg": 1, "sli": 0, "ser": 0, "fat": 1, "row": -1, "mot": -1, "pie": -1, "uto": -1, "uwr": -1 }, "geometry": { "type": "Point", "coordinates": [ 19.003194, 51.334306 ] } },
{ "type": "Feature", "properties": { "ID": 109686496, "yr": 2020, "dt": "2020-12-21T10:48:37", "WOJ": 10, "sev": 3, "c": [ 255, 0, 0, 160 ], "dmg": 1, "sli": 0, "ser": 0, "fat": 1, "row": -1, "mot": -1, "pie": -1, "uto": -1, "uwr": -1 }, "geometry": { "type": "Point", "coordinates": [ 19.337139, 51.737611 ] } },
{ "type": "Feature", "properties": { "ID": 109085938, "yr": 2020, "dt": "2020-05-27T11:58:00", "WOJ": 10, "sev": 3, "c": [ 255, 0, 0, 160 ], "dmg": 1, "sli": 0, "ser": 0, "fat": 1, "row": 3, "mot": -1, "pie": -1, "uto": -1, "uwr": -1 }, "geometry": { "type": "Point", "coordinates": [ 19.567583, 51.584028 ] } },
{ "type": "Feature", "properties": { "ID": 109082402, "yr": 2020, "dt": "2020-05-27T03:24:00", "WOJ": 10, "sev": 3, "c": [ 255, 0, 0, 160 ], "dmg": 1, "sli": 0, "ser": 0, "fat": 1, "row": -1, "mot": -1, "pie": -1, "uto": -1, "uwr": -1 }, "geometry": { "type": "Point", "coordinates": [ 19.603306, 51.745333 ] } },
{ "type": "Feature", "properties": { "ID": 109304816, "yr": 2020, "dt": "2020-07-24T13:30:00", "WOJ": 10, "sev": 3, "c": [ 255, 0, 0, 160 ], "dmg": 1, "sli": 0, "ser": 0, "fat": 1, "row": -1, "mot": -1, "pie": -1, "uto": -1, "uwr": -1 }, "geometry": { "type": "Point", "coordinates": [ 18.289111, 51.187722 ] } },
{ "type": "Feature", "properties": { "ID": 109413829, "yr": 2020, "dt": "2020-09-19T08:27:00", "WOJ": 10, "sev": 3, "c": [ 255, 0, 0, 160 ], "dmg": 1, "sli": 0, "ser": 0, "fat": 1, "row": -1, "mot": -1, "pie": 3, "uto": -1, "uwr": -1 }, "geometry": { "type": "Point", "coordinates": [ 18.558306, 51.224111 ] } },
{ "type": "Feature", "properties": { "ID": 109563732, "yr": 2020, "dt": "2020-11-23T20:20:00", "WOJ": 10, "sev": 3, "c": [ 255, 0, 0, 160 ], "dmg": 1, "sli": 0, "ser": 0, "fat": 1, "row": 3, "mot": -1, "pie": -1, "uto": -1, "uwr": -1 }, "geometry": { "type": "Point", "coordinates": [ 19.729056, 52.221722 ] } },
{ "type": "Feature", "properties": { "ID": 109563327, "yr": 2020, "dt": "2020-11-23T12:00:00", "WOJ": 10, "sev": 3, "c": [ 255, 0, 0, 160 ], "dmg": 0, "sli": 0, "ser": 0, "fat": 1, "row": -1, "mot": -1, "pie": -1, "uto": -1, "uwr": -1 }, "geometry": { "type": "Point", "coordinates": [ 19.350917, 51.839139 ] } },
{ "type": "Feature", "properties": { "ID": 109082378, "yr": 2020, "dt": "2020-05-26T17:52:00", "WOJ": 10, "sev": 3, "c": [ 255, 0, 0, 160 ], "dmg": 0, "sli": 0, "ser": 1, "fat": 1, "row": -1, "mot": -1, "pie": -1, "uto": -1, "uwr": -1 }, "geometry": { "type": "Point", "coordinates": [ 19.298472, 51.649167 ] } },
{ "type": "Feature", "properties": { "ID": 109305055, "yr": 2020, "dt": "2020-07-24T21:50:00", "WOJ": 10, "sev": 3, "c": [ 255, 0, 0, 160 ], "dmg": 1, "sli": 0, "ser": 0, "fat": 1, "row": 3, "mot": -1, "pie": -1, "uto": -1, "uwr": -1 }, "geometry": { "type": "Point", "coordinates": [ 18.264333, 51.339917 ] } },
{ "type": "Feature", "properties": { "ID": 109414415, "yr": 2020, "dt": "2020-09-19T19:36:00", "WOJ": 10, "sev": 3, "c": [ 255, 0, 0, 160 ], "dmg": 1, "sli": 0, "ser": 0, "fat": 1, "row": -1, "mot": 3, "pie": -1, "uto": -1, "uwr": -1 }, "geometry": { "type": "Point", "coordinates": [ 19.543583, 51.726944 ] } },
{ "type": "Feature", "properties": { "ID": 109080608, "yr": 2020, "dt": "2020-05-25T12:10:00", "WOJ": 10, "sev": 3, "c": [ 255, 0, 0, 160 ], "dmg": 2, "sli": 0, "ser": 1, "fat": 1, "row": -1, "mot": -1, "pie": -1, "uto": -1, "uwr": -1 }, "geometry": { "type": "Point", "coordinates": [ 19.626083, 51.534417 ] } },
{ "type": "Feature", "properties": { "ID": 109498456, "yr": 2020, "dt": "2020-10-29T17:10:00", "WOJ": 10, "sev": 3, "c": [ 255, 0, 0, 160 ], "dmg": 1, "sli": 0, "ser": 0, "fat": 1, "row": -1, "mot": -1, "pie": 3, "uto": -1, "uwr": -1 }, "geometry": { "type": "Point", "coordinates": [ 19.936278, 51.203139 ] } },
{ "type": "Feature", "properties": { "ID": 109256988, "yr": 2020, "dt": "2020-07-02T05:24:00", "WOJ": 10, "sev": 3, "c": [ 255, 0, 0, 160 ], "dmg": 1, "sli": 0, "ser": 0, "fat": 1, "row": -1, "mot": -1, "pie": -1, "uto": -1, "uwr": -1 }, "geometry": { "type": "Point", "coordinates": [ 19.607778, 51.722056 ] } },
{ "type": "Feature", "properties": { "ID": 109388740, "yr": 2020, "dt": "2020-09-06T18:45:00", "WOJ": 10, "sev": 3, "c": [ 255, 0, 0, 160 ], "dmg": 1, "sli": 0, "ser": 0, "fat": 1, "row": -1, "mot": -1, "pie": -1, "uto": -1, "uwr": -1 }, "geometry": { "type": "Point", "coordinates": [ 18.530861, 51.745778 ] } },
{ "type": "Feature", "properties": { "ID": 109443530, "yr": 2020, "dt": "2020-10-05T18:30:00", "WOJ": 10, "sev": 3, "c": [ 255, 0, 0, 160 ], "dmg": 1, "sli": 0, "ser": 0, "fat": 1, "row": -1, "mot": -1, "pie": 3, "uto": -1, "uwr": -1 }, "geometry": { "type": "Point", "coordinates": [ 19.659472, 51.4705 ] } },
{ "type": "Feature", "properties": { "ID": 109564712, "yr": 2020, "dt": "2020-11-24T18:50:00", "WOJ": 10, "sev": 3, "c": [ 255, 0, 0, 160 ], "dmg": 1, "sli": 0, "ser": 0, "fat": 1, "row": 3, "mot": -1, "pie": -1, "uto": -1, "uwr": -1 }, "geometry": { "type": "Point", "coordinates": [ 19.146778, 51.262222 ] } },
{ "type": "Feature", "properties": { "ID": 109414949, "yr": 2020, "dt": "2020-09-20T19:10:00", "WOJ": 10, "sev": 3, "c": [ 255, 0, 0, 160 ], "dmg": 0, "sli": 0, "ser": 0, "fat": 1, "row": -1, "mot": 3, "pie": -1, "uto": -1, "uwr": -1 }, "geometry": { "type": "Point", "coordinates": [ 20.339611, 51.786417 ] } },
{ "type": "Feature", "properties": { "ID": 109566802, "yr": 2020, "dt": "2020-11-25T05:40:00", "WOJ": 10, "sev": 3, "c": [ 255, 0, 0, 160 ], "dmg": 1, "sli": 0, "ser": 0, "fat": 1, "row": -1, "mot": -1, "pie": -1, "uto": -1, "uwr": -1 }, "geometry": { "type": "Point", "coordinates": [ 18.608056, 51.139167 ] } },
{ "type": "Feature", "properties": { "ID": 109074214, "yr": 2020, "dt": "2020-05-25T09:25:00", "WOJ": 10, "sev": 3, "c": [ 255, 0, 0, 160 ], "dmg": 1, "sli": 1, "ser": 0, "fat": 1, "row": -1, "mot": -1, "pie": -1, "uto": -1, "uwr": -1 }, "geometry": { "type": "Point", "coordinates": [ 18.878556, 51.529639 ] } },
{ "type": "Feature", "properties": { "ID": 109069212, "yr": 2020, "dt": "2020-05-24T04:25:00", "WOJ": 10, "sev": 3, "c": [ 255, 0, 0, 160 ], "dmg": 0, "sli": 0, "ser": 0, "fat": 1, "row": -1, "mot": -1, "pie": -1, "uto": -1, "uwr": -1 }, "geometry": { "type": "Point", "coordinates": [ 19.138972, 51.074444 ] } },
{ "type": "Feature", "properties": { "ID": 109274519, "yr": 2020, "dt": "2020-07-10T08:10:00", "WOJ": 10, "sev": 3, "c": [ 255, 0, 0, 160 ], "dmg": 1, "sli": 0, "ser": 0, "fat": 1, "row": 3, "mot": -1, "pie": -1, "uto": -1, "uwr": -1 }, "geometry": { "type": "Point", "coordinates": [ 18.866944, 51.453056 ] } },
{ "type": "Feature", "properties": { "ID": 109413080, "yr": 2020, "dt": "2020-09-20T03:50:00", "WOJ": 10, "sev": 3, "c": [ 255, 0, 0, 160 ], "dmg": 1, "sli": 0, "ser": 0, "fat": 1, "row": -1, "mot": -1, "pie": 3, "uto": -1, "uwr": -1 }, "geometry": { "type": "Point", "coordinates": [ 18.430833, 51.274 ] } },
{ "type": "Feature", "properties": { "ID": 109069222, "yr": 2020, "dt": "2020-05-23T21:10:00", "WOJ": 10, "sev": 3, "c": [ 255, 0, 0, 160 ], "dmg": 0, "sli": 3, "ser": 0, "fat": 2, "row": -1, "mot": -1, "pie": -1, "uto": -1, "uwr": -1 }, "geometry": { "type": "Point", "coordinates": [ 19.6115, 51.939222 ] } },
{ "type": "Feature", "properties": { "ID": 109445596, "yr": 2020, "dt": "2020-10-06T05:25:00", "WOJ": 10, "sev": 3, "c": [ 255, 0, 0, 160 ], "dmg": 0, "sli": 0, "ser": 0, "fat": 1, "row": -1, "mot": -1, "pie": -1, "uto": -1, "uwr": -1 }, "geometry": { "type": "Point", "coordinates": [ 19.651917, 51.543861 ] } },
{ "type": "Feature", "properties": { "ID": 109693092, "yr": 2020, "dt": "2020-12-24T17:40:00", "WOJ": 10, "sev": 3, "c": [ 255, 0, 0, 160 ], "dmg": 1, "sli": 0, "ser": 0, "fat": 1, "row": -1, "mot": -1, "pie": 3, "uto": -1, "uwr": -1 }, "geometry": { "type": "Point", "coordinates": [ 19.767583, 51.393111 ] } },
{ "type": "Feature", "properties": { "ID": 109692459, "yr": 2020, "dt": "2020-12-24T05:13:00", "WOJ": 10, "sev": 3, "c": [ 255, 0, 0, 160 ], "dmg": 1, "sli": 0, "ser": 0, "fat": 1, "row": -1, "mot": -1, "pie": 3, "uto": -1, "uwr": -1 }, "geometry": { "type": "Point", "coordinates": [ 19.935833, 51.810889 ] } },
{ "type": "Feature", "properties": { "ID": 109359530, "yr": 2020, "dt": "2020-08-21T17:27:00", "WOJ": 10, "sev": 3, "c": [ 255, 0, 0, 160 ], "dmg": 1, "sli": 0, "ser": 0, "fat": 1, "row": -1, "mot": 3, "pie": -1, "uto": -1, "uwr": -1 }, "geometry": { "type": "Point", "coordinates": [ 19.430111, 51.790333 ] } },
{ "type": "Feature", "properties": { "ID": 109694457, "yr": 2020, "dt": "2020-12-25T15:10:00", "WOJ": 10, "sev": 3, "c": [ 255, 0, 0, 160 ], "dmg": 0, "sli": 0, "ser": 1, "fat": 2, "row": -1, "mot": -1, "pie": -1, "uto": -1, "uwr": -1 }, "geometry": { "type": "Point", "coordinates": [ 19.820861, 51.391694 ] } },
{ "type": "Feature", "properties": { "ID": 109414945, "yr": 2020, "dt": "2020-09-20T16:25:00", "WOJ": 10, "sev": 3, "c": [ 255, 0, 0, 160 ], "dmg": 2, "sli": 0, "ser": 0, "fat": 2, "row": -1, "mot": 3, "pie": -1, "uto": -1, "uwr": -1 }, "geometry": { "type": "Point", "coordinates": [ 18.257472, 51.303833 ] } },
{ "type": "Feature", "properties": { "ID": 109696001, "yr": 2020, "dt": "2020-12-27T18:30:00", "WOJ": 10, "sev": 3, "c": [ 255, 0, 0, 160 ], "dmg": 1, "sli": 0, "ser": 0, "fat": 1, "row": -1, "mot": -1, "pie": 3, "uto": -1, "uwr": -1 }, "geometry": { "type": "Point", "coordinates": [ 19.716306, 51.562806 ] } },
{ "type": "Feature", "properties": { "ID": 109568519, "yr": 2020, "dt": "2020-11-27T03:20:00", "WOJ": 10, "sev": 3, "c": [ 255, 0, 0, 160 ], "dmg": 1, "sli": 0, "ser": 0, "fat": 1, "row": -1, "mot": -1, "pie": 3, "uto": -1, "uwr": -1 }, "geometry": { "type": "Point", "coordinates": [ 19.825056, 51.373972 ] } },
{ "type": "Feature", "properties": { "ID": 109039494, "yr": 2020, "dt": "2020-05-17T05:57:00", "WOJ": 10, "sev": 3, "c": [ 255, 0, 0, 160 ], "dmg": 0, "sli": 0, "ser": 0, "fat": 1, "row": -1, "mot": -1, "pie": -1, "uto": -1, "uwr": -1 }, "geometry": { "type": "Point", "coordinates": [ 19.503972, 51.815222 ] } },
{ "type": "Feature", "properties": { "ID": 109039298, "yr": 2020, "dt": "2020-05-16T18:01:00", "WOJ": 10, "sev": 3, "c": [ 255, 0, 0, 160 ], "dmg": 1, "sli": 0, "ser": 0, "fat": 1, "row": -1, "mot": 3, "pie": -1, "uto": -1, "uwr": -1 }, "geometry": { "type": "Point", "coordinates": [ 19.49675, 51.640111 ] } },
{ "type": "Feature", "properties": { "ID": 109033643, "yr": 2020, "dt": "2020-05-14T21:30:00", "WOJ": 10, "sev": 3, "c": [ 255, 0, 0, 160 ], "dmg": 1, "sli": 0, "ser": 0, "fat": 1, "row": 3, "mot": -1, "pie": -1, "uto": -1, "uwr": -1 }, "geometry": { "type": "Point", "coordinates": [ 19.320444, 51.160278 ] } },
{ "type": "Feature", "properties": { "ID": 109277410, "yr": 2020, "dt": "2020-07-10T23:02:00", "WOJ": 10, "sev": 3, "c": [ 255, 0, 0, 160 ], "dmg": 1, "sli": 0, "ser": 0, "fat": 1, "row": -1, "mot": -1, "pie": 3, "uto": -1, "uwr": -1 }, "geometry": { "type": "Point", "coordinates": [ 18.993333, 51.887333 ] } },
{ "type": "Feature", "properties": { "ID": 109020272, "yr": 2020, "dt": "2020-05-10T23:53:00", "WOJ": 10, "sev": 3, "c": [ 255, 0, 0, 160 ], "dmg": 0, "sli": 0, "ser": 2, "fat": 1, "row": -1, "mot": -1, "pie": -1, "uto": -1, "uwr": -1 }, "geometry": { "type": "Point", "coordinates": [ 18.723417, 51.544306 ] } },
{ "type": "Feature", "properties": { "ID": 109568489, "yr": 2020, "dt": "2020-11-27T05:55:00", "WOJ": 10, "sev": 3, "c": [ 255, 0, 0, 160 ], "dmg": 1, "sli": 0, "ser": 0, "fat": 1, "row": -1, "mot": -1, "pie": 3, "uto": -1, "uwr": -1 }, "geometry": { "type": "Point", "coordinates": [ 19.958083, 51.689722 ] } },
{ "type": "Feature", "properties": { "ID": 109022615, "yr": 2020, "dt": "2020-05-09T18:50:00", "WOJ": 10, "sev": 3, "c": [ 255, 0, 0, 160 ], "dmg": 1, "sli": 0, "ser": 0, "fat": 1, "row": -1, "mot": 3, "pie": -1, "uto": -1, "uwr": -1 }, "geometry": { "type": "Point", "coordinates": [ 20.493167, 51.464694 ] } },
{ "type": "Feature", "properties": { "ID": 109500853, "yr": 2020, "dt": "2020-10-30T17:32:00", "WOJ": 10, "sev": 3, "c": [ 255, 0, 0, 160 ], "dmg": 1, "sli": 0, "ser": 0, "fat": 1, "row": -1, "mot": -1, "pie": 3, "uto": -1, "uwr": -1 }, "geometry": { "type": "Point", "coordinates": [ 19.527639, 51.778889 ] } },
{ "type": "Feature", "properties": { "ID": 108995252, "yr": 2020, "dt": "2020-05-06T22:38:00", "WOJ": 10, "sev": 3, "c": [ 255, 0, 0, 160 ], "dmg": 2, "sli": 0, "ser": 0, "fat": 1, "row": -1, "mot": -1, "pie": 3, "uto": -1, "uwr": -1 }, "geometry": { "type": "Point", "coordinates": [ 19.570389, 51.733611 ] } },
{ "type": "Feature", "properties": { "ID": 108990985, "yr": 2020, "dt": "2020-05-05T15:50:00", "WOJ": 10, "sev": 3, "c": [ 255, 0, 0, 160 ], "dmg": 1, "sli": 0, "ser": 0, "fat": 1, "row": 3, "mot": -1, "pie": -1, "uto": -1, "uwr": -1 }, "geometry": { "type": "Point", "coordinates": [ 19.421417, 51.383139 ] } },
{ "type": "Feature", "properties": { "ID": 109499819, "yr": 2020, "dt": "2020-10-30T12:18:19", "WOJ": 10, "sev": 3, "c": [ 255, 0, 0, 160 ], "dmg": 1, "sli": 0, "ser": 2, "fat": 1, "row": -1, "mot": -1, "pie": -1, "uto": -1, "uwr": -1 }, "geometry": { "type": "Point", "coordinates": [ 19.537333, 51.760278 ] } },
{ "type": "Feature", "properties": { "ID": 108989357, "yr": 2020, "dt": "2020-05-04T18:00:00", "WOJ": 10, "sev": 3, "c": [ 255, 0, 0, 160 ], "dmg": 1, "sli": 0, "ser": 2, "fat": 2, "row": -1, "mot": -1, "pie": -1, "uto": -1, "uwr": -1 }, "geometry": { "type": "Point", "coordinates": [ 19.257583, 51.597611 ] } },
{ "type": "Feature", "properties": { "ID": 109571912, "yr": 2020, "dt": "2020-11-28T17:35:00", "WOJ": 10, "sev": 3, "c": [ 255, 0, 0, 160 ], "dmg": 1, "sli": 0, "ser": 0, "fat": 1, "row": -1, "mot": -1, "pie": -1, "uto": -1, "uwr": -1 }, "geometry": { "type": "Point", "coordinates": [ 19.415333, 52.275694 ] } },
{ "type": "Feature", "properties": { "ID": 109500830, "yr": 2020, "dt": "2020-10-30T18:28:00", "WOJ": 10, "sev": 3, "c": [ 255, 0, 0, 160 ], "dmg": 1, "sli": 0, "ser": 0, "fat": 1, "row": -1, "mot": -1, "pie": 3, "uto": -1, "uwr": -1 }, "geometry": { "type": "Point", "coordinates": [ 19.539806, 51.035667 ] } },
{ "type": "Feature", "properties": { "ID": 109248109, "yr": 2020, "dt": "2020-06-29T08:27:00", "WOJ": 10, "sev": 3, "c": [ 255, 0, 0, 160 ], "dmg": 2, "sli": 0, "ser": 0, "fat": 1, "row": -1, "mot": -1, "pie": -1, "uto": -1, "uwr": -1 }, "geometry": { "type": "Point", "coordinates": [ 18.441361, 51.192722 ] } },
{ "type": "Feature", "properties": { "ID": 109285631, "yr": 2020, "dt": "2020-07-15T14:11:00", "WOJ": 10, "sev": 3, "c": [ 255, 0, 0, 160 ], "dmg": 0, "sli": 0, "ser": 0, "fat": 1, "row": -1, "mot": -1, "pie": -1, "uto": -1, "uwr": -1 }, "geometry": { "type": "Point", "coordinates": [ 19.612917, 52.267639 ] } },
{ "type": "Feature", "properties": { "ID": 108985221, "yr": 2020, "dt": "2020-05-01T15:45:00", "WOJ": 10, "sev": 3, "c": [ 255, 0, 0, 160 ], "dmg": 1, "sli": 0, "ser": 2, "fat": 2, "row": -1, "mot": -1, "pie": -1, "uto": -1, "uwr": -1 }, "geometry": { "type": "Point", "coordinates": [ 19.139722, 51.074306 ] } },
{ "type": "Feature", "properties": { "ID": 109501600, "yr": 2020, "dt": "2020-10-31T12:50:00", "WOJ": 10, "sev": 3, "c": [ 255, 0, 0, 160 ], "dmg": 1, "sli": 1, "ser": 0, "fat": 1, "row": -1, "mot": -1, "pie": -1, "uto": -1, "uwr": -1 }, "geometry": { "type": "Point", "coordinates": [ 19.624306, 51.411944 ] } },
{ "type": "Feature", "properties": { "ID": 109340913, "yr": 2020, "dt": "2020-08-12T17:30:00", "WOJ": 10, "sev": 3, "c": [ 255, 0, 0, 160 ], "dmg": 1, "sli": 0, "ser": 0, "fat": 1, "row": 3, "mot": -1, "pie": -1, "uto": -1, "uwr": -1 }, "geometry": { "type": "Point", "coordinates": [ 18.678889, 51.628194 ] } },
{ "type": "Feature", "properties": { "ID": 108984727, "yr": 2020, "dt": "2020-04-30T11:10:00", "WOJ": 10, "sev": 3, "c": [ 255, 0, 0, 160 ], "dmg": 1, "sli": 0, "ser": 0, "fat": 1, "row": -1, "mot": -1, "pie": 3, "uto": -1, "uwr": -1 }, "geometry": { "type": "Point", "coordinates": [ 19.644139, 51.301667 ] } },
{ "type": "Feature", "properties": { "ID": 109447827, "yr": 2020, "dt": "2020-10-07T12:35:00", "WOJ": 10, "sev": 3, "c": [ 255, 0, 0, 160 ], "dmg": 2, "sli": 0, "ser": 0, "fat": 1, "row": -1, "mot": -1, "pie": -1, "uto": -1, "uwr": -1 }, "geometry": { "type": "Point", "coordinates": [ 19.615667, 51.368361 ] } },
{ "type": "Feature", "properties": { "ID": 108980430, "yr": 2020, "dt": "2020-04-28T12:40:00", "WOJ": 10, "sev": 3, "c": [ 255, 0, 0, 160 ], "dmg": 2, "sli": 0, "ser": 0, "fat": 1, "row": -1, "mot": -1, "pie": -1, "uto": -1, "uwr": -1 }, "geometry": { "type": "Point", "coordinates": [ 19.343139, 51.747556 ] } },
{ "type": "Feature", "properties": { "ID": 109273983, "yr": 2020, "dt": "2020-07-09T21:24:00", "WOJ": 10, "sev": 3, "c": [ 255, 0, 0, 160 ], "dmg": 1, "sli": 0, "ser": 0, "fat": 1, "row": -1, "mot": -1, "pie": 3, "uto": -1, "uwr": -1 }, "geometry": { "type": "Point", "coordinates": [ 20.140722, 52.143583 ] } }
]
}
