{
"type": "FeatureCollection",
"name": "accidents_2021_POMORSKIE",
"crs": { "type": "name", "properties": { "name": "urn:ogc:def:crs:OGC:1.3:CRS84" } },
"features": [
{ "type": "Feature", "properties": { "ID": 116760359, "yr": 2021, "dt": "2021-12-30T12:30:00", "WOJ": 22, "sev": 1, "c": [ 255, 255, 0, 160 ], "dmg": 3, "sli": 1, "ser": 0, "fat": 0, "row": -1, "mot": -1, "pie": -1, "uto": -1, "uwr": -1 }, "geometry": { "type": "Point", "coordinates": [ 18.61, 54.377222 ] } },
{ "type": "Feature", "properties": { "ID": 116749464, "yr": 2021, "dt": "2021-12-29T15:18:08", "WOJ": 22, "sev": 1, "c": [ 255, 255, 0, 160 ], "dmg": 0, "sli": 1, "ser": 0, "fat": 0, "row": -1, "mot": -1, "pie": -1, "uto": -1, "uwr": -1 }, "geometry": { "type": "Point", "coordinates": [ 18.200583, 54.030472 ] } },
{ "type": "Feature", "properties": { "ID": 116731569, "yr": 2021, "dt": "2021-12-20T13:15:00", "WOJ": 22, "sev": 1, "c": [ 255, 255, 0, 160 ], "dmg": 1, "sli": 1, "ser": 0, "fat": 0, "row": -1, "mot": -1, "pie": 1, "uto": -1, "uwr": -1 }, "geometry": { "type": "Point", "coordinates": [ 17.028222, 54.458083 ] } },
{ "type": "Feature", "properties": { "ID": 116733427, "yr": 2021, "dt": "2021-12-20T16:15:48", "WOJ": 22, "sev": 1, "c": [ 255, 255, 0, 160 ], "dmg": 1, "sli": 1, "ser": 0, "fat": 0, "row": -1, "mot": -1, "pie": -1, "uto": -1, "uwr": -1 }, "geometry": { "type": "Point", "coordinates": [ 18.297833, 54.160639 ] } },
{ "type": "Feature", "properties": { "ID": 116735926, "yr": 2021, "dt": "2021-12-20T10:35:00", "WOJ": 22, "sev": 1, "c": [ 255, 255, 0, 160 ], "dmg": 1, "sli": 1, "ser": 0, "fat": 0, "row": -1, "mot": -1, "pie": 1, "uto": -1, "uwr": -1 }, "geometry": { "type": "Point", "coordinates": [ 18.250972, 54.605806 ] } },
{ "type": "Feature", "properties": { "ID": 116733302, "yr": 2021, "dt": "2021-12-20T15:38:47", "WOJ": 22, "sev": 1, "c": [ 255, 255, 0, 160 ], "dmg": 1, "sli": 1, "ser": 0, "fat": 0, "row": -1, "mot": -1, "pie": -1, "uto": -1, "uwr": -1 }, "geometry": { "type": "Point", "coordinates": [ 18.204083, 54.282972 ] } },
{ "type": "Feature", "properties": { "ID": 116734662, "yr": 2021, "dt": "2021-12-21T21:50:33", "WOJ": 22, "sev": 1, "c": [ 255, 255, 0, 160 ], "dmg": 0, "sli": 2, "ser": 0, "fat": 0, "row": -1, "mot": -1, "pie": -1, "uto": -1, "uwr": -1 }, "geometry": { "type": "Point", "coordinates": [ 17.897778, 54.349139 ] } },
{ "type": "Feature", "properties": { "ID": 116735588, "yr": 2021, "dt": "2021-12-21T15:47:10", "WOJ": 22, "sev": 1, "c": [ 255, 255, 0, 160 ], "dmg": 1, "sli": 1, "ser": 0, "fat": 0, "row": -1, "mot": -1, "pie": -1, "uto": -1, "uwr": -1 }, "geometry": { "type": "Point", "coordinates": [ 17.975153, 54.14967 ] } },
{ "type": "Feature", "properties": { "ID": 109736150, "yr": 2021, "dt": "2021-01-10T13:44:49", "WOJ": 22, "sev": 1, "c": [ 255, 255, 0, 160 ], "dmg": 2, "sli": 1, "ser": 0, "fat": 0, "row": -1, "mot": -1, "pie": -1, "uto": -1, "uwr": -1 }, "geometry": { "type": "Point", "coordinates": [ 18.113917, 54.48725 ] } },
{ "type": "Feature", "properties": { "ID": 109751242, "yr": 2021, "dt": "2021-01-11T16:30:00", "WOJ": 22, "sev": 1, "c": [ 255, 255, 0, 160 ], "dmg": 1, "sli": 1, "ser": 0, "fat": 0, "row": -1, "mot": -1, "pie": -1, "uto": -1, "uwr": -1 }, "geometry": { "type": "Point", "coordinates": [ 18.5725, 54.364806 ] } },
{ "type": "Feature", "properties": { "ID": 109731744, "yr": 2021, "dt": "2021-01-11T14:28:11", "WOJ": 22, "sev": 1, "c": [ 255, 255, 0, 160 ], "dmg": 1, "sli": 1, "ser": 0, "fat": 0, "row": -1, "mot": -1, "pie": -1, "uto": -1, "uwr": -1 }, "geometry": { "type": "Point", "coordinates": [ 18.566194, 54.310722 ] } },
{ "type": "Feature", "properties": { "ID": 109757161, "yr": 2021, "dt": "2021-01-11T18:20:00", "WOJ": 22, "sev": 1, "c": [ 255, 255, 0, 160 ], "dmg": 1, "sli": 1, "ser": 0, "fat": 0, "row": -1, "mot": -1, "pie": 1, "uto": -1, "uwr": -1 }, "geometry": { "type": "Point", "coordinates": [ 17.031361, 54.461306 ] } },
{ "type": "Feature", "properties": { "ID": 109858380, "yr": 2021, "dt": "2021-01-12T16:00:00", "WOJ": 22, "sev": 1, "c": [ 255, 255, 0, 160 ], "dmg": 1, "sli": 1, "ser": 0, "fat": 0, "row": -1, "mot": -1, "pie": 1, "uto": -1, "uwr": -1 }, "geometry": { "type": "Point", "coordinates": [ 17.734222, 54.562611 ] } },
{ "type": "Feature", "properties": { "ID": 109786135, "yr": 2021, "dt": "2021-01-12T16:30:00", "WOJ": 22, "sev": 1, "c": [ 255, 255, 0, 160 ], "dmg": 2, "sli": 1, "ser": 0, "fat": 0, "row": -1, "mot": -1, "pie": -1, "uto": -1, "uwr": -1 }, "geometry": { "type": "Point", "coordinates": [ 17.486944, 53.85425 ] } },
{ "type": "Feature", "properties": { "ID": 109785697, "yr": 2021, "dt": "2021-01-12T14:39:34", "WOJ": 22, "sev": 1, "c": [ 255, 255, 0, 160 ], "dmg": 3, "sli": 1, "ser": 0, "fat": 0, "row": -1, "mot": -1, "pie": -1, "uto": -1, "uwr": -1 }, "geometry": { "type": "Point", "coordinates": [ 18.504444, 54.548694 ] } },
{ "type": "Feature", "properties": { "ID": 109785771, "yr": 2021, "dt": "2021-01-12T16:00:00", "WOJ": 22, "sev": 1, "c": [ 255, 255, 0, 160 ], "dmg": 1, "sli": 1, "ser": 0, "fat": 0, "row": -1, "mot": -1, "pie": 1, "uto": -1, "uwr": -1 }, "geometry": { "type": "Point", "coordinates": [ 18.649083, 54.3555 ] } },
{ "type": "Feature", "properties": { "ID": 109796889, "yr": 2021, "dt": "2021-01-16T12:51:00", "WOJ": 22, "sev": 1, "c": [ 255, 255, 0, 160 ], "dmg": 2, "sli": 2, "ser": 0, "fat": 0, "row": -1, "mot": -1, "pie": -1, "uto": -1, "uwr": -1 }, "geometry": { "type": "Point", "coordinates": [ 18.537056, 54.508278 ] } },
{ "type": "Feature", "properties": { "ID": 109797993, "yr": 2021, "dt": "2021-01-17T16:40:00", "WOJ": 22, "sev": 1, "c": [ 255, 255, 0, 160 ], "dmg": 2, "sli": 1, "ser": 0, "fat": 0, "row": -1, "mot": -1, "pie": -1, "uto": -1, "uwr": -1 }, "geometry": { "type": "Point", "coordinates": [ 18.594167, 54.32 ] } },
{ "type": "Feature", "properties": { "ID": 109795550, "yr": 2021, "dt": "2021-01-18T05:44:00", "WOJ": 22, "sev": 1, "c": [ 255, 255, 0, 160 ], "dmg": 0, "sli": 3, "ser": 0, "fat": 0, "row": -1, "mot": -1, "pie": -1, "uto": -1, "uwr": -1 }, "geometry": { "type": "Point", "coordinates": [ 18.178056, 54.002778 ] } },
{ "type": "Feature", "properties": { "ID": 109807380, "yr": 2021, "dt": "2021-01-20T14:10:00", "WOJ": 22, "sev": 1, "c": [ 255, 255, 0, 160 ], "dmg": 2, "sli": 1, "ser": 0, "fat": 0, "row": -1, "mot": -1, "pie": -1, "uto": -1, "uwr": -1 }, "geometry": { "type": "Point", "coordinates": [ 18.517972, 54.367917 ] } },
{ "type": "Feature", "properties": { "ID": 116748548, "yr": 2021, "dt": "2021-12-28T17:11:54", "WOJ": 22, "sev": 1, "c": [ 255, 255, 0, 160 ], "dmg": 1, "sli": 1, "ser": 0, "fat": 0, "row": -1, "mot": -1, "pie": 1, "uto": -1, "uwr": -1 }, "geometry": { "type": "Point", "coordinates": [ 18.708861, 54.092861 ] } },
{ "type": "Feature", "properties": { "ID": 109725403, "yr": 2021, "dt": "2021-01-08T06:20:00", "WOJ": 22, "sev": 1, "c": [ 255, 255, 0, 160 ], "dmg": 1, "sli": 1, "ser": 0, "fat": 0, "row": -1, "mot": -1, "pie": 1, "uto": -1, "uwr": -1 }, "geometry": { "type": "Point", "coordinates": [ 16.854361, 54.577694 ] } },
{ "type": "Feature", "properties": { "ID": 109792238, "yr": 2021, "dt": "2021-01-09T10:00:00", "WOJ": 22, "sev": 1, "c": [ 255, 255, 0, 160 ], "dmg": 2, "sli": 1, "ser": 0, "fat": 0, "row": -1, "mot": -1, "pie": -1, "uto": -1, "uwr": -1 }, "geometry": { "type": "Point", "coordinates": [ 18.15875, 54.780056 ] } },
{ "type": "Feature", "properties": { "ID": 116969023, "yr": 2021, "dt": "2021-12-31T07:15:00", "WOJ": 22, "sev": 1, "c": [ 255, 255, 0, 160 ], "dmg": 1, "sli": 1, "ser": 0, "fat": 0, "row": -1, "mot": -1, "pie": 1, "uto": -1, "uwr": -1 }, "geometry": { "type": "Point", "coordinates": [ 17.826194, 54.292139 ] } },
{ "type": "Feature", "properties": { "ID": 109707030, "yr": 2021, "dt": "2021-01-03T21:40:23", "WOJ": 22, "sev": 1, "c": [ 255, 255, 0, 160 ], "dmg": 1, "sli": 3, "ser": 0, "fat": 0, "row": -1, "mot": -1, "pie": -1, "uto": -1, "uwr": -1 }, "geometry": { "type": "Point", "coordinates": [ 18.029444, 54.726694 ] } },
{ "type": "Feature", "properties": { "ID": 109707398, "yr": 2021, "dt": "2021-01-04T11:02:23", "WOJ": 22, "sev": 1, "c": [ 255, 255, 0, 160 ], "dmg": 1, "sli": 1, "ser": 0, "fat": 0, "row": -1, "mot": -1, "pie": -1, "uto": -1, "uwr": -1 }, "geometry": { "type": "Point", "coordinates": [ 18.480389, 54.472167 ] } },
{ "type": "Feature", "properties": { "ID": 116758982, "yr": 2021, "dt": "2021-12-31T20:53:23", "WOJ": 22, "sev": 1, "c": [ 255, 255, 0, 160 ], "dmg": 1, "sli": 1, "ser": 0, "fat": 0, "row": -1, "mot": -1, "pie": 1, "uto": -1, "uwr": -1 }, "geometry": { "type": "Point", "coordinates": [ 19.04829, 54.082939 ] } },
{ "type": "Feature", "properties": { "ID": 109708482, "yr": 2021, "dt": "2021-01-04T18:25:00", "WOJ": 22, "sev": 1, "c": [ 255, 255, 0, 160 ], "dmg": 1, "sli": 1, "ser": 0, "fat": 0, "row": -1, "mot": -1, "pie": 1, "uto": -1, "uwr": -1 }, "geometry": { "type": "Point", "coordinates": [ 17.029917, 54.460361 ] } },
{ "type": "Feature", "properties": { "ID": 109712659, "yr": 2021, "dt": "2021-01-05T19:05:35", "WOJ": 22, "sev": 1, "c": [ 255, 255, 0, 160 ], "dmg": 2, "sli": 1, "ser": 0, "fat": 0, "row": -1, "mot": -1, "pie": -1, "uto": -1, "uwr": -1 }, "geometry": { "type": "Point", "coordinates": [ 17.610056, 53.728944 ] } },
{ "type": "Feature", "properties": { "ID": 109705162, "yr": 2021, "dt": "2021-01-01T02:40:00", "WOJ": 22, "sev": 1, "c": [ 255, 255, 0, 160 ], "dmg": 0, "sli": 1, "ser": 0, "fat": 0, "row": -1, "mot": -1, "pie": -1, "uto": -1, "uwr": -1 }, "geometry": { "type": "Point", "coordinates": [ 17.493917, 54.630417 ] } },
{ "type": "Feature", "properties": { "ID": 109710585, "yr": 2021, "dt": "2021-01-05T18:49:58", "WOJ": 22, "sev": 1, "c": [ 255, 255, 0, 160 ], "dmg": 1, "sli": 2, "ser": 0, "fat": 0, "row": -1, "mot": -1, "pie": 1, "uto": -1, "uwr": -1 }, "geometry": { "type": "Point", "coordinates": [ 18.502917, 54.528778 ] } },
{ "type": "Feature", "properties": { "ID": 116751887, "yr": 2021, "dt": "2021-12-30T08:54:18", "WOJ": 22, "sev": 1, "c": [ 255, 255, 0, 160 ], "dmg": 0, "sli": 1, "ser": 0, "fat": 0, "row": -1, "mot": -1, "pie": -1, "uto": -1, "uwr": -1 }, "geometry": { "type": "Point", "coordinates": [ 18.855824, 54.061887 ] } },
{ "type": "Feature", "properties": { "ID": 109830271, "yr": 2021, "dt": "2021-01-22T21:50:00", "WOJ": 22, "sev": 1, "c": [ 255, 255, 0, 160 ], "dmg": 2, "sli": 1, "ser": 0, "fat": 0, "row": -1, "mot": -1, "pie": -1, "uto": -1, "uwr": -1 }, "geometry": { "type": "Point", "coordinates": [ 18.609639, 54.375306 ] } },
{ "type": "Feature", "properties": { "ID": 109828927, "yr": 2021, "dt": "2021-01-22T13:25:00", "WOJ": 22, "sev": 1, "c": [ 255, 255, 0, 160 ], "dmg": 1, "sli": 1, "ser": 0, "fat": 0, "row": -1, "mot": -1, "pie": 1, "uto": -1, "uwr": -1 }, "geometry": { "type": "Point", "coordinates": [ 18.580083, 54.303833 ] } },
{ "type": "Feature", "properties": { "ID": 120212818, "yr": 2021, "dt": "2021-01-22T06:20:00", "WOJ": 22, "sev": 1, "c": [ 255, 255, 0, 160 ], "dmg": 2, "sli": 1, "ser": 0, "fat": 0, "row": -1, "mot": -1, "pie": -1, "uto": -1, "uwr": -1 }, "geometry": { "type": "Point", "coordinates": [ 16.979833, 53.700111 ] } },
{ "type": "Feature", "properties": { "ID": 109829034, "yr": 2021, "dt": "2021-01-22T15:14:55", "WOJ": 22, "sev": 1, "c": [ 255, 255, 0, 160 ], "dmg": 2, "sli": 1, "ser": 0, "fat": 0, "row": -1, "mot": -1, "pie": -1, "uto": -1, "uwr": -1 }, "geometry": { "type": "Point", "coordinates": [ 17.559556, 53.694278 ] } },
{ "type": "Feature", "properties": { "ID": 109831171, "yr": 2021, "dt": "2021-01-23T13:00:00", "WOJ": 22, "sev": 1, "c": [ 255, 255, 0, 160 ], "dmg": 1, "sli": 1, "ser": 0, "fat": 0, "row": 1, "mot": -1, "pie": -1, "uto": -1, "uwr": -1 }, "geometry": { "type": "Point", "coordinates": [ 18.616639, 54.388333 ] } },
{ "type": "Feature", "properties": { "ID": 109832216, "yr": 2021, "dt": "2021-01-23T14:14:00", "WOJ": 22, "sev": 1, "c": [ 255, 255, 0, 160 ], "dmg": 1, "sli": 1, "ser": 0, "fat": 0, "row": -1, "mot": -1, "pie": -1, "uto": -1, "uwr": -1 }, "geometry": { "type": "Point", "coordinates": [ 18.524694, 54.554556 ] } },
{ "type": "Feature", "properties": { "ID": 109857344, "yr": 2021, "dt": "2021-01-23T13:10:00", "WOJ": 22, "sev": 1, "c": [ 255, 255, 0, 160 ], "dmg": 1, "sli": 1, "ser": 0, "fat": 0, "row": -1, "mot": -1, "pie": 1, "uto": -1, "uwr": -1 }, "geometry": { "type": "Point", "coordinates": [ 17.01825, 54.470861 ] } },
{ "type": "Feature", "properties": { "ID": 109832226, "yr": 2021, "dt": "2021-01-23T13:45:00", "WOJ": 22, "sev": 1, "c": [ 255, 255, 0, 160 ], "dmg": 0, "sli": 3, "ser": 0, "fat": 0, "row": -1, "mot": -1, "pie": -1, "uto": -1, "uwr": -1 }, "geometry": { "type": "Point", "coordinates": [ 18.380806, 54.420944 ] } },
{ "type": "Feature", "properties": { "ID": 109832401, "yr": 2021, "dt": "2021-01-24T09:01:15", "WOJ": 22, "sev": 1, "c": [ 255, 255, 0, 160 ], "dmg": 0, "sli": 3, "ser": 0, "fat": 0, "row": -1, "mot": -1, "pie": -1, "uto": -1, "uwr": -1 }, "geometry": { "type": "Point", "coordinates": [ 18.395833, 54.102306 ] } },
{ "type": "Feature", "properties": { "ID": 109830780, "yr": 2021, "dt": "2021-01-24T11:14:00", "WOJ": 22, "sev": 1, "c": [ 255, 255, 0, 160 ], "dmg": 1, "sli": 1, "ser": 0, "fat": 0, "row": -1, "mot": -1, "pie": -1, "uto": -1, "uwr": -1 }, "geometry": { "type": "Point", "coordinates": [ 18.47125, 54.519889 ] } },
{ "type": "Feature", "properties": { "ID": 109785322, "yr": 2021, "dt": "2021-01-12T07:15:00", "WOJ": 22, "sev": 1, "c": [ 255, 255, 0, 160 ], "dmg": 1, "sli": 1, "ser": 0, "fat": 0, "row": -1, "mot": -1, "pie": -1, "uto": -1, "uwr": -1 }, "geometry": { "type": "Point", "coordinates": [ 18.430889, 53.839222 ] } },
{ "type": "Feature", "properties": { "ID": 109787734, "yr": 2021, "dt": "2021-01-13T09:39:32", "WOJ": 22, "sev": 1, "c": [ 255, 255, 0, 160 ], "dmg": 2, "sli": 2, "ser": 0, "fat": 0, "row": -1, "mot": -1, "pie": -1, "uto": -1, "uwr": -1 }, "geometry": { "type": "Point", "coordinates": [ 18.909722, 54.054333 ] } },
{ "type": "Feature", "properties": { "ID": 109790184, "yr": 2021, "dt": "2021-01-13T15:30:00", "WOJ": 22, "sev": 1, "c": [ 255, 255, 0, 160 ], "dmg": 1, "sli": 1, "ser": 0, "fat": 0, "row": -1, "mot": -1, "pie": -1, "uto": -1, "uwr": -1 }, "geometry": { "type": "Point", "coordinates": [ 18.778361, 54.268306 ] } },
{ "type": "Feature", "properties": { "ID": 109793943, "yr": 2021, "dt": "2021-01-14T19:10:00", "WOJ": 22, "sev": 1, "c": [ 255, 255, 0, 160 ], "dmg": 1, "sli": 1, "ser": 0, "fat": 0, "row": -1, "mot": -1, "pie": 1, "uto": -1, "uwr": -1 }, "geometry": { "type": "Point", "coordinates": [ 18.718889, 54.361389 ] } },
{ "type": "Feature", "properties": { "ID": 109793433, "yr": 2021, "dt": "2021-01-14T10:27:00", "WOJ": 22, "sev": 1, "c": [ 255, 255, 0, 160 ], "dmg": 1, "sli": 1, "ser": 0, "fat": 0, "row": -1, "mot": -1, "pie": 1, "uto": -1, "uwr": -1 }, "geometry": { "type": "Point", "coordinates": [ 17.489417, 54.176972 ] } },
{ "type": "Feature", "properties": { "ID": 116738172, "yr": 2021, "dt": "2021-12-22T16:24:49", "WOJ": 22, "sev": 1, "c": [ 255, 255, 0, 160 ], "dmg": 2, "sli": 2, "ser": 0, "fat": 0, "row": -1, "mot": -1, "pie": -1, "uto": -1, "uwr": -1 }, "geometry": { "type": "Point", "coordinates": [ 18.768389, 53.994083 ] } },
{ "type": "Feature", "properties": { "ID": 109862436, "yr": 2021, "dt": "2021-01-31T20:30:00", "WOJ": 22, "sev": 1, "c": [ 255, 255, 0, 160 ], "dmg": 1, "sli": 1, "ser": 0, "fat": 0, "row": -1, "mot": -1, "pie": -1, "uto": -1, "uwr": -1 }, "geometry": { "type": "Point", "coordinates": [ 17.969722, 54.130278 ] } },
{ "type": "Feature", "properties": { "ID": 109832424, "yr": 2021, "dt": "2021-01-24T11:39:44", "WOJ": 22, "sev": 1, "c": [ 255, 255, 0, 160 ], "dmg": 2, "sli": 1, "ser": 0, "fat": 0, "row": -1, "mot": -1, "pie": -1, "uto": -1, "uwr": -1 }, "geometry": { "type": "Point", "coordinates": [ 19.200111, 54.054472 ] } },
{ "type": "Feature", "properties": { "ID": 109830835, "yr": 2021, "dt": "2021-01-24T12:41:00", "WOJ": 22, "sev": 1, "c": [ 255, 255, 0, 160 ], "dmg": 1, "sli": 1, "ser": 0, "fat": 0, "row": -1, "mot": -1, "pie": -1, "uto": -1, "uwr": -1 }, "geometry": { "type": "Point", "coordinates": [ 18.554861, 54.45 ] } },
{ "type": "Feature", "properties": { "ID": 109830973, "yr": 2021, "dt": "2021-01-24T16:34:33", "WOJ": 22, "sev": 1, "c": [ 255, 255, 0, 160 ], "dmg": 1, "sli": 4, "ser": 0, "fat": 0, "row": -1, "mot": -1, "pie": -1, "uto": -1, "uwr": -1 }, "geometry": { "type": "Point", "coordinates": [ 18.106528, 53.969167 ] } },
{ "type": "Feature", "properties": { "ID": 109833458, "yr": 2021, "dt": "2021-01-25T10:44:34", "WOJ": 22, "sev": 1, "c": [ 255, 255, 0, 160 ], "dmg": 2, "sli": 1, "ser": 0, "fat": 0, "row": -1, "mot": -1, "pie": -1, "uto": -1, "uwr": -1 }, "geometry": { "type": "Point", "coordinates": [ 18.563611, 54.311806 ] } },
{ "type": "Feature", "properties": { "ID": 109833568, "yr": 2021, "dt": "2021-01-25T11:40:00", "WOJ": 22, "sev": 1, "c": [ 255, 255, 0, 160 ], "dmg": 1, "sli": 1, "ser": 0, "fat": 0, "row": -1, "mot": -1, "pie": -1, "uto": -1, "uwr": -1 }, "geometry": { "type": "Point", "coordinates": [ 18.63375, 54.330833 ] } },
{ "type": "Feature", "properties": { "ID": 109872527, "yr": 2021, "dt": "2021-01-26T15:20:00", "WOJ": 22, "sev": 1, "c": [ 255, 255, 0, 160 ], "dmg": 1, "sli": 1, "ser": 0, "fat": 0, "row": 1, "mot": -1, "pie": -1, "uto": -1, "uwr": -1 }, "geometry": { "type": "Point", "coordinates": [ 18.38875, 54.581528 ] } },
{ "type": "Feature", "properties": { "ID": 109845224, "yr": 2021, "dt": "2021-01-27T17:27:00", "WOJ": 22, "sev": 1, "c": [ 255, 255, 0, 160 ], "dmg": 1, "sli": 1, "ser": 0, "fat": 0, "row": -1, "mot": -1, "pie": -1, "uto": -1, "uwr": -1 }, "geometry": { "type": "Point", "coordinates": [ 18.506417, 54.551139 ] } },
{ "type": "Feature", "properties": { "ID": 109871176, "yr": 2021, "dt": "2021-01-27T15:50:00", "WOJ": 22, "sev": 1, "c": [ 255, 255, 0, 160 ], "dmg": 2, "sli": 1, "ser": 0, "fat": 0, "row": -1, "mot": -1, "pie": -1, "uto": -1, "uwr": -1 }, "geometry": { "type": "Point", "coordinates": [ 18.619167, 54.356389 ] } },
{ "type": "Feature", "properties": { "ID": 109841348, "yr": 2021, "dt": "2021-01-27T06:08:07", "WOJ": 22, "sev": 1, "c": [ 255, 255, 0, 160 ], "dmg": 1, "sli": 1, "ser": 0, "fat": 0, "row": 1, "mot": -1, "pie": -1, "uto": -1, "uwr": -1 }, "geometry": { "type": "Point", "coordinates": [ 18.92775, 53.715167 ] } },
{ "type": "Feature", "properties": { "ID": 109840836, "yr": 2021, "dt": "2021-01-27T11:45:42", "WOJ": 22, "sev": 1, "c": [ 255, 255, 0, 160 ], "dmg": 1, "sli": 1, "ser": 0, "fat": 0, "row": -1, "mot": -1, "pie": 1, "uto": -1, "uwr": -1 }, "geometry": { "type": "Point", "coordinates": [ 18.686, 54.173167 ] } },
{ "type": "Feature", "properties": { "ID": 109852140, "yr": 2021, "dt": "2021-01-28T07:25:37", "WOJ": 22, "sev": 1, "c": [ 255, 255, 0, 160 ], "dmg": 2, "sli": 1, "ser": 0, "fat": 0, "row": -1, "mot": -1, "pie": -1, "uto": -1, "uwr": -1 }, "geometry": { "type": "Point", "coordinates": [ 17.783556, 54.025389 ] } },
{ "type": "Feature", "properties": { "ID": 109854783, "yr": 2021, "dt": "2021-01-28T07:10:00", "WOJ": 22, "sev": 1, "c": [ 255, 255, 0, 160 ], "dmg": 0, "sli": 3, "ser": 0, "fat": 0, "row": -1, "mot": -1, "pie": -1, "uto": -1, "uwr": -1 }, "geometry": { "type": "Point", "coordinates": [ 18.344333, 54.711111 ] } },
{ "type": "Feature", "properties": { "ID": 109810206, "yr": 2021, "dt": "2021-01-20T15:35:13", "WOJ": 22, "sev": 1, "c": [ 255, 255, 0, 160 ], "dmg": 1, "sli": 1, "ser": 0, "fat": 0, "row": -1, "mot": -1, "pie": -1, "uto": -1, "uwr": -1 }, "geometry": { "type": "Point", "coordinates": [ 17.943722, 54.031139 ] } },
{ "type": "Feature", "properties": { "ID": 109812239, "yr": 2021, "dt": "2021-01-20T19:10:00", "WOJ": 22, "sev": 1, "c": [ 255, 255, 0, 160 ], "dmg": 1, "sli": 1, "ser": 0, "fat": 0, "row": -1, "mot": -1, "pie": 1, "uto": -1, "uwr": -1 }, "geometry": { "type": "Point", "coordinates": [ 18.646389, 54.355833 ] } },
{ "type": "Feature", "properties": { "ID": 109828511, "yr": 2021, "dt": "2021-01-21T15:27:03", "WOJ": 22, "sev": 1, "c": [ 255, 255, 0, 160 ], "dmg": 1, "sli": 1, "ser": 0, "fat": 0, "row": -1, "mot": -1, "pie": 1, "uto": -1, "uwr": -1 }, "geometry": { "type": "Point", "coordinates": [ 18.494667, 54.589722 ] } },
{ "type": "Feature", "properties": { "ID": 116733524, "yr": 2021, "dt": "2021-12-20T18:20:00", "WOJ": 22, "sev": 1, "c": [ 255, 255, 0, 160 ], "dmg": 1, "sli": 1, "ser": 0, "fat": 0, "row": -1, "mot": -1, "pie": 1, "uto": -1, "uwr": -1 }, "geometry": { "type": "Point", "coordinates": [ 16.988972, 54.462389 ] } },
{ "type": "Feature", "properties": { "ID": 116731769, "yr": 2021, "dt": "2021-12-20T17:45:00", "WOJ": 22, "sev": 1, "c": [ 255, 255, 0, 160 ], "dmg": 1, "sli": 1, "ser": 0, "fat": 0, "row": -1, "mot": -1, "pie": -1, "uto": -1, "uwr": -1 }, "geometry": { "type": "Point", "coordinates": [ 18.566472, 54.398833 ] } },
{ "type": "Feature", "properties": { "ID": 116730937, "yr": 2021, "dt": "2021-12-20T04:57:06", "WOJ": 22, "sev": 1, "c": [ 255, 255, 0, 160 ], "dmg": 1, "sli": 1, "ser": 0, "fat": 0, "row": -1, "mot": -1, "pie": -1, "uto": -1, "uwr": -1 }, "geometry": { "type": "Point", "coordinates": [ 19.229278, 54.1685 ] } },
{ "type": "Feature", "properties": { "ID": 116733289, "yr": 2021, "dt": "2021-12-20T12:44:05", "WOJ": 22, "sev": 1, "c": [ 255, 255, 0, 160 ], "dmg": 1, "sli": 1, "ser": 0, "fat": 0, "row": -1, "mot": -1, "pie": -1, "uto": -1, "uwr": -1 }, "geometry": { "type": "Point", "coordinates": [ 17.825722, 54.737556 ] } },
{ "type": "Feature", "properties": { "ID": 116733296, "yr": 2021, "dt": "2021-12-20T12:10:00", "WOJ": 22, "sev": 1, "c": [ 255, 255, 0, 160 ], "dmg": 1, "sli": 1, "ser": 0, "fat": 0, "row": -1, "mot": -1, "pie": -1, "uto": -1, "uwr": -1 }, "geometry": { "type": "Point", "coordinates": [ 18.595861, 54.345694 ] } },
{ "type": "Feature", "properties": { "ID": 116733345, "yr": 2021, "dt": "2021-12-20T15:12:22", "WOJ": 22, "sev": 1, "c": [ 255, 255, 0, 160 ], "dmg": 1, "sli": 1, "ser": 0, "fat": 0, "row": 1, "mot": -1, "pie": -1, "uto": -1, "uwr": -1 }, "geometry": { "type": "Point", "coordinates": [ 18.672278, 54.2545 ] } },
{ "type": "Feature", "properties": { "ID": 116717636, "yr": 2021, "dt": "2021-12-17T13:03:00", "WOJ": 22, "sev": 1, "c": [ 255, 255, 0, 160 ], "dmg": 1, "sli": 1, "ser": 0, "fat": 0, "row": -1, "mot": -1, "pie": 1, "uto": -1, "uwr": -1 }, "geometry": { "type": "Point", "coordinates": [ 18.613667, 54.379139 ] } },
{ "type": "Feature", "properties": { "ID": 116718994, "yr": 2021, "dt": "2021-12-17T17:58:09", "WOJ": 22, "sev": 1, "c": [ 255, 255, 0, 160 ], "dmg": 1, "sli": 1, "ser": 0, "fat": 0, "row": -1, "mot": -1, "pie": -1, "uto": -1, "uwr": -1 }, "geometry": { "type": "Point", "coordinates": [ 18.375222, 54.415889 ] } },
{ "type": "Feature", "properties": { "ID": 116717517, "yr": 2021, "dt": "2021-12-17T08:04:12", "WOJ": 22, "sev": 1, "c": [ 255, 255, 0, 160 ], "dmg": 1, "sli": 1, "ser": 0, "fat": 0, "row": -1, "mot": -1, "pie": -1, "uto": -1, "uwr": -1 }, "geometry": { "type": "Point", "coordinates": [ 17.442278, 54.184 ] } },
{ "type": "Feature", "properties": { "ID": 116717193, "yr": 2021, "dt": "2021-12-17T07:40:00", "WOJ": 22, "sev": 1, "c": [ 255, 255, 0, 160 ], "dmg": 1, "sli": 1, "ser": 0, "fat": 0, "row": -1, "mot": -1, "pie": 1, "uto": -1, "uwr": -1 }, "geometry": { "type": "Point", "coordinates": [ 17.060111, 54.4585 ] } },
{ "type": "Feature", "properties": { "ID": 109858524, "yr": 2021, "dt": "2021-01-29T19:15:00", "WOJ": 22, "sev": 1, "c": [ 255, 255, 0, 160 ], "dmg": 2, "sli": 1, "ser": 0, "fat": 0, "row": -1, "mot": -1, "pie": -1, "uto": -1, "uwr": -1 }, "geometry": { "type": "Point", "coordinates": [ 18.521833, 54.548861 ] } },
{ "type": "Feature", "properties": { "ID": 109859876, "yr": 2021, "dt": "2021-01-30T17:45:47", "WOJ": 22, "sev": 1, "c": [ 255, 255, 0, 160 ], "dmg": 0, "sli": 2, "ser": 0, "fat": 0, "row": -1, "mot": -1, "pie": -1, "uto": -1, "uwr": -1 }, "geometry": { "type": "Point", "coordinates": [ 17.913056, 54.340694 ] } },
{ "type": "Feature", "properties": { "ID": 109862832, "yr": 2021, "dt": "2021-01-30T14:30:00", "WOJ": 22, "sev": 1, "c": [ 255, 255, 0, 160 ], "dmg": 1, "sli": 1, "ser": 0, "fat": 0, "row": -1, "mot": -1, "pie": 1, "uto": -1, "uwr": -1 }, "geometry": { "type": "Point", "coordinates": [ 18.227944, 54.602944 ] } },
{ "type": "Feature", "properties": { "ID": 109858978, "yr": 2021, "dt": "2021-01-30T12:45:00", "WOJ": 22, "sev": 1, "c": [ 255, 255, 0, 160 ], "dmg": 1, "sli": 1, "ser": 0, "fat": 0, "row": -1, "mot": -1, "pie": -1, "uto": -1, "uwr": -1 }, "geometry": { "type": "Point", "coordinates": [ 18.50775, 53.961861 ] } },
{ "type": "Feature", "properties": { "ID": 109862315, "yr": 2021, "dt": "2021-01-31T17:00:00", "WOJ": 22, "sev": 1, "c": [ 255, 255, 0, 160 ], "dmg": 1, "sli": 2, "ser": 0, "fat": 0, "row": -1, "mot": -1, "pie": -1, "uto": -1, "uwr": -1 }, "geometry": { "type": "Point", "coordinates": [ 18.460639, 54.541778 ] } },
{ "type": "Feature", "properties": { "ID": 109862407, "yr": 2021, "dt": "2021-01-31T17:49:00", "WOJ": 22, "sev": 1, "c": [ 255, 255, 0, 160 ], "dmg": 1, "sli": 1, "ser": 0, "fat": 0, "row": -1, "mot": -1, "pie": 1, "uto": -1, "uwr": -1 }, "geometry": { "type": "Point", "coordinates": [ 17.510417, 54.182333 ] } },
{ "type": "Feature", "properties": { "ID": 109870228, "yr": 2021, "dt": "2021-02-04T12:28:00", "WOJ": 22, "sev": 1, "c": [ 255, 255, 0, 160 ], "dmg": 1, "sli": 2, "ser": 0, "fat": 0, "row": -1, "mot": -1, "pie": -1, "uto": -1, "uwr": -1 }, "geometry": { "type": "Point", "coordinates": [ 18.479667, 54.472833 ] } },
{ "type": "Feature", "properties": { "ID": 109869482, "yr": 2021, "dt": "2021-02-04T15:58:51", "WOJ": 22, "sev": 1, "c": [ 255, 255, 0, 160 ], "dmg": 0, "sli": 2, "ser": 0, "fat": 0, "row": -1, "mot": -1, "pie": -1, "uto": -1, "uwr": -1 }, "geometry": { "type": "Point", "coordinates": [ 19.198056, 53.777806 ] } },
{ "type": "Feature", "properties": { "ID": 109869926, "yr": 2021, "dt": "2021-02-05T12:40:00", "WOJ": 22, "sev": 1, "c": [ 255, 255, 0, 160 ], "dmg": 1, "sli": 1, "ser": 0, "fat": 0, "row": -1, "mot": -1, "pie": -1, "uto": -1, "uwr": -1 }, "geometry": { "type": "Point", "coordinates": [ 18.541389, 54.516889 ] } },
{ "type": "Feature", "properties": { "ID": 109870022, "yr": 2021, "dt": "2021-02-05T10:15:00", "WOJ": 22, "sev": 1, "c": [ 255, 255, 0, 160 ], "dmg": 1, "sli": 1, "ser": 0, "fat": 0, "row": -1, "mot": -1, "pie": 1, "uto": -1, "uwr": -1 }, "geometry": { "type": "Point", "coordinates": [ 18.597194, 54.404778 ] } },
{ "type": "Feature", "properties": { "ID": 109870061, "yr": 2021, "dt": "2021-02-05T07:53:00", "WOJ": 22, "sev": 1, "c": [ 255, 255, 0, 160 ], "dmg": 3, "sli": 1, "ser": 0, "fat": 0, "row": -1, "mot": -1, "pie": -1, "uto": -1, "uwr": -1 }, "geometry": { "type": "Point", "coordinates": [ 18.41775, 54.388694 ] } },
{ "type": "Feature", "properties": { "ID": 109873275, "yr": 2021, "dt": "2021-02-07T09:22:08", "WOJ": 22, "sev": 1, "c": [ 255, 255, 0, 160 ], "dmg": 1, "sli": 3, "ser": 0, "fat": 0, "row": -1, "mot": -1, "pie": -1, "uto": -1, "uwr": -1 }, "geometry": { "type": "Point", "coordinates": [ 18.016611, 53.805833 ] } },
{ "type": "Feature", "properties": { "ID": 109947503, "yr": 2021, "dt": "2021-02-08T18:45:00", "WOJ": 22, "sev": 1, "c": [ 255, 255, 0, 160 ], "dmg": 1, "sli": 1, "ser": 0, "fat": 0, "row": -1, "mot": -1, "pie": -1, "uto": -1, "uwr": -1 }, "geometry": { "type": "Point", "coordinates": [ 18.804167, 54.077667 ] } },
{ "type": "Feature", "properties": { "ID": 109874095, "yr": 2021, "dt": "2021-02-08T17:17:00", "WOJ": 22, "sev": 1, "c": [ 255, 255, 0, 160 ], "dmg": 1, "sli": 1, "ser": 0, "fat": 0, "row": -1, "mot": -1, "pie": -1, "uto": -1, "uwr": -1 }, "geometry": { "type": "Point", "coordinates": [ 18.456556, 54.546194 ] } },
{ "type": "Feature", "properties": { "ID": 109875349, "yr": 2021, "dt": "2021-02-08T14:35:00", "WOJ": 22, "sev": 1, "c": [ 255, 255, 0, 160 ], "dmg": 2, "sli": 1, "ser": 0, "fat": 0, "row": -1, "mot": -1, "pie": -1, "uto": -1, "uwr": -1 }, "geometry": { "type": "Point", "coordinates": [ 18.240444, 53.897167 ] } },
{ "type": "Feature", "properties": { "ID": 109856139, "yr": 2021, "dt": "2021-01-28T18:50:43", "WOJ": 22, "sev": 1, "c": [ 255, 255, 0, 160 ], "dmg": 0, "sli": 1, "ser": 0, "fat": 0, "row": -1, "mot": -1, "pie": -1, "uto": -1, "uwr": -1 }, "geometry": { "type": "Point", "coordinates": [ 18.736528, 54.272778 ] } },
{ "type": "Feature", "properties": { "ID": 109845788, "yr": 2021, "dt": "2021-01-28T08:35:00", "WOJ": 22, "sev": 1, "c": [ 255, 255, 0, 160 ], "dmg": 0, "sli": 4, "ser": 0, "fat": 0, "row": -1, "mot": -1, "pie": -1, "uto": -1, "uwr": -1 }, "geometry": { "type": "Point", "coordinates": [ 18.831583, 53.778278 ] } },
{ "type": "Feature", "properties": { "ID": 109845548, "yr": 2021, "dt": "2021-01-28T07:32:04", "WOJ": 22, "sev": 1, "c": [ 255, 255, 0, 160 ], "dmg": 0, "sli": 2, "ser": 0, "fat": 0, "row": -1, "mot": -1, "pie": -1, "uto": -1, "uwr": -1 }, "geometry": { "type": "Point", "coordinates": [ 18.164556, 54.169972 ] } },
{ "type": "Feature", "properties": { "ID": 109857405, "yr": 2021, "dt": "2021-01-29T10:25:00", "WOJ": 22, "sev": 1, "c": [ 255, 255, 0, 160 ], "dmg": 1, "sli": 2, "ser": 0, "fat": 0, "row": -1, "mot": -1, "pie": -1, "uto": -1, "uwr": -1 }, "geometry": { "type": "Point", "coordinates": [ 18.566333, 54.394944 ] } },
{ "type": "Feature", "properties": { "ID": 109857370, "yr": 2021, "dt": "2021-01-29T11:28:52", "WOJ": 22, "sev": 1, "c": [ 255, 255, 0, 160 ], "dmg": 1, "sli": 1, "ser": 0, "fat": 0, "row": -1, "mot": -1, "pie": 1, "uto": -1, "uwr": -1 }, "geometry": { "type": "Point", "coordinates": [ 18.641333, 54.261417 ] } },
{ "type": "Feature", "properties": { "ID": 116731347, "yr": 2021, "dt": "2021-12-20T10:04:10", "WOJ": 22, "sev": 1, "c": [ 255, 255, 0, 160 ], "dmg": 1, "sli": 1, "ser": 0, "fat": 0, "row": -1, "mot": -1, "pie": -1, "uto": -1, "uwr": -1 }, "geometry": { "type": "Point", "coordinates": [ 18.516639, 53.967611 ] } },
{ "type": "Feature", "properties": { "ID": 116733327, "yr": 2021, "dt": "2021-12-20T11:25:00", "WOJ": 22, "sev": 1, "c": [ 255, 255, 0, 160 ], "dmg": 1, "sli": 1, "ser": 0, "fat": 0, "row": -1, "mot": -1, "pie": -1, "uto": -1, "uwr": -1 }, "geometry": { "type": "Point", "coordinates": [ 18.591222, 54.333889 ] } },
{ "type": "Feature", "properties": { "ID": 109881558, "yr": 2021, "dt": "2021-02-10T18:24:39", "WOJ": 22, "sev": 1, "c": [ 255, 255, 0, 160 ], "dmg": 1, "sli": 1, "ser": 0, "fat": 0, "row": -1, "mot": -1, "pie": -1, "uto": -1, "uwr": -1 }, "geometry": { "type": "Point", "coordinates": [ 18.490222, 54.028056 ] } },
{ "type": "Feature", "properties": { "ID": 109882346, "yr": 2021, "dt": "2021-02-10T12:38:48", "WOJ": 22, "sev": 1, "c": [ 255, 255, 0, 160 ], "dmg": 1, "sli": 1, "ser": 0, "fat": 0, "row": -1, "mot": -1, "pie": -1, "uto": -1, "uwr": -1 }, "geometry": { "type": "Point", "coordinates": [ 18.764028, 54.092333 ] } },
{ "type": "Feature", "properties": { "ID": 109884842, "yr": 2021, "dt": "2021-02-11T22:31:26", "WOJ": 22, "sev": 1, "c": [ 255, 255, 0, 160 ], "dmg": 1, "sli": 1, "ser": 0, "fat": 0, "row": -1, "mot": -1, "pie": -1, "uto": -1, "uwr": -1 }, "geometry": { "type": "Point", "coordinates": [ 17.748889, 54.548167 ] } },
{ "type": "Feature", "properties": { "ID": 109884474, "yr": 2021, "dt": "2021-02-11T12:35:00", "WOJ": 22, "sev": 1, "c": [ 255, 255, 0, 160 ], "dmg": 3, "sli": 2, "ser": 0, "fat": 0, "row": -1, "mot": -1, "pie": -1, "uto": -1, "uwr": -1 }, "geometry": { "type": "Point", "coordinates": [ 18.655583, 54.345556 ] } },
{ "type": "Feature", "properties": { "ID": 109884637, "yr": 2021, "dt": "2021-02-11T15:11:56", "WOJ": 22, "sev": 1, "c": [ 255, 255, 0, 160 ], "dmg": 1, "sli": 1, "ser": 0, "fat": 0, "row": -1, "mot": -1, "pie": -1, "uto": -1, "uwr": -1 }, "geometry": { "type": "Point", "coordinates": [ 18.918333, 54.013889 ] } },
{ "type": "Feature", "properties": { "ID": 109882931, "yr": 2021, "dt": "2021-02-11T06:46:40", "WOJ": 22, "sev": 1, "c": [ 255, 255, 0, 160 ], "dmg": 1, "sli": 1, "ser": 0, "fat": 0, "row": -1, "mot": -1, "pie": -1, "uto": -1, "uwr": -1 }, "geometry": { "type": "Point", "coordinates": [ 18.416972, 54.202056 ] } },
{ "type": "Feature", "properties": { "ID": 109881770, "yr": 2021, "dt": "2021-02-11T04:20:00", "WOJ": 22, "sev": 1, "c": [ 255, 255, 0, 160 ], "dmg": 1, "sli": 1, "ser": 0, "fat": 0, "row": -1, "mot": -1, "pie": -1, "uto": -1, "uwr": -1 }, "geometry": { "type": "Point", "coordinates": [ 18.555028, 54.451167 ] } },
{ "type": "Feature", "properties": { "ID": 109886150, "yr": 2021, "dt": "2021-02-11T13:36:00", "WOJ": 22, "sev": 1, "c": [ 255, 255, 0, 160 ], "dmg": 1, "sli": 1, "ser": 0, "fat": 0, "row": -1, "mot": -1, "pie": 1, "uto": -1, "uwr": -1 }, "geometry": { "type": "Point", "coordinates": [ 18.66, 54.231389 ] } },
{ "type": "Feature", "properties": { "ID": 109887466, "yr": 2021, "dt": "2021-02-12T14:20:00", "WOJ": 22, "sev": 1, "c": [ 255, 255, 0, 160 ], "dmg": 1, "sli": 1, "ser": 0, "fat": 0, "row": -1, "mot": -1, "pie": -1, "uto": -1, "uwr": -1 }, "geometry": { "type": "Point", "coordinates": [ 18.440333, 54.167778 ] } },
{ "type": "Feature", "properties": { "ID": 109887221, "yr": 2021, "dt": "2021-02-12T13:40:00", "WOJ": 22, "sev": 1, "c": [ 255, 255, 0, 160 ], "dmg": 3, "sli": 1, "ser": 0, "fat": 0, "row": -1, "mot": -1, "pie": -1, "uto": -1, "uwr": -1 }, "geometry": { "type": "Point", "coordinates": [ 18.650278, 54.264222 ] } },
{ "type": "Feature", "properties": { "ID": 109887723, "yr": 2021, "dt": "2021-02-12T14:15:00", "WOJ": 22, "sev": 1, "c": [ 255, 255, 0, 160 ], "dmg": 1, "sli": 1, "ser": 0, "fat": 0, "row": -1, "mot": -1, "pie": -1, "uto": -1, "uwr": -1 }, "geometry": { "type": "Point", "coordinates": [ 18.101389, 54.020833 ] } },
{ "type": "Feature", "properties": { "ID": 109891507, "yr": 2021, "dt": "2021-02-13T12:54:00", "WOJ": 22, "sev": 1, "c": [ 255, 255, 0, 160 ], "dmg": 3, "sli": 1, "ser": 0, "fat": 0, "row": -1, "mot": -1, "pie": -1, "uto": -1, "uwr": -1 }, "geometry": { "type": "Point", "coordinates": [ 18.912222, 54.541389 ] } },
{ "type": "Feature", "properties": { "ID": 109863127, "yr": 2021, "dt": "2021-02-01T16:27:26", "WOJ": 22, "sev": 1, "c": [ 255, 255, 0, 160 ], "dmg": 1, "sli": 1, "ser": 0, "fat": 0, "row": -1, "mot": -1, "pie": -1, "uto": -1, "uwr": -1 }, "geometry": { "type": "Point", "coordinates": [ 18.3695, 54.185306 ] } },
{ "type": "Feature", "properties": { "ID": 109866419, "yr": 2021, "dt": "2021-02-02T12:24:00", "WOJ": 22, "sev": 1, "c": [ 255, 255, 0, 160 ], "dmg": 1, "sli": 1, "ser": 0, "fat": 0, "row": -1, "mot": -1, "pie": -1, "uto": -1, "uwr": -1 }, "geometry": { "type": "Point", "coordinates": [ 18.664806, 54.401917 ] } },
{ "type": "Feature", "properties": { "ID": 109864455, "yr": 2021, "dt": "2021-02-02T05:43:11", "WOJ": 22, "sev": 1, "c": [ 255, 255, 0, 160 ], "dmg": 1, "sli": 1, "ser": 0, "fat": 0, "row": -1, "mot": -1, "pie": 1, "uto": -1, "uwr": -1 }, "geometry": { "type": "Point", "coordinates": [ 17.486639, 54.163444 ] } },
{ "type": "Feature", "properties": { "ID": 109867863, "yr": 2021, "dt": "2021-02-03T22:28:00", "WOJ": 22, "sev": 1, "c": [ 255, 255, 0, 160 ], "dmg": 0, "sli": 1, "ser": 0, "fat": 0, "row": -1, "mot": -1, "pie": -1, "uto": -1, "uwr": -1 }, "geometry": { "type": "Point", "coordinates": [ 19.065028, 54.141806 ] } },
{ "type": "Feature", "properties": { "ID": 116717558, "yr": 2021, "dt": "2021-12-17T10:51:25", "WOJ": 22, "sev": 1, "c": [ 255, 255, 0, 160 ], "dmg": 2, "sli": 1, "ser": 0, "fat": 0, "row": -1, "mot": -1, "pie": 1, "uto": -1, "uwr": -1 }, "geometry": { "type": "Point", "coordinates": [ 17.743056, 54.533056 ] } },
{ "type": "Feature", "properties": { "ID": 116715671, "yr": 2021, "dt": "2021-12-17T14:29:00", "WOJ": 22, "sev": 1, "c": [ 255, 255, 0, 160 ], "dmg": 1, "sli": 1, "ser": 0, "fat": 0, "row": -1, "mot": -1, "pie": -1, "uto": -1, "uwr": -1 }, "geometry": { "type": "Point", "coordinates": [ 18.591806, 54.413056 ] } },
{ "type": "Feature", "properties": { "ID": 116717318, "yr": 2021, "dt": "2021-12-17T09:00:00", "WOJ": 22, "sev": 1, "c": [ 255, 255, 0, 160 ], "dmg": 0, "sli": 1, "ser": 0, "fat": 0, "row": -1, "mot": -1, "pie": -1, "uto": -1, "uwr": -1 }, "geometry": { "type": "Point", "coordinates": [ 19.098722, 53.912417 ] } },
{ "type": "Feature", "properties": { "ID": 116719409, "yr": 2021, "dt": "2021-12-18T09:42:47", "WOJ": 22, "sev": 1, "c": [ 255, 255, 0, 160 ], "dmg": 2, "sli": 2, "ser": 0, "fat": 0, "row": -1, "mot": -1, "pie": -1, "uto": -1, "uwr": -1 }, "geometry": { "type": "Point", "coordinates": [ 18.639028, 54.275472 ] } },
{ "type": "Feature", "properties": { "ID": 115925818, "yr": 2021, "dt": "2021-12-13T15:45:00", "WOJ": 22, "sev": 1, "c": [ 255, 255, 0, 160 ], "dmg": 1, "sli": 1, "ser": 0, "fat": 0, "row": -1, "mot": -1, "pie": 1, "uto": -1, "uwr": -1 }, "geometry": { "type": "Point", "coordinates": [ 17.006389, 54.474083 ] } },
{ "type": "Feature", "properties": { "ID": 118895818, "yr": 2021, "dt": "2021-12-13T09:05:00", "WOJ": 22, "sev": 1, "c": [ 255, 255, 0, 160 ], "dmg": 1, "sli": 1, "ser": 0, "fat": 0, "row": -1, "mot": -1, "pie": -1, "uto": -1, "uwr": -1 }, "geometry": { "type": "Point", "coordinates": [ 18.626917, 54.376528 ] } },
{ "type": "Feature", "properties": { "ID": 115643825, "yr": 2021, "dt": "2021-12-13T07:36:29", "WOJ": 22, "sev": 1, "c": [ 255, 255, 0, 160 ], "dmg": 1, "sli": 1, "ser": 0, "fat": 0, "row": -1, "mot": -1, "pie": -1, "uto": -1, "uwr": -1 }, "geometry": { "type": "Point", "coordinates": [ 18.606611, 54.237778 ] } },
{ "type": "Feature", "properties": { "ID": 115500818, "yr": 2021, "dt": "2021-12-13T02:07:13", "WOJ": 22, "sev": 1, "c": [ 255, 255, 0, 160 ], "dmg": 1, "sli": 1, "ser": 0, "fat": 0, "row": -1, "mot": -1, "pie": -1, "uto": -1, "uwr": -1 }, "geometry": { "type": "Point", "coordinates": [ 18.526806, 54.197801 ] } },
{ "type": "Feature", "properties": { "ID": 116509818, "yr": 2021, "dt": "2021-12-14T19:40:00", "WOJ": 22, "sev": 1, "c": [ 255, 255, 0, 160 ], "dmg": 1, "sli": 1, "ser": 0, "fat": 0, "row": -1, "mot": -1, "pie": -1, "uto": -1, "uwr": -1 }, "geometry": { "type": "Point", "coordinates": [ 18.521694, 54.352472 ] } },
{ "type": "Feature", "properties": { "ID": 116352818, "yr": 2021, "dt": "2021-12-14T12:41:47", "WOJ": 22, "sev": 1, "c": [ 255, 255, 0, 160 ], "dmg": 1, "sli": 1, "ser": 0, "fat": 0, "row": -1, "mot": -1, "pie": 1, "uto": -1, "uwr": -1 }, "geometry": { "type": "Point", "coordinates": [ 18.441583, 54.074833 ] } },
{ "type": "Feature", "properties": { "ID": 109899380, "yr": 2021, "dt": "2021-02-17T17:25:00", "WOJ": 22, "sev": 1, "c": [ 255, 255, 0, 160 ], "dmg": 1, "sli": 1, "ser": 0, "fat": 0, "row": -1, "mot": -1, "pie": -1, "uto": -1, "uwr": -1 }, "geometry": { "type": "Point", "coordinates": [ 16.999, 54.004583 ] } },
{ "type": "Feature", "properties": { "ID": 109898846, "yr": 2021, "dt": "2021-02-17T19:00:00", "WOJ": 22, "sev": 1, "c": [ 255, 255, 0, 160 ], "dmg": 2, "sli": 1, "ser": 0, "fat": 0, "row": -1, "mot": -1, "pie": -1, "uto": -1, "uwr": -1 }, "geometry": { "type": "Point", "coordinates": [ 18.616972, 54.390806 ] } },
{ "type": "Feature", "properties": { "ID": 109899365, "yr": 2021, "dt": "2021-02-17T12:40:00", "WOJ": 22, "sev": 1, "c": [ 255, 255, 0, 160 ], "dmg": 0, "sli": 1, "ser": 0, "fat": 0, "row": -1, "mot": -1, "pie": -1, "uto": -1, "uwr": -1 }, "geometry": { "type": "Point", "coordinates": [ 17.478806, 54.256333 ] } },
{ "type": "Feature", "properties": { "ID": 109899172, "yr": 2021, "dt": "2021-02-17T11:05:00", "WOJ": 22, "sev": 1, "c": [ 255, 255, 0, 160 ], "dmg": 1, "sli": 1, "ser": 0, "fat": 0, "row": -1, "mot": -1, "pie": -1, "uto": -1, "uwr": -1 }, "geometry": { "type": "Point", "coordinates": [ 17.464417, 54.100417 ] } },
{ "type": "Feature", "properties": { "ID": 109898229, "yr": 2021, "dt": "2021-02-17T10:55:00", "WOJ": 22, "sev": 1, "c": [ 255, 255, 0, 160 ], "dmg": 1, "sli": 1, "ser": 0, "fat": 0, "row": -1, "mot": -1, "pie": -1, "uto": -1, "uwr": -1 }, "geometry": { "type": "Point", "coordinates": [ 18.631667, 53.889139 ] } },
{ "type": "Feature", "properties": { "ID": 109899823, "yr": 2021, "dt": "2021-02-18T07:16:41", "WOJ": 22, "sev": 1, "c": [ 255, 255, 0, 160 ], "dmg": 0, "sli": 2, "ser": 0, "fat": 0, "row": -1, "mot": -1, "pie": -1, "uto": -1, "uwr": -1 }, "geometry": { "type": "Point", "coordinates": [ 18.540889, 53.868722 ] } },
{ "type": "Feature", "properties": { "ID": 109908572, "yr": 2021, "dt": "2021-02-19T10:53:00", "WOJ": 22, "sev": 1, "c": [ 255, 255, 0, 160 ], "dmg": 2, "sli": 1, "ser": 0, "fat": 0, "row": -1, "mot": -1, "pie": -1, "uto": -1, "uwr": -1 }, "geometry": { "type": "Point", "coordinates": [ 17.104556, 54.254167 ] } },
{ "type": "Feature", "properties": { "ID": 109939511, "yr": 2021, "dt": "2021-02-20T11:30:00", "WOJ": 22, "sev": 1, "c": [ 255, 255, 0, 160 ], "dmg": 2, "sli": 1, "ser": 0, "fat": 0, "row": -1, "mot": -1, "pie": -1, "uto": -1, "uwr": -1 }, "geometry": { "type": "Point", "coordinates": [ 18.334139, 53.934944 ] } },
{ "type": "Feature", "properties": { "ID": 109940730, "yr": 2021, "dt": "2021-02-20T13:53:48", "WOJ": 22, "sev": 1, "c": [ 255, 255, 0, 160 ], "dmg": 1, "sli": 1, "ser": 0, "fat": 0, "row": -1, "mot": -1, "pie": -1, "uto": -1, "uwr": -1 }, "geometry": { "type": "Point", "coordinates": [ 18.512778, 53.980861 ] } },
{ "type": "Feature", "properties": { "ID": 109945768, "yr": 2021, "dt": "2021-02-22T17:23:55", "WOJ": 22, "sev": 1, "c": [ 255, 255, 0, 160 ], "dmg": 2, "sli": 1, "ser": 0, "fat": 0, "row": -1, "mot": -1, "pie": 1, "uto": -1, "uwr": -1 }, "geometry": { "type": "Point", "coordinates": [ 18.789972, 54.081917 ] } },
{ "type": "Feature", "properties": { "ID": 109945887, "yr": 2021, "dt": "2021-02-22T17:49:54", "WOJ": 22, "sev": 1, "c": [ 255, 255, 0, 160 ], "dmg": 0, "sli": 2, "ser": 0, "fat": 0, "row": -1, "mot": -1, "pie": 1, "uto": -1, "uwr": -1 }, "geometry": { "type": "Point", "coordinates": [ 19.025278, 53.941833 ] } },
{ "type": "Feature", "properties": { "ID": 109945605, "yr": 2021, "dt": "2021-02-22T14:25:00", "WOJ": 22, "sev": 1, "c": [ 255, 255, 0, 160 ], "dmg": 1, "sli": 1, "ser": 0, "fat": 0, "row": -1, "mot": -1, "pie": -1, "uto": -1, "uwr": -1 }, "geometry": { "type": "Point", "coordinates": [ 16.990278, 54.475833 ] } },
{ "type": "Feature", "properties": { "ID": 109947967, "yr": 2021, "dt": "2021-02-23T15:20:00", "WOJ": 22, "sev": 1, "c": [ 255, 255, 0, 160 ], "dmg": 1, "sli": 2, "ser": 0, "fat": 0, "row": -1, "mot": -1, "pie": -1, "uto": -1, "uwr": -1 }, "geometry": { "type": "Point", "coordinates": [ 18.521861, 54.550056 ] } },
{ "type": "Feature", "properties": { "ID": 109947458, "yr": 2021, "dt": "2021-02-23T07:10:00", "WOJ": 22, "sev": 1, "c": [ 255, 255, 0, 160 ], "dmg": 2, "sli": 1, "ser": 0, "fat": 0, "row": -1, "mot": -1, "pie": -1, "uto": -1, "uwr": -1 }, "geometry": { "type": "Point", "coordinates": [ 18.604194, 54.410472 ] } },
{ "type": "Feature", "properties": { "ID": 109951245, "yr": 2021, "dt": "2021-02-23T18:08:43", "WOJ": 22, "sev": 1, "c": [ 255, 255, 0, 160 ], "dmg": 0, "sli": 2, "ser": 0, "fat": 0, "row": -1, "mot": -1, "pie": 1, "uto": -1, "uwr": -1 }, "geometry": { "type": "Point", "coordinates": [ 17.372861, 53.673944 ] } },
{ "type": "Feature", "properties": { "ID": 109956835, "yr": 2021, "dt": "2021-02-25T20:30:00", "WOJ": 22, "sev": 1, "c": [ 255, 255, 0, 160 ], "dmg": 1, "sli": 1, "ser": 0, "fat": 0, "row": -1, "mot": -1, "pie": 1, "uto": -1, "uwr": -1 }, "geometry": { "type": "Point", "coordinates": [ 17.595333, 53.666722 ] } },
{ "type": "Feature", "properties": { "ID": 109888635, "yr": 2021, "dt": "2021-02-14T08:55:00", "WOJ": 22, "sev": 1, "c": [ 255, 255, 0, 160 ], "dmg": 1, "sli": 1, "ser": 0, "fat": 0, "row": -1, "mot": -1, "pie": 1, "uto": -1, "uwr": -1 }, "geometry": { "type": "Point", "coordinates": [ 18.547083, 54.501139 ] } },
{ "type": "Feature", "properties": { "ID": 109892444, "yr": 2021, "dt": "2021-02-15T15:03:00", "WOJ": 22, "sev": 1, "c": [ 255, 255, 0, 160 ], "dmg": 2, "sli": 2, "ser": 0, "fat": 0, "row": -1, "mot": -1, "pie": -1, "uto": -1, "uwr": -1 }, "geometry": { "type": "Point", "coordinates": [ 17.436667, 53.685806 ] } },
{ "type": "Feature", "properties": { "ID": 109891999, "yr": 2021, "dt": "2021-02-15T18:54:08", "WOJ": 22, "sev": 1, "c": [ 255, 255, 0, 160 ], "dmg": 0, "sli": 2, "ser": 0, "fat": 0, "row": -1, "mot": -1, "pie": -1, "uto": -1, "uwr": -1 }, "geometry": { "type": "Point", "coordinates": [ 17.573056, 53.695528 ] } },
{ "type": "Feature", "properties": { "ID": 109892560, "yr": 2021, "dt": "2021-02-15T11:20:00", "WOJ": 22, "sev": 1, "c": [ 255, 255, 0, 160 ], "dmg": 2, "sli": 1, "ser": 0, "fat": 0, "row": -1, "mot": -1, "pie": -1, "uto": -1, "uwr": -1 }, "geometry": { "type": "Point", "coordinates": [ 18.404861, 53.823694 ] } },
{ "type": "Feature", "properties": { "ID": 116717551, "yr": 2021, "dt": "2021-12-17T11:45:00", "WOJ": 22, "sev": 1, "c": [ 255, 255, 0, 160 ], "dmg": 0, "sli": 1, "ser": 0, "fat": 0, "row": 1, "mot": -1, "pie": -1, "uto": -1, "uwr": -1 }, "geometry": { "type": "Point", "coordinates": [ 18.63275, 54.3675 ] } },
{ "type": "Feature", "properties": { "ID": 116717320, "yr": 2021, "dt": "2021-12-17T08:02:38", "WOJ": 22, "sev": 1, "c": [ 255, 255, 0, 160 ], "dmg": 0, "sli": 2, "ser": 0, "fat": 0, "row": -1, "mot": -1, "pie": -1, "uto": -1, "uwr": -1 }, "geometry": { "type": "Point", "coordinates": [ 18.282812, 54.13134 ] } },
{ "type": "Feature", "properties": { "ID": 109957905, "yr": 2021, "dt": "2021-02-26T18:15:00", "WOJ": 22, "sev": 1, "c": [ 255, 255, 0, 160 ], "dmg": 1, "sli": 1, "ser": 0, "fat": 0, "row": -1, "mot": -1, "pie": 1, "uto": -1, "uwr": -1 }, "geometry": { "type": "Point", "coordinates": [ 17.019, 54.472194 ] } },
{ "type": "Feature", "properties": { "ID": 109957427, "yr": 2021, "dt": "2021-02-26T03:20:00", "WOJ": 22, "sev": 1, "c": [ 255, 255, 0, 160 ], "dmg": 0, "sli": 1, "ser": 0, "fat": 0, "row": -1, "mot": -1, "pie": -1, "uto": -1, "uwr": -1 }, "geometry": { "type": "Point", "coordinates": [ 18.593444, 54.395917 ] } },
{ "type": "Feature", "properties": { "ID": 116660858, "yr": 2021, "dt": "2021-12-15T16:34:42", "WOJ": 22, "sev": 1, "c": [ 255, 255, 0, 160 ], "dmg": 1, "sli": 1, "ser": 0, "fat": 0, "row": 1, "mot": -1, "pie": -1, "uto": -1, "uwr": -1 }, "geometry": { "type": "Point", "coordinates": [ 18.788167, 54.095028 ] } },
{ "type": "Feature", "properties": { "ID": 116734710, "yr": 2021, "dt": "2021-12-15T15:13:00", "WOJ": 22, "sev": 1, "c": [ 255, 255, 0, 160 ], "dmg": 1, "sli": 1, "ser": 0, "fat": 0, "row": -1, "mot": -1, "pie": -1, "uto": -1, "uwr": -1 }, "geometry": { "type": "Point", "coordinates": [ 17.269861, 53.79825 ] } },
{ "type": "Feature", "properties": { "ID": 116714125, "yr": 2021, "dt": "2021-12-16T07:30:00", "WOJ": 22, "sev": 1, "c": [ 255, 255, 0, 160 ], "dmg": 1, "sli": 1, "ser": 0, "fat": 0, "row": -1, "mot": -1, "pie": 1, "uto": -1, "uwr": -1 }, "geometry": { "type": "Point", "coordinates": [ 18.556639, 54.408694 ] } },
{ "type": "Feature", "properties": { "ID": 116714613, "yr": 2021, "dt": "2021-12-16T12:35:00", "WOJ": 22, "sev": 1, "c": [ 255, 255, 0, 160 ], "dmg": 2, "sli": 1, "ser": 0, "fat": 0, "row": -1, "mot": -1, "pie": -1, "uto": -1, "uwr": -1 }, "geometry": { "type": "Point", "coordinates": [ 18.651583, 54.362167 ] } },
{ "type": "Feature", "properties": { "ID": 114521834, "yr": 2021, "dt": "2021-12-08T12:25:00", "WOJ": 22, "sev": 1, "c": [ 255, 255, 0, 160 ], "dmg": 0, "sli": 1, "ser": 0, "fat": 0, "row": -1, "mot": -1, "pie": -1, "uto": -1, "uwr": -1 }, "geometry": { "type": "Point", "coordinates": [ 17.369333, 54.521111 ] } },
{ "type": "Feature", "properties": { "ID": 114727818, "yr": 2021, "dt": "2021-12-09T10:43:30", "WOJ": 22, "sev": 1, "c": [ 255, 255, 0, 160 ], "dmg": 1, "sli": 1, "ser": 0, "fat": 0, "row": -1, "mot": -1, "pie": -1, "uto": -1, "uwr": -1 }, "geometry": { "type": "Point", "coordinates": [ 18.494278, 54.283639 ] } },
{ "type": "Feature", "properties": { "ID": 115005932, "yr": 2021, "dt": "2021-12-09T09:09:00", "WOJ": 22, "sev": 1, "c": [ 255, 255, 0, 160 ], "dmg": 1, "sli": 1, "ser": 0, "fat": 0, "row": -1, "mot": -1, "pie": -1, "uto": -1, "uwr": -1 }, "geometry": { "type": "Point", "coordinates": [ 18.645, 54.3325 ] } },
{ "type": "Feature", "properties": { "ID": 114864844, "yr": 2021, "dt": "2021-12-09T20:20:00", "WOJ": 22, "sev": 1, "c": [ 255, 255, 0, 160 ], "dmg": 1, "sli": 1, "ser": 0, "fat": 0, "row": -1, "mot": -1, "pie": 1, "uto": -1, "uwr": -1 }, "geometry": { "type": "Point", "coordinates": [ 18.605806, 54.398139 ] } },
{ "type": "Feature", "properties": { "ID": 109957241, "yr": 2021, "dt": "2021-02-26T07:29:58", "WOJ": 22, "sev": 1, "c": [ 255, 255, 0, 160 ], "dmg": 1, "sli": 1, "ser": 0, "fat": 0, "row": 1, "mot": -1, "pie": -1, "uto": -1, "uwr": -1 }, "geometry": { "type": "Point", "coordinates": [ 18.556944, 54.440778 ] } },
{ "type": "Feature", "properties": { "ID": 109968316, "yr": 2021, "dt": "2021-02-27T12:45:00", "WOJ": 22, "sev": 1, "c": [ 255, 255, 0, 160 ], "dmg": 1, "sli": 1, "ser": 0, "fat": 0, "row": -1, "mot": 1, "pie": -1, "uto": -1, "uwr": -1 }, "geometry": { "type": "Point", "coordinates": [ 18.557222, 54.585 ] } },
{ "type": "Feature", "properties": { "ID": 109959808, "yr": 2021, "dt": "2021-02-27T19:50:00", "WOJ": 22, "sev": 1, "c": [ 255, 255, 0, 160 ], "dmg": 0, "sli": 2, "ser": 0, "fat": 0, "row": -1, "mot": -1, "pie": -1, "uto": -1, "uwr": -1 }, "geometry": { "type": "Point", "coordinates": [ 18.185472, 54.333083 ] } },
{ "type": "Feature", "properties": { "ID": 109959558, "yr": 2021, "dt": "2021-02-27T15:05:00", "WOJ": 22, "sev": 1, "c": [ 255, 255, 0, 160 ], "dmg": 1, "sli": 1, "ser": 0, "fat": 0, "row": 1, "mot": -1, "pie": -1, "uto": -1, "uwr": -1 }, "geometry": { "type": "Point", "coordinates": [ 18.646361, 54.358056 ] } },
{ "type": "Feature", "properties": { "ID": 109958100, "yr": 2021, "dt": "2021-02-27T00:47:29", "WOJ": 22, "sev": 1, "c": [ 255, 255, 0, 160 ], "dmg": 0, "sli": 1, "ser": 0, "fat": 0, "row": -1, "mot": -1, "pie": -1, "uto": -1, "uwr": -1 }, "geometry": { "type": "Point", "coordinates": [ 18.307389, 54.297194 ] } },
{ "type": "Feature", "properties": { "ID": 109908345, "yr": 2021, "dt": "2021-02-19T10:50:00", "WOJ": 22, "sev": 1, "c": [ 255, 255, 0, 160 ], "dmg": 1, "sli": 1, "ser": 0, "fat": 0, "row": -1, "mot": -1, "pie": -1, "uto": -1, "uwr": -1 }, "geometry": { "type": "Point", "coordinates": [ 18.837972, 54.337111 ] } },
{ "type": "Feature", "properties": { "ID": 109978214, "yr": 2021, "dt": "2021-03-08T15:10:00", "WOJ": 22, "sev": 1, "c": [ 255, 255, 0, 160 ], "dmg": 1, "sli": 1, "ser": 0, "fat": 0, "row": -1, "mot": -1, "pie": 1, "uto": -1, "uwr": -1 }, "geometry": { "type": "Point", "coordinates": [ 17.020139, 54.465944 ] } },
{ "type": "Feature", "properties": { "ID": 109958706, "yr": 2021, "dt": "2021-02-28T15:25:00", "WOJ": 22, "sev": 1, "c": [ 255, 255, 0, 160 ], "dmg": 2, "sli": 3, "ser": 0, "fat": 0, "row": -1, "mot": -1, "pie": -1, "uto": -1, "uwr": -1 }, "geometry": { "type": "Point", "coordinates": [ 19.048917, 54.086472 ] } },
{ "type": "Feature", "properties": { "ID": 109966258, "yr": 2021, "dt": "2021-03-01T19:06:00", "WOJ": 22, "sev": 1, "c": [ 255, 255, 0, 160 ], "dmg": 1, "sli": 1, "ser": 0, "fat": 0, "row": -1, "mot": -1, "pie": -1, "uto": -1, "uwr": -1 }, "geometry": { "type": "Point", "coordinates": [ 18.477611, 54.524111 ] } },
{ "type": "Feature", "properties": { "ID": 109963142, "yr": 2021, "dt": "2021-03-01T05:59:11", "WOJ": 22, "sev": 1, "c": [ 255, 255, 0, 160 ], "dmg": 1, "sli": 1, "ser": 0, "fat": 0, "row": -1, "mot": -1, "pie": 1, "uto": -1, "uwr": -1 }, "geometry": { "type": "Point", "coordinates": [ 16.916889, 53.691417 ] } },
{ "type": "Feature", "properties": { "ID": 109969367, "yr": 2021, "dt": "2021-03-02T09:42:59", "WOJ": 22, "sev": 1, "c": [ 255, 255, 0, 160 ], "dmg": 1, "sli": 1, "ser": 0, "fat": 0, "row": -1, "mot": -1, "pie": -1, "uto": -1, "uwr": -1 }, "geometry": { "type": "Point", "coordinates": [ 18.155528, 54.604306 ] } },
{ "type": "Feature", "properties": { "ID": 109968699, "yr": 2021, "dt": "2021-03-03T12:47:06", "WOJ": 22, "sev": 1, "c": [ 255, 255, 0, 160 ], "dmg": 1, "sli": 3, "ser": 0, "fat": 0, "row": -1, "mot": -1, "pie": -1, "uto": -1, "uwr": -1 }, "geometry": { "type": "Point", "coordinates": [ 18.949944, 53.630389 ] } },
{ "type": "Feature", "properties": { "ID": 109971472, "yr": 2021, "dt": "2021-03-03T17:34:00", "WOJ": 22, "sev": 1, "c": [ 255, 255, 0, 160 ], "dmg": 3, "sli": 1, "ser": 0, "fat": 0, "row": -1, "mot": -1, "pie": -1, "uto": -1, "uwr": -1 }, "geometry": { "type": "Point", "coordinates": [ 17.774167, 54.499722 ] } },
{ "type": "Feature", "properties": { "ID": 109971053, "yr": 2021, "dt": "2021-03-03T16:15:59", "WOJ": 22, "sev": 1, "c": [ 255, 255, 0, 160 ], "dmg": 1, "sli": 1, "ser": 0, "fat": 0, "row": -1, "mot": 1, "pie": -1, "uto": -1, "uwr": -1 }, "geometry": { "type": "Point", "coordinates": [ 17.510694, 54.189278 ] } },
{ "type": "Feature", "properties": { "ID": 109969065, "yr": 2021, "dt": "2021-03-03T16:50:00", "WOJ": 22, "sev": 1, "c": [ 255, 255, 0, 160 ], "dmg": 0, "sli": 1, "ser": 0, "fat": 0, "row": 1, "mot": -1, "pie": -1, "uto": -1, "uwr": -1 }, "geometry": { "type": "Point", "coordinates": [ 16.983972, 54.588139 ] } },
{ "type": "Feature", "properties": { "ID": 109971457, "yr": 2021, "dt": "2021-03-03T19:46:08", "WOJ": 22, "sev": 1, "c": [ 255, 255, 0, 160 ], "dmg": 0, "sli": 2, "ser": 0, "fat": 0, "row": -1, "mot": -1, "pie": -1, "uto": -1, "uwr": -1 }, "geometry": { "type": "Point", "coordinates": [ 18.181083, 54.142056 ] } },
{ "type": "Feature", "properties": { "ID": 109971359, "yr": 2021, "dt": "2021-03-03T18:20:00", "WOJ": 22, "sev": 1, "c": [ 255, 255, 0, 160 ], "dmg": 1, "sli": 1, "ser": 0, "fat": 0, "row": 1, "mot": -1, "pie": -1, "uto": -1, "uwr": -1 }, "geometry": { "type": "Point", "coordinates": [ 18.467528, 54.551 ] } },
{ "type": "Feature", "properties": { "ID": 109971716, "yr": 2021, "dt": "2021-03-04T08:30:24", "WOJ": 22, "sev": 1, "c": [ 255, 255, 0, 160 ], "dmg": 2, "sli": 1, "ser": 0, "fat": 0, "row": -1, "mot": -1, "pie": -1, "uto": -1, "uwr": -1 }, "geometry": { "type": "Point", "coordinates": [ 17.443833, 53.781556 ] } },
{ "type": "Feature", "properties": { "ID": 109956653, "yr": 2021, "dt": "2021-02-25T14:00:00", "WOJ": 22, "sev": 1, "c": [ 255, 255, 0, 160 ], "dmg": 2, "sli": 1, "ser": 0, "fat": 0, "row": -1, "mot": -1, "pie": -1, "uto": -1, "uwr": -1 }, "geometry": { "type": "Point", "coordinates": [ 17.785, 54.029722 ] } },
{ "type": "Feature", "properties": { "ID": 109955488, "yr": 2021, "dt": "2021-02-25T04:00:00", "WOJ": 22, "sev": 1, "c": [ 255, 255, 0, 160 ], "dmg": 1, "sli": 1, "ser": 0, "fat": 0, "row": -1, "mot": -1, "pie": 1, "uto": -1, "uwr": -1 }, "geometry": { "type": "Point", "coordinates": [ 18.602861, 54.344417 ] } },
{ "type": "Feature", "properties": { "ID": 109956904, "yr": 2021, "dt": "2021-02-25T23:45:00", "WOJ": 22, "sev": 1, "c": [ 255, 255, 0, 160 ], "dmg": 1, "sli": 1, "ser": 0, "fat": 0, "row": 1, "mot": -1, "pie": -1, "uto": -1, "uwr": -1 }, "geometry": { "type": "Point", "coordinates": [ 18.587528, 54.358806 ] } },
{ "type": "Feature", "properties": { "ID": 109957992, "yr": 2021, "dt": "2021-02-26T17:35:35", "WOJ": 22, "sev": 1, "c": [ 255, 255, 0, 160 ], "dmg": 1, "sli": 1, "ser": 0, "fat": 0, "row": -1, "mot": -1, "pie": 1, "uto": -1, "uwr": -1 }, "geometry": { "type": "Point", "coordinates": [ 18.528417, 53.974083 ] } },
{ "type": "Feature", "properties": { "ID": 110049558, "yr": 2021, "dt": "2021-03-11T15:23:43", "WOJ": 22, "sev": 1, "c": [ 255, 255, 0, 160 ], "dmg": 2, "sli": 1, "ser": 0, "fat": 0, "row": -1, "mot": -1, "pie": -1, "uto": -1, "uwr": -1 }, "geometry": { "type": "Point", "coordinates": [ 18.216167, 54.34925 ] } },
{ "type": "Feature", "properties": { "ID": 109972373, "yr": 2021, "dt": "2021-03-04T19:45:00", "WOJ": 22, "sev": 1, "c": [ 255, 255, 0, 160 ], "dmg": 1, "sli": 1, "ser": 0, "fat": 0, "row": -1, "mot": -1, "pie": 1, "uto": -1, "uwr": -1 }, "geometry": { "type": "Point", "coordinates": [ 17.060611, 54.458167 ] } },
{ "type": "Feature", "properties": { "ID": 109974705, "yr": 2021, "dt": "2021-03-05T21:05:00", "WOJ": 22, "sev": 1, "c": [ 255, 255, 0, 160 ], "dmg": 1, "sli": 1, "ser": 0, "fat": 0, "row": -1, "mot": -1, "pie": -1, "uto": -1, "uwr": -1 }, "geometry": { "type": "Point", "coordinates": [ 18.981556, 54.24825 ] } },
{ "type": "Feature", "properties": { "ID": 109974746, "yr": 2021, "dt": "2021-03-05T21:37:35", "WOJ": 22, "sev": 1, "c": [ 255, 255, 0, 160 ], "dmg": 0, "sli": 5, "ser": 0, "fat": 0, "row": -1, "mot": -1, "pie": -1, "uto": -1, "uwr": -1 }, "geometry": { "type": "Point", "coordinates": [ 18.969722, 54.027944 ] } },
{ "type": "Feature", "properties": { "ID": 116731114, "yr": 2021, "dt": "2021-12-10T06:40:00", "WOJ": 22, "sev": 1, "c": [ 255, 255, 0, 160 ], "dmg": 0, "sli": 1, "ser": 0, "fat": 0, "row": -1, "mot": -1, "pie": -1, "uto": -1, "uwr": -1 }, "geometry": { "type": "Point", "coordinates": [ 17.538778, 54.207389 ] } },
{ "type": "Feature", "properties": { "ID": 114870818, "yr": 2021, "dt": "2021-12-10T05:52:44", "WOJ": 22, "sev": 1, "c": [ 255, 255, 0, 160 ], "dmg": 0, "sli": 2, "ser": 0, "fat": 0, "row": -1, "mot": -1, "pie": -1, "uto": -1, "uwr": -1 }, "geometry": { "type": "Point", "coordinates": [ 18.676139, 54.159417 ] } },
{ "type": "Feature", "properties": { "ID": 115062841, "yr": 2021, "dt": "2021-12-10T10:58:16", "WOJ": 22, "sev": 1, "c": [ 255, 255, 0, 160 ], "dmg": 1, "sli": 1, "ser": 0, "fat": 0, "row": -1, "mot": -1, "pie": -1, "uto": -1, "uwr": -1 }, "geometry": { "type": "Point", "coordinates": [ 17.4895, 54.1655 ] } },
{ "type": "Feature", "properties": { "ID": 115006470, "yr": 2021, "dt": "2021-12-11T18:24:57", "WOJ": 22, "sev": 1, "c": [ 255, 255, 0, 160 ], "dmg": 1, "sli": 1, "ser": 0, "fat": 0, "row": -1, "mot": -1, "pie": -1, "uto": -1, "uwr": -1 }, "geometry": { "type": "Point", "coordinates": [ 18.344806, 54.616389 ] } },
{ "type": "Feature", "properties": { "ID": 115332835, "yr": 2021, "dt": "2021-12-11T16:05:57", "WOJ": 22, "sev": 1, "c": [ 255, 255, 0, 160 ], "dmg": 1, "sli": 1, "ser": 0, "fat": 0, "row": -1, "mot": -1, "pie": 1, "uto": -1, "uwr": -1 }, "geometry": { "type": "Point", "coordinates": [ 19.110556, 54.211806 ] } },
{ "type": "Feature", "properties": { "ID": 113963493, "yr": 2021, "dt": "2021-12-05T20:50:00", "WOJ": 22, "sev": 1, "c": [ 255, 255, 0, 160 ], "dmg": 1, "sli": 1, "ser": 0, "fat": 0, "row": -1, "mot": -1, "pie": -1, "uto": -1, "uwr": -1 }, "geometry": { "type": "Point", "coordinates": [ 18.455083, 54.543222 ] } },
{ "type": "Feature", "properties": { "ID": 109974494, "yr": 2021, "dt": "2021-03-05T15:19:00", "WOJ": 22, "sev": 1, "c": [ 255, 255, 0, 160 ], "dmg": 1, "sli": 1, "ser": 0, "fat": 0, "row": -1, "mot": -1, "pie": -1, "uto": -1, "uwr": -1 }, "geometry": { "type": "Point", "coordinates": [ 18.633667, 54.350889 ] } },
{ "type": "Feature", "properties": { "ID": 109975268, "yr": 2021, "dt": "2021-03-06T09:52:03", "WOJ": 22, "sev": 1, "c": [ 255, 255, 0, 160 ], "dmg": 1, "sli": 1, "ser": 0, "fat": 0, "row": -1, "mot": -1, "pie": 1, "uto": -1, "uwr": -1 }, "geometry": { "type": "Point", "coordinates": [ 18.775556, 54.091944 ] } },
{ "type": "Feature", "properties": { "ID": 110055302, "yr": 2021, "dt": "2021-03-06T09:10:00", "WOJ": 22, "sev": 1, "c": [ 255, 255, 0, 160 ], "dmg": 1, "sli": 1, "ser": 0, "fat": 0, "row": 1, "mot": -1, "pie": -1, "uto": -1, "uwr": -1 }, "geometry": { "type": "Point", "coordinates": [ 18.66322, 54.34431 ] } },
{ "type": "Feature", "properties": { "ID": 109975681, "yr": 2021, "dt": "2021-03-06T18:55:50", "WOJ": 22, "sev": 1, "c": [ 255, 255, 0, 160 ], "dmg": 1, "sli": 1, "ser": 0, "fat": 0, "row": -1, "mot": -1, "pie": -1, "uto": -1, "uwr": -1 }, "geometry": { "type": "Point", "coordinates": [ 17.346944, 54.200639 ] } },
{ "type": "Feature", "properties": { "ID": 109976213, "yr": 2021, "dt": "2021-03-07T23:41:00", "WOJ": 22, "sev": 1, "c": [ 255, 255, 0, 160 ], "dmg": 1, "sli": 1, "ser": 0, "fat": 0, "row": -1, "mot": -1, "pie": -1, "uto": -1, "uwr": -1 }, "geometry": { "type": "Point", "coordinates": [ 18.499083, 54.589361 ] } },
{ "type": "Feature", "properties": { "ID": 109978629, "yr": 2021, "dt": "2021-03-08T18:15:00", "WOJ": 22, "sev": 1, "c": [ 255, 255, 0, 160 ], "dmg": 3, "sli": 1, "ser": 0, "fat": 0, "row": -1, "mot": -1, "pie": -1, "uto": -1, "uwr": -1 }, "geometry": { "type": "Point", "coordinates": [ 18.656056, 54.345639 ] } },
{ "type": "Feature", "properties": { "ID": 109978073, "yr": 2021, "dt": "2021-03-10T13:00:00", "WOJ": 22, "sev": 1, "c": [ 255, 255, 0, 160 ], "dmg": 1, "sli": 1, "ser": 0, "fat": 0, "row": -1, "mot": -1, "pie": -1, "uto": -1, "uwr": -1 }, "geometry": { "type": "Point", "coordinates": [ 18.534694, 54.375944 ] } },
{ "type": "Feature", "properties": { "ID": 110035279, "yr": 2021, "dt": "2021-03-10T16:23:50", "WOJ": 22, "sev": 1, "c": [ 255, 255, 0, 160 ], "dmg": 1, "sli": 1, "ser": 0, "fat": 0, "row": 1, "mot": -1, "pie": -1, "uto": -1, "uwr": -1 }, "geometry": { "type": "Point", "coordinates": [ 18.419611, 54.573194 ] } },
{ "type": "Feature", "properties": { "ID": 114381111, "yr": 2021, "dt": "2021-12-07T20:20:58", "WOJ": 22, "sev": 1, "c": [ 255, 255, 0, 160 ], "dmg": 0, "sli": 2, "ser": 0, "fat": 0, "row": -1, "mot": -1, "pie": -1, "uto": -1, "uwr": -1 }, "geometry": { "type": "Point", "coordinates": [ 18.813611, 53.8435 ] } },
{ "type": "Feature", "properties": { "ID": 114249911, "yr": 2021, "dt": "2021-12-07T07:16:28", "WOJ": 22, "sev": 1, "c": [ 255, 255, 0, 160 ], "dmg": 1, "sli": 1, "ser": 0, "fat": 0, "row": -1, "mot": -1, "pie": 1, "uto": -1, "uwr": -1 }, "geometry": { "type": "Point", "coordinates": [ 18.928361, 53.7365 ] } },
{ "type": "Feature", "properties": { "ID": 114250156, "yr": 2021, "dt": "2021-12-07T08:26:54", "WOJ": 22, "sev": 1, "c": [ 255, 255, 0, 160 ], "dmg": 1, "sli": 1, "ser": 0, "fat": 0, "row": -1, "mot": -1, "pie": 1, "uto": -1, "uwr": -1 }, "geometry": { "type": "Point", "coordinates": [ 17.794833, 54.325194 ] } },
{ "type": "Feature", "properties": { "ID": 114381123, "yr": 2021, "dt": "2021-12-07T18:40:29", "WOJ": 22, "sev": 1, "c": [ 255, 255, 0, 160 ], "dmg": 1, "sli": 1, "ser": 0, "fat": 0, "row": -1, "mot": -1, "pie": -1, "uto": -1, "uwr": -1 }, "geometry": { "type": "Point", "coordinates": [ 19.178517, 54.049591 ] } },
{ "type": "Feature", "properties": { "ID": 114533818, "yr": 2021, "dt": "2021-12-08T12:36:22", "WOJ": 22, "sev": 1, "c": [ 255, 255, 0, 160 ], "dmg": 1, "sli": 1, "ser": 0, "fat": 0, "row": -1, "mot": -1, "pie": -1, "uto": -1, "uwr": -1 }, "geometry": { "type": "Point", "coordinates": [ 18.548333, 54.097167 ] } },
{ "type": "Feature", "properties": { "ID": 114425821, "yr": 2021, "dt": "2021-12-08T06:40:00", "WOJ": 22, "sev": 1, "c": [ 255, 255, 0, 160 ], "dmg": 1, "sli": 1, "ser": 0, "fat": 0, "row": -1, "mot": -1, "pie": 1, "uto": -1, "uwr": -1 }, "geometry": { "type": "Point", "coordinates": [ 17.096889, 54.469333 ] } },
{ "type": "Feature", "properties": { "ID": 114542828, "yr": 2021, "dt": "2021-12-08T18:52:16", "WOJ": 22, "sev": 1, "c": [ 255, 255, 0, 160 ], "dmg": 1, "sli": 1, "ser": 0, "fat": 0, "row": -1, "mot": -1, "pie": -1, "uto": -1, "uwr": -1 }, "geometry": { "type": "Point", "coordinates": [ 18.531, 53.963472 ] } },
{ "type": "Feature", "properties": { "ID": 113886833, "yr": 2021, "dt": "2021-12-02T08:00:00", "WOJ": 22, "sev": 1, "c": [ 255, 255, 0, 160 ], "dmg": 1, "sli": 1, "ser": 0, "fat": 0, "row": 1, "mot": -1, "pie": -1, "uto": -1, "uwr": -1 }, "geometry": { "type": "Point", "coordinates": [ 18.5725, 54.4025 ] } },
{ "type": "Feature", "properties": { "ID": 114038833, "yr": 2021, "dt": "2021-12-02T18:15:00", "WOJ": 22, "sev": 1, "c": [ 255, 255, 0, 160 ], "dmg": 1, "sli": 1, "ser": 0, "fat": 0, "row": -1, "mot": -1, "pie": 1, "uto": -1, "uwr": -1 }, "geometry": { "type": "Point", "coordinates": [ 18.615, 54.406667 ] } },
{ "type": "Feature", "properties": { "ID": 110069451, "yr": 2021, "dt": "2021-03-10T12:40:00", "WOJ": 22, "sev": 1, "c": [ 255, 255, 0, 160 ], "dmg": 1, "sli": 1, "ser": 0, "fat": 0, "row": -1, "mot": -1, "pie": 1, "uto": -1, "uwr": -1 }, "geometry": { "type": "Point", "coordinates": [ 17.965556, 54.120833 ] } },
{ "type": "Feature", "properties": { "ID": 110049701, "yr": 2021, "dt": "2021-03-11T15:19:00", "WOJ": 22, "sev": 1, "c": [ 255, 255, 0, 160 ], "dmg": 0, "sli": 1, "ser": 0, "fat": 0, "row": -1, "mot": -1, "pie": -1, "uto": -1, "uwr": -1 }, "geometry": { "type": "Point", "coordinates": [ 18.917139, 53.762583 ] } },
{ "type": "Feature", "properties": { "ID": 110050365, "yr": 2021, "dt": "2021-03-11T14:48:17", "WOJ": 22, "sev": 1, "c": [ 255, 255, 0, 160 ], "dmg": 2, "sli": 1, "ser": 0, "fat": 0, "row": -1, "mot": -1, "pie": -1, "uto": -1, "uwr": -1 }, "geometry": { "type": "Point", "coordinates": [ 17.965833, 53.760833 ] } },
{ "type": "Feature", "properties": { "ID": 110049333, "yr": 2021, "dt": "2021-03-11T12:35:00", "WOJ": 22, "sev": 1, "c": [ 255, 255, 0, 160 ], "dmg": 1, "sli": 1, "ser": 0, "fat": 0, "row": -1, "mot": -1, "pie": -1, "uto": -1, "uwr": -1 }, "geometry": { "type": "Point", "coordinates": [ 18.433056, 53.832889 ] } },
{ "type": "Feature", "properties": { "ID": 110049510, "yr": 2021, "dt": "2021-03-11T17:03:05", "WOJ": 22, "sev": 1, "c": [ 255, 255, 0, 160 ], "dmg": 0, "sli": 1, "ser": 0, "fat": 0, "row": -1, "mot": -1, "pie": -1, "uto": -1, "uwr": -1 }, "geometry": { "type": "Point", "coordinates": [ 18.456917, 54.208861 ] } },
{ "type": "Feature", "properties": { "ID": 110062867, "yr": 2021, "dt": "2021-03-20T07:36:00", "WOJ": 22, "sev": 1, "c": [ 255, 255, 0, 160 ], "dmg": 1, "sli": 1, "ser": 0, "fat": 0, "row": -1, "mot": -1, "pie": -1, "uto": -1, "uwr": -1 }, "geometry": { "type": "Point", "coordinates": [ 18.969028, 54.243833 ] } },
{ "type": "Feature", "properties": { "ID": 110050161, "yr": 2021, "dt": "2021-03-11T11:18:11", "WOJ": 22, "sev": 1, "c": [ 255, 255, 0, 160 ], "dmg": 0, "sli": 1, "ser": 0, "fat": 0, "row": -1, "mot": -1, "pie": -1, "uto": -1, "uwr": -1 }, "geometry": { "type": "Point", "coordinates": [ 17.335194, 54.112861 ] } },
{ "type": "Feature", "properties": { "ID": 110049994, "yr": 2021, "dt": "2021-03-12T09:30:52", "WOJ": 22, "sev": 1, "c": [ 255, 255, 0, 160 ], "dmg": 0, "sli": 3, "ser": 0, "fat": 0, "row": -1, "mot": -1, "pie": -1, "uto": -1, "uwr": -1 }, "geometry": { "type": "Point", "coordinates": [ 17.90175, 54.062778 ] } },
{ "type": "Feature", "properties": { "ID": 110052435, "yr": 2021, "dt": "2021-03-12T19:12:08", "WOJ": 22, "sev": 1, "c": [ 255, 255, 0, 160 ], "dmg": 1, "sli": 1, "ser": 0, "fat": 0, "row": -1, "mot": -1, "pie": -1, "uto": -1, "uwr": -1 }, "geometry": { "type": "Point", "coordinates": [ 17.398806, 54.164833 ] } },
{ "type": "Feature", "properties": { "ID": 110056282, "yr": 2021, "dt": "2021-03-12T09:10:00", "WOJ": 22, "sev": 1, "c": [ 255, 255, 0, 160 ], "dmg": 2, "sli": 1, "ser": 0, "fat": 0, "row": -1, "mot": -1, "pie": -1, "uto": -1, "uwr": -1 }, "geometry": { "type": "Point", "coordinates": [ 18.590778, 54.404056 ] } },
{ "type": "Feature", "properties": { "ID": 110050643, "yr": 2021, "dt": "2021-03-12T06:25:27", "WOJ": 22, "sev": 1, "c": [ 255, 255, 0, 160 ], "dmg": 0, "sli": 1, "ser": 0, "fat": 0, "row": -1, "mot": -1, "pie": -1, "uto": -1, "uwr": -1 }, "geometry": { "type": "Point", "coordinates": [ 17.160917, 53.637556 ] } },
{ "type": "Feature", "properties": { "ID": 110050971, "yr": 2021, "dt": "2021-03-12T11:10:00", "WOJ": 22, "sev": 1, "c": [ 255, 255, 0, 160 ], "dmg": 1, "sli": 1, "ser": 0, "fat": 0, "row": -1, "mot": -1, "pie": -1, "uto": -1, "uwr": -1 }, "geometry": { "type": "Point", "coordinates": [ 18.622167, 54.399278 ] } },
{ "type": "Feature", "properties": { "ID": 110052655, "yr": 2021, "dt": "2021-03-13T09:52:15", "WOJ": 22, "sev": 1, "c": [ 255, 255, 0, 160 ], "dmg": 0, "sli": 1, "ser": 0, "fat": 0, "row": -1, "mot": -1, "pie": -1, "uto": -1, "uwr": -1 }, "geometry": { "type": "Point", "coordinates": [ 18.964722, 53.853444 ] } },
{ "type": "Feature", "properties": { "ID": 110053180, "yr": 2021, "dt": "2021-03-13T06:55:41", "WOJ": 22, "sev": 1, "c": [ 255, 255, 0, 160 ], "dmg": 0, "sli": 1, "ser": 0, "fat": 0, "row": -1, "mot": -1, "pie": -1, "uto": -1, "uwr": -1 }, "geometry": { "type": "Point", "coordinates": [ 18.400306, 54.482944 ] } },
{ "type": "Feature", "properties": { "ID": 110053152, "yr": 2021, "dt": "2021-03-13T02:00:00", "WOJ": 22, "sev": 1, "c": [ 255, 255, 0, 160 ], "dmg": 1, "sli": 1, "ser": 0, "fat": 0, "row": -1, "mot": -1, "pie": 1, "uto": -1, "uwr": -1 }, "geometry": { "type": "Point", "coordinates": [ 17.038944, 54.473056 ] } },
{ "type": "Feature", "properties": { "ID": 110053313, "yr": 2021, "dt": "2021-03-13T07:53:06", "WOJ": 22, "sev": 1, "c": [ 255, 255, 0, 160 ], "dmg": 1, "sli": 1, "ser": 0, "fat": 0, "row": -1, "mot": -1, "pie": -1, "uto": -1, "uwr": -1 }, "geometry": { "type": "Point", "coordinates": [ 17.606139, 54.101194 ] } },
{ "type": "Feature", "properties": { "ID": 109978749, "yr": 2021, "dt": "2021-03-08T21:10:00", "WOJ": 22, "sev": 1, "c": [ 255, 255, 0, 160 ], "dmg": 1, "sli": 1, "ser": 0, "fat": 0, "row": -1, "mot": -1, "pie": -1, "uto": -1, "uwr": -1 }, "geometry": { "type": "Point", "coordinates": [ 18.797694, 54.060972 ] } },
{ "type": "Feature", "properties": { "ID": 109978626, "yr": 2021, "dt": "2021-03-08T17:48:00", "WOJ": 22, "sev": 1, "c": [ 255, 255, 0, 160 ], "dmg": 3, "sli": 2, "ser": 0, "fat": 0, "row": -1, "mot": -1, "pie": -1, "uto": -1, "uwr": -1 }, "geometry": { "type": "Point", "coordinates": [ 18.630472, 54.235111 ] } },
{ "type": "Feature", "properties": { "ID": 109977642, "yr": 2021, "dt": "2021-03-09T14:25:00", "WOJ": 22, "sev": 1, "c": [ 255, 255, 0, 160 ], "dmg": 1, "sli": 1, "ser": 0, "fat": 0, "row": -1, "mot": -1, "pie": -1, "uto": -1, "uwr": -1 }, "geometry": { "type": "Point", "coordinates": [ 18.902889, 53.699167 ] } },
{ "type": "Feature", "properties": { "ID": 110040138, "yr": 2021, "dt": "2021-03-10T15:50:34", "WOJ": 22, "sev": 1, "c": [ 255, 255, 0, 160 ], "dmg": 1, "sli": 1, "ser": 0, "fat": 0, "row": -1, "mot": -1, "pie": -1, "uto": -1, "uwr": -1 }, "geometry": { "type": "Point", "coordinates": [ 17.352139, 53.669778 ] } },
{ "type": "Feature", "properties": { "ID": 109978075, "yr": 2021, "dt": "2021-03-10T11:01:59", "WOJ": 22, "sev": 1, "c": [ 255, 255, 0, 160 ], "dmg": 2, "sli": 1, "ser": 0, "fat": 0, "row": -1, "mot": -1, "pie": -1, "uto": -1, "uwr": -1 }, "geometry": { "type": "Point", "coordinates": [ 17.868222, 53.9255 ] } },
{ "type": "Feature", "properties": { "ID": 110055511, "yr": 2021, "dt": "2021-03-15T13:38:00", "WOJ": 22, "sev": 1, "c": [ 255, 255, 0, 160 ], "dmg": 2, "sli": 2, "ser": 0, "fat": 0, "row": -1, "mot": -1, "pie": -1, "uto": -1, "uwr": -1 }, "geometry": { "type": "Point", "coordinates": [ 17.723861, 54.575056 ] } },
{ "type": "Feature", "properties": { "ID": 113970904, "yr": 2021, "dt": "2021-12-04T12:29:00", "WOJ": 22, "sev": 1, "c": [ 255, 255, 0, 160 ], "dmg": 1, "sli": 1, "ser": 0, "fat": 0, "row": 1, "mot": -1, "pie": -1, "uto": -1, "uwr": -1 }, "geometry": { "type": "Point", "coordinates": [ 18.541778, 54.517389 ] } },
{ "type": "Feature", "properties": { "ID": 113971849, "yr": 2021, "dt": "2021-12-04T18:00:00", "WOJ": 22, "sev": 1, "c": [ 255, 255, 0, 160 ], "dmg": 1, "sli": 1, "ser": 0, "fat": 0, "row": -1, "mot": -1, "pie": -1, "uto": -1, "uwr": -1 }, "geometry": { "type": "Point", "coordinates": [ 18.5415, 54.497278 ] } },
{ "type": "Feature", "properties": { "ID": 113970929, "yr": 2021, "dt": "2021-12-04T15:20:00", "WOJ": 22, "sev": 1, "c": [ 255, 255, 0, 160 ], "dmg": 1, "sli": 1, "ser": 0, "fat": 0, "row": -1, "mot": -1, "pie": 1, "uto": -1, "uwr": -1 }, "geometry": { "type": "Point", "coordinates": [ 18.475667, 54.430167 ] } },
{ "type": "Feature", "properties": { "ID": 113966839, "yr": 2021, "dt": "2021-12-04T10:43:22", "WOJ": 22, "sev": 1, "c": [ 255, 255, 0, 160 ], "dmg": 2, "sli": 3, "ser": 0, "fat": 0, "row": -1, "mot": -1, "pie": -1, "uto": -1, "uwr": -1 }, "geometry": { "type": "Point", "coordinates": [ 18.548972, 54.148111 ] } },
{ "type": "Feature", "properties": { "ID": 113966818, "yr": 2021, "dt": "2021-12-04T11:13:03", "WOJ": 22, "sev": 1, "c": [ 255, 255, 0, 160 ], "dmg": 1, "sli": 1, "ser": 0, "fat": 0, "row": -1, "mot": -1, "pie": -1, "uto": -1, "uwr": -1 }, "geometry": { "type": "Point", "coordinates": [ 19.0769, 54.010395 ] } },
{ "type": "Feature", "properties": { "ID": 113668823, "yr": 2021, "dt": "2021-11-30T10:02:52", "WOJ": 22, "sev": 1, "c": [ 255, 255, 0, 160 ], "dmg": 1, "sli": 2, "ser": 0, "fat": 0, "row": -1, "mot": -1, "pie": 1, "uto": -1, "uwr": -1 }, "geometry": { "type": "Point", "coordinates": [ 18.5215, 53.964722 ] } },
{ "type": "Feature", "properties": { "ID": 113618477, "yr": 2021, "dt": "2021-11-30T01:38:00", "WOJ": 22, "sev": 1, "c": [ 255, 255, 0, 160 ], "dmg": 1, "sli": 2, "ser": 0, "fat": 0, "row": -1, "mot": -1, "pie": -1, "uto": -1, "uwr": -1 }, "geometry": { "type": "Point", "coordinates": [ 18.462194, 54.209833 ] } },
{ "type": "Feature", "properties": { "ID": 113618705, "yr": 2021, "dt": "2021-11-30T06:20:39", "WOJ": 22, "sev": 1, "c": [ 255, 255, 0, 160 ], "dmg": 1, "sli": 2, "ser": 0, "fat": 0, "row": -1, "mot": -1, "pie": -1, "uto": -1, "uwr": -1 }, "geometry": { "type": "Point", "coordinates": [ 17.949389, 54.108528 ] } },
{ "type": "Feature", "properties": { "ID": 113676885, "yr": 2021, "dt": "2021-11-30T12:20:00", "WOJ": 22, "sev": 1, "c": [ 255, 255, 0, 160 ], "dmg": 1, "sli": 1, "ser": 0, "fat": 0, "row": -1, "mot": -1, "pie": -1, "uto": -1, "uwr": -1 }, "geometry": { "type": "Point", "coordinates": [ 19.522417, 53.919861 ] } },
{ "type": "Feature", "properties": { "ID": 113618550, "yr": 2021, "dt": "2021-11-30T06:55:07", "WOJ": 22, "sev": 1, "c": [ 255, 255, 0, 160 ], "dmg": 2, "sli": 1, "ser": 0, "fat": 0, "row": -1, "mot": -1, "pie": -1, "uto": -1, "uwr": -1 }, "geometry": { "type": "Point", "coordinates": [ 16.914306, 54.408056 ] } },
{ "type": "Feature", "properties": { "ID": 113755291, "yr": 2021, "dt": "2021-12-01T17:23:06", "WOJ": 22, "sev": 1, "c": [ 255, 255, 0, 160 ], "dmg": 1, "sli": 1, "ser": 0, "fat": 0, "row": -1, "mot": -1, "pie": -1, "uto": -1, "uwr": -1 }, "geometry": { "type": "Point", "coordinates": [ 17.677556, 54.208028 ] } },
{ "type": "Feature", "properties": { "ID": 110056662, "yr": 2021, "dt": "2021-03-15T15:24:00", "WOJ": 22, "sev": 1, "c": [ 255, 255, 0, 160 ], "dmg": 2, "sli": 1, "ser": 0, "fat": 0, "row": -1, "mot": -1, "pie": -1, "uto": -1, "uwr": -1 }, "geometry": { "type": "Point", "coordinates": [ 17.686111, 54.344972 ] } },
{ "type": "Feature", "properties": { "ID": 110061242, "yr": 2021, "dt": "2021-03-18T07:00:00", "WOJ": 22, "sev": 1, "c": [ 255, 255, 0, 160 ], "dmg": 0, "sli": 1, "ser": 0, "fat": 0, "row": -1, "mot": -1, "pie": -1, "uto": -1, "uwr": -1 }, "geometry": { "type": "Point", "coordinates": [ 18.820194, 54.293028 ] } },
{ "type": "Feature", "properties": { "ID": 110063784, "yr": 2021, "dt": "2021-03-19T22:00:00", "WOJ": 22, "sev": 1, "c": [ 255, 255, 0, 160 ], "dmg": 1, "sli": 1, "ser": 0, "fat": 0, "row": -1, "mot": -1, "pie": 1, "uto": -1, "uwr": -1 }, "geometry": { "type": "Point", "coordinates": [ 17.031028, 54.467889 ] } },
{ "type": "Feature", "properties": { "ID": 110063994, "yr": 2021, "dt": "2021-03-20T09:34:38", "WOJ": 22, "sev": 1, "c": [ 255, 255, 0, 160 ], "dmg": 0, "sli": 2, "ser": 0, "fat": 0, "row": -1, "mot": -1, "pie": -1, "uto": -1, "uwr": -1 }, "geometry": { "type": "Point", "coordinates": [ 19.012167, 54.189528 ] } },
{ "type": "Feature", "properties": { "ID": 110070402, "yr": 2021, "dt": "2021-03-22T14:50:00", "WOJ": 22, "sev": 1, "c": [ 255, 255, 0, 160 ], "dmg": 1, "sli": 1, "ser": 0, "fat": 0, "row": 1, "mot": -1, "pie": -1, "uto": -1, "uwr": -1 }, "geometry": { "type": "Point", "coordinates": [ 18.646111, 54.345 ] } },
{ "type": "Feature", "properties": { "ID": 110069223, "yr": 2021, "dt": "2021-03-22T06:20:00", "WOJ": 22, "sev": 1, "c": [ 255, 255, 0, 160 ], "dmg": 1, "sli": 1, "ser": 0, "fat": 0, "row": -1, "mot": -1, "pie": -1, "uto": -1, "uwr": -1 }, "geometry": { "type": "Point", "coordinates": [ 16.844667, 54.411778 ] } },
{ "type": "Feature", "properties": { "ID": 110069524, "yr": 2021, "dt": "2021-03-22T13:10:00", "WOJ": 22, "sev": 1, "c": [ 255, 255, 0, 160 ], "dmg": 1, "sli": 1, "ser": 0, "fat": 0, "row": -1, "mot": -1, "pie": -1, "uto": -1, "uwr": -1 }, "geometry": { "type": "Point", "coordinates": [ 18.532083, 54.515972 ] } },
{ "type": "Feature", "properties": { "ID": 110069984, "yr": 2021, "dt": "2021-03-23T06:36:01", "WOJ": 22, "sev": 1, "c": [ 255, 255, 0, 160 ], "dmg": 1, "sli": 1, "ser": 0, "fat": 0, "row": -1, "mot": -1, "pie": -1, "uto": -1, "uwr": -1 }, "geometry": { "type": "Point", "coordinates": [ 18.391306, 54.250944 ] } },
{ "type": "Feature", "properties": { "ID": 110072627, "yr": 2021, "dt": "2021-03-23T16:28:58", "WOJ": 22, "sev": 1, "c": [ 255, 255, 0, 160 ], "dmg": 1, "sli": 1, "ser": 0, "fat": 0, "row": -1, "mot": -1, "pie": 1, "uto": -1, "uwr": -1 }, "geometry": { "type": "Point", "coordinates": [ 18.945611, 53.736417 ] } },
{ "type": "Feature", "properties": { "ID": 110074592, "yr": 2021, "dt": "2021-03-24T16:17:03", "WOJ": 22, "sev": 1, "c": [ 255, 255, 0, 160 ], "dmg": 1, "sli": 1, "ser": 0, "fat": 0, "row": 1, "mot": -1, "pie": -1, "uto": -1, "uwr": -1 }, "geometry": { "type": "Point", "coordinates": [ 18.757917, 54.093333 ] } },
{ "type": "Feature", "properties": { "ID": 110074581, "yr": 2021, "dt": "2021-03-24T15:35:00", "WOJ": 22, "sev": 1, "c": [ 255, 255, 0, 160 ], "dmg": 0, "sli": 1, "ser": 0, "fat": 0, "row": -1, "mot": -1, "pie": -1, "uto": -1, "uwr": -1 }, "geometry": { "type": "Point", "coordinates": [ 18.542944, 54.523806 ] } },
{ "type": "Feature", "properties": { "ID": 110073602, "yr": 2021, "dt": "2021-03-24T08:35:00", "WOJ": 22, "sev": 1, "c": [ 255, 255, 0, 160 ], "dmg": 1, "sli": 1, "ser": 0, "fat": 0, "row": -1, "mot": 1, "pie": -1, "uto": -1, "uwr": -1 }, "geometry": { "type": "Point", "coordinates": [ 17.001361, 54.460472 ] } },
{ "type": "Feature", "properties": { "ID": 110073753, "yr": 2021, "dt": "2021-03-24T13:25:00", "WOJ": 22, "sev": 1, "c": [ 255, 255, 0, 160 ], "dmg": 1, "sli": 2, "ser": 0, "fat": 0, "row": -1, "mot": -1, "pie": -1, "uto": -1, "uwr": -1 }, "geometry": { "type": "Point", "coordinates": [ 18.986667, 53.824722 ] } },
{ "type": "Feature", "properties": { "ID": 110077475, "yr": 2021, "dt": "2021-03-25T20:25:00", "WOJ": 22, "sev": 1, "c": [ 255, 255, 0, 160 ], "dmg": 1, "sli": 1, "ser": 0, "fat": 0, "row": -1, "mot": -1, "pie": -1, "uto": -1, "uwr": -1 }, "geometry": { "type": "Point", "coordinates": [ 16.891583, 54.431917 ] } },
{ "type": "Feature", "properties": { "ID": 110079328, "yr": 2021, "dt": "2021-03-26T12:26:00", "WOJ": 22, "sev": 1, "c": [ 255, 255, 0, 160 ], "dmg": 0, "sli": 1, "ser": 0, "fat": 0, "row": -1, "mot": -1, "pie": -1, "uto": -1, "uwr": -1 }, "geometry": { "type": "Point", "coordinates": [ 19.049472, 54.024583 ] } },
{ "type": "Feature", "properties": { "ID": 110079145, "yr": 2021, "dt": "2021-03-26T10:50:00", "WOJ": 22, "sev": 1, "c": [ 255, 255, 0, 160 ], "dmg": 1, "sli": 1, "ser": 0, "fat": 0, "row": 1, "mot": -1, "pie": -1, "uto": -1, "uwr": -1 }, "geometry": { "type": "Point", "coordinates": [ 18.596583, 54.38375 ] } },
{ "type": "Feature", "properties": { "ID": 110077607, "yr": 2021, "dt": "2021-03-26T07:37:22", "WOJ": 22, "sev": 1, "c": [ 255, 255, 0, 160 ], "dmg": 1, "sli": 1, "ser": 0, "fat": 0, "row": -1, "mot": -1, "pie": -1, "uto": -1, "uwr": -1 }, "geometry": { "type": "Point", "coordinates": [ 19.037306, 53.68025 ] } },
{ "type": "Feature", "properties": { "ID": 110056216, "yr": 2021, "dt": "2021-03-13T06:35:00", "WOJ": 22, "sev": 1, "c": [ 255, 255, 0, 160 ], "dmg": 1, "sli": 2, "ser": 0, "fat": 0, "row": -1, "mot": -1, "pie": -1, "uto": -1, "uwr": -1 }, "geometry": { "type": "Point", "coordinates": [ 18.165917, 54.317 ] } },
{ "type": "Feature", "properties": { "ID": 110053220, "yr": 2021, "dt": "2021-03-13T07:27:56", "WOJ": 22, "sev": 1, "c": [ 255, 255, 0, 160 ], "dmg": 0, "sli": 2, "ser": 0, "fat": 0, "row": -1, "mot": -1, "pie": -1, "uto": -1, "uwr": -1 }, "geometry": { "type": "Point", "coordinates": [ 17.606306, 54.101222 ] } },
{ "type": "Feature", "properties": { "ID": 110055515, "yr": 2021, "dt": "2021-03-15T14:25:00", "WOJ": 22, "sev": 1, "c": [ 255, 255, 0, 160 ], "dmg": 1, "sli": 1, "ser": 0, "fat": 0, "row": -1, "mot": -1, "pie": -1, "uto": -1, "uwr": -1 }, "geometry": { "type": "Point", "coordinates": [ 18.622, 54.380583 ] } },
{ "type": "Feature", "properties": { "ID": 110090389, "yr": 2021, "dt": "2021-03-29T20:19:07", "WOJ": 22, "sev": 1, "c": [ 255, 255, 0, 160 ], "dmg": 1, "sli": 1, "ser": 0, "fat": 0, "row": -1, "mot": -1, "pie": 1, "uto": -1, "uwr": -1 }, "geometry": { "type": "Point", "coordinates": [ 17.858222, 53.771167 ] } },
{ "type": "Feature", "properties": { "ID": 110098272, "yr": 2021, "dt": "2021-03-29T10:05:00", "WOJ": 22, "sev": 1, "c": [ 255, 255, 0, 160 ], "dmg": 0, "sli": 1, "ser": 0, "fat": 0, "row": -1, "mot": 1, "pie": -1, "uto": -1, "uwr": -1 }, "geometry": { "type": "Point", "coordinates": [ 16.9445, 53.678944 ] } },
{ "type": "Feature", "properties": { "ID": 110089150, "yr": 2021, "dt": "2021-03-29T10:32:00", "WOJ": 22, "sev": 1, "c": [ 255, 255, 0, 160 ], "dmg": 0, "sli": 1, "ser": 0, "fat": 0, "row": -1, "mot": -1, "pie": -1, "uto": -1, "uwr": -1 }, "geometry": { "type": "Point", "coordinates": [ 18.497528, 54.273889 ] } },
{ "type": "Feature", "properties": { "ID": 110082067, "yr": 2021, "dt": "2021-03-29T10:33:35", "WOJ": 22, "sev": 1, "c": [ 255, 255, 0, 160 ], "dmg": 2, "sli": 1, "ser": 0, "fat": 0, "row": -1, "mot": -1, "pie": 1, "uto": -1, "uwr": -1 }, "geometry": { "type": "Point", "coordinates": [ 18.199778, 54.332611 ] } },
{ "type": "Feature", "properties": { "ID": 110090088, "yr": 2021, "dt": "2021-03-30T13:55:39", "WOJ": 22, "sev": 1, "c": [ 255, 255, 0, 160 ], "dmg": 1, "sli": 1, "ser": 0, "fat": 0, "row": -1, "mot": -1, "pie": -1, "uto": -1, "uwr": -1 }, "geometry": { "type": "Point", "coordinates": [ 18.761333, 54.05 ] } },
{ "type": "Feature", "properties": { "ID": 110095303, "yr": 2021, "dt": "2021-03-31T16:19:47", "WOJ": 22, "sev": 1, "c": [ 255, 255, 0, 160 ], "dmg": 1, "sli": 1, "ser": 0, "fat": 0, "row": 1, "mot": -1, "pie": -1, "uto": -1, "uwr": -1 }, "geometry": { "type": "Point", "coordinates": [ 18.515, 53.979306 ] } },
{ "type": "Feature", "properties": { "ID": 110094363, "yr": 2021, "dt": "2021-03-31T14:38:14", "WOJ": 22, "sev": 1, "c": [ 255, 255, 0, 160 ], "dmg": 1, "sli": 1, "ser": 0, "fat": 0, "row": 0, "mot": -1, "pie": 1, "uto": -1, "uwr": -1 }, "geometry": { "type": "Point", "coordinates": [ 18.507056, 54.550889 ] } },
{ "type": "Feature", "properties": { "ID": 110095445, "yr": 2021, "dt": "2021-03-31T18:30:00", "WOJ": 22, "sev": 1, "c": [ 255, 255, 0, 160 ], "dmg": 1, "sli": 2, "ser": 0, "fat": 0, "row": 1, "mot": -1, "pie": -1, "uto": -1, "uwr": -1 }, "geometry": { "type": "Point", "coordinates": [ 18.627, 54.371194 ] } },
{ "type": "Feature", "properties": { "ID": 110094498, "yr": 2021, "dt": "2021-03-31T13:57:00", "WOJ": 22, "sev": 1, "c": [ 255, 255, 0, 160 ], "dmg": 1, "sli": 1, "ser": 0, "fat": 0, "row": -1, "mot": -1, "pie": -1, "uto": -1, "uwr": -1 }, "geometry": { "type": "Point", "coordinates": [ 17.232194, 53.72725 ] } },
{ "type": "Feature", "properties": { "ID": 110095347, "yr": 2021, "dt": "2021-03-31T16:35:15", "WOJ": 22, "sev": 1, "c": [ 255, 255, 0, 160 ], "dmg": 1, "sli": 1, "ser": 0, "fat": 0, "row": -1, "mot": -1, "pie": -1, "uto": -1, "uwr": -1 }, "geometry": { "type": "Point", "coordinates": [ 18.218028, 54.126833 ] } },
{ "type": "Feature", "properties": { "ID": 110095344, "yr": 2021, "dt": "2021-03-31T17:01:28", "WOJ": 22, "sev": 1, "c": [ 255, 255, 0, 160 ], "dmg": 2, "sli": 1, "ser": 0, "fat": 0, "row": -1, "mot": -1, "pie": -1, "uto": -1, "uwr": -1 }, "geometry": { "type": "Point", "coordinates": [ 19.022722, 54.039583 ] } },
{ "type": "Feature", "properties": { "ID": 110094348, "yr": 2021, "dt": "2021-03-31T14:10:00", "WOJ": 22, "sev": 1, "c": [ 255, 255, 0, 160 ], "dmg": 1, "sli": 1, "ser": 0, "fat": 0, "row": 1, "mot": -1, "pie": -1, "uto": -1, "uwr": -1 }, "geometry": { "type": "Point", "coordinates": [ 18.516111, 54.376167 ] } },
{ "type": "Feature", "properties": { "ID": 110096339, "yr": 2021, "dt": "2021-04-01T17:40:00", "WOJ": 22, "sev": 1, "c": [ 255, 255, 0, 160 ], "dmg": 1, "sli": 1, "ser": 0, "fat": 0, "row": -1, "mot": -1, "pie": -1, "uto": -1, "uwr": -1 }, "geometry": { "type": "Point", "coordinates": [ 18.604944, 54.387722 ] } },
{ "type": "Feature", "properties": { "ID": 110098698, "yr": 2021, "dt": "2021-04-02T10:15:00", "WOJ": 22, "sev": 1, "c": [ 255, 255, 0, 160 ], "dmg": 2, "sli": 1, "ser": 0, "fat": 0, "row": -1, "mot": -1, "pie": -1, "uto": -1, "uwr": -1 }, "geometry": { "type": "Point", "coordinates": [ 18.457472, 54.545972 ] } },
{ "type": "Feature", "properties": { "ID": 110064417, "yr": 2021, "dt": "2021-03-20T16:10:00", "WOJ": 22, "sev": 1, "c": [ 255, 255, 0, 160 ], "dmg": 0, "sli": 1, "ser": 0, "fat": 0, "row": -1, "mot": -1, "pie": -1, "uto": -1, "uwr": -1 }, "geometry": { "type": "Point", "coordinates": [ 17.527306, 54.622528 ] } },
{ "type": "Feature", "properties": { "ID": 110064563, "yr": 2021, "dt": "2021-03-21T09:15:43", "WOJ": 22, "sev": 1, "c": [ 255, 255, 0, 160 ], "dmg": 2, "sli": 1, "ser": 0, "fat": 0, "row": -1, "mot": -1, "pie": -1, "uto": -1, "uwr": -1 }, "geometry": { "type": "Point", "coordinates": [ 18.672056, 54.254528 ] } },
{ "type": "Feature", "properties": { "ID": 113869828, "yr": 2021, "dt": "2021-12-01T14:00:00", "WOJ": 22, "sev": 1, "c": [ 255, 255, 0, 160 ], "dmg": 1, "sli": 1, "ser": 0, "fat": 0, "row": -1, "mot": -1, "pie": 1, "uto": -1, "uwr": -1 }, "geometry": { "type": "Point", "coordinates": [ 18.612944, 54.348972 ] } },
{ "type": "Feature", "properties": { "ID": 113755100, "yr": 2021, "dt": "2021-12-01T16:30:08", "WOJ": 22, "sev": 1, "c": [ 255, 255, 0, 160 ], "dmg": 1, "sli": 1, "ser": 0, "fat": 0, "row": -1, "mot": -1, "pie": 1, "uto": -1, "uwr": -1 }, "geometry": { "type": "Point", "coordinates": [ 18.648028, 54.344722 ] } },
{ "type": "Feature", "properties": { "ID": 113677491, "yr": 2021, "dt": "2021-12-01T05:35:00", "WOJ": 22, "sev": 1, "c": [ 255, 255, 0, 160 ], "dmg": 1, "sli": 1, "ser": 0, "fat": 0, "row": -1, "mot": -1, "pie": 1, "uto": -1, "uwr": -1 }, "geometry": { "type": "Point", "coordinates": [ 17.020222, 54.462472 ] } },
{ "type": "Feature", "properties": { "ID": 113755055, "yr": 2021, "dt": "2021-12-01T16:44:07", "WOJ": 22, "sev": 1, "c": [ 255, 255, 0, 160 ], "dmg": 1, "sli": 1, "ser": 0, "fat": 0, "row": -1, "mot": -1, "pie": 1, "uto": -1, "uwr": -1 }, "geometry": { "type": "Point", "coordinates": [ 19.028611, 54.036389 ] } },
{ "type": "Feature", "properties": { "ID": 113677498, "yr": 2021, "dt": "2021-12-01T05:35:58", "WOJ": 22, "sev": 1, "c": [ 255, 255, 0, 160 ], "dmg": 1, "sli": 1, "ser": 0, "fat": 0, "row": -1, "mot": -1, "pie": -1, "uto": -1, "uwr": -1 }, "geometry": { "type": "Point", "coordinates": [ 18.510917, 54.559333 ] } },
{ "type": "Feature", "properties": { "ID": 113755451, "yr": 2021, "dt": "2021-12-02T05:30:00", "WOJ": 22, "sev": 1, "c": [ 255, 255, 0, 160 ], "dmg": 1, "sli": 1, "ser": 0, "fat": 0, "row": 0, "mot": -1, "pie": -1, "uto": -1, "uwr": -1 }, "geometry": { "type": "Point", "coordinates": [ 17.007611, 54.457028 ] } },
{ "type": "Feature", "properties": { "ID": 113816057, "yr": 2021, "dt": "2021-12-02T16:50:00", "WOJ": 22, "sev": 1, "c": [ 255, 255, 0, 160 ], "dmg": 1, "sli": 1, "ser": 0, "fat": 0, "row": -1, "mot": -1, "pie": 1, "uto": -1, "uwr": -1 }, "geometry": { "type": "Point", "coordinates": [ 18.450667, 54.54775 ] } },
{ "type": "Feature", "properties": { "ID": 113526066, "yr": 2021, "dt": "2021-11-25T19:30:00", "WOJ": 22, "sev": 1, "c": [ 255, 255, 0, 160 ], "dmg": 2, "sli": 1, "ser": 0, "fat": 0, "row": -1, "mot": -1, "pie": -1, "uto": -1, "uwr": -1 }, "geometry": { "type": "Point", "coordinates": [ 18.607278, 54.399639 ] } },
{ "type": "Feature", "properties": { "ID": 113527180, "yr": 2021, "dt": "2021-11-26T15:25:16", "WOJ": 22, "sev": 1, "c": [ 255, 255, 0, 160 ], "dmg": 0, "sli": 2, "ser": 0, "fat": 0, "row": -1, "mot": -1, "pie": -1, "uto": -1, "uwr": -1 }, "geometry": { "type": "Point", "coordinates": [ 17.347111, 53.664389 ] } },
{ "type": "Feature", "properties": { "ID": 113527723, "yr": 2021, "dt": "2021-11-26T21:42:40", "WOJ": 22, "sev": 1, "c": [ 255, 255, 0, 160 ], "dmg": 0, "sli": 2, "ser": 0, "fat": 0, "row": -1, "mot": -1, "pie": -1, "uto": -1, "uwr": -1 }, "geometry": { "type": "Point", "coordinates": [ 18.570361, 53.933583 ] } },
{ "type": "Feature", "properties": { "ID": 113527223, "yr": 2021, "dt": "2021-11-26T14:00:00", "WOJ": 22, "sev": 1, "c": [ 255, 255, 0, 160 ], "dmg": 1, "sli": 1, "ser": 0, "fat": 0, "row": -1, "mot": -1, "pie": -1, "uto": -1, "uwr": -1 }, "geometry": { "type": "Point", "coordinates": [ 18.445111, 54.545778 ] } },
{ "type": "Feature", "properties": { "ID": 110104472, "yr": 2021, "dt": "2021-04-05T21:05:00", "WOJ": 22, "sev": 1, "c": [ 255, 255, 0, 160 ], "dmg": 1, "sli": 1, "ser": 0, "fat": 0, "row": -1, "mot": -1, "pie": -1, "uto": -1, "uwr": -1 }, "geometry": { "type": "Point", "coordinates": [ 18.670139, 54.349361 ] } },
{ "type": "Feature", "properties": { "ID": 110105193, "yr": 2021, "dt": "2021-04-05T16:42:56", "WOJ": 22, "sev": 1, "c": [ 255, 255, 0, 160 ], "dmg": 0, "sli": 1, "ser": 0, "fat": 0, "row": -1, "mot": -1, "pie": -1, "uto": -1, "uwr": -1 }, "geometry": { "type": "Point", "coordinates": [ 18.558, 54.215389 ] } },
{ "type": "Feature", "properties": { "ID": 110105214, "yr": 2021, "dt": "2021-04-05T17:13:24", "WOJ": 22, "sev": 1, "c": [ 255, 255, 0, 160 ], "dmg": 1, "sli": 1, "ser": 0, "fat": 0, "row": -1, "mot": -1, "pie": -1, "uto": -1, "uwr": -1 }, "geometry": { "type": "Point", "coordinates": [ 17.104472, 54.254139 ] } },
{ "type": "Feature", "properties": { "ID": 110104264, "yr": 2021, "dt": "2021-04-05T13:33:51", "WOJ": 22, "sev": 1, "c": [ 255, 255, 0, 160 ], "dmg": 0, "sli": 1, "ser": 0, "fat": 0, "row": -1, "mot": -1, "pie": -1, "uto": -1, "uwr": -1 }, "geometry": { "type": "Point", "coordinates": [ 19.21825, 54.06225 ] } },
{ "type": "Feature", "properties": { "ID": 110079180, "yr": 2021, "dt": "2021-03-26T09:04:00", "WOJ": 22, "sev": 1, "c": [ 255, 255, 0, 160 ], "dmg": 2, "sli": 1, "ser": 0, "fat": 0, "row": -1, "mot": -1, "pie": -1, "uto": -1, "uwr": -1 }, "geometry": { "type": "Point", "coordinates": [ 18.752833, 54.093944 ] } },
{ "type": "Feature", "properties": { "ID": 110127979, "yr": 2021, "dt": "2021-04-16T14:56:16", "WOJ": 22, "sev": 1, "c": [ 255, 255, 0, 160 ], "dmg": 0, "sli": 1, "ser": 0, "fat": 0, "row": -1, "mot": -1, "pie": -1, "uto": -1, "uwr": -1 }, "geometry": { "type": "Point", "coordinates": [ 19.051889, 54.040278 ] } },
{ "type": "Feature", "properties": { "ID": 110106138, "yr": 2021, "dt": "2021-04-06T06:27:00", "WOJ": 22, "sev": 1, "c": [ 255, 255, 0, 160 ], "dmg": 0, "sli": 1, "ser": 0, "fat": 0, "row": -1, "mot": -1, "pie": -1, "uto": -1, "uwr": -1 }, "geometry": { "type": "Point", "coordinates": [ 19.02325, 54.056528 ] } },
{ "type": "Feature", "properties": { "ID": 110138701, "yr": 2021, "dt": "2021-04-06T18:00:00", "WOJ": 22, "sev": 1, "c": [ 255, 255, 0, 160 ], "dmg": 1, "sli": 1, "ser": 0, "fat": 0, "row": 1, "mot": -1, "pie": -1, "uto": -1, "uwr": -1 }, "geometry": { "type": "Point", "coordinates": [ 18.610833, 54.381389 ] } },
{ "type": "Feature", "properties": { "ID": 110112484, "yr": 2021, "dt": "2021-04-07T09:35:40", "WOJ": 22, "sev": 1, "c": [ 255, 255, 0, 160 ], "dmg": 1, "sli": 1, "ser": 0, "fat": 0, "row": -1, "mot": -1, "pie": -1, "uto": -1, "uwr": -1 }, "geometry": { "type": "Point", "coordinates": [ 18.198333, 54.791833 ] } },
{ "type": "Feature", "properties": { "ID": 110117376, "yr": 2021, "dt": "2021-04-08T16:29:41", "WOJ": 22, "sev": 1, "c": [ 255, 255, 0, 160 ], "dmg": 1, "sli": 1, "ser": 0, "fat": 0, "row": 1, "mot": -1, "pie": -1, "uto": -1, "uwr": -1 }, "geometry": { "type": "Point", "coordinates": [ 18.610778, 54.349278 ] } },
{ "type": "Feature", "properties": { "ID": 110116345, "yr": 2021, "dt": "2021-04-08T14:23:52", "WOJ": 22, "sev": 1, "c": [ 255, 255, 0, 160 ], "dmg": 1, "sli": 1, "ser": 0, "fat": 0, "row": -1, "mot": -1, "pie": 1, "uto": -1, "uwr": -1 }, "geometry": { "type": "Point", "coordinates": [ 18.784306, 54.091806 ] } },
{ "type": "Feature", "properties": { "ID": 110116438, "yr": 2021, "dt": "2021-04-08T15:40:00", "WOJ": 22, "sev": 1, "c": [ 255, 255, 0, 160 ], "dmg": 1, "sli": 1, "ser": 0, "fat": 0, "row": -1, "mot": -1, "pie": -1, "uto": -1, "uwr": -1 }, "geometry": { "type": "Point", "coordinates": [ 18.5835, 54.357417 ] } },
{ "type": "Feature", "properties": { "ID": 110116424, "yr": 2021, "dt": "2021-04-08T15:59:00", "WOJ": 22, "sev": 1, "c": [ 255, 255, 0, 160 ], "dmg": 1, "sli": 1, "ser": 0, "fat": 0, "row": -1, "mot": -1, "pie": -1, "uto": -1, "uwr": -1 }, "geometry": { "type": "Point", "coordinates": [ 18.583833, 54.357667 ] } },
{ "type": "Feature", "properties": { "ID": 110116437, "yr": 2021, "dt": "2021-04-08T17:05:00", "WOJ": 22, "sev": 1, "c": [ 255, 255, 0, 160 ], "dmg": 1, "sli": 1, "ser": 0, "fat": 0, "row": 1, "mot": -1, "pie": -1, "uto": -1, "uwr": -1 }, "geometry": { "type": "Point", "coordinates": [ 17.047972, 54.460722 ] } },
{ "type": "Feature", "properties": { "ID": 110120342, "yr": 2021, "dt": "2021-04-10T12:28:30", "WOJ": 22, "sev": 1, "c": [ 255, 255, 0, 160 ], "dmg": 2, "sli": 1, "ser": 0, "fat": 0, "row": -1, "mot": -1, "pie": -1, "uto": -1, "uwr": -1 }, "geometry": { "type": "Point", "coordinates": [ 18.365917, 54.226472 ] } },
{ "type": "Feature", "properties": { "ID": 110098426, "yr": 2021, "dt": "2021-04-02T10:32:07", "WOJ": 22, "sev": 1, "c": [ 255, 255, 0, 160 ], "dmg": 2, "sli": 2, "ser": 0, "fat": 0, "row": -1, "mot": -1, "pie": -1, "uto": -1, "uwr": -1 }, "geometry": { "type": "Point", "coordinates": [ 17.664556, 54.50825 ] } },
{ "type": "Feature", "properties": { "ID": 110100163, "yr": 2021, "dt": "2021-04-02T05:55:00", "WOJ": 22, "sev": 1, "c": [ 255, 255, 0, 160 ], "dmg": 0, "sli": 1, "ser": 0, "fat": 0, "row": -1, "mot": -1, "pie": -1, "uto": -1, "uwr": -1 }, "geometry": { "type": "Point", "coordinates": [ 17.882222, 53.776111 ] } },
{ "type": "Feature", "properties": { "ID": 110102414, "yr": 2021, "dt": "2021-04-03T22:16:00", "WOJ": 22, "sev": 1, "c": [ 255, 255, 0, 160 ], "dmg": 1, "sli": 1, "ser": 0, "fat": 0, "row": -1, "mot": -1, "pie": 1, "uto": -1, "uwr": -1 }, "geometry": { "type": "Point", "coordinates": [ 18.2865, 54.604028 ] } },
{ "type": "Feature", "properties": { "ID": 110101626, "yr": 2021, "dt": "2021-04-03T19:20:00", "WOJ": 22, "sev": 1, "c": [ 255, 255, 0, 160 ], "dmg": 0, "sli": 1, "ser": 0, "fat": 0, "row": -1, "mot": -1, "pie": -1, "uto": -1, "uwr": -1 }, "geometry": { "type": "Point", "coordinates": [ 18.704361, 54.317083 ] } },
{ "type": "Feature", "properties": { "ID": 110101345, "yr": 2021, "dt": "2021-04-03T11:58:16", "WOJ": 22, "sev": 1, "c": [ 255, 255, 0, 160 ], "dmg": 0, "sli": 1, "ser": 0, "fat": 0, "row": -1, "mot": -1, "pie": -1, "uto": -1, "uwr": -1 }, "geometry": { "type": "Point", "coordinates": [ 17.808417, 53.760056 ] } },
{ "type": "Feature", "properties": { "ID": 113755265, "yr": 2021, "dt": "2021-12-01T19:45:48", "WOJ": 22, "sev": 1, "c": [ 255, 255, 0, 160 ], "dmg": 1, "sli": 1, "ser": 0, "fat": 0, "row": -1, "mot": -1, "pie": 1, "uto": -1, "uwr": -1 }, "geometry": { "type": "Point", "coordinates": [ 18.644111, 54.261194 ] } },
{ "type": "Feature", "properties": { "ID": 113555978, "yr": 2021, "dt": "2021-11-27T11:02:17", "WOJ": 22, "sev": 1, "c": [ 255, 255, 0, 160 ], "dmg": 1, "sli": 1, "ser": 0, "fat": 0, "row": -1, "mot": -1, "pie": -1, "uto": -1, "uwr": -1 }, "geometry": { "type": "Point", "coordinates": [ 19.027917, 54.048694 ] } },
{ "type": "Feature", "properties": { "ID": 113556002, "yr": 2021, "dt": "2021-11-27T10:52:24", "WOJ": 22, "sev": 1, "c": [ 255, 255, 0, 160 ], "dmg": 2, "sli": 1, "ser": 0, "fat": 0, "row": -1, "mot": -1, "pie": -1, "uto": -1, "uwr": -1 }, "geometry": { "type": "Point", "coordinates": [ 18.088167, 54.581278 ] } },
{ "type": "Feature", "properties": { "ID": 113554858, "yr": 2021, "dt": "2021-11-27T07:05:00", "WOJ": 22, "sev": 1, "c": [ 255, 255, 0, 160 ], "dmg": 2, "sli": 1, "ser": 0, "fat": 0, "row": -1, "mot": -1, "pie": -1, "uto": -1, "uwr": -1 }, "geometry": { "type": "Point", "coordinates": [ 18.592944, 54.337111 ] } },
{ "type": "Feature", "properties": { "ID": 113556734, "yr": 2021, "dt": "2021-11-28T16:59:07", "WOJ": 22, "sev": 1, "c": [ 255, 255, 0, 160 ], "dmg": 0, "sli": 1, "ser": 0, "fat": 0, "row": -1, "mot": -1, "pie": -1, "uto": -1, "uwr": -1 }, "geometry": { "type": "Point", "coordinates": [ 17.547861, 54.21025 ] } },
{ "type": "Feature", "properties": { "ID": 113637821, "yr": 2021, "dt": "2021-11-29T14:56:31", "WOJ": 22, "sev": 1, "c": [ 255, 255, 0, 160 ], "dmg": 1, "sli": 2, "ser": 0, "fat": 0, "row": -1, "mot": -1, "pie": -1, "uto": -1, "uwr": -1 }, "geometry": { "type": "Point", "coordinates": [ 18.767306, 53.989278 ] } },
{ "type": "Feature", "properties": { "ID": 113618266, "yr": 2021, "dt": "2021-11-29T16:26:00", "WOJ": 22, "sev": 1, "c": [ 255, 255, 0, 160 ], "dmg": 1, "sli": 1, "ser": 0, "fat": 0, "row": -1, "mot": -1, "pie": 1, "uto": -1, "uwr": -1 }, "geometry": { "type": "Point", "coordinates": [ 18.92975, 53.7325 ] } },
{ "type": "Feature", "properties": { "ID": 113618318, "yr": 2021, "dt": "2021-11-29T17:10:54", "WOJ": 22, "sev": 1, "c": [ 255, 255, 0, 160 ], "dmg": 1, "sli": 1, "ser": 0, "fat": 0, "row": -1, "mot": -1, "pie": 1, "uto": -1, "uwr": -1 }, "geometry": { "type": "Point", "coordinates": [ 18.403278, 54.790667 ] } },
{ "type": "Feature", "properties": { "ID": 113498617, "yr": 2021, "dt": "2021-11-23T17:28:20", "WOJ": 22, "sev": 1, "c": [ 255, 255, 0, 160 ], "dmg": 0, "sli": 1, "ser": 0, "fat": 0, "row": -1, "mot": -1, "pie": -1, "uto": -1, "uwr": -1 }, "geometry": { "type": "Point", "coordinates": [ 18.881335, 54.009132 ] } },
{ "type": "Feature", "properties": { "ID": 113498205, "yr": 2021, "dt": "2021-11-23T02:20:00", "WOJ": 22, "sev": 1, "c": [ 255, 255, 0, 160 ], "dmg": 0, "sli": 1, "ser": 0, "fat": 0, "row": -1, "mot": -1, "pie": -1, "uto": -1, "uwr": -1 }, "geometry": { "type": "Point", "coordinates": [ 18.699222, 54.358889 ] } },
{ "type": "Feature", "properties": { "ID": 113497373, "yr": 2021, "dt": "2021-11-23T11:39:37", "WOJ": 22, "sev": 1, "c": [ 255, 255, 0, 160 ], "dmg": 1, "sli": 1, "ser": 0, "fat": 0, "row": -1, "mot": -1, "pie": -1, "uto": -1, "uwr": -1 }, "geometry": { "type": "Point", "coordinates": [ 18.411333, 54.565139 ] } },
{ "type": "Feature", "properties": { "ID": 113505846, "yr": 2021, "dt": "2021-11-24T07:35:27", "WOJ": 22, "sev": 1, "c": [ 255, 255, 0, 160 ], "dmg": 1, "sli": 1, "ser": 0, "fat": 0, "row": 1, "mot": -1, "pie": -1, "uto": -1, "uwr": -1 }, "geometry": { "type": "Point", "coordinates": [ 18.582333, 54.195722 ] } },
{ "type": "Feature", "properties": { "ID": 110123243, "yr": 2021, "dt": "2021-04-13T10:35:00", "WOJ": 22, "sev": 1, "c": [ 255, 255, 0, 160 ], "dmg": 1, "sli": 1, "ser": 0, "fat": 0, "row": -1, "mot": -1, "pie": 1, "uto": -1, "uwr": -1 }, "geometry": { "type": "Point", "coordinates": [ 18.413917, 54.569778 ] } },
{ "type": "Feature", "properties": { "ID": 110123877, "yr": 2021, "dt": "2021-04-14T13:30:00", "WOJ": 22, "sev": 1, "c": [ 255, 255, 0, 160 ], "dmg": 1, "sli": 1, "ser": 0, "fat": 0, "row": -1, "mot": -1, "pie": -1, "uto": -1, "uwr": -1 }, "geometry": { "type": "Point", "coordinates": [ 17.593806, 53.714667 ] } },
{ "type": "Feature", "properties": { "ID": 110125760, "yr": 2021, "dt": "2021-04-15T09:20:00", "WOJ": 22, "sev": 1, "c": [ 255, 255, 0, 160 ], "dmg": 1, "sli": 1, "ser": 0, "fat": 0, "row": -1, "mot": -1, "pie": -1, "uto": -1, "uwr": -1 }, "geometry": { "type": "Point", "coordinates": [ 18.637778, 54.381944 ] } },
{ "type": "Feature", "properties": { "ID": 110125879, "yr": 2021, "dt": "2021-04-15T13:17:45", "WOJ": 22, "sev": 1, "c": [ 255, 255, 0, 160 ], "dmg": 1, "sli": 1, "ser": 0, "fat": 0, "row": -1, "mot": -1, "pie": -1, "uto": -1, "uwr": -1 }, "geometry": { "type": "Point", "coordinates": [ 18.418861, 54.790111 ] } },
{ "type": "Feature", "properties": { "ID": 110127665, "yr": 2021, "dt": "2021-04-16T08:08:34", "WOJ": 22, "sev": 1, "c": [ 255, 255, 0, 160 ], "dmg": 0, "sli": 1, "ser": 0, "fat": 0, "row": -1, "mot": 1, "pie": -1, "uto": -1, "uwr": -1 }, "geometry": { "type": "Point", "coordinates": [ 18.392167, 54.393722 ] } },
{ "type": "Feature", "properties": { "ID": 110129106, "yr": 2021, "dt": "2021-04-17T11:40:00", "WOJ": 22, "sev": 1, "c": [ 255, 255, 0, 160 ], "dmg": 1, "sli": 1, "ser": 0, "fat": 0, "row": 1, "mot": -1, "pie": -1, "uto": -1, "uwr": -1 }, "geometry": { "type": "Point", "coordinates": [ 18.482778, 54.469167 ] } },
{ "type": "Feature", "properties": { "ID": 110129973, "yr": 2021, "dt": "2021-04-18T19:37:47", "WOJ": 22, "sev": 1, "c": [ 255, 255, 0, 160 ], "dmg": 1, "sli": 1, "ser": 0, "fat": 0, "row": -1, "mot": -1, "pie": -1, "uto": -1, "uwr": -1 }, "geometry": { "type": "Point", "coordinates": [ 18.644556, 53.967056 ] } },
{ "type": "Feature", "properties": { "ID": 110129875, "yr": 2021, "dt": "2021-04-18T15:12:43", "WOJ": 22, "sev": 1, "c": [ 255, 255, 0, 160 ], "dmg": 1, "sli": 1, "ser": 0, "fat": 0, "row": -1, "mot": -1, "pie": -1, "uto": -1, "uwr": -1 }, "geometry": { "type": "Point", "coordinates": [ 18.158417, 53.990694 ] } },
{ "type": "Feature", "properties": { "ID": 110129895, "yr": 2021, "dt": "2021-04-18T13:32:00", "WOJ": 22, "sev": 1, "c": [ 255, 255, 0, 160 ], "dmg": 1, "sli": 2, "ser": 0, "fat": 0, "row": -1, "mot": -1, "pie": -1, "uto": -1, "uwr": -1 }, "geometry": { "type": "Point", "coordinates": [ 18.567306, 54.410306 ] } },
{ "type": "Feature", "properties": { "ID": 110136568, "yr": 2021, "dt": "2021-04-18T20:14:00", "WOJ": 22, "sev": 1, "c": [ 255, 255, 0, 160 ], "dmg": 0, "sli": 1, "ser": 0, "fat": 0, "row": -1, "mot": -1, "pie": -1, "uto": -1, "uwr": -1 }, "geometry": { "type": "Point", "coordinates": [ 18.548889, 54.514167 ] } },
{ "type": "Feature", "properties": { "ID": 110131185, "yr": 2021, "dt": "2021-04-18T00:30:00", "WOJ": 22, "sev": 1, "c": [ 255, 255, 0, 160 ], "dmg": 2, "sli": 1, "ser": 0, "fat": 0, "row": -1, "mot": -1, "pie": -1, "uto": -1, "uwr": -1 }, "geometry": { "type": "Point", "coordinates": [ 18.206111, 54.335333 ] } },
{ "type": "Feature", "properties": { "ID": 110131330, "yr": 2021, "dt": "2021-04-18T16:07:21", "WOJ": 22, "sev": 1, "c": [ 255, 255, 0, 160 ], "dmg": 1, "sli": 1, "ser": 0, "fat": 0, "row": -1, "mot": 1, "pie": -1, "uto": -1, "uwr": -1 }, "geometry": { "type": "Point", "coordinates": [ 18.796056, 54.334556 ] } },
{ "type": "Feature", "properties": { "ID": 110136844, "yr": 2021, "dt": "2021-04-19T12:40:00", "WOJ": 22, "sev": 1, "c": [ 255, 255, 0, 160 ], "dmg": 1, "sli": 1, "ser": 0, "fat": 0, "row": -1, "mot": -1, "pie": 1, "uto": -1, "uwr": -1 }, "geometry": { "type": "Point", "coordinates": [ 17.02775, 54.467194 ] } },
{ "type": "Feature", "properties": { "ID": 110132520, "yr": 2021, "dt": "2021-04-19T16:20:00", "WOJ": 22, "sev": 1, "c": [ 255, 255, 0, 160 ], "dmg": 1, "sli": 1, "ser": 0, "fat": 0, "row": -1, "mot": -1, "pie": -1, "uto": -1, "uwr": -1 }, "geometry": { "type": "Point", "coordinates": [ 18.481, 54.412472 ] } },
{ "type": "Feature", "properties": { "ID": 110121448, "yr": 2021, "dt": "2021-04-11T22:33:00", "WOJ": 22, "sev": 1, "c": [ 255, 255, 0, 160 ], "dmg": 1, "sli": 1, "ser": 0, "fat": 0, "row": -1, "mot": -1, "pie": 1, "uto": -1, "uwr": -1 }, "geometry": { "type": "Point", "coordinates": [ 18.397667, 54.567917 ] } },
{ "type": "Feature", "properties": { "ID": 110121464, "yr": 2021, "dt": "2021-04-11T17:38:00", "WOJ": 22, "sev": 1, "c": [ 255, 255, 0, 160 ], "dmg": 1, "sli": 1, "ser": 0, "fat": 0, "row": -1, "mot": -1, "pie": 1, "uto": -1, "uwr": -1 }, "geometry": { "type": "Point", "coordinates": [ 18.507611, 53.871583 ] } },
{ "type": "Feature", "properties": { "ID": 110120913, "yr": 2021, "dt": "2021-04-11T14:46:00", "WOJ": 22, "sev": 1, "c": [ 255, 255, 0, 160 ], "dmg": 2, "sli": 1, "ser": 0, "fat": 0, "row": -1, "mot": -1, "pie": -1, "uto": -1, "uwr": -1 }, "geometry": { "type": "Point", "coordinates": [ 17.745278, 54.541667 ] } },
{ "type": "Feature", "properties": { "ID": 110120836, "yr": 2021, "dt": "2021-04-11T15:36:00", "WOJ": 22, "sev": 1, "c": [ 255, 255, 0, 160 ], "dmg": 1, "sli": 1, "ser": 0, "fat": 0, "row": 1, "mot": -1, "pie": -1, "uto": -1, "uwr": -1 }, "geometry": { "type": "Point", "coordinates": [ 18.136361, 54.563556 ] } },
{ "type": "Feature", "properties": { "ID": 110122276, "yr": 2021, "dt": "2021-04-12T09:41:05", "WOJ": 22, "sev": 1, "c": [ 255, 255, 0, 160 ], "dmg": 1, "sli": 1, "ser": 0, "fat": 0, "row": -1, "mot": -1, "pie": -1, "uto": -1, "uwr": -1 }, "geometry": { "type": "Point", "coordinates": [ 19.021667, 54.031167 ] } },
{ "type": "Feature", "properties": { "ID": 110123399, "yr": 2021, "dt": "2021-04-13T13:41:18", "WOJ": 22, "sev": 1, "c": [ 255, 255, 0, 160 ], "dmg": 1, "sli": 2, "ser": 0, "fat": 0, "row": -1, "mot": -1, "pie": -1, "uto": -1, "uwr": -1 }, "geometry": { "type": "Point", "coordinates": [ 17.371806, 54.123389 ] } },
{ "type": "Feature", "properties": { "ID": 113527523, "yr": 2021, "dt": "2021-11-26T18:12:14", "WOJ": 22, "sev": 1, "c": [ 255, 255, 0, 160 ], "dmg": 0, "sli": 2, "ser": 0, "fat": 0, "row": -1, "mot": -1, "pie": -1, "uto": -1, "uwr": -1 }, "geometry": { "type": "Point", "coordinates": [ 17.943207, 54.106826 ] } },
{ "type": "Feature", "properties": { "ID": 113511207, "yr": 2021, "dt": "2021-11-24T22:03:36", "WOJ": 22, "sev": 1, "c": [ 255, 255, 0, 160 ], "dmg": 1, "sli": 1, "ser": 0, "fat": 0, "row": -1, "mot": -1, "pie": 1, "uto": -1, "uwr": -1 }, "geometry": { "type": "Point", "coordinates": [ 17.745333, 54.539361 ] } },
{ "type": "Feature", "properties": { "ID": 113511072, "yr": 2021, "dt": "2021-11-24T17:22:19", "WOJ": 22, "sev": 1, "c": [ 255, 255, 0, 160 ], "dmg": 0, "sli": 4, "ser": 0, "fat": 0, "row": -1, "mot": -1, "pie": -1, "uto": -1, "uwr": -1 }, "geometry": { "type": "Point", "coordinates": [ 18.653444, 54.266611 ] } },
{ "type": "Feature", "properties": { "ID": 113511142, "yr": 2021, "dt": "2021-11-24T17:55:00", "WOJ": 22, "sev": 1, "c": [ 255, 255, 0, 160 ], "dmg": 1, "sli": 1, "ser": 0, "fat": 0, "row": -1, "mot": -1, "pie": 1, "uto": -1, "uwr": -1 }, "geometry": { "type": "Point", "coordinates": [ 18.564556, 54.397111 ] } },
{ "type": "Feature", "properties": { "ID": 113497787, "yr": 2021, "dt": "2021-11-24T03:35:00", "WOJ": 22, "sev": 1, "c": [ 255, 255, 0, 160 ], "dmg": 1, "sli": 1, "ser": 0, "fat": 0, "row": -1, "mot": -1, "pie": -1, "uto": -1, "uwr": -1 }, "geometry": { "type": "Point", "coordinates": [ 18.638028, 54.28975 ] } },
{ "type": "Feature", "properties": { "ID": 113527007, "yr": 2021, "dt": "2021-11-24T18:20:00", "WOJ": 22, "sev": 1, "c": [ 255, 255, 0, 160 ], "dmg": 1, "sli": 1, "ser": 0, "fat": 0, "row": -1, "mot": -1, "pie": 1, "uto": -1, "uwr": -1 }, "geometry": { "type": "Point", "coordinates": [ 18.927611, 53.74 ] } },
{ "type": "Feature", "properties": { "ID": 113526025, "yr": 2021, "dt": "2021-11-25T17:15:00", "WOJ": 22, "sev": 1, "c": [ 255, 255, 0, 160 ], "dmg": 1, "sli": 1, "ser": 0, "fat": 0, "row": -1, "mot": -1, "pie": -1, "uto": -1, "uwr": -1 }, "geometry": { "type": "Point", "coordinates": [ 18.615889, 54.349028 ] } },
{ "type": "Feature", "properties": { "ID": 113486874, "yr": 2021, "dt": "2021-11-20T10:40:58", "WOJ": 22, "sev": 1, "c": [ 255, 255, 0, 160 ], "dmg": 1, "sli": 1, "ser": 0, "fat": 0, "row": -1, "mot": 1, "pie": -1, "uto": -1, "uwr": -1 }, "geometry": { "type": "Point", "coordinates": [ 18.198833, 54.276833 ] } },
{ "type": "Feature", "properties": { "ID": 113486963, "yr": 2021, "dt": "2021-11-20T16:26:09", "WOJ": 22, "sev": 1, "c": [ 255, 255, 0, 160 ], "dmg": 2, "sli": 1, "ser": 0, "fat": 0, "row": -1, "mot": -1, "pie": -1, "uto": -1, "uwr": -1 }, "geometry": { "type": "Point", "coordinates": [ 18.637917, 54.27 ] } },
{ "type": "Feature", "properties": { "ID": 115719818, "yr": 2021, "dt": "2021-11-21T16:15:00", "WOJ": 22, "sev": 1, "c": [ 255, 255, 0, 160 ], "dmg": 1, "sli": 1, "ser": 0, "fat": 0, "row": -1, "mot": -1, "pie": -1, "uto": -1, "uwr": -1 }, "geometry": { "type": "Point", "coordinates": [ 18.169167, 54.184444 ] } },
{ "type": "Feature", "properties": { "ID": 110137741, "yr": 2021, "dt": "2021-04-22T07:50:00", "WOJ": 22, "sev": 1, "c": [ 255, 255, 0, 160 ], "dmg": 1, "sli": 1, "ser": 0, "fat": 0, "row": 1, "mot": -1, "pie": -1, "uto": -1, "uwr": -1 }, "geometry": { "type": "Point", "coordinates": [ 18.614611, 54.376083 ] } },
{ "type": "Feature", "properties": { "ID": 110137681, "yr": 2021, "dt": "2021-04-22T07:22:13", "WOJ": 22, "sev": 1, "c": [ 255, 255, 0, 160 ], "dmg": 1, "sli": 1, "ser": 0, "fat": 0, "row": -1, "mot": -1, "pie": 1, "uto": -1, "uwr": -1 }, "geometry": { "type": "Point", "coordinates": [ 18.651806, 54.261194 ] } },
{ "type": "Feature", "properties": { "ID": 110139223, "yr": 2021, "dt": "2021-04-22T16:40:00", "WOJ": 22, "sev": 1, "c": [ 255, 255, 0, 160 ], "dmg": 1, "sli": 1, "ser": 0, "fat": 0, "row": -1, "mot": -1, "pie": 1, "uto": -1, "uwr": -1 }, "geometry": { "type": "Point", "coordinates": [ 18.536861, 54.482833 ] } },
{ "type": "Feature", "properties": { "ID": 110139450, "yr": 2021, "dt": "2021-04-22T20:40:57", "WOJ": 22, "sev": 1, "c": [ 255, 255, 0, 160 ], "dmg": 1, "sli": 2, "ser": 0, "fat": 0, "row": -1, "mot": -1, "pie": -1, "uto": -1, "uwr": -1 }, "geometry": { "type": "Point", "coordinates": [ 18.602444, 54.266889 ] } },
{ "type": "Feature", "properties": { "ID": 110140834, "yr": 2021, "dt": "2021-04-23T14:55:00", "WOJ": 22, "sev": 1, "c": [ 255, 255, 0, 160 ], "dmg": 1, "sli": 1, "ser": 0, "fat": 0, "row": -1, "mot": -1, "pie": -1, "uto": -1, "uwr": -1 }, "geometry": { "type": "Point", "coordinates": [ 18.593278, 54.319722 ] } },
{ "type": "Feature", "properties": { "ID": 110140864, "yr": 2021, "dt": "2021-04-23T16:14:11", "WOJ": 22, "sev": 1, "c": [ 255, 255, 0, 160 ], "dmg": 1, "sli": 1, "ser": 0, "fat": 0, "row": -1, "mot": -1, "pie": -1, "uto": -1, "uwr": -1 }, "geometry": { "type": "Point", "coordinates": [ 17.992, 54.959583 ] } },
{ "type": "Feature", "properties": { "ID": 110128740, "yr": 2021, "dt": "2021-04-16T17:23:00", "WOJ": 22, "sev": 1, "c": [ 255, 255, 0, 160 ], "dmg": 0, "sli": 1, "ser": 0, "fat": 0, "row": 1, "mot": -1, "pie": -1, "uto": -1, "uwr": -1 }, "geometry": { "type": "Point", "coordinates": [ 18.609111, 54.257333 ] } },
{ "type": "Feature", "properties": { "ID": 110144373, "yr": 2021, "dt": "2021-04-26T07:31:37", "WOJ": 22, "sev": 1, "c": [ 255, 255, 0, 160 ], "dmg": 2, "sli": 1, "ser": 0, "fat": 0, "row": -1, "mot": -1, "pie": -1, "uto": -1, "uwr": -1 }, "geometry": { "type": "Point", "coordinates": [ 17.284667, 54.072333 ] } },
{ "type": "Feature", "properties": { "ID": 110148367, "yr": 2021, "dt": "2021-04-27T13:45:59", "WOJ": 22, "sev": 1, "c": [ 255, 255, 0, 160 ], "dmg": 1, "sli": 1, "ser": 0, "fat": 0, "row": 1, "mot": -1, "pie": -1, "uto": -1, "uwr": -1 }, "geometry": { "type": "Point", "coordinates": [ 18.588806, 54.364278 ] } },
{ "type": "Feature", "properties": { "ID": 110149046, "yr": 2021, "dt": "2021-04-28T10:45:00", "WOJ": 22, "sev": 1, "c": [ 255, 255, 0, 160 ], "dmg": 1, "sli": 1, "ser": 0, "fat": 0, "row": -1, "mot": -1, "pie": 1, "uto": -1, "uwr": -1 }, "geometry": { "type": "Point", "coordinates": [ 17.006278, 54.474139 ] } },
{ "type": "Feature", "properties": { "ID": 110149320, "yr": 2021, "dt": "2021-04-28T14:35:09", "WOJ": 22, "sev": 1, "c": [ 255, 255, 0, 160 ], "dmg": 1, "sli": 2, "ser": 0, "fat": 0, "row": -1, "mot": -1, "pie": -1, "uto": -1, "uwr": -1 }, "geometry": { "type": "Point", "coordinates": [ 18.164333, 53.870639 ] } },
{ "type": "Feature", "properties": { "ID": 110150155, "yr": 2021, "dt": "2021-04-28T13:45:00", "WOJ": 22, "sev": 1, "c": [ 255, 255, 0, 160 ], "dmg": 1, "sli": 1, "ser": 0, "fat": 0, "row": -1, "mot": -1, "pie": 1, "uto": -1, "uwr": -1 }, "geometry": { "type": "Point", "coordinates": [ 18.631194, 54.324222 ] } },
{ "type": "Feature", "properties": { "ID": 110148087, "yr": 2021, "dt": "2021-04-28T12:49:00", "WOJ": 22, "sev": 1, "c": [ 255, 255, 0, 160 ], "dmg": 0, "sli": 1, "ser": 0, "fat": 0, "row": -1, "mot": 1, "pie": -1, "uto": -1, "uwr": -1 }, "geometry": { "type": "Point", "coordinates": [ 18.204, 54.316222 ] } },
{ "type": "Feature", "properties": { "ID": 110149382, "yr": 2021, "dt": "2021-04-28T16:18:53", "WOJ": 22, "sev": 1, "c": [ 255, 255, 0, 160 ], "dmg": 1, "sli": 1, "ser": 0, "fat": 0, "row": 1, "mot": -1, "pie": -1, "uto": -1, "uwr": -1 }, "geometry": { "type": "Point", "coordinates": [ 17.555472, 54.756083 ] } },
{ "type": "Feature", "properties": { "ID": 110151270, "yr": 2021, "dt": "2021-04-29T07:15:15", "WOJ": 22, "sev": 1, "c": [ 255, 255, 0, 160 ], "dmg": 1, "sli": 1, "ser": 0, "fat": 0, "row": -1, "mot": -1, "pie": -1, "uto": -1, "uwr": -1 }, "geometry": { "type": "Point", "coordinates": [ 18.7675, 54.096778 ] } },
{ "type": "Feature", "properties": { "ID": 110155234, "yr": 2021, "dt": "2021-04-29T17:26:41", "WOJ": 22, "sev": 1, "c": [ 255, 255, 0, 160 ], "dmg": 2, "sli": 1, "ser": 0, "fat": 0, "row": -1, "mot": -1, "pie": -1, "uto": -1, "uwr": -1 }, "geometry": { "type": "Point", "coordinates": [ 17.522667, 54.2045 ] } },
{ "type": "Feature", "properties": { "ID": 110132617, "yr": 2021, "dt": "2021-04-19T17:53:00", "WOJ": 22, "sev": 1, "c": [ 255, 255, 0, 160 ], "dmg": 1, "sli": 1, "ser": 0, "fat": 0, "row": -1, "mot": -1, "pie": 1, "uto": -1, "uwr": -1 }, "geometry": { "type": "Point", "coordinates": [ 18.808417, 54.091194 ] } },
{ "type": "Feature", "properties": { "ID": 110133717, "yr": 2021, "dt": "2021-04-20T15:03:00", "WOJ": 22, "sev": 1, "c": [ 255, 255, 0, 160 ], "dmg": 2, "sli": 1, "ser": 0, "fat": 0, "row": -1, "mot": -1, "pie": -1, "uto": -1, "uwr": -1 }, "geometry": { "type": "Point", "coordinates": [ 18.115583, 53.766639 ] } },
{ "type": "Feature", "properties": { "ID": 110133386, "yr": 2021, "dt": "2021-04-20T08:57:24", "WOJ": 22, "sev": 1, "c": [ 255, 255, 0, 160 ], "dmg": 1, "sli": 2, "ser": 0, "fat": 0, "row": -1, "mot": -1, "pie": -1, "uto": -1, "uwr": -1 }, "geometry": { "type": "Point", "coordinates": [ 18.760944, 54.032083 ] } },
{ "type": "Feature", "properties": { "ID": 110137213, "yr": 2021, "dt": "2021-04-21T13:00:57", "WOJ": 22, "sev": 1, "c": [ 255, 255, 0, 160 ], "dmg": 0, "sli": 1, "ser": 0, "fat": 0, "row": 1, "mot": -1, "pie": -1, "uto": -1, "uwr": -1 }, "geometry": { "type": "Point", "coordinates": [ 18.290028, 54.697278 ] } },
{ "type": "Feature", "properties": { "ID": 110136976, "yr": 2021, "dt": "2021-04-21T14:46:25", "WOJ": 22, "sev": 1, "c": [ 255, 255, 0, 160 ], "dmg": 1, "sli": 1, "ser": 0, "fat": 0, "row": -1, "mot": -1, "pie": -1, "uto": -1, "uwr": -1 }, "geometry": { "type": "Point", "coordinates": [ 19.198278, 53.755306 ] } },
{ "type": "Feature", "properties": { "ID": 110136791, "yr": 2021, "dt": "2021-04-21T12:41:54", "WOJ": 22, "sev": 1, "c": [ 255, 255, 0, 160 ], "dmg": 2, "sli": 1, "ser": 0, "fat": 0, "row": -1, "mot": -1, "pie": -1, "uto": -1, "uwr": -1 }, "geometry": { "type": "Point", "coordinates": [ 18.678972, 54.184444 ] } },
{ "type": "Feature", "properties": { "ID": 113505923, "yr": 2021, "dt": "2021-11-24T07:10:00", "WOJ": 22, "sev": 1, "c": [ 255, 255, 0, 160 ], "dmg": 1, "sli": 1, "ser": 0, "fat": 0, "row": -1, "mot": -1, "pie": 1, "uto": -1, "uwr": -1 }, "geometry": { "type": "Point", "coordinates": [ 18.509139, 54.562667 ] } },
{ "type": "Feature", "properties": { "ID": 110174586, "yr": 2021, "dt": "2021-05-07T15:10:00", "WOJ": 22, "sev": 1, "c": [ 255, 255, 0, 160 ], "dmg": 1, "sli": 1, "ser": 0, "fat": 0, "row": -1, "mot": -1, "pie": -1, "uto": -1, "uwr": -1 }, "geometry": { "type": "Point", "coordinates": [ 18.626056, 54.263583 ] } },
{ "type": "Feature", "properties": { "ID": 110169100, "yr": 2021, "dt": "2021-05-07T11:25:49", "WOJ": 22, "sev": 1, "c": [ 255, 255, 0, 160 ], "dmg": 0, "sli": 2, "ser": 0, "fat": 0, "row": -1, "mot": -1, "pie": -1, "uto": -1, "uwr": -1 }, "geometry": { "type": "Point", "coordinates": [ 18.385833, 54.717472 ] } },
{ "type": "Feature", "properties": { "ID": 110172027, "yr": 2021, "dt": "2021-05-08T17:55:00", "WOJ": 22, "sev": 1, "c": [ 255, 255, 0, 160 ], "dmg": 1, "sli": 1, "ser": 0, "fat": 0, "row": 1, "mot": -1, "pie": -1, "uto": -1, "uwr": -1 }, "geometry": { "type": "Point", "coordinates": [ 18.60275, 54.387194 ] } },
{ "type": "Feature", "properties": { "ID": 110153692, "yr": 2021, "dt": "2021-04-29T18:59:38", "WOJ": 22, "sev": 1, "c": [ 255, 255, 0, 160 ], "dmg": 2, "sli": 1, "ser": 0, "fat": 0, "row": -1, "mot": -1, "pie": -1, "uto": -1, "uwr": -1 }, "geometry": { "type": "Point", "coordinates": [ 18.545806, 54.155667 ] } },
{ "type": "Feature", "properties": { "ID": 110163278, "yr": 2021, "dt": "2021-04-30T17:45:00", "WOJ": 22, "sev": 1, "c": [ 255, 255, 0, 160 ], "dmg": 1, "sli": 1, "ser": 0, "fat": 0, "row": -1, "mot": -1, "pie": 1, "uto": -1, "uwr": -1 }, "geometry": { "type": "Point", "coordinates": [ 17.556667, 53.694444 ] } },
{ "type": "Feature", "properties": { "ID": 110155905, "yr": 2021, "dt": "2021-04-30T13:36:53", "WOJ": 22, "sev": 1, "c": [ 255, 255, 0, 160 ], "dmg": 1, "sli": 1, "ser": 0, "fat": 0, "row": -1, "mot": -1, "pie": -1, "uto": -1, "uwr": -1 }, "geometry": { "type": "Point", "coordinates": [ 18.763944, 54.092333 ] } },
{ "type": "Feature", "properties": { "ID": 110173630, "yr": 2021, "dt": "2021-04-30T15:57:00", "WOJ": 22, "sev": 1, "c": [ 255, 255, 0, 160 ], "dmg": 0, "sli": 1, "ser": 0, "fat": 0, "row": -1, "mot": 1, "pie": -1, "uto": -1, "uwr": -1 }, "geometry": { "type": "Point", "coordinates": [ 17.271611, 53.702889 ] } },
{ "type": "Feature", "properties": { "ID": 110157155, "yr": 2021, "dt": "2021-04-30T11:46:51", "WOJ": 22, "sev": 1, "c": [ 255, 255, 0, 160 ], "dmg": 1, "sli": 1, "ser": 0, "fat": 0, "row": 1, "mot": -1, "pie": -1, "uto": -1, "uwr": -1 }, "geometry": { "type": "Point", "coordinates": [ 18.579861, 54.377972 ] } },
{ "type": "Feature", "properties": { "ID": 110158714, "yr": 2021, "dt": "2021-05-01T15:25:58", "WOJ": 22, "sev": 1, "c": [ 255, 255, 0, 160 ], "dmg": 0, "sli": 1, "ser": 0, "fat": 0, "row": -1, "mot": -1, "pie": -1, "uto": -1, "uwr": -1 }, "geometry": { "type": "Point", "coordinates": [ 18.309639, 54.812861 ] } },
{ "type": "Feature", "properties": { "ID": 110158719, "yr": 2021, "dt": "2021-05-01T15:40:00", "WOJ": 22, "sev": 1, "c": [ 255, 255, 0, 160 ], "dmg": 1, "sli": 1, "ser": 0, "fat": 0, "row": 1, "mot": -1, "pie": -1, "uto": -1, "uwr": -1 }, "geometry": { "type": "Point", "coordinates": [ 18.605167, 54.224889 ] } },
{ "type": "Feature", "properties": { "ID": 110158820, "yr": 2021, "dt": "2021-05-01T20:42:43", "WOJ": 22, "sev": 1, "c": [ 255, 255, 0, 160 ], "dmg": 1, "sli": 1, "ser": 0, "fat": 0, "row": -1, "mot": -1, "pie": -1, "uto": -1, "uwr": -1 }, "geometry": { "type": "Point", "coordinates": [ 17.546222, 53.697639 ] } },
{ "type": "Feature", "properties": { "ID": 110158788, "yr": 2021, "dt": "2021-05-01T15:48:00", "WOJ": 22, "sev": 1, "c": [ 255, 255, 0, 160 ], "dmg": 0, "sli": 1, "ser": 0, "fat": 0, "row": -1, "mot": -1, "pie": -1, "uto": -1, "uwr": -1 }, "geometry": { "type": "Point", "coordinates": [ 18.4925, 54.175861 ] } },
{ "type": "Feature", "properties": { "ID": 110160637, "yr": 2021, "dt": "2021-05-03T03:37:00", "WOJ": 22, "sev": 1, "c": [ 255, 255, 0, 160 ], "dmg": 0, "sli": 2, "ser": 0, "fat": 0, "row": -1, "mot": -1, "pie": -1, "uto": -1, "uwr": -1 }, "geometry": { "type": "Point", "coordinates": [ 17.537889, 54.093667 ] } },
{ "type": "Feature", "properties": { "ID": 110140445, "yr": 2021, "dt": "2021-04-23T09:10:00", "WOJ": 22, "sev": 1, "c": [ 255, 255, 0, 160 ], "dmg": 1, "sli": 1, "ser": 0, "fat": 0, "row": 1, "mot": -1, "pie": -1, "uto": -1, "uwr": -1 }, "geometry": { "type": "Point", "coordinates": [ 16.854861, 54.577917 ] } },
{ "type": "Feature", "properties": { "ID": 110143308, "yr": 2021, "dt": "2021-04-24T17:12:00", "WOJ": 22, "sev": 1, "c": [ 255, 255, 0, 160 ], "dmg": 0, "sli": 1, "ser": 0, "fat": 0, "row": -1, "mot": 1, "pie": -1, "uto": -1, "uwr": -1 }, "geometry": { "type": "Point", "coordinates": [ 17.515583, 54.187639 ] } },
{ "type": "Feature", "properties": { "ID": 110143212, "yr": 2021, "dt": "2021-04-24T17:40:00", "WOJ": 22, "sev": 1, "c": [ 255, 255, 0, 160 ], "dmg": 1, "sli": 1, "ser": 0, "fat": 0, "row": -1, "mot": -1, "pie": -1, "uto": -1, "uwr": -1 }, "geometry": { "type": "Point", "coordinates": [ 18.591556, 54.404111 ] } },
{ "type": "Feature", "properties": { "ID": 113519842, "yr": 2021, "dt": "2021-11-22T16:15:00", "WOJ": 22, "sev": 1, "c": [ 255, 255, 0, 160 ], "dmg": 1, "sli": 1, "ser": 0, "fat": 0, "row": -1, "mot": -1, "pie": 1, "uto": -1, "uwr": -1 }, "geometry": { "type": "Point", "coordinates": [ 17.772917, 53.860167 ] } },
{ "type": "Feature", "properties": { "ID": 113489117, "yr": 2021, "dt": "2021-11-22T05:32:45", "WOJ": 22, "sev": 1, "c": [ 255, 255, 0, 160 ], "dmg": 3, "sli": 2, "ser": 0, "fat": 0, "row": -1, "mot": -1, "pie": -1, "uto": -1, "uwr": -1 }, "geometry": { "type": "Point", "coordinates": [ 17.598194, 54.152083 ] } },
{ "type": "Feature", "properties": { "ID": 113498050, "yr": 2021, "dt": "2021-11-22T16:15:00", "WOJ": 22, "sev": 1, "c": [ 255, 255, 0, 160 ], "dmg": 1, "sli": 1, "ser": 0, "fat": 0, "row": -1, "mot": -1, "pie": -1, "uto": -1, "uwr": -1 }, "geometry": { "type": "Point", "coordinates": [ 18.616917, 54.334583 ] } },
{ "type": "Feature", "properties": { "ID": 113487460, "yr": 2021, "dt": "2021-11-22T07:11:31", "WOJ": 22, "sev": 1, "c": [ 255, 255, 0, 160 ], "dmg": 1, "sli": 1, "ser": 0, "fat": 0, "row": -1, "mot": -1, "pie": 1, "uto": -1, "uwr": -1 }, "geometry": { "type": "Point", "coordinates": [ 18.626167, 54.227861 ] } },
{ "type": "Feature", "properties": { "ID": 116227819, "yr": 2021, "dt": "2021-11-22T09:35:00", "WOJ": 22, "sev": 1, "c": [ 255, 255, 0, 160 ], "dmg": 1, "sli": 1, "ser": 0, "fat": 0, "row": -1, "mot": -1, "pie": 1, "uto": -1, "uwr": -1 }, "geometry": { "type": "Point", "coordinates": [ 19.032278, 54.037611 ] } },
{ "type": "Feature", "properties": { "ID": 113494862, "yr": 2021, "dt": "2021-11-22T06:56:41", "WOJ": 22, "sev": 1, "c": [ 255, 255, 0, 160 ], "dmg": 1, "sli": 1, "ser": 0, "fat": 0, "row": -1, "mot": -1, "pie": -1, "uto": -1, "uwr": -1 }, "geometry": { "type": "Point", "coordinates": [ 18.573056, 54.300861 ] } },
{ "type": "Feature", "properties": { "ID": 113473755, "yr": 2021, "dt": "2021-11-18T16:10:00", "WOJ": 22, "sev": 1, "c": [ 255, 255, 0, 160 ], "dmg": 1, "sli": 1, "ser": 0, "fat": 0, "row": -1, "mot": -1, "pie": 1, "uto": -1, "uwr": -1 }, "geometry": { "type": "Point", "coordinates": [ 18.591583, 54.408417 ] } },
{ "type": "Feature", "properties": { "ID": 113473786, "yr": 2021, "dt": "2021-11-18T17:34:23", "WOJ": 22, "sev": 1, "c": [ 255, 255, 0, 160 ], "dmg": 1, "sli": 1, "ser": 0, "fat": 0, "row": -1, "mot": -1, "pie": -1, "uto": -1, "uwr": -1 }, "geometry": { "type": "Point", "coordinates": [ 18.706861, 54.16475 ] } },
{ "type": "Feature", "properties": { "ID": 113473721, "yr": 2021, "dt": "2021-11-18T16:00:00", "WOJ": 22, "sev": 1, "c": [ 255, 255, 0, 160 ], "dmg": 1, "sli": 1, "ser": 0, "fat": 0, "row": -1, "mot": -1, "pie": 1, "uto": -1, "uwr": -1 }, "geometry": { "type": "Point", "coordinates": [ 18.5125, 54.498056 ] } },
{ "type": "Feature", "properties": { "ID": 113480073, "yr": 2021, "dt": "2021-11-19T09:58:46", "WOJ": 22, "sev": 1, "c": [ 255, 255, 0, 160 ], "dmg": 2, "sli": 1, "ser": 0, "fat": 0, "row": -1, "mot": -1, "pie": -1, "uto": -1, "uwr": -1 }, "geometry": { "type": "Point", "coordinates": [ 18.955083, 53.646306 ] } },
{ "type": "Feature", "properties": { "ID": 113480666, "yr": 2021, "dt": "2021-11-19T20:25:00", "WOJ": 22, "sev": 1, "c": [ 255, 255, 0, 160 ], "dmg": 1, "sli": 1, "ser": 0, "fat": 0, "row": -1, "mot": -1, "pie": 1, "uto": -1, "uwr": -1 }, "geometry": { "type": "Point", "coordinates": [ 17.557028, 53.694361 ] } },
{ "type": "Feature", "properties": { "ID": 113483200, "yr": 2021, "dt": "2021-11-19T18:41:35", "WOJ": 22, "sev": 1, "c": [ 255, 255, 0, 160 ], "dmg": 1, "sli": 1, "ser": 0, "fat": 0, "row": -1, "mot": -1, "pie": 1, "uto": -1, "uwr": -1 }, "geometry": { "type": "Point", "coordinates": [ 17.981138, 54.09446 ] } },
{ "type": "Feature", "properties": { "ID": 110192181, "yr": 2021, "dt": "2021-05-06T10:00:00", "WOJ": 22, "sev": 1, "c": [ 255, 255, 0, 160 ], "dmg": 1, "sli": 1, "ser": 0, "fat": 0, "row": -1, "mot": -1, "pie": 1, "uto": -1, "uwr": -1 }, "geometry": { "type": "Point", "coordinates": [ 18.671778, 54.348472 ] } },
{ "type": "Feature", "properties": { "ID": 110168686, "yr": 2021, "dt": "2021-05-06T19:10:36", "WOJ": 22, "sev": 1, "c": [ 255, 255, 0, 160 ], "dmg": 1, "sli": 1, "ser": 0, "fat": 0, "row": -1, "mot": -1, "pie": -1, "uto": -1, "uwr": -1 }, "geometry": { "type": "Point", "coordinates": [ 18.292278, 54.54025 ] } },
{ "type": "Feature", "properties": { "ID": 110171409, "yr": 2021, "dt": "2021-05-07T16:13:00", "WOJ": 22, "sev": 1, "c": [ 255, 255, 0, 160 ], "dmg": 2, "sli": 1, "ser": 0, "fat": 0, "row": -1, "mot": -1, "pie": -1, "uto": -1, "uwr": -1 }, "geometry": { "type": "Point", "coordinates": [ 18.55975, 54.322167 ] } },
{ "type": "Feature", "properties": { "ID": 110170348, "yr": 2021, "dt": "2021-05-07T12:55:50", "WOJ": 22, "sev": 1, "c": [ 255, 255, 0, 160 ], "dmg": 2, "sli": 1, "ser": 0, "fat": 0, "row": -1, "mot": -1, "pie": -1, "uto": -1, "uwr": -1 }, "geometry": { "type": "Point", "coordinates": [ 16.995639, 54.458667 ] } },
{ "type": "Feature", "properties": { "ID": 110183783, "yr": 2021, "dt": "2021-05-14T14:40:00", "WOJ": 22, "sev": 1, "c": [ 255, 255, 0, 160 ], "dmg": 1, "sli": 1, "ser": 0, "fat": 0, "row": 1, "mot": -1, "pie": -1, "uto": -1, "uwr": -1 }, "geometry": { "type": "Point", "coordinates": [ 18.593694, 54.356139 ] } },
{ "type": "Feature", "properties": { "ID": 110171901, "yr": 2021, "dt": "2021-05-08T14:23:14", "WOJ": 22, "sev": 1, "c": [ 255, 255, 0, 160 ], "dmg": 1, "sli": 3, "ser": 0, "fat": 0, "row": -1, "mot": -1, "pie": -1, "uto": -1, "uwr": -1 }, "geometry": { "type": "Point", "coordinates": [ 18.853, 54.283056 ] } },
{ "type": "Feature", "properties": { "ID": 110172324, "yr": 2021, "dt": "2021-05-08T17:17:22", "WOJ": 22, "sev": 1, "c": [ 255, 255, 0, 160 ], "dmg": 1, "sli": 3, "ser": 0, "fat": 0, "row": -1, "mot": -1, "pie": -1, "uto": -1, "uwr": -1 }, "geometry": { "type": "Point", "coordinates": [ 18.166528, 54.621722 ] } },
{ "type": "Feature", "properties": { "ID": 110173498, "yr": 2021, "dt": "2021-05-09T19:15:58", "WOJ": 22, "sev": 1, "c": [ 255, 255, 0, 160 ], "dmg": 2, "sli": 2, "ser": 0, "fat": 0, "row": -1, "mot": -1, "pie": -1, "uto": -1, "uwr": -1 }, "geometry": { "type": "Point", "coordinates": [ 19.049083, 54.088722 ] } },
{ "type": "Feature", "properties": { "ID": 110173532, "yr": 2021, "dt": "2021-05-09T21:40:00", "WOJ": 22, "sev": 1, "c": [ 255, 255, 0, 160 ], "dmg": 1, "sli": 1, "ser": 0, "fat": 0, "row": -1, "mot": -1, "pie": 1, "uto": -1, "uwr": -1 }, "geometry": { "type": "Point", "coordinates": [ 17.018139, 54.467444 ] } },
{ "type": "Feature", "properties": { "ID": 110173900, "yr": 2021, "dt": "2021-05-10T10:30:00", "WOJ": 22, "sev": 1, "c": [ 255, 255, 0, 160 ], "dmg": 2, "sli": 1, "ser": 0, "fat": 0, "row": -1, "mot": -1, "pie": -1, "uto": -1, "uwr": -1 }, "geometry": { "type": "Point", "coordinates": [ 18.617028, 54.343083 ] } },
{ "type": "Feature", "properties": { "ID": 110175329, "yr": 2021, "dt": "2021-05-10T13:20:00", "WOJ": 22, "sev": 1, "c": [ 255, 255, 0, 160 ], "dmg": 1, "sli": 1, "ser": 0, "fat": 0, "row": -1, "mot": -1, "pie": -1, "uto": -1, "uwr": -1 }, "geometry": { "type": "Point", "coordinates": [ 17.9707, 54.1187 ] } },
{ "type": "Feature", "properties": { "ID": 110174011, "yr": 2021, "dt": "2021-05-10T09:26:00", "WOJ": 22, "sev": 1, "c": [ 255, 255, 0, 160 ], "dmg": 2, "sli": 1, "ser": 0, "fat": 0, "row": -1, "mot": -1, "pie": -1, "uto": -1, "uwr": -1 }, "geometry": { "type": "Point", "coordinates": [ 18.243139, 54.359639 ] } },
{ "type": "Feature", "properties": { "ID": 110176452, "yr": 2021, "dt": "2021-05-11T14:15:00", "WOJ": 22, "sev": 1, "c": [ 255, 255, 0, 160 ], "dmg": 1, "sli": 1, "ser": 0, "fat": 0, "row": -1, "mot": -1, "pie": -1, "uto": -1, "uwr": -1 }, "geometry": { "type": "Point", "coordinates": [ 18.630528, 54.368444 ] } },
{ "type": "Feature", "properties": { "ID": 110177161, "yr": 2021, "dt": "2021-05-11T14:40:00", "WOJ": 22, "sev": 1, "c": [ 255, 255, 0, 160 ], "dmg": 1, "sli": 1, "ser": 0, "fat": 0, "row": 1, "mot": -1, "pie": 0, "uto": -1, "uwr": -1 }, "geometry": { "type": "Point", "coordinates": [ 18.601639, 54.422944 ] } },
{ "type": "Feature", "properties": { "ID": 110163174, "yr": 2021, "dt": "2021-05-04T09:51:02", "WOJ": 22, "sev": 1, "c": [ 255, 255, 0, 160 ], "dmg": 1, "sli": 1, "ser": 0, "fat": 0, "row": -1, "mot": -1, "pie": -1, "uto": -1, "uwr": -1 }, "geometry": { "type": "Point", "coordinates": [ 19.102, 54.037278 ] } },
{ "type": "Feature", "properties": { "ID": 110165049, "yr": 2021, "dt": "2021-05-05T14:00:00", "WOJ": 22, "sev": 1, "c": [ 255, 255, 0, 160 ], "dmg": 2, "sli": 1, "ser": 0, "fat": 0, "row": -1, "mot": -1, "pie": -1, "uto": -1, "uwr": -1 }, "geometry": { "type": "Point", "coordinates": [ 18.609667, 54.375417 ] } },
{ "type": "Feature", "properties": { "ID": 110166933, "yr": 2021, "dt": "2021-05-05T18:50:00", "WOJ": 22, "sev": 1, "c": [ 255, 255, 0, 160 ], "dmg": 1, "sli": 1, "ser": 0, "fat": 0, "row": -1, "mot": -1, "pie": -1, "uto": -1, "uwr": -1 }, "geometry": { "type": "Point", "coordinates": [ 18.701167, 54.338083 ] } },
{ "type": "Feature", "properties": { "ID": 110166280, "yr": 2021, "dt": "2021-05-05T07:20:00", "WOJ": 22, "sev": 1, "c": [ 255, 255, 0, 160 ], "dmg": 1, "sli": 1, "ser": 0, "fat": 0, "row": 1, "mot": -1, "pie": 0, "uto": -1, "uwr": -1 }, "geometry": { "type": "Point", "coordinates": [ 18.625417, 54.349444 ] } },
{ "type": "Feature", "properties": { "ID": 110174844, "yr": 2021, "dt": "2021-05-05T19:05:00", "WOJ": 22, "sev": 1, "c": [ 255, 255, 0, 160 ], "dmg": 1, "sli": 1, "ser": 0, "fat": 0, "row": -1, "mot": -1, "pie": 1, "uto": -1, "uwr": -1 }, "geometry": { "type": "Point", "coordinates": [ 18.772528, 54.091778 ] } },
{ "type": "Feature", "properties": { "ID": 113494917, "yr": 2021, "dt": "2021-11-22T10:25:00", "WOJ": 22, "sev": 1, "c": [ 255, 255, 0, 160 ], "dmg": 1, "sli": 1, "ser": 0, "fat": 0, "row": -1, "mot": -1, "pie": 1, "uto": -1, "uwr": -1 }, "geometry": { "type": "Point", "coordinates": [ 17.96656, 54.120453 ] } },
{ "type": "Feature", "properties": { "ID": 113483146, "yr": 2021, "dt": "2021-11-19T16:55:00", "WOJ": 22, "sev": 1, "c": [ 255, 255, 0, 160 ], "dmg": 1, "sli": 1, "ser": 0, "fat": 0, "row": -1, "mot": -1, "pie": 1, "uto": -1, "uwr": -1 }, "geometry": { "type": "Point", "coordinates": [ 18.602611, 54.358778 ] } },
{ "type": "Feature", "properties": { "ID": 113480233, "yr": 2021, "dt": "2021-11-19T12:20:00", "WOJ": 22, "sev": 1, "c": [ 255, 255, 0, 160 ], "dmg": 1, "sli": 2, "ser": 0, "fat": 0, "row": -1, "mot": -1, "pie": -1, "uto": -1, "uwr": -1 }, "geometry": { "type": "Point", "coordinates": [ 18.578306, 54.409417 ] } },
{ "type": "Feature", "properties": { "ID": 113480023, "yr": 2021, "dt": "2021-11-19T07:40:00", "WOJ": 22, "sev": 1, "c": [ 255, 255, 0, 160 ], "dmg": 1, "sli": 1, "ser": 0, "fat": 0, "row": -1, "mot": -1, "pie": -1, "uto": -1, "uwr": -1 }, "geometry": { "type": "Point", "coordinates": [ 18.592389, 54.401722 ] } },
{ "type": "Feature", "properties": { "ID": 113479890, "yr": 2021, "dt": "2021-11-19T05:23:44", "WOJ": 22, "sev": 1, "c": [ 255, 255, 0, 160 ], "dmg": 1, "sli": 1, "ser": 0, "fat": 0, "row": -1, "mot": -1, "pie": -1, "uto": -1, "uwr": -1 }, "geometry": { "type": "Point", "coordinates": [ 17.290111, 53.698639 ] } },
{ "type": "Feature", "properties": { "ID": 116717633, "yr": 2021, "dt": "2021-11-19T15:50:00", "WOJ": 22, "sev": 1, "c": [ 255, 255, 0, 160 ], "dmg": 1, "sli": 1, "ser": 0, "fat": 0, "row": -1, "mot": -1, "pie": 1, "uto": -1, "uwr": -1 }, "geometry": { "type": "Point", "coordinates": [ 17.002083, 54.475194 ] } },
{ "type": "Feature", "properties": { "ID": 113426897, "yr": 2021, "dt": "2021-11-13T15:35:06", "WOJ": 22, "sev": 1, "c": [ 255, 255, 0, 160 ], "dmg": 0, "sli": 1, "ser": 0, "fat": 0, "row": -1, "mot": -1, "pie": -1, "uto": -1, "uwr": -1 }, "geometry": { "type": "Point", "coordinates": [ 18.21254, 53.981431 ] } },
{ "type": "Feature", "properties": { "ID": 113432903, "yr": 2021, "dt": "2021-11-13T11:45:00", "WOJ": 22, "sev": 1, "c": [ 255, 255, 0, 160 ], "dmg": 0, "sli": 1, "ser": 0, "fat": 0, "row": -1, "mot": -1, "pie": -1, "uto": -1, "uwr": -1 }, "geometry": { "type": "Point", "coordinates": [ 18.893389, 53.854167 ] } },
{ "type": "Feature", "properties": { "ID": 113492833, "yr": 2021, "dt": "2021-11-14T16:35:00", "WOJ": 22, "sev": 1, "c": [ 255, 255, 0, 160 ], "dmg": 1, "sli": 1, "ser": 0, "fat": 0, "row": -1, "mot": -1, "pie": 1, "uto": -1, "uwr": -1 }, "geometry": { "type": "Point", "coordinates": [ 18.528889, 54.348889 ] } },
{ "type": "Feature", "properties": { "ID": 113432846, "yr": 2021, "dt": "2021-11-15T07:25:00", "WOJ": 22, "sev": 1, "c": [ 255, 255, 0, 160 ], "dmg": 1, "sli": 1, "ser": 0, "fat": 0, "row": -1, "mot": -1, "pie": -1, "uto": -1, "uwr": -1 }, "geometry": { "type": "Point", "coordinates": [ 16.995667, 54.458583 ] } },
{ "type": "Feature", "properties": { "ID": 113469383, "yr": 2021, "dt": "2021-11-16T16:20:00", "WOJ": 22, "sev": 1, "c": [ 255, 255, 0, 160 ], "dmg": 2, "sli": 1, "ser": 0, "fat": 0, "row": -1, "mot": -1, "pie": -1, "uto": -1, "uwr": -1 }, "geometry": { "type": "Point", "coordinates": [ 18.574806, 54.334944 ] } },
{ "type": "Feature", "properties": { "ID": 110179327, "yr": 2021, "dt": "2021-05-12T14:35:00", "WOJ": 22, "sev": 1, "c": [ 255, 255, 0, 160 ], "dmg": 1, "sli": 1, "ser": 0, "fat": 0, "row": -1, "mot": -1, "pie": 1, "uto": -1, "uwr": -1 }, "geometry": { "type": "Point", "coordinates": [ 18.62225, 54.392306 ] } },
{ "type": "Feature", "properties": { "ID": 110251589, "yr": 2021, "dt": "2021-05-12T07:00:00", "WOJ": 22, "sev": 1, "c": [ 255, 255, 0, 160 ], "dmg": 1, "sli": 1, "ser": 0, "fat": 0, "row": -1, "mot": -1, "pie": -1, "uto": -1, "uwr": -1 }, "geometry": { "type": "Point", "coordinates": [ 18.633667, 54.366167 ] } },
{ "type": "Feature", "properties": { "ID": 110180402, "yr": 2021, "dt": "2021-05-12T08:43:00", "WOJ": 22, "sev": 1, "c": [ 255, 255, 0, 160 ], "dmg": 2, "sli": 1, "ser": 0, "fat": 0, "row": -1, "mot": 1, "pie": -1, "uto": -1, "uwr": -1 }, "geometry": { "type": "Point", "coordinates": [ 18.499833, 54.596694 ] } },
{ "type": "Feature", "properties": { "ID": 110181366, "yr": 2021, "dt": "2021-05-13T12:15:00", "WOJ": 22, "sev": 1, "c": [ 255, 255, 0, 160 ], "dmg": 1, "sli": 1, "ser": 0, "fat": 0, "row": -1, "mot": -1, "pie": -1, "uto": -1, "uwr": -1 }, "geometry": { "type": "Point", "coordinates": [ 18.48575, 54.406556 ] } },
{ "type": "Feature", "properties": { "ID": 110179079, "yr": 2021, "dt": "2021-05-13T07:42:19", "WOJ": 22, "sev": 1, "c": [ 255, 255, 0, 160 ], "dmg": 1, "sli": 1, "ser": 0, "fat": 0, "row": -1, "mot": -1, "pie": -1, "uto": -1, "uwr": -1 }, "geometry": { "type": "Point", "coordinates": [ 18.493167, 54.566167 ] } },
{ "type": "Feature", "properties": { "ID": 110181738, "yr": 2021, "dt": "2021-05-13T19:23:34", "WOJ": 22, "sev": 1, "c": [ 255, 255, 0, 160 ], "dmg": 1, "sli": 1, "ser": 0, "fat": 0, "row": -1, "mot": -1, "pie": -1, "uto": -1, "uwr": -1 }, "geometry": { "type": "Point", "coordinates": [ 18.284167, 54.58175 ] } },
{ "type": "Feature", "properties": { "ID": 110188068, "yr": 2021, "dt": "2021-05-18T06:36:23", "WOJ": 22, "sev": 1, "c": [ 255, 255, 0, 160 ], "dmg": 1, "sli": 1, "ser": 0, "fat": 0, "row": 1, "mot": -1, "pie": -1, "uto": -1, "uwr": -1 }, "geometry": { "type": "Point", "coordinates": [ 18.593956, 54.281853 ] } },
{ "type": "Feature", "properties": { "ID": 110192375, "yr": 2021, "dt": "2021-05-19T15:49:12", "WOJ": 22, "sev": 1, "c": [ 255, 255, 0, 160 ], "dmg": 1, "sli": 1, "ser": 0, "fat": 0, "row": 1, "mot": -1, "pie": -1, "uto": -1, "uwr": -1 }, "geometry": { "type": "Point", "coordinates": [ 17.3425, 53.677056 ] } },
{ "type": "Feature", "properties": { "ID": 110183752, "yr": 2021, "dt": "2021-05-14T15:15:20", "WOJ": 22, "sev": 1, "c": [ 255, 255, 0, 160 ], "dmg": 0, "sli": 2, "ser": 0, "fat": 0, "row": -1, "mot": -1, "pie": -1, "uto": -1, "uwr": -1 }, "geometry": { "type": "Point", "coordinates": [ 18.178333, 54.010639 ] } },
{ "type": "Feature", "properties": { "ID": 110183520, "yr": 2021, "dt": "2021-05-14T14:30:00", "WOJ": 22, "sev": 1, "c": [ 255, 255, 0, 160 ], "dmg": 1, "sli": 1, "ser": 0, "fat": 0, "row": 1, "mot": -1, "pie": -1, "uto": -1, "uwr": -1 }, "geometry": { "type": "Point", "coordinates": [ 18.57, 54.328861 ] } },
{ "type": "Feature", "properties": { "ID": 110182611, "yr": 2021, "dt": "2021-05-14T15:19:15", "WOJ": 22, "sev": 1, "c": [ 255, 255, 0, 160 ], "dmg": 1, "sli": 1, "ser": 0, "fat": 0, "row": -1, "mot": -1, "pie": 1, "uto": -1, "uwr": -1 }, "geometry": { "type": "Point", "coordinates": [ 18.931444, 53.730028 ] } },
{ "type": "Feature", "properties": { "ID": 110183884, "yr": 2021, "dt": "2021-05-14T18:01:41", "WOJ": 22, "sev": 1, "c": [ 255, 255, 0, 160 ], "dmg": 2, "sli": 1, "ser": 0, "fat": 0, "row": -1, "mot": -1, "pie": -1, "uto": -1, "uwr": -1 }, "geometry": { "type": "Point", "coordinates": [ 18.663861, 53.920528 ] } },
{ "type": "Feature", "properties": { "ID": 110183739, "yr": 2021, "dt": "2021-05-14T16:40:46", "WOJ": 22, "sev": 1, "c": [ 255, 255, 0, 160 ], "dmg": 1, "sli": 1, "ser": 0, "fat": 0, "row": -1, "mot": -1, "pie": 1, "uto": -1, "uwr": -1 }, "geometry": { "type": "Point", "coordinates": [ 18.949222, 53.739944 ] } },
{ "type": "Feature", "properties": { "ID": 110184507, "yr": 2021, "dt": "2021-05-15T16:13:07", "WOJ": 22, "sev": 1, "c": [ 255, 255, 0, 160 ], "dmg": 1, "sli": 1, "ser": 0, "fat": 0, "row": -1, "mot": -1, "pie": -1, "uto": -1, "uwr": -1 }, "geometry": { "type": "Point", "coordinates": [ 17.486056, 54.180417 ] } },
{ "type": "Feature", "properties": { "ID": 110185733, "yr": 2021, "dt": "2021-05-15T19:25:06", "WOJ": 22, "sev": 1, "c": [ 255, 255, 0, 160 ], "dmg": 0, "sli": 2, "ser": 0, "fat": 0, "row": -1, "mot": -1, "pie": -1, "uto": -1, "uwr": -1 }, "geometry": { "type": "Point", "coordinates": [ 18.82175, 53.759972 ] } },
{ "type": "Feature", "properties": { "ID": 110186057, "yr": 2021, "dt": "2021-05-16T12:54:00", "WOJ": 22, "sev": 1, "c": [ 255, 255, 0, 160 ], "dmg": 1, "sli": 1, "ser": 0, "fat": 0, "row": -1, "mot": 1, "pie": -1, "uto": -1, "uwr": -1 }, "geometry": { "type": "Point", "coordinates": [ 18.272278, 54.473722 ] } },
{ "type": "Feature", "properties": { "ID": 110184882, "yr": 2021, "dt": "2021-05-16T13:05:00", "WOJ": 22, "sev": 1, "c": [ 255, 255, 0, 160 ], "dmg": 1, "sli": 1, "ser": 0, "fat": 0, "row": -1, "mot": -1, "pie": -1, "uto": -1, "uwr": -1 }, "geometry": { "type": "Point", "coordinates": [ 18.969806, 53.810694 ] } },
{ "type": "Feature", "properties": { "ID": 110174822, "yr": 2021, "dt": "2021-05-11T08:55:00", "WOJ": 22, "sev": 1, "c": [ 255, 255, 0, 160 ], "dmg": 1, "sli": 1, "ser": 0, "fat": 0, "row": -1, "mot": -1, "pie": -1, "uto": -1, "uwr": -1 }, "geometry": { "type": "Point", "coordinates": [ 18.458361, 54.509 ] } },
{ "type": "Feature", "properties": { "ID": 110175050, "yr": 2021, "dt": "2021-05-11T13:35:00", "WOJ": 22, "sev": 1, "c": [ 255, 255, 0, 160 ], "dmg": 1, "sli": 1, "ser": 0, "fat": 0, "row": -1, "mot": -1, "pie": -1, "uto": -1, "uwr": -1 }, "geometry": { "type": "Point", "coordinates": [ 18.51075, 54.345028 ] } },
{ "type": "Feature", "properties": { "ID": 110176530, "yr": 2021, "dt": "2021-05-11T16:54:46", "WOJ": 22, "sev": 1, "c": [ 255, 255, 0, 160 ], "dmg": 2, "sli": 1, "ser": 0, "fat": 0, "row": -1, "mot": -1, "pie": -1, "uto": -1, "uwr": -1 }, "geometry": { "type": "Point", "coordinates": [ 18.360861, 54.305444 ] } },
{ "type": "Feature", "properties": { "ID": 110177528, "yr": 2021, "dt": "2021-05-12T06:39:05", "WOJ": 22, "sev": 1, "c": [ 255, 255, 0, 160 ], "dmg": 0, "sli": 1, "ser": 0, "fat": 0, "row": -1, "mot": -1, "pie": -1, "uto": -1, "uwr": -1 }, "geometry": { "type": "Point", "coordinates": [ 18.465194, 54.269639 ] } },
{ "type": "Feature", "properties": { "ID": 110179434, "yr": 2021, "dt": "2021-05-12T15:35:00", "WOJ": 22, "sev": 1, "c": [ 255, 255, 0, 160 ], "dmg": 1, "sli": 1, "ser": 0, "fat": 0, "row": -1, "mot": -1, "pie": 1, "uto": -1, "uwr": -1 }, "geometry": { "type": "Point", "coordinates": [ 18.545806, 54.484861 ] } },
{ "type": "Feature", "properties": { "ID": 113471003, "yr": 2021, "dt": "2021-11-17T07:30:58", "WOJ": 22, "sev": 1, "c": [ 255, 255, 0, 160 ], "dmg": 1, "sli": 1, "ser": 0, "fat": 0, "row": 1, "mot": -1, "pie": -1, "uto": -1, "uwr": -1 }, "geometry": { "type": "Point", "coordinates": [ 18.648611, 54.269333 ] } },
{ "type": "Feature", "properties": { "ID": 113472957, "yr": 2021, "dt": "2021-11-17T16:39:43", "WOJ": 22, "sev": 1, "c": [ 255, 255, 0, 160 ], "dmg": 1, "sli": 1, "ser": 0, "fat": 0, "row": -1, "mot": -1, "pie": -1, "uto": -1, "uwr": -1 }, "geometry": { "type": "Point", "coordinates": [ 17.436083, 53.629278 ] } },
{ "type": "Feature", "properties": { "ID": 113471085, "yr": 2021, "dt": "2021-11-17T09:00:00", "WOJ": 22, "sev": 1, "c": [ 255, 255, 0, 160 ], "dmg": 1, "sli": 1, "ser": 0, "fat": 0, "row": -1, "mot": -1, "pie": -1, "uto": -1, "uwr": -1 }, "geometry": { "type": "Point", "coordinates": [ 18.537083, 54.509694 ] } },
{ "type": "Feature", "properties": { "ID": 113473226, "yr": 2021, "dt": "2021-11-18T06:40:42", "WOJ": 22, "sev": 1, "c": [ 255, 255, 0, 160 ], "dmg": 1, "sli": 1, "ser": 0, "fat": 0, "row": -1, "mot": -1, "pie": 1, "uto": -1, "uwr": -1 }, "geometry": { "type": "Point", "coordinates": [ 18.530194, 53.962417 ] } },
{ "type": "Feature", "properties": { "ID": 113477072, "yr": 2021, "dt": "2021-11-18T13:40:00", "WOJ": 22, "sev": 1, "c": [ 255, 255, 0, 160 ], "dmg": 1, "sli": 1, "ser": 0, "fat": 0, "row": -1, "mot": -1, "pie": -1, "uto": -1, "uwr": -1 }, "geometry": { "type": "Point", "coordinates": [ 18.637972, 54.38225 ] } },
{ "type": "Feature", "properties": { "ID": 113477060, "yr": 2021, "dt": "2021-11-18T16:25:37", "WOJ": 22, "sev": 1, "c": [ 255, 255, 0, 160 ], "dmg": 1, "sli": 1, "ser": 0, "fat": 0, "row": -1, "mot": -1, "pie": 1, "uto": -1, "uwr": -1 }, "geometry": { "type": "Point", "coordinates": [ 17.757806, 54.227139 ] } },
{ "type": "Feature", "properties": { "ID": 113336209, "yr": 2021, "dt": "2021-11-09T13:40:52", "WOJ": 22, "sev": 1, "c": [ 255, 255, 0, 160 ], "dmg": 0, "sli": 1, "ser": 0, "fat": 0, "row": -1, "mot": -1, "pie": -1, "uto": -1, "uwr": -1 }, "geometry": { "type": "Point", "coordinates": [ 18.011343, 54.069576 ] } },
{ "type": "Feature", "properties": { "ID": 113335936, "yr": 2021, "dt": "2021-11-09T09:50:00", "WOJ": 22, "sev": 1, "c": [ 255, 255, 0, 160 ], "dmg": 1, "sli": 1, "ser": 0, "fat": 0, "row": -1, "mot": -1, "pie": 1, "uto": -1, "uwr": -1 }, "geometry": { "type": "Point", "coordinates": [ 17.024833, 54.457056 ] } },
{ "type": "Feature", "properties": { "ID": 113288815, "yr": 2021, "dt": "2021-11-09T07:20:00", "WOJ": 22, "sev": 1, "c": [ 255, 255, 0, 160 ], "dmg": 1, "sli": 1, "ser": 0, "fat": 0, "row": -1, "mot": -1, "pie": 1, "uto": -1, "uwr": -1 }, "geometry": { "type": "Point", "coordinates": [ 16.908056, 54.150444 ] } },
{ "type": "Feature", "properties": { "ID": 113288727, "yr": 2021, "dt": "2021-11-09T07:00:00", "WOJ": 22, "sev": 1, "c": [ 255, 255, 0, 160 ], "dmg": 1, "sli": 1, "ser": 0, "fat": 0, "row": 1, "mot": -1, "pie": -1, "uto": -1, "uwr": -1 }, "geometry": { "type": "Point", "coordinates": [ 18.510944, 54.376139 ] } },
{ "type": "Feature", "properties": { "ID": 113288696, "yr": 2021, "dt": "2021-11-09T06:57:56", "WOJ": 22, "sev": 1, "c": [ 255, 255, 0, 160 ], "dmg": 1, "sli": 1, "ser": 0, "fat": 0, "row": -1, "mot": -1, "pie": -1, "uto": -1, "uwr": -1 }, "geometry": { "type": "Point", "coordinates": [ 18.524556, 54.191944 ] } },
{ "type": "Feature", "properties": { "ID": 110189283, "yr": 2021, "dt": "2021-05-18T10:20:00", "WOJ": 22, "sev": 1, "c": [ 255, 255, 0, 160 ], "dmg": 1, "sli": 1, "ser": 0, "fat": 0, "row": 1, "mot": -1, "pie": -1, "uto": -1, "uwr": -1 }, "geometry": { "type": "Point", "coordinates": [ 18.588444, 54.3795 ] } },
{ "type": "Feature", "properties": { "ID": 110190155, "yr": 2021, "dt": "2021-05-18T09:31:49", "WOJ": 22, "sev": 1, "c": [ 255, 255, 0, 160 ], "dmg": 1, "sli": 2, "ser": 0, "fat": 0, "row": -1, "mot": -1, "pie": -1, "uto": -1, "uwr": -1 }, "geometry": { "type": "Point", "coordinates": [ 17.546306, 53.697778 ] } },
{ "type": "Feature", "properties": { "ID": 110189192, "yr": 2021, "dt": "2021-05-18T07:33:23", "WOJ": 22, "sev": 1, "c": [ 255, 255, 0, 160 ], "dmg": 3, "sli": 1, "ser": 0, "fat": 0, "row": -1, "mot": -1, "pie": -1, "uto": -1, "uwr": -1 }, "geometry": { "type": "Point", "coordinates": [ 18.355806, 54.480806 ] } },
{ "type": "Feature", "properties": { "ID": 110188462, "yr": 2021, "dt": "2021-05-18T08:39:31", "WOJ": 22, "sev": 1, "c": [ 255, 255, 0, 160 ], "dmg": 1, "sli": 1, "ser": 0, "fat": 0, "row": -1, "mot": -1, "pie": 1, "uto": -1, "uwr": -1 }, "geometry": { "type": "Point", "coordinates": [ 18.560083, 54.453889 ] } },
{ "type": "Feature", "properties": { "ID": 110291206, "yr": 2021, "dt": "2021-05-18T18:00:00", "WOJ": 22, "sev": 1, "c": [ 255, 255, 0, 160 ], "dmg": 1, "sli": 2, "ser": 0, "fat": 0, "row": -1, "mot": -1, "pie": 1, "uto": -1, "uwr": -1 }, "geometry": { "type": "Point", "coordinates": [ 17.889722, 54.34125 ] } },
{ "type": "Feature", "properties": { "ID": 110191676, "yr": 2021, "dt": "2021-05-19T11:56:00", "WOJ": 22, "sev": 1, "c": [ 255, 255, 0, 160 ], "dmg": 1, "sli": 1, "ser": 0, "fat": 0, "row": 1, "mot": -1, "pie": -1, "uto": -1, "uwr": -1 }, "geometry": { "type": "Point", "coordinates": [ 18.785389, 54.096361 ] } },
{ "type": "Feature", "properties": { "ID": 110193257, "yr": 2021, "dt": "2021-05-20T07:36:36", "WOJ": 22, "sev": 1, "c": [ 255, 255, 0, 160 ], "dmg": 1, "sli": 1, "ser": 0, "fat": 0, "row": -1, "mot": -1, "pie": -1, "uto": -1, "uwr": -1 }, "geometry": { "type": "Point", "coordinates": [ 18.189194, 54.335861 ] } },
{ "type": "Feature", "properties": { "ID": 110193462, "yr": 2021, "dt": "2021-05-20T14:03:25", "WOJ": 22, "sev": 1, "c": [ 255, 255, 0, 160 ], "dmg": 1, "sli": 1, "ser": 0, "fat": 0, "row": 1, "mot": -1, "pie": -1, "uto": -1, "uwr": -1 }, "geometry": { "type": "Point", "coordinates": [ 18.925111, 53.714667 ] } },
{ "type": "Feature", "properties": { "ID": 110194639, "yr": 2021, "dt": "2021-05-20T15:05:00", "WOJ": 22, "sev": 1, "c": [ 255, 255, 0, 160 ], "dmg": 1, "sli": 1, "ser": 0, "fat": 0, "row": 1, "mot": -1, "pie": -1, "uto": -1, "uwr": -1 }, "geometry": { "type": "Point", "coordinates": [ 18.504, 54.378694 ] } },
{ "type": "Feature", "properties": { "ID": 110192846, "yr": 2021, "dt": "2021-05-20T06:12:06", "WOJ": 22, "sev": 1, "c": [ 255, 255, 0, 160 ], "dmg": 1, "sli": 1, "ser": 0, "fat": 0, "row": 1, "mot": -1, "pie": -1, "uto": -1, "uwr": -1 }, "geometry": { "type": "Point", "coordinates": [ 17.747389, 54.539278 ] } },
{ "type": "Feature", "properties": { "ID": 110194781, "yr": 2021, "dt": "2021-05-20T18:02:00", "WOJ": 22, "sev": 1, "c": [ 255, 255, 0, 160 ], "dmg": 1, "sli": 1, "ser": 0, "fat": 0, "row": 1, "mot": -1, "pie": -1, "uto": -1, "uwr": -1 }, "geometry": { "type": "Point", "coordinates": [ 18.9425, 53.607778 ] } },
{ "type": "Feature", "properties": { "ID": 110194739, "yr": 2021, "dt": "2021-05-20T17:40:59", "WOJ": 22, "sev": 1, "c": [ 255, 255, 0, 160 ], "dmg": 1, "sli": 2, "ser": 0, "fat": 0, "row": -1, "mot": -1, "pie": 1, "uto": -1, "uwr": -1 }, "geometry": { "type": "Point", "coordinates": [ 18.796944, 54.091167 ] } },
{ "type": "Feature", "properties": { "ID": 110201205, "yr": 2021, "dt": "2021-05-21T16:45:38", "WOJ": 22, "sev": 1, "c": [ 255, 255, 0, 160 ], "dmg": 1, "sli": 1, "ser": 0, "fat": 0, "row": 1, "mot": -1, "pie": -1, "uto": -1, "uwr": -1 }, "geometry": { "type": "Point", "coordinates": [ 18.583944, 54.378528 ] } },
{ "type": "Feature", "properties": { "ID": 110197171, "yr": 2021, "dt": "2021-05-21T08:52:58", "WOJ": 22, "sev": 1, "c": [ 255, 255, 0, 160 ], "dmg": 1, "sli": 1, "ser": 0, "fat": 0, "row": 1, "mot": -1, "pie": 0, "uto": -1, "uwr": -1 }, "geometry": { "type": "Point", "coordinates": [ 19.042417, 54.037167 ] } },
{ "type": "Feature", "properties": { "ID": 110198428, "yr": 2021, "dt": "2021-05-21T13:35:41", "WOJ": 22, "sev": 1, "c": [ 255, 255, 0, 160 ], "dmg": 1, "sli": 1, "ser": 0, "fat": 0, "row": -1, "mot": -1, "pie": 1, "uto": -1, "uwr": -1 }, "geometry": { "type": "Point", "coordinates": [ 17.7595, 54.532889 ] } },
{ "type": "Feature", "properties": { "ID": 110198163, "yr": 2021, "dt": "2021-05-21T11:10:00", "WOJ": 22, "sev": 1, "c": [ 255, 255, 0, 160 ], "dmg": 1, "sli": 1, "ser": 0, "fat": 0, "row": -1, "mot": -1, "pie": 1, "uto": -1, "uwr": -1 }, "geometry": { "type": "Point", "coordinates": [ 18.630417, 54.330222 ] } },
{ "type": "Feature", "properties": { "ID": 110187071, "yr": 2021, "dt": "2021-05-17T17:00:00", "WOJ": 22, "sev": 1, "c": [ 255, 255, 0, 160 ], "dmg": 1, "sli": 1, "ser": 0, "fat": 0, "row": -1, "mot": -1, "pie": 1, "uto": -1, "uwr": -1 }, "geometry": { "type": "Point", "coordinates": [ 18.626778, 54.337639 ] } },
{ "type": "Feature", "properties": { "ID": 110188149, "yr": 2021, "dt": "2021-05-17T17:17:00", "WOJ": 22, "sev": 1, "c": [ 255, 255, 0, 160 ], "dmg": 1, "sli": 2, "ser": 0, "fat": 0, "row": -1, "mot": -1, "pie": -1, "uto": -1, "uwr": -1 }, "geometry": { "type": "Point", "coordinates": [ 18.625694, 54.330833 ] } },
{ "type": "Feature", "properties": { "ID": 110190163, "yr": 2021, "dt": "2021-05-18T08:01:28", "WOJ": 22, "sev": 1, "c": [ 255, 255, 0, 160 ], "dmg": 2, "sli": 1, "ser": 0, "fat": 0, "row": -1, "mot": -1, "pie": -1, "uto": -1, "uwr": -1 }, "geometry": { "type": "Point", "coordinates": [ 17.97975, 54.131333 ] } },
{ "type": "Feature", "properties": { "ID": 110190381, "yr": 2021, "dt": "2021-05-18T15:09:45", "WOJ": 22, "sev": 1, "c": [ 255, 255, 0, 160 ], "dmg": 1, "sli": 1, "ser": 0, "fat": 0, "row": -1, "mot": -1, "pie": 1, "uto": -1, "uwr": -1 }, "geometry": { "type": "Point", "coordinates": [ 17.354361, 53.666639 ] } },
{ "type": "Feature", "properties": { "ID": 113473017, "yr": 2021, "dt": "2021-11-17T16:58:28", "WOJ": 22, "sev": 1, "c": [ 255, 255, 0, 160 ], "dmg": 1, "sli": 1, "ser": 0, "fat": 0, "row": -1, "mot": -1, "pie": -1, "uto": -1, "uwr": -1 }, "geometry": { "type": "Point", "coordinates": [ 18.568806, 54.268389 ] } },
{ "type": "Feature", "properties": { "ID": 110202162, "yr": 2021, "dt": "2021-05-21T20:47:24", "WOJ": 22, "sev": 1, "c": [ 255, 255, 0, 160 ], "dmg": 2, "sli": 1, "ser": 0, "fat": 0, "row": -1, "mot": -1, "pie": -1, "uto": -1, "uwr": -1 }, "geometry": { "type": "Point", "coordinates": [ 18.370611, 54.683917 ] } },
{ "type": "Feature", "properties": { "ID": 110203675, "yr": 2021, "dt": "2021-05-22T14:30:56", "WOJ": 22, "sev": 1, "c": [ 255, 255, 0, 160 ], "dmg": 0, "sli": 1, "ser": 0, "fat": 0, "row": -1, "mot": -1, "pie": -1, "uto": -1, "uwr": -1 }, "geometry": { "type": "Point", "coordinates": [ 16.978972, 54.428972 ] } },
{ "type": "Feature", "properties": { "ID": 110203262, "yr": 2021, "dt": "2021-05-22T07:35:46", "WOJ": 22, "sev": 1, "c": [ 255, 255, 0, 160 ], "dmg": 1, "sli": 1, "ser": 0, "fat": 0, "row": -1, "mot": -1, "pie": -1, "uto": -1, "uwr": -1 }, "geometry": { "type": "Point", "coordinates": [ 19.011306, 54.018611 ] } },
{ "type": "Feature", "properties": { "ID": 110196974, "yr": 2021, "dt": "2021-05-22T16:29:02", "WOJ": 22, "sev": 1, "c": [ 255, 255, 0, 160 ], "dmg": 1, "sli": 1, "ser": 0, "fat": 0, "row": -1, "mot": -1, "pie": -1, "uto": -1, "uwr": -1 }, "geometry": { "type": "Point", "coordinates": [ 18.333611, 54.604528 ] } },
{ "type": "Feature", "properties": { "ID": 110203263, "yr": 2021, "dt": "2021-05-22T06:30:52", "WOJ": 22, "sev": 1, "c": [ 255, 255, 0, 160 ], "dmg": 0, "sli": 1, "ser": 0, "fat": 0, "row": -1, "mot": -1, "pie": -1, "uto": -1, "uwr": -1 }, "geometry": { "type": "Point", "coordinates": [ 18.217694, 54.751167 ] } },
{ "type": "Feature", "properties": { "ID": 110197065, "yr": 2021, "dt": "2021-05-22T21:00:00", "WOJ": 22, "sev": 1, "c": [ 255, 255, 0, 160 ], "dmg": 0, "sli": 1, "ser": 0, "fat": 0, "row": -1, "mot": -1, "pie": -1, "uto": -1, "uwr": -1 }, "geometry": { "type": "Point", "coordinates": [ 18.547444, 54.346667 ] } },
{ "type": "Feature", "properties": { "ID": 110203335, "yr": 2021, "dt": "2021-05-22T09:30:00", "WOJ": 22, "sev": 1, "c": [ 255, 255, 0, 160 ], "dmg": 1, "sli": 1, "ser": 0, "fat": 0, "row": -1, "mot": -1, "pie": -1, "uto": -1, "uwr": -1 }, "geometry": { "type": "Point", "coordinates": [ 18.811667, 54.3305 ] } },
{ "type": "Feature", "properties": { "ID": 110204391, "yr": 2021, "dt": "2021-05-23T18:14:52", "WOJ": 22, "sev": 1, "c": [ 255, 255, 0, 160 ], "dmg": 0, "sli": 1, "ser": 0, "fat": 0, "row": -1, "mot": -1, "pie": -1, "uto": -1, "uwr": -1 }, "geometry": { "type": "Point", "coordinates": [ 19.001139, 54.105667 ] } },
{ "type": "Feature", "properties": { "ID": 110207220, "yr": 2021, "dt": "2021-05-24T19:33:12", "WOJ": 22, "sev": 1, "c": [ 255, 255, 0, 160 ], "dmg": 1, "sli": 1, "ser": 0, "fat": 0, "row": -1, "mot": 1, "pie": -1, "uto": -1, "uwr": -1 }, "geometry": { "type": "Point", "coordinates": [ 18.492778, 54.581472 ] } },
{ "type": "Feature", "properties": { "ID": 110204921, "yr": 2021, "dt": "2021-05-24T10:39:53", "WOJ": 22, "sev": 1, "c": [ 255, 255, 0, 160 ], "dmg": 1, "sli": 1, "ser": 0, "fat": 0, "row": -1, "mot": 1, "pie": -1, "uto": -1, "uwr": -1 }, "geometry": { "type": "Point", "coordinates": [ 18.74575, 54.324722 ] } },
{ "type": "Feature", "properties": { "ID": 110222951, "yr": 2021, "dt": "2021-05-24T07:15:00", "WOJ": 22, "sev": 1, "c": [ 255, 255, 0, 160 ], "dmg": 1, "sli": 1, "ser": 0, "fat": 0, "row": -1, "mot": -1, "pie": 1, "uto": -1, "uwr": -1 }, "geometry": { "type": "Point", "coordinates": [ 17.025556, 54.464 ] } },
{ "type": "Feature", "properties": { "ID": 110205033, "yr": 2021, "dt": "2021-05-24T14:35:00", "WOJ": 22, "sev": 1, "c": [ 255, 255, 0, 160 ], "dmg": 1, "sli": 1, "ser": 0, "fat": 0, "row": -1, "mot": -1, "pie": -1, "uto": -1, "uwr": -1 }, "geometry": { "type": "Point", "coordinates": [ 18.557667, 54.330833 ] } },
{ "type": "Feature", "properties": { "ID": 110207747, "yr": 2021, "dt": "2021-05-25T13:55:42", "WOJ": 22, "sev": 1, "c": [ 255, 255, 0, 160 ], "dmg": 1, "sli": 1, "ser": 0, "fat": 0, "row": 1, "mot": -1, "pie": -1, "uto": -1, "uwr": -1 }, "geometry": { "type": "Point", "coordinates": [ 17.019833, 54.454222 ] } },
{ "type": "Feature", "properties": { "ID": 110192710, "yr": 2021, "dt": "2021-05-19T13:40:00", "WOJ": 22, "sev": 1, "c": [ 255, 255, 0, 160 ], "dmg": 1, "sli": 1, "ser": 0, "fat": 0, "row": -1, "mot": -1, "pie": 1, "uto": -1, "uwr": -1 }, "geometry": { "type": "Point", "coordinates": [ 19.034361, 54.031694 ] } },
{ "type": "Feature", "properties": { "ID": 110192215, "yr": 2021, "dt": "2021-05-19T11:47:00", "WOJ": 22, "sev": 1, "c": [ 255, 255, 0, 160 ], "dmg": 1, "sli": 1, "ser": 0, "fat": 0, "row": -1, "mot": -1, "pie": 1, "uto": -1, "uwr": -1 }, "geometry": { "type": "Point", "coordinates": [ 18.790278, 54.087083 ] } },
{ "type": "Feature", "properties": { "ID": 110191060, "yr": 2021, "dt": "2021-05-19T11:14:17", "WOJ": 22, "sev": 1, "c": [ 255, 255, 0, 160 ], "dmg": 0, "sli": 1, "ser": 0, "fat": 0, "row": -1, "mot": -1, "pie": -1, "uto": -1, "uwr": -1 }, "geometry": { "type": "Point", "coordinates": [ 17.319, 53.696222 ] } },
{ "type": "Feature", "properties": { "ID": 113405854, "yr": 2021, "dt": "2021-11-11T11:44:01", "WOJ": 22, "sev": 1, "c": [ 255, 255, 0, 160 ], "dmg": 1, "sli": 1, "ser": 0, "fat": 0, "row": -1, "mot": -1, "pie": 1, "uto": -1, "uwr": -1 }, "geometry": { "type": "Point", "coordinates": [ 18.787333, 54.095528 ] } },
{ "type": "Feature", "properties": { "ID": 113422835, "yr": 2021, "dt": "2021-11-12T13:47:12", "WOJ": 22, "sev": 1, "c": [ 255, 255, 0, 160 ], "dmg": 1, "sli": 1, "ser": 0, "fat": 0, "row": 1, "mot": -1, "pie": -1, "uto": -1, "uwr": -1 }, "geometry": { "type": "Point", "coordinates": [ 17.981778, 54.122306 ] } },
{ "type": "Feature", "properties": { "ID": 113404803, "yr": 2021, "dt": "2021-11-12T17:45:20", "WOJ": 22, "sev": 1, "c": [ 255, 255, 0, 160 ], "dmg": 2, "sli": 2, "ser": 0, "fat": 0, "row": -1, "mot": -1, "pie": -1, "uto": -1, "uwr": -1 }, "geometry": { "type": "Point", "coordinates": [ 18.519667, 53.976722 ] } },
{ "type": "Feature", "properties": { "ID": 113423964, "yr": 2021, "dt": "2021-11-12T20:54:46", "WOJ": 22, "sev": 1, "c": [ 255, 255, 0, 160 ], "dmg": 1, "sli": 1, "ser": 0, "fat": 0, "row": -1, "mot": -1, "pie": -1, "uto": -1, "uwr": -1 }, "geometry": { "type": "Point", "coordinates": [ 18.833417, 53.839361 ] } },
{ "type": "Feature", "properties": { "ID": 113288004, "yr": 2021, "dt": "2021-11-04T09:35:00", "WOJ": 22, "sev": 1, "c": [ 255, 255, 0, 160 ], "dmg": 1, "sli": 1, "ser": 0, "fat": 0, "row": 1, "mot": -1, "pie": -1, "uto": -1, "uwr": -1 }, "geometry": { "type": "Point", "coordinates": [ 17.97375, 53.795389 ] } },
{ "type": "Feature", "properties": { "ID": 113086232, "yr": 2021, "dt": "2021-11-04T07:46:12", "WOJ": 22, "sev": 1, "c": [ 255, 255, 0, 160 ], "dmg": 2, "sli": 1, "ser": 0, "fat": 0, "row": -1, "mot": -1, "pie": -1, "uto": -1, "uwr": -1 }, "geometry": { "type": "Point", "coordinates": [ 19.010542, 54.01445 ] } },
{ "type": "Feature", "properties": { "ID": 113203852, "yr": 2021, "dt": "2021-11-05T09:30:00", "WOJ": 22, "sev": 1, "c": [ 255, 255, 0, 160 ], "dmg": 1, "sli": 1, "ser": 0, "fat": 0, "row": -1, "mot": -1, "pie": 1, "uto": -1, "uwr": -1 }, "geometry": { "type": "Point", "coordinates": [ 18.622056, 54.385583 ] } },
{ "type": "Feature", "properties": { "ID": 113086672, "yr": 2021, "dt": "2021-11-05T07:00:00", "WOJ": 22, "sev": 1, "c": [ 255, 255, 0, 160 ], "dmg": 1, "sli": 1, "ser": 0, "fat": 0, "row": 1, "mot": -1, "pie": -1, "uto": -1, "uwr": -1 }, "geometry": { "type": "Point", "coordinates": [ 18.597722, 54.370972 ] } },
{ "type": "Feature", "properties": { "ID": 113203859, "yr": 2021, "dt": "2021-11-05T10:37:37", "WOJ": 22, "sev": 1, "c": [ 255, 255, 0, 160 ], "dmg": 1, "sli": 1, "ser": 0, "fat": 0, "row": -1, "mot": -1, "pie": -1, "uto": -1, "uwr": -1 }, "geometry": { "type": "Point", "coordinates": [ 19.024056, 54.025361 ] } },
{ "type": "Feature", "properties": { "ID": 113205158, "yr": 2021, "dt": "2021-11-05T19:56:38", "WOJ": 22, "sev": 1, "c": [ 255, 255, 0, 160 ], "dmg": 1, "sli": 1, "ser": 0, "fat": 0, "row": -1, "mot": -1, "pie": -1, "uto": -1, "uwr": -1 }, "geometry": { "type": "Point", "coordinates": [ 17.999917, 54.081194 ] } },
{ "type": "Feature", "properties": { "ID": 110217201, "yr": 2021, "dt": "2021-05-26T18:00:00", "WOJ": 22, "sev": 1, "c": [ 255, 255, 0, 160 ], "dmg": 1, "sli": 1, "ser": 0, "fat": 0, "row": 1, "mot": -1, "pie": -1, "uto": -1, "uwr": -1 }, "geometry": { "type": "Point", "coordinates": [ 17.022583, 54.455778 ] } },
{ "type": "Feature", "properties": { "ID": 110210156, "yr": 2021, "dt": "2021-05-26T22:40:00", "WOJ": 22, "sev": 1, "c": [ 255, 255, 0, 160 ], "dmg": 1, "sli": 1, "ser": 0, "fat": 0, "row": -1, "mot": -1, "pie": 1, "uto": -1, "uwr": -1 }, "geometry": { "type": "Point", "coordinates": [ 18.539167, 54.519556 ] } },
{ "type": "Feature", "properties": { "ID": 110210440, "yr": 2021, "dt": "2021-05-27T09:53:43", "WOJ": 22, "sev": 1, "c": [ 255, 255, 0, 160 ], "dmg": 2, "sli": 1, "ser": 0, "fat": 0, "row": -1, "mot": -1, "pie": -1, "uto": -1, "uwr": -1 }, "geometry": { "type": "Point", "coordinates": [ 18.629944, 54.239889 ] } },
{ "type": "Feature", "properties": { "ID": 110210262, "yr": 2021, "dt": "2021-05-27T06:30:00", "WOJ": 22, "sev": 1, "c": [ 255, 255, 0, 160 ], "dmg": 1, "sli": 1, "ser": 0, "fat": 0, "row": 1, "mot": -1, "pie": -1, "uto": -1, "uwr": -1 }, "geometry": { "type": "Point", "coordinates": [ 18.648806, 54.388028 ] } },
{ "type": "Feature", "properties": { "ID": 110215249, "yr": 2021, "dt": "2021-05-28T03:30:00", "WOJ": 22, "sev": 1, "c": [ 255, 255, 0, 160 ], "dmg": 1, "sli": 1, "ser": 0, "fat": 0, "row": -1, "mot": -1, "pie": -1, "uto": -1, "uwr": -1 }, "geometry": { "type": "Point", "coordinates": [ 18.163583, 53.870333 ] } },
{ "type": "Feature", "properties": { "ID": 110215938, "yr": 2021, "dt": "2021-05-28T14:47:00", "WOJ": 22, "sev": 1, "c": [ 255, 255, 0, 160 ], "dmg": 2, "sli": 1, "ser": 0, "fat": 0, "row": -1, "mot": -1, "pie": -1, "uto": -1, "uwr": -1 }, "geometry": { "type": "Point", "coordinates": [ 18.624167, 54.372611 ] } },
{ "type": "Feature", "properties": { "ID": 110222184, "yr": 2021, "dt": "2021-05-30T12:54:00", "WOJ": 22, "sev": 1, "c": [ 255, 255, 0, 160 ], "dmg": 1, "sli": 1, "ser": 0, "fat": 0, "row": -1, "mot": 1, "pie": -1, "uto": -1, "uwr": -1 }, "geometry": { "type": "Point", "coordinates": [ 17.794333, 54.325278 ] } },
{ "type": "Feature", "properties": { "ID": 110220098, "yr": 2021, "dt": "2021-05-30T10:40:14", "WOJ": 22, "sev": 1, "c": [ 255, 255, 0, 160 ], "dmg": 1, "sli": 1, "ser": 0, "fat": 0, "row": -1, "mot": 1, "pie": -1, "uto": -1, "uwr": -1 }, "geometry": { "type": "Point", "coordinates": [ 18.953333, 54.121944 ] } },
{ "type": "Feature", "properties": { "ID": 110223330, "yr": 2021, "dt": "2021-05-31T16:13:00", "WOJ": 22, "sev": 1, "c": [ 255, 255, 0, 160 ], "dmg": 1, "sli": 1, "ser": 0, "fat": 0, "row": -1, "mot": -1, "pie": -1, "uto": -1, "uwr": -1 }, "geometry": { "type": "Point", "coordinates": [ 18.671417, 54.051528 ] } },
{ "type": "Feature", "properties": { "ID": 110223303, "yr": 2021, "dt": "2021-05-31T19:30:00", "WOJ": 22, "sev": 1, "c": [ 255, 255, 0, 160 ], "dmg": 1, "sli": 1, "ser": 0, "fat": 0, "row": -1, "mot": -1, "pie": 1, "uto": -1, "uwr": -1 }, "geometry": { "type": "Point", "coordinates": [ 16.983028, 54.456472 ] } },
{ "type": "Feature", "properties": { "ID": 110222964, "yr": 2021, "dt": "2021-05-31T13:30:00", "WOJ": 22, "sev": 1, "c": [ 255, 255, 0, 160 ], "dmg": 1, "sli": 1, "ser": 0, "fat": 0, "row": -1, "mot": -1, "pie": -1, "uto": -1, "uwr": -1 }, "geometry": { "type": "Point", "coordinates": [ 19.489583, 53.863583 ] } },
{ "type": "Feature", "properties": { "ID": 110222668, "yr": 2021, "dt": "2021-05-31T08:35:00", "WOJ": 22, "sev": 1, "c": [ 255, 255, 0, 160 ], "dmg": 1, "sli": 1, "ser": 0, "fat": 0, "row": -1, "mot": -1, "pie": -1, "uto": -1, "uwr": -1 }, "geometry": { "type": "Point", "coordinates": [ 18.542611, 54.519306 ] } },
{ "type": "Feature", "properties": { "ID": 110228531, "yr": 2021, "dt": "2021-05-31T08:18:00", "WOJ": 22, "sev": 1, "c": [ 255, 255, 0, 160 ], "dmg": 3, "sli": 1, "ser": 0, "fat": 0, "row": -1, "mot": -1, "pie": -1, "uto": -1, "uwr": -1 }, "geometry": { "type": "Point", "coordinates": [ 18.497111, 54.288333 ] } },
{ "type": "Feature", "properties": { "ID": 110228986, "yr": 2021, "dt": "2021-05-31T18:39:50", "WOJ": 22, "sev": 1, "c": [ 255, 255, 0, 160 ], "dmg": 1, "sli": 1, "ser": 0, "fat": 0, "row": -1, "mot": -1, "pie": -1, "uto": -1, "uwr": -1 }, "geometry": { "type": "Point", "coordinates": [ 19.029611, 54.017639 ] } },
{ "type": "Feature", "properties": { "ID": 110207736, "yr": 2021, "dt": "2021-05-25T15:08:42", "WOJ": 22, "sev": 1, "c": [ 255, 255, 0, 160 ], "dmg": 1, "sli": 1, "ser": 0, "fat": 0, "row": 1, "mot": -1, "pie": -1, "uto": -1, "uwr": -1 }, "geometry": { "type": "Point", "coordinates": [ 18.459639, 54.274528 ] } },
{ "type": "Feature", "properties": { "ID": 110207049, "yr": 2021, "dt": "2021-05-25T15:15:00", "WOJ": 22, "sev": 1, "c": [ 255, 255, 0, 160 ], "dmg": 1, "sli": 1, "ser": 0, "fat": 0, "row": -1, "mot": -1, "pie": 1, "uto": -1, "uwr": -1 }, "geometry": { "type": "Point", "coordinates": [ 18.639694, 54.339361 ] } },
{ "type": "Feature", "properties": { "ID": 110208251, "yr": 2021, "dt": "2021-05-25T16:30:00", "WOJ": 22, "sev": 1, "c": [ 255, 255, 0, 160 ], "dmg": 1, "sli": 1, "ser": 0, "fat": 0, "row": -1, "mot": -1, "pie": 1, "uto": -1, "uwr": -1 }, "geometry": { "type": "Point", "coordinates": [ 18.326833, 53.938833 ] } },
{ "type": "Feature", "properties": { "ID": 110209564, "yr": 2021, "dt": "2021-05-26T12:28:40", "WOJ": 22, "sev": 1, "c": [ 255, 255, 0, 160 ], "dmg": 2, "sli": 2, "ser": 0, "fat": 0, "row": -1, "mot": -1, "pie": -1, "uto": -1, "uwr": -1 }, "geometry": { "type": "Point", "coordinates": [ 19.155278, 54.326222 ] } },
{ "type": "Feature", "properties": { "ID": 110209008, "yr": 2021, "dt": "2021-05-26T16:37:00", "WOJ": 22, "sev": 1, "c": [ 255, 255, 0, 160 ], "dmg": 1, "sli": 1, "ser": 0, "fat": 0, "row": 1, "mot": 0, "pie": -1, "uto": -1, "uwr": -1 }, "geometry": { "type": "Point", "coordinates": [ 18.649694, 54.264111 ] } },
{ "type": "Feature", "properties": { "ID": 113398847, "yr": 2021, "dt": "2021-11-10T08:10:00", "WOJ": 22, "sev": 1, "c": [ 255, 255, 0, 160 ], "dmg": 1, "sli": 1, "ser": 0, "fat": 0, "row": -1, "mot": -1, "pie": 1, "uto": -1, "uwr": -1 }, "geometry": { "type": "Point", "coordinates": [ 17.034, 54.467389 ] } },
{ "type": "Feature", "properties": { "ID": 113404125, "yr": 2021, "dt": "2021-11-11T18:55:00", "WOJ": 22, "sev": 1, "c": [ 255, 255, 0, 160 ], "dmg": 0, "sli": 2, "ser": 0, "fat": 0, "row": 1, "mot": -1, "pie": -1, "uto": -1, "uwr": -1 }, "geometry": { "type": "Point", "coordinates": [ 17.486056, 54.187111 ] } },
{ "type": "Feature", "properties": { "ID": 113404098, "yr": 2021, "dt": "2021-11-11T16:49:17", "WOJ": 22, "sev": 1, "c": [ 255, 255, 0, 160 ], "dmg": 1, "sli": 1, "ser": 0, "fat": 0, "row": -1, "mot": -1, "pie": -1, "uto": -1, "uwr": -1 }, "geometry": { "type": "Point", "coordinates": [ 17.954778, 54.459389 ] } },
{ "type": "Feature", "properties": { "ID": 110255567, "yr": 2021, "dt": "2021-06-05T07:48:48", "WOJ": 22, "sev": 1, "c": [ 255, 255, 0, 160 ], "dmg": 1, "sli": 1, "ser": 0, "fat": 0, "row": -1, "mot": -1, "pie": -1, "uto": -1, "uwr": -1 }, "geometry": { "type": "Point", "coordinates": [ 18.773583, 53.920611 ] } },
{ "type": "Feature", "properties": { "ID": 110228841, "yr": 2021, "dt": "2021-05-31T16:11:33", "WOJ": 22, "sev": 1, "c": [ 255, 255, 0, 160 ], "dmg": 1, "sli": 1, "ser": 0, "fat": 0, "row": -1, "mot": 1, "pie": -1, "uto": -1, "uwr": -1 }, "geometry": { "type": "Point", "coordinates": [ 18.64025, 54.247889 ] } },
{ "type": "Feature", "properties": { "ID": 110231587, "yr": 2021, "dt": "2021-06-01T08:26:13", "WOJ": 22, "sev": 1, "c": [ 255, 255, 0, 160 ], "dmg": 1, "sli": 1, "ser": 0, "fat": 0, "row": 1, "mot": -1, "pie": -1, "uto": -1, "uwr": -1 }, "geometry": { "type": "Point", "coordinates": [ 17.560389, 53.694139 ] } },
{ "type": "Feature", "properties": { "ID": 110223439, "yr": 2021, "dt": "2021-06-01T01:39:00", "WOJ": 22, "sev": 1, "c": [ 255, 255, 0, 160 ], "dmg": 0, "sli": 1, "ser": 0, "fat": 0, "row": -1, "mot": -1, "pie": -1, "uto": -1, "uwr": -1 }, "geometry": { "type": "Point", "coordinates": [ 18.352778, 54.646389 ] } },
{ "type": "Feature", "properties": { "ID": 110230515, "yr": 2021, "dt": "2021-06-01T05:45:00", "WOJ": 22, "sev": 1, "c": [ 255, 255, 0, 160 ], "dmg": 1, "sli": 1, "ser": 0, "fat": 0, "row": 1, "mot": -1, "pie": -1, "uto": -1, "uwr": -1 }, "geometry": { "type": "Point", "coordinates": [ 18.632917, 54.350972 ] } },
{ "type": "Feature", "properties": { "ID": 110235806, "yr": 2021, "dt": "2021-06-01T12:43:57", "WOJ": 22, "sev": 1, "c": [ 255, 255, 0, 160 ], "dmg": 2, "sli": 1, "ser": 0, "fat": 0, "row": -1, "mot": -1, "pie": -1, "uto": -1, "uwr": -1 }, "geometry": { "type": "Point", "coordinates": [ 17.693694, 54.138639 ] } },
{ "type": "Feature", "properties": { "ID": 110231812, "yr": 2021, "dt": "2021-06-01T11:49:50", "WOJ": 22, "sev": 1, "c": [ 255, 255, 0, 160 ], "dmg": 0, "sli": 2, "ser": 0, "fat": 0, "row": -1, "mot": -1, "pie": -1, "uto": -1, "uwr": -1 }, "geometry": { "type": "Point", "coordinates": [ 18.43575, 53.830917 ] } },
{ "type": "Feature", "properties": { "ID": 110235549, "yr": 2021, "dt": "2021-06-01T09:43:15", "WOJ": 22, "sev": 1, "c": [ 255, 255, 0, 160 ], "dmg": 1, "sli": 1, "ser": 0, "fat": 0, "row": -1, "mot": 1, "pie": -1, "uto": -1, "uwr": -1 }, "geometry": { "type": "Point", "coordinates": [ 17.712139, 54.347444 ] } },
{ "type": "Feature", "properties": { "ID": 110232259, "yr": 2021, "dt": "2021-06-01T17:32:07", "WOJ": 22, "sev": 1, "c": [ 255, 255, 0, 160 ], "dmg": 1, "sli": 1, "ser": 0, "fat": 0, "row": -1, "mot": -1, "pie": -1, "uto": -1, "uwr": -1 }, "geometry": { "type": "Point", "coordinates": [ 18.561639, 54.112611 ] } },
{ "type": "Feature", "properties": { "ID": 110231728, "yr": 2021, "dt": "2021-06-01T10:23:42", "WOJ": 22, "sev": 1, "c": [ 255, 255, 0, 160 ], "dmg": 1, "sli": 1, "ser": 0, "fat": 0, "row": -1, "mot": -1, "pie": -1, "uto": -1, "uwr": -1 }, "geometry": { "type": "Point", "coordinates": [ 18.327722, 54.198333 ] } },
{ "type": "Feature", "properties": { "ID": 110249531, "yr": 2021, "dt": "2021-06-02T09:39:13", "WOJ": 22, "sev": 1, "c": [ 255, 255, 0, 160 ], "dmg": 1, "sli": 1, "ser": 0, "fat": 0, "row": -1, "mot": 1, "pie": -1, "uto": -1, "uwr": -1 }, "geometry": { "type": "Point", "coordinates": [ 18.166444, 54.609111 ] } },
{ "type": "Feature", "properties": { "ID": 110219525, "yr": 2021, "dt": "2021-05-29T10:20:00", "WOJ": 22, "sev": 1, "c": [ 255, 255, 0, 160 ], "dmg": 2, "sli": 1, "ser": 0, "fat": 0, "row": -1, "mot": -1, "pie": -1, "uto": -1, "uwr": -1 }, "geometry": { "type": "Point", "coordinates": [ 18.508028, 54.375833 ] } },
{ "type": "Feature", "properties": { "ID": 110219723, "yr": 2021, "dt": "2021-05-29T12:07:00", "WOJ": 22, "sev": 1, "c": [ 255, 255, 0, 160 ], "dmg": 1, "sli": 1, "ser": 0, "fat": 0, "row": -1, "mot": -1, "pie": 1, "uto": -1, "uwr": -1 }, "geometry": { "type": "Point", "coordinates": [ 17.490556, 54.169583 ] } },
{ "type": "Feature", "properties": { "ID": 110304247, "yr": 2021, "dt": "2021-05-29T12:20:00", "WOJ": 22, "sev": 1, "c": [ 255, 255, 0, 160 ], "dmg": 1, "sli": 1, "ser": 0, "fat": 0, "row": 1, "mot": -1, "pie": -1, "uto": -1, "uwr": -1 }, "geometry": { "type": "Point", "coordinates": [ 18.624167, 54.3725 ] } },
{ "type": "Feature", "properties": { "ID": 110231700, "yr": 2021, "dt": "2021-05-29T16:05:00", "WOJ": 22, "sev": 1, "c": [ 255, 255, 0, 160 ], "dmg": 1, "sli": 1, "ser": 0, "fat": 0, "row": 0, "mot": -1, "pie": 1, "uto": -1, "uwr": -1 }, "geometry": { "type": "Point", "coordinates": [ 17.565167, 54.093889 ] } },
{ "type": "Feature", "properties": { "ID": 110218651, "yr": 2021, "dt": "2021-05-29T12:32:00", "WOJ": 22, "sev": 1, "c": [ 255, 255, 0, 160 ], "dmg": 3, "sli": 1, "ser": 0, "fat": 0, "row": -1, "mot": -1, "pie": -1, "uto": -1, "uwr": -1 }, "geometry": { "type": "Point", "coordinates": [ 18.411222, 54.391083 ] } },
{ "type": "Feature", "properties": { "ID": 110250182, "yr": 2021, "dt": "2021-06-02T16:42:51", "WOJ": 22, "sev": 1, "c": [ 255, 255, 0, 160 ], "dmg": 1, "sli": 1, "ser": 0, "fat": 0, "row": 1, "mot": -1, "pie": -1, "uto": -1, "uwr": -1 }, "geometry": { "type": "Point", "coordinates": [ 18.631222, 54.245 ] } },
{ "type": "Feature", "properties": { "ID": 110252209, "yr": 2021, "dt": "2021-06-03T15:50:18", "WOJ": 22, "sev": 1, "c": [ 255, 255, 0, 160 ], "dmg": 1, "sli": 1, "ser": 0, "fat": 0, "row": -1, "mot": -1, "pie": -1, "uto": -1, "uwr": -1 }, "geometry": { "type": "Point", "coordinates": [ 18.372417, 54.64825 ] } },
{ "type": "Feature", "properties": { "ID": 110252980, "yr": 2021, "dt": "2021-06-03T18:30:00", "WOJ": 22, "sev": 1, "c": [ 255, 255, 0, 160 ], "dmg": 1, "sli": 1, "ser": 0, "fat": 0, "row": 1, "mot": -1, "pie": -1, "uto": -1, "uwr": -1 }, "geometry": { "type": "Point", "coordinates": [ 18.598778, 54.419444 ] } },
{ "type": "Feature", "properties": { "ID": 110254103, "yr": 2021, "dt": "2021-06-04T19:00:41", "WOJ": 22, "sev": 1, "c": [ 255, 255, 0, 160 ], "dmg": 1, "sli": 1, "ser": 0, "fat": 0, "row": 1, "mot": -1, "pie": -1, "uto": -1, "uwr": -1 }, "geometry": { "type": "Point", "coordinates": [ 18.635083, 54.262528 ] } },
{ "type": "Feature", "properties": { "ID": 113258848, "yr": 2021, "dt": "2021-11-05T18:21:00", "WOJ": 22, "sev": 1, "c": [ 255, 255, 0, 160 ], "dmg": 2, "sli": 1, "ser": 0, "fat": 0, "row": -1, "mot": -1, "pie": -1, "uto": -1, "uwr": -1 }, "geometry": { "type": "Point", "coordinates": [ 18.597583, 54.346528 ] } },
{ "type": "Feature", "properties": { "ID": 113086739, "yr": 2021, "dt": "2021-11-05T08:16:41", "WOJ": 22, "sev": 1, "c": [ 255, 255, 0, 160 ], "dmg": 1, "sli": 1, "ser": 0, "fat": 0, "row": 1, "mot": -1, "pie": -1, "uto": -1, "uwr": -1 }, "geometry": { "type": "Point", "coordinates": [ 18.203417, 54.132722 ] } },
{ "type": "Feature", "properties": { "ID": 113205597, "yr": 2021, "dt": "2021-11-07T21:06:00", "WOJ": 22, "sev": 1, "c": [ 255, 255, 0, 160 ], "dmg": 1, "sli": 1, "ser": 0, "fat": 0, "row": -1, "mot": -1, "pie": -1, "uto": -1, "uwr": -1 }, "geometry": { "type": "Point", "coordinates": [ 17.547278, 54.210028 ] } },
{ "type": "Feature", "properties": { "ID": 113336100, "yr": 2021, "dt": "2021-11-08T07:15:00", "WOJ": 22, "sev": 1, "c": [ 255, 255, 0, 160 ], "dmg": 1, "sli": 1, "ser": 0, "fat": 0, "row": -1, "mot": -1, "pie": 1, "uto": -1, "uwr": -1 }, "geometry": { "type": "Point", "coordinates": [ 17.565556, 53.693611 ] } },
{ "type": "Feature", "properties": { "ID": 113304407, "yr": 2021, "dt": "2021-11-09T08:03:56", "WOJ": 22, "sev": 1, "c": [ 255, 255, 0, 160 ], "dmg": 1, "sli": 1, "ser": 0, "fat": 0, "row": 1, "mot": -1, "pie": -1, "uto": -1, "uwr": -1 }, "geometry": { "type": "Point", "coordinates": [ 18.411583, 54.706083 ] } },
{ "type": "Feature", "properties": { "ID": 113846820, "yr": 2021, "dt": "2021-11-02T05:45:00", "WOJ": 22, "sev": 1, "c": [ 255, 255, 0, 160 ], "dmg": 1, "sli": 1, "ser": 0, "fat": 0, "row": -1, "mot": -1, "pie": 1, "uto": -1, "uwr": -1 }, "geometry": { "type": "Point", "coordinates": [ 18.394806, 53.853639 ] } },
{ "type": "Feature", "properties": { "ID": 113287991, "yr": 2021, "dt": "2021-11-02T12:00:00", "WOJ": 22, "sev": 1, "c": [ 255, 255, 0, 160 ], "dmg": 1, "sli": 1, "ser": 0, "fat": 0, "row": -1, "mot": -1, "pie": -1, "uto": -1, "uwr": -1 }, "geometry": { "type": "Point", "coordinates": [ 18.613611, 54.375833 ] } },
{ "type": "Feature", "properties": { "ID": 113068183, "yr": 2021, "dt": "2021-11-02T07:59:00", "WOJ": 22, "sev": 1, "c": [ 255, 255, 0, 160 ], "dmg": 1, "sli": 1, "ser": 0, "fat": 0, "row": 1, "mot": -1, "pie": -1, "uto": -1, "uwr": -1 }, "geometry": { "type": "Point", "coordinates": [ 18.622222, 54.383389 ] } },
{ "type": "Feature", "properties": { "ID": 113067005, "yr": 2021, "dt": "2021-11-02T05:30:00", "WOJ": 22, "sev": 1, "c": [ 255, 255, 0, 160 ], "dmg": 1, "sli": 1, "ser": 0, "fat": 0, "row": 1, "mot": -1, "pie": -1, "uto": -1, "uwr": -1 }, "geometry": { "type": "Point", "coordinates": [ 18.678806, 54.34875 ] } },
{ "type": "Feature", "properties": { "ID": 113288008, "yr": 2021, "dt": "2021-11-03T10:30:00", "WOJ": 22, "sev": 1, "c": [ 255, 255, 0, 160 ], "dmg": 1, "sli": 1, "ser": 0, "fat": 0, "row": -1, "mot": -1, "pie": -1, "uto": -1, "uwr": -1 }, "geometry": { "type": "Point", "coordinates": [ 18.642833, 54.356361 ] } },
{ "type": "Feature", "properties": { "ID": 110253735, "yr": 2021, "dt": "2021-06-04T12:15:00", "WOJ": 22, "sev": 1, "c": [ 255, 255, 0, 160 ], "dmg": 1, "sli": 1, "ser": 0, "fat": 0, "row": -1, "mot": 1, "pie": -1, "uto": -1, "uwr": -1 }, "geometry": { "type": "Point", "coordinates": [ 18.564167, 54.409861 ] } },
{ "type": "Feature", "properties": { "ID": 110254708, "yr": 2021, "dt": "2021-06-04T22:20:00", "WOJ": 22, "sev": 1, "c": [ 255, 255, 0, 160 ], "dmg": 1, "sli": 1, "ser": 0, "fat": 0, "row": -1, "mot": -1, "pie": 1, "uto": -1, "uwr": -1 }, "geometry": { "type": "Point", "coordinates": [ 19.01025, 53.929083 ] } },
{ "type": "Feature", "properties": { "ID": 110264161, "yr": 2021, "dt": "2021-06-10T11:50:00", "WOJ": 22, "sev": 1, "c": [ 255, 255, 0, 160 ], "dmg": 1, "sli": 1, "ser": 0, "fat": 0, "row": 0, "mot": -1, "pie": 1, "uto": -1, "uwr": -1 }, "geometry": { "type": "Point", "coordinates": [ 17.013528, 54.463333 ] } },
{ "type": "Feature", "properties": { "ID": 110264036, "yr": 2021, "dt": "2021-06-10T10:20:00", "WOJ": 22, "sev": 1, "c": [ 255, 255, 0, 160 ], "dmg": 1, "sli": 1, "ser": 0, "fat": 0, "row": -1, "mot": -1, "pie": -1, "uto": -1, "uwr": -1 }, "geometry": { "type": "Point", "coordinates": [ 18.517611, 54.556722 ] } },
{ "type": "Feature", "properties": { "ID": 110255970, "yr": 2021, "dt": "2021-06-05T19:50:06", "WOJ": 22, "sev": 1, "c": [ 255, 255, 0, 160 ], "dmg": 1, "sli": 1, "ser": 0, "fat": 0, "row": 1, "mot": -1, "pie": -1, "uto": -1, "uwr": -1 }, "geometry": { "type": "Point", "coordinates": [ 18.635667, 53.690889 ] } },
{ "type": "Feature", "properties": { "ID": 110255247, "yr": 2021, "dt": "2021-06-06T02:50:00", "WOJ": 22, "sev": 1, "c": [ 255, 255, 0, 160 ], "dmg": 0, "sli": 1, "ser": 0, "fat": 0, "row": -1, "mot": -1, "pie": -1, "uto": -1, "uwr": -1 }, "geometry": { "type": "Point", "coordinates": [ 18.510278, 54.161083 ] } },
{ "type": "Feature", "properties": { "ID": 110256241, "yr": 2021, "dt": "2021-06-06T13:35:00", "WOJ": 22, "sev": 1, "c": [ 255, 255, 0, 160 ], "dmg": 0, "sli": 1, "ser": 0, "fat": 0, "row": 1, "mot": -1, "pie": -1, "uto": -1, "uwr": -1 }, "geometry": { "type": "Point", "coordinates": [ 17.980972, 54.255444 ] } },
{ "type": "Feature", "properties": { "ID": 110256340, "yr": 2021, "dt": "2021-06-06T16:55:00", "WOJ": 22, "sev": 1, "c": [ 255, 255, 0, 160 ], "dmg": 1, "sli": 1, "ser": 0, "fat": 0, "row": 1, "mot": -1, "pie": -1, "uto": -1, "uwr": -1 }, "geometry": { "type": "Point", "coordinates": [ 18.592278, 54.401778 ] } },
{ "type": "Feature", "properties": { "ID": 110259984, "yr": 2021, "dt": "2021-06-07T18:13:42", "WOJ": 22, "sev": 1, "c": [ 255, 255, 0, 160 ], "dmg": 1, "sli": 1, "ser": 0, "fat": 0, "row": 1, "mot": -1, "pie": 0, "uto": -1, "uwr": -1 }, "geometry": { "type": "Point", "coordinates": [ 18.832389, 54.099472 ] } },
{ "type": "Feature", "properties": { "ID": 110257206, "yr": 2021, "dt": "2021-06-07T16:45:00", "WOJ": 22, "sev": 1, "c": [ 255, 255, 0, 160 ], "dmg": 1, "sli": 1, "ser": 0, "fat": 0, "row": -1, "mot": -1, "pie": 1, "uto": -1, "uwr": -1 }, "geometry": { "type": "Point", "coordinates": [ 17.05025, 54.665778 ] } },
{ "type": "Feature", "properties": { "ID": 110260068, "yr": 2021, "dt": "2021-06-07T18:35:13", "WOJ": 22, "sev": 1, "c": [ 255, 255, 0, 160 ], "dmg": 1, "sli": 1, "ser": 0, "fat": 0, "row": 1, "mot": -1, "pie": -1, "uto": -1, "uwr": -1 }, "geometry": { "type": "Point", "coordinates": [ 18.555083, 54.33 ] } },
{ "type": "Feature", "properties": { "ID": 110257268, "yr": 2021, "dt": "2021-06-07T21:13:23", "WOJ": 22, "sev": 1, "c": [ 255, 255, 0, 160 ], "dmg": 1, "sli": 1, "ser": 0, "fat": 0, "row": -1, "mot": -1, "pie": -1, "uto": -1, "uwr": -1 }, "geometry": { "type": "Point", "coordinates": [ 18.555028, 54.479806 ] } },
{ "type": "Feature", "properties": { "ID": 110259956, "yr": 2021, "dt": "2021-06-07T18:00:28", "WOJ": 22, "sev": 1, "c": [ 255, 255, 0, 160 ], "dmg": 1, "sli": 1, "ser": 0, "fat": 0, "row": 1, "mot": -1, "pie": -1, "uto": -1, "uwr": -1 }, "geometry": { "type": "Point", "coordinates": [ 17.610056, 53.691583 ] } },
{ "type": "Feature", "properties": { "ID": 110259926, "yr": 2021, "dt": "2021-06-07T17:31:24", "WOJ": 22, "sev": 1, "c": [ 255, 255, 0, 160 ], "dmg": 1, "sli": 1, "ser": 0, "fat": 0, "row": 1, "mot": -1, "pie": -1, "uto": -1, "uwr": -1 }, "geometry": { "type": "Point", "coordinates": [ 18.640194, 54.270056 ] } },
{ "type": "Feature", "properties": { "ID": 110257800, "yr": 2021, "dt": "2021-06-07T08:54:34", "WOJ": 22, "sev": 1, "c": [ 255, 255, 0, 160 ], "dmg": 1, "sli": 1, "ser": 0, "fat": 0, "row": -1, "mot": -1, "pie": 1, "uto": -1, "uwr": -1 }, "geometry": { "type": "Point", "coordinates": [ 18.931, 53.726444 ] } },
{ "type": "Feature", "properties": { "ID": 110257068, "yr": 2021, "dt": "2021-06-07T14:00:00", "WOJ": 22, "sev": 1, "c": [ 255, 255, 0, 160 ], "dmg": 1, "sli": 1, "ser": 0, "fat": 0, "row": -1, "mot": -1, "pie": -1, "uto": -1, "uwr": -1 }, "geometry": { "type": "Point", "coordinates": [ 18.602167, 54.394694 ] } },
{ "type": "Feature", "properties": { "ID": 110242489, "yr": 2021, "dt": "2021-06-02T06:30:50", "WOJ": 22, "sev": 1, "c": [ 255, 255, 0, 160 ], "dmg": 1, "sli": 1, "ser": 0, "fat": 0, "row": -1, "mot": -1, "pie": -1, "uto": -1, "uwr": -1 }, "geometry": { "type": "Point", "coordinates": [ 18.393278, 54.580056 ] } },
{ "type": "Feature", "properties": { "ID": 110242501, "yr": 2021, "dt": "2021-06-02T08:00:19", "WOJ": 22, "sev": 1, "c": [ 255, 255, 0, 160 ], "dmg": 1, "sli": 1, "ser": 0, "fat": 0, "row": 1, "mot": -1, "pie": -1, "uto": -1, "uwr": -1 }, "geometry": { "type": "Point", "coordinates": [ 18.669278, 54.264333 ] } },
{ "type": "Feature", "properties": { "ID": 113143274, "yr": 2021, "dt": "2021-11-03T06:50:00", "WOJ": 22, "sev": 1, "c": [ 255, 255, 0, 160 ], "dmg": 1, "sli": 1, "ser": 0, "fat": 0, "row": -1, "mot": -1, "pie": 1, "uto": -1, "uwr": -1 }, "geometry": { "type": "Point", "coordinates": [ 18.791167, 54.082944 ] } },
{ "type": "Feature", "properties": { "ID": 113099818, "yr": 2021, "dt": "2021-11-03T08:24:32", "WOJ": 22, "sev": 1, "c": [ 255, 255, 0, 160 ], "dmg": 1, "sli": 1, "ser": 0, "fat": 0, "row": -1, "mot": -1, "pie": -1, "uto": -1, "uwr": -1 }, "geometry": { "type": "Point", "coordinates": [ 18.379389, 54.474361 ] } },
{ "type": "Feature", "properties": { "ID": 113086407, "yr": 2021, "dt": "2021-11-03T09:00:00", "WOJ": 22, "sev": 1, "c": [ 255, 255, 0, 160 ], "dmg": 1, "sli": 1, "ser": 0, "fat": 0, "row": -1, "mot": -1, "pie": -1, "uto": -1, "uwr": -1 }, "geometry": { "type": "Point", "coordinates": [ 18.073694, 54.470639 ] } },
{ "type": "Feature", "properties": { "ID": 113143436, "yr": 2021, "dt": "2021-11-04T17:00:00", "WOJ": 22, "sev": 1, "c": [ 255, 255, 0, 160 ], "dmg": 1, "sli": 1, "ser": 0, "fat": 0, "row": -1, "mot": -1, "pie": 1, "uto": -1, "uwr": -1 }, "geometry": { "type": "Point", "coordinates": [ 17.757778, 54.5325 ] } },
{ "type": "Feature", "properties": { "ID": 113275181, "yr": 2021, "dt": "2021-11-04T17:50:00", "WOJ": 22, "sev": 1, "c": [ 255, 255, 0, 160 ], "dmg": 0, "sli": 1, "ser": 0, "fat": 0, "row": 1, "mot": -1, "pie": -1, "uto": -1, "uwr": -1 }, "geometry": { "type": "Point", "coordinates": [ 18.799833, 54.090028 ] } },
{ "type": "Feature", "properties": { "ID": 113178921, "yr": 2021, "dt": "2021-11-04T15:55:00", "WOJ": 22, "sev": 1, "c": [ 255, 255, 0, 160 ], "dmg": 1, "sli": 1, "ser": 0, "fat": 0, "row": 1, "mot": -1, "pie": -1, "uto": -1, "uwr": -1 }, "geometry": { "type": "Point", "coordinates": [ 18.67475, 54.349361 ] } },
{ "type": "Feature", "properties": { "ID": 113179011, "yr": 2021, "dt": "2021-11-04T18:06:32", "WOJ": 22, "sev": 1, "c": [ 255, 255, 0, 160 ], "dmg": 1, "sli": 1, "ser": 0, "fat": 0, "row": -1, "mot": -1, "pie": 1, "uto": -1, "uwr": -1 }, "geometry": { "type": "Point", "coordinates": [ 17.969028, 54.122333 ] } },
{ "type": "Feature", "properties": { "ID": 113022535, "yr": 2021, "dt": "2021-10-29T09:51:00", "WOJ": 22, "sev": 1, "c": [ 255, 255, 0, 160 ], "dmg": 1, "sli": 1, "ser": 0, "fat": 0, "row": -1, "mot": -1, "pie": -1, "uto": -1, "uwr": -1 }, "geometry": { "type": "Point", "coordinates": [ 18.693056, 54.693167 ] } },
{ "type": "Feature", "properties": { "ID": 113023145, "yr": 2021, "dt": "2021-10-29T12:55:58", "WOJ": 22, "sev": 1, "c": [ 255, 255, 0, 160 ], "dmg": 2, "sli": 1, "ser": 0, "fat": 0, "row": -1, "mot": -1, "pie": 1, "uto": -1, "uwr": -1 }, "geometry": { "type": "Point", "coordinates": [ 18.584056, 54.275444 ] } },
{ "type": "Feature", "properties": { "ID": 113023233, "yr": 2021, "dt": "2021-10-29T13:20:00", "WOJ": 22, "sev": 1, "c": [ 255, 255, 0, 160 ], "dmg": 2, "sli": 1, "ser": 0, "fat": 0, "row": -1, "mot": -1, "pie": -1, "uto": -1, "uwr": -1 }, "geometry": { "type": "Point", "coordinates": [ 17.205222, 54.589472 ] } },
{ "type": "Feature", "properties": { "ID": 113034832, "yr": 2021, "dt": "2021-10-29T14:06:00", "WOJ": 22, "sev": 1, "c": [ 255, 255, 0, 160 ], "dmg": 1, "sli": 1, "ser": 0, "fat": 0, "row": -1, "mot": -1, "pie": -1, "uto": -1, "uwr": -1 }, "geometry": { "type": "Point", "coordinates": [ 18.521639, 54.54925 ] } },
{ "type": "Feature", "properties": { "ID": 113022487, "yr": 2021, "dt": "2021-10-29T07:15:00", "WOJ": 22, "sev": 1, "c": [ 255, 255, 0, 160 ], "dmg": 1, "sli": 1, "ser": 0, "fat": 0, "row": -1, "mot": -1, "pie": -1, "uto": -1, "uwr": -1 }, "geometry": { "type": "Point", "coordinates": [ 18.538417, 54.329083 ] } },
{ "type": "Feature", "properties": { "ID": 113035490, "yr": 2021, "dt": "2021-10-30T12:49:19", "WOJ": 22, "sev": 1, "c": [ 255, 255, 0, 160 ], "dmg": 2, "sli": 1, "ser": 0, "fat": 0, "row": -1, "mot": -1, "pie": -1, "uto": -1, "uwr": -1 }, "geometry": { "type": "Point", "coordinates": [ 18.035333, 54.159083 ] } },
{ "type": "Feature", "properties": { "ID": 110264522, "yr": 2021, "dt": "2021-06-09T19:59:24", "WOJ": 22, "sev": 1, "c": [ 255, 255, 0, 160 ], "dmg": 0, "sli": 1, "ser": 0, "fat": 0, "row": -1, "mot": -1, "pie": -1, "uto": -1, "uwr": -1 }, "geometry": { "type": "Point", "coordinates": [ 17.912806, 54.454639 ] } },
{ "type": "Feature", "properties": { "ID": 110265990, "yr": 2021, "dt": "2021-06-10T19:45:00", "WOJ": 22, "sev": 1, "c": [ 255, 255, 0, 160 ], "dmg": 2, "sli": 1, "ser": 0, "fat": 0, "row": -1, "mot": -1, "pie": -1, "uto": -1, "uwr": -1 }, "geometry": { "type": "Point", "coordinates": [ 17.979167, 54.133056 ] } },
{ "type": "Feature", "properties": { "ID": 110264046, "yr": 2021, "dt": "2021-06-10T10:20:00", "WOJ": 22, "sev": 1, "c": [ 255, 255, 0, 160 ], "dmg": 1, "sli": 1, "ser": 0, "fat": 0, "row": -1, "mot": -1, "pie": -1, "uto": -1, "uwr": -1 }, "geometry": { "type": "Point", "coordinates": [ 18.583639, 54.316917 ] } },
{ "type": "Feature", "properties": { "ID": 110271457, "yr": 2021, "dt": "2021-06-14T08:56:23", "WOJ": 22, "sev": 1, "c": [ 255, 255, 0, 160 ], "dmg": 1, "sli": 1, "ser": 0, "fat": 0, "row": -1, "mot": -1, "pie": 1, "uto": -1, "uwr": -1 }, "geometry": { "type": "Point", "coordinates": [ 18.920083, 53.734 ] } },
{ "type": "Feature", "properties": { "ID": 110275650, "yr": 2021, "dt": "2021-06-15T07:43:13", "WOJ": 22, "sev": 1, "c": [ 255, 255, 0, 160 ], "dmg": 2, "sli": 1, "ser": 0, "fat": 0, "row": -1, "mot": -1, "pie": -1, "uto": -1, "uwr": -1 }, "geometry": { "type": "Point", "coordinates": [ 18.560972, 54.437028 ] } },
{ "type": "Feature", "properties": { "ID": 110278490, "yr": 2021, "dt": "2021-06-15T17:20:00", "WOJ": 22, "sev": 1, "c": [ 255, 255, 0, 160 ], "dmg": 2, "sli": 1, "ser": 0, "fat": 0, "row": -1, "mot": -1, "pie": -1, "uto": -1, "uwr": -1 }, "geometry": { "type": "Point", "coordinates": [ 18.631972, 54.322667 ] } },
{ "type": "Feature", "properties": { "ID": 110265799, "yr": 2021, "dt": "2021-06-10T16:22:00", "WOJ": 22, "sev": 1, "c": [ 255, 255, 0, 160 ], "dmg": 1, "sli": 1, "ser": 0, "fat": 0, "row": 1, "mot": -1, "pie": -1, "uto": -1, "uwr": -1 }, "geometry": { "type": "Point", "coordinates": [ 19.036333, 53.916611 ] } },
{ "type": "Feature", "properties": { "ID": 110268146, "yr": 2021, "dt": "2021-06-11T15:48:29", "WOJ": 22, "sev": 1, "c": [ 255, 255, 0, 160 ], "dmg": 1, "sli": 1, "ser": 0, "fat": 0, "row": -1, "mot": -1, "pie": -1, "uto": -1, "uwr": -1 }, "geometry": { "type": "Point", "coordinates": [ 17.653472, 53.711861 ] } },
{ "type": "Feature", "properties": { "ID": 110268225, "yr": 2021, "dt": "2021-06-11T17:40:43", "WOJ": 22, "sev": 1, "c": [ 255, 255, 0, 160 ], "dmg": 1, "sli": 1, "ser": 0, "fat": 0, "row": 1, "mot": -1, "pie": -1, "uto": -1, "uwr": -1 }, "geometry": { "type": "Point", "coordinates": [ 18.612083, 54.385306 ] } },
{ "type": "Feature", "properties": { "ID": 110268066, "yr": 2021, "dt": "2021-06-11T17:05:00", "WOJ": 22, "sev": 1, "c": [ 255, 255, 0, 160 ], "dmg": 1, "sli": 1, "ser": 0, "fat": 0, "row": -1, "mot": -1, "pie": -1, "uto": -1, "uwr": -1 }, "geometry": { "type": "Point", "coordinates": [ 18.539694, 54.513028 ] } },
{ "type": "Feature", "properties": { "ID": 110266439, "yr": 2021, "dt": "2021-06-11T11:05:11", "WOJ": 22, "sev": 1, "c": [ 255, 255, 0, 160 ], "dmg": 1, "sli": 1, "ser": 0, "fat": 0, "row": -1, "mot": 1, "pie": -1, "uto": -1, "uwr": -1 }, "geometry": { "type": "Point", "coordinates": [ 18.633333, 54.25825 ] } },
{ "type": "Feature", "properties": { "ID": 110270057, "yr": 2021, "dt": "2021-06-12T10:05:00", "WOJ": 22, "sev": 1, "c": [ 255, 255, 0, 160 ], "dmg": 0, "sli": 4, "ser": 0, "fat": 0, "row": -1, "mot": -1, "pie": -1, "uto": -1, "uwr": -1 }, "geometry": { "type": "Point", "coordinates": [ 17.335167, 54.114139 ] } },
{ "type": "Feature", "properties": { "ID": 110270149, "yr": 2021, "dt": "2021-06-12T14:28:00", "WOJ": 22, "sev": 1, "c": [ 255, 255, 0, 160 ], "dmg": 1, "sli": 1, "ser": 0, "fat": 0, "row": -1, "mot": -1, "pie": -1, "uto": -1, "uwr": -1 }, "geometry": { "type": "Point", "coordinates": [ 17.284056, 53.635583 ] } },
{ "type": "Feature", "properties": { "ID": 110268626, "yr": 2021, "dt": "2021-06-12T09:19:29", "WOJ": 22, "sev": 1, "c": [ 255, 255, 0, 160 ], "dmg": 1, "sli": 1, "ser": 0, "fat": 0, "row": -1, "mot": 1, "pie": -1, "uto": -1, "uwr": -1 }, "geometry": { "type": "Point", "coordinates": [ 18.361278, 54.587833 ] } },
{ "type": "Feature", "properties": { "ID": 110260830, "yr": 2021, "dt": "2021-06-08T11:57:29", "WOJ": 22, "sev": 1, "c": [ 255, 255, 0, 160 ], "dmg": 0, "sli": 2, "ser": 0, "fat": 0, "row": -1, "mot": -1, "pie": -1, "uto": -1, "uwr": -1 }, "geometry": { "type": "Point", "coordinates": [ 17.568056, 53.691722 ] } },
{ "type": "Feature", "properties": { "ID": 110261345, "yr": 2021, "dt": "2021-06-08T20:40:27", "WOJ": 22, "sev": 1, "c": [ 255, 255, 0, 160 ], "dmg": 1, "sli": 1, "ser": 0, "fat": 0, "row": -1, "mot": -1, "pie": -1, "uto": -1, "uwr": -1 }, "geometry": { "type": "Point", "coordinates": [ 18.634917, 54.230806 ] } },
{ "type": "Feature", "properties": { "ID": 110263429, "yr": 2021, "dt": "2021-06-09T18:00:00", "WOJ": 22, "sev": 1, "c": [ 255, 255, 0, 160 ], "dmg": 1, "sli": 1, "ser": 0, "fat": 0, "row": 1, "mot": -1, "pie": -1, "uto": -1, "uwr": -1 }, "geometry": { "type": "Point", "coordinates": [ 18.605333, 54.392528 ] } },
{ "type": "Feature", "properties": { "ID": 110263525, "yr": 2021, "dt": "2021-06-09T18:22:00", "WOJ": 22, "sev": 1, "c": [ 255, 255, 0, 160 ], "dmg": 1, "sli": 1, "ser": 0, "fat": 0, "row": -1, "mot": 1, "pie": -1, "uto": -1, "uwr": -1 }, "geometry": { "type": "Point", "coordinates": [ 18.397222, 54.367639 ] } },
{ "type": "Feature", "properties": { "ID": 110263218, "yr": 2021, "dt": "2021-06-09T10:15:00", "WOJ": 22, "sev": 1, "c": [ 255, 255, 0, 160 ], "dmg": 1, "sli": 1, "ser": 0, "fat": 0, "row": -1, "mot": -1, "pie": 1, "uto": -1, "uwr": -1 }, "geometry": { "type": "Point", "coordinates": [ 18.632806, 54.248583 ] } },
{ "type": "Feature", "properties": { "ID": 110270850, "yr": 2021, "dt": "2021-06-13T12:30:45", "WOJ": 22, "sev": 1, "c": [ 255, 255, 0, 160 ], "dmg": 1, "sli": 1, "ser": 0, "fat": 0, "row": -1, "mot": 1, "pie": -1, "uto": -1, "uwr": -1 }, "geometry": { "type": "Point", "coordinates": [ 18.506361, 54.5645 ] } },
{ "type": "Feature", "properties": { "ID": 110312698, "yr": 2021, "dt": "2021-06-13T13:52:00", "WOJ": 22, "sev": 1, "c": [ 255, 255, 0, 160 ], "dmg": 2, "sli": 1, "ser": 0, "fat": 0, "row": -1, "mot": -1, "pie": -1, "uto": -1, "uwr": -1 }, "geometry": { "type": "Point", "coordinates": [ 18.996417, 54.000194 ] } },
{ "type": "Feature", "properties": { "ID": 110269192, "yr": 2021, "dt": "2021-06-14T08:36:00", "WOJ": 22, "sev": 1, "c": [ 255, 255, 0, 160 ], "dmg": 1, "sli": 1, "ser": 0, "fat": 0, "row": 1, "mot": -1, "pie": -1, "uto": -1, "uwr": -1 }, "geometry": { "type": "Point", "coordinates": [ 18.764167, 54.098361 ] } },
{ "type": "Feature", "properties": { "ID": 113287855, "yr": 2021, "dt": "2021-10-30T16:45:00", "WOJ": 22, "sev": 1, "c": [ 255, 255, 0, 160 ], "dmg": 1, "sli": 1, "ser": 0, "fat": 0, "row": -1, "mot": -1, "pie": -1, "uto": -1, "uwr": -1 }, "geometry": { "type": "Point", "coordinates": [ 17.858056, 54.387444 ] } },
{ "type": "Feature", "properties": { "ID": 113035534, "yr": 2021, "dt": "2021-10-30T14:50:00", "WOJ": 22, "sev": 1, "c": [ 255, 255, 0, 160 ], "dmg": 2, "sli": 1, "ser": 0, "fat": 0, "row": -1, "mot": -1, "pie": -1, "uto": -1, "uwr": -1 }, "geometry": { "type": "Point", "coordinates": [ 19.375972, 53.872417 ] } },
{ "type": "Feature", "properties": { "ID": 113084192, "yr": 2021, "dt": "2021-11-02T17:30:00", "WOJ": 22, "sev": 1, "c": [ 255, 255, 0, 160 ], "dmg": 1, "sli": 1, "ser": 0, "fat": 0, "row": -1, "mot": -1, "pie": 1, "uto": -1, "uwr": -1 }, "geometry": { "type": "Point", "coordinates": [ 18.606389, 54.398611 ] } },
{ "type": "Feature", "properties": { "ID": 113432859, "yr": 2021, "dt": "2021-11-02T14:20:00", "WOJ": 22, "sev": 1, "c": [ 255, 255, 0, 160 ], "dmg": 1, "sli": 1, "ser": 0, "fat": 0, "row": -1, "mot": -1, "pie": -1, "uto": -1, "uwr": -1 }, "geometry": { "type": "Point", "coordinates": [ 18.987722, 54.606333 ] } },
{ "type": "Feature", "properties": { "ID": 112589610, "yr": 2021, "dt": "2021-10-25T07:22:04", "WOJ": 22, "sev": 1, "c": [ 255, 255, 0, 160 ], "dmg": 1, "sli": 1, "ser": 0, "fat": 0, "row": 1, "mot": -1, "pie": -1, "uto": -1, "uwr": -1 }, "geometry": { "type": "Point", "coordinates": [ 18.946111, 53.740528 ] } },
{ "type": "Feature", "properties": { "ID": 112952942, "yr": 2021, "dt": "2021-10-26T16:40:00", "WOJ": 22, "sev": 1, "c": [ 255, 255, 0, 160 ], "dmg": 1, "sli": 1, "ser": 0, "fat": 0, "row": 1, "mot": -1, "pie": -1, "uto": -1, "uwr": -1 }, "geometry": { "type": "Point", "coordinates": [ 18.588833, 54.364278 ] } },
{ "type": "Feature", "properties": { "ID": 116731373, "yr": 2021, "dt": "2021-10-26T08:50:00", "WOJ": 22, "sev": 1, "c": [ 255, 255, 0, 160 ], "dmg": 1, "sli": 1, "ser": 0, "fat": 0, "row": 1, "mot": -1, "pie": -1, "uto": -1, "uwr": -1 }, "geometry": { "type": "Point", "coordinates": [ 18.680056, 54.357333 ] } },
{ "type": "Feature", "properties": { "ID": 112953136, "yr": 2021, "dt": "2021-10-26T21:20:00", "WOJ": 22, "sev": 1, "c": [ 255, 255, 0, 160 ], "dmg": 0, "sli": 2, "ser": 0, "fat": 0, "row": -1, "mot": -1, "pie": -1, "uto": -1, "uwr": -1 }, "geometry": { "type": "Point", "coordinates": [ 18.637528, 54.322917 ] } },
{ "type": "Feature", "properties": { "ID": 112759320, "yr": 2021, "dt": "2021-10-26T08:08:00", "WOJ": 22, "sev": 1, "c": [ 255, 255, 0, 160 ], "dmg": 2, "sli": 2, "ser": 0, "fat": 0, "row": -1, "mot": -1, "pie": -1, "uto": -1, "uwr": -1 }, "geometry": { "type": "Point", "coordinates": [ 18.64175, 53.937194 ] } },
{ "type": "Feature", "properties": { "ID": 110269382, "yr": 2021, "dt": "2021-06-14T15:26:50", "WOJ": 22, "sev": 1, "c": [ 255, 255, 0, 160 ], "dmg": 1, "sli": 1, "ser": 0, "fat": 0, "row": 1, "mot": -1, "pie": -1, "uto": -1, "uwr": -1 }, "geometry": { "type": "Point", "coordinates": [ 18.464417, 54.591306 ] } },
{ "type": "Feature", "properties": { "ID": 110272821, "yr": 2021, "dt": "2021-06-14T15:02:56", "WOJ": 22, "sev": 1, "c": [ 255, 255, 0, 160 ], "dmg": 1, "sli": 1, "ser": 0, "fat": 0, "row": -1, "mot": 1, "pie": -1, "uto": -1, "uwr": -1 }, "geometry": { "type": "Point", "coordinates": [ 18.397056, 54.785361 ] } },
{ "type": "Feature", "properties": { "ID": 110271485, "yr": 2021, "dt": "2021-06-14T07:03:25", "WOJ": 22, "sev": 1, "c": [ 255, 255, 0, 160 ], "dmg": 1, "sli": 1, "ser": 0, "fat": 0, "row": 1, "mot": -1, "pie": -1, "uto": -1, "uwr": -1 }, "geometry": { "type": "Point", "coordinates": [ 18.499917, 54.596583 ] } },
{ "type": "Feature", "properties": { "ID": 110271709, "yr": 2021, "dt": "2021-06-14T08:52:27", "WOJ": 22, "sev": 1, "c": [ 255, 255, 0, 160 ], "dmg": 3, "sli": 2, "ser": 0, "fat": 0, "row": -1, "mot": -1, "pie": -1, "uto": -1, "uwr": -1 }, "geometry": { "type": "Point", "coordinates": [ 18.5575, 54.307417 ] } },
{ "type": "Feature", "properties": { "ID": 113001220, "yr": 2021, "dt": "2021-10-28T09:02:05", "WOJ": 22, "sev": 1, "c": [ 255, 255, 0, 160 ], "dmg": 1, "sli": 1, "ser": 0, "fat": 0, "row": -1, "mot": -1, "pie": -1, "uto": -1, "uwr": -1 }, "geometry": { "type": "Point", "coordinates": [ 16.981333, 54.006222 ] } },
{ "type": "Feature", "properties": { "ID": 113022046, "yr": 2021, "dt": "2021-10-28T17:50:10", "WOJ": 22, "sev": 1, "c": [ 255, 255, 0, 160 ], "dmg": 4, "sli": 1, "ser": 0, "fat": 0, "row": -1, "mot": -1, "pie": -1, "uto": -1, "uwr": -1 }, "geometry": { "type": "Point", "coordinates": [ 18.487806, 54.424861 ] } },
{ "type": "Feature", "properties": { "ID": 113009832, "yr": 2021, "dt": "2021-10-28T10:15:00", "WOJ": 22, "sev": 1, "c": [ 255, 255, 0, 160 ], "dmg": 1, "sli": 1, "ser": 0, "fat": 0, "row": -1, "mot": -1, "pie": 1, "uto": -1, "uwr": -1 }, "geometry": { "type": "Point", "coordinates": [ 18.581417, 54.388667 ] } },
{ "type": "Feature", "properties": { "ID": 113021815, "yr": 2021, "dt": "2021-10-28T16:34:34", "WOJ": 22, "sev": 1, "c": [ 255, 255, 0, 160 ], "dmg": 2, "sli": 2, "ser": 0, "fat": 0, "row": -1, "mot": -1, "pie": -1, "uto": -1, "uwr": -1 }, "geometry": { "type": "Point", "coordinates": [ 18.56675, 53.915056 ] } },
{ "type": "Feature", "properties": { "ID": 112457595, "yr": 2021, "dt": "2021-10-22T12:45:00", "WOJ": 22, "sev": 1, "c": [ 255, 255, 0, 160 ], "dmg": 2, "sli": 1, "ser": 0, "fat": 0, "row": -1, "mot": -1, "pie": -1, "uto": -1, "uwr": -1 }, "geometry": { "type": "Point", "coordinates": [ 18.522194, 54.376528 ] } },
{ "type": "Feature", "properties": { "ID": 113023079, "yr": 2021, "dt": "2021-10-22T06:40:00", "WOJ": 22, "sev": 1, "c": [ 255, 255, 0, 160 ], "dmg": 1, "sli": 1, "ser": 0, "fat": 0, "row": -1, "mot": -1, "pie": 1, "uto": -1, "uwr": -1 }, "geometry": { "type": "Point", "coordinates": [ 18.625167, 54.387528 ] } },
{ "type": "Feature", "properties": { "ID": 112457214, "yr": 2021, "dt": "2021-10-22T11:08:28", "WOJ": 22, "sev": 1, "c": [ 255, 255, 0, 160 ], "dmg": 1, "sli": 1, "ser": 0, "fat": 0, "row": -1, "mot": -1, "pie": 1, "uto": -1, "uwr": -1 }, "geometry": { "type": "Point", "coordinates": [ 19.119806, 54.211889 ] } },
{ "type": "Feature", "properties": { "ID": 112935887, "yr": 2021, "dt": "2021-10-22T22:15:00", "WOJ": 22, "sev": 1, "c": [ 255, 255, 0, 160 ], "dmg": 2, "sli": 1, "ser": 0, "fat": 0, "row": -1, "mot": -1, "pie": -1, "uto": -1, "uwr": -1 }, "geometry": { "type": "Point", "coordinates": [ 18.352833, 54.646417 ] } },
{ "type": "Feature", "properties": { "ID": 112583810, "yr": 2021, "dt": "2021-10-23T03:06:59", "WOJ": 22, "sev": 1, "c": [ 255, 255, 0, 160 ], "dmg": 0, "sli": 4, "ser": 0, "fat": 0, "row": -1, "mot": -1, "pie": -1, "uto": -1, "uwr": -1 }, "geometry": { "type": "Point", "coordinates": [ 18.743639, 54.081472 ] } },
{ "type": "Feature", "properties": { "ID": 112634178, "yr": 2021, "dt": "2021-10-23T12:59:00", "WOJ": 22, "sev": 1, "c": [ 255, 255, 0, 160 ], "dmg": 1, "sli": 1, "ser": 0, "fat": 0, "row": 0, "mot": -1, "pie": 1, "uto": -1, "uwr": -1 }, "geometry": { "type": "Point", "coordinates": [ 18.579806, 54.437083 ] } },
{ "type": "Feature", "properties": { "ID": 110281773, "yr": 2021, "dt": "2021-06-16T14:03:00", "WOJ": 22, "sev": 1, "c": [ 255, 255, 0, 160 ], "dmg": 2, "sli": 1, "ser": 0, "fat": 0, "row": -1, "mot": -1, "pie": -1, "uto": -1, "uwr": -1 }, "geometry": { "type": "Point", "coordinates": [ 17.800833, 53.937778 ] } },
{ "type": "Feature", "properties": { "ID": 110280137, "yr": 2021, "dt": "2021-06-16T17:09:00", "WOJ": 22, "sev": 1, "c": [ 255, 255, 0, 160 ], "dmg": 1, "sli": 1, "ser": 0, "fat": 0, "row": -1, "mot": -1, "pie": 1, "uto": -1, "uwr": -1 }, "geometry": { "type": "Point", "coordinates": [ 18.51175, 54.499778 ] } },
{ "type": "Feature", "properties": { "ID": 110282664, "yr": 2021, "dt": "2021-06-17T08:55:43", "WOJ": 22, "sev": 1, "c": [ 255, 255, 0, 160 ], "dmg": 1, "sli": 1, "ser": 0, "fat": 0, "row": -1, "mot": -1, "pie": -1, "uto": -1, "uwr": -1 }, "geometry": { "type": "Point", "coordinates": [ 18.396333, 54.716861 ] } },
{ "type": "Feature", "properties": { "ID": 110283248, "yr": 2021, "dt": "2021-06-17T15:13:39", "WOJ": 22, "sev": 1, "c": [ 255, 255, 0, 160 ], "dmg": 1, "sli": 1, "ser": 0, "fat": 0, "row": -1, "mot": -1, "pie": 1, "uto": -1, "uwr": -1 }, "geometry": { "type": "Point", "coordinates": [ 18.475167, 54.2515 ] } },
{ "type": "Feature", "properties": { "ID": 110282896, "yr": 2021, "dt": "2021-06-17T11:06:30", "WOJ": 22, "sev": 1, "c": [ 255, 255, 0, 160 ], "dmg": 0, "sli": 2, "ser": 0, "fat": 0, "row": -1, "mot": -1, "pie": -1, "uto": -1, "uwr": -1 }, "geometry": { "type": "Point", "coordinates": [ 17.949833, 54.12 ] } },
{ "type": "Feature", "properties": { "ID": 110268724, "yr": 2021, "dt": "2021-06-12T12:13:17", "WOJ": 22, "sev": 1, "c": [ 255, 255, 0, 160 ], "dmg": 2, "sli": 1, "ser": 0, "fat": 0, "row": -1, "mot": -1, "pie": -1, "uto": -1, "uwr": -1 }, "geometry": { "type": "Point", "coordinates": [ 18.45325, 54.604528 ] } },
{ "type": "Feature", "properties": { "ID": 110284611, "yr": 2021, "dt": "2021-06-17T08:00:00", "WOJ": 22, "sev": 1, "c": [ 255, 255, 0, 160 ], "dmg": 1, "sli": 1, "ser": 0, "fat": 0, "row": 1, "mot": -1, "pie": -1, "uto": -1, "uwr": -1 }, "geometry": { "type": "Point", "coordinates": [ 17.726667, 54.596111 ] } },
{ "type": "Feature", "properties": { "ID": 110284728, "yr": 2021, "dt": "2021-06-18T16:30:00", "WOJ": 22, "sev": 1, "c": [ 255, 255, 0, 160 ], "dmg": 1, "sli": 1, "ser": 0, "fat": 0, "row": -1, "mot": -1, "pie": -1, "uto": -1, "uwr": -1 }, "geometry": { "type": "Point", "coordinates": [ 18.681944, 54.357083 ] } },
{ "type": "Feature", "properties": { "ID": 110285825, "yr": 2021, "dt": "2021-06-18T16:28:42", "WOJ": 22, "sev": 1, "c": [ 255, 255, 0, 160 ], "dmg": 1, "sli": 2, "ser": 0, "fat": 0, "row": 1, "mot": -1, "pie": -1, "uto": -1, "uwr": -1 }, "geometry": { "type": "Point", "coordinates": [ 17.941472, 54.105361 ] } },
{ "type": "Feature", "properties": { "ID": 110284124, "yr": 2021, "dt": "2021-06-18T09:58:50", "WOJ": 22, "sev": 1, "c": [ 255, 255, 0, 160 ], "dmg": 2, "sli": 1, "ser": 0, "fat": 0, "row": -1, "mot": -1, "pie": -1, "uto": -1, "uwr": -1 }, "geometry": { "type": "Point", "coordinates": [ 18.32075, 54.832667 ] } },
{ "type": "Feature", "properties": { "ID": 110284189, "yr": 2021, "dt": "2021-06-18T11:50:00", "WOJ": 22, "sev": 1, "c": [ 255, 255, 0, 160 ], "dmg": 1, "sli": 1, "ser": 0, "fat": 0, "row": -1, "mot": -1, "pie": 1, "uto": -1, "uwr": -1 }, "geometry": { "type": "Point", "coordinates": [ 18.541806, 54.503083 ] } },
{ "type": "Feature", "properties": { "ID": 110291918, "yr": 2021, "dt": "2021-06-18T18:00:00", "WOJ": 22, "sev": 1, "c": [ 255, 255, 0, 160 ], "dmg": 2, "sli": 2, "ser": 0, "fat": 0, "row": -1, "mot": -1, "pie": -1, "uto": -1, "uwr": -1 }, "geometry": { "type": "Point", "coordinates": [ 18.335111, 53.932833 ] } },
{ "type": "Feature", "properties": { "ID": 110330838, "yr": 2021, "dt": "2021-06-18T15:40:00", "WOJ": 22, "sev": 1, "c": [ 255, 255, 0, 160 ], "dmg": 1, "sli": 1, "ser": 0, "fat": 0, "row": -1, "mot": -1, "pie": 1, "uto": -1, "uwr": -1 }, "geometry": { "type": "Point", "coordinates": [ 18.399056, 54.586417 ] } },
{ "type": "Feature", "properties": { "ID": 110276120, "yr": 2021, "dt": "2021-06-15T16:42:40", "WOJ": 22, "sev": 1, "c": [ 255, 255, 0, 160 ], "dmg": 1, "sli": 1, "ser": 0, "fat": 0, "row": 1, "mot": -1, "pie": -1, "uto": -1, "uwr": -1 }, "geometry": { "type": "Point", "coordinates": [ 17.428278, 53.683361 ] } },
{ "type": "Feature", "properties": { "ID": 110276464, "yr": 2021, "dt": "2021-06-15T20:00:00", "WOJ": 22, "sev": 1, "c": [ 255, 255, 0, 160 ], "dmg": 0, "sli": 1, "ser": 0, "fat": 0, "row": 1, "mot": -1, "pie": -1, "uto": -1, "uwr": -1 }, "geometry": { "type": "Point", "coordinates": [ 18.561944, 54.379167 ] } },
{ "type": "Feature", "properties": { "ID": 110274561, "yr": 2021, "dt": "2021-06-15T07:20:00", "WOJ": 22, "sev": 1, "c": [ 255, 255, 0, 160 ], "dmg": 1, "sli": 1, "ser": 0, "fat": 0, "row": -1, "mot": -1, "pie": -1, "uto": -1, "uwr": -1 }, "geometry": { "type": "Point", "coordinates": [ 18.454056, 54.546694 ] } },
{ "type": "Feature", "properties": { "ID": 110281563, "yr": 2021, "dt": "2021-06-16T17:15:00", "WOJ": 22, "sev": 1, "c": [ 255, 255, 0, 160 ], "dmg": 1, "sli": 1, "ser": 0, "fat": 0, "row": 1, "mot": -1, "pie": -1, "uto": -1, "uwr": -1 }, "geometry": { "type": "Point", "coordinates": [ 18.632833, 54.350944 ] } },
{ "type": "Feature", "properties": { "ID": 110279997, "yr": 2021, "dt": "2021-06-16T15:44:26", "WOJ": 22, "sev": 1, "c": [ 255, 255, 0, 160 ], "dmg": 1, "sli": 1, "ser": 0, "fat": 0, "row": 1, "mot": -1, "pie": -1, "uto": -1, "uwr": -1 }, "geometry": { "type": "Point", "coordinates": [ 18.775917, 54.092139 ] } },
{ "type": "Feature", "properties": { "ID": 110281675, "yr": 2021, "dt": "2021-06-16T16:40:00", "WOJ": 22, "sev": 1, "c": [ 255, 255, 0, 160 ], "dmg": 2, "sli": 3, "ser": 0, "fat": 0, "row": -1, "mot": -1, "pie": -1, "uto": -1, "uwr": -1 }, "geometry": { "type": "Point", "coordinates": [ 18.553333, 54.341944 ] } },
{ "type": "Feature", "properties": { "ID": 110279687, "yr": 2021, "dt": "2021-06-16T09:30:46", "WOJ": 22, "sev": 1, "c": [ 255, 255, 0, 160 ], "dmg": 0, "sli": 2, "ser": 0, "fat": 0, "row": -1, "mot": -1, "pie": -1, "uto": -1, "uwr": -1 }, "geometry": { "type": "Point", "coordinates": [ 17.96125, 54.118806 ] } },
{ "type": "Feature", "properties": { "ID": 112952867, "yr": 2021, "dt": "2021-10-26T15:25:18", "WOJ": 22, "sev": 1, "c": [ 255, 255, 0, 160 ], "dmg": 1, "sli": 1, "ser": 0, "fat": 0, "row": 0, "mot": -1, "pie": 1, "uto": -1, "uwr": -1 }, "geometry": { "type": "Point", "coordinates": [ 17.214083, 54.662556 ] } },
{ "type": "Feature", "properties": { "ID": 113009882, "yr": 2021, "dt": "2021-10-27T17:55:00", "WOJ": 22, "sev": 1, "c": [ 255, 255, 0, 160 ], "dmg": 1, "sli": 1, "ser": 0, "fat": 0, "row": -1, "mot": 0, "pie": 1, "uto": -1, "uwr": -1 }, "geometry": { "type": "Point", "coordinates": [ 18.7675, 54.060194 ] } },
{ "type": "Feature", "properties": { "ID": 110290418, "yr": 2021, "dt": "2021-06-23T19:40:00", "WOJ": 22, "sev": 1, "c": [ 255, 255, 0, 160 ], "dmg": 1, "sli": 1, "ser": 0, "fat": 0, "row": 1, "mot": -1, "pie": -1, "uto": -1, "uwr": -1 }, "geometry": { "type": "Point", "coordinates": [ 18.590167, 54.313278 ] } },
{ "type": "Feature", "properties": { "ID": 110287764, "yr": 2021, "dt": "2021-06-18T18:55:00", "WOJ": 22, "sev": 1, "c": [ 255, 255, 0, 160 ], "dmg": 1, "sli": 1, "ser": 0, "fat": 0, "row": -1, "mot": -1, "pie": 1, "uto": -1, "uwr": -1 }, "geometry": { "type": "Point", "coordinates": [ 17.052167, 54.664639 ] } },
{ "type": "Feature", "properties": { "ID": 110284021, "yr": 2021, "dt": "2021-06-18T10:15:00", "WOJ": 22, "sev": 1, "c": [ 255, 255, 0, 160 ], "dmg": 1, "sli": 1, "ser": 0, "fat": 0, "row": -1, "mot": -1, "pie": -1, "uto": -1, "uwr": -1 }, "geometry": { "type": "Point", "coordinates": [ 16.840139, 54.487111 ] } },
{ "type": "Feature", "properties": { "ID": 110283675, "yr": 2021, "dt": "2021-06-18T06:59:31", "WOJ": 22, "sev": 1, "c": [ 255, 255, 0, 160 ], "dmg": 1, "sli": 1, "ser": 0, "fat": 0, "row": -1, "mot": 1, "pie": -1, "uto": -1, "uwr": -1 }, "geometry": { "type": "Point", "coordinates": [ 18.416667, 54.79 ] } },
{ "type": "Feature", "properties": { "ID": 110286188, "yr": 2021, "dt": "2021-06-19T12:24:13", "WOJ": 22, "sev": 1, "c": [ 255, 255, 0, 160 ], "dmg": 0, "sli": 1, "ser": 0, "fat": 0, "row": -1, "mot": -1, "pie": -1, "uto": -1, "uwr": -1 }, "geometry": { "type": "Point", "coordinates": [ 18.196917, 53.984889 ] } },
{ "type": "Feature", "properties": { "ID": 110287588, "yr": 2021, "dt": "2021-06-19T17:15:00", "WOJ": 22, "sev": 1, "c": [ 255, 255, 0, 160 ], "dmg": 1, "sli": 1, "ser": 0, "fat": 0, "row": 1, "mot": -1, "pie": -1, "uto": -1, "uwr": -1 }, "geometry": { "type": "Point", "coordinates": [ 17.480944, 54.48525 ] } },
{ "type": "Feature", "properties": { "ID": 110287274, "yr": 2021, "dt": "2021-06-20T20:15:03", "WOJ": 22, "sev": 1, "c": [ 255, 255, 0, 160 ], "dmg": 1, "sli": 1, "ser": 0, "fat": 0, "row": -1, "mot": 1, "pie": -1, "uto": -1, "uwr": -1 }, "geometry": { "type": "Point", "coordinates": [ 19.014389, 54.037694 ] } },
{ "type": "Feature", "properties": { "ID": 110287341, "yr": 2021, "dt": "2021-06-20T23:35:00", "WOJ": 22, "sev": 1, "c": [ 255, 255, 0, 160 ], "dmg": 1, "sli": 1, "ser": 0, "fat": 0, "row": -1, "mot": -1, "pie": -1, "uto": -1, "uwr": -1 }, "geometry": { "type": "Point", "coordinates": [ 18.604306, 54.393222 ] } },
{ "type": "Feature", "properties": { "ID": 110287266, "yr": 2021, "dt": "2021-06-20T20:56:30", "WOJ": 22, "sev": 1, "c": [ 255, 255, 0, 160 ], "dmg": 1, "sli": 1, "ser": 0, "fat": 0, "row": -1, "mot": -1, "pie": 1, "uto": -1, "uwr": -1 }, "geometry": { "type": "Point", "coordinates": [ 18.939278, 53.721444 ] } },
{ "type": "Feature", "properties": { "ID": 110286999, "yr": 2021, "dt": "2021-06-20T13:36:51", "WOJ": 22, "sev": 1, "c": [ 255, 255, 0, 160 ], "dmg": 1, "sli": 1, "ser": 0, "fat": 0, "row": 1, "mot": -1, "pie": -1, "uto": -1, "uwr": -1 }, "geometry": { "type": "Point", "coordinates": [ 18.819528, 54.052167 ] } },
{ "type": "Feature", "properties": { "ID": 110288454, "yr": 2021, "dt": "2021-06-21T13:30:00", "WOJ": 22, "sev": 1, "c": [ 255, 255, 0, 160 ], "dmg": 1, "sli": 1, "ser": 0, "fat": 0, "row": 1, "mot": -1, "pie": -1, "uto": -1, "uwr": -1 }, "geometry": { "type": "Point", "coordinates": [ 18.593917, 54.404306 ] } },
{ "type": "Feature", "properties": { "ID": 110314604, "yr": 2021, "dt": "2021-06-21T21:00:00", "WOJ": 22, "sev": 1, "c": [ 255, 255, 0, 160 ], "dmg": 1, "sli": 1, "ser": 0, "fat": 0, "row": -1, "mot": -1, "pie": 1, "uto": -1, "uwr": -1 }, "geometry": { "type": "Point", "coordinates": [ 17.546472, 53.711556 ] } },
{ "type": "Feature", "properties": { "ID": 110284077, "yr": 2021, "dt": "2021-06-17T15:30:00", "WOJ": 22, "sev": 1, "c": [ 255, 255, 0, 160 ], "dmg": 1, "sli": 1, "ser": 0, "fat": 0, "row": -1, "mot": -1, "pie": 1, "uto": -1, "uwr": -1 }, "geometry": { "type": "Point", "coordinates": [ 18.514167, 54.551111 ] } },
{ "type": "Feature", "properties": { "ID": 110283501, "yr": 2021, "dt": "2021-06-17T17:01:58", "WOJ": 22, "sev": 1, "c": [ 255, 255, 0, 160 ], "dmg": 2, "sli": 1, "ser": 0, "fat": 0, "row": -1, "mot": -1, "pie": -1, "uto": -1, "uwr": -1 }, "geometry": { "type": "Point", "coordinates": [ 18.342833, 54.605611 ] } },
{ "type": "Feature", "properties": { "ID": 110292164, "yr": 2021, "dt": "2021-06-17T08:00:00", "WOJ": 22, "sev": 1, "c": [ 255, 255, 0, 160 ], "dmg": 1, "sli": 1, "ser": 0, "fat": 0, "row": -1, "mot": -1, "pie": -1, "uto": -1, "uwr": -1 }, "geometry": { "type": "Point", "coordinates": [ 18.631528, 54.258444 ] } },
{ "type": "Feature", "properties": { "ID": 110284090, "yr": 2021, "dt": "2021-06-17T12:40:00", "WOJ": 22, "sev": 1, "c": [ 255, 255, 0, 160 ], "dmg": 1, "sli": 1, "ser": 0, "fat": 0, "row": 1, "mot": -1, "pie": -1, "uto": -1, "uwr": -1 }, "geometry": { "type": "Point", "coordinates": [ 18.552222, 54.479167 ] } },
{ "type": "Feature", "properties": { "ID": 110285412, "yr": 2021, "dt": "2021-06-22T06:50:46", "WOJ": 22, "sev": 1, "c": [ 255, 255, 0, 160 ], "dmg": 2, "sli": 1, "ser": 0, "fat": 0, "row": -1, "mot": -1, "pie": -1, "uto": -1, "uwr": -1 }, "geometry": { "type": "Point", "coordinates": [ 18.774167, 54.104833 ] } },
{ "type": "Feature", "properties": { "ID": 112587919, "yr": 2021, "dt": "2021-10-23T14:50:00", "WOJ": 22, "sev": 1, "c": [ 255, 255, 0, 160 ], "dmg": 0, "sli": 1, "ser": 0, "fat": 0, "row": -1, "mot": -1, "pie": -1, "uto": -1, "uwr": -1 }, "geometry": { "type": "Point", "coordinates": [ 19.25425, 53.867611 ] } },
{ "type": "Feature", "properties": { "ID": 112588834, "yr": 2021, "dt": "2021-10-23T11:20:50", "WOJ": 22, "sev": 1, "c": [ 255, 255, 0, 160 ], "dmg": 0, "sli": 2, "ser": 0, "fat": 0, "row": -1, "mot": -1, "pie": 1, "uto": -1, "uwr": -1 }, "geometry": { "type": "Point", "coordinates": [ 17.378028, 53.674972 ] } },
{ "type": "Feature", "properties": { "ID": 112589302, "yr": 2021, "dt": "2021-10-24T09:33:00", "WOJ": 22, "sev": 1, "c": [ 255, 255, 0, 160 ], "dmg": 1, "sli": 1, "ser": 0, "fat": 0, "row": -1, "mot": -1, "pie": -1, "uto": -1, "uwr": -1 }, "geometry": { "type": "Point", "coordinates": [ 18.596278, 54.381722 ] } },
{ "type": "Feature", "properties": { "ID": 112936880, "yr": 2021, "dt": "2021-10-24T15:20:00", "WOJ": 22, "sev": 1, "c": [ 255, 255, 0, 160 ], "dmg": 1, "sli": 1, "ser": 0, "fat": 0, "row": -1, "mot": 0, "pie": 1, "uto": -1, "uwr": -1 }, "geometry": { "type": "Point", "coordinates": [ 18.38425, 54.805056 ] } },
{ "type": "Feature", "properties": { "ID": 112614810, "yr": 2021, "dt": "2021-10-24T09:30:00", "WOJ": 22, "sev": 1, "c": [ 255, 255, 0, 160 ], "dmg": 1, "sli": 1, "ser": 0, "fat": 0, "row": -1, "mot": -1, "pie": -1, "uto": -1, "uwr": -1 }, "geometry": { "type": "Point", "coordinates": [ 18.588889, 54.3795 ] } },
{ "type": "Feature", "properties": { "ID": 112759140, "yr": 2021, "dt": "2021-10-25T13:54:00", "WOJ": 22, "sev": 1, "c": [ 255, 255, 0, 160 ], "dmg": 2, "sli": 1, "ser": 0, "fat": 0, "row": -1, "mot": -1, "pie": -1, "uto": -1, "uwr": -1 }, "geometry": { "type": "Point", "coordinates": [ 18.587694, 54.356833 ] } },
{ "type": "Feature", "properties": { "ID": 111846992, "yr": 2021, "dt": "2021-10-18T10:54:00", "WOJ": 22, "sev": 1, "c": [ 255, 255, 0, 160 ], "dmg": 1, "sli": 1, "ser": 0, "fat": 0, "row": -1, "mot": -1, "pie": 1, "uto": -1, "uwr": -1 }, "geometry": { "type": "Point", "coordinates": [ 18.584639, 54.332167 ] } },
{ "type": "Feature", "properties": { "ID": 112146902, "yr": 2021, "dt": "2021-10-18T07:30:00", "WOJ": 22, "sev": 1, "c": [ 255, 255, 0, 160 ], "dmg": 1, "sli": 1, "ser": 0, "fat": 0, "row": 1, "mot": -1, "pie": -1, "uto": -1, "uwr": -1 }, "geometry": { "type": "Point", "coordinates": [ 17.738889, 54.527778 ] } },
{ "type": "Feature", "properties": { "ID": 112147491, "yr": 2021, "dt": "2021-10-19T19:10:49", "WOJ": 22, "sev": 1, "c": [ 255, 255, 0, 160 ], "dmg": 1, "sli": 1, "ser": 0, "fat": 0, "row": 1, "mot": -1, "pie": -1, "uto": -1, "uwr": -1 }, "geometry": { "type": "Point", "coordinates": [ 18.561083, 54.309278 ] } },
{ "type": "Feature", "properties": { "ID": 112091876, "yr": 2021, "dt": "2021-10-19T07:40:20", "WOJ": 22, "sev": 1, "c": [ 255, 255, 0, 160 ], "dmg": 1, "sli": 1, "ser": 0, "fat": 0, "row": -1, "mot": -1, "pie": -1, "uto": -1, "uwr": -1 }, "geometry": { "type": "Point", "coordinates": [ 18.5495, 54.314972 ] } },
{ "type": "Feature", "properties": { "ID": 110289604, "yr": 2021, "dt": "2021-06-22T10:00:16", "WOJ": 22, "sev": 1, "c": [ 255, 255, 0, 160 ], "dmg": 1, "sli": 1, "ser": 0, "fat": 0, "row": -1, "mot": 1, "pie": -1, "uto": -1, "uwr": -1 }, "geometry": { "type": "Point", "coordinates": [ 18.372333, 54.691306 ] } },
{ "type": "Feature", "properties": { "ID": 110292751, "yr": 2021, "dt": "2021-06-22T07:20:00", "WOJ": 22, "sev": 1, "c": [ 255, 255, 0, 160 ], "dmg": 1, "sli": 1, "ser": 0, "fat": 0, "row": 1, "mot": -1, "pie": -1, "uto": -1, "uwr": -1 }, "geometry": { "type": "Point", "coordinates": [ 18.206806, 54.3385 ] } },
{ "type": "Feature", "properties": { "ID": 110290815, "yr": 2021, "dt": "2021-06-22T18:29:14", "WOJ": 22, "sev": 1, "c": [ 255, 255, 0, 160 ], "dmg": 0, "sli": 1, "ser": 0, "fat": 0, "row": -1, "mot": -1, "pie": -1, "uto": -1, "uwr": -1 }, "geometry": { "type": "Point", "coordinates": [ 17.074194, 54.269944 ] } },
{ "type": "Feature", "properties": { "ID": 110311998, "yr": 2021, "dt": "2021-06-22T09:00:00", "WOJ": 22, "sev": 1, "c": [ 255, 255, 0, 160 ], "dmg": 1, "sli": 1, "ser": 0, "fat": 0, "row": -1, "mot": -1, "pie": 1, "uto": -1, "uwr": -1 }, "geometry": { "type": "Point", "coordinates": [ 18.202472, 54.335389 ] } },
{ "type": "Feature", "properties": { "ID": 110290353, "yr": 2021, "dt": "2021-06-23T15:12:09", "WOJ": 22, "sev": 1, "c": [ 255, 255, 0, 160 ], "dmg": 0, "sli": 1, "ser": 0, "fat": 0, "row": -1, "mot": -1, "pie": -1, "uto": -1, "uwr": -1 }, "geometry": { "type": "Point", "coordinates": [ 17.166639, 54.214889 ] } },
{ "type": "Feature", "properties": { "ID": 110292878, "yr": 2021, "dt": "2021-06-23T14:45:00", "WOJ": 22, "sev": 1, "c": [ 255, 255, 0, 160 ], "dmg": 1, "sli": 1, "ser": 0, "fat": 0, "row": 1, "mot": -1, "pie": -1, "uto": -1, "uwr": -1 }, "geometry": { "type": "Point", "coordinates": [ 18.549167, 54.363889 ] } },
{ "type": "Feature", "properties": { "ID": 110292973, "yr": 2021, "dt": "2021-06-24T13:35:00", "WOJ": 22, "sev": 1, "c": [ 255, 255, 0, 160 ], "dmg": 1, "sli": 1, "ser": 0, "fat": 0, "row": -1, "mot": -1, "pie": 1, "uto": -1, "uwr": -1 }, "geometry": { "type": "Point", "coordinates": [ 19.031778, 54.035444 ] } },
{ "type": "Feature", "properties": { "ID": 110292093, "yr": 2021, "dt": "2021-06-24T11:42:54", "WOJ": 22, "sev": 1, "c": [ 255, 255, 0, 160 ], "dmg": 1, "sli": 1, "ser": 0, "fat": 0, "row": -1, "mot": -1, "pie": -1, "uto": -1, "uwr": -1 }, "geometry": { "type": "Point", "coordinates": [ 19.044417, 54.063611 ] } },
{ "type": "Feature", "properties": { "ID": 110292753, "yr": 2021, "dt": "2021-06-24T10:27:07", "WOJ": 22, "sev": 1, "c": [ 255, 255, 0, 160 ], "dmg": 2, "sli": 2, "ser": 0, "fat": 0, "row": -1, "mot": -1, "pie": -1, "uto": -1, "uwr": -1 }, "geometry": { "type": "Point", "coordinates": [ 19.198361, 53.762306 ] } },
{ "type": "Feature", "properties": { "ID": 110295566, "yr": 2021, "dt": "2021-06-25T16:50:00", "WOJ": 22, "sev": 1, "c": [ 255, 255, 0, 160 ], "dmg": 2, "sli": 2, "ser": 0, "fat": 0, "row": -1, "mot": -1, "pie": -1, "uto": -1, "uwr": -1 }, "geometry": { "type": "Point", "coordinates": [ 18.603278, 54.347778 ] } },
{ "type": "Feature", "properties": { "ID": 110294526, "yr": 2021, "dt": "2021-06-25T08:50:00", "WOJ": 22, "sev": 1, "c": [ 255, 255, 0, 160 ], "dmg": 1, "sli": 1, "ser": 0, "fat": 0, "row": -1, "mot": -1, "pie": -1, "uto": -1, "uwr": -1 }, "geometry": { "type": "Point", "coordinates": [ 17.688333, 53.699167 ] } },
{ "type": "Feature", "properties": { "ID": 110293175, "yr": 2021, "dt": "2021-06-25T06:44:41", "WOJ": 22, "sev": 1, "c": [ 255, 255, 0, 160 ], "dmg": 1, "sli": 1, "ser": 0, "fat": 0, "row": -1, "mot": -1, "pie": -1, "uto": -1, "uwr": -1 }, "geometry": { "type": "Point", "coordinates": [ 19.036306, 54.235194 ] } },
{ "type": "Feature", "properties": { "ID": 110294320, "yr": 2021, "dt": "2021-06-25T14:01:54", "WOJ": 22, "sev": 1, "c": [ 255, 255, 0, 160 ], "dmg": 0, "sli": 1, "ser": 0, "fat": 0, "row": -1, "mot": -1, "pie": -1, "uto": -1, "uwr": -1 }, "geometry": { "type": "Point", "coordinates": [ 17.711194, 54.684333 ] } },
{ "type": "Feature", "properties": { "ID": 110300744, "yr": 2021, "dt": "2021-06-25T17:30:00", "WOJ": 22, "sev": 1, "c": [ 255, 255, 0, 160 ], "dmg": 4, "sli": 1, "ser": 0, "fat": 0, "row": -1, "mot": -1, "pie": -1, "uto": -1, "uwr": -1 }, "geometry": { "type": "Point", "coordinates": [ 18.543056, 54.323889 ] } },
{ "type": "Feature", "properties": { "ID": 110295504, "yr": 2021, "dt": "2021-06-25T18:43:05", "WOJ": 22, "sev": 1, "c": [ 255, 255, 0, 160 ], "dmg": 0, "sli": 1, "ser": 0, "fat": 0, "row": -1, "mot": -1, "pie": -1, "uto": -1, "uwr": -1 }, "geometry": { "type": "Point", "coordinates": [ 18.486111, 54.256583 ] } },
{ "type": "Feature", "properties": { "ID": 110288548, "yr": 2021, "dt": "2021-06-21T17:30:00", "WOJ": 22, "sev": 1, "c": [ 255, 255, 0, 160 ], "dmg": 1, "sli": 1, "ser": 0, "fat": 0, "row": 1, "mot": -1, "pie": -1, "uto": -1, "uwr": -1 }, "geometry": { "type": "Point", "coordinates": [ 18.541056, 54.491306 ] } },
{ "type": "Feature", "properties": { "ID": 110310767, "yr": 2021, "dt": "2021-06-21T16:30:00", "WOJ": 22, "sev": 1, "c": [ 255, 255, 0, 160 ], "dmg": 1, "sli": 1, "ser": 0, "fat": 0, "row": 1, "mot": -1, "pie": -1, "uto": -1, "uwr": -1 }, "geometry": { "type": "Point", "coordinates": [ 17.001417, 54.456306 ] } },
{ "type": "Feature", "properties": { "ID": 110289961, "yr": 2021, "dt": "2021-06-21T10:25:00", "WOJ": 22, "sev": 1, "c": [ 255, 255, 0, 160 ], "dmg": 1, "sli": 1, "ser": 0, "fat": 0, "row": -1, "mot": -1, "pie": 1, "uto": -1, "uwr": -1 }, "geometry": { "type": "Point", "coordinates": [ 17.122222, 54.915 ] } },
{ "type": "Feature", "properties": { "ID": 110289423, "yr": 2021, "dt": "2021-06-21T20:50:00", "WOJ": 22, "sev": 1, "c": [ 255, 255, 0, 160 ], "dmg": 1, "sli": 1, "ser": 0, "fat": 0, "row": -1, "mot": -1, "pie": -1, "uto": -1, "uwr": -1 }, "geometry": { "type": "Point", "coordinates": [ 18.503389, 54.760806 ] } },
{ "type": "Feature", "properties": { "ID": 110287669, "yr": 2021, "dt": "2021-06-21T08:45:48", "WOJ": 22, "sev": 1, "c": [ 255, 255, 0, 160 ], "dmg": 1, "sli": 1, "ser": 0, "fat": 0, "row": -1, "mot": -1, "pie": -1, "uto": -1, "uwr": -1 }, "geometry": { "type": "Point", "coordinates": [ 18.612778, 54.223 ] } },
{ "type": "Feature", "properties": { "ID": 110290726, "yr": 2021, "dt": "2021-06-22T16:44:38", "WOJ": 22, "sev": 1, "c": [ 255, 255, 0, 160 ], "dmg": 1, "sli": 3, "ser": 0, "fat": 0, "row": -1, "mot": -1, "pie": -1, "uto": -1, "uwr": -1 }, "geometry": { "type": "Point", "coordinates": [ 18.371056, 54.551917 ] } },
{ "type": "Feature", "properties": { "ID": 110303726, "yr": 2021, "dt": "2021-06-30T08:54:04", "WOJ": 22, "sev": 1, "c": [ 255, 255, 0, 160 ], "dmg": 1, "sli": 1, "ser": 0, "fat": 0, "row": -1, "mot": 1, "pie": -1, "uto": -1, "uwr": -1 }, "geometry": { "type": "Point", "coordinates": [ 18.300056, 54.285444 ] } },
{ "type": "Feature", "properties": { "ID": 110296027, "yr": 2021, "dt": "2021-06-26T22:59:51", "WOJ": 22, "sev": 1, "c": [ 255, 255, 0, 160 ], "dmg": 0, "sli": 1, "ser": 0, "fat": 0, "row": -1, "mot": -1, "pie": -1, "uto": -1, "uwr": -1 }, "geometry": { "type": "Point", "coordinates": [ 18.812861, 53.804444 ] } },
{ "type": "Feature", "properties": { "ID": 110296615, "yr": 2021, "dt": "2021-06-26T10:55:31", "WOJ": 22, "sev": 1, "c": [ 255, 255, 0, 160 ], "dmg": 1, "sli": 1, "ser": 0, "fat": 0, "row": -1, "mot": -1, "pie": -1, "uto": -1, "uwr": -1 }, "geometry": { "type": "Point", "coordinates": [ 18.777806, 54.091861 ] } },
{ "type": "Feature", "properties": { "ID": 110296014, "yr": 2021, "dt": "2021-06-26T21:00:00", "WOJ": 22, "sev": 1, "c": [ 255, 255, 0, 160 ], "dmg": 0, "sli": 1, "ser": 0, "fat": 0, "row": 1, "mot": -1, "pie": -1, "uto": -1, "uwr": -1 }, "geometry": { "type": "Point", "coordinates": [ 16.995917, 54.467222 ] } },
{ "type": "Feature", "properties": { "ID": 110300985, "yr": 2021, "dt": "2021-06-26T13:54:00", "WOJ": 22, "sev": 1, "c": [ 255, 255, 0, 160 ], "dmg": 2, "sli": 1, "ser": 0, "fat": 0, "row": -1, "mot": -1, "pie": -1, "uto": -1, "uwr": -1 }, "geometry": { "type": "Point", "coordinates": [ 18.172389, 54.225944 ] } },
{ "type": "Feature", "properties": { "ID": 110295679, "yr": 2021, "dt": "2021-06-26T09:01:33", "WOJ": 22, "sev": 1, "c": [ 255, 255, 0, 160 ], "dmg": 0, "sli": 1, "ser": 0, "fat": 0, "row": -1, "mot": 1, "pie": -1, "uto": -1, "uwr": -1 }, "geometry": { "type": "Point", "coordinates": [ 18.25325, 54.601833 ] } },
{ "type": "Feature", "properties": { "ID": 110301626, "yr": 2021, "dt": "2021-06-26T00:05:00", "WOJ": 22, "sev": 1, "c": [ 255, 255, 0, 160 ], "dmg": 1, "sli": 1, "ser": 0, "fat": 0, "row": -1, "mot": -1, "pie": -1, "uto": -1, "uwr": -1 }, "geometry": { "type": "Point", "coordinates": [ 18.558611, 54.435222 ] } },
{ "type": "Feature", "properties": { "ID": 110296256, "yr": 2021, "dt": "2021-06-27T19:06:28", "WOJ": 22, "sev": 1, "c": [ 255, 255, 0, 160 ], "dmg": 1, "sli": 1, "ser": 0, "fat": 0, "row": 1, "mot": -1, "pie": -1, "uto": -1, "uwr": -1 }, "geometry": { "type": "Point", "coordinates": [ 18.585417, 54.275833 ] } },
{ "type": "Feature", "properties": { "ID": 110297561, "yr": 2021, "dt": "2021-06-27T14:20:00", "WOJ": 22, "sev": 1, "c": [ 255, 255, 0, 160 ], "dmg": 2, "sli": 1, "ser": 0, "fat": 0, "row": -1, "mot": -1, "pie": -1, "uto": -1, "uwr": -1 }, "geometry": { "type": "Point", "coordinates": [ 18.523389, 54.342056 ] } },
{ "type": "Feature", "properties": { "ID": 110299443, "yr": 2021, "dt": "2021-06-28T15:45:42", "WOJ": 22, "sev": 1, "c": [ 255, 255, 0, 160 ], "dmg": 1, "sli": 1, "ser": 0, "fat": 0, "row": -1, "mot": -1, "pie": 1, "uto": -1, "uwr": -1 }, "geometry": { "type": "Point", "coordinates": [ 19.201889, 54.054722 ] } },
{ "type": "Feature", "properties": { "ID": 110306650, "yr": 2021, "dt": "2021-06-28T13:30:00", "WOJ": 22, "sev": 1, "c": [ 255, 255, 0, 160 ], "dmg": 1, "sli": 1, "ser": 0, "fat": 0, "row": -1, "mot": -1, "pie": 1, "uto": -1, "uwr": -1 }, "geometry": { "type": "Point", "coordinates": [ 18.6275, 54.380278 ] } },
{ "type": "Feature", "properties": { "ID": 110300585, "yr": 2021, "dt": "2021-06-28T18:50:00", "WOJ": 22, "sev": 1, "c": [ 255, 255, 0, 160 ], "dmg": 1, "sli": 1, "ser": 0, "fat": 0, "row": 1, "mot": -1, "pie": -1, "uto": -1, "uwr": -1 }, "geometry": { "type": "Point", "coordinates": [ 18.666028, 54.348 ] } },
{ "type": "Feature", "properties": { "ID": 110298731, "yr": 2021, "dt": "2021-06-28T08:17:06", "WOJ": 22, "sev": 1, "c": [ 255, 255, 0, 160 ], "dmg": 0, "sli": 1, "ser": 0, "fat": 0, "row": -1, "mot": -1, "pie": -1, "uto": -1, "uwr": -1 }, "geometry": { "type": "Point", "coordinates": [ 18.635917, 54.261889 ] } },
{ "type": "Feature", "properties": { "ID": 110292492, "yr": 2021, "dt": "2021-06-23T23:35:00", "WOJ": 22, "sev": 1, "c": [ 255, 255, 0, 160 ], "dmg": 1, "sli": 1, "ser": 0, "fat": 0, "row": -1, "mot": 1, "pie": -1, "uto": -1, "uwr": -1 }, "geometry": { "type": "Point", "coordinates": [ 18.540111, 54.5195 ] } },
{ "type": "Feature", "properties": { "ID": 110293134, "yr": 2021, "dt": "2021-06-23T07:50:00", "WOJ": 22, "sev": 1, "c": [ 255, 255, 0, 160 ], "dmg": 1, "sli": 1, "ser": 0, "fat": 0, "row": 1, "mot": -1, "pie": -1, "uto": -1, "uwr": -1 }, "geometry": { "type": "Point", "coordinates": [ 18.581389, 54.402222 ] } },
{ "type": "Feature", "properties": { "ID": 110293006, "yr": 2021, "dt": "2021-06-23T16:40:00", "WOJ": 22, "sev": 1, "c": [ 255, 255, 0, 160 ], "dmg": 2, "sli": 1, "ser": 0, "fat": 0, "row": -1, "mot": -1, "pie": -1, "uto": -1, "uwr": -1 }, "geometry": { "type": "Point", "coordinates": [ 18.649667, 54.218972 ] } },
{ "type": "Feature", "properties": { "ID": 112399716, "yr": 2021, "dt": "2021-10-21T22:26:39", "WOJ": 22, "sev": 1, "c": [ 255, 255, 0, 160 ], "dmg": 2, "sli": 1, "ser": 0, "fat": 0, "row": -1, "mot": -1, "pie": -1, "uto": -1, "uwr": -1 }, "geometry": { "type": "Point", "coordinates": [ 19.008306, 54.008944 ] } },
{ "type": "Feature", "properties": { "ID": 112399003, "yr": 2021, "dt": "2021-10-21T11:30:00", "WOJ": 22, "sev": 1, "c": [ 255, 255, 0, 160 ], "dmg": 1, "sli": 1, "ser": 0, "fat": 0, "row": 1, "mot": -1, "pie": 0, "uto": -1, "uwr": -1 }, "geometry": { "type": "Point", "coordinates": [ 18.612139, 54.38775 ] } },
{ "type": "Feature", "properties": { "ID": 111755888, "yr": 2021, "dt": "2021-10-14T14:35:33", "WOJ": 22, "sev": 1, "c": [ 255, 255, 0, 160 ], "dmg": 0, "sli": 1, "ser": 0, "fat": 0, "row": -1, "mot": -1, "pie": -1, "uto": -1, "uwr": -1 }, "geometry": { "type": "Point", "coordinates": [ 18.275556, 54.077778 ] } },
{ "type": "Feature", "properties": { "ID": 111816807, "yr": 2021, "dt": "2021-10-14T18:50:00", "WOJ": 22, "sev": 1, "c": [ 255, 255, 0, 160 ], "dmg": 1, "sli": 1, "ser": 0, "fat": 0, "row": -1, "mot": -1, "pie": -1, "uto": -1, "uwr": -1 }, "geometry": { "type": "Point", "coordinates": [ 18.635278, 54.365833 ] } },
{ "type": "Feature", "properties": { "ID": 111756701, "yr": 2021, "dt": "2021-10-15T15:03:17", "WOJ": 22, "sev": 1, "c": [ 255, 255, 0, 160 ], "dmg": 2, "sli": 1, "ser": 0, "fat": 0, "row": -1, "mot": -1, "pie": -1, "uto": -1, "uwr": -1 }, "geometry": { "type": "Point", "coordinates": [ 18.633361, 54.020889 ] } },
{ "type": "Feature", "properties": { "ID": 111797947, "yr": 2021, "dt": "2021-10-15T18:00:00", "WOJ": 22, "sev": 1, "c": [ 255, 255, 0, 160 ], "dmg": 2, "sli": 1, "ser": 0, "fat": 0, "row": -1, "mot": -1, "pie": -1, "uto": -1, "uwr": -1 }, "geometry": { "type": "Point", "coordinates": [ 18.642, 54.352333 ] } },
{ "type": "Feature", "properties": { "ID": 111971809, "yr": 2021, "dt": "2021-10-15T20:10:00", "WOJ": 22, "sev": 1, "c": [ 255, 255, 0, 160 ], "dmg": 0, "sli": 1, "ser": 0, "fat": 0, "row": -1, "mot": -1, "pie": -1, "uto": -1, "uwr": -1 }, "geometry": { "type": "Point", "coordinates": [ 17.938694, 54.612972 ] } },
{ "type": "Feature", "properties": { "ID": 112058818, "yr": 2021, "dt": "2021-10-15T07:50:00", "WOJ": 22, "sev": 1, "c": [ 255, 255, 0, 160 ], "dmg": 1, "sli": 1, "ser": 0, "fat": 0, "row": -1, "mot": -1, "pie": -1, "uto": -1, "uwr": -1 }, "geometry": { "type": "Point", "coordinates": [ 18.364861, 54.653722 ] } },
{ "type": "Feature", "properties": { "ID": 111798825, "yr": 2021, "dt": "2021-10-16T01:34:00", "WOJ": 22, "sev": 1, "c": [ 255, 255, 0, 160 ], "dmg": 0, "sli": 1, "ser": 0, "fat": 0, "row": -1, "mot": -1, "pie": -1, "uto": -1, "uwr": -1 }, "geometry": { "type": "Point", "coordinates": [ 18.390917, 54.564583 ] } },
{ "type": "Feature", "properties": { "ID": 110301124, "yr": 2021, "dt": "2021-06-29T12:28:05", "WOJ": 22, "sev": 1, "c": [ 255, 255, 0, 160 ], "dmg": 1, "sli": 1, "ser": 0, "fat": 0, "row": -1, "mot": -1, "pie": 1, "uto": -1, "uwr": -1 }, "geometry": { "type": "Point", "coordinates": [ 18.633361, 54.258278 ] } },
{ "type": "Feature", "properties": { "ID": 110302201, "yr": 2021, "dt": "2021-06-29T15:30:00", "WOJ": 22, "sev": 1, "c": [ 255, 255, 0, 160 ], "dmg": 1, "sli": 1, "ser": 0, "fat": 0, "row": 1, "mot": -1, "pie": -1, "uto": -1, "uwr": -1 }, "geometry": { "type": "Point", "coordinates": [ 18.251056, 54.831194 ] } },
{ "type": "Feature", "properties": { "ID": 110301595, "yr": 2021, "dt": "2021-06-29T07:40:42", "WOJ": 22, "sev": 1, "c": [ 255, 255, 0, 160 ], "dmg": 1, "sli": 1, "ser": 0, "fat": 0, "row": -1, "mot": 1, "pie": -1, "uto": -1, "uwr": -1 }, "geometry": { "type": "Point", "coordinates": [ 18.465278, 54.208167 ] } },
{ "type": "Feature", "properties": { "ID": 110302079, "yr": 2021, "dt": "2021-06-29T15:19:12", "WOJ": 22, "sev": 1, "c": [ 255, 255, 0, 160 ], "dmg": 0, "sli": 2, "ser": 0, "fat": 0, "row": 1, "mot": -1, "pie": -1, "uto": -1, "uwr": -1 }, "geometry": { "type": "Point", "coordinates": [ 18.247417, 54.606167 ] } },
{ "type": "Feature", "properties": { "ID": 110302991, "yr": 2021, "dt": "2021-06-30T13:54:12", "WOJ": 22, "sev": 1, "c": [ 255, 255, 0, 160 ], "dmg": 1, "sli": 1, "ser": 0, "fat": 0, "row": -1, "mot": -1, "pie": -1, "uto": -1, "uwr": -1 }, "geometry": { "type": "Point", "coordinates": [ 19.098417, 54.120583 ] } },
{ "type": "Feature", "properties": { "ID": 110302639, "yr": 2021, "dt": "2021-06-30T09:07:00", "WOJ": 22, "sev": 1, "c": [ 255, 255, 0, 160 ], "dmg": 1, "sli": 1, "ser": 0, "fat": 0, "row": -1, "mot": -1, "pie": 1, "uto": -1, "uwr": -1 }, "geometry": { "type": "Point", "coordinates": [ 18.801611, 54.0865 ] } },
{ "type": "Feature", "properties": { "ID": 110305662, "yr": 2021, "dt": "2021-06-30T16:30:00", "WOJ": 22, "sev": 1, "c": [ 255, 255, 0, 160 ], "dmg": 1, "sli": 1, "ser": 0, "fat": 0, "row": -1, "mot": -1, "pie": 1, "uto": -1, "uwr": -1 }, "geometry": { "type": "Point", "coordinates": [ 16.858583, 54.582333 ] } },
{ "type": "Feature", "properties": { "ID": 110311056, "yr": 2021, "dt": "2021-07-05T15:55:00", "WOJ": 22, "sev": 1, "c": [ 255, 255, 0, 160 ], "dmg": 1, "sli": 1, "ser": 0, "fat": 0, "row": -1, "mot": -1, "pie": 1, "uto": -1, "uwr": -1 }, "geometry": { "type": "Point", "coordinates": [ 18.802667, 54.161278 ] } },
{ "type": "Feature", "properties": { "ID": 110312945, "yr": 2021, "dt": "2021-07-05T18:20:00", "WOJ": 22, "sev": 1, "c": [ 255, 255, 0, 160 ], "dmg": 1, "sli": 1, "ser": 0, "fat": 0, "row": -1, "mot": -1, "pie": -1, "uto": -1, "uwr": -1 }, "geometry": { "type": "Point", "coordinates": [ 17.765556, 54.4825 ] } },
{ "type": "Feature", "properties": { "ID": 110304976, "yr": 2021, "dt": "2021-07-01T17:40:00", "WOJ": 22, "sev": 1, "c": [ 255, 255, 0, 160 ], "dmg": 1, "sli": 1, "ser": 0, "fat": 0, "row": 1, "mot": -1, "pie": -1, "uto": -1, "uwr": -1 }, "geometry": { "type": "Point", "coordinates": [ 18.56375, 54.40875 ] } },
{ "type": "Feature", "properties": { "ID": 110305300, "yr": 2021, "dt": "2021-07-01T01:10:00", "WOJ": 22, "sev": 1, "c": [ 255, 255, 0, 160 ], "dmg": 0, "sli": 1, "ser": 0, "fat": 0, "row": -1, "mot": -1, "pie": -1, "uto": -1, "uwr": -1 }, "geometry": { "type": "Point", "coordinates": [ 18.402972, 54.799917 ] } },
{ "type": "Feature", "properties": { "ID": 110305690, "yr": 2021, "dt": "2021-07-01T12:52:13", "WOJ": 22, "sev": 1, "c": [ 255, 255, 0, 160 ], "dmg": 1, "sli": 1, "ser": 0, "fat": 0, "row": -1, "mot": -1, "pie": -1, "uto": -1, "uwr": -1 }, "geometry": { "type": "Point", "coordinates": [ 18.537639, 53.957472 ] } },
{ "type": "Feature", "properties": { "ID": 110305713, "yr": 2021, "dt": "2021-07-01T12:30:00", "WOJ": 22, "sev": 1, "c": [ 255, 255, 0, 160 ], "dmg": 2, "sli": 1, "ser": 0, "fat": 0, "row": -1, "mot": -1, "pie": 0, "uto": -1, "uwr": -1 }, "geometry": { "type": "Point", "coordinates": [ 18.63625, 54.352083 ] } },
{ "type": "Feature", "properties": { "ID": 110305277, "yr": 2021, "dt": "2021-07-02T10:40:00", "WOJ": 22, "sev": 1, "c": [ 255, 255, 0, 160 ], "dmg": 1, "sli": 1, "ser": 0, "fat": 0, "row": -1, "mot": -1, "pie": 1, "uto": -1, "uwr": -1 }, "geometry": { "type": "Point", "coordinates": [ 18.605139, 54.403528 ] } },
{ "type": "Feature", "properties": { "ID": 110305470, "yr": 2021, "dt": "2021-07-02T19:15:00", "WOJ": 22, "sev": 1, "c": [ 255, 255, 0, 160 ], "dmg": 1, "sli": 1, "ser": 0, "fat": 0, "row": -1, "mot": -1, "pie": -1, "uto": -1, "uwr": -1 }, "geometry": { "type": "Point", "coordinates": [ 18.507444, 54.350389 ] } },
{ "type": "Feature", "properties": { "ID": 110309549, "yr": 2021, "dt": "2021-07-03T07:58:36", "WOJ": 22, "sev": 1, "c": [ 255, 255, 0, 160 ], "dmg": 0, "sli": 3, "ser": 0, "fat": 0, "row": -1, "mot": -1, "pie": -1, "uto": -1, "uwr": -1 }, "geometry": { "type": "Point", "coordinates": [ 17.156944, 53.609528 ] } },
{ "type": "Feature", "properties": { "ID": 110299975, "yr": 2021, "dt": "2021-06-28T20:00:00", "WOJ": 22, "sev": 1, "c": [ 255, 255, 0, 160 ], "dmg": 1, "sli": 1, "ser": 0, "fat": 0, "row": -1, "mot": -1, "pie": -1, "uto": -1, "uwr": -1 }, "geometry": { "type": "Point", "coordinates": [ 19.027806, 53.929861 ] } },
{ "type": "Feature", "properties": { "ID": 110298801, "yr": 2021, "dt": "2021-06-28T07:10:40", "WOJ": 22, "sev": 1, "c": [ 255, 255, 0, 160 ], "dmg": 1, "sli": 1, "ser": 0, "fat": 0, "row": -1, "mot": -1, "pie": -1, "uto": -1, "uwr": -1 }, "geometry": { "type": "Point", "coordinates": [ 18.555556, 54.306639 ] } },
{ "type": "Feature", "properties": { "ID": 110298743, "yr": 2021, "dt": "2021-06-28T09:16:07", "WOJ": 22, "sev": 1, "c": [ 255, 255, 0, 160 ], "dmg": 1, "sli": 1, "ser": 0, "fat": 0, "row": -1, "mot": 1, "pie": -1, "uto": -1, "uwr": -1 }, "geometry": { "type": "Point", "coordinates": [ 18.554889, 54.450806 ] } },
{ "type": "Feature", "properties": { "ID": 110478305, "yr": 2021, "dt": "2021-06-29T18:34:00", "WOJ": 22, "sev": 1, "c": [ 255, 255, 0, 160 ], "dmg": 0, "sli": 1, "ser": 0, "fat": 0, "row": -1, "mot": -1, "pie": -1, "uto": -1, "uwr": -1 }, "geometry": { "type": "Point", "coordinates": [ 18.256806, 54.392056 ] } },
{ "type": "Feature", "properties": { "ID": 112241617, "yr": 2021, "dt": "2021-10-19T12:00:00", "WOJ": 22, "sev": 1, "c": [ 255, 255, 0, 160 ], "dmg": 2, "sli": 1, "ser": 0, "fat": 0, "row": -1, "mot": -1, "pie": -1, "uto": -1, "uwr": -1 }, "geometry": { "type": "Point", "coordinates": [ 17.397889, 54.325778 ] } },
{ "type": "Feature", "properties": { "ID": 112241320, "yr": 2021, "dt": "2021-10-20T17:00:00", "WOJ": 22, "sev": 1, "c": [ 255, 255, 0, 160 ], "dmg": 1, "sli": 1, "ser": 0, "fat": 0, "row": 1, "mot": -1, "pie": -1, "uto": -1, "uwr": -1 }, "geometry": { "type": "Point", "coordinates": [ 18.588917, 54.388917 ] } },
{ "type": "Feature", "properties": { "ID": 112241442, "yr": 2021, "dt": "2021-10-20T17:36:25", "WOJ": 22, "sev": 1, "c": [ 255, 255, 0, 160 ], "dmg": 2, "sli": 1, "ser": 0, "fat": 0, "row": -1, "mot": -1, "pie": 1, "uto": -1, "uwr": -1 }, "geometry": { "type": "Point", "coordinates": [ 18.702833, 53.926222 ] } },
{ "type": "Feature", "properties": { "ID": 111798110, "yr": 2021, "dt": "2021-10-16T09:51:25", "WOJ": 22, "sev": 1, "c": [ 255, 255, 0, 160 ], "dmg": 1, "sli": 1, "ser": 0, "fat": 0, "row": -1, "mot": -1, "pie": 1, "uto": -1, "uwr": -1 }, "geometry": { "type": "Point", "coordinates": [ 18.296778, 54.377694 ] } },
{ "type": "Feature", "properties": { "ID": 111798666, "yr": 2021, "dt": "2021-10-17T17:17:01", "WOJ": 22, "sev": 1, "c": [ 255, 255, 0, 160 ], "dmg": 1, "sli": 1, "ser": 0, "fat": 0, "row": -1, "mot": 1, "pie": -1, "uto": -1, "uwr": -1 }, "geometry": { "type": "Point", "coordinates": [ 18.316472, 54.83 ] } },
{ "type": "Feature", "properties": { "ID": 112147672, "yr": 2021, "dt": "2021-10-18T08:05:00", "WOJ": 22, "sev": 1, "c": [ 255, 255, 0, 160 ], "dmg": 1, "sli": 1, "ser": 0, "fat": 0, "row": 1, "mot": -1, "pie": -1, "uto": -1, "uwr": -1 }, "geometry": { "type": "Point", "coordinates": [ 18.360806, 54.597389 ] } },
{ "type": "Feature", "properties": { "ID": 112146824, "yr": 2021, "dt": "2021-10-18T09:05:00", "WOJ": 22, "sev": 1, "c": [ 255, 255, 0, 160 ], "dmg": 1, "sli": 1, "ser": 0, "fat": 0, "row": 1, "mot": -1, "pie": -1, "uto": -1, "uwr": -1 }, "geometry": { "type": "Point", "coordinates": [ 18.655306, 54.256139 ] } },
{ "type": "Feature", "properties": { "ID": 111957808, "yr": 2021, "dt": "2021-10-18T11:25:00", "WOJ": 22, "sev": 1, "c": [ 255, 255, 0, 160 ], "dmg": 1, "sli": 1, "ser": 0, "fat": 0, "row": 1, "mot": -1, "pie": -1, "uto": -1, "uwr": -1 }, "geometry": { "type": "Point", "coordinates": [ 16.982111, 54.468056 ] } },
{ "type": "Feature", "properties": { "ID": 112935981, "yr": 2021, "dt": "2021-10-18T15:40:00", "WOJ": 22, "sev": 1, "c": [ 255, 255, 0, 160 ], "dmg": 1, "sli": 1, "ser": 0, "fat": 0, "row": -1, "mot": -1, "pie": -1, "uto": -1, "uwr": -1 }, "geometry": { "type": "Point", "coordinates": [ 17.378056, 53.674944 ] } },
{ "type": "Feature", "properties": { "ID": 112084816, "yr": 2021, "dt": "2021-10-18T18:10:00", "WOJ": 22, "sev": 1, "c": [ 255, 255, 0, 160 ], "dmg": 1, "sli": 1, "ser": 0, "fat": 0, "row": -1, "mot": -1, "pie": -1, "uto": -1, "uwr": -1 }, "geometry": { "type": "Point", "coordinates": [ 18.4525, 54.456167 ] } },
{ "type": "Feature", "properties": { "ID": 111710146, "yr": 2021, "dt": "2021-10-10T20:03:33", "WOJ": 22, "sev": 1, "c": [ 255, 255, 0, 160 ], "dmg": 0, "sli": 2, "ser": 0, "fat": 0, "row": -1, "mot": -1, "pie": -1, "uto": -1, "uwr": -1 }, "geometry": { "type": "Point", "coordinates": [ 18.918028, 54.059333 ] } },
{ "type": "Feature", "properties": { "ID": 111711814, "yr": 2021, "dt": "2021-10-10T05:40:18", "WOJ": 22, "sev": 1, "c": [ 255, 255, 0, 160 ], "dmg": 1, "sli": 1, "ser": 0, "fat": 0, "row": -1, "mot": -1, "pie": -1, "uto": -1, "uwr": -1 }, "geometry": { "type": "Point", "coordinates": [ 18.778139, 54.092167 ] } },
{ "type": "Feature", "properties": { "ID": 111710622, "yr": 2021, "dt": "2021-10-11T14:11:47", "WOJ": 22, "sev": 1, "c": [ 255, 255, 0, 160 ], "dmg": 0, "sli": 2, "ser": 0, "fat": 0, "row": -1, "mot": -1, "pie": -1, "uto": -1, "uwr": -1 }, "geometry": { "type": "Point", "coordinates": [ 18.786472, 54.077444 ] } },
{ "type": "Feature", "properties": { "ID": 113008807, "yr": 2021, "dt": "2021-10-11T05:44:00", "WOJ": 22, "sev": 1, "c": [ 255, 255, 0, 160 ], "dmg": 1, "sli": 1, "ser": 0, "fat": 0, "row": -1, "mot": -1, "pie": 1, "uto": -1, "uwr": -1 }, "geometry": { "type": "Point", "coordinates": [ 18.196361, 54.271722 ] } },
{ "type": "Feature", "properties": { "ID": 111716514, "yr": 2021, "dt": "2021-10-12T20:42:55", "WOJ": 22, "sev": 1, "c": [ 255, 255, 0, 160 ], "dmg": 0, "sli": 2, "ser": 0, "fat": 0, "row": -1, "mot": -1, "pie": -1, "uto": -1, "uwr": -1 }, "geometry": { "type": "Point", "coordinates": [ 18.586935, 54.225457 ] } },
{ "type": "Feature", "properties": { "ID": 110310198, "yr": 2021, "dt": "2021-07-04T07:30:00", "WOJ": 22, "sev": 1, "c": [ 255, 255, 0, 160 ], "dmg": 1, "sli": 1, "ser": 0, "fat": 0, "row": 1, "mot": -1, "pie": -1, "uto": -1, "uwr": -1 }, "geometry": { "type": "Point", "coordinates": [ 18.546139, 54.552806 ] } },
{ "type": "Feature", "properties": { "ID": 110310739, "yr": 2021, "dt": "2021-07-05T08:42:23", "WOJ": 22, "sev": 1, "c": [ 255, 255, 0, 160 ], "dmg": 1, "sli": 1, "ser": 0, "fat": 0, "row": -1, "mot": -1, "pie": -1, "uto": -1, "uwr": -1 }, "geometry": { "type": "Point", "coordinates": [ 18.220861, 54.133694 ] } },
{ "type": "Feature", "properties": { "ID": 110312332, "yr": 2021, "dt": "2021-07-05T17:50:51", "WOJ": 22, "sev": 1, "c": [ 255, 255, 0, 160 ], "dmg": 2, "sli": 1, "ser": 0, "fat": 0, "row": -1, "mot": -1, "pie": -1, "uto": -1, "uwr": -1 }, "geometry": { "type": "Point", "coordinates": [ 18.247083, 53.902861 ] } },
{ "type": "Feature", "properties": { "ID": 110312422, "yr": 2021, "dt": "2021-07-05T20:35:40", "WOJ": 22, "sev": 1, "c": [ 255, 255, 0, 160 ], "dmg": 0, "sli": 3, "ser": 0, "fat": 0, "row": -1, "mot": -1, "pie": -1, "uto": -1, "uwr": -1 }, "geometry": { "type": "Point", "coordinates": [ 18.629694, 53.856806 ] } },
{ "type": "Feature", "properties": { "ID": 110317537, "yr": 2021, "dt": "2021-07-06T09:45:00", "WOJ": 22, "sev": 1, "c": [ 255, 255, 0, 160 ], "dmg": 1, "sli": 1, "ser": 0, "fat": 0, "row": 1, "mot": -1, "pie": -1, "uto": -1, "uwr": -1 }, "geometry": { "type": "Point", "coordinates": [ 18.789139, 54.087556 ] } },
{ "type": "Feature", "properties": { "ID": 110339198, "yr": 2021, "dt": "2021-07-06T09:05:00", "WOJ": 22, "sev": 1, "c": [ 255, 255, 0, 160 ], "dmg": 1, "sli": 1, "ser": 0, "fat": 0, "row": 1, "mot": -1, "pie": -1, "uto": -1, "uwr": -1 }, "geometry": { "type": "Point", "coordinates": [ 17.804528, 54.327333 ] } },
{ "type": "Feature", "properties": { "ID": 110313305, "yr": 2021, "dt": "2021-07-06T19:43:00", "WOJ": 22, "sev": 1, "c": [ 255, 255, 0, 160 ], "dmg": 1, "sli": 1, "ser": 0, "fat": 0, "row": -1, "mot": -1, "pie": 1, "uto": -1, "uwr": -1 }, "geometry": { "type": "Point", "coordinates": [ 18.475833, 54.430111 ] } },
{ "type": "Feature", "properties": { "ID": 110316656, "yr": 2021, "dt": "2021-07-06T17:15:00", "WOJ": 22, "sev": 1, "c": [ 255, 255, 0, 160 ], "dmg": 1, "sli": 1, "ser": 0, "fat": 0, "row": 1, "mot": -1, "pie": -1, "uto": -1, "uwr": -1 }, "geometry": { "type": "Point", "coordinates": [ 16.996111, 54.470944 ] } },
{ "type": "Feature", "properties": { "ID": 110313221, "yr": 2021, "dt": "2021-07-06T14:18:32", "WOJ": 22, "sev": 1, "c": [ 255, 255, 0, 160 ], "dmg": 1, "sli": 1, "ser": 0, "fat": 0, "row": -1, "mot": -1, "pie": -1, "uto": -1, "uwr": -1 }, "geometry": { "type": "Point", "coordinates": [ 18.37425, 54.578278 ] } },
{ "type": "Feature", "properties": { "ID": 110314081, "yr": 2021, "dt": "2021-07-07T08:05:00", "WOJ": 22, "sev": 1, "c": [ 255, 255, 0, 160 ], "dmg": 1, "sli": 1, "ser": 0, "fat": 0, "row": 1, "mot": -1, "pie": -1, "uto": -1, "uwr": -1 }, "geometry": { "type": "Point", "coordinates": [ 18.645222, 54.345194 ] } },
{ "type": "Feature", "properties": { "ID": 110314233, "yr": 2021, "dt": "2021-07-07T21:58:24", "WOJ": 22, "sev": 1, "c": [ 255, 255, 0, 160 ], "dmg": 1, "sli": 4, "ser": 0, "fat": 0, "row": -1, "mot": -1, "pie": -1, "uto": -1, "uwr": -1 }, "geometry": { "type": "Point", "coordinates": [ 19.125222, 54.326972 ] } },
{ "type": "Feature", "properties": { "ID": 110315455, "yr": 2021, "dt": "2021-07-08T07:40:00", "WOJ": 22, "sev": 1, "c": [ 255, 255, 0, 160 ], "dmg": 1, "sli": 1, "ser": 0, "fat": 0, "row": 1, "mot": -1, "pie": -1, "uto": -1, "uwr": -1 }, "geometry": { "type": "Point", "coordinates": [ 18.557944, 54.331 ] } },
{ "type": "Feature", "properties": { "ID": 110360279, "yr": 2021, "dt": "2021-07-08T14:00:00", "WOJ": 22, "sev": 1, "c": [ 255, 255, 0, 160 ], "dmg": 1, "sli": 1, "ser": 0, "fat": 0, "row": -1, "mot": -1, "pie": -1, "uto": -1, "uwr": -1 }, "geometry": { "type": "Point", "coordinates": [ 17.888333, 54.171944 ] } },
{ "type": "Feature", "properties": { "ID": 110315799, "yr": 2021, "dt": "2021-07-08T09:45:00", "WOJ": 22, "sev": 1, "c": [ 255, 255, 0, 160 ], "dmg": 1, "sli": 1, "ser": 0, "fat": 0, "row": -1, "mot": -1, "pie": -1, "uto": -1, "uwr": -1 }, "geometry": { "type": "Point", "coordinates": [ 18.490083, 54.539833 ] } },
{ "type": "Feature", "properties": { "ID": 110309876, "yr": 2021, "dt": "2021-07-03T14:35:36", "WOJ": 22, "sev": 1, "c": [ 255, 255, 0, 160 ], "dmg": 1, "sli": 1, "ser": 0, "fat": 0, "row": -1, "mot": -1, "pie": -1, "uto": -1, "uwr": -1 }, "geometry": { "type": "Point", "coordinates": [ 17.8975, 54.721972 ] } },
{ "type": "Feature", "properties": { "ID": 110348095, "yr": 2021, "dt": "2021-07-03T17:00:00", "WOJ": 22, "sev": 1, "c": [ 255, 255, 0, 160 ], "dmg": 1, "sli": 2, "ser": 0, "fat": 0, "row": -1, "mot": -1, "pie": -1, "uto": -1, "uwr": -1 }, "geometry": { "type": "Point", "coordinates": [ 18.436778, 54.114194 ] } },
{ "type": "Feature", "properties": { "ID": 110311412, "yr": 2021, "dt": "2021-07-03T16:10:00", "WOJ": 22, "sev": 1, "c": [ 255, 255, 0, 160 ], "dmg": 3, "sli": 2, "ser": 0, "fat": 0, "row": -1, "mot": -1, "pie": -1, "uto": -1, "uwr": -1 }, "geometry": { "type": "Point", "coordinates": [ 17.019361, 53.556 ] } },
{ "type": "Feature", "properties": { "ID": 110310244, "yr": 2021, "dt": "2021-07-04T11:59:26", "WOJ": 22, "sev": 1, "c": [ 255, 255, 0, 160 ], "dmg": 0, "sli": 1, "ser": 0, "fat": 0, "row": -1, "mot": -1, "pie": -1, "uto": -1, "uwr": -1 }, "geometry": { "type": "Point", "coordinates": [ 17.1655, 53.782472 ] } },
{ "type": "Feature", "properties": { "ID": 110310322, "yr": 2021, "dt": "2021-07-04T14:04:00", "WOJ": 22, "sev": 1, "c": [ 255, 255, 0, 160 ], "dmg": 1, "sli": 1, "ser": 0, "fat": 0, "row": -1, "mot": 1, "pie": -1, "uto": -1, "uwr": -1 }, "geometry": { "type": "Point", "coordinates": [ 18.468194, 54.466194 ] } },
{ "type": "Feature", "properties": { "ID": 110311728, "yr": 2021, "dt": "2021-07-04T18:40:00", "WOJ": 22, "sev": 1, "c": [ 255, 255, 0, 160 ], "dmg": 1, "sli": 2, "ser": 0, "fat": 0, "row": -1, "mot": -1, "pie": -1, "uto": -1, "uwr": -1 }, "geometry": { "type": "Point", "coordinates": [ 17.0665, 53.904306 ] } },
{ "type": "Feature", "properties": { "ID": 110319789, "yr": 2021, "dt": "2021-07-11T15:10:39", "WOJ": 22, "sev": 1, "c": [ 255, 255, 0, 160 ], "dmg": 0, "sli": 3, "ser": 0, "fat": 0, "row": -1, "mot": -1, "pie": -1, "uto": -1, "uwr": -1 }, "geometry": { "type": "Point", "coordinates": [ 18.777306, 54.091917 ] } },
{ "type": "Feature", "properties": { "ID": 110320805, "yr": 2021, "dt": "2021-07-11T18:05:00", "WOJ": 22, "sev": 1, "c": [ 255, 255, 0, 160 ], "dmg": 0, "sli": 1, "ser": 0, "fat": 0, "row": -1, "mot": -1, "pie": -1, "uto": -1, "uwr": -1 }, "geometry": { "type": "Point", "coordinates": [ 17.107194, 54.547889 ] } },
{ "type": "Feature", "properties": { "ID": 110355865, "yr": 2021, "dt": "2021-07-08T16:30:00", "WOJ": 22, "sev": 1, "c": [ 255, 255, 0, 160 ], "dmg": 0, "sli": 1, "ser": 0, "fat": 0, "row": 1, "mot": -1, "pie": -1, "uto": -1, "uwr": -1 }, "geometry": { "type": "Point", "coordinates": [ 18.643389, 54.355861 ] } },
{ "type": "Feature", "properties": { "ID": 110321861, "yr": 2021, "dt": "2021-07-08T19:34:00", "WOJ": 22, "sev": 1, "c": [ 255, 255, 0, 160 ], "dmg": 1, "sli": 1, "ser": 0, "fat": 0, "row": -1, "mot": -1, "pie": -1, "uto": -1, "uwr": -1 }, "geometry": { "type": "Point", "coordinates": [ 18.095083, 54.275028 ] } },
{ "type": "Feature", "properties": { "ID": 110316890, "yr": 2021, "dt": "2021-07-08T15:21:03", "WOJ": 22, "sev": 1, "c": [ 255, 255, 0, 160 ], "dmg": 4, "sli": 2, "ser": 0, "fat": 0, "row": -1, "mot": -1, "pie": -1, "uto": -1, "uwr": -1 }, "geometry": { "type": "Point", "coordinates": [ 18.762861, 54.054889 ] } },
{ "type": "Feature", "properties": { "ID": 110315536, "yr": 2021, "dt": "2021-07-08T07:12:00", "WOJ": 22, "sev": 1, "c": [ 255, 255, 0, 160 ], "dmg": 1, "sli": 1, "ser": 0, "fat": 0, "row": 1, "mot": -1, "pie": -1, "uto": -1, "uwr": -1 }, "geometry": { "type": "Point", "coordinates": [ 17.589028, 53.698278 ] } },
{ "type": "Feature", "properties": { "ID": 110315320, "yr": 2021, "dt": "2021-07-08T05:40:00", "WOJ": 22, "sev": 1, "c": [ 255, 255, 0, 160 ], "dmg": 1, "sli": 1, "ser": 0, "fat": 0, "row": 1, "mot": -1, "pie": -1, "uto": -1, "uwr": -1 }, "geometry": { "type": "Point", "coordinates": [ 18.489806, 54.471167 ] } },
{ "type": "Feature", "properties": { "ID": 110317490, "yr": 2021, "dt": "2021-07-08T23:20:00", "WOJ": 22, "sev": 1, "c": [ 255, 255, 0, 160 ], "dmg": 1, "sli": 1, "ser": 0, "fat": 0, "row": -1, "mot": -1, "pie": -1, "uto": -1, "uwr": -1 }, "geometry": { "type": "Point", "coordinates": [ 18.515083, 54.421583 ] } },
{ "type": "Feature", "properties": { "ID": 110316312, "yr": 2021, "dt": "2021-07-09T12:55:00", "WOJ": 22, "sev": 1, "c": [ 255, 255, 0, 160 ], "dmg": 1, "sli": 1, "ser": 0, "fat": 0, "row": -1, "mot": -1, "pie": 1, "uto": -1, "uwr": -1 }, "geometry": { "type": "Point", "coordinates": [ 18.584278, 54.332778 ] } },
{ "type": "Feature", "properties": { "ID": 110318656, "yr": 2021, "dt": "2021-07-09T18:10:00", "WOJ": 22, "sev": 1, "c": [ 255, 255, 0, 160 ], "dmg": 1, "sli": 1, "ser": 0, "fat": 0, "row": -1, "mot": -1, "pie": -1, "uto": -1, "uwr": -1 }, "geometry": { "type": "Point", "coordinates": [ 18.614778, 54.376111 ] } },
{ "type": "Feature", "properties": { "ID": 110318604, "yr": 2021, "dt": "2021-07-09T19:00:00", "WOJ": 22, "sev": 1, "c": [ 255, 255, 0, 160 ], "dmg": 1, "sli": 1, "ser": 0, "fat": 0, "row": 1, "mot": -1, "pie": -1, "uto": -1, "uwr": -1 }, "geometry": { "type": "Point", "coordinates": [ 18.620556, 54.414639 ] } },
{ "type": "Feature", "properties": { "ID": 110439953, "yr": 2021, "dt": "2021-07-09T11:00:00", "WOJ": 22, "sev": 1, "c": [ 255, 255, 0, 160 ], "dmg": 0, "sli": 1, "ser": 0, "fat": 0, "row": -1, "mot": -1, "pie": -1, "uto": -1, "uwr": -1 }, "geometry": { "type": "Point", "coordinates": [ 18.302889, 54.202611 ] } },
{ "type": "Feature", "properties": { "ID": 110318372, "yr": 2021, "dt": "2021-07-09T15:22:47", "WOJ": 22, "sev": 1, "c": [ 255, 255, 0, 160 ], "dmg": 1, "sli": 1, "ser": 0, "fat": 0, "row": -1, "mot": -1, "pie": -1, "uto": -1, "uwr": -1 }, "geometry": { "type": "Point", "coordinates": [ 19.104833, 54.213667 ] } },
{ "type": "Feature", "properties": { "ID": 110319991, "yr": 2021, "dt": "2021-07-09T11:15:00", "WOJ": 22, "sev": 1, "c": [ 255, 255, 0, 160 ], "dmg": 1, "sli": 1, "ser": 0, "fat": 0, "row": 0, "mot": -1, "pie": 1, "uto": -1, "uwr": -1 }, "geometry": { "type": "Point", "coordinates": [ 17.045472, 54.660833 ] } },
{ "type": "Feature", "properties": { "ID": 110312674, "yr": 2021, "dt": "2021-07-06T07:49:44", "WOJ": 22, "sev": 1, "c": [ 255, 255, 0, 160 ], "dmg": 1, "sli": 1, "ser": 0, "fat": 0, "row": -1, "mot": 1, "pie": -1, "uto": -1, "uwr": -1 }, "geometry": { "type": "Point", "coordinates": [ 18.396694, 54.437639 ] } },
{ "type": "Feature", "properties": { "ID": 110311285, "yr": 2021, "dt": "2021-07-06T07:00:00", "WOJ": 22, "sev": 1, "c": [ 255, 255, 0, 160 ], "dmg": 1, "sli": 1, "ser": 0, "fat": 0, "row": -1, "mot": 1, "pie": 0, "uto": -1, "uwr": -1 }, "geometry": { "type": "Point", "coordinates": [ 18.644528, 54.351722 ] } },
{ "type": "Feature", "properties": { "ID": 110318083, "yr": 2021, "dt": "2021-07-09T14:13:23", "WOJ": 22, "sev": 1, "c": [ 255, 255, 0, 160 ], "dmg": 1, "sli": 1, "ser": 0, "fat": 0, "row": 1, "mot": -1, "pie": -1, "uto": -1, "uwr": -1 }, "geometry": { "type": "Point", "coordinates": [ 18.788417, 54.094861 ] } },
{ "type": "Feature", "properties": { "ID": 110318132, "yr": 2021, "dt": "2021-07-09T14:30:00", "WOJ": 22, "sev": 1, "c": [ 255, 255, 0, 160 ], "dmg": 1, "sli": 1, "ser": 0, "fat": 0, "row": 1, "mot": -1, "pie": -1, "uto": -1, "uwr": -1 }, "geometry": { "type": "Point", "coordinates": [ 17.009972, 54.463861 ] } },
{ "type": "Feature", "properties": { "ID": 110316164, "yr": 2021, "dt": "2021-07-09T10:05:35", "WOJ": 22, "sev": 1, "c": [ 255, 255, 0, 160 ], "dmg": 1, "sli": 1, "ser": 0, "fat": 0, "row": -1, "mot": -1, "pie": 1, "uto": -1, "uwr": -1 }, "geometry": { "type": "Point", "coordinates": [ 18.248417, 54.606083 ] } },
{ "type": "Feature", "properties": { "ID": 111718182, "yr": 2021, "dt": "2021-10-12T14:45:00", "WOJ": 22, "sev": 1, "c": [ 255, 255, 0, 160 ], "dmg": 1, "sli": 1, "ser": 0, "fat": 0, "row": 0, "mot": -1, "pie": 1, "uto": -1, "uwr": -1 }, "geometry": { "type": "Point", "coordinates": [ 18.614556, 54.381694 ] } },
{ "type": "Feature", "properties": { "ID": 111750807, "yr": 2021, "dt": "2021-10-12T16:45:00", "WOJ": 22, "sev": 1, "c": [ 255, 255, 0, 160 ], "dmg": 1, "sli": 1, "ser": 0, "fat": 0, "row": -1, "mot": -1, "pie": -1, "uto": -1, "uwr": -1 }, "geometry": { "type": "Point", "coordinates": [ 18.6025, 54.386667 ] } },
{ "type": "Feature", "properties": { "ID": 111720374, "yr": 2021, "dt": "2021-10-13T13:15:00", "WOJ": 22, "sev": 1, "c": [ 255, 255, 0, 160 ], "dmg": 2, "sli": 1, "ser": 0, "fat": 0, "row": -1, "mot": -1, "pie": -1, "uto": -1, "uwr": -1 }, "geometry": { "type": "Point", "coordinates": [ 18.630222, 54.319389 ] } },
{ "type": "Feature", "properties": { "ID": 111756248, "yr": 2021, "dt": "2021-10-13T18:50:00", "WOJ": 22, "sev": 1, "c": [ 255, 255, 0, 160 ], "dmg": 0, "sli": 1, "ser": 0, "fat": 0, "row": -1, "mot": -1, "pie": -1, "uto": -1, "uwr": -1 }, "geometry": { "type": "Point", "coordinates": [ 17.54925, 54.645028 ] } },
{ "type": "Feature", "properties": { "ID": 111720104, "yr": 2021, "dt": "2021-10-13T07:15:00", "WOJ": 22, "sev": 1, "c": [ 255, 255, 0, 160 ], "dmg": 1, "sli": 1, "ser": 0, "fat": 0, "row": -1, "mot": -1, "pie": -1, "uto": -1, "uwr": -1 }, "geometry": { "type": "Point", "coordinates": [ 18.416889, 54.553222 ] } },
{ "type": "Feature", "properties": { "ID": 111756111, "yr": 2021, "dt": "2021-10-14T18:26:03", "WOJ": 22, "sev": 1, "c": [ 255, 255, 0, 160 ], "dmg": 2, "sli": 1, "ser": 0, "fat": 0, "row": -1, "mot": -1, "pie": -1, "uto": -1, "uwr": -1 }, "geometry": { "type": "Point", "coordinates": [ 19.000392, 54.100619 ] } },
{ "type": "Feature", "properties": { "ID": 111700079, "yr": 2021, "dt": "2021-10-07T12:04:00", "WOJ": 22, "sev": 1, "c": [ 255, 255, 0, 160 ], "dmg": 1, "sli": 1, "ser": 0, "fat": 0, "row": -1, "mot": -1, "pie": -1, "uto": -1, "uwr": -1 }, "geometry": { "type": "Point", "coordinates": [ 18.606667, 54.348583 ] } },
{ "type": "Feature", "properties": { "ID": 111700032, "yr": 2021, "dt": "2021-10-07T11:30:00", "WOJ": 22, "sev": 1, "c": [ 255, 255, 0, 160 ], "dmg": 1, "sli": 1, "ser": 0, "fat": 0, "row": -1, "mot": -1, "pie": -1, "uto": -1, "uwr": -1 }, "geometry": { "type": "Point", "coordinates": [ 18.490889, 54.539694 ] } },
{ "type": "Feature", "properties": { "ID": 111699808, "yr": 2021, "dt": "2021-10-07T04:56:00", "WOJ": 22, "sev": 1, "c": [ 255, 255, 0, 160 ], "dmg": 0, "sli": 2, "ser": 0, "fat": 0, "row": -1, "mot": -1, "pie": -1, "uto": -1, "uwr": -1 }, "geometry": { "type": "Point", "coordinates": [ 18.336361, 53.923833 ] } },
{ "type": "Feature", "properties": { "ID": 111702206, "yr": 2021, "dt": "2021-10-08T08:31:18", "WOJ": 22, "sev": 1, "c": [ 255, 255, 0, 160 ], "dmg": 1, "sli": 1, "ser": 0, "fat": 0, "row": -1, "mot": 1, "pie": -1, "uto": -1, "uwr": -1 }, "geometry": { "type": "Point", "coordinates": [ 18.455, 54.345556 ] } },
{ "type": "Feature", "properties": { "ID": 111696618, "yr": 2021, "dt": "2021-10-08T13:09:25", "WOJ": 22, "sev": 1, "c": [ 255, 255, 0, 160 ], "dmg": 1, "sli": 1, "ser": 0, "fat": 0, "row": -1, "mot": -1, "pie": -1, "uto": -1, "uwr": -1 }, "geometry": { "type": "Point", "coordinates": [ 18.637194, 54.228556 ] } },
{ "type": "Feature", "properties": { "ID": 111046812, "yr": 2021, "dt": "2021-07-10T15:00:00", "WOJ": 22, "sev": 1, "c": [ 255, 255, 0, 160 ], "dmg": 1, "sli": 1, "ser": 0, "fat": 0, "row": 1, "mot": -1, "pie": -1, "uto": -1, "uwr": -1 }, "geometry": { "type": "Point", "coordinates": [ 18.577778, 54.355389 ] } },
{ "type": "Feature", "properties": { "ID": 110323281, "yr": 2021, "dt": "2021-07-11T07:55:00", "WOJ": 22, "sev": 1, "c": [ 255, 255, 0, 160 ], "dmg": 1, "sli": 2, "ser": 0, "fat": 0, "row": -1, "mot": -1, "pie": -1, "uto": -1, "uwr": -1 }, "geometry": { "type": "Point", "coordinates": [ 18.494861, 54.353278 ] } },
{ "type": "Feature", "properties": { "ID": 110338833, "yr": 2021, "dt": "2021-07-16T07:17:00", "WOJ": 22, "sev": 1, "c": [ 255, 255, 0, 160 ], "dmg": 2, "sli": 1, "ser": 0, "fat": 0, "row": -1, "mot": -1, "pie": -1, "uto": -1, "uwr": -1 }, "geometry": { "type": "Point", "coordinates": [ 17.362417, 53.672889 ] } },
{ "type": "Feature", "properties": { "ID": 110327271, "yr": 2021, "dt": "2021-07-16T13:30:00", "WOJ": 22, "sev": 1, "c": [ 255, 255, 0, 160 ], "dmg": 1, "sli": 1, "ser": 0, "fat": 0, "row": 0, "mot": -1, "pie": 1, "uto": -1, "uwr": -1 }, "geometry": { "type": "Point", "coordinates": [ 18.575333, 54.400111 ] } },
{ "type": "Feature", "properties": { "ID": 110320023, "yr": 2021, "dt": "2021-07-11T20:50:00", "WOJ": 22, "sev": 1, "c": [ 255, 255, 0, 160 ], "dmg": 0, "sli": 1, "ser": 0, "fat": 0, "row": -1, "mot": 1, "pie": -1, "uto": -1, "uwr": -1 }, "geometry": { "type": "Point", "coordinates": [ 16.987583, 54.588278 ] } },
{ "type": "Feature", "properties": { "ID": 110321648, "yr": 2021, "dt": "2021-07-12T14:27:52", "WOJ": 22, "sev": 1, "c": [ 255, 255, 0, 160 ], "dmg": 0, "sli": 1, "ser": 0, "fat": 0, "row": -1, "mot": -1, "pie": -1, "uto": -1, "uwr": -1 }, "geometry": { "type": "Point", "coordinates": [ 18.435472, 54.143333 ] } },
{ "type": "Feature", "properties": { "ID": 110320254, "yr": 2021, "dt": "2021-07-12T11:15:56", "WOJ": 22, "sev": 1, "c": [ 255, 255, 0, 160 ], "dmg": 1, "sli": 2, "ser": 0, "fat": 0, "row": -1, "mot": -1, "pie": -1, "uto": -1, "uwr": -1 }, "geometry": { "type": "Point", "coordinates": [ 18.628278, 53.786694 ] } },
{ "type": "Feature", "properties": { "ID": 110322121, "yr": 2021, "dt": "2021-07-12T14:30:00", "WOJ": 22, "sev": 1, "c": [ 255, 255, 0, 160 ], "dmg": 1, "sli": 1, "ser": 0, "fat": 0, "row": 1, "mot": -1, "pie": -1, "uto": -1, "uwr": -1 }, "geometry": { "type": "Point", "coordinates": [ 16.906306, 54.582611 ] } },
{ "type": "Feature", "properties": { "ID": 110360304, "yr": 2021, "dt": "2021-07-13T04:54:00", "WOJ": 22, "sev": 1, "c": [ 255, 255, 0, 160 ], "dmg": 0, "sli": 1, "ser": 0, "fat": 0, "row": -1, "mot": -1, "pie": -1, "uto": -1, "uwr": -1 }, "geometry": { "type": "Point", "coordinates": [ 18.2175, 54.126944 ] } },
{ "type": "Feature", "properties": { "ID": 110322436, "yr": 2021, "dt": "2021-07-13T15:55:57", "WOJ": 22, "sev": 1, "c": [ 255, 255, 0, 160 ], "dmg": 1, "sli": 1, "ser": 0, "fat": 0, "row": 1, "mot": -1, "pie": -1, "uto": -1, "uwr": -1 }, "geometry": { "type": "Point", "coordinates": [ 18.795861, 54.092444 ] } },
{ "type": "Feature", "properties": { "ID": 110322476, "yr": 2021, "dt": "2021-07-13T16:14:19", "WOJ": 22, "sev": 1, "c": [ 255, 255, 0, 160 ], "dmg": 1, "sli": 2, "ser": 0, "fat": 0, "row": -1, "mot": -1, "pie": -1, "uto": -1, "uwr": -1 }, "geometry": { "type": "Point", "coordinates": [ 18.656, 54.035 ] } },
{ "type": "Feature", "properties": { "ID": 110323583, "yr": 2021, "dt": "2021-07-13T17:50:00", "WOJ": 22, "sev": 1, "c": [ 255, 255, 0, 160 ], "dmg": 1, "sli": 1, "ser": 0, "fat": 0, "row": 1, "mot": -1, "pie": -1, "uto": -1, "uwr": -1 }, "geometry": { "type": "Point", "coordinates": [ 16.992833, 54.475333 ] } },
{ "type": "Feature", "properties": { "ID": 110324373, "yr": 2021, "dt": "2021-07-14T13:35:57", "WOJ": 22, "sev": 1, "c": [ 255, 255, 0, 160 ], "dmg": 0, "sli": 1, "ser": 0, "fat": 0, "row": -1, "mot": 1, "pie": -1, "uto": -1, "uwr": -1 }, "geometry": { "type": "Point", "coordinates": [ 18.942, 54.082722 ] } },
{ "type": "Feature", "properties": { "ID": 110324175, "yr": 2021, "dt": "2021-07-14T11:26:38", "WOJ": 22, "sev": 1, "c": [ 255, 255, 0, 160 ], "dmg": 1, "sli": 1, "ser": 0, "fat": 0, "row": 0, "mot": -1, "pie": 1, "uto": -1, "uwr": -1 }, "geometry": { "type": "Point", "coordinates": [ 18.496722, 54.627917 ] } },
{ "type": "Feature", "properties": { "ID": 110324090, "yr": 2021, "dt": "2021-07-14T07:45:00", "WOJ": 22, "sev": 1, "c": [ 255, 255, 0, 160 ], "dmg": 1, "sli": 1, "ser": 0, "fat": 0, "row": -1, "mot": -1, "pie": -1, "uto": -1, "uwr": -1 }, "geometry": { "type": "Point", "coordinates": [ 18.589, 54.364083 ] } },
{ "type": "Feature", "properties": { "ID": 110324269, "yr": 2021, "dt": "2021-07-14T11:40:00", "WOJ": 22, "sev": 1, "c": [ 255, 255, 0, 160 ], "dmg": 1, "sli": 1, "ser": 0, "fat": 0, "row": -1, "mot": -1, "pie": 1, "uto": -1, "uwr": -1 }, "geometry": { "type": "Point", "coordinates": [ 17.032083, 54.470028 ] } },
{ "type": "Feature", "properties": { "ID": 110323912, "yr": 2021, "dt": "2021-07-14T07:20:00", "WOJ": 22, "sev": 1, "c": [ 255, 255, 0, 160 ], "dmg": 1, "sli": 1, "ser": 0, "fat": 0, "row": 1, "mot": -1, "pie": -1, "uto": -1, "uwr": -1 }, "geometry": { "type": "Point", "coordinates": [ 18.516556, 54.352694 ] } },
{ "type": "Feature", "properties": { "ID": 110316357, "yr": 2021, "dt": "2021-07-09T15:45:00", "WOJ": 22, "sev": 1, "c": [ 255, 255, 0, 160 ], "dmg": 0, "sli": 1, "ser": 0, "fat": 0, "row": -1, "mot": -1, "pie": -1, "uto": -1, "uwr": -1 }, "geometry": { "type": "Point", "coordinates": [ 18.463083, 54.500444 ] } },
{ "type": "Feature", "properties": { "ID": 111709812, "yr": 2021, "dt": "2021-10-08T16:40:00", "WOJ": 22, "sev": 1, "c": [ 255, 255, 0, 160 ], "dmg": 1, "sli": 1, "ser": 0, "fat": 0, "row": -1, "mot": -1, "pie": 1, "uto": -1, "uwr": -1 }, "geometry": { "type": "Point", "coordinates": [ 17.024278, 54.465028 ] } },
{ "type": "Feature", "properties": { "ID": 111702190, "yr": 2021, "dt": "2021-10-08T10:20:53", "WOJ": 22, "sev": 1, "c": [ 255, 255, 0, 160 ], "dmg": 1, "sli": 1, "ser": 0, "fat": 0, "row": 1, "mot": -1, "pie": -1, "uto": -1, "uwr": -1 }, "geometry": { "type": "Point", "coordinates": [ 18.612083, 54.38525 ] } },
{ "type": "Feature", "properties": { "ID": 111696449, "yr": 2021, "dt": "2021-10-08T07:35:00", "WOJ": 22, "sev": 1, "c": [ 255, 255, 0, 160 ], "dmg": 1, "sli": 1, "ser": 0, "fat": 0, "row": -1, "mot": -1, "pie": -1, "uto": -1, "uwr": -1 }, "geometry": { "type": "Point", "coordinates": [ 18.579139, 54.356889 ] } },
{ "type": "Feature", "properties": { "ID": 111704250, "yr": 2021, "dt": "2021-10-08T22:37:39", "WOJ": 22, "sev": 1, "c": [ 255, 255, 0, 160 ], "dmg": 0, "sli": 2, "ser": 0, "fat": 0, "row": -1, "mot": -1, "pie": -1, "uto": -1, "uwr": -1 }, "geometry": { "type": "Point", "coordinates": [ 18.340333, 54.395361 ] } },
{ "type": "Feature", "properties": { "ID": 111704347, "yr": 2021, "dt": "2021-10-09T07:50:00", "WOJ": 22, "sev": 1, "c": [ 255, 255, 0, 160 ], "dmg": 1, "sli": 1, "ser": 0, "fat": 0, "row": 1, "mot": -1, "pie": -1, "uto": -1, "uwr": -1 }, "geometry": { "type": "Point", "coordinates": [ 18.074417, 53.8275 ] } },
{ "type": "Feature", "properties": { "ID": 113001205, "yr": 2021, "dt": "2021-10-09T02:10:00", "WOJ": 22, "sev": 1, "c": [ 255, 255, 0, 160 ], "dmg": 1, "sli": 1, "ser": 0, "fat": 0, "row": -1, "mot": -1, "pie": 1, "uto": -1, "uwr": -1 }, "geometry": { "type": "Point", "coordinates": [ 19.513944, 53.963333 ] } },
{ "type": "Feature", "properties": { "ID": 111709944, "yr": 2021, "dt": "2021-10-10T12:52:11", "WOJ": 22, "sev": 1, "c": [ 255, 255, 0, 160 ], "dmg": 1, "sli": 1, "ser": 0, "fat": 0, "row": 1, "mot": -1, "pie": -1, "uto": -1, "uwr": -1 }, "geometry": { "type": "Point", "coordinates": [ 18.648667, 54.269306 ] } },
{ "type": "Feature", "properties": { "ID": 111472451, "yr": 2021, "dt": "2021-10-05T19:50:36", "WOJ": 22, "sev": 1, "c": [ 255, 255, 0, 160 ], "dmg": 1, "sli": 1, "ser": 0, "fat": 0, "row": 1, "mot": -1, "pie": -1, "uto": -1, "uwr": -1 }, "geometry": { "type": "Point", "coordinates": [ 19.032889, 54.031833 ] } },
{ "type": "Feature", "properties": { "ID": 111689532, "yr": 2021, "dt": "2021-10-06T15:10:00", "WOJ": 22, "sev": 1, "c": [ 255, 255, 0, 160 ], "dmg": 2, "sli": 1, "ser": 0, "fat": 0, "row": -1, "mot": -1, "pie": -1, "uto": -1, "uwr": -1 }, "geometry": { "type": "Point", "coordinates": [ 18.646056, 54.349806 ] } },
{ "type": "Feature", "properties": { "ID": 111688911, "yr": 2021, "dt": "2021-10-06T08:19:23", "WOJ": 22, "sev": 1, "c": [ 255, 255, 0, 160 ], "dmg": 1, "sli": 1, "ser": 0, "fat": 0, "row": 1, "mot": -1, "pie": -1, "uto": -1, "uwr": -1 }, "geometry": { "type": "Point", "coordinates": [ 18.586222, 54.276 ] } },
{ "type": "Feature", "properties": { "ID": 111694826, "yr": 2021, "dt": "2021-10-06T21:20:18", "WOJ": 22, "sev": 1, "c": [ 255, 255, 0, 160 ], "dmg": 0, "sli": 1, "ser": 0, "fat": 0, "row": -1, "mot": -1, "pie": -1, "uto": -1, "uwr": -1 }, "geometry": { "type": "Point", "coordinates": [ 18.801806, 54.293056 ] } },
{ "type": "Feature", "properties": { "ID": 111689548, "yr": 2021, "dt": "2021-10-06T17:57:36", "WOJ": 22, "sev": 1, "c": [ 255, 255, 0, 160 ], "dmg": 0, "sli": 1, "ser": 0, "fat": 0, "row": -1, "mot": 1, "pie": -1, "uto": -1, "uwr": -1 }, "geometry": { "type": "Point", "coordinates": [ 17.340333, 53.688389 ] } },
{ "type": "Feature", "properties": { "ID": 110324076, "yr": 2021, "dt": "2021-07-14T09:35:00", "WOJ": 22, "sev": 1, "c": [ 255, 255, 0, 160 ], "dmg": 1, "sli": 1, "ser": 0, "fat": 0, "row": 1, "mot": -1, "pie": -1, "uto": -1, "uwr": -1 }, "geometry": { "type": "Point", "coordinates": [ 17.008417, 54.462333 ] } },
{ "type": "Feature", "properties": { "ID": 110324561, "yr": 2021, "dt": "2021-07-14T12:25:00", "WOJ": 22, "sev": 1, "c": [ 255, 255, 0, 160 ], "dmg": 1, "sli": 1, "ser": 0, "fat": 0, "row": -1, "mot": -1, "pie": -1, "uto": -1, "uwr": -1 }, "geometry": { "type": "Point", "coordinates": [ 18.535278, 54.331 ] } },
{ "type": "Feature", "properties": { "ID": 110325028, "yr": 2021, "dt": "2021-07-15T10:10:00", "WOJ": 22, "sev": 1, "c": [ 255, 255, 0, 160 ], "dmg": 1, "sli": 1, "ser": 0, "fat": 0, "row": 1, "mot": -1, "pie": -1, "uto": -1, "uwr": -1 }, "geometry": { "type": "Point", "coordinates": [ 18.594333, 54.385278 ] } },
{ "type": "Feature", "properties": { "ID": 110360334, "yr": 2021, "dt": "2021-07-16T13:00:00", "WOJ": 22, "sev": 1, "c": [ 255, 255, 0, 160 ], "dmg": 3, "sli": 1, "ser": 0, "fat": 0, "row": -1, "mot": -1, "pie": -1, "uto": -1, "uwr": -1 }, "geometry": { "type": "Point", "coordinates": [ 17.873056, 54.1275 ] } },
{ "type": "Feature", "properties": { "ID": 110327837, "yr": 2021, "dt": "2021-07-16T19:19:48", "WOJ": 22, "sev": 1, "c": [ 255, 255, 0, 160 ], "dmg": 0, "sli": 1, "ser": 0, "fat": 0, "row": 1, "mot": -1, "pie": -1, "uto": -1, "uwr": -1 }, "geometry": { "type": "Point", "coordinates": [ 18.190028, 54.574833 ] } },
{ "type": "Feature", "properties": { "ID": 110331500, "yr": 2021, "dt": "2021-07-17T22:25:00", "WOJ": 22, "sev": 1, "c": [ 255, 255, 0, 160 ], "dmg": 2, "sli": 1, "ser": 0, "fat": 0, "row": -1, "mot": -1, "pie": -1, "uto": -1, "uwr": -1 }, "geometry": { "type": "Point", "coordinates": [ 18.5415, 54.484556 ] } },
{ "type": "Feature", "properties": { "ID": 110329012, "yr": 2021, "dt": "2021-07-17T11:45:00", "WOJ": 22, "sev": 1, "c": [ 255, 255, 0, 160 ], "dmg": 1, "sli": 1, "ser": 0, "fat": 0, "row": -1, "mot": -1, "pie": 1, "uto": -1, "uwr": -1 }, "geometry": { "type": "Point", "coordinates": [ 17.023056, 54.470222 ] } },
{ "type": "Feature", "properties": { "ID": 110329452, "yr": 2021, "dt": "2021-07-17T20:18:00", "WOJ": 22, "sev": 1, "c": [ 255, 255, 0, 160 ], "dmg": 2, "sli": 1, "ser": 0, "fat": 0, "row": -1, "mot": -1, "pie": -1, "uto": -1, "uwr": -1 }, "geometry": { "type": "Point", "coordinates": [ 18.603111, 54.412083 ] } },
{ "type": "Feature", "properties": { "ID": 110343331, "yr": 2021, "dt": "2021-07-17T10:24:00", "WOJ": 22, "sev": 1, "c": [ 255, 255, 0, 160 ], "dmg": 1, "sli": 1, "ser": 0, "fat": 0, "row": -1, "mot": 1, "pie": -1, "uto": -1, "uwr": -1 }, "geometry": { "type": "Point", "coordinates": [ 17.86075, 54.340556 ] } },
{ "type": "Feature", "properties": { "ID": 110329569, "yr": 2021, "dt": "2021-07-17T11:50:50", "WOJ": 22, "sev": 1, "c": [ 255, 255, 0, 160 ], "dmg": 0, "sli": 2, "ser": 0, "fat": 0, "row": -1, "mot": -1, "pie": -1, "uto": -1, "uwr": -1 }, "geometry": { "type": "Point", "coordinates": [ 18.75425, 54.116194 ] } },
{ "type": "Feature", "properties": { "ID": 110329432, "yr": 2021, "dt": "2021-07-17T21:50:00", "WOJ": 22, "sev": 1, "c": [ 255, 255, 0, 160 ], "dmg": 1, "sli": 1, "ser": 0, "fat": 0, "row": -1, "mot": -1, "pie": 1, "uto": -1, "uwr": -1 }, "geometry": { "type": "Point", "coordinates": [ 17.008139, 54.473694 ] } },
{ "type": "Feature", "properties": { "ID": 110331523, "yr": 2021, "dt": "2021-07-18T01:40:00", "WOJ": 22, "sev": 1, "c": [ 255, 255, 0, 160 ], "dmg": 1, "sli": 1, "ser": 0, "fat": 0, "row": -1, "mot": -1, "pie": -1, "uto": -1, "uwr": -1 }, "geometry": { "type": "Point", "coordinates": [ 18.567056, 54.4105 ] } },
{ "type": "Feature", "properties": { "ID": 110331909, "yr": 2021, "dt": "2021-07-18T22:24:42", "WOJ": 22, "sev": 1, "c": [ 255, 255, 0, 160 ], "dmg": 1, "sli": 2, "ser": 0, "fat": 0, "row": -1, "mot": -1, "pie": -1, "uto": -1, "uwr": -1 }, "geometry": { "type": "Point", "coordinates": [ 17.569361, 53.69525 ] } },
{ "type": "Feature", "properties": { "ID": 110330528, "yr": 2021, "dt": "2021-07-18T10:15:36", "WOJ": 22, "sev": 1, "c": [ 255, 255, 0, 160 ], "dmg": 1, "sli": 1, "ser": 0, "fat": 0, "row": 1, "mot": -1, "pie": -1, "uto": -1, "uwr": -1 }, "geometry": { "type": "Point", "coordinates": [ 17.899333, 54.074889 ] } },
{ "type": "Feature", "properties": { "ID": 110331624, "yr": 2021, "dt": "2021-07-18T11:50:00", "WOJ": 22, "sev": 1, "c": [ 255, 255, 0, 160 ], "dmg": 2, "sli": 2, "ser": 0, "fat": 0, "row": -1, "mot": -1, "pie": -1, "uto": -1, "uwr": -1 }, "geometry": { "type": "Point", "coordinates": [ 18.487056, 54.418639 ] } },
{ "type": "Feature", "properties": { "ID": 110331749, "yr": 2021, "dt": "2021-07-18T17:39:00", "WOJ": 22, "sev": 1, "c": [ 255, 255, 0, 160 ], "dmg": 2, "sli": 1, "ser": 0, "fat": 0, "row": -1, "mot": 1, "pie": -1, "uto": -1, "uwr": -1 }, "geometry": { "type": "Point", "coordinates": [ 18.544722, 53.971528 ] } },
{ "type": "Feature", "properties": { "ID": 110324509, "yr": 2021, "dt": "2021-07-14T11:46:29", "WOJ": 22, "sev": 1, "c": [ 255, 255, 0, 160 ], "dmg": 1, "sli": 1, "ser": 0, "fat": 0, "row": -1, "mot": 1, "pie": -1, "uto": -1, "uwr": -1 }, "geometry": { "type": "Point", "coordinates": [ 18.762889, 54.02375 ] } },
{ "type": "Feature", "properties": { "ID": 110325651, "yr": 2021, "dt": "2021-07-14T16:13:00", "WOJ": 22, "sev": 1, "c": [ 255, 255, 0, 160 ], "dmg": 1, "sli": 1, "ser": 0, "fat": 0, "row": -1, "mot": 1, "pie": -1, "uto": -1, "uwr": -1 }, "geometry": { "type": "Point", "coordinates": [ 19.120222, 54.32625 ] } },
{ "type": "Feature", "properties": { "ID": 110325020, "yr": 2021, "dt": "2021-07-14T14:20:00", "WOJ": 22, "sev": 1, "c": [ 255, 255, 0, 160 ], "dmg": 1, "sli": 1, "ser": 0, "fat": 0, "row": -1, "mot": -1, "pie": -1, "uto": -1, "uwr": -1 }, "geometry": { "type": "Point", "coordinates": [ 17.480917, 54.485639 ] } },
{ "type": "Feature", "properties": { "ID": 110325600, "yr": 2021, "dt": "2021-07-14T19:06:53", "WOJ": 22, "sev": 1, "c": [ 255, 255, 0, 160 ], "dmg": 1, "sli": 2, "ser": 0, "fat": 0, "row": -1, "mot": -1, "pie": -1, "uto": -1, "uwr": -1 }, "geometry": { "type": "Point", "coordinates": [ 17.361722, 53.747111 ] } },
{ "type": "Feature", "properties": { "ID": 111689334, "yr": 2021, "dt": "2021-10-06T14:09:00", "WOJ": 22, "sev": 1, "c": [ 255, 255, 0, 160 ], "dmg": 1, "sli": 1, "ser": 0, "fat": 0, "row": 1, "mot": -1, "pie": -1, "uto": -1, "uwr": -1 }, "geometry": { "type": "Point", "coordinates": [ 18.581444, 54.393528 ] } },
{ "type": "Feature", "properties": { "ID": 111689418, "yr": 2021, "dt": "2021-10-06T16:02:00", "WOJ": 22, "sev": 1, "c": [ 255, 255, 0, 160 ], "dmg": 0, "sli": 1, "ser": 0, "fat": 0, "row": -1, "mot": 1, "pie": -1, "uto": -1, "uwr": -1 }, "geometry": { "type": "Point", "coordinates": [ 18.325361, 54.348333 ] } },
{ "type": "Feature", "properties": { "ID": 111689666, "yr": 2021, "dt": "2021-10-06T18:38:15", "WOJ": 22, "sev": 1, "c": [ 255, 255, 0, 160 ], "dmg": 1, "sli": 1, "ser": 0, "fat": 0, "row": -1, "mot": -1, "pie": -1, "uto": -1, "uwr": -1 }, "geometry": { "type": "Point", "coordinates": [ 18.781194, 54.092056 ] } },
{ "type": "Feature", "properties": { "ID": 111696488, "yr": 2021, "dt": "2021-10-07T14:05:00", "WOJ": 22, "sev": 1, "c": [ 255, 255, 0, 160 ], "dmg": 1, "sli": 1, "ser": 0, "fat": 0, "row": -1, "mot": -1, "pie": -1, "uto": -1, "uwr": -1 }, "geometry": { "type": "Point", "coordinates": [ 18.454694, 54.21 ] } },
{ "type": "Feature", "properties": { "ID": 111248891, "yr": 2021, "dt": "2021-10-02T11:12:22", "WOJ": 22, "sev": 1, "c": [ 255, 255, 0, 160 ], "dmg": 1, "sli": 1, "ser": 0, "fat": 0, "row": -1, "mot": -1, "pie": -1, "uto": -1, "uwr": -1 }, "geometry": { "type": "Point", "coordinates": [ 17.712694, 54.586917 ] } },
{ "type": "Feature", "properties": { "ID": 111248854, "yr": 2021, "dt": "2021-10-02T12:00:00", "WOJ": 22, "sev": 1, "c": [ 255, 255, 0, 160 ], "dmg": 1, "sli": 1, "ser": 0, "fat": 0, "row": 1, "mot": -1, "pie": -1, "uto": -1, "uwr": -1 }, "geometry": { "type": "Point", "coordinates": [ 17.572861, 53.688444 ] } },
{ "type": "Feature", "properties": { "ID": 111223332, "yr": 2021, "dt": "2021-10-02T08:31:51", "WOJ": 22, "sev": 1, "c": [ 255, 255, 0, 160 ], "dmg": 1, "sli": 1, "ser": 0, "fat": 0, "row": -1, "mot": -1, "pie": -1, "uto": -1, "uwr": -1 }, "geometry": { "type": "Point", "coordinates": [ 18.39875, 54.252917 ] } },
{ "type": "Feature", "properties": { "ID": 111251828, "yr": 2021, "dt": "2021-10-02T16:00:00", "WOJ": 22, "sev": 1, "c": [ 255, 255, 0, 160 ], "dmg": 1, "sli": 2, "ser": 0, "fat": 0, "row": -1, "mot": -1, "pie": -1, "uto": -1, "uwr": -1 }, "geometry": { "type": "Point", "coordinates": [ 18.45775, 54.516417 ] } },
{ "type": "Feature", "properties": { "ID": 110332144, "yr": 2021, "dt": "2021-07-19T07:39:17", "WOJ": 22, "sev": 1, "c": [ 255, 255, 0, 160 ], "dmg": 1, "sli": 1, "ser": 0, "fat": 0, "row": -1, "mot": -1, "pie": -1, "uto": -1, "uwr": -1 }, "geometry": { "type": "Point", "coordinates": [ 18.057972, 54.044861 ] } },
{ "type": "Feature", "properties": { "ID": 110338226, "yr": 2021, "dt": "2021-07-19T05:20:00", "WOJ": 22, "sev": 1, "c": [ 255, 255, 0, 160 ], "dmg": 2, "sli": 1, "ser": 0, "fat": 0, "row": -1, "mot": -1, "pie": -1, "uto": -1, "uwr": -1 }, "geometry": { "type": "Point", "coordinates": [ 17.003278, 54.488972 ] } },
{ "type": "Feature", "properties": { "ID": 110332991, "yr": 2021, "dt": "2021-07-19T18:51:32", "WOJ": 22, "sev": 1, "c": [ 255, 255, 0, 160 ], "dmg": 0, "sli": 1, "ser": 0, "fat": 0, "row": -1, "mot": -1, "pie": -1, "uto": -1, "uwr": -1 }, "geometry": { "type": "Point", "coordinates": [ 18.691444, 54.274167 ] } },
{ "type": "Feature", "properties": { "ID": 110339525, "yr": 2021, "dt": "2021-07-20T18:50:00", "WOJ": 22, "sev": 1, "c": [ 255, 255, 0, 160 ], "dmg": 1, "sli": 1, "ser": 0, "fat": 0, "row": 1, "mot": -1, "pie": -1, "uto": -1, "uwr": -1 }, "geometry": { "type": "Point", "coordinates": [ 18.969444, 54.673333 ] } },
{ "type": "Feature", "properties": { "ID": 110346627, "yr": 2021, "dt": "2021-07-20T12:35:00", "WOJ": 22, "sev": 1, "c": [ 255, 255, 0, 160 ], "dmg": 1, "sli": 1, "ser": 0, "fat": 0, "row": -1, "mot": -1, "pie": -1, "uto": -1, "uwr": -1 }, "geometry": { "type": "Point", "coordinates": [ 18.556111, 54.444444 ] } },
{ "type": "Feature", "properties": { "ID": 110335798, "yr": 2021, "dt": "2021-07-20T14:05:00", "WOJ": 22, "sev": 1, "c": [ 255, 255, 0, 160 ], "dmg": 0, "sli": 1, "ser": 0, "fat": 0, "row": -1, "mot": 1, "pie": -1, "uto": -1, "uwr": -1 }, "geometry": { "type": "Point", "coordinates": [ 19.205722, 54.300694 ] } },
{ "type": "Feature", "properties": { "ID": 110335744, "yr": 2021, "dt": "2021-07-20T13:33:20", "WOJ": 22, "sev": 1, "c": [ 255, 255, 0, 160 ], "dmg": 1, "sli": 1, "ser": 0, "fat": 0, "row": -1, "mot": -1, "pie": -1, "uto": -1, "uwr": -1 }, "geometry": { "type": "Point", "coordinates": [ 18.391167, 54.430556 ] } },
{ "type": "Feature", "properties": { "ID": 110328624, "yr": 2021, "dt": "2021-07-16T15:27:55", "WOJ": 22, "sev": 1, "c": [ 255, 255, 0, 160 ], "dmg": 2, "sli": 1, "ser": 0, "fat": 0, "row": -1, "mot": -1, "pie": -1, "uto": -1, "uwr": -1 }, "geometry": { "type": "Point", "coordinates": [ 18.899806, 53.741667 ] } },
{ "type": "Feature", "properties": { "ID": 110345798, "yr": 2021, "dt": "2021-07-21T04:00:00", "WOJ": 22, "sev": 1, "c": [ 255, 255, 0, 160 ], "dmg": 1, "sli": 1, "ser": 0, "fat": 0, "row": -1, "mot": -1, "pie": -1, "uto": -1, "uwr": -1 }, "geometry": { "type": "Point", "coordinates": [ 18.931667, 54.051222 ] } },
{ "type": "Feature", "properties": { "ID": 110337534, "yr": 2021, "dt": "2021-07-21T05:32:49", "WOJ": 22, "sev": 1, "c": [ 255, 255, 0, 160 ], "dmg": 0, "sli": 1, "ser": 0, "fat": 0, "row": -1, "mot": -1, "pie": -1, "uto": -1, "uwr": -1 }, "geometry": { "type": "Point", "coordinates": [ 18.492472, 54.175861 ] } },
{ "type": "Feature", "properties": { "ID": 110339452, "yr": 2021, "dt": "2021-07-21T13:10:00", "WOJ": 22, "sev": 1, "c": [ 255, 255, 0, 160 ], "dmg": 2, "sli": 1, "ser": 0, "fat": 0, "row": -1, "mot": -1, "pie": -1, "uto": -1, "uwr": -1 }, "geometry": { "type": "Point", "coordinates": [ 18.605, 54.3975 ] } },
{ "type": "Feature", "properties": { "ID": 110338939, "yr": 2021, "dt": "2021-07-22T09:35:00", "WOJ": 22, "sev": 1, "c": [ 255, 255, 0, 160 ], "dmg": 1, "sli": 1, "ser": 0, "fat": 0, "row": 1, "mot": -1, "pie": -1, "uto": -1, "uwr": -1 }, "geometry": { "type": "Point", "coordinates": [ 18.614889, 54.376222 ] } },
{ "type": "Feature", "properties": { "ID": 110340293, "yr": 2021, "dt": "2021-07-22T15:21:00", "WOJ": 22, "sev": 1, "c": [ 255, 255, 0, 160 ], "dmg": 1, "sli": 1, "ser": 0, "fat": 0, "row": -1, "mot": -1, "pie": -1, "uto": -1, "uwr": -1 }, "geometry": { "type": "Point", "coordinates": [ 18.536944, 54.508361 ] } },
{ "type": "Feature", "properties": { "ID": 110341607, "yr": 2021, "dt": "2021-07-23T20:53:59", "WOJ": 22, "sev": 1, "c": [ 255, 255, 0, 160 ], "dmg": 1, "sli": 1, "ser": 0, "fat": 0, "row": -1, "mot": -1, "pie": -1, "uto": -1, "uwr": -1 }, "geometry": { "type": "Point", "coordinates": [ 17.06925, 53.897861 ] } },
{ "type": "Feature", "properties": { "ID": 110359983, "yr": 2021, "dt": "2021-07-23T21:32:00", "WOJ": 22, "sev": 1, "c": [ 255, 255, 0, 160 ], "dmg": 1, "sli": 1, "ser": 0, "fat": 0, "row": -1, "mot": -1, "pie": -1, "uto": -1, "uwr": -1 }, "geometry": { "type": "Point", "coordinates": [ 17.870278, 54.183889 ] } },
{ "type": "Feature", "properties": { "ID": 110341028, "yr": 2021, "dt": "2021-07-23T18:41:43", "WOJ": 22, "sev": 1, "c": [ 255, 255, 0, 160 ], "dmg": 2, "sli": 3, "ser": 0, "fat": 0, "row": -1, "mot": -1, "pie": -1, "uto": -1, "uwr": -1 }, "geometry": { "type": "Point", "coordinates": [ 19.022694, 54.172222 ] } },
{ "type": "Feature", "properties": { "ID": 110330513, "yr": 2021, "dt": "2021-07-18T07:28:50", "WOJ": 22, "sev": 1, "c": [ 255, 255, 0, 160 ], "dmg": 1, "sli": 1, "ser": 0, "fat": 0, "row": -1, "mot": -1, "pie": -1, "uto": -1, "uwr": -1 }, "geometry": { "type": "Point", "coordinates": [ 17.332278, 53.691917 ] } },
{ "type": "Feature", "properties": { "ID": 110334517, "yr": 2021, "dt": "2021-07-18T18:20:00", "WOJ": 22, "sev": 1, "c": [ 255, 255, 0, 160 ], "dmg": 0, "sli": 1, "ser": 0, "fat": 0, "row": -1, "mot": 1, "pie": -1, "uto": -1, "uwr": -1 }, "geometry": { "type": "Point", "coordinates": [ 18.465833, 54.271 ] } },
{ "type": "Feature", "properties": { "ID": 110331594, "yr": 2021, "dt": "2021-07-18T11:17:19", "WOJ": 22, "sev": 1, "c": [ 255, 255, 0, 160 ], "dmg": 1, "sli": 1, "ser": 0, "fat": 0, "row": -1, "mot": 1, "pie": -1, "uto": -1, "uwr": -1 }, "geometry": { "type": "Point", "coordinates": [ 18.496361, 54.283778 ] } },
{ "type": "Feature", "properties": { "ID": 110330636, "yr": 2021, "dt": "2021-07-18T20:00:00", "WOJ": 22, "sev": 1, "c": [ 255, 255, 0, 160 ], "dmg": 2, "sli": 1, "ser": 0, "fat": 0, "row": -1, "mot": -1, "pie": -1, "uto": -1, "uwr": -1 }, "geometry": { "type": "Point", "coordinates": [ 18.646167, 54.350056 ] } },
{ "type": "Feature", "properties": { "ID": 111702836, "yr": 2021, "dt": "2021-10-06T19:30:00", "WOJ": 22, "sev": 1, "c": [ 255, 255, 0, 160 ], "dmg": 1, "sli": 1, "ser": 0, "fat": 0, "row": -1, "mot": -1, "pie": -1, "uto": -1, "uwr": -1 }, "geometry": { "type": "Point", "coordinates": [ 18.854972, 53.7095 ] } },
{ "type": "Feature", "properties": { "ID": 111689430, "yr": 2021, "dt": "2021-10-06T15:38:19", "WOJ": 22, "sev": 1, "c": [ 255, 255, 0, 160 ], "dmg": 1, "sli": 1, "ser": 0, "fat": 0, "row": -1, "mot": 1, "pie": -1, "uto": -1, "uwr": -1 }, "geometry": { "type": "Point", "coordinates": [ 18.5745, 54.437528 ] } },
{ "type": "Feature", "properties": { "ID": 111690304, "yr": 2021, "dt": "2021-10-06T19:00:00", "WOJ": 22, "sev": 1, "c": [ 255, 255, 0, 160 ], "dmg": 1, "sli": 1, "ser": 0, "fat": 0, "row": -1, "mot": -1, "pie": 1, "uto": -1, "uwr": -1 }, "geometry": { "type": "Point", "coordinates": [ 18.50875, 54.562611 ] } },
{ "type": "Feature", "properties": { "ID": 111690259, "yr": 2021, "dt": "2021-10-06T15:45:25", "WOJ": 22, "sev": 1, "c": [ 255, 255, 0, 160 ], "dmg": 1, "sli": 1, "ser": 0, "fat": 0, "row": 1, "mot": -1, "pie": -1, "uto": -1, "uwr": -1 }, "geometry": { "type": "Point", "coordinates": [ 18.631167, 54.242889 ] } },
{ "type": "Feature", "properties": { "ID": 110340638, "yr": 2021, "dt": "2021-07-23T08:24:42", "WOJ": 22, "sev": 1, "c": [ 255, 255, 0, 160 ], "dmg": 0, "sli": 1, "ser": 0, "fat": 0, "row": -1, "mot": 1, "pie": -1, "uto": -1, "uwr": -1 }, "geometry": { "type": "Point", "coordinates": [ 17.584167, 54.156333 ] } },
{ "type": "Feature", "properties": { "ID": 110340984, "yr": 2021, "dt": "2021-07-23T17:35:03", "WOJ": 22, "sev": 1, "c": [ 255, 255, 0, 160 ], "dmg": 0, "sli": 1, "ser": 0, "fat": 0, "row": -1, "mot": -1, "pie": -1, "uto": -1, "uwr": -1 }, "geometry": { "type": "Point", "coordinates": [ 17.285361, 53.635722 ] } },
{ "type": "Feature", "properties": { "ID": 110346919, "yr": 2021, "dt": "2021-07-23T18:10:00", "WOJ": 22, "sev": 1, "c": [ 255, 255, 0, 160 ], "dmg": 1, "sli": 1, "ser": 0, "fat": 0, "row": -1, "mot": -1, "pie": 1, "uto": -1, "uwr": -1 }, "geometry": { "type": "Point", "coordinates": [ 18.362361, 54.805528 ] } },
{ "type": "Feature", "properties": { "ID": 110374815, "yr": 2021, "dt": "2021-07-23T15:00:00", "WOJ": 22, "sev": 1, "c": [ 255, 255, 0, 160 ], "dmg": 1, "sli": 1, "ser": 0, "fat": 0, "row": -1, "mot": -1, "pie": -1, "uto": -1, "uwr": -1 }, "geometry": { "type": "Point", "coordinates": [ 18.621694, 54.394694 ] } },
{ "type": "Feature", "properties": { "ID": 110341077, "yr": 2021, "dt": "2021-07-24T05:23:00", "WOJ": 22, "sev": 1, "c": [ 255, 255, 0, 160 ], "dmg": 1, "sli": 3, "ser": 0, "fat": 0, "row": -1, "mot": -1, "pie": -1, "uto": -1, "uwr": -1 }, "geometry": { "type": "Point", "coordinates": [ 18.334556, 54.76925 ] } },
{ "type": "Feature", "properties": { "ID": 110342006, "yr": 2021, "dt": "2021-07-24T18:04:50", "WOJ": 22, "sev": 1, "c": [ 255, 255, 0, 160 ], "dmg": 2, "sli": 1, "ser": 0, "fat": 0, "row": -1, "mot": -1, "pie": -1, "uto": -1, "uwr": -1 }, "geometry": { "type": "Point", "coordinates": [ 18.17025, 54.123889 ] } },
{ "type": "Feature", "properties": { "ID": 110341281, "yr": 2021, "dt": "2021-07-24T13:17:38", "WOJ": 22, "sev": 1, "c": [ 255, 255, 0, 160 ], "dmg": 1, "sli": 1, "ser": 0, "fat": 0, "row": -1, "mot": -1, "pie": 1, "uto": -1, "uwr": -1 }, "geometry": { "type": "Point", "coordinates": [ 18.531, 53.960194 ] } },
{ "type": "Feature", "properties": { "ID": 110341656, "yr": 2021, "dt": "2021-07-24T00:30:00", "WOJ": 22, "sev": 1, "c": [ 255, 255, 0, 160 ], "dmg": 0, "sli": 1, "ser": 0, "fat": 0, "row": -1, "mot": 1, "pie": -1, "uto": -1, "uwr": -1 }, "geometry": { "type": "Point", "coordinates": [ 18.638, 54.287389 ] } },
{ "type": "Feature", "properties": { "ID": 110341708, "yr": 2021, "dt": "2021-07-24T09:14:43", "WOJ": 22, "sev": 1, "c": [ 255, 255, 0, 160 ], "dmg": 0, "sli": 2, "ser": 0, "fat": 0, "row": -1, "mot": -1, "pie": -1, "uto": -1, "uwr": -1 }, "geometry": { "type": "Point", "coordinates": [ 19.015028, 54.143889 ] } },
{ "type": "Feature", "properties": { "ID": 110341769, "yr": 2021, "dt": "2021-07-24T11:23:34", "WOJ": 22, "sev": 1, "c": [ 255, 255, 0, 160 ], "dmg": 1, "sli": 1, "ser": 0, "fat": 0, "row": 1, "mot": -1, "pie": -1, "uto": -1, "uwr": -1 }, "geometry": { "type": "Point", "coordinates": [ 18.407, 54.785806 ] } },
{ "type": "Feature", "properties": { "ID": 110341221, "yr": 2021, "dt": "2021-07-24T12:55:06", "WOJ": 22, "sev": 1, "c": [ 255, 255, 0, 160 ], "dmg": 3, "sli": 1, "ser": 0, "fat": 0, "row": -1, "mot": -1, "pie": -1, "uto": -1, "uwr": -1 }, "geometry": { "type": "Point", "coordinates": [ 18.593194, 54.276444 ] } },
{ "type": "Feature", "properties": { "ID": 110339750, "yr": 2021, "dt": "2021-07-20T21:15:00", "WOJ": 22, "sev": 1, "c": [ 255, 255, 0, 160 ], "dmg": 1, "sli": 1, "ser": 0, "fat": 0, "row": -1, "mot": -1, "pie": 1, "uto": -1, "uwr": -1 }, "geometry": { "type": "Point", "coordinates": [ 18.5065, 54.759944 ] } },
{ "type": "Feature", "properties": { "ID": 110346401, "yr": 2021, "dt": "2021-07-20T22:15:00", "WOJ": 22, "sev": 1, "c": [ 255, 255, 0, 160 ], "dmg": 0, "sli": 3, "ser": 0, "fat": 0, "row": -1, "mot": -1, "pie": -1, "uto": -1, "uwr": -1 }, "geometry": { "type": "Point", "coordinates": [ 18.123306, 53.853944 ] } },
{ "type": "Feature", "properties": { "ID": 110338533, "yr": 2021, "dt": "2021-07-21T15:00:00", "WOJ": 22, "sev": 1, "c": [ 255, 255, 0, 160 ], "dmg": 1, "sli": 1, "ser": 0, "fat": 0, "row": -1, "mot": -1, "pie": -1, "uto": -1, "uwr": -1 }, "geometry": { "type": "Point", "coordinates": [ 18.579, 54.356917 ] } },
{ "type": "Feature", "properties": { "ID": 110338095, "yr": 2021, "dt": "2021-07-21T10:50:00", "WOJ": 22, "sev": 1, "c": [ 255, 255, 0, 160 ], "dmg": 1, "sli": 1, "ser": 0, "fat": 0, "row": 1, "mot": -1, "pie": -1, "uto": -1, "uwr": -1 }, "geometry": { "type": "Point", "coordinates": [ 18.577694, 54.355444 ] } },
{ "type": "Feature", "properties": { "ID": 110338145, "yr": 2021, "dt": "2021-07-21T12:00:24", "WOJ": 22, "sev": 1, "c": [ 255, 255, 0, 160 ], "dmg": 1, "sli": 1, "ser": 0, "fat": 0, "row": 1, "mot": -1, "pie": -1, "uto": -1, "uwr": -1 }, "geometry": { "type": "Point", "coordinates": [ 18.637889, 54.257083 ] } },
{ "type": "Feature", "properties": { "ID": 110350082, "yr": 2021, "dt": "2021-07-30T07:50:24", "WOJ": 22, "sev": 1, "c": [ 255, 255, 0, 160 ], "dmg": 1, "sli": 1, "ser": 0, "fat": 0, "row": -1, "mot": -1, "pie": -1, "uto": -1, "uwr": -1 }, "geometry": { "type": "Point", "coordinates": [ 18.722417, 54.343583 ] } },
{ "type": "Feature", "properties": { "ID": 110342342, "yr": 2021, "dt": "2021-07-25T18:27:12", "WOJ": 22, "sev": 1, "c": [ 255, 255, 0, 160 ], "dmg": 0, "sli": 4, "ser": 0, "fat": 0, "row": -1, "mot": -1, "pie": -1, "uto": -1, "uwr": -1 }, "geometry": { "type": "Point", "coordinates": [ 17.980556, 54.094778 ] } },
{ "type": "Feature", "properties": { "ID": 110348921, "yr": 2021, "dt": "2021-07-25T22:10:00", "WOJ": 22, "sev": 1, "c": [ 255, 255, 0, 160 ], "dmg": 1, "sli": 1, "ser": 0, "fat": 0, "row": -1, "mot": -1, "pie": -1, "uto": -1, "uwr": -1 }, "geometry": { "type": "Point", "coordinates": [ 18.942306, 54.083806 ] } },
{ "type": "Feature", "properties": { "ID": 110342655, "yr": 2021, "dt": "2021-07-25T14:15:18", "WOJ": 22, "sev": 1, "c": [ 255, 255, 0, 160 ], "dmg": 1, "sli": 1, "ser": 0, "fat": 0, "row": -1, "mot": 1, "pie": -1, "uto": -1, "uwr": -1 }, "geometry": { "type": "Point", "coordinates": [ 18.793417, 53.894139 ] } },
{ "type": "Feature", "properties": { "ID": 110342298, "yr": 2021, "dt": "2021-07-25T16:35:00", "WOJ": 22, "sev": 1, "c": [ 255, 255, 0, 160 ], "dmg": 1, "sli": 1, "ser": 0, "fat": 0, "row": 1, "mot": -1, "pie": -1, "uto": -1, "uwr": -1 }, "geometry": { "type": "Point", "coordinates": [ 18.558861, 54.408889 ] } },
{ "type": "Feature", "properties": { "ID": 110345907, "yr": 2021, "dt": "2021-07-25T20:55:00", "WOJ": 22, "sev": 1, "c": [ 255, 255, 0, 160 ], "dmg": 1, "sli": 1, "ser": 0, "fat": 0, "row": -1, "mot": -1, "pie": -1, "uto": -1, "uwr": -1 }, "geometry": { "type": "Point", "coordinates": [ 17.365194, 54.428194 ] } },
{ "type": "Feature", "properties": { "ID": 110344787, "yr": 2021, "dt": "2021-07-26T19:08:00", "WOJ": 22, "sev": 1, "c": [ 255, 255, 0, 160 ], "dmg": 1, "sli": 2, "ser": 0, "fat": 0, "row": -1, "mot": -1, "pie": 1, "uto": -1, "uwr": -1 }, "geometry": { "type": "Point", "coordinates": [ 18.588417, 54.416278 ] } },
{ "type": "Feature", "properties": { "ID": 110344696, "yr": 2021, "dt": "2021-07-26T18:10:00", "WOJ": 22, "sev": 1, "c": [ 255, 255, 0, 160 ], "dmg": 1, "sli": 1, "ser": 0, "fat": 0, "row": -1, "mot": 1, "pie": -1, "uto": -1, "uwr": -1 }, "geometry": { "type": "Point", "coordinates": [ 18.642889, 54.406194 ] } },
{ "type": "Feature", "properties": { "ID": 110343355, "yr": 2021, "dt": "2021-07-26T09:50:00", "WOJ": 22, "sev": 1, "c": [ 255, 255, 0, 160 ], "dmg": 1, "sli": 1, "ser": 0, "fat": 0, "row": -1, "mot": -1, "pie": -1, "uto": -1, "uwr": -1 }, "geometry": { "type": "Point", "coordinates": [ 16.912, 54.435083 ] } },
{ "type": "Feature", "properties": { "ID": 110346438, "yr": 2021, "dt": "2021-07-26T14:35:00", "WOJ": 22, "sev": 1, "c": [ 255, 255, 0, 160 ], "dmg": 0, "sli": 1, "ser": 0, "fat": 0, "row": -1, "mot": -1, "pie": -1, "uto": -1, "uwr": -1 }, "geometry": { "type": "Point", "coordinates": [ 17.434, 54.570917 ] } },
{ "type": "Feature", "properties": { "ID": 110344687, "yr": 2021, "dt": "2021-07-26T17:57:50", "WOJ": 22, "sev": 1, "c": [ 255, 255, 0, 160 ], "dmg": 1, "sli": 1, "ser": 0, "fat": 0, "row": 1, "mot": -1, "pie": -1, "uto": -1, "uwr": -1 }, "geometry": { "type": "Point", "coordinates": [ 18.40825, 54.571333 ] } },
{ "type": "Feature", "properties": { "ID": 110343757, "yr": 2021, "dt": "2021-07-26T09:25:00", "WOJ": 22, "sev": 1, "c": [ 255, 255, 0, 160 ], "dmg": 0, "sli": 2, "ser": 0, "fat": 0, "row": -1, "mot": -1, "pie": -1, "uto": -1, "uwr": -1 }, "geometry": { "type": "Point", "coordinates": [ 18.505528, 54.550111 ] } },
{ "type": "Feature", "properties": { "ID": 110343322, "yr": 2021, "dt": "2021-07-26T08:07:00", "WOJ": 22, "sev": 1, "c": [ 255, 255, 0, 160 ], "dmg": 1, "sli": 1, "ser": 0, "fat": 0, "row": -1, "mot": -1, "pie": 1, "uto": -1, "uwr": -1 }, "geometry": { "type": "Point", "coordinates": [ 18.545583, 54.485556 ] } },
{ "type": "Feature", "properties": { "ID": 110345360, "yr": 2021, "dt": "2021-07-27T10:20:00", "WOJ": 22, "sev": 1, "c": [ 255, 255, 0, 160 ], "dmg": 1, "sli": 1, "ser": 0, "fat": 0, "row": -1, "mot": -1, "pie": 1, "uto": -1, "uwr": -1 }, "geometry": { "type": "Point", "coordinates": [ 17.020139, 54.454083 ] } },
{ "type": "Feature", "properties": { "ID": 110346669, "yr": 2021, "dt": "2021-07-27T11:30:15", "WOJ": 22, "sev": 1, "c": [ 255, 255, 0, 160 ], "dmg": 0, "sli": 1, "ser": 0, "fat": 0, "row": 1, "mot": -1, "pie": -1, "uto": -1, "uwr": -1 }, "geometry": { "type": "Point", "coordinates": [ 17.900444, 53.913667 ] } },
{ "type": "Feature", "properties": { "ID": 110341529, "yr": 2021, "dt": "2021-07-23T15:47:52", "WOJ": 22, "sev": 1, "c": [ 255, 255, 0, 160 ], "dmg": 1, "sli": 1, "ser": 0, "fat": 0, "row": -1, "mot": -1, "pie": -1, "uto": -1, "uwr": -1 }, "geometry": { "type": "Point", "coordinates": [ 17.673611, 54.513333 ] } },
{ "type": "Feature", "properties": { "ID": 111308082, "yr": 2021, "dt": "2021-10-04T17:03:31", "WOJ": 22, "sev": 1, "c": [ 255, 255, 0, 160 ], "dmg": 1, "sli": 1, "ser": 0, "fat": 0, "row": -1, "mot": 1, "pie": -1, "uto": -1, "uwr": -1 }, "geometry": { "type": "Point", "coordinates": [ 18.419361, 54.353722 ] } },
{ "type": "Feature", "properties": { "ID": 111400805, "yr": 2021, "dt": "2021-10-04T10:02:24", "WOJ": 22, "sev": 1, "c": [ 255, 255, 0, 160 ], "dmg": 0, "sli": 2, "ser": 0, "fat": 0, "row": -1, "mot": -1, "pie": -1, "uto": -1, "uwr": -1 }, "geometry": { "type": "Point", "coordinates": [ 18.604667, 54.243333 ] } },
{ "type": "Feature", "properties": { "ID": 111307223, "yr": 2021, "dt": "2021-10-04T13:10:51", "WOJ": 22, "sev": 1, "c": [ 255, 255, 0, 160 ], "dmg": 1, "sli": 1, "ser": 0, "fat": 0, "row": -1, "mot": -1, "pie": 1, "uto": -1, "uwr": -1 }, "geometry": { "type": "Point", "coordinates": [ 18.59025, 54.404056 ] } },
{ "type": "Feature", "properties": { "ID": 111691829, "yr": 2021, "dt": "2021-10-05T10:20:00", "WOJ": 22, "sev": 1, "c": [ 255, 255, 0, 160 ], "dmg": 2, "sli": 1, "ser": 0, "fat": 0, "row": -1, "mot": -1, "pie": -1, "uto": -1, "uwr": -1 }, "geometry": { "type": "Point", "coordinates": [ 18.554167, 54.371389 ] } },
{ "type": "Feature", "properties": { "ID": 110945045, "yr": 2021, "dt": "2021-09-29T23:40:00", "WOJ": 22, "sev": 1, "c": [ 255, 255, 0, 160 ], "dmg": 0, "sli": 1, "ser": 0, "fat": 0, "row": -1, "mot": -1, "pie": -1, "uto": -1, "uwr": -1 }, "geometry": { "type": "Point", "coordinates": [ 17.358861, 53.666861 ] } },
{ "type": "Feature", "properties": { "ID": 110942968, "yr": 2021, "dt": "2021-09-29T10:00:00", "WOJ": 22, "sev": 1, "c": [ 255, 255, 0, 160 ], "dmg": 1, "sli": 1, "ser": 0, "fat": 0, "row": -1, "mot": 1, "pie": -1, "uto": -1, "uwr": -1 }, "geometry": { "type": "Point", "coordinates": [ 18.592, 54.403778 ] } },
{ "type": "Feature", "properties": { "ID": 111004807, "yr": 2021, "dt": "2021-09-30T11:30:00", "WOJ": 22, "sev": 1, "c": [ 255, 255, 0, 160 ], "dmg": 2, "sli": 2, "ser": 0, "fat": 0, "row": -1, "mot": -1, "pie": -1, "uto": -1, "uwr": -1 }, "geometry": { "type": "Point", "coordinates": [ 18.516417, 54.548556 ] } },
{ "type": "Feature", "properties": { "ID": 111028810, "yr": 2021, "dt": "2021-09-30T13:05:00", "WOJ": 22, "sev": 1, "c": [ 255, 255, 0, 160 ], "dmg": 1, "sli": 1, "ser": 0, "fat": 0, "row": -1, "mot": -1, "pie": 1, "uto": -1, "uwr": -1 }, "geometry": { "type": "Point", "coordinates": [ 18.654333, 54.334083 ] } },
{ "type": "Feature", "properties": { "ID": 110946965, "yr": 2021, "dt": "2021-09-30T16:30:00", "WOJ": 22, "sev": 1, "c": [ 255, 255, 0, 160 ], "dmg": 1, "sli": 1, "ser": 0, "fat": 0, "row": -1, "mot": -1, "pie": 1, "uto": -1, "uwr": -1 }, "geometry": { "type": "Point", "coordinates": [ 18.612528, 54.379444 ] } },
{ "type": "Feature", "properties": { "ID": 110946986, "yr": 2021, "dt": "2021-09-30T15:40:00", "WOJ": 22, "sev": 1, "c": [ 255, 255, 0, 160 ], "dmg": 1, "sli": 1, "ser": 0, "fat": 0, "row": -1, "mot": -1, "pie": 1, "uto": -1, "uwr": -1 }, "geometry": { "type": "Point", "coordinates": [ 18.598306, 54.3825 ] } },
{ "type": "Feature", "properties": { "ID": 111036805, "yr": 2021, "dt": "2021-09-30T13:59:02", "WOJ": 22, "sev": 1, "c": [ 255, 255, 0, 160 ], "dmg": 1, "sli": 1, "ser": 0, "fat": 0, "row": -1, "mot": -1, "pie": -1, "uto": -1, "uwr": -1 }, "geometry": { "type": "Point", "coordinates": [ 18.797167, 54.062722 ] } },
{ "type": "Feature", "properties": { "ID": 110348003, "yr": 2021, "dt": "2021-07-28T21:58:56", "WOJ": 22, "sev": 1, "c": [ 255, 255, 0, 160 ], "dmg": 1, "sli": 1, "ser": 0, "fat": 0, "row": -1, "mot": -1, "pie": -1, "uto": -1, "uwr": -1 }, "geometry": { "type": "Point", "coordinates": [ 17.593111, 53.690389 ] } },
{ "type": "Feature", "properties": { "ID": 110348063, "yr": 2021, "dt": "2021-07-29T06:45:14", "WOJ": 22, "sev": 1, "c": [ 255, 255, 0, 160 ], "dmg": 1, "sli": 1, "ser": 0, "fat": 0, "row": -1, "mot": -1, "pie": 1, "uto": -1, "uwr": -1 }, "geometry": { "type": "Point", "coordinates": [ 18.494722, 54.581056 ] } },
{ "type": "Feature", "properties": { "ID": 110359008, "yr": 2021, "dt": "2021-07-29T19:00:00", "WOJ": 22, "sev": 1, "c": [ 255, 255, 0, 160 ], "dmg": 1, "sli": 1, "ser": 0, "fat": 0, "row": -1, "mot": -1, "pie": 1, "uto": -1, "uwr": -1 }, "geometry": { "type": "Point", "coordinates": [ 18.320611, 54.026833 ] } },
{ "type": "Feature", "properties": { "ID": 110348943, "yr": 2021, "dt": "2021-07-29T09:30:00", "WOJ": 22, "sev": 1, "c": [ 255, 255, 0, 160 ], "dmg": 3, "sli": 1, "ser": 0, "fat": 0, "row": -1, "mot": -1, "pie": -1, "uto": -1, "uwr": -1 }, "geometry": { "type": "Point", "coordinates": [ 18.990722, 53.829583 ] } },
{ "type": "Feature", "properties": { "ID": 110348318, "yr": 2021, "dt": "2021-07-29T07:23:28", "WOJ": 22, "sev": 1, "c": [ 255, 255, 0, 160 ], "dmg": 1, "sli": 1, "ser": 0, "fat": 0, "row": -1, "mot": 1, "pie": -1, "uto": -1, "uwr": -1 }, "geometry": { "type": "Point", "coordinates": [ 18.349889, 54.602056 ] } },
{ "type": "Feature", "properties": { "ID": 110348800, "yr": 2021, "dt": "2021-07-30T05:23:28", "WOJ": 22, "sev": 1, "c": [ 255, 255, 0, 160 ], "dmg": 1, "sli": 1, "ser": 0, "fat": 0, "row": 1, "mot": -1, "pie": -1, "uto": -1, "uwr": -1 }, "geometry": { "type": "Point", "coordinates": [ 17.378222, 54.125861 ] } },
{ "type": "Feature", "properties": { "ID": 110355890, "yr": 2021, "dt": "2021-07-30T21:06:00", "WOJ": 22, "sev": 1, "c": [ 255, 255, 0, 160 ], "dmg": 0, "sli": 2, "ser": 0, "fat": 0, "row": 1, "mot": -1, "pie": -1, "uto": -1, "uwr": -1 }, "geometry": { "type": "Point", "coordinates": [ 18.662722, 54.344278 ] } },
{ "type": "Feature", "properties": { "ID": 110349943, "yr": 2021, "dt": "2021-07-30T05:10:00", "WOJ": 22, "sev": 1, "c": [ 255, 255, 0, 160 ], "dmg": 2, "sli": 1, "ser": 0, "fat": 0, "row": -1, "mot": -1, "pie": -1, "uto": -1, "uwr": -1 }, "geometry": { "type": "Point", "coordinates": [ 18.638528, 54.320194 ] } },
{ "type": "Feature", "properties": { "ID": 110352547, "yr": 2021, "dt": "2021-07-31T17:59:44", "WOJ": 22, "sev": 1, "c": [ 255, 255, 0, 160 ], "dmg": 0, "sli": 3, "ser": 0, "fat": 0, "row": -1, "mot": 1, "pie": 1, "uto": -1, "uwr": -1 }, "geometry": { "type": "Point", "coordinates": [ 18.515472, 53.961194 ] } },
{ "type": "Feature", "properties": { "ID": 110351149, "yr": 2021, "dt": "2021-07-31T09:53:00", "WOJ": 22, "sev": 1, "c": [ 255, 255, 0, 160 ], "dmg": 0, "sli": 1, "ser": 0, "fat": 0, "row": -1, "mot": 1, "pie": -1, "uto": -1, "uwr": -1 }, "geometry": { "type": "Point", "coordinates": [ 18.629556, 54.234944 ] } },
{ "type": "Feature", "properties": { "ID": 110351117, "yr": 2021, "dt": "2021-07-31T07:25:38", "WOJ": 22, "sev": 1, "c": [ 255, 255, 0, 160 ], "dmg": 1, "sli": 1, "ser": 0, "fat": 0, "row": -1, "mot": -1, "pie": 1, "uto": -1, "uwr": -1 }, "geometry": { "type": "Point", "coordinates": [ 18.675222, 54.349194 ] } },
{ "type": "Feature", "properties": { "ID": 110352801, "yr": 2021, "dt": "2021-08-01T00:27:39", "WOJ": 22, "sev": 1, "c": [ 255, 255, 0, 160 ], "dmg": 1, "sli": 1, "ser": 0, "fat": 0, "row": -1, "mot": -1, "pie": 1, "uto": -1, "uwr": -1 }, "geometry": { "type": "Point", "coordinates": [ 18.646389, 54.351667 ] } },
{ "type": "Feature", "properties": { "ID": 110354573, "yr": 2021, "dt": "2021-08-01T12:50:00", "WOJ": 22, "sev": 1, "c": [ 255, 255, 0, 160 ], "dmg": 3, "sli": 1, "ser": 0, "fat": 0, "row": 1, "mot": -1, "pie": -1, "uto": -1, "uwr": -1 }, "geometry": { "type": "Point", "coordinates": [ 18.693333, 53.927694 ] } },
{ "type": "Feature", "properties": { "ID": 110353043, "yr": 2021, "dt": "2021-08-01T14:20:00", "WOJ": 22, "sev": 1, "c": [ 255, 255, 0, 160 ], "dmg": 1, "sli": 1, "ser": 0, "fat": 0, "row": -1, "mot": -1, "pie": -1, "uto": -1, "uwr": -1 }, "geometry": { "type": "Point", "coordinates": [ 18.647083, 54.348889 ] } },
{ "type": "Feature", "properties": { "ID": 110356075, "yr": 2021, "dt": "2021-08-02T15:24:00", "WOJ": 22, "sev": 1, "c": [ 255, 255, 0, 160 ], "dmg": 2, "sli": 1, "ser": 0, "fat": 0, "row": 0, "mot": -1, "pie": -1, "uto": -1, "uwr": -1 }, "geometry": { "type": "Point", "coordinates": [ 18.586528, 54.408806 ] } },
{ "type": "Feature", "properties": { "ID": 110345687, "yr": 2021, "dt": "2021-07-27T15:57:24", "WOJ": 22, "sev": 1, "c": [ 255, 255, 0, 160 ], "dmg": 1, "sli": 1, "ser": 0, "fat": 0, "row": 1, "mot": -1, "pie": -1, "uto": -1, "uwr": -1 }, "geometry": { "type": "Point", "coordinates": [ 18.085028, 53.844639 ] } },
{ "type": "Feature", "properties": { "ID": 110346270, "yr": 2021, "dt": "2021-07-28T21:30:00", "WOJ": 22, "sev": 1, "c": [ 255, 255, 0, 160 ], "dmg": 1, "sli": 1, "ser": 0, "fat": 0, "row": -1, "mot": 1, "pie": -1, "uto": -1, "uwr": -1 }, "geometry": { "type": "Point", "coordinates": [ 18.568278, 54.409333 ] } },
{ "type": "Feature", "properties": { "ID": 110347805, "yr": 2021, "dt": "2021-07-28T16:26:39", "WOJ": 22, "sev": 1, "c": [ 255, 255, 0, 160 ], "dmg": 2, "sli": 2, "ser": 0, "fat": 0, "row": -1, "mot": -1, "pie": -1, "uto": -1, "uwr": -1 }, "geometry": { "type": "Point", "coordinates": [ 18.392806, 54.715083 ] } },
{ "type": "Feature", "properties": { "ID": 110347100, "yr": 2021, "dt": "2021-07-28T00:20:58", "WOJ": 22, "sev": 1, "c": [ 255, 255, 0, 160 ], "dmg": 1, "sli": 1, "ser": 0, "fat": 0, "row": -1, "mot": -1, "pie": -1, "uto": -1, "uwr": -1 }, "geometry": { "type": "Point", "coordinates": [ 19.035194, 54.034472 ] } },
{ "type": "Feature", "properties": { "ID": 111691839, "yr": 2021, "dt": "2021-10-03T17:40:00", "WOJ": 22, "sev": 1, "c": [ 255, 255, 0, 160 ], "dmg": 1, "sli": 1, "ser": 0, "fat": 0, "row": -1, "mot": -1, "pie": -1, "uto": -1, "uwr": -1 }, "geometry": { "type": "Point", "coordinates": [ 18.6996, 54.3633 ] } },
{ "type": "Feature", "properties": { "ID": 113001212, "yr": 2021, "dt": "2021-10-03T17:10:00", "WOJ": 22, "sev": 1, "c": [ 255, 255, 0, 160 ], "dmg": 1, "sli": 1, "ser": 0, "fat": 0, "row": -1, "mot": -1, "pie": 1, "uto": -1, "uwr": -1 }, "geometry": { "type": "Point", "coordinates": [ 18.310583, 54.012333 ] } },
{ "type": "Feature", "properties": { "ID": 114336898, "yr": 2021, "dt": "2021-10-01T13:05:00", "WOJ": 22, "sev": 1, "c": [ 255, 255, 0, 160 ], "dmg": 1, "sli": 1, "ser": 0, "fat": 0, "row": 1, "mot": -1, "pie": -1, "uto": -1, "uwr": -1 }, "geometry": { "type": "Point", "coordinates": [ 17.182083, 53.599444 ] } },
{ "type": "Feature", "properties": { "ID": 111691820, "yr": 2021, "dt": "2021-10-01T00:10:00", "WOJ": 22, "sev": 1, "c": [ 255, 255, 0, 160 ], "dmg": 0, "sli": 1, "ser": 0, "fat": 0, "row": -1, "mot": 1, "pie": -1, "uto": -1, "uwr": -1 }, "geometry": { "type": "Point", "coordinates": [ 18.806694, 53.871944 ] } },
{ "type": "Feature", "properties": { "ID": 111533806, "yr": 2021, "dt": "2021-10-01T13:50:00", "WOJ": 22, "sev": 1, "c": [ 255, 255, 0, 160 ], "dmg": 1, "sli": 1, "ser": 0, "fat": 0, "row": -1, "mot": -1, "pie": 1, "uto": -1, "uwr": -1 }, "geometry": { "type": "Point", "coordinates": [ 18.928861, 53.727194 ] } },
{ "type": "Feature", "properties": { "ID": 110722820, "yr": 2021, "dt": "2021-09-27T13:43:17", "WOJ": 22, "sev": 1, "c": [ 255, 255, 0, 160 ], "dmg": 1, "sli": 1, "ser": 0, "fat": 0, "row": -1, "mot": -1, "pie": -1, "uto": -1, "uwr": -1 }, "geometry": { "type": "Point", "coordinates": [ 19.175028, 54.188333 ] } },
{ "type": "Feature", "properties": { "ID": 110722880, "yr": 2021, "dt": "2021-09-27T14:20:00", "WOJ": 22, "sev": 1, "c": [ 255, 255, 0, 160 ], "dmg": 1, "sli": 1, "ser": 0, "fat": 0, "row": -1, "mot": -1, "pie": -1, "uto": -1, "uwr": -1 }, "geometry": { "type": "Point", "coordinates": [ 17.135806, 54.406861 ] } },
{ "type": "Feature", "properties": { "ID": 110691943, "yr": 2021, "dt": "2021-09-27T14:52:54", "WOJ": 22, "sev": 1, "c": [ 255, 255, 0, 160 ], "dmg": 1, "sli": 1, "ser": 0, "fat": 0, "row": -1, "mot": -1, "pie": 1, "uto": -1, "uwr": -1 }, "geometry": { "type": "Point", "coordinates": [ 18.203833, 53.7695 ] } },
{ "type": "Feature", "properties": { "ID": 110726888, "yr": 2021, "dt": "2021-09-27T17:35:44", "WOJ": 22, "sev": 1, "c": [ 255, 255, 0, 160 ], "dmg": 1, "sli": 1, "ser": 0, "fat": 0, "row": -1, "mot": -1, "pie": 1, "uto": -1, "uwr": -1 }, "geometry": { "type": "Point", "coordinates": [ 19.040639, 54.023417 ] } },
{ "type": "Feature", "properties": { "ID": 110835882, "yr": 2021, "dt": "2021-09-27T06:30:00", "WOJ": 22, "sev": 1, "c": [ 255, 255, 0, 160 ], "dmg": 0, "sli": 1, "ser": 0, "fat": 0, "row": -1, "mot": 1, "pie": -1, "uto": -1, "uwr": -1 }, "geometry": { "type": "Point", "coordinates": [ 17.897528, 54.457778 ] } },
{ "type": "Feature", "properties": { "ID": 110922807, "yr": 2021, "dt": "2021-09-28T19:00:00", "WOJ": 22, "sev": 1, "c": [ 255, 255, 0, 160 ], "dmg": 2, "sli": 1, "ser": 0, "fat": 0, "row": -1, "mot": -1, "pie": -1, "uto": -1, "uwr": -1 }, "geometry": { "type": "Point", "coordinates": [ 18.492444, 54.547361 ] } },
{ "type": "Feature", "properties": { "ID": 110358429, "yr": 2021, "dt": "2021-08-03T20:55:00", "WOJ": 22, "sev": 1, "c": [ 255, 255, 0, 160 ], "dmg": 1, "sli": 1, "ser": 0, "fat": 0, "row": 1, "mot": -1, "pie": -1, "uto": -1, "uwr": -1 }, "geometry": { "type": "Point", "coordinates": [ 18.605361, 54.392528 ] } },
{ "type": "Feature", "properties": { "ID": 110359877, "yr": 2021, "dt": "2021-08-03T22:10:00", "WOJ": 22, "sev": 1, "c": [ 255, 255, 0, 160 ], "dmg": 1, "sli": 1, "ser": 0, "fat": 0, "row": 0, "mot": -1, "pie": -1, "uto": -1, "uwr": -1 }, "geometry": { "type": "Point", "coordinates": [ 18.616944, 54.348889 ] } },
{ "type": "Feature", "properties": { "ID": 110359158, "yr": 2021, "dt": "2021-08-03T08:37:19", "WOJ": 22, "sev": 1, "c": [ 255, 255, 0, 160 ], "dmg": 0, "sli": 2, "ser": 0, "fat": 0, "row": -1, "mot": -1, "pie": -1, "uto": -1, "uwr": -1 }, "geometry": { "type": "Point", "coordinates": [ 18.769778, 54.645667 ] } },
{ "type": "Feature", "properties": { "ID": 110360030, "yr": 2021, "dt": "2021-08-04T12:40:52", "WOJ": 22, "sev": 1, "c": [ 255, 255, 0, 160 ], "dmg": 1, "sli": 1, "ser": 0, "fat": 0, "row": -1, "mot": -1, "pie": -1, "uto": -1, "uwr": -1 }, "geometry": { "type": "Point", "coordinates": [ 18.851778, 53.878583 ] } },
{ "type": "Feature", "properties": { "ID": 110361077, "yr": 2021, "dt": "2021-08-04T17:57:27", "WOJ": 22, "sev": 1, "c": [ 255, 255, 0, 160 ], "dmg": 1, "sli": 1, "ser": 0, "fat": 0, "row": -1, "mot": -1, "pie": 1, "uto": -1, "uwr": -1 }, "geometry": { "type": "Point", "coordinates": [ 18.6725, 54.198194 ] } },
{ "type": "Feature", "properties": { "ID": 110360803, "yr": 2021, "dt": "2021-08-04T12:26:00", "WOJ": 22, "sev": 1, "c": [ 255, 255, 0, 160 ], "dmg": 1, "sli": 1, "ser": 0, "fat": 0, "row": -1, "mot": -1, "pie": -1, "uto": -1, "uwr": -1 }, "geometry": { "type": "Point", "coordinates": [ 18.587222, 54.358194 ] } },
{ "type": "Feature", "properties": { "ID": 110356507, "yr": 2021, "dt": "2021-07-30T19:40:00", "WOJ": 22, "sev": 1, "c": [ 255, 255, 0, 160 ], "dmg": 2, "sli": 1, "ser": 0, "fat": 0, "row": -1, "mot": -1, "pie": -1, "uto": -1, "uwr": -1 }, "geometry": { "type": "Point", "coordinates": [ 17.735, 54.538056 ] } },
{ "type": "Feature", "properties": { "ID": 110362442, "yr": 2021, "dt": "2021-08-05T16:07:16", "WOJ": 22, "sev": 1, "c": [ 255, 255, 0, 160 ], "dmg": 1, "sli": 1, "ser": 0, "fat": 0, "row": -1, "mot": -1, "pie": -1, "uto": -1, "uwr": -1 }, "geometry": { "type": "Point", "coordinates": [ 18.394056, 54.734611 ] } },
{ "type": "Feature", "properties": { "ID": 110362210, "yr": 2021, "dt": "2021-08-05T11:11:00", "WOJ": 22, "sev": 1, "c": [ 255, 255, 0, 160 ], "dmg": 2, "sli": 1, "ser": 0, "fat": 0, "row": -1, "mot": -1, "pie": -1, "uto": -1, "uwr": -1 }, "geometry": { "type": "Point", "coordinates": [ 18.616472, 54.383111 ] } },
{ "type": "Feature", "properties": { "ID": 110361970, "yr": 2021, "dt": "2021-08-05T08:25:53", "WOJ": 22, "sev": 1, "c": [ 255, 255, 0, 160 ], "dmg": 1, "sli": 1, "ser": 0, "fat": 0, "row": -1, "mot": -1, "pie": -1, "uto": -1, "uwr": -1 }, "geometry": { "type": "Point", "coordinates": [ 18.552694, 54.455583 ] } },
{ "type": "Feature", "properties": { "ID": 110926990, "yr": 2021, "dt": "2021-08-05T18:00:00", "WOJ": 22, "sev": 1, "c": [ 255, 255, 0, 160 ], "dmg": 1, "sli": 1, "ser": 0, "fat": 0, "row": -1, "mot": -1, "pie": -1, "uto": -1, "uwr": -1 }, "geometry": { "type": "Point", "coordinates": [ 18.412139, 54.564917 ] } },
{ "type": "Feature", "properties": { "ID": 110377251, "yr": 2021, "dt": "2021-08-06T17:00:00", "WOJ": 22, "sev": 1, "c": [ 255, 255, 0, 160 ], "dmg": 1, "sli": 1, "ser": 0, "fat": 0, "row": -1, "mot": -1, "pie": 1, "uto": -1, "uwr": -1 }, "geometry": { "type": "Point", "coordinates": [ 19.115528, 54.326417 ] } },
{ "type": "Feature", "properties": { "ID": 110443994, "yr": 2021, "dt": "2021-08-06T16:55:00", "WOJ": 22, "sev": 1, "c": [ 255, 255, 0, 160 ], "dmg": 2, "sli": 1, "ser": 0, "fat": 0, "row": -1, "mot": -1, "pie": -1, "uto": -1, "uwr": -1 }, "geometry": { "type": "Point", "coordinates": [ 18.415639, 54.087472 ] } },
{ "type": "Feature", "properties": { "ID": 110355546, "yr": 2021, "dt": "2021-08-02T08:05:55", "WOJ": 22, "sev": 1, "c": [ 255, 255, 0, 160 ], "dmg": 1, "sli": 1, "ser": 0, "fat": 0, "row": 1, "mot": -1, "pie": -1, "uto": -1, "uwr": -1 }, "geometry": { "type": "Point", "coordinates": [ 18.20075, 54.810556 ] } },
{ "type": "Feature", "properties": { "ID": 110355770, "yr": 2021, "dt": "2021-08-02T11:09:41", "WOJ": 22, "sev": 1, "c": [ 255, 255, 0, 160 ], "dmg": 1, "sli": 1, "ser": 0, "fat": 0, "row": -1, "mot": -1, "pie": 1, "uto": -1, "uwr": -1 }, "geometry": { "type": "Point", "coordinates": [ 17.352722, 53.662028 ] } },
{ "type": "Feature", "properties": { "ID": 110356212, "yr": 2021, "dt": "2021-08-02T16:00:00", "WOJ": 22, "sev": 1, "c": [ 255, 255, 0, 160 ], "dmg": 2, "sli": 1, "ser": 0, "fat": 0, "row": -1, "mot": -1, "pie": -1, "uto": -1, "uwr": -1 }, "geometry": { "type": "Point", "coordinates": [ 19.346222, 53.909833 ] } },
{ "type": "Feature", "properties": { "ID": 110356086, "yr": 2021, "dt": "2021-08-02T13:50:00", "WOJ": 22, "sev": 1, "c": [ 255, 255, 0, 160 ], "dmg": 1, "sli": 1, "ser": 0, "fat": 0, "row": 0, "mot": -1, "pie": 1, "uto": -1, "uwr": -1 }, "geometry": { "type": "Point", "coordinates": [ 18.6645, 54.347667 ] } },
{ "type": "Feature", "properties": { "ID": 110356372, "yr": 2021, "dt": "2021-08-02T21:49:29", "WOJ": 22, "sev": 1, "c": [ 255, 255, 0, 160 ], "dmg": 1, "sli": 1, "ser": 0, "fat": 0, "row": -1, "mot": -1, "pie": 1, "uto": -1, "uwr": -1 }, "geometry": { "type": "Point", "coordinates": [ 19.03325, 54.33625 ] } },
{ "type": "Feature", "properties": { "ID": 110358334, "yr": 2021, "dt": "2021-08-03T18:42:48", "WOJ": 22, "sev": 1, "c": [ 255, 255, 0, 160 ], "dmg": 0, "sli": 2, "ser": 0, "fat": 0, "row": -1, "mot": -1, "pie": -1, "uto": -1, "uwr": -1 }, "geometry": { "type": "Point", "coordinates": [ 17.66175, 53.668306 ] } },
{ "type": "Feature", "properties": { "ID": 110358090, "yr": 2021, "dt": "2021-08-03T14:34:45", "WOJ": 22, "sev": 1, "c": [ 255, 255, 0, 160 ], "dmg": 2, "sli": 2, "ser": 0, "fat": 0, "row": -1, "mot": -1, "pie": -1, "uto": -1, "uwr": -1 }, "geometry": { "type": "Point", "coordinates": [ 18.583, 54.274028 ] } },
{ "type": "Feature", "properties": { "ID": 110945260, "yr": 2021, "dt": "2021-09-30T18:33:00", "WOJ": 22, "sev": 1, "c": [ 255, 255, 0, 160 ], "dmg": 1, "sli": 1, "ser": 0, "fat": 0, "row": -1, "mot": 1, "pie": -1, "uto": -1, "uwr": -1 }, "geometry": { "type": "Point", "coordinates": [ 18.58625, 54.357778 ] } },
{ "type": "Feature", "properties": { "ID": 111238822, "yr": 2021, "dt": "2021-10-01T16:20:17", "WOJ": 22, "sev": 1, "c": [ 255, 255, 0, 160 ], "dmg": 1, "sli": 1, "ser": 0, "fat": 0, "row": 1, "mot": -1, "pie": -1, "uto": -1, "uwr": -1 }, "geometry": { "type": "Point", "coordinates": [ 18.595167, 54.425028 ] } },
{ "type": "Feature", "properties": { "ID": 110947247, "yr": 2021, "dt": "2021-10-01T09:45:00", "WOJ": 22, "sev": 1, "c": [ 255, 255, 0, 160 ], "dmg": 1, "sli": 1, "ser": 0, "fat": 0, "row": 1, "mot": -1, "pie": -1, "uto": -1, "uwr": -1 }, "geometry": { "type": "Point", "coordinates": [ 18.553472, 54.476861 ] } },
{ "type": "Feature", "properties": { "ID": 111046807, "yr": 2021, "dt": "2021-09-29T09:15:00", "WOJ": 22, "sev": 1, "c": [ 255, 255, 0, 160 ], "dmg": 1, "sli": 1, "ser": 0, "fat": 0, "row": -1, "mot": -1, "pie": -1, "uto": -1, "uwr": -1 }, "geometry": { "type": "Point", "coordinates": [ 18.641389, 54.349444 ] } },
{ "type": "Feature", "properties": { "ID": 110929146, "yr": 2021, "dt": "2021-09-29T21:16:00", "WOJ": 22, "sev": 1, "c": [ 255, 255, 0, 160 ], "dmg": 1, "sli": 1, "ser": 0, "fat": 0, "row": -1, "mot": -1, "pie": 1, "uto": -1, "uwr": -1 }, "geometry": { "type": "Point", "coordinates": [ 18.450889, 54.457611 ] } },
{ "type": "Feature", "properties": { "ID": 110942848, "yr": 2021, "dt": "2021-09-29T14:55:44", "WOJ": 22, "sev": 1, "c": [ 255, 255, 0, 160 ], "dmg": 1, "sli": 2, "ser": 0, "fat": 0, "row": -1, "mot": -1, "pie": -1, "uto": -1, "uwr": -1 }, "geometry": { "type": "Point", "coordinates": [ 18.5375, 54.300167 ] } },
{ "type": "Feature", "properties": { "ID": 110938807, "yr": 2021, "dt": "2021-09-29T10:40:00", "WOJ": 22, "sev": 1, "c": [ 255, 255, 0, 160 ], "dmg": 2, "sli": 1, "ser": 0, "fat": 0, "row": -1, "mot": -1, "pie": -1, "uto": -1, "uwr": -1 }, "geometry": { "type": "Point", "coordinates": [ 18.475972, 54.469278 ] } },
{ "type": "Feature", "properties": { "ID": 110941866, "yr": 2021, "dt": "2021-09-29T12:19:34", "WOJ": 22, "sev": 1, "c": [ 255, 255, 0, 160 ], "dmg": 0, "sli": 2, "ser": 0, "fat": 0, "row": -1, "mot": -1, "pie": -1, "uto": -1, "uwr": -1 }, "geometry": { "type": "Point", "coordinates": [ 17.462306, 54.147611 ] } },
{ "type": "Feature", "properties": { "ID": 110929071, "yr": 2021, "dt": "2021-09-29T12:32:00", "WOJ": 22, "sev": 1, "c": [ 255, 255, 0, 160 ], "dmg": 1, "sli": 1, "ser": 0, "fat": 0, "row": 1, "mot": -1, "pie": -1, "uto": -1, "uwr": -1 }, "geometry": { "type": "Point", "coordinates": [ 18.486917, 54.549583 ] } },
{ "type": "Feature", "properties": { "ID": 110766833, "yr": 2021, "dt": "2021-09-22T13:10:00", "WOJ": 22, "sev": 1, "c": [ 255, 255, 0, 160 ], "dmg": 1, "sli": 1, "ser": 0, "fat": 0, "row": -1, "mot": -1, "pie": 1, "uto": -1, "uwr": -1 }, "geometry": { "type": "Point", "coordinates": [ 18.633, 54.257111 ] } },
{ "type": "Feature", "properties": { "ID": 110534508, "yr": 2021, "dt": "2021-09-22T08:35:00", "WOJ": 22, "sev": 1, "c": [ 255, 255, 0, 160 ], "dmg": 1, "sli": 1, "ser": 0, "fat": 0, "row": -1, "mot": -1, "pie": -1, "uto": -1, "uwr": -1 }, "geometry": { "type": "Point", "coordinates": [ 18.644611, 54.347444 ] } },
{ "type": "Feature", "properties": { "ID": 111560807, "yr": 2021, "dt": "2021-09-23T16:53:00", "WOJ": 22, "sev": 1, "c": [ 255, 255, 0, 160 ], "dmg": 1, "sli": 1, "ser": 0, "fat": 0, "row": -1, "mot": -1, "pie": -1, "uto": -1, "uwr": -1 }, "geometry": { "type": "Point", "coordinates": [ 18.341972, 54.323278 ] } },
{ "type": "Feature", "properties": { "ID": 110537967, "yr": 2021, "dt": "2021-09-23T08:33:44", "WOJ": 22, "sev": 1, "c": [ 255, 255, 0, 160 ], "dmg": 1, "sli": 1, "ser": 0, "fat": 0, "row": 1, "mot": -1, "pie": -1, "uto": -1, "uwr": -1 }, "geometry": { "type": "Point", "coordinates": [ 18.393806, 54.709 ] } },
{ "type": "Feature", "properties": { "ID": 110539304, "yr": 2021, "dt": "2021-09-23T14:26:00", "WOJ": 22, "sev": 1, "c": [ 255, 255, 0, 160 ], "dmg": 1, "sli": 1, "ser": 0, "fat": 0, "row": -1, "mot": -1, "pie": -1, "uto": -1, "uwr": -1 }, "geometry": { "type": "Point", "coordinates": [ 18.624722, 54.372222 ] } },
{ "type": "Feature", "properties": { "ID": 110370983, "yr": 2021, "dt": "2021-08-08T14:58:35", "WOJ": 22, "sev": 1, "c": [ 255, 255, 0, 160 ], "dmg": 0, "sli": 1, "ser": 0, "fat": 0, "row": -1, "mot": -1, "pie": -1, "uto": -1, "uwr": -1 }, "geometry": { "type": "Point", "coordinates": [ 17.067667, 53.987139 ] } },
{ "type": "Feature", "properties": { "ID": 110371036, "yr": 2021, "dt": "2021-08-08T15:29:52", "WOJ": 22, "sev": 1, "c": [ 255, 255, 0, 160 ], "dmg": 0, "sli": 2, "ser": 0, "fat": 0, "row": -1, "mot": -1, "pie": -1, "uto": -1, "uwr": -1 }, "geometry": { "type": "Point", "coordinates": [ 19.045833, 54.231722 ] } },
{ "type": "Feature", "properties": { "ID": 110374991, "yr": 2021, "dt": "2021-08-09T06:45:00", "WOJ": 22, "sev": 1, "c": [ 255, 255, 0, 160 ], "dmg": 1, "sli": 1, "ser": 0, "fat": 0, "row": 1, "mot": -1, "pie": -1, "uto": -1, "uwr": -1 }, "geometry": { "type": "Point", "coordinates": [ 18.592361, 54.401667 ] } },
{ "type": "Feature", "properties": { "ID": 110375456, "yr": 2021, "dt": "2021-08-09T20:00:00", "WOJ": 22, "sev": 1, "c": [ 255, 255, 0, 160 ], "dmg": 1, "sli": 1, "ser": 0, "fat": 0, "row": -1, "mot": 1, "pie": -1, "uto": -1, "uwr": -1 }, "geometry": { "type": "Point", "coordinates": [ 18.600556, 54.381639 ] } },
{ "type": "Feature", "properties": { "ID": 110362071, "yr": 2021, "dt": "2021-08-05T11:10:19", "WOJ": 22, "sev": 1, "c": [ 255, 255, 0, 160 ], "dmg": 1, "sli": 1, "ser": 0, "fat": 0, "row": 1, "mot": -1, "pie": -1, "uto": -1, "uwr": -1 }, "geometry": { "type": "Point", "coordinates": [ 18.572222, 54.432167 ] } },
{ "type": "Feature", "properties": { "ID": 110378001, "yr": 2021, "dt": "2021-08-10T10:56:56", "WOJ": 22, "sev": 1, "c": [ 255, 255, 0, 160 ], "dmg": 2, "sli": 1, "ser": 0, "fat": 0, "row": -1, "mot": -1, "pie": -1, "uto": -1, "uwr": -1 }, "geometry": { "type": "Point", "coordinates": [ 18.65225, 54.21719 ] } },
{ "type": "Feature", "properties": { "ID": 110379198, "yr": 2021, "dt": "2021-08-10T21:33:24", "WOJ": 22, "sev": 1, "c": [ 255, 255, 0, 160 ], "dmg": 1, "sli": 1, "ser": 0, "fat": 0, "row": -1, "mot": 1, "pie": -1, "uto": -1, "uwr": -1 }, "geometry": { "type": "Point", "coordinates": [ 18.640028, 54.269861 ] } },
{ "type": "Feature", "properties": { "ID": 110379243, "yr": 2021, "dt": "2021-08-10T20:20:00", "WOJ": 22, "sev": 1, "c": [ 255, 255, 0, 160 ], "dmg": 1, "sli": 1, "ser": 0, "fat": 0, "row": -1, "mot": -1, "pie": 1, "uto": -1, "uwr": -1 }, "geometry": { "type": "Point", "coordinates": [ 18.511361, 54.550167 ] } },
{ "type": "Feature", "properties": { "ID": 110442212, "yr": 2021, "dt": "2021-08-11T15:30:00", "WOJ": 22, "sev": 1, "c": [ 255, 255, 0, 160 ], "dmg": 1, "sli": 1, "ser": 0, "fat": 0, "row": -1, "mot": -1, "pie": -1, "uto": -1, "uwr": -1 }, "geometry": { "type": "Point", "coordinates": [ 18.647472, 54.351667 ] } },
{ "type": "Feature", "properties": { "ID": 110401804, "yr": 2021, "dt": "2021-08-11T13:40:00", "WOJ": 22, "sev": 1, "c": [ 255, 255, 0, 160 ], "dmg": 1, "sli": 1, "ser": 0, "fat": 0, "row": -1, "mot": -1, "pie": 1, "uto": -1, "uwr": -1 }, "geometry": { "type": "Point", "coordinates": [ 18.512083, 54.549944 ] } },
{ "type": "Feature", "properties": { "ID": 110381059, "yr": 2021, "dt": "2021-08-11T08:59:06", "WOJ": 22, "sev": 1, "c": [ 255, 255, 0, 160 ], "dmg": 1, "sli": 1, "ser": 0, "fat": 0, "row": -1, "mot": -1, "pie": -1, "uto": -1, "uwr": -1 }, "geometry": { "type": "Point", "coordinates": [ 18.544056, 53.98775 ] } },
{ "type": "Feature", "properties": { "ID": 110394757, "yr": 2021, "dt": "2021-08-11T13:27:03", "WOJ": 22, "sev": 1, "c": [ 255, 255, 0, 160 ], "dmg": 1, "sli": 1, "ser": 0, "fat": 0, "row": -1, "mot": -1, "pie": -1, "uto": -1, "uwr": -1 }, "geometry": { "type": "Point", "coordinates": [ 18.439028, 54.633889 ] } },
{ "type": "Feature", "properties": { "ID": 110400955, "yr": 2021, "dt": "2021-08-11T15:05:00", "WOJ": 22, "sev": 1, "c": [ 255, 255, 0, 160 ], "dmg": 1, "sli": 1, "ser": 0, "fat": 0, "row": 1, "mot": -1, "pie": -1, "uto": -1, "uwr": -1 }, "geometry": { "type": "Point", "coordinates": [ 18.456278, 54.463306 ] } },
{ "type": "Feature", "properties": { "ID": 110376880, "yr": 2021, "dt": "2021-08-07T17:20:00", "WOJ": 22, "sev": 1, "c": [ 255, 255, 0, 160 ], "dmg": 1, "sli": 1, "ser": 0, "fat": 0, "row": -1, "mot": -1, "pie": -1, "uto": -1, "uwr": -1 }, "geometry": { "type": "Point", "coordinates": [ 18.606389, 54.404722 ] } },
{ "type": "Feature", "properties": { "ID": 110367393, "yr": 2021, "dt": "2021-08-07T12:11:22", "WOJ": 22, "sev": 1, "c": [ 255, 255, 0, 160 ], "dmg": 2, "sli": 1, "ser": 0, "fat": 0, "row": -1, "mot": -1, "pie": -1, "uto": -1, "uwr": -1 }, "geometry": { "type": "Point", "coordinates": [ 18.642333, 53.92775 ] } },
{ "type": "Feature", "properties": { "ID": 110367649, "yr": 2021, "dt": "2021-08-07T17:41:22", "WOJ": 22, "sev": 1, "c": [ 255, 255, 0, 160 ], "dmg": 1, "sli": 2, "ser": 0, "fat": 0, "row": -1, "mot": -1, "pie": -1, "uto": -1, "uwr": -1 }, "geometry": { "type": "Point", "coordinates": [ 17.978722, 54.134917 ] } },
{ "type": "Feature", "properties": { "ID": 110377184, "yr": 2021, "dt": "2021-08-07T18:50:00", "WOJ": 22, "sev": 1, "c": [ 255, 255, 0, 160 ], "dmg": 0, "sli": 3, "ser": 0, "fat": 0, "row": -1, "mot": -1, "pie": -1, "uto": -1, "uwr": -1 }, "geometry": { "type": "Point", "coordinates": [ 17.224861, 54.508917 ] } },
{ "type": "Feature", "properties": { "ID": 110367716, "yr": 2021, "dt": "2021-08-07T19:38:41", "WOJ": 22, "sev": 1, "c": [ 255, 255, 0, 160 ], "dmg": 2, "sli": 1, "ser": 0, "fat": 0, "row": -1, "mot": -1, "pie": -1, "uto": -1, "uwr": -1 }, "geometry": { "type": "Point", "coordinates": [ 18.915972, 53.729389 ] } },
{ "type": "Feature", "properties": { "ID": 110369760, "yr": 2021, "dt": "2021-08-07T14:40:00", "WOJ": 22, "sev": 1, "c": [ 255, 255, 0, 160 ], "dmg": 1, "sli": 1, "ser": 0, "fat": 0, "row": -1, "mot": -1, "pie": 1, "uto": -1, "uwr": -1 }, "geometry": { "type": "Point", "coordinates": [ 18.634528, 54.408056 ] } },
{ "type": "Feature", "properties": { "ID": 110919011, "yr": 2021, "dt": "2021-09-28T14:50:00", "WOJ": 22, "sev": 1, "c": [ 255, 255, 0, 160 ], "dmg": 1, "sli": 1, "ser": 0, "fat": 0, "row": -1, "mot": -1, "pie": 1, "uto": -1, "uwr": -1 }, "geometry": { "type": "Point", "coordinates": [ 18.705, 54.362806 ] } },
{ "type": "Feature", "properties": { "ID": 110919157, "yr": 2021, "dt": "2021-09-28T15:50:00", "WOJ": 22, "sev": 1, "c": [ 255, 255, 0, 160 ], "dmg": 1, "sli": 1, "ser": 0, "fat": 0, "row": 1, "mot": -1, "pie": -1, "uto": -1, "uwr": -1 }, "geometry": { "type": "Point", "coordinates": [ 18.605556, 54.386139 ] } },
{ "type": "Feature", "properties": { "ID": 110408062, "yr": 2021, "dt": "2021-08-14T22:58:05", "WOJ": 22, "sev": 1, "c": [ 255, 255, 0, 160 ], "dmg": 1, "sli": 1, "ser": 0, "fat": 0, "row": -1, "mot": -1, "pie": -1, "uto": -1, "uwr": -1 }, "geometry": { "type": "Point", "coordinates": [ 18.659333, 53.976222 ] } },
{ "type": "Feature", "properties": { "ID": 110416781, "yr": 2021, "dt": "2021-08-14T14:00:00", "WOJ": 22, "sev": 1, "c": [ 255, 255, 0, 160 ], "dmg": 2, "sli": 2, "ser": 0, "fat": 0, "row": -1, "mot": -1, "pie": -1, "uto": -1, "uwr": -1 }, "geometry": { "type": "Point", "coordinates": [ 16.980139, 54.00125 ] } },
{ "type": "Feature", "properties": { "ID": 110380945, "yr": 2021, "dt": "2021-08-11T09:47:30", "WOJ": 22, "sev": 1, "c": [ 255, 255, 0, 160 ], "dmg": 1, "sli": 1, "ser": 0, "fat": 0, "row": -1, "mot": -1, "pie": 1, "uto": -1, "uwr": -1 }, "geometry": { "type": "Point", "coordinates": [ 17.967556, 54.117889 ] } },
{ "type": "Feature", "properties": { "ID": 110404356, "yr": 2021, "dt": "2021-08-11T21:50:00", "WOJ": 22, "sev": 1, "c": [ 255, 255, 0, 160 ], "dmg": 0, "sli": 1, "ser": 0, "fat": 0, "row": 1, "mot": -1, "pie": -1, "uto": -1, "uwr": -1 }, "geometry": { "type": "Point", "coordinates": [ 17.949222, 53.840472 ] } },
{ "type": "Feature", "properties": { "ID": 110401713, "yr": 2021, "dt": "2021-08-12T16:10:44", "WOJ": 22, "sev": 1, "c": [ 255, 255, 0, 160 ], "dmg": 1, "sli": 1, "ser": 0, "fat": 0, "row": 1, "mot": -1, "pie": -1, "uto": -1, "uwr": -1 }, "geometry": { "type": "Point", "coordinates": [ 18.398083, 54.580667 ] } },
{ "type": "Feature", "properties": { "ID": 110401708, "yr": 2021, "dt": "2021-08-12T16:05:00", "WOJ": 22, "sev": 1, "c": [ 255, 255, 0, 160 ], "dmg": 1, "sli": 1, "ser": 0, "fat": 0, "row": -1, "mot": -1, "pie": -1, "uto": -1, "uwr": -1 }, "geometry": { "type": "Point", "coordinates": [ 18.529611, 54.519917 ] } },
{ "type": "Feature", "properties": { "ID": 110402025, "yr": 2021, "dt": "2021-08-12T00:16:26", "WOJ": 22, "sev": 1, "c": [ 255, 255, 0, 160 ], "dmg": 0, "sli": 1, "ser": 0, "fat": 0, "row": -1, "mot": -1, "pie": -1, "uto": -1, "uwr": -1 }, "geometry": { "type": "Point", "coordinates": [ 18.586278, 53.82475 ] } },
{ "type": "Feature", "properties": { "ID": 110411851, "yr": 2021, "dt": "2021-08-12T08:10:00", "WOJ": 22, "sev": 1, "c": [ 255, 255, 0, 160 ], "dmg": 0, "sli": 1, "ser": 0, "fat": 0, "row": 1, "mot": -1, "pie": -1, "uto": -1, "uwr": -1 }, "geometry": { "type": "Point", "coordinates": [ 16.854139, 54.577583 ] } },
{ "type": "Feature", "properties": { "ID": 110458492, "yr": 2021, "dt": "2021-08-12T11:00:00", "WOJ": 22, "sev": 1, "c": [ 255, 255, 0, 160 ], "dmg": 1, "sli": 1, "ser": 0, "fat": 0, "row": 1, "mot": -1, "pie": -1, "uto": -1, "uwr": -1 }, "geometry": { "type": "Point", "coordinates": [ 18.588056, 54.389722 ] } },
{ "type": "Feature", "properties": { "ID": 110403296, "yr": 2021, "dt": "2021-08-13T10:18:42", "WOJ": 22, "sev": 1, "c": [ 255, 255, 0, 160 ], "dmg": 0, "sli": 2, "ser": 0, "fat": 0, "row": 1, "mot": -1, "pie": -1, "uto": -1, "uwr": -1 }, "geometry": { "type": "Point", "coordinates": [ 18.534972, 54.221028 ] } },
{ "type": "Feature", "properties": { "ID": 110404311, "yr": 2021, "dt": "2021-08-13T11:15:41", "WOJ": 22, "sev": 1, "c": [ 255, 255, 0, 160 ], "dmg": 1, "sli": 1, "ser": 0, "fat": 0, "row": -1, "mot": -1, "pie": -1, "uto": -1, "uwr": -1 }, "geometry": { "type": "Point", "coordinates": [ 18.220361, 54.603417 ] } },
{ "type": "Feature", "properties": { "ID": 110404229, "yr": 2021, "dt": "2021-08-13T11:15:00", "WOJ": 22, "sev": 1, "c": [ 255, 255, 0, 160 ], "dmg": 1, "sli": 1, "ser": 0, "fat": 0, "row": -1, "mot": -1, "pie": 1, "uto": -1, "uwr": -1 }, "geometry": { "type": "Point", "coordinates": [ 18.575111, 54.320944 ] } },
{ "type": "Feature", "properties": { "ID": 110403097, "yr": 2021, "dt": "2021-08-13T07:40:00", "WOJ": 22, "sev": 1, "c": [ 255, 255, 0, 160 ], "dmg": 1, "sli": 1, "ser": 0, "fat": 0, "row": -1, "mot": 1, "pie": -1, "uto": -1, "uwr": -1 }, "geometry": { "type": "Point", "coordinates": [ 18.449778, 54.457056 ] } },
{ "type": "Feature", "properties": { "ID": 110379247, "yr": 2021, "dt": "2021-08-10T20:55:00", "WOJ": 22, "sev": 1, "c": [ 255, 255, 0, 160 ], "dmg": 1, "sli": 1, "ser": 0, "fat": 0, "row": -1, "mot": -1, "pie": 1, "uto": -1, "uwr": -1 }, "geometry": { "type": "Point", "coordinates": [ 18.437222, 54.483444 ] } },
{ "type": "Feature", "properties": { "ID": 110402198, "yr": 2021, "dt": "2021-08-10T16:30:00", "WOJ": 22, "sev": 1, "c": [ 255, 255, 0, 160 ], "dmg": 1, "sli": 1, "ser": 0, "fat": 0, "row": 1, "mot": -1, "pie": -1, "uto": -1, "uwr": -1 }, "geometry": { "type": "Point", "coordinates": [ 17.755861, 53.929083 ] } },
{ "type": "Feature", "properties": { "ID": 110376947, "yr": 2021, "dt": "2021-08-10T08:20:00", "WOJ": 22, "sev": 1, "c": [ 255, 255, 0, 160 ], "dmg": 1, "sli": 1, "ser": 0, "fat": 0, "row": -1, "mot": -1, "pie": -1, "uto": -1, "uwr": -1 }, "geometry": { "type": "Point", "coordinates": [ 18.601917, 54.381 ] } },
{ "type": "Feature", "properties": { "ID": 110407918, "yr": 2021, "dt": "2021-08-14T14:35:00", "WOJ": 22, "sev": 1, "c": [ 255, 255, 0, 160 ], "dmg": 2, "sli": 1, "ser": 0, "fat": 0, "row": -1, "mot": -1, "pie": -1, "uto": -1, "uwr": -1 }, "geometry": { "type": "Point", "coordinates": [ 18.622028, 54.402167 ] } },
{ "type": "Feature", "properties": { "ID": 110539350, "yr": 2021, "dt": "2021-09-24T10:30:19", "WOJ": 22, "sev": 1, "c": [ 255, 255, 0, 160 ], "dmg": 1, "sli": 1, "ser": 0, "fat": 0, "row": -1, "mot": -1, "pie": 1, "uto": -1, "uwr": -1 }, "geometry": { "type": "Point", "coordinates": [ 18.793889, 54.085861 ] } },
{ "type": "Feature", "properties": { "ID": 110667809, "yr": 2021, "dt": "2021-09-25T12:20:00", "WOJ": 22, "sev": 1, "c": [ 255, 255, 0, 160 ], "dmg": 2, "sli": 1, "ser": 0, "fat": 0, "row": 1, "mot": -1, "pie": -1, "uto": -1, "uwr": -1 }, "geometry": { "type": "Point", "coordinates": [ 18.500833, 54.428333 ] } },
{ "type": "Feature", "properties": { "ID": 110565824, "yr": 2021, "dt": "2021-09-26T08:40:00", "WOJ": 22, "sev": 1, "c": [ 255, 255, 0, 160 ], "dmg": 0, "sli": 1, "ser": 0, "fat": 0, "row": -1, "mot": -1, "pie": -1, "uto": -1, "uwr": -1 }, "geometry": { "type": "Point", "coordinates": [ 18.624361, 54.330194 ] } },
{ "type": "Feature", "properties": { "ID": 110736010, "yr": 2021, "dt": "2021-09-27T19:45:02", "WOJ": 22, "sev": 1, "c": [ 255, 255, 0, 160 ], "dmg": 1, "sli": 1, "ser": 0, "fat": 0, "row": -1, "mot": -1, "pie": 1, "uto": -1, "uwr": -1 }, "geometry": { "type": "Point", "coordinates": [ 17.01125, 54.473583 ] } },
{ "type": "Feature", "properties": { "ID": 110726875, "yr": 2021, "dt": "2021-09-27T16:46:19", "WOJ": 22, "sev": 1, "c": [ 255, 255, 0, 160 ], "dmg": 1, "sli": 1, "ser": 0, "fat": 0, "row": -1, "mot": -1, "pie": -1, "uto": -1, "uwr": -1 }, "geometry": { "type": "Point", "coordinates": [ 18.460861, 54.541944 ] } },
{ "type": "Feature", "properties": { "ID": 110735902, "yr": 2021, "dt": "2021-09-27T15:17:00", "WOJ": 22, "sev": 1, "c": [ 255, 255, 0, 160 ], "dmg": 1, "sli": 1, "ser": 0, "fat": 0, "row": -1, "mot": -1, "pie": 1, "uto": -1, "uwr": -1 }, "geometry": { "type": "Point", "coordinates": [ 18.617028, 54.390889 ] } },
{ "type": "Feature", "properties": { "ID": 110530760, "yr": 2021, "dt": "2021-09-20T16:54:30", "WOJ": 22, "sev": 1, "c": [ 255, 255, 0, 160 ], "dmg": 1, "sli": 1, "ser": 0, "fat": 0, "row": 1, "mot": -1, "pie": -1, "uto": -1, "uwr": -1 }, "geometry": { "type": "Point", "coordinates": [ 18.495194, 54.580167 ] } },
{ "type": "Feature", "properties": { "ID": 110530582, "yr": 2021, "dt": "2021-09-20T13:18:27", "WOJ": 22, "sev": 1, "c": [ 255, 255, 0, 160 ], "dmg": 1, "sli": 1, "ser": 0, "fat": 0, "row": -1, "mot": -1, "pie": -1, "uto": -1, "uwr": -1 }, "geometry": { "type": "Point", "coordinates": [ 17.029972, 54.142833 ] } },
{ "type": "Feature", "properties": { "ID": 110529418, "yr": 2021, "dt": "2021-09-20T11:50:00", "WOJ": 22, "sev": 1, "c": [ 255, 255, 0, 160 ], "dmg": 3, "sli": 1, "ser": 0, "fat": 0, "row": -1, "mot": -1, "pie": -1, "uto": -1, "uwr": -1 }, "geometry": { "type": "Point", "coordinates": [ 18.619806, 54.374778 ] } },
{ "type": "Feature", "properties": { "ID": 110530772, "yr": 2021, "dt": "2021-09-20T09:00:00", "WOJ": 22, "sev": 1, "c": [ 255, 255, 0, 160 ], "dmg": 1, "sli": 1, "ser": 0, "fat": 0, "row": -1, "mot": -1, "pie": -1, "uto": -1, "uwr": -1 }, "geometry": { "type": "Point", "coordinates": [ 18.609778, 54.408583 ] } },
{ "type": "Feature", "properties": { "ID": 110530562, "yr": 2021, "dt": "2021-09-20T13:27:00", "WOJ": 22, "sev": 1, "c": [ 255, 255, 0, 160 ], "dmg": 1, "sli": 1, "ser": 0, "fat": 0, "row": -1, "mot": -1, "pie": -1, "uto": -1, "uwr": -1 }, "geometry": { "type": "Point", "coordinates": [ 18.571972, 54.338111 ] } },
{ "type": "Feature", "properties": { "ID": 110529696, "yr": 2021, "dt": "2021-09-20T17:49:27", "WOJ": 22, "sev": 1, "c": [ 255, 255, 0, 160 ], "dmg": 1, "sli": 1, "ser": 0, "fat": 0, "row": -1, "mot": -1, "pie": -1, "uto": -1, "uwr": -1 }, "geometry": { "type": "Point", "coordinates": [ 18.201972, 54.331528 ] } },
{ "type": "Feature", "properties": { "ID": 110411951, "yr": 2021, "dt": "2021-08-14T16:50:00", "WOJ": 22, "sev": 1, "c": [ 255, 255, 0, 160 ], "dmg": 1, "sli": 1, "ser": 0, "fat": 0, "row": 1, "mot": -1, "pie": -1, "uto": -1, "uwr": -1 }, "geometry": { "type": "Point", "coordinates": [ 17.153833, 54.373889 ] } },
{ "type": "Feature", "properties": { "ID": 110410806, "yr": 2021, "dt": "2021-08-14T19:00:00", "WOJ": 22, "sev": 1, "c": [ 255, 255, 0, 160 ], "dmg": 1, "sli": 1, "ser": 0, "fat": 0, "row": -1, "mot": 1, "pie": -1, "uto": -1, "uwr": -1 }, "geometry": { "type": "Point", "coordinates": [ 17.808611, 54.555278 ] } },
{ "type": "Feature", "properties": { "ID": 110407864, "yr": 2021, "dt": "2021-08-14T11:59:27", "WOJ": 22, "sev": 1, "c": [ 255, 255, 0, 160 ], "dmg": 1, "sli": 1, "ser": 0, "fat": 0, "row": -1, "mot": -1, "pie": 1, "uto": -1, "uwr": -1 }, "geometry": { "type": "Point", "coordinates": [ 18.561222, 54.430583 ] } },
{ "type": "Feature", "properties": { "ID": 110405575, "yr": 2021, "dt": "2021-08-15T15:30:58", "WOJ": 22, "sev": 1, "c": [ 255, 255, 0, 160 ], "dmg": 0, "sli": 2, "ser": 0, "fat": 0, "row": 1, "mot": -1, "pie": -1, "uto": -1, "uwr": -1 }, "geometry": { "type": "Point", "coordinates": [ 18.557, 54.448528 ] } },
{ "type": "Feature", "properties": { "ID": 110408127, "yr": 2021, "dt": "2021-08-15T07:00:00", "WOJ": 22, "sev": 1, "c": [ 255, 255, 0, 160 ], "dmg": 1, "sli": 1, "ser": 0, "fat": 0, "row": -1, "mot": -1, "pie": -1, "uto": -1, "uwr": -1 }, "geometry": { "type": "Point", "coordinates": [ 18.591583, 54.404139 ] } },
{ "type": "Feature", "properties": { "ID": 110409614, "yr": 2021, "dt": "2021-08-15T15:30:00", "WOJ": 22, "sev": 1, "c": [ 255, 255, 0, 160 ], "dmg": 2, "sli": 1, "ser": 0, "fat": 0, "row": -1, "mot": 1, "pie": -1, "uto": -1, "uwr": -1 }, "geometry": { "type": "Point", "coordinates": [ 18.40725, 54.7867 ] } },
{ "type": "Feature", "properties": { "ID": 110405695, "yr": 2021, "dt": "2021-08-15T17:35:00", "WOJ": 22, "sev": 1, "c": [ 255, 255, 0, 160 ], "dmg": 2, "sli": 1, "ser": 0, "fat": 0, "row": -1, "mot": -1, "pie": -1, "uto": -1, "uwr": -1 }, "geometry": { "type": "Point", "coordinates": [ 18.600333, 54.414306 ] } },
{ "type": "Feature", "properties": { "ID": 110409290, "yr": 2021, "dt": "2021-08-16T12:11:27", "WOJ": 22, "sev": 1, "c": [ 255, 255, 0, 160 ], "dmg": 0, "sli": 2, "ser": 0, "fat": 0, "row": 1, "mot": -1, "pie": -1, "uto": -1, "uwr": -1 }, "geometry": { "type": "Point", "coordinates": [ 18.557056, 54.448417 ] } },
{ "type": "Feature", "properties": { "ID": 110410208, "yr": 2021, "dt": "2021-08-16T13:47:00", "WOJ": 22, "sev": 1, "c": [ 255, 255, 0, 160 ], "dmg": 1, "sli": 1, "ser": 0, "fat": 0, "row": -1, "mot": -1, "pie": -1, "uto": -1, "uwr": -1 }, "geometry": { "type": "Point", "coordinates": [ 18.602722, 54.386694 ] } },
{ "type": "Feature", "properties": { "ID": 110409628, "yr": 2021, "dt": "2021-08-16T12:57:50", "WOJ": 22, "sev": 1, "c": [ 255, 255, 0, 160 ], "dmg": 0, "sli": 1, "ser": 0, "fat": 0, "row": -1, "mot": -1, "pie": -1, "uto": -1, "uwr": -1 }, "geometry": { "type": "Point", "coordinates": [ 17.573806, 54.353889 ] } },
{ "type": "Feature", "properties": { "ID": 110411329, "yr": 2021, "dt": "2021-08-17T16:10:00", "WOJ": 22, "sev": 1, "c": [ 255, 255, 0, 160 ], "dmg": 2, "sli": 2, "ser": 0, "fat": 0, "row": -1, "mot": -1, "pie": -1, "uto": -1, "uwr": -1 }, "geometry": { "type": "Point", "coordinates": [ 18.644667, 54.348667 ] } },
{ "type": "Feature", "properties": { "ID": 110411157, "yr": 2021, "dt": "2021-08-17T12:34:40", "WOJ": 22, "sev": 1, "c": [ 255, 255, 0, 160 ], "dmg": 0, "sli": 2, "ser": 0, "fat": 0, "row": -1, "mot": -1, "pie": -1, "uto": -1, "uwr": -1 }, "geometry": { "type": "Point", "coordinates": [ 17.644306, 54.289111 ] } },
{ "type": "Feature", "properties": { "ID": 110411368, "yr": 2021, "dt": "2021-08-17T17:08:24", "WOJ": 22, "sev": 1, "c": [ 255, 255, 0, 160 ], "dmg": 1, "sli": 1, "ser": 0, "fat": 0, "row": -1, "mot": -1, "pie": -1, "uto": -1, "uwr": -1 }, "geometry": { "type": "Point", "coordinates": [ 17.976056, 54.106667 ] } },
{ "type": "Feature", "properties": { "ID": 110458216, "yr": 2021, "dt": "2021-08-18T11:10:00", "WOJ": 22, "sev": 1, "c": [ 255, 255, 0, 160 ], "dmg": 1, "sli": 1, "ser": 0, "fat": 0, "row": -1, "mot": -1, "pie": 1, "uto": -1, "uwr": -1 }, "geometry": { "type": "Point", "coordinates": [ 19.109972, 54.065722 ] } },
{ "type": "Feature", "properties": { "ID": 110404542, "yr": 2021, "dt": "2021-08-13T15:55:00", "WOJ": 22, "sev": 1, "c": [ 255, 255, 0, 160 ], "dmg": 1, "sli": 1, "ser": 0, "fat": 0, "row": -1, "mot": -1, "pie": -1, "uto": -1, "uwr": -1 }, "geometry": { "type": "Point", "coordinates": [ 18.634056, 54.330417 ] } },
{ "type": "Feature", "properties": { "ID": 110409594, "yr": 2021, "dt": "2021-08-13T20:15:00", "WOJ": 22, "sev": 1, "c": [ 255, 255, 0, 160 ], "dmg": 1, "sli": 1, "ser": 0, "fat": 0, "row": -1, "mot": -1, "pie": 1, "uto": -1, "uwr": -1 }, "geometry": { "type": "Point", "coordinates": [ 18.082333, 54.829583 ] } },
{ "type": "Feature", "properties": { "ID": 110444312, "yr": 2021, "dt": "2021-08-13T14:20:00", "WOJ": 22, "sev": 1, "c": [ 255, 255, 0, 160 ], "dmg": 1, "sli": 1, "ser": 0, "fat": 0, "row": -1, "mot": 1, "pie": -1, "uto": -1, "uwr": -1 }, "geometry": { "type": "Point", "coordinates": [ 18.453917, 53.810389 ] } },
{ "type": "Feature", "properties": { "ID": 110404322, "yr": 2021, "dt": "2021-08-13T12:05:00", "WOJ": 22, "sev": 1, "c": [ 255, 255, 0, 160 ], "dmg": 1, "sli": 1, "ser": 0, "fat": 0, "row": -1, "mot": -1, "pie": -1, "uto": -1, "uwr": -1 }, "geometry": { "type": "Point", "coordinates": [ 18.593556, 54.315889 ] } },
{ "type": "Feature", "properties": { "ID": 110444163, "yr": 2021, "dt": "2021-08-14T20:40:00", "WOJ": 22, "sev": 1, "c": [ 255, 255, 0, 160 ], "dmg": 1, "sli": 3, "ser": 0, "fat": 0, "row": -1, "mot": -1, "pie": -1, "uto": -1, "uwr": -1 }, "geometry": { "type": "Point", "coordinates": [ 18.568417, 53.937556 ] } },
{ "type": "Feature", "properties": { "ID": 110531021, "yr": 2021, "dt": "2021-09-21T06:42:28", "WOJ": 22, "sev": 1, "c": [ 255, 255, 0, 160 ], "dmg": 1, "sli": 1, "ser": 0, "fat": 0, "row": -1, "mot": -1, "pie": -1, "uto": -1, "uwr": -1 }, "geometry": { "type": "Point", "coordinates": [ 17.104472, 54.254083 ] } },
{ "type": "Feature", "properties": { "ID": 110531193, "yr": 2021, "dt": "2021-09-21T09:10:00", "WOJ": 22, "sev": 1, "c": [ 255, 255, 0, 160 ], "dmg": 1, "sli": 1, "ser": 0, "fat": 0, "row": -1, "mot": -1, "pie": -1, "uto": -1, "uwr": -1 }, "geometry": { "type": "Point", "coordinates": [ 19.366083, 53.929528 ] } },
{ "type": "Feature", "properties": { "ID": 110533802, "yr": 2021, "dt": "2021-09-21T17:32:21", "WOJ": 22, "sev": 1, "c": [ 255, 255, 0, 160 ], "dmg": 1, "sli": 1, "ser": 0, "fat": 0, "row": -1, "mot": -1, "pie": -1, "uto": -1, "uwr": -1 }, "geometry": { "type": "Point", "coordinates": [ 17.357028, 53.667972 ] } },
{ "type": "Feature", "properties": { "ID": 110533852, "yr": 2021, "dt": "2021-09-21T15:35:00", "WOJ": 22, "sev": 1, "c": [ 255, 255, 0, 160 ], "dmg": 1, "sli": 1, "ser": 0, "fat": 0, "row": -1, "mot": -1, "pie": -1, "uto": -1, "uwr": -1 }, "geometry": { "type": "Point", "coordinates": [ 17.017639, 54.460056 ] } },
{ "type": "Feature", "properties": { "ID": 110533902, "yr": 2021, "dt": "2021-09-21T19:15:19", "WOJ": 22, "sev": 1, "c": [ 255, 255, 0, 160 ], "dmg": 2, "sli": 1, "ser": 0, "fat": 0, "row": -1, "mot": -1, "pie": 1, "uto": -1, "uwr": -1 }, "geometry": { "type": "Point", "coordinates": [ 18.778167, 54.092222 ] } },
{ "type": "Feature", "properties": { "ID": 110525196, "yr": 2021, "dt": "2021-09-15T14:30:00", "WOJ": 22, "sev": 1, "c": [ 255, 255, 0, 160 ], "dmg": 1, "sli": 1, "ser": 0, "fat": 0, "row": -1, "mot": -1, "pie": -1, "uto": -1, "uwr": -1 }, "geometry": { "type": "Point", "coordinates": [ 18.643611, 54.348333 ] } },
{ "type": "Feature", "properties": { "ID": 110524550, "yr": 2021, "dt": "2021-09-15T23:20:00", "WOJ": 22, "sev": 1, "c": [ 255, 255, 0, 160 ], "dmg": 1, "sli": 1, "ser": 0, "fat": 0, "row": -1, "mot": -1, "pie": 1, "uto": -1, "uwr": -1 }, "geometry": { "type": "Point", "coordinates": [ 16.852944, 54.576083 ] } },
{ "type": "Feature", "properties": { "ID": 110511823, "yr": 2021, "dt": "2021-09-15T12:49:44", "WOJ": 22, "sev": 1, "c": [ 255, 255, 0, 160 ], "dmg": 1, "sli": 1, "ser": 0, "fat": 0, "row": -1, "mot": -1, "pie": -1, "uto": -1, "uwr": -1 }, "geometry": { "type": "Point", "coordinates": [ 17.973861, 54.102944 ] } },
{ "type": "Feature", "properties": { "ID": 110498568, "yr": 2021, "dt": "2021-09-15T08:05:00", "WOJ": 22, "sev": 1, "c": [ 255, 255, 0, 160 ], "dmg": 1, "sli": 1, "ser": 0, "fat": 0, "row": -1, "mot": -1, "pie": -1, "uto": -1, "uwr": -1 }, "geometry": { "type": "Point", "coordinates": [ 18.611806, 54.376444 ] } },
{ "type": "Feature", "properties": { "ID": 110512563, "yr": 2021, "dt": "2021-09-16T06:48:16", "WOJ": 22, "sev": 1, "c": [ 255, 255, 0, 160 ], "dmg": 1, "sli": 1, "ser": 0, "fat": 0, "row": -1, "mot": -1, "pie": -1, "uto": -1, "uwr": -1 }, "geometry": { "type": "Point", "coordinates": [ 18.4865, 54.597583 ] } },
{ "type": "Feature", "properties": { "ID": 110413068, "yr": 2021, "dt": "2021-08-18T11:25:00", "WOJ": 22, "sev": 1, "c": [ 255, 255, 0, 160 ], "dmg": 1, "sli": 1, "ser": 0, "fat": 0, "row": -1, "mot": -1, "pie": -1, "uto": -1, "uwr": -1 }, "geometry": { "type": "Point", "coordinates": [ 18.473056, 54.479528 ] } },
{ "type": "Feature", "properties": { "ID": 110415218, "yr": 2021, "dt": "2021-08-19T11:50:00", "WOJ": 22, "sev": 1, "c": [ 255, 255, 0, 160 ], "dmg": 1, "sli": 1, "ser": 0, "fat": 0, "row": -1, "mot": -1, "pie": -1, "uto": -1, "uwr": -1 }, "geometry": { "type": "Point", "coordinates": [ 18.617472, 54.341444 ] } },
{ "type": "Feature", "properties": { "ID": 110415441, "yr": 2021, "dt": "2021-08-19T15:45:00", "WOJ": 22, "sev": 1, "c": [ 255, 255, 0, 160 ], "dmg": 1, "sli": 1, "ser": 0, "fat": 0, "row": -1, "mot": -1, "pie": -1, "uto": -1, "uwr": -1 }, "geometry": { "type": "Point", "coordinates": [ 18.595222, 54.379139 ] } },
{ "type": "Feature", "properties": { "ID": 110415728, "yr": 2021, "dt": "2021-08-19T21:16:59", "WOJ": 22, "sev": 1, "c": [ 255, 255, 0, 160 ], "dmg": 1, "sli": 2, "ser": 0, "fat": 0, "row": -1, "mot": -1, "pie": -1, "uto": -1, "uwr": -1 }, "geometry": { "type": "Point", "coordinates": [ 18.590389, 54.284 ] } },
{ "type": "Feature", "properties": { "ID": 110415385, "yr": 2021, "dt": "2021-08-19T14:21:17", "WOJ": 22, "sev": 1, "c": [ 255, 255, 0, 160 ], "dmg": 1, "sli": 1, "ser": 0, "fat": 0, "row": 1, "mot": -1, "pie": -1, "uto": -1, "uwr": -1 }, "geometry": { "type": "Point", "coordinates": [ 18.402389, 54.793806 ] } },
{ "type": "Feature", "properties": { "ID": 110420640, "yr": 2021, "dt": "2021-08-20T15:26:39", "WOJ": 22, "sev": 1, "c": [ 255, 255, 0, 160 ], "dmg": 1, "sli": 1, "ser": 0, "fat": 0, "row": -1, "mot": -1, "pie": -1, "uto": -1, "uwr": -1 }, "geometry": { "type": "Point", "coordinates": [ 18.759, 54.113083 ] } },
{ "type": "Feature", "properties": { "ID": 110525192, "yr": 2021, "dt": "2021-08-20T08:00:00", "WOJ": 22, "sev": 1, "c": [ 255, 255, 0, 160 ], "dmg": 1, "sli": 1, "ser": 0, "fat": 0, "row": -1, "mot": -1, "pie": -1, "uto": -1, "uwr": -1 }, "geometry": { "type": "Point", "coordinates": [ 18.649583, 54.387389 ] } },
{ "type": "Feature", "properties": { "ID": 110456860, "yr": 2021, "dt": "2021-08-20T15:00:00", "WOJ": 22, "sev": 1, "c": [ 255, 255, 0, 160 ], "dmg": 1, "sli": 1, "ser": 0, "fat": 0, "row": -1, "mot": -1, "pie": -1, "uto": -1, "uwr": -1 }, "geometry": { "type": "Point", "coordinates": [ 17.851361, 53.927806 ] } },
{ "type": "Feature", "properties": { "ID": 110422857, "yr": 2021, "dt": "2021-08-20T19:53:07", "WOJ": 22, "sev": 1, "c": [ 255, 255, 0, 160 ], "dmg": 0, "sli": 1, "ser": 0, "fat": 0, "row": -1, "mot": 1, "pie": -1, "uto": -1, "uwr": -1 }, "geometry": { "type": "Point", "coordinates": [ 17.086, 53.775528 ] } },
{ "type": "Feature", "properties": { "ID": 110425793, "yr": 2021, "dt": "2021-08-20T19:14:24", "WOJ": 22, "sev": 1, "c": [ 255, 255, 0, 160 ], "dmg": 1, "sli": 1, "ser": 0, "fat": 0, "row": -1, "mot": -1, "pie": -1, "uto": -1, "uwr": -1 }, "geometry": { "type": "Point", "coordinates": [ 18.564306, 54.30675 ] } },
{ "type": "Feature", "properties": { "ID": 110422914, "yr": 2021, "dt": "2021-08-20T20:32:14", "WOJ": 22, "sev": 1, "c": [ 255, 255, 0, 160 ], "dmg": 0, "sli": 9, "ser": 0, "fat": 0, "row": -1, "mot": -1, "pie": -1, "uto": -1, "uwr": -1 }, "geometry": { "type": "Point", "coordinates": [ 18.549, 54.148111 ] } },
{ "type": "Feature", "properties": { "ID": 110420723, "yr": 2021, "dt": "2021-08-20T15:26:11", "WOJ": 22, "sev": 1, "c": [ 255, 255, 0, 160 ], "dmg": 1, "sli": 1, "ser": 0, "fat": 0, "row": 1, "mot": -1, "pie": -1, "uto": -1, "uwr": -1 }, "geometry": { "type": "Point", "coordinates": [ 17.97825, 54.119639 ] } },
{ "type": "Feature", "properties": { "ID": 110428837, "yr": 2021, "dt": "2021-08-21T11:01:34", "WOJ": 22, "sev": 1, "c": [ 255, 255, 0, 160 ], "dmg": 1, "sli": 1, "ser": 0, "fat": 0, "row": 1, "mot": -1, "pie": -1, "uto": -1, "uwr": -1 }, "geometry": { "type": "Point", "coordinates": [ 18.587028, 54.432556 ] } },
{ "type": "Feature", "properties": { "ID": 110429129, "yr": 2021, "dt": "2021-08-21T17:02:00", "WOJ": 22, "sev": 1, "c": [ 255, 255, 0, 160 ], "dmg": 1, "sli": 1, "ser": 0, "fat": 0, "row": -1, "mot": -1, "pie": -1, "uto": -1, "uwr": -1 }, "geometry": { "type": "Point", "coordinates": [ 18.6055, 54.347917 ] } },
{ "type": "Feature", "properties": { "ID": 110427890, "yr": 2021, "dt": "2021-08-21T18:01:22", "WOJ": 22, "sev": 1, "c": [ 255, 255, 0, 160 ], "dmg": 0, "sli": 1, "ser": 0, "fat": 0, "row": -1, "mot": -1, "pie": -1, "uto": -1, "uwr": -1 }, "geometry": { "type": "Point", "coordinates": [ 17.967333, 54.622722 ] } },
{ "type": "Feature", "properties": { "ID": 110429027, "yr": 2021, "dt": "2021-08-21T11:15:00", "WOJ": 22, "sev": 1, "c": [ 255, 255, 0, 160 ], "dmg": 1, "sli": 1, "ser": 0, "fat": 0, "row": -1, "mot": -1, "pie": -1, "uto": -1, "uwr": -1 }, "geometry": { "type": "Point", "coordinates": [ 18.543167, 54.523167 ] } },
{ "type": "Feature", "properties": { "ID": 111748808, "yr": 2021, "dt": "2021-08-21T12:00:00", "WOJ": 22, "sev": 1, "c": [ 255, 255, 0, 160 ], "dmg": 1, "sli": 1, "ser": 0, "fat": 0, "row": 1, "mot": -1, "pie": -1, "uto": -1, "uwr": -1 }, "geometry": { "type": "Point", "coordinates": [ 18.581944, 54.353639 ] } },
{ "type": "Feature", "properties": { "ID": 110437810, "yr": 2021, "dt": "2021-08-18T17:20:00", "WOJ": 22, "sev": 1, "c": [ 255, 255, 0, 160 ], "dmg": 1, "sli": 1, "ser": 0, "fat": 0, "row": 1, "mot": -1, "pie": -1, "uto": -1, "uwr": -1 }, "geometry": { "type": "Point", "coordinates": [ 18.651667, 54.388611 ] } },
{ "type": "Feature", "properties": { "ID": 110413259, "yr": 2021, "dt": "2021-08-18T17:08:43", "WOJ": 22, "sev": 1, "c": [ 255, 255, 0, 160 ], "dmg": 3, "sli": 1, "ser": 0, "fat": 0, "row": -1, "mot": -1, "pie": -1, "uto": -1, "uwr": -1 }, "geometry": { "type": "Point", "coordinates": [ 18.321556, 53.929833 ] } },
{ "type": "Feature", "properties": { "ID": 110413032, "yr": 2021, "dt": "2021-08-18T13:00:00", "WOJ": 22, "sev": 1, "c": [ 255, 255, 0, 160 ], "dmg": 2, "sli": 1, "ser": 0, "fat": 0, "row": -1, "mot": -1, "pie": -1, "uto": -1, "uwr": -1 }, "geometry": { "type": "Point", "coordinates": [ 18.599472, 54.383694 ] } },
{ "type": "Feature", "properties": { "ID": 110413366, "yr": 2021, "dt": "2021-08-18T17:40:00", "WOJ": 22, "sev": 1, "c": [ 255, 255, 0, 160 ], "dmg": 1, "sli": 1, "ser": 0, "fat": 0, "row": -1, "mot": 1, "pie": -1, "uto": -1, "uwr": -1 }, "geometry": { "type": "Point", "coordinates": [ 18.515806, 54.372472 ] } },
{ "type": "Feature", "properties": { "ID": 110413206, "yr": 2021, "dt": "2021-08-18T14:40:00", "WOJ": 22, "sev": 1, "c": [ 255, 255, 0, 160 ], "dmg": 1, "sli": 1, "ser": 0, "fat": 0, "row": -1, "mot": -1, "pie": -1, "uto": -1, "uwr": -1 }, "geometry": { "type": "Point", "coordinates": [ 18.6005, 54.336028 ] } },
{ "type": "Feature", "properties": { "ID": 110526446, "yr": 2021, "dt": "2021-09-18T14:24:27", "WOJ": 22, "sev": 1, "c": [ 255, 255, 0, 160 ], "dmg": 1, "sli": 2, "ser": 0, "fat": 0, "row": -1, "mot": -1, "pie": -1, "uto": -1, "uwr": -1 }, "geometry": { "type": "Point", "coordinates": [ 18.63475, 54.230778 ] } },
{ "type": "Feature", "properties": { "ID": 110529851, "yr": 2021, "dt": "2021-09-19T07:55:00", "WOJ": 22, "sev": 1, "c": [ 255, 255, 0, 160 ], "dmg": 1, "sli": 2, "ser": 0, "fat": 0, "row": -1, "mot": -1, "pie": -1, "uto": -1, "uwr": -1 }, "geometry": { "type": "Point", "coordinates": [ 18.629806, 54.368611 ] } },
{ "type": "Feature", "properties": { "ID": 110766935, "yr": 2021, "dt": "2021-09-20T07:25:00", "WOJ": 22, "sev": 1, "c": [ 255, 255, 0, 160 ], "dmg": 1, "sli": 3, "ser": 0, "fat": 0, "row": -1, "mot": -1, "pie": -1, "uto": -1, "uwr": -1 }, "geometry": { "type": "Point", "coordinates": [ 17.722639, 54.334111 ] } },
{ "type": "Feature", "properties": { "ID": 110493974, "yr": 2021, "dt": "2021-09-12T17:00:00", "WOJ": 22, "sev": 1, "c": [ 255, 255, 0, 160 ], "dmg": 1, "sli": 1, "ser": 0, "fat": 0, "row": 1, "mot": -1, "pie": -1, "uto": -1, "uwr": -1 }, "geometry": { "type": "Point", "coordinates": [ 18.575361, 54.352194 ] } },
{ "type": "Feature", "properties": { "ID": 110491440, "yr": 2021, "dt": "2021-09-12T09:59:13", "WOJ": 22, "sev": 1, "c": [ 255, 255, 0, 160 ], "dmg": 1, "sli": 1, "ser": 0, "fat": 0, "row": -1, "mot": -1, "pie": 1, "uto": -1, "uwr": -1 }, "geometry": { "type": "Point", "coordinates": [ 18.567889, 54.44625 ] } },
{ "type": "Feature", "properties": { "ID": 110494108, "yr": 2021, "dt": "2021-09-12T23:31:38", "WOJ": 22, "sev": 1, "c": [ 255, 255, 0, 160 ], "dmg": 1, "sli": 1, "ser": 0, "fat": 0, "row": -1, "mot": -1, "pie": -1, "uto": -1, "uwr": -1 }, "geometry": { "type": "Point", "coordinates": [ 18.373167, 54.670861 ] } },
{ "type": "Feature", "properties": { "ID": 110494028, "yr": 2021, "dt": "2021-09-12T19:01:39", "WOJ": 22, "sev": 1, "c": [ 255, 255, 0, 160 ], "dmg": 2, "sli": 1, "ser": 0, "fat": 0, "row": -1, "mot": -1, "pie": -1, "uto": -1, "uwr": -1 }, "geometry": { "type": "Point", "coordinates": [ 18.317333, 54.791111 ] } },
{ "type": "Feature", "properties": { "ID": 110491545, "yr": 2021, "dt": "2021-09-12T15:40:00", "WOJ": 22, "sev": 1, "c": [ 255, 255, 0, 160 ], "dmg": 1, "sli": 1, "ser": 0, "fat": 0, "row": 1, "mot": -1, "pie": -1, "uto": -1, "uwr": -1 }, "geometry": { "type": "Point", "coordinates": [ 17.02825, 54.473361 ] } },
{ "type": "Feature", "properties": { "ID": 110492846, "yr": 2021, "dt": "2021-09-12T02:40:00", "WOJ": 22, "sev": 1, "c": [ 255, 255, 0, 160 ], "dmg": 1, "sli": 2, "ser": 0, "fat": 0, "row": -1, "mot": -1, "pie": -1, "uto": -1, "uwr": -1 }, "geometry": { "type": "Point", "coordinates": [ 18.623944, 54.376389 ] } },
{ "type": "Feature", "properties": { "ID": 110430494, "yr": 2021, "dt": "2021-08-23T07:25:00", "WOJ": 22, "sev": 1, "c": [ 255, 255, 0, 160 ], "dmg": 1, "sli": 1, "ser": 0, "fat": 0, "row": -1, "mot": -1, "pie": -1, "uto": -1, "uwr": -1 }, "geometry": { "type": "Point", "coordinates": [ 18.629806, 54.368611 ] } },
{ "type": "Feature", "properties": { "ID": 110442242, "yr": 2021, "dt": "2021-08-23T11:17:00", "WOJ": 22, "sev": 1, "c": [ 255, 255, 0, 160 ], "dmg": 2, "sli": 1, "ser": 0, "fat": 0, "row": -1, "mot": -1, "pie": -1, "uto": -1, "uwr": -1 }, "geometry": { "type": "Point", "coordinates": [ 18.606111, 54.338333 ] } },
{ "type": "Feature", "properties": { "ID": 110438946, "yr": 2021, "dt": "2021-08-23T13:48:25", "WOJ": 22, "sev": 1, "c": [ 255, 255, 0, 160 ], "dmg": 1, "sli": 1, "ser": 0, "fat": 0, "row": -1, "mot": -1, "pie": -1, "uto": -1, "uwr": -1 }, "geometry": { "type": "Point", "coordinates": [ 18.426917, 54.550306 ] } },
{ "type": "Feature", "properties": { "ID": 110438988, "yr": 2021, "dt": "2021-08-23T16:40:00", "WOJ": 22, "sev": 1, "c": [ 255, 255, 0, 160 ], "dmg": 1, "sli": 1, "ser": 0, "fat": 0, "row": 0, "mot": -1, "pie": 1, "uto": -1, "uwr": -1 }, "geometry": { "type": "Point", "coordinates": [ 18.588917, 54.35475 ] } },
{ "type": "Feature", "properties": { "ID": 110446828, "yr": 2021, "dt": "2021-08-24T11:52:00", "WOJ": 22, "sev": 1, "c": [ 255, 255, 0, 160 ], "dmg": 2, "sli": 1, "ser": 0, "fat": 0, "row": -1, "mot": -1, "pie": -1, "uto": -1, "uwr": -1 }, "geometry": { "type": "Point", "coordinates": [ 17.388056, 53.677028 ] } },
{ "type": "Feature", "properties": { "ID": 110458229, "yr": 2021, "dt": "2021-08-24T11:45:00", "WOJ": 22, "sev": 1, "c": [ 255, 255, 0, 160 ], "dmg": 1, "sli": 1, "ser": 0, "fat": 0, "row": 1, "mot": -1, "pie": -1, "uto": -1, "uwr": -1 }, "geometry": { "type": "Point", "coordinates": [ 18.592222, 54.401667 ] } },
{ "type": "Feature", "properties": { "ID": 110440475, "yr": 2021, "dt": "2021-08-24T19:45:00", "WOJ": 22, "sev": 1, "c": [ 255, 255, 0, 160 ], "dmg": 0, "sli": 1, "ser": 0, "fat": 0, "row": -1, "mot": -1, "pie": -1, "uto": -1, "uwr": -1 }, "geometry": { "type": "Point", "coordinates": [ 19.205528, 53.75 ] } },
{ "type": "Feature", "properties": { "ID": 110442434, "yr": 2021, "dt": "2021-08-25T13:00:51", "WOJ": 22, "sev": 1, "c": [ 255, 255, 0, 160 ], "dmg": 1, "sli": 1, "ser": 0, "fat": 0, "row": -1, "mot": -1, "pie": -1, "uto": -1, "uwr": -1 }, "geometry": { "type": "Point", "coordinates": [ 17.471528, 54.119028 ] } },
{ "type": "Feature", "properties": { "ID": 110445348, "yr": 2021, "dt": "2021-08-26T13:25:00", "WOJ": 22, "sev": 1, "c": [ 255, 255, 0, 160 ], "dmg": 3, "sli": 1, "ser": 0, "fat": 0, "row": -1, "mot": -1, "pie": -1, "uto": -1, "uwr": -1 }, "geometry": { "type": "Point", "coordinates": [ 18.502083, 54.427194 ] } },
{ "type": "Feature", "properties": { "ID": 110444496, "yr": 2021, "dt": "2021-08-26T13:59:08", "WOJ": 22, "sev": 1, "c": [ 255, 255, 0, 160 ], "dmg": 1, "sli": 1, "ser": 0, "fat": 0, "row": -1, "mot": -1, "pie": -1, "uto": -1, "uwr": -1 }, "geometry": { "type": "Point", "coordinates": [ 18.76825, 54.060972 ] } },
{ "type": "Feature", "properties": { "ID": 110454843, "yr": 2021, "dt": "2021-08-26T17:30:00", "WOJ": 22, "sev": 1, "c": [ 255, 255, 0, 160 ], "dmg": 0, "sli": 1, "ser": 0, "fat": 0, "row": 1, "mot": -1, "pie": -1, "uto": -1, "uwr": -1 }, "geometry": { "type": "Point", "coordinates": [ 18.825083, 54.477278 ] } },
{ "type": "Feature", "properties": { "ID": 110444754, "yr": 2021, "dt": "2021-08-26T21:59:45", "WOJ": 22, "sev": 1, "c": [ 255, 255, 0, 160 ], "dmg": 1, "sli": 1, "ser": 0, "fat": 0, "row": -1, "mot": -1, "pie": 1, "uto": -1, "uwr": -1 }, "geometry": { "type": "Point", "coordinates": [ 18.463361, 54.375194 ] } },
{ "type": "Feature", "properties": { "ID": 110448176, "yr": 2021, "dt": "2021-08-27T17:10:00", "WOJ": 22, "sev": 1, "c": [ 255, 255, 0, 160 ], "dmg": 1, "sli": 1, "ser": 0, "fat": 0, "row": 1, "mot": -1, "pie": -1, "uto": -1, "uwr": -1 }, "geometry": { "type": "Point", "coordinates": [ 17.030167, 54.460528 ] } },
{ "type": "Feature", "properties": { "ID": 110480240, "yr": 2021, "dt": "2021-08-27T14:51:00", "WOJ": 22, "sev": 1, "c": [ 255, 255, 0, 160 ], "dmg": 3, "sli": 1, "ser": 0, "fat": 0, "row": -1, "mot": -1, "pie": -1, "uto": -1, "uwr": -1 }, "geometry": { "type": "Point", "coordinates": [ 18.426833, 54.385583 ] } },
{ "type": "Feature", "properties": { "ID": 110447900, "yr": 2021, "dt": "2021-08-27T12:49:41", "WOJ": 22, "sev": 1, "c": [ 255, 255, 0, 160 ], "dmg": 1, "sli": 1, "ser": 0, "fat": 0, "row": -1, "mot": -1, "pie": -1, "uto": -1, "uwr": -1 }, "geometry": { "type": "Point", "coordinates": [ 17.970972, 54.162139 ] } },
{ "type": "Feature", "properties": { "ID": 110428848, "yr": 2021, "dt": "2021-08-21T11:30:00", "WOJ": 22, "sev": 1, "c": [ 255, 255, 0, 160 ], "dmg": 1, "sli": 3, "ser": 0, "fat": 0, "row": -1, "mot": -1, "pie": -1, "uto": -1, "uwr": -1 }, "geometry": { "type": "Point", "coordinates": [ 17.686028, 53.718306 ] } },
{ "type": "Feature", "properties": { "ID": 110429906, "yr": 2021, "dt": "2021-08-22T12:40:36", "WOJ": 22, "sev": 1, "c": [ 255, 255, 0, 160 ], "dmg": 0, "sli": 2, "ser": 0, "fat": 0, "row": -1, "mot": 1, "pie": -1, "uto": -1, "uwr": -1 }, "geometry": { "type": "Point", "coordinates": [ 18.055194, 54.205111 ] } },
{ "type": "Feature", "properties": { "ID": 110429918, "yr": 2021, "dt": "2021-08-22T12:13:05", "WOJ": 22, "sev": 1, "c": [ 255, 255, 0, 160 ], "dmg": 3, "sli": 1, "ser": 0, "fat": 0, "row": -1, "mot": -1, "pie": -1, "uto": -1, "uwr": -1 }, "geometry": { "type": "Point", "coordinates": [ 18.370444, 54.668667 ] } },
{ "type": "Feature", "properties": { "ID": 110430501, "yr": 2021, "dt": "2021-08-23T08:41:43", "WOJ": 22, "sev": 1, "c": [ 255, 255, 0, 160 ], "dmg": 2, "sli": 1, "ser": 0, "fat": 0, "row": -1, "mot": -1, "pie": -1, "uto": -1, "uwr": -1 }, "geometry": { "type": "Point", "coordinates": [ 18.606639, 54.237778 ] } },
{ "type": "Feature", "properties": { "ID": 110430377, "yr": 2021, "dt": "2021-08-23T06:18:17", "WOJ": 22, "sev": 1, "c": [ 255, 255, 0, 160 ], "dmg": 1, "sli": 1, "ser": 0, "fat": 0, "row": -1, "mot": -1, "pie": -1, "uto": -1, "uwr": -1 }, "geometry": { "type": "Point", "coordinates": [ 17.076639, 53.895722 ] } },
{ "type": "Feature", "properties": { "ID": 110526924, "yr": 2021, "dt": "2021-09-17T18:41:08", "WOJ": 22, "sev": 1, "c": [ 255, 255, 0, 160 ], "dmg": 0, "sli": 4, "ser": 0, "fat": 0, "row": -1, "mot": -1, "pie": -1, "uto": -1, "uwr": -1 }, "geometry": { "type": "Point", "coordinates": [ 17.217667, 53.576889 ] } },
{ "type": "Feature", "properties": { "ID": 110530327, "yr": 2021, "dt": "2021-09-17T21:00:00", "WOJ": 22, "sev": 1, "c": [ 255, 255, 0, 160 ], "dmg": 1, "sli": 1, "ser": 0, "fat": 0, "row": -1, "mot": -1, "pie": 1, "uto": -1, "uwr": -1 }, "geometry": { "type": "Point", "coordinates": [ 18.570667, 54.268667 ] } },
{ "type": "Feature", "properties": { "ID": 110528029, "yr": 2021, "dt": "2021-09-18T15:00:00", "WOJ": 22, "sev": 1, "c": [ 255, 255, 0, 160 ], "dmg": 2, "sli": 1, "ser": 0, "fat": 0, "row": -1, "mot": 1, "pie": -1, "uto": -1, "uwr": -1 }, "geometry": { "type": "Point", "coordinates": [ 18.490278, 54.443694 ] } },
{ "type": "Feature", "properties": { "ID": 110458848, "yr": 2021, "dt": "2021-08-31T08:10:00", "WOJ": 22, "sev": 1, "c": [ 255, 255, 0, 160 ], "dmg": 1, "sli": 1, "ser": 0, "fat": 0, "row": -1, "mot": -1, "pie": 1, "uto": -1, "uwr": -1 }, "geometry": { "type": "Point", "coordinates": [ 18.635917, 54.396056 ] } },
{ "type": "Feature", "properties": { "ID": 110463838, "yr": 2021, "dt": "2021-09-01T08:52:52", "WOJ": 22, "sev": 1, "c": [ 255, 255, 0, 160 ], "dmg": 1, "sli": 1, "ser": 0, "fat": 0, "row": -1, "mot": -1, "pie": -1, "uto": -1, "uwr": -1 }, "geometry": { "type": "Point", "coordinates": [ 18.560444, 53.896861 ] } },
{ "type": "Feature", "properties": { "ID": 110447350, "yr": 2021, "dt": "2021-08-27T15:30:09", "WOJ": 22, "sev": 1, "c": [ 255, 255, 0, 160 ], "dmg": 1, "sli": 1, "ser": 0, "fat": 0, "row": -1, "mot": -1, "pie": -1, "uto": -1, "uwr": -1 }, "geometry": { "type": "Point", "coordinates": [ 18.409722, 54.518917 ] } },
{ "type": "Feature", "properties": { "ID": 110448342, "yr": 2021, "dt": "2021-08-27T21:52:24", "WOJ": 22, "sev": 1, "c": [ 255, 255, 0, 160 ], "dmg": 0, "sli": 2, "ser": 0, "fat": 0, "row": -1, "mot": -1, "pie": -1, "uto": -1, "uwr": -1 }, "geometry": { "type": "Point", "coordinates": [ 18.992778, 54.245639 ] } },
{ "type": "Feature", "properties": { "ID": 110481145, "yr": 2021, "dt": "2021-08-27T14:00:00", "WOJ": 22, "sev": 1, "c": [ 255, 255, 0, 160 ], "dmg": 1, "sli": 1, "ser": 0, "fat": 0, "row": 1, "mot": -1, "pie": -1, "uto": -1, "uwr": -1 }, "geometry": { "type": "Point", "coordinates": [ 18.567056, 54.411 ] } },
{ "type": "Feature", "properties": { "ID": 110486764, "yr": 2021, "dt": "2021-08-27T16:15:00", "WOJ": 22, "sev": 1, "c": [ 255, 255, 0, 160 ], "dmg": 1, "sli": 1, "ser": 0, "fat": 0, "row": -1, "mot": -1, "pie": 1, "uto": -1, "uwr": -1 }, "geometry": { "type": "Point", "coordinates": [ 17.977222, 54.123333 ] } },
{ "type": "Feature", "properties": { "ID": 110447981, "yr": 2021, "dt": "2021-08-27T14:15:51", "WOJ": 22, "sev": 1, "c": [ 255, 255, 0, 160 ], "dmg": 1, "sli": 1, "ser": 0, "fat": 0, "row": 1, "mot": -1, "pie": -1, "uto": -1, "uwr": -1 }, "geometry": { "type": "Point", "coordinates": [ 18.780917, 54.031306 ] } },
{ "type": "Feature", "properties": { "ID": 110450028, "yr": 2021, "dt": "2021-08-28T17:45:00", "WOJ": 22, "sev": 1, "c": [ 255, 255, 0, 160 ], "dmg": 1, "sli": 1, "ser": 0, "fat": 0, "row": -1, "mot": -1, "pie": 1, "uto": -1, "uwr": -1 }, "geometry": { "type": "Point", "coordinates": [ 16.855333, 54.585944 ] } },
{ "type": "Feature", "properties": { "ID": 110448505, "yr": 2021, "dt": "2021-08-28T07:40:00", "WOJ": 22, "sev": 1, "c": [ 255, 255, 0, 160 ], "dmg": 1, "sli": 1, "ser": 0, "fat": 0, "row": -1, "mot": -1, "pie": -1, "uto": -1, "uwr": -1 }, "geometry": { "type": "Point", "coordinates": [ 18.453861, 54.462333 ] } },
{ "type": "Feature", "properties": { "ID": 110448621, "yr": 2021, "dt": "2021-08-28T11:10:00", "WOJ": 22, "sev": 1, "c": [ 255, 255, 0, 160 ], "dmg": 3, "sli": 2, "ser": 0, "fat": 0, "row": -1, "mot": -1, "pie": -1, "uto": -1, "uwr": -1 }, "geometry": { "type": "Point", "coordinates": [ 17.66175, 53.668306 ] } },
{ "type": "Feature", "properties": { "ID": 110453793, "yr": 2021, "dt": "2021-08-29T20:05:57", "WOJ": 22, "sev": 1, "c": [ 255, 255, 0, 160 ], "dmg": 2, "sli": 1, "ser": 0, "fat": 0, "row": -1, "mot": -1, "pie": -1, "uto": -1, "uwr": -1 }, "geometry": { "type": "Point", "coordinates": [ 16.995056, 54.50875 ] } },
{ "type": "Feature", "properties": { "ID": 110452243, "yr": 2021, "dt": "2021-08-29T20:19:07", "WOJ": 22, "sev": 1, "c": [ 255, 255, 0, 160 ], "dmg": 1, "sli": 1, "ser": 0, "fat": 0, "row": -1, "mot": -1, "pie": 1, "uto": -1, "uwr": -1 }, "geometry": { "type": "Point", "coordinates": [ 17.104778, 53.763333 ] } },
{ "type": "Feature", "properties": { "ID": 110452143, "yr": 2021, "dt": "2021-08-29T16:48:20", "WOJ": 22, "sev": 1, "c": [ 255, 255, 0, 160 ], "dmg": 2, "sli": 1, "ser": 0, "fat": 0, "row": -1, "mot": -1, "pie": -1, "uto": -1, "uwr": -1 }, "geometry": { "type": "Point", "coordinates": [ 17.375583, 53.674417 ] } },
{ "type": "Feature", "properties": { "ID": 110461478, "yr": 2021, "dt": "2021-08-24T14:09:00", "WOJ": 22, "sev": 1, "c": [ 255, 255, 0, 160 ], "dmg": 1, "sli": 1, "ser": 0, "fat": 0, "row": 0, "mot": -1, "pie": 1, "uto": -1, "uwr": -1 }, "geometry": { "type": "Point", "coordinates": [ 16.981278, 54.002389 ] } },
{ "type": "Feature", "properties": { "ID": 110442027, "yr": 2021, "dt": "2021-08-25T08:41:35", "WOJ": 22, "sev": 1, "c": [ 255, 255, 0, 160 ], "dmg": 1, "sli": 1, "ser": 0, "fat": 0, "row": -1, "mot": -1, "pie": 1, "uto": -1, "uwr": -1 }, "geometry": { "type": "Point", "coordinates": [ 18.788444, 54.094833 ] } },
{ "type": "Feature", "properties": { "ID": 110442665, "yr": 2021, "dt": "2021-08-25T18:30:00", "WOJ": 22, "sev": 1, "c": [ 255, 255, 0, 160 ], "dmg": 1, "sli": 1, "ser": 0, "fat": 0, "row": 1, "mot": -1, "pie": -1, "uto": -1, "uwr": -1 }, "geometry": { "type": "Point", "coordinates": [ 18.580556, 54.394889 ] } },
{ "type": "Feature", "properties": { "ID": 110461794, "yr": 2021, "dt": "2021-08-30T10:40:00", "WOJ": 22, "sev": 1, "c": [ 255, 255, 0, 160 ], "dmg": 1, "sli": 1, "ser": 0, "fat": 0, "row": -1, "mot": -1, "pie": 1, "uto": -1, "uwr": -1 }, "geometry": { "type": "Point", "coordinates": [ 18.766417, 54.095361 ] } },
{ "type": "Feature", "properties": { "ID": 110496802, "yr": 2021, "dt": "2021-09-12T18:30:00", "WOJ": 22, "sev": 1, "c": [ 255, 255, 0, 160 ], "dmg": 1, "sli": 1, "ser": 0, "fat": 0, "row": -1, "mot": 1, "pie": -1, "uto": -1, "uwr": -1 }, "geometry": { "type": "Point", "coordinates": [ 18.618333, 54.341111 ] } },
{ "type": "Feature", "properties": { "ID": 110494052, "yr": 2021, "dt": "2021-09-12T18:55:00", "WOJ": 22, "sev": 1, "c": [ 255, 255, 0, 160 ], "dmg": 0, "sli": 2, "ser": 0, "fat": 0, "row": -1, "mot": -1, "pie": -1, "uto": -1, "uwr": -1 }, "geometry": { "type": "Point", "coordinates": [ 17.48925, 54.492028 ] } },
{ "type": "Feature", "properties": { "ID": 110498125, "yr": 2021, "dt": "2021-09-13T12:30:00", "WOJ": 22, "sev": 1, "c": [ 255, 255, 0, 160 ], "dmg": 1, "sli": 1, "ser": 0, "fat": 0, "row": 1, "mot": -1, "pie": -1, "uto": -1, "uwr": -1 }, "geometry": { "type": "Point", "coordinates": [ 17.9275, 54.119167 ] } },
{ "type": "Feature", "properties": { "ID": 110497193, "yr": 2021, "dt": "2021-09-13T20:06:56", "WOJ": 22, "sev": 1, "c": [ 255, 255, 0, 160 ], "dmg": 1, "sli": 1, "ser": 0, "fat": 0, "row": 1, "mot": -1, "pie": -1, "uto": -1, "uwr": -1 }, "geometry": { "type": "Point", "coordinates": [ 18.417111, 54.721667 ] } },
{ "type": "Feature", "properties": { "ID": 110494497, "yr": 2021, "dt": "2021-09-10T11:00:00", "WOJ": 22, "sev": 1, "c": [ 255, 255, 0, 160 ], "dmg": 1, "sli": 1, "ser": 0, "fat": 0, "row": -1, "mot": -1, "pie": -1, "uto": -1, "uwr": -1 }, "geometry": { "type": "Point", "coordinates": [ 18.774556, 54.085194 ] } },
{ "type": "Feature", "properties": { "ID": 110490253, "yr": 2021, "dt": "2021-09-10T16:25:00", "WOJ": 22, "sev": 1, "c": [ 255, 255, 0, 160 ], "dmg": 2, "sli": 1, "ser": 0, "fat": 0, "row": -1, "mot": -1, "pie": 1, "uto": -1, "uwr": -1 }, "geometry": { "type": "Point", "coordinates": [ 17.934778, 53.791556 ] } },
{ "type": "Feature", "properties": { "ID": 110490996, "yr": 2021, "dt": "2021-09-10T20:13:42", "WOJ": 22, "sev": 1, "c": [ 255, 255, 0, 160 ], "dmg": 0, "sli": 2, "ser": 0, "fat": 0, "row": -1, "mot": -1, "pie": 1, "uto": -1, "uwr": -1 }, "geometry": { "type": "Point", "coordinates": [ 18.311222, 54.300389 ] } },
{ "type": "Feature", "properties": { "ID": 110486201, "yr": 2021, "dt": "2021-09-10T06:21:08", "WOJ": 22, "sev": 1, "c": [ 255, 255, 0, 160 ], "dmg": 1, "sli": 1, "ser": 0, "fat": 0, "row": 1, "mot": -1, "pie": -1, "uto": -1, "uwr": -1 }, "geometry": { "type": "Point", "coordinates": [ 18.648806, 54.269361 ] } },
{ "type": "Feature", "properties": { "ID": 110491046, "yr": 2021, "dt": "2021-09-10T20:05:00", "WOJ": 22, "sev": 1, "c": [ 255, 255, 0, 160 ], "dmg": 1, "sli": 1, "ser": 0, "fat": 0, "row": 1, "mot": -1, "pie": -1, "uto": -1, "uwr": -1 }, "geometry": { "type": "Point", "coordinates": [ 18.564333, 54.423417 ] } },
{ "type": "Feature", "properties": { "ID": 110499023, "yr": 2021, "dt": "2021-09-10T14:45:00", "WOJ": 22, "sev": 1, "c": [ 255, 255, 0, 160 ], "dmg": 1, "sli": 1, "ser": 0, "fat": 0, "row": 1, "mot": -1, "pie": -1, "uto": -1, "uwr": -1 }, "geometry": { "type": "Point", "coordinates": [ 17.551833, 53.694889 ] } },
{ "type": "Feature", "properties": { "ID": 110490229, "yr": 2021, "dt": "2021-09-10T18:47:30", "WOJ": 22, "sev": 1, "c": [ 255, 255, 0, 160 ], "dmg": 0, "sli": 2, "ser": 0, "fat": 0, "row": -1, "mot": -1, "pie": -1, "uto": -1, "uwr": -1 }, "geometry": { "type": "Point", "coordinates": [ 18.64775, 53.963583 ] } },
{ "type": "Feature", "properties": { "ID": 110459029, "yr": 2021, "dt": "2021-08-31T11:29:19", "WOJ": 22, "sev": 1, "c": [ 255, 255, 0, 160 ], "dmg": 1, "sli": 1, "ser": 0, "fat": 0, "row": 1, "mot": -1, "pie": -1, "uto": -1, "uwr": -1 }, "geometry": { "type": "Point", "coordinates": [ 18.244861, 54.606306 ] } },
{ "type": "Feature", "properties": { "ID": 110458674, "yr": 2021, "dt": "2021-08-31T12:50:00", "WOJ": 22, "sev": 1, "c": [ 255, 255, 0, 160 ], "dmg": 2, "sli": 2, "ser": 0, "fat": 0, "row": -1, "mot": -1, "pie": -1, "uto": -1, "uwr": -1 }, "geometry": { "type": "Point", "coordinates": [ 18.645056, 54.347806 ] } },
{ "type": "Feature", "properties": { "ID": 110458450, "yr": 2021, "dt": "2021-08-31T09:06:00", "WOJ": 22, "sev": 1, "c": [ 255, 255, 0, 160 ], "dmg": 1, "sli": 1, "ser": 0, "fat": 0, "row": -1, "mot": -1, "pie": -1, "uto": -1, "uwr": -1 }, "geometry": { "type": "Point", "coordinates": [ 18.462194, 54.499556 ] } },
{ "type": "Feature", "properties": { "ID": 110459251, "yr": 2021, "dt": "2021-08-31T16:15:00", "WOJ": 22, "sev": 1, "c": [ 255, 255, 0, 160 ], "dmg": 1, "sli": 1, "ser": 0, "fat": 0, "row": -1, "mot": -1, "pie": -1, "uto": -1, "uwr": -1 }, "geometry": { "type": "Point", "coordinates": [ 18.550139, 54.341583 ] } },
{ "type": "Feature", "properties": { "ID": 110480680, "yr": 2021, "dt": "2021-09-06T16:00:00", "WOJ": 22, "sev": 1, "c": [ 255, 255, 0, 160 ], "dmg": 1, "sli": 1, "ser": 0, "fat": 0, "row": 1, "mot": -1, "pie": -1, "uto": -1, "uwr": -1 }, "geometry": { "type": "Point", "coordinates": [ 18.517472, 54.552194 ] } },
{ "type": "Feature", "properties": { "ID": 110464241, "yr": 2021, "dt": "2021-09-01T17:35:00", "WOJ": 22, "sev": 1, "c": [ 255, 255, 0, 160 ], "dmg": 1, "sli": 1, "ser": 0, "fat": 0, "row": -1, "mot": -1, "pie": -1, "uto": -1, "uwr": -1 }, "geometry": { "type": "Point", "coordinates": [ 18.524583, 54.341278 ] } },
{ "type": "Feature", "properties": { "ID": 110468877, "yr": 2021, "dt": "2021-09-01T11:55:00", "WOJ": 22, "sev": 1, "c": [ 255, 255, 0, 160 ], "dmg": 1, "sli": 1, "ser": 0, "fat": 0, "row": -1, "mot": 1, "pie": -1, "uto": -1, "uwr": -1 }, "geometry": { "type": "Point", "coordinates": [ 17.022278, 54.466194 ] } },
{ "type": "Feature", "properties": { "ID": 110467264, "yr": 2021, "dt": "2021-09-02T14:11:46", "WOJ": 22, "sev": 1, "c": [ 255, 255, 0, 160 ], "dmg": 0, "sli": 2, "ser": 0, "fat": 0, "row": -1, "mot": -1, "pie": -1, "uto": -1, "uwr": -1 }, "geometry": { "type": "Point", "coordinates": [ 18.345583, 54.637694 ] } },
{ "type": "Feature", "properties": { "ID": 110466983, "yr": 2021, "dt": "2021-09-02T08:47:00", "WOJ": 22, "sev": 1, "c": [ 255, 255, 0, 160 ], "dmg": 1, "sli": 1, "ser": 0, "fat": 0, "row": -1, "mot": -1, "pie": 1, "uto": -1, "uwr": -1 }, "geometry": { "type": "Point", "coordinates": [ 17.565333, 53.693889 ] } },
{ "type": "Feature", "properties": { "ID": 110466802, "yr": 2021, "dt": "2021-09-02T08:30:00", "WOJ": 22, "sev": 1, "c": [ 255, 255, 0, 160 ], "dmg": 1, "sli": 1, "ser": 0, "fat": 0, "row": 1, "mot": -1, "pie": -1, "uto": -1, "uwr": -1 }, "geometry": { "type": "Point", "coordinates": [ 18.600639, 54.405556 ] } },
{ "type": "Feature", "properties": { "ID": 110464673, "yr": 2021, "dt": "2021-09-02T08:15:00", "WOJ": 22, "sev": 1, "c": [ 255, 255, 0, 160 ], "dmg": 1, "sli": 1, "ser": 0, "fat": 0, "row": -1, "mot": -1, "pie": 1, "uto": -1, "uwr": -1 }, "geometry": { "type": "Point", "coordinates": [ 18.614472, 54.383333 ] } },
{ "type": "Feature", "properties": { "ID": 110481138, "yr": 2021, "dt": "2021-09-03T13:00:00", "WOJ": 22, "sev": 1, "c": [ 255, 255, 0, 160 ], "dmg": 0, "sli": 1, "ser": 0, "fat": 0, "row": 1, "mot": -1, "pie": -1, "uto": -1, "uwr": -1 }, "geometry": { "type": "Point", "coordinates": [ 18.194944, 54.809944 ] } },
{ "type": "Feature", "properties": { "ID": 110470213, "yr": 2021, "dt": "2021-09-03T22:00:00", "WOJ": 22, "sev": 1, "c": [ 255, 255, 0, 160 ], "dmg": 0, "sli": 2, "ser": 0, "fat": 0, "row": -1, "mot": -1, "pie": -1, "uto": -1, "uwr": -1 }, "geometry": { "type": "Point", "coordinates": [ 19.309139, 53.930667 ] } },
{ "type": "Feature", "properties": { "ID": 110470760, "yr": 2021, "dt": "2021-09-03T15:10:20", "WOJ": 22, "sev": 1, "c": [ 255, 255, 0, 160 ], "dmg": 2, "sli": 1, "ser": 0, "fat": 0, "row": -1, "mot": -1, "pie": -1, "uto": -1, "uwr": -1 }, "geometry": { "type": "Point", "coordinates": [ 19.045917, 54.036444 ] } },
{ "type": "Feature", "properties": { "ID": 110483135, "yr": 2021, "dt": "2021-09-03T13:50:00", "WOJ": 22, "sev": 1, "c": [ 255, 255, 0, 160 ], "dmg": 1, "sli": 1, "ser": 0, "fat": 0, "row": -1, "mot": -1, "pie": 1, "uto": -1, "uwr": -1 }, "geometry": { "type": "Point", "coordinates": [ 17.03125, 54.464889 ] } },
{ "type": "Feature", "properties": { "ID": 110470783, "yr": 2021, "dt": "2021-09-03T16:46:50", "WOJ": 22, "sev": 1, "c": [ 255, 255, 0, 160 ], "dmg": 1, "sli": 1, "ser": 0, "fat": 0, "row": -1, "mot": -1, "pie": -1, "uto": -1, "uwr": -1 }, "geometry": { "type": "Point", "coordinates": [ 18.760528, 54.042694 ] } },
{ "type": "Feature", "properties": { "ID": 110470692, "yr": 2021, "dt": "2021-09-04T22:05:00", "WOJ": 22, "sev": 1, "c": [ 255, 255, 0, 160 ], "dmg": 0, "sli": 2, "ser": 0, "fat": 0, "row": -1, "mot": -1, "pie": -1, "uto": -1, "uwr": -1 }, "geometry": { "type": "Point", "coordinates": [ 16.960583, 54.330861 ] } },
{ "type": "Feature", "properties": { "ID": 110469314, "yr": 2021, "dt": "2021-08-30T19:10:00", "WOJ": 22, "sev": 1, "c": [ 255, 255, 0, 160 ], "dmg": 1, "sli": 1, "ser": 0, "fat": 0, "row": -1, "mot": -1, "pie": -1, "uto": -1, "uwr": -1 }, "geometry": { "type": "Point", "coordinates": [ 19.232889, 54.060972 ] } },
{ "type": "Feature", "properties": { "ID": 110455135, "yr": 2021, "dt": "2021-08-30T08:11:19", "WOJ": 22, "sev": 1, "c": [ 255, 255, 0, 160 ], "dmg": 2, "sli": 1, "ser": 0, "fat": 0, "row": -1, "mot": -1, "pie": -1, "uto": -1, "uwr": -1 }, "geometry": { "type": "Point", "coordinates": [ 17.418222, 54.191028 ] } },
{ "type": "Feature", "properties": { "ID": 110457988, "yr": 2021, "dt": "2021-08-30T19:12:11", "WOJ": 22, "sev": 1, "c": [ 255, 255, 0, 160 ], "dmg": 1, "sli": 1, "ser": 0, "fat": 0, "row": -1, "mot": -1, "pie": -1, "uto": -1, "uwr": -1 }, "geometry": { "type": "Point", "coordinates": [ 18.514222, 53.962639 ] } },
{ "type": "Feature", "properties": { "ID": 110495766, "yr": 2021, "dt": "2021-09-11T09:40:00", "WOJ": 22, "sev": 1, "c": [ 255, 255, 0, 160 ], "dmg": 1, "sli": 1, "ser": 0, "fat": 0, "row": -1, "mot": -1, "pie": 1, "uto": -1, "uwr": -1 }, "geometry": { "type": "Point", "coordinates": [ 18.701917, 53.928639 ] } },
{ "type": "Feature", "properties": { "ID": 110490367, "yr": 2021, "dt": "2021-09-11T05:20:00", "WOJ": 22, "sev": 1, "c": [ 255, 255, 0, 160 ], "dmg": 1, "sli": 1, "ser": 0, "fat": 0, "row": -1, "mot": -1, "pie": -1, "uto": -1, "uwr": -1 }, "geometry": { "type": "Point", "coordinates": [ 18.647167, 54.35725 ] } },
{ "type": "Feature", "properties": { "ID": 110498822, "yr": 2021, "dt": "2021-09-11T04:30:00", "WOJ": 22, "sev": 1, "c": [ 255, 255, 0, 160 ], "dmg": 0, "sli": 1, "ser": 0, "fat": 0, "row": -1, "mot": -1, "pie": -1, "uto": -1, "uwr": -1 }, "geometry": { "type": "Point", "coordinates": [ 18.63325, 54.257833 ] } },
{ "type": "Feature", "properties": { "ID": 110491888, "yr": 2021, "dt": "2021-09-11T20:20:05", "WOJ": 22, "sev": 1, "c": [ 255, 255, 0, 160 ], "dmg": 1, "sli": 1, "ser": 0, "fat": 0, "row": -1, "mot": -1, "pie": 1, "uto": -1, "uwr": -1 }, "geometry": { "type": "Point", "coordinates": [ 18.153139, 53.993444 ] } },
{ "type": "Feature", "properties": { "ID": 110498137, "yr": 2021, "dt": "2021-09-11T11:55:00", "WOJ": 22, "sev": 1, "c": [ 255, 255, 0, 160 ], "dmg": 2, "sli": 1, "ser": 0, "fat": 0, "row": -1, "mot": -1, "pie": -1, "uto": -1, "uwr": -1 }, "geometry": { "type": "Point", "coordinates": [ 18.583, 54.357028 ] } },
{ "type": "Feature", "properties": { "ID": 110483768, "yr": 2021, "dt": "2021-09-08T13:19:18", "WOJ": 22, "sev": 1, "c": [ 255, 255, 0, 160 ], "dmg": 1, "sli": 1, "ser": 0, "fat": 0, "row": -1, "mot": 1, "pie": -1, "uto": -1, "uwr": -1 }, "geometry": { "type": "Point", "coordinates": [ 18.63275, 54.248583 ] } },
{ "type": "Feature", "properties": { "ID": 110483530, "yr": 2021, "dt": "2021-09-08T09:20:00", "WOJ": 22, "sev": 1, "c": [ 255, 255, 0, 160 ], "dmg": 1, "sli": 1, "ser": 0, "fat": 0, "row": 1, "mot": -1, "pie": -1, "uto": -1, "uwr": -1 }, "geometry": { "type": "Point", "coordinates": [ 18.614806, 54.375722 ] } },
{ "type": "Feature", "properties": { "ID": 110483328, "yr": 2021, "dt": "2021-09-08T01:35:00", "WOJ": 22, "sev": 1, "c": [ 255, 255, 0, 160 ], "dmg": 1, "sli": 1, "ser": 0, "fat": 0, "row": -1, "mot": -1, "pie": -1, "uto": -1, "uwr": -1 }, "geometry": { "type": "Point", "coordinates": [ 18.709444, 54.320278 ] } },
{ "type": "Feature", "properties": { "ID": 110484175, "yr": 2021, "dt": "2021-09-08T20:25:00", "WOJ": 22, "sev": 1, "c": [ 255, 255, 0, 160 ], "dmg": 1, "sli": 1, "ser": 0, "fat": 0, "row": -1, "mot": -1, "pie": -1, "uto": -1, "uwr": -1 }, "geometry": { "type": "Point", "coordinates": [ 18.59525, 54.332833 ] } },
{ "type": "Feature", "properties": { "ID": 110491677, "yr": 2021, "dt": "2021-09-09T23:00:00", "WOJ": 22, "sev": 1, "c": [ 255, 255, 0, 160 ], "dmg": 0, "sli": 1, "ser": 0, "fat": 0, "row": -1, "mot": -1, "pie": -1, "uto": -1, "uwr": -1 }, "geometry": { "type": "Point", "coordinates": [ 18.427444, 54.560167 ] } },
{ "type": "Feature", "properties": { "ID": 110484251, "yr": 2021, "dt": "2021-09-09T06:50:13", "WOJ": 22, "sev": 1, "c": [ 255, 255, 0, 160 ], "dmg": 1, "sli": 1, "ser": 0, "fat": 0, "row": -1, "mot": -1, "pie": -1, "uto": -1, "uwr": -1 }, "geometry": { "type": "Point", "coordinates": [ 18.648556, 54.177917 ] } },
{ "type": "Feature", "properties": { "ID": 110470685, "yr": 2021, "dt": "2021-09-05T00:00:21", "WOJ": 22, "sev": 1, "c": [ 255, 255, 0, 160 ], "dmg": 1, "sli": 1, "ser": 0, "fat": 0, "row": -1, "mot": -1, "pie": -1, "uto": -1, "uwr": -1 }, "geometry": { "type": "Point", "coordinates": [ 18.536861, 54.509556 ] } },
{ "type": "Feature", "properties": { "ID": 110477974, "yr": 2021, "dt": "2021-09-05T18:36:33", "WOJ": 22, "sev": 1, "c": [ 255, 255, 0, 160 ], "dmg": 1, "sli": 1, "ser": 0, "fat": 0, "row": -1, "mot": -1, "pie": -1, "uto": -1, "uwr": -1 }, "geometry": { "type": "Point", "coordinates": [ 18.767722, 54.067889 ] } },
{ "type": "Feature", "properties": { "ID": 110483002, "yr": 2021, "dt": "2021-09-05T18:14:00", "WOJ": 22, "sev": 1, "c": [ 255, 255, 0, 160 ], "dmg": 1, "sli": 1, "ser": 0, "fat": 0, "row": -1, "mot": -1, "pie": 1, "uto": -1, "uwr": -1 }, "geometry": { "type": "Point", "coordinates": [ 18.541833, 54.518056 ] } },
{ "type": "Feature", "properties": { "ID": 110478189, "yr": 2021, "dt": "2021-09-06T10:00:00", "WOJ": 22, "sev": 1, "c": [ 255, 255, 0, 160 ], "dmg": 1, "sli": 1, "ser": 0, "fat": 0, "row": -1, "mot": -1, "pie": 1, "uto": -1, "uwr": -1 }, "geometry": { "type": "Point", "coordinates": [ 17.022222, 54.465833 ] } },
{ "type": "Feature", "properties": { "ID": 110498142, "yr": 2021, "dt": "2021-09-06T16:05:00", "WOJ": 22, "sev": 1, "c": [ 255, 255, 0, 160 ], "dmg": 1, "sli": 1, "ser": 0, "fat": 0, "row": 1, "mot": -1, "pie": -1, "uto": -1, "uwr": -1 }, "geometry": { "type": "Point", "coordinates": [ 18.591361, 54.402833 ] } },
{ "type": "Feature", "properties": { "ID": 110482038, "yr": 2021, "dt": "2021-09-07T16:40:00", "WOJ": 22, "sev": 1, "c": [ 255, 255, 0, 160 ], "dmg": 1, "sli": 1, "ser": 0, "fat": 0, "row": 1, "mot": -1, "pie": -1, "uto": -1, "uwr": -1 }, "geometry": { "type": "Point", "coordinates": [ 18.572944, 54.400444 ] } },
{ "type": "Feature", "properties": { "ID": 110481211, "yr": 2021, "dt": "2021-09-07T08:44:00", "WOJ": 22, "sev": 1, "c": [ 255, 255, 0, 160 ], "dmg": 1, "sli": 1, "ser": 0, "fat": 0, "row": 0, "mot": -1, "pie": -1, "uto": -1, "uwr": -1 }, "geometry": { "type": "Point", "coordinates": [ 18.575917, 54.440722 ] } },
{ "type": "Feature", "properties": { "ID": 110534234, "yr": 2021, "dt": "2021-09-07T08:40:00", "WOJ": 22, "sev": 1, "c": [ 255, 255, 0, 160 ], "dmg": 1, "sli": 1, "ser": 0, "fat": 0, "row": 1, "mot": -1, "pie": -1, "uto": -1, "uwr": -1 }, "geometry": { "type": "Point", "coordinates": [ 18.537167, 53.992056 ] } },
{ "type": "Feature", "properties": { "ID": 110534220, "yr": 2021, "dt": "2021-09-07T11:45:00", "WOJ": 22, "sev": 1, "c": [ 255, 255, 0, 160 ], "dmg": 1, "sli": 1, "ser": 0, "fat": 0, "row": 1, "mot": -1, "pie": -1, "uto": -1, "uwr": -1 }, "geometry": { "type": "Point", "coordinates": [ 18.506583, 53.791389 ] } },
{ "type": "Feature", "properties": { "ID": 110478607, "yr": 2021, "dt": "2021-09-07T07:59:06", "WOJ": 22, "sev": 1, "c": [ 255, 255, 0, 160 ], "dmg": 2, "sli": 1, "ser": 0, "fat": 0, "row": -1, "mot": -1, "pie": -1, "uto": -1, "uwr": -1 }, "geometry": { "type": "Point", "coordinates": [ 18.582056, 54.193694 ] } },
{ "type": "Feature", "properties": { "ID": 110478664, "yr": 2021, "dt": "2021-09-07T08:09:21", "WOJ": 22, "sev": 1, "c": [ 255, 255, 0, 160 ], "dmg": 1, "sli": 1, "ser": 0, "fat": 0, "row": -1, "mot": -1, "pie": -1, "uto": -1, "uwr": -1 }, "geometry": { "type": "Point", "coordinates": [ 18.39675, 53.852028 ] } },
{ "type": "Feature", "properties": { "ID": 110478557, "yr": 2021, "dt": "2021-09-07T06:12:25", "WOJ": 22, "sev": 1, "c": [ 255, 255, 0, 160 ], "dmg": 1, "sli": 1, "ser": 0, "fat": 0, "row": 1, "mot": -1, "pie": -1, "uto": -1, "uwr": -1 }, "geometry": { "type": "Point", "coordinates": [ 18.775861, 54.09225 ] } },
{ "type": "Feature", "properties": { "ID": 110482799, "yr": 2021, "dt": "2021-09-07T16:20:00", "WOJ": 22, "sev": 1, "c": [ 255, 255, 0, 160 ], "dmg": 1, "sli": 1, "ser": 0, "fat": 0, "row": -1, "mot": -1, "pie": 1, "uto": -1, "uwr": -1 }, "geometry": { "type": "Point", "coordinates": [ 18.678833, 54.349139 ] } },
{ "type": "Feature", "properties": { "ID": 110483818, "yr": 2021, "dt": "2021-09-08T13:18:19", "WOJ": 22, "sev": 1, "c": [ 255, 255, 0, 160 ], "dmg": 1, "sli": 1, "ser": 0, "fat": 0, "row": -1, "mot": -1, "pie": -1, "uto": -1, "uwr": -1 }, "geometry": { "type": "Point", "coordinates": [ 18.764056, 53.948444 ] } },
{ "type": "Feature", "properties": { "ID": 110470258, "yr": 2021, "dt": "2021-09-04T04:39:53", "WOJ": 22, "sev": 1, "c": [ 255, 255, 0, 160 ], "dmg": 0, "sli": 4, "ser": 0, "fat": 0, "row": -1, "mot": -1, "pie": -1, "uto": -1, "uwr": -1 }, "geometry": { "type": "Point", "coordinates": [ 18.09475, 54.023833 ] } },
{ "type": "Feature", "properties": { "ID": 110478008, "yr": 2021, "dt": "2021-09-05T19:50:00", "WOJ": 22, "sev": 1, "c": [ 255, 255, 0, 160 ], "dmg": 1, "sli": 1, "ser": 0, "fat": 0, "row": 1, "mot": -1, "pie": -1, "uto": -1, "uwr": -1 }, "geometry": { "type": "Point", "coordinates": [ 18.621472, 54.330139 ] } },
{ "type": "Feature", "properties": { "ID": 110476799, "yr": 2021, "dt": "2021-09-05T11:52:58", "WOJ": 22, "sev": 1, "c": [ 255, 255, 0, 160 ], "dmg": 0, "sli": 1, "ser": 0, "fat": 0, "row": 1, "mot": -1, "pie": -1, "uto": -1, "uwr": -1 }, "geometry": { "type": "Point", "coordinates": [ 18.405806, 54.392639 ] } },
{ "type": "Feature", "properties": { "ID": 110477798, "yr": 2021, "dt": "2021-09-05T12:57:25", "WOJ": 22, "sev": 1, "c": [ 255, 255, 0, 160 ], "dmg": 0, "sli": 1, "ser": 0, "fat": 0, "row": -1, "mot": -1, "pie": -1, "uto": -1, "uwr": -1 }, "geometry": { "type": "Point", "coordinates": [ 18.093111, 54.221583 ] } },
{ "type": "Feature", "properties": { "ID": 110476928, "yr": 2021, "dt": "2021-09-05T17:17:58", "WOJ": 22, "sev": 1, "c": [ 255, 255, 0, 160 ], "dmg": 1, "sli": 2, "ser": 0, "fat": 0, "row": -1, "mot": 1, "pie": -1, "uto": -1, "uwr": -1 }, "geometry": { "type": "Point", "coordinates": [ 17.971222, 54.255583 ] } },
{ "type": "Feature", "properties": { "ID": 110478763, "yr": 2021, "dt": "2021-09-05T17:00:31", "WOJ": 22, "sev": 1, "c": [ 255, 255, 0, 160 ], "dmg": 0, "sli": 1, "ser": 0, "fat": 0, "row": -1, "mot": -1, "pie": -1, "uto": -1, "uwr": -1 }, "geometry": { "type": "Point", "coordinates": [ 17.472222, 54.177361 ] } },
{ "type": "Feature", "properties": { "ID": 110490004, "yr": 2021, "dt": "2021-09-10T13:40:00", "WOJ": 22, "sev": 1, "c": [ 255, 255, 0, 160 ], "dmg": 2, "sli": 1, "ser": 0, "fat": 0, "row": -1, "mot": 1, "pie": -1, "uto": -1, "uwr": -1 }, "geometry": { "type": "Point", "coordinates": [ 18.632639, 54.367639 ] } },
{ "type": "Feature", "properties": { "ID": 116745537, "yr": 2021, "dt": "2021-12-27T14:38:39", "WOJ": 22, "sev": 1, "c": [ 255, 255, 0, 160 ], "dmg": 2, "sli": 1, "ser": 0, "fat": 0, "row": -1, "mot": -1, "pie": -1, "uto": -1, "uwr": -1 }, "geometry": { "type": "Point", "coordinates": [ 17.5, 54.174306 ] } },
{ "type": "Feature", "properties": { "ID": 109704232, "yr": 2021, "dt": "2021-01-01T06:20:00", "WOJ": 22, "sev": 1, "c": [ 255, 255, 0, 160 ], "dmg": 0, "sli": 1, "ser": 0, "fat": 0, "row": -1, "mot": -1, "pie": -1, "uto": -1, "uwr": -1 }, "geometry": { "type": "Point", "coordinates": [ 19.053611, 54.132778 ] } },
{ "type": "Feature", "properties": { "ID": 109706558, "yr": 2021, "dt": "2021-01-02T16:36:58", "WOJ": 22, "sev": 1, "c": [ 255, 255, 0, 160 ], "dmg": 1, "sli": 1, "ser": 0, "fat": 0, "row": -1, "mot": -1, "pie": 1, "uto": -1, "uwr": -1 }, "geometry": { "type": "Point", "coordinates": [ 17.751083, 54.546111 ] } },
{ "type": "Feature", "properties": { "ID": 109705753, "yr": 2021, "dt": "2021-01-03T18:09:09", "WOJ": 22, "sev": 1, "c": [ 255, 255, 0, 160 ], "dmg": 1, "sli": 1, "ser": 0, "fat": 0, "row": -1, "mot": -1, "pie": -1, "uto": -1, "uwr": -1 }, "geometry": { "type": "Point", "coordinates": [ 18.063833, 54.125278 ] } },
{ "type": "Feature", "properties": { "ID": 109706838, "yr": 2021, "dt": "2021-01-03T12:31:00", "WOJ": 22, "sev": 1, "c": [ 255, 255, 0, 160 ], "dmg": 1, "sli": 1, "ser": 0, "fat": 0, "row": -1, "mot": -1, "pie": 1, "uto": -1, "uwr": -1 }, "geometry": { "type": "Point", "coordinates": [ 18.92825, 53.72725 ] } },
{ "type": "Feature", "properties": { "ID": 110491623, "yr": 2021, "dt": "2021-09-09T17:10:00", "WOJ": 22, "sev": 1, "c": [ 255, 255, 0, 160 ], "dmg": 1, "sli": 1, "ser": 0, "fat": 0, "row": 1, "mot": -1, "pie": -1, "uto": -1, "uwr": -1 }, "geometry": { "type": "Point", "coordinates": [ 18.607222, 54.376194 ] } },
{ "type": "Feature", "properties": { "ID": 110487264, "yr": 2021, "dt": "2021-09-09T20:32:12", "WOJ": 22, "sev": 1, "c": [ 255, 255, 0, 160 ], "dmg": 0, "sli": 1, "ser": 0, "fat": 0, "row": -1, "mot": -1, "pie": -1, "uto": -1, "uwr": -1 }, "geometry": { "type": "Point", "coordinates": [ 17.974194, 54.153306 ] } },
{ "type": "Feature", "properties": { "ID": 110487131, "yr": 2021, "dt": "2021-09-09T17:15:00", "WOJ": 22, "sev": 1, "c": [ 255, 255, 0, 160 ], "dmg": 1, "sli": 1, "ser": 0, "fat": 0, "row": -1, "mot": 1, "pie": -1, "uto": -1, "uwr": -1 }, "geometry": { "type": "Point", "coordinates": [ 17.946972, 53.814111 ] } },
{ "type": "Feature", "properties": { "ID": 110485004, "yr": 2021, "dt": "2021-09-09T07:55:00", "WOJ": 22, "sev": 1, "c": [ 255, 255, 0, 160 ], "dmg": 1, "sli": 1, "ser": 0, "fat": 0, "row": -1, "mot": 1, "pie": -1, "uto": -1, "uwr": -1 }, "geometry": { "type": "Point", "coordinates": [ 18.550972, 54.495 ] } },
{ "type": "Feature", "properties": { "ID": 110486104, "yr": 2021, "dt": "2021-09-09T20:15:00", "WOJ": 22, "sev": 1, "c": [ 255, 255, 0, 160 ], "dmg": 1, "sli": 1, "ser": 0, "fat": 0, "row": -1, "mot": -1, "pie": -1, "uto": -1, "uwr": -1 }, "geometry": { "type": "Point", "coordinates": [ 18.683806, 54.374417 ] } },
{ "type": "Feature", "properties": { "ID": 110485857, "yr": 2021, "dt": "2021-09-09T09:05:00", "WOJ": 22, "sev": 1, "c": [ 255, 255, 0, 160 ], "dmg": 1, "sli": 1, "ser": 0, "fat": 0, "row": -1, "mot": -1, "pie": -1, "uto": -1, "uwr": -1 }, "geometry": { "type": "Point", "coordinates": [ 18.591306, 54.416944 ] } },
{ "type": "Feature", "properties": { "ID": 110480573, "yr": 2021, "dt": "2021-09-06T13:40:49", "WOJ": 22, "sev": 1, "c": [ 255, 255, 0, 160 ], "dmg": 1, "sli": 2, "ser": 0, "fat": 0, "row": -1, "mot": -1, "pie": -1, "uto": -1, "uwr": -1 }, "geometry": { "type": "Point", "coordinates": [ 19.175194, 54.188167 ] } },
{ "type": "Feature", "properties": { "ID": 110481514, "yr": 2021, "dt": "2021-09-06T07:45:00", "WOJ": 22, "sev": 1, "c": [ 255, 255, 0, 160 ], "dmg": 1, "sli": 1, "ser": 0, "fat": 0, "row": 1, "mot": -1, "pie": -1, "uto": -1, "uwr": -1 }, "geometry": { "type": "Point", "coordinates": [ 18.578333, 54.355 ] } },
{ "type": "Feature", "properties": { "ID": 110478154, "yr": 2021, "dt": "2021-09-06T08:13:17", "WOJ": 22, "sev": 1, "c": [ 255, 255, 0, 160 ], "dmg": 0, "sli": 1, "ser": 0, "fat": 0, "row": -1, "mot": -1, "pie": -1, "uto": -1, "uwr": -1 }, "geometry": { "type": "Point", "coordinates": [ 18.745861, 53.92825 ] } },
{ "type": "Feature", "properties": { "ID": 110482074, "yr": 2021, "dt": "2021-09-07T21:03:53", "WOJ": 22, "sev": 1, "c": [ 255, 255, 0, 160 ], "dmg": 1, "sli": 1, "ser": 0, "fat": 0, "row": 0, "mot": -1, "pie": -1, "uto": -1, "uwr": -1 }, "geometry": { "type": "Point", "coordinates": [ 18.828583, 54.096333 ] } },
{ "type": "Feature", "properties": { "ID": 110482829, "yr": 2021, "dt": "2021-09-07T17:16:12", "WOJ": 22, "sev": 1, "c": [ 255, 255, 0, 160 ], "dmg": 1, "sli": 1, "ser": 0, "fat": 0, "row": -1, "mot": -1, "pie": -1, "uto": -1, "uwr": -1 }, "geometry": { "type": "Point", "coordinates": [ 18.963333, 53.792111 ] } },
{ "type": "Feature", "properties": { "ID": 116735975, "yr": 2021, "dt": "2021-12-22T07:45:28", "WOJ": 22, "sev": 1, "c": [ 255, 255, 0, 160 ], "dmg": 1, "sli": 1, "ser": 0, "fat": 0, "row": -1, "mot": -1, "pie": -1, "uto": -1, "uwr": -1 }, "geometry": { "type": "Point", "coordinates": [ 18.926, 53.738333 ] } },
{ "type": "Feature", "properties": { "ID": 116742020, "yr": 2021, "dt": "2021-12-24T13:05:00", "WOJ": 22, "sev": 1, "c": [ 255, 255, 0, 160 ], "dmg": 1, "sli": 1, "ser": 0, "fat": 0, "row": -1, "mot": -1, "pie": -1, "uto": -1, "uwr": -1 }, "geometry": { "type": "Point", "coordinates": [ 17.599667, 53.718306 ] } },
{ "type": "Feature", "properties": { "ID": 116749314, "yr": 2021, "dt": "2021-12-24T20:35:00", "WOJ": 22, "sev": 1, "c": [ 255, 255, 0, 160 ], "dmg": 2, "sli": 1, "ser": 0, "fat": 0, "row": -1, "mot": -1, "pie": 1, "uto": -1, "uwr": -1 }, "geometry": { "type": "Point", "coordinates": [ 17.037944, 54.465 ] } },
{ "type": "Feature", "properties": { "ID": 116743081, "yr": 2021, "dt": "2021-12-24T11:15:25", "WOJ": 22, "sev": 1, "c": [ 255, 255, 0, 160 ], "dmg": 0, "sli": 2, "ser": 0, "fat": 0, "row": -1, "mot": -1, "pie": -1, "uto": -1, "uwr": -1 }, "geometry": { "type": "Point", "coordinates": [ 18.415806, 54.037972 ] } },
{ "type": "Feature", "properties": { "ID": 116742236, "yr": 2021, "dt": "2021-12-25T17:55:00", "WOJ": 22, "sev": 1, "c": [ 255, 255, 0, 160 ], "dmg": 1, "sli": 1, "ser": 0, "fat": 0, "row": -1, "mot": -1, "pie": 1, "uto": -1, "uwr": -1 }, "geometry": { "type": "Point", "coordinates": [ 17.023722, 54.463889 ] } },
{ "type": "Feature", "properties": { "ID": 116743537, "yr": 2021, "dt": "2021-12-25T09:39:04", "WOJ": 22, "sev": 1, "c": [ 255, 255, 0, 160 ], "dmg": 1, "sli": 2, "ser": 0, "fat": 0, "row": -1, "mot": -1, "pie": -1, "uto": -1, "uwr": -1 }, "geometry": { "type": "Point", "coordinates": [ 18.829111, 54.003972 ] } },
{ "type": "Feature", "properties": { "ID": 116745463, "yr": 2021, "dt": "2021-12-25T22:10:00", "WOJ": 22, "sev": 1, "c": [ 255, 255, 0, 160 ], "dmg": 1, "sli": 1, "ser": 0, "fat": 0, "row": -1, "mot": -1, "pie": -1, "uto": -1, "uwr": -1 }, "geometry": { "type": "Point", "coordinates": [ 18.68554, 54.36979 ] } },
{ "type": "Feature", "properties": { "ID": 116748565, "yr": 2021, "dt": "2021-12-28T16:13:50", "WOJ": 22, "sev": 1, "c": [ 255, 255, 0, 160 ], "dmg": 2, "sli": 1, "ser": 0, "fat": 0, "row": -1, "mot": -1, "pie": -1, "uto": -1, "uwr": -1 }, "geometry": { "type": "Point", "coordinates": [ 18.327361, 54.314528 ] } },
{ "type": "Feature", "properties": { "ID": 116719747, "yr": 2021, "dt": "2021-12-18T16:19:39", "WOJ": 22, "sev": 1, "c": [ 255, 255, 0, 160 ], "dmg": 1, "sli": 1, "ser": 0, "fat": 0, "row": -1, "mot": -1, "pie": 1, "uto": -1, "uwr": -1 }, "geometry": { "type": "Point", "coordinates": [ 17.946472, 54.341472 ] } },
{ "type": "Feature", "properties": { "ID": 116719370, "yr": 2021, "dt": "2021-12-18T08:20:36", "WOJ": 22, "sev": 1, "c": [ 255, 255, 0, 160 ], "dmg": 2, "sli": 1, "ser": 0, "fat": 0, "row": -1, "mot": -1, "pie": -1, "uto": -1, "uwr": -1 }, "geometry": { "type": "Point", "coordinates": [ 18.67125, 54.037694 ] } },
{ "type": "Feature", "properties": { "ID": 116741003, "yr": 2021, "dt": "2021-12-18T16:48:00", "WOJ": 22, "sev": 1, "c": [ 255, 255, 0, 160 ], "dmg": 1, "sli": 1, "ser": 0, "fat": 0, "row": -1, "mot": -1, "pie": 1, "uto": -1, "uwr": -1 }, "geometry": { "type": "Point", "coordinates": [ 18.434583, 54.449444 ] } },
{ "type": "Feature", "properties": { "ID": 116723165, "yr": 2021, "dt": "2021-12-19T00:09:00", "WOJ": 22, "sev": 1, "c": [ 255, 255, 0, 160 ], "dmg": 2, "sli": 1, "ser": 0, "fat": 0, "row": -1, "mot": -1, "pie": -1, "uto": -1, "uwr": -1 }, "geometry": { "type": "Point", "coordinates": [ 18.449778, 54.551611 ] } },
{ "type": "Feature", "properties": { "ID": 116732094, "yr": 2021, "dt": "2021-12-19T14:25:00", "WOJ": 22, "sev": 1, "c": [ 255, 255, 0, 160 ], "dmg": 1, "sli": 1, "ser": 0, "fat": 0, "row": -1, "mot": -1, "pie": -1, "uto": -1, "uwr": -1 }, "geometry": { "type": "Point", "coordinates": [ 18.962556, 53.802694 ] } },
{ "type": "Feature", "properties": { "ID": 116736378, "yr": 2021, "dt": "2021-12-19T02:00:00", "WOJ": 22, "sev": 1, "c": [ 255, 255, 0, 160 ], "dmg": 1, "sli": 1, "ser": 0, "fat": 0, "row": -1, "mot": -1, "pie": -1, "uto": -1, "uwr": -1 }, "geometry": { "type": "Point", "coordinates": [ 17.772778, 54.513056 ] } },
{ "type": "Feature", "properties": { "ID": 109793893, "yr": 2021, "dt": "2021-01-14T17:05:00", "WOJ": 22, "sev": 1, "c": [ 255, 255, 0, 160 ], "dmg": 1, "sli": 1, "ser": 0, "fat": 0, "row": -1, "mot": -1, "pie": -1, "uto": -1, "uwr": -1 }, "geometry": { "type": "Point", "coordinates": [ 18.410972, 53.903639 ] } },
{ "type": "Feature", "properties": { "ID": 109796277, "yr": 2021, "dt": "2021-01-15T17:03:04", "WOJ": 22, "sev": 1, "c": [ 255, 255, 0, 160 ], "dmg": 1, "sli": 1, "ser": 0, "fat": 0, "row": -1, "mot": -1, "pie": 1, "uto": -1, "uwr": -1 }, "geometry": { "type": "Point", "coordinates": [ 18.759083, 54.094667 ] } },
{ "type": "Feature", "properties": { "ID": 116751889, "yr": 2021, "dt": "2021-12-30T08:20:37", "WOJ": 22, "sev": 1, "c": [ 255, 255, 0, 160 ], "dmg": 0, "sli": 1, "ser": 0, "fat": 0, "row": -1, "mot": -1, "pie": -1, "uto": -1, "uwr": -1 }, "geometry": { "type": "Point", "coordinates": [ 19.211889, 54.037778 ] } },
{ "type": "Feature", "properties": { "ID": 116799818, "yr": 2021, "dt": "2021-12-31T12:20:00", "WOJ": 22, "sev": 1, "c": [ 255, 255, 0, 160 ], "dmg": 1, "sli": 1, "ser": 0, "fat": 0, "row": -1, "mot": -1, "pie": -1, "uto": -1, "uwr": -1 }, "geometry": { "type": "Point", "coordinates": [ 18.580556, 54.373611 ] } },
{ "type": "Feature", "properties": { "ID": 116812821, "yr": 2021, "dt": "2021-12-31T06:20:00", "WOJ": 22, "sev": 1, "c": [ 255, 255, 0, 160 ], "dmg": 1, "sli": 1, "ser": 0, "fat": 0, "row": -1, "mot": -1, "pie": 1, "uto": -1, "uwr": -1 }, "geometry": { "type": "Point", "coordinates": [ 18.491111, 54.358333 ] } },
{ "type": "Feature", "properties": { "ID": 109713227, "yr": 2021, "dt": "2021-01-06T10:12:01", "WOJ": 22, "sev": 1, "c": [ 255, 255, 0, 160 ], "dmg": 1, "sli": 1, "ser": 0, "fat": 0, "row": -1, "mot": -1, "pie": -1, "uto": -1, "uwr": -1 }, "geometry": { "type": "Point", "coordinates": [ 18.264167, 53.967556 ] } },
{ "type": "Feature", "properties": { "ID": 110486942, "yr": 2021, "dt": "2021-09-09T15:00:00", "WOJ": 22, "sev": 2, "c": [ 255, 165, 0, 160 ], "dmg": 0, "sli": 0, "ser": 1, "fat": 0, "row": -1, "mot": 2, "pie": -1, "uto": -1, "uwr": -1 }, "geometry": { "type": "Point", "coordinates": [ 16.870972, 54.484083 ] } },
{ "type": "Feature", "properties": { "ID": 110478355, "yr": 2021, "dt": "2021-09-06T14:53:23", "WOJ": 22, "sev": 2, "c": [ 255, 165, 0, 160 ], "dmg": 1, "sli": 0, "ser": 1, "fat": 0, "row": -1, "mot": -1, "pie": 2, "uto": -1, "uwr": -1 }, "geometry": { "type": "Point", "coordinates": [ 19.021889, 54.031417 ] } },
{ "type": "Feature", "properties": { "ID": 110482044, "yr": 2021, "dt": "2021-09-07T15:53:05", "WOJ": 22, "sev": 2, "c": [ 255, 165, 0, 160 ], "dmg": 1, "sli": 0, "ser": 1, "fat": 0, "row": 2, "mot": -1, "pie": -1, "uto": -1, "uwr": -1 }, "geometry": { "type": "Point", "coordinates": [ 18.40375, 54.576972 ] } },
{ "type": "Feature", "properties": { "ID": 110481320, "yr": 2021, "dt": "2021-09-04T18:20:00", "WOJ": 22, "sev": 2, "c": [ 255, 165, 0, 160 ], "dmg": 2, "sli": 3, "ser": 1, "fat": 0, "row": -1, "mot": -1, "pie": -1, "uto": -1, "uwr": -1 }, "geometry": { "type": "Point", "coordinates": [ 18.0925, 54.473222 ] } },
{ "type": "Feature", "properties": { "ID": 110486465, "yr": 2021, "dt": "2021-09-10T11:00:58", "WOJ": 22, "sev": 2, "c": [ 255, 165, 0, 160 ], "dmg": 1, "sli": 0, "ser": 1, "fat": 0, "row": -1, "mot": -1, "pie": -1, "uto": -1, "uwr": -1 }, "geometry": { "type": "Point", "coordinates": [ 17.554556, 53.695472 ] } },
{ "type": "Feature", "properties": { "ID": 110491100, "yr": 2021, "dt": "2021-09-11T07:03:48", "WOJ": 22, "sev": 2, "c": [ 255, 165, 0, 160 ], "dmg": 0, "sli": 0, "ser": 1, "fat": 0, "row": -1, "mot": -1, "pie": -1, "uto": -1, "uwr": -1 }, "geometry": { "type": "Point", "coordinates": [ 17.285833, 53.732361 ] } },
{ "type": "Feature", "properties": { "ID": 116715548, "yr": 2021, "dt": "2021-12-17T09:15:06", "WOJ": 22, "sev": 2, "c": [ 255, 165, 0, 160 ], "dmg": 0, "sli": 1, "ser": 1, "fat": 0, "row": -1, "mot": -1, "pie": -1, "uto": -1, "uwr": -1 }, "geometry": { "type": "Point", "coordinates": [ 17.850472, 54.347417 ] } },
{ "type": "Feature", "properties": { "ID": 109859838, "yr": 2021, "dt": "2021-01-30T14:11:20", "WOJ": 22, "sev": 2, "c": [ 255, 165, 0, 160 ], "dmg": 2, "sli": 1, "ser": 1, "fat": 0, "row": -1, "mot": -1, "pie": -1, "uto": -1, "uwr": -1 }, "geometry": { "type": "Point", "coordinates": [ 18.254389, 54.58375 ] } },
{ "type": "Feature", "properties": { "ID": 109860077, "yr": 2021, "dt": "2021-01-31T07:05:00", "WOJ": 22, "sev": 2, "c": [ 255, 165, 0, 160 ], "dmg": 1, "sli": 0, "ser": 1, "fat": 0, "row": -1, "mot": -1, "pie": 2, "uto": -1, "uwr": -1 }, "geometry": { "type": "Point", "coordinates": [ 18.64175, 54.351611 ] } },
{ "type": "Feature", "properties": { "ID": 109832795, "yr": 2021, "dt": "2021-01-25T05:45:00", "WOJ": 22, "sev": 2, "c": [ 255, 165, 0, 160 ], "dmg": 1, "sli": 0, "ser": 1, "fat": 0, "row": 2, "mot": -1, "pie": -1, "uto": -1, "uwr": -1 }, "geometry": { "type": "Point", "coordinates": [ 16.964861, 54.450889 ] } },
{ "type": "Feature", "properties": { "ID": 109840446, "yr": 2021, "dt": "2021-01-26T17:13:12", "WOJ": 22, "sev": 2, "c": [ 255, 165, 0, 160 ], "dmg": 1, "sli": 0, "ser": 1, "fat": 0, "row": -1, "mot": -1, "pie": 2, "uto": -1, "uwr": -1 }, "geometry": { "type": "Point", "coordinates": [ 18.489889, 54.281917 ] } },
{ "type": "Feature", "properties": { "ID": 109845359, "yr": 2021, "dt": "2021-01-27T14:56:00", "WOJ": 22, "sev": 2, "c": [ 255, 165, 0, 160 ], "dmg": 1, "sli": 1, "ser": 1, "fat": 0, "row": -1, "mot": -1, "pie": -1, "uto": -1, "uwr": -1 }, "geometry": { "type": "Point", "coordinates": [ 18.34646, 54.61941 ] } },
{ "type": "Feature", "properties": { "ID": 109841109, "yr": 2021, "dt": "2021-01-27T13:01:27", "WOJ": 22, "sev": 2, "c": [ 255, 165, 0, 160 ], "dmg": 1, "sli": 2, "ser": 1, "fat": 0, "row": -1, "mot": -1, "pie": -1, "uto": -1, "uwr": -1 }, "geometry": { "type": "Point", "coordinates": [ 18.136917, 54.636194 ] } },
{ "type": "Feature", "properties": { "ID": 110120356, "yr": 2021, "dt": "2021-04-10T12:48:58", "WOJ": 22, "sev": 2, "c": [ 255, 165, 0, 160 ], "dmg": 1, "sli": 1, "ser": 1, "fat": 0, "row": -1, "mot": -1, "pie": -1, "uto": -1, "uwr": -1 }, "geometry": { "type": "Point", "coordinates": [ 18.590778, 54.281972 ] } },
{ "type": "Feature", "properties": { "ID": 110120578, "yr": 2021, "dt": "2021-04-10T17:18:00", "WOJ": 22, "sev": 2, "c": [ 255, 165, 0, 160 ], "dmg": 0, "sli": 0, "ser": 1, "fat": 0, "row": -1, "mot": -1, "pie": -1, "uto": -1, "uwr": -1 }, "geometry": { "type": "Point", "coordinates": [ 17.98625, 54.563889 ] } },
{ "type": "Feature", "properties": { "ID": 110100442, "yr": 2021, "dt": "2021-04-02T13:35:00", "WOJ": 22, "sev": 2, "c": [ 255, 165, 0, 160 ], "dmg": 2, "sli": 0, "ser": 1, "fat": 0, "row": -1, "mot": -1, "pie": 2, "uto": -1, "uwr": -1 }, "geometry": { "type": "Point", "coordinates": [ 18.543167, 54.510667 ] } },
{ "type": "Feature", "properties": { "ID": 110526171, "yr": 2021, "dt": "2021-09-17T19:25:06", "WOJ": 22, "sev": 2, "c": [ 255, 165, 0, 160 ], "dmg": 0, "sli": 0, "ser": 1, "fat": 0, "row": -1, "mot": 2, "pie": -1, "uto": -1, "uwr": -1 }, "geometry": { "type": "Point", "coordinates": [ 17.981944, 54.463917 ] } },
{ "type": "Feature", "properties": { "ID": 109799735, "yr": 2021, "dt": "2021-01-19T12:34:35", "WOJ": 22, "sev": 2, "c": [ 255, 165, 0, 160 ], "dmg": 0, "sli": 2, "ser": 2, "fat": 0, "row": -1, "mot": -1, "pie": -1, "uto": -1, "uwr": -1 }, "geometry": { "type": "Point", "coordinates": [ 17.676583, 53.717333 ] } },
{ "type": "Feature", "properties": { "ID": 116756927, "yr": 2021, "dt": "2021-12-31T08:53:21", "WOJ": 22, "sev": 2, "c": [ 255, 165, 0, 160 ], "dmg": 1, "sli": 2, "ser": 1, "fat": 0, "row": -1, "mot": -1, "pie": -1, "uto": -1, "uwr": -1 }, "geometry": { "type": "Point", "coordinates": [ 18.508389, 53.923861 ] } },
{ "type": "Feature", "properties": { "ID": 116752522, "yr": 2021, "dt": "2021-12-30T16:57:58", "WOJ": 22, "sev": 2, "c": [ 255, 165, 0, 160 ], "dmg": 1, "sli": 0, "ser": 1, "fat": 0, "row": -1, "mot": -1, "pie": 2, "uto": -1, "uwr": -1 }, "geometry": { "type": "Point", "coordinates": [ 18.148972, 54.452944 ] } },
{ "type": "Feature", "properties": { "ID": 109751273, "yr": 2021, "dt": "2021-01-11T19:20:00", "WOJ": 22, "sev": 2, "c": [ 255, 165, 0, 160 ], "dmg": 1, "sli": 0, "ser": 1, "fat": 0, "row": -1, "mot": -1, "pie": 2, "uto": -1, "uwr": -1 }, "geometry": { "type": "Point", "coordinates": [ 18.269528, 54.60125 ] } },
{ "type": "Feature", "properties": { "ID": 109706286, "yr": 2021, "dt": "2021-01-02T02:58:00", "WOJ": 22, "sev": 2, "c": [ 255, 165, 0, 160 ], "dmg": 0, "sli": 0, "ser": 1, "fat": 0, "row": -1, "mot": -1, "pie": -1, "uto": -1, "uwr": -1 }, "geometry": { "type": "Point", "coordinates": [ 18.209111, 54.222472 ] } },
{ "type": "Feature", "properties": { "ID": 109706573, "yr": 2021, "dt": "2021-01-02T17:50:00", "WOJ": 22, "sev": 2, "c": [ 255, 165, 0, 160 ], "dmg": 1, "sli": 0, "ser": 1, "fat": 0, "row": -1, "mot": -1, "pie": 2, "uto": -1, "uwr": -1 }, "geometry": { "type": "Point", "coordinates": [ 18.779694, 54.179889 ] } },
{ "type": "Feature", "properties": { "ID": 110485918, "yr": 2021, "dt": "2021-09-09T11:30:00", "WOJ": 22, "sev": 2, "c": [ 255, 165, 0, 160 ], "dmg": 1, "sli": 0, "ser": 1, "fat": 0, "row": -1, "mot": -1, "pie": -1, "uto": -1, "uwr": -1 }, "geometry": { "type": "Point", "coordinates": [ 17.309306, 54.601833 ] } },
{ "type": "Feature", "properties": { "ID": 109812228, "yr": 2021, "dt": "2021-01-20T16:55:00", "WOJ": 22, "sev": 2, "c": [ 255, 165, 0, 160 ], "dmg": 1, "sli": 0, "ser": 1, "fat": 0, "row": 2, "mot": -1, "pie": -1, "uto": -1, "uwr": -1 }, "geometry": { "type": "Point", "coordinates": [ 17.170889, 54.633583 ] } },
{ "type": "Feature", "properties": { "ID": 109829473, "yr": 2021, "dt": "2021-01-22T12:26:53", "WOJ": 22, "sev": 2, "c": [ 255, 165, 0, 160 ], "dmg": 1, "sli": 0, "ser": 1, "fat": 0, "row": -1, "mot": -1, "pie": 2, "uto": -1, "uwr": -1 }, "geometry": { "type": "Point", "coordinates": [ 18.352, 54.599194 ] } },
{ "type": "Feature", "properties": { "ID": 109828695, "yr": 2021, "dt": "2021-01-22T07:49:20", "WOJ": 22, "sev": 2, "c": [ 255, 165, 0, 160 ], "dmg": 1, "sli": 0, "ser": 1, "fat": 0, "row": -1, "mot": -1, "pie": 2, "uto": -1, "uwr": -1 }, "geometry": { "type": "Point", "coordinates": [ 17.012833, 54.472833 ] } },
{ "type": "Feature", "properties": { "ID": 109787589, "yr": 2021, "dt": "2021-01-13T11:20:00", "WOJ": 22, "sev": 2, "c": [ 255, 165, 0, 160 ], "dmg": 1, "sli": 1, "ser": 1, "fat": 0, "row": -1, "mot": -1, "pie": 2, "uto": -1, "uwr": -1 }, "geometry": { "type": "Point", "coordinates": [ 18.616944, 54.342778 ] } },
{ "type": "Feature", "properties": { "ID": 109786360, "yr": 2021, "dt": "2021-01-13T02:13:49", "WOJ": 22, "sev": 2, "c": [ 255, 165, 0, 160 ], "dmg": 0, "sli": 0, "ser": 1, "fat": 0, "row": -1, "mot": -1, "pie": -1, "uto": -1, "uwr": -1 }, "geometry": { "type": "Point", "coordinates": [ 18.483944, 54.463472 ] } },
{ "type": "Feature", "properties": { "ID": 109710590, "yr": 2021, "dt": "2021-01-05T18:41:20", "WOJ": 22, "sev": 2, "c": [ 255, 165, 0, 160 ], "dmg": 0, "sli": 1, "ser": 1, "fat": 0, "row": -1, "mot": -1, "pie": -1, "uto": -1, "uwr": -1 }, "geometry": { "type": "Point", "coordinates": [ 19.29975, 53.931556 ] } },
{ "type": "Feature", "properties": { "ID": 116758964, "yr": 2021, "dt": "2021-12-31T19:24:53", "WOJ": 22, "sev": 2, "c": [ 255, 165, 0, 160 ], "dmg": 1, "sli": 0, "ser": 1, "fat": 0, "row": -1, "mot": -1, "pie": -1, "uto": -1, "uwr": -1 }, "geometry": { "type": "Point", "coordinates": [ 18.082889, 54.580889 ] } },
{ "type": "Feature", "properties": { "ID": 110486801, "yr": 2021, "dt": "2021-09-09T12:26:07", "WOJ": 22, "sev": 2, "c": [ 255, 165, 0, 160 ], "dmg": 1, "sli": 0, "ser": 1, "fat": 0, "row": -1, "mot": -1, "pie": 2, "uto": -1, "uwr": -1 }, "geometry": { "type": "Point", "coordinates": [ 18.483528, 54.558056 ] } },
{ "type": "Feature", "properties": { "ID": 110438859, "yr": 2021, "dt": "2021-08-23T11:26:44", "WOJ": 22, "sev": 2, "c": [ 255, 165, 0, 160 ], "dmg": 1, "sli": 0, "ser": 1, "fat": 0, "row": -1, "mot": 2, "pie": -1, "uto": -1, "uwr": -1 }, "geometry": { "type": "Point", "coordinates": [ 18.510194, 54.531778 ] } },
{ "type": "Feature", "properties": { "ID": 110444275, "yr": 2021, "dt": "2021-08-20T13:15:00", "WOJ": 22, "sev": 2, "c": [ 255, 165, 0, 160 ], "dmg": 0, "sli": 0, "ser": 2, "fat": 0, "row": -1, "mot": 2, "pie": -1, "uto": -1, "uwr": -1 }, "geometry": { "type": "Point", "coordinates": [ 18.628722, 53.734444 ] } },
{ "type": "Feature", "properties": { "ID": 110428909, "yr": 2021, "dt": "2021-08-21T12:09:00", "WOJ": 22, "sev": 2, "c": [ 255, 165, 0, 160 ], "dmg": 1, "sli": 0, "ser": 1, "fat": 0, "row": -1, "mot": -1, "pie": -1, "uto": -1, "uwr": -1 }, "geometry": { "type": "Point", "coordinates": [ 16.968556, 53.995667 ] } },
{ "type": "Feature", "properties": { "ID": 110429174, "yr": 2021, "dt": "2021-08-21T16:23:35", "WOJ": 22, "sev": 2, "c": [ 255, 165, 0, 160 ], "dmg": 1, "sli": 0, "ser": 1, "fat": 0, "row": -1, "mot": 2, "pie": -1, "uto": -1, "uwr": -1 }, "geometry": { "type": "Point", "coordinates": [ 18.270944, 54.358639 ] } },
{ "type": "Feature", "properties": { "ID": 110429062, "yr": 2021, "dt": "2021-08-21T15:16:05", "WOJ": 22, "sev": 2, "c": [ 255, 165, 0, 160 ], "dmg": 1, "sli": 0, "ser": 1, "fat": 0, "row": 2, "mot": -1, "pie": -1, "uto": -1, "uwr": -1 }, "geometry": { "type": "Point", "coordinates": [ 18.147194, 54.732472 ] } },
{ "type": "Feature", "properties": { "ID": 110412374, "yr": 2021, "dt": "2021-08-18T07:23:08", "WOJ": 22, "sev": 2, "c": [ 255, 165, 0, 160 ], "dmg": 1, "sli": 0, "ser": 1, "fat": 0, "row": -1, "mot": -1, "pie": -1, "uto": -1, "uwr": -1 }, "geometry": { "type": "Point", "coordinates": [ 18.866444, 53.655389 ] } },
{ "type": "Feature", "properties": { "ID": 110437799, "yr": 2021, "dt": "2021-08-18T14:39:00", "WOJ": 22, "sev": 2, "c": [ 255, 165, 0, 160 ], "dmg": 1, "sli": 0, "ser": 1, "fat": 0, "row": -1, "mot": -1, "pie": 2, "uto": -1, "uwr": -1 }, "geometry": { "type": "Point", "coordinates": [ 18.6275, 54.380278 ] } },
{ "type": "Feature", "properties": { "ID": 110533975, "yr": 2021, "dt": "2021-09-21T20:23:33", "WOJ": 22, "sev": 2, "c": [ 255, 165, 0, 160 ], "dmg": 1, "sli": 0, "ser": 1, "fat": 0, "row": -1, "mot": -1, "pie": 2, "uto": -1, "uwr": -1 }, "geometry": { "type": "Point", "coordinates": [ 17.037472, 53.684667 ] } },
{ "type": "Feature", "properties": { "ID": 110534300, "yr": 2021, "dt": "2021-09-22T07:38:13", "WOJ": 22, "sev": 2, "c": [ 255, 165, 0, 160 ], "dmg": 1, "sli": 0, "ser": 1, "fat": 0, "row": -1, "mot": -1, "pie": -1, "uto": -1, "uwr": -1 }, "geometry": { "type": "Point", "coordinates": [ 18.480361, 53.883972 ] } },
{ "type": "Feature", "properties": { "ID": 110536893, "yr": 2021, "dt": "2021-09-22T10:30:00", "WOJ": 22, "sev": 2, "c": [ 255, 165, 0, 160 ], "dmg": 1, "sli": 0, "ser": 1, "fat": 0, "row": 2, "mot": -1, "pie": -1, "uto": -1, "uwr": -1 }, "geometry": { "type": "Point", "coordinates": [ 18.537889, 54.516278 ] } },
{ "type": "Feature", "properties": { "ID": 110464015, "yr": 2021, "dt": "2021-09-01T11:45:00", "WOJ": 22, "sev": 2, "c": [ 255, 165, 0, 160 ], "dmg": 1, "sli": 0, "ser": 1, "fat": 0, "row": -1, "mot": -1, "pie": 2, "uto": -1, "uwr": -1 }, "geometry": { "type": "Point", "coordinates": [ 18.541667, 54.521389 ] } },
{ "type": "Feature", "properties": { "ID": 110447322, "yr": 2021, "dt": "2021-08-27T13:58:02", "WOJ": 22, "sev": 2, "c": [ 255, 165, 0, 160 ], "dmg": 1, "sli": 0, "ser": 1, "fat": 0, "row": -1, "mot": -1, "pie": -1, "uto": -1, "uwr": -1 }, "geometry": { "type": "Point", "coordinates": [ 18.349639, 53.9635 ] } },
{ "type": "Feature", "properties": { "ID": 110461789, "yr": 2021, "dt": "2021-08-27T12:15:00", "WOJ": 22, "sev": 2, "c": [ 255, 165, 0, 160 ], "dmg": 0, "sli": 0, "ser": 1, "fat": 0, "row": -1, "mot": -1, "pie": -1, "uto": -1, "uwr": -1 }, "geometry": { "type": "Point", "coordinates": [ 18.859778, 53.862944 ] } },
{ "type": "Feature", "properties": { "ID": 110454758, "yr": 2021, "dt": "2021-08-29T21:07:00", "WOJ": 22, "sev": 2, "c": [ 255, 165, 0, 160 ], "dmg": 1, "sli": 0, "ser": 2, "fat": 0, "row": -1, "mot": 0, "pie": 2, "uto": -1, "uwr": -1 }, "geometry": { "type": "Point", "coordinates": [ 18.552583, 54.519 ] } },
{ "type": "Feature", "properties": { "ID": 110452165, "yr": 2021, "dt": "2021-08-29T18:03:16", "WOJ": 22, "sev": 2, "c": [ 255, 165, 0, 160 ], "dmg": 2, "sli": 0, "ser": 2, "fat": 0, "row": -1, "mot": -1, "pie": -1, "uto": -1, "uwr": -1 }, "geometry": { "type": "Point", "coordinates": [ 18.937583, 53.601194 ] } },
{ "type": "Feature", "properties": { "ID": 110457971, "yr": 2021, "dt": "2021-08-30T16:58:26", "WOJ": 22, "sev": 2, "c": [ 255, 165, 0, 160 ], "dmg": 1, "sli": 0, "ser": 1, "fat": 0, "row": -1, "mot": -1, "pie": -1, "uto": -1, "uwr": -1 }, "geometry": { "type": "Point", "coordinates": [ 18.225417, 54.605833 ] } },
{ "type": "Feature", "properties": { "ID": 110511789, "yr": 2021, "dt": "2021-09-15T09:04:00", "WOJ": 22, "sev": 2, "c": [ 255, 165, 0, 160 ], "dmg": 1, "sli": 0, "ser": 1, "fat": 0, "row": -1, "mot": -1, "pie": -1, "uto": -1, "uwr": -1 }, "geometry": { "type": "Point", "coordinates": [ 18.613222, 54.387917 ] } },
{ "type": "Feature", "properties": { "ID": 110511949, "yr": 2021, "dt": "2021-09-15T14:42:11", "WOJ": 22, "sev": 2, "c": [ 255, 165, 0, 160 ], "dmg": 2, "sli": 1, "ser": 1, "fat": 0, "row": -1, "mot": -1, "pie": 2, "uto": -1, "uwr": -1 }, "geometry": { "type": "Point", "coordinates": [ 18.635694, 54.021972 ] } },
{ "type": "Feature", "properties": { "ID": 110415773, "yr": 2021, "dt": "2021-08-19T08:10:48", "WOJ": 22, "sev": 2, "c": [ 255, 165, 0, 160 ], "dmg": 1, "sli": 0, "ser": 1, "fat": 0, "row": -1, "mot": -1, "pie": 2, "uto": -1, "uwr": -1 }, "geometry": { "type": "Point", "coordinates": [ 18.342056, 54.323417 ] } },
{ "type": "Feature", "properties": { "ID": 110415283, "yr": 2021, "dt": "2021-08-19T11:05:00", "WOJ": 22, "sev": 2, "c": [ 255, 165, 0, 160 ], "dmg": 2, "sli": 0, "ser": 1, "fat": 0, "row": -1, "mot": -1, "pie": -1, "uto": -1, "uwr": -1 }, "geometry": { "type": "Point", "coordinates": [ 17.965306, 53.800028 ] } },
{ "type": "Feature", "properties": { "ID": 110415735, "yr": 2021, "dt": "2021-08-19T22:37:50", "WOJ": 22, "sev": 2, "c": [ 255, 165, 0, 160 ], "dmg": 2, "sli": 0, "ser": 1, "fat": 0, "row": -1, "mot": -1, "pie": -1, "uto": -1, "uwr": -1 }, "geometry": { "type": "Point", "coordinates": [ 18.554472, 54.249389 ] } },
{ "type": "Feature", "properties": { "ID": 110408222, "yr": 2021, "dt": "2021-08-15T15:27:35", "WOJ": 22, "sev": 2, "c": [ 255, 165, 0, 160 ], "dmg": 0, "sli": 1, "ser": 3, "fat": 0, "row": -1, "mot": -1, "pie": -1, "uto": -1, "uwr": -1 }, "geometry": { "type": "Point", "coordinates": [ 18.616194, 54.208556 ] } },
{ "type": "Feature", "properties": { "ID": 110409970, "yr": 2021, "dt": "2021-08-16T08:00:00", "WOJ": 22, "sev": 2, "c": [ 255, 165, 0, 160 ], "dmg": 1, "sli": 0, "ser": 1, "fat": 0, "row": -1, "mot": -1, "pie": -1, "uto": -1, "uwr": -1 }, "geometry": { "type": "Point", "coordinates": [ 17.625194, 54.146556 ] } },
{ "type": "Feature", "properties": { "ID": 110410329, "yr": 2021, "dt": "2021-08-16T16:10:00", "WOJ": 22, "sev": 2, "c": [ 255, 165, 0, 160 ], "dmg": 1, "sli": 0, "ser": 1, "fat": 0, "row": -1, "mot": -1, "pie": -1, "uto": -1, "uwr": -1 }, "geometry": { "type": "Point", "coordinates": [ 18.387361, 54.511389 ] } },
{ "type": "Feature", "properties": { "ID": 110411362, "yr": 2021, "dt": "2021-08-17T16:06:14", "WOJ": 22, "sev": 2, "c": [ 255, 165, 0, 160 ], "dmg": 1, "sli": 0, "ser": 1, "fat": 0, "row": 2, "mot": -1, "pie": -1, "uto": -1, "uwr": -1 }, "geometry": { "type": "Point", "coordinates": [ 17.857167, 54.291889 ] } },
{ "type": "Feature", "properties": { "ID": 110538751, "yr": 2021, "dt": "2021-09-24T17:32:45", "WOJ": 22, "sev": 2, "c": [ 255, 165, 0, 160 ], "dmg": 1, "sli": 0, "ser": 1, "fat": 0, "row": -1, "mot": -1, "pie": -1, "uto": -1, "uwr": -1 }, "geometry": { "type": "Point", "coordinates": [ 18.657167, 54.267889 ] } },
{ "type": "Feature", "properties": { "ID": 110570960, "yr": 2021, "dt": "2021-09-27T06:50:39", "WOJ": 22, "sev": 2, "c": [ 255, 165, 0, 160 ], "dmg": 0, "sli": 0, "ser": 1, "fat": 0, "row": -1, "mot": -1, "pie": -1, "uto": -1, "uwr": -1 }, "geometry": { "type": "Point", "coordinates": [ 18.3685, 54.581806 ] } },
{ "type": "Feature", "properties": { "ID": 110529633, "yr": 2021, "dt": "2021-09-20T14:55:00", "WOJ": 22, "sev": 2, "c": [ 255, 165, 0, 160 ], "dmg": 1, "sli": 1, "ser": 1, "fat": 0, "row": -1, "mot": 1, "pie": 2, "uto": -1, "uwr": -1 }, "geometry": { "type": "Point", "coordinates": [ 18.530167, 54.543056 ] } },
{ "type": "Feature", "properties": { "ID": 110407883, "yr": 2021, "dt": "2021-08-14T13:50:00", "WOJ": 22, "sev": 2, "c": [ 255, 165, 0, 160 ], "dmg": 3, "sli": 0, "ser": 1, "fat": 0, "row": -1, "mot": -1, "pie": -1, "uto": -1, "uwr": -1 }, "geometry": { "type": "Point", "coordinates": [ 17.605278, 53.692222 ] } },
{ "type": "Feature", "properties": { "ID": 110530671, "yr": 2021, "dt": "2021-09-18T13:30:00", "WOJ": 22, "sev": 2, "c": [ 255, 165, 0, 160 ], "dmg": 2, "sli": 0, "ser": 1, "fat": 0, "row": -1, "mot": -1, "pie": -1, "uto": -1, "uwr": -1 }, "geometry": { "type": "Point", "coordinates": [ 18.486667, 54.4675 ] } },
{ "type": "Feature", "properties": { "ID": 110534581, "yr": 2021, "dt": "2021-09-19T13:35:00", "WOJ": 22, "sev": 2, "c": [ 255, 165, 0, 160 ], "dmg": 0, "sli": 0, "ser": 1, "fat": 0, "row": -1, "mot": 2, "pie": -1, "uto": -1, "uwr": -1 }, "geometry": { "type": "Point", "coordinates": [ 18.493667, 53.835306 ] } },
{ "type": "Feature", "properties": { "ID": 110494111, "yr": 2021, "dt": "2021-09-12T19:19:45", "WOJ": 22, "sev": 2, "c": [ 255, 165, 0, 160 ], "dmg": 1, "sli": 0, "ser": 1, "fat": 0, "row": -1, "mot": 2, "pie": -1, "uto": -1, "uwr": -1 }, "geometry": { "type": "Point", "coordinates": [ 17.991444, 54.284306 ] } },
{ "type": "Feature", "properties": { "ID": 110367071, "yr": 2021, "dt": "2021-08-06T17:59:31", "WOJ": 22, "sev": 2, "c": [ 255, 165, 0, 160 ], "dmg": 3, "sli": 0, "ser": 1, "fat": 0, "row": -1, "mot": -1, "pie": -1, "uto": -1, "uwr": -1 }, "geometry": { "type": "Point", "coordinates": [ 18.222694, 54.607667 ] } },
{ "type": "Feature", "properties": { "ID": 110365956, "yr": 2021, "dt": "2021-08-06T17:05:00", "WOJ": 22, "sev": 2, "c": [ 255, 165, 0, 160 ], "dmg": 6, "sli": 0, "ser": 1, "fat": 0, "row": -1, "mot": -1, "pie": -1, "uto": -1, "uwr": -1 }, "geometry": { "type": "Point", "coordinates": [ 18.581389, 54.393806 ] } },
{ "type": "Feature", "properties": { "ID": 110365937, "yr": 2021, "dt": "2021-08-06T14:30:00", "WOJ": 22, "sev": 2, "c": [ 255, 165, 0, 160 ], "dmg": 1, "sli": 2, "ser": 1, "fat": 0, "row": -1, "mot": -1, "pie": -1, "uto": -1, "uwr": -1 }, "geometry": { "type": "Point", "coordinates": [ 18.480556, 54.370306 ] } },
{ "type": "Feature", "properties": { "ID": 110401079, "yr": 2021, "dt": "2021-08-11T19:33:58", "WOJ": 22, "sev": 2, "c": [ 255, 165, 0, 160 ], "dmg": 1, "sli": 0, "ser": 1, "fat": 0, "row": -1, "mot": 2, "pie": -1, "uto": -1, "uwr": -1 }, "geometry": { "type": "Point", "coordinates": [ 18.164472, 54.440583 ] } },
{ "type": "Feature", "properties": { "ID": 110380861, "yr": 2021, "dt": "2021-08-11T07:30:36", "WOJ": 22, "sev": 2, "c": [ 255, 165, 0, 160 ], "dmg": 1, "sli": 0, "ser": 1, "fat": 0, "row": -1, "mot": -1, "pie": -1, "uto": -1, "uwr": -1 }, "geometry": { "type": "Point", "coordinates": [ 17.234694, 53.6255 ] } },
{ "type": "Feature", "properties": { "ID": 110402910, "yr": 2021, "dt": "2021-08-12T19:25:42", "WOJ": 22, "sev": 2, "c": [ 255, 165, 0, 160 ], "dmg": 1, "sli": 0, "ser": 1, "fat": 0, "row": -1, "mot": -1, "pie": 2, "uto": -1, "uwr": -1 }, "geometry": { "type": "Point", "coordinates": [ 18.203806, 54.603528 ] } },
{ "type": "Feature", "properties": { "ID": 110401350, "yr": 2021, "dt": "2021-08-12T09:31:52", "WOJ": 22, "sev": 2, "c": [ 255, 165, 0, 160 ], "dmg": 1, "sli": 0, "ser": 1, "fat": 0, "row": -1, "mot": -1, "pie": -1, "uto": -1, "uwr": -1 }, "geometry": { "type": "Point", "coordinates": [ 18.641389, 53.934444 ] } },
{ "type": "Feature", "properties": { "ID": 110401247, "yr": 2021, "dt": "2021-08-12T08:53:00", "WOJ": 22, "sev": 2, "c": [ 255, 165, 0, 160 ], "dmg": 2, "sli": 0, "ser": 1, "fat": 0, "row": -1, "mot": -1, "pie": -1, "uto": -1, "uwr": -1 }, "geometry": { "type": "Point", "coordinates": [ 18.538361, 54.516167 ] } },
{ "type": "Feature", "properties": { "ID": 110379048, "yr": 2021, "dt": "2021-08-10T18:05:00", "WOJ": 22, "sev": 2, "c": [ 255, 165, 0, 160 ], "dmg": 0, "sli": 1, "ser": 1, "fat": 0, "row": 2, "mot": -1, "pie": -1, "uto": -1, "uwr": -1 }, "geometry": { "type": "Point", "coordinates": [ 18.526667, 54.521139 ] } },
{ "type": "Feature", "properties": { "ID": 110402185, "yr": 2021, "dt": "2021-08-10T14:10:00", "WOJ": 22, "sev": 2, "c": [ 255, 165, 0, 160 ], "dmg": 1, "sli": 0, "ser": 1, "fat": 0, "row": -1, "mot": 2, "pie": -1, "uto": -1, "uwr": -1 }, "geometry": { "type": "Point", "coordinates": [ 17.819444, 53.735278 ] } },
{ "type": "Feature", "properties": { "ID": 110375796, "yr": 2021, "dt": "2021-08-10T06:20:00", "WOJ": 22, "sev": 2, "c": [ 255, 165, 0, 160 ], "dmg": 1, "sli": 0, "ser": 1, "fat": 0, "row": -1, "mot": 2, "pie": -1, "uto": -1, "uwr": -1 }, "geometry": { "type": "Point", "coordinates": [ 16.980917, 54.454111 ] } },
{ "type": "Feature", "properties": { "ID": 110383769, "yr": 2021, "dt": "2021-08-11T08:35:00", "WOJ": 22, "sev": 2, "c": [ 255, 165, 0, 160 ], "dmg": 1, "sli": 0, "ser": 1, "fat": 0, "row": 2, "mot": -1, "pie": -1, "uto": -1, "uwr": -1 }, "geometry": { "type": "Point", "coordinates": [ 18.618, 54.349083 ] } },
{ "type": "Feature", "properties": { "ID": 110382768, "yr": 2021, "dt": "2021-08-11T11:17:34", "WOJ": 22, "sev": 2, "c": [ 255, 165, 0, 160 ], "dmg": 0, "sli": 0, "ser": 1, "fat": 0, "row": -1, "mot": -1, "pie": -1, "uto": -1, "uwr": -1 }, "geometry": { "type": "Point", "coordinates": [ 18.925389, 53.78325 ] } },
{ "type": "Feature", "properties": { "ID": 110367612, "yr": 2021, "dt": "2021-08-07T16:00:00", "WOJ": 22, "sev": 2, "c": [ 255, 165, 0, 160 ], "dmg": 1, "sli": 0, "ser": 1, "fat": 0, "row": -1, "mot": 0, "pie": 2, "uto": -1, "uwr": -1 }, "geometry": { "type": "Point", "coordinates": [ 18.513361, 53.963111 ] } },
{ "type": "Feature", "properties": { "ID": 110943073, "yr": 2021, "dt": "2021-09-29T17:30:00", "WOJ": 22, "sev": 2, "c": [ 255, 165, 0, 160 ], "dmg": 1, "sli": 0, "ser": 1, "fat": 0, "row": -1, "mot": -1, "pie": -1, "uto": -1, "uwr": -1 }, "geometry": { "type": "Point", "coordinates": [ 18.60875, 54.3775 ] } },
{ "type": "Feature", "properties": { "ID": 110534314, "yr": 2021, "dt": "2021-09-22T07:50:00", "WOJ": 22, "sev": 2, "c": [ 255, 165, 0, 160 ], "dmg": 1, "sli": 0, "ser": 1, "fat": 0, "row": -1, "mot": -1, "pie": 2, "uto": -1, "uwr": -1 }, "geometry": { "type": "Point", "coordinates": [ 18.654833, 54.403194 ] } },
{ "type": "Feature", "properties": { "ID": 109869974, "yr": 2021, "dt": "2021-02-05T08:10:00", "WOJ": 22, "sev": 2, "c": [ 255, 165, 0, 160 ], "dmg": 2, "sli": 0, "ser": 1, "fat": 0, "row": -1, "mot": -1, "pie": -1, "uto": -1, "uwr": -1 }, "geometry": { "type": "Point", "coordinates": [ 19.10075, 53.858028 ] } },
{ "type": "Feature", "properties": { "ID": 109874936, "yr": 2021, "dt": "2021-02-08T12:20:00", "WOJ": 22, "sev": 2, "c": [ 255, 165, 0, 160 ], "dmg": 1, "sli": 0, "ser": 1, "fat": 0, "row": -1, "mot": -1, "pie": 2, "uto": -1, "uwr": -1 }, "geometry": { "type": "Point", "coordinates": [ 17.054722, 54.460306 ] } },
{ "type": "Feature", "properties": { "ID": 109856199, "yr": 2021, "dt": "2021-01-28T21:08:17", "WOJ": 22, "sev": 2, "c": [ 255, 165, 0, 160 ], "dmg": 1, "sli": 0, "ser": 1, "fat": 0, "row": -1, "mot": -1, "pie": 2, "uto": -1, "uwr": -1 }, "geometry": { "type": "Point", "coordinates": [ 18.2525, 54.603889 ] } },
{ "type": "Feature", "properties": { "ID": 109859242, "yr": 2021, "dt": "2021-01-29T20:58:00", "WOJ": 22, "sev": 2, "c": [ 255, 165, 0, 160 ], "dmg": 0, "sli": 0, "ser": 1, "fat": 0, "row": -1, "mot": -1, "pie": -1, "uto": -1, "uwr": -1 }, "geometry": { "type": "Point", "coordinates": [ 18.022806, 54.673778 ] } },
{ "type": "Feature", "properties": { "ID": 116731034, "yr": 2021, "dt": "2021-12-20T06:44:50", "WOJ": 22, "sev": 2, "c": [ 255, 165, 0, 160 ], "dmg": 1, "sli": 0, "ser": 1, "fat": 0, "row": -1, "mot": -1, "pie": 2, "uto": -1, "uwr": -1 }, "geometry": { "type": "Point", "coordinates": [ 18.470556, 54.270417 ] } },
{ "type": "Feature", "properties": { "ID": 116715572, "yr": 2021, "dt": "2021-12-17T12:20:00", "WOJ": 22, "sev": 2, "c": [ 255, 165, 0, 160 ], "dmg": 1, "sli": 0, "ser": 1, "fat": 0, "row": -1, "mot": -1, "pie": 2, "uto": -1, "uwr": -1 }, "geometry": { "type": "Point", "coordinates": [ 17.018556, 54.468944 ] } },
{ "type": "Feature", "properties": { "ID": 114848819, "yr": 2021, "dt": "2021-12-09T12:12:00", "WOJ": 22, "sev": 2, "c": [ 255, 165, 0, 160 ], "dmg": 1, "sli": 0, "ser": 1, "fat": 0, "row": -1, "mot": -1, "pie": 2, "uto": -1, "uwr": -1 }, "geometry": { "type": "Point", "coordinates": [ 18.461167, 54.542417 ] } },
{ "type": "Feature", "properties": { "ID": 115219820, "yr": 2021, "dt": "2021-12-10T18:10:00", "WOJ": 22, "sev": 2, "c": [ 255, 165, 0, 160 ], "dmg": 1, "sli": 0, "ser": 1, "fat": 0, "row": -1, "mot": -1, "pie": 2, "uto": -1, "uwr": -1 }, "geometry": { "type": "Point", "coordinates": [ 17.880417, 53.776139 ] } },
{ "type": "Feature", "properties": { "ID": 110336668, "yr": 2021, "dt": "2021-02-27T18:00:00", "WOJ": 22, "sev": 2, "c": [ 255, 165, 0, 160 ], "dmg": 1, "sli": 0, "ser": 1, "fat": 0, "row": -1, "mot": -1, "pie": 2, "uto": -1, "uwr": -1 }, "geometry": { "type": "Point", "coordinates": [ 19.204667, 53.754083 ] } },
{ "type": "Feature", "properties": { "ID": 109960501, "yr": 2021, "dt": "2021-02-28T17:20:00", "WOJ": 22, "sev": 2, "c": [ 255, 165, 0, 160 ], "dmg": 0, "sli": 0, "ser": 2, "fat": 0, "row": -1, "mot": -1, "pie": -1, "uto": -1, "uwr": -1 }, "geometry": { "type": "Point", "coordinates": [ 17.484694, 54.484972 ] } },
{ "type": "Feature", "properties": { "ID": 109958639, "yr": 2021, "dt": "2021-02-28T03:07:00", "WOJ": 22, "sev": 2, "c": [ 255, 165, 0, 160 ], "dmg": 0, "sli": 0, "ser": 1, "fat": 0, "row": -1, "mot": -1, "pie": -1, "uto": -1, "uwr": -1 }, "geometry": { "type": "Point", "coordinates": [ 18.166694, 54.617889 ] } },
{ "type": "Feature", "properties": { "ID": 109939400, "yr": 2021, "dt": "2021-02-20T06:45:53", "WOJ": 22, "sev": 2, "c": [ 255, 165, 0, 160 ], "dmg": 0, "sli": 0, "ser": 1, "fat": 0, "row": -1, "mot": -1, "pie": -1, "uto": -1, "uwr": -1 }, "geometry": { "type": "Point", "coordinates": [ 17.690722, 54.210278 ] } },
{ "type": "Feature", "properties": { "ID": 109942275, "yr": 2021, "dt": "2021-02-21T17:40:00", "WOJ": 22, "sev": 2, "c": [ 255, 165, 0, 160 ], "dmg": 1, "sli": 1, "ser": 1, "fat": 0, "row": -1, "mot": -1, "pie": -1, "uto": -1, "uwr": -1 }, "geometry": { "type": "Point", "coordinates": [ 18.538639, 54.374694 ] } },
{ "type": "Feature", "properties": { "ID": 110360573, "yr": 2021, "dt": "2021-08-05T14:00:00", "WOJ": 22, "sev": 2, "c": [ 255, 165, 0, 160 ], "dmg": 1, "sli": 0, "ser": 1, "fat": 0, "row": -1, "mot": 2, "pie": -1, "uto": -1, "uwr": -1 }, "geometry": { "type": "Point", "coordinates": [ 18.458889, 54.549694 ] } },
{ "type": "Feature", "properties": { "ID": 110362512, "yr": 2021, "dt": "2021-08-05T17:55:12", "WOJ": 22, "sev": 2, "c": [ 255, 165, 0, 160 ], "dmg": 0, "sli": 0, "ser": 1, "fat": 0, "row": -1, "mot": 2, "pie": -1, "uto": -1, "uwr": -1 }, "geometry": { "type": "Point", "coordinates": [ 18.202583, 54.519583 ] } },
{ "type": "Feature", "properties": { "ID": 110377994, "yr": 2021, "dt": "2021-08-06T14:20:00", "WOJ": 22, "sev": 2, "c": [ 255, 165, 0, 160 ], "dmg": 1, "sli": 0, "ser": 1, "fat": 0, "row": 2, "mot": -1, "pie": -1, "uto": -1, "uwr": -1 }, "geometry": { "type": "Point", "coordinates": [ 17.367639, 53.673139 ] } },
{ "type": "Feature", "properties": { "ID": 110361173, "yr": 2021, "dt": "2021-08-04T18:02:54", "WOJ": 22, "sev": 2, "c": [ 255, 165, 0, 160 ], "dmg": 1, "sli": 0, "ser": 1, "fat": 0, "row": -1, "mot": 2, "pie": -1, "uto": -1, "uwr": -1 }, "geometry": { "type": "Point", "coordinates": [ 18.248306, 54.609306 ] } },
{ "type": "Feature", "properties": { "ID": 110350779, "yr": 2021, "dt": "2021-07-30T14:20:00", "WOJ": 22, "sev": 2, "c": [ 255, 165, 0, 160 ], "dmg": 0, "sli": 2, "ser": 1, "fat": 0, "row": -1, "mot": -1, "pie": -1, "uto": -1, "uwr": -1 }, "geometry": { "type": "Point", "coordinates": [ 16.916917, 54.501056 ] } },
{ "type": "Feature", "properties": { "ID": 110349094, "yr": 2021, "dt": "2021-07-30T14:04:00", "WOJ": 22, "sev": 2, "c": [ 255, 165, 0, 160 ], "dmg": 1, "sli": 0, "ser": 1, "fat": 0, "row": -1, "mot": -1, "pie": 2, "uto": -1, "uwr": -1 }, "geometry": { "type": "Point", "coordinates": [ 18.587917, 54.358778 ] } },
{ "type": "Feature", "properties": { "ID": 110358789, "yr": 2021, "dt": "2021-07-31T17:05:00", "WOJ": 22, "sev": 2, "c": [ 255, 165, 0, 160 ], "dmg": 4, "sli": 0, "ser": 1, "fat": 0, "row": -1, "mot": -1, "pie": -1, "uto": -1, "uwr": -1 }, "geometry": { "type": "Point", "coordinates": [ 18.318472, 54.604694 ] } },
{ "type": "Feature", "properties": { "ID": 110351427, "yr": 2021, "dt": "2021-07-31T11:10:00", "WOJ": 22, "sev": 2, "c": [ 255, 165, 0, 160 ], "dmg": 1, "sli": 1, "ser": 2, "fat": 0, "row": -1, "mot": -1, "pie": -1, "uto": -1, "uwr": -1 }, "geometry": { "type": "Point", "coordinates": [ 18.471861, 54.351583 ] } },
{ "type": "Feature", "properties": { "ID": 110353268, "yr": 2021, "dt": "2021-08-01T18:28:08", "WOJ": 22, "sev": 2, "c": [ 255, 165, 0, 160 ], "dmg": 1, "sli": 0, "ser": 1, "fat": 0, "row": -1, "mot": -1, "pie": -1, "uto": -1, "uwr": -1 }, "geometry": { "type": "Point", "coordinates": [ 17.980444, 54.570111 ] } },
{ "type": "Feature", "properties": { "ID": 110347855, "yr": 2021, "dt": "2021-07-28T18:00:00", "WOJ": 22, "sev": 2, "c": [ 255, 165, 0, 160 ], "dmg": 1, "sli": 0, "ser": 1, "fat": 0, "row": -1, "mot": 0, "pie": 2, "uto": -1, "uwr": -1 }, "geometry": { "type": "Point", "coordinates": [ 18.461306, 54.475889 ] } },
{ "type": "Feature", "properties": { "ID": 110347755, "yr": 2021, "dt": "2021-07-28T15:15:41", "WOJ": 22, "sev": 2, "c": [ 255, 165, 0, 160 ], "dmg": 2, "sli": 4, "ser": 1, "fat": 0, "row": -1, "mot": -1, "pie": -1, "uto": -1, "uwr": -1 }, "geometry": { "type": "Point", "coordinates": [ 18.542194, 54.120944 ] } },
{ "type": "Feature", "properties": { "ID": 111673805, "yr": 2021, "dt": "2021-10-05T18:45:39", "WOJ": 22, "sev": 2, "c": [ 255, 165, 0, 160 ], "dmg": 1, "sli": 0, "ser": 1, "fat": 0, "row": 2, "mot": -1, "pie": -1, "uto": -1, "uwr": -1 }, "geometry": { "type": "Point", "coordinates": [ 18.346167, 54.610611 ] } },
{ "type": "Feature", "properties": { "ID": 110539852, "yr": 2021, "dt": "2021-09-24T10:38:50", "WOJ": 22, "sev": 2, "c": [ 255, 165, 0, 160 ], "dmg": 1, "sli": 0, "ser": 1, "fat": 0, "row": 2, "mot": -1, "pie": -1, "uto": -1, "uwr": -1 }, "geometry": { "type": "Point", "coordinates": [ 18.387111, 54.582028 ] } },
{ "type": "Feature", "properties": { "ID": 110377513, "yr": 2021, "dt": "2021-08-07T21:08:00", "WOJ": 22, "sev": 2, "c": [ 255, 165, 0, 160 ], "dmg": 1, "sli": 0, "ser": 1, "fat": 0, "row": -1, "mot": -1, "pie": -1, "uto": -1, "uwr": -1 }, "geometry": { "type": "Point", "coordinates": [ 16.871611, 54.077306 ] } },
{ "type": "Feature", "properties": { "ID": 110367746, "yr": 2021, "dt": "2021-08-07T20:52:45", "WOJ": 22, "sev": 2, "c": [ 255, 165, 0, 160 ], "dmg": 1, "sli": 0, "ser": 1, "fat": 0, "row": -1, "mot": 2, "pie": -1, "uto": -1, "uwr": -1 }, "geometry": { "type": "Point", "coordinates": [ 18.534694, 54.507972 ] } },
{ "type": "Feature", "properties": { "ID": 110372820, "yr": 2021, "dt": "2021-08-08T13:29:52", "WOJ": 22, "sev": 2, "c": [ 255, 165, 0, 160 ], "dmg": 1, "sli": 0, "ser": 1, "fat": 0, "row": -1, "mot": -1, "pie": -1, "uto": -1, "uwr": -1 }, "geometry": { "type": "Point", "coordinates": [ 18.222917, 54.607972 ] } },
{ "type": "Feature", "properties": { "ID": 110371213, "yr": 2021, "dt": "2021-08-08T20:17:27", "WOJ": 22, "sev": 2, "c": [ 255, 165, 0, 160 ], "dmg": 1, "sli": 0, "ser": 1, "fat": 0, "row": -1, "mot": -1, "pie": -1, "uto": -1, "uwr": -1 }, "geometry": { "type": "Point", "coordinates": [ 18.270889, 54.602667 ] } },
{ "type": "Feature", "properties": { "ID": 110372919, "yr": 2021, "dt": "2021-08-09T05:46:41", "WOJ": 22, "sev": 2, "c": [ 255, 165, 0, 160 ], "dmg": 0, "sli": 0, "ser": 1, "fat": 0, "row": -1, "mot": -1, "pie": -1, "uto": -1, "uwr": -1 }, "geometry": { "type": "Point", "coordinates": [ 18.665944, 54.200167 ] } },
{ "type": "Feature", "properties": { "ID": 109886427, "yr": 2021, "dt": "2021-02-12T13:30:00", "WOJ": 22, "sev": 2, "c": [ 255, 165, 0, 160 ], "dmg": 1, "sli": 0, "ser": 1, "fat": 0, "row": -1, "mot": -1, "pie": 2, "uto": -1, "uwr": -1 }, "geometry": { "type": "Point", "coordinates": [ 17.041389, 54.477472 ] } },
{ "type": "Feature", "properties": { "ID": 110350161, "yr": 2021, "dt": "2021-07-30T08:30:00", "WOJ": 22, "sev": 2, "c": [ 255, 165, 0, 160 ], "dmg": 1, "sli": 0, "ser": 1, "fat": 0, "row": 2, "mot": -1, "pie": -1, "uto": -1, "uwr": -1 }, "geometry": { "type": "Point", "coordinates": [ 18.536778, 54.482861 ] } },
{ "type": "Feature", "properties": { "ID": 110342382, "yr": 2021, "dt": "2021-07-25T21:20:51", "WOJ": 22, "sev": 2, "c": [ 255, 165, 0, 160 ], "dmg": 1, "sli": 0, "ser": 1, "fat": 0, "row": -1, "mot": 0, "pie": 2, "uto": -1, "uwr": -1 }, "geometry": { "type": "Point", "coordinates": [ 17.913889, 53.783722 ] } },
{ "type": "Feature", "properties": { "ID": 110344811, "yr": 2021, "dt": "2021-07-26T21:00:00", "WOJ": 22, "sev": 2, "c": [ 255, 165, 0, 160 ], "dmg": 0, "sli": 0, "ser": 2, "fat": 0, "row": -1, "mot": -1, "pie": -1, "uto": -1, "uwr": -1 }, "geometry": { "type": "Point", "coordinates": [ 17.063639, 54.481944 ] } },
{ "type": "Feature", "properties": { "ID": 110340188, "yr": 2021, "dt": "2021-07-23T10:33:44", "WOJ": 22, "sev": 2, "c": [ 255, 165, 0, 160 ], "dmg": 1, "sli": 0, "ser": 1, "fat": 0, "row": -1, "mot": -1, "pie": 2, "uto": -1, "uwr": -1 }, "geometry": { "type": "Point", "coordinates": [ 18.239278, 54.603417 ] } },
{ "type": "Feature", "properties": { "ID": 110356691, "yr": 2021, "dt": "2021-07-24T11:55:00", "WOJ": 22, "sev": 2, "c": [ 255, 165, 0, 160 ], "dmg": 1, "sli": 0, "ser": 3, "fat": 0, "row": -1, "mot": -1, "pie": -1, "uto": -1, "uwr": -1 }, "geometry": { "type": "Point", "coordinates": [ 17.493, 54.153778 ] } },
{ "type": "Feature", "properties": { "ID": 110345147, "yr": 2021, "dt": "2021-07-24T20:35:00", "WOJ": 22, "sev": 2, "c": [ 255, 165, 0, 160 ], "dmg": 1, "sli": 0, "ser": 1, "fat": 0, "row": -1, "mot": 2, "pie": -1, "uto": -1, "uwr": -1 }, "geometry": { "type": "Point", "coordinates": [ 17.686028, 53.718306 ] } },
{ "type": "Feature", "properties": { "ID": 110338892, "yr": 2021, "dt": "2021-07-21T07:15:00", "WOJ": 22, "sev": 2, "c": [ 255, 165, 0, 160 ], "dmg": 2, "sli": 0, "ser": 1, "fat": 0, "row": 2, "mot": -1, "pie": -1, "uto": -1, "uwr": -1 }, "geometry": { "type": "Point", "coordinates": [ 18.553361, 54.474861 ] } },
{ "type": "Feature", "properties": { "ID": 110338075, "yr": 2021, "dt": "2021-07-21T12:20:30", "WOJ": 22, "sev": 2, "c": [ 255, 165, 0, 160 ], "dmg": 1, "sli": 0, "ser": 1, "fat": 0, "row": 2, "mot": -1, "pie": -1, "uto": -1, "uwr": -1 }, "geometry": { "type": "Point", "coordinates": [ 18.494556, 54.531639 ] } },
{ "type": "Feature", "properties": { "ID": 110340018, "yr": 2021, "dt": "2021-07-22T21:45:43", "WOJ": 22, "sev": 2, "c": [ 255, 165, 0, 160 ], "dmg": 0, "sli": 0, "ser": 1, "fat": 0, "row": -1, "mot": 2, "pie": -1, "uto": -1, "uwr": -1 }, "geometry": { "type": "Point", "coordinates": [ 18.268833, 54.609639 ] } },
{ "type": "Feature", "properties": { "ID": 110331900, "yr": 2021, "dt": "2021-07-18T21:22:34", "WOJ": 22, "sev": 2, "c": [ 255, 165, 0, 160 ], "dmg": 1, "sli": 0, "ser": 1, "fat": 0, "row": -1, "mot": 2, "pie": -1, "uto": -1, "uwr": -1 }, "geometry": { "type": "Point", "coordinates": [ 18.233194, 54.606139 ] } },
{ "type": "Feature", "properties": { "ID": 110331633, "yr": 2021, "dt": "2021-07-18T10:38:49", "WOJ": 22, "sev": 2, "c": [ 255, 165, 0, 160 ], "dmg": 0, "sli": 0, "ser": 1, "fat": 0, "row": -1, "mot": -1, "pie": -1, "uto": -1, "uwr": -1 }, "geometry": { "type": "Point", "coordinates": [ 18.431, 54.140472 ] } },
{ "type": "Feature", "properties": { "ID": 111222910, "yr": 2021, "dt": "2021-10-01T15:12:57", "WOJ": 22, "sev": 2, "c": [ 255, 165, 0, 160 ], "dmg": 1, "sli": 0, "ser": 1, "fat": 0, "row": -1, "mot": -1, "pie": -1, "uto": -1, "uwr": -1 }, "geometry": { "type": "Point", "coordinates": [ 18.862389, 54.264972 ] } },
{ "type": "Feature", "properties": { "ID": 110947166, "yr": 2021, "dt": "2021-10-01T07:57:29", "WOJ": 22, "sev": 2, "c": [ 255, 165, 0, 160 ], "dmg": 1, "sli": 0, "ser": 1, "fat": 0, "row": 2, "mot": -1, "pie": -1, "uto": -1, "uwr": -1 }, "geometry": { "type": "Point", "coordinates": [ 18.088833, 54.562917 ] } },
{ "type": "Feature", "properties": { "ID": 110699805, "yr": 2021, "dt": "2021-09-27T08:30:00", "WOJ": 22, "sev": 2, "c": [ 255, 165, 0, 160 ], "dmg": 1, "sli": 0, "ser": 1, "fat": 0, "row": -1, "mot": -1, "pie": 2, "uto": -1, "uwr": -1 }, "geometry": { "type": "Point", "coordinates": [ 19.029667, 53.920694 ] } },
{ "type": "Feature", "properties": { "ID": 110358051, "yr": 2021, "dt": "2021-08-03T14:15:27", "WOJ": 22, "sev": 2, "c": [ 255, 165, 0, 160 ], "dmg": 1, "sli": 1, "ser": 1, "fat": 0, "row": -1, "mot": -1, "pie": -1, "uto": -1, "uwr": -1 }, "geometry": { "type": "Point", "coordinates": [ 18.653889, 53.876639 ] } },
{ "type": "Feature", "properties": { "ID": 110359278, "yr": 2021, "dt": "2021-08-03T11:37:46", "WOJ": 22, "sev": 2, "c": [ 255, 165, 0, 160 ], "dmg": 1, "sli": 0, "ser": 1, "fat": 0, "row": -1, "mot": -1, "pie": 2, "uto": -1, "uwr": -1 }, "geometry": { "type": "Point", "coordinates": [ 17.744167, 54.542222 ] } },
{ "type": "Feature", "properties": { "ID": 111696091, "yr": 2021, "dt": "2021-10-07T12:30:00", "WOJ": 22, "sev": 2, "c": [ 255, 165, 0, 160 ], "dmg": 1, "sli": 0, "ser": 1, "fat": 0, "row": -1, "mot": -1, "pie": 2, "uto": -1, "uwr": -1 }, "geometry": { "type": "Point", "coordinates": [ 19.030028, 53.918639 ] } },
{ "type": "Feature", "properties": { "ID": 111249089, "yr": 2021, "dt": "2021-10-02T13:53:32", "WOJ": 22, "sev": 2, "c": [ 255, 165, 0, 160 ], "dmg": 0, "sli": 0, "ser": 1, "fat": 0, "row": -1, "mot": 2, "pie": -1, "uto": -1, "uwr": -1 }, "geometry": { "type": "Point", "coordinates": [ 18.256861, 54.573083 ] } },
{ "type": "Feature", "properties": { "ID": 111251888, "yr": 2021, "dt": "2021-10-02T17:04:25", "WOJ": 22, "sev": 2, "c": [ 255, 165, 0, 160 ], "dmg": 0, "sli": 0, "ser": 1, "fat": 0, "row": -1, "mot": 2, "pie": -1, "uto": -1, "uwr": -1 }, "geometry": { "type": "Point", "coordinates": [ 18.72825, 53.989 ] } },
{ "type": "Feature", "properties": { "ID": 110336069, "yr": 2021, "dt": "2021-07-20T16:45:00", "WOJ": 22, "sev": 2, "c": [ 255, 165, 0, 160 ], "dmg": 1, "sli": 0, "ser": 1, "fat": 0, "row": -1, "mot": 2, "pie": -1, "uto": -1, "uwr": -1 }, "geometry": { "type": "Point", "coordinates": [ 18.63825, 54.319333 ] } },
{ "type": "Feature", "properties": { "ID": 110336224, "yr": 2021, "dt": "2021-07-20T20:49:33", "WOJ": 22, "sev": 2, "c": [ 255, 165, 0, 160 ], "dmg": 1, "sli": 0, "ser": 1, "fat": 0, "row": -1, "mot": -1, "pie": -1, "uto": -1, "uwr": -1 }, "geometry": { "type": "Point", "coordinates": [ 18.14775, 54.546056 ] } },
{ "type": "Feature", "properties": { "ID": 110334662, "yr": 2021, "dt": "2021-07-16T03:30:00", "WOJ": 22, "sev": 2, "c": [ 255, 165, 0, 160 ], "dmg": 0, "sli": 3, "ser": 2, "fat": 0, "row": -1, "mot": -1, "pie": -1, "uto": -1, "uwr": -1 }, "geometry": { "type": "Point", "coordinates": [ 18.960528, 53.864583 ] } },
{ "type": "Feature", "properties": { "ID": 110330817, "yr": 2021, "dt": "2021-07-16T14:30:00", "WOJ": 22, "sev": 2, "c": [ 255, 165, 0, 160 ], "dmg": 1, "sli": 0, "ser": 2, "fat": 0, "row": -1, "mot": -1, "pie": -1, "uto": -1, "uwr": -1 }, "geometry": { "type": "Point", "coordinates": [ 18.243306, 54.761222 ] } },
{ "type": "Feature", "properties": { "ID": 110324716, "yr": 2021, "dt": "2021-07-14T21:17:40", "WOJ": 22, "sev": 2, "c": [ 255, 165, 0, 160 ], "dmg": 1, "sli": 0, "ser": 1, "fat": 0, "row": -1, "mot": 2, "pie": -1, "uto": -1, "uwr": -1 }, "geometry": { "type": "Point", "coordinates": [ 17.833472, 54.621167 ] } },
{ "type": "Feature", "properties": { "ID": 110323993, "yr": 2021, "dt": "2021-07-14T08:37:44", "WOJ": 22, "sev": 2, "c": [ 255, 165, 0, 160 ], "dmg": 1, "sli": 0, "ser": 1, "fat": 0, "row": 2, "mot": -1, "pie": -1, "uto": -1, "uwr": -1 }, "geometry": { "type": "Point", "coordinates": [ 18.414194, 54.569611 ] } },
{ "type": "Feature", "properties": { "ID": 110325745, "yr": 2021, "dt": "2021-07-14T22:10:00", "WOJ": 22, "sev": 2, "c": [ 255, 165, 0, 160 ], "dmg": 1, "sli": 0, "ser": 1, "fat": 0, "row": -1, "mot": -1, "pie": 2, "uto": -1, "uwr": -1 }, "geometry": { "type": "Point", "coordinates": [ 17.158944, 54.635111 ] } },
{ "type": "Feature", "properties": { "ID": 111712857, "yr": 2021, "dt": "2021-10-10T13:20:00", "WOJ": 22, "sev": 2, "c": [ 255, 165, 0, 160 ], "dmg": 1, "sli": 0, "ser": 1, "fat": 0, "row": -1, "mot": -1, "pie": -1, "uto": -1, "uwr": -1 }, "geometry": { "type": "Point", "coordinates": [ 17.0075, 54.462111 ] } },
{ "type": "Feature", "properties": { "ID": 111714910, "yr": 2021, "dt": "2021-10-10T07:01:53", "WOJ": 22, "sev": 2, "c": [ 255, 165, 0, 160 ], "dmg": 0, "sli": 0, "ser": 1, "fat": 0, "row": -1, "mot": -1, "pie": -1, "uto": -1, "uwr": -1 }, "geometry": { "type": "Point", "coordinates": [ 18.0815, 54.496167 ] } },
{ "type": "Feature", "properties": { "ID": 111719078, "yr": 2021, "dt": "2021-10-05T07:30:00", "WOJ": 22, "sev": 2, "c": [ 255, 165, 0, 160 ], "dmg": 1, "sli": 0, "ser": 1, "fat": 0, "row": -1, "mot": -1, "pie": -1, "uto": -1, "uwr": -1 }, "geometry": { "type": "Point", "coordinates": [ 17.03125, 54.4675 ] } },
{ "type": "Feature", "properties": { "ID": 111468875, "yr": 2021, "dt": "2021-10-05T08:10:00", "WOJ": 22, "sev": 2, "c": [ 255, 165, 0, 160 ], "dmg": 1, "sli": 1, "ser": 1, "fat": 0, "row": -1, "mot": -1, "pie": -1, "uto": -1, "uwr": -1 }, "geometry": { "type": "Point", "coordinates": [ 17.620778, 53.601611 ] } },
{ "type": "Feature", "properties": { "ID": 110348415, "yr": 2021, "dt": "2021-07-29T10:50:00", "WOJ": 22, "sev": 2, "c": [ 255, 165, 0, 160 ], "dmg": 1, "sli": 1, "ser": 1, "fat": 0, "row": -1, "mot": -1, "pie": 2, "uto": -1, "uwr": -1 }, "geometry": { "type": "Point", "coordinates": [ 18.622139, 54.396472 ] } },
{ "type": "Feature", "properties": { "ID": 110350691, "yr": 2021, "dt": "2021-07-30T14:20:00", "WOJ": 22, "sev": 2, "c": [ 255, 165, 0, 160 ], "dmg": 1, "sli": 0, "ser": 1, "fat": 0, "row": 2, "mot": -1, "pie": -1, "uto": -1, "uwr": -1 }, "geometry": { "type": "Point", "coordinates": [ 18.501194, 54.529611 ] } },
{ "type": "Feature", "properties": { "ID": 109949269, "yr": 2021, "dt": "2021-02-22T02:30:00", "WOJ": 22, "sev": 2, "c": [ 255, 165, 0, 160 ], "dmg": 1, "sli": 0, "ser": 1, "fat": 0, "row": -1, "mot": -1, "pie": -1, "uto": -1, "uwr": -1 }, "geometry": { "type": "Point", "coordinates": [ 18.518889, 54.473056 ] } },
{ "type": "Feature", "properties": { "ID": 109954569, "yr": 2021, "dt": "2021-02-22T15:58:00", "WOJ": 22, "sev": 2, "c": [ 255, 165, 0, 160 ], "dmg": 1, "sli": 0, "ser": 2, "fat": 0, "row": -1, "mot": -1, "pie": -1, "uto": -1, "uwr": -1 }, "geometry": { "type": "Point", "coordinates": [ 17.365528, 54.455194 ] } },
{ "type": "Feature", "properties": { "ID": 109890314, "yr": 2021, "dt": "2021-02-14T15:20:00", "WOJ": 22, "sev": 2, "c": [ 255, 165, 0, 160 ], "dmg": 1, "sli": 0, "ser": 1, "fat": 0, "row": -1, "mot": -1, "pie": -1, "uto": -1, "uwr": -1 }, "geometry": { "type": "Point", "coordinates": [ 18.856889, 53.756472 ] } },
{ "type": "Feature", "properties": { "ID": 109893177, "yr": 2021, "dt": "2021-02-14T13:20:00", "WOJ": 22, "sev": 2, "c": [ 255, 165, 0, 160 ], "dmg": 0, "sli": 2, "ser": 2, "fat": 0, "row": -1, "mot": -1, "pie": -1, "uto": -1, "uwr": -1 }, "geometry": { "type": "Point", "coordinates": [ 18.642222, 54.361389 ] } },
{ "type": "Feature", "properties": { "ID": 109891156, "yr": 2021, "dt": "2021-02-15T06:30:00", "WOJ": 22, "sev": 2, "c": [ 255, 165, 0, 160 ], "dmg": 1, "sli": 0, "ser": 1, "fat": 0, "row": -1, "mot": -1, "pie": 2, "uto": -1, "uwr": -1 }, "geometry": { "type": "Point", "coordinates": [ 18.617944, 54.35625 ] } },
{ "type": "Feature", "properties": { "ID": 114109818, "yr": 2021, "dt": "2021-12-06T10:51:51", "WOJ": 22, "sev": 2, "c": [ 255, 165, 0, 160 ], "dmg": 0, "sli": 0, "ser": 1, "fat": 0, "row": -1, "mot": -1, "pie": -1, "uto": -1, "uwr": -1 }, "geometry": { "type": "Point", "coordinates": [ 17.923167, 54.452972 ] } },
{ "type": "Feature", "properties": { "ID": 114376819, "yr": 2021, "dt": "2021-12-07T11:30:00", "WOJ": 22, "sev": 2, "c": [ 255, 165, 0, 160 ], "dmg": 1, "sli": 0, "ser": 1, "fat": 0, "row": -1, "mot": -1, "pie": 2, "uto": -1, "uwr": -1 }, "geometry": { "type": "Point", "coordinates": [ 18.581806, 54.328444 ] } },
{ "type": "Feature", "properties": { "ID": 109974145, "yr": 2021, "dt": "2021-03-05T11:18:57", "WOJ": 22, "sev": 2, "c": [ 255, 165, 0, 160 ], "dmg": 0, "sli": 0, "ser": 1, "fat": 0, "row": -1, "mot": -1, "pie": -1, "uto": -1, "uwr": -1 }, "geometry": { "type": "Point", "coordinates": [ 17.687417, 54.373417 ] } },
{ "type": "Feature", "properties": { "ID": 109974230, "yr": 2021, "dt": "2021-03-05T13:23:39", "WOJ": 22, "sev": 2, "c": [ 255, 165, 0, 160 ], "dmg": 1, "sli": 0, "ser": 1, "fat": 0, "row": 2, "mot": -1, "pie": -1, "uto": -1, "uwr": -1 }, "geometry": { "type": "Point", "coordinates": [ 18.363778, 54.602806 ] } },
{ "type": "Feature", "properties": { "ID": 109977867, "yr": 2021, "dt": "2021-03-01T15:30:00", "WOJ": 22, "sev": 2, "c": [ 255, 165, 0, 160 ], "dmg": 1, "sli": 0, "ser": 1, "fat": 0, "row": -1, "mot": -1, "pie": 2, "uto": -1, "uwr": -1 }, "geometry": { "type": "Point", "coordinates": [ 18.618889, 54.326111 ] } },
{ "type": "Feature", "properties": { "ID": 109969863, "yr": 2021, "dt": "2021-03-02T16:15:44", "WOJ": 22, "sev": 2, "c": [ 255, 165, 0, 160 ], "dmg": 0, "sli": 0, "ser": 1, "fat": 0, "row": 2, "mot": -1, "pie": -1, "uto": -1, "uwr": -1 }, "geometry": { "type": "Point", "coordinates": [ 18.30175, 54.431417 ] } },
{ "type": "Feature", "properties": { "ID": 111713568, "yr": 2021, "dt": "2021-10-12T05:56:27", "WOJ": 22, "sev": 2, "c": [ 255, 165, 0, 160 ], "dmg": 1, "sli": 0, "ser": 1, "fat": 0, "row": 0, "mot": -1, "pie": -1, "uto": -1, "uwr": -1 }, "geometry": { "type": "Point", "coordinates": [ 18.22375, 54.606583 ] } },
{ "type": "Feature", "properties": { "ID": 111764999, "yr": 2021, "dt": "2021-10-14T16:28:00", "WOJ": 22, "sev": 2, "c": [ 255, 165, 0, 160 ], "dmg": 1, "sli": 0, "ser": 1, "fat": 0, "row": -1, "mot": -1, "pie": -1, "uto": -1, "uwr": -1 }, "geometry": { "type": "Point", "coordinates": [ 18.637056, 54.290611 ] } },
{ "type": "Feature", "properties": { "ID": 111699944, "yr": 2021, "dt": "2021-10-07T07:41:26", "WOJ": 22, "sev": 2, "c": [ 255, 165, 0, 160 ], "dmg": 1, "sli": 1, "ser": 1, "fat": 0, "row": -1, "mot": -1, "pie": -1, "uto": -1, "uwr": -1 }, "geometry": { "type": "Point", "coordinates": [ 18.382667, 54.463083 ] } },
{ "type": "Feature", "properties": { "ID": 110319197, "yr": 2021, "dt": "2021-07-10T13:30:00", "WOJ": 22, "sev": 2, "c": [ 255, 165, 0, 160 ], "dmg": 1, "sli": 0, "ser": 1, "fat": 0, "row": -1, "mot": -1, "pie": 2, "uto": -1, "uwr": -1 }, "geometry": { "type": "Point", "coordinates": [ 18.59725, 54.346472 ] } },
{ "type": "Feature", "properties": { "ID": 110319144, "yr": 2021, "dt": "2021-07-10T13:53:00", "WOJ": 22, "sev": 2, "c": [ 255, 165, 0, 160 ], "dmg": 1, "sli": 0, "ser": 2, "fat": 0, "row": -1, "mot": -1, "pie": -1, "uto": -1, "uwr": -1 }, "geometry": { "type": "Point", "coordinates": [ 17.799083, 54.746444 ] } },
{ "type": "Feature", "properties": { "ID": 110317755, "yr": 2021, "dt": "2021-07-08T16:49:00", "WOJ": 22, "sev": 2, "c": [ 255, 165, 0, 160 ], "dmg": 1, "sli": 0, "ser": 1, "fat": 0, "row": -1, "mot": -1, "pie": -1, "uto": -1, "uwr": -1 }, "geometry": { "type": "Point", "coordinates": [ 18.326583, 54.613028 ] } },
{ "type": "Feature", "properties": { "ID": 110313832, "yr": 2021, "dt": "2021-07-06T21:10:00", "WOJ": 22, "sev": 2, "c": [ 255, 165, 0, 160 ], "dmg": 0, "sli": 0, "ser": 1, "fat": 0, "row": -1, "mot": 2, "pie": -1, "uto": -1, "uwr": -1 }, "geometry": { "type": "Point", "coordinates": [ 17.041417, 54.450889 ] } },
{ "type": "Feature", "properties": { "ID": 110314019, "yr": 2021, "dt": "2021-07-07T09:39:02", "WOJ": 22, "sev": 2, "c": [ 255, 165, 0, 160 ], "dmg": 0, "sli": 0, "ser": 1, "fat": 0, "row": -1, "mot": -1, "pie": -1, "uto": -1, "uwr": -1 }, "geometry": { "type": "Point", "coordinates": [ 18.929667, 53.848056 ] } },
{ "type": "Feature", "properties": { "ID": 110314901, "yr": 2021, "dt": "2021-07-07T14:50:34", "WOJ": 22, "sev": 2, "c": [ 255, 165, 0, 160 ], "dmg": 2, "sli": 0, "ser": 1, "fat": 0, "row": -1, "mot": -1, "pie": 2, "uto": -1, "uwr": -1 }, "geometry": { "type": "Point", "coordinates": [ 17.788694, 54.545667 ] } },
{ "type": "Feature", "properties": { "ID": 110315590, "yr": 2021, "dt": "2021-07-04T16:40:00", "WOJ": 22, "sev": 2, "c": [ 255, 165, 0, 160 ], "dmg": 1, "sli": 0, "ser": 1, "fat": 0, "row": -1, "mot": 2, "pie": -1, "uto": -1, "uwr": -1 }, "geometry": { "type": "Point", "coordinates": [ 17.377639, 53.988389 ] } },
{ "type": "Feature", "properties": { "ID": 111798247, "yr": 2021, "dt": "2021-10-16T14:55:21", "WOJ": 22, "sev": 2, "c": [ 255, 165, 0, 160 ], "dmg": 1, "sli": 0, "ser": 1, "fat": 0, "row": -1, "mot": -1, "pie": -1, "uto": -1, "uwr": -1 }, "geometry": { "type": "Point", "coordinates": [ 18.399944, 54.577 ] } },
{ "type": "Feature", "properties": { "ID": 111817808, "yr": 2021, "dt": "2021-10-18T05:02:04", "WOJ": 22, "sev": 2, "c": [ 255, 165, 0, 160 ], "dmg": 1, "sli": 2, "ser": 1, "fat": 0, "row": -1, "mot": -1, "pie": -1, "uto": -1, "uwr": -1 }, "geometry": { "type": "Point", "coordinates": [ 18.668778, 54.025 ] } },
{ "type": "Feature", "properties": { "ID": 111713812, "yr": 2021, "dt": "2021-10-10T08:40:40", "WOJ": 22, "sev": 2, "c": [ 255, 165, 0, 160 ], "dmg": 2, "sli": 0, "ser": 1, "fat": 0, "row": -1, "mot": -1, "pie": -1, "uto": -1, "uwr": -1 }, "geometry": { "type": "Point", "coordinates": [ 18.815528, 53.838778 ] } },
{ "type": "Feature", "properties": { "ID": 111710797, "yr": 2021, "dt": "2021-10-11T11:30:00", "WOJ": 22, "sev": 2, "c": [ 255, 165, 0, 160 ], "dmg": 1, "sli": 0, "ser": 1, "fat": 0, "row": -1, "mot": -1, "pie": -1, "uto": -1, "uwr": -1 }, "geometry": { "type": "Point", "coordinates": [ 17.938, 53.816278 ] } },
{ "type": "Feature", "properties": { "ID": 110326199, "yr": 2021, "dt": "2021-07-15T06:10:00", "WOJ": 22, "sev": 2, "c": [ 255, 165, 0, 160 ], "dmg": 1, "sli": 0, "ser": 1, "fat": 0, "row": 2, "mot": -1, "pie": -1, "uto": -1, "uwr": -1 }, "geometry": { "type": "Point", "coordinates": [ 17.003833, 54.490167 ] } },
{ "type": "Feature", "properties": { "ID": 110332460, "yr": 2021, "dt": "2021-07-16T14:30:00", "WOJ": 22, "sev": 2, "c": [ 255, 165, 0, 160 ], "dmg": 1, "sli": 0, "ser": 1, "fat": 0, "row": -1, "mot": 2, "pie": -1, "uto": -1, "uwr": -1 }, "geometry": { "type": "Point", "coordinates": [ 18.287694, 54.211944 ] } },
{ "type": "Feature", "properties": { "ID": 110320610, "yr": 2021, "dt": "2021-07-11T12:40:46", "WOJ": 22, "sev": 2, "c": [ 255, 165, 0, 160 ], "dmg": 1, "sli": 0, "ser": 1, "fat": 0, "row": 2, "mot": 0, "pie": -1, "uto": -1, "uwr": -1 }, "geometry": { "type": "Point", "coordinates": [ 19.044417, 53.795944 ] } },
{ "type": "Feature", "properties": { "ID": 110324082, "yr": 2021, "dt": "2021-07-13T09:45:00", "WOJ": 22, "sev": 2, "c": [ 255, 165, 0, 160 ], "dmg": 1, "sli": 0, "ser": 1, "fat": 0, "row": -1, "mot": -1, "pie": 2, "uto": -1, "uwr": -1 }, "geometry": { "type": "Point", "coordinates": [ 18.483333, 54.380278 ] } },
{ "type": "Feature", "properties": { "ID": 110323233, "yr": 2021, "dt": "2021-07-13T20:32:16", "WOJ": 22, "sev": 2, "c": [ 255, 165, 0, 160 ], "dmg": 1, "sli": 0, "ser": 1, "fat": 0, "row": 2, "mot": -1, "pie": -1, "uto": -1, "uwr": -1 }, "geometry": { "type": "Point", "coordinates": [ 18.250167, 54.605972 ] } },
{ "type": "Feature", "properties": { "ID": 110316162, "yr": 2021, "dt": "2021-07-09T06:21:51", "WOJ": 22, "sev": 2, "c": [ 255, 165, 0, 160 ], "dmg": 2, "sli": 0, "ser": 1, "fat": 0, "row": -1, "mot": -1, "pie": -1, "uto": -1, "uwr": -1 }, "geometry": { "type": "Point", "coordinates": [ 17.88575, 53.777333 ] } },
{ "type": "Feature", "properties": { "ID": 110318161, "yr": 2021, "dt": "2021-07-09T13:29:09", "WOJ": 22, "sev": 2, "c": [ 255, 165, 0, 160 ], "dmg": 1, "sli": 0, "ser": 1, "fat": 0, "row": -1, "mot": -1, "pie": -1, "uto": -1, "uwr": -1 }, "geometry": { "type": "Point", "coordinates": [ 18.398167, 54.644611 ] } },
{ "type": "Feature", "properties": { "ID": 111847497, "yr": 2021, "dt": "2021-10-19T02:10:17", "WOJ": 22, "sev": 2, "c": [ 255, 165, 0, 160 ], "dmg": 0, "sli": 0, "ser": 1, "fat": 0, "row": -1, "mot": -1, "pie": -1, "uto": -1, "uwr": -1 }, "geometry": { "type": "Point", "coordinates": [ 17.964417, 54.479389 ] } },
{ "type": "Feature", "properties": { "ID": 110310528, "yr": 2021, "dt": "2021-07-04T16:55:00", "WOJ": 22, "sev": 2, "c": [ 255, 165, 0, 160 ], "dmg": 1, "sli": 0, "ser": 1, "fat": 0, "row": -1, "mot": -1, "pie": -1, "uto": -1, "uwr": -1 }, "geometry": { "type": "Point", "coordinates": [ 16.896167, 54.24 ] } },
{ "type": "Feature", "properties": { "ID": 110303289, "yr": 2021, "dt": "2021-06-30T23:26:21", "WOJ": 22, "sev": 2, "c": [ 255, 165, 0, 160 ], "dmg": 0, "sli": 1, "ser": 1, "fat": 0, "row": -1, "mot": -1, "pie": -1, "uto": -1, "uwr": -1 }, "geometry": { "type": "Point", "coordinates": [ 18.682083, 53.802972 ] } },
{ "type": "Feature", "properties": { "ID": 110307500, "yr": 2021, "dt": "2021-07-02T21:45:43", "WOJ": 22, "sev": 2, "c": [ 255, 165, 0, 160 ], "dmg": 1, "sli": 0, "ser": 1, "fat": 0, "row": -1, "mot": -1, "pie": -1, "uto": -1, "uwr": -1 }, "geometry": { "type": "Point", "coordinates": [ 18.494139, 54.365472 ] } },
{ "type": "Feature", "properties": { "ID": 110306704, "yr": 2021, "dt": "2021-07-02T08:34:16", "WOJ": 22, "sev": 2, "c": [ 255, 165, 0, 160 ], "dmg": 0, "sli": 0, "ser": 1, "fat": 0, "row": -1, "mot": -1, "pie": -1, "uto": -1, "uwr": -1 }, "geometry": { "type": "Point", "coordinates": [ 18.165556, 54.714944 ] } },
{ "type": "Feature", "properties": { "ID": 110305051, "yr": 2021, "dt": "2021-07-02T05:59:47", "WOJ": 22, "sev": 2, "c": [ 255, 165, 0, 160 ], "dmg": 1, "sli": 0, "ser": 1, "fat": 0, "row": -1, "mot": -1, "pie": -1, "uto": -1, "uwr": -1 }, "geometry": { "type": "Point", "coordinates": [ 18.631917, 54.036472 ] } },
{ "type": "Feature", "properties": { "ID": 110305050, "yr": 2021, "dt": "2021-07-02T02:46:58", "WOJ": 22, "sev": 2, "c": [ 255, 165, 0, 160 ], "dmg": 1, "sli": 0, "ser": 1, "fat": 0, "row": -1, "mot": -1, "pie": -1, "uto": -1, "uwr": -1 }, "geometry": { "type": "Point", "coordinates": [ 18.222222, 54.616694 ] } },
{ "type": "Feature", "properties": { "ID": 110307404, "yr": 2021, "dt": "2021-07-02T20:29:00", "WOJ": 22, "sev": 2, "c": [ 255, 165, 0, 160 ], "dmg": 1, "sli": 0, "ser": 1, "fat": 0, "row": -1, "mot": -1, "pie": -1, "uto": -1, "uwr": -1 }, "geometry": { "type": "Point", "coordinates": [ 18.455389, 54.528611 ] } },
{ "type": "Feature", "properties": { "ID": 110308692, "yr": 2021, "dt": "2021-07-03T17:50:00", "WOJ": 22, "sev": 2, "c": [ 255, 165, 0, 160 ], "dmg": 0, "sli": 1, "ser": 1, "fat": 0, "row": -1, "mot": -1, "pie": -1, "uto": -1, "uwr": -1 }, "geometry": { "type": "Point", "coordinates": [ 19.309083, 53.930694 ] } },
{ "type": "Feature", "properties": { "ID": 110299476, "yr": 2021, "dt": "2021-06-28T15:49:28", "WOJ": 22, "sev": 2, "c": [ 255, 165, 0, 160 ], "dmg": 1, "sli": 0, "ser": 1, "fat": 0, "row": -1, "mot": -1, "pie": -1, "uto": -1, "uwr": -1 }, "geometry": { "type": "Point", "coordinates": [ 18.034889, 54.364806 ] } },
{ "type": "Feature", "properties": { "ID": 110302492, "yr": 2021, "dt": "2021-06-29T21:15:00", "WOJ": 22, "sev": 2, "c": [ 255, 165, 0, 160 ], "dmg": 1, "sli": 0, "ser": 1, "fat": 0, "row": -1, "mot": -1, "pie": -1, "uto": -1, "uwr": -1 }, "geometry": { "type": "Point", "coordinates": [ 18.614611, 54.376194 ] } },
{ "type": "Feature", "properties": { "ID": 110301365, "yr": 2021, "dt": "2021-06-29T18:34:45", "WOJ": 22, "sev": 2, "c": [ 255, 165, 0, 160 ], "dmg": 0, "sli": 0, "ser": 1, "fat": 0, "row": -1, "mot": 2, "pie": -1, "uto": -1, "uwr": -1 }, "geometry": { "type": "Point", "coordinates": [ 18.206389, 54.413333 ] } },
{ "type": "Feature", "properties": { "ID": 111847600, "yr": 2021, "dt": "2021-10-19T06:23:14", "WOJ": 22, "sev": 2, "c": [ 255, 165, 0, 160 ], "dmg": 1, "sli": 0, "ser": 1, "fat": 0, "row": -1, "mot": -1, "pie": 2, "uto": -1, "uwr": -1 }, "geometry": { "type": "Point", "coordinates": [ 18.15875, 54.605139 ] } },
{ "type": "Feature", "properties": { "ID": 110323273, "yr": 2021, "dt": "2021-07-10T18:55:00", "WOJ": 22, "sev": 2, "c": [ 255, 165, 0, 160 ], "dmg": 1, "sli": 1, "ser": 1, "fat": 0, "row": -1, "mot": 2, "pie": -1, "uto": -1, "uwr": -1 }, "geometry": { "type": "Point", "coordinates": [ 18.254417, 54.583917 ] } },
{ "type": "Feature", "properties": { "ID": 110320580, "yr": 2021, "dt": "2021-07-11T11:20:00", "WOJ": 22, "sev": 2, "c": [ 255, 165, 0, 160 ], "dmg": 1, "sli": 0, "ser": 1, "fat": 0, "row": 2, "mot": -1, "pie": -1, "uto": -1, "uwr": -1 }, "geometry": { "type": "Point", "coordinates": [ 17.279806, 54.44775 ] } },
{ "type": "Feature", "properties": { "ID": 110315968, "yr": 2021, "dt": "2021-07-08T19:24:02", "WOJ": 22, "sev": 2, "c": [ 255, 165, 0, 160 ], "dmg": 1, "sli": 1, "ser": 1, "fat": 0, "row": -1, "mot": -1, "pie": 2, "uto": -1, "uwr": -1 }, "geometry": { "type": "Point", "coordinates": [ 19.125444, 54.332667 ] } },
{ "type": "Feature", "properties": { "ID": 116693850, "yr": 2021, "dt": "2021-12-15T20:25:55", "WOJ": 22, "sev": 2, "c": [ 255, 165, 0, 160 ], "dmg": 1, "sli": 0, "ser": 1, "fat": 0, "row": -1, "mot": -1, "pie": -1, "uto": -1, "uwr": -1 }, "geometry": { "type": "Point", "coordinates": [ 18.02993, 54.151585 ] } },
{ "type": "Feature", "properties": { "ID": 116687819, "yr": 2021, "dt": "2021-12-15T17:20:00", "WOJ": 22, "sev": 2, "c": [ 255, 165, 0, 160 ], "dmg": 1, "sli": 0, "ser": 1, "fat": 0, "row": -1, "mot": -1, "pie": 2, "uto": -1, "uwr": -1 }, "geometry": { "type": "Point", "coordinates": [ 18.5075, 54.554194 ] } },
{ "type": "Feature", "properties": { "ID": 116718003, "yr": 2021, "dt": "2021-12-16T00:25:00", "WOJ": 22, "sev": 2, "c": [ 255, 165, 0, 160 ], "dmg": 1, "sli": 0, "ser": 1, "fat": 0, "row": -1, "mot": -1, "pie": -1, "uto": -1, "uwr": -1 }, "geometry": { "type": "Point", "coordinates": [ 18.3525, 54.773333 ] } },
{ "type": "Feature", "properties": { "ID": 114864824, "yr": 2021, "dt": "2021-12-09T21:30:00", "WOJ": 22, "sev": 2, "c": [ 255, 165, 0, 160 ], "dmg": 1, "sli": 0, "ser": 1, "fat": 0, "row": 2, "mot": -1, "pie": -1, "uto": -1, "uwr": -1 }, "geometry": { "type": "Point", "coordinates": [ 18.588472, 54.355861 ] } },
{ "type": "Feature", "properties": { "ID": 113816239, "yr": 2021, "dt": "2021-12-03T07:19:32", "WOJ": 22, "sev": 2, "c": [ 255, 165, 0, 160 ], "dmg": 1, "sli": 1, "ser": 1, "fat": 0, "row": -1, "mot": -1, "pie": -1, "uto": -1, "uwr": -1 }, "geometry": { "type": "Point", "coordinates": [ 18.394528, 54.785972 ] } },
{ "type": "Feature", "properties": { "ID": 110041137, "yr": 2021, "dt": "2021-03-10T12:40:00", "WOJ": 22, "sev": 2, "c": [ 255, 165, 0, 160 ], "dmg": 1, "sli": 0, "ser": 1, "fat": 0, "row": -1, "mot": -1, "pie": -1, "uto": -1, "uwr": -1 }, "geometry": { "type": "Point", "coordinates": [ 17.072639, 54.184917 ] } },
{ "type": "Feature", "properties": { "ID": 110039246, "yr": 2021, "dt": "2021-03-10T16:45:00", "WOJ": 22, "sev": 2, "c": [ 255, 165, 0, 160 ], "dmg": 1, "sli": 0, "ser": 1, "fat": 0, "row": -1, "mot": -1, "pie": 2, "uto": -1, "uwr": -1 }, "geometry": { "type": "Point", "coordinates": [ 18.453111, 54.53375 ] } },
{ "type": "Feature", "properties": { "ID": 110269276, "yr": 2021, "dt": "2021-03-11T12:50:00", "WOJ": 22, "sev": 2, "c": [ 255, 165, 0, 160 ], "dmg": 1, "sli": 0, "ser": 1, "fat": 0, "row": -1, "mot": -1, "pie": 2, "uto": -1, "uwr": -1 }, "geometry": { "type": "Point", "coordinates": [ 18.616611, 54.364111 ] } },
{ "type": "Feature", "properties": { "ID": 109968938, "yr": 2021, "dt": "2021-03-04T20:09:00", "WOJ": 22, "sev": 2, "c": [ 255, 165, 0, 160 ], "dmg": 0, "sli": 0, "ser": 1, "fat": 0, "row": -1, "mot": -1, "pie": -1, "uto": -1, "uwr": -1 }, "geometry": { "type": "Point", "coordinates": [ 18.163667, 54.607972 ] } },
{ "type": "Feature", "properties": { "ID": 109974737, "yr": 2021, "dt": "2021-03-05T19:00:00", "WOJ": 22, "sev": 2, "c": [ 255, 165, 0, 160 ], "dmg": 1, "sli": 1, "ser": 1, "fat": 0, "row": -1, "mot": -1, "pie": -1, "uto": -1, "uwr": -1 }, "geometry": { "type": "Point", "coordinates": [ 18.688278, 54.397333 ] } },
{ "type": "Feature", "properties": { "ID": 109974190, "yr": 2021, "dt": "2021-03-05T09:11:00", "WOJ": 22, "sev": 2, "c": [ 255, 165, 0, 160 ], "dmg": 0, "sli": 1, "ser": 1, "fat": 0, "row": -1, "mot": -1, "pie": -1, "uto": -1, "uwr": -1 }, "geometry": { "type": "Point", "coordinates": [ 18.491, 54.498611 ] } },
{ "type": "Feature", "properties": { "ID": 110298859, "yr": 2021, "dt": "2021-06-25T16:00:00", "WOJ": 22, "sev": 2, "c": [ 255, 165, 0, 160 ], "dmg": 0, "sli": 1, "ser": 1, "fat": 0, "row": 2, "mot": -1, "pie": -1, "uto": -1, "uwr": -1 }, "geometry": { "type": "Point", "coordinates": [ 17.573111, 53.70475 ] } },
{ "type": "Feature", "properties": { "ID": 110299772, "yr": 2021, "dt": "2021-06-25T11:50:00", "WOJ": 22, "sev": 2, "c": [ 255, 165, 0, 160 ], "dmg": 0, "sli": 1, "ser": 1, "fat": 0, "row": -1, "mot": -1, "pie": -1, "uto": -1, "uwr": -1 }, "geometry": { "type": "Point", "coordinates": [ 18.222806, 54.543417 ] } },
{ "type": "Feature", "properties": { "ID": 112608829, "yr": 2021, "dt": "2021-10-24T07:05:00", "WOJ": 22, "sev": 2, "c": [ 255, 165, 0, 160 ], "dmg": 1, "sli": 0, "ser": 1, "fat": 0, "row": 2, "mot": -1, "pie": -1, "uto": -1, "uwr": -1 }, "geometry": { "type": "Point", "coordinates": [ 18.491, 54.429111 ] } },
{ "type": "Feature", "properties": { "ID": 112589420, "yr": 2021, "dt": "2021-10-24T17:10:00", "WOJ": 22, "sev": 2, "c": [ 255, 165, 0, 160 ], "dmg": 0, "sli": 0, "ser": 1, "fat": 0, "row": -1, "mot": 2, "pie": -1, "uto": -1, "uwr": -1 }, "geometry": { "type": "Point", "coordinates": [ 18.554556, 54.470778 ] } },
{ "type": "Feature", "properties": { "ID": 116738456, "yr": 2021, "dt": "2021-10-25T12:00:00", "WOJ": 22, "sev": 2, "c": [ 255, 165, 0, 160 ], "dmg": 1, "sli": 0, "ser": 1, "fat": 0, "row": -1, "mot": -1, "pie": -1, "uto": -1, "uwr": -1 }, "geometry": { "type": "Point", "coordinates": [ 18.615722, 54.348861 ] } },
{ "type": "Feature", "properties": { "ID": 110283431, "yr": 2021, "dt": "2021-06-17T17:51:00", "WOJ": 22, "sev": 2, "c": [ 255, 165, 0, 160 ], "dmg": 0, "sli": 1, "ser": 1, "fat": 0, "row": 2, "mot": -1, "pie": -1, "uto": -1, "uwr": -1 }, "geometry": { "type": "Point", "coordinates": [ 18.095972, 54.316111 ] } },
{ "type": "Feature", "properties": { "ID": 110304438, "yr": 2021, "dt": "2021-06-17T18:02:00", "WOJ": 22, "sev": 2, "c": [ 255, 165, 0, 160 ], "dmg": 1, "sli": 0, "ser": 1, "fat": 0, "row": -1, "mot": 2, "pie": -1, "uto": -1, "uwr": -1 }, "geometry": { "type": "Point", "coordinates": [ 18.207528, 54.265167 ] } },
{ "type": "Feature", "properties": { "ID": 110284707, "yr": 2021, "dt": "2021-06-18T17:05:00", "WOJ": 22, "sev": 2, "c": [ 255, 165, 0, 160 ], "dmg": 1, "sli": 0, "ser": 1, "fat": 0, "row": -1, "mot": 2, "pie": -1, "uto": -1, "uwr": -1 }, "geometry": { "type": "Point", "coordinates": [ 18.611694, 54.4035 ] } },
{ "type": "Feature", "properties": { "ID": 110283922, "yr": 2021, "dt": "2021-06-18T09:37:37", "WOJ": 22, "sev": 2, "c": [ 255, 165, 0, 160 ], "dmg": 1, "sli": 0, "ser": 1, "fat": 0, "row": -1, "mot": -1, "pie": 2, "uto": -1, "uwr": -1 }, "geometry": { "type": "Point", "coordinates": [ 18.952806, 53.63925 ] } },
{ "type": "Feature", "properties": { "ID": 110285735, "yr": 2021, "dt": "2021-06-18T16:31:32", "WOJ": 22, "sev": 2, "c": [ 255, 165, 0, 160 ], "dmg": 2, "sli": 1, "ser": 1, "fat": 0, "row": -1, "mot": -1, "pie": -1, "uto": -1, "uwr": -1 }, "geometry": { "type": "Point", "coordinates": [ 17.65175, 54.599139 ] } },
{ "type": "Feature", "properties": { "ID": 112953750, "yr": 2021, "dt": "2021-10-27T15:10:00", "WOJ": 22, "sev": 2, "c": [ 255, 165, 0, 160 ], "dmg": 1, "sli": 0, "ser": 1, "fat": 0, "row": -1, "mot": -1, "pie": 2, "uto": -1, "uwr": -1 }, "geometry": { "type": "Point", "coordinates": [ 18.598417, 54.392806 ] } },
{ "type": "Feature", "properties": { "ID": 113022527, "yr": 2021, "dt": "2021-10-28T21:00:00", "WOJ": 22, "sev": 2, "c": [ 255, 165, 0, 160 ], "dmg": 0, "sli": 0, "ser": 1, "fat": 0, "row": -1, "mot": -1, "pie": -1, "uto": -1, "uwr": -1 }, "geometry": { "type": "Point", "coordinates": [ 17.200167, 53.793444 ] } },
{ "type": "Feature", "properties": { "ID": 112147701, "yr": 2021, "dt": "2021-10-20T07:52:26", "WOJ": 22, "sev": 2, "c": [ 255, 165, 0, 160 ], "dmg": 1, "sli": 0, "ser": 1, "fat": 0, "row": 2, "mot": -1, "pie": -1, "uto": -1, "uwr": -1 }, "geometry": { "type": "Point", "coordinates": [ 18.799333, 54.104389 ] } },
{ "type": "Feature", "properties": { "ID": 112343850, "yr": 2021, "dt": "2021-10-20T17:12:28", "WOJ": 22, "sev": 2, "c": [ 255, 165, 0, 160 ], "dmg": 0, "sli": 0, "ser": 1, "fat": 0, "row": -1, "mot": -1, "pie": -1, "uto": -1, "uwr": -1 }, "geometry": { "type": "Point", "coordinates": [ 18.290861, 54.464083 ] } },
{ "type": "Feature", "properties": { "ID": 120191820, "yr": 2021, "dt": "2021-10-22T15:00:00", "WOJ": 22, "sev": 2, "c": [ 255, 165, 0, 160 ], "dmg": 1, "sli": 0, "ser": 1, "fat": 0, "row": 2, "mot": -1, "pie": -1, "uto": -1, "uwr": -1 }, "geometry": { "type": "Point", "coordinates": [ 18.402667, 54.575861 ] } },
{ "type": "Feature", "properties": { "ID": 110303256, "yr": 2021, "dt": "2021-06-30T11:00:00", "WOJ": 22, "sev": 2, "c": [ 255, 165, 0, 160 ], "dmg": 1, "sli": 0, "ser": 1, "fat": 0, "row": 2, "mot": -1, "pie": -1, "uto": -1, "uwr": -1 }, "geometry": { "type": "Point", "coordinates": [ 18.574472, 54.400806 ] } },
{ "type": "Feature", "properties": { "ID": 110296935, "yr": 2021, "dt": "2021-06-26T23:47:26", "WOJ": 22, "sev": 2, "c": [ 255, 165, 0, 160 ], "dmg": 0, "sli": 4, "ser": 1, "fat": 0, "row": -1, "mot": -1, "pie": -1, "uto": -1, "uwr": -1 }, "geometry": { "type": "Point", "coordinates": [ 18.315833, 54.604778 ] } },
{ "type": "Feature", "properties": { "ID": 110297659, "yr": 2021, "dt": "2021-06-27T16:30:16", "WOJ": 22, "sev": 2, "c": [ 255, 165, 0, 160 ], "dmg": 1, "sli": 1, "ser": 1, "fat": 0, "row": -1, "mot": 2, "pie": -1, "uto": -1, "uwr": -1 }, "geometry": { "type": "Point", "coordinates": [ 18.221611, 54.249917 ] } },
{ "type": "Feature", "properties": { "ID": 110299484, "yr": 2021, "dt": "2021-06-28T15:30:00", "WOJ": 22, "sev": 2, "c": [ 255, 165, 0, 160 ], "dmg": 0, "sli": 1, "ser": 1, "fat": 0, "row": 2, "mot": -1, "pie": -1, "uto": -1, "uwr": -1 }, "geometry": { "type": "Point", "coordinates": [ 18.643222, 54.355556 ] } },
{ "type": "Feature", "properties": { "ID": 109972149, "yr": 2021, "dt": "2021-03-04T16:09:00", "WOJ": 22, "sev": 2, "c": [ 255, 165, 0, 160 ], "dmg": 1, "sli": 0, "ser": 1, "fat": 0, "row": -1, "mot": -1, "pie": -1, "uto": -1, "uwr": -1 }, "geometry": { "type": "Point", "coordinates": [ 18.539972, 54.519361 ] } },
{ "type": "Feature", "properties": { "ID": 109957413, "yr": 2021, "dt": "2021-02-25T07:50:00", "WOJ": 22, "sev": 2, "c": [ 255, 165, 0, 160 ], "dmg": 1, "sli": 0, "ser": 1, "fat": 0, "row": 2, "mot": -1, "pie": -1, "uto": -1, "uwr": -1 }, "geometry": { "type": "Point", "coordinates": [ 18.589722, 54.408333 ] } },
{ "type": "Feature", "properties": { "ID": 113059826, "yr": 2021, "dt": "2021-10-31T00:02:05", "WOJ": 22, "sev": 2, "c": [ 255, 165, 0, 160 ], "dmg": 0, "sli": 0, "ser": 1, "fat": 0, "row": -1, "mot": -1, "pie": -1, "uto": -1, "uwr": -1 }, "geometry": { "type": "Point", "coordinates": [ 18.193917, 54.573306 ] } },
{ "type": "Feature", "properties": { "ID": 113060426, "yr": 2021, "dt": "2021-10-31T16:16:55", "WOJ": 22, "sev": 2, "c": [ 255, 165, 0, 160 ], "dmg": 1, "sli": 2, "ser": 1, "fat": 0, "row": -1, "mot": -1, "pie": -1, "uto": -1, "uwr": -1 }, "geometry": { "type": "Point", "coordinates": [ 18.224028, 54.631333 ] } },
{ "type": "Feature", "properties": { "ID": 113084908, "yr": 2021, "dt": "2021-11-02T18:30:00", "WOJ": 22, "sev": 2, "c": [ 255, 165, 0, 160 ], "dmg": 0, "sli": 1, "ser": 2, "fat": 0, "row": -1, "mot": -1, "pie": 2, "uto": -1, "uwr": -1 }, "geometry": { "type": "Point", "coordinates": [ 17.510528, 53.734417 ] } },
{ "type": "Feature", "properties": { "ID": 113084214, "yr": 2021, "dt": "2021-11-02T18:30:00", "WOJ": 22, "sev": 2, "c": [ 255, 165, 0, 160 ], "dmg": 1, "sli": 0, "ser": 1, "fat": 0, "row": -1, "mot": -1, "pie": 2, "uto": -1, "uwr": -1 }, "geometry": { "type": "Point", "coordinates": [ 18.652667, 54.353306 ] } },
{ "type": "Feature", "properties": { "ID": 113084280, "yr": 2021, "dt": "2021-11-02T18:50:00", "WOJ": 22, "sev": 2, "c": [ 255, 165, 0, 160 ], "dmg": 1, "sli": 0, "ser": 1, "fat": 0, "row": -1, "mot": -1, "pie": 2, "uto": -1, "uwr": -1 }, "geometry": { "type": "Point", "coordinates": [ 18.632639, 54.322889 ] } },
{ "type": "Feature", "properties": { "ID": 112952827, "yr": 2021, "dt": "2021-10-26T14:06:22", "WOJ": 22, "sev": 2, "c": [ 255, 165, 0, 160 ], "dmg": 1, "sli": 0, "ser": 1, "fat": 0, "row": 2, "mot": -1, "pie": -1, "uto": -1, "uwr": -1 }, "geometry": { "type": "Point", "coordinates": [ 18.399611, 54.5695 ] } },
{ "type": "Feature", "properties": { "ID": 112759478, "yr": 2021, "dt": "2021-10-26T09:50:36", "WOJ": 22, "sev": 2, "c": [ 255, 165, 0, 160 ], "dmg": 1, "sli": 0, "ser": 1, "fat": 0, "row": -1, "mot": -1, "pie": -1, "uto": -1, "uwr": -1 }, "geometry": { "type": "Point", "coordinates": [ 18.043639, 54.568111 ] } },
{ "type": "Feature", "properties": { "ID": 112147571, "yr": 2021, "dt": "2021-10-19T22:10:00", "WOJ": 22, "sev": 2, "c": [ 255, 165, 0, 160 ], "dmg": 0, "sli": 2, "ser": 1, "fat": 0, "row": -1, "mot": -1, "pie": -1, "uto": -1, "uwr": -1 }, "geometry": { "type": "Point", "coordinates": [ 18.483972, 54.368861 ] } },
{ "type": "Feature", "properties": { "ID": 110289845, "yr": 2021, "dt": "2021-06-22T16:22:32", "WOJ": 22, "sev": 2, "c": [ 255, 165, 0, 160 ], "dmg": 1, "sli": 0, "ser": 1, "fat": 0, "row": -1, "mot": -1, "pie": -1, "uto": -1, "uwr": -1 }, "geometry": { "type": "Point", "coordinates": [ 18.202278, 54.519139 ] } },
{ "type": "Feature", "properties": { "ID": 110290346, "yr": 2021, "dt": "2021-06-23T14:45:49", "WOJ": 22, "sev": 2, "c": [ 255, 165, 0, 160 ], "dmg": 1, "sli": 0, "ser": 1, "fat": 0, "row": -1, "mot": -1, "pie": 2, "uto": -1, "uwr": -1 }, "geometry": { "type": "Point", "coordinates": [ 18.586472, 54.402944 ] } },
{ "type": "Feature", "properties": { "ID": 110291704, "yr": 2021, "dt": "2021-06-23T18:14:53", "WOJ": 22, "sev": 2, "c": [ 255, 165, 0, 160 ], "dmg": 0, "sli": 0, "ser": 1, "fat": 0, "row": -1, "mot": -1, "pie": -1, "uto": -1, "uwr": -1 }, "geometry": { "type": "Point", "coordinates": [ 17.856778, 54.465944 ] } },
{ "type": "Feature", "properties": { "ID": 110285527, "yr": 2021, "dt": "2021-06-18T15:01:01", "WOJ": 22, "sev": 2, "c": [ 255, 165, 0, 160 ], "dmg": 1, "sli": 0, "ser": 1, "fat": 0, "row": -1, "mot": 2, "pie": -1, "uto": -1, "uwr": -1 }, "geometry": { "type": "Point", "coordinates": [ 18.398472, 54.567611 ] } },
{ "type": "Feature", "properties": { "ID": 110288872, "yr": 2021, "dt": "2021-06-20T14:40:00", "WOJ": 22, "sev": 2, "c": [ 255, 165, 0, 160 ], "dmg": 1, "sli": 0, "ser": 1, "fat": 0, "row": 2, "mot": -1, "pie": -1, "uto": -1, "uwr": -1 }, "geometry": { "type": "Point", "coordinates": [ 18.665833, 54.398056 ] } },
{ "type": "Feature", "properties": { "ID": 110287086, "yr": 2021, "dt": "2021-06-20T16:48:40", "WOJ": 22, "sev": 2, "c": [ 255, 165, 0, 160 ], "dmg": 1, "sli": 0, "ser": 1, "fat": 0, "row": -1, "mot": -1, "pie": -1, "uto": -1, "uwr": -1 }, "geometry": { "type": "Point", "coordinates": [ 17.308889, 53.845389 ] } },
{ "type": "Feature", "properties": { "ID": 110286905, "yr": 2021, "dt": "2021-06-20T10:45:00", "WOJ": 22, "sev": 2, "c": [ 255, 165, 0, 160 ], "dmg": 1, "sli": 1, "ser": 1, "fat": 0, "row": -1, "mot": 2, "pie": -1, "uto": -1, "uwr": -1 }, "geometry": { "type": "Point", "coordinates": [ 17.002639, 54.444556 ] } },
{ "type": "Feature", "properties": { "ID": 110288131, "yr": 2021, "dt": "2021-06-21T10:49:11", "WOJ": 22, "sev": 2, "c": [ 255, 165, 0, 160 ], "dmg": 1, "sli": 0, "ser": 1, "fat": 0, "row": -1, "mot": -1, "pie": -1, "uto": -1, "uwr": -1 }, "geometry": { "type": "Point", "coordinates": [ 18.143722, 54.632889 ] } },
{ "type": "Feature", "properties": { "ID": 110276350, "yr": 2021, "dt": "2021-06-15T21:57:18", "WOJ": 22, "sev": 2, "c": [ 255, 165, 0, 160 ], "dmg": 0, "sli": 0, "ser": 1, "fat": 0, "row": -1, "mot": -1, "pie": -1, "uto": -1, "uwr": -1 }, "geometry": { "type": "Point", "coordinates": [ 17.929694, 54.691083 ] } },
{ "type": "Feature", "properties": { "ID": 110265936, "yr": 2021, "dt": "2021-06-10T21:15:00", "WOJ": 22, "sev": 2, "c": [ 255, 165, 0, 160 ], "dmg": 1, "sli": 0, "ser": 1, "fat": 0, "row": -1, "mot": 2, "pie": -1, "uto": -1, "uwr": -1 }, "geometry": { "type": "Point", "coordinates": [ 18.587861, 54.4035 ] } },
{ "type": "Feature", "properties": { "ID": 110264170, "yr": 2021, "dt": "2021-06-10T10:30:00", "WOJ": 22, "sev": 2, "c": [ 255, 165, 0, 160 ], "dmg": 1, "sli": 0, "ser": 1, "fat": 0, "row": 2, "mot": -1, "pie": -1, "uto": -1, "uwr": -1 }, "geometry": { "type": "Point", "coordinates": [ 18.612361, 54.385861 ] } },
{ "type": "Feature", "properties": { "ID": 110266171, "yr": 2021, "dt": "2021-06-11T06:25:00", "WOJ": 22, "sev": 2, "c": [ 255, 165, 0, 160 ], "dmg": 0, "sli": 0, "ser": 1, "fat": 0, "row": -1, "mot": -1, "pie": -1, "uto": -1, "uwr": -1 }, "geometry": { "type": "Point", "coordinates": [ 18.540472, 54.327083 ] } },
{ "type": "Feature", "properties": { "ID": 110270109, "yr": 2021, "dt": "2021-06-12T16:20:00", "WOJ": 22, "sev": 2, "c": [ 255, 165, 0, 160 ], "dmg": 0, "sli": 0, "ser": 1, "fat": 0, "row": -1, "mot": -1, "pie": -1, "uto": -1, "uwr": -1 }, "geometry": { "type": "Point", "coordinates": [ 19.033083, 53.904639 ] } },
{ "type": "Feature", "properties": { "ID": 110268769, "yr": 2021, "dt": "2021-06-12T09:50:00", "WOJ": 22, "sev": 2, "c": [ 255, 165, 0, 160 ], "dmg": 1, "sli": 0, "ser": 1, "fat": 0, "row": 2, "mot": -1, "pie": -1, "uto": -1, "uwr": -1 }, "geometry": { "type": "Point", "coordinates": [ 16.94075, 53.681583 ] } },
{ "type": "Feature", "properties": { "ID": 110260570, "yr": 2021, "dt": "2021-06-08T08:15:00", "WOJ": 22, "sev": 2, "c": [ 255, 165, 0, 160 ], "dmg": 1, "sli": 0, "ser": 1, "fat": 0, "row": -1, "mot": 2, "pie": -1, "uto": -1, "uwr": -1 }, "geometry": { "type": "Point", "coordinates": [ 18.645111, 54.354444 ] } },
{ "type": "Feature", "properties": { "ID": 113143110, "yr": 2021, "dt": "2021-11-04T15:30:00", "WOJ": 22, "sev": 2, "c": [ 255, 165, 0, 160 ], "dmg": 1, "sli": 0, "ser": 1, "fat": 0, "row": -1, "mot": -1, "pie": 2, "uto": -1, "uwr": -1 }, "geometry": { "type": "Point", "coordinates": [ 18.566778, 54.373861 ] } },
{ "type": "Feature", "properties": { "ID": 113001727, "yr": 2021, "dt": "2021-10-28T14:52:26", "WOJ": 22, "sev": 2, "c": [ 255, 165, 0, 160 ], "dmg": 3, "sli": 0, "ser": 1, "fat": 0, "row": -1, "mot": -1, "pie": -1, "uto": -1, "uwr": -1 }, "geometry": { "type": "Point", "coordinates": [ 18.720889, 53.708722 ] } },
{ "type": "Feature", "properties": { "ID": 112589089, "yr": 2021, "dt": "2021-10-23T17:56:27", "WOJ": 22, "sev": 2, "c": [ 255, 165, 0, 160 ], "dmg": 1, "sli": 1, "ser": 1, "fat": 0, "row": -1, "mot": -1, "pie": -1, "uto": -1, "uwr": -1 }, "geometry": { "type": "Point", "coordinates": [ 18.231972, 54.605111 ] } },
{ "type": "Feature", "properties": { "ID": 110280107, "yr": 2021, "dt": "2021-06-16T15:24:12", "WOJ": 22, "sev": 2, "c": [ 255, 165, 0, 160 ], "dmg": 1, "sli": 0, "ser": 1, "fat": 0, "row": -1, "mot": 2, "pie": -1, "uto": -1, "uwr": -1 }, "geometry": { "type": "Point", "coordinates": [ 18.414278, 54.563 ] } },
{ "type": "Feature", "properties": { "ID": 110284103, "yr": 2021, "dt": "2021-06-16T15:36:00", "WOJ": 22, "sev": 2, "c": [ 255, 165, 0, 160 ], "dmg": 1, "sli": 0, "ser": 1, "fat": 0, "row": -1, "mot": -1, "pie": 2, "uto": -1, "uwr": -1 }, "geometry": { "type": "Point", "coordinates": [ 18.532222, 54.496889 ] } },
{ "type": "Feature", "properties": { "ID": 110298651, "yr": 2021, "dt": "2021-06-16T15:05:00", "WOJ": 22, "sev": 2, "c": [ 255, 165, 0, 160 ], "dmg": 1, "sli": 0, "ser": 1, "fat": 0, "row": 2, "mot": -1, "pie": -1, "uto": -1, "uwr": -1 }, "geometry": { "type": "Point", "coordinates": [ 18.609667, 54.388722 ] } },
{ "type": "Feature", "properties": { "ID": 110282544, "yr": 2021, "dt": "2021-06-17T08:05:00", "WOJ": 22, "sev": 2, "c": [ 255, 165, 0, 160 ], "dmg": 1, "sli": 0, "ser": 1, "fat": 0, "row": 0, "mot": -1, "pie": 2, "uto": -1, "uwr": -1 }, "geometry": { "type": "Point", "coordinates": [ 21.023194, 52.187778 ] } },
{ "type": "Feature", "properties": { "ID": 110279594, "yr": 2021, "dt": "2021-06-13T15:10:00", "WOJ": 22, "sev": 2, "c": [ 255, 165, 0, 160 ], "dmg": 1, "sli": 1, "ser": 1, "fat": 0, "row": -1, "mot": -1, "pie": 2, "uto": -1, "uwr": -1 }, "geometry": { "type": "Point", "coordinates": [ 17.972333, 53.797889 ] } },
{ "type": "Feature", "properties": { "ID": 110271040, "yr": 2021, "dt": "2021-06-13T17:40:00", "WOJ": 22, "sev": 2, "c": [ 255, 165, 0, 160 ], "dmg": 1, "sli": 0, "ser": 1, "fat": 0, "row": -1, "mot": -1, "pie": 2, "uto": -1, "uwr": -1 }, "geometry": { "type": "Point", "coordinates": [ 18.622139, 54.373861 ] } },
{ "type": "Feature", "properties": { "ID": 115321822, "yr": 2021, "dt": "2021-12-11T11:20:09", "WOJ": 22, "sev": 2, "c": [ 255, 165, 0, 160 ], "dmg": 1, "sli": 3, "ser": 1, "fat": 0, "row": -1, "mot": -1, "pie": -1, "uto": -1, "uwr": -1 }, "geometry": { "type": "Point", "coordinates": [ 18.208028, 54.225694 ] } },
{ "type": "Feature", "properties": { "ID": 115006507, "yr": 2021, "dt": "2021-12-12T01:25:00", "WOJ": 22, "sev": 2, "c": [ 255, 165, 0, 160 ], "dmg": 1, "sli": 0, "ser": 1, "fat": 0, "row": -1, "mot": -1, "pie": 2, "uto": -1, "uwr": -1 }, "geometry": { "type": "Point", "coordinates": [ 18.629278, 54.315139 ] } },
{ "type": "Feature", "properties": { "ID": 113987861, "yr": 2021, "dt": "2021-12-05T12:15:00", "WOJ": 22, "sev": 2, "c": [ 255, 165, 0, 160 ], "dmg": 2, "sli": 0, "ser": 1, "fat": 0, "row": -1, "mot": 0, "pie": 2, "uto": -1, "uwr": -1 }, "geometry": { "type": "Point", "coordinates": [ 18.544556, 54.519222 ] } },
{ "type": "Feature", "properties": { "ID": 113963308, "yr": 2021, "dt": "2021-12-05T16:40:00", "WOJ": 22, "sev": 2, "c": [ 255, 165, 0, 160 ], "dmg": 1, "sli": 0, "ser": 1, "fat": 0, "row": -1, "mot": -1, "pie": 2, "uto": -1, "uwr": -1 }, "geometry": { "type": "Point", "coordinates": [ 17.967222, 53.797778 ] } },
{ "type": "Feature", "properties": { "ID": 114051820, "yr": 2021, "dt": "2021-12-05T17:10:00", "WOJ": 22, "sev": 2, "c": [ 255, 165, 0, 160 ], "dmg": 1, "sli": 0, "ser": 1, "fat": 0, "row": -1, "mot": -1, "pie": 2, "uto": -1, "uwr": -1 }, "geometry": { "type": "Point", "coordinates": [ 16.989139, 54.465278 ] } },
{ "type": "Feature", "properties": { "ID": 114140834, "yr": 2021, "dt": "2021-12-06T09:46:55", "WOJ": 22, "sev": 2, "c": [ 255, 165, 0, 160 ], "dmg": 0, "sli": 1, "ser": 1, "fat": 0, "row": -1, "mot": -1, "pie": -1, "uto": -1, "uwr": -1 }, "geometry": { "type": "Point", "coordinates": [ 18.339556, 54.2975 ] } },
{ "type": "Feature", "properties": { "ID": 110059656, "yr": 2021, "dt": "2021-03-17T16:35:46", "WOJ": 22, "sev": 2, "c": [ 255, 165, 0, 160 ], "dmg": 1, "sli": 0, "ser": 1, "fat": 0, "row": 2, "mot": -1, "pie": -1, "uto": -1, "uwr": -1 }, "geometry": { "type": "Point", "coordinates": [ 18.220083, 54.486722 ] } },
{ "type": "Feature", "properties": { "ID": 110060953, "yr": 2021, "dt": "2021-03-19T06:25:34", "WOJ": 22, "sev": 2, "c": [ 255, 165, 0, 160 ], "dmg": 1, "sli": 0, "ser": 1, "fat": 0, "row": -1, "mot": -1, "pie": -1, "uto": -1, "uwr": -1 }, "geometry": { "type": "Point", "coordinates": [ 18.162306, 54.442222 ] } },
{ "type": "Feature", "properties": { "ID": 110050260, "yr": 2021, "dt": "2021-03-11T14:11:52", "WOJ": 22, "sev": 2, "c": [ 255, 165, 0, 160 ], "dmg": 0, "sli": 1, "ser": 1, "fat": 0, "row": -1, "mot": -1, "pie": -1, "uto": -1, "uwr": -1 }, "geometry": { "type": "Point", "coordinates": [ 18.718611, 54.24725 ] } },
{ "type": "Feature", "properties": { "ID": 110049455, "yr": 2021, "dt": "2021-03-11T13:53:28", "WOJ": 22, "sev": 2, "c": [ 255, 165, 0, 160 ], "dmg": 1, "sli": 0, "ser": 1, "fat": 0, "row": -1, "mot": -1, "pie": -1, "uto": -1, "uwr": -1 }, "geometry": { "type": "Point", "coordinates": [ 18.295111, 53.9575 ] } },
{ "type": "Feature", "properties": { "ID": 110051276, "yr": 2021, "dt": "2021-03-12T16:52:48", "WOJ": 22, "sev": 2, "c": [ 255, 165, 0, 160 ], "dmg": 2, "sli": 1, "ser": 1, "fat": 0, "row": -1, "mot": -1, "pie": -1, "uto": -1, "uwr": -1 }, "geometry": { "type": "Point", "coordinates": [ 17.096472, 53.575944 ] } },
{ "type": "Feature", "properties": { "ID": 113303856, "yr": 2021, "dt": "2021-11-05T09:30:00", "WOJ": 22, "sev": 2, "c": [ 255, 165, 0, 160 ], "dmg": 1, "sli": 0, "ser": 1, "fat": 0, "row": 2, "mot": -1, "pie": -1, "uto": -1, "uwr": -1 }, "geometry": { "type": "Point", "coordinates": [ 18.938056, 53.602083 ] } },
{ "type": "Feature", "properties": { "ID": 113303935, "yr": 2021, "dt": "2021-11-08T13:21:16", "WOJ": 22, "sev": 2, "c": [ 255, 165, 0, 160 ], "dmg": 2, "sli": 0, "ser": 1, "fat": 0, "row": -1, "mot": -1, "pie": -1, "uto": -1, "uwr": -1 }, "geometry": { "type": "Point", "coordinates": [ 17.959639, 54.461111 ] } },
{ "type": "Feature", "properties": { "ID": 113085189, "yr": 2021, "dt": "2021-11-02T07:00:00", "WOJ": 22, "sev": 2, "c": [ 255, 165, 0, 160 ], "dmg": 1, "sli": 0, "ser": 1, "fat": 0, "row": 2, "mot": -1, "pie": -1, "uto": -1, "uwr": -1 }, "geometry": { "type": "Point", "coordinates": [ 17.558111, 53.700556 ] } },
{ "type": "Feature", "properties": { "ID": 113126820, "yr": 2021, "dt": "2021-11-03T10:30:00", "WOJ": 22, "sev": 2, "c": [ 255, 165, 0, 160 ], "dmg": 0, "sli": 0, "ser": 1, "fat": 0, "row": 2, "mot": -1, "pie": -1, "uto": -1, "uwr": -1 }, "geometry": { "type": "Point", "coordinates": [ 17.538833, 54.188861 ] } },
{ "type": "Feature", "properties": { "ID": 110253332, "yr": 2021, "dt": "2021-06-04T12:43:09", "WOJ": 22, "sev": 2, "c": [ 255, 165, 0, 160 ], "dmg": 0, "sli": 0, "ser": 1, "fat": 0, "row": -1, "mot": -1, "pie": -1, "uto": -1, "uwr": -1 }, "geometry": { "type": "Point", "coordinates": [ 18.51, 54.491583 ] } },
{ "type": "Feature", "properties": { "ID": 110232061, "yr": 2021, "dt": "2021-06-01T15:17:19", "WOJ": 22, "sev": 2, "c": [ 255, 165, 0, 160 ], "dmg": 1, "sli": 0, "ser": 1, "fat": 0, "row": -1, "mot": -1, "pie": -1, "uto": -1, "uwr": -1 }, "geometry": { "type": "Point", "coordinates": [ 18.494444, 54.000278 ] } },
{ "type": "Feature", "properties": { "ID": 110232375, "yr": 2021, "dt": "2021-06-02T08:05:38", "WOJ": 22, "sev": 2, "c": [ 255, 165, 0, 160 ], "dmg": 1, "sli": 0, "ser": 1, "fat": 0, "row": 2, "mot": -1, "pie": -1, "uto": -1, "uwr": -1 }, "geometry": { "type": "Point", "coordinates": [ 18.387361, 54.571139 ] } },
{ "type": "Feature", "properties": { "ID": 110322307, "yr": 2021, "dt": "2021-05-29T11:00:00", "WOJ": 22, "sev": 2, "c": [ 255, 165, 0, 160 ], "dmg": 1, "sli": 0, "ser": 1, "fat": 0, "row": -1, "mot": -1, "pie": -1, "uto": -1, "uwr": -1 }, "geometry": { "type": "Point", "coordinates": [ 18.615889, 54.348028 ] } },
{ "type": "Feature", "properties": { "ID": 110219998, "yr": 2021, "dt": "2021-05-29T20:52:48", "WOJ": 22, "sev": 2, "c": [ 255, 165, 0, 160 ], "dmg": 0, "sli": 0, "ser": 2, "fat": 0, "row": -1, "mot": -1, "pie": -1, "uto": -1, "uwr": -1 }, "geometry": { "type": "Point", "coordinates": [ 18.069583, 54.088889 ] } },
{ "type": "Feature", "properties": { "ID": 110219876, "yr": 2021, "dt": "2021-05-29T18:18:17", "WOJ": 22, "sev": 2, "c": [ 255, 165, 0, 160 ], "dmg": 0, "sli": 0, "ser": 1, "fat": 0, "row": -1, "mot": -1, "pie": -1, "uto": -1, "uwr": -1 }, "geometry": { "type": "Point", "coordinates": [ 17.862083, 54.466889 ] } },
{ "type": "Feature", "properties": { "ID": 110208516, "yr": 2021, "dt": "2021-05-26T08:58:29", "WOJ": 22, "sev": 2, "c": [ 255, 165, 0, 160 ], "dmg": 1, "sli": 0, "ser": 1, "fat": 0, "row": -1, "mot": -1, "pie": -1, "uto": -1, "uwr": -1 }, "geometry": { "type": "Point", "coordinates": [ 19.351139, 53.925861 ] } },
{ "type": "Feature", "properties": { "ID": 110208410, "yr": 2021, "dt": "2021-05-26T06:35:00", "WOJ": 22, "sev": 2, "c": [ 255, 165, 0, 160 ], "dmg": 1, "sli": 0, "ser": 1, "fat": 0, "row": 2, "mot": -1, "pie": -1, "uto": -1, "uwr": -1 }, "geometry": { "type": "Point", "coordinates": [ 18.584194, 54.3785 ] } },
{ "type": "Feature", "properties": { "ID": 113401996, "yr": 2021, "dt": "2021-11-10T13:45:03", "WOJ": 22, "sev": 2, "c": [ 255, 165, 0, 160 ], "dmg": 1, "sli": 0, "ser": 1, "fat": 0, "row": -1, "mot": -1, "pie": 2, "uto": -1, "uwr": -1 }, "geometry": { "type": "Point", "coordinates": [ 18.416583, 54.56875 ] } },
{ "type": "Feature", "properties": { "ID": 110263302, "yr": 2021, "dt": "2021-06-09T16:32:39", "WOJ": 22, "sev": 2, "c": [ 255, 165, 0, 160 ], "dmg": 1, "sli": 0, "ser": 1, "fat": 0, "row": -1, "mot": -1, "pie": -1, "uto": -1, "uwr": -1 }, "geometry": { "type": "Point", "coordinates": [ 18.113389, 54.431806 ] } },
{ "type": "Feature", "properties": { "ID": 110266701, "yr": 2021, "dt": "2021-06-10T20:00:00", "WOJ": 22, "sev": 2, "c": [ 255, 165, 0, 160 ], "dmg": 1, "sli": 0, "ser": 1, "fat": 0, "row": -1, "mot": -1, "pie": 2, "uto": -1, "uwr": -1 }, "geometry": { "type": "Point", "coordinates": [ 16.852444, 54.572278 ] } },
{ "type": "Feature", "properties": { "ID": 110263741, "yr": 2021, "dt": "2021-06-10T02:51:09", "WOJ": 22, "sev": 2, "c": [ 255, 165, 0, 160 ], "dmg": 0, "sli": 0, "ser": 3, "fat": 0, "row": -1, "mot": -1, "pie": -1, "uto": -1, "uwr": -1 }, "geometry": { "type": "Point", "coordinates": [ 18.133083, 54.077639 ] } },
{ "type": "Feature", "properties": { "ID": 110260530, "yr": 2021, "dt": "2021-06-06T03:05:00", "WOJ": 22, "sev": 2, "c": [ 255, 165, 0, 160 ], "dmg": 1, "sli": 0, "ser": 1, "fat": 0, "row": -1, "mot": -1, "pie": -1, "uto": -1, "uwr": -1 }, "geometry": { "type": "Point", "coordinates": [ 17.596806, 53.858917 ] } },
{ "type": "Feature", "properties": { "ID": 110256059, "yr": 2021, "dt": "2021-06-06T03:50:00", "WOJ": 22, "sev": 2, "c": [ 255, 165, 0, 160 ], "dmg": 0, "sli": 0, "ser": 1, "fat": 0, "row": -1, "mot": 2, "pie": -1, "uto": -1, "uwr": -1 }, "geometry": { "type": "Point", "coordinates": [ 18.540833, 54.430556 ] } },
{ "type": "Feature", "properties": { "ID": 110260204, "yr": 2021, "dt": "2021-06-07T19:22:29", "WOJ": 22, "sev": 2, "c": [ 255, 165, 0, 160 ], "dmg": 1, "sli": 0, "ser": 1, "fat": 0, "row": -1, "mot": -1, "pie": 2, "uto": -1, "uwr": -1 }, "geometry": { "type": "Point", "coordinates": [ 18.026833, 54.437389 ] } },
{ "type": "Feature", "properties": { "ID": 110249902, "yr": 2021, "dt": "2021-06-02T12:58:00", "WOJ": 22, "sev": 2, "c": [ 255, 165, 0, 160 ], "dmg": 1, "sli": 0, "ser": 1, "fat": 0, "row": -1, "mot": 2, "pie": -1, "uto": -1, "uwr": -1 }, "geometry": { "type": "Point", "coordinates": [ 18.521778, 54.291667 ] } },
{ "type": "Feature", "properties": { "ID": 114911820, "yr": 2021, "dt": "2021-12-10T05:37:15", "WOJ": 22, "sev": 2, "c": [ 255, 165, 0, 160 ], "dmg": 1, "sli": 0, "ser": 1, "fat": 0, "row": -1, "mot": -1, "pie": -1, "uto": -1, "uwr": -1 }, "geometry": { "type": "Point", "coordinates": [ 18.005194, 54.691806 ] } },
{ "type": "Feature", "properties": { "ID": 110210065, "yr": 2021, "dt": "2021-05-26T15:45:00", "WOJ": 22, "sev": 2, "c": [ 255, 165, 0, 160 ], "dmg": 2, "sli": 0, "ser": 1, "fat": 0, "row": 2, "mot": -1, "pie": -1, "uto": -1, "uwr": -1 }, "geometry": { "type": "Point", "coordinates": [ 16.891444, 54.563361 ] } },
{ "type": "Feature", "properties": { "ID": 110251570, "yr": 2021, "dt": "2021-05-28T07:20:00", "WOJ": 22, "sev": 2, "c": [ 255, 165, 0, 160 ], "dmg": 1, "sli": 0, "ser": 1, "fat": 0, "row": 2, "mot": -1, "pie": -1, "uto": -1, "uwr": -1 }, "geometry": { "type": "Point", "coordinates": [ 18.590833, 54.403333 ] } },
{ "type": "Feature", "properties": { "ID": 110197095, "yr": 2021, "dt": "2021-05-22T21:50:00", "WOJ": 22, "sev": 2, "c": [ 255, 165, 0, 160 ], "dmg": 1, "sli": 0, "ser": 1, "fat": 0, "row": -1, "mot": -1, "pie": -1, "uto": -1, "uwr": -1 }, "geometry": { "type": "Point", "coordinates": [ 18.541083, 54.326361 ] } },
{ "type": "Feature", "properties": { "ID": 110205410, "yr": 2021, "dt": "2021-05-23T19:56:49", "WOJ": 22, "sev": 2, "c": [ 255, 165, 0, 160 ], "dmg": 1, "sli": 0, "ser": 1, "fat": 0, "row": 2, "mot": -1, "pie": -1, "uto": -1, "uwr": -1 }, "geometry": { "type": "Point", "coordinates": [ 18.872417, 53.721611 ] } },
{ "type": "Feature", "properties": { "ID": 110191826, "yr": 2021, "dt": "2021-05-19T16:15:00", "WOJ": 22, "sev": 2, "c": [ 255, 165, 0, 160 ], "dmg": 1, "sli": 0, "ser": 1, "fat": 0, "row": 2, "mot": -1, "pie": -1, "uto": -1, "uwr": -1 }, "geometry": { "type": "Point", "coordinates": [ 18.583972, 54.378444 ] } },
{ "type": "Feature", "properties": { "ID": 110186652, "yr": 2021, "dt": "2021-05-17T09:54:37", "WOJ": 22, "sev": 2, "c": [ 255, 165, 0, 160 ], "dmg": 1, "sli": 0, "ser": 1, "fat": 0, "row": -1, "mot": -1, "pie": -1, "uto": -1, "uwr": -1 }, "geometry": { "type": "Point", "coordinates": [ 18.399417, 54.338472 ] } },
{ "type": "Feature", "properties": { "ID": 110186719, "yr": 2021, "dt": "2021-05-17T09:59:47", "WOJ": 22, "sev": 2, "c": [ 255, 165, 0, 160 ], "dmg": 0, "sli": 0, "ser": 1, "fat": 0, "row": 2, "mot": -1, "pie": -1, "uto": -1, "uwr": -1 }, "geometry": { "type": "Point", "coordinates": [ 18.311917, 54.816556 ] } },
{ "type": "Feature", "properties": { "ID": 113469762, "yr": 2021, "dt": "2021-11-17T09:33:57", "WOJ": 22, "sev": 2, "c": [ 255, 165, 0, 160 ], "dmg": 1, "sli": 0, "ser": 1, "fat": 0, "row": -1, "mot": -1, "pie": 2, "uto": -1, "uwr": -1 }, "geometry": { "type": "Point", "coordinates": [ 18.199861, 54.341139 ] } },
{ "type": "Feature", "properties": { "ID": 113477052, "yr": 2021, "dt": "2021-11-18T16:15:00", "WOJ": 22, "sev": 2, "c": [ 255, 165, 0, 160 ], "dmg": 1, "sli": 0, "ser": 1, "fat": 0, "row": -1, "mot": -1, "pie": 2, "uto": -1, "uwr": -1 }, "geometry": { "type": "Point", "coordinates": [ 17.005361, 54.470667 ] } },
{ "type": "Feature", "properties": { "ID": 113304294, "yr": 2021, "dt": "2021-11-09T06:20:00", "WOJ": 22, "sev": 2, "c": [ 255, 165, 0, 160 ], "dmg": 1, "sli": 0, "ser": 1, "fat": 0, "row": -1, "mot": -1, "pie": 2, "uto": -1, "uwr": -1 }, "geometry": { "type": "Point", "coordinates": [ 18.448167, 54.552056 ] } },
{ "type": "Feature", "properties": { "ID": 110256889, "yr": 2021, "dt": "2021-06-05T07:30:00", "WOJ": 22, "sev": 2, "c": [ 255, 165, 0, 160 ], "dmg": 1, "sli": 0, "ser": 1, "fat": 0, "row": 2, "mot": -1, "pie": -1, "uto": -1, "uwr": -1 }, "geometry": { "type": "Point", "coordinates": [ 18.598333, 54.3825 ] } },
{ "type": "Feature", "properties": { "ID": 110254763, "yr": 2021, "dt": "2021-06-05T06:16:21", "WOJ": 22, "sev": 2, "c": [ 255, 165, 0, 160 ], "dmg": 1, "sli": 0, "ser": 1, "fat": 0, "row": -1, "mot": -1, "pie": -1, "uto": -1, "uwr": -1 }, "geometry": { "type": "Point", "coordinates": [ 18.224528, 54.069944 ] } },
{ "type": "Feature", "properties": { "ID": 110262678, "yr": 2021, "dt": "2021-06-05T17:30:00", "WOJ": 22, "sev": 2, "c": [ 255, 165, 0, 160 ], "dmg": 1, "sli": 0, "ser": 1, "fat": 0, "row": 2, "mot": -1, "pie": -1, "uto": -1, "uwr": -1 }, "geometry": { "type": "Point", "coordinates": [ 17.021917, 54.602222 ] } },
{ "type": "Feature", "properties": { "ID": 110231831, "yr": 2021, "dt": "2021-06-01T09:10:00", "WOJ": 22, "sev": 2, "c": [ 255, 165, 0, 160 ], "dmg": 1, "sli": 0, "ser": 1, "fat": 0, "row": -1, "mot": -1, "pie": -1, "uto": -1, "uwr": -1 }, "geometry": { "type": "Point", "coordinates": [ 17.554444, 53.602778 ] } },
{ "type": "Feature", "properties": { "ID": 110232069, "yr": 2021, "dt": "2021-06-01T16:07:30", "WOJ": 22, "sev": 2, "c": [ 255, 165, 0, 160 ], "dmg": 0, "sli": 0, "ser": 1, "fat": 0, "row": -1, "mot": -1, "pie": -1, "uto": -1, "uwr": -1 }, "geometry": { "type": "Point", "coordinates": [ 18.79425, 54.056028 ] } },
{ "type": "Feature", "properties": { "ID": 110246499, "yr": 2021, "dt": "2021-06-01T12:35:00", "WOJ": 22, "sev": 2, "c": [ 255, 165, 0, 160 ], "dmg": 0, "sli": 1, "ser": 1, "fat": 0, "row": 2, "mot": -1, "pie": -1, "uto": -1, "uwr": -1 }, "geometry": { "type": "Point", "coordinates": [ 18.602222, 54.380278 ] } },
{ "type": "Feature", "properties": { "ID": 114541896, "yr": 2021, "dt": "2021-12-08T17:35:16", "WOJ": 22, "sev": 2, "c": [ 255, 165, 0, 160 ], "dmg": 3, "sli": 0, "ser": 2, "fat": 0, "row": -1, "mot": -1, "pie": -1, "uto": -1, "uwr": -1 }, "geometry": { "type": "Point", "coordinates": [ 19.029972, 53.920667 ] } },
{ "type": "Feature", "properties": { "ID": 113755691, "yr": 2021, "dt": "2021-12-02T09:44:00", "WOJ": 22, "sev": 2, "c": [ 255, 165, 0, 160 ], "dmg": 1, "sli": 0, "ser": 1, "fat": 0, "row": -1, "mot": -1, "pie": -1, "uto": -1, "uwr": -1 }, "geometry": { "type": "Point", "coordinates": [ 18.919667, 53.726194 ] } },
{ "type": "Feature", "properties": { "ID": 113815923, "yr": 2021, "dt": "2021-12-02T13:55:00", "WOJ": 22, "sev": 2, "c": [ 255, 165, 0, 160 ], "dmg": 1, "sli": 0, "ser": 1, "fat": 0, "row": -1, "mot": -1, "pie": -1, "uto": -1, "uwr": -1 }, "geometry": { "type": "Point", "coordinates": [ 18.544306, 54.508583 ] } },
{ "type": "Feature", "properties": { "ID": 113825067, "yr": 2021, "dt": "2021-12-02T21:04:04", "WOJ": 22, "sev": 2, "c": [ 255, 165, 0, 160 ], "dmg": 0, "sli": 0, "ser": 1, "fat": 0, "row": -1, "mot": -1, "pie": -1, "uto": -1, "uwr": -1 }, "geometry": { "type": "Point", "coordinates": [ 18.034972, 54.455778 ] } },
{ "type": "Feature", "properties": { "ID": 110118300, "yr": 2021, "dt": "2021-04-04T22:45:00", "WOJ": 22, "sev": 2, "c": [ 255, 165, 0, 160 ], "dmg": 0, "sli": 0, "ser": 4, "fat": 0, "row": -1, "mot": -1, "pie": -1, "uto": -1, "uwr": -1 }, "geometry": { "type": "Point", "coordinates": [ 17.023528, 54.456361 ] } },
{ "type": "Feature", "properties": { "ID": 110105006, "yr": 2021, "dt": "2021-04-06T16:50:00", "WOJ": 22, "sev": 2, "c": [ 255, 165, 0, 160 ], "dmg": 1, "sli": 0, "ser": 1, "fat": 0, "row": -1, "mot": -1, "pie": 2, "uto": -1, "uwr": -1 }, "geometry": { "type": "Point", "coordinates": [ 18.579472, 54.356722 ] } },
{ "type": "Feature", "properties": { "ID": 110108140, "yr": 2021, "dt": "2021-04-06T08:05:00", "WOJ": 22, "sev": 2, "c": [ 255, 165, 0, 160 ], "dmg": 1, "sli": 0, "ser": 1, "fat": 0, "row": -1, "mot": -1, "pie": 2, "uto": -1, "uwr": -1 }, "geometry": { "type": "Point", "coordinates": [ 17.550583, 53.624167 ] } },
{ "type": "Feature", "properties": { "ID": 110090034, "yr": 2021, "dt": "2021-03-30T11:11:19", "WOJ": 22, "sev": 2, "c": [ 255, 165, 0, 160 ], "dmg": 1, "sli": 0, "ser": 2, "fat": 0, "row": -1, "mot": -1, "pie": -1, "uto": -1, "uwr": -1 }, "geometry": { "type": "Point", "coordinates": [ 18.200056, 54.341167 ] } },
{ "type": "Feature", "properties": { "ID": 110069800, "yr": 2021, "dt": "2021-03-22T15:10:00", "WOJ": 22, "sev": 2, "c": [ 255, 165, 0, 160 ], "dmg": 0, "sli": 1, "ser": 1, "fat": 0, "row": -1, "mot": -1, "pie": -1, "uto": -1, "uwr": -1 }, "geometry": { "type": "Point", "coordinates": [ 17.097444, 54.595444 ] } },
{ "type": "Feature", "properties": { "ID": 110184842, "yr": 2021, "dt": "2021-05-16T11:13:23", "WOJ": 22, "sev": 2, "c": [ 255, 165, 0, 160 ], "dmg": 2, "sli": 1, "ser": 1, "fat": 0, "row": -1, "mot": -1, "pie": -1, "uto": -1, "uwr": -1 }, "geometry": { "type": "Point", "coordinates": [ 18.375833, 54.539361 ] } },
{ "type": "Feature", "properties": { "ID": 110175773, "yr": 2021, "dt": "2021-05-11T05:57:23", "WOJ": 22, "sev": 2, "c": [ 255, 165, 0, 160 ], "dmg": 0, "sli": 0, "ser": 1, "fat": 0, "row": -1, "mot": -1, "pie": -1, "uto": -1, "uwr": -1 }, "geometry": { "type": "Point", "coordinates": [ 18.244778, 54.567444 ] } },
{ "type": "Feature", "properties": { "ID": 113482859, "yr": 2021, "dt": "2021-11-19T11:15:48", "WOJ": 22, "sev": 2, "c": [ 255, 165, 0, 160 ], "dmg": 1, "sli": 0, "ser": 1, "fat": 0, "row": -1, "mot": -1, "pie": -1, "uto": -1, "uwr": -1 }, "geometry": { "type": "Point", "coordinates": [ 18.938056, 53.732167 ] } },
{ "type": "Feature", "properties": { "ID": 113482842, "yr": 2021, "dt": "2021-11-19T10:55:05", "WOJ": 22, "sev": 2, "c": [ 255, 165, 0, 160 ], "dmg": 1, "sli": 0, "ser": 1, "fat": 0, "row": -1, "mot": -1, "pie": 2, "uto": -1, "uwr": -1 }, "geometry": { "type": "Point", "coordinates": [ 17.741694, 54.537694 ] } },
{ "type": "Feature", "properties": { "ID": 113483629, "yr": 2021, "dt": "2021-11-20T16:10:42", "WOJ": 22, "sev": 2, "c": [ 255, 165, 0, 160 ], "dmg": 1, "sli": 0, "ser": 1, "fat": 0, "row": -1, "mot": -1, "pie": 2, "uto": -1, "uwr": -1 }, "geometry": { "type": "Point", "coordinates": [ 18.539944, 54.492222 ] } },
{ "type": "Feature", "properties": { "ID": 113404671, "yr": 2021, "dt": "2021-11-12T15:11:47", "WOJ": 22, "sev": 2, "c": [ 255, 165, 0, 160 ], "dmg": 0, "sli": 0, "ser": 1, "fat": 0, "row": -1, "mot": -1, "pie": -1, "uto": -1, "uwr": -1 }, "geometry": { "type": "Point", "coordinates": [ 18.406972, 54.561111 ] } },
{ "type": "Feature", "properties": { "ID": 116738444, "yr": 2021, "dt": "2021-11-05T08:00:00", "WOJ": 22, "sev": 2, "c": [ 255, 165, 0, 160 ], "dmg": 1, "sli": 0, "ser": 1, "fat": 0, "row": -1, "mot": -1, "pie": -1, "uto": -1, "uwr": -1 }, "geometry": { "type": "Point", "coordinates": [ 18.536278, 54.345083 ] } },
{ "type": "Feature", "properties": { "ID": 110173410, "yr": 2021, "dt": "2021-05-09T17:41:00", "WOJ": 22, "sev": 2, "c": [ 255, 165, 0, 160 ], "dmg": 1, "sli": 0, "ser": 1, "fat": 0, "row": 2, "mot": -1, "pie": -1, "uto": -1, "uwr": -1 }, "geometry": { "type": "Point", "coordinates": [ 18.454333, 54.546889 ] } },
{ "type": "Feature", "properties": { "ID": 110173190, "yr": 2021, "dt": "2021-05-09T10:50:45", "WOJ": 22, "sev": 2, "c": [ 255, 165, 0, 160 ], "dmg": 0, "sli": 0, "ser": 1, "fat": 0, "row": -1, "mot": -1, "pie": -1, "uto": -1, "uwr": -1 }, "geometry": { "type": "Point", "coordinates": [ 17.861889, 54.553972 ] } },
{ "type": "Feature", "properties": { "ID": 110174379, "yr": 2021, "dt": "2021-05-10T13:47:07", "WOJ": 22, "sev": 2, "c": [ 255, 165, 0, 160 ], "dmg": 1, "sli": 0, "ser": 1, "fat": 0, "row": -1, "mot": -1, "pie": 2, "uto": -1, "uwr": -1 }, "geometry": { "type": "Point", "coordinates": [ 17.554389, 54.758194 ] } },
{ "type": "Feature", "properties": { "ID": 110175430, "yr": 2021, "dt": "2021-05-10T16:45:00", "WOJ": 22, "sev": 2, "c": [ 255, 165, 0, 160 ], "dmg": 0, "sli": 0, "ser": 1, "fat": 0, "row": -1, "mot": 2, "pie": -1, "uto": -1, "uwr": -1 }, "geometry": { "type": "Point", "coordinates": [ 17.706194, 54.337528 ] } },
{ "type": "Feature", "properties": { "ID": 110175456, "yr": 2021, "dt": "2021-05-10T16:48:24", "WOJ": 22, "sev": 2, "c": [ 255, 165, 0, 160 ], "dmg": 1, "sli": 0, "ser": 1, "fat": 0, "row": -1, "mot": 2, "pie": -1, "uto": -1, "uwr": -1 }, "geometry": { "type": "Point", "coordinates": [ 18.257028, 54.601417 ] } },
{ "type": "Feature", "properties": { "ID": 110166801, "yr": 2021, "dt": "2021-05-05T17:15:00", "WOJ": 22, "sev": 2, "c": [ 255, 165, 0, 160 ], "dmg": 1, "sli": 0, "ser": 1, "fat": 0, "row": -1, "mot": -1, "pie": 2, "uto": -1, "uwr": -1 }, "geometry": { "type": "Point", "coordinates": [ 18.548528, 54.505806 ] } },
{ "type": "Feature", "properties": { "ID": 110166729, "yr": 2021, "dt": "2021-05-05T16:50:32", "WOJ": 22, "sev": 2, "c": [ 255, 165, 0, 160 ], "dmg": 1, "sli": 0, "ser": 1, "fat": 0, "row": 2, "mot": -1, "pie": -1, "uto": -1, "uwr": -1 }, "geometry": { "type": "Point", "coordinates": [ 18.456472, 54.535361 ] } },
{ "type": "Feature", "properties": { "ID": 113515862, "yr": 2021, "dt": "2021-11-22T08:40:00", "WOJ": 22, "sev": 2, "c": [ 255, 165, 0, 160 ], "dmg": 2, "sli": 0, "ser": 1, "fat": 0, "row": -1, "mot": -1, "pie": -1, "uto": -1, "uwr": -1 }, "geometry": { "type": "Point", "coordinates": [ 18.204583, 54.513917 ] } },
{ "type": "Feature", "properties": { "ID": 113336166, "yr": 2021, "dt": "2021-11-09T13:01:59", "WOJ": 22, "sev": 2, "c": [ 255, 165, 0, 160 ], "dmg": 0, "sli": 0, "ser": 1, "fat": 0, "row": -1, "mot": -1, "pie": -1, "uto": -1, "uwr": -1 }, "geometry": { "type": "Point", "coordinates": [ 17.821806, 54.773861 ] } },
{ "type": "Feature", "properties": { "ID": 110189356, "yr": 2021, "dt": "2021-05-18T11:47:02", "WOJ": 22, "sev": 2, "c": [ 255, 165, 0, 160 ], "dmg": 1, "sli": 0, "ser": 1, "fat": 0, "row": -1, "mot": -1, "pie": -1, "uto": -1, "uwr": -1 }, "geometry": { "type": "Point", "coordinates": [ 18.442694, 54.273944 ] } },
{ "type": "Feature", "properties": { "ID": 110192661, "yr": 2021, "dt": "2021-05-19T18:50:32", "WOJ": 22, "sev": 2, "c": [ 255, 165, 0, 160 ], "dmg": 0, "sli": 1, "ser": 1, "fat": 0, "row": -1, "mot": -1, "pie": -1, "uto": -1, "uwr": -1 }, "geometry": { "type": "Point", "coordinates": [ 18.929222, 54.260889 ] } },
{ "type": "Feature", "properties": { "ID": 110183424, "yr": 2021, "dt": "2021-05-14T11:40:00", "WOJ": 22, "sev": 2, "c": [ 255, 165, 0, 160 ], "dmg": 1, "sli": 0, "ser": 1, "fat": 0, "row": -1, "mot": -1, "pie": 2, "uto": -1, "uwr": -1 }, "geometry": { "type": "Point", "coordinates": [ 18.593278, 54.417611 ] } },
{ "type": "Feature", "properties": { "ID": 110184012, "yr": 2021, "dt": "2021-05-14T21:35:00", "WOJ": 22, "sev": 2, "c": [ 255, 165, 0, 160 ], "dmg": 1, "sli": 0, "ser": 1, "fat": 0, "row": -1, "mot": -1, "pie": 2, "uto": -1, "uwr": -1 }, "geometry": { "type": "Point", "coordinates": [ 18.461806, 54.549 ] } },
{ "type": "Feature", "properties": { "ID": 110053427, "yr": 2021, "dt": "2021-03-13T13:43:22", "WOJ": 22, "sev": 2, "c": [ 255, 165, 0, 160 ], "dmg": 0, "sli": 0, "ser": 1, "fat": 0, "row": -1, "mot": -1, "pie": -1, "uto": -1, "uwr": -1 }, "geometry": { "type": "Point", "coordinates": [ 18.074278, 54.512278 ] } },
{ "type": "Feature", "properties": { "ID": 110052684, "yr": 2021, "dt": "2021-03-13T06:19:32", "WOJ": 22, "sev": 2, "c": [ 255, 165, 0, 160 ], "dmg": 1, "sli": 0, "ser": 1, "fat": 0, "row": -1, "mot": -1, "pie": -1, "uto": -1, "uwr": -1 }, "geometry": { "type": "Point", "coordinates": [ 17.537889, 54.207 ] } },
{ "type": "Feature", "properties": { "ID": 114332093, "yr": 2021, "dt": "2021-12-08T08:35:00", "WOJ": 22, "sev": 2, "c": [ 255, 165, 0, 160 ], "dmg": 1, "sli": 0, "ser": 1, "fat": 0, "row": -1, "mot": -1, "pie": 2, "uto": -1, "uwr": -1 }, "geometry": { "type": "Point", "coordinates": [ 18.590833, 54.387583 ] } },
{ "type": "Feature", "properties": { "ID": 110153245, "yr": 2021, "dt": "2021-04-29T09:10:00", "WOJ": 22, "sev": 2, "c": [ 255, 165, 0, 160 ], "dmg": 1, "sli": 0, "ser": 1, "fat": 0, "row": -1, "mot": -1, "pie": -1, "uto": -1, "uwr": -1 }, "geometry": { "type": "Point", "coordinates": [ 18.468417, 54.473861 ] } },
{ "type": "Feature", "properties": { "ID": 110158231, "yr": 2021, "dt": "2021-04-30T15:59:41", "WOJ": 22, "sev": 2, "c": [ 255, 165, 0, 160 ], "dmg": 1, "sli": 0, "ser": 1, "fat": 0, "row": -1, "mot": 2, "pie": -1, "uto": -1, "uwr": -1 }, "geometry": { "type": "Point", "coordinates": [ 19.421194, 54.373583 ] } },
{ "type": "Feature", "properties": { "ID": 110158536, "yr": 2021, "dt": "2021-04-30T22:37:41", "WOJ": 22, "sev": 2, "c": [ 255, 165, 0, 160 ], "dmg": 2, "sli": 1, "ser": 1, "fat": 0, "row": -1, "mot": -1, "pie": -1, "uto": -1, "uwr": -1 }, "geometry": { "type": "Point", "coordinates": [ 18.367806, 54.591167 ] } },
{ "type": "Feature", "properties": { "ID": 110161209, "yr": 2021, "dt": "2021-05-03T15:53:59", "WOJ": 22, "sev": 2, "c": [ 255, 165, 0, 160 ], "dmg": 2, "sli": 0, "ser": 1, "fat": 0, "row": -1, "mot": -1, "pie": -1, "uto": -1, "uwr": -1 }, "geometry": { "type": "Point", "coordinates": [ 18.548667, 54.372167 ] } },
{ "type": "Feature", "properties": { "ID": 110142509, "yr": 2021, "dt": "2021-04-24T14:40:00", "WOJ": 22, "sev": 2, "c": [ 255, 165, 0, 160 ], "dmg": 1, "sli": 0, "ser": 1, "fat": 0, "row": 2, "mot": -1, "pie": -1, "uto": -1, "uwr": -1 }, "geometry": { "type": "Point", "coordinates": [ 18.624861, 54.349361 ] } },
{ "type": "Feature", "properties": { "ID": 110144934, "yr": 2021, "dt": "2021-04-26T22:25:16", "WOJ": 22, "sev": 2, "c": [ 255, 165, 0, 160 ], "dmg": 1, "sli": 0, "ser": 1, "fat": 0, "row": -1, "mot": -1, "pie": 2, "uto": -1, "uwr": -1 }, "geometry": { "type": "Point", "coordinates": [ 18.536722, 54.509556 ] } },
{ "type": "Feature", "properties": { "ID": 110150233, "yr": 2021, "dt": "2021-04-28T10:20:00", "WOJ": 22, "sev": 2, "c": [ 255, 165, 0, 160 ], "dmg": 2, "sli": 1, "ser": 1, "fat": 0, "row": -1, "mot": -1, "pie": -1, "uto": -1, "uwr": -1 }, "geometry": { "type": "Point", "coordinates": [ 16.887417, 54.565083 ] } },
{ "type": "Feature", "properties": { "ID": 110153325, "yr": 2021, "dt": "2021-04-29T11:18:33", "WOJ": 22, "sev": 2, "c": [ 255, 165, 0, 160 ], "dmg": 1, "sli": 0, "ser": 1, "fat": 0, "row": -1, "mot": 2, "pie": -1, "uto": -1, "uwr": -1 }, "geometry": { "type": "Point", "coordinates": [ 18.363667, 54.604667 ] } },
{ "type": "Feature", "properties": { "ID": 110148810, "yr": 2021, "dt": "2021-04-21T18:30:00", "WOJ": 22, "sev": 2, "c": [ 255, 165, 0, 160 ], "dmg": 1, "sli": 0, "ser": 1, "fat": 0, "row": 2, "mot": -1, "pie": -1, "uto": -1, "uwr": -1 }, "geometry": { "type": "Point", "coordinates": [ 18.461194, 54.595278 ] } },
{ "type": "Feature", "properties": { "ID": 113505887, "yr": 2021, "dt": "2021-11-24T08:15:36", "WOJ": 22, "sev": 2, "c": [ 255, 165, 0, 160 ], "dmg": 0, "sli": 0, "ser": 2, "fat": 0, "row": -1, "mot": -1, "pie": -1, "uto": -1, "uwr": -1 }, "geometry": { "type": "Point", "coordinates": [ 18.254417, 54.583778 ] } },
{ "type": "Feature", "properties": { "ID": 113429962, "yr": 2021, "dt": "2021-11-14T15:22:00", "WOJ": 22, "sev": 2, "c": [ 255, 165, 0, 160 ], "dmg": 1, "sli": 0, "ser": 1, "fat": 0, "row": 2, "mot": -1, "pie": -1, "uto": -1, "uwr": -1 }, "geometry": { "type": "Point", "coordinates": [ 17.561028, 53.697667 ] } },
{ "type": "Feature", "properties": { "ID": 113428926, "yr": 2021, "dt": "2021-11-14T16:37:14", "WOJ": 22, "sev": 2, "c": [ 255, 165, 0, 160 ], "dmg": 1, "sli": 0, "ser": 1, "fat": 0, "row": 2, "mot": -1, "pie": -1, "uto": -1, "uwr": -1 }, "geometry": { "type": "Point", "coordinates": [ 18.403583, 54.577056 ] } },
{ "type": "Feature", "properties": { "ID": 110181711, "yr": 2021, "dt": "2021-05-13T16:25:00", "WOJ": 22, "sev": 2, "c": [ 255, 165, 0, 160 ], "dmg": 1, "sli": 0, "ser": 1, "fat": 0, "row": 2, "mot": -1, "pie": -1, "uto": -1, "uwr": -1 }, "geometry": { "type": "Point", "coordinates": [ 18.637, 54.290556 ] } },
{ "type": "Feature", "properties": { "ID": 110181814, "yr": 2021, "dt": "2021-05-13T19:50:06", "WOJ": 22, "sev": 2, "c": [ 255, 165, 0, 160 ], "dmg": 0, "sli": 1, "ser": 1, "fat": 0, "row": -1, "mot": -1, "pie": -1, "uto": -1, "uwr": -1 }, "geometry": { "type": "Point", "coordinates": [ 19.011583, 54.03825 ] } },
{ "type": "Feature", "properties": { "ID": 110173957, "yr": 2021, "dt": "2021-05-08T09:40:00", "WOJ": 22, "sev": 2, "c": [ 255, 165, 0, 160 ], "dmg": 1, "sli": 0, "ser": 1, "fat": 0, "row": 2, "mot": -1, "pie": -1, "uto": -1, "uwr": -1 }, "geometry": { "type": "Point", "coordinates": [ 18.6225, 54.396944 ] } },
{ "type": "Feature", "properties": { "ID": 110173551, "yr": 2021, "dt": "2021-05-09T18:30:00", "WOJ": 22, "sev": 2, "c": [ 255, 165, 0, 160 ], "dmg": 1, "sli": 0, "ser": 1, "fat": 0, "row": -1, "mot": -1, "pie": 2, "uto": -1, "uwr": -1 }, "geometry": { "type": "Point", "coordinates": [ 18.549194, 53.942778 ] } },
{ "type": "Feature", "properties": { "ID": 113963364, "yr": 2021, "dt": "2021-12-05T17:42:16", "WOJ": 22, "sev": 2, "c": [ 255, 165, 0, 160 ], "dmg": 0, "sli": 0, "ser": 2, "fat": 0, "row": -1, "mot": -1, "pie": -1, "uto": -1, "uwr": -1 }, "geometry": { "type": "Point", "coordinates": [ 17.979417, 54.463139 ] } },
{ "type": "Feature", "properties": { "ID": 113683861, "yr": 2021, "dt": "2021-11-30T16:03:26", "WOJ": 22, "sev": 2, "c": [ 255, 165, 0, 160 ], "dmg": 1, "sli": 0, "ser": 1, "fat": 0, "row": -1, "mot": -1, "pie": 2, "uto": -1, "uwr": -1 }, "geometry": { "type": "Point", "coordinates": [ 18.934944, 53.730556 ] } },
{ "type": "Feature", "properties": { "ID": 113497699, "yr": 2021, "dt": "2021-11-23T14:00:00", "WOJ": 22, "sev": 2, "c": [ 255, 165, 0, 160 ], "dmg": 1, "sli": 0, "ser": 1, "fat": 0, "row": -1, "mot": -1, "pie": -1, "uto": -1, "uwr": -1 }, "geometry": { "type": "Point", "coordinates": [ 18.024306, 53.858972 ] } },
{ "type": "Feature", "properties": { "ID": 110124337, "yr": 2021, "dt": "2021-04-13T18:00:00", "WOJ": 22, "sev": 2, "c": [ 255, 165, 0, 160 ], "dmg": 1, "sli": 1, "ser": 1, "fat": 0, "row": -1, "mot": -1, "pie": 2, "uto": -1, "uwr": -1 }, "geometry": { "type": "Point", "coordinates": [ 18.614556, 54.335833 ] } },
{ "type": "Feature", "properties": { "ID": 110133355, "yr": 2021, "dt": "2021-04-15T13:25:00", "WOJ": 22, "sev": 2, "c": [ 255, 165, 0, 160 ], "dmg": 1, "sli": 0, "ser": 1, "fat": 0, "row": -1, "mot": -1, "pie": -1, "uto": -1, "uwr": -1 }, "geometry": { "type": "Point", "coordinates": [ 17.742472, 54.352889 ] } },
{ "type": "Feature", "properties": { "ID": 110128068, "yr": 2021, "dt": "2021-04-16T16:00:00", "WOJ": 22, "sev": 2, "c": [ 255, 165, 0, 160 ], "dmg": 1, "sli": 2, "ser": 1, "fat": 0, "row": -1, "mot": -1, "pie": -1, "uto": -1, "uwr": -1 }, "geometry": { "type": "Point", "coordinates": [ 18.590889, 54.408278 ] } },
{ "type": "Feature", "properties": { "ID": 110104658, "yr": 2021, "dt": "2021-04-06T09:02:03", "WOJ": 22, "sev": 2, "c": [ 255, 165, 0, 160 ], "dmg": 0, "sli": 0, "ser": 1, "fat": 0, "row": -1, "mot": -1, "pie": -1, "uto": -1, "uwr": -1 }, "geometry": { "type": "Point", "coordinates": [ 18.197917, 54.200861 ] } },
{ "type": "Feature", "properties": { "ID": 110112788, "yr": 2021, "dt": "2021-04-07T22:02:40", "WOJ": 22, "sev": 2, "c": [ 255, 165, 0, 160 ], "dmg": 0, "sli": 1, "ser": 1, "fat": 0, "row": -1, "mot": -1, "pie": 2, "uto": -1, "uwr": -1 }, "geometry": { "type": "Point", "coordinates": [ 17.894528, 54.311139 ] } },
{ "type": "Feature", "properties": { "ID": 110117193, "yr": 2021, "dt": "2021-04-08T12:55:00", "WOJ": 22, "sev": 2, "c": [ 255, 165, 0, 160 ], "dmg": 1, "sli": 0, "ser": 1, "fat": 0, "row": 2, "mot": -1, "pie": -1, "uto": -1, "uwr": -1 }, "geometry": { "type": "Point", "coordinates": [ 17.011944, 54.463028 ] } },
{ "type": "Feature", "properties": { "ID": 110131995, "yr": 2021, "dt": "2021-04-19T13:48:18", "WOJ": 22, "sev": 2, "c": [ 255, 165, 0, 160 ], "dmg": 1, "sli": 0, "ser": 1, "fat": 0, "row": -1, "mot": 2, "pie": -1, "uto": -1, "uwr": -1 }, "geometry": { "type": "Point", "coordinates": [ 18.294139, 54.180806 ] } },
{ "type": "Feature", "properties": { "ID": 110132567, "yr": 2021, "dt": "2021-04-19T16:30:00", "WOJ": 22, "sev": 2, "c": [ 255, 165, 0, 160 ], "dmg": 1, "sli": 0, "ser": 1, "fat": 0, "row": 2, "mot": -1, "pie": -1, "uto": -1, "uwr": -1 }, "geometry": { "type": "Point", "coordinates": [ 17.546528, 53.705389 ] } },
{ "type": "Feature", "properties": { "ID": 110131983, "yr": 2021, "dt": "2021-04-19T15:48:54", "WOJ": 22, "sev": 2, "c": [ 255, 165, 0, 160 ], "dmg": 0, "sli": 0, "ser": 1, "fat": 0, "row": -1, "mot": -1, "pie": -1, "uto": -1, "uwr": -1 }, "geometry": { "type": "Point", "coordinates": [ 19.442722, 54.381139 ] } },
{ "type": "Feature", "properties": { "ID": 110122418, "yr": 2021, "dt": "2021-04-12T13:10:00", "WOJ": 22, "sev": 2, "c": [ 255, 165, 0, 160 ], "dmg": 0, "sli": 0, "ser": 1, "fat": 0, "row": -1, "mot": -1, "pie": -1, "uto": -1, "uwr": -1 }, "geometry": { "type": "Point", "coordinates": [ 17.5295, 53.673028 ] } },
{ "type": "Feature", "properties": { "ID": 113497150, "yr": 2021, "dt": "2021-11-23T03:44:59", "WOJ": 22, "sev": 2, "c": [ 255, 165, 0, 160 ], "dmg": 0, "sli": 0, "ser": 1, "fat": 0, "row": -1, "mot": -1, "pie": -1, "uto": -1, "uwr": -1 }, "geometry": { "type": "Point", "coordinates": [ 18.226389, 54.456944 ] } },
{ "type": "Feature", "properties": { "ID": 113497179, "yr": 2021, "dt": "2021-11-23T05:32:57", "WOJ": 22, "sev": 2, "c": [ 255, 165, 0, 160 ], "dmg": 1, "sli": 0, "ser": 1, "fat": 0, "row": -1, "mot": -1, "pie": 2, "uto": -1, "uwr": -1 }, "geometry": { "type": "Point", "coordinates": [ 18.435139, 53.936806 ] } },
{ "type": "Feature", "properties": { "ID": 110175866, "yr": 2021, "dt": "2021-05-06T12:00:00", "WOJ": 22, "sev": 2, "c": [ 255, 165, 0, 160 ], "dmg": 1, "sli": 0, "ser": 1, "fat": 0, "row": -1, "mot": -1, "pie": 2, "uto": -1, "uwr": -1 }, "geometry": { "type": "Point", "coordinates": [ 18.64325, 54.35975 ] } },
{ "type": "Feature", "properties": { "ID": 110098917, "yr": 2021, "dt": "2021-04-02T16:20:00", "WOJ": 22, "sev": 2, "c": [ 255, 165, 0, 160 ], "dmg": 1, "sli": 0, "ser": 1, "fat": 0, "row": -1, "mot": 2, "pie": -1, "uto": -1, "uwr": -1 }, "geometry": { "type": "Point", "coordinates": [ 19.030333, 53.903333 ] } },
{ "type": "Feature", "properties": { "ID": 113755303, "yr": 2021, "dt": "2021-12-01T19:11:35", "WOJ": 22, "sev": 2, "c": [ 255, 165, 0, 160 ], "dmg": 1, "sli": 0, "ser": 1, "fat": 0, "row": -1, "mot": -1, "pie": 2, "uto": -1, "uwr": -1 }, "geometry": { "type": "Point", "coordinates": [ 18.21475, 54.603722 ] } },
{ "type": "Feature", "properties": { "ID": 116735917, "yr": 2021, "dt": "2021-11-25T18:00:00", "WOJ": 22, "sev": 2, "c": [ 255, 165, 0, 160 ], "dmg": 1, "sli": 0, "ser": 1, "fat": 0, "row": 2, "mot": -1, "pie": -1, "uto": -1, "uwr": -1 }, "geometry": { "type": "Point", "coordinates": [ 18.67126, 54.35198 ] } },
{ "type": "Feature", "properties": { "ID": 113527605, "yr": 2021, "dt": "2021-11-26T18:04:13", "WOJ": 22, "sev": 2, "c": [ 255, 165, 0, 160 ], "dmg": 1, "sli": 0, "ser": 1, "fat": 0, "row": -1, "mot": -1, "pie": 2, "uto": -1, "uwr": -1 }, "geometry": { "type": "Point", "coordinates": [ 18.396472, 54.583194 ] } },
{ "type": "Feature", "properties": { "ID": 113483800, "yr": 2021, "dt": "2021-11-20T22:05:42", "WOJ": 22, "sev": 2, "c": [ 255, 165, 0, 160 ], "dmg": 1, "sli": 0, "ser": 1, "fat": 0, "row": -1, "mot": -1, "pie": 2, "uto": -1, "uwr": -1 }, "geometry": { "type": "Point", "coordinates": [ 18.274583, 54.602528 ] } },
{ "type": "Feature", "properties": { "ID": 113488849, "yr": 2021, "dt": "2021-11-21T03:20:00", "WOJ": 22, "sev": 2, "c": [ 255, 165, 0, 160 ], "dmg": 0, "sli": 0, "ser": 1, "fat": 0, "row": -1, "mot": -1, "pie": -1, "uto": -1, "uwr": -1 }, "geometry": { "type": "Point", "coordinates": [ 17.345333, 54.331556 ] } },
{ "type": "Feature", "properties": { "ID": 113492955, "yr": 2021, "dt": "2021-11-21T20:30:00", "WOJ": 22, "sev": 2, "c": [ 255, 165, 0, 160 ], "dmg": 0, "sli": 0, "ser": 1, "fat": 0, "row": -1, "mot": -1, "pie": -1, "uto": -1, "uwr": -1 }, "geometry": { "type": "Point", "coordinates": [ 19.017, 53.688694 ] } },
{ "type": "Feature", "properties": { "ID": 110138697, "yr": 2021, "dt": "2021-04-22T19:05:15", "WOJ": 22, "sev": 2, "c": [ 255, 165, 0, 160 ], "dmg": 0, "sli": 0, "ser": 1, "fat": 0, "row": -1, "mot": -1, "pie": -1, "uto": -1, "uwr": -1 }, "geometry": { "type": "Point", "coordinates": [ 19.110722, 53.835722 ] } },
{ "type": "Feature", "properties": { "ID": 110141010, "yr": 2021, "dt": "2021-04-23T16:20:00", "WOJ": 22, "sev": 2, "c": [ 255, 165, 0, 160 ], "dmg": 1, "sli": 0, "ser": 1, "fat": 0, "row": -1, "mot": -1, "pie": -1, "uto": -1, "uwr": -1 }, "geometry": { "type": "Point", "coordinates": [ 18.598306, 54.355611 ] } },
{ "type": "Feature", "properties": { "ID": 110140654, "yr": 2021, "dt": "2021-04-23T13:00:00", "WOJ": 22, "sev": 2, "c": [ 255, 165, 0, 160 ], "dmg": 0, "sli": 0, "ser": 3, "fat": 0, "row": -1, "mot": -1, "pie": -1, "uto": -1, "uwr": -1 }, "geometry": { "type": "Point", "coordinates": [ 19.023778, 53.952972 ] } },
{ "type": "Feature", "properties": { "ID": 110127500, "yr": 2021, "dt": "2021-04-16T08:00:47", "WOJ": 22, "sev": 2, "c": [ 255, 165, 0, 160 ], "dmg": 0, "sli": 0, "ser": 1, "fat": 0, "row": -1, "mot": -1, "pie": -1, "uto": -1, "uwr": -1 }, "geometry": { "type": "Point", "coordinates": [ 19.196917, 53.805472 ] } },
{ "type": "Feature", "properties": { "ID": 110052599, "yr": 2021, "dt": "2021-03-13T06:35:00", "WOJ": 22, "sev": 2, "c": [ 255, 165, 0, 160 ], "dmg": 0, "sli": 1, "ser": 1, "fat": 0, "row": -1, "mot": -1, "pie": -1, "uto": -1, "uwr": -1 }, "geometry": { "type": "Point", "coordinates": [ 18.168917, 54.316889 ] } },
{ "type": "Feature", "properties": { "ID": 110053661, "yr": 2021, "dt": "2021-03-14T11:52:12", "WOJ": 22, "sev": 2, "c": [ 255, 165, 0, 160 ], "dmg": 1, "sli": 1, "ser": 1, "fat": 0, "row": -1, "mot": -1, "pie": -1, "uto": -1, "uwr": -1 }, "geometry": { "type": "Point", "coordinates": [ 18.658944, 54.209639 ] } },
{ "type": "Feature", "properties": { "ID": 113833828, "yr": 2021, "dt": "2021-12-03T07:46:41", "WOJ": 22, "sev": 2, "c": [ 255, 165, 0, 160 ], "dmg": 1, "sli": 0, "ser": 1, "fat": 0, "row": -1, "mot": -1, "pie": 2, "uto": -1, "uwr": -1 }, "geometry": { "type": "Point", "coordinates": [ 17.96475, 54.34175 ] } },
{ "type": "Feature", "properties": { "ID": 114295819, "yr": 2021, "dt": "2021-12-04T14:35:00", "WOJ": 22, "sev": 2, "c": [ 255, 165, 0, 160 ], "dmg": 0, "sli": 0, "ser": 1, "fat": 0, "row": -1, "mot": -1, "pie": -1, "uto": -1, "uwr": -1 }, "geometry": { "type": "Point", "coordinates": [ 17.979667, 53.800583 ] } },
{ "type": "Feature", "properties": { "ID": 113971913, "yr": 2021, "dt": "2021-12-04T22:03:47", "WOJ": 22, "sev": 2, "c": [ 255, 165, 0, 160 ], "dmg": 0, "sli": 0, "ser": 1, "fat": 0, "row": -1, "mot": -1, "pie": -1, "uto": -1, "uwr": -1 }, "geometry": { "type": "Point", "coordinates": [ 18.124361, 54.464111 ] } },
{ "type": "Feature", "properties": { "ID": 110457838, "yr": 2021, "dt": "2021-08-30T14:46:25", "WOJ": 22, "sev": 2, "c": [ 255, 165, 0, 160 ], "dmg": 0, "sli": 2, "ser": 1, "fat": 0, "row": -1, "mot": -1, "pie": -1, "uto": -1, "uwr": -1 }, "geometry": { "type": "Point", "coordinates": [ 17.726361, 54.1185 ] } },
{ "type": "Feature", "properties": { "ID": 110497045, "yr": 2021, "dt": "2021-09-13T16:00:00", "WOJ": 22, "sev": 2, "c": [ 255, 165, 0, 160 ], "dmg": 1, "sli": 1, "ser": 1, "fat": 0, "row": -1, "mot": -1, "pie": -1, "uto": -1, "uwr": -1 }, "geometry": { "type": "Point", "coordinates": [ 17.692333, 53.721778 ] } },
{ "type": "Feature", "properties": { "ID": 110534578, "yr": 2021, "dt": "2021-09-13T21:12:00", "WOJ": 22, "sev": 2, "c": [ 255, 165, 0, 160 ], "dmg": 1, "sli": 0, "ser": 1, "fat": 0, "row": -1, "mot": -1, "pie": -1, "uto": -1, "uwr": -1 }, "geometry": { "type": "Point", "coordinates": [ 18.584278, 54.419861 ] } },
{ "type": "Feature", "properties": { "ID": 110501918, "yr": 2021, "dt": "2021-09-14T15:11:42", "WOJ": 22, "sev": 2, "c": [ 255, 165, 0, 160 ], "dmg": 0, "sli": 1, "ser": 2, "fat": 0, "row": -1, "mot": 2, "pie": -1, "uto": -1, "uwr": -1 }, "geometry": { "type": "Point", "coordinates": [ 18.391028, 54.260639 ] } },
{ "type": "Feature", "properties": { "ID": 110507768, "yr": 2021, "dt": "2021-09-14T17:25:00", "WOJ": 22, "sev": 2, "c": [ 255, 165, 0, 160 ], "dmg": 2, "sli": 0, "ser": 1, "fat": 0, "row": -1, "mot": -1, "pie": 2, "uto": -1, "uwr": -1 }, "geometry": { "type": "Point", "coordinates": [ 18.5325, 54.499444 ] } },
{ "type": "Feature", "properties": { "ID": 116719231, "yr": 2021, "dt": "2021-12-17T23:45:23", "WOJ": 22, "sev": 2, "c": [ 255, 165, 0, 160 ], "dmg": 0, "sli": 0, "ser": 1, "fat": 0, "row": -1, "mot": -1, "pie": -1, "uto": -1, "uwr": -1 }, "geometry": { "type": "Point", "coordinates": [ 17.203139, 54.233639 ] } },
{ "type": "Feature", "properties": { "ID": 116010135, "yr": 2021, "dt": "2021-12-14T19:08:50", "WOJ": 22, "sev": 2, "c": [ 255, 165, 0, 160 ], "dmg": 0, "sli": 0, "ser": 2, "fat": 0, "row": -1, "mot": -1, "pie": -1, "uto": -1, "uwr": -1 }, "geometry": { "type": "Point", "coordinates": [ 17.301806, 54.213472 ] } },
{ "type": "Feature", "properties": { "ID": 109897060, "yr": 2021, "dt": "2021-02-17T08:05:00", "WOJ": 22, "sev": 2, "c": [ 255, 165, 0, 160 ], "dmg": 1, "sli": 0, "ser": 1, "fat": 0, "row": -1, "mot": -1, "pie": -1, "uto": -1, "uwr": -1 }, "geometry": { "type": "Point", "coordinates": [ 16.887, 54.430889 ] } },
{ "type": "Feature", "properties": { "ID": 109899504, "yr": 2021, "dt": "2021-02-17T17:39:17", "WOJ": 22, "sev": 2, "c": [ 255, 165, 0, 160 ], "dmg": 1, "sli": 0, "ser": 1, "fat": 0, "row": -1, "mot": -1, "pie": 2, "uto": -1, "uwr": -1 }, "geometry": { "type": "Point", "coordinates": [ 18.4145, 54.574028 ] } },
{ "type": "Feature", "properties": { "ID": 109901448, "yr": 2021, "dt": "2021-02-18T15:10:00", "WOJ": 22, "sev": 2, "c": [ 255, 165, 0, 160 ], "dmg": 1, "sli": 1, "ser": 1, "fat": 0, "row": -1, "mot": -1, "pie": -1, "uto": -1, "uwr": -1 }, "geometry": { "type": "Point", "coordinates": [ 18.655222, 54.387806 ] } },
{ "type": "Feature", "properties": { "ID": 109875556, "yr": 2021, "dt": "2021-02-08T15:57:00", "WOJ": 22, "sev": 2, "c": [ 255, 165, 0, 160 ], "dmg": 0, "sli": 3, "ser": 1, "fat": 0, "row": -1, "mot": -1, "pie": -1, "uto": -1, "uwr": -1 }, "geometry": { "type": "Point", "coordinates": [ 18.198889, 54.279583 ] } },
{ "type": "Feature", "properties": { "ID": 109884265, "yr": 2021, "dt": "2021-02-11T11:05:00", "WOJ": 22, "sev": 2, "c": [ 255, 165, 0, 160 ], "dmg": 1, "sli": 0, "ser": 1, "fat": 0, "row": 2, "mot": -1, "pie": -1, "uto": -1, "uwr": -1 }, "geometry": { "type": "Point", "coordinates": [ 16.928639, 54.439972 ] } },
{ "type": "Feature", "properties": { "ID": 110441746, "yr": 2021, "dt": "2021-08-24T20:47:45", "WOJ": 22, "sev": 2, "c": [ 255, 165, 0, 160 ], "dmg": 1, "sli": 0, "ser": 1, "fat": 0, "row": 0, "mot": -1, "pie": -1, "uto": -1, "uwr": -1 }, "geometry": { "type": "Point", "coordinates": [ 18.495389, 53.996778 ] } },
{ "type": "Feature", "properties": { "ID": 110440686, "yr": 2021, "dt": "2021-08-25T16:30:17", "WOJ": 22, "sev": 2, "c": [ 255, 165, 0, 160 ], "dmg": 1, "sli": 1, "ser": 1, "fat": 0, "row": -1, "mot": -1, "pie": 2, "uto": -1, "uwr": -1 }, "geometry": { "type": "Point", "coordinates": [ 17.028028, 54.468444 ] } },
{ "type": "Feature", "properties": { "ID": 110444190, "yr": 2021, "dt": "2021-08-26T09:50:17", "WOJ": 22, "sev": 2, "c": [ 255, 165, 0, 160 ], "dmg": 1, "sli": 0, "ser": 1, "fat": 0, "row": -1, "mot": -1, "pie": -1, "uto": -1, "uwr": -1 }, "geometry": { "type": "Point", "coordinates": [ 18.261944, 54.605833 ] } },
{ "type": "Feature", "properties": { "ID": 110430065, "yr": 2021, "dt": "2021-08-22T14:13:00", "WOJ": 22, "sev": 2, "c": [ 255, 165, 0, 160 ], "dmg": 3, "sli": 0, "ser": 1, "fat": 0, "row": -1, "mot": -1, "pie": -1, "uto": -1, "uwr": -1 }, "geometry": { "type": "Point", "coordinates": [ 18.488583, 54.438889 ] } },
{ "type": "Feature", "properties": { "ID": 110473801, "yr": 2021, "dt": "2021-09-04T17:44:00", "WOJ": 22, "sev": 2, "c": [ 255, 165, 0, 160 ], "dmg": 0, "sli": 1, "ser": 1, "fat": 0, "row": 2, "mot": -1, "pie": -1, "uto": -1, "uwr": -1 }, "geometry": { "type": "Point", "coordinates": [ 17.496167, 54.174556 ] } },
{ "type": "Feature", "properties": { "ID": 110464696, "yr": 2021, "dt": "2021-09-02T07:44:00", "WOJ": 22, "sev": 2, "c": [ 255, 165, 0, 160 ], "dmg": 1, "sli": 0, "ser": 1, "fat": 0, "row": 2, "mot": -1, "pie": -1, "uto": -1, "uwr": -1 }, "geometry": { "type": "Point", "coordinates": [ 18.549083, 54.342944 ] } },
{ "type": "Feature", "properties": { "ID": 110467502, "yr": 2021, "dt": "2021-09-02T16:25:36", "WOJ": 22, "sev": 2, "c": [ 255, 165, 0, 160 ], "dmg": 0, "sli": 2, "ser": 1, "fat": 0, "row": -1, "mot": -1, "pie": -1, "uto": -1, "uwr": -1 }, "geometry": { "type": "Point", "coordinates": [ 17.406389, 53.820639 ] } },
{ "type": "Feature", "properties": { "ID": 110478021, "yr": 2021, "dt": "2021-09-05T18:42:00", "WOJ": 22, "sev": 2, "c": [ 255, 165, 0, 160 ], "dmg": 1, "sli": 0, "ser": 1, "fat": 0, "row": -1, "mot": 2, "pie": -1, "uto": -1, "uwr": -1 }, "geometry": { "type": "Point", "coordinates": [ 18.541667, 54.519333 ] } },
{ "type": "Feature", "properties": { "ID": 110478828, "yr": 2021, "dt": "2021-09-05T18:35:00", "WOJ": 22, "sev": 2, "c": [ 255, 165, 0, 160 ], "dmg": 1, "sli": 1, "ser": 1, "fat": 0, "row": -1, "mot": 2, "pie": -1, "uto": -1, "uwr": -1 }, "geometry": { "type": "Point", "coordinates": [ 16.841083, 54.533167 ] } },
{ "type": "Feature", "properties": { "ID": 110483931, "yr": 2021, "dt": "2021-09-08T06:41:49", "WOJ": 22, "sev": 2, "c": [ 255, 165, 0, 160 ], "dmg": 1, "sli": 0, "ser": 1, "fat": 0, "row": -1, "mot": -1, "pie": 2, "uto": -1, "uwr": -1 }, "geometry": { "type": "Point", "coordinates": [ 18.435583, 54.549167 ] } },
{ "type": "Feature", "properties": { "ID": 109728325, "yr": 2021, "dt": "2021-01-09T12:00:00", "WOJ": 22, "sev": 2, "c": [ 255, 165, 0, 160 ], "dmg": 0, "sli": 0, "ser": 2, "fat": 0, "row": -1, "mot": -1, "pie": -1, "uto": -1, "uwr": -1 }, "geometry": { "type": "Point", "coordinates": [ 16.875306, 54.18825 ] } },
{ "type": "Feature", "properties": { "ID": 109731252, "yr": 2021, "dt": "2021-01-10T13:10:00", "WOJ": 22, "sev": 2, "c": [ 255, 165, 0, 160 ], "dmg": 1, "sli": 0, "ser": 1, "fat": 0, "row": -1, "mot": -1, "pie": -1, "uto": -1, "uwr": -1 }, "geometry": { "type": "Point", "coordinates": [ 19.203917, 53.7505 ] } },
{ "type": "Feature", "properties": { "ID": 109708217, "yr": 2021, "dt": "2021-01-04T10:40:00", "WOJ": 22, "sev": 2, "c": [ 255, 165, 0, 160 ], "dmg": 1, "sli": 1, "ser": 1, "fat": 0, "row": -1, "mot": -1, "pie": 2, "uto": -1, "uwr": -1 }, "geometry": { "type": "Point", "coordinates": [ 18.584056, 54.406694 ] } },
{ "type": "Feature", "properties": { "ID": 116743944, "yr": 2021, "dt": "2021-12-26T06:45:00", "WOJ": 22, "sev": 2, "c": [ 255, 165, 0, 160 ], "dmg": 0, "sli": 2, "ser": 1, "fat": 0, "row": -1, "mot": -1, "pie": -1, "uto": -1, "uwr": -1 }, "geometry": { "type": "Point", "coordinates": [ 16.839639, 54.410083 ] } },
{ "type": "Feature", "properties": { "ID": 109718261, "yr": 2021, "dt": "2021-01-07T11:10:00", "WOJ": 22, "sev": 2, "c": [ 255, 165, 0, 160 ], "dmg": 1, "sli": 0, "ser": 1, "fat": 0, "row": -1, "mot": -1, "pie": -1, "uto": -1, "uwr": -1 }, "geometry": { "type": "Point", "coordinates": [ 18.505917, 54.423 ] } },
{ "type": "Feature", "properties": { "ID": 109840724, "yr": 2021, "dt": "2021-01-15T09:53:00", "WOJ": 22, "sev": 2, "c": [ 255, 165, 0, 160 ], "dmg": 1, "sli": 0, "ser": 1, "fat": 0, "row": -1, "mot": -1, "pie": -1, "uto": -1, "uwr": -1 }, "geometry": { "type": "Point", "coordinates": [ 18.629167, 54.368611 ] } },
{ "type": "Feature", "properties": { "ID": 109706687, "yr": 2021, "dt": "2021-01-03T02:12:50", "WOJ": 22, "sev": 3, "c": [ 255, 0, 0, 160 ], "dmg": 0, "sli": 0, "ser": 0, "fat": 1, "row": -1, "mot": -1, "pie": -1, "uto": -1, "uwr": -1 }, "geometry": { "type": "Point", "coordinates": [ 18.279111, 54.279 ] } },
{ "type": "Feature", "properties": { "ID": 109730406, "yr": 2021, "dt": "2021-01-09T14:15:16", "WOJ": 22, "sev": 3, "c": [ 255, 0, 0, 160 ], "dmg": 1, "sli": 0, "ser": 0, "fat": 1, "row": -1, "mot": -1, "pie": 3, "uto": -1, "uwr": -1 }, "geometry": { "type": "Point", "coordinates": [ 17.979306, 53.795778 ] } },
{ "type": "Feature", "properties": { "ID": 109722211, "yr": 2021, "dt": "2021-01-08T07:03:57", "WOJ": 22, "sev": 3, "c": [ 255, 0, 0, 160 ], "dmg": 2, "sli": 0, "ser": 0, "fat": 1, "row": -1, "mot": -1, "pie": -1, "uto": -1, "uwr": -1 }, "geometry": { "type": "Point", "coordinates": [ 19.156472, 54.326278 ] } },
{ "type": "Feature", "properties": { "ID": 110477912, "yr": 2021, "dt": "2021-09-05T16:25:09", "WOJ": 22, "sev": 3, "c": [ 255, 0, 0, 160 ], "dmg": 1, "sli": 0, "ser": 1, "fat": 1, "row": -1, "mot": -1, "pie": -1, "uto": -1, "uwr": -1 }, "geometry": { "type": "Point", "coordinates": [ 17.751694, 54.443667 ] } },
{ "type": "Feature", "properties": { "ID": 110467180, "yr": 2021, "dt": "2021-09-02T10:50:00", "WOJ": 22, "sev": 3, "c": [ 255, 0, 0, 160 ], "dmg": 1, "sli": 0, "ser": 0, "fat": 1, "row": -1, "mot": -1, "pie": 3, "uto": -1, "uwr": -1 }, "geometry": { "type": "Point", "coordinates": [ 17.918333, 54.111667 ] } },
{ "type": "Feature", "properties": { "ID": 110495883, "yr": 2021, "dt": "2021-09-11T17:40:00", "WOJ": 22, "sev": 3, "c": [ 255, 0, 0, 160 ], "dmg": 0, "sli": 2, "ser": 0, "fat": 1, "row": -1, "mot": -1, "pie": -1, "uto": -1, "uwr": -1 }, "geometry": { "type": "Point", "coordinates": [ 18.398056, 53.96925 ] } },
{ "type": "Feature", "properties": { "ID": 116715700, "yr": 2021, "dt": "2021-12-17T15:39:48", "WOJ": 22, "sev": 3, "c": [ 255, 0, 0, 160 ], "dmg": 1, "sli": 0, "ser": 0, "fat": 1, "row": -1, "mot": -1, "pie": 3, "uto": -1, "uwr": -1 }, "geometry": { "type": "Point", "coordinates": [ 17.912333, 54.454694 ] } },
{ "type": "Feature", "properties": { "ID": 110118372, "yr": 2021, "dt": "2021-04-09T10:20:00", "WOJ": 22, "sev": 3, "c": [ 255, 0, 0, 160 ], "dmg": 1, "sli": 0, "ser": 0, "fat": 1, "row": -1, "mot": -1, "pie": 3, "uto": -1, "uwr": -1 }, "geometry": { "type": "Point", "coordinates": [ 17.969028, 53.791167 ] } },
{ "type": "Feature", "properties": { "ID": 110128754, "yr": 2021, "dt": "2021-04-16T21:23:01", "WOJ": 22, "sev": 3, "c": [ 255, 0, 0, 160 ], "dmg": 1, "sli": 0, "ser": 0, "fat": 1, "row": -1, "mot": -1, "pie": 3, "uto": -1, "uwr": -1 }, "geometry": { "type": "Point", "coordinates": [ 18.814417, 53.841361 ] } },
{ "type": "Feature", "properties": { "ID": 110052996, "yr": 2021, "dt": "2021-03-13T19:50:00", "WOJ": 22, "sev": 3, "c": [ 255, 0, 0, 160 ], "dmg": 0, "sli": 0, "ser": 0, "fat": 1, "row": -1, "mot": -1, "pie": -1, "uto": -1, "uwr": -1 }, "geometry": { "type": "Point", "coordinates": [ 17.065, 54.549667 ] } },
{ "type": "Feature", "properties": { "ID": 110112682, "yr": 2021, "dt": "2021-04-07T14:48:12", "WOJ": 22, "sev": 3, "c": [ 255, 0, 0, 160 ], "dmg": 0, "sli": 0, "ser": 0, "fat": 1, "row": -1, "mot": -1, "pie": -1, "uto": -1, "uwr": -1 }, "geometry": { "type": "Point", "coordinates": [ 18.199917, 54.573472 ] } },
{ "type": "Feature", "properties": { "ID": 110128941, "yr": 2021, "dt": "2021-04-17T09:56:55", "WOJ": 22, "sev": 3, "c": [ 255, 0, 0, 160 ], "dmg": 0, "sli": 0, "ser": 1, "fat": 3, "row": -1, "mot": -1, "pie": -1, "uto": -1, "uwr": -1 }, "geometry": { "type": "Point", "coordinates": [ 18.634972, 54.021556 ] } },
{ "type": "Feature", "properties": { "ID": 113557946, "yr": 2021, "dt": "2021-11-27T14:21:04", "WOJ": 22, "sev": 3, "c": [ 255, 0, 0, 160 ], "dmg": 0, "sli": 1, "ser": 0, "fat": 1, "row": -1, "mot": -1, "pie": -1, "uto": -1, "uwr": -1 }, "geometry": { "type": "Point", "coordinates": [ 18.419417, 54.255611 ] } },
{ "type": "Feature", "properties": { "ID": 110166979, "yr": 2021, "dt": "2021-05-05T17:40:15", "WOJ": 22, "sev": 3, "c": [ 255, 0, 0, 160 ], "dmg": 0, "sli": 1, "ser": 0, "fat": 1, "row": -1, "mot": -1, "pie": -1, "uto": -1, "uwr": -1 }, "geometry": { "type": "Point", "coordinates": [ 18.168972, 53.810056 ] } },
{ "type": "Feature", "properties": { "ID": 110156196, "yr": 2021, "dt": "2021-04-30T05:51:28", "WOJ": 22, "sev": 3, "c": [ 255, 0, 0, 160 ], "dmg": 1, "sli": 0, "ser": 0, "fat": 1, "row": -1, "mot": -1, "pie": -1, "uto": -1, "uwr": -1 }, "geometry": { "type": "Point", "coordinates": [ 18.114278, 54.206222 ] } },
{ "type": "Feature", "properties": { "ID": 110160860, "yr": 2021, "dt": "2021-05-03T19:40:00", "WOJ": 22, "sev": 3, "c": [ 255, 0, 0, 160 ], "dmg": 1, "sli": 1, "ser": 0, "fat": 1, "row": -1, "mot": -1, "pie": -1, "uto": -1, "uwr": -1 }, "geometry": { "type": "Point", "coordinates": [ 19.025389, 53.899889 ] } },
{ "type": "Feature", "properties": { "ID": 113516824, "yr": 2021, "dt": "2021-11-24T17:25:00", "WOJ": 22, "sev": 3, "c": [ 255, 0, 0, 160 ], "dmg": 1, "sli": 0, "ser": 0, "fat": 1, "row": -1, "mot": -1, "pie": -1, "uto": -1, "uwr": -1 }, "geometry": { "type": "Point", "coordinates": [ 18.568389, 53.922222 ] } },
{ "type": "Feature", "properties": { "ID": 113486943, "yr": 2021, "dt": "2021-11-20T12:38:02", "WOJ": 22, "sev": 3, "c": [ 255, 0, 0, 160 ], "dmg": 0, "sli": 0, "ser": 0, "fat": 1, "row": -1, "mot": -1, "pie": -1, "uto": -1, "uwr": -1 }, "geometry": { "type": "Point", "coordinates": [ 18.068525, 54.091148 ] } },
{ "type": "Feature", "properties": { "ID": 113498748, "yr": 2021, "dt": "2021-11-22T13:20:00", "WOJ": 22, "sev": 3, "c": [ 255, 0, 0, 160 ], "dmg": 1, "sli": 1, "ser": 1, "fat": 1, "row": -1, "mot": -1, "pie": -1, "uto": -1, "uwr": -1 }, "geometry": { "type": "Point", "coordinates": [ 17.252944, 53.777028 ] } },
{ "type": "Feature", "properties": { "ID": 113477236, "yr": 2021, "dt": "2021-11-18T23:00:00", "WOJ": 22, "sev": 3, "c": [ 255, 0, 0, 160 ], "dmg": 0, "sli": 0, "ser": 0, "fat": 1, "row": -1, "mot": -1, "pie": -1, "uto": -1, "uwr": -1 }, "geometry": { "type": "Point", "coordinates": [ 19.31225, 53.931111 ] } },
{ "type": "Feature", "properties": { "ID": 110182208, "yr": 2021, "dt": "2021-05-14T07:35:07", "WOJ": 22, "sev": 3, "c": [ 255, 0, 0, 160 ], "dmg": 1, "sli": 0, "ser": 0, "fat": 1, "row": -1, "mot": -1, "pie": 3, "uto": -1, "uwr": -1 }, "geometry": { "type": "Point", "coordinates": [ 18.378028, 54.474694 ] } },
{ "type": "Feature", "properties": { "ID": 110183196, "yr": 2021, "dt": "2021-05-14T07:45:00", "WOJ": 22, "sev": 3, "c": [ 255, 0, 0, 160 ], "dmg": 2, "sli": 0, "ser": 0, "fat": 1, "row": -1, "mot": 3, "pie": -1, "uto": -1, "uwr": -1 }, "geometry": { "type": "Point", "coordinates": [ 16.940667, 54.550722 ] } },
{ "type": "Feature", "properties": { "ID": 110184666, "yr": 2021, "dt": "2021-05-15T18:26:23", "WOJ": 22, "sev": 3, "c": [ 255, 0, 0, 160 ], "dmg": 0, "sli": 0, "ser": 0, "fat": 1, "row": -1, "mot": 3, "pie": -1, "uto": -1, "uwr": -1 }, "geometry": { "type": "Point", "coordinates": [ 18.20575, 54.593167 ] } },
{ "type": "Feature", "properties": { "ID": 113821821, "yr": 2021, "dt": "2021-12-02T12:18:41", "WOJ": 22, "sev": 3, "c": [ 255, 0, 0, 160 ], "dmg": 1, "sli": 0, "ser": 0, "fat": 1, "row": -1, "mot": -1, "pie": 3, "uto": -1, "uwr": -1 }, "geometry": { "type": "Point", "coordinates": [ 18.268056, 54.603 ] } },
{ "type": "Feature", "properties": { "ID": 113527551, "yr": 2021, "dt": "2021-11-26T14:10:00", "WOJ": 22, "sev": 3, "c": [ 255, 0, 0, 160 ], "dmg": 1, "sli": 1, "ser": 0, "fat": 1, "row": -1, "mot": -1, "pie": 3, "uto": -1, "uwr": -1 }, "geometry": { "type": "Point", "coordinates": [ 18.717361, 54.347667 ] } },
{ "type": "Feature", "properties": { "ID": 110103160, "yr": 2021, "dt": "2021-04-04T10:12:21", "WOJ": 22, "sev": 3, "c": [ 255, 0, 0, 160 ], "dmg": 1, "sli": 0, "ser": 0, "fat": 1, "row": -1, "mot": -1, "pie": -1, "uto": -1, "uwr": -1 }, "geometry": { "type": "Point", "coordinates": [ 17.929722, 54.039722 ] } },
{ "type": "Feature", "properties": { "ID": 110112153, "yr": 2021, "dt": "2021-04-06T22:35:00", "WOJ": 22, "sev": 3, "c": [ 255, 0, 0, 160 ], "dmg": 1, "sli": 0, "ser": 0, "fat": 1, "row": -1, "mot": -1, "pie": 3, "uto": -1, "uwr": -1 }, "geometry": { "type": "Point", "coordinates": [ 18.385972, 54.702306 ] } },
{ "type": "Feature", "properties": { "ID": 110184709, "yr": 2021, "dt": "2021-05-15T21:45:53", "WOJ": 22, "sev": 3, "c": [ 255, 0, 0, 160 ], "dmg": 0, "sli": 2, "ser": 0, "fat": 1, "row": -1, "mot": -1, "pie": -1, "uto": -1, "uwr": -1 }, "geometry": { "type": "Point", "coordinates": [ 18.4425, 54.553278 ] } },
{ "type": "Feature", "properties": { "ID": 110177308, "yr": 2021, "dt": "2021-05-11T15:35:00", "WOJ": 22, "sev": 3, "c": [ 255, 0, 0, 160 ], "dmg": 1, "sli": 0, "ser": 0, "fat": 1, "row": 3, "mot": -1, "pie": -1, "uto": -1, "uwr": -1 }, "geometry": { "type": "Point", "coordinates": [ 17.96725, 53.798111 ] } },
{ "type": "Feature", "properties": { "ID": 113486990, "yr": 2021, "dt": "2021-11-20T14:44:54", "WOJ": 22, "sev": 3, "c": [ 255, 0, 0, 160 ], "dmg": 1, "sli": 0, "ser": 0, "fat": 1, "row": -1, "mot": -1, "pie": 3, "uto": -1, "uwr": -1 }, "geometry": { "type": "Point", "coordinates": [ 18.166472, 54.621694 ] } },
{ "type": "Feature", "properties": { "ID": 110219270, "yr": 2021, "dt": "2021-05-28T21:25:00", "WOJ": 22, "sev": 3, "c": [ 255, 0, 0, 160 ], "dmg": 0, "sli": 0, "ser": 0, "fat": 1, "row": -1, "mot": 3, "pie": -1, "uto": -1, "uwr": -1 }, "geometry": { "type": "Point", "coordinates": [ 19.258889, 54.223722 ] } },
{ "type": "Feature", "properties": { "ID": 110206451, "yr": 2021, "dt": "2021-05-24T22:25:00", "WOJ": 22, "sev": 3, "c": [ 255, 0, 0, 160 ], "dmg": 1, "sli": 0, "ser": 0, "fat": 1, "row": -1, "mot": -1, "pie": 3, "uto": -1, "uwr": -1 }, "geometry": { "type": "Point", "coordinates": [ 18.487917, 54.430167 ] } },
{ "type": "Feature", "properties": { "ID": 110193776, "yr": 2021, "dt": "2021-05-20T20:10:00", "WOJ": 22, "sev": 3, "c": [ 255, 0, 0, 160 ], "dmg": 1, "sli": 0, "ser": 0, "fat": 1, "row": -1, "mot": 3, "pie": -1, "uto": -1, "uwr": -1 }, "geometry": { "type": "Point", "coordinates": [ 18.432111, 54.384417 ] } },
{ "type": "Feature", "properties": { "ID": 110185100, "yr": 2021, "dt": "2021-05-17T06:50:00", "WOJ": 22, "sev": 3, "c": [ 255, 0, 0, 160 ], "dmg": 1, "sli": 0, "ser": 1, "fat": 1, "row": -1, "mot": -1, "pie": -1, "uto": -1, "uwr": -1 }, "geometry": { "type": "Point", "coordinates": [ 17.681333, 53.660611 ] } },
{ "type": "Feature", "properties": { "ID": 110255165, "yr": 2021, "dt": "2021-06-05T19:55:00", "WOJ": 22, "sev": 3, "c": [ 255, 0, 0, 160 ], "dmg": 0, "sli": 0, "ser": 2, "fat": 1, "row": -1, "mot": -1, "pie": -1, "uto": -1, "uwr": -1 }, "geometry": { "type": "Point", "coordinates": [ 18.688556, 54.395472 ] } },
{ "type": "Feature", "properties": { "ID": 110223436, "yr": 2021, "dt": "2021-06-01T00:53:52", "WOJ": 22, "sev": 3, "c": [ 255, 0, 0, 160 ], "dmg": 0, "sli": 0, "ser": 0, "fat": 1, "row": -1, "mot": -1, "pie": -1, "uto": -1, "uwr": -1 }, "geometry": { "type": "Point", "coordinates": [ 17.592333, 53.676806 ] } },
{ "type": "Feature", "properties": { "ID": 110260226, "yr": 2021, "dt": "2021-06-07T20:45:51", "WOJ": 22, "sev": 3, "c": [ 255, 0, 0, 160 ], "dmg": 1, "sli": 0, "ser": 0, "fat": 1, "row": 3, "mot": -1, "pie": -1, "uto": -1, "uwr": -1 }, "geometry": { "type": "Point", "coordinates": [ 18.887083, 54.269194 ] } },
{ "type": "Feature", "properties": { "ID": 115307821, "yr": 2021, "dt": "2021-12-11T12:35:00", "WOJ": 22, "sev": 3, "c": [ 255, 0, 0, 160 ], "dmg": 0, "sli": 0, "ser": 1, "fat": 1, "row": -1, "mot": -1, "pie": -1, "uto": -1, "uwr": -1 }, "geometry": { "type": "Point", "coordinates": [ 17.229222, 54.411917 ] } },
{ "type": "Feature", "properties": { "ID": 110057511, "yr": 2021, "dt": "2021-03-16T14:35:00", "WOJ": 22, "sev": 3, "c": [ 255, 0, 0, 160 ], "dmg": 1, "sli": 0, "ser": 0, "fat": 1, "row": 3, "mot": -1, "pie": -1, "uto": -1, "uwr": -1 }, "geometry": { "type": "Point", "coordinates": [ 16.850222, 54.56925 ] } },
{ "type": "Feature", "properties": { "ID": 110059626, "yr": 2021, "dt": "2021-03-17T17:20:00", "WOJ": 22, "sev": 3, "c": [ 255, 0, 0, 160 ], "dmg": 1, "sli": 0, "ser": 0, "fat": 1, "row": -1, "mot": -1, "pie": 3, "uto": -1, "uwr": -1 }, "geometry": { "type": "Point", "coordinates": [ 18.597389, 54.404917 ] } },
{ "type": "Feature", "properties": { "ID": 110052483, "yr": 2021, "dt": "2021-03-12T20:10:00", "WOJ": 22, "sev": 3, "c": [ 255, 0, 0, 160 ], "dmg": 0, "sli": 1, "ser": 1, "fat": 1, "row": -1, "mot": -1, "pie": -1, "uto": -1, "uwr": -1 }, "geometry": { "type": "Point", "coordinates": [ 18.53575, 54.422 ] } },
{ "type": "Feature", "properties": { "ID": 113288529, "yr": 2021, "dt": "2021-11-08T17:15:00", "WOJ": 22, "sev": 3, "c": [ 255, 0, 0, 160 ], "dmg": 1, "sli": 0, "ser": 0, "fat": 1, "row": -1, "mot": -1, "pie": -1, "uto": -1, "uwr": -1 }, "geometry": { "type": "Point", "coordinates": [ 17.610806, 53.702667 ] } },
{ "type": "Feature", "properties": { "ID": 113394867, "yr": 2021, "dt": "2021-11-09T16:00:31", "WOJ": 22, "sev": 3, "c": [ 255, 0, 0, 160 ], "dmg": 0, "sli": 0, "ser": 0, "fat": 1, "row": -1, "mot": -1, "pie": -1, "uto": -1, "uwr": -1 }, "geometry": { "type": "Point", "coordinates": [ 18.08925, 54.524972 ] } },
{ "type": "Feature", "properties": { "ID": 110255155, "yr": 2021, "dt": "2021-06-05T19:53:00", "WOJ": 22, "sev": 3, "c": [ 255, 0, 0, 160 ], "dmg": 1, "sli": 0, "ser": 0, "fat": 1, "row": -1, "mot": 3, "pie": -1, "uto": -1, "uwr": -1 }, "geometry": { "type": "Point", "coordinates": [ 18.441528, 54.442528 ] } },
{ "type": "Feature", "properties": { "ID": 110272752, "yr": 2021, "dt": "2021-06-14T14:40:00", "WOJ": 22, "sev": 3, "c": [ 255, 0, 0, 160 ], "dmg": 0, "sli": 1, "ser": 2, "fat": 1, "row": -1, "mot": -1, "pie": -1, "uto": -1, "uwr": -1 }, "geometry": { "type": "Point", "coordinates": [ 18.467222, 54.193889 ] } },
{ "type": "Feature", "properties": { "ID": 110263742, "yr": 2021, "dt": "2021-06-10T05:30:36", "WOJ": 22, "sev": 3, "c": [ 255, 0, 0, 160 ], "dmg": 0, "sli": 0, "ser": 0, "fat": 1, "row": -1, "mot": -1, "pie": -1, "uto": -1, "uwr": -1 }, "geometry": { "type": "Point", "coordinates": [ 17.674306, 53.716778 ] } },
{ "type": "Feature", "properties": { "ID": 110268525, "yr": 2021, "dt": "2021-06-11T18:04:45", "WOJ": 22, "sev": 3, "c": [ 255, 0, 0, 160 ], "dmg": 1, "sli": 0, "ser": 0, "fat": 1, "row": -1, "mot": -1, "pie": 3, "uto": -1, "uwr": -1 }, "geometry": { "type": "Point", "coordinates": [ 18.778, 53.797472 ] } },
{ "type": "Feature", "properties": { "ID": 110270198, "yr": 2021, "dt": "2021-06-12T12:58:00", "WOJ": 22, "sev": 3, "c": [ 255, 0, 0, 160 ], "dmg": 0, "sli": 3, "ser": 0, "fat": 2, "row": -1, "mot": -1, "pie": -1, "uto": -1, "uwr": -1 }, "geometry": { "type": "Point", "coordinates": [ 19.039306, 54.112111 ] } },
{ "type": "Feature", "properties": { "ID": 110263293, "yr": 2021, "dt": "2021-06-09T16:42:05", "WOJ": 22, "sev": 3, "c": [ 255, 0, 0, 160 ], "dmg": 0, "sli": 0, "ser": 0, "fat": 1, "row": -1, "mot": 3, "pie": -1, "uto": -1, "uwr": -1 }, "geometry": { "type": "Point", "coordinates": [ 18.068056, 53.828889 ] } },
{ "type": "Feature", "properties": { "ID": 113151823, "yr": 2021, "dt": "2021-11-04T09:39:38", "WOJ": 22, "sev": 3, "c": [ 255, 0, 0, 160 ], "dmg": 1, "sli": 0, "ser": 0, "fat": 1, "row": 3, "mot": -1, "pie": -1, "uto": -1, "uwr": -1 }, "geometry": { "type": "Point", "coordinates": [ 17.497, 54.179139 ] } },
{ "type": "Feature", "properties": { "ID": 113047340, "yr": 2021, "dt": "2021-10-30T20:45:00", "WOJ": 22, "sev": 3, "c": [ 255, 0, 0, 160 ], "dmg": 1, "sli": 0, "ser": 0, "fat": 1, "row": -1, "mot": -1, "pie": 3, "uto": -1, "uwr": -1 }, "geometry": { "type": "Point", "coordinates": [ 18.603361, 54.412028 ] } },
{ "type": "Feature", "properties": { "ID": 110263184, "yr": 2021, "dt": "2021-06-09T14:28:39", "WOJ": 22, "sev": 3, "c": [ 255, 0, 0, 160 ], "dmg": 1, "sli": 0, "ser": 0, "fat": 1, "row": -1, "mot": -1, "pie": -1, "uto": -1, "uwr": -1 }, "geometry": { "type": "Point", "coordinates": [ 19.156417, 54.326278 ] } },
{ "type": "Feature", "properties": { "ID": 110271065, "yr": 2021, "dt": "2021-06-13T18:50:00", "WOJ": 22, "sev": 3, "c": [ 255, 0, 0, 160 ], "dmg": 0, "sli": 0, "ser": 0, "fat": 1, "row": -1, "mot": 3, "pie": -1, "uto": -1, "uwr": -1 }, "geometry": { "type": "Point", "coordinates": [ 17.066111, 54.595556 ] } },
{ "type": "Feature", "properties": { "ID": 110300600, "yr": 2021, "dt": "2021-06-28T19:37:57", "WOJ": 22, "sev": 3, "c": [ 255, 0, 0, 160 ], "dmg": 1, "sli": 0, "ser": 0, "fat": 1, "row": -1, "mot": -1, "pie": -1, "uto": -1, "uwr": -1 }, "geometry": { "type": "Point", "coordinates": [ 18.890083, 54.268722 ] } },
{ "type": "Feature", "properties": { "ID": 116688825, "yr": 2021, "dt": "2021-12-15T17:53:11", "WOJ": 22, "sev": 3, "c": [ 255, 0, 0, 160 ], "dmg": 1, "sli": 0, "ser": 0, "fat": 1, "row": -1, "mot": -1, "pie": 3, "uto": -1, "uwr": -1 }, "geometry": { "type": "Point", "coordinates": [ 18.366361, 54.3515 ] } },
{ "type": "Feature", "properties": { "ID": 116716847, "yr": 2021, "dt": "2021-12-16T16:32:58", "WOJ": 22, "sev": 3, "c": [ 255, 0, 0, 160 ], "dmg": 0, "sli": 0, "ser": 1, "fat": 1, "row": -1, "mot": -1, "pie": -1, "uto": -1, "uwr": -1 }, "geometry": { "type": "Point", "coordinates": [ 18.388611, 54.06025 ] } },
{ "type": "Feature", "properties": { "ID": 109974832, "yr": 2021, "dt": "2021-03-05T22:23:39", "WOJ": 22, "sev": 3, "c": [ 255, 0, 0, 160 ], "dmg": 0, "sli": 0, "ser": 0, "fat": 2, "row": -1, "mot": -1, "pie": -1, "uto": -1, "uwr": -1 }, "geometry": { "type": "Point", "coordinates": [ 18.301222, 54.288333 ] } },
{ "type": "Feature", "properties": { "ID": 110294276, "yr": 2021, "dt": "2021-06-25T06:15:00", "WOJ": 22, "sev": 3, "c": [ 255, 0, 0, 160 ], "dmg": 1, "sli": 0, "ser": 0, "fat": 1, "row": -1, "mot": -1, "pie": -1, "uto": -1, "uwr": -1 }, "geometry": { "type": "Point", "coordinates": [ 19.423861, 53.850278 ] } },
{ "type": "Feature", "properties": { "ID": 111847505, "yr": 2021, "dt": "2021-10-19T03:08:21", "WOJ": 22, "sev": 3, "c": [ 255, 0, 0, 160 ], "dmg": 1, "sli": 0, "ser": 0, "fat": 1, "row": -1, "mot": -1, "pie": 3, "uto": -1, "uwr": -1 }, "geometry": { "type": "Point", "coordinates": [ 18.463222, 54.209778 ] } },
{ "type": "Feature", "properties": { "ID": 110312301, "yr": 2021, "dt": "2021-07-05T14:09:00", "WOJ": 22, "sev": 3, "c": [ 255, 0, 0, 160 ], "dmg": 1, "sli": 0, "ser": 0, "fat": 1, "row": -1, "mot": -1, "pie": 3, "uto": -1, "uwr": -1 }, "geometry": { "type": "Point", "coordinates": [ 18.588111, 54.389472 ] } },
{ "type": "Feature", "properties": { "ID": 110312432, "yr": 2021, "dt": "2021-07-05T18:09:20", "WOJ": 22, "sev": 3, "c": [ 255, 0, 0, 160 ], "dmg": 1, "sli": 0, "ser": 0, "fat": 1, "row": -1, "mot": -1, "pie": -1, "uto": -1, "uwr": -1 }, "geometry": { "type": "Point", "coordinates": [ 19.033278, 54.054028 ] } },
{ "type": "Feature", "properties": { "ID": 110303349, "yr": 2021, "dt": "2021-07-01T07:18:59", "WOJ": 22, "sev": 3, "c": [ 255, 0, 0, 160 ], "dmg": 1, "sli": 0, "ser": 0, "fat": 1, "row": -1, "mot": -1, "pie": 3, "uto": -1, "uwr": -1 }, "geometry": { "type": "Point", "coordinates": [ 18.926167, 53.731222 ] } },
{ "type": "Feature", "properties": { "ID": 110307466, "yr": 2021, "dt": "2021-07-02T22:30:00", "WOJ": 22, "sev": 3, "c": [ 255, 0, 0, 160 ], "dmg": 1, "sli": 0, "ser": 0, "fat": 1, "row": -1, "mot": -1, "pie": 3, "uto": -1, "uwr": -1 }, "geometry": { "type": "Point", "coordinates": [ 17.035083, 54.464056 ] } },
{ "type": "Feature", "properties": { "ID": 110319685, "yr": 2021, "dt": "2021-07-10T00:10:00", "WOJ": 22, "sev": 3, "c": [ 255, 0, 0, 160 ], "dmg": 1, "sli": 0, "ser": 0, "fat": 1, "row": -1, "mot": -1, "pie": 3, "uto": -1, "uwr": -1 }, "geometry": { "type": "Point", "coordinates": [ 18.305278, 54.833583 ] } },
{ "type": "Feature", "properties": { "ID": 110321982, "yr": 2021, "dt": "2021-07-09T18:20:00", "WOJ": 22, "sev": 3, "c": [ 255, 0, 0, 160 ], "dmg": 0, "sli": 2, "ser": 0, "fat": 1, "row": -1, "mot": -1, "pie": -1, "uto": -1, "uwr": -1 }, "geometry": { "type": "Point", "coordinates": [ 18.172222, 54.151111 ] } },
{ "type": "Feature", "properties": { "ID": 110318763, "yr": 2021, "dt": "2021-07-09T19:05:00", "WOJ": 22, "sev": 3, "c": [ 255, 0, 0, 160 ], "dmg": 0, "sli": 0, "ser": 0, "fat": 1, "row": -1, "mot": -1, "pie": -1, "uto": -1, "uwr": -1 }, "geometry": { "type": "Point", "coordinates": [ 18.316111, 54.604694 ] } },
{ "type": "Feature", "properties": { "ID": 110311259, "yr": 2021, "dt": "2021-07-06T04:45:00", "WOJ": 22, "sev": 3, "c": [ 255, 0, 0, 160 ], "dmg": 0, "sli": 0, "ser": 2, "fat": 1, "row": -1, "mot": -1, "pie": -1, "uto": -1, "uwr": -1 }, "geometry": { "type": "Point", "coordinates": [ 17.115333, 54.470667 ] } },
{ "type": "Feature", "properties": { "ID": 110327578, "yr": 2021, "dt": "2021-07-15T23:00:00", "WOJ": 22, "sev": 3, "c": [ 255, 0, 0, 160 ], "dmg": 0, "sli": 0, "ser": 0, "fat": 1, "row": -1, "mot": -1, "pie": -1, "uto": -1, "uwr": -1 }, "geometry": { "type": "Point", "coordinates": [ 18.306667, 54.296667 ] } },
{ "type": "Feature", "properties": { "ID": 109951343, "yr": 2021, "dt": "2021-02-23T19:05:26", "WOJ": 22, "sev": 3, "c": [ 255, 0, 0, 160 ], "dmg": 1, "sli": 0, "ser": 0, "fat": 1, "row": -1, "mot": -1, "pie": 3, "uto": -1, "uwr": -1 }, "geometry": { "type": "Point", "coordinates": [ 18.053861, 54.568861 ] } },
{ "type": "Feature", "properties": { "ID": 116718930, "yr": 2021, "dt": "2021-12-17T17:08:52", "WOJ": 22, "sev": 3, "c": [ 255, 0, 0, 160 ], "dmg": 1, "sli": 0, "ser": 0, "fat": 1, "row": -1, "mot": -1, "pie": 3, "uto": -1, "uwr": -1 }, "geometry": { "type": "Point", "coordinates": [ 19.013583, 54.033278 ] } },
{ "type": "Feature", "properties": { "ID": 116717454, "yr": 2021, "dt": "2021-12-17T07:51:10", "WOJ": 22, "sev": 3, "c": [ 255, 0, 0, 160 ], "dmg": 0, "sli": 2, "ser": 0, "fat": 2, "row": -1, "mot": -1, "pie": -1, "uto": -1, "uwr": -1 }, "geometry": { "type": "Point", "coordinates": [ 18.678333, 53.739361 ] } },
{ "type": "Feature", "properties": { "ID": 109960469, "yr": 2021, "dt": "2021-02-28T14:45:00", "WOJ": 22, "sev": 3, "c": [ 255, 0, 0, 160 ], "dmg": 0, "sli": 1, "ser": 0, "fat": 1, "row": -1, "mot": -1, "pie": -1, "uto": -1, "uwr": -1 }, "geometry": { "type": "Point", "coordinates": [ 16.951528, 54.520444 ] } },
{ "type": "Feature", "properties": { "ID": 109972488, "yr": 2021, "dt": "2021-03-04T22:31:00", "WOJ": 22, "sev": 3, "c": [ 255, 0, 0, 160 ], "dmg": 0, "sli": 0, "ser": 0, "fat": 1, "row": -1, "mot": -1, "pie": -1, "uto": -1, "uwr": -1 }, "geometry": { "type": "Point", "coordinates": [ 16.964111, 53.686306 ] } },
{ "type": "Feature", "properties": { "ID": 110318044, "yr": 2021, "dt": "2021-07-09T12:00:37", "WOJ": 22, "sev": 3, "c": [ 255, 0, 0, 160 ], "dmg": 1, "sli": 0, "ser": 0, "fat": 1, "row": -1, "mot": -1, "pie": 3, "uto": -1, "uwr": -1 }, "geometry": { "type": "Point", "coordinates": [ 18.558694, 54.443111 ] } },
{ "type": "Feature", "properties": { "ID": 111720280, "yr": 2021, "dt": "2021-10-13T11:14:00", "WOJ": 22, "sev": 3, "c": [ 255, 0, 0, 160 ], "dmg": 1, "sli": 0, "ser": 0, "fat": 1, "row": -1, "mot": -1, "pie": 3, "uto": -1, "uwr": -1 }, "geometry": { "type": "Point", "coordinates": [ 17.749889, 54.537889 ] } },
{ "type": "Feature", "properties": { "ID": 111700389, "yr": 2021, "dt": "2021-10-07T19:31:00", "WOJ": 22, "sev": 3, "c": [ 255, 0, 0, 160 ], "dmg": 1, "sli": 0, "ser": 0, "fat": 1, "row": -1, "mot": -1, "pie": 3, "uto": -1, "uwr": -1 }, "geometry": { "type": "Point", "coordinates": [ 18.538889, 54.521333 ] } },
{ "type": "Feature", "properties": { "ID": 111248869, "yr": 2021, "dt": "2021-10-02T10:56:27", "WOJ": 22, "sev": 3, "c": [ 255, 0, 0, 160 ], "dmg": 0, "sli": 0, "ser": 0, "fat": 1, "row": -1, "mot": -1, "pie": -1, "uto": -1, "uwr": -1 }, "geometry": { "type": "Point", "coordinates": [ 18.044806, 54.797111 ] } },
{ "type": "Feature", "properties": { "ID": 110329661, "yr": 2021, "dt": "2021-07-17T18:33:21", "WOJ": 22, "sev": 3, "c": [ 255, 0, 0, 160 ], "dmg": 1, "sli": 0, "ser": 0, "fat": 1, "row": -1, "mot": 3, "pie": -1, "uto": -1, "uwr": -1 }, "geometry": { "type": "Point", "coordinates": [ 18.260472, 54.36175 ] } },
{ "type": "Feature", "properties": { "ID": 111469242, "yr": 2021, "dt": "2021-10-05T20:13:42", "WOJ": 22, "sev": 3, "c": [ 255, 0, 0, 160 ], "dmg": 0, "sli": 0, "ser": 0, "fat": 1, "row": -1, "mot": -1, "pie": -1, "uto": -1, "uwr": -1 }, "geometry": { "type": "Point", "coordinates": [ 18.318944, 54.461306 ] } },
{ "type": "Feature", "properties": { "ID": 110342161, "yr": 2021, "dt": "2021-07-24T20:00:00", "WOJ": 22, "sev": 3, "c": [ 255, 0, 0, 160 ], "dmg": 0, "sli": 0, "ser": 1, "fat": 2, "row": -1, "mot": -1, "pie": -1, "uto": -1, "uwr": -1 }, "geometry": { "type": "Point", "coordinates": [ 19.046944, 53.995167 ] } },
{ "type": "Feature", "properties": { "ID": 110339733, "yr": 2021, "dt": "2021-07-18T19:00:00", "WOJ": 22, "sev": 3, "c": [ 255, 0, 0, 160 ], "dmg": 1, "sli": 0, "ser": 1, "fat": 1, "row": -1, "mot": 3, "pie": -1, "uto": -1, "uwr": -1 }, "geometry": { "type": "Point", "coordinates": [ 18.359444, 54.400833 ] } },
{ "type": "Feature", "properties": { "ID": 110345155, "yr": 2021, "dt": "2021-07-27T04:18:47", "WOJ": 22, "sev": 3, "c": [ 255, 0, 0, 160 ], "dmg": 0, "sli": 1, "ser": 0, "fat": 1, "row": -1, "mot": -1, "pie": -1, "uto": -1, "uwr": -1 }, "geometry": { "type": "Point", "coordinates": [ 18.35575, 54.456056 ] } },
{ "type": "Feature", "properties": { "ID": 111690816, "yr": 2021, "dt": "2021-10-04T14:15:00", "WOJ": 22, "sev": 3, "c": [ 255, 0, 0, 160 ], "dmg": 0, "sli": 0, "ser": 1, "fat": 1, "row": -1, "mot": -1, "pie": -1, "uto": -1, "uwr": -1 }, "geometry": { "type": "Point", "coordinates": [ 19.000056, 53.667639 ] } },
{ "type": "Feature", "properties": { "ID": 110361042, "yr": 2021, "dt": "2021-08-04T17:24:52", "WOJ": 22, "sev": 3, "c": [ 255, 0, 0, 160 ], "dmg": 1, "sli": 0, "ser": 0, "fat": 1, "row": 3, "mot": -1, "pie": -1, "uto": -1, "uwr": -1 }, "geometry": { "type": "Point", "coordinates": [ 18.361444, 54.591583 ] } },
{ "type": "Feature", "properties": { "ID": 110361038, "yr": 2021, "dt": "2021-08-04T16:10:00", "WOJ": 22, "sev": 3, "c": [ 255, 0, 0, 160 ], "dmg": 0, "sli": 0, "ser": 0, "fat": 1, "row": -1, "mot": 3, "pie": -1, "uto": -1, "uwr": -1 }, "geometry": { "type": "Point", "coordinates": [ 16.99925, 54.479778 ] } },
{ "type": "Feature", "properties": { "ID": 109865201, "yr": 2021, "dt": "2021-02-01T20:48:00", "WOJ": 22, "sev": 3, "c": [ 255, 0, 0, 160 ], "dmg": 0, "sli": 0, "ser": 0, "fat": 1, "row": -1, "mot": -1, "pie": -1, "uto": -1, "uwr": -1 }, "geometry": { "type": "Point", "coordinates": [ 18.27975, 54.549972 ] } },
{ "type": "Feature", "properties": { "ID": 109954800, "yr": 2021, "dt": "2021-02-26T05:10:00", "WOJ": 22, "sev": 3, "c": [ 255, 0, 0, 160 ], "dmg": 1, "sli": 0, "ser": 0, "fat": 1, "row": -1, "mot": -1, "pie": 3, "uto": -1, "uwr": -1 }, "geometry": { "type": "Point", "coordinates": [ 18.4535, 54.458778 ] } },
{ "type": "Feature", "properties": { "ID": 110363409, "yr": 2021, "dt": "2021-08-06T08:45:52", "WOJ": 22, "sev": 3, "c": [ 255, 0, 0, 160 ], "dmg": 1, "sli": 0, "ser": 0, "fat": 1, "row": 3, "mot": -1, "pie": -1, "uto": -1, "uwr": -1 }, "geometry": { "type": "Point", "coordinates": [ 18.377306, 54.576583 ] } },
{ "type": "Feature", "properties": { "ID": 111046875, "yr": 2021, "dt": "2021-09-30T11:35:00", "WOJ": 22, "sev": 3, "c": [ 255, 0, 0, 160 ], "dmg": 3, "sli": 0, "ser": 0, "fat": 1, "row": -1, "mot": -1, "pie": -1, "uto": -1, "uwr": -1 }, "geometry": { "type": "Point", "coordinates": [ 17.653361, 53.711694 ] } },
{ "type": "Feature", "properties": { "ID": 110404808, "yr": 2021, "dt": "2021-08-14T05:09:31", "WOJ": 22, "sev": 3, "c": [ 255, 0, 0, 160 ], "dmg": 0, "sli": 1, "ser": 2, "fat": 1, "row": -1, "mot": -1, "pie": -1, "uto": -1, "uwr": -1 }, "geometry": { "type": "Point", "coordinates": [ 17.198889, 53.733944 ] } },
{ "type": "Feature", "properties": { "ID": 110410193, "yr": 2021, "dt": "2021-08-14T03:40:00", "WOJ": 22, "sev": 3, "c": [ 255, 0, 0, 160 ], "dmg": 0, "sli": 0, "ser": 1, "fat": 1, "row": -1, "mot": -1, "pie": -1, "uto": -1, "uwr": -1 }, "geometry": { "type": "Point", "coordinates": [ 17.786389, 54.667778 ] } },
{ "type": "Feature", "properties": { "ID": 110405312, "yr": 2021, "dt": "2021-08-14T19:35:00", "WOJ": 22, "sev": 3, "c": [ 255, 0, 0, 160 ], "dmg": 1, "sli": 0, "ser": 0, "fat": 1, "row": -1, "mot": 3, "pie": -1, "uto": -1, "uwr": -1 }, "geometry": { "type": "Point", "coordinates": [ 18.518694, 54.351889 ] } },
{ "type": "Feature", "properties": { "ID": 110411553, "yr": 2021, "dt": "2021-08-17T15:55:00", "WOJ": 22, "sev": 3, "c": [ 255, 0, 0, 160 ], "dmg": 1, "sli": 0, "ser": 0, "fat": 1, "row": -1, "mot": -1, "pie": 3, "uto": -1, "uwr": -1 }, "geometry": { "type": "Point", "coordinates": [ 16.972139, 54.4785 ] } },
{ "type": "Feature", "properties": { "ID": 110404564, "yr": 2021, "dt": "2021-08-13T16:01:15", "WOJ": 22, "sev": 3, "c": [ 255, 0, 0, 160 ], "dmg": 1, "sli": 0, "ser": 0, "fat": 1, "row": -1, "mot": -1, "pie": 3, "uto": -1, "uwr": -1 }, "geometry": { "type": "Point", "coordinates": [ 18.492083, 54.764694 ] } },
{ "type": "Feature", "properties": { "ID": 110540760, "yr": 2021, "dt": "2021-09-24T18:51:13", "WOJ": 22, "sev": 3, "c": [ 255, 0, 0, 160 ], "dmg": 1, "sli": 0, "ser": 0, "fat": 1, "row": -1, "mot": -1, "pie": -1, "uto": -1, "uwr": -1 }, "geometry": { "type": "Point", "coordinates": [ 18.802333, 54.048944 ] } },
{ "type": "Feature", "properties": { "ID": 110438557, "yr": 2021, "dt": "2021-08-23T15:40:55", "WOJ": 22, "sev": 3, "c": [ 255, 0, 0, 160 ], "dmg": 1, "sli": 0, "ser": 0, "fat": 1, "row": -1, "mot": 3, "pie": -1, "uto": -1, "uwr": -1 }, "geometry": { "type": "Point", "coordinates": [ 18.389028, 54.572944 ] } },
{ "type": "Feature", "properties": { "ID": 110426770, "yr": 2021, "dt": "2021-08-20T21:37:51", "WOJ": 22, "sev": 3, "c": [ 255, 0, 0, 160 ], "dmg": 0, "sli": 0, "ser": 0, "fat": 1, "row": -1, "mot": -1, "pie": -1, "uto": -1, "uwr": -1 }, "geometry": { "type": "Point", "coordinates": [ 18.170167, 54.185167 ] } },
{ "type": "Feature", "properties": { "ID": 110534075, "yr": 2021, "dt": "2021-09-21T18:07:51", "WOJ": 22, "sev": 3, "c": [ 255, 0, 0, 160 ], "dmg": 1, "sli": 0, "ser": 0, "fat": 1, "row": -1, "mot": -1, "pie": -1, "uto": -1, "uwr": -1 }, "geometry": { "type": "Point", "coordinates": [ 17.694028, 54.386722 ] } },
{ "type": "Feature", "properties": { "ID": 110455492, "yr": 2021, "dt": "2021-08-30T12:40:25", "WOJ": 22, "sev": 3, "c": [ 255, 0, 0, 160 ], "dmg": 1, "sli": 0, "ser": 0, "fat": 1, "row": -1, "mot": -1, "pie": -1, "uto": -1, "uwr": -1 }, "geometry": { "type": "Point", "coordinates": [ 18.711472, 53.933528 ] } },
{ "type": "Feature", "properties": { "ID": 110454764, "yr": 2021, "dt": "2021-08-30T00:18:36", "WOJ": 22, "sev": 3, "c": [ 255, 0, 0, 160 ], "dmg": 0, "sli": 0, "ser": 0, "fat": 1, "row": -1, "mot": -1, "pie": -1, "uto": -1, "uwr": -1 }, "geometry": { "type": "Point", "coordinates": [ 18.041083, 54.756972 ] } },
{ "type": "Feature", "properties": { "ID": 110451903, "yr": 2021, "dt": "2021-08-29T08:22:33", "WOJ": 22, "sev": 3, "c": [ 255, 0, 0, 160 ], "dmg": 0, "sli": 0, "ser": 2, "fat": 1, "row": -1, "mot": -1, "pie": -1, "uto": -1, "uwr": -1 }, "geometry": { "type": "Point", "coordinates": [ 18.503417, 53.719583 ] } },
{ "type": "Feature", "properties": { "ID": 110463790, "yr": 2021, "dt": "2021-08-29T09:35:00", "WOJ": 22, "sev": 3, "c": [ 255, 0, 0, 160 ], "dmg": 2, "sli": 1, "ser": 0, "fat": 1, "row": -1, "mot": -1, "pie": -1, "uto": -1, "uwr": -1 }, "geometry": { "type": "Point", "coordinates": [ 18.632306, 53.773167 ] } },
{ "type": "Feature", "properties": { "ID": 110494500, "yr": 2021, "dt": "2021-09-13T09:45:00", "WOJ": 22, "sev": 3, "c": [ 255, 0, 0, 160 ], "dmg": 1, "sli": 0, "ser": 0, "fat": 1, "row": -1, "mot": -1, "pie": 3, "uto": -1, "uwr": -1 }, "geometry": { "type": "Point", "coordinates": [ 18.481611, 54.534833 ] } },
{ "type": "Feature", "properties": { "ID": 109885295, "yr": 2021, "dt": "2021-02-11T19:55:00", "WOJ": 22, "sev": 3, "c": [ 255, 0, 0, 160 ], "dmg": 2, "sli": 0, "ser": 0, "fat": 1, "row": -1, "mot": -1, "pie": -1, "uto": -1, "uwr": -1 }, "geometry": { "type": "Point", "coordinates": [ 18.629611, 53.710444 ] } },
{ "type": "Feature", "properties": { "ID": 110441283, "yr": 2021, "dt": "2021-08-24T11:40:31", "WOJ": 22, "sev": 3, "c": [ 255, 0, 0, 160 ], "dmg": 1, "sli": 0, "ser": 1, "fat": 2, "row": -1, "mot": -1, "pie": -1, "uto": -1, "uwr": -1 }, "geometry": { "type": "Point", "coordinates": [ 18.743444, 54.12275 ] } },
{ "type": "Feature", "properties": { "ID": 110456809, "yr": 2021, "dt": "2021-08-27T23:10:00", "WOJ": 22, "sev": 3, "c": [ 255, 0, 0, 160 ], "dmg": 1, "sli": 0, "ser": 0, "fat": 1, "row": -1, "mot": -1, "pie": 3, "uto": -1, "uwr": -1 }, "geometry": { "type": "Point", "coordinates": [ 17.834722, 53.9325 ] } },
{ "type": "Feature", "properties": { "ID": 110430158, "yr": 2021, "dt": "2021-08-22T17:50:18", "WOJ": 22, "sev": 3, "c": [ 255, 0, 0, 160 ], "dmg": 1, "sli": 0, "ser": 0, "fat": 1, "row": -1, "mot": 3, "pie": -1, "uto": -1, "uwr": -1 }, "geometry": { "type": "Point", "coordinates": [ 17.502694, 54.476889 ] } },
{ "type": "Feature", "properties": { "ID": 116734844, "yr": 2021, "dt": "2021-12-21T07:01:02", "WOJ": 22, "sev": 3, "c": [ 255, 0, 0, 160 ], "dmg": 0, "sli": 0, "ser": 0, "fat": 1, "row": -1, "mot": -1, "pie": -1, "uto": -1, "uwr": -1 }, "geometry": { "type": "Point", "coordinates": [ 18.193611, 54.324 ] } },
{ "type": "Feature", "properties": { "ID": 116723194, "yr": 2021, "dt": "2021-12-19T07:18:00", "WOJ": 22, "sev": 3, "c": [ 255, 0, 0, 160 ], "dmg": 1, "sli": 0, "ser": 0, "fat": 1, "row": -1, "mot": -1, "pie": 3, "uto": -1, "uwr": -1 }, "geometry": { "type": "Point", "coordinates": [ 18.735083, 53.926583 ] } },
{ "type": "Feature", "properties": { "ID": 109794712, "yr": 2021, "dt": "2021-01-15T06:41:00", "WOJ": 22, "sev": 3, "c": [ 255, 0, 0, 160 ], "dmg": 2, "sli": 1, "ser": 1, "fat": 2, "row": -1, "mot": -1, "pie": -1, "uto": -1, "uwr": -1 }, "geometry": { "type": "Point", "coordinates": [ 18.804389, 53.885778 ] } }
]
}
