{
"type": "FeatureCollection",
"name": "accidents_2021_ZACHODNIOPOMORSKIE",
"crs": { "type": "name", "properties": { "name": "urn:ogc:def:crs:OGC:1.3:CRS84" } },
"features": [
{ "type": "Feature", "properties": { "ID": 116748377, "yr": 2021, "dt": "2021-12-28T13:20:00", "WOJ": 32, "sev": 1, "c": [ 255, 255, 0, 160 ], "dmg": 1, "sli": 1, "ser": 0, "fat": 0, "row": 1, "mot": -1, "pie": -1, "uto": -1, "uwr": -1 }, "geometry": { "type": "Point", "coordinates": [ 14.538167, 53.4295 ] } },
{ "type": "Feature", "properties": { "ID": 116748512, "yr": 2021, "dt": "2021-12-28T14:31:23", "WOJ": 32, "sev": 1, "c": [ 255, 255, 0, 160 ], "dmg": 2, "sli": 2, "ser": 0, "fat": 0, "row": -1, "mot": -1, "pie": -1, "uto": -1, "uwr": -1 }, "geometry": { "type": "Point", "coordinates": [ 14.503167, 53.24875 ] } },
{ "type": "Feature", "properties": { "ID": 116747864, "yr": 2021, "dt": "2021-12-28T00:40:00", "WOJ": 32, "sev": 1, "c": [ 255, 255, 0, 160 ], "dmg": 2, "sli": 1, "ser": 0, "fat": 0, "row": -1, "mot": -1, "pie": -1, "uto": -1, "uwr": -1 }, "geometry": { "type": "Point", "coordinates": [ 14.645833, 53.385278 ] } },
{ "type": "Feature", "properties": { "ID": 116742636, "yr": 2021, "dt": "2021-12-27T12:18:46", "WOJ": 32, "sev": 1, "c": [ 255, 255, 0, 160 ], "dmg": 0, "sli": 1, "ser": 0, "fat": 0, "row": -1, "mot": -1, "pie": -1, "uto": -1, "uwr": -1 }, "geometry": { "type": "Point", "coordinates": [ 14.826583, 52.850778 ] } },
{ "type": "Feature", "properties": { "ID": 116742194, "yr": 2021, "dt": "2021-12-25T13:32:12", "WOJ": 32, "sev": 1, "c": [ 255, 255, 0, 160 ], "dmg": 1, "sli": 2, "ser": 0, "fat": 0, "row": -1, "mot": -1, "pie": -1, "uto": -1, "uwr": -1 }, "geometry": { "type": "Point", "coordinates": [ 14.409333, 52.953444 ] } },
{ "type": "Feature", "properties": { "ID": 116743723, "yr": 2021, "dt": "2021-12-25T15:29:04", "WOJ": 32, "sev": 1, "c": [ 255, 255, 0, 160 ], "dmg": 1, "sli": 1, "ser": 0, "fat": 0, "row": -1, "mot": -1, "pie": -1, "uto": -1, "uwr": -1 }, "geometry": { "type": "Point", "coordinates": [ 14.839806, 53.765056 ] } },
{ "type": "Feature", "properties": { "ID": 116743694, "yr": 2021, "dt": "2021-12-25T13:34:47", "WOJ": 32, "sev": 1, "c": [ 255, 255, 0, 160 ], "dmg": 1, "sli": 1, "ser": 0, "fat": 0, "row": -1, "mot": -1, "pie": 1, "uto": -1, "uwr": -1 }, "geometry": { "type": "Point", "coordinates": [ 14.537972, 53.43775 ] } },
{ "type": "Feature", "properties": { "ID": 116743246, "yr": 2021, "dt": "2021-12-24T14:18:33", "WOJ": 32, "sev": 1, "c": [ 255, 255, 0, 160 ], "dmg": 2, "sli": 1, "ser": 0, "fat": 0, "row": -1, "mot": -1, "pie": -1, "uto": -1, "uwr": -1 }, "geometry": { "type": "Point", "coordinates": [ 14.679417, 52.667778 ] } },
{ "type": "Feature", "properties": { "ID": 116743310, "yr": 2021, "dt": "2021-12-24T18:08:43", "WOJ": 32, "sev": 1, "c": [ 255, 255, 0, 160 ], "dmg": 1, "sli": 1, "ser": 0, "fat": 0, "row": -1, "mot": -1, "pie": -1, "uto": -1, "uwr": -1 }, "geometry": { "type": "Point", "coordinates": [ 16.209139, 53.663167 ] } },
{ "type": "Feature", "properties": { "ID": 109791022, "yr": 2021, "dt": "2021-01-14T09:24:49", "WOJ": 32, "sev": 1, "c": [ 255, 255, 0, 160 ], "dmg": 0, "sli": 2, "ser": 0, "fat": 0, "row": -1, "mot": -1, "pie": -1, "uto": -1, "uwr": -1 }, "geometry": { "type": "Point", "coordinates": [ 14.472778, 53.473167 ] } },
{ "type": "Feature", "properties": { "ID": 109793298, "yr": 2021, "dt": "2021-01-14T09:46:32", "WOJ": 32, "sev": 1, "c": [ 255, 255, 0, 160 ], "dmg": 1, "sli": 1, "ser": 0, "fat": 0, "row": -1, "mot": -1, "pie": -1, "uto": -1, "uwr": -1 }, "geometry": { "type": "Point", "coordinates": [ 14.502833, 53.404417 ] } },
{ "type": "Feature", "properties": { "ID": 109790272, "yr": 2021, "dt": "2021-01-13T16:16:02", "WOJ": 32, "sev": 1, "c": [ 255, 255, 0, 160 ], "dmg": 1, "sli": 1, "ser": 0, "fat": 0, "row": 1, "mot": -1, "pie": -1, "uto": -1, "uwr": -1 }, "geometry": { "type": "Point", "coordinates": [ 14.6835, 53.381667 ] } },
{ "type": "Feature", "properties": { "ID": 109731293, "yr": 2021, "dt": "2021-01-10T17:02:00", "WOJ": 32, "sev": 1, "c": [ 255, 255, 0, 160 ], "dmg": 3, "sli": 1, "ser": 0, "fat": 0, "row": -1, "mot": -1, "pie": -1, "uto": -1, "uwr": -1 }, "geometry": { "type": "Point", "coordinates": [ 14.647528, 53.384639 ] } },
{ "type": "Feature", "properties": { "ID": 109727359, "yr": 2021, "dt": "2021-01-08T18:39:58", "WOJ": 32, "sev": 1, "c": [ 255, 255, 0, 160 ], "dmg": 1, "sli": 1, "ser": 0, "fat": 0, "row": -1, "mot": -1, "pie": 1, "uto": -1, "uwr": -1 }, "geometry": { "type": "Point", "coordinates": [ 14.566111, 53.419028 ] } },
{ "type": "Feature", "properties": { "ID": 109727395, "yr": 2021, "dt": "2021-01-08T19:15:32", "WOJ": 32, "sev": 1, "c": [ 255, 255, 0, 160 ], "dmg": 1, "sli": 1, "ser": 0, "fat": 0, "row": 1, "mot": -1, "pie": -1, "uto": -1, "uwr": -1 }, "geometry": { "type": "Point", "coordinates": [ 14.471417, 53.428528 ] } },
{ "type": "Feature", "properties": { "ID": 109718859, "yr": 2021, "dt": "2021-01-08T06:48:19", "WOJ": 32, "sev": 1, "c": [ 255, 255, 0, 160 ], "dmg": 1, "sli": 2, "ser": 0, "fat": 0, "row": -1, "mot": -1, "pie": -1, "uto": -1, "uwr": -1 }, "geometry": { "type": "Point", "coordinates": [ 14.533333, 53.439806 ] } },
{ "type": "Feature", "properties": { "ID": 109807862, "yr": 2021, "dt": "2021-01-21T06:32:07", "WOJ": 32, "sev": 1, "c": [ 255, 255, 0, 160 ], "dmg": 0, "sli": 1, "ser": 0, "fat": 0, "row": -1, "mot": -1, "pie": -1, "uto": -1, "uwr": -1 }, "geometry": { "type": "Point", "coordinates": [ 15.836333, 54.034972 ] } },
{ "type": "Feature", "properties": { "ID": 109808025, "yr": 2021, "dt": "2021-01-21T07:31:26", "WOJ": 32, "sev": 1, "c": [ 255, 255, 0, 160 ], "dmg": 1, "sli": 1, "ser": 0, "fat": 0, "row": -1, "mot": -1, "pie": -1, "uto": -1, "uwr": -1 }, "geometry": { "type": "Point", "coordinates": [ 16.245417, 53.546194 ] } },
{ "type": "Feature", "properties": { "ID": 109799831, "yr": 2021, "dt": "2021-01-19T13:21:00", "WOJ": 32, "sev": 1, "c": [ 255, 255, 0, 160 ], "dmg": 1, "sli": 1, "ser": 0, "fat": 0, "row": -1, "mot": -1, "pie": -1, "uto": -1, "uwr": -1 }, "geometry": { "type": "Point", "coordinates": [ 14.581278, 53.453167 ] } },
{ "type": "Feature", "properties": { "ID": 109799726, "yr": 2021, "dt": "2021-01-19T12:36:41", "WOJ": 32, "sev": 1, "c": [ 255, 255, 0, 160 ], "dmg": 1, "sli": 1, "ser": 0, "fat": 0, "row": -1, "mot": -1, "pie": -1, "uto": -1, "uwr": -1 }, "geometry": { "type": "Point", "coordinates": [ 14.670944, 52.976972 ] } },
{ "type": "Feature", "properties": { "ID": 109797219, "yr": 2021, "dt": "2021-01-16T13:46:30", "WOJ": 32, "sev": 1, "c": [ 255, 255, 0, 160 ], "dmg": 3, "sli": 1, "ser": 0, "fat": 0, "row": -1, "mot": -1, "pie": -1, "uto": -1, "uwr": -1 }, "geometry": { "type": "Point", "coordinates": [ 14.532639, 53.433194 ] } },
{ "type": "Feature", "properties": { "ID": 109794595, "yr": 2021, "dt": "2021-01-15T11:07:36", "WOJ": 32, "sev": 1, "c": [ 255, 255, 0, 160 ], "dmg": 1, "sli": 1, "ser": 0, "fat": 0, "row": -1, "mot": -1, "pie": -1, "uto": -1, "uwr": -1 }, "geometry": { "type": "Point", "coordinates": [ 14.828972, 53.563528 ] } },
{ "type": "Feature", "properties": { "ID": 109794903, "yr": 2021, "dt": "2021-01-15T15:37:33", "WOJ": 32, "sev": 1, "c": [ 255, 255, 0, 160 ], "dmg": 1, "sli": 1, "ser": 0, "fat": 0, "row": -1, "mot": -1, "pie": 1, "uto": -1, "uwr": -1 }, "geometry": { "type": "Point", "coordinates": [ 15.705944, 53.019361 ] } },
{ "type": "Feature", "properties": { "ID": 109792411, "yr": 2021, "dt": "2021-01-15T06:56:00", "WOJ": 32, "sev": 1, "c": [ 255, 255, 0, 160 ], "dmg": 2, "sli": 1, "ser": 0, "fat": 0, "row": -1, "mot": -1, "pie": -1, "uto": -1, "uwr": -1 }, "geometry": { "type": "Point", "coordinates": [ 14.650222, 53.384222 ] } },
{ "type": "Feature", "properties": { "ID": 109793785, "yr": 2021, "dt": "2021-01-14T16:45:01", "WOJ": 32, "sev": 1, "c": [ 255, 255, 0, 160 ], "dmg": 1, "sli": 3, "ser": 0, "fat": 0, "row": -1, "mot": -1, "pie": -1, "uto": -1, "uwr": -1 }, "geometry": { "type": "Point", "coordinates": [ 14.687028, 53.401611 ] } },
{ "type": "Feature", "properties": { "ID": 116754859, "yr": 2021, "dt": "2021-12-30T17:05:00", "WOJ": 32, "sev": 1, "c": [ 255, 255, 0, 160 ], "dmg": 1, "sli": 1, "ser": 0, "fat": 0, "row": -1, "mot": -1, "pie": -1, "uto": -1, "uwr": -1 }, "geometry": { "type": "Point", "coordinates": [ 14.496111, 53.455833 ] } },
{ "type": "Feature", "properties": { "ID": 109712172, "yr": 2021, "dt": "2021-01-05T11:10:00", "WOJ": 32, "sev": 1, "c": [ 255, 255, 0, 160 ], "dmg": 2, "sli": 1, "ser": 0, "fat": 0, "row": -1, "mot": -1, "pie": -1, "uto": -1, "uwr": -1 }, "geometry": { "type": "Point", "coordinates": [ 14.533361, 53.439833 ] } },
{ "type": "Feature", "properties": { "ID": 116755975, "yr": 2021, "dt": "2021-12-30T17:00:00", "WOJ": 32, "sev": 1, "c": [ 255, 255, 0, 160 ], "dmg": 1, "sli": 1, "ser": 0, "fat": 0, "row": -1, "mot": -1, "pie": 1, "uto": -1, "uwr": -1 }, "geometry": { "type": "Point", "coordinates": [ 14.551778, 53.439889 ] } },
{ "type": "Feature", "properties": { "ID": 109707003, "yr": 2021, "dt": "2021-01-03T22:09:40", "WOJ": 32, "sev": 1, "c": [ 255, 255, 0, 160 ], "dmg": 0, "sli": 1, "ser": 0, "fat": 0, "row": -1, "mot": -1, "pie": -1, "uto": -1, "uwr": -1 }, "geometry": { "type": "Point", "coordinates": [ 14.554, 53.340889 ] } },
{ "type": "Feature", "properties": { "ID": 116756982, "yr": 2021, "dt": "2021-12-31T11:01:22", "WOJ": 32, "sev": 1, "c": [ 255, 255, 0, 160 ], "dmg": 1, "sli": 1, "ser": 0, "fat": 0, "row": -1, "mot": -1, "pie": 1, "uto": -1, "uwr": -1 }, "geometry": { "type": "Point", "coordinates": [ 16.700444, 53.712028 ] } },
{ "type": "Feature", "properties": { "ID": 109706981, "yr": 2021, "dt": "2021-01-03T22:01:03", "WOJ": 32, "sev": 1, "c": [ 255, 255, 0, 160 ], "dmg": 0, "sli": 1, "ser": 0, "fat": 0, "row": -1, "mot": -1, "pie": -1, "uto": -1, "uwr": -1 }, "geometry": { "type": "Point", "coordinates": [ 14.522833, 53.428778 ] } },
{ "type": "Feature", "properties": { "ID": 116749657, "yr": 2021, "dt": "2021-12-29T18:20:00", "WOJ": 32, "sev": 1, "c": [ 255, 255, 0, 160 ], "dmg": 1, "sli": 1, "ser": 0, "fat": 0, "row": -1, "mot": -1, "pie": -1, "uto": -1, "uwr": -1 }, "geometry": { "type": "Point", "coordinates": [ 14.500611, 53.451083 ] } },
{ "type": "Feature", "properties": { "ID": 109869633, "yr": 2021, "dt": "2021-02-04T17:56:00", "WOJ": 32, "sev": 1, "c": [ 255, 255, 0, 160 ], "dmg": 1, "sli": 1, "ser": 0, "fat": 0, "row": -1, "mot": -1, "pie": -1, "uto": -1, "uwr": -1 }, "geometry": { "type": "Point", "coordinates": [ 14.563889, 53.442444 ] } },
{ "type": "Feature", "properties": { "ID": 109870295, "yr": 2021, "dt": "2021-02-04T15:40:00", "WOJ": 32, "sev": 1, "c": [ 255, 255, 0, 160 ], "dmg": 1, "sli": 1, "ser": 0, "fat": 0, "row": -1, "mot": -1, "pie": -1, "uto": -1, "uwr": -1 }, "geometry": { "type": "Point", "coordinates": [ 16.729583, 53.912111 ] } },
{ "type": "Feature", "properties": { "ID": 109864942, "yr": 2021, "dt": "2021-02-02T15:16:00", "WOJ": 32, "sev": 1, "c": [ 255, 255, 0, 160 ], "dmg": 2, "sli": 1, "ser": 0, "fat": 0, "row": -1, "mot": -1, "pie": -1, "uto": -1, "uwr": -1 }, "geometry": { "type": "Point", "coordinates": [ 14.563806, 53.441833 ] } },
{ "type": "Feature", "properties": { "ID": 109863313, "yr": 2021, "dt": "2021-02-01T07:27:11", "WOJ": 32, "sev": 1, "c": [ 255, 255, 0, 160 ], "dmg": 2, "sli": 1, "ser": 0, "fat": 0, "row": -1, "mot": -1, "pie": -1, "uto": -1, "uwr": -1 }, "geometry": { "type": "Point", "coordinates": [ 14.617028, 53.397444 ] } },
{ "type": "Feature", "properties": { "ID": 109860174, "yr": 2021, "dt": "2021-01-30T21:00:09", "WOJ": 32, "sev": 1, "c": [ 255, 255, 0, 160 ], "dmg": 1, "sli": 1, "ser": 0, "fat": 0, "row": -1, "mot": -1, "pie": -1, "uto": -1, "uwr": -1 }, "geometry": { "type": "Point", "coordinates": [ 14.553583, 53.435083 ] } },
{ "type": "Feature", "properties": { "ID": 109858924, "yr": 2021, "dt": "2021-01-30T13:28:58", "WOJ": 32, "sev": 1, "c": [ 255, 255, 0, 160 ], "dmg": 1, "sli": 1, "ser": 0, "fat": 0, "row": -1, "mot": -1, "pie": -1, "uto": -1, "uwr": -1 }, "geometry": { "type": "Point", "coordinates": [ 14.547389, 53.430639 ] } },
{ "type": "Feature", "properties": { "ID": 109858194, "yr": 2021, "dt": "2021-01-29T11:59:00", "WOJ": 32, "sev": 1, "c": [ 255, 255, 0, 160 ], "dmg": 1, "sli": 1, "ser": 0, "fat": 0, "row": -1, "mot": -1, "pie": -1, "uto": -1, "uwr": -1 }, "geometry": { "type": "Point", "coordinates": [ 14.640444, 53.386583 ] } },
{ "type": "Feature", "properties": { "ID": 116714794, "yr": 2021, "dt": "2021-12-16T16:30:00", "WOJ": 32, "sev": 1, "c": [ 255, 255, 0, 160 ], "dmg": 1, "sli": 1, "ser": 0, "fat": 0, "row": -1, "mot": -1, "pie": 1, "uto": -1, "uwr": -1 }, "geometry": { "type": "Point", "coordinates": [ 14.522472, 53.412639 ] } },
{ "type": "Feature", "properties": { "ID": 116713849, "yr": 2021, "dt": "2021-12-16T05:39:36", "WOJ": 32, "sev": 1, "c": [ 255, 255, 0, 160 ], "dmg": 1, "sli": 1, "ser": 0, "fat": 0, "row": -1, "mot": -1, "pie": 1, "uto": -1, "uwr": -1 }, "geometry": { "type": "Point", "coordinates": [ 14.838333, 53.562 ] } },
{ "type": "Feature", "properties": { "ID": 116714853, "yr": 2021, "dt": "2021-12-15T16:50:00", "WOJ": 32, "sev": 1, "c": [ 255, 255, 0, 160 ], "dmg": 1, "sli": 1, "ser": 0, "fat": 0, "row": -1, "mot": -1, "pie": -1, "uto": -1, "uwr": -1 }, "geometry": { "type": "Point", "coordinates": [ 14.675667, 52.65775 ] } },
{ "type": "Feature", "properties": { "ID": 116009841, "yr": 2021, "dt": "2021-12-14T07:30:00", "WOJ": 32, "sev": 1, "c": [ 255, 255, 0, 160 ], "dmg": 1, "sli": 1, "ser": 0, "fat": 0, "row": -1, "mot": -1, "pie": 1, "uto": -1, "uwr": -1 }, "geometry": { "type": "Point", "coordinates": [ 15.027528, 53.338861 ] } },
{ "type": "Feature", "properties": { "ID": 116009987, "yr": 2021, "dt": "2021-12-14T12:53:38", "WOJ": 32, "sev": 1, "c": [ 255, 255, 0, 160 ], "dmg": 1, "sli": 1, "ser": 0, "fat": 0, "row": -1, "mot": -1, "pie": -1, "uto": -1, "uwr": -1 }, "geometry": { "type": "Point", "coordinates": [ 14.636528, 53.395 ] } },
{ "type": "Feature", "properties": { "ID": 116164826, "yr": 2021, "dt": "2021-12-13T16:20:00", "WOJ": 32, "sev": 1, "c": [ 255, 255, 0, 160 ], "dmg": 1, "sli": 1, "ser": 0, "fat": 0, "row": -1, "mot": -1, "pie": 1, "uto": -1, "uwr": -1 }, "geometry": { "type": "Point", "coordinates": [ 14.872139, 52.925028 ] } },
{ "type": "Feature", "properties": { "ID": 115187071, "yr": 2021, "dt": "2021-12-10T13:30:12", "WOJ": 32, "sev": 1, "c": [ 255, 255, 0, 160 ], "dmg": 1, "sli": 2, "ser": 0, "fat": 0, "row": -1, "mot": -1, "pie": -1, "uto": -1, "uwr": -1 }, "geometry": { "type": "Point", "coordinates": [ 15.339389, 54.057139 ] } },
{ "type": "Feature", "properties": { "ID": 115187002, "yr": 2021, "dt": "2021-12-10T18:10:02", "WOJ": 32, "sev": 1, "c": [ 255, 255, 0, 160 ], "dmg": 1, "sli": 1, "ser": 0, "fat": 0, "row": -1, "mot": -1, "pie": 1, "uto": -1, "uwr": -1 }, "geometry": { "type": "Point", "coordinates": [ 14.550611, 53.453167 ] } },
{ "type": "Feature", "properties": { "ID": 109847143, "yr": 2021, "dt": "2021-01-28T06:53:53", "WOJ": 32, "sev": 1, "c": [ 255, 255, 0, 160 ], "dmg": 1, "sli": 1, "ser": 0, "fat": 0, "row": -1, "mot": -1, "pie": 1, "uto": -1, "uwr": -1 }, "geometry": { "type": "Point", "coordinates": [ 14.535056, 53.409083 ] } },
{ "type": "Feature", "properties": { "ID": 109938139, "yr": 2021, "dt": "2021-02-19T09:18:00", "WOJ": 32, "sev": 1, "c": [ 255, 255, 0, 160 ], "dmg": 1, "sli": 1, "ser": 0, "fat": 0, "row": -1, "mot": -1, "pie": -1, "uto": -1, "uwr": -1 }, "geometry": { "type": "Point", "coordinates": [ 14.560417, 53.422111 ] } },
{ "type": "Feature", "properties": { "ID": 109888956, "yr": 2021, "dt": "2021-02-14T19:28:34", "WOJ": 32, "sev": 1, "c": [ 255, 255, 0, 160 ], "dmg": 1, "sli": 1, "ser": 0, "fat": 0, "row": -1, "mot": -1, "pie": 1, "uto": -1, "uwr": -1 }, "geometry": { "type": "Point", "coordinates": [ 14.512306, 53.45125 ] } },
{ "type": "Feature", "properties": { "ID": 109882902, "yr": 2021, "dt": "2021-02-11T07:11:12", "WOJ": 32, "sev": 1, "c": [ 255, 255, 0, 160 ], "dmg": 1, "sli": 1, "ser": 0, "fat": 0, "row": -1, "mot": -1, "pie": -1, "uto": -1, "uwr": -1 }, "geometry": { "type": "Point", "coordinates": [ 14.532361, 53.459417 ] } },
{ "type": "Feature", "properties": { "ID": 115187022, "yr": 2021, "dt": "2021-12-10T18:43:04", "WOJ": 32, "sev": 1, "c": [ 255, 255, 0, 160 ], "dmg": 0, "sli": 1, "ser": 0, "fat": 0, "row": -1, "mot": -1, "pie": -1, "uto": -1, "uwr": -1 }, "geometry": { "type": "Point", "coordinates": [ 14.915694, 53.178722 ] } },
{ "type": "Feature", "properties": { "ID": 115186965, "yr": 2021, "dt": "2021-12-10T15:54:13", "WOJ": 32, "sev": 1, "c": [ 255, 255, 0, 160 ], "dmg": 2, "sli": 2, "ser": 0, "fat": 0, "row": -1, "mot": -1, "pie": -1, "uto": -1, "uwr": -1 }, "geometry": { "type": "Point", "coordinates": [ 14.672917, 53.362306 ] } },
{ "type": "Feature", "properties": { "ID": 115006107, "yr": 2021, "dt": "2021-12-10T11:01:15", "WOJ": 32, "sev": 1, "c": [ 255, 255, 0, 160 ], "dmg": 2, "sli": 3, "ser": 0, "fat": 0, "row": 1, "mot": -1, "pie": 1, "uto": -1, "uwr": -1 }, "geometry": { "type": "Point", "coordinates": [ 14.552861, 53.428889 ] } },
{ "type": "Feature", "properties": { "ID": 114775818, "yr": 2021, "dt": "2021-12-09T07:27:32", "WOJ": 32, "sev": 1, "c": [ 255, 255, 0, 160 ], "dmg": 1, "sli": 1, "ser": 0, "fat": 0, "row": -1, "mot": -1, "pie": 1, "uto": -1, "uwr": -1 }, "geometry": { "type": "Point", "coordinates": [ 14.507139, 53.442417 ] } },
{ "type": "Feature", "properties": { "ID": 114526821, "yr": 2021, "dt": "2021-12-08T10:57:13", "WOJ": 32, "sev": 1, "c": [ 255, 255, 0, 160 ], "dmg": 1, "sli": 1, "ser": 0, "fat": 0, "row": -1, "mot": -1, "pie": 1, "uto": -1, "uwr": -1 }, "geometry": { "type": "Point", "coordinates": [ 16.685611, 53.710722 ] } },
{ "type": "Feature", "properties": { "ID": 114402823, "yr": 2021, "dt": "2021-12-08T07:37:30", "WOJ": 32, "sev": 1, "c": [ 255, 255, 0, 160 ], "dmg": 1, "sli": 1, "ser": 0, "fat": 0, "row": -1, "mot": -1, "pie": 1, "uto": -1, "uwr": -1 }, "geometry": { "type": "Point", "coordinates": [ 16.486139, 53.275028 ] } },
{ "type": "Feature", "properties": { "ID": 114241232, "yr": 2021, "dt": "2021-12-06T16:30:00", "WOJ": 32, "sev": 1, "c": [ 255, 255, 0, 160 ], "dmg": 1, "sli": 1, "ser": 0, "fat": 0, "row": -1, "mot": -1, "pie": 1, "uto": -1, "uwr": -1 }, "geometry": { "type": "Point", "coordinates": [ 15.312222, 53.545 ] } },
{ "type": "Feature", "properties": { "ID": 114241417, "yr": 2021, "dt": "2021-12-06T16:14:27", "WOJ": 32, "sev": 1, "c": [ 255, 255, 0, 160 ], "dmg": 2, "sli": 1, "ser": 0, "fat": 0, "row": -1, "mot": -1, "pie": -1, "uto": -1, "uwr": -1 }, "geometry": { "type": "Point", "coordinates": [ 14.544361, 53.428861 ] } },
{ "type": "Feature", "properties": { "ID": 114324818, "yr": 2021, "dt": "2021-12-05T10:20:00", "WOJ": 32, "sev": 1, "c": [ 255, 255, 0, 160 ], "dmg": 0, "sli": 1, "ser": 0, "fat": 0, "row": -1, "mot": -1, "pie": -1, "uto": -1, "uwr": -1 }, "geometry": { "type": "Point", "coordinates": [ 16.582833, 53.724528 ] } },
{ "type": "Feature", "properties": { "ID": 109874886, "yr": 2021, "dt": "2021-02-08T13:07:12", "WOJ": 32, "sev": 1, "c": [ 255, 255, 0, 160 ], "dmg": 1, "sli": 1, "ser": 0, "fat": 0, "row": -1, "mot": -1, "pie": -1, "uto": -1, "uwr": -1 }, "geometry": { "type": "Point", "coordinates": [ 14.512, 53.433056 ] } },
{ "type": "Feature", "properties": { "ID": 109875407, "yr": 2021, "dt": "2021-02-08T15:00:00", "WOJ": 32, "sev": 1, "c": [ 255, 255, 0, 160 ], "dmg": 0, "sli": 3, "ser": 0, "fat": 0, "row": -1, "mot": -1, "pie": -1, "uto": -1, "uwr": -1 }, "geometry": { "type": "Point", "coordinates": [ 15.531111, 53.528333 ] } },
{ "type": "Feature", "properties": { "ID": 109870008, "yr": 2021, "dt": "2021-02-05T12:25:48", "WOJ": 32, "sev": 1, "c": [ 255, 255, 0, 160 ], "dmg": 1, "sli": 1, "ser": 0, "fat": 0, "row": -1, "mot": -1, "pie": 1, "uto": -1, "uwr": -1 }, "geometry": { "type": "Point", "coordinates": [ 15.745167, 53.213389 ] } },
{ "type": "Feature", "properties": { "ID": 109870619, "yr": 2021, "dt": "2021-02-04T22:48:24", "WOJ": 32, "sev": 1, "c": [ 255, 255, 0, 160 ], "dmg": 1, "sli": 1, "ser": 0, "fat": 0, "row": -1, "mot": -1, "pie": -1, "uto": -1, "uwr": -1 }, "geometry": { "type": "Point", "coordinates": [ 14.506278, 53.406861 ] } },
{ "type": "Feature", "properties": { "ID": 109957453, "yr": 2021, "dt": "2021-02-26T10:12:12", "WOJ": 32, "sev": 1, "c": [ 255, 255, 0, 160 ], "dmg": 2, "sli": 1, "ser": 0, "fat": 0, "row": -1, "mot": -1, "pie": -1, "uto": -1, "uwr": -1 }, "geometry": { "type": "Point", "coordinates": [ 14.528417, 53.304167 ] } },
{ "type": "Feature", "properties": { "ID": 109954590, "yr": 2021, "dt": "2021-02-25T07:39:16", "WOJ": 32, "sev": 1, "c": [ 255, 255, 0, 160 ], "dmg": 1, "sli": 1, "ser": 0, "fat": 0, "row": -1, "mot": -1, "pie": -1, "uto": -1, "uwr": -1 }, "geometry": { "type": "Point", "coordinates": [ 14.529222, 53.461139 ] } },
{ "type": "Feature", "properties": { "ID": 109951248, "yr": 2021, "dt": "2021-02-23T16:15:47", "WOJ": 32, "sev": 1, "c": [ 255, 255, 0, 160 ], "dmg": 1, "sli": 1, "ser": 0, "fat": 0, "row": -1, "mot": -1, "pie": 1, "uto": -1, "uwr": -1 }, "geometry": { "type": "Point", "coordinates": [ 14.559278, 53.423056 ] } },
{ "type": "Feature", "properties": { "ID": 114026819, "yr": 2021, "dt": "2021-12-04T20:50:00", "WOJ": 32, "sev": 1, "c": [ 255, 255, 0, 160 ], "dmg": 1, "sli": 1, "ser": 0, "fat": 0, "row": -1, "mot": -1, "pie": 1, "uto": -1, "uwr": -1 }, "geometry": { "type": "Point", "coordinates": [ 14.534722, 53.419722 ] } },
{ "type": "Feature", "properties": { "ID": 114000907, "yr": 2021, "dt": "2021-12-03T15:15:00", "WOJ": 32, "sev": 1, "c": [ 255, 255, 0, 160 ], "dmg": 2, "sli": 1, "ser": 0, "fat": 0, "row": -1, "mot": -1, "pie": -1, "uto": -1, "uwr": -1 }, "geometry": { "type": "Point", "coordinates": [ 14.601, 53.527 ] } },
{ "type": "Feature", "properties": { "ID": 113816218, "yr": 2021, "dt": "2021-12-03T07:09:44", "WOJ": 32, "sev": 1, "c": [ 255, 255, 0, 160 ], "dmg": 0, "sli": 1, "ser": 0, "fat": 0, "row": -1, "mot": -1, "pie": -1, "uto": -1, "uwr": -1 }, "geometry": { "type": "Point", "coordinates": [ 15.139389, 53.373778 ] } },
{ "type": "Feature", "properties": { "ID": 113824967, "yr": 2021, "dt": "2021-12-02T18:10:00", "WOJ": 32, "sev": 1, "c": [ 255, 255, 0, 160 ], "dmg": 1, "sli": 1, "ser": 0, "fat": 0, "row": -1, "mot": -1, "pie": 1, "uto": -1, "uwr": -1 }, "geometry": { "type": "Point", "coordinates": [ 14.542056, 53.426278 ] } },
{ "type": "Feature", "properties": { "ID": 113824990, "yr": 2021, "dt": "2021-12-02T17:53:09", "WOJ": 32, "sev": 1, "c": [ 255, 255, 0, 160 ], "dmg": 1, "sli": 1, "ser": 0, "fat": 0, "row": -1, "mot": -1, "pie": -1, "uto": -1, "uwr": -1 }, "geometry": { "type": "Point", "coordinates": [ 14.529639, 53.561944 ] } },
{ "type": "Feature", "properties": { "ID": 113618598, "yr": 2021, "dt": "2021-11-30T07:11:17", "WOJ": 32, "sev": 1, "c": [ 255, 255, 0, 160 ], "dmg": 1, "sli": 1, "ser": 0, "fat": 0, "row": -1, "mot": -1, "pie": 1, "uto": -1, "uwr": -1 }, "geometry": { "type": "Point", "coordinates": [ 14.546361, 53.419806 ] } },
{ "type": "Feature", "properties": { "ID": 113666819, "yr": 2021, "dt": "2021-11-30T09:20:04", "WOJ": 32, "sev": 1, "c": [ 255, 255, 0, 160 ], "dmg": 1, "sli": 1, "ser": 0, "fat": 0, "row": -1, "mot": -1, "pie": -1, "uto": -1, "uwr": -1 }, "geometry": { "type": "Point", "coordinates": [ 16.158333, 54.184889 ] } },
{ "type": "Feature", "properties": { "ID": 113677277, "yr": 2021, "dt": "2021-11-30T17:37:12", "WOJ": 32, "sev": 1, "c": [ 255, 255, 0, 160 ], "dmg": 1, "sli": 1, "ser": 0, "fat": 0, "row": -1, "mot": -1, "pie": -1, "uto": -1, "uwr": -1 }, "geometry": { "type": "Point", "coordinates": [ 14.598222, 53.402 ] } },
{ "type": "Feature", "properties": { "ID": 109947817, "yr": 2021, "dt": "2021-02-23T16:10:34", "WOJ": 32, "sev": 1, "c": [ 255, 255, 0, 160 ], "dmg": 1, "sli": 1, "ser": 0, "fat": 0, "row": -1, "mot": -1, "pie": -1, "uto": -1, "uwr": -1 }, "geometry": { "type": "Point", "coordinates": [ 14.513972, 53.409083 ] } },
{ "type": "Feature", "properties": { "ID": 109945885, "yr": 2021, "dt": "2021-02-22T15:59:47", "WOJ": 32, "sev": 1, "c": [ 255, 255, 0, 160 ], "dmg": 1, "sli": 1, "ser": 0, "fat": 0, "row": -1, "mot": -1, "pie": 1, "uto": -1, "uwr": -1 }, "geometry": { "type": "Point", "coordinates": [ 14.626806, 53.379389 ] } },
{ "type": "Feature", "properties": { "ID": 109942767, "yr": 2021, "dt": "2021-02-22T07:57:53", "WOJ": 32, "sev": 1, "c": [ 255, 255, 0, 160 ], "dmg": 1, "sli": 1, "ser": 0, "fat": 0, "row": -1, "mot": -1, "pie": -1, "uto": -1, "uwr": -1 }, "geometry": { "type": "Point", "coordinates": [ 15.334333, 53.365556 ] } },
{ "type": "Feature", "properties": { "ID": 109945230, "yr": 2021, "dt": "2021-02-22T12:15:38", "WOJ": 32, "sev": 1, "c": [ 255, 255, 0, 160 ], "dmg": 1, "sli": 1, "ser": 0, "fat": 0, "row": -1, "mot": -1, "pie": 1, "uto": -1, "uwr": -1 }, "geometry": { "type": "Point", "coordinates": [ 14.547889, 53.424889 ] } },
{ "type": "Feature", "properties": { "ID": 109905183, "yr": 2021, "dt": "2021-02-19T08:06:14", "WOJ": 32, "sev": 1, "c": [ 255, 255, 0, 160 ], "dmg": 1, "sli": 1, "ser": 0, "fat": 0, "row": -1, "mot": -1, "pie": -1, "uto": -1, "uwr": -1 }, "geometry": { "type": "Point", "coordinates": [ 14.564472, 53.426639 ] } },
{ "type": "Feature", "properties": { "ID": 109974274, "yr": 2021, "dt": "2021-03-05T15:39:10", "WOJ": 32, "sev": 1, "c": [ 255, 255, 0, 160 ], "dmg": 1, "sli": 1, "ser": 0, "fat": 0, "row": 1, "mot": -1, "pie": -1, "uto": -1, "uwr": -1 }, "geometry": { "type": "Point", "coordinates": [ 14.547333, 53.430611 ] } },
{ "type": "Feature", "properties": { "ID": 109971818, "yr": 2021, "dt": "2021-03-04T11:37:56", "WOJ": 32, "sev": 1, "c": [ 255, 255, 0, 160 ], "dmg": 1, "sli": 1, "ser": 0, "fat": 0, "row": -1, "mot": -1, "pie": -1, "uto": -1, "uwr": -1 }, "geometry": { "type": "Point", "coordinates": [ 14.546667, 53.415 ] } },
{ "type": "Feature", "properties": { "ID": 109972750, "yr": 2021, "dt": "2021-03-04T09:45:00", "WOJ": 32, "sev": 1, "c": [ 255, 255, 0, 160 ], "dmg": 1, "sli": 1, "ser": 0, "fat": 0, "row": 1, "mot": -1, "pie": -1, "uto": -1, "uwr": -1 }, "geometry": { "type": "Point", "coordinates": [ 14.533306, 53.426167 ] } },
{ "type": "Feature", "properties": { "ID": 113618361, "yr": 2021, "dt": "2021-11-29T18:11:15", "WOJ": 32, "sev": 1, "c": [ 255, 255, 0, 160 ], "dmg": 2, "sli": 1, "ser": 0, "fat": 0, "row": -1, "mot": -1, "pie": -1, "uto": -1, "uwr": -1 }, "geometry": { "type": "Point", "coordinates": [ 14.48875, 53.254389 ] } },
{ "type": "Feature", "properties": { "ID": 113641260, "yr": 2021, "dt": "2021-11-29T18:00:00", "WOJ": 32, "sev": 1, "c": [ 255, 255, 0, 160 ], "dmg": 1, "sli": 1, "ser": 0, "fat": 0, "row": -1, "mot": -1, "pie": 1, "uto": -1, "uwr": -1 }, "geometry": { "type": "Point", "coordinates": [ 16.630889, 53.215722 ] } },
{ "type": "Feature", "properties": { "ID": 113560993, "yr": 2021, "dt": "2021-11-28T02:00:00", "WOJ": 32, "sev": 1, "c": [ 255, 255, 0, 160 ], "dmg": 0, "sli": 2, "ser": 0, "fat": 0, "row": -1, "mot": -1, "pie": -1, "uto": -1, "uwr": -1 }, "geometry": { "type": "Point", "coordinates": [ 14.431, 53.145944 ] } },
{ "type": "Feature", "properties": { "ID": 113561102, "yr": 2021, "dt": "2021-11-27T13:20:00", "WOJ": 32, "sev": 1, "c": [ 255, 255, 0, 160 ], "dmg": 1, "sli": 1, "ser": 0, "fat": 0, "row": 1, "mot": -1, "pie": -1, "uto": -1, "uwr": -1 }, "geometry": { "type": "Point", "coordinates": [ 15.693667, 53.285806 ] } },
{ "type": "Feature", "properties": { "ID": 113511303, "yr": 2021, "dt": "2021-11-25T07:21:33", "WOJ": 32, "sev": 1, "c": [ 255, 255, 0, 160 ], "dmg": 2, "sli": 2, "ser": 0, "fat": 0, "row": -1, "mot": -1, "pie": -1, "uto": -1, "uwr": -1 }, "geometry": { "type": "Point", "coordinates": [ 14.53375, 53.256278 ] } },
{ "type": "Feature", "properties": { "ID": 113527834, "yr": 2021, "dt": "2021-11-25T07:20:00", "WOJ": 32, "sev": 1, "c": [ 255, 255, 0, 160 ], "dmg": 0, "sli": 2, "ser": 0, "fat": 0, "row": -1, "mot": -1, "pie": -1, "uto": -1, "uwr": -1 }, "geometry": { "type": "Point", "coordinates": [ 14.523611, 53.431111 ] } },
{ "type": "Feature", "properties": { "ID": 113515898, "yr": 2021, "dt": "2021-11-25T07:30:00", "WOJ": 32, "sev": 1, "c": [ 255, 255, 0, 160 ], "dmg": 2, "sli": 1, "ser": 0, "fat": 0, "row": -1, "mot": -1, "pie": -1, "uto": -1, "uwr": -1 }, "geometry": { "type": "Point", "coordinates": [ 14.823778, 53.408028 ] } },
{ "type": "Feature", "properties": { "ID": 113511136, "yr": 2021, "dt": "2021-11-24T19:05:00", "WOJ": 32, "sev": 1, "c": [ 255, 255, 0, 160 ], "dmg": 1, "sli": 1, "ser": 0, "fat": 0, "row": -1, "mot": -1, "pie": 1, "uto": -1, "uwr": -1 }, "geometry": { "type": "Point", "coordinates": [ 15.039833, 53.334389 ] } },
{ "type": "Feature", "properties": { "ID": 109970196, "yr": 2021, "dt": "2021-03-02T18:47:15", "WOJ": 32, "sev": 1, "c": [ 255, 255, 0, 160 ], "dmg": 1, "sli": 5, "ser": 0, "fat": 0, "row": -1, "mot": -1, "pie": -1, "uto": -1, "uwr": -1 }, "geometry": { "type": "Point", "coordinates": [ 14.500472, 53.5455 ] } },
{ "type": "Feature", "properties": { "ID": 109965238, "yr": 2021, "dt": "2021-03-01T15:08:03", "WOJ": 32, "sev": 1, "c": [ 255, 255, 0, 160 ], "dmg": 1, "sli": 1, "ser": 0, "fat": 0, "row": -1, "mot": -1, "pie": 1, "uto": -1, "uwr": -1 }, "geometry": { "type": "Point", "coordinates": [ 14.498333, 53.25275 ] } },
{ "type": "Feature", "properties": { "ID": 109960206, "yr": 2021, "dt": "2021-02-28T11:41:00", "WOJ": 32, "sev": 1, "c": [ 255, 255, 0, 160 ], "dmg": 1, "sli": 1, "ser": 0, "fat": 0, "row": -1, "mot": -1, "pie": -1, "uto": -1, "uwr": -1 }, "geometry": { "type": "Point", "coordinates": [ 16.693444, 54.370694 ] } },
{ "type": "Feature", "properties": { "ID": 109960442, "yr": 2021, "dt": "2021-02-28T16:53:00", "WOJ": 32, "sev": 1, "c": [ 255, 255, 0, 160 ], "dmg": 2, "sli": 1, "ser": 0, "fat": 0, "row": -1, "mot": -1, "pie": -1, "uto": -1, "uwr": -1 }, "geometry": { "type": "Point", "coordinates": [ 15.036333, 53.710028 ] } },
{ "type": "Feature", "properties": { "ID": 109959822, "yr": 2021, "dt": "2021-02-27T18:40:00", "WOJ": 32, "sev": 1, "c": [ 255, 255, 0, 160 ], "dmg": 1, "sli": 1, "ser": 0, "fat": 0, "row": -1, "mot": -1, "pie": 1, "uto": -1, "uwr": -1 }, "geometry": { "type": "Point", "coordinates": [ 16.401111, 53.349167 ] } },
{ "type": "Feature", "properties": { "ID": 110052373, "yr": 2021, "dt": "2021-03-12T18:56:38", "WOJ": 32, "sev": 1, "c": [ 255, 255, 0, 160 ], "dmg": 1, "sli": 1, "ser": 0, "fat": 0, "row": 1, "mot": -1, "pie": -1, "uto": -1, "uwr": -1 }, "geometry": { "type": "Point", "coordinates": [ 14.523278, 53.428833 ] } },
{ "type": "Feature", "properties": { "ID": 110049562, "yr": 2021, "dt": "2021-03-11T17:10:00", "WOJ": 32, "sev": 1, "c": [ 255, 255, 0, 160 ], "dmg": 0, "sli": 1, "ser": 0, "fat": 0, "row": -1, "mot": -1, "pie": -1, "uto": -1, "uwr": -1 }, "geometry": { "type": "Point", "coordinates": [ 15.277972, 53.581389 ] } },
{ "type": "Feature", "properties": { "ID": 113514115, "yr": 2021, "dt": "2021-11-24T16:51:59", "WOJ": 32, "sev": 1, "c": [ 255, 255, 0, 160 ], "dmg": 1, "sli": 1, "ser": 0, "fat": 0, "row": -1, "mot": -1, "pie": -1, "uto": -1, "uwr": -1 }, "geometry": { "type": "Point", "coordinates": [ 16.558194, 53.837111 ] } },
{ "type": "Feature", "properties": { "ID": 113497199, "yr": 2021, "dt": "2021-11-23T06:44:44", "WOJ": 32, "sev": 1, "c": [ 255, 255, 0, 160 ], "dmg": 1, "sli": 1, "ser": 0, "fat": 0, "row": 1, "mot": -1, "pie": -1, "uto": -1, "uwr": -1 }, "geometry": { "type": "Point", "coordinates": [ 16.682556, 54.347667 ] } },
{ "type": "Feature", "properties": { "ID": 113500216, "yr": 2021, "dt": "2021-11-23T12:26:52", "WOJ": 32, "sev": 1, "c": [ 255, 255, 0, 160 ], "dmg": 1, "sli": 1, "ser": 0, "fat": 0, "row": -1, "mot": -1, "pie": -1, "uto": -1, "uwr": -1 }, "geometry": { "type": "Point", "coordinates": [ 14.716306, 53.395139 ] } },
{ "type": "Feature", "properties": { "ID": 113495907, "yr": 2021, "dt": "2021-11-22T12:22:00", "WOJ": 32, "sev": 1, "c": [ 255, 255, 0, 160 ], "dmg": 1, "sli": 1, "ser": 0, "fat": 0, "row": -1, "mot": -1, "pie": -1, "uto": -1, "uwr": -1 }, "geometry": { "type": "Point", "coordinates": [ 14.512528, 53.420833 ] } },
{ "type": "Feature", "properties": { "ID": 113486926, "yr": 2021, "dt": "2021-11-20T13:40:00", "WOJ": 32, "sev": 1, "c": [ 255, 255, 0, 160 ], "dmg": 0, "sli": 1, "ser": 0, "fat": 0, "row": -1, "mot": -1, "pie": -1, "uto": -1, "uwr": -1 }, "geometry": { "type": "Point", "coordinates": [ 14.977833, 53.369444 ] } },
{ "type": "Feature", "properties": { "ID": 113486989, "yr": 2021, "dt": "2021-11-20T17:43:44", "WOJ": 32, "sev": 1, "c": [ 255, 255, 0, 160 ], "dmg": 1, "sli": 1, "ser": 0, "fat": 0, "row": -1, "mot": -1, "pie": 1, "uto": -1, "uwr": -1 }, "geometry": { "type": "Point", "coordinates": [ 15.620417, 53.638194 ] } },
{ "type": "Feature", "properties": { "ID": 113473368, "yr": 2021, "dt": "2021-11-18T07:52:40", "WOJ": 32, "sev": 1, "c": [ 255, 255, 0, 160 ], "dmg": 2, "sli": 1, "ser": 0, "fat": 0, "row": -1, "mot": -1, "pie": -1, "uto": -1, "uwr": -1 }, "geometry": { "type": "Point", "coordinates": [ 14.5465, 53.420056 ] } },
{ "type": "Feature", "properties": { "ID": 113477101, "yr": 2021, "dt": "2021-11-18T16:52:51", "WOJ": 32, "sev": 1, "c": [ 255, 255, 0, 160 ], "dmg": 1, "sli": 1, "ser": 0, "fat": 0, "row": -1, "mot": -1, "pie": 1, "uto": -1, "uwr": -1 }, "geometry": { "type": "Point", "coordinates": [ 16.184083, 54.206222 ] } },
{ "type": "Feature", "properties": { "ID": 113471818, "yr": 2021, "dt": "2021-11-16T07:50:00", "WOJ": 32, "sev": 1, "c": [ 255, 255, 0, 160 ], "dmg": 2, "sli": 1, "ser": 0, "fat": 0, "row": -1, "mot": -1, "pie": -1, "uto": -1, "uwr": -1 }, "geometry": { "type": "Point", "coordinates": [ 14.752361, 52.778694 ] } },
{ "type": "Feature", "properties": { "ID": 110050479, "yr": 2021, "dt": "2021-03-11T16:38:00", "WOJ": 32, "sev": 1, "c": [ 255, 255, 0, 160 ], "dmg": 2, "sli": 1, "ser": 0, "fat": 0, "row": -1, "mot": -1, "pie": -1, "uto": -1, "uwr": -1 }, "geometry": { "type": "Point", "coordinates": [ 16.024972, 53.508194 ] } },
{ "type": "Feature", "properties": { "ID": 110035377, "yr": 2021, "dt": "2021-03-10T19:57:00", "WOJ": 32, "sev": 1, "c": [ 255, 255, 0, 160 ], "dmg": 2, "sli": 1, "ser": 0, "fat": 0, "row": -1, "mot": -1, "pie": -1, "uto": -1, "uwr": -1 }, "geometry": { "type": "Point", "coordinates": [ 14.538833, 53.422 ] } },
{ "type": "Feature", "properties": { "ID": 109978839, "yr": 2021, "dt": "2021-03-09T07:16:25", "WOJ": 32, "sev": 1, "c": [ 255, 255, 0, 160 ], "dmg": 1, "sli": 1, "ser": 0, "fat": 0, "row": -1, "mot": -1, "pie": 1, "uto": -1, "uwr": -1 }, "geometry": { "type": "Point", "coordinates": [ 14.527389, 53.402361 ] } },
{ "type": "Feature", "properties": { "ID": 109975725, "yr": 2021, "dt": "2021-03-07T00:02:08", "WOJ": 32, "sev": 1, "c": [ 255, 255, 0, 160 ], "dmg": 1, "sli": 1, "ser": 0, "fat": 0, "row": -1, "mot": -1, "pie": 1, "uto": -1, "uwr": -1 }, "geometry": { "type": "Point", "coordinates": [ 15.132639, 53.664389 ] } },
{ "type": "Feature", "properties": { "ID": 109973071, "yr": 2021, "dt": "2021-03-05T13:32:03", "WOJ": 32, "sev": 1, "c": [ 255, 255, 0, 160 ], "dmg": 1, "sli": 1, "ser": 0, "fat": 0, "row": -1, "mot": -1, "pie": -1, "uto": -1, "uwr": -1 }, "geometry": { "type": "Point", "coordinates": [ 14.571222, 53.414694 ] } },
{ "type": "Feature", "properties": { "ID": 110090055, "yr": 2021, "dt": "2021-03-30T11:45:25", "WOJ": 32, "sev": 1, "c": [ 255, 255, 0, 160 ], "dmg": 0, "sli": 1, "ser": 0, "fat": 0, "row": -1, "mot": -1, "pie": -1, "uto": -1, "uwr": -1 }, "geometry": { "type": "Point", "coordinates": [ 14.79625, 53.556472 ] } },
{ "type": "Feature", "properties": { "ID": 110091434, "yr": 2021, "dt": "2021-03-30T15:05:00", "WOJ": 32, "sev": 1, "c": [ 255, 255, 0, 160 ], "dmg": 1, "sli": 2, "ser": 0, "fat": 0, "row": -1, "mot": -1, "pie": -1, "uto": -1, "uwr": -1 }, "geometry": { "type": "Point", "coordinates": [ 14.493889, 53.225556 ] } },
{ "type": "Feature", "properties": { "ID": 119297553, "yr": 2021, "dt": "2021-03-29T13:41:00", "WOJ": 32, "sev": 1, "c": [ 255, 255, 0, 160 ], "dmg": 1, "sli": 1, "ser": 0, "fat": 0, "row": -1, "mot": -1, "pie": -1, "uto": -1, "uwr": -1 }, "geometry": { "type": "Point", "coordinates": [ 14.908722, 53.721861 ] } },
{ "type": "Feature", "properties": { "ID": 110081164, "yr": 2021, "dt": "2021-03-27T00:42:00", "WOJ": 32, "sev": 1, "c": [ 255, 255, 0, 160 ], "dmg": 0, "sli": 1, "ser": 0, "fat": 0, "row": -1, "mot": -1, "pie": -1, "uto": -1, "uwr": -1 }, "geometry": { "type": "Point", "coordinates": [ 15.501222, 53.141722 ] } },
{ "type": "Feature", "properties": { "ID": 110077963, "yr": 2021, "dt": "2021-03-26T11:53:00", "WOJ": 32, "sev": 1, "c": [ 255, 255, 0, 160 ], "dmg": 1, "sli": 1, "ser": 0, "fat": 0, "row": -1, "mot": -1, "pie": -1, "uto": -1, "uwr": -1 }, "geometry": { "type": "Point", "coordinates": [ 14.871278, 52.924861 ] } },
{ "type": "Feature", "properties": { "ID": 110074346, "yr": 2021, "dt": "2021-03-24T11:18:53", "WOJ": 32, "sev": 1, "c": [ 255, 255, 0, 160 ], "dmg": 1, "sli": 1, "ser": 0, "fat": 0, "row": -1, "mot": -1, "pie": 1, "uto": -1, "uwr": -1 }, "geometry": { "type": "Point", "coordinates": [ 14.631639, 53.384306 ] } },
{ "type": "Feature", "properties": { "ID": 110068149, "yr": 2021, "dt": "2021-03-19T15:35:00", "WOJ": 32, "sev": 1, "c": [ 255, 255, 0, 160 ], "dmg": 1, "sli": 1, "ser": 0, "fat": 0, "row": 0, "mot": -1, "pie": 1, "uto": -1, "uwr": -1 }, "geometry": { "type": "Point", "coordinates": [ 14.510194, 53.407972 ] } },
{ "type": "Feature", "properties": { "ID": 110063540, "yr": 2021, "dt": "2021-03-19T16:08:24", "WOJ": 32, "sev": 1, "c": [ 255, 255, 0, 160 ], "dmg": 2, "sli": 1, "ser": 0, "fat": 0, "row": -1, "mot": -1, "pie": -1, "uto": -1, "uwr": -1 }, "geometry": { "type": "Point", "coordinates": [ 14.560028, 53.435167 ] } },
{ "type": "Feature", "properties": { "ID": 110060756, "yr": 2021, "dt": "2021-03-18T18:28:04", "WOJ": 32, "sev": 1, "c": [ 255, 255, 0, 160 ], "dmg": 1, "sli": 1, "ser": 0, "fat": 0, "row": -1, "mot": -1, "pie": -1, "uto": -1, "uwr": -1 }, "geometry": { "type": "Point", "coordinates": [ 15.345556, 53.778972 ] } },
{ "type": "Feature", "properties": { "ID": 110059061, "yr": 2021, "dt": "2021-03-17T15:41:00", "WOJ": 32, "sev": 1, "c": [ 255, 255, 0, 160 ], "dmg": 1, "sli": 1, "ser": 0, "fat": 0, "row": -1, "mot": -1, "pie": -1, "uto": -1, "uwr": -1 }, "geometry": { "type": "Point", "coordinates": [ 14.555222, 53.431361 ] } },
{ "type": "Feature", "properties": { "ID": 110059385, "yr": 2021, "dt": "2021-03-17T11:04:23", "WOJ": 32, "sev": 1, "c": [ 255, 255, 0, 160 ], "dmg": 1, "sli": 1, "ser": 0, "fat": 0, "row": -1, "mot": -1, "pie": -1, "uto": -1, "uwr": -1 }, "geometry": { "type": "Point", "coordinates": [ 14.578444, 53.313417 ] } },
{ "type": "Feature", "properties": { "ID": 110059652, "yr": 2021, "dt": "2021-03-17T14:10:43", "WOJ": 32, "sev": 1, "c": [ 255, 255, 0, 160 ], "dmg": 1, "sli": 1, "ser": 0, "fat": 0, "row": -1, "mot": -1, "pie": 1, "uto": -1, "uwr": -1 }, "geometry": { "type": "Point", "coordinates": [ 14.472833, 53.374944 ] } },
{ "type": "Feature", "properties": { "ID": 110059710, "yr": 2021, "dt": "2021-03-17T19:40:16", "WOJ": 32, "sev": 1, "c": [ 255, 255, 0, 160 ], "dmg": 1, "sli": 1, "ser": 0, "fat": 0, "row": -1, "mot": -1, "pie": -1, "uto": -1, "uwr": -1 }, "geometry": { "type": "Point", "coordinates": [ 14.536722, 53.427056 ] } },
{ "type": "Feature", "properties": { "ID": 110056352, "yr": 2021, "dt": "2021-03-15T12:16:26", "WOJ": 32, "sev": 1, "c": [ 255, 255, 0, 160 ], "dmg": 1, "sli": 1, "ser": 0, "fat": 0, "row": 1, "mot": -1, "pie": -1, "uto": -1, "uwr": -1 }, "geometry": { "type": "Point", "coordinates": [ 14.547472, 53.430722 ] } },
{ "type": "Feature", "properties": { "ID": 110070235, "yr": 2021, "dt": "2021-03-15T20:20:00", "WOJ": 32, "sev": 1, "c": [ 255, 255, 0, 160 ], "dmg": 1, "sli": 1, "ser": 0, "fat": 0, "row": -1, "mot": -1, "pie": -1, "uto": -1, "uwr": -1 }, "geometry": { "type": "Point", "coordinates": [ 16.352083, 53.704306 ] } },
{ "type": "Feature", "properties": { "ID": 110053817, "yr": 2021, "dt": "2021-03-14T21:28:22", "WOJ": 32, "sev": 1, "c": [ 255, 255, 0, 160 ], "dmg": 1, "sli": 1, "ser": 0, "fat": 0, "row": -1, "mot": -1, "pie": 1, "uto": -1, "uwr": -1 }, "geometry": { "type": "Point", "coordinates": [ 15.022917, 53.339417 ] } },
{ "type": "Feature", "properties": { "ID": 110104304, "yr": 2021, "dt": "2021-04-05T15:30:00", "WOJ": 32, "sev": 1, "c": [ 255, 255, 0, 160 ], "dmg": 2, "sli": 1, "ser": 0, "fat": 0, "row": -1, "mot": -1, "pie": -1, "uto": -1, "uwr": -1 }, "geometry": { "type": "Point", "coordinates": [ 15.555111, 53.542889 ] } },
{ "type": "Feature", "properties": { "ID": 110104470, "yr": 2021, "dt": "2021-04-05T21:27:55", "WOJ": 32, "sev": 1, "c": [ 255, 255, 0, 160 ], "dmg": 1, "sli": 1, "ser": 0, "fat": 0, "row": -1, "mot": -1, "pie": -1, "uto": -1, "uwr": -1 }, "geometry": { "type": "Point", "coordinates": [ 15.343889, 53.113722 ] } },
{ "type": "Feature", "properties": { "ID": 110100479, "yr": 2021, "dt": "2021-04-02T12:09:00", "WOJ": 32, "sev": 1, "c": [ 255, 255, 0, 160 ], "dmg": 2, "sli": 1, "ser": 0, "fat": 0, "row": -1, "mot": -1, "pie": -1, "uto": -1, "uwr": -1 }, "geometry": { "type": "Point", "coordinates": [ 14.597611, 53.358472 ] } },
{ "type": "Feature", "properties": { "ID": 110100488, "yr": 2021, "dt": "2021-04-02T12:18:30", "WOJ": 32, "sev": 1, "c": [ 255, 255, 0, 160 ], "dmg": 1, "sli": 1, "ser": 0, "fat": 0, "row": -1, "mot": -1, "pie": -1, "uto": -1, "uwr": -1 }, "geometry": { "type": "Point", "coordinates": [ 14.465056, 53.430028 ] } },
{ "type": "Feature", "properties": { "ID": 110094955, "yr": 2021, "dt": "2021-04-01T11:40:00", "WOJ": 32, "sev": 1, "c": [ 255, 255, 0, 160 ], "dmg": 1, "sli": 1, "ser": 0, "fat": 0, "row": -1, "mot": -1, "pie": 1, "uto": -1, "uwr": -1 }, "geometry": { "type": "Point", "coordinates": [ 14.662139, 53.373417 ] } },
{ "type": "Feature", "properties": { "ID": 110094655, "yr": 2021, "dt": "2021-03-31T20:01:58", "WOJ": 32, "sev": 1, "c": [ 255, 255, 0, 160 ], "dmg": 0, "sli": 1, "ser": 0, "fat": 0, "row": -1, "mot": -1, "pie": -1, "uto": -1, "uwr": -1 }, "geometry": { "type": "Point", "coordinates": [ 14.439917, 53.15675 ] } },
{ "type": "Feature", "properties": { "ID": 110091188, "yr": 2021, "dt": "2021-03-30T11:58:00", "WOJ": 32, "sev": 1, "c": [ 255, 255, 0, 160 ], "dmg": 1, "sli": 2, "ser": 0, "fat": 0, "row": -1, "mot": -1, "pie": -1, "uto": -1, "uwr": -1 }, "geometry": { "type": "Point", "coordinates": [ 15.124583, 53.667667 ] } },
{ "type": "Feature", "properties": { "ID": 110090866, "yr": 2021, "dt": "2021-03-30T20:49:25", "WOJ": 32, "sev": 1, "c": [ 255, 255, 0, 160 ], "dmg": 0, "sli": 1, "ser": 0, "fat": 0, "row": -1, "mot": 1, "pie": -1, "uto": -1, "uwr": -1 }, "geometry": { "type": "Point", "coordinates": [ 14.749611, 53.336556 ] } },
{ "type": "Feature", "properties": { "ID": 113424014, "yr": 2021, "dt": "2021-11-13T00:54:04", "WOJ": 32, "sev": 1, "c": [ 255, 255, 0, 160 ], "dmg": 1, "sli": 1, "ser": 0, "fat": 0, "row": -1, "mot": -1, "pie": -1, "uto": -1, "uwr": -1 }, "geometry": { "type": "Point", "coordinates": [ 14.562222, 53.420944 ] } },
{ "type": "Feature", "properties": { "ID": 113469851, "yr": 2021, "dt": "2021-11-12T16:04:00", "WOJ": 32, "sev": 1, "c": [ 255, 255, 0, 160 ], "dmg": 0, "sli": 1, "ser": 0, "fat": 0, "row": -1, "mot": -1, "pie": -1, "uto": -1, "uwr": -1 }, "geometry": { "type": "Point", "coordinates": [ 16.528333, 53.199833 ] } },
{ "type": "Feature", "properties": { "ID": 113403950, "yr": 2021, "dt": "2021-11-11T09:40:20", "WOJ": 32, "sev": 1, "c": [ 255, 255, 0, 160 ], "dmg": 2, "sli": 1, "ser": 0, "fat": 0, "row": -1, "mot": -1, "pie": -1, "uto": -1, "uwr": -1 }, "geometry": { "type": "Point", "coordinates": [ 16.557917, 53.323194 ] } },
{ "type": "Feature", "properties": { "ID": 113402015, "yr": 2021, "dt": "2021-11-10T14:50:00", "WOJ": 32, "sev": 1, "c": [ 255, 255, 0, 160 ], "dmg": 1, "sli": 1, "ser": 0, "fat": 0, "row": -1, "mot": 1, "pie": -1, "uto": -1, "uwr": -1 }, "geometry": { "type": "Point", "coordinates": [ 14.561194, 53.420361 ] } },
{ "type": "Feature", "properties": { "ID": 113501990, "yr": 2021, "dt": "2021-11-10T13:20:00", "WOJ": 32, "sev": 1, "c": [ 255, 255, 0, 160 ], "dmg": 1, "sli": 1, "ser": 0, "fat": 0, "row": -1, "mot": -1, "pie": 1, "uto": -1, "uwr": -1 }, "geometry": { "type": "Point", "coordinates": [ 14.48975, 53.240917 ] } },
{ "type": "Feature", "properties": { "ID": 113335957, "yr": 2021, "dt": "2021-11-09T11:00:00", "WOJ": 32, "sev": 1, "c": [ 255, 255, 0, 160 ], "dmg": 2, "sli": 1, "ser": 0, "fat": 0, "row": -1, "mot": -1, "pie": -1, "uto": -1, "uwr": -1 }, "geometry": { "type": "Point", "coordinates": [ 14.500833, 53.44825 ] } },
{ "type": "Feature", "properties": { "ID": 113393879, "yr": 2021, "dt": "2021-11-09T15:40:00", "WOJ": 32, "sev": 1, "c": [ 255, 255, 0, 160 ], "dmg": 1, "sli": 1, "ser": 0, "fat": 0, "row": -1, "mot": -1, "pie": -1, "uto": -1, "uwr": -1 }, "geometry": { "type": "Point", "coordinates": [ 15.591528, 53.652806 ] } },
{ "type": "Feature", "properties": { "ID": 113275000, "yr": 2021, "dt": "2021-11-07T09:56:45", "WOJ": 32, "sev": 1, "c": [ 255, 255, 0, 160 ], "dmg": 1, "sli": 1, "ser": 0, "fat": 0, "row": -1, "mot": -1, "pie": -1, "uto": -1, "uwr": -1 }, "geometry": { "type": "Point", "coordinates": [ 15.748889, 53.215028 ] } },
{ "type": "Feature", "properties": { "ID": 110120825, "yr": 2021, "dt": "2021-04-11T12:36:00", "WOJ": 32, "sev": 1, "c": [ 255, 255, 0, 160 ], "dmg": 0, "sli": 1, "ser": 0, "fat": 0, "row": -1, "mot": -1, "pie": -1, "uto": -1, "uwr": -1 }, "geometry": { "type": "Point", "coordinates": [ 16.670556, 53.7315 ] } },
{ "type": "Feature", "properties": { "ID": 110121475, "yr": 2021, "dt": "2021-04-11T20:50:00", "WOJ": 32, "sev": 1, "c": [ 255, 255, 0, 160 ], "dmg": 1, "sli": 1, "ser": 0, "fat": 0, "row": 1, "mot": -1, "pie": -1, "uto": -1, "uwr": -1 }, "geometry": { "type": "Point", "coordinates": [ 16.71, 53.704861 ] } },
{ "type": "Feature", "properties": { "ID": 110118552, "yr": 2021, "dt": "2021-04-09T09:59:00", "WOJ": 32, "sev": 1, "c": [ 255, 255, 0, 160 ], "dmg": 1, "sli": 1, "ser": 0, "fat": 0, "row": -1, "mot": -1, "pie": 1, "uto": -1, "uwr": -1 }, "geometry": { "type": "Point", "coordinates": [ 16.54425, 53.582333 ] } },
{ "type": "Feature", "properties": { "ID": 110113361, "yr": 2021, "dt": "2021-04-07T14:05:00", "WOJ": 32, "sev": 1, "c": [ 255, 255, 0, 160 ], "dmg": 0, "sli": 2, "ser": 0, "fat": 0, "row": -1, "mot": -1, "pie": -1, "uto": -1, "uwr": -1 }, "geometry": { "type": "Point", "coordinates": [ 15.110111, 53.526139 ] } },
{ "type": "Feature", "properties": { "ID": 113275033, "yr": 2021, "dt": "2021-11-07T10:18:14", "WOJ": 32, "sev": 1, "c": [ 255, 255, 0, 160 ], "dmg": 1, "sli": 1, "ser": 0, "fat": 0, "row": -1, "mot": -1, "pie": -1, "uto": -1, "uwr": -1 }, "geometry": { "type": "Point", "coordinates": [ 14.387472, 53.455361 ] } },
{ "type": "Feature", "properties": { "ID": 113293820, "yr": 2021, "dt": "2021-11-06T13:50:00", "WOJ": 32, "sev": 1, "c": [ 255, 255, 0, 160 ], "dmg": 1, "sli": 1, "ser": 0, "fat": 0, "row": -1, "mot": -1, "pie": -1, "uto": -1, "uwr": -1 }, "geometry": { "type": "Point", "coordinates": [ 14.5275, 53.411389 ] } },
{ "type": "Feature", "properties": { "ID": 113273979, "yr": 2021, "dt": "2021-11-06T12:15:00", "WOJ": 32, "sev": 1, "c": [ 255, 255, 0, 160 ], "dmg": 1, "sli": 1, "ser": 0, "fat": 0, "row": -1, "mot": -1, "pie": 1, "uto": -1, "uwr": -1 }, "geometry": { "type": "Point", "coordinates": [ 14.54675, 53.419583 ] } },
{ "type": "Feature", "properties": { "ID": 113205416, "yr": 2021, "dt": "2021-11-06T21:39:06", "WOJ": 32, "sev": 1, "c": [ 255, 255, 0, 160 ], "dmg": 0, "sli": 1, "ser": 0, "fat": 0, "row": -1, "mot": -1, "pie": -1, "uto": -1, "uwr": -1 }, "geometry": { "type": "Point", "coordinates": [ 14.526944, 53.389583 ] } },
{ "type": "Feature", "properties": { "ID": 113205389, "yr": 2021, "dt": "2021-11-06T17:27:37", "WOJ": 32, "sev": 1, "c": [ 255, 255, 0, 160 ], "dmg": 0, "sli": 2, "ser": 0, "fat": 0, "row": -1, "mot": -1, "pie": -1, "uto": -1, "uwr": -1 }, "geometry": { "type": "Point", "coordinates": [ 15.075833, 53.517222 ] } },
{ "type": "Feature", "properties": { "ID": 113273916, "yr": 2021, "dt": "2021-11-06T10:20:00", "WOJ": 32, "sev": 1, "c": [ 255, 255, 0, 160 ], "dmg": 0, "sli": 1, "ser": 0, "fat": 0, "row": -1, "mot": -1, "pie": -1, "uto": -1, "uwr": -1 }, "geometry": { "type": "Point", "coordinates": [ 15.599528, 53.5945 ] } },
{ "type": "Feature", "properties": { "ID": 113257824, "yr": 2021, "dt": "2021-11-05T18:20:00", "WOJ": 32, "sev": 1, "c": [ 255, 255, 0, 160 ], "dmg": 1, "sli": 1, "ser": 0, "fat": 0, "row": -1, "mot": -1, "pie": 1, "uto": -1, "uwr": -1 }, "geometry": { "type": "Point", "coordinates": [ 14.552083, 53.439639 ] } },
{ "type": "Feature", "properties": { "ID": 113143075, "yr": 2021, "dt": "2021-11-04T13:37:46", "WOJ": 32, "sev": 1, "c": [ 255, 255, 0, 160 ], "dmg": 0, "sli": 1, "ser": 0, "fat": 0, "row": -1, "mot": -1, "pie": -1, "uto": -1, "uwr": -1 }, "geometry": { "type": "Point", "coordinates": [ 14.806083, 53.520222 ] } },
{ "type": "Feature", "properties": { "ID": 113085688, "yr": 2021, "dt": "2021-11-03T20:47:00", "WOJ": 32, "sev": 1, "c": [ 255, 255, 0, 160 ], "dmg": 1, "sli": 1, "ser": 0, "fat": 0, "row": -1, "mot": -1, "pie": -1, "uto": -1, "uwr": -1 }, "geometry": { "type": "Point", "coordinates": [ 14.633333, 53.383333 ] } },
{ "type": "Feature", "properties": { "ID": 113086065, "yr": 2021, "dt": "2021-11-03T16:10:46", "WOJ": 32, "sev": 1, "c": [ 255, 255, 0, 160 ], "dmg": 1, "sli": 1, "ser": 0, "fat": 0, "row": -1, "mot": -1, "pie": -1, "uto": -1, "uwr": -1 }, "geometry": { "type": "Point", "coordinates": [ 15.415472, 53.183278 ] } },
{ "type": "Feature", "properties": { "ID": 113085040, "yr": 2021, "dt": "2021-11-02T16:20:00", "WOJ": 32, "sev": 1, "c": [ 255, 255, 0, 160 ], "dmg": 1, "sli": 1, "ser": 0, "fat": 0, "row": -1, "mot": -1, "pie": 1, "uto": -1, "uwr": -1 }, "geometry": { "type": "Point", "coordinates": [ 14.595, 53.366667 ] } },
{ "type": "Feature", "properties": { "ID": 110104963, "yr": 2021, "dt": "2021-04-06T15:35:00", "WOJ": 32, "sev": 1, "c": [ 255, 255, 0, 160 ], "dmg": 0, "sli": 1, "ser": 0, "fat": 0, "row": -1, "mot": -1, "pie": -1, "uto": -1, "uwr": -1 }, "geometry": { "type": "Point", "coordinates": [ 16.6025, 53.623917 ] } },
{ "type": "Feature", "properties": { "ID": 110132276, "yr": 2021, "dt": "2021-04-19T05:52:16", "WOJ": 32, "sev": 1, "c": [ 255, 255, 0, 160 ], "dmg": 1, "sli": 1, "ser": 0, "fat": 0, "row": 1, "mot": -1, "pie": -1, "uto": -1, "uwr": -1 }, "geometry": { "type": "Point", "coordinates": [ 15.195722, 53.919667 ] } },
{ "type": "Feature", "properties": { "ID": 110131931, "yr": 2021, "dt": "2021-04-19T16:08:11", "WOJ": 32, "sev": 1, "c": [ 255, 255, 0, 160 ], "dmg": 1, "sli": 1, "ser": 0, "fat": 0, "row": -1, "mot": -1, "pie": 1, "uto": -1, "uwr": -1 }, "geometry": { "type": "Point", "coordinates": [ 14.551583, 53.425 ] } },
{ "type": "Feature", "properties": { "ID": 113060166, "yr": 2021, "dt": "2021-10-31T13:55:00", "WOJ": 32, "sev": 1, "c": [ 255, 255, 0, 160 ], "dmg": 1, "sli": 1, "ser": 0, "fat": 0, "row": -1, "mot": -1, "pie": 1, "uto": -1, "uwr": -1 }, "geometry": { "type": "Point", "coordinates": [ 14.545778, 53.429167 ] } },
{ "type": "Feature", "properties": { "ID": 113085032, "yr": 2021, "dt": "2021-10-31T19:50:00", "WOJ": 32, "sev": 1, "c": [ 255, 255, 0, 160 ], "dmg": 1, "sli": 1, "ser": 0, "fat": 0, "row": -1, "mot": 1, "pie": -1, "uto": -1, "uwr": -1 }, "geometry": { "type": "Point", "coordinates": [ 14.545833, 53.434444 ] } },
{ "type": "Feature", "properties": { "ID": 113035601, "yr": 2021, "dt": "2021-10-30T16:45:00", "WOJ": 32, "sev": 1, "c": [ 255, 255, 0, 160 ], "dmg": 1, "sli": 1, "ser": 0, "fat": 0, "row": -1, "mot": -1, "pie": -1, "uto": -1, "uwr": -1 }, "geometry": { "type": "Point", "coordinates": [ 14.527972, 53.421389 ] } },
{ "type": "Feature", "properties": { "ID": 113050888, "yr": 2021, "dt": "2021-10-30T13:01:57", "WOJ": 32, "sev": 1, "c": [ 255, 255, 0, 160 ], "dmg": 1, "sli": 1, "ser": 0, "fat": 0, "row": -1, "mot": -1, "pie": 1, "uto": -1, "uwr": -1 }, "geometry": { "type": "Point", "coordinates": [ 15.772639, 53.775833 ] } },
{ "type": "Feature", "properties": { "ID": 113051858, "yr": 2021, "dt": "2021-10-30T12:26:20", "WOJ": 32, "sev": 1, "c": [ 255, 255, 0, 160 ], "dmg": 2, "sli": 1, "ser": 0, "fat": 0, "row": -1, "mot": -1, "pie": -1, "uto": -1, "uwr": -1 }, "geometry": { "type": "Point", "coordinates": [ 15.120806, 53.667667 ] } },
{ "type": "Feature", "properties": { "ID": 113022060, "yr": 2021, "dt": "2021-10-28T22:12:54", "WOJ": 32, "sev": 1, "c": [ 255, 255, 0, 160 ], "dmg": 2, "sli": 1, "ser": 0, "fat": 0, "row": -1, "mot": -1, "pie": -1, "uto": -1, "uwr": -1 }, "geometry": { "type": "Point", "coordinates": [ 14.536861, 53.427306 ] } },
{ "type": "Feature", "properties": { "ID": 113001509, "yr": 2021, "dt": "2021-10-28T09:23:14", "WOJ": 32, "sev": 1, "c": [ 255, 255, 0, 160 ], "dmg": 1, "sli": 1, "ser": 0, "fat": 0, "row": 1, "mot": -1, "pie": -1, "uto": -1, "uwr": -1 }, "geometry": { "type": "Point", "coordinates": [ 14.781333, 53.283389 ] } },
{ "type": "Feature", "properties": { "ID": 112953531, "yr": 2021, "dt": "2021-10-27T10:30:28", "WOJ": 32, "sev": 1, "c": [ 255, 255, 0, 160 ], "dmg": 0, "sli": 3, "ser": 0, "fat": 0, "row": -1, "mot": -1, "pie": -1, "uto": -1, "uwr": -1 }, "geometry": { "type": "Point", "coordinates": [ 14.535889, 53.454333 ] } },
{ "type": "Feature", "properties": { "ID": 110128229, "yr": 2021, "dt": "2021-04-16T07:30:00", "WOJ": 32, "sev": 1, "c": [ 255, 255, 0, 160 ], "dmg": 2, "sli": 1, "ser": 0, "fat": 0, "row": -1, "mot": -1, "pie": -1, "uto": -1, "uwr": -1 }, "geometry": { "type": "Point", "coordinates": [ 14.538722, 53.431917 ] } },
{ "type": "Feature", "properties": { "ID": 110126113, "yr": 2021, "dt": "2021-04-15T16:30:48", "WOJ": 32, "sev": 1, "c": [ 255, 255, 0, 160 ], "dmg": 0, "sli": 1, "ser": 0, "fat": 0, "row": -1, "mot": -1, "pie": -1, "uto": -1, "uwr": -1 }, "geometry": { "type": "Point", "coordinates": [ 14.780917, 53.575139 ] } },
{ "type": "Feature", "properties": { "ID": 110128143, "yr": 2021, "dt": "2021-04-15T21:15:00", "WOJ": 32, "sev": 1, "c": [ 255, 255, 0, 160 ], "dmg": 0, "sli": 1, "ser": 0, "fat": 0, "row": -1, "mot": -1, "pie": -1, "uto": -1, "uwr": -1 }, "geometry": { "type": "Point", "coordinates": [ 16.499278, 53.200306 ] } },
{ "type": "Feature", "properties": { "ID": 110125381, "yr": 2021, "dt": "2021-04-14T19:05:00", "WOJ": 32, "sev": 1, "c": [ 255, 255, 0, 160 ], "dmg": 1, "sli": 1, "ser": 0, "fat": 0, "row": -1, "mot": -1, "pie": -1, "uto": -1, "uwr": -1 }, "geometry": { "type": "Point", "coordinates": [ 14.409444, 53.914556 ] } },
{ "type": "Feature", "properties": { "ID": 110125429, "yr": 2021, "dt": "2021-04-14T13:40:00", "WOJ": 32, "sev": 1, "c": [ 255, 255, 0, 160 ], "dmg": 1, "sli": 1, "ser": 0, "fat": 0, "row": -1, "mot": -1, "pie": -1, "uto": -1, "uwr": -1 }, "geometry": { "type": "Point", "coordinates": [ 14.611222, 53.495194 ] } },
{ "type": "Feature", "properties": { "ID": 110121779, "yr": 2021, "dt": "2021-04-12T12:59:16", "WOJ": 32, "sev": 1, "c": [ 255, 255, 0, 160 ], "dmg": 2, "sli": 1, "ser": 0, "fat": 0, "row": -1, "mot": -1, "pie": -1, "uto": -1, "uwr": -1 }, "geometry": { "type": "Point", "coordinates": [ 14.650583, 53.384444 ] } },
{ "type": "Feature", "properties": { "ID": 110141567, "yr": 2021, "dt": "2021-04-24T11:52:26", "WOJ": 32, "sev": 1, "c": [ 255, 255, 0, 160 ], "dmg": 1, "sli": 1, "ser": 0, "fat": 0, "row": -1, "mot": -1, "pie": -1, "uto": -1, "uwr": -1 }, "geometry": { "type": "Point", "coordinates": [ 16.345889, 53.745028 ] } },
{ "type": "Feature", "properties": { "ID": 110141116, "yr": 2021, "dt": "2021-04-23T17:00:00", "WOJ": 32, "sev": 1, "c": [ 255, 255, 0, 160 ], "dmg": 1, "sli": 1, "ser": 0, "fat": 0, "row": -1, "mot": -1, "pie": 1, "uto": -1, "uwr": -1 }, "geometry": { "type": "Point", "coordinates": [ 14.602944, 53.370694 ] } },
{ "type": "Feature", "properties": { "ID": 110138387, "yr": 2021, "dt": "2021-04-22T09:45:00", "WOJ": 32, "sev": 1, "c": [ 255, 255, 0, 160 ], "dmg": 1, "sli": 1, "ser": 0, "fat": 0, "row": -1, "mot": -1, "pie": 1, "uto": -1, "uwr": -1 }, "geometry": { "type": "Point", "coordinates": [ 14.893333, 53.141472 ] } },
{ "type": "Feature", "properties": { "ID": 112589711, "yr": 2021, "dt": "2021-10-25T08:35:31", "WOJ": 32, "sev": 1, "c": [ 255, 255, 0, 160 ], "dmg": 1, "sli": 1, "ser": 0, "fat": 0, "row": -1, "mot": -1, "pie": 1, "uto": -1, "uwr": -1 }, "geometry": { "type": "Point", "coordinates": [ 15.618722, 53.64225 ] } },
{ "type": "Feature", "properties": { "ID": 112634329, "yr": 2021, "dt": "2021-10-25T16:08:13", "WOJ": 32, "sev": 1, "c": [ 255, 255, 0, 160 ], "dmg": 1, "sli": 1, "ser": 0, "fat": 0, "row": -1, "mot": -1, "pie": -1, "uto": -1, "uwr": -1 }, "geometry": { "type": "Point", "coordinates": [ 16.602972, 53.626861 ] } },
{ "type": "Feature", "properties": { "ID": 112589775, "yr": 2021, "dt": "2021-10-25T07:53:20", "WOJ": 32, "sev": 1, "c": [ 255, 255, 0, 160 ], "dmg": 1, "sli": 1, "ser": 0, "fat": 0, "row": 1, "mot": -1, "pie": -1, "uto": -1, "uwr": -1 }, "geometry": { "type": "Point", "coordinates": [ 14.539889, 53.467333 ] } },
{ "type": "Feature", "properties": { "ID": 112589534, "yr": 2021, "dt": "2021-10-24T22:19:18", "WOJ": 32, "sev": 1, "c": [ 255, 255, 0, 160 ], "dmg": 1, "sli": 1, "ser": 0, "fat": 0, "row": -1, "mot": -1, "pie": 1, "uto": -1, "uwr": -1 }, "geometry": { "type": "Point", "coordinates": [ 14.5895, 53.529972 ] } },
{ "type": "Feature", "properties": { "ID": 112589057, "yr": 2021, "dt": "2021-10-23T14:31:45", "WOJ": 32, "sev": 1, "c": [ 255, 255, 0, 160 ], "dmg": 1, "sli": 1, "ser": 0, "fat": 0, "row": -1, "mot": -1, "pie": -1, "uto": -1, "uwr": -1 }, "geometry": { "type": "Point", "coordinates": [ 15.856944, 53.294056 ] } },
{ "type": "Feature", "properties": { "ID": 112712811, "yr": 2021, "dt": "2021-10-23T19:30:00", "WOJ": 32, "sev": 1, "c": [ 255, 255, 0, 160 ], "dmg": 1, "sli": 1, "ser": 0, "fat": 0, "row": -1, "mot": 1, "pie": -1, "uto": -1, "uwr": -1 }, "geometry": { "type": "Point", "coordinates": [ 14.483056, 53.428889 ] } },
{ "type": "Feature", "properties": { "ID": 112241191, "yr": 2021, "dt": "2021-10-20T14:12:57", "WOJ": 32, "sev": 1, "c": [ 255, 255, 0, 160 ], "dmg": 1, "sli": 1, "ser": 0, "fat": 0, "row": -1, "mot": -1, "pie": -1, "uto": -1, "uwr": -1 }, "geometry": { "type": "Point", "coordinates": [ 15.026556, 52.859861 ] } },
{ "type": "Feature", "properties": { "ID": 110137601, "yr": 2021, "dt": "2021-04-21T16:21:00", "WOJ": 32, "sev": 1, "c": [ 255, 255, 0, 160 ], "dmg": 1, "sli": 1, "ser": 0, "fat": 0, "row": -1, "mot": -1, "pie": -1, "uto": -1, "uwr": -1 }, "geometry": { "type": "Point", "coordinates": [ 15.921611, 53.7125 ] } },
{ "type": "Feature", "properties": { "ID": 110136583, "yr": 2021, "dt": "2021-04-21T07:10:45", "WOJ": 32, "sev": 1, "c": [ 255, 255, 0, 160 ], "dmg": 1, "sli": 1, "ser": 0, "fat": 0, "row": -1, "mot": -1, "pie": -1, "uto": -1, "uwr": -1 }, "geometry": { "type": "Point", "coordinates": [ 15.774333, 53.740167 ] } },
{ "type": "Feature", "properties": { "ID": 110133548, "yr": 2021, "dt": "2021-04-20T15:31:00", "WOJ": 32, "sev": 1, "c": [ 255, 255, 0, 160 ], "dmg": 2, "sli": 2, "ser": 0, "fat": 0, "row": -1, "mot": -1, "pie": -1, "uto": -1, "uwr": -1 }, "geometry": { "type": "Point", "coordinates": [ 14.530444, 53.459 ] } },
{ "type": "Feature", "properties": { "ID": 110133772, "yr": 2021, "dt": "2021-04-20T16:38:00", "WOJ": 32, "sev": 1, "c": [ 255, 255, 0, 160 ], "dmg": 1, "sli": 1, "ser": 0, "fat": 0, "row": -1, "mot": -1, "pie": -1, "uto": -1, "uwr": -1 }, "geometry": { "type": "Point", "coordinates": [ 14.487222, 53.419917 ] } },
{ "type": "Feature", "properties": { "ID": 110135299, "yr": 2021, "dt": "2021-04-20T10:14:52", "WOJ": 32, "sev": 1, "c": [ 255, 255, 0, 160 ], "dmg": 0, "sli": 2, "ser": 0, "fat": 0, "row": -1, "mot": -1, "pie": 1, "uto": -1, "uwr": -1 }, "geometry": { "type": "Point", "coordinates": [ 15.195806, 53.919 ] } },
{ "type": "Feature", "properties": { "ID": 110131885, "yr": 2021, "dt": "2021-04-19T13:34:08", "WOJ": 32, "sev": 1, "c": [ 255, 255, 0, 160 ], "dmg": 1, "sli": 1, "ser": 0, "fat": 0, "row": -1, "mot": -1, "pie": -1, "uto": -1, "uwr": -1 }, "geometry": { "type": "Point", "coordinates": [ 14.510444, 53.4385 ] } },
{ "type": "Feature", "properties": { "ID": 110149475, "yr": 2021, "dt": "2021-04-28T18:49:23", "WOJ": 32, "sev": 1, "c": [ 255, 255, 0, 160 ], "dmg": 1, "sli": 1, "ser": 0, "fat": 0, "row": -1, "mot": -1, "pie": 1, "uto": -1, "uwr": -1 }, "geometry": { "type": "Point", "coordinates": [ 14.955167, 53.548278 ] } },
{ "type": "Feature", "properties": { "ID": 112154807, "yr": 2021, "dt": "2021-10-19T11:15:00", "WOJ": 32, "sev": 1, "c": [ 255, 255, 0, 160 ], "dmg": 0, "sli": 1, "ser": 0, "fat": 0, "row": -1, "mot": -1, "pie": -1, "uto": -1, "uwr": -1 }, "geometry": { "type": "Point", "coordinates": [ 14.465861, 53.456139 ] } },
{ "type": "Feature", "properties": { "ID": 112094811, "yr": 2021, "dt": "2021-10-18T18:50:00", "WOJ": 32, "sev": 1, "c": [ 255, 255, 0, 160 ], "dmg": 1, "sli": 1, "ser": 0, "fat": 0, "row": -1, "mot": -1, "pie": 1, "uto": -1, "uwr": -1 }, "geometry": { "type": "Point", "coordinates": [ 14.546222, 53.420361 ] } },
{ "type": "Feature", "properties": { "ID": 111847615, "yr": 2021, "dt": "2021-10-18T07:00:00", "WOJ": 32, "sev": 1, "c": [ 255, 255, 0, 160 ], "dmg": 1, "sli": 1, "ser": 0, "fat": 0, "row": -1, "mot": -1, "pie": 1, "uto": -1, "uwr": -1 }, "geometry": { "type": "Point", "coordinates": [ 14.544167, 53.425 ] } },
{ "type": "Feature", "properties": { "ID": 112037811, "yr": 2021, "dt": "2021-10-18T08:50:00", "WOJ": 32, "sev": 1, "c": [ 255, 255, 0, 160 ], "dmg": 1, "sli": 3, "ser": 0, "fat": 0, "row": -1, "mot": -1, "pie": -1, "uto": -1, "uwr": -1 }, "geometry": { "type": "Point", "coordinates": [ 14.709722, 53.380917 ] } },
{ "type": "Feature", "properties": { "ID": 111803846, "yr": 2021, "dt": "2021-10-17T05:44:00", "WOJ": 32, "sev": 1, "c": [ 255, 255, 0, 160 ], "dmg": 1, "sli": 1, "ser": 0, "fat": 0, "row": -1, "mot": -1, "pie": -1, "uto": -1, "uwr": -1 }, "geometry": { "type": "Point", "coordinates": [ 14.501083, 53.434028 ] } },
{ "type": "Feature", "properties": { "ID": 111798034, "yr": 2021, "dt": "2021-10-16T05:48:56", "WOJ": 32, "sev": 1, "c": [ 255, 255, 0, 160 ], "dmg": 1, "sli": 1, "ser": 0, "fat": 0, "row": -1, "mot": -1, "pie": -1, "uto": -1, "uwr": -1 }, "geometry": { "type": "Point", "coordinates": [ 14.79625, 53.571639 ] } },
{ "type": "Feature", "properties": { "ID": 111798352, "yr": 2021, "dt": "2021-10-16T18:19:00", "WOJ": 32, "sev": 1, "c": [ 255, 255, 0, 160 ], "dmg": 1, "sli": 1, "ser": 0, "fat": 0, "row": -1, "mot": -1, "pie": 1, "uto": -1, "uwr": -1 }, "geometry": { "type": "Point", "coordinates": [ 14.661194, 53.384444 ] } },
{ "type": "Feature", "properties": { "ID": 111796892, "yr": 2021, "dt": "2021-10-15T17:26:38", "WOJ": 32, "sev": 1, "c": [ 255, 255, 0, 160 ], "dmg": 0, "sli": 1, "ser": 0, "fat": 0, "row": -1, "mot": -1, "pie": -1, "uto": -1, "uwr": -1 }, "geometry": { "type": "Point", "coordinates": [ 15.817069, 54.112747 ] } },
{ "type": "Feature", "properties": { "ID": 111756584, "yr": 2021, "dt": "2021-10-15T12:35:59", "WOJ": 32, "sev": 1, "c": [ 255, 255, 0, 160 ], "dmg": 1, "sli": 1, "ser": 0, "fat": 0, "row": 0, "mot": -1, "pie": 1, "uto": -1, "uwr": -1 }, "geometry": { "type": "Point", "coordinates": [ 15.579528, 54.176056 ] } },
{ "type": "Feature", "properties": { "ID": 111720550, "yr": 2021, "dt": "2021-10-13T19:15:53", "WOJ": 32, "sev": 1, "c": [ 255, 255, 0, 160 ], "dmg": 0, "sli": 1, "ser": 0, "fat": 0, "row": -1, "mot": -1, "pie": -1, "uto": -1, "uwr": -1 }, "geometry": { "type": "Point", "coordinates": [ 14.543056, 53.376389 ] } },
{ "type": "Feature", "properties": { "ID": 110148294, "yr": 2021, "dt": "2021-04-27T13:03:04", "WOJ": 32, "sev": 1, "c": [ 255, 255, 0, 160 ], "dmg": 1, "sli": 1, "ser": 0, "fat": 0, "row": 1, "mot": -1, "pie": -1, "uto": -1, "uwr": -1 }, "geometry": { "type": "Point", "coordinates": [ 14.534889, 53.421389 ] } },
{ "type": "Feature", "properties": { "ID": 110148357, "yr": 2021, "dt": "2021-04-27T14:10:00", "WOJ": 32, "sev": 1, "c": [ 255, 255, 0, 160 ], "dmg": 1, "sli": 1, "ser": 0, "fat": 0, "row": -1, "mot": -1, "pie": -1, "uto": -1, "uwr": -1 }, "geometry": { "type": "Point", "coordinates": [ 14.564972, 53.445944 ] } },
{ "type": "Feature", "properties": { "ID": 110145573, "yr": 2021, "dt": "2021-04-26T12:04:16", "WOJ": 32, "sev": 1, "c": [ 255, 255, 0, 160 ], "dmg": 1, "sli": 1, "ser": 0, "fat": 0, "row": -1, "mot": -1, "pie": -1, "uto": -1, "uwr": -1 }, "geometry": { "type": "Point", "coordinates": [ 14.569389, 53.542361 ] } },
{ "type": "Feature", "properties": { "ID": 110144257, "yr": 2021, "dt": "2021-04-25T18:22:00", "WOJ": 32, "sev": 1, "c": [ 255, 255, 0, 160 ], "dmg": 1, "sli": 1, "ser": 0, "fat": 0, "row": -1, "mot": -1, "pie": -1, "uto": -1, "uwr": -1 }, "geometry": { "type": "Point", "coordinates": [ 16.509944, 54.508972 ] } },
{ "type": "Feature", "properties": { "ID": 110143142, "yr": 2021, "dt": "2021-04-24T16:45:00", "WOJ": 32, "sev": 1, "c": [ 255, 255, 0, 160 ], "dmg": 0, "sli": 1, "ser": 0, "fat": 0, "row": -1, "mot": -1, "pie": -1, "uto": -1, "uwr": -1 }, "geometry": { "type": "Point", "coordinates": [ 15.063167, 53.361028 ] } },
{ "type": "Feature", "properties": { "ID": 111716177, "yr": 2021, "dt": "2021-10-12T09:27:00", "WOJ": 32, "sev": 1, "c": [ 255, 255, 0, 160 ], "dmg": 1, "sli": 1, "ser": 0, "fat": 0, "row": -1, "mot": -1, "pie": -1, "uto": -1, "uwr": -1 }, "geometry": { "type": "Point", "coordinates": [ 14.539528, 53.432889 ] } },
{ "type": "Feature", "properties": { "ID": 111713142, "yr": 2021, "dt": "2021-10-11T09:27:37", "WOJ": 32, "sev": 1, "c": [ 255, 255, 0, 160 ], "dmg": 1, "sli": 1, "ser": 0, "fat": 0, "row": -1, "mot": -1, "pie": -1, "uto": -1, "uwr": -1 }, "geometry": { "type": "Point", "coordinates": [ 16.702472, 54.364806 ] } },
{ "type": "Feature", "properties": { "ID": 111713341, "yr": 2021, "dt": "2021-10-11T08:00:00", "WOJ": 32, "sev": 1, "c": [ 255, 255, 0, 160 ], "dmg": 1, "sli": 1, "ser": 0, "fat": 0, "row": 1, "mot": -1, "pie": -1, "uto": -1, "uwr": -1 }, "geometry": { "type": "Point", "coordinates": [ 14.237917, 53.91 ] } },
{ "type": "Feature", "properties": { "ID": 111716825, "yr": 2021, "dt": "2021-10-11T16:25:00", "WOJ": 32, "sev": 1, "c": [ 255, 255, 0, 160 ], "dmg": 1, "sli": 1, "ser": 0, "fat": 0, "row": 1, "mot": -1, "pie": -1, "uto": -1, "uwr": -1 }, "geometry": { "type": "Point", "coordinates": [ 14.521667, 53.454722 ] } },
{ "type": "Feature", "properties": { "ID": 111710114, "yr": 2021, "dt": "2021-10-10T18:30:00", "WOJ": 32, "sev": 1, "c": [ 255, 255, 0, 160 ], "dmg": 0, "sli": 1, "ser": 0, "fat": 0, "row": -1, "mot": -1, "pie": -1, "uto": -1, "uwr": -1 }, "geometry": { "type": "Point", "coordinates": [ 15.410556, 53.734444 ] } },
{ "type": "Feature", "properties": { "ID": 111704575, "yr": 2021, "dt": "2021-10-09T13:27:44", "WOJ": 32, "sev": 1, "c": [ 255, 255, 0, 160 ], "dmg": 0, "sli": 2, "ser": 0, "fat": 0, "row": -1, "mot": -1, "pie": -1, "uto": -1, "uwr": -1 }, "geometry": { "type": "Point", "coordinates": [ 14.788556, 53.461667 ] } },
{ "type": "Feature", "properties": { "ID": 111713026, "yr": 2021, "dt": "2021-10-09T14:00:00", "WOJ": 32, "sev": 1, "c": [ 255, 255, 0, 160 ], "dmg": 0, "sli": 1, "ser": 0, "fat": 0, "row": -1, "mot": -1, "pie": -1, "uto": -1, "uwr": -1 }, "geometry": { "type": "Point", "coordinates": [ 14.790639, 52.970444 ] } },
{ "type": "Feature", "properties": { "ID": 111707051, "yr": 2021, "dt": "2021-10-09T14:46:00", "WOJ": 32, "sev": 1, "c": [ 255, 255, 0, 160 ], "dmg": 0, "sli": 1, "ser": 0, "fat": 0, "row": 1, "mot": -1, "pie": -1, "uto": -1, "uwr": -1 }, "geometry": { "type": "Point", "coordinates": [ 14.52175, 53.429 ] } },
{ "type": "Feature", "properties": { "ID": 111715014, "yr": 2021, "dt": "2021-10-08T07:20:00", "WOJ": 32, "sev": 1, "c": [ 255, 255, 0, 160 ], "dmg": 1, "sli": 1, "ser": 0, "fat": 0, "row": 1, "mot": -1, "pie": -1, "uto": -1, "uwr": -1 }, "geometry": { "type": "Point", "coordinates": [ 14.6158, 53.3974 ] } },
{ "type": "Feature", "properties": { "ID": 111696527, "yr": 2021, "dt": "2021-10-08T10:23:16", "WOJ": 32, "sev": 1, "c": [ 255, 255, 0, 160 ], "dmg": 1, "sli": 2, "ser": 0, "fat": 0, "row": -1, "mot": -1, "pie": -1, "uto": -1, "uwr": -1 }, "geometry": { "type": "Point", "coordinates": [ 14.508083, 53.428639 ] } },
{ "type": "Feature", "properties": { "ID": 110169969, "yr": 2021, "dt": "2021-05-06T15:00:00", "WOJ": 32, "sev": 1, "c": [ 255, 255, 0, 160 ], "dmg": 1, "sli": 1, "ser": 0, "fat": 0, "row": -1, "mot": -1, "pie": -1, "uto": -1, "uwr": -1 }, "geometry": { "type": "Point", "coordinates": [ 14.5625, 53.448806 ] } },
{ "type": "Feature", "properties": { "ID": 110168238, "yr": 2021, "dt": "2021-05-06T06:58:33", "WOJ": 32, "sev": 1, "c": [ 255, 255, 0, 160 ], "dmg": 0, "sli": 2, "ser": 0, "fat": 0, "row": -1, "mot": -1, "pie": -1, "uto": -1, "uwr": -1 }, "geometry": { "type": "Point", "coordinates": [ 16.160083, 54.084694 ] } },
{ "type": "Feature", "properties": { "ID": 110166714, "yr": 2021, "dt": "2021-05-05T15:42:30", "WOJ": 32, "sev": 1, "c": [ 255, 255, 0, 160 ], "dmg": 0, "sli": 1, "ser": 0, "fat": 0, "row": -1, "mot": -1, "pie": -1, "uto": -1, "uwr": -1 }, "geometry": { "type": "Point", "coordinates": [ 14.817917, 53.588528 ] } },
{ "type": "Feature", "properties": { "ID": 110156089, "yr": 2021, "dt": "2021-04-30T15:26:32", "WOJ": 32, "sev": 1, "c": [ 255, 255, 0, 160 ], "dmg": 2, "sli": 1, "ser": 0, "fat": 0, "row": -1, "mot": -1, "pie": -1, "uto": -1, "uwr": -1 }, "geometry": { "type": "Point", "coordinates": [ 14.499389, 53.442667 ] } },
{ "type": "Feature", "properties": { "ID": 110149343, "yr": 2021, "dt": "2021-04-28T16:17:41", "WOJ": 32, "sev": 1, "c": [ 255, 255, 0, 160 ], "dmg": 1, "sli": 1, "ser": 0, "fat": 0, "row": -1, "mot": -1, "pie": 1, "uto": -1, "uwr": -1 }, "geometry": { "type": "Point", "coordinates": [ 14.543833, 53.539583 ] } },
{ "type": "Feature", "properties": { "ID": 110150187, "yr": 2021, "dt": "2021-04-28T14:10:03", "WOJ": 32, "sev": 1, "c": [ 255, 255, 0, 160 ], "dmg": 1, "sli": 1, "ser": 0, "fat": 0, "row": 1, "mot": -1, "pie": -1, "uto": -1, "uwr": -1 }, "geometry": { "type": "Point", "coordinates": [ 14.599778, 53.400917 ] } },
{ "type": "Feature", "properties": { "ID": 110184616, "yr": 2021, "dt": "2021-05-15T20:40:00", "WOJ": 32, "sev": 1, "c": [ 255, 255, 0, 160 ], "dmg": 1, "sli": 1, "ser": 0, "fat": 0, "row": -1, "mot": -1, "pie": 1, "uto": -1, "uwr": -1 }, "geometry": { "type": "Point", "coordinates": [ 14.565444, 53.469917 ] } },
{ "type": "Feature", "properties": { "ID": 110184347, "yr": 2021, "dt": "2021-05-15T11:48:00", "WOJ": 32, "sev": 1, "c": [ 255, 255, 0, 160 ], "dmg": 1, "sli": 1, "ser": 0, "fat": 0, "row": -1, "mot": -1, "pie": -1, "uto": -1, "uwr": -1 }, "geometry": { "type": "Point", "coordinates": [ 15.862139, 54.025944 ] } },
{ "type": "Feature", "properties": { "ID": 110185727, "yr": 2021, "dt": "2021-05-15T17:25:16", "WOJ": 32, "sev": 1, "c": [ 255, 255, 0, 160 ], "dmg": 1, "sli": 1, "ser": 0, "fat": 0, "row": 1, "mot": -1, "pie": -1, "uto": -1, "uwr": -1 }, "geometry": { "type": "Point", "coordinates": [ 16.54575, 54.540333 ] } },
{ "type": "Feature", "properties": { "ID": 110183585, "yr": 2021, "dt": "2021-05-14T14:47:22", "WOJ": 32, "sev": 1, "c": [ 255, 255, 0, 160 ], "dmg": 1, "sli": 1, "ser": 0, "fat": 0, "row": -1, "mot": -1, "pie": -1, "uto": -1, "uwr": -1 }, "geometry": { "type": "Point", "coordinates": [ 14.538389, 53.408778 ] } },
{ "type": "Feature", "properties": { "ID": 110183538, "yr": 2021, "dt": "2021-05-14T15:12:11", "WOJ": 32, "sev": 1, "c": [ 255, 255, 0, 160 ], "dmg": 0, "sli": 1, "ser": 0, "fat": 0, "row": -1, "mot": -1, "pie": -1, "uto": -1, "uwr": -1 }, "geometry": { "type": "Point", "coordinates": [ 14.925333, 53.484056 ] } },
{ "type": "Feature", "properties": { "ID": 110182101, "yr": 2021, "dt": "2021-05-14T09:21:16", "WOJ": 32, "sev": 1, "c": [ 255, 255, 0, 160 ], "dmg": 1, "sli": 1, "ser": 0, "fat": 0, "row": 1, "mot": -1, "pie": -1, "uto": -1, "uwr": -1 }, "geometry": { "type": "Point", "coordinates": [ 14.481639, 53.386639 ] } },
{ "type": "Feature", "properties": { "ID": 110181169, "yr": 2021, "dt": "2021-05-13T11:05:40", "WOJ": 32, "sev": 1, "c": [ 255, 255, 0, 160 ], "dmg": 1, "sli": 1, "ser": 0, "fat": 0, "row": -1, "mot": -1, "pie": -1, "uto": -1, "uwr": -1 }, "geometry": { "type": "Point", "coordinates": [ 14.551444, 53.441833 ] } },
{ "type": "Feature", "properties": { "ID": 110179365, "yr": 2021, "dt": "2021-05-12T14:48:30", "WOJ": 32, "sev": 1, "c": [ 255, 255, 0, 160 ], "dmg": 0, "sli": 3, "ser": 0, "fat": 0, "row": -1, "mot": -1, "pie": -1, "uto": -1, "uwr": -1 }, "geometry": { "type": "Point", "coordinates": [ 16.774167, 54.384639 ] } },
{ "type": "Feature", "properties": { "ID": 110175016, "yr": 2021, "dt": "2021-05-11T11:38:06", "WOJ": 32, "sev": 1, "c": [ 255, 255, 0, 160 ], "dmg": 1, "sli": 1, "ser": 0, "fat": 0, "row": -1, "mot": 1, "pie": -1, "uto": -1, "uwr": -1 }, "geometry": { "type": "Point", "coordinates": [ 14.461528, 53.353806 ] } },
{ "type": "Feature", "properties": { "ID": 110177398, "yr": 2021, "dt": "2021-05-11T19:53:12", "WOJ": 32, "sev": 1, "c": [ 255, 255, 0, 160 ], "dmg": 1, "sli": 1, "ser": 0, "fat": 0, "row": -1, "mot": -1, "pie": -1, "uto": -1, "uwr": -1 }, "geometry": { "type": "Point", "coordinates": [ 14.527778, 53.443083 ] } },
{ "type": "Feature", "properties": { "ID": 110175301, "yr": 2021, "dt": "2021-05-10T12:31:55", "WOJ": 32, "sev": 1, "c": [ 255, 255, 0, 160 ], "dmg": 1, "sli": 1, "ser": 0, "fat": 0, "row": -1, "mot": -1, "pie": -1, "uto": -1, "uwr": -1 }, "geometry": { "type": "Point", "coordinates": [ 15.190722, 53.008861 ] } },
{ "type": "Feature", "properties": { "ID": 110174010, "yr": 2021, "dt": "2021-05-10T12:30:00", "WOJ": 32, "sev": 1, "c": [ 255, 255, 0, 160 ], "dmg": 2, "sli": 1, "ser": 0, "fat": 0, "row": -1, "mot": -1, "pie": -1, "uto": -1, "uwr": -1 }, "geometry": { "type": "Point", "coordinates": [ 15.056056, 53.344694 ] } },
{ "type": "Feature", "properties": { "ID": 110172054, "yr": 2021, "dt": "2021-05-08T17:27:00", "WOJ": 32, "sev": 1, "c": [ 255, 255, 0, 160 ], "dmg": 1, "sli": 1, "ser": 0, "fat": 0, "row": -1, "mot": -1, "pie": -1, "uto": -1, "uwr": -1 }, "geometry": { "type": "Point", "coordinates": [ 14.553639, 53.432972 ] } },
{ "type": "Feature", "properties": { "ID": 110169045, "yr": 2021, "dt": "2021-05-07T07:34:13", "WOJ": 32, "sev": 1, "c": [ 255, 255, 0, 160 ], "dmg": 1, "sli": 1, "ser": 0, "fat": 0, "row": 1, "mot": -1, "pie": -1, "uto": -1, "uwr": -1 }, "geometry": { "type": "Point", "coordinates": [ 14.471417, 53.428556 ] } },
{ "type": "Feature", "properties": { "ID": 111770820, "yr": 2021, "dt": "2021-10-12T18:30:00", "WOJ": 32, "sev": 1, "c": [ 255, 255, 0, 160 ], "dmg": 0, "sli": 2, "ser": 0, "fat": 0, "row": 1, "mot": -1, "pie": -1, "uto": -1, "uwr": -1 }, "geometry": { "type": "Point", "coordinates": [ 14.74967, 53.18599 ] } },
{ "type": "Feature", "properties": { "ID": 111720651, "yr": 2021, "dt": "2021-10-12T10:00:00", "WOJ": 32, "sev": 1, "c": [ 255, 255, 0, 160 ], "dmg": 0, "sli": 1, "ser": 0, "fat": 0, "row": -1, "mot": -1, "pie": -1, "uto": -1, "uwr": -1 }, "geometry": { "type": "Point", "coordinates": [ 16.839306, 53.901278 ] } },
{ "type": "Feature", "properties": { "ID": 110190732, "yr": 2021, "dt": "2021-05-18T16:28:00", "WOJ": 32, "sev": 1, "c": [ 255, 255, 0, 160 ], "dmg": 2, "sli": 1, "ser": 0, "fat": 0, "row": -1, "mot": -1, "pie": -1, "uto": -1, "uwr": -1 }, "geometry": { "type": "Point", "coordinates": [ 15.964972, 54.027528 ] } },
{ "type": "Feature", "properties": { "ID": 110190962, "yr": 2021, "dt": "2021-05-18T14:29:00", "WOJ": 32, "sev": 1, "c": [ 255, 255, 0, 160 ], "dmg": 1, "sli": 1, "ser": 0, "fat": 0, "row": -1, "mot": 1, "pie": -1, "uto": -1, "uwr": -1 }, "geometry": { "type": "Point", "coordinates": [ 14.605694, 53.493556 ] } },
{ "type": "Feature", "properties": { "ID": 110192255, "yr": 2021, "dt": "2021-05-18T13:20:00", "WOJ": 32, "sev": 1, "c": [ 255, 255, 0, 160 ], "dmg": 2, "sli": 1, "ser": 0, "fat": 0, "row": -1, "mot": -1, "pie": -1, "uto": -1, "uwr": -1 }, "geometry": { "type": "Point", "coordinates": [ 14.559694, 53.424972 ] } },
{ "type": "Feature", "properties": { "ID": 110188246, "yr": 2021, "dt": "2021-05-17T20:47:44", "WOJ": 32, "sev": 1, "c": [ 255, 255, 0, 160 ], "dmg": 0, "sli": 1, "ser": 0, "fat": 0, "row": -1, "mot": 1, "pie": -1, "uto": -1, "uwr": -1 }, "geometry": { "type": "Point", "coordinates": [ 14.48425, 53.252667 ] } },
{ "type": "Feature", "properties": { "ID": 111703908, "yr": 2021, "dt": "2021-10-08T15:47:53", "WOJ": 32, "sev": 1, "c": [ 255, 255, 0, 160 ], "dmg": 1, "sli": 1, "ser": 0, "fat": 0, "row": -1, "mot": 1, "pie": -1, "uto": -1, "uwr": -1 }, "geometry": { "type": "Point", "coordinates": [ 14.490472, 53.456583 ] } },
{ "type": "Feature", "properties": { "ID": 111696609, "yr": 2021, "dt": "2021-10-08T06:58:39", "WOJ": 32, "sev": 1, "c": [ 255, 255, 0, 160 ], "dmg": 1, "sli": 1, "ser": 0, "fat": 0, "row": -1, "mot": -1, "pie": -1, "uto": -1, "uwr": -1 }, "geometry": { "type": "Point", "coordinates": [ 14.501583, 53.421333 ] } },
{ "type": "Feature", "properties": { "ID": 111699993, "yr": 2021, "dt": "2021-10-07T06:55:00", "WOJ": 32, "sev": 1, "c": [ 255, 255, 0, 160 ], "dmg": 1, "sli": 1, "ser": 0, "fat": 0, "row": -1, "mot": -1, "pie": 1, "uto": -1, "uwr": -1 }, "geometry": { "type": "Point", "coordinates": [ 14.546, 53.418889 ] } },
{ "type": "Feature", "properties": { "ID": 111696399, "yr": 2021, "dt": "2021-10-07T22:14:33", "WOJ": 32, "sev": 1, "c": [ 255, 255, 0, 160 ], "dmg": 0, "sli": 1, "ser": 0, "fat": 0, "row": -1, "mot": -1, "pie": -1, "uto": -1, "uwr": -1 }, "geometry": { "type": "Point", "coordinates": [ 16.417472, 53.175806 ] } },
{ "type": "Feature", "properties": { "ID": 111689357, "yr": 2021, "dt": "2021-10-06T14:37:44", "WOJ": 32, "sev": 1, "c": [ 255, 255, 0, 160 ], "dmg": 3, "sli": 1, "ser": 0, "fat": 0, "row": -1, "mot": -1, "pie": -1, "uto": -1, "uwr": -1 }, "geometry": { "type": "Point", "coordinates": [ 14.538333, 53.322056 ] } },
{ "type": "Feature", "properties": { "ID": 111751818, "yr": 2021, "dt": "2021-10-05T21:20:00", "WOJ": 32, "sev": 1, "c": [ 255, 255, 0, 160 ], "dmg": 1, "sli": 1, "ser": 0, "fat": 0, "row": -1, "mot": -1, "pie": 1, "uto": -1, "uwr": -1 }, "geometry": { "type": "Point", "coordinates": [ 16.67, 53.720861 ] } },
{ "type": "Feature", "properties": { "ID": 111308300, "yr": 2021, "dt": "2021-10-05T06:38:36", "WOJ": 32, "sev": 1, "c": [ 255, 255, 0, 160 ], "dmg": 1, "sli": 1, "ser": 0, "fat": 0, "row": 1, "mot": -1, "pie": -1, "uto": -1, "uwr": -1 }, "geometry": { "type": "Point", "coordinates": [ 14.577778, 53.449722 ] } },
{ "type": "Feature", "properties": { "ID": 111652811, "yr": 2021, "dt": "2021-10-05T15:42:50", "WOJ": 32, "sev": 1, "c": [ 255, 255, 0, 160 ], "dmg": 1, "sli": 1, "ser": 0, "fat": 0, "row": 1, "mot": -1, "pie": -1, "uto": -1, "uwr": -1 }, "geometry": { "type": "Point", "coordinates": [ 15.562694, 54.168861 ] } },
{ "type": "Feature", "properties": { "ID": 111308213, "yr": 2021, "dt": "2021-10-04T17:43:37", "WOJ": 32, "sev": 1, "c": [ 255, 255, 0, 160 ], "dmg": 0, "sli": 1, "ser": 0, "fat": 0, "row": -1, "mot": -1, "pie": -1, "uto": -1, "uwr": -1 }, "geometry": { "type": "Point", "coordinates": [ 14.815694, 53.108444 ] } },
{ "type": "Feature", "properties": { "ID": 111252028, "yr": 2021, "dt": "2021-10-02T19:54:13", "WOJ": 32, "sev": 1, "c": [ 255, 255, 0, 160 ], "dmg": 1, "sli": 1, "ser": 0, "fat": 0, "row": 1, "mot": -1, "pie": -1, "uto": -1, "uwr": -1 }, "geometry": { "type": "Point", "coordinates": [ 14.405694, 52.990278 ] } },
{ "type": "Feature", "properties": { "ID": 110185009, "yr": 2021, "dt": "2021-05-16T21:10:00", "WOJ": 32, "sev": 1, "c": [ 255, 255, 0, 160 ], "dmg": 1, "sli": 1, "ser": 0, "fat": 0, "row": -1, "mot": 1, "pie": 0, "uto": -1, "uwr": -1 }, "geometry": { "type": "Point", "coordinates": [ 14.539861, 53.42675 ] } },
{ "type": "Feature", "properties": { "ID": 110189340, "yr": 2021, "dt": "2021-05-15T08:55:00", "WOJ": 32, "sev": 1, "c": [ 255, 255, 0, 160 ], "dmg": 1, "sli": 1, "ser": 0, "fat": 0, "row": 1, "mot": -1, "pie": -1, "uto": -1, "uwr": -1 }, "geometry": { "type": "Point", "coordinates": [ 14.490528, 53.221 ] } },
{ "type": "Feature", "properties": { "ID": 110208545, "yr": 2021, "dt": "2021-05-25T15:10:00", "WOJ": 32, "sev": 1, "c": [ 255, 255, 0, 160 ], "dmg": 1, "sli": 1, "ser": 0, "fat": 0, "row": -1, "mot": 1, "pie": -1, "uto": -1, "uwr": -1 }, "geometry": { "type": "Point", "coordinates": [ 14.419528, 53.643833 ] } },
{ "type": "Feature", "properties": { "ID": 110204881, "yr": 2021, "dt": "2021-05-24T10:33:16", "WOJ": 32, "sev": 1, "c": [ 255, 255, 0, 160 ], "dmg": 2, "sli": 1, "ser": 0, "fat": 0, "row": -1, "mot": -1, "pie": -1, "uto": -1, "uwr": -1 }, "geometry": { "type": "Point", "coordinates": [ 14.601167, 53.373222 ] } },
{ "type": "Feature", "properties": { "ID": 110206397, "yr": 2021, "dt": "2021-05-24T19:56:00", "WOJ": 32, "sev": 1, "c": [ 255, 255, 0, 160 ], "dmg": 2, "sli": 1, "ser": 0, "fat": 0, "row": -1, "mot": -1, "pie": -1, "uto": -1, "uwr": -1 }, "geometry": { "type": "Point", "coordinates": [ 14.545806, 53.419917 ] } },
{ "type": "Feature", "properties": { "ID": 111223347, "yr": 2021, "dt": "2021-10-02T10:10:00", "WOJ": 32, "sev": 1, "c": [ 255, 255, 0, 160 ], "dmg": 2, "sli": 1, "ser": 0, "fat": 0, "row": -1, "mot": -1, "pie": -1, "uto": -1, "uwr": -1 }, "geometry": { "type": "Point", "coordinates": [ 14.716528, 53.391722 ] } },
{ "type": "Feature", "properties": { "ID": 111249040, "yr": 2021, "dt": "2021-10-02T11:55:45", "WOJ": 32, "sev": 1, "c": [ 255, 255, 0, 160 ], "dmg": 1, "sli": 1, "ser": 0, "fat": 0, "row": 1, "mot": -1, "pie": -1, "uto": -1, "uwr": -1 }, "geometry": { "type": "Point", "coordinates": [ 14.508361, 53.647806 ] } },
{ "type": "Feature", "properties": { "ID": 111468901, "yr": 2021, "dt": "2021-10-01T07:55:00", "WOJ": 32, "sev": 1, "c": [ 255, 255, 0, 160 ], "dmg": 1, "sli": 1, "ser": 0, "fat": 0, "row": -1, "mot": -1, "pie": 1, "uto": -1, "uwr": -1 }, "geometry": { "type": "Point", "coordinates": [ 15.994694, 54.00675 ] } },
{ "type": "Feature", "properties": { "ID": 111051807, "yr": 2021, "dt": "2021-09-30T07:42:59", "WOJ": 32, "sev": 1, "c": [ 255, 255, 0, 160 ], "dmg": 0, "sli": 2, "ser": 0, "fat": 0, "row": -1, "mot": -1, "pie": -1, "uto": -1, "uwr": -1 }, "geometry": { "type": "Point", "coordinates": [ 14.716889, 53.391583 ] } },
{ "type": "Feature", "properties": { "ID": 110942876, "yr": 2021, "dt": "2021-09-29T14:24:13", "WOJ": 32, "sev": 1, "c": [ 255, 255, 0, 160 ], "dmg": 0, "sli": 2, "ser": 0, "fat": 0, "row": -1, "mot": -1, "pie": -1, "uto": -1, "uwr": -1 }, "geometry": { "type": "Point", "coordinates": [ 14.550278, 52.95975 ] } },
{ "type": "Feature", "properties": { "ID": 110563829, "yr": 2021, "dt": "2021-09-26T11:06:14", "WOJ": 32, "sev": 1, "c": [ 255, 255, 0, 160 ], "dmg": 1, "sli": 1, "ser": 0, "fat": 0, "row": -1, "mot": -1, "pie": -1, "uto": -1, "uwr": -1 }, "geometry": { "type": "Point", "coordinates": [ 14.716167, 53.391222 ] } },
{ "type": "Feature", "properties": { "ID": 110568900, "yr": 2021, "dt": "2021-09-25T10:50:00", "WOJ": 32, "sev": 1, "c": [ 255, 255, 0, 160 ], "dmg": 2, "sli": 1, "ser": 0, "fat": 0, "row": -1, "mot": -1, "pie": -1, "uto": -1, "uwr": -1 }, "geometry": { "type": "Point", "coordinates": [ 14.687611, 53.366444 ] } },
{ "type": "Feature", "properties": { "ID": 110540113, "yr": 2021, "dt": "2021-09-24T19:31:52", "WOJ": 32, "sev": 1, "c": [ 255, 255, 0, 160 ], "dmg": 0, "sli": 4, "ser": 0, "fat": 0, "row": -1, "mot": -1, "pie": -1, "uto": -1, "uwr": -1 }, "geometry": { "type": "Point", "coordinates": [ 16.598278, 54.33675 ] } },
{ "type": "Feature", "properties": { "ID": 110204816, "yr": 2021, "dt": "2021-05-24T08:20:00", "WOJ": 32, "sev": 1, "c": [ 255, 255, 0, 160 ], "dmg": 1, "sli": 1, "ser": 0, "fat": 0, "row": 1, "mot": -1, "pie": -1, "uto": -1, "uwr": -1 }, "geometry": { "type": "Point", "coordinates": [ 14.536778, 53.426972 ] } },
{ "type": "Feature", "properties": { "ID": 110203870, "yr": 2021, "dt": "2021-05-22T16:00:09", "WOJ": 32, "sev": 1, "c": [ 255, 255, 0, 160 ], "dmg": 2, "sli": 1, "ser": 0, "fat": 0, "row": -1, "mot": -1, "pie": -1, "uto": -1, "uwr": -1 }, "geometry": { "type": "Point", "coordinates": [ 15.183583, 53.660917 ] } },
{ "type": "Feature", "properties": { "ID": 110203669, "yr": 2021, "dt": "2021-05-22T11:06:00", "WOJ": 32, "sev": 1, "c": [ 255, 255, 0, 160 ], "dmg": 0, "sli": 1, "ser": 0, "fat": 0, "row": -1, "mot": -1, "pie": -1, "uto": -1, "uwr": -1 }, "geometry": { "type": "Point", "coordinates": [ 16.838417, 53.830389 ] } },
{ "type": "Feature", "properties": { "ID": 110194263, "yr": 2021, "dt": "2021-05-20T07:15:00", "WOJ": 32, "sev": 1, "c": [ 255, 255, 0, 160 ], "dmg": 0, "sli": 2, "ser": 0, "fat": 0, "row": -1, "mot": -1, "pie": -1, "uto": -1, "uwr": -1 }, "geometry": { "type": "Point", "coordinates": [ 14.66525, 53.383083 ] } },
{ "type": "Feature", "properties": { "ID": 110188368, "yr": 2021, "dt": "2021-05-18T07:50:00", "WOJ": 32, "sev": 1, "c": [ 255, 255, 0, 160 ], "dmg": 1, "sli": 1, "ser": 0, "fat": 0, "row": -1, "mot": -1, "pie": 1, "uto": -1, "uwr": -1 }, "geometry": { "type": "Point", "coordinates": [ 14.556639, 53.46075 ] } },
{ "type": "Feature", "properties": { "ID": 110232188, "yr": 2021, "dt": "2021-06-01T17:20:00", "WOJ": 32, "sev": 1, "c": [ 255, 255, 0, 160 ], "dmg": 1, "sli": 1, "ser": 0, "fat": 0, "row": -1, "mot": -1, "pie": 1, "uto": -1, "uwr": -1 }, "geometry": { "type": "Point", "coordinates": [ 14.738583, 53.363111 ] } },
{ "type": "Feature", "properties": { "ID": 110228769, "yr": 2021, "dt": "2021-05-31T12:58:00", "WOJ": 32, "sev": 1, "c": [ 255, 255, 0, 160 ], "dmg": 1, "sli": 1, "ser": 0, "fat": 0, "row": -1, "mot": -1, "pie": -1, "uto": -1, "uwr": -1 }, "geometry": { "type": "Point", "coordinates": [ 14.506861, 53.406917 ] } },
{ "type": "Feature", "properties": { "ID": 110277516, "yr": 2021, "dt": "2021-05-31T16:55:00", "WOJ": 32, "sev": 1, "c": [ 255, 255, 0, 160 ], "dmg": 1, "sli": 1, "ser": 0, "fat": 0, "row": 1, "mot": -1, "pie": -1, "uto": -1, "uwr": -1 }, "geometry": { "type": "Point", "coordinates": [ 14.923972, 53.900111 ] } },
{ "type": "Feature", "properties": { "ID": 110222938, "yr": 2021, "dt": "2021-05-31T13:30:00", "WOJ": 32, "sev": 1, "c": [ 255, 255, 0, 160 ], "dmg": 1, "sli": 2, "ser": 0, "fat": 0, "row": -1, "mot": -1, "pie": -1, "uto": -1, "uwr": -1 }, "geometry": { "type": "Point", "coordinates": [ 14.690667, 53.377278 ] } },
{ "type": "Feature", "properties": { "ID": 110531254, "yr": 2021, "dt": "2021-09-21T07:20:00", "WOJ": 32, "sev": 1, "c": [ 255, 255, 0, 160 ], "dmg": 1, "sli": 1, "ser": 0, "fat": 0, "row": -1, "mot": -1, "pie": -1, "uto": -1, "uwr": -1 }, "geometry": { "type": "Point", "coordinates": [ 15.504056, 53.751917 ] } },
{ "type": "Feature", "properties": { "ID": 110531253, "yr": 2021, "dt": "2021-09-21T10:34:33", "WOJ": 32, "sev": 1, "c": [ 255, 255, 0, 160 ], "dmg": 1, "sli": 1, "ser": 0, "fat": 0, "row": -1, "mot": -1, "pie": -1, "uto": -1, "uwr": -1 }, "geometry": { "type": "Point", "coordinates": [ 15.891694, 54.030694 ] } },
{ "type": "Feature", "properties": { "ID": 110530964, "yr": 2021, "dt": "2021-09-21T06:43:09", "WOJ": 32, "sev": 1, "c": [ 255, 255, 0, 160 ], "dmg": 2, "sli": 1, "ser": 0, "fat": 0, "row": -1, "mot": -1, "pie": -1, "uto": -1, "uwr": -1 }, "geometry": { "type": "Point", "coordinates": [ 14.892833, 52.933 ] } },
{ "type": "Feature", "properties": { "ID": 110529154, "yr": 2021, "dt": "2021-09-20T07:00:51", "WOJ": 32, "sev": 1, "c": [ 255, 255, 0, 160 ], "dmg": 1, "sli": 1, "ser": 0, "fat": 0, "row": -1, "mot": -1, "pie": -1, "uto": -1, "uwr": -1 }, "geometry": { "type": "Point", "coordinates": [ 15.732972, 53.856389 ] } },
{ "type": "Feature", "properties": { "ID": 110529611, "yr": 2021, "dt": "2021-09-20T11:29:54", "WOJ": 32, "sev": 1, "c": [ 255, 255, 0, 160 ], "dmg": 1, "sli": 1, "ser": 0, "fat": 0, "row": -1, "mot": -1, "pie": -1, "uto": -1, "uwr": -1 }, "geometry": { "type": "Point", "coordinates": [ 14.563278, 53.439667 ] } },
{ "type": "Feature", "properties": { "ID": 110530196, "yr": 2021, "dt": "2021-09-20T09:52:22", "WOJ": 32, "sev": 1, "c": [ 255, 255, 0, 160 ], "dmg": 1, "sli": 1, "ser": 0, "fat": 0, "row": -1, "mot": -1, "pie": 1, "uto": -1, "uwr": -1 }, "geometry": { "type": "Point", "coordinates": [ 14.489611, 53.256889 ] } },
{ "type": "Feature", "properties": { "ID": 110222385, "yr": 2021, "dt": "2021-05-30T17:09:48", "WOJ": 32, "sev": 1, "c": [ 255, 255, 0, 160 ], "dmg": 0, "sli": 1, "ser": 0, "fat": 0, "row": -1, "mot": 1, "pie": -1, "uto": -1, "uwr": -1 }, "geometry": { "type": "Point", "coordinates": [ 14.572167, 52.710583 ] } },
{ "type": "Feature", "properties": { "ID": 110218510, "yr": 2021, "dt": "2021-05-29T09:20:00", "WOJ": 32, "sev": 1, "c": [ 255, 255, 0, 160 ], "dmg": 1, "sli": 1, "ser": 0, "fat": 0, "row": -1, "mot": -1, "pie": 1, "uto": -1, "uwr": -1 }, "geometry": { "type": "Point", "coordinates": [ 14.500944, 53.450889 ] } },
{ "type": "Feature", "properties": { "ID": 110215803, "yr": 2021, "dt": "2021-05-28T14:14:24", "WOJ": 32, "sev": 1, "c": [ 255, 255, 0, 160 ], "dmg": 1, "sli": 1, "ser": 0, "fat": 0, "row": -1, "mot": 1, "pie": -1, "uto": -1, "uwr": -1 }, "geometry": { "type": "Point", "coordinates": [ 14.543333, 53.427472 ] } },
{ "type": "Feature", "properties": { "ID": 110213242, "yr": 2021, "dt": "2021-05-27T15:05:00", "WOJ": 32, "sev": 1, "c": [ 255, 255, 0, 160 ], "dmg": 0, "sli": 3, "ser": 0, "fat": 0, "row": -1, "mot": -1, "pie": -1, "uto": -1, "uwr": -1 }, "geometry": { "type": "Point", "coordinates": [ 14.5675, 53.430333 ] } },
{ "type": "Feature", "properties": { "ID": 110213271, "yr": 2021, "dt": "2021-05-27T15:30:00", "WOJ": 32, "sev": 1, "c": [ 255, 255, 0, 160 ], "dmg": 1, "sli": 1, "ser": 0, "fat": 0, "row": -1, "mot": -1, "pie": -1, "uto": -1, "uwr": -1 }, "geometry": { "type": "Point", "coordinates": [ 14.527694, 53.404556 ] } },
{ "type": "Feature", "properties": { "ID": 110212196, "yr": 2021, "dt": "2021-05-26T06:35:00", "WOJ": 32, "sev": 1, "c": [ 255, 255, 0, 160 ], "dmg": 1, "sli": 1, "ser": 0, "fat": 0, "row": -1, "mot": -1, "pie": 1, "uto": -1, "uwr": -1 }, "geometry": { "type": "Point", "coordinates": [ 14.488222, 53.252333 ] } },
{ "type": "Feature", "properties": { "ID": 110255713, "yr": 2021, "dt": "2021-06-05T12:55:00", "WOJ": 32, "sev": 1, "c": [ 255, 255, 0, 160 ], "dmg": 0, "sli": 1, "ser": 0, "fat": 0, "row": -1, "mot": 1, "pie": -1, "uto": -1, "uwr": -1 }, "geometry": { "type": "Point", "coordinates": [ 14.750306, 53.362361 ] } },
{ "type": "Feature", "properties": { "ID": 110253445, "yr": 2021, "dt": "2021-06-04T13:33:00", "WOJ": 32, "sev": 1, "c": [ 255, 255, 0, 160 ], "dmg": 1, "sli": 1, "ser": 0, "fat": 0, "row": -1, "mot": -1, "pie": -1, "uto": -1, "uwr": -1 }, "geometry": { "type": "Point", "coordinates": [ 16.066806, 53.915056 ] } },
{ "type": "Feature", "properties": { "ID": 110257978, "yr": 2021, "dt": "2021-06-04T11:19:00", "WOJ": 32, "sev": 1, "c": [ 255, 255, 0, 160 ], "dmg": 1, "sli": 1, "ser": 0, "fat": 0, "row": -1, "mot": -1, "pie": -1, "uto": -1, "uwr": -1 }, "geometry": { "type": "Point", "coordinates": [ 14.551528, 53.427111 ] } },
{ "type": "Feature", "properties": { "ID": 110528073, "yr": 2021, "dt": "2021-09-18T19:33:33", "WOJ": 32, "sev": 1, "c": [ 255, 255, 0, 160 ], "dmg": 1, "sli": 1, "ser": 0, "fat": 0, "row": -1, "mot": -1, "pie": 1, "uto": -1, "uwr": -1 }, "geometry": { "type": "Point", "coordinates": [ 14.54, 53.3245 ] } },
{ "type": "Feature", "properties": { "ID": 110526420, "yr": 2021, "dt": "2021-09-18T13:20:23", "WOJ": 32, "sev": 1, "c": [ 255, 255, 0, 160 ], "dmg": 1, "sli": 1, "ser": 0, "fat": 0, "row": 1, "mot": -1, "pie": -1, "uto": -1, "uwr": -1 }, "geometry": { "type": "Point", "coordinates": [ 14.851694, 53.545472 ] } },
{ "type": "Feature", "properties": { "ID": 110531341, "yr": 2021, "dt": "2021-09-17T11:30:00", "WOJ": 32, "sev": 1, "c": [ 255, 255, 0, 160 ], "dmg": 0, "sli": 1, "ser": 0, "fat": 0, "row": -1, "mot": 1, "pie": -1, "uto": -1, "uwr": -1 }, "geometry": { "type": "Point", "coordinates": [ 14.655194, 53.101528 ] } },
{ "type": "Feature", "properties": { "ID": 110512722, "yr": 2021, "dt": "2021-09-16T11:23:33", "WOJ": 32, "sev": 1, "c": [ 255, 255, 0, 160 ], "dmg": 1, "sli": 1, "ser": 0, "fat": 0, "row": -1, "mot": -1, "pie": -1, "uto": -1, "uwr": -1 }, "geometry": { "type": "Point", "coordinates": [ 16.54425, 54.141306 ] } },
{ "type": "Feature", "properties": { "ID": 110524314, "yr": 2021, "dt": "2021-09-16T20:50:00", "WOJ": 32, "sev": 1, "c": [ 255, 255, 0, 160 ], "dmg": 1, "sli": 2, "ser": 0, "fat": 0, "row": -1, "mot": -1, "pie": -1, "uto": -1, "uwr": -1 }, "geometry": { "type": "Point", "coordinates": [ 14.660722, 53.361833 ] } },
{ "type": "Feature", "properties": { "ID": 110501883, "yr": 2021, "dt": "2021-09-14T08:50:00", "WOJ": 32, "sev": 1, "c": [ 255, 255, 0, 160 ], "dmg": 0, "sli": 1, "ser": 0, "fat": 0, "row": -1, "mot": -1, "pie": -1, "uto": -1, "uwr": -1 }, "geometry": { "type": "Point", "coordinates": [ 14.495833, 53.44475 ] } },
{ "type": "Feature", "properties": { "ID": 110498279, "yr": 2021, "dt": "2021-09-14T12:10:00", "WOJ": 32, "sev": 1, "c": [ 255, 255, 0, 160 ], "dmg": 1, "sli": 1, "ser": 0, "fat": 0, "row": -1, "mot": -1, "pie": -1, "uto": -1, "uwr": -1 }, "geometry": { "type": "Point", "coordinates": [ 14.769417, 53.397111 ] } },
{ "type": "Feature", "properties": { "ID": 110494510, "yr": 2021, "dt": "2021-09-13T09:55:38", "WOJ": 32, "sev": 1, "c": [ 255, 255, 0, 160 ], "dmg": 0, "sli": 1, "ser": 0, "fat": 0, "row": -1, "mot": 1, "pie": -1, "uto": -1, "uwr": -1 }, "geometry": { "type": "Point", "coordinates": [ 16.446139, 53.249028 ] } },
{ "type": "Feature", "properties": { "ID": 110252177, "yr": 2021, "dt": "2021-06-03T12:06:00", "WOJ": 32, "sev": 1, "c": [ 255, 255, 0, 160 ], "dmg": 0, "sli": 1, "ser": 0, "fat": 0, "row": -1, "mot": 1, "pie": -1, "uto": -1, "uwr": -1 }, "geometry": { "type": "Point", "coordinates": [ 16.613944, 54.312889 ] } },
{ "type": "Feature", "properties": { "ID": 110250480, "yr": 2021, "dt": "2021-06-02T15:42:00", "WOJ": 32, "sev": 1, "c": [ 255, 255, 0, 160 ], "dmg": 0, "sli": 1, "ser": 0, "fat": 0, "row": -1, "mot": -1, "pie": -1, "uto": -1, "uwr": -1 }, "geometry": { "type": "Point", "coordinates": [ 14.815972, 53.547306 ] } },
{ "type": "Feature", "properties": { "ID": 110257888, "yr": 2021, "dt": "2021-06-02T09:00:00", "WOJ": 32, "sev": 1, "c": [ 255, 255, 0, 160 ], "dmg": 0, "sli": 1, "ser": 0, "fat": 0, "row": -1, "mot": -1, "pie": -1, "uto": -1, "uwr": -1 }, "geometry": { "type": "Point", "coordinates": [ 15.7935, 53.65525 ] } },
{ "type": "Feature", "properties": { "ID": 110251864, "yr": 2021, "dt": "2021-06-02T14:26:25", "WOJ": 32, "sev": 1, "c": [ 255, 255, 0, 160 ], "dmg": 1, "sli": 1, "ser": 0, "fat": 0, "row": 1, "mot": -1, "pie": -1, "uto": -1, "uwr": -1 }, "geometry": { "type": "Point", "coordinates": [ 14.743833, 53.435861 ] } },
{ "type": "Feature", "properties": { "ID": 110251868, "yr": 2021, "dt": "2021-06-02T16:10:37", "WOJ": 32, "sev": 1, "c": [ 255, 255, 0, 160 ], "dmg": 1, "sli": 1, "ser": 0, "fat": 0, "row": -1, "mot": -1, "pie": 1, "uto": -1, "uwr": -1 }, "geometry": { "type": "Point", "coordinates": [ 14.570861, 53.439472 ] } },
{ "type": "Feature", "properties": { "ID": 110262042, "yr": 2021, "dt": "2021-06-08T08:00:00", "WOJ": 32, "sev": 1, "c": [ 255, 255, 0, 160 ], "dmg": 2, "sli": 1, "ser": 0, "fat": 0, "row": -1, "mot": -1, "pie": -1, "uto": -1, "uwr": -1 }, "geometry": { "type": "Point", "coordinates": [ 14.521972, 53.294 ] } },
{ "type": "Feature", "properties": { "ID": 110260424, "yr": 2021, "dt": "2021-06-08T07:23:22", "WOJ": 32, "sev": 1, "c": [ 255, 255, 0, 160 ], "dmg": 0, "sli": 1, "ser": 0, "fat": 0, "row": -1, "mot": 1, "pie": -1, "uto": -1, "uwr": -1 }, "geometry": { "type": "Point", "coordinates": [ 14.592667, 53.405778 ] } },
{ "type": "Feature", "properties": { "ID": 110260371, "yr": 2021, "dt": "2021-06-08T07:07:28", "WOJ": 32, "sev": 1, "c": [ 255, 255, 0, 160 ], "dmg": 0, "sli": 1, "ser": 0, "fat": 0, "row": -1, "mot": -1, "pie": -1, "uto": -1, "uwr": -1 }, "geometry": { "type": "Point", "coordinates": [ 14.714278, 53.425361 ] } },
{ "type": "Feature", "properties": { "ID": 110262106, "yr": 2021, "dt": "2021-06-08T07:45:00", "WOJ": 32, "sev": 1, "c": [ 255, 255, 0, 160 ], "dmg": 1, "sli": 1, "ser": 0, "fat": 0, "row": -1, "mot": -1, "pie": -1, "uto": -1, "uwr": -1 }, "geometry": { "type": "Point", "coordinates": [ 14.658889, 53.102972 ] } },
{ "type": "Feature", "properties": { "ID": 110257627, "yr": 2021, "dt": "2021-06-07T07:20:00", "WOJ": 32, "sev": 1, "c": [ 255, 255, 0, 160 ], "dmg": 1, "sli": 1, "ser": 0, "fat": 0, "row": 1, "mot": -1, "pie": -1, "uto": -1, "uwr": -1 }, "geometry": { "type": "Point", "coordinates": [ 14.983444, 53.316083 ] } },
{ "type": "Feature", "properties": { "ID": 110256482, "yr": 2021, "dt": "2021-06-06T18:55:00", "WOJ": 32, "sev": 1, "c": [ 255, 255, 0, 160 ], "dmg": 1, "sli": 1, "ser": 0, "fat": 0, "row": 1, "mot": -1, "pie": -1, "uto": -1, "uwr": -1 }, "geometry": { "type": "Point", "coordinates": [ 14.573389, 53.413722 ] } },
{ "type": "Feature", "properties": { "ID": 110496933, "yr": 2021, "dt": "2021-09-13T13:29:00", "WOJ": 32, "sev": 1, "c": [ 255, 255, 0, 160 ], "dmg": 1, "sli": 1, "ser": 0, "fat": 0, "row": -1, "mot": -1, "pie": -1, "uto": -1, "uwr": -1 }, "geometry": { "type": "Point", "coordinates": [ 14.531194, 53.458917 ] } },
{ "type": "Feature", "properties": { "ID": 110491446, "yr": 2021, "dt": "2021-09-12T09:40:00", "WOJ": 32, "sev": 1, "c": [ 255, 255, 0, 160 ], "dmg": 0, "sli": 1, "ser": 0, "fat": 0, "row": -1, "mot": 1, "pie": -1, "uto": -1, "uwr": -1 }, "geometry": { "type": "Point", "coordinates": [ 14.614417, 53.398083 ] } },
{ "type": "Feature", "properties": { "ID": 110494031, "yr": 2021, "dt": "2021-09-12T19:35:46", "WOJ": 32, "sev": 1, "c": [ 255, 255, 0, 160 ], "dmg": 1, "sli": 1, "ser": 0, "fat": 0, "row": 0, "mot": -1, "pie": 1, "uto": -1, "uwr": -1 }, "geometry": { "type": "Point", "coordinates": [ 15.74525, 54.213639 ] } },
{ "type": "Feature", "properties": { "ID": 110491272, "yr": 2021, "dt": "2021-09-11T13:10:53", "WOJ": 32, "sev": 1, "c": [ 255, 255, 0, 160 ], "dmg": 1, "sli": 1, "ser": 0, "fat": 0, "row": 1, "mot": -1, "pie": -1, "uto": -1, "uwr": -1 }, "geometry": { "type": "Point", "coordinates": [ 16.683889, 54.346222 ] } },
{ "type": "Feature", "properties": { "ID": 110494372, "yr": 2021, "dt": "2021-09-11T12:40:00", "WOJ": 32, "sev": 1, "c": [ 255, 255, 0, 160 ], "dmg": 1, "sli": 1, "ser": 0, "fat": 0, "row": -1, "mot": -1, "pie": 1, "uto": -1, "uwr": -1 }, "geometry": { "type": "Point", "coordinates": [ 14.550556, 53.452778 ] } },
{ "type": "Feature", "properties": { "ID": 110490530, "yr": 2021, "dt": "2021-09-11T12:33:51", "WOJ": 32, "sev": 1, "c": [ 255, 255, 0, 160 ], "dmg": 1, "sli": 1, "ser": 0, "fat": 0, "row": 0, "mot": -1, "pie": 1, "uto": -1, "uwr": -1 }, "geometry": { "type": "Point", "coordinates": [ 14.890222, 53.13875 ] } },
{ "type": "Feature", "properties": { "ID": 110490228, "yr": 2021, "dt": "2021-09-10T15:15:00", "WOJ": 32, "sev": 1, "c": [ 255, 255, 0, 160 ], "dmg": 1, "sli": 1, "ser": 0, "fat": 0, "row": -1, "mot": -1, "pie": 1, "uto": -1, "uwr": -1 }, "geometry": { "type": "Point", "coordinates": [ 14.551528, 53.425583 ] } },
{ "type": "Feature", "properties": { "ID": 110489820, "yr": 2021, "dt": "2021-09-10T08:35:00", "WOJ": 32, "sev": 1, "c": [ 255, 255, 0, 160 ], "dmg": 2, "sli": 1, "ser": 0, "fat": 0, "row": -1, "mot": -1, "pie": -1, "uto": -1, "uwr": -1 }, "geometry": { "type": "Point", "coordinates": [ 14.630806, 53.386833 ] } },
{ "type": "Feature", "properties": { "ID": 110256570, "yr": 2021, "dt": "2021-06-06T16:09:50", "WOJ": 32, "sev": 1, "c": [ 255, 255, 0, 160 ], "dmg": 0, "sli": 1, "ser": 0, "fat": 0, "row": -1, "mot": -1, "pie": -1, "uto": -1, "uwr": -1 }, "geometry": { "type": "Point", "coordinates": [ 16.256056, 53.619944 ] } },
{ "type": "Feature", "properties": { "ID": 110261368, "yr": 2021, "dt": "2021-06-06T09:00:00", "WOJ": 32, "sev": 1, "c": [ 255, 255, 0, 160 ], "dmg": 1, "sli": 1, "ser": 0, "fat": 0, "row": -1, "mot": -1, "pie": 1, "uto": -1, "uwr": -1 }, "geometry": { "type": "Point", "coordinates": [ 15.209056, 52.991 ] } },
{ "type": "Feature", "properties": { "ID": 110274498, "yr": 2021, "dt": "2021-06-15T05:45:18", "WOJ": 32, "sev": 1, "c": [ 255, 255, 0, 160 ], "dmg": 2, "sli": 1, "ser": 0, "fat": 0, "row": -1, "mot": -1, "pie": -1, "uto": -1, "uwr": -1 }, "geometry": { "type": "Point", "coordinates": [ 15.117278, 53.673028 ] } },
{ "type": "Feature", "properties": { "ID": 110273108, "yr": 2021, "dt": "2021-06-14T18:33:33", "WOJ": 32, "sev": 1, "c": [ 255, 255, 0, 160 ], "dmg": 1, "sli": 1, "ser": 0, "fat": 0, "row": -1, "mot": -1, "pie": 1, "uto": -1, "uwr": -1 }, "geometry": { "type": "Point", "coordinates": [ 14.563472, 53.451333 ] } },
{ "type": "Feature", "properties": { "ID": 110269461, "yr": 2021, "dt": "2021-06-14T17:01:13", "WOJ": 32, "sev": 1, "c": [ 255, 255, 0, 160 ], "dmg": 1, "sli": 1, "ser": 0, "fat": 0, "row": 1, "mot": -1, "pie": -1, "uto": -1, "uwr": -1 }, "geometry": { "type": "Point", "coordinates": [ 14.54325, 53.428 ] } },
{ "type": "Feature", "properties": { "ID": 110484101, "yr": 2021, "dt": "2021-09-08T19:09:26", "WOJ": 32, "sev": 1, "c": [ 255, 255, 0, 160 ], "dmg": 1, "sli": 1, "ser": 0, "fat": 0, "row": 1, "mot": -1, "pie": -1, "uto": -1, "uwr": -1 }, "geometry": { "type": "Point", "coordinates": [ 14.552139, 53.434417 ] } },
{ "type": "Feature", "properties": { "ID": 110483018, "yr": 2021, "dt": "2021-09-07T12:27:00", "WOJ": 32, "sev": 1, "c": [ 255, 255, 0, 160 ], "dmg": 1, "sli": 1, "ser": 0, "fat": 0, "row": -1, "mot": -1, "pie": -1, "uto": -1, "uwr": -1 }, "geometry": { "type": "Point", "coordinates": [ 14.565278, 53.419444 ] } },
{ "type": "Feature", "properties": { "ID": 110483026, "yr": 2021, "dt": "2021-09-07T13:45:00", "WOJ": 32, "sev": 1, "c": [ 255, 255, 0, 160 ], "dmg": 1, "sli": 1, "ser": 0, "fat": 0, "row": -1, "mot": -1, "pie": -1, "uto": -1, "uwr": -1 }, "geometry": { "type": "Point", "coordinates": [ 14.640278, 53.386944 ] } },
{ "type": "Feature", "properties": { "ID": 110483520, "yr": 2021, "dt": "2021-09-06T10:40:00", "WOJ": 32, "sev": 1, "c": [ 255, 255, 0, 160 ], "dmg": 1, "sli": 1, "ser": 0, "fat": 0, "row": -1, "mot": -1, "pie": -1, "uto": -1, "uwr": -1 }, "geometry": { "type": "Point", "coordinates": [ 15.682944, 53.284056 ] } },
{ "type": "Feature", "properties": { "ID": 110477792, "yr": 2021, "dt": "2021-09-05T10:55:27", "WOJ": 32, "sev": 1, "c": [ 255, 255, 0, 160 ], "dmg": 1, "sli": 1, "ser": 0, "fat": 0, "row": 1, "mot": -1, "pie": -1, "uto": -1, "uwr": -1 }, "geometry": { "type": "Point", "coordinates": [ 14.227867, 53.917576 ] } },
{ "type": "Feature", "properties": { "ID": 110472857, "yr": 2021, "dt": "2021-09-04T10:18:45", "WOJ": 32, "sev": 1, "c": [ 255, 255, 0, 160 ], "dmg": 1, "sli": 1, "ser": 0, "fat": 0, "row": -1, "mot": -1, "pie": 1, "uto": -1, "uwr": -1 }, "geometry": { "type": "Point", "coordinates": [ 14.493, 53.2625 ] } },
{ "type": "Feature", "properties": { "ID": 110481323, "yr": 2021, "dt": "2021-09-03T18:50:00", "WOJ": 32, "sev": 1, "c": [ 255, 255, 0, 160 ], "dmg": 1, "sli": 1, "ser": 0, "fat": 0, "row": -1, "mot": -1, "pie": 1, "uto": -1, "uwr": -1 }, "geometry": { "type": "Point", "coordinates": [ 15.62199, 53.1091 ] } },
{ "type": "Feature", "properties": { "ID": 110470109, "yr": 2021, "dt": "2021-09-03T19:02:35", "WOJ": 32, "sev": 1, "c": [ 255, 255, 0, 160 ], "dmg": 1, "sli": 1, "ser": 0, "fat": 0, "row": 1, "mot": -1, "pie": -1, "uto": -1, "uwr": -1 }, "geometry": { "type": "Point", "coordinates": [ 14.675944, 53.402444 ] } },
{ "type": "Feature", "properties": { "ID": 110469204, "yr": 2021, "dt": "2021-09-03T10:02:56", "WOJ": 32, "sev": 1, "c": [ 255, 255, 0, 160 ], "dmg": 1, "sli": 1, "ser": 0, "fat": 0, "row": -1, "mot": -1, "pie": -1, "uto": -1, "uwr": -1 }, "geometry": { "type": "Point", "coordinates": [ 14.546944, 53.424972 ] } },
{ "type": "Feature", "properties": { "ID": 110264729, "yr": 2021, "dt": "2021-06-10T07:52:10", "WOJ": 32, "sev": 1, "c": [ 255, 255, 0, 160 ], "dmg": 2, "sli": 1, "ser": 0, "fat": 0, "row": -1, "mot": -1, "pie": -1, "uto": -1, "uwr": -1 }, "geometry": { "type": "Point", "coordinates": [ 16.348972, 53.351972 ] } },
{ "type": "Feature", "properties": { "ID": 110263259, "yr": 2021, "dt": "2021-06-09T15:12:04", "WOJ": 32, "sev": 1, "c": [ 255, 255, 0, 160 ], "dmg": 1, "sli": 1, "ser": 0, "fat": 0, "row": -1, "mot": -1, "pie": -1, "uto": -1, "uwr": -1 }, "geometry": { "type": "Point", "coordinates": [ 16.390806, 53.307972 ] } },
{ "type": "Feature", "properties": { "ID": 110262517, "yr": 2021, "dt": "2021-06-09T03:20:00", "WOJ": 32, "sev": 1, "c": [ 255, 255, 0, 160 ], "dmg": 2, "sli": 1, "ser": 0, "fat": 0, "row": -1, "mot": -1, "pie": -1, "uto": -1, "uwr": -1 }, "geometry": { "type": "Point", "coordinates": [ 14.610417, 53.374583 ] } },
{ "type": "Feature", "properties": { "ID": 110261371, "yr": 2021, "dt": "2021-06-08T20:56:06", "WOJ": 32, "sev": 1, "c": [ 255, 255, 0, 160 ], "dmg": 0, "sli": 1, "ser": 0, "fat": 0, "row": -1, "mot": -1, "pie": -1, "uto": -1, "uwr": -1 }, "geometry": { "type": "Point", "coordinates": [ 15.479991, 53.223738 ] } },
{ "type": "Feature", "properties": { "ID": 110287421, "yr": 2021, "dt": "2021-06-21T06:45:00", "WOJ": 32, "sev": 1, "c": [ 255, 255, 0, 160 ], "dmg": 1, "sli": 1, "ser": 0, "fat": 0, "row": -1, "mot": -1, "pie": -1, "uto": -1, "uwr": -1 }, "geometry": { "type": "Point", "coordinates": [ 14.560667, 53.465861 ] } },
{ "type": "Feature", "properties": { "ID": 110287833, "yr": 2021, "dt": "2021-06-21T11:25:24", "WOJ": 32, "sev": 1, "c": [ 255, 255, 0, 160 ], "dmg": 1, "sli": 1, "ser": 0, "fat": 0, "row": 1, "mot": -1, "pie": -1, "uto": -1, "uwr": -1 }, "geometry": { "type": "Point", "coordinates": [ 14.661278, 53.374083 ] } },
{ "type": "Feature", "properties": { "ID": 110479863, "yr": 2021, "dt": "2021-09-03T12:30:00", "WOJ": 32, "sev": 1, "c": [ 255, 255, 0, 160 ], "dmg": 2, "sli": 1, "ser": 0, "fat": 0, "row": -1, "mot": -1, "pie": -1, "uto": -1, "uwr": -1 }, "geometry": { "type": "Point", "coordinates": [ 14.578361, 53.411972 ] } },
{ "type": "Feature", "properties": { "ID": 110470879, "yr": 2021, "dt": "2021-09-03T17:47:00", "WOJ": 32, "sev": 1, "c": [ 255, 255, 0, 160 ], "dmg": 1, "sli": 2, "ser": 0, "fat": 0, "row": -1, "mot": -1, "pie": -1, "uto": -1, "uwr": -1 }, "geometry": { "type": "Point", "coordinates": [ 14.728361, 53.432889 ] } },
{ "type": "Feature", "properties": { "ID": 110481057, "yr": 2021, "dt": "2021-09-03T12:50:00", "WOJ": 32, "sev": 1, "c": [ 255, 255, 0, 160 ], "dmg": 1, "sli": 1, "ser": 0, "fat": 0, "row": -1, "mot": -1, "pie": -1, "uto": -1, "uwr": -1 }, "geometry": { "type": "Point", "coordinates": [ 14.992139, 53.437611 ] } },
{ "type": "Feature", "properties": { "ID": 110470000, "yr": 2021, "dt": "2021-09-03T16:11:47", "WOJ": 32, "sev": 1, "c": [ 255, 255, 0, 160 ], "dmg": 1, "sli": 1, "ser": 0, "fat": 0, "row": -1, "mot": -1, "pie": -1, "uto": -1, "uwr": -1 }, "geometry": { "type": "Point", "coordinates": [ 16.409472, 54.436639 ] } },
{ "type": "Feature", "properties": { "ID": 110479856, "yr": 2021, "dt": "2021-09-02T15:00:00", "WOJ": 32, "sev": 1, "c": [ 255, 255, 0, 160 ], "dmg": 1, "sli": 1, "ser": 0, "fat": 0, "row": -1, "mot": -1, "pie": 1, "uto": -1, "uwr": -1 }, "geometry": { "type": "Point", "coordinates": [ 14.246361, 53.908111 ] } },
{ "type": "Feature", "properties": { "ID": 110463989, "yr": 2021, "dt": "2021-09-01T15:20:00", "WOJ": 32, "sev": 1, "c": [ 255, 255, 0, 160 ], "dmg": 1, "sli": 1, "ser": 0, "fat": 0, "row": 1, "mot": -1, "pie": -1, "uto": -1, "uwr": -1 }, "geometry": { "type": "Point", "coordinates": [ 14.518389, 53.410472 ] } },
{ "type": "Feature", "properties": { "ID": 110458301, "yr": 2021, "dt": "2021-08-31T08:45:42", "WOJ": 32, "sev": 1, "c": [ 255, 255, 0, 160 ], "dmg": 1, "sli": 1, "ser": 0, "fat": 0, "row": -1, "mot": -1, "pie": -1, "uto": -1, "uwr": -1 }, "geometry": { "type": "Point", "coordinates": [ 16.603056, 53.627889 ] } },
{ "type": "Feature", "properties": { "ID": 110460916, "yr": 2021, "dt": "2021-08-31T19:00:00", "WOJ": 32, "sev": 1, "c": [ 255, 255, 0, 160 ], "dmg": 1, "sli": 3, "ser": 0, "fat": 0, "row": -1, "mot": -1, "pie": -1, "uto": -1, "uwr": -1 }, "geometry": { "type": "Point", "coordinates": [ 14.577, 53.463028 ] } },
{ "type": "Feature", "properties": { "ID": 110455249, "yr": 2021, "dt": "2021-08-30T10:41:15", "WOJ": 32, "sev": 1, "c": [ 255, 255, 0, 160 ], "dmg": 0, "sli": 1, "ser": 0, "fat": 0, "row": -1, "mot": -1, "pie": -1, "uto": -1, "uwr": -1 }, "geometry": { "type": "Point", "coordinates": [ 16.167694, 53.864528 ] } },
{ "type": "Feature", "properties": { "ID": 110455433, "yr": 2021, "dt": "2021-08-30T12:40:00", "WOJ": 32, "sev": 1, "c": [ 255, 255, 0, 160 ], "dmg": 1, "sli": 1, "ser": 0, "fat": 0, "row": -1, "mot": -1, "pie": -1, "uto": -1, "uwr": -1 }, "geometry": { "type": "Point", "coordinates": [ 14.522472, 53.434611 ] } },
{ "type": "Feature", "properties": { "ID": 110458235, "yr": 2021, "dt": "2021-08-30T18:20:00", "WOJ": 32, "sev": 1, "c": [ 255, 255, 0, 160 ], "dmg": 0, "sli": 1, "ser": 0, "fat": 0, "row": -1, "mot": -1, "pie": -1, "uto": -1, "uwr": -1 }, "geometry": { "type": "Point", "coordinates": [ 15.607333, 53.702472 ] } },
{ "type": "Feature", "properties": { "ID": 110283216, "yr": 2021, "dt": "2021-06-17T16:24:43", "WOJ": 32, "sev": 1, "c": [ 255, 255, 0, 160 ], "dmg": 0, "sli": 4, "ser": 0, "fat": 0, "row": -1, "mot": -1, "pie": -1, "uto": -1, "uwr": -1 }, "geometry": { "type": "Point", "coordinates": [ 15.086278, 53.507861 ] } },
{ "type": "Feature", "properties": { "ID": 110284515, "yr": 2021, "dt": "2021-06-16T19:43:00", "WOJ": 32, "sev": 1, "c": [ 255, 255, 0, 160 ], "dmg": 2, "sli": 1, "ser": 0, "fat": 0, "row": -1, "mot": -1, "pie": -1, "uto": -1, "uwr": -1 }, "geometry": { "type": "Point", "coordinates": [ 14.540028, 53.444833 ] } },
{ "type": "Feature", "properties": { "ID": 110276194, "yr": 2021, "dt": "2021-06-15T18:39:13", "WOJ": 32, "sev": 1, "c": [ 255, 255, 0, 160 ], "dmg": 1, "sli": 1, "ser": 0, "fat": 0, "row": -1, "mot": -1, "pie": -1, "uto": -1, "uwr": -1 }, "geometry": { "type": "Point", "coordinates": [ 14.552556, 53.438583 ] } },
{ "type": "Feature", "properties": { "ID": 110299589, "yr": 2021, "dt": "2021-06-25T17:30:00", "WOJ": 32, "sev": 1, "c": [ 255, 255, 0, 160 ], "dmg": 1, "sli": 1, "ser": 0, "fat": 0, "row": -1, "mot": -1, "pie": -1, "uto": -1, "uwr": -1 }, "geometry": { "type": "Point", "coordinates": [ 14.5925, 53.458889 ] } },
{ "type": "Feature", "properties": { "ID": 110294587, "yr": 2021, "dt": "2021-06-25T12:29:50", "WOJ": 32, "sev": 1, "c": [ 255, 255, 0, 160 ], "dmg": 0, "sli": 3, "ser": 0, "fat": 0, "row": -1, "mot": -1, "pie": -1, "uto": -1, "uwr": -1 }, "geometry": { "type": "Point", "coordinates": [ 16.516028, 54.308472 ] } },
{ "type": "Feature", "properties": { "ID": 110292361, "yr": 2021, "dt": "2021-06-24T15:40:21", "WOJ": 32, "sev": 1, "c": [ 255, 255, 0, 160 ], "dmg": 1, "sli": 1, "ser": 0, "fat": 0, "row": -1, "mot": -1, "pie": -1, "uto": -1, "uwr": -1 }, "geometry": { "type": "Point", "coordinates": [ 14.618639, 53.07375 ] } },
{ "type": "Feature", "properties": { "ID": 110449986, "yr": 2021, "dt": "2021-08-28T13:30:00", "WOJ": 32, "sev": 1, "c": [ 255, 255, 0, 160 ], "dmg": 1, "sli": 1, "ser": 0, "fat": 0, "row": -1, "mot": 1, "pie": -1, "uto": -1, "uwr": -1 }, "geometry": { "type": "Point", "coordinates": [ 14.5425, 53.4615 ] } },
{ "type": "Feature", "properties": { "ID": 110445580, "yr": 2021, "dt": "2021-08-27T06:28:05", "WOJ": 32, "sev": 1, "c": [ 255, 255, 0, 160 ], "dmg": 1, "sli": 1, "ser": 0, "fat": 0, "row": -1, "mot": 1, "pie": -1, "uto": -1, "uwr": -1 }, "geometry": { "type": "Point", "coordinates": [ 14.667583, 53.370639 ] } },
{ "type": "Feature", "properties": { "ID": 110444433, "yr": 2021, "dt": "2021-08-26T13:51:11", "WOJ": 32, "sev": 1, "c": [ 255, 255, 0, 160 ], "dmg": 2, "sli": 1, "ser": 0, "fat": 0, "row": -1, "mot": -1, "pie": -1, "uto": -1, "uwr": -1 }, "geometry": { "type": "Point", "coordinates": [ 16.119444, 53.087222 ] } },
{ "type": "Feature", "properties": { "ID": 110445057, "yr": 2021, "dt": "2021-08-26T09:53:13", "WOJ": 32, "sev": 1, "c": [ 255, 255, 0, 160 ], "dmg": 1, "sli": 1, "ser": 0, "fat": 0, "row": -1, "mot": -1, "pie": 1, "uto": -1, "uwr": -1 }, "geometry": { "type": "Point", "coordinates": [ 15.751722, 54.213361 ] } },
{ "type": "Feature", "properties": { "ID": 110446945, "yr": 2021, "dt": "2021-08-26T16:15:00", "WOJ": 32, "sev": 1, "c": [ 255, 255, 0, 160 ], "dmg": 1, "sli": 1, "ser": 0, "fat": 0, "row": -1, "mot": -1, "pie": -1, "uto": -1, "uwr": -1 }, "geometry": { "type": "Point", "coordinates": [ 15.905944, 53.298611 ] } },
{ "type": "Feature", "properties": { "ID": 110441562, "yr": 2021, "dt": "2021-08-24T16:10:00", "WOJ": 32, "sev": 1, "c": [ 255, 255, 0, 160 ], "dmg": 1, "sli": 2, "ser": 0, "fat": 0, "row": -1, "mot": -1, "pie": -1, "uto": -1, "uwr": -1 }, "geometry": { "type": "Point", "coordinates": [ 14.638944, 53.377917 ] } },
{ "type": "Feature", "properties": { "ID": 110430354, "yr": 2021, "dt": "2021-08-23T06:10:27", "WOJ": 32, "sev": 1, "c": [ 255, 255, 0, 160 ], "dmg": 0, "sli": 2, "ser": 0, "fat": 0, "row": -1, "mot": -1, "pie": -1, "uto": -1, "uwr": -1 }, "geometry": { "type": "Point", "coordinates": [ 16.643667, 54.340667 ] } },
{ "type": "Feature", "properties": { "ID": 110438631, "yr": 2021, "dt": "2021-08-23T18:40:49", "WOJ": 32, "sev": 1, "c": [ 255, 255, 0, 160 ], "dmg": 2, "sli": 1, "ser": 0, "fat": 0, "row": -1, "mot": -1, "pie": 1, "uto": -1, "uwr": -1 }, "geometry": { "type": "Point", "coordinates": [ 14.891944, 53.141139 ] } },
{ "type": "Feature", "properties": { "ID": 110438242, "yr": 2021, "dt": "2021-08-23T08:15:00", "WOJ": 32, "sev": 1, "c": [ 255, 255, 0, 160 ], "dmg": 1, "sli": 1, "ser": 0, "fat": 0, "row": -1, "mot": -1, "pie": 1, "uto": -1, "uwr": -1 }, "geometry": { "type": "Point", "coordinates": [ 14.531556, 53.412889 ] } },
{ "type": "Feature", "properties": { "ID": 110303095, "yr": 2021, "dt": "2021-06-24T18:48:00", "WOJ": 32, "sev": 1, "c": [ 255, 255, 0, 160 ], "dmg": 2, "sli": 2, "ser": 0, "fat": 0, "row": -1, "mot": -1, "pie": -1, "uto": -1, "uwr": -1 }, "geometry": { "type": "Point", "coordinates": [ 14.671694, 53.2075 ] } },
{ "type": "Feature", "properties": { "ID": 110290684, "yr": 2021, "dt": "2021-06-22T16:03:24", "WOJ": 32, "sev": 1, "c": [ 255, 255, 0, 160 ], "dmg": 1, "sli": 1, "ser": 0, "fat": 0, "row": -1, "mot": -1, "pie": 1, "uto": -1, "uwr": -1 }, "geometry": { "type": "Point", "coordinates": [ 16.609778, 53.639611 ] } },
{ "type": "Feature", "properties": { "ID": 110289908, "yr": 2021, "dt": "2021-06-22T17:21:44", "WOJ": 32, "sev": 1, "c": [ 255, 255, 0, 160 ], "dmg": 2, "sli": 1, "ser": 0, "fat": 0, "row": -1, "mot": -1, "pie": -1, "uto": -1, "uwr": -1 }, "geometry": { "type": "Point", "coordinates": [ 15.960778, 53.528333 ] } },
{ "type": "Feature", "properties": { "ID": 110291819, "yr": 2021, "dt": "2021-06-22T20:20:00", "WOJ": 32, "sev": 1, "c": [ 255, 255, 0, 160 ], "dmg": 0, "sli": 1, "ser": 0, "fat": 0, "row": -1, "mot": -1, "pie": -1, "uto": -1, "uwr": -1 }, "geometry": { "type": "Point", "coordinates": [ 14.49275, 53.434778 ] } },
{ "type": "Feature", "properties": { "ID": 110307492, "yr": 2021, "dt": "2021-07-02T21:43:46", "WOJ": 32, "sev": 1, "c": [ 255, 255, 0, 160 ], "dmg": 1, "sli": 1, "ser": 0, "fat": 0, "row": -1, "mot": -1, "pie": 1, "uto": -1, "uwr": -1 }, "geometry": { "type": "Point", "coordinates": [ 15.61975, 53.637472 ] } },
{ "type": "Feature", "properties": { "ID": 110307300, "yr": 2021, "dt": "2021-07-02T17:37:39", "WOJ": 32, "sev": 1, "c": [ 255, 255, 0, 160 ], "dmg": 0, "sli": 2, "ser": 0, "fat": 0, "row": -1, "mot": -1, "pie": -1, "uto": -1, "uwr": -1 }, "geometry": { "type": "Point", "coordinates": [ 15.475583, 53.2205 ] } },
{ "type": "Feature", "properties": { "ID": 110307454, "yr": 2021, "dt": "2021-07-02T21:11:30", "WOJ": 32, "sev": 1, "c": [ 255, 255, 0, 160 ], "dmg": 3, "sli": 1, "ser": 0, "fat": 0, "row": -1, "mot": -1, "pie": -1, "uto": -1, "uwr": -1 }, "geometry": { "type": "Point", "coordinates": [ 14.463694, 53.356861 ] } },
{ "type": "Feature", "properties": { "ID": 110306570, "yr": 2021, "dt": "2021-07-01T10:20:00", "WOJ": 32, "sev": 1, "c": [ 255, 255, 0, 160 ], "dmg": 1, "sli": 1, "ser": 0, "fat": 0, "row": -1, "mot": -1, "pie": -1, "uto": -1, "uwr": -1 }, "geometry": { "type": "Point", "coordinates": [ 14.5375, 53.455 ] } },
{ "type": "Feature", "properties": { "ID": 110306689, "yr": 2021, "dt": "2021-07-01T11:20:00", "WOJ": 32, "sev": 1, "c": [ 255, 255, 0, 160 ], "dmg": 1, "sli": 1, "ser": 0, "fat": 0, "row": -1, "mot": -1, "pie": -1, "uto": -1, "uwr": -1 }, "geometry": { "type": "Point", "coordinates": [ 15.036667, 53.305778 ] } },
{ "type": "Feature", "properties": { "ID": 110304344, "yr": 2021, "dt": "2021-07-01T06:30:00", "WOJ": 32, "sev": 1, "c": [ 255, 255, 0, 160 ], "dmg": 2, "sli": 1, "ser": 0, "fat": 0, "row": -1, "mot": -1, "pie": -1, "uto": -1, "uwr": -1 }, "geometry": { "type": "Point", "coordinates": [ 14.483306, 53.483056 ] } },
{ "type": "Feature", "properties": { "ID": 110303796, "yr": 2021, "dt": "2021-06-30T12:00:00", "WOJ": 32, "sev": 1, "c": [ 255, 255, 0, 160 ], "dmg": 1, "sli": 1, "ser": 0, "fat": 0, "row": -1, "mot": -1, "pie": 1, "uto": -1, "uwr": -1 }, "geometry": { "type": "Point", "coordinates": [ 14.576556, 53.437417 ] } },
{ "type": "Feature", "properties": { "ID": 110303362, "yr": 2021, "dt": "2021-06-30T10:20:00", "WOJ": 32, "sev": 1, "c": [ 255, 255, 0, 160 ], "dmg": 1, "sli": 1, "ser": 0, "fat": 0, "row": -1, "mot": -1, "pie": -1, "uto": -1, "uwr": -1 }, "geometry": { "type": "Point", "coordinates": [ 14.577222, 53.495 ] } },
{ "type": "Feature", "properties": { "ID": 110311675, "yr": 2021, "dt": "2021-06-29T01:00:00", "WOJ": 32, "sev": 1, "c": [ 255, 255, 0, 160 ], "dmg": 1, "sli": 1, "ser": 0, "fat": 0, "row": -1, "mot": -1, "pie": -1, "uto": -1, "uwr": -1 }, "geometry": { "type": "Point", "coordinates": [ 14.687, 53.193139 ] } },
{ "type": "Feature", "properties": { "ID": 110303582, "yr": 2021, "dt": "2021-06-29T14:50:00", "WOJ": 32, "sev": 1, "c": [ 255, 255, 0, 160 ], "dmg": 0, "sli": 1, "ser": 0, "fat": 0, "row": -1, "mot": -1, "pie": -1, "uto": -1, "uwr": -1 }, "geometry": { "type": "Point", "coordinates": [ 14.694167, 53.405278 ] } },
{ "type": "Feature", "properties": { "ID": 110298558, "yr": 2021, "dt": "2021-06-27T18:50:00", "WOJ": 32, "sev": 1, "c": [ 255, 255, 0, 160 ], "dmg": 2, "sli": 1, "ser": 0, "fat": 0, "row": -1, "mot": 1, "pie": -1, "uto": -1, "uwr": -1 }, "geometry": { "type": "Point", "coordinates": [ 14.578944, 53.412083 ] } },
{ "type": "Feature", "properties": { "ID": 110296918, "yr": 2021, "dt": "2021-06-26T20:20:45", "WOJ": 32, "sev": 1, "c": [ 255, 255, 0, 160 ], "dmg": 0, "sli": 2, "ser": 0, "fat": 0, "row": -1, "mot": -1, "pie": -1, "uto": -1, "uwr": -1 }, "geometry": { "type": "Point", "coordinates": [ 15.239139, 53.775111 ] } },
{ "type": "Feature", "properties": { "ID": 110295705, "yr": 2021, "dt": "2021-06-26T10:10:00", "WOJ": 32, "sev": 1, "c": [ 255, 255, 0, 160 ], "dmg": 1, "sli": 1, "ser": 0, "fat": 0, "row": -1, "mot": -1, "pie": -1, "uto": -1, "uwr": -1 }, "geometry": { "type": "Point", "coordinates": [ 15.027167, 53.298444 ] } },
{ "type": "Feature", "properties": { "ID": 110296516, "yr": 2021, "dt": "2021-06-26T01:10:17", "WOJ": 32, "sev": 1, "c": [ 255, 255, 0, 160 ], "dmg": 0, "sli": 1, "ser": 0, "fat": 0, "row": -1, "mot": -1, "pie": -1, "uto": -1, "uwr": -1 }, "geometry": { "type": "Point", "coordinates": [ 16.451806, 53.167528 ] } },
{ "type": "Feature", "properties": { "ID": 110295688, "yr": 2021, "dt": "2021-06-26T07:54:32", "WOJ": 32, "sev": 1, "c": [ 255, 255, 0, 160 ], "dmg": 1, "sli": 1, "ser": 0, "fat": 0, "row": -1, "mot": -1, "pie": -1, "uto": -1, "uwr": -1 }, "geometry": { "type": "Point", "coordinates": [ 14.782806, 53.446028 ] } },
{ "type": "Feature", "properties": { "ID": 110295849, "yr": 2021, "dt": "2021-06-26T13:38:09", "WOJ": 32, "sev": 1, "c": [ 255, 255, 0, 160 ], "dmg": 0, "sli": 1, "ser": 0, "fat": 0, "row": -1, "mot": -1, "pie": -1, "uto": -1, "uwr": -1 }, "geometry": { "type": "Point", "coordinates": [ 16.441139, 53.840306 ] } },
{ "type": "Feature", "properties": { "ID": 110311485, "yr": 2021, "dt": "2021-07-06T11:00:00", "WOJ": 32, "sev": 1, "c": [ 255, 255, 0, 160 ], "dmg": 2, "sli": 1, "ser": 0, "fat": 0, "row": -1, "mot": -1, "pie": -1, "uto": -1, "uwr": -1 }, "geometry": { "type": "Point", "coordinates": [ 14.667028, 53.382944 ] } },
{ "type": "Feature", "properties": { "ID": 110310611, "yr": 2021, "dt": "2021-07-04T19:15:02", "WOJ": 32, "sev": 1, "c": [ 255, 255, 0, 160 ], "dmg": 0, "sli": 3, "ser": 0, "fat": 0, "row": -1, "mot": -1, "pie": -1, "uto": -1, "uwr": -1 }, "geometry": { "type": "Point", "coordinates": [ 15.182361, 52.95775 ] } },
{ "type": "Feature", "properties": { "ID": 110312124, "yr": 2021, "dt": "2021-07-04T01:20:00", "WOJ": 32, "sev": 1, "c": [ 255, 255, 0, 160 ], "dmg": 0, "sli": 1, "ser": 0, "fat": 0, "row": -1, "mot": -1, "pie": -1, "uto": -1, "uwr": -1 }, "geometry": { "type": "Point", "coordinates": [ 16.508167, 53.200194 ] } },
{ "type": "Feature", "properties": { "ID": 110438580, "yr": 2021, "dt": "2021-08-23T18:12:50", "WOJ": 32, "sev": 1, "c": [ 255, 255, 0, 160 ], "dmg": 0, "sli": 2, "ser": 0, "fat": 0, "row": -1, "mot": -1, "pie": -1, "uto": -1, "uwr": -1 }, "geometry": { "type": "Point", "coordinates": [ 14.770222, 52.956056 ] } },
{ "type": "Feature", "properties": { "ID": 110439075, "yr": 2021, "dt": "2021-08-23T14:17:00", "WOJ": 32, "sev": 1, "c": [ 255, 255, 0, 160 ], "dmg": 1, "sli": 1, "ser": 0, "fat": 0, "row": -1, "mot": -1, "pie": -1, "uto": -1, "uwr": -1 }, "geometry": { "type": "Point", "coordinates": [ 14.544889, 53.438333 ] } },
{ "type": "Feature", "properties": { "ID": 110429911, "yr": 2021, "dt": "2021-08-22T12:07:01", "WOJ": 32, "sev": 1, "c": [ 255, 255, 0, 160 ], "dmg": 0, "sli": 2, "ser": 0, "fat": 0, "row": -1, "mot": -1, "pie": -1, "uto": -1, "uwr": -1 }, "geometry": { "type": "Point", "coordinates": [ 16.090333, 53.898611 ] } },
{ "type": "Feature", "properties": { "ID": 110429838, "yr": 2021, "dt": "2021-08-22T05:23:41", "WOJ": 32, "sev": 1, "c": [ 255, 255, 0, 160 ], "dmg": 1, "sli": 1, "ser": 0, "fat": 0, "row": -1, "mot": -1, "pie": 1, "uto": -1, "uwr": -1 }, "geometry": { "type": "Point", "coordinates": [ 15.589083, 54.175667 ] } },
{ "type": "Feature", "properties": { "ID": 110429025, "yr": 2021, "dt": "2021-08-21T10:45:00", "WOJ": 32, "sev": 1, "c": [ 255, 255, 0, 160 ], "dmg": 3, "sli": 2, "ser": 0, "fat": 0, "row": -1, "mot": -1, "pie": -1, "uto": -1, "uwr": -1 }, "geometry": { "type": "Point", "coordinates": [ 14.716861, 53.392333 ] } },
{ "type": "Feature", "properties": { "ID": 110437935, "yr": 2021, "dt": "2021-08-21T05:30:00", "WOJ": 32, "sev": 1, "c": [ 255, 255, 0, 160 ], "dmg": 2, "sli": 2, "ser": 0, "fat": 0, "row": -1, "mot": -1, "pie": -1, "uto": -1, "uwr": -1 }, "geometry": { "type": "Point", "coordinates": [ 16.149083, 53.188111 ] } },
{ "type": "Feature", "properties": { "ID": 110437871, "yr": 2021, "dt": "2021-08-21T11:15:00", "WOJ": 32, "sev": 1, "c": [ 255, 255, 0, 160 ], "dmg": 1, "sli": 1, "ser": 0, "fat": 0, "row": -1, "mot": -1, "pie": -1, "uto": -1, "uwr": -1 }, "geometry": { "type": "Point", "coordinates": [ 14.521389, 53.438889 ] } },
{ "type": "Feature", "properties": { "ID": 110420354, "yr": 2021, "dt": "2021-08-20T12:24:39", "WOJ": 32, "sev": 1, "c": [ 255, 255, 0, 160 ], "dmg": 1, "sli": 2, "ser": 0, "fat": 0, "row": -1, "mot": -1, "pie": -1, "uto": -1, "uwr": -1 }, "geometry": { "type": "Point", "coordinates": [ 14.431528, 53.146361 ] } },
{ "type": "Feature", "properties": { "ID": 110422936, "yr": 2021, "dt": "2021-08-20T15:24:46", "WOJ": 32, "sev": 1, "c": [ 255, 255, 0, 160 ], "dmg": 1, "sli": 1, "ser": 0, "fat": 0, "row": 1, "mot": -1, "pie": -1, "uto": -1, "uwr": -1 }, "geometry": { "type": "Point", "coordinates": [ 16.483917, 53.276806 ] } },
{ "type": "Feature", "properties": { "ID": 110309608, "yr": 2021, "dt": "2021-07-03T06:17:22", "WOJ": 32, "sev": 1, "c": [ 255, 255, 0, 160 ], "dmg": 0, "sli": 1, "ser": 0, "fat": 0, "row": -1, "mot": -1, "pie": -1, "uto": -1, "uwr": -1 }, "geometry": { "type": "Point", "coordinates": [ 15.595111, 54.153528 ] } },
{ "type": "Feature", "properties": { "ID": 110309962, "yr": 2021, "dt": "2021-07-03T15:16:00", "WOJ": 32, "sev": 1, "c": [ 255, 255, 0, 160 ], "dmg": 1, "sli": 1, "ser": 0, "fat": 0, "row": -1, "mot": -1, "pie": -1, "uto": -1, "uwr": -1 }, "geometry": { "type": "Point", "coordinates": [ 14.553944, 53.441556 ] } },
{ "type": "Feature", "properties": { "ID": 110310058, "yr": 2021, "dt": "2021-07-03T18:23:00", "WOJ": 32, "sev": 1, "c": [ 255, 255, 0, 160 ], "dmg": 2, "sli": 1, "ser": 0, "fat": 0, "row": -1, "mot": -1, "pie": -1, "uto": -1, "uwr": -1 }, "geometry": { "type": "Point", "coordinates": [ 14.522583, 53.4345 ] } },
{ "type": "Feature", "properties": { "ID": 110306884, "yr": 2021, "dt": "2021-07-02T12:05:10", "WOJ": 32, "sev": 1, "c": [ 255, 255, 0, 160 ], "dmg": 1, "sli": 1, "ser": 0, "fat": 0, "row": 1, "mot": 0, "pie": -1, "uto": -1, "uwr": -1 }, "geometry": { "type": "Point", "coordinates": [ 14.481778, 53.428111 ] } },
{ "type": "Feature", "properties": { "ID": 110320624, "yr": 2021, "dt": "2021-07-11T09:46:44", "WOJ": 32, "sev": 1, "c": [ 255, 255, 0, 160 ], "dmg": 1, "sli": 1, "ser": 0, "fat": 0, "row": -1, "mot": -1, "pie": -1, "uto": -1, "uwr": -1 }, "geometry": { "type": "Point", "coordinates": [ 15.740306, 54.192444 ] } },
{ "type": "Feature", "properties": { "ID": 110321382, "yr": 2021, "dt": "2021-07-10T13:50:00", "WOJ": 32, "sev": 1, "c": [ 255, 255, 0, 160 ], "dmg": 0, "sli": 1, "ser": 0, "fat": 0, "row": -1, "mot": -1, "pie": -1, "uto": -1, "uwr": -1 }, "geometry": { "type": "Point", "coordinates": [ 14.4975, 53.404722 ] } },
{ "type": "Feature", "properties": { "ID": 110319053, "yr": 2021, "dt": "2021-07-10T10:20:00", "WOJ": 32, "sev": 1, "c": [ 255, 255, 0, 160 ], "dmg": 1, "sli": 1, "ser": 0, "fat": 0, "row": 1, "mot": -1, "pie": -1, "uto": -1, "uwr": -1 }, "geometry": { "type": "Point", "coordinates": [ 14.546667, 53.419833 ] } },
{ "type": "Feature", "properties": { "ID": 110319209, "yr": 2021, "dt": "2021-07-10T15:46:05", "WOJ": 32, "sev": 1, "c": [ 255, 255, 0, 160 ], "dmg": 0, "sli": 1, "ser": 0, "fat": 0, "row": -1, "mot": -1, "pie": -1, "uto": -1, "uwr": -1 }, "geometry": { "type": "Point", "coordinates": [ 16.232806, 53.151583 ] } },
{ "type": "Feature", "properties": { "ID": 110318947, "yr": 2021, "dt": "2021-07-10T08:40:43", "WOJ": 32, "sev": 1, "c": [ 255, 255, 0, 160 ], "dmg": 1, "sli": 1, "ser": 0, "fat": 0, "row": -1, "mot": -1, "pie": 1, "uto": -1, "uwr": -1 }, "geometry": { "type": "Point", "coordinates": [ 16.12225, 53.086667 ] } },
{ "type": "Feature", "properties": { "ID": 110413286, "yr": 2021, "dt": "2021-08-18T16:59:01", "WOJ": 32, "sev": 1, "c": [ 255, 255, 0, 160 ], "dmg": 1, "sli": 1, "ser": 0, "fat": 0, "row": -1, "mot": 1, "pie": -1, "uto": -1, "uwr": -1 }, "geometry": { "type": "Point", "coordinates": [ 14.773944, 53.787667 ] } },
{ "type": "Feature", "properties": { "ID": 110410543, "yr": 2021, "dt": "2021-08-16T10:20:00", "WOJ": 32, "sev": 1, "c": [ 255, 255, 0, 160 ], "dmg": 2, "sli": 1, "ser": 0, "fat": 0, "row": -1, "mot": -1, "pie": -1, "uto": -1, "uwr": -1 }, "geometry": { "type": "Point", "coordinates": [ 14.573056, 53.329444 ] } },
{ "type": "Feature", "properties": { "ID": 110409998, "yr": 2021, "dt": "2021-08-16T10:10:00", "WOJ": 32, "sev": 1, "c": [ 255, 255, 0, 160 ], "dmg": 1, "sli": 1, "ser": 0, "fat": 0, "row": 1, "mot": -1, "pie": -1, "uto": -1, "uwr": -1 }, "geometry": { "type": "Point", "coordinates": [ 15.625417, 53.638306 ] } },
{ "type": "Feature", "properties": { "ID": 110410136, "yr": 2021, "dt": "2021-08-15T18:05:00", "WOJ": 32, "sev": 1, "c": [ 255, 255, 0, 160 ], "dmg": 1, "sli": 1, "ser": 0, "fat": 0, "row": 1, "mot": -1, "pie": -1, "uto": -1, "uwr": -1 }, "geometry": { "type": "Point", "coordinates": [ 14.403194, 52.965111 ] } },
{ "type": "Feature", "properties": { "ID": 110410175, "yr": 2021, "dt": "2021-08-15T10:06:00", "WOJ": 32, "sev": 1, "c": [ 255, 255, 0, 160 ], "dmg": 1, "sli": 1, "ser": 0, "fat": 0, "row": -1, "mot": -1, "pie": -1, "uto": -1, "uwr": -1 }, "geometry": { "type": "Point", "coordinates": [ 15.023333, 52.885806 ] } },
{ "type": "Feature", "properties": { "ID": 110404876, "yr": 2021, "dt": "2021-08-14T08:16:55", "WOJ": 32, "sev": 1, "c": [ 255, 255, 0, 160 ], "dmg": 2, "sli": 3, "ser": 0, "fat": 0, "row": -1, "mot": -1, "pie": -1, "uto": -1, "uwr": -1 }, "geometry": { "type": "Point", "coordinates": [ 14.575806, 53.321639 ] } },
{ "type": "Feature", "properties": { "ID": 110407859, "yr": 2021, "dt": "2021-08-14T11:17:50", "WOJ": 32, "sev": 1, "c": [ 255, 255, 0, 160 ], "dmg": 4, "sli": 1, "ser": 0, "fat": 0, "row": -1, "mot": -1, "pie": -1, "uto": -1, "uwr": -1 }, "geometry": { "type": "Point", "coordinates": [ 14.865722, 53.051889 ] } },
{ "type": "Feature", "properties": { "ID": 110404388, "yr": 2021, "dt": "2021-08-13T12:11:29", "WOJ": 32, "sev": 1, "c": [ 255, 255, 0, 160 ], "dmg": 1, "sli": 1, "ser": 0, "fat": 0, "row": -1, "mot": -1, "pie": 1, "uto": -1, "uwr": -1 }, "geometry": { "type": "Point", "coordinates": [ 15.547111, 53.21125 ] } },
{ "type": "Feature", "properties": { "ID": 110318741, "yr": 2021, "dt": "2021-07-09T22:05:00", "WOJ": 32, "sev": 1, "c": [ 255, 255, 0, 160 ], "dmg": 1, "sli": 1, "ser": 0, "fat": 0, "row": 1, "mot": -1, "pie": -1, "uto": -1, "uwr": -1 }, "geometry": { "type": "Point", "coordinates": [ 14.66125, 53.388278 ] } },
{ "type": "Feature", "properties": { "ID": 110316700, "yr": 2021, "dt": "2021-07-08T08:00:00", "WOJ": 32, "sev": 1, "c": [ 255, 255, 0, 160 ], "dmg": 1, "sli": 1, "ser": 0, "fat": 0, "row": 1, "mot": -1, "pie": -1, "uto": -1, "uwr": -1 }, "geometry": { "type": "Point", "coordinates": [ 14.565194, 53.4205 ] } },
{ "type": "Feature", "properties": { "ID": 110314930, "yr": 2021, "dt": "2021-07-07T14:54:35", "WOJ": 32, "sev": 1, "c": [ 255, 255, 0, 160 ], "dmg": 1, "sli": 1, "ser": 0, "fat": 0, "row": 1, "mot": -1, "pie": -1, "uto": -1, "uwr": -1 }, "geometry": { "type": "Point", "coordinates": [ 14.546528, 53.446528 ] } },
{ "type": "Feature", "properties": { "ID": 110330736, "yr": 2021, "dt": "2021-07-16T12:10:00", "WOJ": 32, "sev": 1, "c": [ 255, 255, 0, 160 ], "dmg": 2, "sli": 1, "ser": 0, "fat": 0, "row": -1, "mot": -1, "pie": -1, "uto": -1, "uwr": -1 }, "geometry": { "type": "Point", "coordinates": [ 14.533056, 53.439444 ] } },
{ "type": "Feature", "properties": { "ID": 110330794, "yr": 2021, "dt": "2021-07-16T18:45:00", "WOJ": 32, "sev": 1, "c": [ 255, 255, 0, 160 ], "dmg": 1, "sli": 1, "ser": 0, "fat": 0, "row": -1, "mot": -1, "pie": 1, "uto": -1, "uwr": -1 }, "geometry": { "type": "Point", "coordinates": [ 14.567917, 53.437111 ] } },
{ "type": "Feature", "properties": { "ID": 110326203, "yr": 2021, "dt": "2021-07-15T09:50:06", "WOJ": 32, "sev": 1, "c": [ 255, 255, 0, 160 ], "dmg": 1, "sli": 1, "ser": 0, "fat": 0, "row": -1, "mot": -1, "pie": -1, "uto": -1, "uwr": -1 }, "geometry": { "type": "Point", "coordinates": [ 14.882694, 52.930806 ] } },
{ "type": "Feature", "properties": { "ID": 110324972, "yr": 2021, "dt": "2021-07-14T20:15:00", "WOJ": 32, "sev": 1, "c": [ 255, 255, 0, 160 ], "dmg": 1, "sli": 1, "ser": 0, "fat": 0, "row": -1, "mot": -1, "pie": 1, "uto": -1, "uwr": -1 }, "geometry": { "type": "Point", "coordinates": [ 14.523889, 53.408611 ] } },
{ "type": "Feature", "properties": { "ID": 110324601, "yr": 2021, "dt": "2021-07-14T08:50:00", "WOJ": 32, "sev": 1, "c": [ 255, 255, 0, 160 ], "dmg": 2, "sli": 4, "ser": 0, "fat": 0, "row": -1, "mot": -1, "pie": -1, "uto": -1, "uwr": -1 }, "geometry": { "type": "Point", "coordinates": [ 16.67757, 54.26662 ] } },
{ "type": "Feature", "properties": { "ID": 110323306, "yr": 2021, "dt": "2021-07-13T15:40:00", "WOJ": 32, "sev": 1, "c": [ 255, 255, 0, 160 ], "dmg": 1, "sli": 1, "ser": 0, "fat": 0, "row": -1, "mot": -1, "pie": -1, "uto": -1, "uwr": -1 }, "geometry": { "type": "Point", "coordinates": [ 14.754194, 53.381278 ] } },
{ "type": "Feature", "properties": { "ID": 110410148, "yr": 2021, "dt": "2021-08-13T19:27:00", "WOJ": 32, "sev": 1, "c": [ 255, 255, 0, 160 ], "dmg": 1, "sli": 1, "ser": 0, "fat": 0, "row": -1, "mot": -1, "pie": -1, "uto": -1, "uwr": -1 }, "geometry": { "type": "Point", "coordinates": [ 14.643694, 52.943 ] } },
{ "type": "Feature", "properties": { "ID": 110404073, "yr": 2021, "dt": "2021-08-13T09:08:31", "WOJ": 32, "sev": 1, "c": [ 255, 255, 0, 160 ], "dmg": 1, "sli": 2, "ser": 0, "fat": 0, "row": -1, "mot": -1, "pie": -1, "uto": -1, "uwr": -1 }, "geometry": { "type": "Point", "coordinates": [ 15.410306, 53.166639 ] } },
{ "type": "Feature", "properties": { "ID": 110403040, "yr": 2021, "dt": "2021-08-12T21:00:00", "WOJ": 32, "sev": 1, "c": [ 255, 255, 0, 160 ], "dmg": 1, "sli": 1, "ser": 0, "fat": 0, "row": -1, "mot": -1, "pie": -1, "uto": -1, "uwr": -1 }, "geometry": { "type": "Point", "coordinates": [ 14.754167, 53.362222 ] } },
{ "type": "Feature", "properties": { "ID": 110411102, "yr": 2021, "dt": "2021-08-11T15:55:00", "WOJ": 32, "sev": 1, "c": [ 255, 255, 0, 160 ], "dmg": 1, "sli": 1, "ser": 0, "fat": 0, "row": -1, "mot": -1, "pie": -1, "uto": -1, "uwr": -1 }, "geometry": { "type": "Point", "coordinates": [ 15.453139, 53.9985 ] } },
{ "type": "Feature", "properties": { "ID": 110383768, "yr": 2021, "dt": "2021-08-11T07:00:28", "WOJ": 32, "sev": 1, "c": [ 255, 255, 0, 160 ], "dmg": 3, "sli": 1, "ser": 0, "fat": 0, "row": -1, "mot": -1, "pie": -1, "uto": -1, "uwr": -1 }, "geometry": { "type": "Point", "coordinates": [ 14.546194, 53.420083 ] } },
{ "type": "Feature", "properties": { "ID": 110378037, "yr": 2021, "dt": "2021-08-10T12:35:59", "WOJ": 32, "sev": 1, "c": [ 255, 255, 0, 160 ], "dmg": 0, "sli": 1, "ser": 0, "fat": 0, "row": 1, "mot": -1, "pie": -1, "uto": -1, "uwr": -1 }, "geometry": { "type": "Point", "coordinates": [ 15.029889, 53.343944 ] } },
{ "type": "Feature", "properties": { "ID": 110377428, "yr": 2021, "dt": "2021-08-10T18:47:07", "WOJ": 32, "sev": 1, "c": [ 255, 255, 0, 160 ], "dmg": 0, "sli": 1, "ser": 0, "fat": 0, "row": -1, "mot": -1, "pie": -1, "uto": -1, "uwr": -1 }, "geometry": { "type": "Point", "coordinates": [ 15.897556, 54.030167 ] } },
{ "type": "Feature", "properties": { "ID": 110323554, "yr": 2021, "dt": "2021-07-13T15:48:14", "WOJ": 32, "sev": 1, "c": [ 255, 255, 0, 160 ], "dmg": 0, "sli": 1, "ser": 0, "fat": 0, "row": -1, "mot": -1, "pie": -1, "uto": -1, "uwr": -1 }, "geometry": { "type": "Point", "coordinates": [ 15.573083, 53.047722 ] } },
{ "type": "Feature", "properties": { "ID": 110321465, "yr": 2021, "dt": "2021-07-11T03:35:00", "WOJ": 32, "sev": 1, "c": [ 255, 255, 0, 160 ], "dmg": 0, "sli": 1, "ser": 0, "fat": 0, "row": -1, "mot": -1, "pie": -1, "uto": -1, "uwr": -1 }, "geometry": { "type": "Point", "coordinates": [ 14.559722, 53.425 ] } },
{ "type": "Feature", "properties": { "ID": 110319993, "yr": 2021, "dt": "2021-07-11T17:14:00", "WOJ": 32, "sev": 1, "c": [ 255, 255, 0, 160 ], "dmg": 1, "sli": 1, "ser": 0, "fat": 0, "row": -1, "mot": 1, "pie": -1, "uto": -1, "uwr": -1 }, "geometry": { "type": "Point", "coordinates": [ 14.444917, 53.071639 ] } },
{ "type": "Feature", "properties": { "ID": 110337629, "yr": 2021, "dt": "2021-07-19T15:30:00", "WOJ": 32, "sev": 1, "c": [ 255, 255, 0, 160 ], "dmg": 0, "sli": 1, "ser": 0, "fat": 0, "row": -1, "mot": -1, "pie": -1, "uto": -1, "uwr": -1 }, "geometry": { "type": "Point", "coordinates": [ 16.344556, 53.236694 ] } },
{ "type": "Feature", "properties": { "ID": 110373201, "yr": 2021, "dt": "2021-08-09T08:45:00", "WOJ": 32, "sev": 1, "c": [ 255, 255, 0, 160 ], "dmg": 1, "sli": 1, "ser": 0, "fat": 0, "row": 1, "mot": -1, "pie": -1, "uto": -1, "uwr": -1 }, "geometry": { "type": "Point", "coordinates": [ 14.93975, 53.349861 ] } },
{ "type": "Feature", "properties": { "ID": 110367246, "yr": 2021, "dt": "2021-08-07T09:29:39", "WOJ": 32, "sev": 1, "c": [ 255, 255, 0, 160 ], "dmg": 1, "sli": 1, "ser": 0, "fat": 0, "row": -1, "mot": -1, "pie": 1, "uto": -1, "uwr": -1 }, "geometry": { "type": "Point", "coordinates": [ 15.412278, 53.168472 ] } },
{ "type": "Feature", "properties": { "ID": 110375171, "yr": 2021, "dt": "2021-08-07T18:20:00", "WOJ": 32, "sev": 1, "c": [ 255, 255, 0, 160 ], "dmg": 1, "sli": 1, "ser": 0, "fat": 0, "row": -1, "mot": -1, "pie": -1, "uto": -1, "uwr": -1 }, "geometry": { "type": "Point", "coordinates": [ 16.6545, 53.748694 ] } },
{ "type": "Feature", "properties": { "ID": 110369845, "yr": 2021, "dt": "2021-08-07T18:08:41", "WOJ": 32, "sev": 1, "c": [ 255, 255, 0, 160 ], "dmg": 2, "sli": 2, "ser": 0, "fat": 0, "row": -1, "mot": -1, "pie": -1, "uto": -1, "uwr": -1 }, "geometry": { "type": "Point", "coordinates": [ 16.451611, 53.263972 ] } },
{ "type": "Feature", "properties": { "ID": 110367310, "yr": 2021, "dt": "2021-08-07T10:20:05", "WOJ": 32, "sev": 1, "c": [ 255, 255, 0, 160 ], "dmg": 1, "sli": 1, "ser": 0, "fat": 0, "row": -1, "mot": -1, "pie": -1, "uto": -1, "uwr": -1 }, "geometry": { "type": "Point", "coordinates": [ 14.716333, 53.390861 ] } },
{ "type": "Feature", "properties": { "ID": 110367714, "yr": 2021, "dt": "2021-08-07T14:57:21", "WOJ": 32, "sev": 1, "c": [ 255, 255, 0, 160 ], "dmg": 1, "sli": 1, "ser": 0, "fat": 0, "row": -1, "mot": 1, "pie": -1, "uto": -1, "uwr": -1 }, "geometry": { "type": "Point", "coordinates": [ 14.547361, 53.419361 ] } },
{ "type": "Feature", "properties": { "ID": 110375064, "yr": 2021, "dt": "2021-08-06T19:50:00", "WOJ": 32, "sev": 1, "c": [ 255, 255, 0, 160 ], "dmg": 1, "sli": 1, "ser": 0, "fat": 0, "row": 1, "mot": -1, "pie": -1, "uto": -1, "uwr": -1 }, "geometry": { "type": "Point", "coordinates": [ 15.595861, 53.060556 ] } },
{ "type": "Feature", "properties": { "ID": 110363075, "yr": 2021, "dt": "2021-08-06T07:41:45", "WOJ": 32, "sev": 1, "c": [ 255, 255, 0, 160 ], "dmg": 1, "sli": 1, "ser": 0, "fat": 0, "row": -1, "mot": -1, "pie": -1, "uto": -1, "uwr": -1 }, "geometry": { "type": "Point", "coordinates": [ 15.609167, 54.15625 ] } },
{ "type": "Feature", "properties": { "ID": 110363730, "yr": 2021, "dt": "2021-08-06T15:44:25", "WOJ": 32, "sev": 1, "c": [ 255, 255, 0, 160 ], "dmg": 1, "sli": 1, "ser": 0, "fat": 0, "row": -1, "mot": -1, "pie": 1, "uto": -1, "uwr": -1 }, "geometry": { "type": "Point", "coordinates": [ 14.532361, 53.428361 ] } },
{ "type": "Feature", "properties": { "ID": 110363573, "yr": 2021, "dt": "2021-08-06T11:58:00", "WOJ": 32, "sev": 1, "c": [ 255, 255, 0, 160 ], "dmg": 1, "sli": 1, "ser": 0, "fat": 0, "row": -1, "mot": -1, "pie": -1, "uto": -1, "uwr": -1 }, "geometry": { "type": "Point", "coordinates": [ 14.563278, 53.45125 ] } },
{ "type": "Feature", "properties": { "ID": 110331824, "yr": 2021, "dt": "2021-07-18T19:45:06", "WOJ": 32, "sev": 1, "c": [ 255, 255, 0, 160 ], "dmg": 1, "sli": 1, "ser": 0, "fat": 0, "row": -1, "mot": -1, "pie": 1, "uto": -1, "uwr": -1 }, "geometry": { "type": "Point", "coordinates": [ 15.033861, 53.346 ] } },
{ "type": "Feature", "properties": { "ID": 110331881, "yr": 2021, "dt": "2021-07-18T17:20:00", "WOJ": 32, "sev": 1, "c": [ 255, 255, 0, 160 ], "dmg": 3, "sli": 2, "ser": 0, "fat": 0, "row": -1, "mot": -1, "pie": -1, "uto": -1, "uwr": -1 }, "geometry": { "type": "Point", "coordinates": [ 14.583556, 53.34275 ] } },
{ "type": "Feature", "properties": { "ID": 110336601, "yr": 2021, "dt": "2021-07-18T16:10:00", "WOJ": 32, "sev": 1, "c": [ 255, 255, 0, 160 ], "dmg": 1, "sli": 2, "ser": 0, "fat": 0, "row": -1, "mot": -1, "pie": -1, "uto": -1, "uwr": -1 }, "geometry": { "type": "Point", "coordinates": [ 15.837472, 53.565306 ] } },
{ "type": "Feature", "properties": { "ID": 110331880, "yr": 2021, "dt": "2021-07-18T13:27:21", "WOJ": 32, "sev": 1, "c": [ 255, 255, 0, 160 ], "dmg": 1, "sli": 1, "ser": 0, "fat": 0, "row": 1, "mot": -1, "pie": -1, "uto": -1, "uwr": -1 }, "geometry": { "type": "Point", "coordinates": [ 14.564861, 53.453278 ] } },
{ "type": "Feature", "properties": { "ID": 110329480, "yr": 2021, "dt": "2021-07-17T20:25:43", "WOJ": 32, "sev": 1, "c": [ 255, 255, 0, 160 ], "dmg": 1, "sli": 1, "ser": 0, "fat": 0, "row": -1, "mot": 1, "pie": -1, "uto": -1, "uwr": -1 }, "geometry": { "type": "Point", "coordinates": [ 14.50625, 53.406889 ] } },
{ "type": "Feature", "properties": { "ID": 110342974, "yr": 2021, "dt": "2021-07-24T15:14:00", "WOJ": 32, "sev": 1, "c": [ 255, 255, 0, 160 ], "dmg": 1, "sli": 1, "ser": 0, "fat": 0, "row": -1, "mot": 1, "pie": -1, "uto": -1, "uwr": -1 }, "geometry": { "type": "Point", "coordinates": [ 14.565278, 53.419444 ] } },
{ "type": "Feature", "properties": { "ID": 110341341, "yr": 2021, "dt": "2021-07-24T16:45:00", "WOJ": 32, "sev": 1, "c": [ 255, 255, 0, 160 ], "dmg": 2, "sli": 2, "ser": 0, "fat": 0, "row": -1, "mot": -1, "pie": -1, "uto": -1, "uwr": -1 }, "geometry": { "type": "Point", "coordinates": [ 14.560333, 53.435139 ] } },
{ "type": "Feature", "properties": { "ID": 110340844, "yr": 2021, "dt": "2021-07-23T16:10:48", "WOJ": 32, "sev": 1, "c": [ 255, 255, 0, 160 ], "dmg": 1, "sli": 1, "ser": 0, "fat": 0, "row": -1, "mot": -1, "pie": 1, "uto": -1, "uwr": -1 }, "geometry": { "type": "Point", "coordinates": [ 14.571917, 53.439278 ] } },
{ "type": "Feature", "properties": { "ID": 110343655, "yr": 2021, "dt": "2021-07-23T12:05:00", "WOJ": 32, "sev": 1, "c": [ 255, 255, 0, 160 ], "dmg": 1, "sli": 1, "ser": 0, "fat": 0, "row": 1, "mot": -1, "pie": -1, "uto": -1, "uwr": -1 }, "geometry": { "type": "Point", "coordinates": [ 16.693611, 53.690083 ] } },
{ "type": "Feature", "properties": { "ID": 110339435, "yr": 2021, "dt": "2021-07-22T21:05:00", "WOJ": 32, "sev": 1, "c": [ 255, 255, 0, 160 ], "dmg": 1, "sli": 1, "ser": 0, "fat": 0, "row": 1, "mot": -1, "pie": -1, "uto": -1, "uwr": -1 }, "geometry": { "type": "Point", "coordinates": [ 14.559444, 53.424444 ] } },
{ "type": "Feature", "properties": { "ID": 110339171, "yr": 2021, "dt": "2021-07-22T12:59:21", "WOJ": 32, "sev": 1, "c": [ 255, 255, 0, 160 ], "dmg": 1, "sli": 1, "ser": 0, "fat": 0, "row": 1, "mot": -1, "pie": -1, "uto": -1, "uwr": -1 }, "geometry": { "type": "Point", "coordinates": [ 14.440722, 53.475639 ] } },
{ "type": "Feature", "properties": { "ID": 110339998, "yr": 2021, "dt": "2021-07-22T21:10:20", "WOJ": 32, "sev": 1, "c": [ 255, 255, 0, 160 ], "dmg": 1, "sli": 1, "ser": 0, "fat": 0, "row": 1, "mot": -1, "pie": -1, "uto": -1, "uwr": -1 }, "geometry": { "type": "Point", "coordinates": [ 14.651139, 53.268222 ] } },
{ "type": "Feature", "properties": { "ID": 110339613, "yr": 2021, "dt": "2021-07-22T07:26:14", "WOJ": 32, "sev": 1, "c": [ 255, 255, 0, 160 ], "dmg": 0, "sli": 1, "ser": 0, "fat": 0, "row": -1, "mot": 1, "pie": -1, "uto": -1, "uwr": -1 }, "geometry": { "type": "Point", "coordinates": [ 15.565972, 54.162861 ] } },
{ "type": "Feature", "properties": { "ID": 110339968, "yr": 2021, "dt": "2021-07-22T19:57:04", "WOJ": 32, "sev": 1, "c": [ 255, 255, 0, 160 ], "dmg": 0, "sli": 2, "ser": 0, "fat": 0, "row": -1, "mot": -1, "pie": -1, "uto": -1, "uwr": -1 }, "geometry": { "type": "Point", "coordinates": [ 14.562222, 53.542389 ] } },
{ "type": "Feature", "properties": { "ID": 110337787, "yr": 2021, "dt": "2021-07-21T10:00:00", "WOJ": 32, "sev": 1, "c": [ 255, 255, 0, 160 ], "dmg": 0, "sli": 1, "ser": 0, "fat": 0, "row": -1, "mot": 1, "pie": -1, "uto": -1, "uwr": -1 }, "geometry": { "type": "Point", "coordinates": [ 14.542139, 53.467889 ] } },
{ "type": "Feature", "properties": { "ID": 110339564, "yr": 2021, "dt": "2021-07-21T19:45:00", "WOJ": 32, "sev": 1, "c": [ 255, 255, 0, 160 ], "dmg": 0, "sli": 1, "ser": 0, "fat": 0, "row": -1, "mot": -1, "pie": -1, "uto": -1, "uwr": -1 }, "geometry": { "type": "Point", "coordinates": [ 14.5375, 53.455 ] } },
{ "type": "Feature", "properties": { "ID": 110338597, "yr": 2021, "dt": "2021-07-21T20:43:22", "WOJ": 32, "sev": 1, "c": [ 255, 255, 0, 160 ], "dmg": 1, "sli": 1, "ser": 0, "fat": 0, "row": -1, "mot": 1, "pie": -1, "uto": -1, "uwr": -1 }, "geometry": { "type": "Point", "coordinates": [ 15.02325, 53.334556 ] } },
{ "type": "Feature", "properties": { "ID": 110337525, "yr": 2021, "dt": "2021-07-21T01:31:14", "WOJ": 32, "sev": 1, "c": [ 255, 255, 0, 160 ], "dmg": 0, "sli": 1, "ser": 0, "fat": 0, "row": -1, "mot": -1, "pie": -1, "uto": -1, "uwr": -1 }, "geometry": { "type": "Point", "coordinates": [ 14.46375, 53.356889 ] } },
{ "type": "Feature", "properties": { "ID": 110339541, "yr": 2021, "dt": "2021-07-21T11:50:00", "WOJ": 32, "sev": 1, "c": [ 255, 255, 0, 160 ], "dmg": 1, "sli": 1, "ser": 0, "fat": 0, "row": -1, "mot": -1, "pie": -1, "uto": -1, "uwr": -1 }, "geometry": { "type": "Point", "coordinates": [ 14.52, 53.455833 ] } },
{ "type": "Feature", "properties": { "ID": 110332669, "yr": 2021, "dt": "2021-07-19T15:40:00", "WOJ": 32, "sev": 1, "c": [ 255, 255, 0, 160 ], "dmg": 1, "sli": 1, "ser": 0, "fat": 0, "row": 1, "mot": -1, "pie": -1, "uto": -1, "uwr": -1 }, "geometry": { "type": "Point", "coordinates": [ 14.524472, 53.421139 ] } },
{ "type": "Feature", "properties": { "ID": 110333104, "yr": 2021, "dt": "2021-07-19T19:06:15", "WOJ": 32, "sev": 1, "c": [ 255, 255, 0, 160 ], "dmg": 1, "sli": 1, "ser": 0, "fat": 0, "row": -1, "mot": -1, "pie": -1, "uto": -1, "uwr": -1 }, "geometry": { "type": "Point", "coordinates": [ 14.515389, 53.420639 ] } },
{ "type": "Feature", "properties": { "ID": 110344946, "yr": 2021, "dt": "2021-07-27T05:40:00", "WOJ": 32, "sev": 1, "c": [ 255, 255, 0, 160 ], "dmg": 0, "sli": 3, "ser": 0, "fat": 0, "row": -1, "mot": -1, "pie": -1, "uto": -1, "uwr": -1 }, "geometry": { "type": "Point", "coordinates": [ 14.625778, 53.260722 ] } },
{ "type": "Feature", "properties": { "ID": 110349072, "yr": 2021, "dt": "2021-07-27T19:00:00", "WOJ": 32, "sev": 1, "c": [ 255, 255, 0, 160 ], "dmg": 1, "sli": 1, "ser": 0, "fat": 0, "row": -1, "mot": -1, "pie": -1, "uto": -1, "uwr": -1 }, "geometry": { "type": "Point", "coordinates": [ 14.449972, 53.468889 ] } },
{ "type": "Feature", "properties": { "ID": 110345423, "yr": 2021, "dt": "2021-07-25T08:45:00", "WOJ": 32, "sev": 1, "c": [ 255, 255, 0, 160 ], "dmg": 1, "sli": 1, "ser": 0, "fat": 0, "row": -1, "mot": -1, "pie": -1, "uto": -1, "uwr": -1 }, "geometry": { "type": "Point", "coordinates": [ 15.475306, 53.768583 ] } },
{ "type": "Feature", "properties": { "ID": 110345192, "yr": 2021, "dt": "2021-07-25T11:40:00", "WOJ": 32, "sev": 1, "c": [ 255, 255, 0, 160 ], "dmg": 3, "sli": 1, "ser": 0, "fat": 0, "row": -1, "mot": -1, "pie": -1, "uto": -1, "uwr": -1 }, "geometry": { "type": "Point", "coordinates": [ 14.581361, 53.30875 ] } },
{ "type": "Feature", "properties": { "ID": 110342121, "yr": 2021, "dt": "2021-07-25T06:30:00", "WOJ": 32, "sev": 1, "c": [ 255, 255, 0, 160 ], "dmg": 1, "sli": 1, "ser": 0, "fat": 0, "row": -1, "mot": -1, "pie": -1, "uto": -1, "uwr": -1 }, "geometry": { "type": "Point", "coordinates": [ 14.692583, 53.404444 ] } },
{ "type": "Feature", "properties": { "ID": 110342326, "yr": 2021, "dt": "2021-07-25T17:40:39", "WOJ": 32, "sev": 1, "c": [ 255, 255, 0, 160 ], "dmg": 1, "sli": 1, "ser": 0, "fat": 0, "row": -1, "mot": -1, "pie": -1, "uto": -1, "uwr": -1 }, "geometry": { "type": "Point", "coordinates": [ 14.763778, 53.421917 ] } },
{ "type": "Feature", "properties": { "ID": 110458278, "yr": 2021, "dt": "2021-08-06T23:15:00", "WOJ": 32, "sev": 1, "c": [ 255, 255, 0, 160 ], "dmg": 1, "sli": 1, "ser": 0, "fat": 0, "row": -1, "mot": -1, "pie": -1, "uto": -1, "uwr": -1 }, "geometry": { "type": "Point", "coordinates": [ 16.300833, 53.513806 ] } },
{ "type": "Feature", "properties": { "ID": 110365916, "yr": 2021, "dt": "2021-08-06T17:27:50", "WOJ": 32, "sev": 1, "c": [ 255, 255, 0, 160 ], "dmg": 1, "sli": 1, "ser": 0, "fat": 0, "row": -1, "mot": -1, "pie": -1, "uto": -1, "uwr": -1 }, "geometry": { "type": "Point", "coordinates": [ 14.334917, 53.897139 ] } },
{ "type": "Feature", "properties": { "ID": 110362405, "yr": 2021, "dt": "2021-08-05T15:30:49", "WOJ": 32, "sev": 1, "c": [ 255, 255, 0, 160 ], "dmg": 0, "sli": 1, "ser": 0, "fat": 0, "row": 1, "mot": -1, "pie": -1, "uto": -1, "uwr": -1 }, "geometry": { "type": "Point", "coordinates": [ 14.356583, 53.895667 ] } },
{ "type": "Feature", "properties": { "ID": 110360561, "yr": 2021, "dt": "2021-08-04T08:53:00", "WOJ": 32, "sev": 1, "c": [ 255, 255, 0, 160 ], "dmg": 0, "sli": 1, "ser": 0, "fat": 0, "row": -1, "mot": -1, "pie": -1, "uto": -1, "uwr": -1 }, "geometry": { "type": "Point", "coordinates": [ 14.565639, 53.008361 ] } },
{ "type": "Feature", "properties": { "ID": 110363407, "yr": 2021, "dt": "2021-08-04T20:00:00", "WOJ": 32, "sev": 1, "c": [ 255, 255, 0, 160 ], "dmg": 1, "sli": 1, "ser": 0, "fat": 0, "row": -1, "mot": -1, "pie": 1, "uto": -1, "uwr": -1 }, "geometry": { "type": "Point", "coordinates": [ 16.665889, 53.704889 ] } },
{ "type": "Feature", "properties": { "ID": 110358374, "yr": 2021, "dt": "2021-08-03T20:20:00", "WOJ": 32, "sev": 1, "c": [ 255, 255, 0, 160 ], "dmg": 1, "sli": 1, "ser": 0, "fat": 0, "row": 1, "mot": -1, "pie": -1, "uto": -1, "uwr": -1 }, "geometry": { "type": "Point", "coordinates": [ 14.497556, 53.39225 ] } },
{ "type": "Feature", "properties": { "ID": 110358281, "yr": 2021, "dt": "2021-08-03T15:00:00", "WOJ": 32, "sev": 1, "c": [ 255, 255, 0, 160 ], "dmg": 1, "sli": 1, "ser": 0, "fat": 0, "row": 1, "mot": -1, "pie": -1, "uto": -1, "uwr": -1 }, "geometry": { "type": "Point", "coordinates": [ 14.511, 53.461361 ] } },
{ "type": "Feature", "properties": { "ID": 110353479, "yr": 2021, "dt": "2021-08-02T07:15:00", "WOJ": 32, "sev": 1, "c": [ 255, 255, 0, 160 ], "dmg": 1, "sli": 1, "ser": 0, "fat": 0, "row": 1, "mot": -1, "pie": -1, "uto": -1, "uwr": -1 }, "geometry": { "type": "Point", "coordinates": [ 14.578167, 53.411861 ] } },
{ "type": "Feature", "properties": { "ID": 110355649, "yr": 2021, "dt": "2021-08-01T15:40:00", "WOJ": 32, "sev": 1, "c": [ 255, 255, 0, 160 ], "dmg": 0, "sli": 1, "ser": 0, "fat": 0, "row": -1, "mot": -1, "pie": -1, "uto": -1, "uwr": -1 }, "geometry": { "type": "Point", "coordinates": [ 15.017556, 53.756444 ] } },
{ "type": "Feature", "properties": { "ID": 110341339, "yr": 2021, "dt": "2021-07-24T12:45:29", "WOJ": 32, "sev": 1, "c": [ 255, 255, 0, 160 ], "dmg": 1, "sli": 1, "ser": 0, "fat": 0, "row": -1, "mot": 1, "pie": -1, "uto": -1, "uwr": -1 }, "geometry": { "type": "Point", "coordinates": [ 14.591889, 53.364167 ] } },
{ "type": "Feature", "properties": { "ID": 116754860, "yr": 2021, "dt": "2021-12-30T20:30:00", "WOJ": 32, "sev": 1, "c": [ 255, 255, 0, 160 ], "dmg": 1, "sli": 1, "ser": 0, "fat": 0, "row": -1, "mot": -1, "pie": 1, "uto": -1, "uwr": -1 }, "geometry": { "type": "Point", "coordinates": [ 14.557778, 53.466111 ] } },
{ "type": "Feature", "properties": { "ID": 110357829, "yr": 2021, "dt": "2021-08-01T15:55:00", "WOJ": 32, "sev": 1, "c": [ 255, 255, 0, 160 ], "dmg": 0, "sli": 1, "ser": 0, "fat": 0, "row": -1, "mot": 1, "pie": -1, "uto": -1, "uwr": -1 }, "geometry": { "type": "Point", "coordinates": [ 14.3175, 53.694139 ] } },
{ "type": "Feature", "properties": { "ID": 110352663, "yr": 2021, "dt": "2021-07-31T20:35:00", "WOJ": 32, "sev": 1, "c": [ 255, 255, 0, 160 ], "dmg": 2, "sli": 1, "ser": 0, "fat": 0, "row": -1, "mot": -1, "pie": -1, "uto": -1, "uwr": -1 }, "geometry": { "type": "Point", "coordinates": [ 14.537194, 53.427111 ] } },
{ "type": "Feature", "properties": { "ID": 110352626, "yr": 2021, "dt": "2021-07-31T19:33:54", "WOJ": 32, "sev": 1, "c": [ 255, 255, 0, 160 ], "dmg": 1, "sli": 1, "ser": 0, "fat": 0, "row": -1, "mot": -1, "pie": 1, "uto": -1, "uwr": -1 }, "geometry": { "type": "Point", "coordinates": [ 14.564694, 53.439583 ] } },
{ "type": "Feature", "properties": { "ID": 110352624, "yr": 2021, "dt": "2021-07-31T17:09:00", "WOJ": 32, "sev": 1, "c": [ 255, 255, 0, 160 ], "dmg": 1, "sli": 1, "ser": 0, "fat": 0, "row": 1, "mot": -1, "pie": -1, "uto": -1, "uwr": -1 }, "geometry": { "type": "Point", "coordinates": [ 14.564361, 53.469972 ] } },
{ "type": "Feature", "properties": { "ID": 110349048, "yr": 2021, "dt": "2021-07-30T09:53:29", "WOJ": 32, "sev": 1, "c": [ 255, 255, 0, 160 ], "dmg": 1, "sli": 1, "ser": 0, "fat": 0, "row": -1, "mot": -1, "pie": 1, "uto": -1, "uwr": -1 }, "geometry": { "type": "Point", "coordinates": [ 16.538972, 54.541389 ] } },
{ "type": "Feature", "properties": { "ID": 110356495, "yr": 2021, "dt": "2021-07-30T16:30:00", "WOJ": 32, "sev": 1, "c": [ 255, 255, 0, 160 ], "dmg": 1, "sli": 2, "ser": 0, "fat": 0, "row": -1, "mot": -1, "pie": -1, "uto": -1, "uwr": -1 }, "geometry": { "type": "Point", "coordinates": [ 14.569444, 53.339444 ] } },
{ "type": "Feature", "properties": { "ID": 110350428, "yr": 2021, "dt": "2021-07-30T12:00:50", "WOJ": 32, "sev": 1, "c": [ 255, 255, 0, 160 ], "dmg": 1, "sli": 1, "ser": 0, "fat": 0, "row": -1, "mot": -1, "pie": -1, "uto": -1, "uwr": -1 }, "geometry": { "type": "Point", "coordinates": [ 14.576806, 53.341139 ] } },
{ "type": "Feature", "properties": { "ID": 110349155, "yr": 2021, "dt": "2021-07-30T15:58:38", "WOJ": 32, "sev": 1, "c": [ 255, 255, 0, 160 ], "dmg": 1, "sli": 1, "ser": 0, "fat": 0, "row": 0, "mot": -1, "pie": 1, "uto": -1, "uwr": -1 }, "geometry": { "type": "Point", "coordinates": [ 14.864722, 52.925889 ] } },
{ "type": "Feature", "properties": { "ID": 110348957, "yr": 2021, "dt": "2021-07-30T09:40:00", "WOJ": 32, "sev": 1, "c": [ 255, 255, 0, 160 ], "dmg": 1, "sli": 1, "ser": 0, "fat": 0, "row": -1, "mot": -1, "pie": 1, "uto": -1, "uwr": -1 }, "geometry": { "type": "Point", "coordinates": [ 14.550028, 53.430306 ] } },
{ "type": "Feature", "properties": { "ID": 110356457, "yr": 2021, "dt": "2021-07-30T18:15:00", "WOJ": 32, "sev": 1, "c": [ 255, 255, 0, 160 ], "dmg": 1, "sli": 1, "ser": 0, "fat": 0, "row": 1, "mot": -1, "pie": -1, "uto": -1, "uwr": -1 }, "geometry": { "type": "Point", "coordinates": [ 15.429, 54.162611 ] } },
{ "type": "Feature", "properties": { "ID": 110350969, "yr": 2021, "dt": "2021-07-30T21:11:54", "WOJ": 32, "sev": 1, "c": [ 255, 255, 0, 160 ], "dmg": 1, "sli": 1, "ser": 0, "fat": 0, "row": -1, "mot": -1, "pie": 1, "uto": -1, "uwr": -1 }, "geometry": { "type": "Point", "coordinates": [ 15.990639, 54.011167 ] } },
{ "type": "Feature", "properties": { "ID": 110354678, "yr": 2021, "dt": "2021-07-28T11:30:00", "WOJ": 32, "sev": 1, "c": [ 255, 255, 0, 160 ], "dmg": 1, "sli": 1, "ser": 0, "fat": 0, "row": -1, "mot": -1, "pie": 1, "uto": -1, "uwr": -1 }, "geometry": { "type": "Point", "coordinates": [ 14.267417, 53.905583 ] } },
{ "type": "Feature", "properties": { "ID": 110346278, "yr": 2021, "dt": "2021-07-28T19:21:47", "WOJ": 32, "sev": 1, "c": [ 255, 255, 0, 160 ], "dmg": 1, "sli": 1, "ser": 0, "fat": 0, "row": -1, "mot": -1, "pie": -1, "uto": -1, "uwr": -1 }, "geometry": { "type": "Point", "coordinates": [ 14.5525, 53.438556 ] } },
{ "type": "Feature", "properties": { "ID": 110346295, "yr": 2021, "dt": "2021-07-28T15:22:00", "WOJ": 32, "sev": 1, "c": [ 255, 255, 0, 160 ], "dmg": 1, "sli": 1, "ser": 0, "fat": 0, "row": -1, "mot": -1, "pie": -1, "uto": -1, "uwr": -1 }, "geometry": { "type": "Point", "coordinates": [ 14.535778, 53.427333 ] } },
{ "type": "Feature", "properties": { "ID": 110346039, "yr": 2021, "dt": "2021-07-28T11:31:29", "WOJ": 32, "sev": 1, "c": [ 255, 255, 0, 160 ], "dmg": 1, "sli": 1, "ser": 0, "fat": 0, "row": -1, "mot": -1, "pie": -1, "uto": -1, "uwr": -1 }, "geometry": { "type": "Point", "coordinates": [ 14.477861, 53.213389 ] } },
{ "type": "Feature", "properties": { "ID": 109846143, "yr": 2021, "dt": "2021-01-28T05:00:33", "WOJ": 32, "sev": 1, "c": [ 255, 255, 0, 160 ], "dmg": 2, "sli": 1, "ser": 0, "fat": 0, "row": -1, "mot": -1, "pie": -1, "uto": -1, "uwr": -1 }, "geometry": { "type": "Point", "coordinates": [ 16.188778, 54.197028 ] } },
{ "type": "Feature", "properties": { "ID": 109830613, "yr": 2021, "dt": "2021-01-23T18:15:13", "WOJ": 32, "sev": 1, "c": [ 255, 255, 0, 160 ], "dmg": 0, "sli": 1, "ser": 0, "fat": 0, "row": -1, "mot": -1, "pie": -1, "uto": -1, "uwr": -1 }, "geometry": { "type": "Point", "coordinates": [ 16.663889, 53.790833 ] } },
{ "type": "Feature", "properties": { "ID": 109829659, "yr": 2021, "dt": "2021-01-22T08:56:59", "WOJ": 32, "sev": 1, "c": [ 255, 255, 0, 160 ], "dmg": 1, "sli": 1, "ser": 0, "fat": 0, "row": 1, "mot": -1, "pie": -1, "uto": -1, "uwr": -1 }, "geometry": { "type": "Point", "coordinates": [ 14.229361, 53.901389 ] } },
{ "type": "Feature", "properties": { "ID": 109829522, "yr": 2021, "dt": "2021-01-22T14:36:23", "WOJ": 32, "sev": 1, "c": [ 255, 255, 0, 160 ], "dmg": 0, "sli": 1, "ser": 0, "fat": 0, "row": -1, "mot": -1, "pie": -1, "uto": -1, "uwr": -1 }, "geometry": { "type": "Point", "coordinates": [ 14.532556, 53.432556 ] } },
{ "type": "Feature", "properties": { "ID": 116738761, "yr": 2021, "dt": "2021-12-23T11:14:56", "WOJ": 32, "sev": 1, "c": [ 255, 255, 0, 160 ], "dmg": 1, "sli": 1, "ser": 0, "fat": 0, "row": -1, "mot": -1, "pie": 1, "uto": -1, "uwr": -1 }, "geometry": { "type": "Point", "coordinates": [ 15.304139, 53.043472 ] } },
{ "type": "Feature", "properties": { "ID": 116733087, "yr": 2021, "dt": "2021-12-20T08:44:03", "WOJ": 32, "sev": 1, "c": [ 255, 255, 0, 160 ], "dmg": 1, "sli": 1, "ser": 0, "fat": 0, "row": -1, "mot": -1, "pie": -1, "uto": -1, "uwr": -1 }, "geometry": { "type": "Point", "coordinates": [ 14.640583, 53.232694 ] } },
{ "type": "Feature", "properties": { "ID": 116731771, "yr": 2021, "dt": "2021-12-20T20:44:47", "WOJ": 32, "sev": 1, "c": [ 255, 255, 0, 160 ], "dmg": 1, "sli": 1, "ser": 0, "fat": 0, "row": -1, "mot": -1, "pie": -1, "uto": -1, "uwr": -1 }, "geometry": { "type": "Point", "coordinates": [ 16.4015, 53.956167 ] } },
{ "type": "Feature", "properties": { "ID": 116733119, "yr": 2021, "dt": "2021-12-20T11:28:50", "WOJ": 32, "sev": 1, "c": [ 255, 255, 0, 160 ], "dmg": 1, "sli": 1, "ser": 0, "fat": 0, "row": -1, "mot": -1, "pie": 1, "uto": -1, "uwr": -1 }, "geometry": { "type": "Point", "coordinates": [ 16.183528, 54.182083 ] } },
{ "type": "Feature", "properties": { "ID": 116730986, "yr": 2021, "dt": "2021-12-20T06:01:44", "WOJ": 32, "sev": 1, "c": [ 255, 255, 0, 160 ], "dmg": 0, "sli": 1, "ser": 0, "fat": 0, "row": -1, "mot": -1, "pie": -1, "uto": -1, "uwr": -1 }, "geometry": { "type": "Point", "coordinates": [ 15.18225, 53.7125 ] } },
{ "type": "Feature", "properties": { "ID": 116731136, "yr": 2021, "dt": "2021-12-20T08:43:12", "WOJ": 32, "sev": 1, "c": [ 255, 255, 0, 160 ], "dmg": 0, "sli": 1, "ser": 0, "fat": 0, "row": -1, "mot": -1, "pie": -1, "uto": -1, "uwr": -1 }, "geometry": { "type": "Point", "coordinates": [ 16.675944, 54.290528 ] } },
{ "type": "Feature", "properties": { "ID": 116723423, "yr": 2021, "dt": "2021-12-19T13:23:07", "WOJ": 32, "sev": 1, "c": [ 255, 255, 0, 160 ], "dmg": 0, "sli": 2, "ser": 0, "fat": 0, "row": -1, "mot": -1, "pie": -1, "uto": -1, "uwr": -1 }, "geometry": { "type": "Point", "coordinates": [ 16.258806, 53.167389 ] } },
{ "type": "Feature", "properties": { "ID": 116730851, "yr": 2021, "dt": "2021-12-19T21:28:00", "WOJ": 32, "sev": 1, "c": [ 255, 255, 0, 160 ], "dmg": 1, "sli": 1, "ser": 0, "fat": 0, "row": -1, "mot": -1, "pie": -1, "uto": -1, "uwr": -1 }, "geometry": { "type": "Point", "coordinates": [ 14.537083, 53.427361 ] } },
{ "type": "Feature", "properties": { "ID": 116723003, "yr": 2021, "dt": "2021-12-18T17:24:48", "WOJ": 32, "sev": 1, "c": [ 255, 255, 0, 160 ], "dmg": 1, "sli": 1, "ser": 0, "fat": 0, "row": -1, "mot": -1, "pie": -1, "uto": -1, "uwr": -1 }, "geometry": { "type": "Point", "coordinates": [ 15.411694, 53.168444 ] } },
{ "type": "Feature", "properties": { "ID": 116717227, "yr": 2021, "dt": "2021-12-17T06:58:48", "WOJ": 32, "sev": 1, "c": [ 255, 255, 0, 160 ], "dmg": 0, "sli": 2, "ser": 0, "fat": 0, "row": -1, "mot": -1, "pie": 1, "uto": -1, "uwr": -1 }, "geometry": { "type": "Point", "coordinates": [ 14.477889, 53.381194 ] } },
{ "type": "Feature", "properties": { "ID": 116717311, "yr": 2021, "dt": "2021-12-16T13:10:00", "WOJ": 32, "sev": 1, "c": [ 255, 255, 0, 160 ], "dmg": 2, "sli": 1, "ser": 0, "fat": 0, "row": -1, "mot": -1, "pie": -1, "uto": -1, "uwr": -1 }, "geometry": { "type": "Point", "coordinates": [ 15.443111, 53.272444 ] } },
{ "type": "Feature", "properties": { "ID": 109828561, "yr": 2021, "dt": "2021-01-21T19:37:05", "WOJ": 32, "sev": 1, "c": [ 255, 255, 0, 160 ], "dmg": 1, "sli": 1, "ser": 0, "fat": 0, "row": -1, "mot": -1, "pie": 1, "uto": -1, "uwr": -1 }, "geometry": { "type": "Point", "coordinates": [ 14.514917, 53.421361 ] } },
{ "type": "Feature", "properties": { "ID": 116757799, "yr": 2021, "dt": "2021-12-31T07:00:00", "WOJ": 32, "sev": 1, "c": [ 255, 255, 0, 160 ], "dmg": 3, "sli": 1, "ser": 0, "fat": 0, "row": -1, "mot": -1, "pie": -1, "uto": -1, "uwr": -1 }, "geometry": { "type": "Point", "coordinates": [ 14.563889, 53.451667 ] } },
{ "type": "Feature", "properties": { "ID": 116742477, "yr": 2021, "dt": "2021-12-24T21:40:00", "WOJ": 32, "sev": 2, "c": [ 255, 165, 0, 160 ], "dmg": 1, "sli": 0, "ser": 2, "fat": 0, "row": -1, "mot": -1, "pie": -1, "uto": -1, "uwr": -1 }, "geometry": { "type": "Point", "coordinates": [ 14.832778, 53.429444 ] } },
{ "type": "Feature", "properties": { "ID": 116743219, "yr": 2021, "dt": "2021-12-24T12:37:36", "WOJ": 32, "sev": 2, "c": [ 255, 165, 0, 160 ], "dmg": 0, "sli": 0, "ser": 3, "fat": 0, "row": -1, "mot": -1, "pie": -1, "uto": -1, "uwr": -1 }, "geometry": { "type": "Point", "coordinates": [ 15.643583, 53.085583 ] } },
{ "type": "Feature", "properties": { "ID": 109790521, "yr": 2021, "dt": "2021-01-13T18:43:25", "WOJ": 32, "sev": 2, "c": [ 255, 165, 0, 160 ], "dmg": 1, "sli": 0, "ser": 1, "fat": 0, "row": -1, "mot": -1, "pie": 2, "uto": -1, "uwr": -1 }, "geometry": { "type": "Point", "coordinates": [ 16.193667, 54.190333 ] } },
{ "type": "Feature", "properties": { "ID": 109787400, "yr": 2021, "dt": "2021-01-13T06:51:40", "WOJ": 32, "sev": 2, "c": [ 255, 165, 0, 160 ], "dmg": 1, "sli": 0, "ser": 1, "fat": 0, "row": -1, "mot": -1, "pie": -1, "uto": -1, "uwr": -1 }, "geometry": { "type": "Point", "coordinates": [ 14.309528, 52.872583 ] } },
{ "type": "Feature", "properties": { "ID": 109830465, "yr": 2021, "dt": "2021-01-23T15:07:13", "WOJ": 32, "sev": 2, "c": [ 255, 165, 0, 160 ], "dmg": 2, "sli": 0, "ser": 1, "fat": 0, "row": -1, "mot": -1, "pie": -1, "uto": -1, "uwr": -1 }, "geometry": { "type": "Point", "coordinates": [ 15.558778, 54.182361 ] } },
{ "type": "Feature", "properties": { "ID": 109830067, "yr": 2021, "dt": "2021-01-23T12:03:17", "WOJ": 32, "sev": 2, "c": [ 255, 165, 0, 160 ], "dmg": 1, "sli": 0, "ser": 1, "fat": 0, "row": -1, "mot": -1, "pie": -1, "uto": -1, "uwr": -1 }, "geometry": { "type": "Point", "coordinates": [ 14.544361, 53.424417 ] } },
{ "type": "Feature", "properties": { "ID": 109829308, "yr": 2021, "dt": "2021-01-22T10:34:14", "WOJ": 32, "sev": 2, "c": [ 255, 165, 0, 160 ], "dmg": 0, "sli": 0, "ser": 1, "fat": 0, "row": -1, "mot": -1, "pie": -1, "uto": -1, "uwr": -1 }, "geometry": { "type": "Point", "coordinates": [ 15.533639, 54.027222 ] } },
{ "type": "Feature", "properties": { "ID": 116717650, "yr": 2021, "dt": "2021-12-17T13:12:14", "WOJ": 32, "sev": 2, "c": [ 255, 165, 0, 160 ], "dmg": 1, "sli": 0, "ser": 1, "fat": 0, "row": -1, "mot": -1, "pie": 2, "uto": -1, "uwr": -1 }, "geometry": { "type": "Point", "coordinates": [ 16.149028, 54.198806 ] } },
{ "type": "Feature", "properties": { "ID": 109828494, "yr": 2021, "dt": "2021-01-21T14:20:22", "WOJ": 32, "sev": 2, "c": [ 255, 165, 0, 160 ], "dmg": 1, "sli": 0, "ser": 1, "fat": 0, "row": 2, "mot": -1, "pie": -1, "uto": -1, "uwr": -1 }, "geometry": { "type": "Point", "coordinates": [ 14.523889, 53.420889 ] } },
{ "type": "Feature", "properties": { "ID": 110349003, "yr": 2021, "dt": "2021-07-29T14:40:00", "WOJ": 32, "sev": 2, "c": [ 255, 165, 0, 160 ], "dmg": 1, "sli": 0, "ser": 1, "fat": 0, "row": -1, "mot": -1, "pie": -1, "uto": -1, "uwr": -1 }, "geometry": { "type": "Point", "coordinates": [ 16.024806, 54.06475 ] } },
{ "type": "Feature", "properties": { "ID": 110347465, "yr": 2021, "dt": "2021-07-27T17:25:00", "WOJ": 32, "sev": 2, "c": [ 255, 165, 0, 160 ], "dmg": 1, "sli": 0, "ser": 1, "fat": 0, "row": -1, "mot": 2, "pie": -1, "uto": -1, "uwr": -1 }, "geometry": { "type": "Point", "coordinates": [ 15.618472, 54.126194 ] } },
{ "type": "Feature", "properties": { "ID": 110346424, "yr": 2021, "dt": "2021-07-27T19:00:00", "WOJ": 32, "sev": 2, "c": [ 255, 165, 0, 160 ], "dmg": 0, "sli": 0, "ser": 3, "fat": 0, "row": -1, "mot": 2, "pie": -1, "uto": -1, "uwr": -1 }, "geometry": { "type": "Point", "coordinates": [ 16.552778, 53.718361 ] } },
{ "type": "Feature", "properties": { "ID": 110346667, "yr": 2021, "dt": "2021-07-27T13:06:09", "WOJ": 32, "sev": 2, "c": [ 255, 165, 0, 160 ], "dmg": 0, "sli": 0, "ser": 1, "fat": 0, "row": -1, "mot": -1, "pie": -1, "uto": -1, "uwr": -1 }, "geometry": { "type": "Point", "coordinates": [ 14.531, 53.598889 ] } },
{ "type": "Feature", "properties": { "ID": 110343493, "yr": 2021, "dt": "2021-07-26T07:25:44", "WOJ": 32, "sev": 2, "c": [ 255, 165, 0, 160 ], "dmg": 1, "sli": 0, "ser": 1, "fat": 0, "row": -1, "mot": -1, "pie": 2, "uto": -1, "uwr": -1 }, "geometry": { "type": "Point", "coordinates": [ 14.530667, 53.437278 ] } },
{ "type": "Feature", "properties": { "ID": 109977562, "yr": 2021, "dt": "2021-03-09T17:52:10", "WOJ": 32, "sev": 2, "c": [ 255, 165, 0, 160 ], "dmg": 2, "sli": 0, "ser": 1, "fat": 0, "row": -1, "mot": -1, "pie": -1, "uto": -1, "uwr": -1 }, "geometry": { "type": "Point", "coordinates": [ 14.511972, 53.433111 ] } },
{ "type": "Feature", "properties": { "ID": 109975743, "yr": 2021, "dt": "2021-03-07T01:44:31", "WOJ": 32, "sev": 2, "c": [ 255, 165, 0, 160 ], "dmg": 1, "sli": 0, "ser": 3, "fat": 0, "row": -1, "mot": -1, "pie": -1, "uto": -1, "uwr": -1 }, "geometry": { "type": "Point", "coordinates": [ 16.18425, 54.170528 ] } },
{ "type": "Feature", "properties": { "ID": 109795307, "yr": 2021, "dt": "2021-01-15T10:11:00", "WOJ": 32, "sev": 2, "c": [ 255, 165, 0, 160 ], "dmg": 1, "sli": 0, "ser": 1, "fat": 0, "row": -1, "mot": -1, "pie": -1, "uto": -1, "uwr": -1 }, "geometry": { "type": "Point", "coordinates": [ 15.954167, 53.291639 ] } },
{ "type": "Feature", "properties": { "ID": 109846117, "yr": 2021, "dt": "2021-01-28T09:52:00", "WOJ": 32, "sev": 2, "c": [ 255, 165, 0, 160 ], "dmg": 1, "sli": 0, "ser": 1, "fat": 0, "row": -1, "mot": -1, "pie": -1, "uto": -1, "uwr": -1 }, "geometry": { "type": "Point", "coordinates": [ 15.706722, 53.287667 ] } },
{ "type": "Feature", "properties": { "ID": 109838217, "yr": 2021, "dt": "2021-01-26T06:57:00", "WOJ": 32, "sev": 2, "c": [ 255, 165, 0, 160 ], "dmg": 1, "sli": 0, "ser": 1, "fat": 0, "row": -1, "mot": -1, "pie": 2, "uto": -1, "uwr": -1 }, "geometry": { "type": "Point", "coordinates": [ 14.833611, 53.556917 ] } },
{ "type": "Feature", "properties": { "ID": 109835340, "yr": 2021, "dt": "2021-01-26T05:51:17", "WOJ": 32, "sev": 2, "c": [ 255, 165, 0, 160 ], "dmg": 1, "sli": 0, "ser": 1, "fat": 0, "row": -1, "mot": -1, "pie": 2, "uto": -1, "uwr": -1 }, "geometry": { "type": "Point", "coordinates": [ 14.709806, 52.733306 ] } },
{ "type": "Feature", "properties": { "ID": 109845572, "yr": 2021, "dt": "2021-01-26T02:40:00", "WOJ": 32, "sev": 2, "c": [ 255, 165, 0, 160 ], "dmg": 0, "sli": 0, "ser": 1, "fat": 0, "row": -1, "mot": -1, "pie": -1, "uto": -1, "uwr": -1 }, "geometry": { "type": "Point", "coordinates": [ 15.52025, 54.14525 ] } },
{ "type": "Feature", "properties": { "ID": 109840944, "yr": 2021, "dt": "2021-01-25T18:15:00", "WOJ": 32, "sev": 2, "c": [ 255, 165, 0, 160 ], "dmg": 1, "sli": 0, "ser": 1, "fat": 0, "row": -1, "mot": -1, "pie": 2, "uto": -1, "uwr": -1 }, "geometry": { "type": "Point", "coordinates": [ 14.890778, 53.139306 ] } },
{ "type": "Feature", "properties": { "ID": 109830879, "yr": 2021, "dt": "2021-01-24T12:46:11", "WOJ": 32, "sev": 2, "c": [ 255, 165, 0, 160 ], "dmg": 0, "sli": 1, "ser": 2, "fat": 0, "row": -1, "mot": -1, "pie": -1, "uto": -1, "uwr": -1 }, "geometry": { "type": "Point", "coordinates": [ 14.633278, 53.262278 ] } },
{ "type": "Feature", "properties": { "ID": 109830608, "yr": 2021, "dt": "2021-01-23T16:57:53", "WOJ": 32, "sev": 2, "c": [ 255, 165, 0, 160 ], "dmg": 1, "sli": 0, "ser": 1, "fat": 0, "row": -1, "mot": -1, "pie": 2, "uto": -1, "uwr": -1 }, "geometry": { "type": "Point", "coordinates": [ 15.569333, 54.177472 ] } },
{ "type": "Feature", "properties": { "ID": 110345593, "yr": 2021, "dt": "2021-07-26T10:30:00", "WOJ": 32, "sev": 2, "c": [ 255, 165, 0, 160 ], "dmg": 0, "sli": 0, "ser": 2, "fat": 0, "row": -1, "mot": -1, "pie": -1, "uto": -1, "uwr": -1 }, "geometry": { "type": "Point", "coordinates": [ 15.0975, 53.260806 ] } },
{ "type": "Feature", "properties": { "ID": 110351299, "yr": 2021, "dt": "2021-07-31T11:52:50", "WOJ": 32, "sev": 2, "c": [ 255, 165, 0, 160 ], "dmg": 1, "sli": 0, "ser": 1, "fat": 0, "row": -1, "mot": 0, "pie": -1, "uto": -1, "uwr": -1 }, "geometry": { "type": "Point", "coordinates": [ 16.184972, 54.176333 ] } },
{ "type": "Feature", "properties": { "ID": 110362734, "yr": 2021, "dt": "2021-08-05T17:20:00", "WOJ": 32, "sev": 2, "c": [ 255, 165, 0, 160 ], "dmg": 2, "sli": 0, "ser": 2, "fat": 0, "row": -1, "mot": -1, "pie": -1, "uto": -1, "uwr": -1 }, "geometry": { "type": "Point", "coordinates": [ 15.682889, 53.280139 ] } },
{ "type": "Feature", "properties": { "ID": 110420347, "yr": 2021, "dt": "2021-08-04T19:00:00", "WOJ": 32, "sev": 2, "c": [ 255, 165, 0, 160 ], "dmg": 1, "sli": 0, "ser": 1, "fat": 0, "row": 2, "mot": -1, "pie": -1, "uto": -1, "uwr": -1 }, "geometry": { "type": "Point", "coordinates": [ 15.65748, 54.04142 ] } },
{ "type": "Feature", "properties": { "ID": 110458419, "yr": 2021, "dt": "2021-08-02T01:40:00", "WOJ": 32, "sev": 2, "c": [ 255, 165, 0, 160 ], "dmg": 1, "sli": 0, "ser": 1, "fat": 0, "row": -1, "mot": -1, "pie": -1, "uto": -1, "uwr": -1 }, "geometry": { "type": "Point", "coordinates": [ 15.471111, 53.92275 ] } },
{ "type": "Feature", "properties": { "ID": 110351475, "yr": 2021, "dt": "2021-07-31T10:49:34", "WOJ": 32, "sev": 2, "c": [ 255, 165, 0, 160 ], "dmg": 1, "sli": 0, "ser": 1, "fat": 0, "row": 2, "mot": -1, "pie": -1, "uto": -1, "uwr": -1 }, "geometry": { "type": "Point", "coordinates": [ 15.889361, 54.242417 ] } },
{ "type": "Feature", "properties": { "ID": 110118255, "yr": 2021, "dt": "2021-01-28T07:00:00", "WOJ": 32, "sev": 2, "c": [ 255, 165, 0, 160 ], "dmg": 1, "sli": 0, "ser": 1, "fat": 0, "row": -1, "mot": -1, "pie": 2, "uto": -1, "uwr": -1 }, "geometry": { "type": "Point", "coordinates": [ 14.542583, 53.409111 ] } },
{ "type": "Feature", "properties": { "ID": 116743793, "yr": 2021, "dt": "2021-12-25T14:23:00", "WOJ": 32, "sev": 2, "c": [ 255, 165, 0, 160 ], "dmg": 1, "sli": 0, "ser": 1, "fat": 0, "row": -1, "mot": -1, "pie": 2, "uto": -1, "uwr": -1 }, "geometry": { "type": "Point", "coordinates": [ 14.538972, 53.431417 ] } },
{ "type": "Feature", "properties": { "ID": 110328676, "yr": 2021, "dt": "2021-07-16T14:26:55", "WOJ": 32, "sev": 2, "c": [ 255, 165, 0, 160 ], "dmg": 0, "sli": 0, "ser": 1, "fat": 0, "row": -1, "mot": -1, "pie": -1, "uto": -1, "uwr": -1 }, "geometry": { "type": "Point", "coordinates": [ 16.584389, 54.332639 ] } },
{ "type": "Feature", "properties": { "ID": 110327862, "yr": 2021, "dt": "2021-07-16T17:30:00", "WOJ": 32, "sev": 2, "c": [ 255, 165, 0, 160 ], "dmg": 0, "sli": 0, "ser": 1, "fat": 0, "row": -1, "mot": -1, "pie": -1, "uto": -1, "uwr": -1 }, "geometry": { "type": "Point", "coordinates": [ 15.544472, 54.041917 ] } },
{ "type": "Feature", "properties": { "ID": 110410866, "yr": 2021, "dt": "2021-08-13T16:00:00", "WOJ": 32, "sev": 2, "c": [ 255, 165, 0, 160 ], "dmg": 3, "sli": 0, "ser": 1, "fat": 0, "row": -1, "mot": -1, "pie": -1, "uto": -1, "uwr": -1 }, "geometry": { "type": "Point", "coordinates": [ 15.112694, 53.312222 ] } },
{ "type": "Feature", "properties": { "ID": 110403074, "yr": 2021, "dt": "2021-08-12T18:30:00", "WOJ": 32, "sev": 2, "c": [ 255, 165, 0, 160 ], "dmg": 1, "sli": 0, "ser": 2, "fat": 0, "row": -1, "mot": -1, "pie": 0, "uto": -1, "uwr": -1 }, "geometry": { "type": "Point", "coordinates": [ 16.031111, 54.255667 ] } },
{ "type": "Feature", "properties": { "ID": 110403035, "yr": 2021, "dt": "2021-08-12T17:10:00", "WOJ": 32, "sev": 2, "c": [ 255, 165, 0, 160 ], "dmg": 0, "sli": 0, "ser": 1, "fat": 0, "row": -1, "mot": 2, "pie": -1, "uto": -1, "uwr": -1 }, "geometry": { "type": "Point", "coordinates": [ 14.841389, 53.661944 ] } },
{ "type": "Feature", "properties": { "ID": 110499003, "yr": 2021, "dt": "2021-08-12T07:00:00", "WOJ": 32, "sev": 2, "c": [ 255, 165, 0, 160 ], "dmg": 1, "sli": 0, "ser": 1, "fat": 0, "row": 2, "mot": -1, "pie": 0, "uto": -1, "uwr": -1 }, "geometry": { "type": "Point", "coordinates": [ 14.563389, 53.426194 ] } },
{ "type": "Feature", "properties": { "ID": 110403030, "yr": 2021, "dt": "2021-08-12T16:00:00", "WOJ": 32, "sev": 2, "c": [ 255, 165, 0, 160 ], "dmg": 0, "sli": 0, "ser": 1, "fat": 0, "row": 2, "mot": -1, "pie": -1, "uto": -1, "uwr": -1 }, "geometry": { "type": "Point", "coordinates": [ 14.831667, 53.721944 ] } },
{ "type": "Feature", "properties": { "ID": 110401930, "yr": 2021, "dt": "2021-08-11T17:26:02", "WOJ": 32, "sev": 2, "c": [ 255, 165, 0, 160 ], "dmg": 1, "sli": 0, "ser": 1, "fat": 0, "row": 2, "mot": -1, "pie": -1, "uto": -1, "uwr": -1 }, "geometry": { "type": "Point", "coordinates": [ 16.400389, 54.414083 ] } },
{ "type": "Feature", "properties": { "ID": 110401129, "yr": 2021, "dt": "2021-08-11T07:01:00", "WOJ": 32, "sev": 2, "c": [ 255, 165, 0, 160 ], "dmg": 1, "sli": 0, "ser": 1, "fat": 0, "row": 2, "mot": -1, "pie": -1, "uto": -1, "uwr": -1 }, "geometry": { "type": "Point", "coordinates": [ 14.541389, 53.421389 ] } },
{ "type": "Feature", "properties": { "ID": 110342032, "yr": 2021, "dt": "2021-07-24T18:30:31", "WOJ": 32, "sev": 2, "c": [ 255, 165, 0, 160 ], "dmg": 2, "sli": 0, "ser": 1, "fat": 0, "row": -1, "mot": 2, "pie": -1, "uto": -1, "uwr": -1 }, "geometry": { "type": "Point", "coordinates": [ 16.368778, 54.090694 ] } },
{ "type": "Feature", "properties": { "ID": 110341658, "yr": 2021, "dt": "2021-07-24T02:41:26", "WOJ": 32, "sev": 2, "c": [ 255, 165, 0, 160 ], "dmg": 0, "sli": 0, "ser": 1, "fat": 0, "row": -1, "mot": 2, "pie": -1, "uto": -1, "uwr": -1 }, "geometry": { "type": "Point", "coordinates": [ 16.077028, 54.221333 ] } },
{ "type": "Feature", "properties": { "ID": 110340456, "yr": 2021, "dt": "2021-07-23T14:00:00", "WOJ": 32, "sev": 2, "c": [ 255, 165, 0, 160 ], "dmg": 1, "sli": 0, "ser": 1, "fat": 0, "row": 2, "mot": -1, "pie": -1, "uto": -1, "uwr": -1 }, "geometry": { "type": "Point", "coordinates": [ 14.587944, 53.407889 ] } },
{ "type": "Feature", "properties": { "ID": 110339790, "yr": 2021, "dt": "2021-07-22T11:07:27", "WOJ": 32, "sev": 2, "c": [ 255, 165, 0, 160 ], "dmg": 1, "sli": 0, "ser": 1, "fat": 0, "row": 2, "mot": -1, "pie": -1, "uto": -1, "uwr": -1 }, "geometry": { "type": "Point", "coordinates": [ 16.170083, 54.17975 ] } },
{ "type": "Feature", "properties": { "ID": 110340564, "yr": 2021, "dt": "2021-07-22T00:50:00", "WOJ": 32, "sev": 2, "c": [ 255, 165, 0, 160 ], "dmg": 2, "sli": 0, "ser": 1, "fat": 0, "row": -1, "mot": -1, "pie": -1, "uto": -1, "uwr": -1 }, "geometry": { "type": "Point", "coordinates": [ 16.052528, 54.257028 ] } },
{ "type": "Feature", "properties": { "ID": 109790522, "yr": 2021, "dt": "2021-01-13T20:01:12", "WOJ": 32, "sev": 2, "c": [ 255, 165, 0, 160 ], "dmg": 1, "sli": 0, "ser": 1, "fat": 0, "row": -1, "mot": -1, "pie": 2, "uto": -1, "uwr": -1 }, "geometry": { "type": "Point", "coordinates": [ 16.182833, 54.187556 ] } },
{ "type": "Feature", "properties": { "ID": 109725345, "yr": 2021, "dt": "2021-01-08T07:21:10", "WOJ": 32, "sev": 2, "c": [ 255, 165, 0, 160 ], "dmg": 1, "sli": 0, "ser": 1, "fat": 0, "row": -1, "mot": -1, "pie": 2, "uto": -1, "uwr": -1 }, "geometry": { "type": "Point", "coordinates": [ 14.550056, 53.447611 ] } },
{ "type": "Feature", "properties": { "ID": 110323334, "yr": 2021, "dt": "2021-07-13T18:00:00", "WOJ": 32, "sev": 2, "c": [ 255, 165, 0, 160 ], "dmg": 2, "sli": 0, "ser": 1, "fat": 0, "row": -1, "mot": -1, "pie": -1, "uto": -1, "uwr": -1 }, "geometry": { "type": "Point", "coordinates": [ 14.531389, 53.436944 ] } },
{ "type": "Feature", "properties": { "ID": 110322607, "yr": 2021, "dt": "2021-07-12T21:45:00", "WOJ": 32, "sev": 2, "c": [ 255, 165, 0, 160 ], "dmg": 0, "sli": 0, "ser": 1, "fat": 0, "row": -1, "mot": 2, "pie": -1, "uto": -1, "uwr": -1 }, "geometry": { "type": "Point", "coordinates": [ 15.0485, 53.640889 ] } },
{ "type": "Feature", "properties": { "ID": 110383819, "yr": 2021, "dt": "2021-07-11T14:40:00", "WOJ": 32, "sev": 2, "c": [ 255, 165, 0, 160 ], "dmg": 1, "sli": 0, "ser": 1, "fat": 0, "row": -1, "mot": -1, "pie": -1, "uto": -1, "uwr": -1 }, "geometry": { "type": "Point", "coordinates": [ 16.637389, 53.827389 ] } },
{ "type": "Feature", "properties": { "ID": 110319805, "yr": 2021, "dt": "2021-07-11T16:00:00", "WOJ": 32, "sev": 2, "c": [ 255, 165, 0, 160 ], "dmg": 1, "sli": 0, "ser": 1, "fat": 0, "row": 2, "mot": -1, "pie": -1, "uto": -1, "uwr": -1 }, "geometry": { "type": "Point", "coordinates": [ 14.546917, 53.419944 ] } },
{ "type": "Feature", "properties": { "ID": 110326100, "yr": 2021, "dt": "2021-07-10T11:40:00", "WOJ": 32, "sev": 2, "c": [ 255, 165, 0, 160 ], "dmg": 2, "sli": 0, "ser": 1, "fat": 0, "row": -1, "mot": -1, "pie": -1, "uto": -1, "uwr": -1 }, "geometry": { "type": "Point", "coordinates": [ 16.637278, 53.78875 ] } },
{ "type": "Feature", "properties": { "ID": 110319145, "yr": 2021, "dt": "2021-07-10T08:26:52", "WOJ": 32, "sev": 2, "c": [ 255, 165, 0, 160 ], "dmg": 0, "sli": 1, "ser": 1, "fat": 0, "row": -1, "mot": -1, "pie": -1, "uto": -1, "uwr": -1 }, "geometry": { "type": "Point", "coordinates": [ 15.606528, 53.567333 ] } },
{ "type": "Feature", "properties": { "ID": 110412790, "yr": 2021, "dt": "2021-08-17T06:00:00", "WOJ": 32, "sev": 2, "c": [ 255, 165, 0, 160 ], "dmg": 1, "sli": 0, "ser": 1, "fat": 0, "row": -1, "mot": -1, "pie": -1, "uto": -1, "uwr": -1 }, "geometry": { "type": "Point", "coordinates": [ 15.826611, 53.459833 ] } },
{ "type": "Feature", "properties": { "ID": 110411332, "yr": 2021, "dt": "2021-08-17T17:08:56", "WOJ": 32, "sev": 2, "c": [ 255, 165, 0, 160 ], "dmg": 1, "sli": 0, "ser": 1, "fat": 0, "row": -1, "mot": -1, "pie": -1, "uto": -1, "uwr": -1 }, "geometry": { "type": "Point", "coordinates": [ 16.506694, 53.907611 ] } },
{ "type": "Feature", "properties": { "ID": 110409143, "yr": 2021, "dt": "2021-08-16T07:53:57", "WOJ": 32, "sev": 2, "c": [ 255, 165, 0, 160 ], "dmg": 1, "sli": 0, "ser": 1, "fat": 0, "row": -1, "mot": -1, "pie": -1, "uto": -1, "uwr": -1 }, "geometry": { "type": "Point", "coordinates": [ 14.542194, 53.430389 ] } },
{ "type": "Feature", "properties": { "ID": 110373329, "yr": 2021, "dt": "2021-08-07T04:50:00", "WOJ": 32, "sev": 2, "c": [ 255, 165, 0, 160 ], "dmg": 1, "sli": 0, "ser": 1, "fat": 0, "row": -1, "mot": -1, "pie": 2, "uto": -1, "uwr": -1 }, "geometry": { "type": "Point", "coordinates": [ 14.779389, 53.358139 ] } },
{ "type": "Feature", "properties": { "ID": 110377972, "yr": 2021, "dt": "2021-08-07T12:50:00", "WOJ": 32, "sev": 2, "c": [ 255, 165, 0, 160 ], "dmg": 1, "sli": 0, "ser": 1, "fat": 0, "row": -1, "mot": -1, "pie": 2, "uto": -1, "uwr": -1 }, "geometry": { "type": "Point", "coordinates": [ 16.232417, 54.300889 ] } },
{ "type": "Feature", "properties": { "ID": 110366935, "yr": 2021, "dt": "2021-08-06T16:04:59", "WOJ": 32, "sev": 2, "c": [ 255, 165, 0, 160 ], "dmg": 1, "sli": 0, "ser": 1, "fat": 0, "row": -1, "mot": -1, "pie": 2, "uto": -1, "uwr": -1 }, "geometry": { "type": "Point", "coordinates": [ 14.537028, 53.453 ] } },
{ "type": "Feature", "properties": { "ID": 110365878, "yr": 2021, "dt": "2021-08-06T12:04:11", "WOJ": 32, "sev": 2, "c": [ 255, 165, 0, 160 ], "dmg": 1, "sli": 0, "ser": 1, "fat": 0, "row": 2, "mot": -1, "pie": -1, "uto": -1, "uwr": -1 }, "geometry": { "type": "Point", "coordinates": [ 16.14925, 54.184722 ] } },
{ "type": "Feature", "properties": { "ID": 110329596, "yr": 2021, "dt": "2021-07-17T13:52:09", "WOJ": 32, "sev": 2, "c": [ 255, 165, 0, 160 ], "dmg": 2, "sli": 0, "ser": 1, "fat": 0, "row": -1, "mot": -1, "pie": -1, "uto": -1, "uwr": -1 }, "geometry": { "type": "Point", "coordinates": [ 14.732861, 53.411472 ] } },
{ "type": "Feature", "properties": { "ID": 110329470, "yr": 2021, "dt": "2021-07-17T20:18:00", "WOJ": 32, "sev": 2, "c": [ 255, 165, 0, 160 ], "dmg": 2, "sli": 1, "ser": 2, "fat": 0, "row": -1, "mot": -1, "pie": -1, "uto": -1, "uwr": -1 }, "geometry": { "type": "Point", "coordinates": [ 14.557611, 53.431333 ] } },
{ "type": "Feature", "properties": { "ID": 110332352, "yr": 2021, "dt": "2021-07-17T16:00:00", "WOJ": 32, "sev": 2, "c": [ 255, 165, 0, 160 ], "dmg": 1, "sli": 0, "ser": 1, "fat": 0, "row": -1, "mot": -1, "pie": -1, "uto": -1, "uwr": -1 }, "geometry": { "type": "Point", "coordinates": [ 16.843472, 53.803194 ] } },
{ "type": "Feature", "properties": { "ID": 110408061, "yr": 2021, "dt": "2021-08-14T19:30:00", "WOJ": 32, "sev": 2, "c": [ 255, 165, 0, 160 ], "dmg": 1, "sli": 0, "ser": 1, "fat": 0, "row": 2, "mot": -1, "pie": -1, "uto": -1, "uwr": -1 }, "geometry": { "type": "Point", "coordinates": [ 14.983, 53.343861 ] } },
{ "type": "Feature", "properties": { "ID": 110319539, "yr": 2021, "dt": "2021-07-09T21:45:00", "WOJ": 32, "sev": 2, "c": [ 255, 165, 0, 160 ], "dmg": 1, "sli": 0, "ser": 1, "fat": 0, "row": 2, "mot": -1, "pie": -1, "uto": -1, "uwr": -1 }, "geometry": { "type": "Point", "coordinates": [ 14.236167, 53.908528 ] } },
{ "type": "Feature", "properties": { "ID": 110316741, "yr": 2021, "dt": "2021-07-07T13:00:00", "WOJ": 32, "sev": 2, "c": [ 255, 165, 0, 160 ], "dmg": 1, "sli": 0, "ser": 1, "fat": 0, "row": -1, "mot": -1, "pie": 2, "uto": -1, "uwr": -1 }, "geometry": { "type": "Point", "coordinates": [ 14.767306, 53.968194 ] } },
{ "type": "Feature", "properties": { "ID": 110315405, "yr": 2021, "dt": "2021-07-06T16:20:00", "WOJ": 32, "sev": 2, "c": [ 255, 165, 0, 160 ], "dmg": 1, "sli": 1, "ser": 1, "fat": 0, "row": -1, "mot": -1, "pie": 2, "uto": -1, "uwr": -1 }, "geometry": { "type": "Point", "coordinates": [ 15.008639, 53.62725 ] } },
{ "type": "Feature", "properties": { "ID": 110312681, "yr": 2021, "dt": "2021-07-06T08:24:10", "WOJ": 32, "sev": 2, "c": [ 255, 165, 0, 160 ], "dmg": 2, "sli": 1, "ser": 1, "fat": 0, "row": -1, "mot": -1, "pie": -1, "uto": -1, "uwr": -1 }, "geometry": { "type": "Point", "coordinates": [ 14.61125, 53.848194 ] } },
{ "type": "Feature", "properties": { "ID": 110310929, "yr": 2021, "dt": "2021-07-05T13:18:29", "WOJ": 32, "sev": 2, "c": [ 255, 165, 0, 160 ], "dmg": 0, "sli": 0, "ser": 1, "fat": 0, "row": -1, "mot": 2, "pie": -1, "uto": -1, "uwr": -1 }, "geometry": { "type": "Point", "coordinates": [ 16.038472, 53.806861 ] } },
{ "type": "Feature", "properties": { "ID": 110310234, "yr": 2021, "dt": "2021-07-04T06:55:20", "WOJ": 32, "sev": 2, "c": [ 255, 165, 0, 160 ], "dmg": 1, "sli": 0, "ser": 1, "fat": 0, "row": -1, "mot": -1, "pie": -1, "uto": -1, "uwr": -1 }, "geometry": { "type": "Point", "coordinates": [ 15.564361, 54.154833 ] } },
{ "type": "Feature", "properties": { "ID": 110311426, "yr": 2021, "dt": "2021-07-04T12:00:00", "WOJ": 32, "sev": 2, "c": [ 255, 165, 0, 160 ], "dmg": 3, "sli": 0, "ser": 1, "fat": 0, "row": -1, "mot": -1, "pie": -1, "uto": -1, "uwr": -1 }, "geometry": { "type": "Point", "coordinates": [ 14.795167, 53.898861 ] } },
{ "type": "Feature", "properties": { "ID": 110311528, "yr": 2021, "dt": "2021-07-04T22:14:00", "WOJ": 32, "sev": 2, "c": [ 255, 165, 0, 160 ], "dmg": 1, "sli": 1, "ser": 1, "fat": 0, "row": -1, "mot": -1, "pie": -1, "uto": -1, "uwr": -1 }, "geometry": { "type": "Point", "coordinates": [ 14.544056, 53.454806 ] } },
{ "type": "Feature", "properties": { "ID": 110310554, "yr": 2021, "dt": "2021-07-04T18:18:42", "WOJ": 32, "sev": 2, "c": [ 255, 165, 0, 160 ], "dmg": 2, "sli": 0, "ser": 2, "fat": 0, "row": -1, "mot": -1, "pie": -1, "uto": -1, "uwr": -1 }, "geometry": { "type": "Point", "coordinates": [ 15.434556, 53.156806 ] } },
{ "type": "Feature", "properties": { "ID": 110430263, "yr": 2021, "dt": "2021-08-23T05:15:00", "WOJ": 32, "sev": 2, "c": [ 255, 165, 0, 160 ], "dmg": 0, "sli": 0, "ser": 1, "fat": 0, "row": -1, "mot": -1, "pie": -1, "uto": -1, "uwr": -1 }, "geometry": { "type": "Point", "coordinates": [ 14.626611, 53.387667 ] } },
{ "type": "Feature", "properties": { "ID": 110429187, "yr": 2021, "dt": "2021-08-21T17:47:18", "WOJ": 32, "sev": 2, "c": [ 255, 165, 0, 160 ], "dmg": 0, "sli": 0, "ser": 1, "fat": 0, "row": -1, "mot": -1, "pie": -1, "uto": -1, "uwr": -1 }, "geometry": { "type": "Point", "coordinates": [ 15.643028, 54.162139 ] } },
{ "type": "Feature", "properties": { "ID": 110438761, "yr": 2021, "dt": "2021-08-21T17:45:00", "WOJ": 32, "sev": 2, "c": [ 255, 165, 0, 160 ], "dmg": 1, "sli": 0, "ser": 1, "fat": 0, "row": -1, "mot": -1, "pie": 2, "uto": -1, "uwr": -1 }, "geometry": { "type": "Point", "coordinates": [ 14.237528, 53.912583 ] } },
{ "type": "Feature", "properties": { "ID": 110421875, "yr": 2021, "dt": "2021-08-20T15:05:40", "WOJ": 32, "sev": 2, "c": [ 255, 165, 0, 160 ], "dmg": 0, "sli": 1, "ser": 1, "fat": 0, "row": -1, "mot": -1, "pie": -1, "uto": -1, "uwr": -1 }, "geometry": { "type": "Point", "coordinates": [ 16.80575, 54.393194 ] } },
{ "type": "Feature", "properties": { "ID": 110379770, "yr": 2021, "dt": "2021-08-10T22:10:14", "WOJ": 32, "sev": 2, "c": [ 255, 165, 0, 160 ], "dmg": 1, "sli": 0, "ser": 1, "fat": 0, "row": -1, "mot": -1, "pie": 2, "uto": -1, "uwr": -1 }, "geometry": { "type": "Point", "coordinates": [ 14.546278, 53.420306 ] } },
{ "type": "Feature", "properties": { "ID": 110377492, "yr": 2021, "dt": "2021-08-10T22:11:31", "WOJ": 32, "sev": 2, "c": [ 255, 165, 0, 160 ], "dmg": 1, "sli": 0, "ser": 2, "fat": 0, "row": -1, "mot": -1, "pie": -1, "uto": -1, "uwr": -1 }, "geometry": { "type": "Point", "coordinates": [ 14.604361, 53.967556 ] } },
{ "type": "Feature", "properties": { "ID": 116714946, "yr": 2021, "dt": "2021-12-13T16:45:00", "WOJ": 32, "sev": 2, "c": [ 255, 165, 0, 160 ], "dmg": 1, "sli": 0, "ser": 1, "fat": 0, "row": -1, "mot": -1, "pie": -1, "uto": -1, "uwr": -1 }, "geometry": { "type": "Point", "coordinates": [ 14.393222, 52.857056 ] } },
{ "type": "Feature", "properties": { "ID": 115321042, "yr": 2021, "dt": "2021-12-11T20:22:10", "WOJ": 32, "sev": 2, "c": [ 255, 165, 0, 160 ], "dmg": 1, "sli": 0, "ser": 1, "fat": 0, "row": -1, "mot": -1, "pie": -1, "uto": -1, "uwr": -1 }, "geometry": { "type": "Point", "coordinates": [ 14.526333, 53.401028 ] } },
{ "type": "Feature", "properties": { "ID": 116714849, "yr": 2021, "dt": "2021-12-10T19:35:00", "WOJ": 32, "sev": 2, "c": [ 255, 165, 0, 160 ], "dmg": 1, "sli": 0, "ser": 1, "fat": 0, "row": -1, "mot": -1, "pie": 2, "uto": -1, "uwr": -1 }, "geometry": { "type": "Point", "coordinates": [ 14.791917, 52.947472 ] } },
{ "type": "Feature", "properties": { "ID": 114922821, "yr": 2021, "dt": "2021-12-10T07:06:48", "WOJ": 32, "sev": 2, "c": [ 255, 165, 0, 160 ], "dmg": 0, "sli": 0, "ser": 1, "fat": 0, "row": -1, "mot": -1, "pie": -1, "uto": -1, "uwr": -1 }, "geometry": { "type": "Point", "coordinates": [ 15.772639, 53.744056 ] } },
{ "type": "Feature", "properties": { "ID": 113664931, "yr": 2021, "dt": "2021-11-30T11:30:07", "WOJ": 32, "sev": 2, "c": [ 255, 165, 0, 160 ], "dmg": 0, "sli": 0, "ser": 1, "fat": 0, "row": -1, "mot": -1, "pie": -1, "uto": -1, "uwr": -1 }, "geometry": { "type": "Point", "coordinates": [ 15.795444, 53.807722 ] } },
{ "type": "Feature", "properties": { "ID": 113618517, "yr": 2021, "dt": "2021-11-30T06:25:32", "WOJ": 32, "sev": 2, "c": [ 255, 165, 0, 160 ], "dmg": 1, "sli": 0, "ser": 1, "fat": 0, "row": -1, "mot": -1, "pie": 2, "uto": -1, "uwr": -1 }, "geometry": { "type": "Point", "coordinates": [ 15.018583, 53.339 ] } },
{ "type": "Feature", "properties": { "ID": 113677182, "yr": 2021, "dt": "2021-11-30T16:23:37", "WOJ": 32, "sev": 2, "c": [ 255, 165, 0, 160 ], "dmg": 1, "sli": 0, "ser": 1, "fat": 0, "row": -1, "mot": -1, "pie": 2, "uto": -1, "uwr": -1 }, "geometry": { "type": "Point", "coordinates": [ 14.235361, 53.904639 ] } },
{ "type": "Feature", "properties": { "ID": 109945165, "yr": 2021, "dt": "2021-02-21T00:50:00", "WOJ": 32, "sev": 2, "c": [ 255, 165, 0, 160 ], "dmg": 0, "sli": 0, "ser": 3, "fat": 0, "row": -1, "mot": -1, "pie": -1, "uto": -1, "uwr": -1 }, "geometry": { "type": "Point", "coordinates": [ 14.403444, 52.942889 ] } },
{ "type": "Feature", "properties": { "ID": 109940994, "yr": 2021, "dt": "2021-02-20T16:30:00", "WOJ": 32, "sev": 2, "c": [ 255, 165, 0, 160 ], "dmg": 0, "sli": 2, "ser": 1, "fat": 0, "row": -1, "mot": -1, "pie": -1, "uto": -1, "uwr": -1 }, "geometry": { "type": "Point", "coordinates": [ 15.614278, 53.524 ] } },
{ "type": "Feature", "properties": { "ID": 110295645, "yr": 2021, "dt": "2021-06-26T04:37:40", "WOJ": 32, "sev": 2, "c": [ 255, 165, 0, 160 ], "dmg": 1, "sli": 0, "ser": 1, "fat": 0, "row": -1, "mot": -1, "pie": -1, "uto": -1, "uwr": -1 }, "geometry": { "type": "Point", "coordinates": [ 14.643167, 53.844861 ] } },
{ "type": "Feature", "properties": { "ID": 110296837, "yr": 2021, "dt": "2021-06-26T13:31:45", "WOJ": 32, "sev": 2, "c": [ 255, 165, 0, 160 ], "dmg": 1, "sli": 0, "ser": 1, "fat": 0, "row": -1, "mot": -1, "pie": -1, "uto": -1, "uwr": -1 }, "geometry": { "type": "Point", "coordinates": [ 15.551417, 54.165722 ] } },
{ "type": "Feature", "properties": { "ID": 110293274, "yr": 2021, "dt": "2021-06-25T00:40:00", "WOJ": 32, "sev": 2, "c": [ 255, 165, 0, 160 ], "dmg": 0, "sli": 0, "ser": 1, "fat": 0, "row": -1, "mot": -1, "pie": -1, "uto": -1, "uwr": -1 }, "geometry": { "type": "Point", "coordinates": [ 14.238472, 53.913278 ] } },
{ "type": "Feature", "properties": { "ID": 110458777, "yr": 2021, "dt": "2021-08-28T02:40:00", "WOJ": 32, "sev": 2, "c": [ 255, 165, 0, 160 ], "dmg": 1, "sli": 0, "ser": 2, "fat": 0, "row": -1, "mot": -1, "pie": -1, "uto": -1, "uwr": -1 }, "geometry": { "type": "Point", "coordinates": [ 14.548278, 52.800083 ] } },
{ "type": "Feature", "properties": { "ID": 110447935, "yr": 2021, "dt": "2021-08-27T12:25:31", "WOJ": 32, "sev": 2, "c": [ 255, 165, 0, 160 ], "dmg": 1, "sli": 0, "ser": 1, "fat": 0, "row": -1, "mot": 2, "pie": -1, "uto": -1, "uwr": -1 }, "geometry": { "type": "Point", "coordinates": [ 15.739861, 54.195333 ] } },
{ "type": "Feature", "properties": { "ID": 110442288, "yr": 2021, "dt": "2021-08-25T12:00:18", "WOJ": 32, "sev": 2, "c": [ 255, 165, 0, 160 ], "dmg": 1, "sli": 0, "ser": 1, "fat": 0, "row": -1, "mot": -1, "pie": 2, "uto": -1, "uwr": -1 }, "geometry": { "type": "Point", "coordinates": [ 16.184333, 54.170472 ] } },
{ "type": "Feature", "properties": { "ID": 110405751, "yr": 2021, "dt": "2021-08-15T19:04:09", "WOJ": 32, "sev": 2, "c": [ 255, 165, 0, 160 ], "dmg": 0, "sli": 2, "ser": 1, "fat": 0, "row": -1, "mot": -1, "pie": -1, "uto": -1, "uwr": -1 }, "geometry": { "type": "Point", "coordinates": [ 14.410056, 53.128556 ] } },
{ "type": "Feature", "properties": { "ID": 110288599, "yr": 2021, "dt": "2021-06-21T15:33:49", "WOJ": 32, "sev": 2, "c": [ 255, 165, 0, 160 ], "dmg": 1, "sli": 0, "ser": 1, "fat": 0, "row": -1, "mot": 2, "pie": -1, "uto": -1, "uwr": -1 }, "geometry": { "type": "Point", "coordinates": [ 16.322694, 54.239944 ] } },
{ "type": "Feature", "properties": { "ID": 110287912, "yr": 2021, "dt": "2021-06-21T10:35:21", "WOJ": 32, "sev": 2, "c": [ 255, 165, 0, 160 ], "dmg": 0, "sli": 1, "ser": 1, "fat": 0, "row": -1, "mot": -1, "pie": -1, "uto": -1, "uwr": -1 }, "geometry": { "type": "Point", "coordinates": [ 14.773333, 53.752333 ] } },
{ "type": "Feature", "properties": { "ID": 110287340, "yr": 2021, "dt": "2021-06-20T20:37:58", "WOJ": 32, "sev": 2, "c": [ 255, 165, 0, 160 ], "dmg": 1, "sli": 0, "ser": 1, "fat": 0, "row": -1, "mot": -1, "pie": 2, "uto": -1, "uwr": -1 }, "geometry": { "type": "Point", "coordinates": [ 14.273083, 53.859139 ] } },
{ "type": "Feature", "properties": { "ID": 110289490, "yr": 2021, "dt": "2021-06-20T03:55:00", "WOJ": 32, "sev": 2, "c": [ 255, 165, 0, 160 ], "dmg": 0, "sli": 0, "ser": 1, "fat": 0, "row": -1, "mot": -1, "pie": -1, "uto": -1, "uwr": -1 }, "geometry": { "type": "Point", "coordinates": [ 15.916472, 53.978083 ] } },
{ "type": "Feature", "properties": { "ID": 110305500, "yr": 2021, "dt": "2021-06-19T09:50:00", "WOJ": 32, "sev": 2, "c": [ 255, 165, 0, 160 ], "dmg": 2, "sli": 1, "ser": 1, "fat": 0, "row": -1, "mot": -1, "pie": -1, "uto": -1, "uwr": -1 }, "geometry": { "type": "Point", "coordinates": [ 15.610778, 53.050694 ] } },
{ "type": "Feature", "properties": { "ID": 110287592, "yr": 2021, "dt": "2021-06-18T09:40:00", "WOJ": 32, "sev": 2, "c": [ 255, 165, 0, 160 ], "dmg": 2, "sli": 0, "ser": 1, "fat": 0, "row": 2, "mot": -1, "pie": -1, "uto": -1, "uwr": -1 }, "geometry": { "type": "Point", "coordinates": [ 14.540278, 53.4275 ] } },
{ "type": "Feature", "properties": { "ID": 110467786, "yr": 2021, "dt": "2021-09-02T18:25:00", "WOJ": 32, "sev": 2, "c": [ 255, 165, 0, 160 ], "dmg": 1, "sli": 0, "ser": 1, "fat": 0, "row": -1, "mot": -1, "pie": -1, "uto": -1, "uwr": -1 }, "geometry": { "type": "Point", "coordinates": [ 14.883889, 53.670556 ] } },
{ "type": "Feature", "properties": { "ID": 110461631, "yr": 2021, "dt": "2021-09-01T09:27:34", "WOJ": 32, "sev": 2, "c": [ 255, 165, 0, 160 ], "dmg": 1, "sli": 0, "ser": 1, "fat": 0, "row": -1, "mot": 2, "pie": -1, "uto": -1, "uwr": -1 }, "geometry": { "type": "Point", "coordinates": [ 14.443472, 53.420556 ] } },
{ "type": "Feature", "properties": { "ID": 110419886, "yr": 2021, "dt": "2021-08-20T07:47:58", "WOJ": 32, "sev": 2, "c": [ 255, 165, 0, 160 ], "dmg": 1, "sli": 0, "ser": 1, "fat": 0, "row": -1, "mot": -1, "pie": 2, "uto": -1, "uwr": -1 }, "geometry": { "type": "Point", "coordinates": [ 15.104111, 53.672056 ] } },
{ "type": "Feature", "properties": { "ID": 110415213, "yr": 2021, "dt": "2021-08-19T12:50:08", "WOJ": 32, "sev": 2, "c": [ 255, 165, 0, 160 ], "dmg": 0, "sli": 0, "ser": 2, "fat": 0, "row": -1, "mot": -1, "pie": -1, "uto": -1, "uwr": -1 }, "geometry": { "type": "Point", "coordinates": [ 15.082194, 52.99525 ] } },
{ "type": "Feature", "properties": { "ID": 110419820, "yr": 2021, "dt": "2021-08-19T19:15:00", "WOJ": 32, "sev": 2, "c": [ 255, 165, 0, 160 ], "dmg": 1, "sli": 0, "ser": 1, "fat": 0, "row": 2, "mot": -1, "pie": -1, "uto": -1, "uwr": -1 }, "geometry": { "type": "Point", "coordinates": [ 14.556389, 53.454167 ] } },
{ "type": "Feature", "properties": { "ID": 110305332, "yr": 2021, "dt": "2021-07-02T13:15:56", "WOJ": 32, "sev": 2, "c": [ 255, 165, 0, 160 ], "dmg": 1, "sli": 0, "ser": 1, "fat": 0, "row": -1, "mot": 2, "pie": -1, "uto": -1, "uwr": -1 }, "geometry": { "type": "Point", "coordinates": [ 15.284583, 54.064194 ] } },
{ "type": "Feature", "properties": { "ID": 110296707, "yr": 2021, "dt": "2021-06-26T12:09:00", "WOJ": 32, "sev": 2, "c": [ 255, 165, 0, 160 ], "dmg": 1, "sli": 0, "ser": 1, "fat": 0, "row": 2, "mot": -1, "pie": -1, "uto": -1, "uwr": -1 }, "geometry": { "type": "Point", "coordinates": [ 16.09225, 53.769556 ] } },
{ "type": "Feature", "properties": { "ID": 110296545, "yr": 2021, "dt": "2021-06-26T07:20:34", "WOJ": 32, "sev": 2, "c": [ 255, 165, 0, 160 ], "dmg": 0, "sli": 0, "ser": 1, "fat": 0, "row": -1, "mot": 2, "pie": -1, "uto": -1, "uwr": -1 }, "geometry": { "type": "Point", "coordinates": [ 14.536889, 53.454639 ] } },
{ "type": "Feature", "properties": { "ID": 116714544, "yr": 2021, "dt": "2021-12-16T12:23:00", "WOJ": 32, "sev": 2, "c": [ 255, 165, 0, 160 ], "dmg": 1, "sli": 0, "ser": 1, "fat": 0, "row": -1, "mot": -1, "pie": 2, "uto": -1, "uwr": -1 }, "geometry": { "type": "Point", "coordinates": [ 14.553583, 53.429028 ] } },
{ "type": "Feature", "properties": { "ID": 116524201, "yr": 2021, "dt": "2021-12-15T08:24:02", "WOJ": 32, "sev": 2, "c": [ 255, 165, 0, 160 ], "dmg": 1, "sli": 0, "ser": 1, "fat": 0, "row": -1, "mot": -1, "pie": -1, "uto": -1, "uwr": -1 }, "geometry": { "type": "Point", "coordinates": [ 15.559583, 54.071833 ] } },
{ "type": "Feature", "properties": { "ID": 110280309, "yr": 2021, "dt": "2021-06-16T18:53:29", "WOJ": 32, "sev": 2, "c": [ 255, 165, 0, 160 ], "dmg": 1, "sli": 0, "ser": 1, "fat": 0, "row": 2, "mot": -1, "pie": -1, "uto": -1, "uwr": -1 }, "geometry": { "type": "Point", "coordinates": [ 14.269028, 53.906167 ] } },
{ "type": "Feature", "properties": { "ID": 110280202, "yr": 2021, "dt": "2021-06-16T15:58:46", "WOJ": 32, "sev": 2, "c": [ 255, 165, 0, 160 ], "dmg": 1, "sli": 0, "ser": 1, "fat": 0, "row": 2, "mot": -1, "pie": -1, "uto": -1, "uwr": -1 }, "geometry": { "type": "Point", "coordinates": [ 14.816917, 54.007889 ] } },
{ "type": "Feature", "properties": { "ID": 110281686, "yr": 2021, "dt": "2021-06-16T11:35:00", "WOJ": 32, "sev": 2, "c": [ 255, 165, 0, 160 ], "dmg": 0, "sli": 0, "ser": 1, "fat": 0, "row": -1, "mot": -1, "pie": -1, "uto": -1, "uwr": -1 }, "geometry": { "type": "Point", "coordinates": [ 16.20925, 53.441556 ] } },
{ "type": "Feature", "properties": { "ID": 110280071, "yr": 2021, "dt": "2021-06-16T15:05:08", "WOJ": 32, "sev": 2, "c": [ 255, 165, 0, 160 ], "dmg": 1, "sli": 0, "ser": 1, "fat": 0, "row": 2, "mot": -1, "pie": -1, "uto": -1, "uwr": -1 }, "geometry": { "type": "Point", "coordinates": [ 14.244444, 53.909944 ] } },
{ "type": "Feature", "properties": { "ID": 110284526, "yr": 2021, "dt": "2021-06-16T07:50:00", "WOJ": 32, "sev": 2, "c": [ 255, 165, 0, 160 ], "dmg": 1, "sli": 0, "ser": 1, "fat": 0, "row": 2, "mot": -1, "pie": -1, "uto": -1, "uwr": -1 }, "geometry": { "type": "Point", "coordinates": [ 14.490611, 53.441917 ] } },
{ "type": "Feature", "properties": { "ID": 110327775, "yr": 2021, "dt": "2021-06-16T10:20:00", "WOJ": 32, "sev": 2, "c": [ 255, 165, 0, 160 ], "dmg": 1, "sli": 0, "ser": 1, "fat": 0, "row": 2, "mot": -1, "pie": -1, "uto": -1, "uwr": -1 }, "geometry": { "type": "Point", "coordinates": [ 16.543917, 53.5825 ] } },
{ "type": "Feature", "properties": { "ID": 110276259, "yr": 2021, "dt": "2021-06-15T19:00:00", "WOJ": 32, "sev": 2, "c": [ 255, 165, 0, 160 ], "dmg": 1, "sli": 0, "ser": 1, "fat": 0, "row": 2, "mot": -1, "pie": -1, "uto": -1, "uwr": -1 }, "geometry": { "type": "Point", "coordinates": [ 15.037861, 53.326889 ] } },
{ "type": "Feature", "properties": { "ID": 110271747, "yr": 2021, "dt": "2021-06-14T06:19:00", "WOJ": 32, "sev": 2, "c": [ 255, 165, 0, 160 ], "dmg": 0, "sli": 1, "ser": 1, "fat": 0, "row": -1, "mot": -1, "pie": -1, "uto": -1, "uwr": -1 }, "geometry": { "type": "Point", "coordinates": [ 14.341361, 52.762639 ] } },
{ "type": "Feature", "properties": { "ID": 110267545, "yr": 2021, "dt": "2021-06-11T09:30:26", "WOJ": 32, "sev": 2, "c": [ 255, 165, 0, 160 ], "dmg": 0, "sli": 0, "ser": 2, "fat": 0, "row": -1, "mot": -1, "pie": -1, "uto": -1, "uwr": -1 }, "geometry": { "type": "Point", "coordinates": [ 15.638833, 53.145444 ] } },
{ "type": "Feature", "properties": { "ID": 110487860, "yr": 2021, "dt": "2021-09-09T20:35:00", "WOJ": 32, "sev": 2, "c": [ 255, 165, 0, 160 ], "dmg": 1, "sli": 0, "ser": 1, "fat": 0, "row": 2, "mot": -1, "pie": -1, "uto": -1, "uwr": -1 }, "geometry": { "type": "Point", "coordinates": [ 14.512222, 53.426389 ] } },
{ "type": "Feature", "properties": { "ID": 110483734, "yr": 2021, "dt": "2021-09-08T12:08:00", "WOJ": 32, "sev": 2, "c": [ 255, 165, 0, 160 ], "dmg": 3, "sli": 0, "ser": 1, "fat": 0, "row": -1, "mot": -1, "pie": -1, "uto": -1, "uwr": -1 }, "geometry": { "type": "Point", "coordinates": [ 14.717667, 53.394139 ] } },
{ "type": "Feature", "properties": { "ID": 110484611, "yr": 2021, "dt": "2021-09-07T12:00:00", "WOJ": 32, "sev": 2, "c": [ 255, 165, 0, 160 ], "dmg": 1, "sli": 0, "ser": 1, "fat": 0, "row": 2, "mot": -1, "pie": -1, "uto": -1, "uwr": -1 }, "geometry": { "type": "Point", "coordinates": [ 14.22325, 53.888694 ] } },
{ "type": "Feature", "properties": { "ID": 110478694, "yr": 2021, "dt": "2021-09-07T08:47:20", "WOJ": 32, "sev": 2, "c": [ 255, 165, 0, 160 ], "dmg": 1, "sli": 0, "ser": 1, "fat": 0, "row": -1, "mot": -1, "pie": -1, "uto": -1, "uwr": -1 }, "geometry": { "type": "Point", "coordinates": [ 16.252722, 53.925778 ] } },
{ "type": "Feature", "properties": { "ID": 110440655, "yr": 2021, "dt": "2021-08-25T14:56:18", "WOJ": 32, "sev": 2, "c": [ 255, 165, 0, 160 ], "dmg": 1, "sli": 0, "ser": 1, "fat": 0, "row": -1, "mot": -1, "pie": -1, "uto": -1, "uwr": -1 }, "geometry": { "type": "Point", "coordinates": [ 15.558861, 54.142778 ] } },
{ "type": "Feature", "properties": { "ID": 110441725, "yr": 2021, "dt": "2021-08-24T20:16:51", "WOJ": 32, "sev": 2, "c": [ 255, 165, 0, 160 ], "dmg": 1, "sli": 0, "ser": 1, "fat": 0, "row": 2, "mot": -1, "pie": -1, "uto": -1, "uwr": -1 }, "geometry": { "type": "Point", "coordinates": [ 14.552667, 53.429139 ] } },
{ "type": "Feature", "properties": { "ID": 110288350, "yr": 2021, "dt": "2021-06-21T14:45:00", "WOJ": 32, "sev": 2, "c": [ 255, 165, 0, 160 ], "dmg": 1, "sli": 0, "ser": 1, "fat": 0, "row": -1, "mot": -1, "pie": -1, "uto": -1, "uwr": -1 }, "geometry": { "type": "Point", "coordinates": [ 14.499361, 53.442694 ] } },
{ "type": "Feature", "properties": { "ID": 110478683, "yr": 2021, "dt": "2021-09-06T18:20:00", "WOJ": 32, "sev": 2, "c": [ 255, 165, 0, 160 ], "dmg": 0, "sli": 0, "ser": 1, "fat": 0, "row": -1, "mot": 2, "pie": -1, "uto": -1, "uwr": -1 }, "geometry": { "type": "Point", "coordinates": [ 16.297083, 54.240111 ] } },
{ "type": "Feature", "properties": { "ID": 110478330, "yr": 2021, "dt": "2021-09-06T13:17:32", "WOJ": 32, "sev": 2, "c": [ 255, 165, 0, 160 ], "dmg": 2, "sli": 0, "ser": 1, "fat": 0, "row": -1, "mot": -1, "pie": -1, "uto": -1, "uwr": -1 }, "geometry": { "type": "Point", "coordinates": [ 15.238944, 53.24075 ] } },
{ "type": "Feature", "properties": { "ID": 110266575, "yr": 2021, "dt": "2021-06-11T06:40:00", "WOJ": 32, "sev": 2, "c": [ 255, 165, 0, 160 ], "dmg": 0, "sli": 1, "ser": 1, "fat": 0, "row": -1, "mot": -1, "pie": -1, "uto": -1, "uwr": -1 }, "geometry": { "type": "Point", "coordinates": [ 14.809167, 53.99025 ] } },
{ "type": "Feature", "properties": { "ID": 110266459, "yr": 2021, "dt": "2021-06-11T10:42:49", "WOJ": 32, "sev": 2, "c": [ 255, 165, 0, 160 ], "dmg": 2, "sli": 0, "ser": 1, "fat": 0, "row": -1, "mot": -1, "pie": -1, "uto": -1, "uwr": -1 }, "geometry": { "type": "Point", "coordinates": [ 14.55075, 53.423667 ] } },
{ "type": "Feature", "properties": { "ID": 110263892, "yr": 2021, "dt": "2021-06-09T16:00:00", "WOJ": 32, "sev": 2, "c": [ 255, 165, 0, 160 ], "dmg": 1, "sli": 0, "ser": 1, "fat": 0, "row": -1, "mot": -1, "pie": -1, "uto": -1, "uwr": -1 }, "geometry": { "type": "Point", "coordinates": [ 16.064722, 54.260028 ] } },
{ "type": "Feature", "properties": { "ID": 110263496, "yr": 2021, "dt": "2021-06-09T18:20:00", "WOJ": 32, "sev": 2, "c": [ 255, 165, 0, 160 ], "dmg": 1, "sli": 0, "ser": 1, "fat": 0, "row": 2, "mot": -1, "pie": -1, "uto": -1, "uwr": -1 }, "geometry": { "type": "Point", "coordinates": [ 14.546694, 53.42 ] } },
{ "type": "Feature", "properties": { "ID": 110261405, "yr": 2021, "dt": "2021-06-08T21:20:00", "WOJ": 32, "sev": 2, "c": [ 255, 165, 0, 160 ], "dmg": 1, "sli": 0, "ser": 1, "fat": 0, "row": -1, "mot": -1, "pie": -1, "uto": -1, "uwr": -1 }, "geometry": { "type": "Point", "coordinates": [ 15.193778, 53.391972 ] } },
{ "type": "Feature", "properties": { "ID": 110260054, "yr": 2021, "dt": "2021-06-07T16:53:09", "WOJ": 32, "sev": 2, "c": [ 255, 165, 0, 160 ], "dmg": 1, "sli": 0, "ser": 1, "fat": 0, "row": -1, "mot": -1, "pie": 2, "uto": -1, "uwr": -1 }, "geometry": { "type": "Point", "coordinates": [ 16.180417, 54.219917 ] } },
{ "type": "Feature", "properties": { "ID": 110494533, "yr": 2021, "dt": "2021-09-12T16:10:00", "WOJ": 32, "sev": 2, "c": [ 255, 165, 0, 160 ], "dmg": 1, "sli": 0, "ser": 2, "fat": 0, "row": -1, "mot": -1, "pie": -1, "uto": -1, "uwr": -1 }, "geometry": { "type": "Point", "coordinates": [ 14.52, 53.455833 ] } },
{ "type": "Feature", "properties": { "ID": 110492895, "yr": 2021, "dt": "2021-09-12T10:10:55", "WOJ": 32, "sev": 2, "c": [ 255, 165, 0, 160 ], "dmg": 0, "sli": 0, "ser": 1, "fat": 0, "row": -1, "mot": -1, "pie": -1, "uto": -1, "uwr": -1 }, "geometry": { "type": "Point", "coordinates": [ 14.547639, 52.730167 ] } },
{ "type": "Feature", "properties": { "ID": 110494487, "yr": 2021, "dt": "2021-09-11T14:00:00", "WOJ": 32, "sev": 2, "c": [ 255, 165, 0, 160 ], "dmg": 2, "sli": 0, "ser": 1, "fat": 0, "row": -1, "mot": -1, "pie": -1, "uto": -1, "uwr": -1 }, "geometry": { "type": "Point", "coordinates": [ 15.099139, 53.40575 ] } },
{ "type": "Feature", "properties": { "ID": 110494294, "yr": 2021, "dt": "2021-09-10T15:00:00", "WOJ": 32, "sev": 2, "c": [ 255, 165, 0, 160 ], "dmg": 1, "sli": 0, "ser": 1, "fat": 0, "row": -1, "mot": 2, "pie": -1, "uto": -1, "uwr": -1 }, "geometry": { "type": "Point", "coordinates": [ 14.534167, 53.434722 ] } },
{ "type": "Feature", "properties": { "ID": 110486388, "yr": 2021, "dt": "2021-09-10T09:07:56", "WOJ": 32, "sev": 2, "c": [ 255, 165, 0, 160 ], "dmg": 1, "sli": 0, "ser": 1, "fat": 0, "row": -1, "mot": -1, "pie": 2, "uto": -1, "uwr": -1 }, "geometry": { "type": "Point", "coordinates": [ 14.550833, 53.543167 ] } },
{ "type": "Feature", "properties": { "ID": 110487099, "yr": 2021, "dt": "2021-09-09T17:01:33", "WOJ": 32, "sev": 2, "c": [ 255, 165, 0, 160 ], "dmg": 1, "sli": 0, "ser": 1, "fat": 0, "row": -1, "mot": 2, "pie": -1, "uto": -1, "uwr": -1 }, "geometry": { "type": "Point", "coordinates": [ 16.496139, 54.456806 ] } },
{ "type": "Feature", "properties": { "ID": 110460979, "yr": 2021, "dt": "2021-08-31T21:06:23", "WOJ": 32, "sev": 2, "c": [ 255, 165, 0, 160 ], "dmg": 1, "sli": 0, "ser": 1, "fat": 0, "row": -1, "mot": -1, "pie": 2, "uto": -1, "uwr": -1 }, "geometry": { "type": "Point", "coordinates": [ 14.29125, 53.8635 ] } },
{ "type": "Feature", "properties": { "ID": 110448438, "yr": 2021, "dt": "2021-08-28T05:06:32", "WOJ": 32, "sev": 2, "c": [ 255, 165, 0, 160 ], "dmg": 0, "sli": 0, "ser": 1, "fat": 0, "row": -1, "mot": -1, "pie": -1, "uto": -1, "uwr": -1 }, "geometry": { "type": "Point", "coordinates": [ 16.606472, 54.442139 ] } },
{ "type": "Feature", "properties": { "ID": 114684818, "yr": 2021, "dt": "2021-12-09T07:10:36", "WOJ": 32, "sev": 2, "c": [ 255, 165, 0, 160 ], "dmg": 1, "sli": 0, "ser": 1, "fat": 0, "row": -1, "mot": -1, "pie": -1, "uto": -1, "uwr": -1 }, "geometry": { "type": "Point", "coordinates": [ 15.517111, 54.163639 ] } },
{ "type": "Feature", "properties": { "ID": 114724818, "yr": 2021, "dt": "2021-12-09T06:40:00", "WOJ": 32, "sev": 2, "c": [ 255, 165, 0, 160 ], "dmg": 1, "sli": 0, "ser": 1, "fat": 0, "row": -1, "mot": -1, "pie": -1, "uto": -1, "uwr": -1 }, "geometry": { "type": "Point", "coordinates": [ 15.787, 53.522667 ] } },
{ "type": "Feature", "properties": { "ID": 113514584, "yr": 2021, "dt": "2021-11-25T13:24:35", "WOJ": 32, "sev": 2, "c": [ 255, 165, 0, 160 ], "dmg": 0, "sli": 1, "ser": 1, "fat": 0, "row": -1, "mot": -1, "pie": -1, "uto": -1, "uwr": -1 }, "geometry": { "type": "Point", "coordinates": [ 16.281111, 53.626722 ] } },
{ "type": "Feature", "properties": { "ID": 113514213, "yr": 2021, "dt": "2021-11-25T06:43:19", "WOJ": 32, "sev": 2, "c": [ 255, 165, 0, 160 ], "dmg": 1, "sli": 0, "ser": 1, "fat": 0, "row": -1, "mot": -1, "pie": 2, "uto": -1, "uwr": -1 }, "geometry": { "type": "Point", "coordinates": [ 14.452333, 53.92975 ] } },
{ "type": "Feature", "properties": { "ID": 113514027, "yr": 2021, "dt": "2021-11-24T17:00:10", "WOJ": 32, "sev": 2, "c": [ 255, 165, 0, 160 ], "dmg": 1, "sli": 0, "ser": 1, "fat": 0, "row": -1, "mot": -1, "pie": -1, "uto": -1, "uwr": -1 }, "geometry": { "type": "Point", "coordinates": [ 16.201778, 53.761167 ] } },
{ "type": "Feature", "properties": { "ID": 113511177, "yr": 2021, "dt": "2021-11-24T18:52:07", "WOJ": 32, "sev": 2, "c": [ 255, 165, 0, 160 ], "dmg": 2, "sli": 0, "ser": 1, "fat": 0, "row": -1, "mot": -1, "pie": 2, "uto": -1, "uwr": -1 }, "geometry": { "type": "Point", "coordinates": [ 15.131111, 53.66475 ] } },
{ "type": "Feature", "properties": { "ID": 109971260, "yr": 2021, "dt": "2021-03-03T17:11:13", "WOJ": 32, "sev": 2, "c": [ 255, 165, 0, 160 ], "dmg": 1, "sli": 0, "ser": 1, "fat": 0, "row": -1, "mot": -1, "pie": 2, "uto": -1, "uwr": -1 }, "geometry": { "type": "Point", "coordinates": [ 14.581194, 53.355389 ] } },
{ "type": "Feature", "properties": { "ID": 109968847, "yr": 2021, "dt": "2021-03-02T06:10:00", "WOJ": 32, "sev": 2, "c": [ 255, 165, 0, 160 ], "dmg": 0, "sli": 0, "ser": 1, "fat": 0, "row": -1, "mot": -1, "pie": -1, "uto": -1, "uwr": -1 }, "geometry": { "type": "Point", "coordinates": [ 16.815278, 53.899278 ] } },
{ "type": "Feature", "properties": { "ID": 109968138, "yr": 2021, "dt": "2021-03-01T20:11:00", "WOJ": 32, "sev": 2, "c": [ 255, 165, 0, 160 ], "dmg": 2, "sli": 0, "ser": 1, "fat": 0, "row": -1, "mot": -1, "pie": -1, "uto": -1, "uwr": -1 }, "geometry": { "type": "Point", "coordinates": [ 15.697278, 54.192167 ] } },
{ "type": "Feature", "properties": { "ID": 110252857, "yr": 2021, "dt": "2021-06-03T13:45:00", "WOJ": 32, "sev": 2, "c": [ 255, 165, 0, 160 ], "dmg": 0, "sli": 0, "ser": 3, "fat": 0, "row": -1, "mot": -1, "pie": -1, "uto": -1, "uwr": -1 }, "geometry": { "type": "Point", "coordinates": [ 16.829306, 53.8975 ] } },
{ "type": "Feature", "properties": { "ID": 110252026, "yr": 2021, "dt": "2021-06-03T07:51:14", "WOJ": 32, "sev": 2, "c": [ 255, 165, 0, 160 ], "dmg": 1, "sli": 0, "ser": 1, "fat": 0, "row": 2, "mot": -1, "pie": -1, "uto": -1, "uwr": -1 }, "geometry": { "type": "Point", "coordinates": [ 14.246306, 53.918139 ] } },
{ "type": "Feature", "properties": { "ID": 110252904, "yr": 2021, "dt": "2021-06-03T14:51:00", "WOJ": 32, "sev": 2, "c": [ 255, 165, 0, 160 ], "dmg": 1, "sli": 0, "ser": 1, "fat": 0, "row": -1, "mot": 2, "pie": -1, "uto": -1, "uwr": -1 }, "geometry": { "type": "Point", "coordinates": [ 16.690833, 53.710833 ] } },
{ "type": "Feature", "properties": { "ID": 110260623, "yr": 2021, "dt": "2021-06-03T21:05:00", "WOJ": 32, "sev": 2, "c": [ 255, 165, 0, 160 ], "dmg": 1, "sli": 0, "ser": 1, "fat": 0, "row": -1, "mot": -1, "pie": -1, "uto": -1, "uwr": -1 }, "geometry": { "type": "Point", "coordinates": [ 14.220722, 52.828444 ] } },
{ "type": "Feature", "properties": { "ID": 110524259, "yr": 2021, "dt": "2021-09-16T15:39:53", "WOJ": 32, "sev": 2, "c": [ 255, 165, 0, 160 ], "dmg": 1, "sli": 1, "ser": 1, "fat": 0, "row": -1, "mot": -1, "pie": 2, "uto": -1, "uwr": -1 }, "geometry": { "type": "Point", "coordinates": [ 15.565083, 54.181111 ] } },
{ "type": "Feature", "properties": { "ID": 110524506, "yr": 2021, "dt": "2021-09-15T07:45:00", "WOJ": 32, "sev": 2, "c": [ 255, 165, 0, 160 ], "dmg": 1, "sli": 0, "ser": 1, "fat": 0, "row": 2, "mot": -1, "pie": -1, "uto": -1, "uwr": -1 }, "geometry": { "type": "Point", "coordinates": [ 15.066583, 53.5 ] } },
{ "type": "Feature", "properties": { "ID": 110479823, "yr": 2021, "dt": "2021-09-06T07:30:00", "WOJ": 32, "sev": 2, "c": [ 255, 165, 0, 160 ], "dmg": 1, "sli": 0, "ser": 1, "fat": 0, "row": -1, "mot": -1, "pie": -1, "uto": -1, "uwr": -1 }, "geometry": { "type": "Point", "coordinates": [ 15.589528, 54.170389 ] } },
{ "type": "Feature", "properties": { "ID": 110220058, "yr": 2021, "dt": "2021-05-30T05:19:36", "WOJ": 32, "sev": 2, "c": [ 255, 165, 0, 160 ], "dmg": 1, "sli": 1, "ser": 1, "fat": 0, "row": -1, "mot": -1, "pie": -1, "uto": -1, "uwr": -1 }, "geometry": { "type": "Point", "coordinates": [ 15.209694, 53.739917 ] } },
{ "type": "Feature", "properties": { "ID": 110539513, "yr": 2021, "dt": "2021-09-24T09:40:00", "WOJ": 32, "sev": 2, "c": [ 255, 165, 0, 160 ], "dmg": 1, "sli": 0, "ser": 1, "fat": 0, "row": -1, "mot": -1, "pie": 2, "uto": -1, "uwr": -1 }, "geometry": { "type": "Point", "coordinates": [ 14.488861, 53.242889 ] } },
{ "type": "Feature", "properties": { "ID": 110572806, "yr": 2021, "dt": "2021-09-24T10:50:00", "WOJ": 32, "sev": 2, "c": [ 255, 165, 0, 160 ], "dmg": 1, "sli": 0, "ser": 1, "fat": 0, "row": 2, "mot": -1, "pie": -1, "uto": -1, "uwr": -1 }, "geometry": { "type": "Point", "coordinates": [ 14.878611, 52.923056 ] } },
{ "type": "Feature", "properties": { "ID": 110536830, "yr": 2021, "dt": "2021-09-22T12:53:31", "WOJ": 32, "sev": 2, "c": [ 255, 165, 0, 160 ], "dmg": 1, "sli": 0, "ser": 2, "fat": 0, "row": -1, "mot": -1, "pie": -1, "uto": -1, "uwr": -1 }, "geometry": { "type": "Point", "coordinates": [ 14.621806, 53.905444 ] } },
{ "type": "Feature", "properties": { "ID": 110536757, "yr": 2021, "dt": "2021-09-22T07:13:48", "WOJ": 32, "sev": 2, "c": [ 255, 165, 0, 160 ], "dmg": 1, "sli": 0, "ser": 1, "fat": 0, "row": -1, "mot": -1, "pie": 2, "uto": -1, "uwr": -1 }, "geometry": { "type": "Point", "coordinates": [ 14.543444, 53.454639 ] } },
{ "type": "Feature", "properties": { "ID": 110499222, "yr": 2021, "dt": "2021-09-09T10:00:00", "WOJ": 32, "sev": 2, "c": [ 255, 165, 0, 160 ], "dmg": 1, "sli": 0, "ser": 1, "fat": 0, "row": -1, "mot": -1, "pie": -1, "uto": -1, "uwr": -1 }, "geometry": { "type": "Point", "coordinates": [ 15.583083, 54.176 ] } },
{ "type": "Feature", "properties": { "ID": 110255054, "yr": 2021, "dt": "2021-06-05T15:35:41", "WOJ": 32, "sev": 2, "c": [ 255, 165, 0, 160 ], "dmg": 1, "sli": 0, "ser": 1, "fat": 0, "row": -1, "mot": -1, "pie": 2, "uto": -1, "uwr": -1 }, "geometry": { "type": "Point", "coordinates": [ 14.246798, 53.907624 ] } },
{ "type": "Feature", "properties": { "ID": 110254973, "yr": 2021, "dt": "2021-06-05T13:17:00", "WOJ": 32, "sev": 2, "c": [ 255, 165, 0, 160 ], "dmg": 2, "sli": 0, "ser": 1, "fat": 0, "row": -1, "mot": -1, "pie": -1, "uto": -1, "uwr": -1 }, "geometry": { "type": "Point", "coordinates": [ 16.031861, 53.585361 ] } },
{ "type": "Feature", "properties": { "ID": 110255050, "yr": 2021, "dt": "2021-06-05T17:11:09", "WOJ": 32, "sev": 2, "c": [ 255, 165, 0, 160 ], "dmg": 0, "sli": 0, "ser": 1, "fat": 0, "row": -1, "mot": 2, "pie": -1, "uto": -1, "uwr": -1 }, "geometry": { "type": "Point", "coordinates": [ 14.708583, 52.735111 ] } },
{ "type": "Feature", "properties": { "ID": 110253652, "yr": 2021, "dt": "2021-06-04T10:12:31", "WOJ": 32, "sev": 2, "c": [ 255, 165, 0, 160 ], "dmg": 1, "sli": 0, "ser": 1, "fat": 0, "row": -1, "mot": -1, "pie": 2, "uto": -1, "uwr": -1 }, "geometry": { "type": "Point", "coordinates": [ 15.195278, 53.916917 ] } },
{ "type": "Feature", "properties": { "ID": 110253722, "yr": 2021, "dt": "2021-06-04T11:24:08", "WOJ": 32, "sev": 2, "c": [ 255, 165, 0, 160 ], "dmg": 0, "sli": 0, "ser": 2, "fat": 0, "row": -1, "mot": -1, "pie": -1, "uto": -1, "uwr": -1 }, "geometry": { "type": "Point", "coordinates": [ 14.566861, 53.094583 ] } },
{ "type": "Feature", "properties": { "ID": 110254712, "yr": 2021, "dt": "2021-06-04T20:40:00", "WOJ": 32, "sev": 2, "c": [ 255, 165, 0, 160 ], "dmg": 0, "sli": 0, "ser": 1, "fat": 0, "row": -1, "mot": 2, "pie": -1, "uto": -1, "uwr": -1 }, "geometry": { "type": "Point", "coordinates": [ 15.795611, 53.951861 ] } },
{ "type": "Feature", "properties": { "ID": 109938162, "yr": 2021, "dt": "2021-02-19T11:50:00", "WOJ": 32, "sev": 2, "c": [ 255, 165, 0, 160 ], "dmg": 1, "sli": 0, "ser": 1, "fat": 0, "row": -1, "mot": -1, "pie": 2, "uto": -1, "uwr": -1 }, "geometry": { "type": "Point", "coordinates": [ 14.564639, 53.426861 ] } },
{ "type": "Feature", "properties": { "ID": 109883021, "yr": 2021, "dt": "2021-02-11T09:43:17", "WOJ": 32, "sev": 2, "c": [ 255, 165, 0, 160 ], "dmg": 1, "sli": 0, "ser": 1, "fat": 0, "row": -1, "mot": -1, "pie": 2, "uto": -1, "uwr": -1 }, "geometry": { "type": "Point", "coordinates": [ 14.549833, 53.440667 ] } },
{ "type": "Feature", "properties": { "ID": 109882984, "yr": 2021, "dt": "2021-02-11T09:11:42", "WOJ": 32, "sev": 2, "c": [ 255, 165, 0, 160 ], "dmg": 1, "sli": 0, "ser": 1, "fat": 0, "row": -1, "mot": -1, "pie": -1, "uto": -1, "uwr": -1 }, "geometry": { "type": "Point", "coordinates": [ 14.490611, 53.408028 ] } },
{ "type": "Feature", "properties": { "ID": 109882138, "yr": 2021, "dt": "2021-02-10T07:47:57", "WOJ": 32, "sev": 2, "c": [ 255, 165, 0, 160 ], "dmg": 1, "sli": 0, "ser": 1, "fat": 0, "row": -1, "mot": -1, "pie": 2, "uto": -1, "uwr": -1 }, "geometry": { "type": "Point", "coordinates": [ 14.662778, 53.393694 ] } },
{ "type": "Feature", "properties": { "ID": 110208711, "yr": 2021, "dt": "2021-05-26T13:07:08", "WOJ": 32, "sev": 2, "c": [ 255, 165, 0, 160 ], "dmg": 1, "sli": 0, "ser": 1, "fat": 0, "row": -1, "mot": -1, "pie": 2, "uto": -1, "uwr": -1 }, "geometry": { "type": "Point", "coordinates": [ 14.542333, 53.413528 ] } },
{ "type": "Feature", "properties": { "ID": 110207084, "yr": 2021, "dt": "2021-05-25T12:10:00", "WOJ": 32, "sev": 2, "c": [ 255, 165, 0, 160 ], "dmg": 1, "sli": 0, "ser": 1, "fat": 0, "row": -1, "mot": -1, "pie": -1, "uto": -1, "uwr": -1 }, "geometry": { "type": "Point", "coordinates": [ 15.030056, 53.314361 ] } },
{ "type": "Feature", "properties": { "ID": 110208299, "yr": 2021, "dt": "2021-05-25T20:21:00", "WOJ": 32, "sev": 2, "c": [ 255, 165, 0, 160 ], "dmg": 1, "sli": 0, "ser": 1, "fat": 0, "row": -1, "mot": -1, "pie": -1, "uto": -1, "uwr": -1 }, "geometry": { "type": "Point", "coordinates": [ 14.674917, 52.657889 ] } },
{ "type": "Feature", "properties": { "ID": 110207191, "yr": 2021, "dt": "2021-05-24T16:43:45", "WOJ": 32, "sev": 2, "c": [ 255, 165, 0, 160 ], "dmg": 2, "sli": 0, "ser": 1, "fat": 0, "row": -1, "mot": -1, "pie": -1, "uto": -1, "uwr": -1 }, "geometry": { "type": "Point", "coordinates": [ 15.807194, 53.30025 ] } },
{ "type": "Feature", "properties": { "ID": 111251987, "yr": 2021, "dt": "2021-10-02T19:11:44", "WOJ": 32, "sev": 2, "c": [ 255, 165, 0, 160 ], "dmg": 1, "sli": 0, "ser": 1, "fat": 0, "row": -1, "mot": 0, "pie": -1, "uto": -1, "uwr": -1 }, "geometry": { "type": "Point", "coordinates": [ 14.489167, 53.248139 ] } },
{ "type": "Feature", "properties": { "ID": 111052805, "yr": 2021, "dt": "2021-09-30T20:27:59", "WOJ": 32, "sev": 2, "c": [ 255, 165, 0, 160 ], "dmg": 0, "sli": 0, "ser": 2, "fat": 0, "row": -1, "mot": -1, "pie": -1, "uto": -1, "uwr": -1 }, "geometry": { "type": "Point", "coordinates": [ 15.11825, 53.672417 ] } },
{ "type": "Feature", "properties": { "ID": 110927881, "yr": 2021, "dt": "2021-09-29T07:24:24", "WOJ": 32, "sev": 2, "c": [ 255, 165, 0, 160 ], "dmg": 1, "sli": 0, "ser": 1, "fat": 0, "row": 2, "mot": -1, "pie": -1, "uto": -1, "uwr": -1 }, "geometry": { "type": "Point", "coordinates": [ 14.530972, 53.420306 ] } },
{ "type": "Feature", "properties": { "ID": 110497851, "yr": 2021, "dt": "2021-09-14T05:20:00", "WOJ": 32, "sev": 2, "c": [ 255, 165, 0, 160 ], "dmg": 1, "sli": 0, "ser": 1, "fat": 0, "row": 2, "mot": -1, "pie": -1, "uto": -1, "uwr": -1 }, "geometry": { "type": "Point", "coordinates": [ 15.019778, 53.339778 ] } },
{ "type": "Feature", "properties": { "ID": 110494305, "yr": 2021, "dt": "2021-09-13T08:49:43", "WOJ": 32, "sev": 2, "c": [ 255, 165, 0, 160 ], "dmg": 1, "sli": 0, "ser": 1, "fat": 0, "row": -1, "mot": -1, "pie": 2, "uto": -1, "uwr": -1 }, "geometry": { "type": "Point", "coordinates": [ 14.538333, 53.408361 ] } },
{ "type": "Feature", "properties": { "ID": 110494251, "yr": 2021, "dt": "2021-09-13T06:40:00", "WOJ": 32, "sev": 2, "c": [ 255, 165, 0, 160 ], "dmg": 1, "sli": 2, "ser": 1, "fat": 0, "row": -1, "mot": -1, "pie": -1, "uto": -1, "uwr": -1 }, "geometry": { "type": "Point", "coordinates": [ 14.965889, 53.323389 ] } },
{ "type": "Feature", "properties": { "ID": 110500776, "yr": 2021, "dt": "2021-09-13T11:47:00", "WOJ": 32, "sev": 2, "c": [ 255, 165, 0, 160 ], "dmg": 1, "sli": 0, "ser": 1, "fat": 0, "row": 2, "mot": -1, "pie": -1, "uto": -1, "uwr": -1 }, "geometry": { "type": "Point", "coordinates": [ 14.237917, 53.91 ] } },
{ "type": "Feature", "properties": { "ID": 110252880, "yr": 2021, "dt": "2021-06-03T12:21:15", "WOJ": 32, "sev": 2, "c": [ 255, 165, 0, 160 ], "dmg": 1, "sli": 0, "ser": 1, "fat": 0, "row": 2, "mot": -1, "pie": -1, "uto": -1, "uwr": -1 }, "geometry": { "type": "Point", "coordinates": [ 14.409667, 53.438028 ] } },
{ "type": "Feature", "properties": { "ID": 110252438, "yr": 2021, "dt": "2021-06-03T16:47:00", "WOJ": 32, "sev": 2, "c": [ 255, 165, 0, 160 ], "dmg": 1, "sli": 0, "ser": 1, "fat": 0, "row": 2, "mot": -1, "pie": -1, "uto": -1, "uwr": -1 }, "geometry": { "type": "Point", "coordinates": [ 14.502944, 53.405472 ] } },
{ "type": "Feature", "properties": { "ID": 110236778, "yr": 2021, "dt": "2021-06-01T18:03:34", "WOJ": 32, "sev": 2, "c": [ 255, 165, 0, 160 ], "dmg": 1, "sli": 0, "ser": 3, "fat": 0, "row": -1, "mot": -1, "pie": -1, "uto": -1, "uwr": -1 }, "geometry": { "type": "Point", "coordinates": [ 15.153222, 53.693194 ] } },
{ "type": "Feature", "properties": { "ID": 110229517, "yr": 2021, "dt": "2021-05-31T17:33:00", "WOJ": 32, "sev": 2, "c": [ 255, 165, 0, 160 ], "dmg": 0, "sli": 0, "ser": 1, "fat": 0, "row": -1, "mot": -1, "pie": -1, "uto": -1, "uwr": -1 }, "geometry": { "type": "Point", "coordinates": [ 15.71225, 53.711722 ] } },
{ "type": "Feature", "properties": { "ID": 110228764, "yr": 2021, "dt": "2021-05-31T15:20:00", "WOJ": 32, "sev": 2, "c": [ 255, 165, 0, 160 ], "dmg": 1, "sli": 1, "ser": 1, "fat": 0, "row": -1, "mot": -1, "pie": 2, "uto": -1, "uwr": -1 }, "geometry": { "type": "Point", "coordinates": [ 14.561278, 53.431833 ] } },
{ "type": "Feature", "properties": { "ID": 110203557, "yr": 2021, "dt": "2021-05-22T10:46:03", "WOJ": 32, "sev": 2, "c": [ 255, 165, 0, 160 ], "dmg": 0, "sli": 0, "ser": 2, "fat": 0, "row": -1, "mot": -1, "pie": -1, "uto": -1, "uwr": -1 }, "geometry": { "type": "Point", "coordinates": [ 14.896583, 54.014139 ] } },
{ "type": "Feature", "properties": { "ID": 110203184, "yr": 2021, "dt": "2021-05-21T19:47:55", "WOJ": 32, "sev": 2, "c": [ 255, 165, 0, 160 ], "dmg": 1, "sli": 0, "ser": 1, "fat": 0, "row": 2, "mot": -1, "pie": -1, "uto": -1, "uwr": -1 }, "geometry": { "type": "Point", "coordinates": [ 14.656611, 53.383333 ] } },
{ "type": "Feature", "properties": { "ID": 110199186, "yr": 2021, "dt": "2021-05-21T15:13:42", "WOJ": 32, "sev": 2, "c": [ 255, 165, 0, 160 ], "dmg": 1, "sli": 0, "ser": 1, "fat": 0, "row": -1, "mot": -1, "pie": 2, "uto": -1, "uwr": -1 }, "geometry": { "type": "Point", "coordinates": [ 14.700083, 52.739194 ] } },
{ "type": "Feature", "properties": { "ID": 110188466, "yr": 2021, "dt": "2021-05-18T07:57:00", "WOJ": 32, "sev": 2, "c": [ 255, 165, 0, 160 ], "dmg": 1, "sli": 0, "ser": 1, "fat": 0, "row": -1, "mot": -1, "pie": 2, "uto": -1, "uwr": -1 }, "geometry": { "type": "Point", "coordinates": [ 14.577722, 53.501472 ] } },
{ "type": "Feature", "properties": { "ID": 110190250, "yr": 2021, "dt": "2021-05-18T00:15:00", "WOJ": 32, "sev": 2, "c": [ 255, 165, 0, 160 ], "dmg": 1, "sli": 0, "ser": 1, "fat": 0, "row": -1, "mot": -1, "pie": -1, "uto": -1, "uwr": -1 }, "geometry": { "type": "Point", "coordinates": [ 14.762778, 53.421333 ] } },
{ "type": "Feature", "properties": { "ID": 111696048, "yr": 2021, "dt": "2021-10-07T09:41:20", "WOJ": 32, "sev": 2, "c": [ 255, 165, 0, 160 ], "dmg": 1, "sli": 0, "ser": 2, "fat": 0, "row": -1, "mot": -1, "pie": -1, "uto": -1, "uwr": -1 }, "geometry": { "type": "Point", "coordinates": [ 16.292278, 54.225222 ] } },
{ "type": "Feature", "properties": { "ID": 111689474, "yr": 2021, "dt": "2021-10-06T15:36:04", "WOJ": 32, "sev": 2, "c": [ 255, 165, 0, 160 ], "dmg": 0, "sli": 0, "ser": 2, "fat": 0, "row": -1, "mot": -1, "pie": -1, "uto": -1, "uwr": -1 }, "geometry": { "type": "Point", "coordinates": [ 16.684861, 54.345389 ] } },
{ "type": "Feature", "properties": { "ID": 111688888, "yr": 2021, "dt": "2021-10-06T07:25:00", "WOJ": 32, "sev": 2, "c": [ 255, 165, 0, 160 ], "dmg": 1, "sli": 0, "ser": 1, "fat": 0, "row": -1, "mot": -1, "pie": 2, "uto": -1, "uwr": -1 }, "geometry": { "type": "Point", "coordinates": [ 14.501194, 53.421306 ] } },
{ "type": "Feature", "properties": { "ID": 111472263, "yr": 2021, "dt": "2021-10-05T10:35:36", "WOJ": 32, "sev": 2, "c": [ 255, 165, 0, 160 ], "dmg": 0, "sli": 1, "ser": 1, "fat": 0, "row": -1, "mot": -1, "pie": -1, "uto": -1, "uwr": -1 }, "geometry": { "type": "Point", "coordinates": [ 14.820778, 53.933 ] } },
{ "type": "Feature", "properties": { "ID": 111471991, "yr": 2021, "dt": "2021-10-05T07:40:13", "WOJ": 32, "sev": 2, "c": [ 255, 165, 0, 160 ], "dmg": 1, "sli": 0, "ser": 1, "fat": 0, "row": -1, "mot": -1, "pie": -1, "uto": -1, "uwr": -1 }, "geometry": { "type": "Point", "coordinates": [ 15.826333, 53.459389 ] } },
{ "type": "Feature", "properties": { "ID": 110531198, "yr": 2021, "dt": "2021-09-21T09:01:26", "WOJ": 32, "sev": 2, "c": [ 255, 165, 0, 160 ], "dmg": 1, "sli": 0, "ser": 1, "fat": 0, "row": 2, "mot": -1, "pie": -1, "uto": -1, "uwr": -1 }, "geometry": { "type": "Point", "coordinates": [ 14.762, 53.535028 ] } },
{ "type": "Feature", "properties": { "ID": 110533980, "yr": 2021, "dt": "2021-09-21T19:22:56", "WOJ": 32, "sev": 2, "c": [ 255, 165, 0, 160 ], "dmg": 1, "sli": 0, "ser": 1, "fat": 0, "row": -1, "mot": -1, "pie": 2, "uto": -1, "uwr": -1 }, "geometry": { "type": "Point", "coordinates": [ 15.022111, 52.999583 ] } },
{ "type": "Feature", "properties": { "ID": 110530154, "yr": 2021, "dt": "2021-09-19T20:20:00", "WOJ": 32, "sev": 2, "c": [ 255, 165, 0, 160 ], "dmg": 1, "sli": 0, "ser": 1, "fat": 0, "row": -1, "mot": -1, "pie": 2, "uto": -1, "uwr": -1 }, "geometry": { "type": "Point", "coordinates": [ 14.616, 53.840111 ] } },
{ "type": "Feature", "properties": { "ID": 110530178, "yr": 2021, "dt": "2021-09-18T17:13:00", "WOJ": 32, "sev": 2, "c": [ 255, 165, 0, 160 ], "dmg": 2, "sli": 1, "ser": 1, "fat": 0, "row": -1, "mot": -1, "pie": -1, "uto": -1, "uwr": -1 }, "geometry": { "type": "Point", "coordinates": [ 14.533611, 53.441667 ] } },
{ "type": "Feature", "properties": { "ID": 110219190, "yr": 2021, "dt": "2021-05-28T17:25:00", "WOJ": 32, "sev": 2, "c": [ 255, 165, 0, 160 ], "dmg": 2, "sli": 0, "ser": 1, "fat": 0, "row": -1, "mot": -1, "pie": -1, "uto": -1, "uwr": -1 }, "geometry": { "type": "Point", "coordinates": [ 15.421583, 53.36125 ] } },
{ "type": "Feature", "properties": { "ID": 110215392, "yr": 2021, "dt": "2021-05-28T07:40:42", "WOJ": 32, "sev": 2, "c": [ 255, 165, 0, 160 ], "dmg": 1, "sli": 0, "ser": 1, "fat": 0, "row": -1, "mot": -1, "pie": 2, "uto": -1, "uwr": -1 }, "geometry": { "type": "Point", "coordinates": [ 14.506139, 53.44825 ] } },
{ "type": "Feature", "properties": { "ID": 110184829, "yr": 2021, "dt": "2021-05-16T05:46:57", "WOJ": 32, "sev": 2, "c": [ 255, 165, 0, 160 ], "dmg": 0, "sli": 0, "ser": 1, "fat": 0, "row": -1, "mot": -1, "pie": -1, "uto": -1, "uwr": -1 }, "geometry": { "type": "Point", "coordinates": [ 14.615056, 53.50975 ] } },
{ "type": "Feature", "properties": { "ID": 110184927, "yr": 2021, "dt": "2021-05-16T15:45:00", "WOJ": 32, "sev": 2, "c": [ 255, 165, 0, 160 ], "dmg": 2, "sli": 0, "ser": 1, "fat": 0, "row": -1, "mot": -1, "pie": -1, "uto": -1, "uwr": -1 }, "geometry": { "type": "Point", "coordinates": [ 14.511972, 53.433139 ] } },
{ "type": "Feature", "properties": { "ID": 110185462, "yr": 2021, "dt": "2021-05-15T09:40:00", "WOJ": 32, "sev": 2, "c": [ 255, 165, 0, 160 ], "dmg": 2, "sli": 0, "ser": 1, "fat": 0, "row": -1, "mot": -1, "pie": -1, "uto": -1, "uwr": -1 }, "geometry": { "type": "Point", "coordinates": [ 14.532333, 53.450056 ] } },
{ "type": "Feature", "properties": { "ID": 110185739, "yr": 2021, "dt": "2021-05-15T19:15:00", "WOJ": 32, "sev": 2, "c": [ 255, 165, 0, 160 ], "dmg": 1, "sli": 0, "ser": 1, "fat": 0, "row": -1, "mot": -1, "pie": 2, "uto": -1, "uwr": -1 }, "geometry": { "type": "Point", "coordinates": [ 14.983444, 53.343806 ] } },
{ "type": "Feature", "properties": { "ID": 110184615, "yr": 2021, "dt": "2021-05-15T12:56:00", "WOJ": 32, "sev": 2, "c": [ 255, 165, 0, 160 ], "dmg": 1, "sli": 0, "ser": 1, "fat": 0, "row": 2, "mot": -1, "pie": -1, "uto": -1, "uwr": -1 }, "geometry": { "type": "Point", "coordinates": [ 14.435972, 53.917917 ] } },
{ "type": "Feature", "properties": { "ID": 110178802, "yr": 2021, "dt": "2021-05-12T19:10:04", "WOJ": 32, "sev": 2, "c": [ 255, 165, 0, 160 ], "dmg": 1, "sli": 0, "ser": 1, "fat": 0, "row": -1, "mot": -1, "pie": -1, "uto": -1, "uwr": -1 }, "geometry": { "type": "Point", "coordinates": [ 14.536694, 53.595083 ] } },
{ "type": "Feature", "properties": { "ID": 110178558, "yr": 2021, "dt": "2021-05-12T14:50:00", "WOJ": 32, "sev": 2, "c": [ 255, 165, 0, 160 ], "dmg": 1, "sli": 0, "ser": 1, "fat": 0, "row": -1, "mot": -1, "pie": 2, "uto": -1, "uwr": -1 }, "geometry": { "type": "Point", "coordinates": [ 14.684556, 53.395444 ] } },
{ "type": "Feature", "properties": { "ID": 110180198, "yr": 2021, "dt": "2021-05-12T15:25:00", "WOJ": 32, "sev": 2, "c": [ 255, 165, 0, 160 ], "dmg": 1, "sli": 0, "ser": 1, "fat": 0, "row": -1, "mot": -1, "pie": 2, "uto": -1, "uwr": -1 }, "geometry": { "type": "Point", "coordinates": [ 15.168694, 53.929139 ] } },
{ "type": "Feature", "properties": { "ID": 110177333, "yr": 2021, "dt": "2021-05-11T15:04:58", "WOJ": 32, "sev": 2, "c": [ 255, 165, 0, 160 ], "dmg": 1, "sli": 0, "ser": 1, "fat": 0, "row": -1, "mot": -1, "pie": -1, "uto": -1, "uwr": -1 }, "geometry": { "type": "Point", "coordinates": [ 16.451222, 54.277722 ] } },
{ "type": "Feature", "properties": { "ID": 110176642, "yr": 2021, "dt": "2021-05-11T15:39:08", "WOJ": 32, "sev": 2, "c": [ 255, 165, 0, 160 ], "dmg": 0, "sli": 0, "ser": 2, "fat": 0, "row": -1, "mot": 2, "pie": 2, "uto": -1, "uwr": -1 }, "geometry": { "type": "Point", "coordinates": [ 15.731611, 54.199222 ] } },
{ "type": "Feature", "properties": { "ID": 110172953, "yr": 2021, "dt": "2021-05-09T21:10:00", "WOJ": 32, "sev": 2, "c": [ 255, 165, 0, 160 ], "dmg": 0, "sli": 0, "ser": 2, "fat": 0, "row": -1, "mot": -1, "pie": -1, "uto": -1, "uwr": -1 }, "geometry": { "type": "Point", "coordinates": [ 16.323222, 54.237556 ] } },
{ "type": "Feature", "properties": { "ID": 110918979, "yr": 2021, "dt": "2021-09-28T14:28:35", "WOJ": 32, "sev": 2, "c": [ 255, 165, 0, 160 ], "dmg": 1, "sli": 0, "ser": 4, "fat": 0, "row": -1, "mot": -1, "pie": -1, "uto": -1, "uwr": -1 }, "geometry": { "type": "Point", "coordinates": [ 14.789361, 53.296167 ] } },
{ "type": "Feature", "properties": { "ID": 110819808, "yr": 2021, "dt": "2021-09-28T06:56:30", "WOJ": 32, "sev": 2, "c": [ 255, 165, 0, 160 ], "dmg": 1, "sli": 0, "ser": 1, "fat": 0, "row": 2, "mot": -1, "pie": -1, "uto": -1, "uwr": -1 }, "geometry": { "type": "Point", "coordinates": [ 14.249722, 53.914583 ] } },
{ "type": "Feature", "properties": { "ID": 110565835, "yr": 2021, "dt": "2021-09-26T10:36:40", "WOJ": 32, "sev": 2, "c": [ 255, 165, 0, 160 ], "dmg": 2, "sli": 0, "ser": 1, "fat": 0, "row": -1, "mot": -1, "pie": -1, "uto": -1, "uwr": -1 }, "geometry": { "type": "Point", "coordinates": [ 16.009806, 53.563611 ] } },
{ "type": "Feature", "properties": { "ID": 110665808, "yr": 2021, "dt": "2021-09-24T19:10:00", "WOJ": 32, "sev": 2, "c": [ 255, 165, 0, 160 ], "dmg": 0, "sli": 0, "ser": 1, "fat": 0, "row": -1, "mot": -1, "pie": -1, "uto": -1, "uwr": -1 }, "geometry": { "type": "Point", "coordinates": [ 16.060111, 54.005389 ] } },
{ "type": "Feature", "properties": { "ID": 110206532, "yr": 2021, "dt": "2021-05-24T17:01:00", "WOJ": 32, "sev": 2, "c": [ 255, 165, 0, 160 ], "dmg": 2, "sli": 1, "ser": 1, "fat": 0, "row": -1, "mot": -1, "pie": -1, "uto": -1, "uwr": -1 }, "geometry": { "type": "Point", "coordinates": [ 14.721361, 53.411111 ] } },
{ "type": "Feature", "properties": { "ID": 113677477, "yr": 2021, "dt": "2021-11-30T20:26:14", "WOJ": 32, "sev": 2, "c": [ 255, 165, 0, 160 ], "dmg": 1, "sli": 0, "ser": 1, "fat": 0, "row": -1, "mot": -1, "pie": 2, "uto": -1, "uwr": -1 }, "geometry": { "type": "Point", "coordinates": [ 14.58225, 53.496889 ] } },
{ "type": "Feature", "properties": { "ID": 113477001, "yr": 2021, "dt": "2021-11-18T12:43:05", "WOJ": 32, "sev": 2, "c": [ 255, 165, 0, 160 ], "dmg": 1, "sli": 0, "ser": 1, "fat": 0, "row": -1, "mot": -1, "pie": -1, "uto": -1, "uwr": -1 }, "geometry": { "type": "Point", "coordinates": [ 15.728306, 53.875611 ] } },
{ "type": "Feature", "properties": { "ID": 113477070, "yr": 2021, "dt": "2021-11-18T16:59:48", "WOJ": 32, "sev": 2, "c": [ 255, 165, 0, 160 ], "dmg": 1, "sli": 0, "ser": 1, "fat": 0, "row": -1, "mot": -1, "pie": 2, "uto": -1, "uwr": -1 }, "geometry": { "type": "Point", "coordinates": [ 14.549167, 53.432556 ] } },
{ "type": "Feature", "properties": { "ID": 113431628, "yr": 2021, "dt": "2021-11-16T12:26:07", "WOJ": 32, "sev": 2, "c": [ 255, 165, 0, 160 ], "dmg": 1, "sli": 0, "ser": 1, "fat": 0, "row": 2, "mot": -1, "pie": -1, "uto": -1, "uwr": -1 }, "geometry": { "type": "Point", "coordinates": [ 15.016333, 53.503111 ] } },
{ "type": "Feature", "properties": { "ID": 113469418, "yr": 2021, "dt": "2021-11-16T16:43:28", "WOJ": 32, "sev": 2, "c": [ 255, 165, 0, 160 ], "dmg": 0, "sli": 1, "ser": 1, "fat": 0, "row": -1, "mot": -1, "pie": -1, "uto": -1, "uwr": -1 }, "geometry": { "type": "Point", "coordinates": [ 16.197861, 53.190111 ] } },
{ "type": "Feature", "properties": { "ID": 110037140, "yr": 2021, "dt": "2021-03-10T10:27:40", "WOJ": 32, "sev": 2, "c": [ 255, 165, 0, 160 ], "dmg": 1, "sli": 0, "ser": 1, "fat": 0, "row": -1, "mot": -1, "pie": -1, "uto": -1, "uwr": -1 }, "geometry": { "type": "Point", "coordinates": [ 16.848083, 53.902778 ] } },
{ "type": "Feature", "properties": { "ID": 110035460, "yr": 2021, "dt": "2021-03-10T06:19:00", "WOJ": 32, "sev": 2, "c": [ 255, 165, 0, 160 ], "dmg": 1, "sli": 0, "ser": 1, "fat": 0, "row": -1, "mot": -1, "pie": 2, "uto": -1, "uwr": -1 }, "geometry": { "type": "Point", "coordinates": [ 14.564222, 53.443 ] } },
{ "type": "Feature", "properties": { "ID": 109977648, "yr": 2021, "dt": "2021-03-09T15:17:00", "WOJ": 32, "sev": 2, "c": [ 255, 165, 0, 160 ], "dmg": 1, "sli": 0, "ser": 1, "fat": 0, "row": -1, "mot": 2, "pie": -1, "uto": -1, "uwr": -1 }, "geometry": { "type": "Point", "coordinates": [ 14.531278, 53.421306 ] } },
{ "type": "Feature", "properties": { "ID": 110002140, "yr": 2021, "dt": "2021-03-09T18:20:00", "WOJ": 32, "sev": 2, "c": [ 255, 165, 0, 160 ], "dmg": 1, "sli": 0, "ser": 1, "fat": 0, "row": -1, "mot": -1, "pie": 2, "uto": -1, "uwr": -1 }, "geometry": { "type": "Point", "coordinates": [ 15.036306, 53.338361 ] } },
{ "type": "Feature", "properties": { "ID": 110159204, "yr": 2021, "dt": "2021-05-01T11:27:11", "WOJ": 32, "sev": 2, "c": [ 255, 165, 0, 160 ], "dmg": 0, "sli": 0, "ser": 1, "fat": 0, "row": -1, "mot": 2, "pie": -1, "uto": -1, "uwr": -1 }, "geometry": { "type": "Point", "coordinates": [ 16.045056, 53.789861 ] } },
{ "type": "Feature", "properties": { "ID": 110157250, "yr": 2021, "dt": "2021-04-30T09:25:00", "WOJ": 32, "sev": 2, "c": [ 255, 165, 0, 160 ], "dmg": 1, "sli": 0, "ser": 1, "fat": 0, "row": -1, "mot": -1, "pie": 2, "uto": -1, "uwr": -1 }, "geometry": { "type": "Point", "coordinates": [ 14.565167, 53.419361 ] } },
{ "type": "Feature", "properties": { "ID": 110162163, "yr": 2021, "dt": "2021-04-30T19:15:00", "WOJ": 32, "sev": 2, "c": [ 255, 165, 0, 160 ], "dmg": 1, "sli": 0, "ser": 1, "fat": 0, "row": -1, "mot": -1, "pie": -1, "uto": -1, "uwr": -1 }, "geometry": { "type": "Point", "coordinates": [ 14.492889, 53.415861 ] } },
{ "type": "Feature", "properties": { "ID": 110148987, "yr": 2021, "dt": "2021-04-28T10:36:00", "WOJ": 32, "sev": 2, "c": [ 255, 165, 0, 160 ], "dmg": 1, "sli": 0, "ser": 1, "fat": 0, "row": -1, "mot": -1, "pie": 2, "uto": -1, "uwr": -1 }, "geometry": { "type": "Point", "coordinates": [ 16.698417, 53.707667 ] } },
{ "type": "Feature", "properties": { "ID": 111846822, "yr": 2021, "dt": "2021-10-18T06:45:00", "WOJ": 32, "sev": 2, "c": [ 255, 165, 0, 160 ], "dmg": 1, "sli": 1, "ser": 1, "fat": 0, "row": -1, "mot": -1, "pie": 2, "uto": -1, "uwr": -1 }, "geometry": { "type": "Point", "coordinates": [ 14.532806, 53.454722 ] } },
{ "type": "Feature", "properties": { "ID": 111406806, "yr": 2021, "dt": "2021-10-04T10:10:42", "WOJ": 32, "sev": 2, "c": [ 255, 165, 0, 160 ], "dmg": 1, "sli": 0, "ser": 1, "fat": 0, "row": -1, "mot": -1, "pie": 2, "uto": -1, "uwr": -1 }, "geometry": { "type": "Point", "coordinates": [ 16.1945, 54.190139 ] } },
{ "type": "Feature", "properties": { "ID": 110187108, "yr": 2021, "dt": "2021-05-17T16:41:28", "WOJ": 32, "sev": 2, "c": [ 255, 165, 0, 160 ], "dmg": 1, "sli": 0, "ser": 1, "fat": 0, "row": 2, "mot": -1, "pie": -1, "uto": -1, "uwr": -1 }, "geometry": { "type": "Point", "coordinates": [ 14.509111, 53.450806 ] } },
{ "type": "Feature", "properties": { "ID": 112634394, "yr": 2021, "dt": "2021-10-25T19:06:11", "WOJ": 32, "sev": 2, "c": [ 255, 165, 0, 160 ], "dmg": 0, "sli": 0, "ser": 1, "fat": 0, "row": -1, "mot": -1, "pie": -1, "uto": -1, "uwr": -1 }, "geometry": { "type": "Point", "coordinates": [ 16.014611, 53.578028 ] } },
{ "type": "Feature", "properties": { "ID": 112634354, "yr": 2021, "dt": "2021-10-25T18:02:21", "WOJ": 32, "sev": 2, "c": [ 255, 165, 0, 160 ], "dmg": 1, "sli": 0, "ser": 1, "fat": 0, "row": -1, "mot": -1, "pie": 2, "uto": -1, "uwr": -1 }, "geometry": { "type": "Point", "coordinates": [ 15.249556, 53.004722 ] } },
{ "type": "Feature", "properties": { "ID": 112589432, "yr": 2021, "dt": "2021-10-24T17:09:43", "WOJ": 32, "sev": 2, "c": [ 255, 165, 0, 160 ], "dmg": 0, "sli": 0, "ser": 1, "fat": 0, "row": -1, "mot": -1, "pie": -1, "uto": -1, "uwr": -1 }, "geometry": { "type": "Point", "coordinates": [ 14.776, 53.712611 ] } },
{ "type": "Feature", "properties": { "ID": 112344776, "yr": 2021, "dt": "2021-10-23T08:18:49", "WOJ": 32, "sev": 2, "c": [ 255, 165, 0, 160 ], "dmg": 0, "sli": 0, "ser": 1, "fat": 0, "row": -1, "mot": -1, "pie": -1, "uto": -1, "uwr": -1 }, "geometry": { "type": "Point", "coordinates": [ 15.6025, 53.965361 ] } },
{ "type": "Feature", "properties": { "ID": 110169921, "yr": 2021, "dt": "2021-05-06T17:02:00", "WOJ": 32, "sev": 2, "c": [ 255, 165, 0, 160 ], "dmg": 1, "sli": 0, "ser": 1, "fat": 0, "row": -1, "mot": -1, "pie": 2, "uto": -1, "uwr": -1 }, "geometry": { "type": "Point", "coordinates": [ 14.544139, 53.44325 ] } },
{ "type": "Feature", "properties": { "ID": 111715868, "yr": 2021, "dt": "2021-10-11T18:45:23", "WOJ": 32, "sev": 2, "c": [ 255, 165, 0, 160 ], "dmg": 1, "sli": 0, "ser": 1, "fat": 0, "row": -1, "mot": -1, "pie": 2, "uto": -1, "uwr": -1 }, "geometry": { "type": "Point", "coordinates": [ 14.557806, 53.429778 ] } },
{ "type": "Feature", "properties": { "ID": 111713471, "yr": 2021, "dt": "2021-10-11T23:35:15", "WOJ": 32, "sev": 2, "c": [ 255, 165, 0, 160 ], "dmg": 1, "sli": 0, "ser": 1, "fat": 0, "row": 2, "mot": -1, "pie": -1, "uto": -1, "uwr": -1 }, "geometry": { "type": "Point", "coordinates": [ 14.791278, 53.572861 ] } },
{ "type": "Feature", "properties": { "ID": 111715009, "yr": 2021, "dt": "2021-10-11T06:30:00", "WOJ": 32, "sev": 2, "c": [ 255, 165, 0, 160 ], "dmg": 1, "sli": 0, "ser": 1, "fat": 0, "row": -1, "mot": -1, "pie": -1, "uto": -1, "uwr": -1 }, "geometry": { "type": "Point", "coordinates": [ 15.293, 53.43125 ] } },
{ "type": "Feature", "properties": { "ID": 110166777, "yr": 2021, "dt": "2021-05-05T16:10:00", "WOJ": 32, "sev": 2, "c": [ 255, 165, 0, 160 ], "dmg": 2, "sli": 1, "ser": 1, "fat": 0, "row": -1, "mot": -1, "pie": -1, "uto": -1, "uwr": -1 }, "geometry": { "type": "Point", "coordinates": [ 14.996306, 53.376972 ] } },
{ "type": "Feature", "properties": { "ID": 110164247, "yr": 2021, "dt": "2021-05-03T21:25:00", "WOJ": 32, "sev": 2, "c": [ 255, 165, 0, 160 ], "dmg": 1, "sli": 0, "ser": 1, "fat": 0, "row": -1, "mot": -1, "pie": -1, "uto": -1, "uwr": -1 }, "geometry": { "type": "Point", "coordinates": [ 15.419667, 53.165583 ] } },
{ "type": "Feature", "properties": { "ID": 109959608, "yr": 2021, "dt": "2021-02-27T12:39:00", "WOJ": 32, "sev": 2, "c": [ 255, 165, 0, 160 ], "dmg": 1, "sli": 0, "ser": 1, "fat": 0, "row": -1, "mot": -1, "pie": 2, "uto": -1, "uwr": -1 }, "geometry": { "type": "Point", "coordinates": [ 14.566889, 53.429722 ] } },
{ "type": "Feature", "properties": { "ID": 109968843, "yr": 2021, "dt": "2021-02-24T16:15:00", "WOJ": 32, "sev": 2, "c": [ 255, 165, 0, 160 ], "dmg": 1, "sli": 0, "ser": 1, "fat": 0, "row": -1, "mot": -1, "pie": 2, "uto": -1, "uwr": -1 }, "geometry": { "type": "Point", "coordinates": [ 16.699, 53.705444 ] } },
{ "type": "Feature", "properties": { "ID": 109951422, "yr": 2021, "dt": "2021-02-24T05:17:44", "WOJ": 32, "sev": 2, "c": [ 255, 165, 0, 160 ], "dmg": 1, "sli": 0, "ser": 1, "fat": 0, "row": 2, "mot": -1, "pie": -1, "uto": -1, "uwr": -1 }, "geometry": { "type": "Point", "coordinates": [ 14.54775, 53.443361 ] } },
{ "type": "Feature", "properties": { "ID": 109955544, "yr": 2021, "dt": "2021-02-24T12:37:00", "WOJ": 32, "sev": 2, "c": [ 255, 165, 0, 160 ], "dmg": 2, "sli": 0, "ser": 1, "fat": 0, "row": -1, "mot": -1, "pie": -1, "uto": -1, "uwr": -1 }, "geometry": { "type": "Point", "coordinates": [ 14.523222, 53.421028 ] } },
{ "type": "Feature", "properties": { "ID": 113755087, "yr": 2021, "dt": "2021-12-01T13:43:46", "WOJ": 32, "sev": 2, "c": [ 255, 165, 0, 160 ], "dmg": 1, "sli": 0, "ser": 1, "fat": 0, "row": -1, "mot": -1, "pie": 2, "uto": -1, "uwr": -1 }, "geometry": { "type": "Point", "coordinates": [ 15.564472, 54.1805 ] } },
{ "type": "Feature", "properties": { "ID": 113649821, "yr": 2021, "dt": "2021-11-30T08:40:00", "WOJ": 32, "sev": 2, "c": [ 255, 165, 0, 160 ], "dmg": 1, "sli": 0, "ser": 1, "fat": 0, "row": 2, "mot": -1, "pie": -1, "uto": -1, "uwr": -1 }, "geometry": { "type": "Point", "coordinates": [ 15.010306, 53.343889 ] } },
{ "type": "Feature", "properties": { "ID": 110133746, "yr": 2021, "dt": "2021-04-20T17:31:09", "WOJ": 32, "sev": 2, "c": [ 255, 165, 0, 160 ], "dmg": 1, "sli": 0, "ser": 1, "fat": 0, "row": -1, "mot": 2, "pie": -1, "uto": -1, "uwr": -1 }, "geometry": { "type": "Point", "coordinates": [ 15.769361, 53.772083 ] } },
{ "type": "Feature", "properties": { "ID": 110133559, "yr": 2021, "dt": "2021-04-20T16:08:45", "WOJ": 32, "sev": 2, "c": [ 255, 165, 0, 160 ], "dmg": 1, "sli": 0, "ser": 1, "fat": 0, "row": -1, "mot": -1, "pie": -1, "uto": -1, "uwr": -1 }, "geometry": { "type": "Point", "coordinates": [ 16.460972, 54.155278 ] } },
{ "type": "Feature", "properties": { "ID": 110132685, "yr": 2021, "dt": "2021-04-19T23:24:53", "WOJ": 32, "sev": 2, "c": [ 255, 165, 0, 160 ], "dmg": 0, "sli": 0, "ser": 1, "fat": 0, "row": -1, "mot": -1, "pie": -1, "uto": -1, "uwr": -1 }, "geometry": { "type": "Point", "coordinates": [ 15.362861, 53.276111 ] } },
{ "type": "Feature", "properties": { "ID": 110130009, "yr": 2021, "dt": "2021-04-18T18:52:48", "WOJ": 32, "sev": 2, "c": [ 255, 165, 0, 160 ], "dmg": 1, "sli": 1, "ser": 2, "fat": 0, "row": -1, "mot": -1, "pie": -1, "uto": -1, "uwr": -1 }, "geometry": { "type": "Point", "coordinates": [ 15.156194, 53.616 ] } },
{ "type": "Feature", "properties": { "ID": 110134204, "yr": 2021, "dt": "2021-04-18T01:00:00", "WOJ": 32, "sev": 2, "c": [ 255, 165, 0, 160 ], "dmg": 1, "sli": 0, "ser": 1, "fat": 0, "row": -1, "mot": -1, "pie": -1, "uto": -1, "uwr": -1 }, "geometry": { "type": "Point", "coordinates": [ 16.072778, 54.088972 ] } },
{ "type": "Feature", "properties": { "ID": 113035269, "yr": 2021, "dt": "2021-10-29T18:54:05", "WOJ": 32, "sev": 2, "c": [ 255, 165, 0, 160 ], "dmg": 2, "sli": 1, "ser": 1, "fat": 0, "row": -1, "mot": -1, "pie": -1, "uto": -1, "uwr": -1 }, "geometry": { "type": "Point", "coordinates": [ 15.0045, 54.079194 ] } },
{ "type": "Feature", "properties": { "ID": 113001025, "yr": 2021, "dt": "2021-10-28T04:52:08", "WOJ": 32, "sev": 2, "c": [ 255, 165, 0, 160 ], "dmg": 1, "sli": 0, "ser": 1, "fat": 0, "row": 2, "mot": -1, "pie": -1, "uto": -1, "uwr": -1 }, "geometry": { "type": "Point", "coordinates": [ 15.237222, 53.810111 ] } },
{ "type": "Feature", "properties": { "ID": 111847041, "yr": 2021, "dt": "2021-10-15T15:20:00", "WOJ": 32, "sev": 2, "c": [ 255, 165, 0, 160 ], "dmg": 0, "sli": 0, "ser": 3, "fat": 0, "row": -1, "mot": -1, "pie": -1, "uto": -1, "uwr": -1 }, "geometry": { "type": "Point", "coordinates": [ 16.054167, 54.039 ] } },
{ "type": "Feature", "properties": { "ID": 111719427, "yr": 2021, "dt": "2021-10-13T16:55:43", "WOJ": 32, "sev": 2, "c": [ 255, 165, 0, 160 ], "dmg": 1, "sli": 0, "ser": 1, "fat": 0, "row": -1, "mot": -1, "pie": -1, "uto": -1, "uwr": -1 }, "geometry": { "type": "Point", "coordinates": [ 15.805194, 53.234361 ] } },
{ "type": "Feature", "properties": { "ID": 111716490, "yr": 2021, "dt": "2021-10-12T19:10:00", "WOJ": 32, "sev": 2, "c": [ 255, 165, 0, 160 ], "dmg": 1, "sli": 0, "ser": 1, "fat": 0, "row": -1, "mot": -1, "pie": 2, "uto": -1, "uwr": -1 }, "geometry": { "type": "Point", "coordinates": [ 15.043861, 53.339194 ] } },
{ "type": "Feature", "properties": { "ID": 110148576, "yr": 2021, "dt": "2021-04-27T15:52:09", "WOJ": 32, "sev": 2, "c": [ 255, 165, 0, 160 ], "dmg": 0, "sli": 3, "ser": 1, "fat": 0, "row": -1, "mot": -1, "pie": -1, "uto": -1, "uwr": -1 }, "geometry": { "type": "Point", "coordinates": [ 14.490056, 53.451694 ] } },
{ "type": "Feature", "properties": { "ID": 110148569, "yr": 2021, "dt": "2021-04-27T13:02:09", "WOJ": 32, "sev": 2, "c": [ 255, 165, 0, 160 ], "dmg": 1, "sli": 0, "ser": 2, "fat": 0, "row": -1, "mot": -1, "pie": -1, "uto": -1, "uwr": -1 }, "geometry": { "type": "Point", "coordinates": [ 14.727611, 52.752444 ] } },
{ "type": "Feature", "properties": { "ID": 110147707, "yr": 2021, "dt": "2021-04-27T16:56:52", "WOJ": 32, "sev": 2, "c": [ 255, 165, 0, 160 ], "dmg": 0, "sli": 0, "ser": 1, "fat": 0, "row": -1, "mot": -1, "pie": -1, "uto": -1, "uwr": -1 }, "geometry": { "type": "Point", "coordinates": [ 14.4995, 53.456139 ] } },
{ "type": "Feature", "properties": { "ID": 110147634, "yr": 2021, "dt": "2021-04-27T18:33:00", "WOJ": 32, "sev": 2, "c": [ 255, 165, 0, 160 ], "dmg": 1, "sli": 0, "ser": 1, "fat": 0, "row": 2, "mot": -1, "pie": -1, "uto": -1, "uwr": -1 }, "geometry": { "type": "Point", "coordinates": [ 14.537083, 53.427194 ] } },
{ "type": "Feature", "properties": { "ID": 110142161, "yr": 2021, "dt": "2021-04-24T00:30:00", "WOJ": 32, "sev": 2, "c": [ 255, 165, 0, 160 ], "dmg": 1, "sli": 0, "ser": 1, "fat": 0, "row": -1, "mot": -1, "pie": 2, "uto": -1, "uwr": -1 }, "geometry": { "type": "Point", "coordinates": [ 15.295528, 53.027 ] } },
{ "type": "Feature", "properties": { "ID": 110142586, "yr": 2021, "dt": "2021-04-24T18:25:00", "WOJ": 32, "sev": 2, "c": [ 255, 165, 0, 160 ], "dmg": 0, "sli": 0, "ser": 1, "fat": 0, "row": -1, "mot": 2, "pie": -1, "uto": -1, "uwr": -1 }, "geometry": { "type": "Point", "coordinates": [ 15.588028, 54.177806 ] } },
{ "type": "Feature", "properties": { "ID": 112971847, "yr": 2021, "dt": "2021-10-27T09:03:03", "WOJ": 32, "sev": 2, "c": [ 255, 165, 0, 160 ], "dmg": 1, "sli": 0, "ser": 1, "fat": 0, "row": -1, "mot": -1, "pie": 2, "uto": -1, "uwr": -1 }, "geometry": { "type": "Point", "coordinates": [ 14.55025, 53.447333 ] } },
{ "type": "Feature", "properties": { "ID": 113001488, "yr": 2021, "dt": "2021-10-26T16:50:00", "WOJ": 32, "sev": 2, "c": [ 255, 165, 0, 160 ], "dmg": 0, "sli": 0, "ser": 1, "fat": 0, "row": -1, "mot": -1, "pie": -1, "uto": -1, "uwr": -1 }, "geometry": { "type": "Point", "coordinates": [ 15.75, 54.177833 ] } },
{ "type": "Feature", "properties": { "ID": 110127696, "yr": 2021, "dt": "2021-04-16T07:54:28", "WOJ": 32, "sev": 2, "c": [ 255, 165, 0, 160 ], "dmg": 0, "sli": 0, "ser": 1, "fat": 0, "row": -1, "mot": -1, "pie": -1, "uto": -1, "uwr": -1 }, "geometry": { "type": "Point", "coordinates": [ 15.263528, 53.481972 ] } },
{ "type": "Feature", "properties": { "ID": 110128391, "yr": 2021, "dt": "2021-04-16T09:41:54", "WOJ": 32, "sev": 2, "c": [ 255, 165, 0, 160 ], "dmg": 0, "sli": 2, "ser": 3, "fat": 0, "row": -1, "mot": -1, "pie": -1, "uto": -1, "uwr": -1 }, "geometry": { "type": "Point", "coordinates": [ 14.794889, 53.355639 ] } },
{ "type": "Feature", "properties": { "ID": 110129267, "yr": 2021, "dt": "2021-04-16T21:40:00", "WOJ": 32, "sev": 2, "c": [ 255, 165, 0, 160 ], "dmg": 1, "sli": 0, "ser": 1, "fat": 0, "row": -1, "mot": -1, "pie": -1, "uto": -1, "uwr": -1 }, "geometry": { "type": "Point", "coordinates": [ 14.511861, 53.433222 ] } },
{ "type": "Feature", "properties": { "ID": 110124445, "yr": 2021, "dt": "2021-04-13T21:40:00", "WOJ": 32, "sev": 2, "c": [ 255, 165, 0, 160 ], "dmg": 1, "sli": 0, "ser": 1, "fat": 0, "row": -1, "mot": -1, "pie": 2, "uto": -1, "uwr": -1 }, "geometry": { "type": "Point", "coordinates": [ 14.552861, 53.441833 ] } },
{ "type": "Feature", "properties": { "ID": 110120940, "yr": 2021, "dt": "2021-04-11T16:31:45", "WOJ": 32, "sev": 2, "c": [ 255, 165, 0, 160 ], "dmg": 1, "sli": 0, "ser": 1, "fat": 0, "row": -1, "mot": 2, "pie": -1, "uto": -1, "uwr": -1 }, "geometry": { "type": "Point", "coordinates": [ 15.31875, 53.451444 ] } },
{ "type": "Feature", "properties": { "ID": 110119301, "yr": 2021, "dt": "2021-04-09T15:30:09", "WOJ": 32, "sev": 2, "c": [ 255, 165, 0, 160 ], "dmg": 1, "sli": 0, "ser": 1, "fat": 0, "row": -1, "mot": -1, "pie": -1, "uto": -1, "uwr": -1 }, "geometry": { "type": "Point", "coordinates": [ 14.418556, 52.95825 ] } },
{ "type": "Feature", "properties": { "ID": 113143686, "yr": 2021, "dt": "2021-11-05T18:14:54", "WOJ": 32, "sev": 2, "c": [ 255, 165, 0, 160 ], "dmg": 1, "sli": 0, "ser": 1, "fat": 0, "row": -1, "mot": -1, "pie": 2, "uto": -1, "uwr": -1 }, "geometry": { "type": "Point", "coordinates": [ 16.565806, 54.327444 ] } },
{ "type": "Feature", "properties": { "ID": 113270818, "yr": 2021, "dt": "2021-11-05T20:06:11", "WOJ": 32, "sev": 2, "c": [ 255, 165, 0, 160 ], "dmg": 1, "sli": 0, "ser": 1, "fat": 0, "row": -1, "mot": -1, "pie": 2, "uto": -1, "uwr": -1 }, "geometry": { "type": "Point", "coordinates": [ 16.208722, 54.198083 ] } },
{ "type": "Feature", "properties": { "ID": 113086675, "yr": 2021, "dt": "2021-11-04T18:00:00", "WOJ": 32, "sev": 2, "c": [ 255, 165, 0, 160 ], "dmg": 1, "sli": 0, "ser": 1, "fat": 0, "row": -1, "mot": -1, "pie": 2, "uto": -1, "uwr": -1 }, "geometry": { "type": "Point", "coordinates": [ 14.549722, 53.445 ] } },
{ "type": "Feature", "properties": { "ID": 112147784, "yr": 2021, "dt": "2021-10-20T07:38:45", "WOJ": 32, "sev": 2, "c": [ 255, 165, 0, 160 ], "dmg": 0, "sli": 3, "ser": 1, "fat": 0, "row": -1, "mot": -1, "pie": -1, "uto": -1, "uwr": -1 }, "geometry": { "type": "Point", "coordinates": [ 14.814639, 53.543472 ] } },
{ "type": "Feature", "properties": { "ID": 112146849, "yr": 2021, "dt": "2021-10-19T07:47:54", "WOJ": 32, "sev": 2, "c": [ 255, 165, 0, 160 ], "dmg": 1, "sli": 0, "ser": 1, "fat": 0, "row": -1, "mot": -1, "pie": 2, "uto": -1, "uwr": -1 }, "geometry": { "type": "Point", "coordinates": [ 16.191972, 54.181639 ] } },
{ "type": "Feature", "properties": { "ID": 112456851, "yr": 2021, "dt": "2021-10-19T07:00:00", "WOJ": 32, "sev": 2, "c": [ 255, 165, 0, 160 ], "dmg": 1, "sli": 0, "ser": 1, "fat": 0, "row": -1, "mot": -1, "pie": -1, "uto": -1, "uwr": -1 }, "geometry": { "type": "Point", "coordinates": [ 16.707056, 53.685278 ] } },
{ "type": "Feature", "properties": { "ID": 110137630, "yr": 2021, "dt": "2021-04-21T23:50:00", "WOJ": 32, "sev": 2, "c": [ 255, 165, 0, 160 ], "dmg": 2, "sli": 0, "ser": 1, "fat": 0, "row": -1, "mot": -1, "pie": -1, "uto": -1, "uwr": -1 }, "geometry": { "type": "Point", "coordinates": [ 14.4685, 52.795944 ] } },
{ "type": "Feature", "properties": { "ID": 110137517, "yr": 2021, "dt": "2021-04-21T20:05:59", "WOJ": 32, "sev": 2, "c": [ 255, 165, 0, 160 ], "dmg": 1, "sli": 0, "ser": 1, "fat": 0, "row": -1, "mot": 2, "pie": -1, "uto": -1, "uwr": -1 }, "geometry": { "type": "Point", "coordinates": [ 14.550556, 53.453806 ] } },
{ "type": "Feature", "properties": { "ID": 110105267, "yr": 2021, "dt": "2021-04-05T20:08:18", "WOJ": 32, "sev": 2, "c": [ 255, 165, 0, 160 ], "dmg": 1, "sli": 0, "ser": 1, "fat": 0, "row": -1, "mot": -1, "pie": 2, "uto": -1, "uwr": -1 }, "geometry": { "type": "Point", "coordinates": [ 14.553278, 53.424444 ] } },
{ "type": "Feature", "properties": { "ID": 110098775, "yr": 2021, "dt": "2021-04-02T13:53:00", "WOJ": 32, "sev": 2, "c": [ 255, 165, 0, 160 ], "dmg": 2, "sli": 0, "ser": 1, "fat": 0, "row": -1, "mot": -1, "pie": -1, "uto": -1, "uwr": -1 }, "geometry": { "type": "Point", "coordinates": [ 14.523528, 53.430972 ] } },
{ "type": "Feature", "properties": { "ID": 110098381, "yr": 2021, "dt": "2021-04-01T21:20:00", "WOJ": 32, "sev": 2, "c": [ 255, 165, 0, 160 ], "dmg": 2, "sli": 1, "ser": 1, "fat": 0, "row": -1, "mot": -1, "pie": -1, "uto": -1, "uwr": -1 }, "geometry": { "type": "Point", "coordinates": [ 15.494833, 53.269722 ] } },
{ "type": "Feature", "properties": { "ID": 110094638, "yr": 2021, "dt": "2021-03-31T18:36:03", "WOJ": 32, "sev": 2, "c": [ 255, 165, 0, 160 ], "dmg": 0, "sli": 0, "ser": 1, "fat": 0, "row": -1, "mot": -1, "pie": -1, "uto": -1, "uwr": -1 }, "geometry": { "type": "Point", "coordinates": [ 16.455639, 53.330444 ] } },
{ "type": "Feature", "properties": { "ID": 110123067, "yr": 2021, "dt": "2021-03-31T15:50:00", "WOJ": 32, "sev": 2, "c": [ 255, 165, 0, 160 ], "dmg": 0, "sli": 1, "ser": 1, "fat": 0, "row": -1, "mot": 2, "pie": -1, "uto": -1, "uwr": -1 }, "geometry": { "type": "Point", "coordinates": [ 14.331417, 53.602111 ] } },
{ "type": "Feature", "properties": { "ID": 110089684, "yr": 2021, "dt": "2021-03-30T00:07:00", "WOJ": 32, "sev": 2, "c": [ 255, 165, 0, 160 ], "dmg": 0, "sli": 0, "ser": 1, "fat": 0, "row": -1, "mot": -1, "pie": -1, "uto": -1, "uwr": -1 }, "geometry": { "type": "Point", "coordinates": [ 14.741417, 53.614778 ] } },
{ "type": "Feature", "properties": { "ID": 113465837, "yr": 2021, "dt": "2021-11-15T11:30:48", "WOJ": 32, "sev": 2, "c": [ 255, 165, 0, 160 ], "dmg": 1, "sli": 0, "ser": 1, "fat": 0, "row": -1, "mot": -1, "pie": 2, "uto": -1, "uwr": -1 }, "geometry": { "type": "Point", "coordinates": [ 14.557472, 53.438389 ] } },
{ "type": "Feature", "properties": { "ID": 113431243, "yr": 2021, "dt": "2021-11-14T12:40:00", "WOJ": 32, "sev": 2, "c": [ 255, 165, 0, 160 ], "dmg": 0, "sli": 0, "ser": 1, "fat": 0, "row": -1, "mot": -1, "pie": -1, "uto": -1, "uwr": -1 }, "geometry": { "type": "Point", "coordinates": [ 14.691361, 53.625417 ] } },
{ "type": "Feature", "properties": { "ID": 113406012, "yr": 2021, "dt": "2021-11-11T19:18:35", "WOJ": 32, "sev": 2, "c": [ 255, 165, 0, 160 ], "dmg": 1, "sli": 0, "ser": 1, "fat": 0, "row": -1, "mot": -1, "pie": -1, "uto": -1, "uwr": -1 }, "geometry": { "type": "Point", "coordinates": [ 16.009833, 54.240778 ] } },
{ "type": "Feature", "properties": { "ID": 113403855, "yr": 2021, "dt": "2021-11-10T17:48:00", "WOJ": 32, "sev": 2, "c": [ 255, 165, 0, 160 ], "dmg": 1, "sli": 0, "ser": 1, "fat": 0, "row": 2, "mot": -1, "pie": -1, "uto": -1, "uwr": -1 }, "geometry": { "type": "Point", "coordinates": [ 14.548806, 53.421389 ] } },
{ "type": "Feature", "properties": { "ID": 113402898, "yr": 2021, "dt": "2021-11-10T17:14:46", "WOJ": 32, "sev": 2, "c": [ 255, 165, 0, 160 ], "dmg": 1, "sli": 0, "ser": 1, "fat": 0, "row": -1, "mot": -1, "pie": -1, "uto": -1, "uwr": -1 }, "geometry": { "type": "Point", "coordinates": [ 16.048639, 53.810778 ] } },
{ "type": "Feature", "properties": { "ID": 113396898, "yr": 2021, "dt": "2021-11-08T16:20:00", "WOJ": 32, "sev": 2, "c": [ 255, 165, 0, 160 ], "dmg": 1, "sli": 0, "ser": 1, "fat": 0, "row": -1, "mot": -1, "pie": 2, "uto": -1, "uwr": -1 }, "geometry": { "type": "Point", "coordinates": [ 15.015111, 53.33725 ] } },
{ "type": "Feature", "properties": { "ID": 110092157, "yr": 2021, "dt": "2021-03-30T17:44:00", "WOJ": 32, "sev": 2, "c": [ 255, 165, 0, 160 ], "dmg": 1, "sli": 0, "ser": 1, "fat": 0, "row": 2, "mot": -1, "pie": -1, "uto": -1, "uwr": -1 }, "geometry": { "type": "Point", "coordinates": [ 14.492694, 53.434861 ] } },
{ "type": "Feature", "properties": { "ID": 113023065, "yr": 2021, "dt": "2021-10-28T07:00:00", "WOJ": 32, "sev": 2, "c": [ 255, 165, 0, 160 ], "dmg": 1, "sli": 0, "ser": 1, "fat": 0, "row": -1, "mot": -1, "pie": 2, "uto": -1, "uwr": -1 }, "geometry": { "type": "Point", "coordinates": [ 16.181806, 54.211611 ] } },
{ "type": "Feature", "properties": { "ID": 112963067, "yr": 2021, "dt": "2021-10-27T19:10:37", "WOJ": 32, "sev": 2, "c": [ 255, 165, 0, 160 ], "dmg": 0, "sli": 0, "ser": 1, "fat": 0, "row": -1, "mot": -1, "pie": -1, "uto": -1, "uwr": -1 }, "geometry": { "type": "Point", "coordinates": [ 15.497, 54.094472 ] } },
{ "type": "Feature", "properties": { "ID": 112953357, "yr": 2021, "dt": "2021-10-27T06:51:31", "WOJ": 32, "sev": 2, "c": [ 255, 165, 0, 160 ], "dmg": 1, "sli": 0, "ser": 1, "fat": 0, "row": -1, "mot": -1, "pie": 2, "uto": -1, "uwr": -1 }, "geometry": { "type": "Point", "coordinates": [ 15.009, 53.336333 ] } },
{ "type": "Feature", "properties": { "ID": 109975639, "yr": 2021, "dt": "2021-03-06T17:36:59", "WOJ": 32, "sev": 2, "c": [ 255, 165, 0, 160 ], "dmg": 0, "sli": 0, "ser": 1, "fat": 0, "row": -1, "mot": -1, "pie": -1, "uto": -1, "uwr": -1 }, "geometry": { "type": "Point", "coordinates": [ 15.731306, 54.141417 ] } },
{ "type": "Feature", "properties": { "ID": 113640942, "yr": 2021, "dt": "2021-11-28T20:15:00", "WOJ": 32, "sev": 2, "c": [ 255, 165, 0, 160 ], "dmg": 5, "sli": 0, "ser": 2, "fat": 0, "row": -1, "mot": -1, "pie": -1, "uto": -1, "uwr": -1 }, "geometry": { "type": "Point", "coordinates": [ 15.196889, 53.7225 ] } },
{ "type": "Feature", "properties": { "ID": 113562019, "yr": 2021, "dt": "2021-11-26T09:29:00", "WOJ": 32, "sev": 2, "c": [ 255, 165, 0, 160 ], "dmg": 1, "sli": 0, "ser": 1, "fat": 0, "row": -1, "mot": -1, "pie": -1, "uto": -1, "uwr": -1 }, "geometry": { "type": "Point", "coordinates": [ 14.554722, 53.431389 ] } },
{ "type": "Feature", "properties": { "ID": 110091371, "yr": 2021, "dt": "2021-03-30T19:10:00", "WOJ": 32, "sev": 2, "c": [ 255, 165, 0, 160 ], "dmg": 1, "sli": 0, "ser": 1, "fat": 0, "row": -1, "mot": 2, "pie": -1, "uto": -1, "uwr": -1 }, "geometry": { "type": "Point", "coordinates": [ 14.545056, 53.443889 ] } },
{ "type": "Feature", "properties": { "ID": 110069764, "yr": 2021, "dt": "2021-03-22T18:00:00", "WOJ": 32, "sev": 2, "c": [ 255, 165, 0, 160 ], "dmg": 1, "sli": 0, "ser": 1, "fat": 0, "row": 2, "mot": -1, "pie": -1, "uto": -1, "uwr": -1 }, "geometry": { "type": "Point", "coordinates": [ 14.525083, 53.428694 ] } },
{ "type": "Feature", "properties": { "ID": 110098402, "yr": 2021, "dt": "2021-03-21T14:20:00", "WOJ": 32, "sev": 2, "c": [ 255, 165, 0, 160 ], "dmg": 1, "sli": 0, "ser": 1, "fat": 0, "row": 2, "mot": -1, "pie": -1, "uto": -1, "uwr": -1 }, "geometry": { "type": "Point", "coordinates": [ 15.575278, 54.181389 ] } },
{ "type": "Feature", "properties": { "ID": 110064921, "yr": 2021, "dt": "2021-03-21T22:10:47", "WOJ": 32, "sev": 2, "c": [ 255, 165, 0, 160 ], "dmg": 0, "sli": 1, "ser": 1, "fat": 0, "row": -1, "mot": -1, "pie": -1, "uto": -1, "uwr": -1 }, "geometry": { "type": "Point", "coordinates": [ 14.952917, 53.408 ] } },
{ "type": "Feature", "properties": { "ID": 110062543, "yr": 2021, "dt": "2021-03-19T14:43:00", "WOJ": 32, "sev": 2, "c": [ 255, 165, 0, 160 ], "dmg": 1, "sli": 0, "ser": 1, "fat": 0, "row": -1, "mot": -1, "pie": 2, "uto": -1, "uwr": -1 }, "geometry": { "type": "Point", "coordinates": [ 15.410889, 53.166806 ] } },
{ "type": "Feature", "properties": { "ID": 110063817, "yr": 2021, "dt": "2021-03-19T19:26:00", "WOJ": 32, "sev": 2, "c": [ 255, 165, 0, 160 ], "dmg": 1, "sli": 1, "ser": 1, "fat": 0, "row": -1, "mot": -1, "pie": -1, "uto": -1, "uwr": -1 }, "geometry": { "type": "Point", "coordinates": [ 15.831861, 54.01875 ] } },
{ "type": "Feature", "properties": { "ID": 110061768, "yr": 2021, "dt": "2021-03-18T19:22:10", "WOJ": 32, "sev": 2, "c": [ 255, 165, 0, 160 ], "dmg": 2, "sli": 0, "ser": 1, "fat": 0, "row": -1, "mot": -1, "pie": -1, "uto": -1, "uwr": -1 }, "geometry": { "type": "Point", "coordinates": [ 15.022694, 53.328944 ] } },
{ "type": "Feature", "properties": { "ID": 110055146, "yr": 2021, "dt": "2021-03-15T00:30:25", "WOJ": 32, "sev": 2, "c": [ 255, 165, 0, 160 ], "dmg": 1, "sli": 0, "ser": 1, "fat": 0, "row": -1, "mot": -1, "pie": -1, "uto": -1, "uwr": -1 }, "geometry": { "type": "Point", "coordinates": [ 15.0315, 53.404806 ] } },
{ "type": "Feature", "properties": { "ID": 110054274, "yr": 2021, "dt": "2021-03-14T15:18:00", "WOJ": 32, "sev": 2, "c": [ 255, 165, 0, 160 ], "dmg": 1, "sli": 0, "ser": 1, "fat": 0, "row": -1, "mot": -1, "pie": -1, "uto": -1, "uwr": -1 }, "geometry": { "type": "Point", "coordinates": [ 15.867278, 53.48775 ] } },
{ "type": "Feature", "properties": { "ID": 110053671, "yr": 2021, "dt": "2021-03-14T11:20:24", "WOJ": 32, "sev": 2, "c": [ 255, 165, 0, 160 ], "dmg": 1, "sli": 0, "ser": 1, "fat": 0, "row": 2, "mot": -1, "pie": -1, "uto": -1, "uwr": -1 }, "geometry": { "type": "Point", "coordinates": [ 14.694361, 52.732556 ] } },
{ "type": "Feature", "properties": { "ID": 113514075, "yr": 2021, "dt": "2021-11-24T16:41:59", "WOJ": 32, "sev": 2, "c": [ 255, 165, 0, 160 ], "dmg": 0, "sli": 0, "ser": 2, "fat": 0, "row": -1, "mot": -1, "pie": 2, "uto": -1, "uwr": -1 }, "geometry": { "type": "Point", "coordinates": [ 16.190944, 54.19025 ] } },
{ "type": "Feature", "properties": { "ID": 113500085, "yr": 2021, "dt": "2021-11-21T12:25:00", "WOJ": 32, "sev": 2, "c": [ 255, 165, 0, 160 ], "dmg": 0, "sli": 0, "ser": 2, "fat": 0, "row": -1, "mot": -1, "pie": -1, "uto": -1, "uwr": -1 }, "geometry": { "type": "Point", "coordinates": [ 14.533, 54.026194 ] } },
{ "type": "Feature", "properties": { "ID": 113479842, "yr": 2021, "dt": "2021-11-19T06:26:56", "WOJ": 32, "sev": 2, "c": [ 255, 165, 0, 160 ], "dmg": 1, "sli": 0, "ser": 1, "fat": 0, "row": -1, "mot": -1, "pie": 2, "uto": -1, "uwr": -1 }, "geometry": { "type": "Point", "coordinates": [ 14.538028, 53.421972 ] } },
{ "type": "Feature", "properties": { "ID": 109716143, "yr": 2021, "dt": "2021-01-07T05:20:00", "WOJ": 32, "sev": 2, "c": [ 255, 165, 0, 160 ], "dmg": 1, "sli": 0, "ser": 1, "fat": 0, "row": -1, "mot": -1, "pie": 2, "uto": -1, "uwr": -1 }, "geometry": { "type": "Point", "coordinates": [ 14.891778, 53.1485 ] } },
{ "type": "Feature", "properties": { "ID": 109717137, "yr": 2021, "dt": "2021-01-07T06:56:58", "WOJ": 32, "sev": 2, "c": [ 255, 165, 0, 160 ], "dmg": 1, "sli": 0, "ser": 1, "fat": 0, "row": -1, "mot": -1, "pie": 2, "uto": -1, "uwr": -1 }, "geometry": { "type": "Point", "coordinates": [ 14.485778, 53.475028 ] } },
{ "type": "Feature", "properties": { "ID": 110351629, "yr": 2021, "dt": "2021-07-31T10:59:49", "WOJ": 32, "sev": 2, "c": [ 255, 165, 0, 160 ], "dmg": 1, "sli": 0, "ser": 1, "fat": 0, "row": 2, "mot": -1, "pie": -1, "uto": -1, "uwr": -1 }, "geometry": { "type": "Point", "coordinates": [ 14.487472, 53.892444 ] } },
{ "type": "Feature", "properties": { "ID": 109796963, "yr": 2021, "dt": "2021-01-16T13:23:20", "WOJ": 32, "sev": 2, "c": [ 255, 165, 0, 160 ], "dmg": 1, "sli": 0, "ser": 1, "fat": 0, "row": -1, "mot": -1, "pie": -1, "uto": -1, "uwr": -1 }, "geometry": { "type": "Point", "coordinates": [ 14.490806, 53.422806 ] } },
{ "type": "Feature", "properties": { "ID": 114199822, "yr": 2021, "dt": "2021-12-06T12:35:00", "WOJ": 32, "sev": 2, "c": [ 255, 165, 0, 160 ], "dmg": 1, "sli": 0, "ser": 1, "fat": 0, "row": 2, "mot": -1, "pie": -1, "uto": -1, "uwr": -1 }, "geometry": { "type": "Point", "coordinates": [ 14.769472, 53.967167 ] } },
{ "type": "Feature", "properties": { "ID": 114241427, "yr": 2021, "dt": "2021-12-06T16:29:30", "WOJ": 32, "sev": 2, "c": [ 255, 165, 0, 160 ], "dmg": 1, "sli": 0, "ser": 1, "fat": 0, "row": -1, "mot": -1, "pie": 2, "uto": -1, "uwr": -1 }, "geometry": { "type": "Point", "coordinates": [ 14.697333, 52.740083 ] } },
{ "type": "Feature", "properties": { "ID": 109873084, "yr": 2021, "dt": "2021-02-07T00:58:53", "WOJ": 32, "sev": 2, "c": [ 255, 165, 0, 160 ], "dmg": 0, "sli": 1, "ser": 1, "fat": 0, "row": -1, "mot": -1, "pie": -1, "uto": -1, "uwr": -1 }, "geometry": { "type": "Point", "coordinates": [ 14.662861, 53.394111 ] } },
{ "type": "Feature", "properties": { "ID": 109867325, "yr": 2021, "dt": "2021-02-03T06:23:01", "WOJ": 32, "sev": 2, "c": [ 255, 165, 0, 160 ], "dmg": 1, "sli": 0, "ser": 1, "fat": 0, "row": -1, "mot": -1, "pie": -1, "uto": -1, "uwr": -1 }, "geometry": { "type": "Point", "coordinates": [ 14.490167, 53.220944 ] } },
{ "type": "Feature", "properties": { "ID": 109867482, "yr": 2021, "dt": "2021-02-03T12:52:55", "WOJ": 32, "sev": 2, "c": [ 255, 165, 0, 160 ], "dmg": 1, "sli": 0, "ser": 1, "fat": 0, "row": -1, "mot": -1, "pie": 2, "uto": -1, "uwr": -1 }, "geometry": { "type": "Point", "coordinates": [ 14.488361, 53.253056 ] } },
{ "type": "Feature", "properties": { "ID": 109866593, "yr": 2021, "dt": "2021-02-02T18:00:00", "WOJ": 32, "sev": 2, "c": [ 255, 165, 0, 160 ], "dmg": 1, "sli": 0, "ser": 1, "fat": 0, "row": -1, "mot": -1, "pie": 2, "uto": -1, "uwr": -1 }, "geometry": { "type": "Point", "coordinates": [ 15.206861, 52.987361 ] } },
{ "type": "Feature", "properties": { "ID": 110339855, "yr": 2021, "dt": "2021-07-22T10:49:00", "WOJ": 32, "sev": 2, "c": [ 255, 165, 0, 160 ], "dmg": 1, "sli": 0, "ser": 1, "fat": 0, "row": -1, "mot": 2, "pie": -1, "uto": -1, "uwr": -1 }, "geometry": { "type": "Point", "coordinates": [ 14.536722, 53.427083 ] } },
{ "type": "Feature", "properties": { "ID": 110333241, "yr": 2021, "dt": "2021-07-20T07:35:49", "WOJ": 32, "sev": 2, "c": [ 255, 165, 0, 160 ], "dmg": 0, "sli": 0, "ser": 1, "fat": 0, "row": -1, "mot": 2, "pie": -1, "uto": -1, "uwr": -1 }, "geometry": { "type": "Point", "coordinates": [ 14.533722, 53.416 ] } },
{ "type": "Feature", "properties": { "ID": 110336505, "yr": 2021, "dt": "2021-07-20T14:10:00", "WOJ": 32, "sev": 2, "c": [ 255, 165, 0, 160 ], "dmg": 4, "sli": 0, "ser": 1, "fat": 0, "row": -1, "mot": -1, "pie": -1, "uto": -1, "uwr": -1 }, "geometry": { "type": "Point", "coordinates": [ 16.531556, 54.325472 ] } },
{ "type": "Feature", "properties": { "ID": 110330891, "yr": 2021, "dt": "2021-07-19T01:52:26", "WOJ": 32, "sev": 2, "c": [ 255, 165, 0, 160 ], "dmg": 0, "sli": 0, "ser": 3, "fat": 0, "row": -1, "mot": -1, "pie": -1, "uto": -1, "uwr": -1 }, "geometry": { "type": "Point", "coordinates": [ 15.967944, 54.237861 ] } },
{ "type": "Feature", "properties": { "ID": 110371078, "yr": 2021, "dt": "2021-08-08T15:30:00", "WOJ": 32, "sev": 2, "c": [ 255, 165, 0, 160 ], "dmg": 1, "sli": 0, "ser": 1, "fat": 0, "row": -1, "mot": -1, "pie": 2, "uto": -1, "uwr": -1 }, "geometry": { "type": "Point", "coordinates": [ 14.931528, 53.351056 ] } },
{ "type": "Feature", "properties": { "ID": 110370956, "yr": 2021, "dt": "2021-08-08T11:15:44", "WOJ": 32, "sev": 2, "c": [ 255, 165, 0, 160 ], "dmg": 1, "sli": 0, "ser": 1, "fat": 0, "row": -1, "mot": 2, "pie": -1, "uto": -1, "uwr": -1 }, "geometry": { "type": "Point", "coordinates": [ 14.253557, 53.907753 ] } },
{ "type": "Feature", "properties": { "ID": 116742370, "yr": 2021, "dt": "2021-12-26T15:46:03", "WOJ": 32, "sev": 2, "c": [ 255, 165, 0, 160 ], "dmg": 0, "sli": 0, "ser": 3, "fat": 0, "row": -1, "mot": -1, "pie": -1, "uto": -1, "uwr": -1 }, "geometry": { "type": "Point", "coordinates": [ 15.603889, 53.812583 ] } },
{ "type": "Feature", "properties": { "ID": 109792201, "yr": 2021, "dt": "2021-01-14T08:30:00", "WOJ": 32, "sev": 2, "c": [ 255, 165, 0, 160 ], "dmg": 1, "sli": 0, "ser": 1, "fat": 0, "row": 2, "mot": -1, "pie": -1, "uto": -1, "uwr": -1 }, "geometry": { "type": "Point", "coordinates": [ 14.259722, 53.907556 ] } },
{ "type": "Feature", "properties": { "ID": 109714193, "yr": 2021, "dt": "2021-01-06T17:04:16", "WOJ": 32, "sev": 2, "c": [ 255, 165, 0, 160 ], "dmg": 1, "sli": 0, "ser": 1, "fat": 0, "row": -1, "mot": -1, "pie": 2, "uto": -1, "uwr": -1 }, "geometry": { "type": "Point", "coordinates": [ 14.55125, 53.430806 ] } },
{ "type": "Feature", "properties": { "ID": 109707991, "yr": 2021, "dt": "2021-01-05T02:50:00", "WOJ": 32, "sev": 2, "c": [ 255, 165, 0, 160 ], "dmg": 1, "sli": 1, "ser": 1, "fat": 0, "row": -1, "mot": -1, "pie": -1, "uto": -1, "uwr": -1 }, "geometry": { "type": "Point", "coordinates": [ 15.241194, 53.768889 ] } },
{ "type": "Feature", "properties": { "ID": 109705782, "yr": 2021, "dt": "2021-01-04T05:23:17", "WOJ": 32, "sev": 2, "c": [ 255, 165, 0, 160 ], "dmg": 1, "sli": 0, "ser": 1, "fat": 0, "row": -1, "mot": -1, "pie": -1, "uto": -1, "uwr": -1 }, "geometry": { "type": "Point", "coordinates": [ 16.074944, 53.808861 ] } },
{ "type": "Feature", "properties": { "ID": 109706832, "yr": 2021, "dt": "2021-01-03T10:35:00", "WOJ": 32, "sev": 2, "c": [ 255, 165, 0, 160 ], "dmg": 1, "sli": 0, "ser": 1, "fat": 0, "row": -1, "mot": -1, "pie": -1, "uto": -1, "uwr": -1 }, "geometry": { "type": "Point", "coordinates": [ 14.893167, 53.065722 ] } },
{ "type": "Feature", "properties": { "ID": 109706385, "yr": 2021, "dt": "2021-01-02T05:55:00", "WOJ": 32, "sev": 2, "c": [ 255, 165, 0, 160 ], "dmg": 0, "sli": 0, "ser": 1, "fat": 0, "row": -1, "mot": -1, "pie": -1, "uto": -1, "uwr": -1 }, "geometry": { "type": "Point", "coordinates": [ 15.557583, 54.0655 ] } },
{ "type": "Feature", "properties": { "ID": 116748190, "yr": 2021, "dt": "2021-12-27T16:00:00", "WOJ": 32, "sev": 2, "c": [ 255, 165, 0, 160 ], "dmg": 1, "sli": 1, "ser": 1, "fat": 0, "row": -1, "mot": -1, "pie": -1, "uto": -1, "uwr": -1 }, "geometry": { "type": "Point", "coordinates": [ 15.9625, 54.075222 ] } },
{ "type": "Feature", "properties": { "ID": 110353200, "yr": 2021, "dt": "2021-08-01T19:20:00", "WOJ": 32, "sev": 2, "c": [ 255, 165, 0, 160 ], "dmg": 0, "sli": 0, "ser": 1, "fat": 0, "row": -1, "mot": 2, "pie": -1, "uto": -1, "uwr": -1 }, "geometry": { "type": "Point", "coordinates": [ 14.699472, 53.374556 ] } },
{ "type": "Feature", "properties": { "ID": 116757921, "yr": 2021, "dt": "2021-12-31T11:13:53", "WOJ": 32, "sev": 3, "c": [ 255, 0, 0, 160 ], "dmg": 0, "sli": 0, "ser": 0, "fat": 1, "row": -1, "mot": -1, "pie": -1, "uto": -1, "uwr": -1 }, "geometry": { "type": "Point", "coordinates": [ 15.740389, 53.888028 ] } },
{ "type": "Feature", "properties": { "ID": 109828232, "yr": 2021, "dt": "2021-01-21T13:04:00", "WOJ": 32, "sev": 3, "c": [ 255, 0, 0, 160 ], "dmg": 1, "sli": 0, "ser": 0, "fat": 1, "row": -1, "mot": -1, "pie": -1, "uto": -1, "uwr": -1 }, "geometry": { "type": "Point", "coordinates": [ 16.172278, 53.218778 ] } },
{ "type": "Feature", "properties": { "ID": 116743722, "yr": 2021, "dt": "2021-12-25T10:57:26", "WOJ": 32, "sev": 3, "c": [ 255, 0, 0, 160 ], "dmg": 0, "sli": 2, "ser": 1, "fat": 1, "row": -1, "mot": -1, "pie": -1, "uto": -1, "uwr": -1 }, "geometry": { "type": "Point", "coordinates": [ 14.843694, 53.431833 ] } },
{ "type": "Feature", "properties": { "ID": 116735374, "yr": 2021, "dt": "2021-12-21T11:56:11", "WOJ": 32, "sev": 3, "c": [ 255, 0, 0, 160 ], "dmg": 1, "sli": 0, "ser": 0, "fat": 1, "row": 3, "mot": -1, "pie": -1, "uto": -1, "uwr": -1 }, "geometry": { "type": "Point", "coordinates": [ 15.90875, 53.293528 ] } },
{ "type": "Feature", "properties": { "ID": 116731826, "yr": 2021, "dt": "2021-12-19T15:15:00", "WOJ": 32, "sev": 3, "c": [ 255, 0, 0, 160 ], "dmg": 0, "sli": 0, "ser": 1, "fat": 1, "row": -1, "mot": -1, "pie": -1, "uto": -1, "uwr": -1 }, "geometry": { "type": "Point", "coordinates": [ 14.3845, 52.865472 ] } },
{ "type": "Feature", "properties": { "ID": 116731823, "yr": 2021, "dt": "2021-12-18T22:10:00", "WOJ": 32, "sev": 3, "c": [ 255, 0, 0, 160 ], "dmg": 0, "sli": 0, "ser": 0, "fat": 1, "row": -1, "mot": -1, "pie": -1, "uto": -1, "uwr": -1 }, "geometry": { "type": "Point", "coordinates": [ 14.493389, 52.780528 ] } },
{ "type": "Feature", "properties": { "ID": 109797030, "yr": 2021, "dt": "2021-01-16T13:18:53", "WOJ": 32, "sev": 3, "c": [ 255, 0, 0, 160 ], "dmg": 0, "sli": 0, "ser": 0, "fat": 1, "row": -1, "mot": -1, "pie": -1, "uto": -1, "uwr": -1 }, "geometry": { "type": "Point", "coordinates": [ 15.232306, 53.643417 ] } },
{ "type": "Feature", "properties": { "ID": 110356768, "yr": 2021, "dt": "2021-07-30T12:35:00", "WOJ": 32, "sev": 3, "c": [ 255, 0, 0, 160 ], "dmg": 1, "sli": 0, "ser": 0, "fat": 1, "row": -1, "mot": -1, "pie": -1, "uto": -1, "uwr": -1 }, "geometry": { "type": "Point", "coordinates": [ 16.480556, 53.185056 ] } },
{ "type": "Feature", "properties": { "ID": 116718035, "yr": 2021, "dt": "2021-12-17T05:20:00", "WOJ": 32, "sev": 3, "c": [ 255, 0, 0, 160 ], "dmg": 1, "sli": 0, "ser": 0, "fat": 1, "row": 3, "mot": -1, "pie": -1, "uto": -1, "uwr": -1 }, "geometry": { "type": "Point", "coordinates": [ 15.930056, 53.294889 ] } },
{ "type": "Feature", "properties": { "ID": 109973034, "yr": 2021, "dt": "2021-03-05T06:46:26", "WOJ": 32, "sev": 3, "c": [ 255, 0, 0, 160 ], "dmg": 1, "sli": 0, "ser": 0, "fat": 1, "row": -1, "mot": -1, "pie": -1, "uto": -1, "uwr": -1 }, "geometry": { "type": "Point", "coordinates": [ 16.40175, 54.066639 ] } },
{ "type": "Feature", "properties": { "ID": 113617896, "yr": 2021, "dt": "2021-11-29T09:59:12", "WOJ": 32, "sev": 3, "c": [ 255, 0, 0, 160 ], "dmg": 1, "sli": 0, "ser": 0, "fat": 1, "row": -1, "mot": -1, "pie": -1, "uto": -1, "uwr": -1 }, "geometry": { "type": "Point", "coordinates": [ 14.442194, 53.906889 ] } },
{ "type": "Feature", "properties": { "ID": 113527681, "yr": 2021, "dt": "2021-11-26T16:38:58", "WOJ": 32, "sev": 3, "c": [ 255, 0, 0, 160 ], "dmg": 0, "sli": 0, "ser": 0, "fat": 1, "row": -1, "mot": -1, "pie": -1, "uto": -1, "uwr": -1 }, "geometry": { "type": "Point", "coordinates": [ 16.179083, 54.183722 ] } },
{ "type": "Feature", "properties": { "ID": 110073577, "yr": 2021, "dt": "2021-03-24T09:42:23", "WOJ": 32, "sev": 3, "c": [ 255, 0, 0, 160 ], "dmg": 0, "sli": 0, "ser": 0, "fat": 2, "row": -1, "mot": -1, "pie": -1, "uto": -1, "uwr": -1 }, "geometry": { "type": "Point", "coordinates": [ 15.193944, 52.913861 ] } },
{ "type": "Feature", "properties": { "ID": 110062184, "yr": 2021, "dt": "2021-03-19T07:51:00", "WOJ": 32, "sev": 3, "c": [ 255, 0, 0, 160 ], "dmg": 3, "sli": 13, "ser": 6, "fat": 1, "row": -1, "mot": -1, "pie": -1, "uto": -1, "uwr": -1 }, "geometry": { "type": "Point", "coordinates": [ 14.591111, 53.406639 ] } },
{ "type": "Feature", "properties": { "ID": 110049707, "yr": 2021, "dt": "2021-03-11T18:39:53", "WOJ": 32, "sev": 3, "c": [ 255, 0, 0, 160 ], "dmg": 1, "sli": 0, "ser": 0, "fat": 1, "row": -1, "mot": -1, "pie": 3, "uto": -1, "uwr": -1 }, "geometry": { "type": "Point", "coordinates": [ 16.462306, 53.282806 ] } },
{ "type": "Feature", "properties": { "ID": 110095919, "yr": 2021, "dt": "2021-04-01T12:29:00", "WOJ": 32, "sev": 3, "c": [ 255, 0, 0, 160 ], "dmg": 0, "sli": 0, "ser": 1, "fat": 1, "row": -1, "mot": -1, "pie": -1, "uto": -1, "uwr": -1 }, "geometry": { "type": "Point", "coordinates": [ 16.435694, 53.207167 ] } },
{ "type": "Feature", "properties": { "ID": 113433832, "yr": 2021, "dt": "2021-11-13T02:35:00", "WOJ": 32, "sev": 3, "c": [ 255, 0, 0, 160 ], "dmg": 0, "sli": 0, "ser": 1, "fat": 2, "row": -1, "mot": -1, "pie": -1, "uto": -1, "uwr": -1 }, "geometry": { "type": "Point", "coordinates": [ 14.777778, 53.957889 ] } },
{ "type": "Feature", "properties": { "ID": 113404246, "yr": 2021, "dt": "2021-11-10T20:25:00", "WOJ": 32, "sev": 3, "c": [ 255, 0, 0, 160 ], "dmg": 1, "sli": 0, "ser": 0, "fat": 1, "row": -1, "mot": -1, "pie": 3, "uto": -1, "uwr": -1 }, "geometry": { "type": "Point", "coordinates": [ 16.165167, 54.209833 ] } },
{ "type": "Feature", "properties": { "ID": 113205570, "yr": 2021, "dt": "2021-11-07T17:47:30", "WOJ": 32, "sev": 3, "c": [ 255, 0, 0, 160 ], "dmg": 1, "sli": 0, "ser": 0, "fat": 1, "row": -1, "mot": -1, "pie": 3, "uto": -1, "uwr": -1 }, "geometry": { "type": "Point", "coordinates": [ 15.647389, 54.06575 ] } },
{ "type": "Feature", "properties": { "ID": 113068249, "yr": 2021, "dt": "2021-11-02T07:57:13", "WOJ": 32, "sev": 3, "c": [ 255, 0, 0, 160 ], "dmg": 1, "sli": 0, "ser": 0, "fat": 1, "row": 3, "mot": -1, "pie": -1, "uto": -1, "uwr": -1 }, "geometry": { "type": "Point", "coordinates": [ 15.429528, 53.1625 ] } },
{ "type": "Feature", "properties": { "ID": 112457778, "yr": 2021, "dt": "2021-10-22T20:20:13", "WOJ": 32, "sev": 3, "c": [ 255, 0, 0, 160 ], "dmg": 0, "sli": 0, "ser": 0, "fat": 1, "row": -1, "mot": -1, "pie": -1, "uto": -1, "uwr": -1 }, "geometry": { "type": "Point", "coordinates": [ 16.016944, 53.64875 ] } },
{ "type": "Feature", "properties": { "ID": 112344206, "yr": 2021, "dt": "2021-10-21T18:15:00", "WOJ": 32, "sev": 3, "c": [ 255, 0, 0, 160 ], "dmg": 1, "sli": 0, "ser": 0, "fat": 1, "row": -1, "mot": -1, "pie": 3, "uto": -1, "uwr": -1 }, "geometry": { "type": "Point", "coordinates": [ 15.810222, 53.535389 ] } },
{ "type": "Feature", "properties": { "ID": 110133165, "yr": 2021, "dt": "2021-04-19T17:46:39", "WOJ": 32, "sev": 3, "c": [ 255, 0, 0, 160 ], "dmg": 1, "sli": 0, "ser": 0, "fat": 1, "row": -1, "mot": 3, "pie": -1, "uto": -1, "uwr": -1 }, "geometry": { "type": "Point", "coordinates": [ 14.888194, 53.438472 ] } },
{ "type": "Feature", "properties": { "ID": 113035607, "yr": 2021, "dt": "2021-10-30T16:30:00", "WOJ": 32, "sev": 3, "c": [ 255, 0, 0, 160 ], "dmg": 1, "sli": 0, "ser": 0, "fat": 1, "row": 3, "mot": -1, "pie": -1, "uto": -1, "uwr": -1 }, "geometry": { "type": "Point", "coordinates": [ 14.540528, 53.410944 ] } },
{ "type": "Feature", "properties": { "ID": 111719292, "yr": 2021, "dt": "2021-10-13T09:50:39", "WOJ": 32, "sev": 3, "c": [ 255, 0, 0, 160 ], "dmg": 1, "sli": 0, "ser": 0, "fat": 1, "row": -1, "mot": -1, "pie": -1, "uto": -1, "uwr": -1 }, "geometry": { "type": "Point", "coordinates": [ 14.73825, 52.761389 ] } },
{ "type": "Feature", "properties": { "ID": 110142757, "yr": 2021, "dt": "2021-04-25T08:38:00", "WOJ": 32, "sev": 3, "c": [ 255, 0, 0, 160 ], "dmg": 1, "sli": 0, "ser": 0, "fat": 1, "row": -1, "mot": -1, "pie": -1, "uto": -1, "uwr": -1 }, "geometry": { "type": "Point", "coordinates": [ 15.874806, 53.831167 ] } },
{ "type": "Feature", "properties": { "ID": 110140814, "yr": 2021, "dt": "2021-04-23T13:34:55", "WOJ": 32, "sev": 3, "c": [ 255, 0, 0, 160 ], "dmg": 0, "sli": 1, "ser": 0, "fat": 1, "row": -1, "mot": -1, "pie": -1, "uto": -1, "uwr": -1 }, "geometry": { "type": "Point", "coordinates": [ 14.500444, 53.545417 ] } },
{ "type": "Feature", "properties": { "ID": 111712913, "yr": 2021, "dt": "2021-10-10T16:53:43", "WOJ": 32, "sev": 3, "c": [ 255, 0, 0, 160 ], "dmg": 1, "sli": 0, "ser": 0, "fat": 1, "row": -1, "mot": -1, "pie": -1, "uto": -1, "uwr": -1 }, "geometry": { "type": "Point", "coordinates": [ 15.198861, 54.037333 ] } },
{ "type": "Feature", "properties": { "ID": 110169900, "yr": 2021, "dt": "2021-05-06T14:23:57", "WOJ": 32, "sev": 3, "c": [ 255, 0, 0, 160 ], "dmg": 0, "sli": 0, "ser": 1, "fat": 1, "row": -1, "mot": -1, "pie": -1, "uto": -1, "uwr": -1 }, "geometry": { "type": "Point", "coordinates": [ 14.461667, 53.181528 ] } },
{ "type": "Feature", "properties": { "ID": 113947818, "yr": 2021, "dt": "2021-12-01T22:50:00", "WOJ": 32, "sev": 3, "c": [ 255, 0, 0, 160 ], "dmg": 0, "sli": 0, "ser": 0, "fat": 1, "row": -1, "mot": -1, "pie": -1, "uto": -1, "uwr": -1 }, "geometry": { "type": "Point", "coordinates": [ 16.397111, 53.723333 ] } },
{ "type": "Feature", "properties": { "ID": 110158700, "yr": 2021, "dt": "2021-05-01T14:01:00", "WOJ": 32, "sev": 3, "c": [ 255, 0, 0, 160 ], "dmg": 1, "sli": 0, "ser": 0, "fat": 1, "row": -1, "mot": -1, "pie": 3, "uto": -1, "uwr": -1 }, "geometry": { "type": "Point", "coordinates": [ 15.439639, 53.996222 ] } },
{ "type": "Feature", "properties": { "ID": 110151241, "yr": 2021, "dt": "2021-04-28T05:00:00", "WOJ": 32, "sev": 3, "c": [ 255, 0, 0, 160 ], "dmg": 1, "sli": 0, "ser": 0, "fat": 1, "row": -1, "mot": -1, "pie": -1, "uto": -1, "uwr": -1 }, "geometry": { "type": "Point", "coordinates": [ 16.353917, 54.250139 ] } },
{ "type": "Feature", "properties": { "ID": 112217859, "yr": 2021, "dt": "2021-10-18T10:20:00", "WOJ": 32, "sev": 3, "c": [ 255, 0, 0, 160 ], "dmg": 1, "sli": 0, "ser": 0, "fat": 1, "row": 3, "mot": -1, "pie": -1, "uto": -1, "uwr": -1 }, "geometry": { "type": "Point", "coordinates": [ 16.182611, 54.210083 ] } },
{ "type": "Feature", "properties": { "ID": 110172721, "yr": 2021, "dt": "2021-05-09T10:18:00", "WOJ": 32, "sev": 3, "c": [ 255, 0, 0, 160 ], "dmg": 1, "sli": 0, "ser": 0, "fat": 1, "row": -1, "mot": 3, "pie": -1, "uto": -1, "uwr": -1 }, "geometry": { "type": "Point", "coordinates": [ 16.215, 53.345 ] } },
{ "type": "Feature", "properties": { "ID": 110172606, "yr": 2021, "dt": "2021-05-09T10:57:15", "WOJ": 32, "sev": 3, "c": [ 255, 0, 0, 160 ], "dmg": 0, "sli": 0, "ser": 1, "fat": 1, "row": -1, "mot": -1, "pie": -1, "uto": -1, "uwr": -1 }, "geometry": { "type": "Point", "coordinates": [ 15.251167, 53.788611 ] } },
{ "type": "Feature", "properties": { "ID": 110172925, "yr": 2021, "dt": "2021-05-09T22:06:38", "WOJ": 32, "sev": 3, "c": [ 255, 0, 0, 160 ], "dmg": 1, "sli": 0, "ser": 0, "fat": 1, "row": -1, "mot": -1, "pie": -1, "uto": -1, "uwr": -1 }, "geometry": { "type": "Point", "coordinates": [ 16.142194, 53.0505 ] } },
{ "type": "Feature", "properties": { "ID": 110190696, "yr": 2021, "dt": "2021-05-18T17:18:24", "WOJ": 32, "sev": 3, "c": [ 255, 0, 0, 160 ], "dmg": 0, "sli": 0, "ser": 0, "fat": 2, "row": -1, "mot": -1, "pie": -1, "uto": -1, "uwr": -1 }, "geometry": { "type": "Point", "coordinates": [ 15.355889, 53.118611 ] } },
{ "type": "Feature", "properties": { "ID": 110528910, "yr": 2021, "dt": "2021-09-19T13:29:52", "WOJ": 32, "sev": 3, "c": [ 255, 0, 0, 160 ], "dmg": 0, "sli": 2, "ser": 0, "fat": 2, "row": -1, "mot": -1, "pie": -1, "uto": -1, "uwr": -1 }, "geometry": { "type": "Point", "coordinates": [ 15.584361, 53.342722 ] } },
{ "type": "Feature", "properties": { "ID": 110208464, "yr": 2021, "dt": "2021-05-26T04:51:51", "WOJ": 32, "sev": 3, "c": [ 255, 0, 0, 160 ], "dmg": 1, "sli": 0, "ser": 0, "fat": 1, "row": -1, "mot": -1, "pie": -1, "uto": -1, "uwr": -1 }, "geometry": { "type": "Point", "coordinates": [ 16.011417, 54.122333 ] } },
{ "type": "Feature", "properties": { "ID": 111051840, "yr": 2021, "dt": "2021-09-30T13:36:34", "WOJ": 32, "sev": 3, "c": [ 255, 0, 0, 160 ], "dmg": 0, "sli": 0, "ser": 0, "fat": 1, "row": -1, "mot": 3, "pie": -1, "uto": -1, "uwr": -1 }, "geometry": { "type": "Point", "coordinates": [ 14.569667, 53.457556 ] } },
{ "type": "Feature", "properties": { "ID": 110249526, "yr": 2021, "dt": "2021-06-01T22:45:00", "WOJ": 32, "sev": 3, "c": [ 255, 0, 0, 160 ], "dmg": 3, "sli": 2, "ser": 0, "fat": 1, "row": -1, "mot": -1, "pie": -1, "uto": -1, "uwr": -1 }, "geometry": { "type": "Point", "coordinates": [ 14.714778, 53.388389 ] } },
{ "type": "Feature", "properties": { "ID": 110531345, "yr": 2021, "dt": "2021-09-21T08:05:00", "WOJ": 32, "sev": 3, "c": [ 255, 0, 0, 160 ], "dmg": 0, "sli": 0, "ser": 0, "fat": 3, "row": -1, "mot": -1, "pie": -1, "uto": -1, "uwr": -1 }, "geometry": { "type": "Point", "coordinates": [ 15.506722, 53.760667 ] } },
{ "type": "Feature", "properties": { "ID": 110254560, "yr": 2021, "dt": "2021-06-04T17:51:06", "WOJ": 32, "sev": 3, "c": [ 255, 0, 0, 160 ], "dmg": 0, "sli": 0, "ser": 1, "fat": 1, "row": -1, "mot": 2, "pie": 3, "uto": -1, "uwr": -1 }, "geometry": { "type": "Point", "coordinates": [ 16.180417, 54.219889 ] } },
{ "type": "Feature", "properties": { "ID": 114332610, "yr": 2021, "dt": "2021-12-09T15:58:26", "WOJ": 32, "sev": 3, "c": [ 255, 0, 0, 160 ], "dmg": 1, "sli": 0, "ser": 0, "fat": 1, "row": -1, "mot": -1, "pie": -1, "uto": -1, "uwr": -1 }, "geometry": { "type": "Point", "coordinates": [ 16.193056, 54.181111 ] } },
{ "type": "Feature", "properties": { "ID": 114241310, "yr": 2021, "dt": "2021-12-06T17:18:54", "WOJ": 32, "sev": 3, "c": [ 255, 0, 0, 160 ], "dmg": 1, "sli": 0, "ser": 0, "fat": 1, "row": -1, "mot": -1, "pie": 3, "uto": -1, "uwr": -1 }, "geometry": { "type": "Point", "coordinates": [ 14.493139, 53.423417 ] } },
{ "type": "Feature", "properties": { "ID": 109963244, "yr": 2021, "dt": "2021-02-28T12:30:00", "WOJ": 32, "sev": 3, "c": [ 255, 0, 0, 160 ], "dmg": 0, "sli": 0, "ser": 0, "fat": 4, "row": -1, "mot": -1, "pie": -1, "uto": -1, "uwr": -1 }, "geometry": { "type": "Point", "coordinates": [ 14.761972, 54.026583 ] } },
{ "type": "Feature", "properties": { "ID": 110527001, "yr": 2021, "dt": "2021-09-17T18:40:00", "WOJ": 32, "sev": 3, "c": [ 255, 0, 0, 160 ], "dmg": 1, "sli": 0, "ser": 0, "fat": 1, "row": -1, "mot": 3, "pie": -1, "uto": -1, "uwr": -1 }, "geometry": { "type": "Point", "coordinates": [ 14.56775, 53.33875 ] } },
{ "type": "Feature", "properties": { "ID": 110517806, "yr": 2021, "dt": "2021-09-15T11:13:13", "WOJ": 32, "sev": 3, "c": [ 255, 0, 0, 160 ], "dmg": 1, "sli": 0, "ser": 0, "fat": 1, "row": -1, "mot": -1, "pie": 3, "uto": -1, "uwr": -1 }, "geometry": { "type": "Point", "coordinates": [ 14.523667, 53.412972 ] } },
{ "type": "Feature", "properties": { "ID": 110499267, "yr": 2021, "dt": "2021-09-12T19:30:00", "WOJ": 32, "sev": 3, "c": [ 255, 0, 0, 160 ], "dmg": 0, "sli": 0, "ser": 1, "fat": 1, "row": -1, "mot": -1, "pie": -1, "uto": -1, "uwr": -1 }, "geometry": { "type": "Point", "coordinates": [ 15.859917, 54.1155 ] } },
{ "type": "Feature", "properties": { "ID": 110269444, "yr": 2021, "dt": "2021-06-14T14:41:23", "WOJ": 32, "sev": 3, "c": [ 255, 0, 0, 160 ], "dmg": 0, "sli": 0, "ser": 0, "fat": 2, "row": -1, "mot": -1, "pie": -1, "uto": -1, "uwr": -1 }, "geometry": { "type": "Point", "coordinates": [ 14.260583, 53.864028 ] } },
{ "type": "Feature", "properties": { "ID": 110438387, "yr": 2021, "dt": "2021-08-23T11:54:40", "WOJ": 32, "sev": 3, "c": [ 255, 0, 0, 160 ], "dmg": 1, "sli": 2, "ser": 0, "fat": 1, "row": -1, "mot": -1, "pie": -1, "uto": -1, "uwr": -1 }, "geometry": { "type": "Point", "coordinates": [ 16.389028, 54.079833 ] } },
{ "type": "Feature", "properties": { "ID": 110292482, "yr": 2021, "dt": "2021-06-24T17:58:18", "WOJ": 32, "sev": 3, "c": [ 255, 0, 0, 160 ], "dmg": 0, "sli": 0, "ser": 1, "fat": 1, "row": -1, "mot": -1, "pie": -1, "uto": -1, "uwr": -1 }, "geometry": { "type": "Point", "coordinates": [ 15.109056, 54.069861 ] } },
{ "type": "Feature", "properties": { "ID": 110289903, "yr": 2021, "dt": "2021-06-22T18:11:46", "WOJ": 32, "sev": 3, "c": [ 255, 0, 0, 160 ], "dmg": 1, "sli": 0, "ser": 0, "fat": 1, "row": -1, "mot": -1, "pie": 3, "uto": -1, "uwr": -1 }, "geometry": { "type": "Point", "coordinates": [ 15.567417, 54.179611 ] } },
{ "type": "Feature", "properties": { "ID": 110286703, "yr": 2021, "dt": "2021-06-19T20:23:38", "WOJ": 32, "sev": 3, "c": [ 255, 0, 0, 160 ], "dmg": 1, "sli": 0, "ser": 0, "fat": 1, "row": -1, "mot": -1, "pie": 3, "uto": -1, "uwr": -1 }, "geometry": { "type": "Point", "coordinates": [ 14.264778, 53.900944 ] } },
{ "type": "Feature", "properties": { "ID": 110464561, "yr": 2021, "dt": "2021-09-01T10:00:00", "WOJ": 32, "sev": 3, "c": [ 255, 0, 0, 160 ], "dmg": 1, "sli": 0, "ser": 0, "fat": 1, "row": 3, "mot": -1, "pie": -1, "uto": -1, "uwr": -1 }, "geometry": { "type": "Point", "coordinates": [ 14.40975, 53.108417 ] } },
{ "type": "Feature", "properties": { "ID": 110305949, "yr": 2021, "dt": "2021-07-01T15:20:10", "WOJ": 32, "sev": 3, "c": [ 255, 0, 0, 160 ], "dmg": 0, "sli": 0, "ser": 0, "fat": 1, "row": -1, "mot": -1, "pie": -1, "uto": -1, "uwr": -1 }, "geometry": { "type": "Point", "coordinates": [ 15.913194, 54.202278 ] } },
{ "type": "Feature", "properties": { "ID": 110304234, "yr": 2021, "dt": "2021-07-01T00:18:00", "WOJ": 32, "sev": 3, "c": [ 255, 0, 0, 160 ], "dmg": 0, "sli": 0, "ser": 0, "fat": 1, "row": -1, "mot": -1, "pie": -1, "uto": -1, "uwr": -1 }, "geometry": { "type": "Point", "coordinates": [ 16.552778, 54.431917 ] } },
{ "type": "Feature", "properties": { "ID": 116714008, "yr": 2021, "dt": "2021-12-16T06:37:23", "WOJ": 32, "sev": 3, "c": [ 255, 0, 0, 160 ], "dmg": 2, "sli": 0, "ser": 0, "fat": 1, "row": 3, "mot": -1, "pie": -1, "uto": -1, "uwr": -1 }, "geometry": { "type": "Point", "coordinates": [ 14.983056, 53.315639 ] } },
{ "type": "Feature", "properties": { "ID": 116713818, "yr": 2021, "dt": "2021-12-15T20:37:00", "WOJ": 32, "sev": 3, "c": [ 255, 0, 0, 160 ], "dmg": 1, "sli": 0, "ser": 0, "fat": 1, "row": -1, "mot": -1, "pie": 3, "uto": -1, "uwr": -1 }, "geometry": { "type": "Point", "coordinates": [ 14.536333, 53.424944 ] } },
{ "type": "Feature", "properties": { "ID": 113641137, "yr": 2021, "dt": "2021-11-30T15:10:00", "WOJ": 32, "sev": 3, "c": [ 255, 0, 0, 160 ], "dmg": 1, "sli": 1, "ser": 2, "fat": 1, "row": -1, "mot": -1, "pie": -1, "uto": -1, "uwr": -1 }, "geometry": { "type": "Point", "coordinates": [ 14.778667, 53.330667 ] } },
{ "type": "Feature", "properties": { "ID": 109941170, "yr": 2021, "dt": "2021-02-21T12:30:00", "WOJ": 32, "sev": 3, "c": [ 255, 0, 0, 160 ], "dmg": 0, "sli": 0, "ser": 0, "fat": 1, "row": -1, "mot": -1, "pie": -1, "uto": -1, "uwr": -1 }, "geometry": { "type": "Point", "coordinates": [ 15.407833, 53.426611 ] } },
{ "type": "Feature", "properties": { "ID": 109939777, "yr": 2021, "dt": "2021-02-20T16:25:00", "WOJ": 32, "sev": 3, "c": [ 255, 0, 0, 160 ], "dmg": 1, "sli": 0, "ser": 0, "fat": 1, "row": -1, "mot": -1, "pie": -1, "uto": -1, "uwr": -1 }, "geometry": { "type": "Point", "coordinates": [ 15.095333, 53.433556 ] } },
{ "type": "Feature", "properties": { "ID": 110293542, "yr": 2021, "dt": "2021-06-24T16:13:02", "WOJ": 32, "sev": 3, "c": [ 255, 0, 0, 160 ], "dmg": 0, "sli": 2, "ser": 0, "fat": 1, "row": -1, "mot": -1, "pie": -1, "uto": -1, "uwr": -1 }, "geometry": { "type": "Point", "coordinates": [ 16.512889, 54.307306 ] } },
{ "type": "Feature", "properties": { "ID": 110450120, "yr": 2021, "dt": "2021-08-28T18:59:27", "WOJ": 32, "sev": 3, "c": [ 255, 0, 0, 160 ], "dmg": 0, "sli": 0, "ser": 0, "fat": 2, "row": -1, "mot": 3, "pie": -1, "uto": -1, "uwr": -1 }, "geometry": { "type": "Point", "coordinates": [ 16.384361, 53.440444 ] } },
{ "type": "Feature", "properties": { "ID": 110312882, "yr": 2021, "dt": "2021-07-06T10:26:43", "WOJ": 32, "sev": 3, "c": [ 255, 0, 0, 160 ], "dmg": 0, "sli": 0, "ser": 0, "fat": 1, "row": -1, "mot": -1, "pie": -1, "uto": -1, "uwr": -1 }, "geometry": { "type": "Point", "coordinates": [ 16.4135, 53.169667 ] } },
{ "type": "Feature", "properties": { "ID": 110324121, "yr": 2021, "dt": "2021-07-12T18:30:00", "WOJ": 32, "sev": 3, "c": [ 255, 0, 0, 160 ], "dmg": 0, "sli": 0, "ser": 0, "fat": 1, "row": -1, "mot": -1, "pie": -1, "uto": -1, "uwr": -1 }, "geometry": { "type": "Point", "coordinates": [ 15.497917, 53.174528 ] } },
{ "type": "Feature", "properties": { "ID": 110321993, "yr": 2021, "dt": "2021-07-11T23:40:00", "WOJ": 32, "sev": 3, "c": [ 255, 0, 0, 160 ], "dmg": 1, "sli": 0, "ser": 0, "fat": 1, "row": -1, "mot": -1, "pie": 3, "uto": -1, "uwr": -1 }, "geometry": { "type": "Point", "coordinates": [ 15.492528, 54.159111 ] } },
{ "type": "Feature", "properties": { "ID": 110413976, "yr": 2021, "dt": "2021-08-18T21:43:35", "WOJ": 32, "sev": 3, "c": [ 255, 0, 0, 160 ], "dmg": 1, "sli": 0, "ser": 0, "fat": 2, "row": -1, "mot": -1, "pie": -1, "uto": -1, "uwr": -1 }, "geometry": { "type": "Point", "coordinates": [ 14.781278, 53.27475 ] } },
{ "type": "Feature", "properties": { "ID": 110411390, "yr": 2021, "dt": "2021-08-17T17:23:22", "WOJ": 32, "sev": 3, "c": [ 255, 0, 0, 160 ], "dmg": 0, "sli": 0, "ser": 1, "fat": 1, "row": -1, "mot": -1, "pie": -1, "uto": -1, "uwr": -1 }, "geometry": { "type": "Point", "coordinates": [ 14.434111, 53.8865 ] } },
{ "type": "Feature", "properties": { "ID": 110412284, "yr": 2021, "dt": "2021-08-17T21:10:01", "WOJ": 32, "sev": 3, "c": [ 255, 0, 0, 160 ], "dmg": 0, "sli": 3, "ser": 0, "fat": 1, "row": -1, "mot": -1, "pie": -1, "uto": -1, "uwr": -1 }, "geometry": { "type": "Point", "coordinates": [ 14.688028, 52.754389 ] } },
{ "type": "Feature", "properties": { "ID": 110345413, "yr": 2021, "dt": "2021-07-24T15:15:00", "WOJ": 32, "sev": 3, "c": [ 255, 0, 0, 160 ], "dmg": 1, "sli": 1, "ser": 0, "fat": 1, "row": -1, "mot": -1, "pie": -1, "uto": -1, "uwr": -1 }, "geometry": { "type": "Point", "coordinates": [ 14.900667, 53.0855 ] } },
{ "type": "Feature", "properties": { "ID": 110341720, "yr": 2021, "dt": "2021-07-24T08:39:27", "WOJ": 32, "sev": 3, "c": [ 255, 0, 0, 160 ], "dmg": 1, "sli": 0, "ser": 0, "fat": 1, "row": -1, "mot": -1, "pie": 3, "uto": -1, "uwr": -1 }, "geometry": { "type": "Point", "coordinates": [ 15.032, 53.342639 ] } },
{ "type": "Feature", "properties": { "ID": 110343794, "yr": 2021, "dt": "2021-07-22T06:01:00", "WOJ": 32, "sev": 3, "c": [ 255, 0, 0, 160 ], "dmg": 1, "sli": 0, "ser": 0, "fat": 1, "row": -1, "mot": 3, "pie": -1, "uto": -1, "uwr": -1 }, "geometry": { "type": "Point", "coordinates": [ 14.456944, 53.431389 ] } },
{ "type": "Feature", "properties": { "ID": 109786352, "yr": 2021, "dt": "2021-01-12T17:43:41", "WOJ": 32, "sev": 3, "c": [ 255, 0, 0, 160 ], "dmg": 1, "sli": 0, "ser": 0, "fat": 1, "row": -1, "mot": -1, "pie": -1, "uto": -1, "uwr": -1 }, "geometry": { "type": "Point", "coordinates": [ 14.528833, 53.879806 ] } },
{ "type": "Feature", "properties": { "ID": 109713086, "yr": 2021, "dt": "2021-01-07T01:14:00", "WOJ": 32, "sev": 3, "c": [ 255, 0, 0, 160 ], "dmg": 0, "sli": 0, "ser": 0, "fat": 1, "row": -1, "mot": -1, "pie": -1, "uto": -1, "uwr": -1 }, "geometry": { "type": "Point", "coordinates": [ 16.485944, 53.520556 ] } },
{ "type": "Feature", "properties": { "ID": 113971848, "yr": 2021, "dt": "2021-12-04T17:52:03", "WOJ": 32, "sev": 3, "c": [ 255, 0, 0, 160 ], "dmg": 1, "sli": 0, "ser": 0, "fat": 1, "row": -1, "mot": -1, "pie": 3, "uto": -1, "uwr": -1 }, "geometry": { "type": "Point", "coordinates": [ 14.811111, 53.527333 ] } },
{ "type": "Feature", "properties": { "ID": 109875531, "yr": 2021, "dt": "2021-02-08T12:24:16", "WOJ": 32, "sev": 3, "c": [ 255, 0, 0, 160 ], "dmg": 3, "sli": 0, "ser": 0, "fat": 1, "row": -1, "mot": -1, "pie": -1, "uto": -1, "uwr": -1 }, "geometry": { "type": "Point", "coordinates": [ 14.712889, 52.741944 ] } },
{ "type": "Feature", "properties": { "ID": 110338188, "yr": 2021, "dt": "2021-07-20T21:40:00", "WOJ": 32, "sev": 3, "c": [ 255, 0, 0, 160 ], "dmg": 3, "sli": 0, "ser": 0, "fat": 1, "row": -1, "mot": -1, "pie": -1, "uto": -1, "uwr": -1 }, "geometry": { "type": "Point", "coordinates": [ 14.465028, 53.898417 ] } },
{ "type": "Feature", "properties": { "ID": 110333327, "yr": 2021, "dt": "2021-07-20T06:52:52", "WOJ": 32, "sev": 3, "c": [ 255, 0, 0, 160 ], "dmg": 2, "sli": 0, "ser": 0, "fat": 1, "row": 3, "mot": -1, "pie": -1, "uto": -1, "uwr": -1 }, "geometry": { "type": "Point", "coordinates": [ 14.789944, 53.554806 ] } },
{ "type": "Feature", "properties": { "ID": 110343905, "yr": 2021, "dt": "2021-07-26T13:20:55", "WOJ": 32, "sev": 3, "c": [ 255, 0, 0, 160 ], "dmg": 0, "sli": 1, "ser": 0, "fat": 1, "row": -1, "mot": -1, "pie": -1, "uto": -1, "uwr": -1 }, "geometry": { "type": "Point", "coordinates": [ 14.582722, 53.47175 ] } },
{ "type": "Feature", "properties": { "ID": 110362790, "yr": 2021, "dt": "2021-08-05T21:32:19", "WOJ": 32, "sev": 3, "c": [ 255, 0, 0, 160 ], "dmg": 0, "sli": 0, "ser": 0, "fat": 1, "row": -1, "mot": 3, "pie": -1, "uto": -1, "uwr": -1 }, "geometry": { "type": "Point", "coordinates": [ 14.696361, 52.756 ] } },
{ "type": "Feature", "properties": { "ID": 110360494, "yr": 2021, "dt": "2021-08-02T11:20:00", "WOJ": 32, "sev": 3, "c": [ 255, 0, 0, 160 ], "dmg": 0, "sli": 0, "ser": 0, "fat": 1, "row": -1, "mot": -1, "pie": -1, "uto": -1, "uwr": -1 }, "geometry": { "type": "Point", "coordinates": [ 15.331, 53.262361 ] } },
{ "type": "Feature", "properties": { "ID": 110357004, "yr": 2021, "dt": "2021-08-02T16:04:59", "WOJ": 32, "sev": 3, "c": [ 255, 0, 0, 160 ], "dmg": 1, "sli": 8, "ser": 0, "fat": 1, "row": -1, "mot": -1, "pie": -1, "uto": -1, "uwr": -1 }, "geometry": { "type": "Point", "coordinates": [ 15.190722, 53.935278 ] } }
]
}
