{"type":"FeatureCollection","name":"accidents_2018_POMORSKIE","crs":{"type":"name","properties":{"name":"urn:ogc:def:crs:OGC:1.3:CRS84"}},"features":[{"type":"Feature","properties":{"ID":107555946,"yr":2018,"dt":"2018-12-31T19:30:00","WOJ":22,"sev":1,"c":[255,255,0,160],"dmg":2,"sli":1,"ser":0,"fat":0,"row":-1,"mot":-1,"pie":-1,"uto":-1,"uwr":-1},"geometry":{"type":"Point","coordinates":[18.632,54.243083]}},{"type":"Feature","properties":{"ID":107526953,"yr":2018,"dt":"2018-12-23T13:55:00","WOJ":22,"sev":1,"c":[255,255,0,160],"dmg":1,"sli":5,"ser":0,"fat":0,"row":-1,"mot":-1,"pie":-1,"uto":-1,"uwr":-1},"geometry":{"type":"Point","coordinates":[18.960139,53.662333]}},{"type":"Feature","properties":{"ID":107366238,"yr":2018,"dt":"2018-10-10T22:15:00","WOJ":22,"sev":1,"c":[255,255,0,160],"dmg":0,"sli":2,"ser":0,"fat":0,"row":-1,"mot":-1,"pie":-1,"uto":-1,"uwr":-1},"geometry":{"type":"Point","coordinates":[18.621111,54.358333]}},{"type":"Feature","properties":{"ID":107561840,"yr":2018,"dt":"2018-12-24T11:15:00","WOJ":22,"sev":1,"c":[255,255,0,160],"dmg":2,"sli":1,"ser":0,"fat":0,"row":-1,"mot":-1,"pie":-1,"uto":-1,"uwr":-1},"geometry":{"type":"Point","coordinates":[18.751722,53.929361]}},{"type":"Feature","properties":{"ID":107552836,"yr":2018,"dt":"2018-12-24T23:30:00","WOJ":22,"sev":1,"c":[255,255,0,160],"dmg":1,"sli":3,"ser":0,"fat":0,"row":-1,"mot":-1,"pie":-1,"uto":-1,"uwr":-1},"geometry":{"type":"Point","coordinates":[18.342,54.323333]}},{"type":"Feature","properties":{"ID":107529084,"yr":2018,"dt":"2018-12-24T13:25:00","WOJ":22,"sev":1,"c":[255,255,0,160],"dmg":1,"sli":1,"ser":0,"fat":0,"row":-1,"mot":-1,"pie":-1,"uto":-1,"uwr":-1},"geometry":{"type":"Point","coordinates":[17.954444,54.183611]}},{"type":"Feature","properties":{"ID":107531276,"yr":2018,"dt":"2018-12-25T20:50:00","WOJ":22,"sev":1,"c":[255,255,0,160],"dmg":1,"sli":1,"ser":0,"fat":0,"row":-1,"mot":-1,"pie":-1,"uto":-1,"uwr":-1},"geometry":{"type":"Point","coordinates":[18.532333,53.821694]}},{"type":"Feature","properties":{"ID":107367892,"yr":2018,"dt":"2018-10-10T13:30:00","WOJ":22,"sev":1,"c":[255,255,0,160],"dmg":1,"sli":1,"ser":0,"fat":0,"row":-1,"mot":1,"pie":-1,"uto":-1,"uwr":-1},"geometry":{"type":"Point","coordinates":[18.766194,54.091972]}},{"type":"Feature","properties":{"ID":107534835,"yr":2018,"dt":"2018-12-26T18:10:00","WOJ":22,"sev":1,"c":[255,255,0,160],"dmg":1,"sli":2,"ser":0,"fat":0,"row":-1,"mot":-1,"pie":-1,"uto":-1,"uwr":-1},"geometry":{"type":"Point","coordinates":[18.916889,54.258056]}},{"type":"Feature","properties":{"ID":107531705,"yr":2018,"dt":"2018-12-26T19:05:00","WOJ":22,"sev":1,"c":[255,255,0,160],"dmg":1,"sli":1,"ser":0,"fat":0,"row":-1,"mot":-1,"pie":-1,"uto":-1,"uwr":-1},"geometry":{"type":"Point","coordinates":[16.971778,53.935194]}},{"type":"Feature","properties":{"ID":107534972,"yr":2018,"dt":"2018-12-27T02:30:00","WOJ":22,"sev":1,"c":[255,255,0,160],"dmg":1,"sli":2,"ser":0,"fat":0,"row":-1,"mot":-1,"pie":-1,"uto":-1,"uwr":-1},"geometry":{"type":"Point","coordinates":[18.916889,54.258056]}},{"type":"Feature","properties":{"ID":107537021,"yr":2018,"dt":"2018-12-27T16:35:00","WOJ":22,"sev":1,"c":[255,255,0,160],"dmg":1,"sli":1,"ser":0,"fat":0,"row":-1,"mot":-1,"pie":1,"uto":-1,"uwr":-1},"geometry":{"type":"Point","coordinates":[17.018083,54.467111]}},{"type":"Feature","properties":{"ID":107540192,"yr":2018,"dt":"2018-12-28T13:00:00","WOJ":22,"sev":1,"c":[255,255,0,160],"dmg":1,"sli":1,"ser":0,"fat":0,"row":-1,"mot":-1,"pie":1,"uto":-1,"uwr":-1},"geometry":{"type":"Point","coordinates":[18.777139,54.104694]}},{"type":"Feature","properties":{"ID":107365559,"yr":2018,"dt":"2018-10-10T15:15:00","WOJ":22,"sev":1,"c":[255,255,0,160],"dmg":2,"sli":1,"ser":0,"fat":0,"row":-1,"mot":-1,"pie":-1,"uto":-1,"uwr":-1},"geometry":{"type":"Point","coordinates":[18.252583,54.320389]}},{"type":"Feature","properties":{"ID":107362732,"yr":2018,"dt":"2018-10-10T08:00:00","WOJ":22,"sev":1,"c":[255,255,0,160],"dmg":1,"sli":1,"ser":0,"fat":0,"row":1,"mot":-1,"pie":-1,"uto":-1,"uwr":-1},"geometry":{"type":"Point","coordinates":[18.613889,54.376389]}},{"type":"Feature","properties":{"ID":107542738,"yr":2018,"dt":"2018-12-29T16:30:00","WOJ":22,"sev":1,"c":[255,255,0,160],"dmg":1,"sli":1,"ser":0,"fat":0,"row":-1,"mot":-1,"pie":1,"uto":-1,"uwr":-1},"geometry":{"type":"Point","coordinates":[18.581389,54.421389]}},{"type":"Feature","properties":{"ID":106650196,"yr":2018,"dt":"2018-01-01T23:13:00","WOJ":22,"sev":1,"c":[255,255,0,160],"dmg":1,"sli":1,"ser":0,"fat":0,"row":-1,"mot":-1,"pie":-1,"uto":-1,"uwr":-1},"geometry":{"type":"Point","coordinates":[17.921139,54.339667]}},{"type":"Feature","properties":{"ID":106652485,"yr":2018,"dt":"2018-01-02T07:23:00","WOJ":22,"sev":1,"c":[255,255,0,160],"dmg":0,"sli":4,"ser":0,"fat":0,"row":-1,"mot":-1,"pie":-1,"uto":-1,"uwr":-1},"geometry":{"type":"Point","coordinates":[17.182028,53.599556]}},{"type":"Feature","properties":{"ID":106652864,"yr":2018,"dt":"2018-01-02T19:00:00","WOJ":22,"sev":1,"c":[255,255,0,160],"dmg":1,"sli":1,"ser":0,"fat":0,"row":-1,"mot":-1,"pie":1,"uto":-1,"uwr":-1},"geometry":{"type":"Point","coordinates":[18.415111,54.720528]}},{"type":"Feature","properties":{"ID":107362521,"yr":2018,"dt":"2018-10-10T04:11:00","WOJ":22,"sev":1,"c":[255,255,0,160],"dmg":0,"sli":1,"ser":0,"fat":0,"row":-1,"mot":-1,"pie":-1,"uto":-1,"uwr":-1},"geometry":{"type":"Point","coordinates":[18.656944,54.385278]}},{"type":"Feature","properties":{"ID":106653944,"yr":2018,"dt":"2018-01-02T18:05:00","WOJ":22,"sev":1,"c":[255,255,0,160],"dmg":1,"sli":1,"ser":0,"fat":0,"row":-1,"mot":-1,"pie":-1,"uto":-1,"uwr":-1},"geometry":{"type":"Point","coordinates":[18.671111,54.360833]}},{"type":"Feature","properties":{"ID":106651826,"yr":2018,"dt":"2018-01-02T06:50:00","WOJ":22,"sev":1,"c":[255,255,0,160],"dmg":0,"sli":2,"ser":0,"fat":0,"row":-1,"mot":-1,"pie":-1,"uto":-1,"uwr":-1},"geometry":{"type":"Point","coordinates":[18.737778,54.313056]}},{"type":"Feature","properties":{"ID":106651782,"yr":2018,"dt":"2018-01-02T02:50:00","WOJ":22,"sev":1,"c":[255,255,0,160],"dmg":1,"sli":1,"ser":0,"fat":0,"row":-1,"mot":-1,"pie":-1,"uto":-1,"uwr":-1},"geometry":{"type":"Point","coordinates":[18.809444,53.817778]}},{"type":"Feature","properties":{"ID":107364878,"yr":2018,"dt":"2018-10-10T08:25:00","WOJ":22,"sev":1,"c":[255,255,0,160],"dmg":2,"sli":3,"ser":0,"fat":0,"row":-1,"mot":-1,"pie":1,"uto":-1,"uwr":-1},"geometry":{"type":"Point","coordinates":[18.36025,54.346]}},{"type":"Feature","properties":{"ID":106654700,"yr":2018,"dt":"2018-01-02T20:30:00","WOJ":22,"sev":1,"c":[255,255,0,160],"dmg":1,"sli":1,"ser":0,"fat":0,"row":-1,"mot":-1,"pie":1,"uto":-1,"uwr":-1},"geometry":{"type":"Point","coordinates":[17.034528,54.469111]}},{"type":"Feature","properties":{"ID":107369021,"yr":2018,"dt":"2018-10-11T14:30:00","WOJ":22,"sev":1,"c":[255,255,0,160],"dmg":1,"sli":1,"ser":0,"fat":0,"row":1,"mot":-1,"pie":-1,"uto":-1,"uwr":-1},"geometry":{"type":"Point","coordinates":[17.365722,54.615611]}},{"type":"Feature","properties":{"ID":106653996,"yr":2018,"dt":"2018-01-02T17:11:00","WOJ":22,"sev":1,"c":[255,255,0,160],"dmg":1,"sli":1,"ser":0,"fat":0,"row":-1,"mot":-1,"pie":1,"uto":-1,"uwr":-1},"geometry":{"type":"Point","coordinates":[18.53125,53.965083]}},{"type":"Feature","properties":{"ID":107366296,"yr":2018,"dt":"2018-10-11T06:30:00","WOJ":22,"sev":1,"c":[255,255,0,160],"dmg":0,"sli":1,"ser":0,"fat":0,"row":1,"mot":-1,"pie":-1,"uto":-1,"uwr":-1},"geometry":{"type":"Point","coordinates":[18.199056,54.329111]}},{"type":"Feature","properties":{"ID":107369522,"yr":2018,"dt":"2018-10-11T15:00:00","WOJ":22,"sev":1,"c":[255,255,0,160],"dmg":1,"sli":1,"ser":0,"fat":0,"row":-1,"mot":-1,"pie":1,"uto":-1,"uwr":-1},"geometry":{"type":"Point","coordinates":[17.887222,54.240917]}},{"type":"Feature","properties":{"ID":106656384,"yr":2018,"dt":"2018-01-03T16:40:00","WOJ":22,"sev":1,"c":[255,255,0,160],"dmg":1,"sli":1,"ser":0,"fat":0,"row":1,"mot":-1,"pie":-1,"uto":-1,"uwr":-1},"geometry":{"type":"Point","coordinates":[18.602778,54.395556]}},{"type":"Feature","properties":{"ID":107368098,"yr":2018,"dt":"2018-10-11T14:10:00","WOJ":22,"sev":1,"c":[255,255,0,160],"dmg":0,"sli":1,"ser":0,"fat":0,"row":-1,"mot":-1,"pie":-1,"uto":-1,"uwr":-1},"geometry":{"type":"Point","coordinates":[18.488889,54.533056]}},{"type":"Feature","properties":{"ID":107381883,"yr":2018,"dt":"2018-10-12T14:40:00","WOJ":22,"sev":1,"c":[255,255,0,160],"dmg":1,"sli":1,"ser":0,"fat":0,"row":-1,"mot":-1,"pie":1,"uto":-1,"uwr":-1},"geometry":{"type":"Point","coordinates":[18.383917,54.472167]}},{"type":"Feature","properties":{"ID":107370348,"yr":2018,"dt":"2018-10-12T09:25:00","WOJ":22,"sev":1,"c":[255,255,0,160],"dmg":1,"sli":1,"ser":0,"fat":0,"row":1,"mot":-1,"pie":-1,"uto":-1,"uwr":-1},"geometry":{"type":"Point","coordinates":[18.64975,54.257972]}},{"type":"Feature","properties":{"ID":107373784,"yr":2018,"dt":"2018-10-12T18:51:00","WOJ":22,"sev":1,"c":[255,255,0,160],"dmg":1,"sli":1,"ser":0,"fat":0,"row":1,"mot":-1,"pie":-1,"uto":-1,"uwr":-1},"geometry":{"type":"Point","coordinates":[17.229111,54.168139]}},{"type":"Feature","properties":{"ID":106660452,"yr":2018,"dt":"2018-01-06T20:40:00","WOJ":22,"sev":1,"c":[255,255,0,160],"dmg":0,"sli":2,"ser":0,"fat":0,"row":-1,"mot":-1,"pie":-1,"uto":-1,"uwr":-1},"geometry":{"type":"Point","coordinates":[18.416944,54.568667]}},{"type":"Feature","properties":{"ID":106660961,"yr":2018,"dt":"2018-01-06T16:35:00","WOJ":22,"sev":1,"c":[255,255,0,160],"dmg":1,"sli":1,"ser":0,"fat":0,"row":1,"mot":-1,"pie":-1,"uto":-1,"uwr":-1},"geometry":{"type":"Point","coordinates":[19.059139,53.805917]}},{"type":"Feature","properties":{"ID":106661276,"yr":2018,"dt":"2018-01-07T12:40:00","WOJ":22,"sev":1,"c":[255,255,0,160],"dmg":1,"sli":2,"ser":0,"fat":0,"row":-1,"mot":-1,"pie":-1,"uto":-1,"uwr":-1},"geometry":{"type":"Point","coordinates":[18.562778,54.419722]}},{"type":"Feature","properties":{"ID":106661598,"yr":2018,"dt":"2018-01-08T05:40:00","WOJ":22,"sev":1,"c":[255,255,0,160],"dmg":2,"sli":1,"ser":0,"fat":0,"row":-1,"mot":-1,"pie":-1,"uto":-1,"uwr":-1},"geometry":{"type":"Point","coordinates":[18.561111,54.309167]}},{"type":"Feature","properties":{"ID":106663692,"yr":2018,"dt":"2018-01-08T19:47:00","WOJ":22,"sev":1,"c":[255,255,0,160],"dmg":1,"sli":1,"ser":0,"fat":0,"row":-1,"mot":-1,"pie":1,"uto":-1,"uwr":-1},"geometry":{"type":"Point","coordinates":[18.488056,54.532778]}},{"type":"Feature","properties":{"ID":106667119,"yr":2018,"dt":"2018-01-08T19:25:00","WOJ":22,"sev":1,"c":[255,255,0,160],"dmg":2,"sli":2,"ser":0,"fat":0,"row":-1,"mot":-1,"pie":-1,"uto":-1,"uwr":-1},"geometry":{"type":"Point","coordinates":[17.005861,54.445778]}},{"type":"Feature","properties":{"ID":106664989,"yr":2018,"dt":"2018-01-08T16:50:00","WOJ":22,"sev":1,"c":[255,255,0,160],"dmg":1,"sli":1,"ser":0,"fat":0,"row":-1,"mot":-1,"pie":1,"uto":-1,"uwr":-1},"geometry":{"type":"Point","coordinates":[17.026917,54.465333]}},{"type":"Feature","properties":{"ID":106662495,"yr":2018,"dt":"2018-01-08T18:30:00","WOJ":22,"sev":1,"c":[255,255,0,160],"dmg":0,"sli":1,"ser":0,"fat":0,"row":-1,"mot":-1,"pie":-1,"uto":-1,"uwr":-1},"geometry":{"type":"Point","coordinates":[18.472222,54.165278]}},{"type":"Feature","properties":{"ID":106662757,"yr":2018,"dt":"2018-01-08T07:44:00","WOJ":22,"sev":1,"c":[255,255,0,160],"dmg":1,"sli":1,"ser":0,"fat":0,"row":1,"mot":-1,"pie":-1,"uto":-1,"uwr":-1},"geometry":{"type":"Point","coordinates":[19.024,54.025389]}},{"type":"Feature","properties":{"ID":106665271,"yr":2018,"dt":"2018-01-09T14:05:00","WOJ":22,"sev":1,"c":[255,255,0,160],"dmg":1,"sli":1,"ser":0,"fat":0,"row":-1,"mot":-1,"pie":-1,"uto":-1,"uwr":-1},"geometry":{"type":"Point","coordinates":[18.603056,54.346111]}},{"type":"Feature","properties":{"ID":107372838,"yr":2018,"dt":"2018-10-12T11:55:00","WOJ":22,"sev":1,"c":[255,255,0,160],"dmg":1,"sli":1,"ser":0,"fat":0,"row":-1,"mot":-1,"pie":1,"uto":-1,"uwr":-1},"geometry":{"type":"Point","coordinates":[19.034833,54.028389]}},{"type":"Feature","properties":{"ID":106665579,"yr":2018,"dt":"2018-01-09T18:50:00","WOJ":22,"sev":1,"c":[255,255,0,160],"dmg":1,"sli":1,"ser":0,"fat":0,"row":-1,"mot":-1,"pie":1,"uto":-1,"uwr":-1},"geometry":{"type":"Point","coordinates":[18.407806,54.719389]}},{"type":"Feature","properties":{"ID":106665466,"yr":2018,"dt":"2018-01-09T17:10:00","WOJ":22,"sev":1,"c":[255,255,0,160],"dmg":1,"sli":1,"ser":0,"fat":0,"row":-1,"mot":-1,"pie":-1,"uto":-1,"uwr":-1},"geometry":{"type":"Point","coordinates":[18.505556,54.263611]}},{"type":"Feature","properties":{"ID":107370170,"yr":2018,"dt":"2018-10-12T06:01:00","WOJ":22,"sev":1,"c":[255,255,0,160],"dmg":0,"sli":1,"ser":0,"fat":0,"row":-1,"mot":-1,"pie":-1,"uto":-1,"uwr":-1},"geometry":{"type":"Point","coordinates":[18.304444,54.293833]}},{"type":"Feature","properties":{"ID":106664831,"yr":2018,"dt":"2018-01-09T09:00:00","WOJ":22,"sev":1,"c":[255,255,0,160],"dmg":3,"sli":1,"ser":0,"fat":0,"row":-1,"mot":-1,"pie":-1,"uto":-1,"uwr":-1},"geometry":{"type":"Point","coordinates":[18.518889,54.290833]}},{"type":"Feature","properties":{"ID":107373298,"yr":2018,"dt":"2018-10-12T16:45:00","WOJ":22,"sev":1,"c":[255,255,0,160],"dmg":2,"sli":1,"ser":0,"fat":0,"row":-1,"mot":-1,"pie":-1,"uto":-1,"uwr":-1},"geometry":{"type":"Point","coordinates":[18.581111,54.315833]}},{"type":"Feature","properties":{"ID":106664783,"yr":2018,"dt":"2018-01-09T08:05:00","WOJ":22,"sev":1,"c":[255,255,0,160],"dmg":1,"sli":1,"ser":0,"fat":0,"row":-1,"mot":-1,"pie":1,"uto":-1,"uwr":-1},"geometry":{"type":"Point","coordinates":[17.487472,54.164667]}},{"type":"Feature","properties":{"ID":107370775,"yr":2018,"dt":"2018-10-12T09:20:00","WOJ":22,"sev":1,"c":[255,255,0,160],"dmg":1,"sli":1,"ser":0,"fat":0,"row":-1,"mot":-1,"pie":-1,"uto":-1,"uwr":-1},"geometry":{"type":"Point","coordinates":[18.405306,53.932583]}},{"type":"Feature","properties":{"ID":106666874,"yr":2018,"dt":"2018-01-10T08:45:00","WOJ":22,"sev":1,"c":[255,255,0,160],"dmg":1,"sli":1,"ser":0,"fat":0,"row":-1,"mot":-1,"pie":-1,"uto":-1,"uwr":-1},"geometry":{"type":"Point","coordinates":[18.612222,54.366111]}},{"type":"Feature","properties":{"ID":107373010,"yr":2018,"dt":"2018-10-12T12:29:00","WOJ":22,"sev":1,"c":[255,255,0,160],"dmg":1,"sli":1,"ser":0,"fat":0,"row":-1,"mot":-1,"pie":1,"uto":-1,"uwr":-1},"geometry":{"type":"Point","coordinates":[18.528806,53.965917]}},{"type":"Feature","properties":{"ID":107375201,"yr":2018,"dt":"2018-10-13T09:20:00","WOJ":22,"sev":1,"c":[255,255,0,160],"dmg":2,"sli":1,"ser":0,"fat":0,"row":-1,"mot":-1,"pie":1,"uto":-1,"uwr":-1},"geometry":{"type":"Point","coordinates":[18.492222,54.361667]}},{"type":"Feature","properties":{"ID":106669068,"yr":2018,"dt":"2018-01-11T13:55:00","WOJ":22,"sev":1,"c":[255,255,0,160],"dmg":1,"sli":1,"ser":0,"fat":0,"row":-1,"mot":-1,"pie":-1,"uto":-1,"uwr":-1},"geometry":{"type":"Point","coordinates":[18.513611,54.349167]}},{"type":"Feature","properties":{"ID":107375452,"yr":2018,"dt":"2018-10-13T14:05:00","WOJ":22,"sev":1,"c":[255,255,0,160],"dmg":0,"sli":1,"ser":0,"fat":0,"row":-1,"mot":-1,"pie":-1,"uto":-1,"uwr":-1},"geometry":{"type":"Point","coordinates":[18.149083,54.306111]}},{"type":"Feature","properties":{"ID":106668666,"yr":2018,"dt":"2018-01-11T10:38:00","WOJ":22,"sev":1,"c":[255,255,0,160],"dmg":1,"sli":2,"ser":0,"fat":0,"row":-1,"mot":-1,"pie":-1,"uto":-1,"uwr":-1},"geometry":{"type":"Point","coordinates":[18.414694,54.336944]}},{"type":"Feature","properties":{"ID":107373951,"yr":2018,"dt":"2018-10-13T14:00:00","WOJ":22,"sev":1,"c":[255,255,0,160],"dmg":0,"sli":1,"ser":0,"fat":0,"row":1,"mot":-1,"pie":-1,"uto":-1,"uwr":-1},"geometry":{"type":"Point","coordinates":[17.898889,54.075]}},{"type":"Feature","properties":{"ID":106670111,"yr":2018,"dt":"2018-01-11T20:15:00","WOJ":22,"sev":1,"c":[255,255,0,160],"dmg":1,"sli":1,"ser":0,"fat":0,"row":-1,"mot":-1,"pie":-1,"uto":-1,"uwr":-1},"geometry":{"type":"Point","coordinates":[18.752333,54.095139]}},{"type":"Feature","properties":{"ID":107379099,"yr":2018,"dt":"2018-10-14T22:55:00","WOJ":22,"sev":1,"c":[255,255,0,160],"dmg":0,"sli":1,"ser":0,"fat":0,"row":-1,"mot":-1,"pie":-1,"uto":-1,"uwr":-1},"geometry":{"type":"Point","coordinates":[18.223806,54.394583]}},{"type":"Feature","properties":{"ID":106669808,"yr":2018,"dt":"2018-01-11T16:14:00","WOJ":22,"sev":1,"c":[255,255,0,160],"dmg":1,"sli":1,"ser":0,"fat":0,"row":-1,"mot":-1,"pie":1,"uto":-1,"uwr":-1},"geometry":{"type":"Point","coordinates":[19.040556,54.03175]}},{"type":"Feature","properties":{"ID":106669140,"yr":2018,"dt":"2018-01-11T16:15:00","WOJ":22,"sev":1,"c":[255,255,0,160],"dmg":2,"sli":1,"ser":0,"fat":0,"row":-1,"mot":-1,"pie":-1,"uto":-1,"uwr":-1},"geometry":{"type":"Point","coordinates":[18.458611,54.376389]}},{"type":"Feature","properties":{"ID":107376430,"yr":2018,"dt":"2018-10-14T12:20:00","WOJ":22,"sev":1,"c":[255,255,0,160],"dmg":1,"sli":1,"ser":0,"fat":0,"row":-1,"mot":-1,"pie":-1,"uto":-1,"uwr":-1},"geometry":{"type":"Point","coordinates":[17.863778,54.342139]}},{"type":"Feature","properties":{"ID":106671893,"yr":2018,"dt":"2018-01-12T11:50:00","WOJ":22,"sev":1,"c":[255,255,0,160],"dmg":1,"sli":1,"ser":0,"fat":0,"row":-1,"mot":-1,"pie":-1,"uto":-1,"uwr":-1},"geometry":{"type":"Point","coordinates":[18.616111,54.388056]}},{"type":"Feature","properties":{"ID":106672437,"yr":2018,"dt":"2018-01-12T20:50:00","WOJ":22,"sev":1,"c":[255,255,0,160],"dmg":1,"sli":1,"ser":0,"fat":0,"row":-1,"mot":-1,"pie":1,"uto":-1,"uwr":-1},"geometry":{"type":"Point","coordinates":[18.611111,54.371944]}},{"type":"Feature","properties":{"ID":106670492,"yr":2018,"dt":"2018-01-12T06:50:00","WOJ":22,"sev":1,"c":[255,255,0,160],"dmg":1,"sli":1,"ser":0,"fat":0,"row":-1,"mot":-1,"pie":1,"uto":-1,"uwr":-1},"geometry":{"type":"Point","coordinates":[18.611944,54.355833]}},{"type":"Feature","properties":{"ID":106670678,"yr":2018,"dt":"2018-01-12T07:25:00","WOJ":22,"sev":1,"c":[255,255,0,160],"dmg":1,"sli":1,"ser":0,"fat":0,"row":-1,"mot":-1,"pie":-1,"uto":-1,"uwr":-1},"geometry":{"type":"Point","coordinates":[18.39775,54.738611]}},{"type":"Feature","properties":{"ID":107385149,"yr":2018,"dt":"2018-10-14T21:30:00","WOJ":22,"sev":1,"c":[255,255,0,160],"dmg":1,"sli":1,"ser":0,"fat":0,"row":1,"mot":-1,"pie":-1,"uto":-1,"uwr":-1},"geometry":{"type":"Point","coordinates":[18.647194,54.257111]}},{"type":"Feature","properties":{"ID":106672994,"yr":2018,"dt":"2018-01-13T17:25:00","WOJ":22,"sev":1,"c":[255,255,0,160],"dmg":1,"sli":1,"ser":0,"fat":0,"row":-1,"mot":-1,"pie":1,"uto":-1,"uwr":-1},"geometry":{"type":"Point","coordinates":[18.588056,54.412222]}},{"type":"Feature","properties":{"ID":106673774,"yr":2018,"dt":"2018-01-14T16:30:00","WOJ":22,"sev":1,"c":[255,255,0,160],"dmg":1,"sli":2,"ser":0,"fat":0,"row":-1,"mot":-1,"pie":-1,"uto":-1,"uwr":-1},"geometry":{"type":"Point","coordinates":[18.653889,53.866111]}},{"type":"Feature","properties":{"ID":106673333,"yr":2018,"dt":"2018-01-14T13:10:00","WOJ":22,"sev":1,"c":[255,255,0,160],"dmg":1,"sli":1,"ser":0,"fat":0,"row":-1,"mot":-1,"pie":-1,"uto":-1,"uwr":-1},"geometry":{"type":"Point","coordinates":[18.397472,54.376778]}},{"type":"Feature","properties":{"ID":106673717,"yr":2018,"dt":"2018-01-14T13:18:00","WOJ":22,"sev":1,"c":[255,255,0,160],"dmg":2,"sli":1,"ser":0,"fat":0,"row":-1,"mot":-1,"pie":-1,"uto":-1,"uwr":-1},"geometry":{"type":"Point","coordinates":[17.040278,53.689583]}},{"type":"Feature","properties":{"ID":106674028,"yr":2018,"dt":"2018-01-14T04:05:00","WOJ":22,"sev":1,"c":[255,255,0,160],"dmg":1,"sli":1,"ser":0,"fat":0,"row":-1,"mot":-1,"pie":1,"uto":-1,"uwr":-1},"geometry":{"type":"Point","coordinates":[18.793611,54.085556]}},{"type":"Feature","properties":{"ID":106673821,"yr":2018,"dt":"2018-01-14T19:45:00","WOJ":22,"sev":1,"c":[255,255,0,160],"dmg":2,"sli":1,"ser":0,"fat":0,"row":-1,"mot":-1,"pie":-1,"uto":-1,"uwr":-1},"geometry":{"type":"Point","coordinates":[18.635278,54.231389]}},{"type":"Feature","properties":{"ID":106675173,"yr":2018,"dt":"2018-01-15T10:50:00","WOJ":22,"sev":1,"c":[255,255,0,160],"dmg":1,"sli":1,"ser":0,"fat":0,"row":-1,"mot":-1,"pie":1,"uto":-1,"uwr":-1},"geometry":{"type":"Point","coordinates":[18.904444,54.053861]}},{"type":"Feature","properties":{"ID":106675477,"yr":2018,"dt":"2018-01-15T10:52:00","WOJ":22,"sev":1,"c":[255,255,0,160],"dmg":1,"sli":1,"ser":0,"fat":0,"row":-1,"mot":-1,"pie":-1,"uto":-1,"uwr":-1},"geometry":{"type":"Point","coordinates":[18.500278,54.079306]}},{"type":"Feature","properties":{"ID":106674797,"yr":2018,"dt":"2018-01-15T06:50:00","WOJ":22,"sev":1,"c":[255,255,0,160],"dmg":1,"sli":1,"ser":0,"fat":0,"row":-1,"mot":-1,"pie":-1,"uto":-1,"uwr":-1},"geometry":{"type":"Point","coordinates":[18.623889,54.623889]}},{"type":"Feature","properties":{"ID":106674161,"yr":2018,"dt":"2018-01-15T14:05:00","WOJ":22,"sev":1,"c":[255,255,0,160],"dmg":0,"sli":2,"ser":0,"fat":0,"row":-1,"mot":-1,"pie":-1,"uto":-1,"uwr":-1},"geometry":{"type":"Point","coordinates":[18.737778,54.338611]}},{"type":"Feature","properties":{"ID":106675011,"yr":2018,"dt":"2018-01-15T11:15:00","WOJ":22,"sev":1,"c":[255,255,0,160],"dmg":1,"sli":1,"ser":0,"fat":0,"row":-1,"mot":-1,"pie":1,"uto":-1,"uwr":-1},"geometry":{"type":"Point","coordinates":[19.112778,54.214167]}},{"type":"Feature","properties":{"ID":106675352,"yr":2018,"dt":"2018-01-15T13:15:00","WOJ":22,"sev":1,"c":[255,255,0,160],"dmg":1,"sli":1,"ser":0,"fat":0,"row":-1,"mot":-1,"pie":-1,"uto":-1,"uwr":-1},"geometry":{"type":"Point","coordinates":[18.585556,54.3325]}},{"type":"Feature","properties":{"ID":107382132,"yr":2018,"dt":"2018-10-14T13:15:00","WOJ":22,"sev":1,"c":[255,255,0,160],"dmg":0,"sli":3,"ser":0,"fat":0,"row":-1,"mot":-1,"pie":-1,"uto":-1,"uwr":-1},"geometry":{"type":"Point","coordinates":[18.574167,54.429167]}},{"type":"Feature","properties":{"ID":107376440,"yr":2018,"dt":"2018-10-14T09:25:00","WOJ":22,"sev":1,"c":[255,255,0,160],"dmg":1,"sli":3,"ser":0,"fat":0,"row":-1,"mot":-1,"pie":-1,"uto":-1,"uwr":-1},"geometry":{"type":"Point","coordinates":[17.745,53.934722]}},{"type":"Feature","properties":{"ID":106678748,"yr":2018,"dt":"2018-01-16T17:50:00","WOJ":22,"sev":1,"c":[255,255,0,160],"dmg":1,"sli":1,"ser":0,"fat":0,"row":-1,"mot":-1,"pie":1,"uto":-1,"uwr":-1},"geometry":{"type":"Point","coordinates":[18.753056,54.093333]}},{"type":"Feature","properties":{"ID":106674559,"yr":2018,"dt":"2018-01-16T08:40:00","WOJ":22,"sev":1,"c":[255,255,0,160],"dmg":1,"sli":1,"ser":0,"fat":0,"row":-1,"mot":-1,"pie":1,"uto":-1,"uwr":-1},"geometry":{"type":"Point","coordinates":[18.590833,54.3875]}},{"type":"Feature","properties":{"ID":106678065,"yr":2018,"dt":"2018-01-16T15:05:00","WOJ":22,"sev":1,"c":[255,255,0,160],"dmg":1,"sli":1,"ser":0,"fat":0,"row":-1,"mot":-1,"pie":1,"uto":-1,"uwr":-1},"geometry":{"type":"Point","coordinates":[18.623611,54.375556]}},{"type":"Feature","properties":{"ID":107379033,"yr":2018,"dt":"2018-10-14T18:14:00","WOJ":22,"sev":1,"c":[255,255,0,160],"dmg":1,"sli":3,"ser":0,"fat":0,"row":-1,"mot":-1,"pie":-1,"uto":-1,"uwr":-1},"geometry":{"type":"Point","coordinates":[18.618,54.025944]}},{"type":"Feature","properties":{"ID":106678899,"yr":2018,"dt":"2018-01-16T18:07:00","WOJ":22,"sev":1,"c":[255,255,0,160],"dmg":2,"sli":1,"ser":0,"fat":0,"row":-1,"mot":-1,"pie":-1,"uto":-1,"uwr":-1},"geometry":{"type":"Point","coordinates":[18.404417,54.392972]}},{"type":"Feature","properties":{"ID":106674466,"yr":2018,"dt":"2018-01-16T07:50:00","WOJ":22,"sev":1,"c":[255,255,0,160],"dmg":1,"sli":1,"ser":0,"fat":0,"row":-1,"mot":-1,"pie":-1,"uto":-1,"uwr":-1},"geometry":{"type":"Point","coordinates":[17.585833,53.711944]}},{"type":"Feature","properties":{"ID":106678175,"yr":2018,"dt":"2018-01-16T19:10:00","WOJ":22,"sev":1,"c":[255,255,0,160],"dmg":1,"sli":1,"ser":0,"fat":0,"row":-1,"mot":-1,"pie":1,"uto":-1,"uwr":-1},"geometry":{"type":"Point","coordinates":[17.024833,54.463944]}},{"type":"Feature","properties":{"ID":107379064,"yr":2018,"dt":"2018-10-14T17:10:00","WOJ":22,"sev":1,"c":[255,255,0,160],"dmg":2,"sli":1,"ser":0,"fat":0,"row":-1,"mot":-1,"pie":-1,"uto":-1,"uwr":-1},"geometry":{"type":"Point","coordinates":[18.385778,53.919333]}},{"type":"Feature","properties":{"ID":106688411,"yr":2018,"dt":"2018-01-17T16:20:00","WOJ":22,"sev":1,"c":[255,255,0,160],"dmg":2,"sli":1,"ser":0,"fat":0,"row":-1,"mot":-1,"pie":-1,"uto":-1,"uwr":-1},"geometry":{"type":"Point","coordinates":[17.766167,54.237694]}},{"type":"Feature","properties":{"ID":107382194,"yr":2018,"dt":"2018-10-15T19:00:00","WOJ":22,"sev":1,"c":[255,255,0,160],"dmg":1,"sli":1,"ser":0,"fat":0,"row":-1,"mot":-1,"pie":-1,"uto":-1,"uwr":-1},"geometry":{"type":"Point","coordinates":[18.536667,54.523056]}},{"type":"Feature","properties":{"ID":106680856,"yr":2018,"dt":"2018-01-17T18:10:00","WOJ":22,"sev":1,"c":[255,255,0,160],"dmg":1,"sli":2,"ser":0,"fat":0,"row":-1,"mot":-1,"pie":1,"uto":-1,"uwr":-1},"geometry":{"type":"Point","coordinates":[18.582778,54.4025]}},{"type":"Feature","properties":{"ID":106678311,"yr":2018,"dt":"2018-01-17T05:35:00","WOJ":22,"sev":1,"c":[255,255,0,160],"dmg":1,"sli":1,"ser":0,"fat":0,"row":-1,"mot":-1,"pie":-1,"uto":-1,"uwr":-1},"geometry":{"type":"Point","coordinates":[18.299056,54.510333]}},{"type":"Feature","properties":{"ID":107380843,"yr":2018,"dt":"2018-10-15T13:00:00","WOJ":22,"sev":1,"c":[255,255,0,160],"dmg":1,"sli":1,"ser":0,"fat":0,"row":1,"mot":-1,"pie":-1,"uto":-1,"uwr":-1},"geometry":{"type":"Point","coordinates":[16.866139,54.586667]}},{"type":"Feature","properties":{"ID":106682449,"yr":2018,"dt":"2018-01-18T15:30:00","WOJ":22,"sev":1,"c":[255,255,0,160],"dmg":0,"sli":1,"ser":0,"fat":0,"row":-1,"mot":-1,"pie":-1,"uto":-1,"uwr":-1},"geometry":{"type":"Point","coordinates":[19.048056,53.909444]}},{"type":"Feature","properties":{"ID":107380883,"yr":2018,"dt":"2018-10-15T14:25:00","WOJ":22,"sev":1,"c":[255,255,0,160],"dmg":1,"sli":1,"ser":0,"fat":0,"row":1,"mot":-1,"pie":-1,"uto":-1,"uwr":-1},"geometry":{"type":"Point","coordinates":[18.615833,54.378056]}},{"type":"Feature","properties":{"ID":107381613,"yr":2018,"dt":"2018-10-15T12:00:00","WOJ":22,"sev":1,"c":[255,255,0,160],"dmg":1,"sli":1,"ser":0,"fat":0,"row":-1,"mot":-1,"pie":1,"uto":-1,"uwr":-1},"geometry":{"type":"Point","coordinates":[17.741389,54.5375]}},{"type":"Feature","properties":{"ID":107380536,"yr":2018,"dt":"2018-10-15T11:00:00","WOJ":22,"sev":1,"c":[255,255,0,160],"dmg":1,"sli":1,"ser":0,"fat":0,"row":-1,"mot":-1,"pie":-1,"uto":-1,"uwr":-1},"geometry":{"type":"Point","coordinates":[17.096167,54.278583]}},{"type":"Feature","properties":{"ID":106688075,"yr":2018,"dt":"2018-01-20T19:30:00","WOJ":22,"sev":1,"c":[255,255,0,160],"dmg":1,"sli":1,"ser":0,"fat":0,"row":-1,"mot":-1,"pie":-1,"uto":-1,"uwr":-1},"geometry":{"type":"Point","coordinates":[18.604167,54.392778]}},{"type":"Feature","properties":{"ID":106691030,"yr":2018,"dt":"2018-01-20T14:10:00","WOJ":22,"sev":1,"c":[255,255,0,160],"dmg":1,"sli":1,"ser":0,"fat":0,"row":-1,"mot":-1,"pie":1,"uto":-1,"uwr":-1},"geometry":{"type":"Point","coordinates":[18.7875,54.095278]}},{"type":"Feature","properties":{"ID":106685198,"yr":2018,"dt":"2018-01-20T05:45:00","WOJ":22,"sev":1,"c":[255,255,0,160],"dmg":0,"sli":1,"ser":0,"fat":0,"row":-1,"mot":-1,"pie":-1,"uto":-1,"uwr":-1},"geometry":{"type":"Point","coordinates":[18.1775,54.006944]}},{"type":"Feature","properties":{"ID":107379370,"yr":2018,"dt":"2018-10-15T07:05:00","WOJ":22,"sev":1,"c":[255,255,0,160],"dmg":1,"sli":1,"ser":0,"fat":0,"row":-1,"mot":-1,"pie":1,"uto":-1,"uwr":-1},"geometry":{"type":"Point","coordinates":[17.856944,54.119167]}},{"type":"Feature","properties":{"ID":106689512,"yr":2018,"dt":"2018-01-22T17:45:00","WOJ":22,"sev":1,"c":[255,255,0,160],"dmg":1,"sli":1,"ser":0,"fat":0,"row":-1,"mot":-1,"pie":-1,"uto":-1,"uwr":-1},"geometry":{"type":"Point","coordinates":[18.573056,54.364722]}},{"type":"Feature","properties":{"ID":106689259,"yr":2018,"dt":"2018-01-22T14:00:00","WOJ":22,"sev":1,"c":[255,255,0,160],"dmg":1,"sli":1,"ser":0,"fat":0,"row":-1,"mot":-1,"pie":-1,"uto":-1,"uwr":-1},"geometry":{"type":"Point","coordinates":[18.595833,54.39]}},{"type":"Feature","properties":{"ID":107382346,"yr":2018,"dt":"2018-10-16T10:50:00","WOJ":22,"sev":1,"c":[255,255,0,160],"dmg":1,"sli":1,"ser":0,"fat":0,"row":-1,"mot":1,"pie":-1,"uto":-1,"uwr":-1},"geometry":{"type":"Point","coordinates":[18.774944,54.060194]}},{"type":"Feature","properties":{"ID":106689329,"yr":2018,"dt":"2018-01-22T14:55:00","WOJ":22,"sev":1,"c":[255,255,0,160],"dmg":1,"sli":1,"ser":0,"fat":0,"row":-1,"mot":-1,"pie":1,"uto":-1,"uwr":-1},"geometry":{"type":"Point","coordinates":[18.9245,53.731417]}},{"type":"Feature","properties":{"ID":106689656,"yr":2018,"dt":"2018-01-22T22:20:00","WOJ":22,"sev":1,"c":[255,255,0,160],"dmg":1,"sli":2,"ser":0,"fat":0,"row":-1,"mot":-1,"pie":-1,"uto":-1,"uwr":-1},"geometry":{"type":"Point","coordinates":[18.632778,54.250556]}},{"type":"Feature","properties":{"ID":106688177,"yr":2018,"dt":"2018-01-22T06:50:00","WOJ":22,"sev":1,"c":[255,255,0,160],"dmg":1,"sli":1,"ser":0,"fat":0,"row":-1,"mot":-1,"pie":1,"uto":-1,"uwr":-1},"geometry":{"type":"Point","coordinates":[18.384722,53.914778]}},{"type":"Feature","properties":{"ID":106690096,"yr":2018,"dt":"2018-01-23T07:05:00","WOJ":22,"sev":1,"c":[255,255,0,160],"dmg":1,"sli":1,"ser":0,"fat":0,"row":-1,"mot":-1,"pie":1,"uto":-1,"uwr":-1},"geometry":{"type":"Point","coordinates":[18.593056,54.390556]}},{"type":"Feature","properties":{"ID":106690210,"yr":2018,"dt":"2018-01-23T10:25:00","WOJ":22,"sev":1,"c":[255,255,0,160],"dmg":1,"sli":1,"ser":0,"fat":0,"row":-1,"mot":-1,"pie":-1,"uto":-1,"uwr":-1},"geometry":{"type":"Point","coordinates":[18.648611,54.269167]}},{"type":"Feature","properties":{"ID":106690854,"yr":2018,"dt":"2018-01-23T17:25:00","WOJ":22,"sev":1,"c":[255,255,0,160],"dmg":1,"sli":1,"ser":0,"fat":0,"row":-1,"mot":-1,"pie":1,"uto":-1,"uwr":-1},"geometry":{"type":"Point","coordinates":[18.925556,53.736111]}},{"type":"Feature","properties":{"ID":106690105,"yr":2018,"dt":"2018-01-23T09:30:00","WOJ":22,"sev":1,"c":[255,255,0,160],"dmg":1,"sli":1,"ser":0,"fat":0,"row":-1,"mot":-1,"pie":-1,"uto":-1,"uwr":-1},"geometry":{"type":"Point","coordinates":[19.059361,54.036278]}},{"type":"Feature","properties":{"ID":107381997,"yr":2018,"dt":"2018-10-16T08:05:00","WOJ":22,"sev":1,"c":[255,255,0,160],"dmg":1,"sli":1,"ser":0,"fat":0,"row":1,"mot":-1,"pie":-1,"uto":-1,"uwr":-1},"geometry":{"type":"Point","coordinates":[16.935278,53.686333]}},{"type":"Feature","properties":{"ID":107474485,"yr":2018,"dt":"2018-10-16T20:00:00","WOJ":22,"sev":1,"c":[255,255,0,160],"dmg":1,"sli":1,"ser":0,"fat":0,"row":-1,"mot":-1,"pie":-1,"uto":-1,"uwr":-1},"geometry":{"type":"Point","coordinates":[18.619444,54.356667]}},{"type":"Feature","properties":{"ID":106697952,"yr":2018,"dt":"2018-01-23T12:00:00","WOJ":22,"sev":1,"c":[255,255,0,160],"dmg":1,"sli":1,"ser":0,"fat":0,"row":-1,"mot":-1,"pie":-1,"uto":-1,"uwr":-1},"geometry":{"type":"Point","coordinates":[16.980361,54.010889]}},{"type":"Feature","properties":{"ID":106688604,"yr":2018,"dt":"2018-01-23T09:10:00","WOJ":22,"sev":1,"c":[255,255,0,160],"dmg":1,"sli":1,"ser":0,"fat":0,"row":-1,"mot":-1,"pie":1,"uto":-1,"uwr":-1},"geometry":{"type":"Point","coordinates":[17.356944,53.665028]}},{"type":"Feature","properties":{"ID":106691090,"yr":2018,"dt":"2018-01-24T08:05:00","WOJ":22,"sev":1,"c":[255,255,0,160],"dmg":1,"sli":1,"ser":0,"fat":0,"row":-1,"mot":-1,"pie":-1,"uto":-1,"uwr":-1},"geometry":{"type":"Point","coordinates":[17.551111,53.699444]}},{"type":"Feature","properties":{"ID":106691475,"yr":2018,"dt":"2018-01-24T17:42:00","WOJ":22,"sev":1,"c":[255,255,0,160],"dmg":1,"sli":1,"ser":0,"fat":0,"row":-1,"mot":-1,"pie":1,"uto":-1,"uwr":-1},"geometry":{"type":"Point","coordinates":[18.461111,54.545]}},{"type":"Feature","properties":{"ID":106692022,"yr":2018,"dt":"2018-01-24T05:05:00","WOJ":22,"sev":1,"c":[255,255,0,160],"dmg":2,"sli":3,"ser":0,"fat":0,"row":-1,"mot":-1,"pie":-1,"uto":-1,"uwr":-1},"geometry":{"type":"Point","coordinates":[18.2025,54.133056]}},{"type":"Feature","properties":{"ID":107385092,"yr":2018,"dt":"2018-10-16T10:20:00","WOJ":22,"sev":1,"c":[255,255,0,160],"dmg":1,"sli":1,"ser":0,"fat":0,"row":1,"mot":-1,"pie":-1,"uto":-1,"uwr":-1},"geometry":{"type":"Point","coordinates":[17.001333,54.460472]}},{"type":"Feature","properties":{"ID":106692549,"yr":2018,"dt":"2018-01-24T13:30:00","WOJ":22,"sev":1,"c":[255,255,0,160],"dmg":1,"sli":1,"ser":0,"fat":0,"row":-1,"mot":-1,"pie":-1,"uto":-1,"uwr":-1},"geometry":{"type":"Point","coordinates":[18.588611,54.412222]}},{"type":"Feature","properties":{"ID":106691244,"yr":2018,"dt":"2018-01-24T08:20:00","WOJ":22,"sev":1,"c":[255,255,0,160],"dmg":1,"sli":1,"ser":0,"fat":0,"row":-1,"mot":-1,"pie":-1,"uto":-1,"uwr":-1},"geometry":{"type":"Point","coordinates":[19.004056,53.684028]}},{"type":"Feature","properties":{"ID":106692352,"yr":2018,"dt":"2018-01-24T10:30:00","WOJ":22,"sev":1,"c":[255,255,0,160],"dmg":3,"sli":1,"ser":0,"fat":0,"row":-1,"mot":-1,"pie":-1,"uto":-1,"uwr":-1},"geometry":{"type":"Point","coordinates":[17.452111,53.687361]}},{"type":"Feature","properties":{"ID":107382788,"yr":2018,"dt":"2018-10-16T13:15:00","WOJ":22,"sev":1,"c":[255,255,0,160],"dmg":1,"sli":1,"ser":0,"fat":0,"row":1,"mot":-1,"pie":-1,"uto":-1,"uwr":-1},"geometry":{"type":"Point","coordinates":[18.50225,53.965083]}},{"type":"Feature","properties":{"ID":107384999,"yr":2018,"dt":"2018-10-17T09:15:00","WOJ":22,"sev":1,"c":[255,255,0,160],"dmg":1,"sli":1,"ser":0,"fat":0,"row":-1,"mot":-1,"pie":-1,"uto":-1,"uwr":-1},"geometry":{"type":"Point","coordinates":[18.553611,54.371389]}},{"type":"Feature","properties":{"ID":106697437,"yr":2018,"dt":"2018-01-26T19:00:00","WOJ":22,"sev":1,"c":[255,255,0,160],"dmg":0,"sli":1,"ser":0,"fat":0,"row":-1,"mot":-1,"pie":-1,"uto":-1,"uwr":-1},"geometry":{"type":"Point","coordinates":[19.055778,53.799056]}},{"type":"Feature","properties":{"ID":107386161,"yr":2018,"dt":"2018-10-17T14:48:00","WOJ":22,"sev":1,"c":[255,255,0,160],"dmg":1,"sli":1,"ser":0,"fat":0,"row":1,"mot":-1,"pie":-1,"uto":-1,"uwr":-1},"geometry":{"type":"Point","coordinates":[18.476667,54.546111]}},{"type":"Feature","properties":{"ID":106698942,"yr":2018,"dt":"2018-01-27T09:45:00","WOJ":22,"sev":1,"c":[255,255,0,160],"dmg":1,"sli":1,"ser":0,"fat":0,"row":-1,"mot":-1,"pie":-1,"uto":-1,"uwr":-1},"geometry":{"type":"Point","coordinates":[18.642222,54.363333]}},{"type":"Feature","properties":{"ID":106699360,"yr":2018,"dt":"2018-01-27T18:35:00","WOJ":22,"sev":1,"c":[255,255,0,160],"dmg":1,"sli":2,"ser":0,"fat":0,"row":-1,"mot":-1,"pie":-1,"uto":-1,"uwr":-1},"geometry":{"type":"Point","coordinates":[18.357694,54.391694]}},{"type":"Feature","properties":{"ID":106699045,"yr":2018,"dt":"2018-01-27T11:28:00","WOJ":22,"sev":1,"c":[255,255,0,160],"dmg":2,"sli":1,"ser":0,"fat":0,"row":-1,"mot":-1,"pie":-1,"uto":-1,"uwr":-1},"geometry":{"type":"Point","coordinates":[18.475,54.474722]}},{"type":"Feature","properties":{"ID":106708890,"yr":2018,"dt":"2018-01-27T02:01:00","WOJ":22,"sev":1,"c":[255,255,0,160],"dmg":0,"sli":1,"ser":0,"fat":0,"row":-1,"mot":-1,"pie":-1,"uto":-1,"uwr":-1},"geometry":{"type":"Point","coordinates":[18.973389,54.06775]}},{"type":"Feature","properties":{"ID":106699776,"yr":2018,"dt":"2018-01-27T19:40:00","WOJ":22,"sev":1,"c":[255,255,0,160],"dmg":0,"sli":1,"ser":0,"fat":0,"row":-1,"mot":-1,"pie":-1,"uto":-1,"uwr":-1},"geometry":{"type":"Point","coordinates":[17.739111,54.143889]}},{"type":"Feature","properties":{"ID":106699394,"yr":2018,"dt":"2018-01-27T15:25:00","WOJ":22,"sev":1,"c":[255,255,0,160],"dmg":1,"sli":1,"ser":0,"fat":0,"row":-1,"mot":-1,"pie":-1,"uto":-1,"uwr":-1},"geometry":{"type":"Point","coordinates":[18.553167,54.476417]}},{"type":"Feature","properties":{"ID":107389618,"yr":2018,"dt":"2018-10-18T10:55:00","WOJ":22,"sev":1,"c":[255,255,0,160],"dmg":1,"sli":2,"ser":0,"fat":0,"row":-1,"mot":-1,"pie":-1,"uto":-1,"uwr":-1},"geometry":{"type":"Point","coordinates":[18.610833,54.25825]}},{"type":"Feature","properties":{"ID":107387709,"yr":2018,"dt":"2018-10-18T17:30:00","WOJ":22,"sev":1,"c":[255,255,0,160],"dmg":0,"sli":1,"ser":0,"fat":0,"row":-1,"mot":1,"pie":-1,"uto":-1,"uwr":-1},"geometry":{"type":"Point","coordinates":[18.928861,53.718667]}},{"type":"Feature","properties":{"ID":107389269,"yr":2018,"dt":"2018-10-18T00:45:00","WOJ":22,"sev":1,"c":[255,255,0,160],"dmg":0,"sli":1,"ser":0,"fat":0,"row":-1,"mot":-1,"pie":-1,"uto":-1,"uwr":-1},"geometry":{"type":"Point","coordinates":[17.499861,54.141722]}},{"type":"Feature","properties":{"ID":107388919,"yr":2018,"dt":"2018-10-18T20:00:00","WOJ":22,"sev":1,"c":[255,255,0,160],"dmg":1,"sli":1,"ser":0,"fat":0,"row":-1,"mot":-1,"pie":1,"uto":-1,"uwr":-1},"geometry":{"type":"Point","coordinates":[18.598333,54.328333]}},{"type":"Feature","properties":{"ID":106699556,"yr":2018,"dt":"2018-01-28T09:05:00","WOJ":22,"sev":1,"c":[255,255,0,160],"dmg":2,"sli":1,"ser":0,"fat":0,"row":-1,"mot":-1,"pie":-1,"uto":-1,"uwr":-1},"geometry":{"type":"Point","coordinates":[18.471389,54.270556]}},{"type":"Feature","properties":{"ID":107388021,"yr":2018,"dt":"2018-10-18T17:40:00","WOJ":22,"sev":1,"c":[255,255,0,160],"dmg":1,"sli":1,"ser":0,"fat":0,"row":1,"mot":-1,"pie":-1,"uto":-1,"uwr":-1},"geometry":{"type":"Point","coordinates":[18.592778,54.386667]}},{"type":"Feature","properties":{"ID":106703456,"yr":2018,"dt":"2018-01-29T22:46:00","WOJ":22,"sev":1,"c":[255,255,0,160],"dmg":0,"sli":2,"ser":0,"fat":0,"row":-1,"mot":-1,"pie":-1,"uto":-1,"uwr":-1},"geometry":{"type":"Point","coordinates":[18.0575,54.044722]}},{"type":"Feature","properties":{"ID":106703014,"yr":2018,"dt":"2018-01-29T12:10:00","WOJ":22,"sev":1,"c":[255,255,0,160],"dmg":1,"sli":1,"ser":0,"fat":0,"row":-1,"mot":-1,"pie":-1,"uto":-1,"uwr":-1},"geometry":{"type":"Point","coordinates":[18.461056,54.602556]}},{"type":"Feature","properties":{"ID":106701167,"yr":2018,"dt":"2018-01-29T06:45:00","WOJ":22,"sev":1,"c":[255,255,0,160],"dmg":1,"sli":1,"ser":0,"fat":0,"row":-1,"mot":-1,"pie":1,"uto":-1,"uwr":-1},"geometry":{"type":"Point","coordinates":[18.199972,54.331917]}},{"type":"Feature","properties":{"ID":106701845,"yr":2018,"dt":"2018-01-29T07:29:00","WOJ":22,"sev":1,"c":[255,255,0,160],"dmg":1,"sli":1,"ser":0,"fat":0,"row":-1,"mot":-1,"pie":1,"uto":-1,"uwr":-1},"geometry":{"type":"Point","coordinates":[18.492222,54.534722]}},{"type":"Feature","properties":{"ID":106705285,"yr":2018,"dt":"2018-01-30T18:20:00","WOJ":22,"sev":1,"c":[255,255,0,160],"dmg":0,"sli":2,"ser":0,"fat":0,"row":-1,"mot":-1,"pie":-1,"uto":-1,"uwr":-1},"geometry":{"type":"Point","coordinates":[18.662222,54.344444]}},{"type":"Feature","properties":{"ID":106705427,"yr":2018,"dt":"2018-01-30T17:25:00","WOJ":22,"sev":1,"c":[255,255,0,160],"dmg":1,"sli":1,"ser":0,"fat":0,"row":-1,"mot":-1,"pie":1,"uto":-1,"uwr":-1},"geometry":{"type":"Point","coordinates":[18.537778,54.171111]}},{"type":"Feature","properties":{"ID":106704253,"yr":2018,"dt":"2018-01-30T16:06:00","WOJ":22,"sev":1,"c":[255,255,0,160],"dmg":1,"sli":1,"ser":0,"fat":0,"row":1,"mot":-1,"pie":-1,"uto":-1,"uwr":-1},"geometry":{"type":"Point","coordinates":[17.486722,54.181667]}},{"type":"Feature","properties":{"ID":107387277,"yr":2018,"dt":"2018-10-18T11:10:00","WOJ":22,"sev":1,"c":[255,255,0,160],"dmg":1,"sli":6,"ser":0,"fat":0,"row":-1,"mot":-1,"pie":-1,"uto":-1,"uwr":-1},"geometry":{"type":"Point","coordinates":[18.631944,54.401667]}},{"type":"Feature","properties":{"ID":106704556,"yr":2018,"dt":"2018-01-30T06:42:00","WOJ":22,"sev":1,"c":[255,255,0,160],"dmg":2,"sli":1,"ser":0,"fat":0,"row":-1,"mot":-1,"pie":-1,"uto":-1,"uwr":-1},"geometry":{"type":"Point","coordinates":[18.545278,54.508333]}},{"type":"Feature","properties":{"ID":107387155,"yr":2018,"dt":"2018-10-18T09:55:00","WOJ":22,"sev":1,"c":[255,255,0,160],"dmg":1,"sli":1,"ser":0,"fat":0,"row":-1,"mot":-1,"pie":-1,"uto":-1,"uwr":-1},"geometry":{"type":"Point","coordinates":[18.266111,54.232694]}},{"type":"Feature","properties":{"ID":107389689,"yr":2018,"dt":"2018-10-19T08:30:00","WOJ":22,"sev":1,"c":[255,255,0,160],"dmg":1,"sli":1,"ser":0,"fat":0,"row":-1,"mot":-1,"pie":-1,"uto":-1,"uwr":-1},"geometry":{"type":"Point","coordinates":[18.44825,54.344639]}},{"type":"Feature","properties":{"ID":106706461,"yr":2018,"dt":"2018-01-31T17:45:00","WOJ":22,"sev":1,"c":[255,255,0,160],"dmg":1,"sli":1,"ser":0,"fat":0,"row":-1,"mot":-1,"pie":1,"uto":-1,"uwr":-1},"geometry":{"type":"Point","coordinates":[18.766111,54.097222]}},{"type":"Feature","properties":{"ID":106705681,"yr":2018,"dt":"2018-01-31T07:40:00","WOJ":22,"sev":1,"c":[255,255,0,160],"dmg":0,"sli":1,"ser":0,"fat":0,"row":-1,"mot":-1,"pie":-1,"uto":-1,"uwr":-1},"geometry":{"type":"Point","coordinates":[18.630556,54.036944]}},{"type":"Feature","properties":{"ID":106706226,"yr":2018,"dt":"2018-01-31T17:19:00","WOJ":22,"sev":1,"c":[255,255,0,160],"dmg":1,"sli":1,"ser":0,"fat":0,"row":1,"mot":-1,"pie":-1,"uto":-1,"uwr":-1},"geometry":{"type":"Point","coordinates":[18.497306,54.562556]}},{"type":"Feature","properties":{"ID":107390031,"yr":2018,"dt":"2018-10-19T08:30:00","WOJ":22,"sev":1,"c":[255,255,0,160],"dmg":1,"sli":1,"ser":0,"fat":0,"row":-1,"mot":-1,"pie":1,"uto":-1,"uwr":-1},"geometry":{"type":"Point","coordinates":[18.489083,54.532889]}},{"type":"Feature","properties":{"ID":106709789,"yr":2018,"dt":"2018-01-31T06:20:00","WOJ":22,"sev":1,"c":[255,255,0,160],"dmg":1,"sli":1,"ser":0,"fat":0,"row":-1,"mot":-1,"pie":-1,"uto":-1,"uwr":-1},"geometry":{"type":"Point","coordinates":[18.745556,54.094167]}},{"type":"Feature","properties":{"ID":106706424,"yr":2018,"dt":"2018-01-31T19:15:00","WOJ":22,"sev":1,"c":[255,255,0,160],"dmg":1,"sli":1,"ser":0,"fat":0,"row":-1,"mot":-1,"pie":1,"uto":-1,"uwr":-1},"geometry":{"type":"Point","coordinates":[18.522944,53.964639]}},{"type":"Feature","properties":{"ID":106705832,"yr":2018,"dt":"2018-01-31T09:40:00","WOJ":22,"sev":1,"c":[255,255,0,160],"dmg":1,"sli":2,"ser":0,"fat":0,"row":-1,"mot":-1,"pie":-1,"uto":-1,"uwr":-1},"geometry":{"type":"Point","coordinates":[18.556611,54.306806]}},{"type":"Feature","properties":{"ID":106705631,"yr":2018,"dt":"2018-01-31T07:40:00","WOJ":22,"sev":1,"c":[255,255,0,160],"dmg":1,"sli":1,"ser":0,"fat":0,"row":-1,"mot":-1,"pie":-1,"uto":-1,"uwr":-1},"geometry":{"type":"Point","coordinates":[18.779167,54.185556]}},{"type":"Feature","properties":{"ID":106708328,"yr":2018,"dt":"2018-02-01T14:30:00","WOJ":22,"sev":1,"c":[255,255,0,160],"dmg":3,"sli":5,"ser":0,"fat":0,"row":-1,"mot":-1,"pie":-1,"uto":-1,"uwr":-1},"geometry":{"type":"Point","coordinates":[18.552667,54.479361]}},{"type":"Feature","properties":{"ID":107388415,"yr":2018,"dt":"2018-10-19T08:00:00","WOJ":22,"sev":1,"c":[255,255,0,160],"dmg":1,"sli":1,"ser":0,"fat":0,"row":1,"mot":-1,"pie":-1,"uto":-1,"uwr":-1},"geometry":{"type":"Point","coordinates":[18.188194,54.336611]}},{"type":"Feature","properties":{"ID":106708556,"yr":2018,"dt":"2018-02-01T18:35:00","WOJ":22,"sev":1,"c":[255,255,0,160],"dmg":1,"sli":1,"ser":0,"fat":0,"row":-1,"mot":-1,"pie":1,"uto":-1,"uwr":-1},"geometry":{"type":"Point","coordinates":[17.891361,54.346806]}},{"type":"Feature","properties":{"ID":107388520,"yr":2018,"dt":"2018-10-19T15:10:00","WOJ":22,"sev":1,"c":[255,255,0,160],"dmg":1,"sli":1,"ser":0,"fat":0,"row":1,"mot":-1,"pie":-1,"uto":-1,"uwr":-1},"geometry":{"type":"Point","coordinates":[18.490167,54.608167]}},{"type":"Feature","properties":{"ID":106711764,"yr":2018,"dt":"2018-02-02T19:05:00","WOJ":22,"sev":1,"c":[255,255,0,160],"dmg":2,"sli":1,"ser":0,"fat":0,"row":-1,"mot":-1,"pie":-1,"uto":-1,"uwr":-1},"geometry":{"type":"Point","coordinates":[17.970278,54.161944]}},{"type":"Feature","properties":{"ID":107389341,"yr":2018,"dt":"2018-10-19T04:00:00","WOJ":22,"sev":1,"c":[255,255,0,160],"dmg":1,"sli":1,"ser":0,"fat":0,"row":1,"mot":-1,"pie":-1,"uto":-1,"uwr":-1},"geometry":{"type":"Point","coordinates":[18.44125,54.546306]}},{"type":"Feature","properties":{"ID":106710263,"yr":2018,"dt":"2018-02-02T12:40:00","WOJ":22,"sev":1,"c":[255,255,0,160],"dmg":1,"sli":1,"ser":0,"fat":0,"row":-1,"mot":-1,"pie":-1,"uto":-1,"uwr":-1},"geometry":{"type":"Point","coordinates":[17.9485,53.790778]}},{"type":"Feature","properties":{"ID":107433047,"yr":2018,"dt":"2018-10-19T12:35:00","WOJ":22,"sev":1,"c":[255,255,0,160],"dmg":1,"sli":1,"ser":0,"fat":0,"row":1,"mot":-1,"pie":-1,"uto":-1,"uwr":-1},"geometry":{"type":"Point","coordinates":[18.615194,54.382083]}},{"type":"Feature","properties":{"ID":106710883,"yr":2018,"dt":"2018-02-02T10:03:00","WOJ":22,"sev":1,"c":[255,255,0,160],"dmg":1,"sli":2,"ser":0,"fat":0,"row":-1,"mot":-1,"pie":0,"uto":-1,"uwr":-1},"geometry":{"type":"Point","coordinates":[17.466194,53.610083]}},{"type":"Feature","properties":{"ID":107390388,"yr":2018,"dt":"2018-10-19T18:30:00","WOJ":22,"sev":1,"c":[255,255,0,160],"dmg":2,"sli":1,"ser":0,"fat":0,"row":-1,"mot":-1,"pie":-1,"uto":-1,"uwr":-1},"geometry":{"type":"Point","coordinates":[17.479694,54.218306]}},{"type":"Feature","properties":{"ID":106714268,"yr":2018,"dt":"2018-02-02T08:40:00","WOJ":22,"sev":1,"c":[255,255,0,160],"dmg":1,"sli":1,"ser":0,"fat":0,"row":-1,"mot":-1,"pie":1,"uto":-1,"uwr":-1},"geometry":{"type":"Point","coordinates":[18.512778,54.558333]}},{"type":"Feature","properties":{"ID":106787281,"yr":2018,"dt":"2018-02-02T06:05:00","WOJ":22,"sev":1,"c":[255,255,0,160],"dmg":1,"sli":1,"ser":0,"fat":0,"row":-1,"mot":-1,"pie":-1,"uto":-1,"uwr":-1},"geometry":{"type":"Point","coordinates":[18.518889,54.348889]}},{"type":"Feature","properties":{"ID":106712417,"yr":2018,"dt":"2018-02-03T13:29:00","WOJ":22,"sev":1,"c":[255,255,0,160],"dmg":2,"sli":1,"ser":0,"fat":0,"row":-1,"mot":-1,"pie":-1,"uto":-1,"uwr":-1},"geometry":{"type":"Point","coordinates":[18.426944,54.550278]}},{"type":"Feature","properties":{"ID":106712260,"yr":2018,"dt":"2018-02-03T11:20:00","WOJ":22,"sev":1,"c":[255,255,0,160],"dmg":1,"sli":1,"ser":0,"fat":0,"row":-1,"mot":-1,"pie":-1,"uto":-1,"uwr":-1},"geometry":{"type":"Point","coordinates":[17.588417,53.698806]}},{"type":"Feature","properties":{"ID":106712468,"yr":2018,"dt":"2018-02-03T20:13:00","WOJ":22,"sev":1,"c":[255,255,0,160],"dmg":2,"sli":1,"ser":0,"fat":0,"row":-1,"mot":-1,"pie":-1,"uto":-1,"uwr":-1},"geometry":{"type":"Point","coordinates":[17.921389,54.111389]}},{"type":"Feature","properties":{"ID":106712040,"yr":2018,"dt":"2018-02-03T10:25:00","WOJ":22,"sev":1,"c":[255,255,0,160],"dmg":1,"sli":1,"ser":0,"fat":0,"row":-1,"mot":-1,"pie":1,"uto":-1,"uwr":-1},"geometry":{"type":"Point","coordinates":[17.896833,54.349889]}},{"type":"Feature","properties":{"ID":107389775,"yr":2018,"dt":"2018-10-19T10:15:00","WOJ":22,"sev":1,"c":[255,255,0,160],"dmg":3,"sli":1,"ser":0,"fat":0,"row":-1,"mot":-1,"pie":-1,"uto":-1,"uwr":-1},"geometry":{"type":"Point","coordinates":[18.392667,54.571667]}},{"type":"Feature","properties":{"ID":106714324,"yr":2018,"dt":"2018-02-05T09:15:00","WOJ":22,"sev":1,"c":[255,255,0,160],"dmg":2,"sli":1,"ser":0,"fat":0,"row":-1,"mot":-1,"pie":-1,"uto":-1,"uwr":-1},"geometry":{"type":"Point","coordinates":[18.644167,54.3625]}},{"type":"Feature","properties":{"ID":107388287,"yr":2018,"dt":"2018-10-19T08:15:00","WOJ":22,"sev":1,"c":[255,255,0,160],"dmg":1,"sli":1,"ser":0,"fat":0,"row":-1,"mot":1,"pie":-1,"uto":-1,"uwr":-1},"geometry":{"type":"Point","coordinates":[18.497222,54.428333]}},{"type":"Feature","properties":{"ID":106716357,"yr":2018,"dt":"2018-02-05T22:12:00","WOJ":22,"sev":1,"c":[255,255,0,160],"dmg":1,"sli":1,"ser":0,"fat":0,"row":-1,"mot":-1,"pie":-1,"uto":-1,"uwr":-1},"geometry":{"type":"Point","coordinates":[18.698056,54.040833]}},{"type":"Feature","properties":{"ID":106717050,"yr":2018,"dt":"2018-02-06T11:04:00","WOJ":22,"sev":1,"c":[255,255,0,160],"dmg":1,"sli":1,"ser":0,"fat":0,"row":1,"mot":-1,"pie":-1,"uto":-1,"uwr":-1},"geometry":{"type":"Point","coordinates":[18.673056,54.157222]}},{"type":"Feature","properties":{"ID":106717233,"yr":2018,"dt":"2018-02-06T14:00:00","WOJ":22,"sev":1,"c":[255,255,0,160],"dmg":1,"sli":1,"ser":0,"fat":0,"row":-1,"mot":-1,"pie":1,"uto":-1,"uwr":-1},"geometry":{"type":"Point","coordinates":[18.930194,53.732778]}},{"type":"Feature","properties":{"ID":106720009,"yr":2018,"dt":"2018-02-07T21:10:00","WOJ":22,"sev":1,"c":[255,255,0,160],"dmg":1,"sli":1,"ser":0,"fat":0,"row":-1,"mot":-1,"pie":-1,"uto":-1,"uwr":-1},"geometry":{"type":"Point","coordinates":[18.712222,54.361111]}},{"type":"Feature","properties":{"ID":106720714,"yr":2018,"dt":"2018-02-07T12:42:00","WOJ":22,"sev":1,"c":[255,255,0,160],"dmg":1,"sli":1,"ser":0,"fat":0,"row":-1,"mot":-1,"pie":1,"uto":-1,"uwr":-1},"geometry":{"type":"Point","coordinates":[18.488611,54.533056]}},{"type":"Feature","properties":{"ID":106719960,"yr":2018,"dt":"2018-02-07T17:47:00","WOJ":22,"sev":1,"c":[255,255,0,160],"dmg":1,"sli":1,"ser":0,"fat":0,"row":-1,"mot":-1,"pie":-1,"uto":-1,"uwr":-1},"geometry":{"type":"Point","coordinates":[19.041667,54.037278]}},{"type":"Feature","properties":{"ID":107391397,"yr":2018,"dt":"2018-10-20T16:20:00","WOJ":22,"sev":1,"c":[255,255,0,160],"dmg":1,"sli":1,"ser":0,"fat":0,"row":1,"mot":-1,"pie":-1,"uto":-1,"uwr":-1},"geometry":{"type":"Point","coordinates":[18.50725,53.984]}},{"type":"Feature","properties":{"ID":106722066,"yr":2018,"dt":"2018-02-08T09:20:00","WOJ":22,"sev":1,"c":[255,255,0,160],"dmg":1,"sli":1,"ser":0,"fat":0,"row":-1,"mot":-1,"pie":-1,"uto":-1,"uwr":-1},"geometry":{"type":"Point","coordinates":[18.612222,54.407778]}},{"type":"Feature","properties":{"ID":107391475,"yr":2018,"dt":"2018-10-20T18:40:00","WOJ":22,"sev":1,"c":[255,255,0,160],"dmg":2,"sli":1,"ser":0,"fat":0,"row":-1,"mot":-1,"pie":-1,"uto":-1,"uwr":-1},"geometry":{"type":"Point","coordinates":[19.011639,54.017139]}},{"type":"Feature","properties":{"ID":106721235,"yr":2018,"dt":"2018-02-08T09:40:00","WOJ":22,"sev":1,"c":[255,255,0,160],"dmg":2,"sli":1,"ser":0,"fat":0,"row":-1,"mot":-1,"pie":-1,"uto":-1,"uwr":-1},"geometry":{"type":"Point","coordinates":[17.873611,54.127222]}},{"type":"Feature","properties":{"ID":106723014,"yr":2018,"dt":"2018-02-08T18:28:00","WOJ":22,"sev":1,"c":[255,255,0,160],"dmg":1,"sli":1,"ser":0,"fat":0,"row":-1,"mot":-1,"pie":-1,"uto":-1,"uwr":-1},"geometry":{"type":"Point","coordinates":[17.560528,54.139417]}},{"type":"Feature","properties":{"ID":106722924,"yr":2018,"dt":"2018-02-08T17:15:00","WOJ":22,"sev":1,"c":[255,255,0,160],"dmg":1,"sli":1,"ser":0,"fat":0,"row":-1,"mot":-1,"pie":1,"uto":-1,"uwr":-1},"geometry":{"type":"Point","coordinates":[18.493694,54.585556]}},{"type":"Feature","properties":{"ID":106722339,"yr":2018,"dt":"2018-02-08T17:20:00","WOJ":22,"sev":1,"c":[255,255,0,160],"dmg":2,"sli":1,"ser":0,"fat":0,"row":-1,"mot":-1,"pie":-1,"uto":-1,"uwr":-1},"geometry":{"type":"Point","coordinates":[18.00075,54.784722]}},{"type":"Feature","properties":{"ID":106721407,"yr":2018,"dt":"2018-02-08T11:37:00","WOJ":22,"sev":1,"c":[255,255,0,160],"dmg":3,"sli":1,"ser":0,"fat":0,"row":-1,"mot":-1,"pie":-1,"uto":-1,"uwr":-1},"geometry":{"type":"Point","coordinates":[18.538611,54.496389]}},{"type":"Feature","properties":{"ID":106724792,"yr":2018,"dt":"2018-02-09T15:20:00","WOJ":22,"sev":1,"c":[255,255,0,160],"dmg":1,"sli":1,"ser":0,"fat":0,"row":-1,"mot":-1,"pie":-1,"uto":-1,"uwr":-1},"geometry":{"type":"Point","coordinates":[18.331722,54.435]}},{"type":"Feature","properties":{"ID":106725738,"yr":2018,"dt":"2018-02-09T16:54:00","WOJ":22,"sev":1,"c":[255,255,0,160],"dmg":2,"sli":1,"ser":0,"fat":0,"row":-1,"mot":-1,"pie":-1,"uto":-1,"uwr":-1},"geometry":{"type":"Point","coordinates":[18.804972,54.240944]}},{"type":"Feature","properties":{"ID":107388678,"yr":2018,"dt":"2018-10-20T05:35:00","WOJ":22,"sev":1,"c":[255,255,0,160],"dmg":1,"sli":2,"ser":0,"fat":0,"row":-1,"mot":-1,"pie":-1,"uto":-1,"uwr":-1},"geometry":{"type":"Point","coordinates":[16.844972,54.411806]}},{"type":"Feature","properties":{"ID":106727786,"yr":2018,"dt":"2018-02-10T15:02:00","WOJ":22,"sev":1,"c":[255,255,0,160],"dmg":0,"sli":2,"ser":0,"fat":0,"row":-1,"mot":-1,"pie":-1,"uto":-1,"uwr":-1},"geometry":{"type":"Point","coordinates":[18.704444,53.925278]}},{"type":"Feature","properties":{"ID":106726805,"yr":2018,"dt":"2018-02-10T11:40:00","WOJ":22,"sev":1,"c":[255,255,0,160],"dmg":4,"sli":1,"ser":0,"fat":0,"row":-1,"mot":-1,"pie":-1,"uto":-1,"uwr":-1},"geometry":{"type":"Point","coordinates":[18.679722,54.182222]}},{"type":"Feature","properties":{"ID":106726784,"yr":2018,"dt":"2018-02-10T11:10:00","WOJ":22,"sev":1,"c":[255,255,0,160],"dmg":1,"sli":2,"ser":0,"fat":0,"row":-1,"mot":-1,"pie":-1,"uto":-1,"uwr":-1},"geometry":{"type":"Point","coordinates":[18.365056,54.345472]}},{"type":"Feature","properties":{"ID":106724357,"yr":2018,"dt":"2018-02-10T01:55:00","WOJ":22,"sev":1,"c":[255,255,0,160],"dmg":0,"sli":1,"ser":0,"fat":0,"row":-1,"mot":-1,"pie":-1,"uto":-1,"uwr":-1},"geometry":{"type":"Point","coordinates":[18.946417,53.729111]}},{"type":"Feature","properties":{"ID":106727392,"yr":2018,"dt":"2018-02-11T17:50:00","WOJ":22,"sev":1,"c":[255,255,0,160],"dmg":1,"sli":2,"ser":0,"fat":0,"row":-1,"mot":-1,"pie":1,"uto":-1,"uwr":-1},"geometry":{"type":"Point","coordinates":[18.572222,54.400278]}},{"type":"Feature","properties":{"ID":107391105,"yr":2018,"dt":"2018-10-20T14:15:00","WOJ":22,"sev":1,"c":[255,255,0,160],"dmg":1,"sli":1,"ser":0,"fat":0,"row":-1,"mot":-1,"pie":-1,"uto":-1,"uwr":-1},"geometry":{"type":"Point","coordinates":[18.682056,53.758361]}},{"type":"Feature","properties":{"ID":106728160,"yr":2018,"dt":"2018-02-11T13:20:00","WOJ":22,"sev":1,"c":[255,255,0,160],"dmg":1,"sli":1,"ser":0,"fat":0,"row":-1,"mot":-1,"pie":-1,"uto":-1,"uwr":-1},"geometry":{"type":"Point","coordinates":[18.512778,54.349722]}},{"type":"Feature","properties":{"ID":106737644,"yr":2018,"dt":"2018-02-12T11:25:00","WOJ":22,"sev":1,"c":[255,255,0,160],"dmg":2,"sli":1,"ser":0,"fat":0,"row":-1,"mot":-1,"pie":-1,"uto":-1,"uwr":-1},"geometry":{"type":"Point","coordinates":[17.961667,53.807778]}},{"type":"Feature","properties":{"ID":107393398,"yr":2018,"dt":"2018-10-21T17:50:00","WOJ":22,"sev":1,"c":[255,255,0,160],"dmg":2,"sli":2,"ser":0,"fat":0,"row":-1,"mot":-1,"pie":-1,"uto":-1,"uwr":-1},"geometry":{"type":"Point","coordinates":[18.406889,53.932417]}},{"type":"Feature","properties":{"ID":107392876,"yr":2018,"dt":"2018-10-21T10:00:00","WOJ":22,"sev":1,"c":[255,255,0,160],"dmg":0,"sli":2,"ser":0,"fat":0,"row":-1,"mot":-1,"pie":-1,"uto":-1,"uwr":-1},"geometry":{"type":"Point","coordinates":[17.553583,53.689694]}},{"type":"Feature","properties":{"ID":106730472,"yr":2018,"dt":"2018-02-12T13:10:00","WOJ":22,"sev":1,"c":[255,255,0,160],"dmg":1,"sli":1,"ser":0,"fat":0,"row":-1,"mot":-1,"pie":-1,"uto":-1,"uwr":-1},"geometry":{"type":"Point","coordinates":[18.603056,54.294722]}},{"type":"Feature","properties":{"ID":106731772,"yr":2018,"dt":"2018-02-12T19:20:00","WOJ":22,"sev":1,"c":[255,255,0,160],"dmg":1,"sli":1,"ser":0,"fat":0,"row":-1,"mot":-1,"pie":1,"uto":-1,"uwr":-1},"geometry":{"type":"Point","coordinates":[18.582222,54.409167]}},{"type":"Feature","properties":{"ID":107391776,"yr":2018,"dt":"2018-10-21T03:40:00","WOJ":22,"sev":1,"c":[255,255,0,160],"dmg":1,"sli":2,"ser":0,"fat":0,"row":-1,"mot":-1,"pie":-1,"uto":-1,"uwr":-1},"geometry":{"type":"Point","coordinates":[17.825972,54.331722]}},{"type":"Feature","properties":{"ID":106730399,"yr":2018,"dt":"2018-02-12T12:10:00","WOJ":22,"sev":1,"c":[255,255,0,160],"dmg":1,"sli":1,"ser":0,"fat":0,"row":-1,"mot":-1,"pie":-1,"uto":-1,"uwr":-1},"geometry":{"type":"Point","coordinates":[18.633889,54.372222]}},{"type":"Feature","properties":{"ID":106730506,"yr":2018,"dt":"2018-02-12T15:35:00","WOJ":22,"sev":1,"c":[255,255,0,160],"dmg":1,"sli":2,"ser":0,"fat":0,"row":-1,"mot":-1,"pie":-1,"uto":-1,"uwr":-1},"geometry":{"type":"Point","coordinates":[18.914417,54.115333]}},{"type":"Feature","properties":{"ID":106730013,"yr":2018,"dt":"2018-02-12T08:30:00","WOJ":22,"sev":1,"c":[255,255,0,160],"dmg":1,"sli":2,"ser":0,"fat":0,"row":-1,"mot":-1,"pie":-1,"uto":-1,"uwr":-1},"geometry":{"type":"Point","coordinates":[18.559167,54.308056]}},{"type":"Feature","properties":{"ID":107392892,"yr":2018,"dt":"2018-10-21T10:25:00","WOJ":22,"sev":1,"c":[255,255,0,160],"dmg":1,"sli":1,"ser":0,"fat":0,"row":1,"mot":-1,"pie":-1,"uto":-1,"uwr":-1},"geometry":{"type":"Point","coordinates":[18.5875,54.389444]}},{"type":"Feature","properties":{"ID":106730919,"yr":2018,"dt":"2018-02-13T08:11:00","WOJ":22,"sev":1,"c":[255,255,0,160],"dmg":2,"sli":1,"ser":0,"fat":0,"row":-1,"mot":-1,"pie":-1,"uto":-1,"uwr":-1},"geometry":{"type":"Point","coordinates":[16.96525,53.996806]}},{"type":"Feature","properties":{"ID":106732305,"yr":2018,"dt":"2018-02-13T09:30:00","WOJ":22,"sev":1,"c":[255,255,0,160],"dmg":1,"sli":1,"ser":0,"fat":0,"row":-1,"mot":-1,"pie":-1,"uto":-1,"uwr":-1},"geometry":{"type":"Point","coordinates":[17.996667,54.085556]}},{"type":"Feature","properties":{"ID":106731975,"yr":2018,"dt":"2018-02-13T07:12:00","WOJ":22,"sev":1,"c":[255,255,0,160],"dmg":0,"sli":1,"ser":0,"fat":0,"row":-1,"mot":-1,"pie":-1,"uto":-1,"uwr":-1},"geometry":{"type":"Point","coordinates":[18.367639,54.293333]}},{"type":"Feature","properties":{"ID":106733216,"yr":2018,"dt":"2018-02-13T20:30:00","WOJ":22,"sev":1,"c":[255,255,0,160],"dmg":0,"sli":1,"ser":0,"fat":0,"row":-1,"mot":-1,"pie":-1,"uto":-1,"uwr":-1},"geometry":{"type":"Point","coordinates":[18.950556,53.732722]}},{"type":"Feature","properties":{"ID":106733205,"yr":2018,"dt":"2018-02-13T21:00:00","WOJ":22,"sev":1,"c":[255,255,0,160],"dmg":0,"sli":1,"ser":0,"fat":0,"row":-1,"mot":-1,"pie":-1,"uto":-1,"uwr":-1},"geometry":{"type":"Point","coordinates":[18.093611,54.143056]}},{"type":"Feature","properties":{"ID":106897492,"yr":2018,"dt":"2018-02-14T13:30:00","WOJ":22,"sev":1,"c":[255,255,0,160],"dmg":2,"sli":1,"ser":0,"fat":0,"row":-1,"mot":-1,"pie":-1,"uto":-1,"uwr":-1},"geometry":{"type":"Point","coordinates":[18.468056,54.397222]}},{"type":"Feature","properties":{"ID":106763822,"yr":2018,"dt":"2018-02-14T11:55:00","WOJ":22,"sev":1,"c":[255,255,0,160],"dmg":1,"sli":1,"ser":0,"fat":0,"row":-1,"mot":-1,"pie":1,"uto":-1,"uwr":-1},"geometry":{"type":"Point","coordinates":[18.631111,54.257778]}},{"type":"Feature","properties":{"ID":106734955,"yr":2018,"dt":"2018-02-14T12:40:00","WOJ":22,"sev":1,"c":[255,255,0,160],"dmg":1,"sli":1,"ser":0,"fat":0,"row":-1,"mot":-1,"pie":-1,"uto":-1,"uwr":-1},"geometry":{"type":"Point","coordinates":[19.206694,53.755417]}},{"type":"Feature","properties":{"ID":106733696,"yr":2018,"dt":"2018-02-14T11:30:00","WOJ":22,"sev":1,"c":[255,255,0,160],"dmg":1,"sli":1,"ser":0,"fat":0,"row":-1,"mot":-1,"pie":-1,"uto":-1,"uwr":-1},"geometry":{"type":"Point","coordinates":[19.139444,54.04125]}},{"type":"Feature","properties":{"ID":106738722,"yr":2018,"dt":"2018-02-15T17:46:00","WOJ":22,"sev":1,"c":[255,255,0,160],"dmg":2,"sli":1,"ser":0,"fat":0,"row":-1,"mot":-1,"pie":-1,"uto":-1,"uwr":-1},"geometry":{"type":"Point","coordinates":[18.580833,54.357778]}},{"type":"Feature","properties":{"ID":107394640,"yr":2018,"dt":"2018-10-22T15:30:00","WOJ":22,"sev":1,"c":[255,255,0,160],"dmg":2,"sli":1,"ser":0,"fat":0,"row":-1,"mot":-1,"pie":-1,"uto":-1,"uwr":-1},"geometry":{"type":"Point","coordinates":[18.353806,54.340833]}},{"type":"Feature","properties":{"ID":106737896,"yr":2018,"dt":"2018-02-15T09:30:00","WOJ":22,"sev":1,"c":[255,255,0,160],"dmg":1,"sli":1,"ser":0,"fat":0,"row":-1,"mot":-1,"pie":-1,"uto":-1,"uwr":-1},"geometry":{"type":"Point","coordinates":[16.796056,54.211361]}},{"type":"Feature","properties":{"ID":106737418,"yr":2018,"dt":"2018-02-15T08:12:00","WOJ":22,"sev":1,"c":[255,255,0,160],"dmg":1,"sli":1,"ser":0,"fat":0,"row":-1,"mot":-1,"pie":-1,"uto":-1,"uwr":-1},"geometry":{"type":"Point","coordinates":[18.450028,54.456944]}},{"type":"Feature","properties":{"ID":106737047,"yr":2018,"dt":"2018-02-15T13:10:00","WOJ":22,"sev":1,"c":[255,255,0,160],"dmg":2,"sli":1,"ser":0,"fat":0,"row":-1,"mot":-1,"pie":-1,"uto":-1,"uwr":-1},"geometry":{"type":"Point","coordinates":[18.287389,54.697028]}},{"type":"Feature","properties":{"ID":107394485,"yr":2018,"dt":"2018-10-22T16:18:00","WOJ":22,"sev":1,"c":[255,255,0,160],"dmg":0,"sli":3,"ser":0,"fat":0,"row":-1,"mot":-1,"pie":-1,"uto":-1,"uwr":-1},"geometry":{"type":"Point","coordinates":[18.249444,54.149444]}},{"type":"Feature","properties":{"ID":106745728,"yr":2018,"dt":"2018-02-16T10:50:00","WOJ":22,"sev":1,"c":[255,255,0,160],"dmg":2,"sli":1,"ser":0,"fat":0,"row":-1,"mot":-1,"pie":-1,"uto":-1,"uwr":-1},"geometry":{"type":"Point","coordinates":[18.591389,54.386944]}},{"type":"Feature","properties":{"ID":106738124,"yr":2018,"dt":"2018-02-16T11:25:00","WOJ":22,"sev":1,"c":[255,255,0,160],"dmg":2,"sli":1,"ser":0,"fat":0,"row":-1,"mot":-1,"pie":-1,"uto":-1,"uwr":-1},"geometry":{"type":"Point","coordinates":[18.7775,54.069722]}},{"type":"Feature","properties":{"ID":106738688,"yr":2018,"dt":"2018-02-16T16:40:00","WOJ":22,"sev":1,"c":[255,255,0,160],"dmg":2,"sli":1,"ser":0,"fat":0,"row":-1,"mot":-1,"pie":-1,"uto":-1,"uwr":-1},"geometry":{"type":"Point","coordinates":[18.406222,54.787833]}},{"type":"Feature","properties":{"ID":107394302,"yr":2018,"dt":"2018-10-22T12:30:00","WOJ":22,"sev":1,"c":[255,255,0,160],"dmg":0,"sli":1,"ser":0,"fat":0,"row":-1,"mot":-1,"pie":-1,"uto":-1,"uwr":-1},"geometry":{"type":"Point","coordinates":[18.748333,54.245556]}},{"type":"Feature","properties":{"ID":107395997,"yr":2018,"dt":"2018-10-22T17:40:00","WOJ":22,"sev":1,"c":[255,255,0,160],"dmg":2,"sli":1,"ser":0,"fat":0,"row":-1,"mot":-1,"pie":-1,"uto":-1,"uwr":-1},"geometry":{"type":"Point","coordinates":[18.945056,53.726944]}},{"type":"Feature","properties":{"ID":107394646,"yr":2018,"dt":"2018-10-22T14:30:00","WOJ":22,"sev":1,"c":[255,255,0,160],"dmg":2,"sli":3,"ser":0,"fat":0,"row":-1,"mot":-1,"pie":-1,"uto":-1,"uwr":-1},"geometry":{"type":"Point","coordinates":[18.780083,54.091667]}},{"type":"Feature","properties":{"ID":106740490,"yr":2018,"dt":"2018-02-17T15:21:00","WOJ":22,"sev":1,"c":[255,255,0,160],"dmg":1,"sli":1,"ser":0,"fat":0,"row":-1,"mot":-1,"pie":-1,"uto":-1,"uwr":-1},"geometry":{"type":"Point","coordinates":[18.371944,54.539167]}},{"type":"Feature","properties":{"ID":107394307,"yr":2018,"dt":"2018-10-22T13:30:00","WOJ":22,"sev":1,"c":[255,255,0,160],"dmg":0,"sli":2,"ser":0,"fat":0,"row":-1,"mot":-1,"pie":-1,"uto":-1,"uwr":-1},"geometry":{"type":"Point","coordinates":[18.633472,54.189556]}},{"type":"Feature","properties":{"ID":106742969,"yr":2018,"dt":"2018-02-18T10:40:00","WOJ":22,"sev":1,"c":[255,255,0,160],"dmg":1,"sli":1,"ser":0,"fat":0,"row":-1,"mot":-1,"pie":-1,"uto":-1,"uwr":-1},"geometry":{"type":"Point","coordinates":[17.219972,53.574556]}},{"type":"Feature","properties":{"ID":107396781,"yr":2018,"dt":"2018-10-23T11:24:00","WOJ":22,"sev":1,"c":[255,255,0,160],"dmg":0,"sli":1,"ser":0,"fat":0,"row":-1,"mot":-1,"pie":-1,"uto":-1,"uwr":-1},"geometry":{"type":"Point","coordinates":[17.360833,53.741944]}},{"type":"Feature","properties":{"ID":107399039,"yr":2018,"dt":"2018-10-23T07:55:00","WOJ":22,"sev":1,"c":[255,255,0,160],"dmg":1,"sli":1,"ser":0,"fat":0,"row":-1,"mot":-1,"pie":-1,"uto":-1,"uwr":-1},"geometry":{"type":"Point","coordinates":[18.691389,54.36]}},{"type":"Feature","properties":{"ID":106742365,"yr":2018,"dt":"2018-02-19T16:08:00","WOJ":22,"sev":1,"c":[255,255,0,160],"dmg":0,"sli":1,"ser":0,"fat":0,"row":-1,"mot":-1,"pie":-1,"uto":-1,"uwr":-1},"geometry":{"type":"Point","coordinates":[18.224167,54.069167]}},{"type":"Feature","properties":{"ID":106744976,"yr":2018,"dt":"2018-02-19T14:00:00","WOJ":22,"sev":1,"c":[255,255,0,160],"dmg":1,"sli":2,"ser":0,"fat":0,"row":-1,"mot":-1,"pie":-1,"uto":-1,"uwr":-1},"geometry":{"type":"Point","coordinates":[18.637778,54.381944]}},{"type":"Feature","properties":{"ID":106743404,"yr":2018,"dt":"2018-02-19T06:23:00","WOJ":22,"sev":1,"c":[255,255,0,160],"dmg":0,"sli":3,"ser":0,"fat":0,"row":-1,"mot":-1,"pie":-1,"uto":-1,"uwr":-1},"geometry":{"type":"Point","coordinates":[18.908472,54.262611]}},{"type":"Feature","properties":{"ID":107396544,"yr":2018,"dt":"2018-10-23T07:49:00","WOJ":22,"sev":1,"c":[255,255,0,160],"dmg":3,"sli":1,"ser":0,"fat":0,"row":-1,"mot":-1,"pie":-1,"uto":-1,"uwr":-1},"geometry":{"type":"Point","coordinates":[18.455,54.534722]}},{"type":"Feature","properties":{"ID":106745473,"yr":2018,"dt":"2018-02-20T09:24:00","WOJ":22,"sev":1,"c":[255,255,0,160],"dmg":1,"sli":1,"ser":0,"fat":0,"row":-1,"mot":-1,"pie":1,"uto":-1,"uwr":-1},"geometry":{"type":"Point","coordinates":[19.028389,54.035722]}},{"type":"Feature","properties":{"ID":107396504,"yr":2018,"dt":"2018-10-23T07:20:00","WOJ":22,"sev":1,"c":[255,255,0,160],"dmg":1,"sli":1,"ser":0,"fat":0,"row":-1,"mot":-1,"pie":1,"uto":-1,"uwr":-1},"geometry":{"type":"Point","coordinates":[18.195611,54.328667]}},{"type":"Feature","properties":{"ID":106746770,"yr":2018,"dt":"2018-02-20T19:50:00","WOJ":22,"sev":1,"c":[255,255,0,160],"dmg":1,"sli":1,"ser":0,"fat":0,"row":-1,"mot":-1,"pie":1,"uto":-1,"uwr":-1},"geometry":{"type":"Point","coordinates":[18.767778,54.091667]}},{"type":"Feature","properties":{"ID":106771966,"yr":2018,"dt":"2018-02-20T01:20:00","WOJ":22,"sev":1,"c":[255,255,0,160],"dmg":0,"sli":1,"ser":0,"fat":0,"row":-1,"mot":-1,"pie":-1,"uto":-1,"uwr":-1},"geometry":{"type":"Point","coordinates":[18.647417,53.952972]}},{"type":"Feature","properties":{"ID":107396439,"yr":2018,"dt":"2018-10-23T05:46:00","WOJ":22,"sev":1,"c":[255,255,0,160],"dmg":1,"sli":1,"ser":0,"fat":0,"row":-1,"mot":-1,"pie":1,"uto":-1,"uwr":-1},"geometry":{"type":"Point","coordinates":[18.464194,54.548389]}},{"type":"Feature","properties":{"ID":107396537,"yr":2018,"dt":"2018-10-23T08:50:00","WOJ":22,"sev":1,"c":[255,255,0,160],"dmg":1,"sli":1,"ser":0,"fat":0,"row":-1,"mot":-1,"pie":1,"uto":-1,"uwr":-1},"geometry":{"type":"Point","coordinates":[17.039278,54.473278]}},{"type":"Feature","properties":{"ID":106764858,"yr":2018,"dt":"2018-02-21T12:05:00","WOJ":22,"sev":1,"c":[255,255,0,160],"dmg":1,"sli":1,"ser":0,"fat":0,"row":-1,"mot":-1,"pie":1,"uto":-1,"uwr":-1},"geometry":{"type":"Point","coordinates":[17.980278,54.121111]}},{"type":"Feature","properties":{"ID":106753865,"yr":2018,"dt":"2018-02-21T16:30:00","WOJ":22,"sev":1,"c":[255,255,0,160],"dmg":3,"sli":2,"ser":0,"fat":0,"row":-1,"mot":-1,"pie":-1,"uto":-1,"uwr":-1},"geometry":{"type":"Point","coordinates":[18.456389,54.514167]}},{"type":"Feature","properties":{"ID":106749094,"yr":2018,"dt":"2018-02-21T09:08:00","WOJ":22,"sev":1,"c":[255,255,0,160],"dmg":2,"sli":1,"ser":0,"fat":0,"row":-1,"mot":-1,"pie":-1,"uto":-1,"uwr":-1},"geometry":{"type":"Point","coordinates":[18.37375,54.340972]}},{"type":"Feature","properties":{"ID":106749100,"yr":2018,"dt":"2018-02-21T07:35:00","WOJ":22,"sev":1,"c":[255,255,0,160],"dmg":1,"sli":1,"ser":0,"fat":0,"row":-1,"mot":-1,"pie":1,"uto":-1,"uwr":-1},"geometry":{"type":"Point","coordinates":[18.931417,53.733944]}},{"type":"Feature","properties":{"ID":106751096,"yr":2018,"dt":"2018-02-21T17:49:00","WOJ":22,"sev":1,"c":[255,255,0,160],"dmg":1,"sli":1,"ser":0,"fat":0,"row":-1,"mot":-1,"pie":1,"uto":-1,"uwr":-1},"geometry":{"type":"Point","coordinates":[16.923917,53.837278]}},{"type":"Feature","properties":{"ID":106754162,"yr":2018,"dt":"2018-02-22T14:10:00","WOJ":22,"sev":1,"c":[255,255,0,160],"dmg":1,"sli":1,"ser":0,"fat":0,"row":1,"mot":-1,"pie":-1,"uto":-1,"uwr":-1},"geometry":{"type":"Point","coordinates":[18.8025,54.161111]}},{"type":"Feature","properties":{"ID":106754310,"yr":2018,"dt":"2018-02-22T16:30:00","WOJ":22,"sev":1,"c":[255,255,0,160],"dmg":2,"sli":1,"ser":0,"fat":0,"row":-1,"mot":-1,"pie":-1,"uto":-1,"uwr":-1},"geometry":{"type":"Point","coordinates":[18.516417,53.966639]}},{"type":"Feature","properties":{"ID":107395169,"yr":2018,"dt":"2018-10-23T05:30:00","WOJ":22,"sev":1,"c":[255,255,0,160],"dmg":1,"sli":1,"ser":0,"fat":0,"row":-1,"mot":-1,"pie":1,"uto":-1,"uwr":-1},"geometry":{"type":"Point","coordinates":[18.629361,54.241139]}},{"type":"Feature","properties":{"ID":107396496,"yr":2018,"dt":"2018-10-23T06:55:00","WOJ":22,"sev":1,"c":[255,255,0,160],"dmg":1,"sli":1,"ser":0,"fat":0,"row":-1,"mot":-1,"pie":1,"uto":-1,"uwr":-1},"geometry":{"type":"Point","coordinates":[18.508056,54.498333]}},{"type":"Feature","properties":{"ID":107395142,"yr":2018,"dt":"2018-10-23T02:30:00","WOJ":22,"sev":1,"c":[255,255,0,160],"dmg":0,"sli":1,"ser":0,"fat":0,"row":-1,"mot":-1,"pie":-1,"uto":-1,"uwr":-1},"geometry":{"type":"Point","coordinates":[18.530889,54.293]}},{"type":"Feature","properties":{"ID":106758734,"yr":2018,"dt":"2018-02-23T20:50:00","WOJ":22,"sev":1,"c":[255,255,0,160],"dmg":1,"sli":1,"ser":0,"fat":0,"row":-1,"mot":-1,"pie":1,"uto":-1,"uwr":-1},"geometry":{"type":"Point","coordinates":[18.776944,53.785833]}},{"type":"Feature","properties":{"ID":106755560,"yr":2018,"dt":"2018-02-23T15:45:00","WOJ":22,"sev":1,"c":[255,255,0,160],"dmg":1,"sli":2,"ser":0,"fat":0,"row":-1,"mot":-1,"pie":1,"uto":-1,"uwr":-1},"geometry":{"type":"Point","coordinates":[17.987389,54.130556]}},{"type":"Feature","properties":{"ID":106754904,"yr":2018,"dt":"2018-02-23T08:20:00","WOJ":22,"sev":1,"c":[255,255,0,160],"dmg":2,"sli":3,"ser":0,"fat":0,"row":-1,"mot":-1,"pie":-1,"uto":-1,"uwr":-1},"geometry":{"type":"Point","coordinates":[18.745556,54.326389]}},{"type":"Feature","properties":{"ID":106761394,"yr":2018,"dt":"2018-02-23T19:55:00","WOJ":22,"sev":1,"c":[255,255,0,160],"dmg":1,"sli":1,"ser":0,"fat":0,"row":-1,"mot":-1,"pie":-1,"uto":-1,"uwr":-1},"geometry":{"type":"Point","coordinates":[17.045556,54.467472]}},{"type":"Feature","properties":{"ID":106757179,"yr":2018,"dt":"2018-02-24T11:30:00","WOJ":22,"sev":1,"c":[255,255,0,160],"dmg":1,"sli":2,"ser":0,"fat":0,"row":-1,"mot":-1,"pie":1,"uto":-1,"uwr":-1},"geometry":{"type":"Point","coordinates":[18.483167,54.589861]}},{"type":"Feature","properties":{"ID":107399029,"yr":2018,"dt":"2018-10-23T09:30:00","WOJ":22,"sev":1,"c":[255,255,0,160],"dmg":1,"sli":1,"ser":0,"fat":0,"row":-1,"mot":-1,"pie":-1,"uto":-1,"uwr":-1},"geometry":{"type":"Point","coordinates":[18.581667,54.328333]}},{"type":"Feature","properties":{"ID":106757612,"yr":2018,"dt":"2018-02-24T17:06:00","WOJ":22,"sev":1,"c":[255,255,0,160],"dmg":1,"sli":2,"ser":0,"fat":0,"row":-1,"mot":-1,"pie":-1,"uto":-1,"uwr":-1},"geometry":{"type":"Point","coordinates":[18.674028,54.158]}},{"type":"Feature","properties":{"ID":107396390,"yr":2018,"dt":"2018-10-23T10:55:00","WOJ":22,"sev":1,"c":[255,255,0,160],"dmg":1,"sli":1,"ser":0,"fat":0,"row":-1,"mot":-1,"pie":-1,"uto":-1,"uwr":-1},"geometry":{"type":"Point","coordinates":[18.557778,54.330833]}},{"type":"Feature","properties":{"ID":107397809,"yr":2018,"dt":"2018-10-23T17:55:00","WOJ":22,"sev":1,"c":[255,255,0,160],"dmg":2,"sli":2,"ser":0,"fat":0,"row":-1,"mot":-1,"pie":-1,"uto":-1,"uwr":-1},"geometry":{"type":"Point","coordinates":[18.579444,54.318889]}},{"type":"Feature","properties":{"ID":107395754,"yr":2018,"dt":"2018-10-23T17:10:00","WOJ":22,"sev":1,"c":[255,255,0,160],"dmg":0,"sli":2,"ser":0,"fat":0,"row":-1,"mot":-1,"pie":-1,"uto":-1,"uwr":-1},"geometry":{"type":"Point","coordinates":[19.384028,53.86475]}},{"type":"Feature","properties":{"ID":106756267,"yr":2018,"dt":"2018-02-24T12:05:00","WOJ":22,"sev":1,"c":[255,255,0,160],"dmg":1,"sli":1,"ser":0,"fat":0,"row":-1,"mot":-1,"pie":-1,"uto":-1,"uwr":-1},"geometry":{"type":"Point","coordinates":[18.361472,54.418389]}},{"type":"Feature","properties":{"ID":106757170,"yr":2018,"dt":"2018-02-24T06:59:00","WOJ":22,"sev":1,"c":[255,255,0,160],"dmg":2,"sli":1,"ser":0,"fat":0,"row":-1,"mot":-1,"pie":-1,"uto":-1,"uwr":-1},"geometry":{"type":"Point","coordinates":[17.513,54.199194]}},{"type":"Feature","properties":{"ID":106759108,"yr":2018,"dt":"2018-02-25T18:30:00","WOJ":22,"sev":1,"c":[255,255,0,160],"dmg":0,"sli":3,"ser":0,"fat":0,"row":-1,"mot":-1,"pie":-1,"uto":-1,"uwr":-1},"geometry":{"type":"Point","coordinates":[18.768333,54.060833]}},{"type":"Feature","properties":{"ID":106758873,"yr":2018,"dt":"2018-02-25T00:00:00","WOJ":22,"sev":1,"c":[255,255,0,160],"dmg":1,"sli":1,"ser":0,"fat":0,"row":-1,"mot":-1,"pie":-1,"uto":-1,"uwr":-1},"geometry":{"type":"Point","coordinates":[18.316,54.303889]}},{"type":"Feature","properties":{"ID":106759139,"yr":2018,"dt":"2018-02-25T22:20:00","WOJ":22,"sev":1,"c":[255,255,0,160],"dmg":1,"sli":2,"ser":0,"fat":0,"row":-1,"mot":-1,"pie":-1,"uto":-1,"uwr":-1},"geometry":{"type":"Point","coordinates":[18.785278,54.089444]}},{"type":"Feature","properties":{"ID":106758927,"yr":2018,"dt":"2018-02-25T13:30:00","WOJ":22,"sev":1,"c":[255,255,0,160],"dmg":2,"sli":1,"ser":0,"fat":0,"row":-1,"mot":-1,"pie":-1,"uto":-1,"uwr":-1},"geometry":{"type":"Point","coordinates":[18.504444,54.385556]}},{"type":"Feature","properties":{"ID":107396989,"yr":2018,"dt":"2018-10-23T14:00:00","WOJ":22,"sev":1,"c":[255,255,0,160],"dmg":1,"sli":2,"ser":0,"fat":0,"row":-1,"mot":-1,"pie":-1,"uto":-1,"uwr":-1},"geometry":{"type":"Point","coordinates":[18.169167,53.989167]}},{"type":"Feature","properties":{"ID":106762225,"yr":2018,"dt":"2018-02-26T15:00:00","WOJ":22,"sev":1,"c":[255,255,0,160],"dmg":3,"sli":2,"ser":0,"fat":0,"row":-1,"mot":-1,"pie":-1,"uto":-1,"uwr":-1},"geometry":{"type":"Point","coordinates":[17.001361,54.460472]}},{"type":"Feature","properties":{"ID":106761721,"yr":2018,"dt":"2018-02-26T14:50:02","WOJ":22,"sev":1,"c":[255,255,0,160],"dmg":1,"sli":1,"ser":0,"fat":0,"row":-1,"mot":-1,"pie":1,"uto":-1,"uwr":-1},"geometry":{"type":"Point","coordinates":[18.591389,54.408056]}},{"type":"Feature","properties":{"ID":107402745,"yr":2018,"dt":"2018-10-23T10:25:00","WOJ":22,"sev":1,"c":[255,255,0,160],"dmg":0,"sli":1,"ser":0,"fat":0,"row":-1,"mot":-1,"pie":-1,"uto":-1,"uwr":-1},"geometry":{"type":"Point","coordinates":[18.525,54.348333]}},{"type":"Feature","properties":{"ID":106762593,"yr":2018,"dt":"2018-02-26T11:45:00","WOJ":22,"sev":1,"c":[255,255,0,160],"dmg":1,"sli":1,"ser":0,"fat":0,"row":-1,"mot":-1,"pie":1,"uto":-1,"uwr":-1},"geometry":{"type":"Point","coordinates":[18.631944,54.366667]}},{"type":"Feature","properties":{"ID":106759360,"yr":2018,"dt":"2018-02-26T06:10:00","WOJ":22,"sev":1,"c":[255,255,0,160],"dmg":0,"sli":1,"ser":0,"fat":0,"row":-1,"mot":-1,"pie":-1,"uto":-1,"uwr":-1},"geometry":{"type":"Point","coordinates":[18.301333,54.321667]}},{"type":"Feature","properties":{"ID":106759475,"yr":2018,"dt":"2018-02-26T07:40:00","WOJ":22,"sev":1,"c":[255,255,0,160],"dmg":1,"sli":1,"ser":0,"fat":0,"row":-1,"mot":-1,"pie":1,"uto":-1,"uwr":-1},"geometry":{"type":"Point","coordinates":[18.7875,54.088056]}},{"type":"Feature","properties":{"ID":107397106,"yr":2018,"dt":"2018-10-23T14:45:00","WOJ":22,"sev":1,"c":[255,255,0,160],"dmg":0,"sli":1,"ser":0,"fat":0,"row":-1,"mot":-1,"pie":-1,"uto":-1,"uwr":-1},"geometry":{"type":"Point","coordinates":[18.394306,53.851306]}},{"type":"Feature","properties":{"ID":107396836,"yr":2018,"dt":"2018-10-23T11:05:00","WOJ":22,"sev":1,"c":[255,255,0,160],"dmg":1,"sli":2,"ser":0,"fat":0,"row":-1,"mot":-1,"pie":-1,"uto":-1,"uwr":-1},"geometry":{"type":"Point","coordinates":[18.785722,54.083278]}},{"type":"Feature","properties":{"ID":106759438,"yr":2018,"dt":"2018-02-26T07:00:00","WOJ":22,"sev":1,"c":[255,255,0,160],"dmg":1,"sli":1,"ser":0,"fat":0,"row":-1,"mot":-1,"pie":1,"uto":-1,"uwr":-1},"geometry":{"type":"Point","coordinates":[17.834722,54.676111]}},{"type":"Feature","properties":{"ID":107395354,"yr":2018,"dt":"2018-10-23T07:25:00","WOJ":22,"sev":1,"c":[255,255,0,160],"dmg":2,"sli":1,"ser":0,"fat":0,"row":-1,"mot":-1,"pie":-1,"uto":-1,"uwr":-1},"geometry":{"type":"Point","coordinates":[18.479444,54.469722]}},{"type":"Feature","properties":{"ID":107400076,"yr":2018,"dt":"2018-10-24T16:00:00","WOJ":22,"sev":1,"c":[255,255,0,160],"dmg":2,"sli":1,"ser":0,"fat":0,"row":-1,"mot":-1,"pie":0,"uto":-1,"uwr":-1},"geometry":{"type":"Point","coordinates":[17.022444,54.4715]}},{"type":"Feature","properties":{"ID":106771172,"yr":2018,"dt":"2018-02-27T10:30:00","WOJ":22,"sev":1,"c":[255,255,0,160],"dmg":1,"sli":1,"ser":0,"fat":0,"row":-1,"mot":-1,"pie":-1,"uto":-1,"uwr":-1},"geometry":{"type":"Point","coordinates":[18.22175,54.278639]}},{"type":"Feature","properties":{"ID":107399471,"yr":2018,"dt":"2018-10-24T15:50:00","WOJ":22,"sev":1,"c":[255,255,0,160],"dmg":1,"sli":2,"ser":0,"fat":0,"row":-1,"mot":-1,"pie":-1,"uto":-1,"uwr":-1},"geometry":{"type":"Point","coordinates":[18.6325,54.192417]}},{"type":"Feature","properties":{"ID":106763243,"yr":2018,"dt":"2018-02-27T15:45:00","WOJ":22,"sev":1,"c":[255,255,0,160],"dmg":1,"sli":1,"ser":0,"fat":0,"row":-1,"mot":-1,"pie":1,"uto":-1,"uwr":-1},"geometry":{"type":"Point","coordinates":[16.994833,54.466444]}},{"type":"Feature","properties":{"ID":106763210,"yr":2018,"dt":"2018-02-27T13:55:00","WOJ":22,"sev":1,"c":[255,255,0,160],"dmg":1,"sli":1,"ser":0,"fat":0,"row":-1,"mot":-1,"pie":-1,"uto":-1,"uwr":-1},"geometry":{"type":"Point","coordinates":[18.334944,53.932833]}},{"type":"Feature","properties":{"ID":106762625,"yr":2018,"dt":"2018-02-27T09:20:00","WOJ":22,"sev":1,"c":[255,255,0,160],"dmg":1,"sli":1,"ser":0,"fat":0,"row":-1,"mot":-1,"pie":1,"uto":-1,"uwr":-1},"geometry":{"type":"Point","coordinates":[18.68,54.348889]}},{"type":"Feature","properties":{"ID":106764069,"yr":2018,"dt":"2018-02-27T22:00:00","WOJ":22,"sev":1,"c":[255,255,0,160],"dmg":1,"sli":2,"ser":0,"fat":0,"row":-1,"mot":-1,"pie":-1,"uto":-1,"uwr":-1},"geometry":{"type":"Point","coordinates":[17.855833,54.393944]}},{"type":"Feature","properties":{"ID":106768171,"yr":2018,"dt":"2018-02-28T20:10:00","WOJ":22,"sev":1,"c":[255,255,0,160],"dmg":1,"sli":2,"ser":0,"fat":0,"row":-1,"mot":-1,"pie":1,"uto":-1,"uwr":-1},"geometry":{"type":"Point","coordinates":[18.797222,54.088889]}},{"type":"Feature","properties":{"ID":107399652,"yr":2018,"dt":"2018-10-24T14:35:00","WOJ":22,"sev":1,"c":[255,255,0,160],"dmg":1,"sli":1,"ser":0,"fat":0,"row":-1,"mot":-1,"pie":1,"uto":-1,"uwr":-1},"geometry":{"type":"Point","coordinates":[18.760083,54.095806]}},{"type":"Feature","properties":{"ID":106765872,"yr":2018,"dt":"2018-02-28T08:00:00","WOJ":22,"sev":1,"c":[255,255,0,160],"dmg":2,"sli":1,"ser":0,"fat":0,"row":-1,"mot":-1,"pie":-1,"uto":-1,"uwr":-1},"geometry":{"type":"Point","coordinates":[18.458,54.509778]}},{"type":"Feature","properties":{"ID":106763495,"yr":2018,"dt":"2018-02-28T04:00:00","WOJ":22,"sev":1,"c":[255,255,0,160],"dmg":1,"sli":1,"ser":0,"fat":0,"row":-1,"mot":-1,"pie":-1,"uto":-1,"uwr":-1},"geometry":{"type":"Point","coordinates":[18.530167,53.987056]}},{"type":"Feature","properties":{"ID":106769278,"yr":2018,"dt":"2018-03-01T16:15:00","WOJ":22,"sev":1,"c":[255,255,0,160],"dmg":2,"sli":1,"ser":0,"fat":0,"row":-1,"mot":-1,"pie":-1,"uto":-1,"uwr":-1},"geometry":{"type":"Point","coordinates":[18.512222,54.355833]}},{"type":"Feature","properties":{"ID":106769023,"yr":2018,"dt":"2018-03-01T06:31:00","WOJ":22,"sev":1,"c":[255,255,0,160],"dmg":1,"sli":2,"ser":0,"fat":0,"row":-1,"mot":-1,"pie":-1,"uto":-1,"uwr":-1},"geometry":{"type":"Point","coordinates":[18.473389,54.468778]}},{"type":"Feature","properties":{"ID":106771449,"yr":2018,"dt":"2018-03-01T21:10:00","WOJ":22,"sev":1,"c":[255,255,0,160],"dmg":1,"sli":1,"ser":0,"fat":0,"row":-1,"mot":-1,"pie":1,"uto":-1,"uwr":-1},"geometry":{"type":"Point","coordinates":[18.261694,54.603333]}},{"type":"Feature","properties":{"ID":106772331,"yr":2018,"dt":"2018-03-02T15:50:00","WOJ":22,"sev":1,"c":[255,255,0,160],"dmg":1,"sli":1,"ser":0,"fat":0,"row":-1,"mot":-1,"pie":-1,"uto":-1,"uwr":-1},"geometry":{"type":"Point","coordinates":[18.488056,54.532222]}},{"type":"Feature","properties":{"ID":106772734,"yr":2018,"dt":"2018-03-02T09:45:00","WOJ":22,"sev":1,"c":[255,255,0,160],"dmg":0,"sli":2,"ser":0,"fat":0,"row":-1,"mot":-1,"pie":-1,"uto":-1,"uwr":-1},"geometry":{"type":"Point","coordinates":[18.76,54.038611]}},{"type":"Feature","properties":{"ID":106772982,"yr":2018,"dt":"2018-03-02T17:07:00","WOJ":22,"sev":1,"c":[255,255,0,160],"dmg":1,"sli":1,"ser":0,"fat":0,"row":-1,"mot":-1,"pie":-1,"uto":-1,"uwr":-1},"geometry":{"type":"Point","coordinates":[19.009333,54.011806]}},{"type":"Feature","properties":{"ID":107398496,"yr":2018,"dt":"2018-10-24T10:45:00","WOJ":22,"sev":1,"c":[255,255,0,160],"dmg":2,"sli":1,"ser":0,"fat":0,"row":-1,"mot":-1,"pie":-1,"uto":-1,"uwr":-1},"geometry":{"type":"Point","coordinates":[18.576667,54.353333]}},{"type":"Feature","properties":{"ID":106772050,"yr":2018,"dt":"2018-03-02T10:40:00","WOJ":22,"sev":1,"c":[255,255,0,160],"dmg":0,"sli":1,"ser":0,"fat":0,"row":-1,"mot":-1,"pie":-1,"uto":-1,"uwr":-1},"geometry":{"type":"Point","coordinates":[18.870861,53.75025]}},{"type":"Feature","properties":{"ID":107399891,"yr":2018,"dt":"2018-10-24T08:35:00","WOJ":22,"sev":1,"c":[255,255,0,160],"dmg":1,"sli":1,"ser":0,"fat":0,"row":-1,"mot":-1,"pie":1,"uto":-1,"uwr":-1},"geometry":{"type":"Point","coordinates":[16.992028,54.475583]}},{"type":"Feature","properties":{"ID":106774114,"yr":2018,"dt":"2018-03-03T14:50:00","WOJ":22,"sev":1,"c":[255,255,0,160],"dmg":1,"sli":1,"ser":0,"fat":0,"row":1,"mot":-1,"pie":-1,"uto":-1,"uwr":-1},"geometry":{"type":"Point","coordinates":[18.369722,54.230278]}},{"type":"Feature","properties":{"ID":106773840,"yr":2018,"dt":"2018-03-03T10:40:00","WOJ":22,"sev":1,"c":[255,255,0,160],"dmg":1,"sli":1,"ser":0,"fat":0,"row":-1,"mot":-1,"pie":1,"uto":-1,"uwr":-1},"geometry":{"type":"Point","coordinates":[18.506667,54.261667]}},{"type":"Feature","properties":{"ID":106773633,"yr":2018,"dt":"2018-03-04T11:30:00","WOJ":22,"sev":1,"c":[255,255,0,160],"dmg":2,"sli":1,"ser":0,"fat":0,"row":-1,"mot":-1,"pie":-1,"uto":-1,"uwr":-1},"geometry":{"type":"Point","coordinates":[18.7775,54.091667]}},{"type":"Feature","properties":{"ID":106775063,"yr":2018,"dt":"2018-03-04T18:20:00","WOJ":22,"sev":1,"c":[255,255,0,160],"dmg":0,"sli":1,"ser":0,"fat":0,"row":-1,"mot":-1,"pie":-1,"uto":-1,"uwr":-1},"geometry":{"type":"Point","coordinates":[18.661944,54.395278]}},{"type":"Feature","properties":{"ID":106775085,"yr":2018,"dt":"2018-03-05T07:15:00","WOJ":22,"sev":1,"c":[255,255,0,160],"dmg":1,"sli":1,"ser":0,"fat":0,"row":-1,"mot":-1,"pie":1,"uto":-1,"uwr":-1},"geometry":{"type":"Point","coordinates":[18.651111,54.353056]}},{"type":"Feature","properties":{"ID":106777098,"yr":2018,"dt":"2018-03-05T17:20:00","WOJ":22,"sev":1,"c":[255,255,0,160],"dmg":3,"sli":1,"ser":0,"fat":0,"row":-1,"mot":-1,"pie":-1,"uto":-1,"uwr":-1},"geometry":{"type":"Point","coordinates":[18.802778,54.089167]}},{"type":"Feature","properties":{"ID":106790727,"yr":2018,"dt":"2018-03-05T11:00:00","WOJ":22,"sev":1,"c":[255,255,0,160],"dmg":1,"sli":1,"ser":0,"fat":0,"row":-1,"mot":-1,"pie":1,"uto":-1,"uwr":-1},"geometry":{"type":"Point","coordinates":[17.019667,54.467306]}},{"type":"Feature","properties":{"ID":106779735,"yr":2018,"dt":"2018-03-06T08:05:00","WOJ":22,"sev":1,"c":[255,255,0,160],"dmg":2,"sli":1,"ser":0,"fat":0,"row":-1,"mot":-1,"pie":-1,"uto":-1,"uwr":-1},"geometry":{"type":"Point","coordinates":[18.536972,53.971389]}},{"type":"Feature","properties":{"ID":106780743,"yr":2018,"dt":"2018-03-06T13:40:00","WOJ":22,"sev":1,"c":[255,255,0,160],"dmg":2,"sli":1,"ser":0,"fat":0,"row":-1,"mot":-1,"pie":0,"uto":-1,"uwr":-1},"geometry":{"type":"Point","coordinates":[17.022528,54.46725]}},{"type":"Feature","properties":{"ID":106777653,"yr":2018,"dt":"2018-03-06T10:50:00","WOJ":22,"sev":1,"c":[255,255,0,160],"dmg":1,"sli":1,"ser":0,"fat":0,"row":-1,"mot":-1,"pie":1,"uto":-1,"uwr":-1},"geometry":{"type":"Point","coordinates":[18.786111,54.09]}},{"type":"Feature","properties":{"ID":107399472,"yr":2018,"dt":"2018-10-24T15:45:00","WOJ":22,"sev":1,"c":[255,255,0,160],"dmg":2,"sli":1,"ser":0,"fat":0,"row":-1,"mot":-1,"pie":-1,"uto":-1,"uwr":-1},"geometry":{"type":"Point","coordinates":[18.586278,54.292111]}},{"type":"Feature","properties":{"ID":106782596,"yr":2018,"dt":"2018-03-07T16:40:00","WOJ":22,"sev":1,"c":[255,255,0,160],"dmg":1,"sli":1,"ser":0,"fat":0,"row":-1,"mot":-1,"pie":1,"uto":-1,"uwr":-1},"geometry":{"type":"Point","coordinates":[18.593611,54.327222]}},{"type":"Feature","properties":{"ID":106781860,"yr":2018,"dt":"2018-03-07T07:40:00","WOJ":22,"sev":1,"c":[255,255,0,160],"dmg":0,"sli":2,"ser":0,"fat":0,"row":-1,"mot":-1,"pie":-1,"uto":-1,"uwr":-1},"geometry":{"type":"Point","coordinates":[18.263333,53.967222]}},{"type":"Feature","properties":{"ID":106781799,"yr":2018,"dt":"2018-03-07T07:00:00","WOJ":22,"sev":1,"c":[255,255,0,160],"dmg":0,"sli":1,"ser":0,"fat":0,"row":-1,"mot":-1,"pie":-1,"uto":-1,"uwr":-1},"geometry":{"type":"Point","coordinates":[18.625556,54.096944]}},{"type":"Feature","properties":{"ID":106783125,"yr":2018,"dt":"2018-03-07T13:52:00","WOJ":22,"sev":1,"c":[255,255,0,160],"dmg":1,"sli":1,"ser":0,"fat":0,"row":-1,"mot":-1,"pie":-1,"uto":-1,"uwr":-1},"geometry":{"type":"Point","coordinates":[17.15352,53.83379]}},{"type":"Feature","properties":{"ID":106782240,"yr":2018,"dt":"2018-03-07T11:55:00","WOJ":22,"sev":1,"c":[255,255,0,160],"dmg":2,"sli":2,"ser":0,"fat":0,"row":-1,"mot":-1,"pie":-1,"uto":-1,"uwr":-1},"geometry":{"type":"Point","coordinates":[17.561111,53.688611]}},{"type":"Feature","properties":{"ID":106783077,"yr":2018,"dt":"2018-03-07T16:40:00","WOJ":22,"sev":1,"c":[255,255,0,160],"dmg":1,"sli":1,"ser":0,"fat":0,"row":-1,"mot":-1,"pie":-1,"uto":-1,"uwr":-1},"geometry":{"type":"Point","coordinates":[18.098333,54.184722]}},{"type":"Feature","properties":{"ID":106786302,"yr":2018,"dt":"2018-03-08T17:30:00","WOJ":22,"sev":1,"c":[255,255,0,160],"dmg":1,"sli":1,"ser":0,"fat":0,"row":-1,"mot":-1,"pie":-1,"uto":-1,"uwr":-1},"geometry":{"type":"Point","coordinates":[18.703056,54.093889]}},{"type":"Feature","properties":{"ID":106785597,"yr":2018,"dt":"2018-03-08T15:25:00","WOJ":22,"sev":1,"c":[255,255,0,160],"dmg":1,"sli":1,"ser":0,"fat":0,"row":-1,"mot":-1,"pie":1,"uto":-1,"uwr":-1},"geometry":{"type":"Point","coordinates":[18.173889,54.398333]}},{"type":"Feature","properties":{"ID":106865997,"yr":2018,"dt":"2018-03-08T19:00:00","WOJ":22,"sev":1,"c":[255,255,0,160],"dmg":1,"sli":2,"ser":0,"fat":0,"row":-1,"mot":-1,"pie":1,"uto":-1,"uwr":-1},"geometry":{"type":"Point","coordinates":[18.721111,54.134444]}},{"type":"Feature","properties":{"ID":107403056,"yr":2018,"dt":"2018-10-24T20:15:00","WOJ":22,"sev":1,"c":[255,255,0,160],"dmg":1,"sli":1,"ser":0,"fat":0,"row":1,"mot":-1,"pie":-1,"uto":-1,"uwr":-1},"geometry":{"type":"Point","coordinates":[18.346944,53.961889]}},{"type":"Feature","properties":{"ID":106785640,"yr":2018,"dt":"2018-03-08T16:46:00","WOJ":22,"sev":1,"c":[255,255,0,160],"dmg":1,"sli":1,"ser":0,"fat":0,"row":-1,"mot":1,"pie":-1,"uto":-1,"uwr":-1},"geometry":{"type":"Point","coordinates":[17.499167,54.180833]}},{"type":"Feature","properties":{"ID":106786118,"yr":2018,"dt":"2018-03-08T19:42:00","WOJ":22,"sev":1,"c":[255,255,0,160],"dmg":1,"sli":1,"ser":0,"fat":0,"row":-1,"mot":-1,"pie":1,"uto":-1,"uwr":-1},"geometry":{"type":"Point","coordinates":[17.031361,54.010833]}},{"type":"Feature","properties":{"ID":107402054,"yr":2018,"dt":"2018-10-25T14:45:00","WOJ":22,"sev":1,"c":[255,255,0,160],"dmg":0,"sli":1,"ser":0,"fat":0,"row":-1,"mot":-1,"pie":-1,"uto":-1,"uwr":-1},"geometry":{"type":"Point","coordinates":[18.298528,54.159028]}},{"type":"Feature","properties":{"ID":106788143,"yr":2018,"dt":"2018-03-09T21:25:00","WOJ":22,"sev":1,"c":[255,255,0,160],"dmg":0,"sli":2,"ser":0,"fat":0,"row":-1,"mot":-1,"pie":-1,"uto":-1,"uwr":-1},"geometry":{"type":"Point","coordinates":[17.864722,54.129722]}},{"type":"Feature","properties":{"ID":106799646,"yr":2018,"dt":"2018-03-09T10:30:00","WOJ":22,"sev":1,"c":[255,255,0,160],"dmg":1,"sli":1,"ser":0,"fat":0,"row":1,"mot":-1,"pie":-1,"uto":-1,"uwr":-1},"geometry":{"type":"Point","coordinates":[17.718333,53.886667]}},{"type":"Feature","properties":{"ID":106788866,"yr":2018,"dt":"2018-03-09T18:20:00","WOJ":22,"sev":1,"c":[255,255,0,160],"dmg":1,"sli":1,"ser":0,"fat":0,"row":1,"mot":-1,"pie":-1,"uto":-1,"uwr":-1},"geometry":{"type":"Point","coordinates":[19.041278,54.035111]}},{"type":"Feature","properties":{"ID":106787841,"yr":2018,"dt":"2018-03-09T14:50:00","WOJ":22,"sev":1,"c":[255,255,0,160],"dmg":1,"sli":1,"ser":0,"fat":0,"row":-1,"mot":-1,"pie":-1,"uto":-1,"uwr":-1},"geometry":{"type":"Point","coordinates":[17.32225,54.102167]}},{"type":"Feature","properties":{"ID":106786824,"yr":2018,"dt":"2018-03-09T01:10:00","WOJ":22,"sev":1,"c":[255,255,0,160],"dmg":0,"sli":1,"ser":0,"fat":0,"row":-1,"mot":-1,"pie":-1,"uto":-1,"uwr":-1},"geometry":{"type":"Point","coordinates":[18.655,53.878056]}},{"type":"Feature","properties":{"ID":106787312,"yr":2018,"dt":"2018-03-09T07:35:00","WOJ":22,"sev":1,"c":[255,255,0,160],"dmg":0,"sli":1,"ser":0,"fat":0,"row":-1,"mot":-1,"pie":-1,"uto":-1,"uwr":-1},"geometry":{"type":"Point","coordinates":[18.050556,54.088333]}},{"type":"Feature","properties":{"ID":106789119,"yr":2018,"dt":"2018-03-10T09:10:00","WOJ":22,"sev":1,"c":[255,255,0,160],"dmg":2,"sli":1,"ser":0,"fat":0,"row":-1,"mot":-1,"pie":-1,"uto":-1,"uwr":-1},"geometry":{"type":"Point","coordinates":[17.904167,54.050833]}},{"type":"Feature","properties":{"ID":107437349,"yr":2018,"dt":"2018-10-25T15:00:00","WOJ":22,"sev":1,"c":[255,255,0,160],"dmg":1,"sli":1,"ser":0,"fat":0,"row":1,"mot":-1,"pie":-1,"uto":-1,"uwr":-1},"geometry":{"type":"Point","coordinates":[18.597222,54.383611]}},{"type":"Feature","properties":{"ID":107402243,"yr":2018,"dt":"2018-10-25T17:05:00","WOJ":22,"sev":1,"c":[255,255,0,160],"dmg":1,"sli":1,"ser":0,"fat":0,"row":-1,"mot":-1,"pie":1,"uto":-1,"uwr":-1},"geometry":{"type":"Point","coordinates":[18.602222,54.3475]}},{"type":"Feature","properties":{"ID":106789162,"yr":2018,"dt":"2018-03-10T11:40:00","WOJ":22,"sev":1,"c":[255,255,0,160],"dmg":1,"sli":1,"ser":0,"fat":0,"row":-1,"mot":-1,"pie":-1,"uto":-1,"uwr":-1},"geometry":{"type":"Point","coordinates":[18.611389,54.271944]}},{"type":"Feature","properties":{"ID":106790385,"yr":2018,"dt":"2018-03-11T17:57:00","WOJ":22,"sev":1,"c":[255,255,0,160],"dmg":0,"sli":3,"ser":0,"fat":0,"row":-1,"mot":-1,"pie":-1,"uto":-1,"uwr":-1},"geometry":{"type":"Point","coordinates":[17.920278,54.061111]}},{"type":"Feature","properties":{"ID":106790129,"yr":2018,"dt":"2018-03-11T13:45:00","WOJ":22,"sev":1,"c":[255,255,0,160],"dmg":2,"sli":1,"ser":0,"fat":0,"row":-1,"mot":-1,"pie":-1,"uto":-1,"uwr":-1},"geometry":{"type":"Point","coordinates":[18.659722,54.269722]}},{"type":"Feature","properties":{"ID":106792421,"yr":2018,"dt":"2018-03-12T18:00:00","WOJ":22,"sev":1,"c":[255,255,0,160],"dmg":1,"sli":1,"ser":0,"fat":0,"row":-1,"mot":-1,"pie":1,"uto":-1,"uwr":-1},"geometry":{"type":"Point","coordinates":[18.591389,54.408333]}},{"type":"Feature","properties":{"ID":106791302,"yr":2018,"dt":"2018-03-12T16:45:00","WOJ":22,"sev":1,"c":[255,255,0,160],"dmg":1,"sli":2,"ser":0,"fat":0,"row":-1,"mot":-1,"pie":-1,"uto":-1,"uwr":-1},"geometry":{"type":"Point","coordinates":[18.608889,54.340278]}},{"type":"Feature","properties":{"ID":106791220,"yr":2018,"dt":"2018-03-12T09:16:00","WOJ":22,"sev":1,"c":[255,255,0,160],"dmg":1,"sli":1,"ser":0,"fat":0,"row":-1,"mot":-1,"pie":1,"uto":-1,"uwr":-1},"geometry":{"type":"Point","coordinates":[19.063444,54.036806]}},{"type":"Feature","properties":{"ID":106791107,"yr":2018,"dt":"2018-03-12T13:45:00","WOJ":22,"sev":1,"c":[255,255,0,160],"dmg":3,"sli":1,"ser":0,"fat":0,"row":-1,"mot":-1,"pie":-1,"uto":-1,"uwr":-1},"geometry":{"type":"Point","coordinates":[18.635556,54.260556]}},{"type":"Feature","properties":{"ID":106791001,"yr":2018,"dt":"2018-03-12T09:15:00","WOJ":22,"sev":1,"c":[255,255,0,160],"dmg":0,"sli":2,"ser":0,"fat":0,"row":-1,"mot":-1,"pie":-1,"uto":-1,"uwr":-1},"geometry":{"type":"Point","coordinates":[18.802222,54.24]}},{"type":"Feature","properties":{"ID":107402258,"yr":2018,"dt":"2018-10-25T15:32:00","WOJ":22,"sev":1,"c":[255,255,0,160],"dmg":1,"sli":2,"ser":0,"fat":0,"row":-1,"mot":-1,"pie":-1,"uto":-1,"uwr":-1},"geometry":{"type":"Point","coordinates":[16.937222,53.969917]}},{"type":"Feature","properties":{"ID":106792040,"yr":2018,"dt":"2018-03-12T09:50:00","WOJ":22,"sev":1,"c":[255,255,0,160],"dmg":1,"sli":1,"ser":0,"fat":0,"row":1,"mot":-1,"pie":-1,"uto":-1,"uwr":-1},"geometry":{"type":"Point","coordinates":[18.926389,53.716167]}},{"type":"Feature","properties":{"ID":107402934,"yr":2018,"dt":"2018-10-25T15:40:00","WOJ":22,"sev":1,"c":[255,255,0,160],"dmg":1,"sli":1,"ser":0,"fat":0,"row":-1,"mot":-1,"pie":-1,"uto":-1,"uwr":-1},"geometry":{"type":"Point","coordinates":[18.416944,54.553139]}},{"type":"Feature","properties":{"ID":106796921,"yr":2018,"dt":"2018-03-13T10:45:00","WOJ":22,"sev":1,"c":[255,255,0,160],"dmg":2,"sli":1,"ser":0,"fat":0,"row":-1,"mot":-1,"pie":-1,"uto":-1,"uwr":-1},"geometry":{"type":"Point","coordinates":[18.561389,54.434444]}},{"type":"Feature","properties":{"ID":106793365,"yr":2018,"dt":"2018-03-13T18:30:00","WOJ":22,"sev":1,"c":[255,255,0,160],"dmg":1,"sli":1,"ser":0,"fat":0,"row":-1,"mot":-1,"pie":1,"uto":-1,"uwr":-1},"geometry":{"type":"Point","coordinates":[18.930528,53.733056]}},{"type":"Feature","properties":{"ID":107402593,"yr":2018,"dt":"2018-10-25T11:10:00","WOJ":22,"sev":1,"c":[255,255,0,160],"dmg":1,"sli":1,"ser":0,"fat":0,"row":-1,"mot":-1,"pie":-1,"uto":-1,"uwr":-1},"geometry":{"type":"Point","coordinates":[18.541111,54.549444]}},{"type":"Feature","properties":{"ID":107404790,"yr":2018,"dt":"2018-10-26T17:40:00","WOJ":22,"sev":1,"c":[255,255,0,160],"dmg":1,"sli":1,"ser":0,"fat":0,"row":1,"mot":-1,"pie":-1,"uto":-1,"uwr":-1},"geometry":{"type":"Point","coordinates":[19.055889,54.020694]}},{"type":"Feature","properties":{"ID":106796319,"yr":2018,"dt":"2018-03-14T15:25:00","WOJ":22,"sev":1,"c":[255,255,0,160],"dmg":1,"sli":1,"ser":0,"fat":0,"row":-1,"mot":-1,"pie":1,"uto":-1,"uwr":-1},"geometry":{"type":"Point","coordinates":[17.972222,54.125833]}},{"type":"Feature","properties":{"ID":106795543,"yr":2018,"dt":"2018-03-14T17:13:00","WOJ":22,"sev":1,"c":[255,255,0,160],"dmg":1,"sli":1,"ser":0,"fat":0,"row":-1,"mot":-1,"pie":1,"uto":-1,"uwr":-1},"geometry":{"type":"Point","coordinates":[18.509444,54.498056]}},{"type":"Feature","properties":{"ID":106795939,"yr":2018,"dt":"2018-03-14T08:10:00","WOJ":22,"sev":1,"c":[255,255,0,160],"dmg":1,"sli":1,"ser":0,"fat":0,"row":-1,"mot":-1,"pie":1,"uto":-1,"uwr":-1},"geometry":{"type":"Point","coordinates":[17.020222,54.467306]}},{"type":"Feature","properties":{"ID":106798130,"yr":2018,"dt":"2018-03-15T17:00:00","WOJ":22,"sev":1,"c":[255,255,0,160],"dmg":1,"sli":1,"ser":0,"fat":0,"row":-1,"mot":-1,"pie":1,"uto":-1,"uwr":-1},"geometry":{"type":"Point","coordinates":[18.373667,54.575472]}},{"type":"Feature","properties":{"ID":106868243,"yr":2018,"dt":"2018-03-15T12:00:00","WOJ":22,"sev":1,"c":[255,255,0,160],"dmg":1,"sli":1,"ser":0,"fat":0,"row":1,"mot":-1,"pie":-1,"uto":-1,"uwr":-1},"geometry":{"type":"Point","coordinates":[18.411306,54.718028]}},{"type":"Feature","properties":{"ID":106798015,"yr":2018,"dt":"2018-03-15T14:55:00","WOJ":22,"sev":1,"c":[255,255,0,160],"dmg":1,"sli":1,"ser":0,"fat":0,"row":-1,"mot":-1,"pie":1,"uto":-1,"uwr":-1},"geometry":{"type":"Point","coordinates":[19.221222,54.057861]}},{"type":"Feature","properties":{"ID":107405015,"yr":2018,"dt":"2018-10-26T17:15:00","WOJ":22,"sev":1,"c":[255,255,0,160],"dmg":1,"sli":1,"ser":0,"fat":0,"row":-1,"mot":-1,"pie":-1,"uto":-1,"uwr":-1},"geometry":{"type":"Point","coordinates":[18.113472,54.398056]}},{"type":"Feature","properties":{"ID":106798549,"yr":2018,"dt":"2018-03-16T05:10:00","WOJ":22,"sev":1,"c":[255,255,0,160],"dmg":1,"sli":2,"ser":0,"fat":0,"row":-1,"mot":-1,"pie":-1,"uto":-1,"uwr":-1},"geometry":{"type":"Point","coordinates":[18.564167,54.421944]}},{"type":"Feature","properties":{"ID":106800640,"yr":2018,"dt":"2018-03-16T21:30:00","WOJ":22,"sev":1,"c":[255,255,0,160],"dmg":1,"sli":1,"ser":0,"fat":0,"row":-1,"mot":-1,"pie":-1,"uto":-1,"uwr":-1},"geometry":{"type":"Point","coordinates":[18.588056,54.389167]}},{"type":"Feature","properties":{"ID":106800374,"yr":2018,"dt":"2018-03-16T16:10:00","WOJ":22,"sev":1,"c":[255,255,0,160],"dmg":2,"sli":1,"ser":0,"fat":0,"row":-1,"mot":-1,"pie":-1,"uto":-1,"uwr":-1},"geometry":{"type":"Point","coordinates":[18.693611,54.358333]}},{"type":"Feature","properties":{"ID":106806342,"yr":2018,"dt":"2018-03-16T16:30:00","WOJ":22,"sev":1,"c":[255,255,0,160],"dmg":1,"sli":1,"ser":0,"fat":0,"row":-1,"mot":1,"pie":-1,"uto":-1,"uwr":-1},"geometry":{"type":"Point","coordinates":[17.006806,54.461917]}},{"type":"Feature","properties":{"ID":106800454,"yr":2018,"dt":"2018-03-16T16:34:00","WOJ":22,"sev":1,"c":[255,255,0,160],"dmg":1,"sli":2,"ser":0,"fat":0,"row":-1,"mot":-1,"pie":-1,"uto":-1,"uwr":-1},"geometry":{"type":"Point","coordinates":[19.044944,54.024972]}},{"type":"Feature","properties":{"ID":106799664,"yr":2018,"dt":"2018-03-16T10:25:00","WOJ":22,"sev":1,"c":[255,255,0,160],"dmg":2,"sli":1,"ser":0,"fat":0,"row":-1,"mot":-1,"pie":-1,"uto":-1,"uwr":-1},"geometry":{"type":"Point","coordinates":[18.387222,54.427056]}},{"type":"Feature","properties":{"ID":107402600,"yr":2018,"dt":"2018-10-26T07:40:00","WOJ":22,"sev":1,"c":[255,255,0,160],"dmg":1,"sli":1,"ser":0,"fat":0,"row":-1,"mot":-1,"pie":1,"uto":-1,"uwr":-1},"geometry":{"type":"Point","coordinates":[18.928056,53.726472]}},{"type":"Feature","properties":{"ID":106800722,"yr":2018,"dt":"2018-03-17T03:00:00","WOJ":22,"sev":1,"c":[255,255,0,160],"dmg":0,"sli":2,"ser":0,"fat":0,"row":-1,"mot":-1,"pie":-1,"uto":-1,"uwr":-1},"geometry":{"type":"Point","coordinates":[18.153667,54.345722]}},{"type":"Feature","properties":{"ID":106802775,"yr":2018,"dt":"2018-03-18T13:55:00","WOJ":22,"sev":1,"c":[255,255,0,160],"dmg":1,"sli":2,"ser":0,"fat":0,"row":-1,"mot":-1,"pie":-1,"uto":-1,"uwr":-1},"geometry":{"type":"Point","coordinates":[18.98,54.249167]}},{"type":"Feature","properties":{"ID":106803257,"yr":2018,"dt":"2018-03-18T19:40:00","WOJ":22,"sev":1,"c":[255,255,0,160],"dmg":1,"sli":1,"ser":0,"fat":0,"row":-1,"mot":-1,"pie":-1,"uto":-1,"uwr":-1},"geometry":{"type":"Point","coordinates":[18.801667,54.161944]}},{"type":"Feature","properties":{"ID":106803145,"yr":2018,"dt":"2018-03-18T11:00:00","WOJ":22,"sev":1,"c":[255,255,0,160],"dmg":0,"sli":1,"ser":0,"fat":0,"row":-1,"mot":-1,"pie":-1,"uto":-1,"uwr":-1},"geometry":{"type":"Point","coordinates":[18.383778,54.47275]}},{"type":"Feature","properties":{"ID":106803950,"yr":2018,"dt":"2018-03-18T19:42:00","WOJ":22,"sev":1,"c":[255,255,0,160],"dmg":1,"sli":1,"ser":0,"fat":0,"row":-1,"mot":-1,"pie":-1,"uto":-1,"uwr":-1},"geometry":{"type":"Point","coordinates":[18.146944,54.344444]}},{"type":"Feature","properties":{"ID":107410077,"yr":2018,"dt":"2018-10-26T09:15:00","WOJ":22,"sev":1,"c":[255,255,0,160],"dmg":1,"sli":1,"ser":0,"fat":0,"row":-1,"mot":-1,"pie":1,"uto":-1,"uwr":-1},"geometry":{"type":"Point","coordinates":[17.566389,53.693611]}},{"type":"Feature","properties":{"ID":106804544,"yr":2018,"dt":"2018-03-19T09:10:00","WOJ":22,"sev":1,"c":[255,255,0,160],"dmg":4,"sli":1,"ser":0,"fat":0,"row":-1,"mot":-1,"pie":-1,"uto":-1,"uwr":-1},"geometry":{"type":"Point","coordinates":[18.41275,53.932417]}},{"type":"Feature","properties":{"ID":106804560,"yr":2018,"dt":"2018-03-19T12:44:00","WOJ":22,"sev":1,"c":[255,255,0,160],"dmg":2,"sli":2,"ser":0,"fat":0,"row":-1,"mot":-1,"pie":-1,"uto":-1,"uwr":-1},"geometry":{"type":"Point","coordinates":[18.531389,54.514722]}},{"type":"Feature","properties":{"ID":106805983,"yr":2018,"dt":"2018-03-19T16:40:00","WOJ":22,"sev":1,"c":[255,255,0,160],"dmg":1,"sli":1,"ser":0,"fat":0,"row":-1,"mot":-1,"pie":1,"uto":-1,"uwr":-1},"geometry":{"type":"Point","coordinates":[17.976111,54.124444]}},{"type":"Feature","properties":{"ID":106803635,"yr":2018,"dt":"2018-03-19T10:00:00","WOJ":22,"sev":1,"c":[255,255,0,160],"dmg":1,"sli":1,"ser":0,"fat":0,"row":-1,"mot":-1,"pie":-1,"uto":-1,"uwr":-1},"geometry":{"type":"Point","coordinates":[18.465694,54.269639]}},{"type":"Feature","properties":{"ID":106805011,"yr":2018,"dt":"2018-03-19T15:00:00","WOJ":22,"sev":1,"c":[255,255,0,160],"dmg":1,"sli":1,"ser":0,"fat":0,"row":-1,"mot":-1,"pie":1,"uto":-1,"uwr":-1},"geometry":{"type":"Point","coordinates":[18.924167,53.730167]}},{"type":"Feature","properties":{"ID":106805269,"yr":2018,"dt":"2018-03-19T17:20:00","WOJ":22,"sev":1,"c":[255,255,0,160],"dmg":3,"sli":1,"ser":0,"fat":0,"row":-1,"mot":-1,"pie":-1,"uto":-1,"uwr":-1},"geometry":{"type":"Point","coordinates":[18.12275,54.595417]}},{"type":"Feature","properties":{"ID":106803431,"yr":2018,"dt":"2018-03-19T09:20:00","WOJ":22,"sev":1,"c":[255,255,0,160],"dmg":2,"sli":1,"ser":0,"fat":0,"row":-1,"mot":-1,"pie":-1,"uto":-1,"uwr":-1},"geometry":{"type":"Point","coordinates":[18.553333,54.305833]}},{"type":"Feature","properties":{"ID":106806864,"yr":2018,"dt":"2018-03-20T13:50:00","WOJ":22,"sev":1,"c":[255,255,0,160],"dmg":1,"sli":1,"ser":0,"fat":0,"row":-1,"mot":-1,"pie":-1,"uto":-1,"uwr":-1},"geometry":{"type":"Point","coordinates":[18.716944,54.3475]}},{"type":"Feature","properties":{"ID":106806868,"yr":2018,"dt":"2018-03-20T11:10:00","WOJ":22,"sev":1,"c":[255,255,0,160],"dmg":1,"sli":2,"ser":0,"fat":0,"row":-1,"mot":-1,"pie":-1,"uto":-1,"uwr":-1},"geometry":{"type":"Point","coordinates":[17.238806,54.236222]}},{"type":"Feature","properties":{"ID":106806977,"yr":2018,"dt":"2018-03-20T14:00:00","WOJ":22,"sev":1,"c":[255,255,0,160],"dmg":1,"sli":1,"ser":0,"fat":0,"row":-1,"mot":-1,"pie":-1,"uto":-1,"uwr":-1},"geometry":{"type":"Point","coordinates":[18.566944,54.373889]}},{"type":"Feature","properties":{"ID":106806900,"yr":2018,"dt":"2018-03-20T09:25:00","WOJ":22,"sev":1,"c":[255,255,0,160],"dmg":2,"sli":2,"ser":0,"fat":0,"row":-1,"mot":-1,"pie":-1,"uto":-1,"uwr":-1},"geometry":{"type":"Point","coordinates":[17.77,54.513333]}},{"type":"Feature","properties":{"ID":106806709,"yr":2018,"dt":"2018-03-20T17:55:00","WOJ":22,"sev":1,"c":[255,255,0,160],"dmg":1,"sli":1,"ser":0,"fat":0,"row":-1,"mot":-1,"pie":-1,"uto":-1,"uwr":-1},"geometry":{"type":"Point","coordinates":[18.6025,54.394722]}},{"type":"Feature","properties":{"ID":106808475,"yr":2018,"dt":"2018-03-21T11:40:00","WOJ":22,"sev":1,"c":[255,255,0,160],"dmg":1,"sli":1,"ser":0,"fat":0,"row":-1,"mot":-1,"pie":-1,"uto":-1,"uwr":-1},"geometry":{"type":"Point","coordinates":[18.608333,54.326111]}},{"type":"Feature","properties":{"ID":107405009,"yr":2018,"dt":"2018-10-26T15:00:00","WOJ":22,"sev":1,"c":[255,255,0,160],"dmg":0,"sli":2,"ser":0,"fat":0,"row":-1,"mot":-1,"pie":-1,"uto":-1,"uwr":-1},"geometry":{"type":"Point","coordinates":[18.350056,54.212556]}},{"type":"Feature","properties":{"ID":106810559,"yr":2018,"dt":"2018-03-22T19:05:00","WOJ":22,"sev":1,"c":[255,255,0,160],"dmg":2,"sli":1,"ser":0,"fat":0,"row":-1,"mot":-1,"pie":-1,"uto":-1,"uwr":-1},"geometry":{"type":"Point","coordinates":[18.600278,54.308333]}},{"type":"Feature","properties":{"ID":106810034,"yr":2018,"dt":"2018-03-22T09:20:00","WOJ":22,"sev":1,"c":[255,255,0,160],"dmg":1,"sli":1,"ser":0,"fat":0,"row":-1,"mot":-1,"pie":-1,"uto":-1,"uwr":-1},"geometry":{"type":"Point","coordinates":[18.621389,54.373611]}},{"type":"Feature","properties":{"ID":106809415,"yr":2018,"dt":"2018-03-22T07:50:00","WOJ":22,"sev":1,"c":[255,255,0,160],"dmg":1,"sli":1,"ser":0,"fat":0,"row":-1,"mot":-1,"pie":-1,"uto":-1,"uwr":-1},"geometry":{"type":"Point","coordinates":[19.327722,53.936667]}},{"type":"Feature","properties":{"ID":106813651,"yr":2018,"dt":"2018-03-22T19:00:00","WOJ":22,"sev":1,"c":[255,255,0,160],"dmg":1,"sli":1,"ser":0,"fat":0,"row":-1,"mot":-1,"pie":-1,"uto":-1,"uwr":-1},"geometry":{"type":"Point","coordinates":[18.4475,54.378889]}},{"type":"Feature","properties":{"ID":106810917,"yr":2018,"dt":"2018-03-22T17:13:00","WOJ":22,"sev":1,"c":[255,255,0,160],"dmg":1,"sli":1,"ser":0,"fat":0,"row":-1,"mot":-1,"pie":-1,"uto":-1,"uwr":-1},"geometry":{"type":"Point","coordinates":[18.405389,53.932611]}},{"type":"Feature","properties":{"ID":107406251,"yr":2018,"dt":"2018-10-27T06:20:00","WOJ":22,"sev":1,"c":[255,255,0,160],"dmg":1,"sli":1,"ser":0,"fat":0,"row":-1,"mot":-1,"pie":-1,"uto":-1,"uwr":-1},"geometry":{"type":"Point","coordinates":[18.041111,54.125278]}},{"type":"Feature","properties":{"ID":106870929,"yr":2018,"dt":"2018-03-22T07:15:00","WOJ":22,"sev":1,"c":[255,255,0,160],"dmg":0,"sli":1,"ser":0,"fat":0,"row":-1,"mot":-1,"pie":-1,"uto":-1,"uwr":-1},"geometry":{"type":"Point","coordinates":[15.074167,54.138056]}},{"type":"Feature","properties":{"ID":106811071,"yr":2018,"dt":"2018-03-22T14:30:00","WOJ":22,"sev":1,"c":[255,255,0,160],"dmg":1,"sli":1,"ser":0,"fat":0,"row":-1,"mot":-1,"pie":1,"uto":-1,"uwr":-1},"geometry":{"type":"Point","coordinates":[18.453889,54.459167]}},{"type":"Feature","properties":{"ID":106810938,"yr":2018,"dt":"2018-03-22T18:40:00","WOJ":22,"sev":1,"c":[255,255,0,160],"dmg":2,"sli":2,"ser":0,"fat":0,"row":-1,"mot":-1,"pie":-1,"uto":-1,"uwr":-1},"geometry":{"type":"Point","coordinates":[18.586389,54.3325]}},{"type":"Feature","properties":{"ID":106812485,"yr":2018,"dt":"2018-03-23T16:43:00","WOJ":22,"sev":1,"c":[255,255,0,160],"dmg":1,"sli":1,"ser":0,"fat":0,"row":-1,"mot":1,"pie":-1,"uto":-1,"uwr":-1},"geometry":{"type":"Point","coordinates":[18.518056,54.5325]}},{"type":"Feature","properties":{"ID":106812289,"yr":2018,"dt":"2018-03-23T14:20:00","WOJ":22,"sev":1,"c":[255,255,0,160],"dmg":1,"sli":1,"ser":0,"fat":0,"row":-1,"mot":-1,"pie":1,"uto":-1,"uwr":-1},"geometry":{"type":"Point","coordinates":[18.643056,54.406389]}},{"type":"Feature","properties":{"ID":106811670,"yr":2018,"dt":"2018-03-23T20:30:00","WOJ":22,"sev":1,"c":[255,255,0,160],"dmg":1,"sli":2,"ser":0,"fat":0,"row":-1,"mot":-1,"pie":1,"uto":-1,"uwr":-1},"geometry":{"type":"Point","coordinates":[18.53075,53.971917]}},{"type":"Feature","properties":{"ID":107405412,"yr":2018,"dt":"2018-10-27T20:25:00","WOJ":22,"sev":1,"c":[255,255,0,160],"dmg":1,"sli":1,"ser":0,"fat":0,"row":-1,"mot":-1,"pie":1,"uto":-1,"uwr":-1},"geometry":{"type":"Point","coordinates":[19.088333,54.005306]}},{"type":"Feature","properties":{"ID":106812591,"yr":2018,"dt":"2018-03-23T19:45:00","WOJ":22,"sev":1,"c":[255,255,0,160],"dmg":1,"sli":1,"ser":0,"fat":0,"row":-1,"mot":-1,"pie":-1,"uto":-1,"uwr":-1},"geometry":{"type":"Point","coordinates":[18.591389,54.351667]}},{"type":"Feature","properties":{"ID":106812622,"yr":2018,"dt":"2018-03-23T22:20:00","WOJ":22,"sev":1,"c":[255,255,0,160],"dmg":0,"sli":3,"ser":0,"fat":0,"row":-1,"mot":-1,"pie":-1,"uto":-1,"uwr":-1},"geometry":{"type":"Point","coordinates":[18.207,54.288333]}},{"type":"Feature","properties":{"ID":106811727,"yr":2018,"dt":"2018-03-23T21:00:00","WOJ":22,"sev":1,"c":[255,255,0,160],"dmg":0,"sli":1,"ser":0,"fat":0,"row":-1,"mot":-1,"pie":-1,"uto":-1,"uwr":-1},"geometry":{"type":"Point","coordinates":[18.089389,54.537028]}},{"type":"Feature","properties":{"ID":106812437,"yr":2018,"dt":"2018-03-23T17:50:00","WOJ":22,"sev":1,"c":[255,255,0,160],"dmg":0,"sli":1,"ser":0,"fat":0,"row":-1,"mot":-1,"pie":-1,"uto":-1,"uwr":-1},"geometry":{"type":"Point","coordinates":[18.631111,54.346389]}},{"type":"Feature","properties":{"ID":106814225,"yr":2018,"dt":"2018-03-24T22:10:00","WOJ":22,"sev":1,"c":[255,255,0,160],"dmg":1,"sli":1,"ser":0,"fat":0,"row":-1,"mot":-1,"pie":-1,"uto":-1,"uwr":-1},"geometry":{"type":"Point","coordinates":[19.148028,53.868611]}},{"type":"Feature","properties":{"ID":106814344,"yr":2018,"dt":"2018-03-25T13:45:00","WOJ":22,"sev":1,"c":[255,255,0,160],"dmg":1,"sli":1,"ser":0,"fat":0,"row":-1,"mot":-1,"pie":1,"uto":-1,"uwr":-1},"geometry":{"type":"Point","coordinates":[18.580833,54.389167]}},{"type":"Feature","properties":{"ID":106814237,"yr":2018,"dt":"2018-03-25T01:30:00","WOJ":22,"sev":1,"c":[255,255,0,160],"dmg":0,"sli":2,"ser":0,"fat":0,"row":-1,"mot":-1,"pie":-1,"uto":-1,"uwr":-1},"geometry":{"type":"Point","coordinates":[18.5875,53.995833]}},{"type":"Feature","properties":{"ID":107411548,"yr":2018,"dt":"2018-10-27T12:40:00","WOJ":22,"sev":1,"c":[255,255,0,160],"dmg":1,"sli":1,"ser":0,"fat":0,"row":1,"mot":-1,"pie":-1,"uto":-1,"uwr":-1},"geometry":{"type":"Point","coordinates":[18.575833,54.433611]}},{"type":"Feature","properties":{"ID":106820131,"yr":2018,"dt":"2018-03-26T11:50:00","WOJ":22,"sev":1,"c":[255,255,0,160],"dmg":1,"sli":1,"ser":0,"fat":0,"row":-1,"mot":-1,"pie":1,"uto":-1,"uwr":-1},"geometry":{"type":"Point","coordinates":[17.752778,54.544722]}},{"type":"Feature","properties":{"ID":106817132,"yr":2018,"dt":"2018-03-26T18:00:00","WOJ":22,"sev":1,"c":[255,255,0,160],"dmg":1,"sli":1,"ser":0,"fat":0,"row":-1,"mot":-1,"pie":-1,"uto":-1,"uwr":-1},"geometry":{"type":"Point","coordinates":[18.486667,54.411389]}},{"type":"Feature","properties":{"ID":107407007,"yr":2018,"dt":"2018-10-27T19:40:00","WOJ":22,"sev":1,"c":[255,255,0,160],"dmg":0,"sli":1,"ser":0,"fat":0,"row":-1,"mot":-1,"pie":-1,"uto":-1,"uwr":-1},"geometry":{"type":"Point","coordinates":[18.584722,54.335556]}},{"type":"Feature","properties":{"ID":106815587,"yr":2018,"dt":"2018-03-26T18:50:00","WOJ":22,"sev":1,"c":[255,255,0,160],"dmg":0,"sli":1,"ser":0,"fat":0,"row":-1,"mot":-1,"pie":-1,"uto":-1,"uwr":-1},"geometry":{"type":"Point","coordinates":[18.948861,53.626778]}},{"type":"Feature","properties":{"ID":106819848,"yr":2018,"dt":"2018-03-27T10:20:00","WOJ":22,"sev":1,"c":[255,255,0,160],"dmg":1,"sli":1,"ser":0,"fat":0,"row":-1,"mot":-1,"pie":-1,"uto":-1,"uwr":-1},"geometry":{"type":"Point","coordinates":[17.489139,54.177083]}},{"type":"Feature","properties":{"ID":106820005,"yr":2018,"dt":"2018-03-27T15:35:00","WOJ":22,"sev":1,"c":[255,255,0,160],"dmg":1,"sli":1,"ser":0,"fat":0,"row":1,"mot":-1,"pie":-1,"uto":-1,"uwr":-1},"geometry":{"type":"Point","coordinates":[18.763028,54.175417]}},{"type":"Feature","properties":{"ID":106824655,"yr":2018,"dt":"2018-03-28T15:50:00","WOJ":22,"sev":1,"c":[255,255,0,160],"dmg":2,"sli":1,"ser":0,"fat":0,"row":-1,"mot":1,"pie":-1,"uto":-1,"uwr":-1},"geometry":{"type":"Point","coordinates":[18.506389,54.287222]}},{"type":"Feature","properties":{"ID":106824281,"yr":2018,"dt":"2018-03-28T14:05:00","WOJ":22,"sev":1,"c":[255,255,0,160],"dmg":1,"sli":1,"ser":0,"fat":0,"row":-1,"mot":-1,"pie":1,"uto":-1,"uwr":-1},"geometry":{"type":"Point","coordinates":[18.667778,54.402222]}},{"type":"Feature","properties":{"ID":107412959,"yr":2018,"dt":"2018-10-27T12:30:00","WOJ":22,"sev":1,"c":[255,255,0,160],"dmg":1,"sli":2,"ser":0,"fat":0,"row":-1,"mot":-1,"pie":-1,"uto":-1,"uwr":-1},"geometry":{"type":"Point","coordinates":[18.781806,54.109139]}},{"type":"Feature","properties":{"ID":107406176,"yr":2018,"dt":"2018-10-27T00:10:00","WOJ":22,"sev":1,"c":[255,255,0,160],"dmg":0,"sli":2,"ser":0,"fat":0,"row":-1,"mot":-1,"pie":-1,"uto":-1,"uwr":-1},"geometry":{"type":"Point","coordinates":[18.415472,54.087833]}},{"type":"Feature","properties":{"ID":106824591,"yr":2018,"dt":"2018-03-28T16:50:00","WOJ":22,"sev":1,"c":[255,255,0,160],"dmg":2,"sli":1,"ser":0,"fat":0,"row":-1,"mot":-1,"pie":-1,"uto":-1,"uwr":-1},"geometry":{"type":"Point","coordinates":[18.620556,54.293056]}},{"type":"Feature","properties":{"ID":106824496,"yr":2018,"dt":"2018-03-28T15:39:00","WOJ":22,"sev":1,"c":[255,255,0,160],"dmg":2,"sli":2,"ser":0,"fat":0,"row":-1,"mot":-1,"pie":-1,"uto":-1,"uwr":-1},"geometry":{"type":"Point","coordinates":[18.524611,54.554583]}},{"type":"Feature","properties":{"ID":106824236,"yr":2018,"dt":"2018-03-28T11:30:00","WOJ":22,"sev":1,"c":[255,255,0,160],"dmg":1,"sli":1,"ser":0,"fat":0,"row":1,"mot":-1,"pie":-1,"uto":-1,"uwr":-1},"geometry":{"type":"Point","coordinates":[18.638889,54.283056]}},{"type":"Feature","properties":{"ID":106824620,"yr":2018,"dt":"2018-03-28T14:45:00","WOJ":22,"sev":1,"c":[255,255,0,160],"dmg":1,"sli":1,"ser":0,"fat":0,"row":-1,"mot":1,"pie":-1,"uto":-1,"uwr":-1},"geometry":{"type":"Point","coordinates":[18.960278,54.207778]}},{"type":"Feature","properties":{"ID":106828842,"yr":2018,"dt":"2018-03-28T18:10:00","WOJ":22,"sev":1,"c":[255,255,0,160],"dmg":1,"sli":1,"ser":0,"fat":0,"row":-1,"mot":-1,"pie":1,"uto":-1,"uwr":-1},"geometry":{"type":"Point","coordinates":[19.459861,53.861833]}},{"type":"Feature","properties":{"ID":106833859,"yr":2018,"dt":"2018-03-29T07:30:00","WOJ":22,"sev":1,"c":[255,255,0,160],"dmg":1,"sli":1,"ser":0,"fat":0,"row":-1,"mot":-1,"pie":-1,"uto":-1,"uwr":-1},"geometry":{"type":"Point","coordinates":[18.528361,53.992611]}},{"type":"Feature","properties":{"ID":106830919,"yr":2018,"dt":"2018-03-29T07:15:00","WOJ":22,"sev":1,"c":[255,255,0,160],"dmg":0,"sli":2,"ser":0,"fat":0,"row":-1,"mot":-1,"pie":-1,"uto":-1,"uwr":-1},"geometry":{"type":"Point","coordinates":[18.224167,54.133056]}},{"type":"Feature","properties":{"ID":106829600,"yr":2018,"dt":"2018-03-29T12:50:00","WOJ":22,"sev":1,"c":[255,255,0,160],"dmg":1,"sli":1,"ser":0,"fat":0,"row":-1,"mot":-1,"pie":-1,"uto":-1,"uwr":-1},"geometry":{"type":"Point","coordinates":[18.609167,54.143056]}},{"type":"Feature","properties":{"ID":107408296,"yr":2018,"dt":"2018-10-28T13:00:00","WOJ":22,"sev":1,"c":[255,255,0,160],"dmg":1,"sli":1,"ser":0,"fat":0,"row":-1,"mot":-1,"pie":-1,"uto":-1,"uwr":-1},"geometry":{"type":"Point","coordinates":[18.115722,53.766361]}},{"type":"Feature","properties":{"ID":107408116,"yr":2018,"dt":"2018-10-28T12:30:00","WOJ":22,"sev":1,"c":[255,255,0,160],"dmg":0,"sli":1,"ser":0,"fat":0,"row":-1,"mot":-1,"pie":-1,"uto":-1,"uwr":-1},"geometry":{"type":"Point","coordinates":[18.331167,54.200889]}},{"type":"Feature","properties":{"ID":106833839,"yr":2018,"dt":"2018-03-29T11:00:00","WOJ":22,"sev":1,"c":[255,255,0,160],"dmg":1,"sli":1,"ser":0,"fat":0,"row":-1,"mot":-1,"pie":1,"uto":-1,"uwr":-1},"geometry":{"type":"Point","coordinates":[18.649722,54.348333]}},{"type":"Feature","properties":{"ID":106854863,"yr":2018,"dt":"2018-03-29T16:50:00","WOJ":22,"sev":1,"c":[255,255,0,160],"dmg":0,"sli":1,"ser":0,"fat":0,"row":-1,"mot":-1,"pie":-1,"uto":-1,"uwr":-1},"geometry":{"type":"Point","coordinates":[17.369444,53.572333]}},{"type":"Feature","properties":{"ID":106863840,"yr":2018,"dt":"2018-03-30T14:20:00","WOJ":22,"sev":1,"c":[255,255,0,160],"dmg":1,"sli":3,"ser":0,"fat":0,"row":-1,"mot":-1,"pie":-1,"uto":-1,"uwr":-1},"geometry":{"type":"Point","coordinates":[18.592778,54.408333]}},{"type":"Feature","properties":{"ID":106864688,"yr":2018,"dt":"2018-03-30T13:50:00","WOJ":22,"sev":1,"c":[255,255,0,160],"dmg":2,"sli":1,"ser":0,"fat":0,"row":-1,"mot":-1,"pie":-1,"uto":-1,"uwr":-1},"geometry":{"type":"Point","coordinates":[18.777222,54.091667]}},{"type":"Feature","properties":{"ID":106870986,"yr":2018,"dt":"2018-03-30T14:35:00","WOJ":22,"sev":1,"c":[255,255,0,160],"dmg":0,"sli":2,"ser":0,"fat":0,"row":-1,"mot":-1,"pie":-1,"uto":-1,"uwr":-1},"geometry":{"type":"Point","coordinates":[18.004139,54.230694]}},{"type":"Feature","properties":{"ID":106861955,"yr":2018,"dt":"2018-03-30T13:00:00","WOJ":22,"sev":1,"c":[255,255,0,160],"dmg":1,"sli":1,"ser":0,"fat":0,"row":1,"mot":-1,"pie":-1,"uto":-1,"uwr":-1},"geometry":{"type":"Point","coordinates":[19.118889,54.204167]}},{"type":"Feature","properties":{"ID":107408876,"yr":2018,"dt":"2018-10-28T11:40:00","WOJ":22,"sev":1,"c":[255,255,0,160],"dmg":1,"sli":3,"ser":0,"fat":0,"row":-1,"mot":-1,"pie":-1,"uto":-1,"uwr":-1},"geometry":{"type":"Point","coordinates":[18.616667,54.343056]}},{"type":"Feature","properties":{"ID":106862981,"yr":2018,"dt":"2018-03-30T14:50:00","WOJ":22,"sev":1,"c":[255,255,0,160],"dmg":3,"sli":2,"ser":0,"fat":0,"row":-1,"mot":-1,"pie":-1,"uto":-1,"uwr":-1},"geometry":{"type":"Point","coordinates":[17.041361,53.563056]}},{"type":"Feature","properties":{"ID":106860820,"yr":2018,"dt":"2018-03-30T11:50:00","WOJ":22,"sev":1,"c":[255,255,0,160],"dmg":1,"sli":1,"ser":0,"fat":0,"row":-1,"mot":-1,"pie":1,"uto":-1,"uwr":-1},"geometry":{"type":"Point","coordinates":[17.963889,54.116944]}},{"type":"Feature","properties":{"ID":107408192,"yr":2018,"dt":"2018-10-28T11:30:00","WOJ":22,"sev":1,"c":[255,255,0,160],"dmg":1,"sli":1,"ser":0,"fat":0,"row":-1,"mot":1,"pie":-1,"uto":-1,"uwr":-1},"geometry":{"type":"Point","coordinates":[19.138361,53.721667]}},{"type":"Feature","properties":{"ID":106863550,"yr":2018,"dt":"2018-03-31T11:40:00","WOJ":22,"sev":1,"c":[255,255,0,160],"dmg":1,"sli":1,"ser":0,"fat":0,"row":-1,"mot":-1,"pie":1,"uto":-1,"uwr":-1},"geometry":{"type":"Point","coordinates":[18.698333,54.173889]}},{"type":"Feature","properties":{"ID":106865047,"yr":2018,"dt":"2018-03-31T23:00:00","WOJ":22,"sev":1,"c":[255,255,0,160],"dmg":1,"sli":1,"ser":0,"fat":0,"row":-1,"mot":-1,"pie":1,"uto":-1,"uwr":-1},"geometry":{"type":"Point","coordinates":[17.735278,54.525833]}},{"type":"Feature","properties":{"ID":107407831,"yr":2018,"dt":"2018-10-28T01:10:00","WOJ":22,"sev":1,"c":[255,255,0,160],"dmg":0,"sli":1,"ser":0,"fat":0,"row":-1,"mot":-1,"pie":-1,"uto":-1,"uwr":-1},"geometry":{"type":"Point","coordinates":[18.803611,54.159167]}},{"type":"Feature","properties":{"ID":107408769,"yr":2018,"dt":"2018-10-28T20:08:00","WOJ":22,"sev":1,"c":[255,255,0,160],"dmg":1,"sli":2,"ser":0,"fat":0,"row":-1,"mot":-1,"pie":-1,"uto":-1,"uwr":-1},"geometry":{"type":"Point","coordinates":[18.532194,53.972083]}},{"type":"Feature","properties":{"ID":106865443,"yr":2018,"dt":"2018-04-01T21:05:00","WOJ":22,"sev":1,"c":[255,255,0,160],"dmg":2,"sli":2,"ser":0,"fat":0,"row":-1,"mot":-1,"pie":-1,"uto":-1,"uwr":-1},"geometry":{"type":"Point","coordinates":[17.653889,53.672222]}},{"type":"Feature","properties":{"ID":107412210,"yr":2018,"dt":"2018-10-29T10:09:00","WOJ":22,"sev":1,"c":[255,255,0,160],"dmg":1,"sli":1,"ser":0,"fat":0,"row":-1,"mot":-1,"pie":-1,"uto":-1,"uwr":-1},"geometry":{"type":"Point","coordinates":[18.544861,54.490111]}},{"type":"Feature","properties":{"ID":106865427,"yr":2018,"dt":"2018-04-01T22:55:00","WOJ":22,"sev":1,"c":[255,255,0,160],"dmg":1,"sli":1,"ser":0,"fat":0,"row":-1,"mot":-1,"pie":-1,"uto":-1,"uwr":-1},"geometry":{"type":"Point","coordinates":[18.489167,54.533056]}},{"type":"Feature","properties":{"ID":106864397,"yr":2018,"dt":"2018-04-01T15:15:00","WOJ":22,"sev":1,"c":[255,255,0,160],"dmg":1,"sli":2,"ser":0,"fat":0,"row":-1,"mot":-1,"pie":-1,"uto":-1,"uwr":-1},"geometry":{"type":"Point","coordinates":[18.536389,54.455556]}},{"type":"Feature","properties":{"ID":107411147,"yr":2018,"dt":"2018-10-29T15:40:00","WOJ":22,"sev":1,"c":[255,255,0,160],"dmg":1,"sli":1,"ser":0,"fat":0,"row":-1,"mot":-1,"pie":1,"uto":-1,"uwr":-1},"geometry":{"type":"Point","coordinates":[18.616389,54.375]}},{"type":"Feature","properties":{"ID":106865373,"yr":2018,"dt":"2018-04-01T20:20:00","WOJ":22,"sev":1,"c":[255,255,0,160],"dmg":1,"sli":1,"ser":0,"fat":0,"row":-1,"mot":-1,"pie":-1,"uto":-1,"uwr":-1},"geometry":{"type":"Point","coordinates":[17.05875,53.905361]}},{"type":"Feature","properties":{"ID":106864623,"yr":2018,"dt":"2018-04-02T17:44:00","WOJ":22,"sev":1,"c":[255,255,0,160],"dmg":2,"sli":1,"ser":0,"fat":0,"row":-1,"mot":-1,"pie":-1,"uto":-1,"uwr":-1},"geometry":{"type":"Point","coordinates":[18.777222,54.091667]}},{"type":"Feature","properties":{"ID":106865866,"yr":2018,"dt":"2018-04-02T19:39:00","WOJ":22,"sev":1,"c":[255,255,0,160],"dmg":0,"sli":2,"ser":0,"fat":0,"row":-1,"mot":1,"pie":1,"uto":-1,"uwr":-1},"geometry":{"type":"Point","coordinates":[18.492778,53.987972]}},{"type":"Feature","properties":{"ID":107412433,"yr":2018,"dt":"2018-10-29T14:51:00","WOJ":22,"sev":1,"c":[255,255,0,160],"dmg":2,"sli":1,"ser":0,"fat":0,"row":-1,"mot":-1,"pie":-1,"uto":-1,"uwr":-1},"geometry":{"type":"Point","coordinates":[17.487139,54.177417]}},{"type":"Feature","properties":{"ID":106864501,"yr":2018,"dt":"2018-04-02T08:00:00","WOJ":22,"sev":1,"c":[255,255,0,160],"dmg":1,"sli":1,"ser":0,"fat":0,"row":-1,"mot":-1,"pie":1,"uto":-1,"uwr":-1},"geometry":{"type":"Point","coordinates":[18.190278,54.048056]}},{"type":"Feature","properties":{"ID":106864588,"yr":2018,"dt":"2018-04-02T16:05:00","WOJ":22,"sev":1,"c":[255,255,0,160],"dmg":1,"sli":4,"ser":0,"fat":0,"row":-1,"mot":-1,"pie":-1,"uto":-1,"uwr":-1},"geometry":{"type":"Point","coordinates":[18.9355,54.258361]}},{"type":"Feature","properties":{"ID":107411618,"yr":2018,"dt":"2018-10-30T14:18:00","WOJ":22,"sev":1,"c":[255,255,0,160],"dmg":1,"sli":2,"ser":0,"fat":0,"row":-1,"mot":-1,"pie":-1,"uto":-1,"uwr":-1},"geometry":{"type":"Point","coordinates":[18.603611,54.3475]}},{"type":"Feature","properties":{"ID":107413189,"yr":2018,"dt":"2018-10-30T08:21:00","WOJ":22,"sev":1,"c":[255,255,0,160],"dmg":4,"sli":1,"ser":0,"fat":0,"row":-1,"mot":-1,"pie":-1,"uto":-1,"uwr":-1},"geometry":{"type":"Point","coordinates":[18.516389,54.474167]}},{"type":"Feature","properties":{"ID":106865890,"yr":2018,"dt":"2018-04-02T22:31:00","WOJ":22,"sev":1,"c":[255,255,0,160],"dmg":0,"sli":1,"ser":0,"fat":0,"row":-1,"mot":-1,"pie":-1,"uto":-1,"uwr":-1},"geometry":{"type":"Point","coordinates":[17.089167,53.969167]}},{"type":"Feature","properties":{"ID":106866585,"yr":2018,"dt":"2018-04-03T13:00:00","WOJ":22,"sev":1,"c":[255,255,0,160],"dmg":1,"sli":1,"ser":0,"fat":0,"row":-1,"mot":-1,"pie":-1,"uto":-1,"uwr":-1},"geometry":{"type":"Point","coordinates":[18.505833,53.787861]}},{"type":"Feature","properties":{"ID":107413618,"yr":2018,"dt":"2018-10-30T07:35:00","WOJ":22,"sev":1,"c":[255,255,0,160],"dmg":1,"sli":1,"ser":0,"fat":0,"row":1,"mot":-1,"pie":-1,"uto":-1,"uwr":-1},"geometry":{"type":"Point","coordinates":[18.583333,54.380278]}},{"type":"Feature","properties":{"ID":106867945,"yr":2018,"dt":"2018-04-03T16:18:00","WOJ":22,"sev":1,"c":[255,255,0,160],"dmg":0,"sli":1,"ser":0,"fat":0,"row":-1,"mot":-1,"pie":-1,"uto":-1,"uwr":-1},"geometry":{"type":"Point","coordinates":[18.974194,53.873139]}},{"type":"Feature","properties":{"ID":106869135,"yr":2018,"dt":"2018-04-04T18:30:00","WOJ":22,"sev":1,"c":[255,255,0,160],"dmg":1,"sli":1,"ser":0,"fat":0,"row":1,"mot":-1,"pie":-1,"uto":-1,"uwr":-1},"geometry":{"type":"Point","coordinates":[18.641389,54.362222]}},{"type":"Feature","properties":{"ID":107411619,"yr":2018,"dt":"2018-10-30T11:00:00","WOJ":22,"sev":1,"c":[255,255,0,160],"dmg":2,"sli":1,"ser":0,"fat":0,"row":-1,"mot":-1,"pie":-1,"uto":-1,"uwr":-1},"geometry":{"type":"Point","coordinates":[18.129389,54.219917]}},{"type":"Feature","properties":{"ID":106868787,"yr":2018,"dt":"2018-04-04T08:40:00","WOJ":22,"sev":1,"c":[255,255,0,160],"dmg":2,"sli":1,"ser":0,"fat":0,"row":-1,"mot":-1,"pie":-1,"uto":-1,"uwr":-1},"geometry":{"type":"Point","coordinates":[17.911194,54.454806]}},{"type":"Feature","properties":{"ID":106872313,"yr":2018,"dt":"2018-04-05T18:15:00","WOJ":22,"sev":1,"c":[255,255,0,160],"dmg":2,"sli":1,"ser":0,"fat":0,"row":-1,"mot":-1,"pie":-1,"uto":-1,"uwr":-1},"geometry":{"type":"Point","coordinates":[18.600833,54.338611]}},{"type":"Feature","properties":{"ID":106869733,"yr":2018,"dt":"2018-04-05T12:25:00","WOJ":22,"sev":1,"c":[255,255,0,160],"dmg":1,"sli":1,"ser":0,"fat":0,"row":-1,"mot":-1,"pie":1,"uto":-1,"uwr":-1},"geometry":{"type":"Point","coordinates":[17.360833,54.57125]}},{"type":"Feature","properties":{"ID":106869597,"yr":2018,"dt":"2018-04-05T08:45:00","WOJ":22,"sev":1,"c":[255,255,0,160],"dmg":2,"sli":1,"ser":0,"fat":0,"row":-1,"mot":-1,"pie":-1,"uto":-1,"uwr":-1},"geometry":{"type":"Point","coordinates":[18.413056,54.336861]}},{"type":"Feature","properties":{"ID":106872182,"yr":2018,"dt":"2018-04-05T16:20:00","WOJ":22,"sev":1,"c":[255,255,0,160],"dmg":1,"sli":1,"ser":0,"fat":0,"row":-1,"mot":-1,"pie":-1,"uto":-1,"uwr":-1},"geometry":{"type":"Point","coordinates":[18.4875,54.4275]}},{"type":"Feature","properties":{"ID":106872570,"yr":2018,"dt":"2018-04-06T08:45:00","WOJ":22,"sev":1,"c":[255,255,0,160],"dmg":0,"sli":1,"ser":0,"fat":0,"row":1,"mot":-1,"pie":-1,"uto":-1,"uwr":-1},"geometry":{"type":"Point","coordinates":[18.605278,54.213333]}},{"type":"Feature","properties":{"ID":106874311,"yr":2018,"dt":"2018-04-06T16:35:00","WOJ":22,"sev":1,"c":[255,255,0,160],"dmg":1,"sli":1,"ser":0,"fat":0,"row":-1,"mot":-1,"pie":-1,"uto":-1,"uwr":-1},"geometry":{"type":"Point","coordinates":[18.683611,54.2725]}},{"type":"Feature","properties":{"ID":107413954,"yr":2018,"dt":"2018-10-30T13:31:00","WOJ":22,"sev":1,"c":[255,255,0,160],"dmg":1,"sli":2,"ser":0,"fat":0,"row":-1,"mot":-1,"pie":-1,"uto":-1,"uwr":-1},"geometry":{"type":"Point","coordinates":[19.190972,53.752861]}},{"type":"Feature","properties":{"ID":106874015,"yr":2018,"dt":"2018-04-06T10:21:00","WOJ":22,"sev":1,"c":[255,255,0,160],"dmg":1,"sli":1,"ser":0,"fat":0,"row":-1,"mot":-1,"pie":-1,"uto":-1,"uwr":-1},"geometry":{"type":"Point","coordinates":[18.541944,54.517778]}},{"type":"Feature","properties":{"ID":106872747,"yr":2018,"dt":"2018-04-06T10:53:00","WOJ":22,"sev":1,"c":[255,255,0,160],"dmg":0,"sli":1,"ser":0,"fat":0,"row":-1,"mot":-1,"pie":-1,"uto":-1,"uwr":-1},"geometry":{"type":"Point","coordinates":[17.769528,54.323306]}},{"type":"Feature","properties":{"ID":106871751,"yr":2018,"dt":"2018-04-06T12:54:00","WOJ":22,"sev":1,"c":[255,255,0,160],"dmg":0,"sli":1,"ser":0,"fat":0,"row":-1,"mot":-1,"pie":-1,"uto":-1,"uwr":-1},"geometry":{"type":"Point","coordinates":[17.322528,53.687417]}},{"type":"Feature","properties":{"ID":106875000,"yr":2018,"dt":"2018-04-07T19:10:00","WOJ":22,"sev":1,"c":[255,255,0,160],"dmg":2,"sli":1,"ser":0,"fat":0,"row":-1,"mot":-1,"pie":1,"uto":-1,"uwr":-1},"geometry":{"type":"Point","coordinates":[18.372417,54.585444]}},{"type":"Feature","properties":{"ID":107414015,"yr":2018,"dt":"2018-10-30T14:15:00","WOJ":22,"sev":1,"c":[255,255,0,160],"dmg":1,"sli":1,"ser":0,"fat":0,"row":1,"mot":-1,"pie":-1,"uto":-1,"uwr":-1},"geometry":{"type":"Point","coordinates":[18.556583,53.878694]}},{"type":"Feature","properties":{"ID":106874793,"yr":2018,"dt":"2018-04-07T13:30:00","WOJ":22,"sev":1,"c":[255,255,0,160],"dmg":2,"sli":2,"ser":0,"fat":0,"row":-1,"mot":-1,"pie":-1,"uto":-1,"uwr":-1},"geometry":{"type":"Point","coordinates":[18.540611,53.965556]}},{"type":"Feature","properties":{"ID":106873769,"yr":2018,"dt":"2018-04-07T14:10:00","WOJ":22,"sev":1,"c":[255,255,0,160],"dmg":1,"sli":1,"ser":0,"fat":0,"row":-1,"mot":1,"pie":-1,"uto":-1,"uwr":-1},"geometry":{"type":"Point","coordinates":[17.498583,54.180639]}},{"type":"Feature","properties":{"ID":106874671,"yr":2018,"dt":"2018-04-07T11:55:00","WOJ":22,"sev":1,"c":[255,255,0,160],"dmg":1,"sli":1,"ser":0,"fat":0,"row":1,"mot":-1,"pie":-1,"uto":-1,"uwr":-1},"geometry":{"type":"Point","coordinates":[18.766111,54.108611]}},{"type":"Feature","properties":{"ID":106874549,"yr":2018,"dt":"2018-04-07T11:00:00","WOJ":22,"sev":1,"c":[255,255,0,160],"dmg":0,"sli":1,"ser":0,"fat":0,"row":1,"mot":-1,"pie":-1,"uto":-1,"uwr":-1},"geometry":{"type":"Point","coordinates":[18.576389,54.351667]}},{"type":"Feature","properties":{"ID":106875991,"yr":2018,"dt":"2018-04-08T13:35:00","WOJ":22,"sev":1,"c":[255,255,0,160],"dmg":0,"sli":2,"ser":0,"fat":0,"row":-1,"mot":1,"pie":-1,"uto":-1,"uwr":-1},"geometry":{"type":"Point","coordinates":[18.325278,54.196111]}},{"type":"Feature","properties":{"ID":106876066,"yr":2018,"dt":"2018-04-08T13:50:00","WOJ":22,"sev":1,"c":[255,255,0,160],"dmg":1,"sli":1,"ser":0,"fat":0,"row":-1,"mot":-1,"pie":1,"uto":-1,"uwr":-1},"geometry":{"type":"Point","coordinates":[18.610278,54.383611]}},{"type":"Feature","properties":{"ID":106875193,"yr":2018,"dt":"2018-04-08T12:39:00","WOJ":22,"sev":1,"c":[255,255,0,160],"dmg":1,"sli":1,"ser":0,"fat":0,"row":-1,"mot":-1,"pie":1,"uto":-1,"uwr":-1},"geometry":{"type":"Point","coordinates":[17.185639,53.595889]}},{"type":"Feature","properties":{"ID":106876246,"yr":2018,"dt":"2018-04-08T08:42:00","WOJ":22,"sev":1,"c":[255,255,0,160],"dmg":1,"sli":1,"ser":0,"fat":0,"row":-1,"mot":-1,"pie":-1,"uto":-1,"uwr":-1},"geometry":{"type":"Point","coordinates":[18.526944,54.510556]}},{"type":"Feature","properties":{"ID":107414452,"yr":2018,"dt":"2018-10-30T16:51:00","WOJ":22,"sev":1,"c":[255,255,0,160],"dmg":1,"sli":2,"ser":0,"fat":0,"row":-1,"mot":-1,"pie":-1,"uto":-1,"uwr":-1},"geometry":{"type":"Point","coordinates":[18.063611,54.125278]}},{"type":"Feature","properties":{"ID":107413319,"yr":2018,"dt":"2018-10-30T09:45:00","WOJ":22,"sev":1,"c":[255,255,0,160],"dmg":1,"sli":1,"ser":0,"fat":0,"row":-1,"mot":-1,"pie":1,"uto":-1,"uwr":-1},"geometry":{"type":"Point","coordinates":[17.020167,54.465889]}},{"type":"Feature","properties":{"ID":107414436,"yr":2018,"dt":"2018-10-30T15:46:00","WOJ":22,"sev":1,"c":[255,255,0,160],"dmg":1,"sli":1,"ser":0,"fat":0,"row":-1,"mot":-1,"pie":1,"uto":-1,"uwr":-1},"geometry":{"type":"Point","coordinates":[18.415889,54.553583]}},{"type":"Feature","properties":{"ID":106904722,"yr":2018,"dt":"2018-04-09T17:37:00","WOJ":22,"sev":1,"c":[255,255,0,160],"dmg":1,"sli":1,"ser":0,"fat":0,"row":0,"mot":-1,"pie":1,"uto":-1,"uwr":-1},"geometry":{"type":"Point","coordinates":[17.973333,54.121389]}},{"type":"Feature","properties":{"ID":106880932,"yr":2018,"dt":"2018-04-09T12:20:00","WOJ":22,"sev":1,"c":[255,255,0,160],"dmg":1,"sli":1,"ser":0,"fat":0,"row":-1,"mot":-1,"pie":1,"uto":-1,"uwr":-1},"geometry":{"type":"Point","coordinates":[18.550833,54.450556]}},{"type":"Feature","properties":{"ID":106877552,"yr":2018,"dt":"2018-04-09T20:10:00","WOJ":22,"sev":1,"c":[255,255,0,160],"dmg":0,"sli":2,"ser":0,"fat":0,"row":-1,"mot":-1,"pie":-1,"uto":-1,"uwr":-1},"geometry":{"type":"Point","coordinates":[18.815,53.838889]}},{"type":"Feature","properties":{"ID":106887914,"yr":2018,"dt":"2018-04-09T19:00:00","WOJ":22,"sev":1,"c":[255,255,0,160],"dmg":2,"sli":1,"ser":0,"fat":0,"row":-1,"mot":-1,"pie":-1,"uto":-1,"uwr":-1},"geometry":{"type":"Point","coordinates":[18.42123,54.65498]}},{"type":"Feature","properties":{"ID":106876915,"yr":2018,"dt":"2018-04-09T08:10:00","WOJ":22,"sev":1,"c":[255,255,0,160],"dmg":3,"sli":1,"ser":0,"fat":0,"row":-1,"mot":-1,"pie":-1,"uto":-1,"uwr":-1},"geometry":{"type":"Point","coordinates":[18.656111,54.385556]}},{"type":"Feature","properties":{"ID":106876679,"yr":2018,"dt":"2018-04-09T11:50:00","WOJ":22,"sev":1,"c":[255,255,0,160],"dmg":1,"sli":1,"ser":0,"fat":0,"row":-1,"mot":-1,"pie":-1,"uto":-1,"uwr":-1},"geometry":{"type":"Point","coordinates":[18.491111,54.358333]}},{"type":"Feature","properties":{"ID":106877097,"yr":2018,"dt":"2018-04-09T10:10:00","WOJ":22,"sev":1,"c":[255,255,0,160],"dmg":1,"sli":2,"ser":0,"fat":0,"row":-1,"mot":-1,"pie":-1,"uto":-1,"uwr":-1},"geometry":{"type":"Point","coordinates":[18.7975,53.815]}},{"type":"Feature","properties":{"ID":106876409,"yr":2018,"dt":"2018-04-09T09:05:00","WOJ":22,"sev":1,"c":[255,255,0,160],"dmg":1,"sli":1,"ser":0,"fat":0,"row":-1,"mot":-1,"pie":-1,"uto":-1,"uwr":-1},"geometry":{"type":"Point","coordinates":[17.980833,53.798611]}},{"type":"Feature","properties":{"ID":106885144,"yr":2018,"dt":"2018-04-09T16:40:00","WOJ":22,"sev":1,"c":[255,255,0,160],"dmg":3,"sli":1,"ser":0,"fat":0,"row":-1,"mot":-1,"pie":-1,"uto":-1,"uwr":-1},"geometry":{"type":"Point","coordinates":[18.330694,54.770694]}},{"type":"Feature","properties":{"ID":107413555,"yr":2018,"dt":"2018-10-30T09:41:00","WOJ":22,"sev":1,"c":[255,255,0,160],"dmg":1,"sli":1,"ser":0,"fat":0,"row":-1,"mot":-1,"pie":-1,"uto":-1,"uwr":-1},"geometry":{"type":"Point","coordinates":[17.495472,54.170028]}},{"type":"Feature","properties":{"ID":106878368,"yr":2018,"dt":"2018-04-09T15:45:00","WOJ":22,"sev":1,"c":[255,255,0,160],"dmg":1,"sli":1,"ser":0,"fat":0,"row":-1,"mot":-1,"pie":1,"uto":-1,"uwr":-1},"geometry":{"type":"Point","coordinates":[17.030667,54.465528]}},{"type":"Feature","properties":{"ID":107417555,"yr":2018,"dt":"2018-10-31T16:36:00","WOJ":22,"sev":1,"c":[255,255,0,160],"dmg":2,"sli":1,"ser":0,"fat":0,"row":-1,"mot":-1,"pie":-1,"uto":-1,"uwr":-1},"geometry":{"type":"Point","coordinates":[17.0205,53.903028]}},{"type":"Feature","properties":{"ID":106877807,"yr":2018,"dt":"2018-04-10T09:23:00","WOJ":22,"sev":1,"c":[255,255,0,160],"dmg":2,"sli":1,"ser":0,"fat":0,"row":-1,"mot":-1,"pie":-1,"uto":-1,"uwr":-1},"geometry":{"type":"Point","coordinates":[18.600278,54.335833]}},{"type":"Feature","properties":{"ID":106879456,"yr":2018,"dt":"2018-04-10T17:15:00","WOJ":22,"sev":1,"c":[255,255,0,160],"dmg":1,"sli":1,"ser":0,"fat":0,"row":1,"mot":-1,"pie":0,"uto":-1,"uwr":-1},"geometry":{"type":"Point","coordinates":[18.6125,54.349167]}},{"type":"Feature","properties":{"ID":106881019,"yr":2018,"dt":"2018-04-10T11:38:00","WOJ":22,"sev":1,"c":[255,255,0,160],"dmg":1,"sli":2,"ser":0,"fat":0,"row":-1,"mot":-1,"pie":-1,"uto":-1,"uwr":-1},"geometry":{"type":"Point","coordinates":[18.419,54.353833]}},{"type":"Feature","properties":{"ID":106881090,"yr":2018,"dt":"2018-04-10T14:40:00","WOJ":22,"sev":1,"c":[255,255,0,160],"dmg":1,"sli":1,"ser":0,"fat":0,"row":-1,"mot":-1,"pie":-1,"uto":-1,"uwr":-1},"geometry":{"type":"Point","coordinates":[17.227889,53.817917]}},{"type":"Feature","properties":{"ID":106879393,"yr":2018,"dt":"2018-04-10T15:51:00","WOJ":22,"sev":1,"c":[255,255,0,160],"dmg":1,"sli":1,"ser":0,"fat":0,"row":-1,"mot":-1,"pie":-1,"uto":-1,"uwr":-1},"geometry":{"type":"Point","coordinates":[17.2375,53.795528]}},{"type":"Feature","properties":{"ID":106879386,"yr":2018,"dt":"2018-04-10T15:40:00","WOJ":22,"sev":1,"c":[255,255,0,160],"dmg":0,"sli":1,"ser":0,"fat":0,"row":-1,"mot":-1,"pie":-1,"uto":-1,"uwr":-1},"geometry":{"type":"Point","coordinates":[18.165,54.316722]}},{"type":"Feature","properties":{"ID":106879167,"yr":2018,"dt":"2018-04-10T12:43:00","WOJ":22,"sev":1,"c":[255,255,0,160],"dmg":4,"sli":1,"ser":0,"fat":0,"row":-1,"mot":-1,"pie":-1,"uto":-1,"uwr":-1},"geometry":{"type":"Point","coordinates":[18.893056,54.2675]}},{"type":"Feature","properties":{"ID":106879867,"yr":2018,"dt":"2018-04-10T10:15:00","WOJ":22,"sev":1,"c":[255,255,0,160],"dmg":2,"sli":1,"ser":0,"fat":0,"row":-1,"mot":-1,"pie":-1,"uto":-1,"uwr":-1},"geometry":{"type":"Point","coordinates":[18.593056,54.399167]}},{"type":"Feature","properties":{"ID":107417459,"yr":2018,"dt":"2018-10-31T17:30:00","WOJ":22,"sev":1,"c":[255,255,0,160],"dmg":1,"sli":1,"ser":0,"fat":0,"row":-1,"mot":-1,"pie":-1,"uto":-1,"uwr":-1},"geometry":{"type":"Point","coordinates":[18.640333,54.261306]}},{"type":"Feature","properties":{"ID":106883138,"yr":2018,"dt":"2018-04-11T10:41:00","WOJ":22,"sev":1,"c":[255,255,0,160],"dmg":1,"sli":2,"ser":0,"fat":0,"row":-1,"mot":-1,"pie":-1,"uto":-1,"uwr":-1},"geometry":{"type":"Point","coordinates":[18.461667,54.464444]}},{"type":"Feature","properties":{"ID":106882304,"yr":2018,"dt":"2018-04-11T15:22:00","WOJ":22,"sev":1,"c":[255,255,0,160],"dmg":1,"sli":1,"ser":0,"fat":0,"row":-1,"mot":-1,"pie":1,"uto":-1,"uwr":-1},"geometry":{"type":"Point","coordinates":[16.981861,54.005528]}},{"type":"Feature","properties":{"ID":106882362,"yr":2018,"dt":"2018-04-11T19:59:00","WOJ":22,"sev":1,"c":[255,255,0,160],"dmg":1,"sli":1,"ser":0,"fat":0,"row":-1,"mot":-1,"pie":-1,"uto":-1,"uwr":-1},"geometry":{"type":"Point","coordinates":[17.489806,54.177417]}},{"type":"Feature","properties":{"ID":106883377,"yr":2018,"dt":"2018-04-11T19:05:00","WOJ":22,"sev":1,"c":[255,255,0,160],"dmg":1,"sli":1,"ser":0,"fat":0,"row":1,"mot":-1,"pie":-1,"uto":-1,"uwr":-1},"geometry":{"type":"Point","coordinates":[18.087972,54.787167]}},{"type":"Feature","properties":{"ID":106885266,"yr":2018,"dt":"2018-04-12T23:09:00","WOJ":22,"sev":1,"c":[255,255,0,160],"dmg":0,"sli":1,"ser":0,"fat":0,"row":-1,"mot":-1,"pie":-1,"uto":-1,"uwr":-1},"geometry":{"type":"Point","coordinates":[17.487194,54.165278]}},{"type":"Feature","properties":{"ID":106883966,"yr":2018,"dt":"2018-04-12T07:55:00","WOJ":22,"sev":1,"c":[255,255,0,160],"dmg":0,"sli":2,"ser":0,"fat":0,"row":-1,"mot":-1,"pie":-1,"uto":-1,"uwr":-1},"geometry":{"type":"Point","coordinates":[18.264972,54.38925]}},{"type":"Feature","properties":{"ID":106884819,"yr":2018,"dt":"2018-04-12T07:48:00","WOJ":22,"sev":1,"c":[255,255,0,160],"dmg":3,"sli":1,"ser":0,"fat":0,"row":-1,"mot":-1,"pie":-1,"uto":-1,"uwr":-1},"geometry":{"type":"Point","coordinates":[17.3645,53.662861]}},{"type":"Feature","properties":{"ID":107417017,"yr":2018,"dt":"2018-10-31T13:45:00","WOJ":22,"sev":1,"c":[255,255,0,160],"dmg":1,"sli":2,"ser":0,"fat":0,"row":-1,"mot":-1,"pie":-1,"uto":-1,"uwr":-1},"geometry":{"type":"Point","coordinates":[18.947306,53.714306]}},{"type":"Feature","properties":{"ID":107417004,"yr":2018,"dt":"2018-10-31T15:15:00","WOJ":22,"sev":1,"c":[255,255,0,160],"dmg":2,"sli":1,"ser":0,"fat":0,"row":-1,"mot":-1,"pie":-1,"uto":-1,"uwr":-1},"geometry":{"type":"Point","coordinates":[18.794806,54.089333]}},{"type":"Feature","properties":{"ID":106887053,"yr":2018,"dt":"2018-04-13T08:49:00","WOJ":22,"sev":1,"c":[255,255,0,160],"dmg":1,"sli":1,"ser":0,"fat":0,"row":-1,"mot":-1,"pie":-1,"uto":-1,"uwr":-1},"geometry":{"type":"Point","coordinates":[18.562778,54.4075]}},{"type":"Feature","properties":{"ID":107003926,"yr":2018,"dt":"2018-04-13T21:00:00","WOJ":22,"sev":1,"c":[255,255,0,160],"dmg":1,"sli":1,"ser":0,"fat":0,"row":-1,"mot":-1,"pie":-1,"uto":-1,"uwr":-1},"geometry":{"type":"Point","coordinates":[19.203889,54.016111]}},{"type":"Feature","properties":{"ID":106888330,"yr":2018,"dt":"2018-04-13T21:30:00","WOJ":22,"sev":1,"c":[255,255,0,160],"dmg":0,"sli":1,"ser":0,"fat":0,"row":-1,"mot":-1,"pie":-1,"uto":-1,"uwr":-1},"geometry":{"type":"Point","coordinates":[17.332889,54.004]}},{"type":"Feature","properties":{"ID":107418434,"yr":2018,"dt":"2018-11-01T11:26:00","WOJ":22,"sev":1,"c":[255,255,0,160],"dmg":0,"sli":2,"ser":0,"fat":0,"row":-1,"mot":-1,"pie":-1,"uto":-1,"uwr":-1},"geometry":{"type":"Point","coordinates":[18.146417,54.454861]}},{"type":"Feature","properties":{"ID":106888140,"yr":2018,"dt":"2018-04-13T17:51:00","WOJ":22,"sev":1,"c":[255,255,0,160],"dmg":2,"sli":1,"ser":0,"fat":0,"row":-1,"mot":1,"pie":-1,"uto":-1,"uwr":-1},"geometry":{"type":"Point","coordinates":[18.636389,54.266111]}},{"type":"Feature","properties":{"ID":107418431,"yr":2018,"dt":"2018-11-01T14:24:00","WOJ":22,"sev":1,"c":[255,255,0,160],"dmg":1,"sli":1,"ser":0,"fat":0,"row":-1,"mot":-1,"pie":-1,"uto":-1,"uwr":-1},"geometry":{"type":"Point","coordinates":[18.533056,54.508333]}},{"type":"Feature","properties":{"ID":106899942,"yr":2018,"dt":"2018-04-13T10:19:00","WOJ":22,"sev":1,"c":[255,255,0,160],"dmg":0,"sli":1,"ser":0,"fat":0,"row":1,"mot":-1,"pie":-1,"uto":-1,"uwr":-1},"geometry":{"type":"Point","coordinates":[18.060806,53.827583]}},{"type":"Feature","properties":{"ID":106886983,"yr":2018,"dt":"2018-04-13T06:38:00","WOJ":22,"sev":1,"c":[255,255,0,160],"dmg":0,"sli":1,"ser":0,"fat":0,"row":-1,"mot":-1,"pie":-1,"uto":-1,"uwr":-1},"geometry":{"type":"Point","coordinates":[17.404194,53.620139]}},{"type":"Feature","properties":{"ID":107419749,"yr":2018,"dt":"2018-11-02T15:55:00","WOJ":22,"sev":1,"c":[255,255,0,160],"dmg":1,"sli":2,"ser":0,"fat":0,"row":-1,"mot":-1,"pie":-1,"uto":-1,"uwr":-1},"geometry":{"type":"Point","coordinates":[17.969167,54.118056]}},{"type":"Feature","properties":{"ID":106888436,"yr":2018,"dt":"2018-04-14T11:55:00","WOJ":22,"sev":1,"c":[255,255,0,160],"dmg":1,"sli":1,"ser":0,"fat":0,"row":-1,"mot":-1,"pie":1,"uto":-1,"uwr":-1},"geometry":{"type":"Point","coordinates":[18.626111,54.340833]}},{"type":"Feature","properties":{"ID":106889554,"yr":2018,"dt":"2018-04-14T14:20:00","WOJ":22,"sev":1,"c":[255,255,0,160],"dmg":1,"sli":1,"ser":0,"fat":0,"row":1,"mot":-1,"pie":-1,"uto":-1,"uwr":-1},"geometry":{"type":"Point","coordinates":[18.218139,53.908083]}},{"type":"Feature","properties":{"ID":106889317,"yr":2018,"dt":"2018-04-14T08:40:00","WOJ":22,"sev":1,"c":[255,255,0,160],"dmg":1,"sli":1,"ser":0,"fat":0,"row":-1,"mot":-1,"pie":-1,"uto":-1,"uwr":-1},"geometry":{"type":"Point","coordinates":[18.2645,54.607139]}},{"type":"Feature","properties":{"ID":106888410,"yr":2018,"dt":"2018-04-14T09:05:00","WOJ":22,"sev":1,"c":[255,255,0,160],"dmg":0,"sli":1,"ser":0,"fat":0,"row":1,"mot":-1,"pie":-1,"uto":-1,"uwr":-1},"geometry":{"type":"Point","coordinates":[19.045361,54.036583]}},{"type":"Feature","properties":{"ID":107418836,"yr":2018,"dt":"2018-11-02T05:40:00","WOJ":22,"sev":1,"c":[255,255,0,160],"dmg":1,"sli":1,"ser":0,"fat":0,"row":1,"mot":-1,"pie":-1,"uto":-1,"uwr":-1},"geometry":{"type":"Point","coordinates":[18.637278,54.262111]}},{"type":"Feature","properties":{"ID":107419449,"yr":2018,"dt":"2018-11-02T12:45:00","WOJ":22,"sev":1,"c":[255,255,0,160],"dmg":0,"sli":1,"ser":0,"fat":0,"row":-1,"mot":1,"pie":-1,"uto":-1,"uwr":-1},"geometry":{"type":"Point","coordinates":[18.568333,54.276972]}},{"type":"Feature","properties":{"ID":106890161,"yr":2018,"dt":"2018-04-15T18:00:00","WOJ":22,"sev":1,"c":[255,255,0,160],"dmg":1,"sli":1,"ser":0,"fat":0,"row":1,"mot":-1,"pie":-1,"uto":-1,"uwr":-1},"geometry":{"type":"Point","coordinates":[18.607778,54.2685]}},{"type":"Feature","properties":{"ID":106889994,"yr":2018,"dt":"2018-04-15T12:20:00","WOJ":22,"sev":1,"c":[255,255,0,160],"dmg":0,"sli":1,"ser":0,"fat":0,"row":-1,"mot":-1,"pie":-1,"uto":-1,"uwr":-1},"geometry":{"type":"Point","coordinates":[18.805833,53.861667]}},{"type":"Feature","properties":{"ID":106889986,"yr":2018,"dt":"2018-04-15T11:25:00","WOJ":22,"sev":1,"c":[255,255,0,160],"dmg":1,"sli":1,"ser":0,"fat":0,"row":-1,"mot":1,"pie":-1,"uto":-1,"uwr":-1},"geometry":{"type":"Point","coordinates":[18.378306,54.584944]}},{"type":"Feature","properties":{"ID":107421988,"yr":2018,"dt":"2018-11-03T14:20:00","WOJ":22,"sev":1,"c":[255,255,0,160],"dmg":2,"sli":2,"ser":0,"fat":0,"row":-1,"mot":-1,"pie":-1,"uto":-1,"uwr":-1},"geometry":{"type":"Point","coordinates":[17.919667,54.228889]}},{"type":"Feature","properties":{"ID":106890783,"yr":2018,"dt":"2018-04-16T12:00:00","WOJ":22,"sev":1,"c":[255,255,0,160],"dmg":2,"sli":1,"ser":0,"fat":0,"row":-1,"mot":-1,"pie":-1,"uto":-1,"uwr":-1},"geometry":{"type":"Point","coordinates":[18.885056,53.159056]}},{"type":"Feature","properties":{"ID":106893026,"yr":2018,"dt":"2018-04-16T20:48:00","WOJ":22,"sev":1,"c":[255,255,0,160],"dmg":1,"sli":1,"ser":0,"fat":0,"row":-1,"mot":-1,"pie":1,"uto":-1,"uwr":-1},"geometry":{"type":"Point","coordinates":[18.196028,54.339]}},{"type":"Feature","properties":{"ID":106899569,"yr":2018,"dt":"2018-04-16T17:30:00","WOJ":22,"sev":1,"c":[255,255,0,160],"dmg":1,"sli":1,"ser":0,"fat":0,"row":1,"mot":-1,"pie":-1,"uto":-1,"uwr":-1},"geometry":{"type":"Point","coordinates":[18.800278,54.11]}},{"type":"Feature","properties":{"ID":106891190,"yr":2018,"dt":"2018-04-16T06:35:00","WOJ":22,"sev":1,"c":[255,255,0,160],"dmg":1,"sli":1,"ser":0,"fat":0,"row":-1,"mot":-1,"pie":-1,"uto":-1,"uwr":-1},"geometry":{"type":"Point","coordinates":[18.518889,54.349167]}},{"type":"Feature","properties":{"ID":107422092,"yr":2018,"dt":"2018-11-03T15:40:00","WOJ":22,"sev":1,"c":[255,255,0,160],"dmg":1,"sli":1,"ser":0,"fat":0,"row":-1,"mot":-1,"pie":-1,"uto":-1,"uwr":-1},"geometry":{"type":"Point","coordinates":[18.58975,54.290167]}},{"type":"Feature","properties":{"ID":106895128,"yr":2018,"dt":"2018-04-17T14:00:00","WOJ":22,"sev":1,"c":[255,255,0,160],"dmg":1,"sli":1,"ser":0,"fat":0,"row":1,"mot":-1,"pie":-1,"uto":-1,"uwr":-1},"geometry":{"type":"Point","coordinates":[18.620833,54.374444]}},{"type":"Feature","properties":{"ID":106894218,"yr":2018,"dt":"2018-04-17T13:11:00","WOJ":22,"sev":1,"c":[255,255,0,160],"dmg":1,"sli":1,"ser":0,"fat":0,"row":0,"mot":-1,"pie":1,"uto":-1,"uwr":-1},"geometry":{"type":"Point","coordinates":[18.197833,54.337944]}},{"type":"Feature","properties":{"ID":107422629,"yr":2018,"dt":"2018-11-04T12:30:00","WOJ":22,"sev":1,"c":[255,255,0,160],"dmg":0,"sli":2,"ser":0,"fat":0,"row":-1,"mot":-1,"pie":-1,"uto":-1,"uwr":-1},"geometry":{"type":"Point","coordinates":[18.215,54.128056]}},{"type":"Feature","properties":{"ID":106898251,"yr":2018,"dt":"2018-04-17T08:05:00","WOJ":22,"sev":1,"c":[255,255,0,160],"dmg":1,"sli":1,"ser":0,"fat":0,"row":-1,"mot":-1,"pie":-1,"uto":-1,"uwr":-1},"geometry":{"type":"Point","coordinates":[18.563611,54.424444]}},{"type":"Feature","properties":{"ID":106894044,"yr":2018,"dt":"2018-04-17T07:20:00","WOJ":22,"sev":1,"c":[255,255,0,160],"dmg":1,"sli":1,"ser":0,"fat":0,"row":1,"mot":-1,"pie":-1,"uto":-1,"uwr":-1},"geometry":{"type":"Point","coordinates":[18.568889,54.307778]}},{"type":"Feature","properties":{"ID":107427963,"yr":2018,"dt":"2018-11-05T16:45:00","WOJ":22,"sev":1,"c":[255,255,0,160],"dmg":1,"sli":1,"ser":0,"fat":0,"row":-1,"mot":-1,"pie":1,"uto":-1,"uwr":-1},"geometry":{"type":"Point","coordinates":[18.617778,54.356111]}},{"type":"Feature","properties":{"ID":107427468,"yr":2018,"dt":"2018-11-05T17:40:00","WOJ":22,"sev":1,"c":[255,255,0,160],"dmg":1,"sli":1,"ser":0,"fat":0,"row":-1,"mot":-1,"pie":1,"uto":-1,"uwr":-1},"geometry":{"type":"Point","coordinates":[18.610833,54.340556]}},{"type":"Feature","properties":{"ID":106895623,"yr":2018,"dt":"2018-04-18T08:45:00","WOJ":22,"sev":1,"c":[255,255,0,160],"dmg":2,"sli":1,"ser":0,"fat":0,"row":-1,"mot":-1,"pie":-1,"uto":-1,"uwr":-1},"geometry":{"type":"Point","coordinates":[18.503056,54.391667]}},{"type":"Feature","properties":{"ID":106897378,"yr":2018,"dt":"2018-04-18T17:15:00","WOJ":22,"sev":1,"c":[255,255,0,160],"dmg":0,"sli":1,"ser":0,"fat":0,"row":-1,"mot":-1,"pie":-1,"uto":-1,"uwr":-1},"geometry":{"type":"Point","coordinates":[19.073028,53.908056]}},{"type":"Feature","properties":{"ID":106897122,"yr":2018,"dt":"2018-04-18T16:10:00","WOJ":22,"sev":1,"c":[255,255,0,160],"dmg":1,"sli":1,"ser":0,"fat":0,"row":1,"mot":-1,"pie":-1,"uto":-1,"uwr":-1},"geometry":{"type":"Point","coordinates":[18.578611,54.395833]}},{"type":"Feature","properties":{"ID":107431289,"yr":2018,"dt":"2018-11-05T18:00:00","WOJ":22,"sev":1,"c":[255,255,0,160],"dmg":1,"sli":1,"ser":0,"fat":0,"row":-1,"mot":-1,"pie":-1,"uto":-1,"uwr":-1},"geometry":{"type":"Point","coordinates":[17.63,54.718889]}},{"type":"Feature","properties":{"ID":106896182,"yr":2018,"dt":"2018-04-18T11:50:00","WOJ":22,"sev":1,"c":[255,255,0,160],"dmg":1,"sli":1,"ser":0,"fat":0,"row":1,"mot":-1,"pie":-1,"uto":-1,"uwr":-1},"geometry":{"type":"Point","coordinates":[18.619722,54.259167]}},{"type":"Feature","properties":{"ID":107429876,"yr":2018,"dt":"2018-11-06T17:05:00","WOJ":22,"sev":1,"c":[255,255,0,160],"dmg":1,"sli":1,"ser":0,"fat":0,"row":-1,"mot":-1,"pie":-1,"uto":-1,"uwr":-1},"geometry":{"type":"Point","coordinates":[18.784194,54.075194]}},{"type":"Feature","properties":{"ID":106896472,"yr":2018,"dt":"2018-04-18T17:13:00","WOJ":22,"sev":1,"c":[255,255,0,160],"dmg":1,"sli":1,"ser":0,"fat":0,"row":-1,"mot":-1,"pie":-1,"uto":-1,"uwr":-1},"geometry":{"type":"Point","coordinates":[18.041667,54.165]}},{"type":"Feature","properties":{"ID":107429950,"yr":2018,"dt":"2018-11-06T19:10:00","WOJ":22,"sev":1,"c":[255,255,0,160],"dmg":1,"sli":1,"ser":0,"fat":0,"row":1,"mot":-1,"pie":-1,"uto":-1,"uwr":-1},"geometry":{"type":"Point","coordinates":[18.495556,54.470556]}},{"type":"Feature","properties":{"ID":106897302,"yr":2018,"dt":"2018-04-18T11:29:00","WOJ":22,"sev":1,"c":[255,255,0,160],"dmg":2,"sli":1,"ser":0,"fat":0,"row":-1,"mot":-1,"pie":-1,"uto":-1,"uwr":-1},"geometry":{"type":"Point","coordinates":[18.490194,54.532278]}},{"type":"Feature","properties":{"ID":107429369,"yr":2018,"dt":"2018-11-06T10:00:00","WOJ":22,"sev":1,"c":[255,255,0,160],"dmg":1,"sli":1,"ser":0,"fat":0,"row":1,"mot":-1,"pie":-1,"uto":-1,"uwr":-1},"geometry":{"type":"Point","coordinates":[17.041889,54.462667]}},{"type":"Feature","properties":{"ID":106895801,"yr":2018,"dt":"2018-04-18T10:15:00","WOJ":22,"sev":1,"c":[255,255,0,160],"dmg":1,"sli":1,"ser":0,"fat":0,"row":-1,"mot":-1,"pie":-1,"uto":-1,"uwr":-1},"geometry":{"type":"Point","coordinates":[18.451944,54.405278]}},{"type":"Feature","properties":{"ID":106898168,"yr":2018,"dt":"2018-04-19T09:58:00","WOJ":22,"sev":1,"c":[255,255,0,160],"dmg":1,"sli":1,"ser":0,"fat":0,"row":-1,"mot":-1,"pie":-1,"uto":-1,"uwr":-1},"geometry":{"type":"Point","coordinates":[18.523889,54.521944]}},{"type":"Feature","properties":{"ID":106897847,"yr":2018,"dt":"2018-04-19T01:40:00","WOJ":22,"sev":1,"c":[255,255,0,160],"dmg":0,"sli":1,"ser":0,"fat":0,"row":-1,"mot":-1,"pie":-1,"uto":-1,"uwr":-1},"geometry":{"type":"Point","coordinates":[17.209028,54.236861]}},{"type":"Feature","properties":{"ID":106897761,"yr":2018,"dt":"2018-04-19T08:55:00","WOJ":22,"sev":1,"c":[255,255,0,160],"dmg":0,"sli":3,"ser":0,"fat":0,"row":-1,"mot":-1,"pie":-1,"uto":-1,"uwr":-1},"geometry":{"type":"Point","coordinates":[18.675,54.037778]}},{"type":"Feature","properties":{"ID":107429342,"yr":2018,"dt":"2018-11-06T10:10:00","WOJ":22,"sev":1,"c":[255,255,0,160],"dmg":1,"sli":1,"ser":0,"fat":0,"row":-1,"mot":1,"pie":-1,"uto":-1,"uwr":-1},"geometry":{"type":"Point","coordinates":[18.632778,54.253056]}},{"type":"Feature","properties":{"ID":106899659,"yr":2018,"dt":"2018-04-20T08:20:00","WOJ":22,"sev":1,"c":[255,255,0,160],"dmg":3,"sli":1,"ser":0,"fat":0,"row":-1,"mot":-1,"pie":-1,"uto":-1,"uwr":-1},"geometry":{"type":"Point","coordinates":[18.585278,54.335833]}},{"type":"Feature","properties":{"ID":106901135,"yr":2018,"dt":"2018-04-20T16:39:00","WOJ":22,"sev":1,"c":[255,255,0,160],"dmg":2,"sli":1,"ser":0,"fat":0,"row":-1,"mot":-1,"pie":-1,"uto":-1,"uwr":-1},"geometry":{"type":"Point","coordinates":[18.522056,53.964694]}},{"type":"Feature","properties":{"ID":107430649,"yr":2018,"dt":"2018-11-06T09:45:00","WOJ":22,"sev":1,"c":[255,255,0,160],"dmg":1,"sli":1,"ser":0,"fat":0,"row":-1,"mot":-1,"pie":-1,"uto":-1,"uwr":-1},"geometry":{"type":"Point","coordinates":[17.321,53.881528]}},{"type":"Feature","properties":{"ID":106900813,"yr":2018,"dt":"2018-04-20T14:50:00","WOJ":22,"sev":1,"c":[255,255,0,160],"dmg":1,"sli":1,"ser":0,"fat":0,"row":-1,"mot":-1,"pie":-1,"uto":-1,"uwr":-1},"geometry":{"type":"Point","coordinates":[18.636944,54.267778]}},{"type":"Feature","properties":{"ID":106904319,"yr":2018,"dt":"2018-04-20T17:50:00","WOJ":22,"sev":1,"c":[255,255,0,160],"dmg":1,"sli":1,"ser":0,"fat":0,"row":1,"mot":-1,"pie":-1,"uto":-1,"uwr":-1},"geometry":{"type":"Point","coordinates":[18.44425,54.621889]}},{"type":"Feature","properties":{"ID":106901945,"yr":2018,"dt":"2018-04-20T19:16:00","WOJ":22,"sev":1,"c":[255,255,0,160],"dmg":1,"sli":1,"ser":0,"fat":0,"row":1,"mot":-1,"pie":-1,"uto":-1,"uwr":-1},"geometry":{"type":"Point","coordinates":[17.993611,54.126389]}},{"type":"Feature","properties":{"ID":106901403,"yr":2018,"dt":"2018-04-20T18:00:00","WOJ":22,"sev":1,"c":[255,255,0,160],"dmg":1,"sli":1,"ser":0,"fat":0,"row":1,"mot":-1,"pie":-1,"uto":-1,"uwr":-1},"geometry":{"type":"Point","coordinates":[18.176722,54.617139]}},{"type":"Feature","properties":{"ID":106901997,"yr":2018,"dt":"2018-04-20T17:50:00","WOJ":22,"sev":1,"c":[255,255,0,160],"dmg":0,"sli":1,"ser":0,"fat":0,"row":1,"mot":-1,"pie":-1,"uto":-1,"uwr":-1},"geometry":{"type":"Point","coordinates":[17.856667,54.267167]}},{"type":"Feature","properties":{"ID":106901938,"yr":2018,"dt":"2018-04-20T18:01:00","WOJ":22,"sev":1,"c":[255,255,0,160],"dmg":1,"sli":2,"ser":0,"fat":0,"row":1,"mot":-1,"pie":-1,"uto":-1,"uwr":-1},"geometry":{"type":"Point","coordinates":[18.716667,54.361389]}},{"type":"Feature","properties":{"ID":107432304,"yr":2018,"dt":"2018-11-07T15:35:00","WOJ":22,"sev":1,"c":[255,255,0,160],"dmg":1,"sli":1,"ser":0,"fat":0,"row":1,"mot":-1,"pie":-1,"uto":-1,"uwr":-1},"geometry":{"type":"Point","coordinates":[18.594722,54.404722]}},{"type":"Feature","properties":{"ID":106902991,"yr":2018,"dt":"2018-04-21T15:50:00","WOJ":22,"sev":1,"c":[255,255,0,160],"dmg":1,"sli":1,"ser":0,"fat":0,"row":1,"mot":-1,"pie":-1,"uto":-1,"uwr":-1},"geometry":{"type":"Point","coordinates":[18.632778,54.350833]}},{"type":"Feature","properties":{"ID":107431994,"yr":2018,"dt":"2018-11-07T11:00:00","WOJ":22,"sev":1,"c":[255,255,0,160],"dmg":1,"sli":1,"ser":0,"fat":0,"row":-1,"mot":-1,"pie":1,"uto":-1,"uwr":-1},"geometry":{"type":"Point","coordinates":[18.735861,54.123556]}},{"type":"Feature","properties":{"ID":106902508,"yr":2018,"dt":"2018-04-21T12:45:00","WOJ":22,"sev":1,"c":[255,255,0,160],"dmg":1,"sli":1,"ser":0,"fat":0,"row":-1,"mot":-1,"pie":-1,"uto":-1,"uwr":-1},"geometry":{"type":"Point","coordinates":[18.758111,54.122806]}},{"type":"Feature","properties":{"ID":106902655,"yr":2018,"dt":"2018-04-21T19:05:00","WOJ":22,"sev":1,"c":[255,255,0,160],"dmg":1,"sli":1,"ser":0,"fat":0,"row":1,"mot":-1,"pie":-1,"uto":-1,"uwr":-1},"geometry":{"type":"Point","coordinates":[18.569722,54.42]}},{"type":"Feature","properties":{"ID":106902977,"yr":2018,"dt":"2018-04-21T16:34:00","WOJ":22,"sev":1,"c":[255,255,0,160],"dmg":1,"sli":2,"ser":0,"fat":0,"row":-1,"mot":1,"pie":-1,"uto":-1,"uwr":-1},"geometry":{"type":"Point","coordinates":[18.379056,54.419444]}},{"type":"Feature","properties":{"ID":106903207,"yr":2018,"dt":"2018-04-22T01:40:00","WOJ":22,"sev":1,"c":[255,255,0,160],"dmg":0,"sli":2,"ser":0,"fat":0,"row":-1,"mot":-1,"pie":-1,"uto":-1,"uwr":-1},"geometry":{"type":"Point","coordinates":[18.719139,53.156611]}},{"type":"Feature","properties":{"ID":106903902,"yr":2018,"dt":"2018-04-22T13:05:00","WOJ":22,"sev":1,"c":[255,255,0,160],"dmg":1,"sli":1,"ser":0,"fat":0,"row":1,"mot":-1,"pie":-1,"uto":-1,"uwr":-1},"geometry":{"type":"Point","coordinates":[18.606389,54.398611]}},{"type":"Feature","properties":{"ID":107432145,"yr":2018,"dt":"2018-11-07T15:05:00","WOJ":22,"sev":1,"c":[255,255,0,160],"dmg":1,"sli":1,"ser":0,"fat":0,"row":1,"mot":-1,"pie":-1,"uto":-1,"uwr":-1},"geometry":{"type":"Point","coordinates":[18.799278,54.331056]}},{"type":"Feature","properties":{"ID":106903927,"yr":2018,"dt":"2018-04-22T12:19:00","WOJ":22,"sev":1,"c":[255,255,0,160],"dmg":1,"sli":1,"ser":0,"fat":0,"row":1,"mot":-1,"pie":-1,"uto":-1,"uwr":-1},"geometry":{"type":"Point","coordinates":[19.010222,54.014]}},{"type":"Feature","properties":{"ID":106904170,"yr":2018,"dt":"2018-04-22T18:40:00","WOJ":22,"sev":1,"c":[255,255,0,160],"dmg":0,"sli":1,"ser":0,"fat":0,"row":-1,"mot":-1,"pie":-1,"uto":-1,"uwr":-1},"geometry":{"type":"Point","coordinates":[18.833056,54.207778]}},{"type":"Feature","properties":{"ID":107430760,"yr":2018,"dt":"2018-11-07T09:38:00","WOJ":22,"sev":1,"c":[255,255,0,160],"dmg":2,"sli":1,"ser":0,"fat":0,"row":-1,"mot":-1,"pie":-1,"uto":-1,"uwr":-1},"geometry":{"type":"Point","coordinates":[18.798556,54.113389]}},{"type":"Feature","properties":{"ID":107433077,"yr":2018,"dt":"2018-11-08T10:00:00","WOJ":22,"sev":1,"c":[255,255,0,160],"dmg":1,"sli":1,"ser":0,"fat":0,"row":-1,"mot":-1,"pie":1,"uto":-1,"uwr":-1},"geometry":{"type":"Point","coordinates":[18.600278,54.346389]}},{"type":"Feature","properties":{"ID":106905400,"yr":2018,"dt":"2018-04-23T19:00:00","WOJ":22,"sev":1,"c":[255,255,0,160],"dmg":0,"sli":2,"ser":0,"fat":0,"row":-1,"mot":-1,"pie":-1,"uto":-1,"uwr":-1},"geometry":{"type":"Point","coordinates":[18.602778,54.412222]}},{"type":"Feature","properties":{"ID":106905455,"yr":2018,"dt":"2018-04-23T14:00:00","WOJ":22,"sev":1,"c":[255,255,0,160],"dmg":1,"sli":2,"ser":0,"fat":0,"row":-1,"mot":-1,"pie":-1,"uto":-1,"uwr":-1},"geometry":{"type":"Point","coordinates":[19.026139,53.922667]}},{"type":"Feature","properties":{"ID":107433018,"yr":2018,"dt":"2018-11-08T07:38:00","WOJ":22,"sev":1,"c":[255,255,0,160],"dmg":2,"sli":1,"ser":0,"fat":0,"row":-1,"mot":-1,"pie":-1,"uto":-1,"uwr":-1},"geometry":{"type":"Point","coordinates":[18.766111,54.088222]}},{"type":"Feature","properties":{"ID":106907549,"yr":2018,"dt":"2018-04-24T15:40:00","WOJ":22,"sev":1,"c":[255,255,0,160],"dmg":1,"sli":1,"ser":0,"fat":0,"row":-1,"mot":-1,"pie":-1,"uto":-1,"uwr":-1},"geometry":{"type":"Point","coordinates":[18.674722,54.0375]}},{"type":"Feature","properties":{"ID":107432981,"yr":2018,"dt":"2018-11-08T07:55:00","WOJ":22,"sev":1,"c":[255,255,0,160],"dmg":1,"sli":4,"ser":0,"fat":0,"row":-1,"mot":-1,"pie":-1,"uto":-1,"uwr":-1},"geometry":{"type":"Point","coordinates":[18.240556,54.093611]}},{"type":"Feature","properties":{"ID":106907622,"yr":2018,"dt":"2018-04-24T19:05:00","WOJ":22,"sev":1,"c":[255,255,0,160],"dmg":1,"sli":1,"ser":0,"fat":0,"row":-1,"mot":-1,"pie":1,"uto":-1,"uwr":-1},"geometry":{"type":"Point","coordinates":[17.579444,53.699722]}},{"type":"Feature","properties":{"ID":106906632,"yr":2018,"dt":"2018-04-24T08:43:00","WOJ":22,"sev":1,"c":[255,255,0,160],"dmg":1,"sli":1,"ser":0,"fat":0,"row":1,"mot":0,"pie":-1,"uto":-1,"uwr":-1},"geometry":{"type":"Point","coordinates":[18.457778,54.466389]}},{"type":"Feature","properties":{"ID":107434515,"yr":2018,"dt":"2018-11-09T08:04:00","WOJ":22,"sev":1,"c":[255,255,0,160],"dmg":1,"sli":1,"ser":0,"fat":0,"row":-1,"mot":-1,"pie":-1,"uto":-1,"uwr":-1},"geometry":{"type":"Point","coordinates":[18.375,54.415917]}},{"type":"Feature","properties":{"ID":106910048,"yr":2018,"dt":"2018-04-24T10:20:00","WOJ":22,"sev":1,"c":[255,255,0,160],"dmg":1,"sli":1,"ser":0,"fat":0,"row":-1,"mot":-1,"pie":-1,"uto":-1,"uwr":-1},"geometry":{"type":"Point","coordinates":[18.787222,54.088056]}},{"type":"Feature","properties":{"ID":107435120,"yr":2018,"dt":"2018-11-09T16:49:00","WOJ":22,"sev":1,"c":[255,255,0,160],"dmg":1,"sli":1,"ser":0,"fat":0,"row":-1,"mot":-1,"pie":1,"uto":-1,"uwr":-1},"geometry":{"type":"Point","coordinates":[16.987306,54.106833]}},{"type":"Feature","properties":{"ID":106909367,"yr":2018,"dt":"2018-04-25T10:20:00","WOJ":22,"sev":1,"c":[255,255,0,160],"dmg":1,"sli":1,"ser":0,"fat":0,"row":-1,"mot":-1,"pie":-1,"uto":-1,"uwr":-1},"geometry":{"type":"Point","coordinates":[18.631944,54.020278]}},{"type":"Feature","properties":{"ID":106910305,"yr":2018,"dt":"2018-04-25T19:30:00","WOJ":22,"sev":1,"c":[255,255,0,160],"dmg":0,"sli":1,"ser":0,"fat":0,"row":-1,"mot":-1,"pie":-1,"uto":-1,"uwr":-1},"geometry":{"type":"Point","coordinates":[18.657222,54.084722]}},{"type":"Feature","properties":{"ID":106911064,"yr":2018,"dt":"2018-04-25T17:40:00","WOJ":22,"sev":1,"c":[255,255,0,160],"dmg":0,"sli":2,"ser":0,"fat":0,"row":-1,"mot":-1,"pie":-1,"uto":-1,"uwr":-1},"geometry":{"type":"Point","coordinates":[18.513056,54.378333]}},{"type":"Feature","properties":{"ID":106909207,"yr":2018,"dt":"2018-04-25T08:00:00","WOJ":22,"sev":1,"c":[255,255,0,160],"dmg":2,"sli":1,"ser":0,"fat":0,"row":-1,"mot":-1,"pie":-1,"uto":-1,"uwr":-1},"geometry":{"type":"Point","coordinates":[18.630278,54.094167]}},{"type":"Feature","properties":{"ID":107434396,"yr":2018,"dt":"2018-11-09T07:40:00","WOJ":22,"sev":1,"c":[255,255,0,160],"dmg":1,"sli":1,"ser":0,"fat":0,"row":1,"mot":-1,"pie":-1,"uto":-1,"uwr":-1},"geometry":{"type":"Point","coordinates":[16.930222,54.477417]}},{"type":"Feature","properties":{"ID":106913726,"yr":2018,"dt":"2018-04-26T11:00:00","WOJ":22,"sev":1,"c":[255,255,0,160],"dmg":1,"sli":1,"ser":0,"fat":0,"row":-1,"mot":-1,"pie":1,"uto":-1,"uwr":-1},"geometry":{"type":"Point","coordinates":[18.274722,54.167778]}},{"type":"Feature","properties":{"ID":106922376,"yr":2018,"dt":"2018-04-26T20:30:00","WOJ":22,"sev":1,"c":[255,255,0,160],"dmg":1,"sli":1,"ser":0,"fat":0,"row":1,"mot":-1,"pie":-1,"uto":-1,"uwr":-1},"geometry":{"type":"Point","coordinates":[18.604444,54.386111]}},{"type":"Feature","properties":{"ID":106915889,"yr":2018,"dt":"2018-04-27T20:00:00","WOJ":22,"sev":1,"c":[255,255,0,160],"dmg":2,"sli":2,"ser":0,"fat":0,"row":-1,"mot":-1,"pie":-1,"uto":-1,"uwr":-1},"geometry":{"type":"Point","coordinates":[18.527139,53.956694]}},{"type":"Feature","properties":{"ID":106912555,"yr":2018,"dt":"2018-04-27T07:30:00","WOJ":22,"sev":1,"c":[255,255,0,160],"dmg":2,"sli":1,"ser":0,"fat":0,"row":-1,"mot":-1,"pie":-1,"uto":-1,"uwr":-1},"geometry":{"type":"Point","coordinates":[18.285417,53.95]}},{"type":"Feature","properties":{"ID":106912522,"yr":2018,"dt":"2018-04-27T07:08:00","WOJ":22,"sev":1,"c":[255,255,0,160],"dmg":6,"sli":1,"ser":0,"fat":0,"row":-1,"mot":-1,"pie":-1,"uto":-1,"uwr":-1},"geometry":{"type":"Point","coordinates":[18.445556,54.545]}},{"type":"Feature","properties":{"ID":107435064,"yr":2018,"dt":"2018-11-09T16:10:00","WOJ":22,"sev":1,"c":[255,255,0,160],"dmg":1,"sli":2,"ser":0,"fat":0,"row":-1,"mot":-1,"pie":-1,"uto":-1,"uwr":-1},"geometry":{"type":"Point","coordinates":[18.507556,54.289806]}},{"type":"Feature","properties":{"ID":106912540,"yr":2018,"dt":"2018-04-27T07:30:00","WOJ":22,"sev":1,"c":[255,255,0,160],"dmg":1,"sli":2,"ser":0,"fat":0,"row":-1,"mot":-1,"pie":-1,"uto":-1,"uwr":-1},"geometry":{"type":"Point","coordinates":[17.909722,54.112778]}},{"type":"Feature","properties":{"ID":107435358,"yr":2018,"dt":"2018-11-10T01:20:00","WOJ":22,"sev":1,"c":[255,255,0,160],"dmg":2,"sli":1,"ser":0,"fat":0,"row":-1,"mot":-1,"pie":-1,"uto":-1,"uwr":-1},"geometry":{"type":"Point","coordinates":[18.587778,54.412222]}},{"type":"Feature","properties":{"ID":106912710,"yr":2018,"dt":"2018-04-27T13:05:00","WOJ":22,"sev":1,"c":[255,255,0,160],"dmg":1,"sli":1,"ser":0,"fat":0,"row":1,"mot":-1,"pie":-1,"uto":-1,"uwr":-1},"geometry":{"type":"Point","coordinates":[19.038861,54.033417]}},{"type":"Feature","properties":{"ID":106914834,"yr":2018,"dt":"2018-04-27T17:50:00","WOJ":22,"sev":1,"c":[255,255,0,160],"dmg":0,"sli":2,"ser":0,"fat":0,"row":-1,"mot":-1,"pie":-1,"uto":-1,"uwr":-1},"geometry":{"type":"Point","coordinates":[18.488611,54.429444]}},{"type":"Feature","properties":{"ID":106918231,"yr":2018,"dt":"2018-04-28T12:30:00","WOJ":22,"sev":1,"c":[255,255,0,160],"dmg":1,"sli":6,"ser":0,"fat":0,"row":-1,"mot":-1,"pie":-1,"uto":-1,"uwr":-1},"geometry":{"type":"Point","coordinates":[17.826639,53.763917]}},{"type":"Feature","properties":{"ID":107435537,"yr":2018,"dt":"2018-11-10T00:00:00","WOJ":22,"sev":1,"c":[255,255,0,160],"dmg":2,"sli":4,"ser":0,"fat":0,"row":-1,"mot":-1,"pie":-1,"uto":-1,"uwr":-1},"geometry":{"type":"Point","coordinates":[18.635167,53.679028]}},{"type":"Feature","properties":{"ID":106916976,"yr":2018,"dt":"2018-04-28T14:30:00","WOJ":22,"sev":1,"c":[255,255,0,160],"dmg":1,"sli":2,"ser":0,"fat":0,"row":-1,"mot":-1,"pie":-1,"uto":-1,"uwr":-1},"geometry":{"type":"Point","coordinates":[17.080694,54.451389]}},{"type":"Feature","properties":{"ID":106917100,"yr":2018,"dt":"2018-04-28T19:20:00","WOJ":22,"sev":1,"c":[255,255,0,160],"dmg":0,"sli":2,"ser":0,"fat":0,"row":-1,"mot":-1,"pie":-1,"uto":-1,"uwr":-1},"geometry":{"type":"Point","coordinates":[17.998778,54.695306]}},{"type":"Feature","properties":{"ID":107431566,"yr":2018,"dt":"2018-11-10T17:30:00","WOJ":22,"sev":1,"c":[255,255,0,160],"dmg":1,"sli":1,"ser":0,"fat":0,"row":-1,"mot":-1,"pie":1,"uto":-1,"uwr":-1},"geometry":{"type":"Point","coordinates":[17.978333,54.125833]}},{"type":"Feature","properties":{"ID":107437008,"yr":2018,"dt":"2018-11-10T18:30:00","WOJ":22,"sev":1,"c":[255,255,0,160],"dmg":0,"sli":1,"ser":0,"fat":0,"row":-1,"mot":-1,"pie":-1,"uto":-1,"uwr":-1},"geometry":{"type":"Point","coordinates":[17.328111,53.653639]}},{"type":"Feature","properties":{"ID":106917925,"yr":2018,"dt":"2018-04-29T16:30:00","WOJ":22,"sev":1,"c":[255,255,0,160],"dmg":0,"sli":1,"ser":0,"fat":0,"row":-1,"mot":-1,"pie":-1,"uto":-1,"uwr":-1},"geometry":{"type":"Point","coordinates":[19.111944,53.914444]}},{"type":"Feature","properties":{"ID":106917578,"yr":2018,"dt":"2018-04-29T15:20:00","WOJ":22,"sev":1,"c":[255,255,0,160],"dmg":1,"sli":1,"ser":0,"fat":0,"row":-1,"mot":-1,"pie":-1,"uto":-1,"uwr":-1},"geometry":{"type":"Point","coordinates":[18.497028,54.590861]}},{"type":"Feature","properties":{"ID":106917717,"yr":2018,"dt":"2018-04-29T18:05:00","WOJ":22,"sev":1,"c":[255,255,0,160],"dmg":0,"sli":2,"ser":0,"fat":0,"row":-1,"mot":-1,"pie":-1,"uto":-1,"uwr":-1},"geometry":{"type":"Point","coordinates":[18.650833,53.902778]}},{"type":"Feature","properties":{"ID":106916362,"yr":2018,"dt":"2018-04-29T10:10:00","WOJ":22,"sev":1,"c":[255,255,0,160],"dmg":2,"sli":1,"ser":0,"fat":0,"row":1,"mot":-1,"pie":-1,"uto":-1,"uwr":-1},"geometry":{"type":"Point","coordinates":[18.709444,54.173056]}},{"type":"Feature","properties":{"ID":107435555,"yr":2018,"dt":"2018-11-10T06:13:00","WOJ":22,"sev":1,"c":[255,255,0,160],"dmg":1,"sli":1,"ser":0,"fat":0,"row":-1,"mot":-1,"pie":-1,"uto":-1,"uwr":-1},"geometry":{"type":"Point","coordinates":[18.428889,54.4875]}},{"type":"Feature","properties":{"ID":107436400,"yr":2018,"dt":"2018-11-10T18:25:00","WOJ":22,"sev":1,"c":[255,255,0,160],"dmg":1,"sli":1,"ser":0,"fat":0,"row":-1,"mot":-1,"pie":-1,"uto":-1,"uwr":-1},"geometry":{"type":"Point","coordinates":[18.792111,54.092917]}},{"type":"Feature","properties":{"ID":106922031,"yr":2018,"dt":"2018-04-30T08:30:00","WOJ":22,"sev":1,"c":[255,255,0,160],"dmg":1,"sli":1,"ser":0,"fat":0,"row":-1,"mot":-1,"pie":-1,"uto":-1,"uwr":-1},"geometry":{"type":"Point","coordinates":[18.683056,54.348889]}},{"type":"Feature","properties":{"ID":106920010,"yr":2018,"dt":"2018-04-30T16:55:00","WOJ":22,"sev":1,"c":[255,255,0,160],"dmg":1,"sli":1,"ser":0,"fat":0,"row":-1,"mot":1,"pie":-1,"uto":-1,"uwr":-1},"geometry":{"type":"Point","coordinates":[18.526722,54.52125]}},{"type":"Feature","properties":{"ID":106919978,"yr":2018,"dt":"2018-04-30T15:20:00","WOJ":22,"sev":1,"c":[255,255,0,160],"dmg":1,"sli":1,"ser":0,"fat":0,"row":-1,"mot":-1,"pie":1,"uto":-1,"uwr":-1},"geometry":{"type":"Point","coordinates":[17.044917,54.479528]}},{"type":"Feature","properties":{"ID":107436470,"yr":2018,"dt":"2018-11-11T01:30:00","WOJ":22,"sev":1,"c":[255,255,0,160],"dmg":1,"sli":1,"ser":0,"fat":0,"row":-1,"mot":-1,"pie":1,"uto":-1,"uwr":-1},"geometry":{"type":"Point","coordinates":[18.616111,54.378611]}},{"type":"Feature","properties":{"ID":106920281,"yr":2018,"dt":"2018-04-30T18:54:00","WOJ":22,"sev":1,"c":[255,255,0,160],"dmg":1,"sli":1,"ser":0,"fat":0,"row":-1,"mot":-1,"pie":-1,"uto":-1,"uwr":-1},"geometry":{"type":"Point","coordinates":[18.312528,54.379194]}},{"type":"Feature","properties":{"ID":107437978,"yr":2018,"dt":"2018-11-11T18:25:00","WOJ":22,"sev":1,"c":[255,255,0,160],"dmg":1,"sli":1,"ser":0,"fat":0,"row":-1,"mot":-1,"pie":1,"uto":-1,"uwr":-1},"geometry":{"type":"Point","coordinates":[19.033806,53.918389]}},{"type":"Feature","properties":{"ID":106920454,"yr":2018,"dt":"2018-05-01T10:45:00","WOJ":22,"sev":1,"c":[255,255,0,160],"dmg":1,"sli":1,"ser":0,"fat":0,"row":-1,"mot":-1,"pie":1,"uto":-1,"uwr":-1},"geometry":{"type":"Point","coordinates":[18.58,54.343056]}},{"type":"Feature","properties":{"ID":106920706,"yr":2018,"dt":"2018-05-01T15:00:00","WOJ":22,"sev":1,"c":[255,255,0,160],"dmg":2,"sli":1,"ser":0,"fat":0,"row":-1,"mot":-1,"pie":-1,"uto":-1,"uwr":-1},"geometry":{"type":"Point","coordinates":[18.630556,54.401389]}},{"type":"Feature","properties":{"ID":106920985,"yr":2018,"dt":"2018-05-01T18:55:00","WOJ":22,"sev":1,"c":[255,255,0,160],"dmg":2,"sli":2,"ser":0,"fat":0,"row":1,"mot":-1,"pie":-1,"uto":-1,"uwr":-1},"geometry":{"type":"Point","coordinates":[18.753889,54.086111]}},{"type":"Feature","properties":{"ID":106918761,"yr":2018,"dt":"2018-05-01T12:00:00","WOJ":22,"sev":1,"c":[255,255,0,160],"dmg":1,"sli":1,"ser":0,"fat":0,"row":-1,"mot":1,"pie":-1,"uto":-1,"uwr":-1},"geometry":{"type":"Point","coordinates":[18.96425,54.123694]}},{"type":"Feature","properties":{"ID":107437987,"yr":2018,"dt":"2018-11-11T16:50:00","WOJ":22,"sev":1,"c":[255,255,0,160],"dmg":0,"sli":1,"ser":0,"fat":0,"row":-1,"mot":-1,"pie":-1,"uto":-1,"uwr":-1},"geometry":{"type":"Point","coordinates":[18.425583,54.261056]}},{"type":"Feature","properties":{"ID":106922697,"yr":2018,"dt":"2018-05-02T16:20:00","WOJ":22,"sev":1,"c":[255,255,0,160],"dmg":1,"sli":1,"ser":0,"fat":0,"row":-1,"mot":-1,"pie":-1,"uto":-1,"uwr":-1},"geometry":{"type":"Point","coordinates":[18.604167,54.410278]}},{"type":"Feature","properties":{"ID":106923952,"yr":2018,"dt":"2018-05-02T12:20:00","WOJ":22,"sev":1,"c":[255,255,0,160],"dmg":1,"sli":1,"ser":0,"fat":0,"row":-1,"mot":-1,"pie":-1,"uto":-1,"uwr":-1},"geometry":{"type":"Point","coordinates":[18.621944,54.383333]}},{"type":"Feature","properties":{"ID":107437968,"yr":2018,"dt":"2018-11-11T18:00:00","WOJ":22,"sev":1,"c":[255,255,0,160],"dmg":1,"sli":2,"ser":0,"fat":0,"row":-1,"mot":-1,"pie":-1,"uto":-1,"uwr":-1},"geometry":{"type":"Point","coordinates":[19.124472,53.742167]}},{"type":"Feature","properties":{"ID":106922672,"yr":2018,"dt":"2018-05-02T14:40:00","WOJ":22,"sev":1,"c":[255,255,0,160],"dmg":1,"sli":1,"ser":0,"fat":0,"row":-1,"mot":-1,"pie":1,"uto":-1,"uwr":-1},"geometry":{"type":"Point","coordinates":[18.944278,53.61]}},{"type":"Feature","properties":{"ID":106922579,"yr":2018,"dt":"2018-05-02T14:50:00","WOJ":22,"sev":1,"c":[255,255,0,160],"dmg":1,"sli":1,"ser":0,"fat":0,"row":1,"mot":-1,"pie":0,"uto":-1,"uwr":-1},"geometry":{"type":"Point","coordinates":[17.520528,53.789806]}},{"type":"Feature","properties":{"ID":106921213,"yr":2018,"dt":"2018-05-02T10:05:00","WOJ":22,"sev":1,"c":[255,255,0,160],"dmg":2,"sli":1,"ser":0,"fat":0,"row":-1,"mot":-1,"pie":-1,"uto":-1,"uwr":-1},"geometry":{"type":"Point","coordinates":[18.668694,53.741278]}},{"type":"Feature","properties":{"ID":106923993,"yr":2018,"dt":"2018-05-03T09:55:00","WOJ":22,"sev":1,"c":[255,255,0,160],"dmg":1,"sli":1,"ser":0,"fat":0,"row":-1,"mot":-1,"pie":1,"uto":-1,"uwr":-1},"geometry":{"type":"Point","coordinates":[18.521111,54.375]}},{"type":"Feature","properties":{"ID":106934116,"yr":2018,"dt":"2018-05-03T15:50:00","WOJ":22,"sev":1,"c":[255,255,0,160],"dmg":0,"sli":3,"ser":0,"fat":0,"row":-1,"mot":-1,"pie":-1,"uto":-1,"uwr":-1},"geometry":{"type":"Point","coordinates":[18.979083,54.167639]}},{"type":"Feature","properties":{"ID":106923225,"yr":2018,"dt":"2018-05-03T13:30:00","WOJ":22,"sev":1,"c":[255,255,0,160],"dmg":0,"sli":1,"ser":0,"fat":0,"row":-1,"mot":1,"pie":-1,"uto":-1,"uwr":-1},"geometry":{"type":"Point","coordinates":[19.0805,54.126083]}},{"type":"Feature","properties":{"ID":107438791,"yr":2018,"dt":"2018-11-12T20:30:00","WOJ":22,"sev":1,"c":[255,255,0,160],"dmg":0,"sli":2,"ser":0,"fat":0,"row":-1,"mot":-1,"pie":-1,"uto":-1,"uwr":-1},"geometry":{"type":"Point","coordinates":[18.409889,54.144333]}},{"type":"Feature","properties":{"ID":106925425,"yr":2018,"dt":"2018-05-04T19:00:00","WOJ":22,"sev":1,"c":[255,255,0,160],"dmg":1,"sli":1,"ser":0,"fat":0,"row":1,"mot":-1,"pie":-1,"uto":-1,"uwr":-1},"geometry":{"type":"Point","coordinates":[18.583611,54.419722]}},{"type":"Feature","properties":{"ID":106924857,"yr":2018,"dt":"2018-05-04T10:00:00","WOJ":22,"sev":1,"c":[255,255,0,160],"dmg":1,"sli":1,"ser":0,"fat":0,"row":-1,"mot":-1,"pie":-1,"uto":-1,"uwr":-1},"geometry":{"type":"Point","coordinates":[18.0425,54.123056]}},{"type":"Feature","properties":{"ID":106934058,"yr":2018,"dt":"2018-05-04T08:45:00","WOJ":22,"sev":1,"c":[255,255,0,160],"dmg":1,"sli":1,"ser":0,"fat":0,"row":-1,"mot":1,"pie":-1,"uto":-1,"uwr":-1},"geometry":{"type":"Point","coordinates":[18.731944,54.102333]}},{"type":"Feature","properties":{"ID":106924138,"yr":2018,"dt":"2018-05-04T06:42:00","WOJ":22,"sev":1,"c":[255,255,0,160],"dmg":0,"sli":1,"ser":0,"fat":0,"row":-1,"mot":-1,"pie":-1,"uto":-1,"uwr":-1},"geometry":{"type":"Point","coordinates":[19.428583,53.853333]}},{"type":"Feature","properties":{"ID":107438338,"yr":2018,"dt":"2018-11-12T14:25:00","WOJ":22,"sev":1,"c":[255,255,0,160],"dmg":2,"sli":1,"ser":0,"fat":0,"row":-1,"mot":-1,"pie":-1,"uto":-1,"uwr":-1},"geometry":{"type":"Point","coordinates":[18.607222,54.379444]}},{"type":"Feature","properties":{"ID":106925169,"yr":2018,"dt":"2018-05-04T16:30:00","WOJ":22,"sev":1,"c":[255,255,0,160],"dmg":1,"sli":1,"ser":0,"fat":0,"row":1,"mot":-1,"pie":-1,"uto":-1,"uwr":-1},"geometry":{"type":"Point","coordinates":[18.592778,54.390278]}},{"type":"Feature","properties":{"ID":106924834,"yr":2018,"dt":"2018-05-04T12:00:00","WOJ":22,"sev":1,"c":[255,255,0,160],"dmg":2,"sli":1,"ser":0,"fat":0,"row":-1,"mot":-1,"pie":-1,"uto":-1,"uwr":-1},"geometry":{"type":"Point","coordinates":[18.630278,54.320278]}},{"type":"Feature","properties":{"ID":106924623,"yr":2018,"dt":"2018-05-05T15:35:00","WOJ":22,"sev":1,"c":[255,255,0,160],"dmg":1,"sli":6,"ser":0,"fat":0,"row":-1,"mot":-1,"pie":-1,"uto":-1,"uwr":-1},"geometry":{"type":"Point","coordinates":[18.8275,54.290556]}},{"type":"Feature","properties":{"ID":107438411,"yr":2018,"dt":"2018-11-12T12:30:00","WOJ":22,"sev":1,"c":[255,255,0,160],"dmg":1,"sli":1,"ser":0,"fat":0,"row":-1,"mot":-1,"pie":-1,"uto":-1,"uwr":-1},"geometry":{"type":"Point","coordinates":[18.487028,53.739361]}},{"type":"Feature","properties":{"ID":107439557,"yr":2018,"dt":"2018-11-13T15:30:00","WOJ":22,"sev":1,"c":[255,255,0,160],"dmg":3,"sli":1,"ser":0,"fat":0,"row":-1,"mot":-1,"pie":-1,"uto":-1,"uwr":-1},"geometry":{"type":"Point","coordinates":[18.208333,54.303306]}},{"type":"Feature","properties":{"ID":106935150,"yr":2018,"dt":"2018-05-05T12:30:00","WOJ":22,"sev":1,"c":[255,255,0,160],"dmg":1,"sli":1,"ser":0,"fat":0,"row":1,"mot":-1,"pie":-1,"uto":-1,"uwr":-1},"geometry":{"type":"Point","coordinates":[18.436583,54.450389]}},{"type":"Feature","properties":{"ID":106929424,"yr":2018,"dt":"2018-05-05T10:30:00","WOJ":22,"sev":1,"c":[255,255,0,160],"dmg":0,"sli":3,"ser":0,"fat":0,"row":-1,"mot":-1,"pie":-1,"uto":-1,"uwr":-1},"geometry":{"type":"Point","coordinates":[18.579722,54.082222]}},{"type":"Feature","properties":{"ID":106925938,"yr":2018,"dt":"2018-05-05T14:30:00","WOJ":22,"sev":1,"c":[255,255,0,160],"dmg":1,"sli":1,"ser":0,"fat":0,"row":1,"mot":-1,"pie":-1,"uto":-1,"uwr":-1},"geometry":{"type":"Point","coordinates":[18.553889,54.329167]}},{"type":"Feature","properties":{"ID":107440007,"yr":2018,"dt":"2018-11-13T18:55:00","WOJ":22,"sev":1,"c":[255,255,0,160],"dmg":1,"sli":1,"ser":0,"fat":0,"row":1,"mot":-1,"pie":-1,"uto":-1,"uwr":-1},"geometry":{"type":"Point","coordinates":[18.526889,53.964306]}},{"type":"Feature","properties":{"ID":107466626,"yr":2018,"dt":"2018-11-13T17:26:00","WOJ":22,"sev":1,"c":[255,255,0,160],"dmg":1,"sli":1,"ser":0,"fat":0,"row":-1,"mot":-1,"pie":1,"uto":-1,"uwr":-1},"geometry":{"type":"Point","coordinates":[18.532194,53.963222]}},{"type":"Feature","properties":{"ID":107439480,"yr":2018,"dt":"2018-11-13T12:25:00","WOJ":22,"sev":1,"c":[255,255,0,160],"dmg":2,"sli":1,"ser":0,"fat":0,"row":-1,"mot":-1,"pie":-1,"uto":-1,"uwr":-1},"geometry":{"type":"Point","coordinates":[18.514444,54.374444]}},{"type":"Feature","properties":{"ID":106926462,"yr":2018,"dt":"2018-05-06T10:20:00","WOJ":22,"sev":1,"c":[255,255,0,160],"dmg":2,"sli":1,"ser":0,"fat":0,"row":-1,"mot":-1,"pie":-1,"uto":-1,"uwr":-1},"geometry":{"type":"Point","coordinates":[17.8498,54.1318]}},{"type":"Feature","properties":{"ID":107440085,"yr":2018,"dt":"2018-11-13T15:58:00","WOJ":22,"sev":1,"c":[255,255,0,160],"dmg":1,"sli":1,"ser":0,"fat":0,"row":-1,"mot":-1,"pie":1,"uto":-1,"uwr":-1},"geometry":{"type":"Point","coordinates":[18.511667,54.526667]}},{"type":"Feature","properties":{"ID":106926878,"yr":2018,"dt":"2018-05-06T12:31:00","WOJ":22,"sev":1,"c":[255,255,0,160],"dmg":2,"sli":1,"ser":0,"fat":0,"row":-1,"mot":-1,"pie":-1,"uto":-1,"uwr":-1},"geometry":{"type":"Point","coordinates":[19.016861,54.134222]}},{"type":"Feature","properties":{"ID":106926733,"yr":2018,"dt":"2018-05-06T13:58:00","WOJ":22,"sev":1,"c":[255,255,0,160],"dmg":2,"sli":1,"ser":0,"fat":0,"row":-1,"mot":-1,"pie":-1,"uto":-1,"uwr":-1},"geometry":{"type":"Point","coordinates":[18.378333,54.419111]}},{"type":"Feature","properties":{"ID":106926951,"yr":2018,"dt":"2018-05-06T15:20:00","WOJ":22,"sev":1,"c":[255,255,0,160],"dmg":1,"sli":1,"ser":0,"fat":0,"row":-1,"mot":-1,"pie":1,"uto":-1,"uwr":-1},"geometry":{"type":"Point","coordinates":[18.716111,54.361389]}},{"type":"Feature","properties":{"ID":106926350,"yr":2018,"dt":"2018-05-06T04:30:00","WOJ":22,"sev":1,"c":[255,255,0,160],"dmg":0,"sli":1,"ser":0,"fat":0,"row":-1,"mot":-1,"pie":-1,"uto":-1,"uwr":-1},"geometry":{"type":"Point","coordinates":[18.684444,54.272778]}},{"type":"Feature","properties":{"ID":106926302,"yr":2018,"dt":"2018-05-06T06:40:00","WOJ":22,"sev":1,"c":[255,255,0,160],"dmg":1,"sli":5,"ser":0,"fat":0,"row":-1,"mot":-1,"pie":-1,"uto":-1,"uwr":-1},"geometry":{"type":"Point","coordinates":[18.661111,54.010833]}},{"type":"Feature","properties":{"ID":106928762,"yr":2018,"dt":"2018-05-07T12:35:00","WOJ":22,"sev":1,"c":[255,255,0,160],"dmg":2,"sli":1,"ser":0,"fat":0,"row":-1,"mot":-1,"pie":-1,"uto":-1,"uwr":-1},"geometry":{"type":"Point","coordinates":[18.866389,54.058167]}},{"type":"Feature","properties":{"ID":106928849,"yr":2018,"dt":"2018-05-07T10:37:00","WOJ":22,"sev":1,"c":[255,255,0,160],"dmg":1,"sli":1,"ser":0,"fat":0,"row":-1,"mot":-1,"pie":-1,"uto":-1,"uwr":-1},"geometry":{"type":"Point","coordinates":[18.470194,54.542389]}},{"type":"Feature","properties":{"ID":107440147,"yr":2018,"dt":"2018-11-14T06:10:00","WOJ":22,"sev":1,"c":[255,255,0,160],"dmg":1,"sli":1,"ser":0,"fat":0,"row":-1,"mot":-1,"pie":1,"uto":-1,"uwr":-1},"geometry":{"type":"Point","coordinates":[18.508056,54.376389]}},{"type":"Feature","properties":{"ID":107445034,"yr":2018,"dt":"2018-11-14T06:40:00","WOJ":22,"sev":1,"c":[255,255,0,160],"dmg":1,"sli":1,"ser":0,"fat":0,"row":-1,"mot":-1,"pie":1,"uto":-1,"uwr":-1},"geometry":{"type":"Point","coordinates":[18.563333,54.378333]}},{"type":"Feature","properties":{"ID":107440690,"yr":2018,"dt":"2018-11-14T13:15:00","WOJ":22,"sev":1,"c":[255,255,0,160],"dmg":1,"sli":1,"ser":0,"fat":0,"row":-1,"mot":-1,"pie":-1,"uto":-1,"uwr":-1},"geometry":{"type":"Point","coordinates":[18.343944,54.325417]}},{"type":"Feature","properties":{"ID":106928976,"yr":2018,"dt":"2018-05-07T18:40:00","WOJ":22,"sev":1,"c":[255,255,0,160],"dmg":1,"sli":1,"ser":0,"fat":0,"row":-1,"mot":-1,"pie":1,"uto":-1,"uwr":-1},"geometry":{"type":"Point","coordinates":[18.493944,54.538417]}},{"type":"Feature","properties":{"ID":106928853,"yr":2018,"dt":"2018-05-07T15:25:00","WOJ":22,"sev":1,"c":[255,255,0,160],"dmg":1,"sli":1,"ser":0,"fat":0,"row":-1,"mot":-1,"pie":1,"uto":-1,"uwr":-1},"geometry":{"type":"Point","coordinates":[18.581389,54.377222]}},{"type":"Feature","properties":{"ID":107441445,"yr":2018,"dt":"2018-11-14T13:30:00","WOJ":22,"sev":1,"c":[255,255,0,160],"dmg":0,"sli":1,"ser":0,"fat":0,"row":-1,"mot":-1,"pie":-1,"uto":-1,"uwr":-1},"geometry":{"type":"Point","coordinates":[17.475,53.737222]}},{"type":"Feature","properties":{"ID":106928690,"yr":2018,"dt":"2018-05-07T13:30:00","WOJ":22,"sev":1,"c":[255,255,0,160],"dmg":1,"sli":1,"ser":0,"fat":0,"row":-1,"mot":-1,"pie":-1,"uto":-1,"uwr":-1},"geometry":{"type":"Point","coordinates":[18.644444,54.355556]}},{"type":"Feature","properties":{"ID":106929169,"yr":2018,"dt":"2018-05-07T19:00:00","WOJ":22,"sev":1,"c":[255,255,0,160],"dmg":1,"sli":1,"ser":0,"fat":0,"row":1,"mot":-1,"pie":-1,"uto":-1,"uwr":-1},"geometry":{"type":"Point","coordinates":[18.421333,54.5655]}},{"type":"Feature","properties":{"ID":107441488,"yr":2018,"dt":"2018-11-14T12:45:00","WOJ":22,"sev":1,"c":[255,255,0,160],"dmg":0,"sli":1,"ser":0,"fat":0,"row":-1,"mot":-1,"pie":-1,"uto":-1,"uwr":-1},"geometry":{"type":"Point","coordinates":[18.729611,54.246167]}},{"type":"Feature","properties":{"ID":106931094,"yr":2018,"dt":"2018-05-08T09:55:00","WOJ":22,"sev":1,"c":[255,255,0,160],"dmg":1,"sli":1,"ser":0,"fat":0,"row":-1,"mot":-1,"pie":1,"uto":-1,"uwr":-1},"geometry":{"type":"Point","coordinates":[19.040833,54.017972]}},{"type":"Feature","properties":{"ID":106934571,"yr":2018,"dt":"2018-05-08T05:52:00","WOJ":22,"sev":1,"c":[255,255,0,160],"dmg":1,"sli":1,"ser":0,"fat":0,"row":-1,"mot":-1,"pie":-1,"uto":-1,"uwr":-1},"geometry":{"type":"Point","coordinates":[18.114028,54.346583]}},{"type":"Feature","properties":{"ID":106932343,"yr":2018,"dt":"2018-05-08T16:30:00","WOJ":22,"sev":1,"c":[255,255,0,160],"dmg":0,"sli":1,"ser":0,"fat":0,"row":-1,"mot":1,"pie":-1,"uto":-1,"uwr":-1},"geometry":{"type":"Point","coordinates":[17.740278,53.934167]}},{"type":"Feature","properties":{"ID":106932159,"yr":2018,"dt":"2018-05-08T16:30:00","WOJ":22,"sev":1,"c":[255,255,0,160],"dmg":3,"sli":1,"ser":0,"fat":0,"row":-1,"mot":-1,"pie":-1,"uto":-1,"uwr":-1},"geometry":{"type":"Point","coordinates":[18.505556,54.3725]}},{"type":"Feature","properties":{"ID":106931386,"yr":2018,"dt":"2018-05-08T18:00:00","WOJ":22,"sev":1,"c":[255,255,0,160],"dmg":1,"sli":1,"ser":0,"fat":0,"row":1,"mot":-1,"pie":-1,"uto":-1,"uwr":-1},"geometry":{"type":"Point","coordinates":[19.198194,53.7575]}},{"type":"Feature","properties":{"ID":107442833,"yr":2018,"dt":"2018-11-14T19:15:00","WOJ":22,"sev":1,"c":[255,255,0,160],"dmg":1,"sli":1,"ser":0,"fat":0,"row":1,"mot":-1,"pie":-1,"uto":-1,"uwr":-1},"geometry":{"type":"Point","coordinates":[18.591667,54.403611]}},{"type":"Feature","properties":{"ID":106929591,"yr":2018,"dt":"2018-05-08T06:40:00","WOJ":22,"sev":1,"c":[255,255,0,160],"dmg":1,"sli":1,"ser":0,"fat":0,"row":-1,"mot":-1,"pie":-1,"uto":-1,"uwr":-1},"geometry":{"type":"Point","coordinates":[18.287778,54.176667]}},{"type":"Feature","properties":{"ID":106931850,"yr":2018,"dt":"2018-05-08T10:45:00","WOJ":22,"sev":1,"c":[255,255,0,160],"dmg":1,"sli":1,"ser":0,"fat":0,"row":-1,"mot":-1,"pie":-1,"uto":-1,"uwr":-1},"geometry":{"type":"Point","coordinates":[17.054833,54.467111]}},{"type":"Feature","properties":{"ID":106932288,"yr":2018,"dt":"2018-05-08T17:45:00","WOJ":22,"sev":1,"c":[255,255,0,160],"dmg":1,"sli":1,"ser":0,"fat":0,"row":-1,"mot":-1,"pie":-1,"uto":-1,"uwr":-1},"geometry":{"type":"Point","coordinates":[18.665833,54.398056]}},{"type":"Feature","properties":{"ID":106933669,"yr":2018,"dt":"2018-05-09T16:00:00","WOJ":22,"sev":1,"c":[255,255,0,160],"dmg":1,"sli":1,"ser":0,"fat":0,"row":1,"mot":-1,"pie":-1,"uto":-1,"uwr":-1},"geometry":{"type":"Point","coordinates":[18.641389,54.261389]}},{"type":"Feature","properties":{"ID":106933701,"yr":2018,"dt":"2018-05-09T16:00:00","WOJ":22,"sev":1,"c":[255,255,0,160],"dmg":1,"sli":1,"ser":0,"fat":0,"row":1,"mot":-1,"pie":-1,"uto":-1,"uwr":-1},"geometry":{"type":"Point","coordinates":[17.025917,54.457556]}},{"type":"Feature","properties":{"ID":106933957,"yr":2018,"dt":"2018-05-09T19:15:00","WOJ":22,"sev":1,"c":[255,255,0,160],"dmg":1,"sli":2,"ser":0,"fat":0,"row":-1,"mot":-1,"pie":-1,"uto":-1,"uwr":-1},"geometry":{"type":"Point","coordinates":[18.869083,53.165778]}},{"type":"Feature","properties":{"ID":106933914,"yr":2018,"dt":"2018-05-09T17:00:00","WOJ":22,"sev":1,"c":[255,255,0,160],"dmg":1,"sli":1,"ser":0,"fat":0,"row":1,"mot":-1,"pie":-1,"uto":-1,"uwr":-1},"geometry":{"type":"Point","coordinates":[18.10225,53.157889]}},{"type":"Feature","properties":{"ID":107441991,"yr":2018,"dt":"2018-11-14T16:17:00","WOJ":22,"sev":1,"c":[255,255,0,160],"dmg":2,"sli":1,"ser":0,"fat":0,"row":-1,"mot":-1,"pie":-1,"uto":-1,"uwr":-1},"geometry":{"type":"Point","coordinates":[18.461389,54.545]}},{"type":"Feature","properties":{"ID":106935310,"yr":2018,"dt":"2018-05-09T17:10:00","WOJ":22,"sev":1,"c":[255,255,0,160],"dmg":1,"sli":1,"ser":0,"fat":0,"row":-1,"mot":-1,"pie":1,"uto":-1,"uwr":-1},"geometry":{"type":"Point","coordinates":[18.574167,54.351389]}},{"type":"Feature","properties":{"ID":106933220,"yr":2018,"dt":"2018-05-09T07:15:00","WOJ":22,"sev":1,"c":[255,255,0,160],"dmg":1,"sli":1,"ser":0,"fat":0,"row":-1,"mot":-1,"pie":1,"uto":-1,"uwr":-1},"geometry":{"type":"Point","coordinates":[18.437556,54.364417]}},{"type":"Feature","properties":{"ID":106932934,"yr":2018,"dt":"2018-05-09T08:10:00","WOJ":22,"sev":1,"c":[255,255,0,160],"dmg":1,"sli":1,"ser":0,"fat":0,"row":-1,"mot":-1,"pie":1,"uto":-1,"uwr":-1},"geometry":{"type":"Point","coordinates":[18.40625,54.720139]}},{"type":"Feature","properties":{"ID":106933373,"yr":2018,"dt":"2018-05-09T13:20:00","WOJ":22,"sev":1,"c":[255,255,0,160],"dmg":1,"sli":1,"ser":0,"fat":0,"row":1,"mot":-1,"pie":-1,"uto":-1,"uwr":-1},"geometry":{"type":"Point","coordinates":[18.699444,54.363333]}},{"type":"Feature","properties":{"ID":107443008,"yr":2018,"dt":"2018-11-15T08:00:00","WOJ":22,"sev":1,"c":[255,255,0,160],"dmg":1,"sli":1,"ser":0,"fat":0,"row":-1,"mot":-1,"pie":1,"uto":-1,"uwr":-1},"geometry":{"type":"Point","coordinates":[18.630556,54.329444]}},{"type":"Feature","properties":{"ID":107443120,"yr":2018,"dt":"2018-11-15T07:00:00","WOJ":22,"sev":1,"c":[255,255,0,160],"dmg":1,"sli":1,"ser":0,"fat":0,"row":-1,"mot":-1,"pie":-1,"uto":-1,"uwr":-1},"geometry":{"type":"Point","coordinates":[18.702889,54.094194]}},{"type":"Feature","properties":{"ID":106935657,"yr":2018,"dt":"2018-05-10T10:15:00","WOJ":22,"sev":1,"c":[255,255,0,160],"dmg":0,"sli":1,"ser":0,"fat":0,"row":-1,"mot":-1,"pie":-1,"uto":-1,"uwr":-1},"geometry":{"type":"Point","coordinates":[18.394778,53.995861]}},{"type":"Feature","properties":{"ID":106935838,"yr":2018,"dt":"2018-05-10T15:10:00","WOJ":22,"sev":1,"c":[255,255,0,160],"dmg":1,"sli":1,"ser":0,"fat":0,"row":-1,"mot":-1,"pie":-1,"uto":-1,"uwr":-1},"geometry":{"type":"Point","coordinates":[18.635556,54.264722]}},{"type":"Feature","properties":{"ID":106934594,"yr":2018,"dt":"2018-05-10T18:00:00","WOJ":22,"sev":1,"c":[255,255,0,160],"dmg":0,"sli":1,"ser":0,"fat":0,"row":-1,"mot":1,"pie":-1,"uto":-1,"uwr":-1},"geometry":{"type":"Point","coordinates":[17.394722,53.900278]}},{"type":"Feature","properties":{"ID":107443863,"yr":2018,"dt":"2018-11-15T16:55:00","WOJ":22,"sev":1,"c":[255,255,0,160],"dmg":1,"sli":1,"ser":0,"fat":0,"row":-1,"mot":-1,"pie":-1,"uto":-1,"uwr":-1},"geometry":{"type":"Point","coordinates":[18.398333,53.851139]}},{"type":"Feature","properties":{"ID":106934678,"yr":2018,"dt":"2018-05-10T19:05:00","WOJ":22,"sev":1,"c":[255,255,0,160],"dmg":1,"sli":1,"ser":0,"fat":0,"row":0,"mot":-1,"pie":1,"uto":-1,"uwr":-1},"geometry":{"type":"Point","coordinates":[18.552222,54.410556]}},{"type":"Feature","properties":{"ID":107446273,"yr":2018,"dt":"2018-11-17T10:14:00","WOJ":22,"sev":1,"c":[255,255,0,160],"dmg":1,"sli":1,"ser":0,"fat":0,"row":-1,"mot":-1,"pie":-1,"uto":-1,"uwr":-1},"geometry":{"type":"Point","coordinates":[18.511667,54.355556]}},{"type":"Feature","properties":{"ID":107448088,"yr":2018,"dt":"2018-11-18T17:15:00","WOJ":22,"sev":1,"c":[255,255,0,160],"dmg":1,"sli":1,"ser":0,"fat":0,"row":1,"mot":-1,"pie":-1,"uto":-1,"uwr":-1},"geometry":{"type":"Point","coordinates":[18.536417,53.977583]}},{"type":"Feature","properties":{"ID":106936434,"yr":2018,"dt":"2018-05-10T23:05:00","WOJ":22,"sev":1,"c":[255,255,0,160],"dmg":1,"sli":1,"ser":0,"fat":0,"row":-1,"mot":-1,"pie":1,"uto":-1,"uwr":-1},"geometry":{"type":"Point","coordinates":[18.337083,54.320278]}},{"type":"Feature","properties":{"ID":106935243,"yr":2018,"dt":"2018-05-10T09:00:00","WOJ":22,"sev":1,"c":[255,255,0,160],"dmg":1,"sli":1,"ser":0,"fat":0,"row":-1,"mot":-1,"pie":-1,"uto":-1,"uwr":-1},"geometry":{"type":"Point","coordinates":[18.596111,54.320556]}},{"type":"Feature","properties":{"ID":107447975,"yr":2018,"dt":"2018-11-18T10:50:00","WOJ":22,"sev":1,"c":[255,255,0,160],"dmg":1,"sli":1,"ser":0,"fat":0,"row":-1,"mot":0,"pie":-1,"uto":-1,"uwr":-1},"geometry":{"type":"Point","coordinates":[18.563611,54.423333]}},{"type":"Feature","properties":{"ID":107449032,"yr":2018,"dt":"2018-11-18T17:00:00","WOJ":22,"sev":1,"c":[255,255,0,160],"dmg":1,"sli":1,"ser":0,"fat":0,"row":-1,"mot":-1,"pie":-1,"uto":-1,"uwr":-1},"geometry":{"type":"Point","coordinates":[18.319861,54.308028]}},{"type":"Feature","properties":{"ID":106938175,"yr":2018,"dt":"2018-05-11T13:15:00","WOJ":22,"sev":1,"c":[255,255,0,160],"dmg":1,"sli":1,"ser":0,"fat":0,"row":-1,"mot":1,"pie":-1,"uto":-1,"uwr":-1},"geometry":{"type":"Point","coordinates":[18.571944,54.367778]}},{"type":"Feature","properties":{"ID":106938597,"yr":2018,"dt":"2018-05-11T13:55:00","WOJ":22,"sev":1,"c":[255,255,0,160],"dmg":2,"sli":1,"ser":0,"fat":0,"row":-1,"mot":-1,"pie":-1,"uto":-1,"uwr":-1},"geometry":{"type":"Point","coordinates":[18.429389,54.068278]}},{"type":"Feature","properties":{"ID":106937877,"yr":2018,"dt":"2018-05-11T08:00:00","WOJ":22,"sev":1,"c":[255,255,0,160],"dmg":3,"sli":1,"ser":0,"fat":0,"row":-1,"mot":-1,"pie":-1,"uto":-1,"uwr":-1},"geometry":{"type":"Point","coordinates":[18.895833,54.068778]}},{"type":"Feature","properties":{"ID":106936860,"yr":2018,"dt":"2018-05-11T07:25:00","WOJ":22,"sev":1,"c":[255,255,0,160],"dmg":1,"sli":1,"ser":0,"fat":0,"row":-1,"mot":-1,"pie":-1,"uto":-1,"uwr":-1},"geometry":{"type":"Point","coordinates":[17.9374,54.1037]}},{"type":"Feature","properties":{"ID":106936748,"yr":2018,"dt":"2018-05-11T07:35:00","WOJ":22,"sev":1,"c":[255,255,0,160],"dmg":1,"sli":1,"ser":0,"fat":0,"row":-1,"mot":-1,"pie":-1,"uto":-1,"uwr":-1},"geometry":{"type":"Point","coordinates":[18.569167,54.3725]}},{"type":"Feature","properties":{"ID":106938041,"yr":2018,"dt":"2018-05-11T09:55:00","WOJ":22,"sev":1,"c":[255,255,0,160],"dmg":1,"sli":1,"ser":0,"fat":0,"row":-1,"mot":-1,"pie":-1,"uto":-1,"uwr":-1},"geometry":{"type":"Point","coordinates":[19.206028,53.755694]}},{"type":"Feature","properties":{"ID":107450057,"yr":2018,"dt":"2018-11-19T15:55:00","WOJ":22,"sev":1,"c":[255,255,0,160],"dmg":2,"sli":1,"ser":0,"fat":0,"row":-1,"mot":-1,"pie":0,"uto":-1,"uwr":-1},"geometry":{"type":"Point","coordinates":[18.605833,54.375]}},{"type":"Feature","properties":{"ID":107450368,"yr":2018,"dt":"2018-11-20T05:00:00","WOJ":22,"sev":1,"c":[255,255,0,160],"dmg":0,"sli":1,"ser":0,"fat":0,"row":-1,"mot":-1,"pie":-1,"uto":-1,"uwr":-1},"geometry":{"type":"Point","coordinates":[18.779417,54.023639]}},{"type":"Feature","properties":{"ID":107451635,"yr":2018,"dt":"2018-11-20T14:50:00","WOJ":22,"sev":1,"c":[255,255,0,160],"dmg":1,"sli":1,"ser":0,"fat":0,"row":1,"mot":-1,"pie":-1,"uto":-1,"uwr":-1},"geometry":{"type":"Point","coordinates":[18.321722,53.929806]}},{"type":"Feature","properties":{"ID":106953166,"yr":2018,"dt":"2018-05-12T10:00:00","WOJ":22,"sev":1,"c":[255,255,0,160],"dmg":1,"sli":1,"ser":0,"fat":0,"row":-1,"mot":-1,"pie":1,"uto":-1,"uwr":-1},"geometry":{"type":"Point","coordinates":[18.613611,54.388611]}},{"type":"Feature","properties":{"ID":106939600,"yr":2018,"dt":"2018-05-12T18:05:00","WOJ":22,"sev":1,"c":[255,255,0,160],"dmg":1,"sli":1,"ser":0,"fat":0,"row":1,"mot":-1,"pie":-1,"uto":-1,"uwr":-1},"geometry":{"type":"Point","coordinates":[18.641389,54.361389]}},{"type":"Feature","properties":{"ID":107452182,"yr":2018,"dt":"2018-11-20T17:00:00","WOJ":22,"sev":1,"c":[255,255,0,160],"dmg":2,"sli":1,"ser":0,"fat":0,"row":-1,"mot":-1,"pie":-1,"uto":-1,"uwr":-1},"geometry":{"type":"Point","coordinates":[18.511528,53.980694]}},{"type":"Feature","properties":{"ID":106939767,"yr":2018,"dt":"2018-05-12T19:20:00","WOJ":22,"sev":1,"c":[255,255,0,160],"dmg":1,"sli":1,"ser":0,"fat":0,"row":-1,"mot":-1,"pie":1,"uto":-1,"uwr":-1},"geometry":{"type":"Point","coordinates":[18.506806,53.994611]}},{"type":"Feature","properties":{"ID":106939713,"yr":2018,"dt":"2018-05-12T16:05:00","WOJ":22,"sev":1,"c":[255,255,0,160],"dmg":2,"sli":1,"ser":0,"fat":0,"row":-1,"mot":-1,"pie":-1,"uto":-1,"uwr":-1},"geometry":{"type":"Point","coordinates":[17.017528,54.463944]}},{"type":"Feature","properties":{"ID":107452054,"yr":2018,"dt":"2018-11-20T18:23:00","WOJ":22,"sev":1,"c":[255,255,0,160],"dmg":1,"sli":1,"ser":0,"fat":0,"row":-1,"mot":-1,"pie":1,"uto":-1,"uwr":-1},"geometry":{"type":"Point","coordinates":[18.588333,54.379444]}},{"type":"Feature","properties":{"ID":107452194,"yr":2018,"dt":"2018-11-20T16:48:00","WOJ":22,"sev":1,"c":[255,255,0,160],"dmg":2,"sli":1,"ser":0,"fat":0,"row":-1,"mot":-1,"pie":-1,"uto":-1,"uwr":-1},"geometry":{"type":"Point","coordinates":[18.540556,54.514722]}},{"type":"Feature","properties":{"ID":106937480,"yr":2018,"dt":"2018-05-12T09:50:00","WOJ":22,"sev":1,"c":[255,255,0,160],"dmg":0,"sli":1,"ser":0,"fat":0,"row":-1,"mot":-1,"pie":-1,"uto":-1,"uwr":-1},"geometry":{"type":"Point","coordinates":[18.739722,54.065]}},{"type":"Feature","properties":{"ID":106939205,"yr":2018,"dt":"2018-05-12T10:55:00","WOJ":22,"sev":1,"c":[255,255,0,160],"dmg":1,"sli":1,"ser":0,"fat":0,"row":-1,"mot":-1,"pie":-1,"uto":-1,"uwr":-1},"geometry":{"type":"Point","coordinates":[19.031278,54.052]}},{"type":"Feature","properties":{"ID":106937635,"yr":2018,"dt":"2018-05-12T16:57:00","WOJ":22,"sev":1,"c":[255,255,0,160],"dmg":2,"sli":1,"ser":0,"fat":0,"row":-1,"mot":1,"pie":-1,"uto":-1,"uwr":-1},"geometry":{"type":"Point","coordinates":[17.375167,53.659833]}},{"type":"Feature","properties":{"ID":106937616,"yr":2018,"dt":"2018-05-12T19:10:00","WOJ":22,"sev":1,"c":[255,255,0,160],"dmg":0,"sli":1,"ser":0,"fat":0,"row":-1,"mot":-1,"pie":-1,"uto":-1,"uwr":-1},"geometry":{"type":"Point","coordinates":[17.859944,53.7635]}},{"type":"Feature","properties":{"ID":106946843,"yr":2018,"dt":"2018-05-12T14:12:00","WOJ":22,"sev":1,"c":[255,255,0,160],"dmg":1,"sli":1,"ser":0,"fat":0,"row":1,"mot":-1,"pie":-1,"uto":-1,"uwr":-1},"geometry":{"type":"Point","coordinates":[18.598611,54.371111]}},{"type":"Feature","properties":{"ID":106937670,"yr":2018,"dt":"2018-05-12T22:30:00","WOJ":22,"sev":1,"c":[255,255,0,160],"dmg":1,"sli":4,"ser":0,"fat":0,"row":-1,"mot":-1,"pie":-1,"uto":-1,"uwr":-1},"geometry":{"type":"Point","coordinates":[17.979528,54.337917]}},{"type":"Feature","properties":{"ID":106941075,"yr":2018,"dt":"2018-05-13T11:00:00","WOJ":22,"sev":1,"c":[255,255,0,160],"dmg":1,"sli":1,"ser":0,"fat":0,"row":-1,"mot":-1,"pie":-1,"uto":-1,"uwr":-1},"geometry":{"type":"Point","coordinates":[18.539722,54.169167]}},{"type":"Feature","properties":{"ID":106939969,"yr":2018,"dt":"2018-05-13T01:10:00","WOJ":22,"sev":1,"c":[255,255,0,160],"dmg":1,"sli":1,"ser":0,"fat":0,"row":-1,"mot":-1,"pie":-1,"uto":-1,"uwr":-1},"geometry":{"type":"Point","coordinates":[18.553611,54.41]}},{"type":"Feature","properties":{"ID":106947173,"yr":2018,"dt":"2018-05-13T16:30:00","WOJ":22,"sev":1,"c":[255,255,0,160],"dmg":1,"sli":1,"ser":0,"fat":0,"row":-1,"mot":-1,"pie":1,"uto":-1,"uwr":-1},"geometry":{"type":"Point","coordinates":[18.545556,54.518861]}},{"type":"Feature","properties":{"ID":107451824,"yr":2018,"dt":"2018-11-20T16:15:00","WOJ":22,"sev":1,"c":[255,255,0,160],"dmg":1,"sli":1,"ser":0,"fat":0,"row":-1,"mot":-1,"pie":1,"uto":-1,"uwr":-1},"geometry":{"type":"Point","coordinates":[18.101389,54.281139]}},{"type":"Feature","properties":{"ID":106941321,"yr":2018,"dt":"2018-05-13T19:05:00","WOJ":22,"sev":1,"c":[255,255,0,160],"dmg":1,"sli":1,"ser":0,"fat":0,"row":-1,"mot":-1,"pie":1,"uto":-1,"uwr":-1},"geometry":{"type":"Point","coordinates":[18.115,54.25475]}},{"type":"Feature","properties":{"ID":107454239,"yr":2018,"dt":"2018-11-21T18:50:00","WOJ":22,"sev":1,"c":[255,255,0,160],"dmg":2,"sli":1,"ser":0,"fat":0,"row":-1,"mot":-1,"pie":-1,"uto":-1,"uwr":-1},"geometry":{"type":"Point","coordinates":[18.091944,54.096111]}},{"type":"Feature","properties":{"ID":106937748,"yr":2018,"dt":"2018-05-13T13:35:00","WOJ":22,"sev":1,"c":[255,255,0,160],"dmg":2,"sli":1,"ser":0,"fat":0,"row":-1,"mot":-1,"pie":-1,"uto":-1,"uwr":-1},"geometry":{"type":"Point","coordinates":[18.290306,54.27225]}},{"type":"Feature","properties":{"ID":107455245,"yr":2018,"dt":"2018-11-22T14:47:00","WOJ":22,"sev":1,"c":[255,255,0,160],"dmg":2,"sli":2,"ser":0,"fat":0,"row":-1,"mot":-1,"pie":-1,"uto":-1,"uwr":-1},"geometry":{"type":"Point","coordinates":[18.506306,53.928194]}},{"type":"Feature","properties":{"ID":106944754,"yr":2018,"dt":"2018-05-14T17:52:00","WOJ":22,"sev":1,"c":[255,255,0,160],"dmg":1,"sli":1,"ser":0,"fat":0,"row":1,"mot":-1,"pie":-1,"uto":-1,"uwr":-1},"geometry":{"type":"Point","coordinates":[18.510556,53.962444]}},{"type":"Feature","properties":{"ID":106941656,"yr":2018,"dt":"2018-05-14T06:50:00","WOJ":22,"sev":1,"c":[255,255,0,160],"dmg":0,"sli":1,"ser":0,"fat":0,"row":-1,"mot":-1,"pie":-1,"uto":-1,"uwr":-1},"geometry":{"type":"Point","coordinates":[18.013056,54.136111]}},{"type":"Feature","properties":{"ID":106949741,"yr":2018,"dt":"2018-05-14T14:00:00","WOJ":22,"sev":1,"c":[255,255,0,160],"dmg":2,"sli":1,"ser":0,"fat":0,"row":-1,"mot":-1,"pie":-1,"uto":-1,"uwr":-1},"geometry":{"type":"Point","coordinates":[18.234194,54.292361]}},{"type":"Feature","properties":{"ID":107455332,"yr":2018,"dt":"2018-11-22T13:00:00","WOJ":22,"sev":1,"c":[255,255,0,160],"dmg":0,"sli":1,"ser":0,"fat":0,"row":-1,"mot":-1,"pie":-1,"uto":-1,"uwr":-1},"geometry":{"type":"Point","coordinates":[19.4055,53.838111]}},{"type":"Feature","properties":{"ID":107456680,"yr":2018,"dt":"2018-11-22T05:45:00","WOJ":22,"sev":1,"c":[255,255,0,160],"dmg":1,"sli":1,"ser":0,"fat":0,"row":-1,"mot":-1,"pie":1,"uto":-1,"uwr":-1},"geometry":{"type":"Point","coordinates":[19.047778,54.078528]}},{"type":"Feature","properties":{"ID":106947735,"yr":2018,"dt":"2018-05-15T16:00:00","WOJ":22,"sev":1,"c":[255,255,0,160],"dmg":3,"sli":1,"ser":0,"fat":0,"row":-1,"mot":1,"pie":-1,"uto":-1,"uwr":-1},"geometry":{"type":"Point","coordinates":[18.530833,54.422778]}},{"type":"Feature","properties":{"ID":107456370,"yr":2018,"dt":"2018-11-22T19:45:00","WOJ":22,"sev":1,"c":[255,255,0,160],"dmg":1,"sli":1,"ser":0,"fat":0,"row":-1,"mot":-1,"pie":-1,"uto":-1,"uwr":-1},"geometry":{"type":"Point","coordinates":[18.421333,54.565806]}},{"type":"Feature","properties":{"ID":106943524,"yr":2018,"dt":"2018-05-15T06:30:00","WOJ":22,"sev":1,"c":[255,255,0,160],"dmg":2,"sli":1,"ser":0,"fat":0,"row":-1,"mot":-1,"pie":1,"uto":-1,"uwr":-1},"geometry":{"type":"Point","coordinates":[18.235056,54.255417]}},{"type":"Feature","properties":{"ID":107457141,"yr":2018,"dt":"2018-11-23T12:40:00","WOJ":22,"sev":1,"c":[255,255,0,160],"dmg":1,"sli":1,"ser":0,"fat":0,"row":-1,"mot":-1,"pie":-1,"uto":-1,"uwr":-1},"geometry":{"type":"Point","coordinates":[18.6175,54.341111]}},{"type":"Feature","properties":{"ID":106948644,"yr":2018,"dt":"2018-05-16T14:35:00","WOJ":22,"sev":1,"c":[255,255,0,160],"dmg":1,"sli":1,"ser":0,"fat":0,"row":1,"mot":-1,"pie":-1,"uto":-1,"uwr":-1},"geometry":{"type":"Point","coordinates":[18.649167,54.387222]}},{"type":"Feature","properties":{"ID":107461939,"yr":2018,"dt":"2018-11-23T08:55:00","WOJ":22,"sev":1,"c":[255,255,0,160],"dmg":0,"sli":1,"ser":0,"fat":0,"row":-1,"mot":-1,"pie":-1,"uto":-1,"uwr":-1},"geometry":{"type":"Point","coordinates":[17.073389,53.747139]}},{"type":"Feature","properties":{"ID":107456697,"yr":2018,"dt":"2018-11-23T07:20:00","WOJ":22,"sev":1,"c":[255,255,0,160],"dmg":2,"sli":2,"ser":0,"fat":0,"row":-1,"mot":-1,"pie":-1,"uto":-1,"uwr":-1},"geometry":{"type":"Point","coordinates":[18.147583,54.304694]}},{"type":"Feature","properties":{"ID":106951349,"yr":2018,"dt":"2018-05-16T10:02:00","WOJ":22,"sev":1,"c":[255,255,0,160],"dmg":2,"sli":1,"ser":0,"fat":0,"row":-1,"mot":-1,"pie":-1,"uto":-1,"uwr":-1},"geometry":{"type":"Point","coordinates":[18.573333,54.3775]}},{"type":"Feature","properties":{"ID":106948952,"yr":2018,"dt":"2018-05-16T08:00:00","WOJ":22,"sev":1,"c":[255,255,0,160],"dmg":1,"sli":1,"ser":0,"fat":0,"row":-1,"mot":-1,"pie":-1,"uto":-1,"uwr":-1},"geometry":{"type":"Point","coordinates":[18.198917,54.276389]}},{"type":"Feature","properties":{"ID":106950828,"yr":2018,"dt":"2018-05-16T16:45:00","WOJ":22,"sev":1,"c":[255,255,0,160],"dmg":1,"sli":1,"ser":0,"fat":0,"row":-1,"mot":-1,"pie":1,"uto":-1,"uwr":-1},"geometry":{"type":"Point","coordinates":[18.922111,53.727778]}},{"type":"Feature","properties":{"ID":107457011,"yr":2018,"dt":"2018-11-23T07:45:00","WOJ":22,"sev":1,"c":[255,255,0,160],"dmg":0,"sli":1,"ser":0,"fat":0,"row":-1,"mot":-1,"pie":-1,"uto":-1,"uwr":-1},"geometry":{"type":"Point","coordinates":[18.487528,54.270361]}},{"type":"Feature","properties":{"ID":107457683,"yr":2018,"dt":"2018-11-23T16:00:00","WOJ":22,"sev":1,"c":[255,255,0,160],"dmg":1,"sli":2,"ser":0,"fat":0,"row":-1,"mot":-1,"pie":-1,"uto":-1,"uwr":-1},"geometry":{"type":"Point","coordinates":[18.686306,54.178111]}},{"type":"Feature","properties":{"ID":107465835,"yr":2018,"dt":"2018-11-24T13:40:00","WOJ":22,"sev":1,"c":[255,255,0,160],"dmg":1,"sli":1,"ser":0,"fat":0,"row":0,"mot":-1,"pie":1,"uto":-1,"uwr":-1},"geometry":{"type":"Point","coordinates":[18.5875,54.389167]}},{"type":"Feature","properties":{"ID":107460238,"yr":2018,"dt":"2018-11-24T23:25:00","WOJ":22,"sev":1,"c":[255,255,0,160],"dmg":1,"sli":2,"ser":0,"fat":0,"row":-1,"mot":-1,"pie":-1,"uto":-1,"uwr":-1},"geometry":{"type":"Point","coordinates":[18.697056,54.068306]}},{"type":"Feature","properties":{"ID":106950373,"yr":2018,"dt":"2018-05-17T11:10:00","WOJ":22,"sev":1,"c":[255,255,0,160],"dmg":2,"sli":1,"ser":0,"fat":0,"row":-1,"mot":-1,"pie":-1,"uto":-1,"uwr":-1},"geometry":{"type":"Point","coordinates":[18.784444,54.095278]}},{"type":"Feature","properties":{"ID":106951703,"yr":2018,"dt":"2018-05-17T11:08:00","WOJ":22,"sev":1,"c":[255,255,0,160],"dmg":2,"sli":1,"ser":0,"fat":0,"row":-1,"mot":-1,"pie":-1,"uto":-1,"uwr":-1},"geometry":{"type":"Point","coordinates":[17.933056,54.1125]}},{"type":"Feature","properties":{"ID":106952889,"yr":2018,"dt":"2018-05-17T15:45:00","WOJ":22,"sev":1,"c":[255,255,0,160],"dmg":2,"sli":1,"ser":0,"fat":0,"row":-1,"mot":-1,"pie":-1,"uto":-1,"uwr":-1},"geometry":{"type":"Point","coordinates":[18.487778,54.540833]}},{"type":"Feature","properties":{"ID":106952024,"yr":2018,"dt":"2018-05-17T14:30:00","WOJ":22,"sev":1,"c":[255,255,0,160],"dmg":0,"sli":2,"ser":0,"fat":0,"row":-1,"mot":-1,"pie":-1,"uto":-1,"uwr":-1},"geometry":{"type":"Point","coordinates":[18.3485,54.330639]}},{"type":"Feature","properties":{"ID":106950421,"yr":2018,"dt":"2018-05-17T09:13:00","WOJ":22,"sev":1,"c":[255,255,0,160],"dmg":1,"sli":2,"ser":0,"fat":0,"row":-1,"mot":-1,"pie":-1,"uto":-1,"uwr":-1},"geometry":{"type":"Point","coordinates":[18.602778,54.346944]}},{"type":"Feature","properties":{"ID":106952836,"yr":2018,"dt":"2018-05-17T16:28:00","WOJ":22,"sev":1,"c":[255,255,0,160],"dmg":2,"sli":3,"ser":0,"fat":0,"row":-1,"mot":-1,"pie":-1,"uto":-1,"uwr":-1},"geometry":{"type":"Point","coordinates":[18.494167,54.423333]}},{"type":"Feature","properties":{"ID":106955021,"yr":2018,"dt":"2018-05-18T14:30:00","WOJ":22,"sev":1,"c":[255,255,0,160],"dmg":1,"sli":1,"ser":0,"fat":0,"row":-1,"mot":-1,"pie":1,"uto":-1,"uwr":-1},"geometry":{"type":"Point","coordinates":[18.590833,54.416389]}},{"type":"Feature","properties":{"ID":106953097,"yr":2018,"dt":"2018-05-18T09:05:00","WOJ":22,"sev":1,"c":[255,255,0,160],"dmg":0,"sli":1,"ser":0,"fat":0,"row":-1,"mot":-1,"pie":-1,"uto":-1,"uwr":-1},"geometry":{"type":"Point","coordinates":[18.710833,54.154167]}},{"type":"Feature","properties":{"ID":107460023,"yr":2018,"dt":"2018-11-24T17:05:00","WOJ":22,"sev":1,"c":[255,255,0,160],"dmg":2,"sli":1,"ser":0,"fat":0,"row":-1,"mot":-1,"pie":-1,"uto":-1,"uwr":-1},"geometry":{"type":"Point","coordinates":[17.571944,53.699167]}},{"type":"Feature","properties":{"ID":107458513,"yr":2018,"dt":"2018-11-24T03:50:00","WOJ":22,"sev":1,"c":[255,255,0,160],"dmg":0,"sli":2,"ser":0,"fat":0,"row":-1,"mot":-1,"pie":-1,"uto":-1,"uwr":-1},"geometry":{"type":"Point","coordinates":[18.466389,54.266972]}},{"type":"Feature","properties":{"ID":106954177,"yr":2018,"dt":"2018-05-18T13:45:00","WOJ":22,"sev":1,"c":[255,255,0,160],"dmg":1,"sli":1,"ser":0,"fat":0,"row":-1,"mot":-1,"pie":-1,"uto":-1,"uwr":-1},"geometry":{"type":"Point","coordinates":[18.310972,54.447861]}},{"type":"Feature","properties":{"ID":106953929,"yr":2018,"dt":"2018-05-18T07:50:00","WOJ":22,"sev":1,"c":[255,255,0,160],"dmg":1,"sli":1,"ser":0,"fat":0,"row":-1,"mot":-1,"pie":-1,"uto":-1,"uwr":-1},"geometry":{"type":"Point","coordinates":[16.903694,54.433833]}},{"type":"Feature","properties":{"ID":106955430,"yr":2018,"dt":"2018-05-18T11:20:00","WOJ":22,"sev":1,"c":[255,255,0,160],"dmg":2,"sli":1,"ser":0,"fat":0,"row":-1,"mot":-1,"pie":-1,"uto":-1,"uwr":-1},"geometry":{"type":"Point","coordinates":[18.408611,54.575639]}},{"type":"Feature","properties":{"ID":106954179,"yr":2018,"dt":"2018-05-18T16:30:00","WOJ":22,"sev":1,"c":[255,255,0,160],"dmg":1,"sli":1,"ser":0,"fat":0,"row":-1,"mot":-1,"pie":1,"uto":-1,"uwr":-1},"geometry":{"type":"Point","coordinates":[18.31075,54.3]}},{"type":"Feature","properties":{"ID":107459313,"yr":2018,"dt":"2018-11-24T17:50:00","WOJ":22,"sev":1,"c":[255,255,0,160],"dmg":1,"sli":1,"ser":0,"fat":0,"row":-1,"mot":1,"pie":-1,"uto":-1,"uwr":-1},"geometry":{"type":"Point","coordinates":[18.224861,54.289917]}},{"type":"Feature","properties":{"ID":106956327,"yr":2018,"dt":"2018-05-19T14:10:00","WOJ":22,"sev":1,"c":[255,255,0,160],"dmg":1,"sli":1,"ser":0,"fat":0,"row":-1,"mot":-1,"pie":-1,"uto":-1,"uwr":-1},"geometry":{"type":"Point","coordinates":[18.56,54.441944]}},{"type":"Feature","properties":{"ID":107459985,"yr":2018,"dt":"2018-11-24T17:19:00","WOJ":22,"sev":1,"c":[255,255,0,160],"dmg":1,"sli":2,"ser":0,"fat":0,"row":-1,"mot":-1,"pie":-1,"uto":-1,"uwr":-1},"geometry":{"type":"Point","coordinates":[18.063611,54.125]}},{"type":"Feature","properties":{"ID":107460959,"yr":2018,"dt":"2018-11-25T12:10:00","WOJ":22,"sev":1,"c":[255,255,0,160],"dmg":1,"sli":1,"ser":0,"fat":0,"row":-1,"mot":-1,"pie":-1,"uto":-1,"uwr":-1},"geometry":{"type":"Point","coordinates":[17.885556,54.120556]}},{"type":"Feature","properties":{"ID":107461037,"yr":2018,"dt":"2018-11-25T10:49:00","WOJ":22,"sev":1,"c":[255,255,0,160],"dmg":1,"sli":1,"ser":0,"fat":0,"row":-1,"mot":-1,"pie":-1,"uto":-1,"uwr":-1},"geometry":{"type":"Point","coordinates":[18.47,54.542778]}},{"type":"Feature","properties":{"ID":107461945,"yr":2018,"dt":"2018-11-26T06:30:00","WOJ":22,"sev":1,"c":[255,255,0,160],"dmg":1,"sli":2,"ser":0,"fat":0,"row":-1,"mot":-1,"pie":-1,"uto":-1,"uwr":-1},"geometry":{"type":"Point","coordinates":[18.508833,53.936278]}},{"type":"Feature","properties":{"ID":106956307,"yr":2018,"dt":"2018-05-19T11:38:00","WOJ":22,"sev":1,"c":[255,255,0,160],"dmg":2,"sli":1,"ser":0,"fat":0,"row":-1,"mot":-1,"pie":-1,"uto":-1,"uwr":-1},"geometry":{"type":"Point","coordinates":[17.681667,54.341667]}},{"type":"Feature","properties":{"ID":106956388,"yr":2018,"dt":"2018-05-19T18:40:00","WOJ":22,"sev":1,"c":[255,255,0,160],"dmg":1,"sli":1,"ser":0,"fat":0,"row":-1,"mot":1,"pie":-1,"uto":-1,"uwr":-1},"geometry":{"type":"Point","coordinates":[18.174361,54.2265]}},{"type":"Feature","properties":{"ID":106956152,"yr":2018,"dt":"2018-05-19T11:40:00","WOJ":22,"sev":1,"c":[255,255,0,160],"dmg":1,"sli":2,"ser":0,"fat":0,"row":-1,"mot":-1,"pie":-1,"uto":-1,"uwr":-1},"geometry":{"type":"Point","coordinates":[17.091833,54.446444]}},{"type":"Feature","properties":{"ID":106956313,"yr":2018,"dt":"2018-05-19T13:50:00","WOJ":22,"sev":1,"c":[255,255,0,160],"dmg":1,"sli":1,"ser":0,"fat":0,"row":-1,"mot":-1,"pie":-1,"uto":-1,"uwr":-1},"geometry":{"type":"Point","coordinates":[18.867278,54.224667]}},{"type":"Feature","properties":{"ID":107462520,"yr":2018,"dt":"2018-11-26T07:25:00","WOJ":22,"sev":1,"c":[255,255,0,160],"dmg":2,"sli":1,"ser":0,"fat":0,"row":-1,"mot":-1,"pie":-1,"uto":-1,"uwr":-1},"geometry":{"type":"Point","coordinates":[17.980444,54.570167]}},{"type":"Feature","properties":{"ID":107462568,"yr":2018,"dt":"2018-11-26T14:20:00","WOJ":22,"sev":1,"c":[255,255,0,160],"dmg":1,"sli":1,"ser":0,"fat":0,"row":-1,"mot":-1,"pie":1,"uto":-1,"uwr":-1},"geometry":{"type":"Point","coordinates":[17.863056,53.923333]}},{"type":"Feature","properties":{"ID":107462571,"yr":2018,"dt":"2018-11-26T14:40:00","WOJ":22,"sev":1,"c":[255,255,0,160],"dmg":1,"sli":1,"ser":0,"fat":0,"row":-1,"mot":-1,"pie":-1,"uto":-1,"uwr":-1},"geometry":{"type":"Point","coordinates":[18.639389,54.120778]}},{"type":"Feature","properties":{"ID":106960320,"yr":2018,"dt":"2018-05-20T19:45:00","WOJ":22,"sev":1,"c":[255,255,0,160],"dmg":1,"sli":1,"ser":0,"fat":0,"row":-1,"mot":1,"pie":-1,"uto":-1,"uwr":-1},"geometry":{"type":"Point","coordinates":[18.426889,54.338889]}},{"type":"Feature","properties":{"ID":107461790,"yr":2018,"dt":"2018-11-26T13:30:00","WOJ":22,"sev":1,"c":[255,255,0,160],"dmg":1,"sli":1,"ser":0,"fat":0,"row":-1,"mot":-1,"pie":1,"uto":-1,"uwr":-1},"geometry":{"type":"Point","coordinates":[18.605556,54.380833]}},{"type":"Feature","properties":{"ID":107465419,"yr":2018,"dt":"2018-11-27T17:35:00","WOJ":22,"sev":1,"c":[255,255,0,160],"dmg":2,"sli":2,"ser":0,"fat":0,"row":-1,"mot":-1,"pie":1,"uto":-1,"uwr":-1},"geometry":{"type":"Point","coordinates":[18.606667,54.378056]}},{"type":"Feature","properties":{"ID":107463898,"yr":2018,"dt":"2018-11-27T09:10:00","WOJ":22,"sev":1,"c":[255,255,0,160],"dmg":2,"sli":1,"ser":0,"fat":0,"row":-1,"mot":-1,"pie":-1,"uto":-1,"uwr":-1},"geometry":{"type":"Point","coordinates":[18.650556,54.3625]}},{"type":"Feature","properties":{"ID":106956824,"yr":2018,"dt":"2018-05-20T10:30:00","WOJ":22,"sev":1,"c":[255,255,0,160],"dmg":0,"sli":3,"ser":0,"fat":0,"row":-1,"mot":-1,"pie":-1,"uto":-1,"uwr":-1},"geometry":{"type":"Point","coordinates":[19.213861,53.759083]}},{"type":"Feature","properties":{"ID":106973266,"yr":2018,"dt":"2018-05-20T13:20:00","WOJ":22,"sev":1,"c":[255,255,0,160],"dmg":1,"sli":1,"ser":0,"fat":0,"row":1,"mot":-1,"pie":-1,"uto":-1,"uwr":-1},"geometry":{"type":"Point","coordinates":[18.614167,54.375833]}},{"type":"Feature","properties":{"ID":106956912,"yr":2018,"dt":"2018-05-20T13:00:00","WOJ":22,"sev":1,"c":[255,255,0,160],"dmg":1,"sli":1,"ser":0,"fat":0,"row":-1,"mot":-1,"pie":-1,"uto":-1,"uwr":-1},"geometry":{"type":"Point","coordinates":[18.349,54.330889]}},{"type":"Feature","properties":{"ID":106960014,"yr":2018,"dt":"2018-05-21T17:57:00","WOJ":22,"sev":1,"c":[255,255,0,160],"dmg":2,"sli":3,"ser":0,"fat":0,"row":-1,"mot":-1,"pie":-1,"uto":-1,"uwr":-1},"geometry":{"type":"Point","coordinates":[18.471972,54.474472]}},{"type":"Feature","properties":{"ID":106959952,"yr":2018,"dt":"2018-05-21T18:20:00","WOJ":22,"sev":1,"c":[255,255,0,160],"dmg":1,"sli":1,"ser":0,"fat":0,"row":1,"mot":-1,"pie":-1,"uto":-1,"uwr":-1},"geometry":{"type":"Point","coordinates":[18.625333,54.261639]}},{"type":"Feature","properties":{"ID":107465549,"yr":2018,"dt":"2018-11-27T15:50:00","WOJ":22,"sev":1,"c":[255,255,0,160],"dmg":1,"sli":2,"ser":0,"fat":0,"row":-1,"mot":-1,"pie":-1,"uto":-1,"uwr":-1},"geometry":{"type":"Point","coordinates":[18.923139,53.733139]}},{"type":"Feature","properties":{"ID":107464563,"yr":2018,"dt":"2018-11-27T18:25:00","WOJ":22,"sev":1,"c":[255,255,0,160],"dmg":1,"sli":1,"ser":0,"fat":0,"row":-1,"mot":-1,"pie":1,"uto":-1,"uwr":-1},"geometry":{"type":"Point","coordinates":[17.979444,54.123611]}},{"type":"Feature","properties":{"ID":106961878,"yr":2018,"dt":"2018-05-22T15:30:00","WOJ":22,"sev":1,"c":[255,255,0,160],"dmg":1,"sli":1,"ser":0,"fat":0,"row":1,"mot":-1,"pie":-1,"uto":-1,"uwr":-1},"geometry":{"type":"Point","coordinates":[19.037889,54.031583]}},{"type":"Feature","properties":{"ID":106962555,"yr":2018,"dt":"2018-05-22T21:43:00","WOJ":22,"sev":1,"c":[255,255,0,160],"dmg":1,"sli":1,"ser":0,"fat":0,"row":1,"mot":-1,"pie":0,"uto":-1,"uwr":-1},"geometry":{"type":"Point","coordinates":[18.270083,54.607306]}},{"type":"Feature","properties":{"ID":107463891,"yr":2018,"dt":"2018-11-27T07:48:00","WOJ":22,"sev":1,"c":[255,255,0,160],"dmg":1,"sli":1,"ser":0,"fat":0,"row":-1,"mot":-1,"pie":-1,"uto":-1,"uwr":-1},"geometry":{"type":"Point","coordinates":[16.983167,54.104667]}},{"type":"Feature","properties":{"ID":106962169,"yr":2018,"dt":"2018-05-22T16:10:00","WOJ":22,"sev":1,"c":[255,255,0,160],"dmg":1,"sli":1,"ser":0,"fat":0,"row":-1,"mot":-1,"pie":-1,"uto":-1,"uwr":-1},"geometry":{"type":"Point","coordinates":[18.589167,54.408611]}},{"type":"Feature","properties":{"ID":107465971,"yr":2018,"dt":"2018-11-28T05:40:00","WOJ":22,"sev":1,"c":[255,255,0,160],"dmg":1,"sli":1,"ser":0,"fat":0,"row":-1,"mot":-1,"pie":-1,"uto":-1,"uwr":-1},"geometry":{"type":"Point","coordinates":[18.638333,54.288889]}},{"type":"Feature","properties":{"ID":106962712,"yr":2018,"dt":"2018-05-22T11:30:00","WOJ":22,"sev":1,"c":[255,255,0,160],"dmg":0,"sli":1,"ser":0,"fat":0,"row":-1,"mot":-1,"pie":-1,"uto":-1,"uwr":-1},"geometry":{"type":"Point","coordinates":[17.319889,53.693111]}},{"type":"Feature","properties":{"ID":106958813,"yr":2018,"dt":"2018-05-22T12:00:00","WOJ":22,"sev":1,"c":[255,255,0,160],"dmg":1,"sli":1,"ser":0,"fat":0,"row":1,"mot":-1,"pie":-1,"uto":-1,"uwr":-1},"geometry":{"type":"Point","coordinates":[18.300639,54.3215]}},{"type":"Feature","properties":{"ID":107466238,"yr":2018,"dt":"2018-11-28T13:00:00","WOJ":22,"sev":1,"c":[255,255,0,160],"dmg":3,"sli":1,"ser":0,"fat":0,"row":-1,"mot":-1,"pie":-1,"uto":-1,"uwr":-1},"geometry":{"type":"Point","coordinates":[18.397194,54.338611]}},{"type":"Feature","properties":{"ID":106960876,"yr":2018,"dt":"2018-05-22T08:21:00","WOJ":22,"sev":1,"c":[255,255,0,160],"dmg":1,"sli":1,"ser":0,"fat":0,"row":-1,"mot":-1,"pie":1,"uto":-1,"uwr":-1},"geometry":{"type":"Point","coordinates":[18.556944,54.408611]}},{"type":"Feature","properties":{"ID":106963903,"yr":2018,"dt":"2018-05-23T15:40:00","WOJ":22,"sev":1,"c":[255,255,0,160],"dmg":0,"sli":1,"ser":0,"fat":0,"row":-1,"mot":-1,"pie":-1,"uto":-1,"uwr":-1},"geometry":{"type":"Point","coordinates":[18.752389,54.105472]}},{"type":"Feature","properties":{"ID":107468605,"yr":2018,"dt":"2018-11-29T17:35:00","WOJ":22,"sev":1,"c":[255,255,0,160],"dmg":0,"sli":3,"ser":0,"fat":0,"row":-1,"mot":-1,"pie":-1,"uto":-1,"uwr":-1},"geometry":{"type":"Point","coordinates":[18.63175,53.742833]}},{"type":"Feature","properties":{"ID":106961435,"yr":2018,"dt":"2018-05-23T08:50:00","WOJ":22,"sev":1,"c":[255,255,0,160],"dmg":1,"sli":1,"ser":0,"fat":0,"row":-1,"mot":-1,"pie":1,"uto":-1,"uwr":-1},"geometry":{"type":"Point","coordinates":[17.047028,54.465417]}},{"type":"Feature","properties":{"ID":107469834,"yr":2018,"dt":"2018-11-29T12:33:00","WOJ":22,"sev":1,"c":[255,255,0,160],"dmg":1,"sli":1,"ser":0,"fat":0,"row":-1,"mot":-1,"pie":-1,"uto":-1,"uwr":-1},"geometry":{"type":"Point","coordinates":[18.600833,54.373611]}},{"type":"Feature","properties":{"ID":107470856,"yr":2018,"dt":"2018-11-29T15:55:00","WOJ":22,"sev":1,"c":[255,255,0,160],"dmg":1,"sli":1,"ser":0,"fat":0,"row":-1,"mot":-1,"pie":1,"uto":-1,"uwr":-1},"geometry":{"type":"Point","coordinates":[18.564722,54.436111]}},{"type":"Feature","properties":{"ID":106963675,"yr":2018,"dt":"2018-05-23T17:25:00","WOJ":22,"sev":1,"c":[255,255,0,160],"dmg":1,"sli":1,"ser":0,"fat":0,"row":-1,"mot":-1,"pie":1,"uto":-1,"uwr":-1},"geometry":{"type":"Point","coordinates":[18.596111,54.361944]}},{"type":"Feature","properties":{"ID":106963138,"yr":2018,"dt":"2018-05-23T09:00:00","WOJ":22,"sev":1,"c":[255,255,0,160],"dmg":1,"sli":1,"ser":0,"fat":0,"row":1,"mot":-1,"pie":-1,"uto":-1,"uwr":-1},"geometry":{"type":"Point","coordinates":[18.551111,54.446944]}},{"type":"Feature","properties":{"ID":106963488,"yr":2018,"dt":"2018-05-23T12:54:00","WOJ":22,"sev":1,"c":[255,255,0,160],"dmg":1,"sli":1,"ser":0,"fat":0,"row":0,"mot":-1,"pie":1,"uto":-1,"uwr":-1},"geometry":{"type":"Point","coordinates":[18.785,54.093333]}},{"type":"Feature","properties":{"ID":107468585,"yr":2018,"dt":"2018-11-29T20:35:00","WOJ":22,"sev":1,"c":[255,255,0,160],"dmg":1,"sli":1,"ser":0,"fat":0,"row":1,"mot":-1,"pie":-1,"uto":-1,"uwr":-1},"geometry":{"type":"Point","coordinates":[17.573056,53.694444]}},{"type":"Feature","properties":{"ID":106966234,"yr":2018,"dt":"2018-05-24T18:30:00","WOJ":22,"sev":1,"c":[255,255,0,160],"dmg":1,"sli":1,"ser":0,"fat":0,"row":1,"mot":-1,"pie":-1,"uto":-1,"uwr":-1},"geometry":{"type":"Point","coordinates":[18.648889,54.347222]}},{"type":"Feature","properties":{"ID":106964007,"yr":2018,"dt":"2018-05-24T07:55:00","WOJ":22,"sev":1,"c":[255,255,0,160],"dmg":1,"sli":1,"ser":0,"fat":0,"row":1,"mot":-1,"pie":-1,"uto":-1,"uwr":-1},"geometry":{"type":"Point","coordinates":[18.5875,54.389444]}},{"type":"Feature","properties":{"ID":106965896,"yr":2018,"dt":"2018-05-24T12:30:00","WOJ":22,"sev":1,"c":[255,255,0,160],"dmg":1,"sli":1,"ser":0,"fat":0,"row":1,"mot":-1,"pie":-1,"uto":-1,"uwr":-1},"geometry":{"type":"Point","coordinates":[18.596389,54.320556]}},{"type":"Feature","properties":{"ID":106966293,"yr":2018,"dt":"2018-05-24T15:05:00","WOJ":22,"sev":1,"c":[255,255,0,160],"dmg":3,"sli":2,"ser":0,"fat":0,"row":-1,"mot":-1,"pie":-1,"uto":-1,"uwr":-1},"geometry":{"type":"Point","coordinates":[18.544917,54.746778]}},{"type":"Feature","properties":{"ID":106966233,"yr":2018,"dt":"2018-05-24T18:45:00","WOJ":22,"sev":1,"c":[255,255,0,160],"dmg":0,"sli":3,"ser":0,"fat":0,"row":-1,"mot":-1,"pie":-1,"uto":-1,"uwr":-1},"geometry":{"type":"Point","coordinates":[18.598056,54.355556]}},{"type":"Feature","properties":{"ID":106967267,"yr":2018,"dt":"2018-05-24T17:40:00","WOJ":22,"sev":1,"c":[255,255,0,160],"dmg":1,"sli":1,"ser":0,"fat":0,"row":-1,"mot":1,"pie":-1,"uto":-1,"uwr":-1},"geometry":{"type":"Point","coordinates":[17.029222,54.459806]}},{"type":"Feature","properties":{"ID":106966973,"yr":2018,"dt":"2018-05-24T16:00:00","WOJ":22,"sev":1,"c":[255,255,0,160],"dmg":1,"sli":1,"ser":0,"fat":0,"row":-1,"mot":-1,"pie":-1,"uto":-1,"uwr":-1},"geometry":{"type":"Point","coordinates":[17.682778,53.715472]}},{"type":"Feature","properties":{"ID":106964814,"yr":2018,"dt":"2018-05-24T15:55:00","WOJ":22,"sev":1,"c":[255,255,0,160],"dmg":1,"sli":1,"ser":0,"fat":0,"row":-1,"mot":-1,"pie":1,"uto":-1,"uwr":-1},"geometry":{"type":"Point","coordinates":[19.024333,54.033917]}},{"type":"Feature","properties":{"ID":107470002,"yr":2018,"dt":"2018-11-30T11:10:00","WOJ":22,"sev":1,"c":[255,255,0,160],"dmg":1,"sli":1,"ser":0,"fat":0,"row":-1,"mot":-1,"pie":-1,"uto":-1,"uwr":-1},"geometry":{"type":"Point","coordinates":[18.389667,54.339]}},{"type":"Feature","properties":{"ID":107470646,"yr":2018,"dt":"2018-11-30T19:30:00","WOJ":22,"sev":1,"c":[255,255,0,160],"dmg":1,"sli":1,"ser":0,"fat":0,"row":-1,"mot":-1,"pie":1,"uto":-1,"uwr":-1},"geometry":{"type":"Point","coordinates":[17.025861,54.463972]}},{"type":"Feature","properties":{"ID":106969455,"yr":2018,"dt":"2018-05-25T09:40:00","WOJ":22,"sev":1,"c":[255,255,0,160],"dmg":1,"sli":1,"ser":0,"fat":0,"row":-1,"mot":-1,"pie":-1,"uto":-1,"uwr":-1},"geometry":{"type":"Point","coordinates":[18.531861,54.312611]}},{"type":"Feature","properties":{"ID":107469825,"yr":2018,"dt":"2018-11-30T09:20:00","WOJ":22,"sev":1,"c":[255,255,0,160],"dmg":1,"sli":1,"ser":0,"fat":0,"row":-1,"mot":-1,"pie":1,"uto":-1,"uwr":-1},"geometry":{"type":"Point","coordinates":[18.591667,54.358889]}},{"type":"Feature","properties":{"ID":107471409,"yr":2018,"dt":"2018-11-30T21:39:00","WOJ":22,"sev":1,"c":[255,255,0,160],"dmg":1,"sli":1,"ser":0,"fat":0,"row":-1,"mot":-1,"pie":-1,"uto":-1,"uwr":-1},"geometry":{"type":"Point","coordinates":[17.068722,54.011139]}},{"type":"Feature","properties":{"ID":106977187,"yr":2018,"dt":"2018-05-25T11:20:00","WOJ":22,"sev":1,"c":[255,255,0,160],"dmg":1,"sli":1,"ser":0,"fat":0,"row":-1,"mot":-1,"pie":1,"uto":-1,"uwr":-1},"geometry":{"type":"Point","coordinates":[17.033167,54.466889]}},{"type":"Feature","properties":{"ID":107470725,"yr":2018,"dt":"2018-11-30T22:10:00","WOJ":22,"sev":1,"c":[255,255,0,160],"dmg":1,"sli":1,"ser":0,"fat":0,"row":-1,"mot":-1,"pie":-1,"uto":-1,"uwr":-1},"geometry":{"type":"Point","coordinates":[18.280833,54.381806]}},{"type":"Feature","properties":{"ID":106969525,"yr":2018,"dt":"2018-05-25T16:45:00","WOJ":22,"sev":1,"c":[255,255,0,160],"dmg":1,"sli":1,"ser":0,"fat":0,"row":-1,"mot":-1,"pie":-1,"uto":-1,"uwr":-1},"geometry":{"type":"Point","coordinates":[18.573611,54.440278]}},{"type":"Feature","properties":{"ID":106967493,"yr":2018,"dt":"2018-05-25T06:40:00","WOJ":22,"sev":1,"c":[255,255,0,160],"dmg":0,"sli":2,"ser":0,"fat":0,"row":-1,"mot":-1,"pie":-1,"uto":-1,"uwr":-1},"geometry":{"type":"Point","coordinates":[17.566944,53.678333]}},{"type":"Feature","properties":{"ID":106967608,"yr":2018,"dt":"2018-05-25T08:35:00","WOJ":22,"sev":1,"c":[255,255,0,160],"dmg":2,"sli":1,"ser":0,"fat":0,"row":-1,"mot":-1,"pie":-1,"uto":-1,"uwr":-1},"geometry":{"type":"Point","coordinates":[18.624806,54.261806]}},{"type":"Feature","properties":{"ID":106968316,"yr":2018,"dt":"2018-05-25T20:00:00","WOJ":22,"sev":1,"c":[255,255,0,160],"dmg":1,"sli":1,"ser":0,"fat":0,"row":-1,"mot":-1,"pie":-1,"uto":-1,"uwr":-1},"geometry":{"type":"Point","coordinates":[18.905306,53.705083]}},{"type":"Feature","properties":{"ID":106969270,"yr":2018,"dt":"2018-05-25T17:10:00","WOJ":22,"sev":1,"c":[255,255,0,160],"dmg":1,"sli":1,"ser":0,"fat":0,"row":-1,"mot":-1,"pie":1,"uto":-1,"uwr":-1},"geometry":{"type":"Point","coordinates":[18.651111,54.352222]}},{"type":"Feature","properties":{"ID":106966455,"yr":2018,"dt":"2018-05-25T07:19:00","WOJ":22,"sev":1,"c":[255,255,0,160],"dmg":1,"sli":1,"ser":0,"fat":0,"row":-1,"mot":-1,"pie":1,"uto":-1,"uwr":-1},"geometry":{"type":"Point","coordinates":[19.008722,54.009833]}},{"type":"Feature","properties":{"ID":106969249,"yr":2018,"dt":"2018-05-25T16:05:00","WOJ":22,"sev":1,"c":[255,255,0,160],"dmg":1,"sli":1,"ser":0,"fat":0,"row":-1,"mot":-1,"pie":-1,"uto":-1,"uwr":-1},"geometry":{"type":"Point","coordinates":[18.597778,54.3825]}},{"type":"Feature","properties":{"ID":107473847,"yr":2018,"dt":"2018-12-02T12:10:00","WOJ":22,"sev":1,"c":[255,255,0,160],"dmg":1,"sli":6,"ser":0,"fat":0,"row":-1,"mot":-1,"pie":-1,"uto":-1,"uwr":-1},"geometry":{"type":"Point","coordinates":[18.559444,54.443056]}},{"type":"Feature","properties":{"ID":106968336,"yr":2018,"dt":"2018-05-26T05:38:00","WOJ":22,"sev":1,"c":[255,255,0,160],"dmg":0,"sli":1,"ser":0,"fat":0,"row":-1,"mot":-1,"pie":-1,"uto":-1,"uwr":-1},"geometry":{"type":"Point","coordinates":[18.074417,54.34525]}},{"type":"Feature","properties":{"ID":107473422,"yr":2018,"dt":"2018-12-02T10:10:00","WOJ":22,"sev":1,"c":[255,255,0,160],"dmg":1,"sli":2,"ser":0,"fat":0,"row":-1,"mot":-1,"pie":-1,"uto":-1,"uwr":-1},"geometry":{"type":"Point","coordinates":[18.588056,54.412222]}},{"type":"Feature","properties":{"ID":106968469,"yr":2018,"dt":"2018-05-26T07:58:00","WOJ":22,"sev":1,"c":[255,255,0,160],"dmg":2,"sli":1,"ser":0,"fat":0,"row":-1,"mot":-1,"pie":-1,"uto":-1,"uwr":-1},"geometry":{"type":"Point","coordinates":[17.393306,53.678083]}},{"type":"Feature","properties":{"ID":106970133,"yr":2018,"dt":"2018-05-26T09:50:00","WOJ":22,"sev":1,"c":[255,255,0,160],"dmg":1,"sli":1,"ser":0,"fat":0,"row":-1,"mot":-1,"pie":1,"uto":-1,"uwr":-1},"geometry":{"type":"Point","coordinates":[19.353333,53.921889]}},{"type":"Feature","properties":{"ID":106970186,"yr":2018,"dt":"2018-05-26T14:25:00","WOJ":22,"sev":1,"c":[255,255,0,160],"dmg":1,"sli":1,"ser":0,"fat":0,"row":-1,"mot":-1,"pie":-1,"uto":-1,"uwr":-1},"geometry":{"type":"Point","coordinates":[18.204833,54.284417]}},{"type":"Feature","properties":{"ID":107475709,"yr":2018,"dt":"2018-12-03T16:55:00","WOJ":22,"sev":1,"c":[255,255,0,160],"dmg":1,"sli":1,"ser":0,"fat":0,"row":-1,"mot":-1,"pie":1,"uto":-1,"uwr":-1},"geometry":{"type":"Point","coordinates":[18.534417,53.966]}},{"type":"Feature","properties":{"ID":106968441,"yr":2018,"dt":"2018-05-26T02:59:00","WOJ":22,"sev":1,"c":[255,255,0,160],"dmg":1,"sli":1,"ser":0,"fat":0,"row":-1,"mot":-1,"pie":1,"uto":-1,"uwr":-1},"geometry":{"type":"Point","coordinates":[18.536389,54.506944]}},{"type":"Feature","properties":{"ID":107510885,"yr":2018,"dt":"2018-12-03T07:30:00","WOJ":22,"sev":1,"c":[255,255,0,160],"dmg":1,"sli":1,"ser":0,"fat":0,"row":-1,"mot":-1,"pie":1,"uto":-1,"uwr":-1},"geometry":{"type":"Point","coordinates":[18.082444,54.271194]}},{"type":"Feature","properties":{"ID":106970211,"yr":2018,"dt":"2018-05-26T12:10:00","WOJ":22,"sev":1,"c":[255,255,0,160],"dmg":4,"sli":1,"ser":0,"fat":0,"row":-1,"mot":-1,"pie":-1,"uto":-1,"uwr":-1},"geometry":{"type":"Point","coordinates":[18.514444,54.373889]}},{"type":"Feature","properties":{"ID":106970018,"yr":2018,"dt":"2018-05-26T12:30:00","WOJ":22,"sev":1,"c":[255,255,0,160],"dmg":1,"sli":1,"ser":0,"fat":0,"row":1,"mot":-1,"pie":-1,"uto":-1,"uwr":-1},"geometry":{"type":"Point","coordinates":[18.5405,54.514694]}},{"type":"Feature","properties":{"ID":107475536,"yr":2018,"dt":"2018-12-03T16:21:00","WOJ":22,"sev":1,"c":[255,255,0,160],"dmg":1,"sli":1,"ser":0,"fat":0,"row":-1,"mot":-1,"pie":1,"uto":-1,"uwr":-1},"geometry":{"type":"Point","coordinates":[18.531056,54.514472]}},{"type":"Feature","properties":{"ID":106972233,"yr":2018,"dt":"2018-05-27T19:25:00","WOJ":22,"sev":1,"c":[255,255,0,160],"dmg":1,"sli":1,"ser":0,"fat":0,"row":-1,"mot":-1,"pie":1,"uto":-1,"uwr":-1},"geometry":{"type":"Point","coordinates":[18.497333,54.016]}},{"type":"Feature","properties":{"ID":106972697,"yr":2018,"dt":"2018-05-27T01:10:00","WOJ":22,"sev":1,"c":[255,255,0,160],"dmg":0,"sli":1,"ser":0,"fat":0,"row":-1,"mot":-1,"pie":-1,"uto":-1,"uwr":-1},"geometry":{"type":"Point","coordinates":[17.353639,53.660139]}},{"type":"Feature","properties":{"ID":106970813,"yr":2018,"dt":"2018-05-27T09:38:00","WOJ":22,"sev":1,"c":[255,255,0,160],"dmg":1,"sli":1,"ser":0,"fat":0,"row":1,"mot":-1,"pie":-1,"uto":-1,"uwr":-1},"geometry":{"type":"Point","coordinates":[18.536389,54.501667]}},{"type":"Feature","properties":{"ID":106974539,"yr":2018,"dt":"2018-05-28T16:50:00","WOJ":22,"sev":1,"c":[255,255,0,160],"dmg":1,"sli":1,"ser":0,"fat":0,"row":-1,"mot":1,"pie":-1,"uto":-1,"uwr":-1},"geometry":{"type":"Point","coordinates":[18.554444,54.454167]}},{"type":"Feature","properties":{"ID":107476221,"yr":2018,"dt":"2018-12-03T16:40:00","WOJ":22,"sev":1,"c":[255,255,0,160],"dmg":1,"sli":1,"ser":0,"fat":0,"row":-1,"mot":-1,"pie":1,"uto":-1,"uwr":-1},"geometry":{"type":"Point","coordinates":[18.360444,54.342667]}},{"type":"Feature","properties":{"ID":106975332,"yr":2018,"dt":"2018-05-28T11:30:00","WOJ":22,"sev":1,"c":[255,255,0,160],"dmg":1,"sli":1,"ser":0,"fat":0,"row":-1,"mot":-1,"pie":1,"uto":-1,"uwr":-1},"geometry":{"type":"Point","coordinates":[18.768611,54.101278]}},{"type":"Feature","properties":{"ID":106984033,"yr":2018,"dt":"2018-05-28T15:30:00","WOJ":22,"sev":1,"c":[255,255,0,160],"dmg":1,"sli":1,"ser":0,"fat":0,"row":-1,"mot":-1,"pie":1,"uto":-1,"uwr":-1},"geometry":{"type":"Point","coordinates":[17.872778,54.177778]}},{"type":"Feature","properties":{"ID":106971078,"yr":2018,"dt":"2018-05-28T05:42:00","WOJ":22,"sev":1,"c":[255,255,0,160],"dmg":0,"sli":1,"ser":0,"fat":0,"row":-1,"mot":-1,"pie":-1,"uto":-1,"uwr":-1},"geometry":{"type":"Point","coordinates":[19.006667,54.075083]}},{"type":"Feature","properties":{"ID":106973386,"yr":2018,"dt":"2018-05-28T17:10:00","WOJ":22,"sev":1,"c":[255,255,0,160],"dmg":1,"sli":1,"ser":0,"fat":0,"row":-1,"mot":-1,"pie":-1,"uto":-1,"uwr":-1},"geometry":{"type":"Point","coordinates":[19.020917,54.029944]}},{"type":"Feature","properties":{"ID":106975925,"yr":2018,"dt":"2018-05-28T10:00:00","WOJ":22,"sev":1,"c":[255,255,0,160],"dmg":1,"sli":1,"ser":0,"fat":0,"row":1,"mot":-1,"pie":-1,"uto":-1,"uwr":-1},"geometry":{"type":"Point","coordinates":[17.019528,54.453972]}},{"type":"Feature","properties":{"ID":107475755,"yr":2018,"dt":"2018-12-03T18:28:00","WOJ":22,"sev":1,"c":[255,255,0,160],"dmg":1,"sli":1,"ser":0,"fat":0,"row":-1,"mot":-1,"pie":1,"uto":-1,"uwr":-1},"geometry":{"type":"Point","coordinates":[18.261778,54.603306]}},{"type":"Feature","properties":{"ID":107479975,"yr":2018,"dt":"2018-12-03T16:40:00","WOJ":22,"sev":1,"c":[255,255,0,160],"dmg":1,"sli":1,"ser":0,"fat":0,"row":-1,"mot":-1,"pie":1,"uto":-1,"uwr":-1},"geometry":{"type":"Point","coordinates":[17.017639,54.463972]}},{"type":"Feature","properties":{"ID":106974499,"yr":2018,"dt":"2018-05-28T16:20:00","WOJ":22,"sev":1,"c":[255,255,0,160],"dmg":1,"sli":1,"ser":0,"fat":0,"row":-1,"mot":1,"pie":-1,"uto":-1,"uwr":-1},"geometry":{"type":"Point","coordinates":[17.012972,54.473361]}},{"type":"Feature","properties":{"ID":106975107,"yr":2018,"dt":"2018-05-28T09:30:00","WOJ":22,"sev":1,"c":[255,255,0,160],"dmg":1,"sli":3,"ser":0,"fat":0,"row":-1,"mot":-1,"pie":-1,"uto":-1,"uwr":-1},"geometry":{"type":"Point","coordinates":[18.635833,54.369722]}},{"type":"Feature","properties":{"ID":106975700,"yr":2018,"dt":"2018-05-29T16:35:00","WOJ":22,"sev":1,"c":[255,255,0,160],"dmg":1,"sli":1,"ser":0,"fat":0,"row":-1,"mot":-1,"pie":1,"uto":-1,"uwr":-1},"geometry":{"type":"Point","coordinates":[18.199194,54.338194]}},{"type":"Feature","properties":{"ID":106975953,"yr":2018,"dt":"2018-05-29T08:15:00","WOJ":22,"sev":1,"c":[255,255,0,160],"dmg":1,"sli":1,"ser":0,"fat":0,"row":-1,"mot":-1,"pie":-1,"uto":-1,"uwr":-1},"geometry":{"type":"Point","coordinates":[18.596667,54.37]}},{"type":"Feature","properties":{"ID":106976881,"yr":2018,"dt":"2018-05-29T14:30:00","WOJ":22,"sev":1,"c":[255,255,0,160],"dmg":1,"sli":1,"ser":0,"fat":0,"row":-1,"mot":-1,"pie":-1,"uto":-1,"uwr":-1},"geometry":{"type":"Point","coordinates":[19.027583,53.921056]}},{"type":"Feature","properties":{"ID":106976168,"yr":2018,"dt":"2018-05-29T13:26:00","WOJ":22,"sev":1,"c":[255,255,0,160],"dmg":1,"sli":1,"ser":0,"fat":0,"row":-1,"mot":-1,"pie":-1,"uto":-1,"uwr":-1},"geometry":{"type":"Point","coordinates":[17.026667,53.558444]}},{"type":"Feature","properties":{"ID":106976231,"yr":2018,"dt":"2018-05-29T16:02:00","WOJ":22,"sev":1,"c":[255,255,0,160],"dmg":1,"sli":1,"ser":0,"fat":0,"row":1,"mot":-1,"pie":-1,"uto":-1,"uwr":-1},"geometry":{"type":"Point","coordinates":[18.082972,54.270444]}},{"type":"Feature","properties":{"ID":106975977,"yr":2018,"dt":"2018-05-29T12:25:00","WOJ":22,"sev":1,"c":[255,255,0,160],"dmg":1,"sli":1,"ser":0,"fat":0,"row":1,"mot":-1,"pie":-1,"uto":-1,"uwr":-1},"geometry":{"type":"Point","coordinates":[18.608611,54.3775]}},{"type":"Feature","properties":{"ID":106976942,"yr":2018,"dt":"2018-05-29T18:55:00","WOJ":22,"sev":1,"c":[255,255,0,160],"dmg":1,"sli":1,"ser":0,"fat":0,"row":1,"mot":-1,"pie":-1,"uto":-1,"uwr":-1},"geometry":{"type":"Point","coordinates":[18.777056,54.084167]}},{"type":"Feature","properties":{"ID":107475556,"yr":2018,"dt":"2018-12-03T14:04:00","WOJ":22,"sev":1,"c":[255,255,0,160],"dmg":0,"sli":1,"ser":0,"fat":0,"row":-1,"mot":-1,"pie":-1,"uto":-1,"uwr":-1},"geometry":{"type":"Point","coordinates":[17.383389,53.592]}},{"type":"Feature","properties":{"ID":107476366,"yr":2018,"dt":"2018-12-03T16:40:00","WOJ":22,"sev":1,"c":[255,255,0,160],"dmg":1,"sli":1,"ser":0,"fat":0,"row":-1,"mot":-1,"pie":1,"uto":-1,"uwr":-1},"geometry":{"type":"Point","coordinates":[18.627778,54.34]}},{"type":"Feature","properties":{"ID":106975861,"yr":2018,"dt":"2018-05-29T09:15:00","WOJ":22,"sev":1,"c":[255,255,0,160],"dmg":1,"sli":1,"ser":0,"fat":0,"row":1,"mot":-1,"pie":-1,"uto":-1,"uwr":-1},"geometry":{"type":"Point","coordinates":[18.596389,54.369722]}},{"type":"Feature","properties":{"ID":106979063,"yr":2018,"dt":"2018-05-30T14:40:00","WOJ":22,"sev":1,"c":[255,255,0,160],"dmg":1,"sli":1,"ser":0,"fat":0,"row":1,"mot":-1,"pie":-1,"uto":-1,"uwr":-1},"geometry":{"type":"Point","coordinates":[18.588889,54.364167]}},{"type":"Feature","properties":{"ID":106978204,"yr":2018,"dt":"2018-05-30T19:50:00","WOJ":22,"sev":1,"c":[255,255,0,160],"dmg":1,"sli":2,"ser":0,"fat":0,"row":-1,"mot":-1,"pie":1,"uto":-1,"uwr":-1},"geometry":{"type":"Point","coordinates":[17.357972,53.667444]}},{"type":"Feature","properties":{"ID":106979338,"yr":2018,"dt":"2018-05-30T16:40:00","WOJ":22,"sev":1,"c":[255,255,0,160],"dmg":1,"sli":1,"ser":0,"fat":0,"row":-1,"mot":-1,"pie":1,"uto":-1,"uwr":-1},"geometry":{"type":"Point","coordinates":[17.551694,53.697889]}},{"type":"Feature","properties":{"ID":106979443,"yr":2018,"dt":"2018-05-30T18:20:00","WOJ":22,"sev":1,"c":[255,255,0,160],"dmg":2,"sli":1,"ser":0,"fat":0,"row":-1,"mot":-1,"pie":-1,"uto":-1,"uwr":-1},"geometry":{"type":"Point","coordinates":[18.487222,54.4275]}},{"type":"Feature","properties":{"ID":107476019,"yr":2018,"dt":"2018-12-03T16:00:00","WOJ":22,"sev":1,"c":[255,255,0,160],"dmg":1,"sli":1,"ser":0,"fat":0,"row":-1,"mot":-1,"pie":1,"uto":-1,"uwr":-1},"geometry":{"type":"Point","coordinates":[18.5825,54.3275]}},{"type":"Feature","properties":{"ID":107475510,"yr":2018,"dt":"2018-12-03T15:55:00","WOJ":22,"sev":1,"c":[255,255,0,160],"dmg":2,"sli":3,"ser":0,"fat":0,"row":-1,"mot":-1,"pie":-1,"uto":-1,"uwr":-1},"geometry":{"type":"Point","coordinates":[17.934167,54.112222]}},{"type":"Feature","properties":{"ID":107478460,"yr":2018,"dt":"2018-12-04T16:58:00","WOJ":22,"sev":1,"c":[255,255,0,160],"dmg":1,"sli":1,"ser":0,"fat":0,"row":1,"mot":-1,"pie":-1,"uto":-1,"uwr":-1},"geometry":{"type":"Point","coordinates":[18.640889,54.227389]}},{"type":"Feature","properties":{"ID":106991618,"yr":2018,"dt":"2018-05-30T12:30:00","WOJ":22,"sev":1,"c":[255,255,0,160],"dmg":1,"sli":1,"ser":0,"fat":0,"row":1,"mot":-1,"pie":-1,"uto":-1,"uwr":-1},"geometry":{"type":"Point","coordinates":[18.564167,54.423333]}},{"type":"Feature","properties":{"ID":107477275,"yr":2018,"dt":"2018-12-04T08:00:00","WOJ":22,"sev":1,"c":[255,255,0,160],"dmg":1,"sli":2,"ser":0,"fat":0,"row":-1,"mot":-1,"pie":1,"uto":-1,"uwr":-1},"geometry":{"type":"Point","coordinates":[18.6525,54.355833]}},{"type":"Feature","properties":{"ID":106977536,"yr":2018,"dt":"2018-05-30T11:20:00","WOJ":22,"sev":1,"c":[255,255,0,160],"dmg":1,"sli":1,"ser":0,"fat":0,"row":-1,"mot":-1,"pie":1,"uto":-1,"uwr":-1},"geometry":{"type":"Point","coordinates":[18.67,54.399722]}},{"type":"Feature","properties":{"ID":106976593,"yr":2018,"dt":"2018-05-30T06:43:00","WOJ":22,"sev":1,"c":[255,255,0,160],"dmg":1,"sli":1,"ser":0,"fat":0,"row":-1,"mot":-1,"pie":-1,"uto":-1,"uwr":-1},"geometry":{"type":"Point","coordinates":[18.533889,54.332778]}},{"type":"Feature","properties":{"ID":106976702,"yr":2018,"dt":"2018-05-30T08:00:00","WOJ":22,"sev":1,"c":[255,255,0,160],"dmg":2,"sli":1,"ser":0,"fat":0,"row":-1,"mot":-1,"pie":-1,"uto":-1,"uwr":-1},"geometry":{"type":"Point","coordinates":[18.621667,54.383333]}},{"type":"Feature","properties":{"ID":107140850,"yr":2018,"dt":"2018-05-31T15:00:00","WOJ":22,"sev":1,"c":[255,255,0,160],"dmg":0,"sli":1,"ser":0,"fat":0,"row":1,"mot":-1,"pie":-1,"uto":-1,"uwr":-1},"geometry":{"type":"Point","coordinates":[18.156722,54.270556]}},{"type":"Feature","properties":{"ID":106979894,"yr":2018,"dt":"2018-05-31T14:30:00","WOJ":22,"sev":1,"c":[255,255,0,160],"dmg":1,"sli":1,"ser":0,"fat":0,"row":1,"mot":-1,"pie":-1,"uto":-1,"uwr":-1},"geometry":{"type":"Point","coordinates":[17.019472,54.461667]}},{"type":"Feature","properties":{"ID":107477312,"yr":2018,"dt":"2018-12-04T12:20:00","WOJ":22,"sev":1,"c":[255,255,0,160],"dmg":1,"sli":1,"ser":0,"fat":0,"row":-1,"mot":-1,"pie":1,"uto":-1,"uwr":-1},"geometry":{"type":"Point","coordinates":[18.196583,54.353111]}},{"type":"Feature","properties":{"ID":106979865,"yr":2018,"dt":"2018-05-31T12:28:00","WOJ":22,"sev":1,"c":[255,255,0,160],"dmg":1,"sli":5,"ser":0,"fat":0,"row":-1,"mot":-1,"pie":-1,"uto":-1,"uwr":-1},"geometry":{"type":"Point","coordinates":[17.12625,53.95575]}},{"type":"Feature","properties":{"ID":106980010,"yr":2018,"dt":"2018-05-31T16:15:00","WOJ":22,"sev":1,"c":[255,255,0,160],"dmg":1,"sli":1,"ser":0,"fat":0,"row":-1,"mot":-1,"pie":-1,"uto":-1,"uwr":-1},"geometry":{"type":"Point","coordinates":[18.318333,54.0575]}},{"type":"Feature","properties":{"ID":107479720,"yr":2018,"dt":"2018-12-05T11:58:00","WOJ":22,"sev":1,"c":[255,255,0,160],"dmg":1,"sli":1,"ser":0,"fat":0,"row":-1,"mot":-1,"pie":-1,"uto":-1,"uwr":-1},"geometry":{"type":"Point","coordinates":[16.947056,53.975667]}},{"type":"Feature","properties":{"ID":107480827,"yr":2018,"dt":"2018-12-05T15:25:00","WOJ":22,"sev":1,"c":[255,255,0,160],"dmg":1,"sli":1,"ser":0,"fat":0,"row":-1,"mot":-1,"pie":1,"uto":-1,"uwr":-1},"geometry":{"type":"Point","coordinates":[18.437611,54.364417]}},{"type":"Feature","properties":{"ID":106979956,"yr":2018,"dt":"2018-05-31T14:30:00","WOJ":22,"sev":1,"c":[255,255,0,160],"dmg":1,"sli":1,"ser":0,"fat":0,"row":-1,"mot":1,"pie":-1,"uto":-1,"uwr":-1},"geometry":{"type":"Point","coordinates":[18.540833,54.344444]}},{"type":"Feature","properties":{"ID":107479414,"yr":2018,"dt":"2018-12-05T08:15:00","WOJ":22,"sev":1,"c":[255,255,0,160],"dmg":0,"sli":2,"ser":0,"fat":0,"row":-1,"mot":-1,"pie":-1,"uto":-1,"uwr":-1},"geometry":{"type":"Point","coordinates":[19.023472,53.683583]}},{"type":"Feature","properties":{"ID":106979885,"yr":2018,"dt":"2018-05-31T12:35:00","WOJ":22,"sev":1,"c":[255,255,0,160],"dmg":1,"sli":1,"ser":0,"fat":0,"row":-1,"mot":-1,"pie":-1,"uto":-1,"uwr":-1},"geometry":{"type":"Point","coordinates":[17.914167,53.783611]}},{"type":"Feature","properties":{"ID":106981097,"yr":2018,"dt":"2018-05-31T16:27:00","WOJ":22,"sev":1,"c":[255,255,0,160],"dmg":1,"sli":1,"ser":0,"fat":0,"row":-1,"mot":1,"pie":-1,"uto":-1,"uwr":-1},"geometry":{"type":"Point","coordinates":[18.173556,54.226278]}},{"type":"Feature","properties":{"ID":106982671,"yr":2018,"dt":"2018-06-01T18:00:00","WOJ":22,"sev":1,"c":[255,255,0,160],"dmg":0,"sli":5,"ser":0,"fat":0,"row":-1,"mot":-1,"pie":-1,"uto":-1,"uwr":-1},"geometry":{"type":"Point","coordinates":[17.643556,53.709194]}},{"type":"Feature","properties":{"ID":106980405,"yr":2018,"dt":"2018-06-01T11:00:00","WOJ":22,"sev":1,"c":[255,255,0,160],"dmg":2,"sli":2,"ser":0,"fat":0,"row":-1,"mot":-1,"pie":-1,"uto":-1,"uwr":-1},"geometry":{"type":"Point","coordinates":[18.261056,54.603361]}},{"type":"Feature","properties":{"ID":106981840,"yr":2018,"dt":"2018-06-01T07:15:00","WOJ":22,"sev":1,"c":[255,255,0,160],"dmg":1,"sli":1,"ser":0,"fat":0,"row":-1,"mot":-1,"pie":-1,"uto":-1,"uwr":-1},"geometry":{"type":"Point","coordinates":[18.566778,53.914417]}},{"type":"Feature","properties":{"ID":106982188,"yr":2018,"dt":"2018-06-01T09:15:00","WOJ":22,"sev":1,"c":[255,255,0,160],"dmg":1,"sli":1,"ser":0,"fat":0,"row":-1,"mot":-1,"pie":-1,"uto":-1,"uwr":-1},"geometry":{"type":"Point","coordinates":[18.777083,54.06875]}},{"type":"Feature","properties":{"ID":106980746,"yr":2018,"dt":"2018-06-01T19:46:00","WOJ":22,"sev":1,"c":[255,255,0,160],"dmg":1,"sli":1,"ser":0,"fat":0,"row":-1,"mot":-1,"pie":-1,"uto":-1,"uwr":-1},"geometry":{"type":"Point","coordinates":[17.063444,54.012194]}},{"type":"Feature","properties":{"ID":106985727,"yr":2018,"dt":"2018-06-01T13:45:00","WOJ":22,"sev":1,"c":[255,255,0,160],"dmg":1,"sli":1,"ser":0,"fat":0,"row":1,"mot":-1,"pie":-1,"uto":-1,"uwr":-1},"geometry":{"type":"Point","coordinates":[18.668889,54.345278]}},{"type":"Feature","properties":{"ID":106980488,"yr":2018,"dt":"2018-06-01T13:05:00","WOJ":22,"sev":1,"c":[255,255,0,160],"dmg":1,"sli":2,"ser":0,"fat":0,"row":-1,"mot":-1,"pie":-1,"uto":-1,"uwr":-1},"geometry":{"type":"Point","coordinates":[18.559778,54.308417]}},{"type":"Feature","properties":{"ID":106982741,"yr":2018,"dt":"2018-06-01T23:20:00","WOJ":22,"sev":1,"c":[255,255,0,160],"dmg":1,"sli":1,"ser":0,"fat":0,"row":1,"mot":-1,"pie":-1,"uto":-1,"uwr":-1},"geometry":{"type":"Point","coordinates":[18.494722,54.354444]}},{"type":"Feature","properties":{"ID":106982630,"yr":2018,"dt":"2018-06-01T19:15:00","WOJ":22,"sev":1,"c":[255,255,0,160],"dmg":1,"sli":1,"ser":0,"fat":0,"row":1,"mot":-1,"pie":-1,"uto":-1,"uwr":-1},"geometry":{"type":"Point","coordinates":[18.637222,54.288333]}},{"type":"Feature","properties":{"ID":106986857,"yr":2018,"dt":"2018-06-02T18:20:00","WOJ":22,"sev":1,"c":[255,255,0,160],"dmg":2,"sli":1,"ser":0,"fat":0,"row":-1,"mot":-1,"pie":-1,"uto":-1,"uwr":-1},"geometry":{"type":"Point","coordinates":[18.610833,54.387222]}},{"type":"Feature","properties":{"ID":107480838,"yr":2018,"dt":"2018-12-05T17:05:00","WOJ":22,"sev":1,"c":[255,255,0,160],"dmg":1,"sli":1,"ser":0,"fat":0,"row":-1,"mot":-1,"pie":1,"uto":-1,"uwr":-1},"geometry":{"type":"Point","coordinates":[18.625333,54.262611]}},{"type":"Feature","properties":{"ID":106989968,"yr":2018,"dt":"2018-06-02T10:15:00","WOJ":22,"sev":1,"c":[255,255,0,160],"dmg":1,"sli":1,"ser":0,"fat":0,"row":1,"mot":-1,"pie":-1,"uto":-1,"uwr":-1},"geometry":{"type":"Point","coordinates":[17.030583,54.47375]}},{"type":"Feature","properties":{"ID":106984007,"yr":2018,"dt":"2018-06-02T10:30:00","WOJ":22,"sev":1,"c":[255,255,0,160],"dmg":1,"sli":3,"ser":0,"fat":0,"row":-1,"mot":1,"pie":-1,"uto":-1,"uwr":-1},"geometry":{"type":"Point","coordinates":[18.423611,54.259167]}},{"type":"Feature","properties":{"ID":107482299,"yr":2018,"dt":"2018-12-05T06:25:00","WOJ":22,"sev":1,"c":[255,255,0,160],"dmg":1,"sli":1,"ser":0,"fat":0,"row":-1,"mot":-1,"pie":-1,"uto":-1,"uwr":-1},"geometry":{"type":"Point","coordinates":[18.026278,54.212083]}},{"type":"Feature","properties":{"ID":106982900,"yr":2018,"dt":"2018-06-02T02:00:00","WOJ":22,"sev":1,"c":[255,255,0,160],"dmg":2,"sli":2,"ser":0,"fat":0,"row":-1,"mot":-1,"pie":-1,"uto":-1,"uwr":-1},"geometry":{"type":"Point","coordinates":[19.027583,53.929306]}},{"type":"Feature","properties":{"ID":106984187,"yr":2018,"dt":"2018-06-02T12:30:00","WOJ":22,"sev":1,"c":[255,255,0,160],"dmg":1,"sli":1,"ser":0,"fat":0,"row":-1,"mot":-1,"pie":1,"uto":-1,"uwr":-1},"geometry":{"type":"Point","coordinates":[18.119167,54.248611]}},{"type":"Feature","properties":{"ID":106983033,"yr":2018,"dt":"2018-06-02T10:10:00","WOJ":22,"sev":1,"c":[255,255,0,160],"dmg":1,"sli":1,"ser":0,"fat":0,"row":-1,"mot":-1,"pie":-1,"uto":-1,"uwr":-1},"geometry":{"type":"Point","coordinates":[18.899806,54.055722]}},{"type":"Feature","properties":{"ID":106983517,"yr":2018,"dt":"2018-06-03T16:01:00","WOJ":22,"sev":1,"c":[255,255,0,160],"dmg":1,"sli":4,"ser":0,"fat":0,"row":-1,"mot":-1,"pie":-1,"uto":-1,"uwr":-1},"geometry":{"type":"Point","coordinates":[17.057222,53.692333]}},{"type":"Feature","properties":{"ID":106986865,"yr":2018,"dt":"2018-06-03T01:25:00","WOJ":22,"sev":1,"c":[255,255,0,160],"dmg":1,"sli":1,"ser":0,"fat":0,"row":-1,"mot":-1,"pie":-1,"uto":-1,"uwr":-1},"geometry":{"type":"Point","coordinates":[18.634167,54.330556]}},{"type":"Feature","properties":{"ID":107481255,"yr":2018,"dt":"2018-12-06T10:38:00","WOJ":22,"sev":1,"c":[255,255,0,160],"dmg":1,"sli":1,"ser":0,"fat":0,"row":-1,"mot":-1,"pie":1,"uto":-1,"uwr":-1},"geometry":{"type":"Point","coordinates":[17.968889,54.122222]}},{"type":"Feature","properties":{"ID":106995835,"yr":2018,"dt":"2018-06-03T15:40:00","WOJ":22,"sev":1,"c":[255,255,0,160],"dmg":0,"sli":1,"ser":0,"fat":0,"row":-1,"mot":-1,"pie":-1,"uto":-1,"uwr":-1},"geometry":{"type":"Point","coordinates":[16.846222,54.562639]}},{"type":"Feature","properties":{"ID":107481591,"yr":2018,"dt":"2018-12-06T14:10:00","WOJ":22,"sev":1,"c":[255,255,0,160],"dmg":1,"sli":1,"ser":0,"fat":0,"row":-1,"mot":-1,"pie":-1,"uto":-1,"uwr":-1},"geometry":{"type":"Point","coordinates":[18.996861,54.092556]}},{"type":"Feature","properties":{"ID":107483842,"yr":2018,"dt":"2018-12-06T20:10:00","WOJ":22,"sev":1,"c":[255,255,0,160],"dmg":1,"sli":1,"ser":0,"fat":0,"row":-1,"mot":-1,"pie":1,"uto":-1,"uwr":-1},"geometry":{"type":"Point","coordinates":[17.499833,54.180889]}},{"type":"Feature","properties":{"ID":106984897,"yr":2018,"dt":"2018-06-03T11:20:00","WOJ":22,"sev":1,"c":[255,255,0,160],"dmg":1,"sli":1,"ser":0,"fat":0,"row":-1,"mot":-1,"pie":-1,"uto":-1,"uwr":-1},"geometry":{"type":"Point","coordinates":[18.577028,54.304861]}},{"type":"Feature","properties":{"ID":106985319,"yr":2018,"dt":"2018-06-03T18:55:00","WOJ":22,"sev":1,"c":[255,255,0,160],"dmg":1,"sli":3,"ser":0,"fat":0,"row":-1,"mot":-1,"pie":-1,"uto":-1,"uwr":-1},"geometry":{"type":"Point","coordinates":[18.505167,53.952444]}},{"type":"Feature","properties":{"ID":106987755,"yr":2018,"dt":"2018-06-03T16:30:00","WOJ":22,"sev":1,"c":[255,255,0,160],"dmg":0,"sli":1,"ser":0,"fat":0,"row":1,"mot":-1,"pie":-1,"uto":-1,"uwr":-1},"geometry":{"type":"Point","coordinates":[17.631111,53.685833]}},{"type":"Feature","properties":{"ID":106983431,"yr":2018,"dt":"2018-06-03T13:16:00","WOJ":22,"sev":1,"c":[255,255,0,160],"dmg":1,"sli":1,"ser":0,"fat":0,"row":-1,"mot":-1,"pie":-1,"uto":-1,"uwr":-1},"geometry":{"type":"Point","coordinates":[16.976167,54.016778]}},{"type":"Feature","properties":{"ID":106986571,"yr":2018,"dt":"2018-06-04T09:50:00","WOJ":22,"sev":1,"c":[255,255,0,160],"dmg":1,"sli":3,"ser":0,"fat":0,"row":-1,"mot":-1,"pie":-1,"uto":-1,"uwr":-1},"geometry":{"type":"Point","coordinates":[18.552778,54.321667]}},{"type":"Feature","properties":{"ID":106986156,"yr":2018,"dt":"2018-06-04T11:45:00","WOJ":22,"sev":1,"c":[255,255,0,160],"dmg":1,"sli":1,"ser":0,"fat":0,"row":0,"mot":-1,"pie":1,"uto":-1,"uwr":-1},"geometry":{"type":"Point","coordinates":[18.392,54.57]}},{"type":"Feature","properties":{"ID":106986391,"yr":2018,"dt":"2018-06-04T14:48:00","WOJ":22,"sev":1,"c":[255,255,0,160],"dmg":1,"sli":1,"ser":0,"fat":0,"row":-1,"mot":-1,"pie":-1,"uto":-1,"uwr":-1},"geometry":{"type":"Point","coordinates":[16.978417,53.634778]}},{"type":"Feature","properties":{"ID":106990256,"yr":2018,"dt":"2018-06-04T14:40:00","WOJ":22,"sev":1,"c":[255,255,0,160],"dmg":1,"sli":1,"ser":0,"fat":0,"row":1,"mot":-1,"pie":-1,"uto":-1,"uwr":-1},"geometry":{"type":"Point","coordinates":[17.741111,54.539722]}},{"type":"Feature","properties":{"ID":106987012,"yr":2018,"dt":"2018-06-04T11:22:00","WOJ":22,"sev":1,"c":[255,255,0,160],"dmg":0,"sli":2,"ser":0,"fat":0,"row":-1,"mot":-1,"pie":-1,"uto":-1,"uwr":-1},"geometry":{"type":"Point","coordinates":[18.262139,54.412861]}},{"type":"Feature","properties":{"ID":107481787,"yr":2018,"dt":"2018-12-06T18:25:00","WOJ":22,"sev":1,"c":[255,255,0,160],"dmg":2,"sli":1,"ser":0,"fat":0,"row":-1,"mot":-1,"pie":-1,"uto":-1,"uwr":-1},"geometry":{"type":"Point","coordinates":[18.540611,54.167778]}},{"type":"Feature","properties":{"ID":107033825,"yr":2018,"dt":"2018-06-04T00:20:00","WOJ":22,"sev":1,"c":[255,255,0,160],"dmg":0,"sli":1,"ser":0,"fat":0,"row":-1,"mot":-1,"pie":-1,"uto":-1,"uwr":-1},"geometry":{"type":"Point","coordinates":[18.694056,54.096944]}},{"type":"Feature","properties":{"ID":106985692,"yr":2018,"dt":"2018-06-04T05:45:00","WOJ":22,"sev":1,"c":[255,255,0,160],"dmg":2,"sli":2,"ser":0,"fat":0,"row":-1,"mot":-1,"pie":-1,"uto":-1,"uwr":-1},"geometry":{"type":"Point","coordinates":[18.6425,54.364444]}},{"type":"Feature","properties":{"ID":107481695,"yr":2018,"dt":"2018-12-06T16:15:00","WOJ":22,"sev":1,"c":[255,255,0,160],"dmg":1,"sli":1,"ser":0,"fat":0,"row":-1,"mot":-1,"pie":1,"uto":-1,"uwr":-1},"geometry":{"type":"Point","coordinates":[18.6225,54.366944]}},{"type":"Feature","properties":{"ID":106985857,"yr":2018,"dt":"2018-06-04T05:50:00","WOJ":22,"sev":1,"c":[255,255,0,160],"dmg":0,"sli":2,"ser":0,"fat":0,"row":-1,"mot":-1,"pie":-1,"uto":-1,"uwr":-1},"geometry":{"type":"Point","coordinates":[18.241667,54.143611]}},{"type":"Feature","properties":{"ID":107485884,"yr":2018,"dt":"2018-12-07T19:55:00","WOJ":22,"sev":1,"c":[255,255,0,160],"dmg":3,"sli":1,"ser":0,"fat":0,"row":-1,"mot":-1,"pie":-1,"uto":-1,"uwr":-1},"geometry":{"type":"Point","coordinates":[18.550833,54.323056]}},{"type":"Feature","properties":{"ID":106988728,"yr":2018,"dt":"2018-06-05T20:00:00","WOJ":22,"sev":1,"c":[255,255,0,160],"dmg":1,"sli":1,"ser":0,"fat":0,"row":0,"mot":-1,"pie":1,"uto":-1,"uwr":-1},"geometry":{"type":"Point","coordinates":[18.762611,54.207222]}},{"type":"Feature","properties":{"ID":107485377,"yr":2018,"dt":"2018-12-07T17:38:00","WOJ":22,"sev":1,"c":[255,255,0,160],"dmg":1,"sli":1,"ser":0,"fat":0,"row":-1,"mot":-1,"pie":-1,"uto":-1,"uwr":-1},"geometry":{"type":"Point","coordinates":[17.378194,53.675028]}},{"type":"Feature","properties":{"ID":106986721,"yr":2018,"dt":"2018-06-05T15:20:00","WOJ":22,"sev":1,"c":[255,255,0,160],"dmg":1,"sli":1,"ser":0,"fat":0,"row":-1,"mot":1,"pie":-1,"uto":-1,"uwr":-1},"geometry":{"type":"Point","coordinates":[18.641111,54.340556]}},{"type":"Feature","properties":{"ID":106988416,"yr":2018,"dt":"2018-06-05T14:25:00","WOJ":22,"sev":1,"c":[255,255,0,160],"dmg":2,"sli":2,"ser":0,"fat":0,"row":-1,"mot":-1,"pie":-1,"uto":-1,"uwr":-1},"geometry":{"type":"Point","coordinates":[19.203389,53.755111]}},{"type":"Feature","properties":{"ID":106988899,"yr":2018,"dt":"2018-06-05T15:30:00","WOJ":22,"sev":1,"c":[255,255,0,160],"dmg":1,"sli":1,"ser":0,"fat":0,"row":-1,"mot":-1,"pie":1,"uto":-1,"uwr":-1},"geometry":{"type":"Point","coordinates":[16.854083,54.57775]}},{"type":"Feature","properties":{"ID":106990638,"yr":2018,"dt":"2018-06-05T15:00:00","WOJ":22,"sev":1,"c":[255,255,0,160],"dmg":1,"sli":1,"ser":0,"fat":0,"row":1,"mot":-1,"pie":-1,"uto":-1,"uwr":-1},"geometry":{"type":"Point","coordinates":[18.312694,53.929361]}},{"type":"Feature","properties":{"ID":106986777,"yr":2018,"dt":"2018-06-05T13:45:00","WOJ":22,"sev":1,"c":[255,255,0,160],"dmg":0,"sli":1,"ser":0,"fat":0,"row":-1,"mot":-1,"pie":-1,"uto":-1,"uwr":-1},"geometry":{"type":"Point","coordinates":[19.344694,53.925194]}},{"type":"Feature","properties":{"ID":106987798,"yr":2018,"dt":"2018-06-05T10:30:00","WOJ":22,"sev":1,"c":[255,255,0,160],"dmg":0,"sli":2,"ser":0,"fat":0,"row":1,"mot":-1,"pie":1,"uto":-1,"uwr":-1},"geometry":{"type":"Point","coordinates":[18.588889,54.36]}},{"type":"Feature","properties":{"ID":107177680,"yr":2018,"dt":"2018-08-13T11:10:00","WOJ":22,"sev":1,"c":[255,255,0,160],"dmg":2,"sli":1,"ser":0,"fat":0,"row":-1,"mot":-1,"pie":-1,"uto":-1,"uwr":-1},"geometry":{"type":"Point","coordinates":[18.501111,54.385556]}},{"type":"Feature","properties":{"ID":107483143,"yr":2018,"dt":"2018-12-07T05:45:00","WOJ":22,"sev":1,"c":[255,255,0,160],"dmg":1,"sli":1,"ser":0,"fat":0,"row":1,"mot":-1,"pie":-1,"uto":-1,"uwr":-1},"geometry":{"type":"Point","coordinates":[18.268278,54.31575]}},{"type":"Feature","properties":{"ID":107485120,"yr":2018,"dt":"2018-12-07T16:00:00","WOJ":22,"sev":1,"c":[255,255,0,160],"dmg":1,"sli":1,"ser":0,"fat":0,"row":-1,"mot":-1,"pie":1,"uto":-1,"uwr":-1},"geometry":{"type":"Point","coordinates":[18.536944,54.482778]}},{"type":"Feature","properties":{"ID":106989055,"yr":2018,"dt":"2018-06-06T06:40:00","WOJ":22,"sev":1,"c":[255,255,0,160],"dmg":1,"sli":1,"ser":0,"fat":0,"row":1,"mot":-1,"pie":-1,"uto":-1,"uwr":-1},"geometry":{"type":"Point","coordinates":[18.594722,54.345556]}},{"type":"Feature","properties":{"ID":106989561,"yr":2018,"dt":"2018-06-06T20:10:00","WOJ":22,"sev":1,"c":[255,255,0,160],"dmg":1,"sli":1,"ser":0,"fat":0,"row":-1,"mot":-1,"pie":1,"uto":-1,"uwr":-1},"geometry":{"type":"Point","coordinates":[17.117944,54.445833]}},{"type":"Feature","properties":{"ID":106990231,"yr":2018,"dt":"2018-06-06T10:20:00","WOJ":22,"sev":1,"c":[255,255,0,160],"dmg":0,"sli":2,"ser":0,"fat":0,"row":-1,"mot":-1,"pie":-1,"uto":-1,"uwr":-1},"geometry":{"type":"Point","coordinates":[18.412722,54.190306]}},{"type":"Feature","properties":{"ID":106990385,"yr":2018,"dt":"2018-06-06T07:55:00","WOJ":22,"sev":1,"c":[255,255,0,160],"dmg":1,"sli":1,"ser":0,"fat":0,"row":-1,"mot":-1,"pie":1,"uto":-1,"uwr":-1},"geometry":{"type":"Point","coordinates":[19.345528,53.922472]}},{"type":"Feature","properties":{"ID":106991209,"yr":2018,"dt":"2018-06-06T22:15:00","WOJ":22,"sev":1,"c":[255,255,0,160],"dmg":1,"sli":1,"ser":0,"fat":0,"row":-1,"mot":-1,"pie":1,"uto":-1,"uwr":-1},"geometry":{"type":"Point","coordinates":[18.77575,54.842139]}},{"type":"Feature","properties":{"ID":106989882,"yr":2018,"dt":"2018-06-06T06:10:00","WOJ":22,"sev":1,"c":[255,255,0,160],"dmg":1,"sli":1,"ser":0,"fat":0,"row":1,"mot":-1,"pie":-1,"uto":-1,"uwr":-1},"geometry":{"type":"Point","coordinates":[17.010083,54.494972]}},{"type":"Feature","properties":{"ID":106991637,"yr":2018,"dt":"2018-06-07T10:00:00","WOJ":22,"sev":1,"c":[255,255,0,160],"dmg":1,"sli":1,"ser":0,"fat":0,"row":-1,"mot":-1,"pie":1,"uto":-1,"uwr":-1},"geometry":{"type":"Point","coordinates":[18.6525,54.342778]}},{"type":"Feature","properties":{"ID":106992118,"yr":2018,"dt":"2018-06-07T15:15:00","WOJ":22,"sev":1,"c":[255,255,0,160],"dmg":1,"sli":1,"ser":0,"fat":0,"row":-1,"mot":-1,"pie":1,"uto":-1,"uwr":-1},"geometry":{"type":"Point","coordinates":[18.600278,54.380833]}},{"type":"Feature","properties":{"ID":106993204,"yr":2018,"dt":"2018-06-07T18:50:00","WOJ":22,"sev":1,"c":[255,255,0,160],"dmg":1,"sli":1,"ser":0,"fat":0,"row":1,"mot":-1,"pie":-1,"uto":-1,"uwr":-1},"geometry":{"type":"Point","coordinates":[18.692222,54.360278]}},{"type":"Feature","properties":{"ID":106993888,"yr":2018,"dt":"2018-06-07T08:50:00","WOJ":22,"sev":1,"c":[255,255,0,160],"dmg":1,"sli":1,"ser":0,"fat":0,"row":-1,"mot":-1,"pie":1,"uto":-1,"uwr":-1},"geometry":{"type":"Point","coordinates":[17.004667,54.445333]}},{"type":"Feature","properties":{"ID":107485910,"yr":2018,"dt":"2018-12-07T21:30:00","WOJ":22,"sev":1,"c":[255,255,0,160],"dmg":1,"sli":1,"ser":0,"fat":0,"row":-1,"mot":-1,"pie":1,"uto":-1,"uwr":-1},"geometry":{"type":"Point","coordinates":[18.535556,54.519722]}},{"type":"Feature","properties":{"ID":106991970,"yr":2018,"dt":"2018-06-07T11:15:00","WOJ":22,"sev":1,"c":[255,255,0,160],"dmg":0,"sli":2,"ser":0,"fat":0,"row":-1,"mot":-1,"pie":-1,"uto":-1,"uwr":-1},"geometry":{"type":"Point","coordinates":[19.385833,53.929167]}},{"type":"Feature","properties":{"ID":106992194,"yr":2018,"dt":"2018-06-07T16:43:00","WOJ":22,"sev":1,"c":[255,255,0,160],"dmg":1,"sli":1,"ser":0,"fat":0,"row":1,"mot":-1,"pie":-1,"uto":-1,"uwr":-1},"geometry":{"type":"Point","coordinates":[18.538361,54.516278]}},{"type":"Feature","properties":{"ID":106992966,"yr":2018,"dt":"2018-06-07T15:10:00","WOJ":22,"sev":1,"c":[255,255,0,160],"dmg":1,"sli":1,"ser":0,"fat":0,"row":1,"mot":-1,"pie":-1,"uto":-1,"uwr":-1},"geometry":{"type":"Point","coordinates":[18.602222,54.346667]}},{"type":"Feature","properties":{"ID":106991946,"yr":2018,"dt":"2018-06-07T12:17:00","WOJ":22,"sev":1,"c":[255,255,0,160],"dmg":2,"sli":2,"ser":0,"fat":0,"row":-1,"mot":-1,"pie":-1,"uto":-1,"uwr":-1},"geometry":{"type":"Point","coordinates":[17.932778,54.111944]}},{"type":"Feature","properties":{"ID":107000244,"yr":2018,"dt":"2018-06-08T13:10:00","WOJ":22,"sev":1,"c":[255,255,0,160],"dmg":1,"sli":1,"ser":0,"fat":0,"row":1,"mot":-1,"pie":-1,"uto":-1,"uwr":-1},"geometry":{"type":"Point","coordinates":[18.643611,54.385]}},{"type":"Feature","properties":{"ID":107490674,"yr":2018,"dt":"2018-12-07T17:00:00","WOJ":22,"sev":1,"c":[255,255,0,160],"dmg":1,"sli":1,"ser":0,"fat":0,"row":-1,"mot":-1,"pie":1,"uto":-1,"uwr":-1},"geometry":{"type":"Point","coordinates":[17.06775,54.455333]}},{"type":"Feature","properties":{"ID":107000232,"yr":2018,"dt":"2018-06-08T12:00:00","WOJ":22,"sev":1,"c":[255,255,0,160],"dmg":1,"sli":1,"ser":0,"fat":0,"row":1,"mot":-1,"pie":-1,"uto":-1,"uwr":-1},"geometry":{"type":"Point","coordinates":[18.589722,54.379444]}},{"type":"Feature","properties":{"ID":107058820,"yr":2018,"dt":"2018-06-08T09:30:00","WOJ":22,"sev":1,"c":[255,255,0,160],"dmg":0,"sli":1,"ser":0,"fat":0,"row":-1,"mot":-1,"pie":-1,"uto":-1,"uwr":-1},"geometry":{"type":"Point","coordinates":[18.781056,54.091472]}},{"type":"Feature","properties":{"ID":107492487,"yr":2018,"dt":"2018-12-07T07:25:00","WOJ":22,"sev":1,"c":[255,255,0,160],"dmg":1,"sli":1,"ser":0,"fat":0,"row":-1,"mot":-1,"pie":1,"uto":-1,"uwr":-1},"geometry":{"type":"Point","coordinates":[18.633333,54.261944]}},{"type":"Feature","properties":{"ID":106995181,"yr":2018,"dt":"2018-06-08T18:50:00","WOJ":22,"sev":1,"c":[255,255,0,160],"dmg":3,"sli":4,"ser":0,"fat":0,"row":-1,"mot":-1,"pie":-1,"uto":-1,"uwr":-1},"geometry":{"type":"Point","coordinates":[18.670667,54.144028]}},{"type":"Feature","properties":{"ID":106993425,"yr":2018,"dt":"2018-06-08T08:30:00","WOJ":22,"sev":1,"c":[255,255,0,160],"dmg":2,"sli":1,"ser":0,"fat":0,"row":-1,"mot":-1,"pie":-1,"uto":-1,"uwr":-1},"geometry":{"type":"Point","coordinates":[18.646972,54.221333]}},{"type":"Feature","properties":{"ID":107020837,"yr":2018,"dt":"2018-06-08T12:00:00","WOJ":22,"sev":1,"c":[255,255,0,160],"dmg":1,"sli":1,"ser":0,"fat":0,"row":1,"mot":-1,"pie":-1,"uto":-1,"uwr":-1},"geometry":{"type":"Point","coordinates":[18.573056,54.416389]}},{"type":"Feature","properties":{"ID":106993516,"yr":2018,"dt":"2018-06-08T07:00:00","WOJ":22,"sev":1,"c":[255,255,0,160],"dmg":1,"sli":1,"ser":0,"fat":0,"row":1,"mot":-1,"pie":-1,"uto":-1,"uwr":-1},"geometry":{"type":"Point","coordinates":[18.592222,54.401667]}},{"type":"Feature","properties":{"ID":107484214,"yr":2018,"dt":"2018-12-07T09:30:00","WOJ":22,"sev":1,"c":[255,255,0,160],"dmg":1,"sli":1,"ser":0,"fat":0,"row":-1,"mot":-1,"pie":1,"uto":-1,"uwr":-1},"geometry":{"type":"Point","coordinates":[18.800639,54.077333]}},{"type":"Feature","properties":{"ID":106996220,"yr":2018,"dt":"2018-06-08T18:00:00","WOJ":22,"sev":1,"c":[255,255,0,160],"dmg":0,"sli":1,"ser":0,"fat":0,"row":-1,"mot":-1,"pie":-1,"uto":-1,"uwr":-1},"geometry":{"type":"Point","coordinates":[17.657194,53.98175]}},{"type":"Feature","properties":{"ID":106996814,"yr":2018,"dt":"2018-06-09T09:00:00","WOJ":22,"sev":1,"c":[255,255,0,160],"dmg":2,"sli":1,"ser":0,"fat":0,"row":-1,"mot":1,"pie":-1,"uto":-1,"uwr":-1},"geometry":{"type":"Point","coordinates":[18.296917,54.182639]}},{"type":"Feature","properties":{"ID":107486402,"yr":2018,"dt":"2018-12-08T14:30:00","WOJ":22,"sev":1,"c":[255,255,0,160],"dmg":1,"sli":1,"ser":0,"fat":0,"row":-1,"mot":-1,"pie":1,"uto":-1,"uwr":-1},"geometry":{"type":"Point","coordinates":[18.575278,54.352222]}},{"type":"Feature","properties":{"ID":107486628,"yr":2018,"dt":"2018-12-08T19:41:00","WOJ":22,"sev":1,"c":[255,255,0,160],"dmg":1,"sli":1,"ser":0,"fat":0,"row":-1,"mot":-1,"pie":1,"uto":-1,"uwr":-1},"geometry":{"type":"Point","coordinates":[16.952778,53.678333]}},{"type":"Feature","properties":{"ID":106995494,"yr":2018,"dt":"2018-06-09T13:00:00","WOJ":22,"sev":1,"c":[255,255,0,160],"dmg":1,"sli":2,"ser":0,"fat":0,"row":-1,"mot":1,"pie":-1,"uto":-1,"uwr":-1},"geometry":{"type":"Point","coordinates":[18.585167,54.27575]}},{"type":"Feature","properties":{"ID":107487518,"yr":2018,"dt":"2018-12-09T18:35:00","WOJ":22,"sev":1,"c":[255,255,0,160],"dmg":0,"sli":2,"ser":0,"fat":0,"row":-1,"mot":-1,"pie":-1,"uto":-1,"uwr":-1},"geometry":{"type":"Point","coordinates":[18.8555,54.054833]}},{"type":"Feature","properties":{"ID":107060853,"yr":2018,"dt":"2018-06-09T10:11:00","WOJ":22,"sev":1,"c":[255,255,0,160],"dmg":2,"sli":2,"ser":0,"fat":0,"row":-1,"mot":-1,"pie":-1,"uto":-1,"uwr":-1},"geometry":{"type":"Point","coordinates":[18.538917,53.976333]}},{"type":"Feature","properties":{"ID":106995612,"yr":2018,"dt":"2018-06-09T17:30:00","WOJ":22,"sev":1,"c":[255,255,0,160],"dmg":1,"sli":1,"ser":0,"fat":0,"row":1,"mot":-1,"pie":-1,"uto":-1,"uwr":-1},"geometry":{"type":"Point","coordinates":[19.037389,54.046306]}},{"type":"Feature","properties":{"ID":106996926,"yr":2018,"dt":"2018-06-09T10:05:00","WOJ":22,"sev":1,"c":[255,255,0,160],"dmg":1,"sli":1,"ser":0,"fat":0,"row":1,"mot":-1,"pie":-1,"uto":-1,"uwr":-1},"geometry":{"type":"Point","coordinates":[17.773611,54.526111]}},{"type":"Feature","properties":{"ID":106996964,"yr":2018,"dt":"2018-06-09T11:20:00","WOJ":22,"sev":1,"c":[255,255,0,160],"dmg":1,"sli":1,"ser":0,"fat":0,"row":-1,"mot":-1,"pie":-1,"uto":-1,"uwr":-1},"geometry":{"type":"Point","coordinates":[18.810833,53.818444]}},{"type":"Feature","properties":{"ID":107062856,"yr":2018,"dt":"2018-06-09T08:15:00","WOJ":22,"sev":1,"c":[255,255,0,160],"dmg":1,"sli":1,"ser":0,"fat":0,"row":1,"mot":-1,"pie":-1,"uto":-1,"uwr":-1},"geometry":{"type":"Point","coordinates":[17.543056,53.694722]}},{"type":"Feature","properties":{"ID":107096711,"yr":2018,"dt":"2018-06-09T15:40:00","WOJ":22,"sev":1,"c":[255,255,0,160],"dmg":1,"sli":1,"ser":0,"fat":0,"row":-1,"mot":1,"pie":-1,"uto":-1,"uwr":-1},"geometry":{"type":"Point","coordinates":[17.9093,54.0541]}},{"type":"Feature","properties":{"ID":107487282,"yr":2018,"dt":"2018-12-09T06:45:00","WOJ":22,"sev":1,"c":[255,255,0,160],"dmg":0,"sli":1,"ser":0,"fat":0,"row":-1,"mot":-1,"pie":-1,"uto":-1,"uwr":-1},"geometry":{"type":"Point","coordinates":[18.163694,54.315417]}},{"type":"Feature","properties":{"ID":106996758,"yr":2018,"dt":"2018-06-09T08:09:00","WOJ":22,"sev":1,"c":[255,255,0,160],"dmg":0,"sli":1,"ser":0,"fat":0,"row":-1,"mot":1,"pie":-1,"uto":-1,"uwr":-1},"geometry":{"type":"Point","coordinates":[18.003056,54.122778]}},{"type":"Feature","properties":{"ID":107488083,"yr":2018,"dt":"2018-12-09T17:05:00","WOJ":22,"sev":1,"c":[255,255,0,160],"dmg":1,"sli":1,"ser":0,"fat":0,"row":-1,"mot":-1,"pie":1,"uto":-1,"uwr":-1},"geometry":{"type":"Point","coordinates":[18.350056,54.212556]}},{"type":"Feature","properties":{"ID":106999839,"yr":2018,"dt":"2018-06-10T10:50:00","WOJ":22,"sev":1,"c":[255,255,0,160],"dmg":2,"sli":1,"ser":0,"fat":0,"row":-1,"mot":-1,"pie":-1,"uto":-1,"uwr":-1},"geometry":{"type":"Point","coordinates":[18.562972,53.977611]}},{"type":"Feature","properties":{"ID":106999941,"yr":2018,"dt":"2018-06-10T17:25:00","WOJ":22,"sev":1,"c":[255,255,0,160],"dmg":1,"sli":1,"ser":0,"fat":0,"row":-1,"mot":-1,"pie":1,"uto":-1,"uwr":-1},"geometry":{"type":"Point","coordinates":[18.936139,53.72125]}},{"type":"Feature","properties":{"ID":107000880,"yr":2018,"dt":"2018-06-10T14:25:00","WOJ":22,"sev":1,"c":[255,255,0,160],"dmg":1,"sli":1,"ser":0,"fat":0,"row":1,"mot":-1,"pie":-1,"uto":-1,"uwr":-1},"geometry":{"type":"Point","coordinates":[17.712222,54.586389]}},{"type":"Feature","properties":{"ID":106999894,"yr":2018,"dt":"2018-06-10T17:15:00","WOJ":22,"sev":1,"c":[255,255,0,160],"dmg":1,"sli":1,"ser":0,"fat":0,"row":1,"mot":-1,"pie":-1,"uto":-1,"uwr":-1},"geometry":{"type":"Point","coordinates":[16.999361,54.456806]}},{"type":"Feature","properties":{"ID":107032074,"yr":2018,"dt":"2018-06-10T08:30:00","WOJ":22,"sev":1,"c":[255,255,0,160],"dmg":1,"sli":1,"ser":0,"fat":0,"row":1,"mot":-1,"pie":-1,"uto":-1,"uwr":-1},"geometry":{"type":"Point","coordinates":[18.918639,53.734444]}},{"type":"Feature","properties":{"ID":107491320,"yr":2018,"dt":"2018-12-09T10:55:00","WOJ":22,"sev":1,"c":[255,255,0,160],"dmg":0,"sli":1,"ser":0,"fat":0,"row":-1,"mot":-1,"pie":-1,"uto":-1,"uwr":-1},"geometry":{"type":"Point","coordinates":[17.467056,54.527028]}},{"type":"Feature","properties":{"ID":107044940,"yr":2018,"dt":"2018-06-10T12:10:00","WOJ":22,"sev":1,"c":[255,255,0,160],"dmg":1,"sli":2,"ser":0,"fat":0,"row":-1,"mot":-1,"pie":-1,"uto":-1,"uwr":-1},"geometry":{"type":"Point","coordinates":[17.901111,54.114444]}},{"type":"Feature","properties":{"ID":107000957,"yr":2018,"dt":"2018-06-10T16:54:00","WOJ":22,"sev":1,"c":[255,255,0,160],"dmg":0,"sli":5,"ser":0,"fat":0,"row":-1,"mot":-1,"pie":-1,"uto":-1,"uwr":-1},"geometry":{"type":"Point","coordinates":[17.783889,54.148333]}},{"type":"Feature","properties":{"ID":106997672,"yr":2018,"dt":"2018-06-10T13:01:00","WOJ":22,"sev":1,"c":[255,255,0,160],"dmg":2,"sli":1,"ser":0,"fat":0,"row":-1,"mot":-1,"pie":-1,"uto":-1,"uwr":-1},"geometry":{"type":"Point","coordinates":[17.641944,53.761389]}},{"type":"Feature","properties":{"ID":107488817,"yr":2018,"dt":"2018-12-10T13:40:00","WOJ":22,"sev":1,"c":[255,255,0,160],"dmg":1,"sli":1,"ser":0,"fat":0,"row":-1,"mot":-1,"pie":1,"uto":-1,"uwr":-1},"geometry":{"type":"Point","coordinates":[18.707778,54.363889]}},{"type":"Feature","properties":{"ID":107002039,"yr":2018,"dt":"2018-06-11T19:08:00","WOJ":22,"sev":1,"c":[255,255,0,160],"dmg":1,"sli":2,"ser":0,"fat":0,"row":-1,"mot":-1,"pie":1,"uto":-1,"uwr":-1},"geometry":{"type":"Point","coordinates":[19.032083,54.035583]}},{"type":"Feature","properties":{"ID":107001146,"yr":2018,"dt":"2018-06-11T07:30:00","WOJ":22,"sev":1,"c":[255,255,0,160],"dmg":1,"sli":1,"ser":0,"fat":0,"row":-1,"mot":1,"pie":-1,"uto":-1,"uwr":-1},"geometry":{"type":"Point","coordinates":[18.16,54.263889]}},{"type":"Feature","properties":{"ID":107001137,"yr":2018,"dt":"2018-06-11T05:45:00","WOJ":22,"sev":1,"c":[255,255,0,160],"dmg":1,"sli":1,"ser":0,"fat":0,"row":-1,"mot":-1,"pie":-1,"uto":-1,"uwr":-1},"geometry":{"type":"Point","coordinates":[18.43875,54.639194]}},{"type":"Feature","properties":{"ID":107005452,"yr":2018,"dt":"2018-06-12T14:40:00","WOJ":22,"sev":1,"c":[255,255,0,160],"dmg":1,"sli":1,"ser":0,"fat":0,"row":1,"mot":-1,"pie":-1,"uto":-1,"uwr":-1},"geometry":{"type":"Point","coordinates":[18.707222,54.363889]}},{"type":"Feature","properties":{"ID":107005606,"yr":2018,"dt":"2018-06-12T17:04:00","WOJ":22,"sev":1,"c":[255,255,0,160],"dmg":2,"sli":1,"ser":0,"fat":0,"row":-1,"mot":-1,"pie":-1,"uto":-1,"uwr":-1},"geometry":{"type":"Point","coordinates":[18.606389,54.348611]}},{"type":"Feature","properties":{"ID":107005433,"yr":2018,"dt":"2018-06-12T13:35:00","WOJ":22,"sev":1,"c":[255,255,0,160],"dmg":1,"sli":1,"ser":0,"fat":0,"row":0,"mot":-1,"pie":1,"uto":-1,"uwr":-1},"geometry":{"type":"Point","coordinates":[19.023694,54.032083]}},{"type":"Feature","properties":{"ID":107005059,"yr":2018,"dt":"2018-06-12T14:30:00","WOJ":22,"sev":1,"c":[255,255,0,160],"dmg":3,"sli":1,"ser":0,"fat":0,"row":-1,"mot":-1,"pie":-1,"uto":-1,"uwr":-1},"geometry":{"type":"Point","coordinates":[17.885833,54.120278]}},{"type":"Feature","properties":{"ID":107489450,"yr":2018,"dt":"2018-12-10T14:10:00","WOJ":22,"sev":1,"c":[255,255,0,160],"dmg":1,"sli":1,"ser":0,"fat":0,"row":1,"mot":-1,"pie":-1,"uto":-1,"uwr":-1},"geometry":{"type":"Point","coordinates":[18.222361,54.292972]}},{"type":"Feature","properties":{"ID":107005413,"yr":2018,"dt":"2018-06-12T15:50:00","WOJ":22,"sev":1,"c":[255,255,0,160],"dmg":1,"sli":1,"ser":0,"fat":0,"row":-1,"mot":-1,"pie":-1,"uto":-1,"uwr":-1},"geometry":{"type":"Point","coordinates":[19.050167,54.036028]}},{"type":"Feature","properties":{"ID":107010901,"yr":2018,"dt":"2018-06-12T11:45:00","WOJ":22,"sev":1,"c":[255,255,0,160],"dmg":1,"sli":1,"ser":0,"fat":0,"row":1,"mot":-1,"pie":-1,"uto":-1,"uwr":-1},"geometry":{"type":"Point","coordinates":[18.704444,54.362778]}},{"type":"Feature","properties":{"ID":107490183,"yr":2018,"dt":"2018-12-10T17:15:00","WOJ":22,"sev":1,"c":[255,255,0,160],"dmg":1,"sli":1,"ser":0,"fat":0,"row":-1,"mot":-1,"pie":1,"uto":-1,"uwr":-1},"geometry":{"type":"Point","coordinates":[18.926778,53.727889]}},{"type":"Feature","properties":{"ID":107005756,"yr":2018,"dt":"2018-06-12T22:00:00","WOJ":22,"sev":1,"c":[255,255,0,160],"dmg":1,"sli":1,"ser":0,"fat":0,"row":-1,"mot":-1,"pie":1,"uto":-1,"uwr":-1},"geometry":{"type":"Point","coordinates":[18.588056,54.412222]}},{"type":"Feature","properties":{"ID":107013849,"yr":2018,"dt":"2018-06-13T16:35:00","WOJ":22,"sev":1,"c":[255,255,0,160],"dmg":1,"sli":1,"ser":0,"fat":0,"row":1,"mot":-1,"pie":-1,"uto":-1,"uwr":-1},"geometry":{"type":"Point","coordinates":[19.032667,54.039167]}},{"type":"Feature","properties":{"ID":107013889,"yr":2018,"dt":"2018-06-13T19:05:00","WOJ":22,"sev":1,"c":[255,255,0,160],"dmg":1,"sli":1,"ser":0,"fat":0,"row":1,"mot":-1,"pie":-1,"uto":-1,"uwr":-1},"geometry":{"type":"Point","coordinates":[18.1729,53.9905]}},{"type":"Feature","properties":{"ID":107009357,"yr":2018,"dt":"2018-06-13T13:54:00","WOJ":22,"sev":1,"c":[255,255,0,160],"dmg":2,"sli":1,"ser":0,"fat":0,"row":-1,"mot":-1,"pie":-1,"uto":-1,"uwr":-1},"geometry":{"type":"Point","coordinates":[19.03125,54.035333]}},{"type":"Feature","properties":{"ID":107009353,"yr":2018,"dt":"2018-06-13T12:45:00","WOJ":22,"sev":1,"c":[255,255,0,160],"dmg":1,"sli":1,"ser":0,"fat":0,"row":-1,"mot":-1,"pie":-1,"uto":-1,"uwr":-1},"geometry":{"type":"Point","coordinates":[18.561389,54.433611]}},{"type":"Feature","properties":{"ID":107014044,"yr":2018,"dt":"2018-06-13T22:00:00","WOJ":22,"sev":1,"c":[255,255,0,160],"dmg":1,"sli":1,"ser":0,"fat":0,"row":1,"mot":-1,"pie":-1,"uto":-1,"uwr":-1},"geometry":{"type":"Point","coordinates":[18.515083,53.965889]}},{"type":"Feature","properties":{"ID":107014006,"yr":2018,"dt":"2018-06-13T20:00:00","WOJ":22,"sev":1,"c":[255,255,0,160],"dmg":2,"sli":1,"ser":0,"fat":0,"row":-1,"mot":-1,"pie":-1,"uto":-1,"uwr":-1},"geometry":{"type":"Point","coordinates":[18.675056,54.037806]}},{"type":"Feature","properties":{"ID":107077012,"yr":2018,"dt":"2018-06-13T17:00:00","WOJ":22,"sev":1,"c":[255,255,0,160],"dmg":1,"sli":2,"ser":0,"fat":0,"row":-1,"mot":-1,"pie":-1,"uto":-1,"uwr":-1},"geometry":{"type":"Point","coordinates":[18.801722,54.050639]}},{"type":"Feature","properties":{"ID":107488945,"yr":2018,"dt":"2018-12-10T10:20:00","WOJ":22,"sev":1,"c":[255,255,0,160],"dmg":0,"sli":2,"ser":0,"fat":0,"row":-1,"mot":-1,"pie":-1,"uto":-1,"uwr":-1},"geometry":{"type":"Point","coordinates":[17.774167,54.011111]}},{"type":"Feature","properties":{"ID":107017873,"yr":2018,"dt":"2018-06-14T13:45:00","WOJ":22,"sev":1,"c":[255,255,0,160],"dmg":1,"sli":1,"ser":0,"fat":0,"row":-1,"mot":-1,"pie":1,"uto":-1,"uwr":-1},"geometry":{"type":"Point","coordinates":[18.589167,54.408611]}},{"type":"Feature","properties":{"ID":107014431,"yr":2018,"dt":"2018-06-14T09:50:00","WOJ":22,"sev":1,"c":[255,255,0,160],"dmg":1,"sli":1,"ser":0,"fat":0,"row":-1,"mot":-1,"pie":1,"uto":-1,"uwr":-1},"geometry":{"type":"Point","coordinates":[16.864583,54.580972]}},{"type":"Feature","properties":{"ID":107014185,"yr":2018,"dt":"2018-06-14T06:05:00","WOJ":22,"sev":1,"c":[255,255,0,160],"dmg":2,"sli":1,"ser":0,"fat":0,"row":-1,"mot":-1,"pie":-1,"uto":-1,"uwr":-1},"geometry":{"type":"Point","coordinates":[18.547583,54.213639]}},{"type":"Feature","properties":{"ID":107018343,"yr":2018,"dt":"2018-06-14T19:30:00","WOJ":22,"sev":1,"c":[255,255,0,160],"dmg":1,"sli":1,"ser":0,"fat":0,"row":-1,"mot":1,"pie":-1,"uto":-1,"uwr":-1},"geometry":{"type":"Point","coordinates":[18.563611,54.4225]}},{"type":"Feature","properties":{"ID":107017975,"yr":2018,"dt":"2018-06-14T15:50:00","WOJ":22,"sev":1,"c":[255,255,0,160],"dmg":1,"sli":1,"ser":0,"fat":0,"row":-1,"mot":1,"pie":-1,"uto":-1,"uwr":-1},"geometry":{"type":"Point","coordinates":[18.642222,54.353056]}},{"type":"Feature","properties":{"ID":107489651,"yr":2018,"dt":"2018-12-10T13:45:00","WOJ":22,"sev":1,"c":[255,255,0,160],"dmg":1,"sli":1,"ser":0,"fat":0,"row":-1,"mot":-1,"pie":-1,"uto":-1,"uwr":-1},"geometry":{"type":"Point","coordinates":[17.109083,54.601861]}},{"type":"Feature","properties":{"ID":107018172,"yr":2018,"dt":"2018-06-14T16:30:00","WOJ":22,"sev":1,"c":[255,255,0,160],"dmg":1,"sli":1,"ser":0,"fat":0,"row":-1,"mot":-1,"pie":-1,"uto":-1,"uwr":-1},"geometry":{"type":"Point","coordinates":[18.593333,54.385556]}},{"type":"Feature","properties":{"ID":107022053,"yr":2018,"dt":"2018-06-15T17:55:00","WOJ":22,"sev":1,"c":[255,255,0,160],"dmg":1,"sli":1,"ser":0,"fat":0,"row":-1,"mot":-1,"pie":-1,"uto":-1,"uwr":-1},"geometry":{"type":"Point","coordinates":[18.610694,54.258389]}},{"type":"Feature","properties":{"ID":107489430,"yr":2018,"dt":"2018-12-10T13:05:00","WOJ":22,"sev":1,"c":[255,255,0,160],"dmg":1,"sli":1,"ser":0,"fat":0,"row":-1,"mot":-1,"pie":-1,"uto":-1,"uwr":-1},"geometry":{"type":"Point","coordinates":[17.322083,53.686833]}},{"type":"Feature","properties":{"ID":107023136,"yr":2018,"dt":"2018-06-15T11:00:00","WOJ":22,"sev":1,"c":[255,255,0,160],"dmg":1,"sli":1,"ser":0,"fat":0,"row":-1,"mot":-1,"pie":1,"uto":-1,"uwr":-1},"geometry":{"type":"Point","coordinates":[18.407528,54.717194]}},{"type":"Feature","properties":{"ID":107023934,"yr":2018,"dt":"2018-06-15T17:15:00","WOJ":22,"sev":1,"c":[255,255,0,160],"dmg":1,"sli":2,"ser":0,"fat":0,"row":-1,"mot":-1,"pie":-1,"uto":-1,"uwr":-1},"geometry":{"type":"Point","coordinates":[18.193639,54.6815]}},{"type":"Feature","properties":{"ID":107489664,"yr":2018,"dt":"2018-12-10T16:25:00","WOJ":22,"sev":1,"c":[255,255,0,160],"dmg":1,"sli":1,"ser":0,"fat":0,"row":-1,"mot":-1,"pie":-1,"uto":-1,"uwr":-1},"geometry":{"type":"Point","coordinates":[17.692667,53.84325]}},{"type":"Feature","properties":{"ID":107024198,"yr":2018,"dt":"2018-06-16T00:50:00","WOJ":22,"sev":1,"c":[255,255,0,160],"dmg":1,"sli":1,"ser":0,"fat":0,"row":-1,"mot":-1,"pie":-1,"uto":-1,"uwr":-1},"geometry":{"type":"Point","coordinates":[17.525667,53.929833]}},{"type":"Feature","properties":{"ID":107026013,"yr":2018,"dt":"2018-06-16T19:26:00","WOJ":22,"sev":1,"c":[255,255,0,160],"dmg":0,"sli":1,"ser":0,"fat":0,"row":-1,"mot":-1,"pie":-1,"uto":-1,"uwr":-1},"geometry":{"type":"Point","coordinates":[17.015389,53.611639]}},{"type":"Feature","properties":{"ID":107489678,"yr":2018,"dt":"2018-12-10T16:20:00","WOJ":22,"sev":1,"c":[255,255,0,160],"dmg":1,"sli":1,"ser":0,"fat":0,"row":-1,"mot":-1,"pie":-1,"uto":-1,"uwr":-1},"geometry":{"type":"Point","coordinates":[18.668611,54.345278]}},{"type":"Feature","properties":{"ID":107024575,"yr":2018,"dt":"2018-06-16T11:50:00","WOJ":22,"sev":1,"c":[255,255,0,160],"dmg":0,"sli":1,"ser":0,"fat":0,"row":-1,"mot":-1,"pie":-1,"uto":-1,"uwr":-1},"geometry":{"type":"Point","coordinates":[19.051944,53.989972]}},{"type":"Feature","properties":{"ID":107024506,"yr":2018,"dt":"2018-06-16T11:05:00","WOJ":22,"sev":1,"c":[255,255,0,160],"dmg":1,"sli":1,"ser":0,"fat":0,"row":-1,"mot":-1,"pie":1,"uto":-1,"uwr":-1},"geometry":{"type":"Point","coordinates":[18.633389,54.25825]}},{"type":"Feature","properties":{"ID":107490653,"yr":2018,"dt":"2018-12-11T07:25:00","WOJ":22,"sev":1,"c":[255,255,0,160],"dmg":0,"sli":2,"ser":0,"fat":0,"row":-1,"mot":-1,"pie":-1,"uto":-1,"uwr":-1},"geometry":{"type":"Point","coordinates":[18.49475,53.998472]}},{"type":"Feature","properties":{"ID":107024872,"yr":2018,"dt":"2018-06-16T12:20:00","WOJ":22,"sev":1,"c":[255,255,0,160],"dmg":1,"sli":2,"ser":0,"fat":0,"row":-1,"mot":-1,"pie":-1,"uto":-1,"uwr":-1},"geometry":{"type":"Point","coordinates":[18.505278,54.549722]}},{"type":"Feature","properties":{"ID":107024368,"yr":2018,"dt":"2018-06-16T10:27:00","WOJ":22,"sev":1,"c":[255,255,0,160],"dmg":0,"sli":1,"ser":0,"fat":0,"row":1,"mot":-1,"pie":-1,"uto":-1,"uwr":-1},"geometry":{"type":"Point","coordinates":[19.038167,54.036806]}},{"type":"Feature","properties":{"ID":107492204,"yr":2018,"dt":"2018-12-11T16:25:00","WOJ":22,"sev":1,"c":[255,255,0,160],"dmg":1,"sli":2,"ser":0,"fat":0,"row":-1,"mot":-1,"pie":-1,"uto":-1,"uwr":-1},"geometry":{"type":"Point","coordinates":[18.632583,54.253972]}},{"type":"Feature","properties":{"ID":107026068,"yr":2018,"dt":"2018-06-16T17:20:00","WOJ":22,"sev":1,"c":[255,255,0,160],"dmg":1,"sli":1,"ser":0,"fat":0,"row":-1,"mot":-1,"pie":-1,"uto":-1,"uwr":-1},"geometry":{"type":"Point","coordinates":[18.604167,54.410278]}},{"type":"Feature","properties":{"ID":107379919,"yr":2018,"dt":"2018-06-16T11:16:00","WOJ":22,"sev":1,"c":[255,255,0,160],"dmg":1,"sli":1,"ser":0,"fat":0,"row":-1,"mot":-1,"pie":-1,"uto":-1,"uwr":-1},"geometry":{"type":"Point","coordinates":[18.566111,54.414167]}},{"type":"Feature","properties":{"ID":107490581,"yr":2018,"dt":"2018-12-11T08:20:00","WOJ":22,"sev":1,"c":[255,255,0,160],"dmg":1,"sli":1,"ser":0,"fat":0,"row":-1,"mot":-1,"pie":-1,"uto":-1,"uwr":-1},"geometry":{"type":"Point","coordinates":[18.642222,54.361111]}},{"type":"Feature","properties":{"ID":107026790,"yr":2018,"dt":"2018-06-17T17:45:00","WOJ":22,"sev":1,"c":[255,255,0,160],"dmg":0,"sli":1,"ser":0,"fat":0,"row":1,"mot":-1,"pie":-1,"uto":-1,"uwr":-1},"geometry":{"type":"Point","coordinates":[18.867222,54.222528]}},{"type":"Feature","properties":{"ID":107026734,"yr":2018,"dt":"2018-06-17T15:03:00","WOJ":22,"sev":1,"c":[255,255,0,160],"dmg":2,"sli":2,"ser":0,"fat":0,"row":-1,"mot":-1,"pie":-1,"uto":-1,"uwr":-1},"geometry":{"type":"Point","coordinates":[17.353667,53.665694]}},{"type":"Feature","properties":{"ID":107037007,"yr":2018,"dt":"2018-06-17T08:20:00","WOJ":22,"sev":1,"c":[255,255,0,160],"dmg":1,"sli":1,"ser":0,"fat":0,"row":-1,"mot":-1,"pie":-1,"uto":-1,"uwr":-1},"geometry":{"type":"Point","coordinates":[18.643889,54.3475]}},{"type":"Feature","properties":{"ID":107026667,"yr":2018,"dt":"2018-06-17T13:40:00","WOJ":22,"sev":1,"c":[255,255,0,160],"dmg":2,"sli":2,"ser":0,"fat":0,"row":-1,"mot":1,"pie":-1,"uto":-1,"uwr":-1},"geometry":{"type":"Point","coordinates":[18.4125,53.932222]}},{"type":"Feature","properties":{"ID":107492941,"yr":2018,"dt":"2018-12-11T18:15:00","WOJ":22,"sev":1,"c":[255,255,0,160],"dmg":0,"sli":3,"ser":0,"fat":0,"row":-1,"mot":-1,"pie":-1,"uto":-1,"uwr":-1},"geometry":{"type":"Point","coordinates":[18.775444,53.9635]}},{"type":"Feature","properties":{"ID":107026725,"yr":2018,"dt":"2018-06-17T14:30:00","WOJ":22,"sev":1,"c":[255,255,0,160],"dmg":1,"sli":2,"ser":0,"fat":0,"row":-1,"mot":1,"pie":-1,"uto":-1,"uwr":-1},"geometry":{"type":"Point","coordinates":[18.102528,54.338889]}},{"type":"Feature","properties":{"ID":107491918,"yr":2018,"dt":"2018-12-11T09:10:00","WOJ":22,"sev":1,"c":[255,255,0,160],"dmg":1,"sli":1,"ser":0,"fat":0,"row":-1,"mot":-1,"pie":1,"uto":-1,"uwr":-1},"geometry":{"type":"Point","coordinates":[18.231889,54.602778]}},{"type":"Feature","properties":{"ID":107035419,"yr":2018,"dt":"2018-06-18T17:40:00","WOJ":22,"sev":1,"c":[255,255,0,160],"dmg":2,"sli":2,"ser":0,"fat":0,"row":-1,"mot":-1,"pie":-1,"uto":-1,"uwr":-1},"geometry":{"type":"Point","coordinates":[18.648306,54.385]}},{"type":"Feature","properties":{"ID":107492299,"yr":2018,"dt":"2018-12-11T18:01:00","WOJ":22,"sev":1,"c":[255,255,0,160],"dmg":1,"sli":1,"ser":0,"fat":0,"row":-1,"mot":-1,"pie":1,"uto":-1,"uwr":-1},"geometry":{"type":"Point","coordinates":[18.655556,54.355278]}},{"type":"Feature","properties":{"ID":107034070,"yr":2018,"dt":"2018-06-18T12:55:00","WOJ":22,"sev":1,"c":[255,255,0,160],"dmg":0,"sli":1,"ser":0,"fat":0,"row":-1,"mot":-1,"pie":-1,"uto":-1,"uwr":-1},"geometry":{"type":"Point","coordinates":[17.820528,54.599944]}},{"type":"Feature","properties":{"ID":107490463,"yr":2018,"dt":"2018-12-11T07:10:00","WOJ":22,"sev":1,"c":[255,255,0,160],"dmg":0,"sli":1,"ser":0,"fat":0,"row":-1,"mot":-1,"pie":-1,"uto":-1,"uwr":-1},"geometry":{"type":"Point","coordinates":[18.647194,54.257111]}},{"type":"Feature","properties":{"ID":107060705,"yr":2018,"dt":"2018-06-18T09:40:00","WOJ":22,"sev":1,"c":[255,255,0,160],"dmg":0,"sli":1,"ser":0,"fat":0,"row":-1,"mot":-1,"pie":-1,"uto":-1,"uwr":-1},"geometry":{"type":"Point","coordinates":[18.801722,54.050556]}},{"type":"Feature","properties":{"ID":107492340,"yr":2018,"dt":"2018-12-11T18:00:00","WOJ":22,"sev":1,"c":[255,255,0,160],"dmg":1,"sli":1,"ser":0,"fat":0,"row":-1,"mot":-1,"pie":1,"uto":-1,"uwr":-1},"geometry":{"type":"Point","coordinates":[18.559167,54.352778]}},{"type":"Feature","properties":{"ID":107110167,"yr":2018,"dt":"2018-06-18T21:15:00","WOJ":22,"sev":1,"c":[255,255,0,160],"dmg":1,"sli":1,"ser":0,"fat":0,"row":-1,"mot":-1,"pie":1,"uto":-1,"uwr":-1},"geometry":{"type":"Point","coordinates":[18.644722,54.355278]}},{"type":"Feature","properties":{"ID":107038638,"yr":2018,"dt":"2018-06-19T13:40:00","WOJ":22,"sev":1,"c":[255,255,0,160],"dmg":2,"sli":1,"ser":0,"fat":0,"row":-1,"mot":-1,"pie":1,"uto":-1,"uwr":-1},"geometry":{"type":"Point","coordinates":[18.681417,54.698083]}},{"type":"Feature","properties":{"ID":107493504,"yr":2018,"dt":"2018-12-12T09:30:00","WOJ":22,"sev":1,"c":[255,255,0,160],"dmg":2,"sli":1,"ser":0,"fat":0,"row":-1,"mot":-1,"pie":-1,"uto":-1,"uwr":-1},"geometry":{"type":"Point","coordinates":[18.931139,53.726389]}},{"type":"Feature","properties":{"ID":107038919,"yr":2018,"dt":"2018-06-19T19:30:00","WOJ":22,"sev":1,"c":[255,255,0,160],"dmg":0,"sli":1,"ser":0,"fat":0,"row":-1,"mot":-1,"pie":-1,"uto":-1,"uwr":-1},"geometry":{"type":"Point","coordinates":[17.793333,54.55]}},{"type":"Feature","properties":{"ID":107038280,"yr":2018,"dt":"2018-06-19T11:34:00","WOJ":22,"sev":1,"c":[255,255,0,160],"dmg":1,"sli":1,"ser":0,"fat":0,"row":-1,"mot":-1,"pie":-1,"uto":-1,"uwr":-1},"geometry":{"type":"Point","coordinates":[18.813778,53.971]}},{"type":"Feature","properties":{"ID":107495169,"yr":2018,"dt":"2018-12-12T18:40:00","WOJ":22,"sev":1,"c":[255,255,0,160],"dmg":1,"sli":1,"ser":0,"fat":0,"row":-1,"mot":-1,"pie":1,"uto":-1,"uwr":-1},"geometry":{"type":"Point","coordinates":[18.562222,54.341111]}},{"type":"Feature","properties":{"ID":107495201,"yr":2018,"dt":"2018-12-12T21:56:00","WOJ":22,"sev":1,"c":[255,255,0,160],"dmg":1,"sli":1,"ser":0,"fat":0,"row":-1,"mot":-1,"pie":1,"uto":-1,"uwr":-1},"geometry":{"type":"Point","coordinates":[18.545583,54.509917]}},{"type":"Feature","properties":{"ID":107496775,"yr":2018,"dt":"2018-12-13T23:50:00","WOJ":22,"sev":1,"c":[255,255,0,160],"dmg":1,"sli":2,"ser":0,"fat":0,"row":-1,"mot":-1,"pie":-1,"uto":-1,"uwr":-1},"geometry":{"type":"Point","coordinates":[18.611389,54.327222]}},{"type":"Feature","properties":{"ID":107514531,"yr":2018,"dt":"2018-12-13T15:00:00","WOJ":22,"sev":1,"c":[255,255,0,160],"dmg":1,"sli":1,"ser":0,"fat":0,"row":-1,"mot":-1,"pie":1,"uto":-1,"uwr":-1},"geometry":{"type":"Point","coordinates":[18.790889,54.085861]}},{"type":"Feature","properties":{"ID":107495672,"yr":2018,"dt":"2018-12-13T13:20:00","WOJ":22,"sev":1,"c":[255,255,0,160],"dmg":1,"sli":1,"ser":0,"fat":0,"row":-1,"mot":-1,"pie":-1,"uto":-1,"uwr":-1},"geometry":{"type":"Point","coordinates":[17.253278,53.779667]}},{"type":"Feature","properties":{"ID":107495759,"yr":2018,"dt":"2018-12-13T11:42:00","WOJ":22,"sev":1,"c":[255,255,0,160],"dmg":2,"sli":1,"ser":0,"fat":0,"row":-1,"mot":-1,"pie":1,"uto":-1,"uwr":-1},"geometry":{"type":"Point","coordinates":[18.379389,54.448472]}},{"type":"Feature","properties":{"ID":107042448,"yr":2018,"dt":"2018-06-20T15:30:00","WOJ":22,"sev":1,"c":[255,255,0,160],"dmg":1,"sli":1,"ser":0,"fat":0,"row":-1,"mot":-1,"pie":1,"uto":-1,"uwr":-1},"geometry":{"type":"Point","coordinates":[18.238639,54.600972]}},{"type":"Feature","properties":{"ID":107501065,"yr":2018,"dt":"2018-12-14T16:15:00","WOJ":22,"sev":1,"c":[255,255,0,160],"dmg":2,"sli":1,"ser":0,"fat":0,"row":-1,"mot":-1,"pie":-1,"uto":-1,"uwr":-1},"geometry":{"type":"Point","coordinates":[18.658056,54.34]}},{"type":"Feature","properties":{"ID":107042005,"yr":2018,"dt":"2018-06-20T13:45:00","WOJ":22,"sev":1,"c":[255,255,0,160],"dmg":2,"sli":1,"ser":0,"fat":0,"row":-1,"mot":-1,"pie":-1,"uto":-1,"uwr":-1},"geometry":{"type":"Point","coordinates":[18.559139,54.308222]}},{"type":"Feature","properties":{"ID":107500446,"yr":2018,"dt":"2018-12-14T18:16:00","WOJ":22,"sev":1,"c":[255,255,0,160],"dmg":2,"sli":1,"ser":0,"fat":0,"row":-1,"mot":-1,"pie":-1,"uto":-1,"uwr":-1},"geometry":{"type":"Point","coordinates":[19.073028,54.03675]}},{"type":"Feature","properties":{"ID":107042478,"yr":2018,"dt":"2018-06-20T18:50:00","WOJ":22,"sev":1,"c":[255,255,0,160],"dmg":0,"sli":2,"ser":0,"fat":0,"row":1,"mot":-1,"pie":1,"uto":-1,"uwr":-1},"geometry":{"type":"Point","coordinates":[18.556944,54.448611]}},{"type":"Feature","properties":{"ID":107500467,"yr":2018,"dt":"2018-12-14T16:14:00","WOJ":22,"sev":1,"c":[255,255,0,160],"dmg":1,"sli":1,"ser":0,"fat":0,"row":-1,"mot":-1,"pie":-1,"uto":-1,"uwr":-1},"geometry":{"type":"Point","coordinates":[18.038778,54.568111]}},{"type":"Feature","properties":{"ID":107501109,"yr":2018,"dt":"2018-12-14T15:30:00","WOJ":22,"sev":1,"c":[255,255,0,160],"dmg":1,"sli":2,"ser":0,"fat":0,"row":-1,"mot":-1,"pie":-1,"uto":-1,"uwr":-1},"geometry":{"type":"Point","coordinates":[18.792167,54.092944]}},{"type":"Feature","properties":{"ID":107048981,"yr":2018,"dt":"2018-06-21T16:50:00","WOJ":22,"sev":1,"c":[255,255,0,160],"dmg":1,"sli":1,"ser":0,"fat":0,"row":1,"mot":-1,"pie":-1,"uto":-1,"uwr":-1},"geometry":{"type":"Point","coordinates":[18.115361,53.767972]}},{"type":"Feature","properties":{"ID":107048930,"yr":2018,"dt":"2018-06-21T19:47:00","WOJ":22,"sev":1,"c":[255,255,0,160],"dmg":1,"sli":1,"ser":0,"fat":0,"row":1,"mot":-1,"pie":-1,"uto":-1,"uwr":-1},"geometry":{"type":"Point","coordinates":[18.49,54.470278]}},{"type":"Feature","properties":{"ID":107058909,"yr":2018,"dt":"2018-06-21T17:30:00","WOJ":22,"sev":1,"c":[255,255,0,160],"dmg":0,"sli":1,"ser":0,"fat":0,"row":-1,"mot":-1,"pie":-1,"uto":-1,"uwr":-1},"geometry":{"type":"Point","coordinates":[17.440639,54.082028]}},{"type":"Feature","properties":{"ID":107045960,"yr":2018,"dt":"2018-06-21T12:40:00","WOJ":22,"sev":1,"c":[255,255,0,160],"dmg":1,"sli":1,"ser":0,"fat":0,"row":-1,"mot":-1,"pie":-1,"uto":-1,"uwr":-1},"geometry":{"type":"Point","coordinates":[18.65,54.346389]}},{"type":"Feature","properties":{"ID":107046057,"yr":2018,"dt":"2018-06-21T08:17:00","WOJ":22,"sev":1,"c":[255,255,0,160],"dmg":2,"sli":1,"ser":0,"fat":0,"row":-1,"mot":-1,"pie":-1,"uto":-1,"uwr":-1},"geometry":{"type":"Point","coordinates":[18.051111,54.125556]}},{"type":"Feature","properties":{"ID":107045816,"yr":2018,"dt":"2018-06-21T08:55:00","WOJ":22,"sev":1,"c":[255,255,0,160],"dmg":1,"sli":2,"ser":0,"fat":0,"row":-1,"mot":-1,"pie":-1,"uto":-1,"uwr":-1},"geometry":{"type":"Point","coordinates":[17.001083,54.474278]}},{"type":"Feature","properties":{"ID":107045846,"yr":2018,"dt":"2018-06-21T05:50:00","WOJ":22,"sev":1,"c":[255,255,0,160],"dmg":2,"sli":3,"ser":0,"fat":0,"row":-1,"mot":-1,"pie":-1,"uto":-1,"uwr":-1},"geometry":{"type":"Point","coordinates":[18.481667,54.5275]}},{"type":"Feature","properties":{"ID":107049178,"yr":2018,"dt":"2018-06-21T23:05:00","WOJ":22,"sev":1,"c":[255,255,0,160],"dmg":1,"sli":1,"ser":0,"fat":0,"row":-1,"mot":-1,"pie":-1,"uto":-1,"uwr":-1},"geometry":{"type":"Point","coordinates":[18.185111,53.768167]}},{"type":"Feature","properties":{"ID":107046317,"yr":2018,"dt":"2018-06-21T09:00:00","WOJ":22,"sev":1,"c":[255,255,0,160],"dmg":0,"sli":3,"ser":0,"fat":0,"row":-1,"mot":-1,"pie":-1,"uto":-1,"uwr":-1},"geometry":{"type":"Point","coordinates":[18.888889,53.729028]}},{"type":"Feature","properties":{"ID":107048939,"yr":2018,"dt":"2018-06-21T18:00:00","WOJ":22,"sev":1,"c":[255,255,0,160],"dmg":2,"sli":4,"ser":0,"fat":0,"row":-1,"mot":-1,"pie":-1,"uto":-1,"uwr":-1},"geometry":{"type":"Point","coordinates":[18.428583,54.203417]}},{"type":"Feature","properties":{"ID":107044856,"yr":2018,"dt":"2018-06-21T10:30:00","WOJ":22,"sev":1,"c":[255,255,0,160],"dmg":1,"sli":1,"ser":0,"fat":0,"row":-1,"mot":-1,"pie":1,"uto":-1,"uwr":-1},"geometry":{"type":"Point","coordinates":[18.618333,54.325]}},{"type":"Feature","properties":{"ID":107045945,"yr":2018,"dt":"2018-06-21T05:20:00","WOJ":22,"sev":1,"c":[255,255,0,160],"dmg":1,"sli":1,"ser":0,"fat":0,"row":-1,"mot":-1,"pie":1,"uto":-1,"uwr":-1},"geometry":{"type":"Point","coordinates":[18.645,54.355556]}},{"type":"Feature","properties":{"ID":107053666,"yr":2018,"dt":"2018-06-22T17:54:00","WOJ":22,"sev":1,"c":[255,255,0,160],"dmg":2,"sli":1,"ser":0,"fat":0,"row":-1,"mot":-1,"pie":-1,"uto":-1,"uwr":-1},"geometry":{"type":"Point","coordinates":[18.454444,54.530833]}},{"type":"Feature","properties":{"ID":107053173,"yr":2018,"dt":"2018-06-22T13:30:00","WOJ":22,"sev":1,"c":[255,255,0,160],"dmg":1,"sli":1,"ser":0,"fat":0,"row":-1,"mot":-1,"pie":-1,"uto":-1,"uwr":-1},"geometry":{"type":"Point","coordinates":[18.941222,53.607]}},{"type":"Feature","properties":{"ID":107058940,"yr":2018,"dt":"2018-06-22T07:10:00","WOJ":22,"sev":1,"c":[255,255,0,160],"dmg":1,"sli":1,"ser":0,"fat":0,"row":-1,"mot":-1,"pie":1,"uto":-1,"uwr":-1},"geometry":{"type":"Point","coordinates":[18.578056,54.355833]}},{"type":"Feature","properties":{"ID":107052976,"yr":2018,"dt":"2018-06-22T11:30:00","WOJ":22,"sev":1,"c":[255,255,0,160],"dmg":1,"sli":2,"ser":0,"fat":0,"row":-1,"mot":-1,"pie":-1,"uto":-1,"uwr":-1},"geometry":{"type":"Point","coordinates":[17.775833,53.7525]}},{"type":"Feature","properties":{"ID":107053146,"yr":2018,"dt":"2018-06-22T12:50:00","WOJ":22,"sev":1,"c":[255,255,0,160],"dmg":1,"sli":1,"ser":0,"fat":0,"row":-1,"mot":-1,"pie":1,"uto":-1,"uwr":-1},"geometry":{"type":"Point","coordinates":[17.9725,54.122778]}},{"type":"Feature","properties":{"ID":107499868,"yr":2018,"dt":"2018-12-14T07:45:00","WOJ":22,"sev":1,"c":[255,255,0,160],"dmg":2,"sli":1,"ser":0,"fat":0,"row":-1,"mot":-1,"pie":1,"uto":-1,"uwr":-1},"geometry":{"type":"Point","coordinates":[17.018556,54.468944]}},{"type":"Feature","properties":{"ID":107053280,"yr":2018,"dt":"2018-06-22T16:10:00","WOJ":22,"sev":1,"c":[255,255,0,160],"dmg":1,"sli":1,"ser":0,"fat":0,"row":1,"mot":-1,"pie":-1,"uto":-1,"uwr":-1},"geometry":{"type":"Point","coordinates":[18.605278,54.3925]}},{"type":"Feature","properties":{"ID":107500844,"yr":2018,"dt":"2018-12-14T15:32:00","WOJ":22,"sev":1,"c":[255,255,0,160],"dmg":1,"sli":1,"ser":0,"fat":0,"row":-1,"mot":-1,"pie":1,"uto":-1,"uwr":-1},"geometry":{"type":"Point","coordinates":[17.25325,53.80075]}},{"type":"Feature","properties":{"ID":107049708,"yr":2018,"dt":"2018-06-22T11:35:00","WOJ":22,"sev":1,"c":[255,255,0,160],"dmg":2,"sli":1,"ser":0,"fat":0,"row":-1,"mot":-1,"pie":-1,"uto":-1,"uwr":-1},"geometry":{"type":"Point","coordinates":[18.342222,54.618889]}},{"type":"Feature","properties":{"ID":107053058,"yr":2018,"dt":"2018-06-22T13:10:00","WOJ":22,"sev":1,"c":[255,255,0,160],"dmg":1,"sli":1,"ser":0,"fat":0,"row":1,"mot":-1,"pie":-1,"uto":-1,"uwr":-1},"geometry":{"type":"Point","coordinates":[18.569722,54.423611]}},{"type":"Feature","properties":{"ID":107500347,"yr":2018,"dt":"2018-12-14T15:30:00","WOJ":22,"sev":1,"c":[255,255,0,160],"dmg":1,"sli":1,"ser":0,"fat":0,"row":-1,"mot":-1,"pie":1,"uto":-1,"uwr":-1},"geometry":{"type":"Point","coordinates":[18.532222,54.455833]}},{"type":"Feature","properties":{"ID":107054838,"yr":2018,"dt":"2018-06-23T16:05:00","WOJ":22,"sev":1,"c":[255,255,0,160],"dmg":3,"sli":1,"ser":0,"fat":0,"row":-1,"mot":-1,"pie":-1,"uto":-1,"uwr":-1},"geometry":{"type":"Point","coordinates":[18.604444,54.385556]}},{"type":"Feature","properties":{"ID":107500878,"yr":2018,"dt":"2018-12-14T13:55:00","WOJ":22,"sev":1,"c":[255,255,0,160],"dmg":1,"sli":1,"ser":0,"fat":0,"row":-1,"mot":-1,"pie":-1,"uto":-1,"uwr":-1},"geometry":{"type":"Point","coordinates":[18.643611,54.351667]}},{"type":"Feature","properties":{"ID":107055049,"yr":2018,"dt":"2018-06-23T19:00:00","WOJ":22,"sev":1,"c":[255,255,0,160],"dmg":0,"sli":3,"ser":0,"fat":0,"row":-1,"mot":-1,"pie":-1,"uto":-1,"uwr":-1},"geometry":{"type":"Point","coordinates":[18.222222,54.087778]}},{"type":"Feature","properties":{"ID":107062170,"yr":2018,"dt":"2018-06-23T12:30:00","WOJ":22,"sev":1,"c":[255,255,0,160],"dmg":1,"sli":1,"ser":0,"fat":0,"row":1,"mot":-1,"pie":-1,"uto":-1,"uwr":-1},"geometry":{"type":"Point","coordinates":[19.243861,53.815139]}},{"type":"Feature","properties":{"ID":107054314,"yr":2018,"dt":"2018-06-23T07:35:00","WOJ":22,"sev":1,"c":[255,255,0,160],"dmg":1,"sli":3,"ser":0,"fat":0,"row":-1,"mot":-1,"pie":-1,"uto":-1,"uwr":-1},"geometry":{"type":"Point","coordinates":[17.8766,54.1265]}},{"type":"Feature","properties":{"ID":107500352,"yr":2018,"dt":"2018-12-14T16:10:00","WOJ":22,"sev":1,"c":[255,255,0,160],"dmg":1,"sli":1,"ser":0,"fat":0,"row":1,"mot":-1,"pie":-1,"uto":-1,"uwr":-1},"geometry":{"type":"Point","coordinates":[18.418306,54.678333]}},{"type":"Feature","properties":{"ID":107054537,"yr":2018,"dt":"2018-06-23T14:54:00","WOJ":22,"sev":1,"c":[255,255,0,160],"dmg":0,"sli":3,"ser":0,"fat":0,"row":-1,"mot":-1,"pie":-1,"uto":-1,"uwr":-1},"geometry":{"type":"Point","coordinates":[17.026333,53.643083]}},{"type":"Feature","properties":{"ID":107502955,"yr":2018,"dt":"2018-12-15T16:50:00","WOJ":22,"sev":1,"c":[255,255,0,160],"dmg":1,"sli":1,"ser":0,"fat":0,"row":-1,"mot":-1,"pie":1,"uto":-1,"uwr":-1},"geometry":{"type":"Point","coordinates":[18.604444,54.406944]}},{"type":"Feature","properties":{"ID":107505192,"yr":2018,"dt":"2018-12-15T16:27:00","WOJ":22,"sev":1,"c":[255,255,0,160],"dmg":1,"sli":1,"ser":0,"fat":0,"row":-1,"mot":-1,"pie":-1,"uto":-1,"uwr":-1},"geometry":{"type":"Point","coordinates":[17.482639,53.944444]}},{"type":"Feature","properties":{"ID":107501898,"yr":2018,"dt":"2018-12-15T12:30:00","WOJ":22,"sev":1,"c":[255,255,0,160],"dmg":1,"sli":1,"ser":0,"fat":0,"row":1,"mot":-1,"pie":-1,"uto":-1,"uwr":-1},"geometry":{"type":"Point","coordinates":[19.197889,53.7565]}},{"type":"Feature","properties":{"ID":107060740,"yr":2018,"dt":"2018-06-23T14:00:00","WOJ":22,"sev":1,"c":[255,255,0,160],"dmg":1,"sli":1,"ser":0,"fat":0,"row":-1,"mot":-1,"pie":-1,"uto":-1,"uwr":-1},"geometry":{"type":"Point","coordinates":[18.817639,53.830333]}},{"type":"Feature","properties":{"ID":107502298,"yr":2018,"dt":"2018-12-15T16:40:00","WOJ":22,"sev":1,"c":[255,255,0,160],"dmg":1,"sli":1,"ser":0,"fat":0,"row":-1,"mot":-1,"pie":1,"uto":-1,"uwr":-1},"geometry":{"type":"Point","coordinates":[18.361611,54.595194]}},{"type":"Feature","properties":{"ID":107054301,"yr":2018,"dt":"2018-06-23T11:00:00","WOJ":22,"sev":1,"c":[255,255,0,160],"dmg":2,"sli":1,"ser":0,"fat":0,"row":-1,"mot":1,"pie":-1,"uto":-1,"uwr":-1},"geometry":{"type":"Point","coordinates":[18.486389,54.354444]}},{"type":"Feature","properties":{"ID":107054562,"yr":2018,"dt":"2018-06-23T12:45:00","WOJ":22,"sev":1,"c":[255,255,0,160],"dmg":2,"sli":1,"ser":0,"fat":0,"row":-1,"mot":-1,"pie":-1,"uto":-1,"uwr":-1},"geometry":{"type":"Point","coordinates":[18.514444,54.375]}},{"type":"Feature","properties":{"ID":107501441,"yr":2018,"dt":"2018-12-15T10:05:00","WOJ":22,"sev":1,"c":[255,255,0,160],"dmg":1,"sli":1,"ser":0,"fat":0,"row":-1,"mot":-1,"pie":1,"uto":-1,"uwr":-1},"geometry":{"type":"Point","coordinates":[18.370611,54.350806]}},{"type":"Feature","properties":{"ID":107503189,"yr":2018,"dt":"2018-12-16T06:50:00","WOJ":22,"sev":1,"c":[255,255,0,160],"dmg":0,"sli":2,"ser":0,"fat":0,"row":-1,"mot":-1,"pie":-1,"uto":-1,"uwr":-1},"geometry":{"type":"Point","coordinates":[19.004722,53.928861]}},{"type":"Feature","properties":{"ID":107055528,"yr":2018,"dt":"2018-06-24T12:40:00","WOJ":22,"sev":1,"c":[255,255,0,160],"dmg":1,"sli":2,"ser":0,"fat":0,"row":-1,"mot":-1,"pie":-1,"uto":-1,"uwr":-1},"geometry":{"type":"Point","coordinates":[17.169778,53.630583]}},{"type":"Feature","properties":{"ID":107503294,"yr":2018,"dt":"2018-12-16T08:05:00","WOJ":22,"sev":1,"c":[255,255,0,160],"dmg":1,"sli":2,"ser":0,"fat":0,"row":-1,"mot":-1,"pie":-1,"uto":-1,"uwr":-1},"geometry":{"type":"Point","coordinates":[19.13,53.881111]}},{"type":"Feature","properties":{"ID":107055324,"yr":2018,"dt":"2018-06-24T08:50:00","WOJ":22,"sev":1,"c":[255,255,0,160],"dmg":1,"sli":1,"ser":0,"fat":0,"row":-1,"mot":-1,"pie":-1,"uto":-1,"uwr":-1},"geometry":{"type":"Point","coordinates":[18.13725,54.297306]}},{"type":"Feature","properties":{"ID":107055773,"yr":2018,"dt":"2018-06-24T17:15:00","WOJ":22,"sev":1,"c":[255,255,0,160],"dmg":1,"sli":1,"ser":0,"fat":0,"row":-1,"mot":-1,"pie":1,"uto":-1,"uwr":-1},"geometry":{"type":"Point","coordinates":[18.542361,53.967639]}},{"type":"Feature","properties":{"ID":107055570,"yr":2018,"dt":"2018-06-24T11:46:00","WOJ":22,"sev":1,"c":[255,255,0,160],"dmg":0,"sli":1,"ser":0,"fat":0,"row":-1,"mot":-1,"pie":-1,"uto":-1,"uwr":-1},"geometry":{"type":"Point","coordinates":[17.316389,54.297833]}},{"type":"Feature","properties":{"ID":107055722,"yr":2018,"dt":"2018-06-24T16:00:00","WOJ":22,"sev":1,"c":[255,255,0,160],"dmg":1,"sli":1,"ser":0,"fat":0,"row":-1,"mot":-1,"pie":1,"uto":-1,"uwr":-1},"geometry":{"type":"Point","coordinates":[18.606389,54.375278]}},{"type":"Feature","properties":{"ID":107503427,"yr":2018,"dt":"2018-12-16T10:42:00","WOJ":22,"sev":1,"c":[255,255,0,160],"dmg":0,"sli":2,"ser":0,"fat":0,"row":-1,"mot":-1,"pie":-1,"uto":-1,"uwr":-1},"geometry":{"type":"Point","coordinates":[17.472944,53.980917]}},{"type":"Feature","properties":{"ID":107503691,"yr":2018,"dt":"2018-12-16T15:17:00","WOJ":22,"sev":1,"c":[255,255,0,160],"dmg":1,"sli":1,"ser":0,"fat":0,"row":-1,"mot":-1,"pie":-1,"uto":-1,"uwr":-1},"geometry":{"type":"Point","coordinates":[18.298056,54.510667]}},{"type":"Feature","properties":{"ID":107057439,"yr":2018,"dt":"2018-06-25T09:45:00","WOJ":22,"sev":1,"c":[255,255,0,160],"dmg":1,"sli":1,"ser":0,"fat":0,"row":-1,"mot":-1,"pie":-1,"uto":-1,"uwr":-1},"geometry":{"type":"Point","coordinates":[18.239722,54.098056]}},{"type":"Feature","properties":{"ID":107060261,"yr":2018,"dt":"2018-06-25T18:15:00","WOJ":22,"sev":1,"c":[255,255,0,160],"dmg":1,"sli":1,"ser":0,"fat":0,"row":-1,"mot":1,"pie":-1,"uto":-1,"uwr":-1},"geometry":{"type":"Point","coordinates":[17.007,54.455722]}},{"type":"Feature","properties":{"ID":107060325,"yr":2018,"dt":"2018-06-25T19:16:00","WOJ":22,"sev":1,"c":[255,255,0,160],"dmg":1,"sli":1,"ser":0,"fat":0,"row":-1,"mot":-1,"pie":-1,"uto":-1,"uwr":-1},"geometry":{"type":"Point","coordinates":[18.5425,54.519167]}},{"type":"Feature","properties":{"ID":107503647,"yr":2018,"dt":"2018-12-16T16:40:00","WOJ":22,"sev":1,"c":[255,255,0,160],"dmg":1,"sli":1,"ser":0,"fat":0,"row":-1,"mot":-1,"pie":1,"uto":-1,"uwr":-1},"geometry":{"type":"Point","coordinates":[18.542944,54.504861]}},{"type":"Feature","properties":{"ID":107057672,"yr":2018,"dt":"2018-06-25T09:05:00","WOJ":22,"sev":1,"c":[255,255,0,160],"dmg":0,"sli":2,"ser":0,"fat":0,"row":-1,"mot":-1,"pie":-1,"uto":-1,"uwr":-1},"geometry":{"type":"Point","coordinates":[18.712194,54.157444]}},{"type":"Feature","properties":{"ID":107503418,"yr":2018,"dt":"2018-12-16T12:58:00","WOJ":22,"sev":1,"c":[255,255,0,160],"dmg":1,"sli":2,"ser":0,"fat":0,"row":-1,"mot":-1,"pie":-1,"uto":-1,"uwr":-1},"geometry":{"type":"Point","coordinates":[17.046806,53.9895]}},{"type":"Feature","properties":{"ID":107503312,"yr":2018,"dt":"2018-12-16T09:40:00","WOJ":22,"sev":1,"c":[255,255,0,160],"dmg":0,"sli":1,"ser":0,"fat":0,"row":-1,"mot":-1,"pie":-1,"uto":-1,"uwr":-1},"geometry":{"type":"Point","coordinates":[17.359944,54.09875]}},{"type":"Feature","properties":{"ID":107064017,"yr":2018,"dt":"2018-06-26T13:50:00","WOJ":22,"sev":1,"c":[255,255,0,160],"dmg":1,"sli":1,"ser":0,"fat":0,"row":-1,"mot":-1,"pie":1,"uto":-1,"uwr":-1},"geometry":{"type":"Point","coordinates":[17.018222,54.467361]}},{"type":"Feature","properties":{"ID":107061871,"yr":2018,"dt":"2018-06-26T08:52:00","WOJ":22,"sev":1,"c":[255,255,0,160],"dmg":0,"sli":1,"ser":0,"fat":0,"row":-1,"mot":-1,"pie":-1,"uto":-1,"uwr":-1},"geometry":{"type":"Point","coordinates":[18.592611,54.227917]}},{"type":"Feature","properties":{"ID":107062393,"yr":2018,"dt":"2018-06-26T14:50:00","WOJ":22,"sev":1,"c":[255,255,0,160],"dmg":1,"sli":1,"ser":0,"fat":0,"row":1,"mot":-1,"pie":-1,"uto":-1,"uwr":-1},"geometry":{"type":"Point","coordinates":[18.642222,54.351667]}},{"type":"Feature","properties":{"ID":107064013,"yr":2018,"dt":"2018-06-26T14:24:00","WOJ":22,"sev":1,"c":[255,255,0,160],"dmg":2,"sli":1,"ser":0,"fat":0,"row":-1,"mot":-1,"pie":-1,"uto":-1,"uwr":-1},"geometry":{"type":"Point","coordinates":[17.1325,53.598333]}},{"type":"Feature","properties":{"ID":107060603,"yr":2018,"dt":"2018-06-26T00:20:00","WOJ":22,"sev":1,"c":[255,255,0,160],"dmg":0,"sli":1,"ser":0,"fat":0,"row":-1,"mot":-1,"pie":-1,"uto":-1,"uwr":-1},"geometry":{"type":"Point","coordinates":[17.401111,53.841944]}},{"type":"Feature","properties":{"ID":107608833,"yr":2018,"dt":"2018-12-16T15:40:00","WOJ":22,"sev":1,"c":[255,255,0,160],"dmg":0,"sli":2,"ser":0,"fat":0,"row":-1,"mot":-1,"pie":-1,"uto":-1,"uwr":-1},"geometry":{"type":"Point","coordinates":[17.692667,53.84325]}},{"type":"Feature","properties":{"ID":107060892,"yr":2018,"dt":"2018-06-26T07:45:00","WOJ":22,"sev":1,"c":[255,255,0,160],"dmg":1,"sli":1,"ser":0,"fat":0,"row":1,"mot":-1,"pie":-1,"uto":-1,"uwr":-1},"geometry":{"type":"Point","coordinates":[17.021944,54.46475]}},{"type":"Feature","properties":{"ID":107062752,"yr":2018,"dt":"2018-06-26T18:50:00","WOJ":22,"sev":1,"c":[255,255,0,160],"dmg":1,"sli":1,"ser":0,"fat":0,"row":-1,"mot":-1,"pie":-1,"uto":-1,"uwr":-1},"geometry":{"type":"Point","coordinates":[18.764861,53.955083]}},{"type":"Feature","properties":{"ID":107062623,"yr":2018,"dt":"2018-06-26T14:05:00","WOJ":22,"sev":1,"c":[255,255,0,160],"dmg":2,"sli":1,"ser":0,"fat":0,"row":-1,"mot":-1,"pie":-1,"uto":-1,"uwr":-1},"geometry":{"type":"Point","coordinates":[18.56,54.441389]}},{"type":"Feature","properties":{"ID":107514347,"yr":2018,"dt":"2018-12-17T17:05:00","WOJ":22,"sev":1,"c":[255,255,0,160],"dmg":1,"sli":1,"ser":0,"fat":0,"row":-1,"mot":-1,"pie":1,"uto":-1,"uwr":-1},"geometry":{"type":"Point","coordinates":[18.633056,54.330556]}},{"type":"Feature","properties":{"ID":107066269,"yr":2018,"dt":"2018-06-27T09:16:00","WOJ":22,"sev":1,"c":[255,255,0,160],"dmg":3,"sli":1,"ser":0,"fat":0,"row":-1,"mot":-1,"pie":-1,"uto":-1,"uwr":-1},"geometry":{"type":"Point","coordinates":[18.465167,53.945583]}},{"type":"Feature","properties":{"ID":107070064,"yr":2018,"dt":"2018-06-27T10:00:00","WOJ":22,"sev":1,"c":[255,255,0,160],"dmg":1,"sli":1,"ser":0,"fat":0,"row":1,"mot":-1,"pie":-1,"uto":-1,"uwr":-1},"geometry":{"type":"Point","coordinates":[18.785778,54.631528]}},{"type":"Feature","properties":{"ID":107066186,"yr":2018,"dt":"2018-06-27T11:15:00","WOJ":22,"sev":1,"c":[255,255,0,160],"dmg":3,"sli":1,"ser":0,"fat":0,"row":-1,"mot":-1,"pie":-1,"uto":-1,"uwr":-1},"geometry":{"type":"Point","coordinates":[18.100556,54.184722]}},{"type":"Feature","properties":{"ID":107066481,"yr":2018,"dt":"2018-06-27T15:00:00","WOJ":22,"sev":1,"c":[255,255,0,160],"dmg":1,"sli":1,"ser":0,"fat":0,"row":-1,"mot":-1,"pie":-1,"uto":-1,"uwr":-1},"geometry":{"type":"Point","coordinates":[18.689722,54.359444]}},{"type":"Feature","properties":{"ID":107069847,"yr":2018,"dt":"2018-06-27T13:35:00","WOJ":22,"sev":1,"c":[255,255,0,160],"dmg":1,"sli":1,"ser":0,"fat":0,"row":1,"mot":-1,"pie":-1,"uto":-1,"uwr":-1},"geometry":{"type":"Point","coordinates":[18.356972,54.602889]}},{"type":"Feature","properties":{"ID":107065863,"yr":2018,"dt":"2018-06-27T02:44:00","WOJ":22,"sev":1,"c":[255,255,0,160],"dmg":0,"sli":2,"ser":0,"fat":0,"row":-1,"mot":-1,"pie":-1,"uto":-1,"uwr":-1},"geometry":{"type":"Point","coordinates":[18.25775,54.301028]}},{"type":"Feature","properties":{"ID":107512380,"yr":2018,"dt":"2018-12-18T17:15:00","WOJ":22,"sev":1,"c":[255,255,0,160],"dmg":1,"sli":2,"ser":0,"fat":0,"row":-1,"mot":-1,"pie":-1,"uto":-1,"uwr":-1},"geometry":{"type":"Point","coordinates":[18.663667,54.265389]}},{"type":"Feature","properties":{"ID":107511483,"yr":2018,"dt":"2018-12-18T12:10:00","WOJ":22,"sev":1,"c":[255,255,0,160],"dmg":1,"sli":1,"ser":0,"fat":0,"row":-1,"mot":-1,"pie":1,"uto":-1,"uwr":-1},"geometry":{"type":"Point","coordinates":[18.556667,54.408611]}},{"type":"Feature","properties":{"ID":107512362,"yr":2018,"dt":"2018-12-18T15:47:00","WOJ":22,"sev":1,"c":[255,255,0,160],"dmg":1,"sli":1,"ser":0,"fat":0,"row":-1,"mot":-1,"pie":1,"uto":-1,"uwr":-1},"geometry":{"type":"Point","coordinates":[18.561667,54.433889]}},{"type":"Feature","properties":{"ID":107066422,"yr":2018,"dt":"2018-06-27T14:37:00","WOJ":22,"sev":1,"c":[255,255,0,160],"dmg":1,"sli":1,"ser":0,"fat":0,"row":-1,"mot":-1,"pie":1,"uto":-1,"uwr":-1},"geometry":{"type":"Point","coordinates":[18.593056,54.413056]}},{"type":"Feature","properties":{"ID":107071773,"yr":2018,"dt":"2018-06-28T14:10:00","WOJ":22,"sev":1,"c":[255,255,0,160],"dmg":1,"sli":1,"ser":0,"fat":0,"row":-1,"mot":-1,"pie":1,"uto":-1,"uwr":-1},"geometry":{"type":"Point","coordinates":[18.546167,53.966611]}},{"type":"Feature","properties":{"ID":107071260,"yr":2018,"dt":"2018-06-28T06:05:00","WOJ":22,"sev":1,"c":[255,255,0,160],"dmg":1,"sli":2,"ser":0,"fat":0,"row":-1,"mot":-1,"pie":-1,"uto":-1,"uwr":-1},"geometry":{"type":"Point","coordinates":[18.510556,54.469444]}},{"type":"Feature","properties":{"ID":107512377,"yr":2018,"dt":"2018-12-18T16:40:00","WOJ":22,"sev":1,"c":[255,255,0,160],"dmg":1,"sli":2,"ser":0,"fat":0,"row":-1,"mot":-1,"pie":-1,"uto":-1,"uwr":-1},"geometry":{"type":"Point","coordinates":[18.861,54.252528]}},{"type":"Feature","properties":{"ID":107072997,"yr":2018,"dt":"2018-06-28T22:30:00","WOJ":22,"sev":1,"c":[255,255,0,160],"dmg":0,"sli":1,"ser":0,"fat":0,"row":-1,"mot":-1,"pie":-1,"uto":-1,"uwr":-1},"geometry":{"type":"Point","coordinates":[19.057194,53.67525]}},{"type":"Feature","properties":{"ID":107520056,"yr":2018,"dt":"2018-12-19T15:55:00","WOJ":22,"sev":1,"c":[255,255,0,160],"dmg":1,"sli":2,"ser":0,"fat":0,"row":-1,"mot":-1,"pie":-1,"uto":-1,"uwr":-1},"geometry":{"type":"Point","coordinates":[17.613333,53.7325]}},{"type":"Feature","properties":{"ID":107088166,"yr":2018,"dt":"2018-06-28T18:45:00","WOJ":22,"sev":1,"c":[255,255,0,160],"dmg":1,"sli":1,"ser":0,"fat":0,"row":1,"mot":-1,"pie":-1,"uto":-1,"uwr":-1},"geometry":{"type":"Point","coordinates":[18.484556,54.602167]}},{"type":"Feature","properties":{"ID":107072076,"yr":2018,"dt":"2018-06-28T00:00:00","WOJ":22,"sev":1,"c":[255,255,0,160],"dmg":1,"sli":1,"ser":0,"fat":0,"row":1,"mot":-1,"pie":-1,"uto":-1,"uwr":-1},"geometry":{"type":"Point","coordinates":[18.647778,54.356389]}},{"type":"Feature","properties":{"ID":107071744,"yr":2018,"dt":"2018-06-28T16:15:00","WOJ":22,"sev":1,"c":[255,255,0,160],"dmg":1,"sli":1,"ser":0,"fat":0,"row":1,"mot":-1,"pie":-1,"uto":-1,"uwr":-1},"geometry":{"type":"Point","coordinates":[18.632222,54.405556]}},{"type":"Feature","properties":{"ID":107519379,"yr":2018,"dt":"2018-12-19T15:40:00","WOJ":22,"sev":1,"c":[255,255,0,160],"dmg":1,"sli":1,"ser":0,"fat":0,"row":-1,"mot":-1,"pie":1,"uto":-1,"uwr":-1},"geometry":{"type":"Point","coordinates":[17.031861,54.466722]}},{"type":"Feature","properties":{"ID":107514720,"yr":2018,"dt":"2018-12-19T12:20:00","WOJ":22,"sev":1,"c":[255,255,0,160],"dmg":2,"sli":1,"ser":0,"fat":0,"row":-1,"mot":-1,"pie":-1,"uto":-1,"uwr":-1},"geometry":{"type":"Point","coordinates":[18.590833,54.351667]}},{"type":"Feature","properties":{"ID":107513892,"yr":2018,"dt":"2018-12-19T05:35:00","WOJ":22,"sev":1,"c":[255,255,0,160],"dmg":1,"sli":1,"ser":0,"fat":0,"row":-1,"mot":-1,"pie":1,"uto":-1,"uwr":-1},"geometry":{"type":"Point","coordinates":[17.745,54.536111]}},{"type":"Feature","properties":{"ID":107073245,"yr":2018,"dt":"2018-06-29T06:30:00","WOJ":22,"sev":1,"c":[255,255,0,160],"dmg":1,"sli":1,"ser":0,"fat":0,"row":-1,"mot":-1,"pie":1,"uto":-1,"uwr":-1},"geometry":{"type":"Point","coordinates":[19.032639,54.031833]}},{"type":"Feature","properties":{"ID":107079666,"yr":2018,"dt":"2018-06-29T11:30:00","WOJ":22,"sev":1,"c":[255,255,0,160],"dmg":1,"sli":2,"ser":0,"fat":0,"row":-1,"mot":-1,"pie":-1,"uto":-1,"uwr":-1},"geometry":{"type":"Point","coordinates":[17.620556,53.598056]}},{"type":"Feature","properties":{"ID":107076454,"yr":2018,"dt":"2018-06-29T13:50:00","WOJ":22,"sev":1,"c":[255,255,0,160],"dmg":3,"sli":2,"ser":0,"fat":0,"row":-1,"mot":-1,"pie":-1,"uto":-1,"uwr":-1},"geometry":{"type":"Point","coordinates":[18.805139,54.241]}},{"type":"Feature","properties":{"ID":107076522,"yr":2018,"dt":"2018-06-29T16:50:00","WOJ":22,"sev":1,"c":[255,255,0,160],"dmg":1,"sli":1,"ser":0,"fat":0,"row":1,"mot":-1,"pie":-1,"uto":-1,"uwr":-1},"geometry":{"type":"Point","coordinates":[17.538611,53.694167]}},{"type":"Feature","properties":{"ID":107074008,"yr":2018,"dt":"2018-06-29T09:40:00","WOJ":22,"sev":1,"c":[255,255,0,160],"dmg":3,"sli":1,"ser":0,"fat":0,"row":-1,"mot":-1,"pie":-1,"uto":-1,"uwr":-1},"geometry":{"type":"Point","coordinates":[18.601389,54.338889]}},{"type":"Feature","properties":{"ID":107079329,"yr":2018,"dt":"2018-06-29T23:35:00","WOJ":22,"sev":1,"c":[255,255,0,160],"dmg":2,"sli":1,"ser":0,"fat":0,"row":-1,"mot":-1,"pie":-1,"uto":-1,"uwr":-1},"geometry":{"type":"Point","coordinates":[18.593056,54.399167]}},{"type":"Feature","properties":{"ID":107515641,"yr":2018,"dt":"2018-12-19T17:55:00","WOJ":22,"sev":1,"c":[255,255,0,160],"dmg":1,"sli":2,"ser":0,"fat":0,"row":-1,"mot":-1,"pie":1,"uto":-1,"uwr":-1},"geometry":{"type":"Point","coordinates":[18.633889,54.328056]}},{"type":"Feature","properties":{"ID":107073192,"yr":2018,"dt":"2018-06-29T09:50:00","WOJ":22,"sev":1,"c":[255,255,0,160],"dmg":1,"sli":1,"ser":0,"fat":0,"row":-1,"mot":-1,"pie":1,"uto":-1,"uwr":-1},"geometry":{"type":"Point","coordinates":[18.6425,54.391944]}},{"type":"Feature","properties":{"ID":107077936,"yr":2018,"dt":"2018-06-30T07:35:00","WOJ":22,"sev":1,"c":[255,255,0,160],"dmg":0,"sli":1,"ser":0,"fat":0,"row":-1,"mot":-1,"pie":-1,"uto":-1,"uwr":-1},"geometry":{"type":"Point","coordinates":[18.631667,54.001389]}},{"type":"Feature","properties":{"ID":107515522,"yr":2018,"dt":"2018-12-19T18:40:00","WOJ":22,"sev":1,"c":[255,255,0,160],"dmg":1,"sli":1,"ser":0,"fat":0,"row":-1,"mot":-1,"pie":1,"uto":-1,"uwr":-1},"geometry":{"type":"Point","coordinates":[18.649722,54.358056]}},{"type":"Feature","properties":{"ID":107515905,"yr":2018,"dt":"2018-12-20T07:30:00","WOJ":22,"sev":1,"c":[255,255,0,160],"dmg":1,"sli":1,"ser":0,"fat":0,"row":-1,"mot":-1,"pie":1,"uto":-1,"uwr":-1},"geometry":{"type":"Point","coordinates":[18.287861,54.379444]}},{"type":"Feature","properties":{"ID":107078412,"yr":2018,"dt":"2018-06-30T12:10:00","WOJ":22,"sev":1,"c":[255,255,0,160],"dmg":2,"sli":2,"ser":0,"fat":0,"row":-1,"mot":-1,"pie":-1,"uto":-1,"uwr":-1},"geometry":{"type":"Point","coordinates":[17.475,53.737222]}},{"type":"Feature","properties":{"ID":107077352,"yr":2018,"dt":"2018-06-30T13:10:00","WOJ":22,"sev":1,"c":[255,255,0,160],"dmg":4,"sli":2,"ser":0,"fat":0,"row":-1,"mot":-1,"pie":-1,"uto":-1,"uwr":-1},"geometry":{"type":"Point","coordinates":[18.515833,54.421111]}},{"type":"Feature","properties":{"ID":107078651,"yr":2018,"dt":"2018-07-01T09:15:00","WOJ":22,"sev":1,"c":[255,255,0,160],"dmg":0,"sli":1,"ser":0,"fat":0,"row":-1,"mot":-1,"pie":-1,"uto":-1,"uwr":-1},"geometry":{"type":"Point","coordinates":[18.864528,54.131806]}},{"type":"Feature","properties":{"ID":107077668,"yr":2018,"dt":"2018-07-01T16:39:00","WOJ":22,"sev":1,"c":[255,255,0,160],"dmg":0,"sli":2,"ser":0,"fat":0,"row":-1,"mot":-1,"pie":-1,"uto":-1,"uwr":-1},"geometry":{"type":"Point","coordinates":[18.342389,54.323667]}},{"type":"Feature","properties":{"ID":107516875,"yr":2018,"dt":"2018-12-20T13:50:00","WOJ":22,"sev":1,"c":[255,255,0,160],"dmg":1,"sli":6,"ser":0,"fat":0,"row":-1,"mot":-1,"pie":-1,"uto":-1,"uwr":-1},"geometry":{"type":"Point","coordinates":[18.283056,53.966667]}},{"type":"Feature","properties":{"ID":107518679,"yr":2018,"dt":"2018-12-20T18:50:00","WOJ":22,"sev":1,"c":[255,255,0,160],"dmg":0,"sli":2,"ser":0,"fat":0,"row":-1,"mot":-1,"pie":-1,"uto":-1,"uwr":-1},"geometry":{"type":"Point","coordinates":[18.767167,54.203333]}},{"type":"Feature","properties":{"ID":107079749,"yr":2018,"dt":"2018-07-02T11:30:00","WOJ":22,"sev":1,"c":[255,255,0,160],"dmg":0,"sli":1,"ser":0,"fat":0,"row":-1,"mot":-1,"pie":-1,"uto":-1,"uwr":-1},"geometry":{"type":"Point","coordinates":[18.32025,54.194972]}},{"type":"Feature","properties":{"ID":107084017,"yr":2018,"dt":"2018-07-02T16:00:00","WOJ":22,"sev":1,"c":[255,255,0,160],"dmg":1,"sli":1,"ser":0,"fat":0,"row":-1,"mot":-1,"pie":1,"uto":-1,"uwr":-1},"geometry":{"type":"Point","coordinates":[17.422611,54.421639]}},{"type":"Feature","properties":{"ID":107517924,"yr":2018,"dt":"2018-12-20T15:20:00","WOJ":22,"sev":1,"c":[255,255,0,160],"dmg":0,"sli":1,"ser":0,"fat":0,"row":-1,"mot":-1,"pie":-1,"uto":-1,"uwr":-1},"geometry":{"type":"Point","coordinates":[18.844389,54.077278]}},{"type":"Feature","properties":{"ID":107080250,"yr":2018,"dt":"2018-07-02T14:49:00","WOJ":22,"sev":1,"c":[255,255,0,160],"dmg":1,"sli":1,"ser":0,"fat":0,"row":-1,"mot":-1,"pie":-1,"uto":-1,"uwr":-1},"geometry":{"type":"Point","coordinates":[19.044667,54.024917]}},{"type":"Feature","properties":{"ID":107086247,"yr":2018,"dt":"2018-07-02T12:00:00","WOJ":22,"sev":1,"c":[255,255,0,160],"dmg":1,"sli":1,"ser":0,"fat":0,"row":-1,"mot":-1,"pie":1,"uto":-1,"uwr":-1},"geometry":{"type":"Point","coordinates":[18.561111,54.439167]}},{"type":"Feature","properties":{"ID":107081265,"yr":2018,"dt":"2018-07-02T15:50:00","WOJ":22,"sev":1,"c":[255,255,0,160],"dmg":1,"sli":1,"ser":0,"fat":0,"row":1,"mot":-1,"pie":-1,"uto":-1,"uwr":-1},"geometry":{"type":"Point","coordinates":[18.570917,53.931583]}},{"type":"Feature","properties":{"ID":107081029,"yr":2018,"dt":"2018-07-02T14:00:00","WOJ":22,"sev":1,"c":[255,255,0,160],"dmg":1,"sli":1,"ser":0,"fat":0,"row":-1,"mot":-1,"pie":-1,"uto":-1,"uwr":-1},"geometry":{"type":"Point","coordinates":[18.501944,54.464167]}},{"type":"Feature","properties":{"ID":107082600,"yr":2018,"dt":"2018-07-03T13:15:00","WOJ":22,"sev":1,"c":[255,255,0,160],"dmg":1,"sli":1,"ser":0,"fat":0,"row":-1,"mot":-1,"pie":-1,"uto":-1,"uwr":-1},"geometry":{"type":"Point","coordinates":[18.301417,53.948417]}},{"type":"Feature","properties":{"ID":107521307,"yr":2018,"dt":"2018-12-21T13:00:00","WOJ":22,"sev":1,"c":[255,255,0,160],"dmg":1,"sli":2,"ser":0,"fat":0,"row":-1,"mot":-1,"pie":-1,"uto":-1,"uwr":-1},"geometry":{"type":"Point","coordinates":[17.6975,53.722778]}},{"type":"Feature","properties":{"ID":107518922,"yr":2018,"dt":"2018-12-21T06:05:00","WOJ":22,"sev":1,"c":[255,255,0,160],"dmg":2,"sli":1,"ser":0,"fat":0,"row":-1,"mot":-1,"pie":-1,"uto":-1,"uwr":-1},"geometry":{"type":"Point","coordinates":[18.181194,54.267778]}},{"type":"Feature","properties":{"ID":107080771,"yr":2018,"dt":"2018-07-03T13:18:00","WOJ":22,"sev":1,"c":[255,255,0,160],"dmg":1,"sli":1,"ser":0,"fat":0,"row":-1,"mot":-1,"pie":-1,"uto":-1,"uwr":-1},"geometry":{"type":"Point","coordinates":[17.305444,53.846139]}},{"type":"Feature","properties":{"ID":107081432,"yr":2018,"dt":"2018-07-03T01:40:00","WOJ":22,"sev":1,"c":[255,255,0,160],"dmg":3,"sli":2,"ser":0,"fat":0,"row":-1,"mot":-1,"pie":-1,"uto":-1,"uwr":-1},"geometry":{"type":"Point","coordinates":[17.489972,53.685333]}},{"type":"Feature","properties":{"ID":107521257,"yr":2018,"dt":"2018-12-21T13:05:00","WOJ":22,"sev":1,"c":[255,255,0,160],"dmg":1,"sli":1,"ser":0,"fat":0,"row":-1,"mot":-1,"pie":-1,"uto":-1,"uwr":-1},"geometry":{"type":"Point","coordinates":[17.678611,53.717778]}},{"type":"Feature","properties":{"ID":107081971,"yr":2018,"dt":"2018-07-03T08:05:00","WOJ":22,"sev":1,"c":[255,255,0,160],"dmg":2,"sli":1,"ser":0,"fat":0,"row":-1,"mot":-1,"pie":-1,"uto":-1,"uwr":-1},"geometry":{"type":"Point","coordinates":[18.561389,54.434722]}},{"type":"Feature","properties":{"ID":107524375,"yr":2018,"dt":"2018-12-22T10:20:00","WOJ":22,"sev":1,"c":[255,255,0,160],"dmg":0,"sli":2,"ser":0,"fat":0,"row":-1,"mot":-1,"pie":-1,"uto":-1,"uwr":-1},"geometry":{"type":"Point","coordinates":[18.991306,53.834028]}},{"type":"Feature","properties":{"ID":107524325,"yr":2018,"dt":"2018-12-22T14:45:00","WOJ":22,"sev":1,"c":[255,255,0,160],"dmg":1,"sli":2,"ser":0,"fat":0,"row":-1,"mot":-1,"pie":-1,"uto":-1,"uwr":-1},"geometry":{"type":"Point","coordinates":[17.863333,54.129722]}},{"type":"Feature","properties":{"ID":107085931,"yr":2018,"dt":"2018-07-04T22:35:00","WOJ":22,"sev":1,"c":[255,255,0,160],"dmg":1,"sli":1,"ser":0,"fat":0,"row":-1,"mot":-1,"pie":-1,"uto":-1,"uwr":-1},"geometry":{"type":"Point","coordinates":[18.578333,54.409167]}},{"type":"Feature","properties":{"ID":107084761,"yr":2018,"dt":"2018-07-04T08:12:00","WOJ":22,"sev":1,"c":[255,255,0,160],"dmg":1,"sli":1,"ser":0,"fat":0,"row":1,"mot":-1,"pie":-1,"uto":-1,"uwr":-1},"geometry":{"type":"Point","coordinates":[18.556667,54.440556]}},{"type":"Feature","properties":{"ID":107084394,"yr":2018,"dt":"2018-07-04T12:05:00","WOJ":22,"sev":1,"c":[255,255,0,160],"dmg":1,"sli":1,"ser":0,"fat":0,"row":-1,"mot":1,"pie":-1,"uto":-1,"uwr":-1},"geometry":{"type":"Point","coordinates":[18.265944,54.478361]}},{"type":"Feature","properties":{"ID":107083134,"yr":2018,"dt":"2018-07-04T09:45:00","WOJ":22,"sev":1,"c":[255,255,0,160],"dmg":0,"sli":1,"ser":0,"fat":0,"row":-1,"mot":-1,"pie":-1,"uto":-1,"uwr":-1},"geometry":{"type":"Point","coordinates":[18.554389,54.308861]}},{"type":"Feature","properties":{"ID":107085031,"yr":2018,"dt":"2018-07-04T15:50:00","WOJ":22,"sev":1,"c":[255,255,0,160],"dmg":1,"sli":1,"ser":0,"fat":0,"row":-1,"mot":-1,"pie":-1,"uto":-1,"uwr":-1},"geometry":{"type":"Point","coordinates":[18.236,54.186417]}},{"type":"Feature","properties":{"ID":107084572,"yr":2018,"dt":"2018-07-04T13:10:00","WOJ":22,"sev":1,"c":[255,255,0,160],"dmg":4,"sli":1,"ser":0,"fat":0,"row":-1,"mot":-1,"pie":-1,"uto":-1,"uwr":-1},"geometry":{"type":"Point","coordinates":[18.558111,54.307139]}},{"type":"Feature","properties":{"ID":107084709,"yr":2018,"dt":"2018-07-04T18:40:00","WOJ":22,"sev":1,"c":[255,255,0,160],"dmg":1,"sli":1,"ser":0,"fat":0,"row":-1,"mot":-1,"pie":1,"uto":-1,"uwr":-1},"geometry":{"type":"Point","coordinates":[18.592778,54.425556]}},{"type":"Feature","properties":{"ID":107084581,"yr":2018,"dt":"2018-07-04T13:40:00","WOJ":22,"sev":1,"c":[255,255,0,160],"dmg":1,"sli":3,"ser":0,"fat":0,"row":-1,"mot":-1,"pie":-1,"uto":-1,"uwr":-1},"geometry":{"type":"Point","coordinates":[18.586111,54.4175]}},{"type":"Feature","properties":{"ID":107087883,"yr":2018,"dt":"2018-07-04T16:00:00","WOJ":22,"sev":1,"c":[255,255,0,160],"dmg":1,"sli":1,"ser":0,"fat":0,"row":1,"mot":-1,"pie":-1,"uto":-1,"uwr":-1},"geometry":{"type":"Point","coordinates":[18.595556,54.341667]}},{"type":"Feature","properties":{"ID":107084602,"yr":2018,"dt":"2018-07-04T13:00:00","WOJ":22,"sev":1,"c":[255,255,0,160],"dmg":1,"sli":2,"ser":0,"fat":0,"row":-1,"mot":-1,"pie":-1,"uto":-1,"uwr":-1},"geometry":{"type":"Point","coordinates":[18.486667,54.406667]}},{"type":"Feature","properties":{"ID":107085756,"yr":2018,"dt":"2018-07-05T16:20:00","WOJ":22,"sev":1,"c":[255,255,0,160],"dmg":1,"sli":1,"ser":0,"fat":0,"row":-1,"mot":-1,"pie":-1,"uto":-1,"uwr":-1},"geometry":{"type":"Point","coordinates":[17.604167,53.649167]}},{"type":"Feature","properties":{"ID":107087092,"yr":2018,"dt":"2018-07-05T20:04:00","WOJ":22,"sev":1,"c":[255,255,0,160],"dmg":2,"sli":1,"ser":0,"fat":0,"row":-1,"mot":1,"pie":-1,"uto":-1,"uwr":-1},"geometry":{"type":"Point","coordinates":[17.391556,53.677778]}},{"type":"Feature","properties":{"ID":107524788,"yr":2018,"dt":"2018-12-22T16:10:00","WOJ":22,"sev":1,"c":[255,255,0,160],"dmg":1,"sli":1,"ser":0,"fat":0,"row":-1,"mot":-1,"pie":1,"uto":-1,"uwr":-1},"geometry":{"type":"Point","coordinates":[18.698417,53.928083]}},{"type":"Feature","properties":{"ID":107092444,"yr":2018,"dt":"2018-07-05T18:53:00","WOJ":22,"sev":1,"c":[255,255,0,160],"dmg":3,"sli":1,"ser":0,"fat":0,"row":-1,"mot":-1,"pie":-1,"uto":-1,"uwr":-1},"geometry":{"type":"Point","coordinates":[18.560833,54.439444]}},{"type":"Feature","properties":{"ID":107085192,"yr":2018,"dt":"2018-07-05T06:45:00","WOJ":22,"sev":1,"c":[255,255,0,160],"dmg":1,"sli":1,"ser":0,"fat":0,"row":-1,"mot":-1,"pie":-1,"uto":-1,"uwr":-1},"geometry":{"type":"Point","coordinates":[18.863333,54.212972]}},{"type":"Feature","properties":{"ID":107085686,"yr":2018,"dt":"2018-07-05T11:25:00","WOJ":22,"sev":1,"c":[255,255,0,160],"dmg":1,"sli":1,"ser":0,"fat":0,"row":-1,"mot":-1,"pie":1,"uto":-1,"uwr":-1},"geometry":{"type":"Point","coordinates":[18.209917,54.603583]}},{"type":"Feature","properties":{"ID":107126584,"yr":2018,"dt":"2018-07-05T15:50:00","WOJ":22,"sev":1,"c":[255,255,0,160],"dmg":1,"sli":1,"ser":0,"fat":0,"row":1,"mot":-1,"pie":-1,"uto":-1,"uwr":-1},"geometry":{"type":"Point","coordinates":[18.596111,54.409722]}},{"type":"Feature","properties":{"ID":107085710,"yr":2018,"dt":"2018-07-05T17:50:00","WOJ":22,"sev":1,"c":[255,255,0,160],"dmg":2,"sli":1,"ser":0,"fat":0,"row":-1,"mot":-1,"pie":-1,"uto":-1,"uwr":-1},"geometry":{"type":"Point","coordinates":[17.995,53.781667]}},{"type":"Feature","properties":{"ID":107525723,"yr":2018,"dt":"2018-12-23T15:00:00","WOJ":22,"sev":1,"c":[255,255,0,160],"dmg":1,"sli":1,"ser":0,"fat":0,"row":-1,"mot":-1,"pie":-1,"uto":-1,"uwr":-1},"geometry":{"type":"Point","coordinates":[18.282417,54.420417]}},{"type":"Feature","properties":{"ID":107093079,"yr":2018,"dt":"2018-07-06T19:34:00","WOJ":22,"sev":1,"c":[255,255,0,160],"dmg":1,"sli":2,"ser":0,"fat":0,"row":-1,"mot":1,"pie":-1,"uto":-1,"uwr":-1},"geometry":{"type":"Point","coordinates":[18.47,54.542778]}},{"type":"Feature","properties":{"ID":107087750,"yr":2018,"dt":"2018-07-06T11:42:00","WOJ":22,"sev":1,"c":[255,255,0,160],"dmg":1,"sli":1,"ser":0,"fat":0,"row":1,"mot":-1,"pie":-1,"uto":-1,"uwr":-1},"geometry":{"type":"Point","coordinates":[18.536111,54.571111]}},{"type":"Feature","properties":{"ID":107089376,"yr":2018,"dt":"2018-07-06T20:50:00","WOJ":22,"sev":1,"c":[255,255,0,160],"dmg":4,"sli":1,"ser":0,"fat":0,"row":-1,"mot":-1,"pie":-1,"uto":-1,"uwr":-1},"geometry":{"type":"Point","coordinates":[17.824444,54.835]}},{"type":"Feature","properties":{"ID":106656311,"yr":2018,"dt":"2018-01-03T20:30:00","WOJ":22,"sev":1,"c":[255,255,0,160],"dmg":0,"sli":2,"ser":0,"fat":0,"row":-1,"mot":-1,"pie":-1,"uto":-1,"uwr":-1},"geometry":{"type":"Point","coordinates":[18.906111,54.263056]}},{"type":"Feature","properties":{"ID":107088326,"yr":2018,"dt":"2018-07-06T17:30:00","WOJ":22,"sev":1,"c":[255,255,0,160],"dmg":1,"sli":1,"ser":0,"fat":0,"row":-1,"mot":-1,"pie":-1,"uto":-1,"uwr":-1},"geometry":{"type":"Point","coordinates":[18.658056,54.340833]}},{"type":"Feature","properties":{"ID":107090011,"yr":2018,"dt":"2018-07-07T15:41:00","WOJ":22,"sev":1,"c":[255,255,0,160],"dmg":1,"sli":1,"ser":0,"fat":0,"row":1,"mot":-1,"pie":-1,"uto":-1,"uwr":-1},"geometry":{"type":"Point","coordinates":[17.484417,54.160667]}},{"type":"Feature","properties":{"ID":106656344,"yr":2018,"dt":"2018-01-03T16:25:00","WOJ":22,"sev":1,"c":[255,255,0,160],"dmg":1,"sli":1,"ser":0,"fat":0,"row":-1,"mot":-1,"pie":1,"uto":-1,"uwr":-1},"geometry":{"type":"Point","coordinates":[18.570278,54.420556]}},{"type":"Feature","properties":{"ID":107090047,"yr":2018,"dt":"2018-07-07T16:37:00","WOJ":22,"sev":1,"c":[255,255,0,160],"dmg":0,"sli":6,"ser":0,"fat":0,"row":-1,"mot":-1,"pie":-1,"uto":-1,"uwr":-1},"geometry":{"type":"Point","coordinates":[19.008278,54.008917]}},{"type":"Feature","properties":{"ID":107089935,"yr":2018,"dt":"2018-07-07T14:20:00","WOJ":22,"sev":1,"c":[255,255,0,160],"dmg":3,"sli":4,"ser":0,"fat":0,"row":-1,"mot":-1,"pie":-1,"uto":-1,"uwr":-1},"geometry":{"type":"Point","coordinates":[18.48,54.352778]}},{"type":"Feature","properties":{"ID":107088754,"yr":2018,"dt":"2018-07-07T15:31:00","WOJ":22,"sev":1,"c":[255,255,0,160],"dmg":2,"sli":1,"ser":0,"fat":0,"row":-1,"mot":-1,"pie":-1,"uto":-1,"uwr":-1},"geometry":{"type":"Point","coordinates":[18.463472,54.506139]}},{"type":"Feature","properties":{"ID":107089949,"yr":2018,"dt":"2018-07-07T15:00:00","WOJ":22,"sev":1,"c":[255,255,0,160],"dmg":1,"sli":1,"ser":0,"fat":0,"row":-1,"mot":-1,"pie":-1,"uto":-1,"uwr":-1},"geometry":{"type":"Point","coordinates":[18.627222,54.337778]}},{"type":"Feature","properties":{"ID":107091816,"yr":2018,"dt":"2018-07-08T17:10:00","WOJ":22,"sev":1,"c":[255,255,0,160],"dmg":1,"sli":2,"ser":0,"fat":0,"row":-1,"mot":-1,"pie":-1,"uto":-1,"uwr":-1},"geometry":{"type":"Point","coordinates":[19.160611,53.850556]}},{"type":"Feature","properties":{"ID":107091015,"yr":2018,"dt":"2018-07-08T14:30:00","WOJ":22,"sev":1,"c":[255,255,0,160],"dmg":0,"sli":1,"ser":0,"fat":0,"row":-1,"mot":-1,"pie":-1,"uto":-1,"uwr":-1},"geometry":{"type":"Point","coordinates":[19.163917,54.009806]}},{"type":"Feature","properties":{"ID":107090985,"yr":2018,"dt":"2018-07-08T19:45:00","WOJ":22,"sev":1,"c":[255,255,0,160],"dmg":1,"sli":4,"ser":0,"fat":0,"row":-1,"mot":-1,"pie":-1,"uto":-1,"uwr":-1},"geometry":{"type":"Point","coordinates":[18.476306,54.275056]}},{"type":"Feature","properties":{"ID":106655274,"yr":2018,"dt":"2018-01-03T17:50:00","WOJ":22,"sev":1,"c":[255,255,0,160],"dmg":1,"sli":1,"ser":0,"fat":0,"row":-1,"mot":-1,"pie":1,"uto":-1,"uwr":-1},"geometry":{"type":"Point","coordinates":[18.963222,53.699444]}},{"type":"Feature","properties":{"ID":107091818,"yr":2018,"dt":"2018-07-08T20:20:00","WOJ":22,"sev":1,"c":[255,255,0,160],"dmg":1,"sli":1,"ser":0,"fat":0,"row":1,"mot":-1,"pie":-1,"uto":-1,"uwr":-1},"geometry":{"type":"Point","coordinates":[18.810472,54.075]}},{"type":"Feature","properties":{"ID":107090382,"yr":2018,"dt":"2018-07-08T04:00:00","WOJ":22,"sev":1,"c":[255,255,0,160],"dmg":1,"sli":1,"ser":0,"fat":0,"row":-1,"mot":-1,"pie":-1,"uto":-1,"uwr":-1},"geometry":{"type":"Point","coordinates":[18.766222,54.091972]}},{"type":"Feature","properties":{"ID":107090355,"yr":2018,"dt":"2018-07-08T09:20:00","WOJ":22,"sev":1,"c":[255,255,0,160],"dmg":0,"sli":1,"ser":0,"fat":0,"row":-1,"mot":1,"pie":-1,"uto":-1,"uwr":-1},"geometry":{"type":"Point","coordinates":[18.096278,54.277222]}},{"type":"Feature","properties":{"ID":106658811,"yr":2018,"dt":"2018-01-03T16:10:00","WOJ":22,"sev":1,"c":[255,255,0,160],"dmg":2,"sli":1,"ser":0,"fat":0,"row":-1,"mot":-1,"pie":-1,"uto":-1,"uwr":-1},"geometry":{"type":"Point","coordinates":[18.349167,54.331417]}},{"type":"Feature","properties":{"ID":106655248,"yr":2018,"dt":"2018-01-03T17:00:00","WOJ":22,"sev":1,"c":[255,255,0,160],"dmg":1,"sli":1,"ser":0,"fat":0,"row":-1,"mot":-1,"pie":-1,"uto":-1,"uwr":-1},"geometry":{"type":"Point","coordinates":[18.219972,54.486722]}},{"type":"Feature","properties":{"ID":107090530,"yr":2018,"dt":"2018-07-08T13:26:00","WOJ":22,"sev":1,"c":[255,255,0,160],"dmg":0,"sli":1,"ser":0,"fat":0,"row":-1,"mot":1,"pie":-1,"uto":-1,"uwr":-1},"geometry":{"type":"Point","coordinates":[17.9017,53.8726]}},{"type":"Feature","properties":{"ID":107091858,"yr":2018,"dt":"2018-07-08T19:05:00","WOJ":22,"sev":1,"c":[255,255,0,160],"dmg":3,"sli":4,"ser":0,"fat":0,"row":-1,"mot":-1,"pie":-1,"uto":-1,"uwr":-1},"geometry":{"type":"Point","coordinates":[19.28475,53.921806]}},{"type":"Feature","properties":{"ID":107139257,"yr":2018,"dt":"2018-07-09T16:20:00","WOJ":22,"sev":1,"c":[255,255,0,160],"dmg":1,"sli":1,"ser":0,"fat":0,"row":-1,"mot":-1,"pie":1,"uto":-1,"uwr":-1},"geometry":{"type":"Point","coordinates":[18.528972,53.957972]}},{"type":"Feature","properties":{"ID":107092442,"yr":2018,"dt":"2018-07-09T07:40:00","WOJ":22,"sev":1,"c":[255,255,0,160],"dmg":3,"sli":1,"ser":0,"fat":0,"row":-1,"mot":-1,"pie":-1,"uto":-1,"uwr":-1},"geometry":{"type":"Point","coordinates":[18.629722,54.318056]}},{"type":"Feature","properties":{"ID":106657381,"yr":2018,"dt":"2018-01-04T20:10:00","WOJ":22,"sev":1,"c":[255,255,0,160],"dmg":0,"sli":1,"ser":0,"fat":0,"row":-1,"mot":-1,"pie":-1,"uto":-1,"uwr":-1},"geometry":{"type":"Point","coordinates":[18.018611,54.395222]}},{"type":"Feature","properties":{"ID":106657712,"yr":2018,"dt":"2018-01-04T07:50:00","WOJ":22,"sev":1,"c":[255,255,0,160],"dmg":0,"sli":2,"ser":0,"fat":0,"row":-1,"mot":-1,"pie":-1,"uto":-1,"uwr":-1},"geometry":{"type":"Point","coordinates":[18.467472,53.946361]}},{"type":"Feature","properties":{"ID":107100254,"yr":2018,"dt":"2018-07-09T08:12:00","WOJ":22,"sev":1,"c":[255,255,0,160],"dmg":2,"sli":2,"ser":0,"fat":0,"row":-1,"mot":-1,"pie":-1,"uto":-1,"uwr":-1},"geometry":{"type":"Point","coordinates":[18.408194,54.673333]}},{"type":"Feature","properties":{"ID":107093979,"yr":2018,"dt":"2018-07-09T18:00:00","WOJ":22,"sev":1,"c":[255,255,0,160],"dmg":1,"sli":1,"ser":0,"fat":0,"row":-1,"mot":-1,"pie":1,"uto":-1,"uwr":-1},"geometry":{"type":"Point","coordinates":[18.717833,53.985]}},{"type":"Feature","properties":{"ID":107094111,"yr":2018,"dt":"2018-07-09T18:29:00","WOJ":22,"sev":1,"c":[255,255,0,160],"dmg":1,"sli":1,"ser":0,"fat":0,"row":-1,"mot":-1,"pie":-1,"uto":-1,"uwr":-1},"geometry":{"type":"Point","coordinates":[18.262444,54.315139]}},{"type":"Feature","properties":{"ID":106658242,"yr":2018,"dt":"2018-01-04T17:30:00","WOJ":22,"sev":1,"c":[255,255,0,160],"dmg":1,"sli":1,"ser":0,"fat":0,"row":-1,"mot":-1,"pie":1,"uto":-1,"uwr":-1},"geometry":{"type":"Point","coordinates":[18.566389,54.374167]}},{"type":"Feature","properties":{"ID":107101858,"yr":2018,"dt":"2018-07-09T15:30:00","WOJ":22,"sev":1,"c":[255,255,0,160],"dmg":1,"sli":1,"ser":0,"fat":0,"row":-1,"mot":-1,"pie":1,"uto":-1,"uwr":-1},"geometry":{"type":"Point","coordinates":[18.5825,54.420833]}},{"type":"Feature","properties":{"ID":107094069,"yr":2018,"dt":"2018-07-09T19:40:00","WOJ":22,"sev":1,"c":[255,255,0,160],"dmg":0,"sli":4,"ser":0,"fat":0,"row":-1,"mot":-1,"pie":-1,"uto":-1,"uwr":-1},"geometry":{"type":"Point","coordinates":[18.515556,54.421389]}},{"type":"Feature","properties":{"ID":106658627,"yr":2018,"dt":"2018-01-05T11:00:00","WOJ":22,"sev":1,"c":[255,255,0,160],"dmg":1,"sli":1,"ser":0,"fat":0,"row":-1,"mot":-1,"pie":1,"uto":-1,"uwr":-1},"geometry":{"type":"Point","coordinates":[18.591667,54.408333]}},{"type":"Feature","properties":{"ID":107101959,"yr":2018,"dt":"2018-07-09T12:45:00","WOJ":22,"sev":1,"c":[255,255,0,160],"dmg":2,"sli":2,"ser":0,"fat":0,"row":-1,"mot":-1,"pie":-1,"uto":-1,"uwr":-1},"geometry":{"type":"Point","coordinates":[18.560833,54.442222]}},{"type":"Feature","properties":{"ID":107554905,"yr":2018,"dt":"2018-12-31T16:50:00","WOJ":22,"sev":1,"c":[255,255,0,160],"dmg":0,"sli":1,"ser":0,"fat":0,"row":-1,"mot":-1,"pie":-1,"uto":-1,"uwr":-1},"geometry":{"type":"Point","coordinates":[18.916889,54.258056]}},{"type":"Feature","properties":{"ID":107527046,"yr":2018,"dt":"2018-12-23T16:15:00","WOJ":22,"sev":1,"c":[255,255,0,160],"dmg":2,"sli":1,"ser":0,"fat":0,"row":-1,"mot":-1,"pie":-1,"uto":-1,"uwr":-1},"geometry":{"type":"Point","coordinates":[18.482333,53.933028]}},{"type":"Feature","properties":{"ID":107093298,"yr":2018,"dt":"2018-07-09T16:35:00","WOJ":22,"sev":1,"c":[255,255,0,160],"dmg":1,"sli":1,"ser":0,"fat":0,"row":-1,"mot":-1,"pie":-1,"uto":-1,"uwr":-1},"geometry":{"type":"Point","coordinates":[18.537667,53.963694]}},{"type":"Feature","properties":{"ID":107542381,"yr":2018,"dt":"2018-12-29T13:34:00","WOJ":22,"sev":1,"c":[255,255,0,160],"dmg":1,"sli":1,"ser":0,"fat":0,"row":-1,"mot":-1,"pie":1,"uto":-1,"uwr":-1},"geometry":{"type":"Point","coordinates":[16.983194,54.002583]}},{"type":"Feature","properties":{"ID":107096389,"yr":2018,"dt":"2018-07-10T19:30:00","WOJ":22,"sev":1,"c":[255,255,0,160],"dmg":0,"sli":1,"ser":0,"fat":0,"row":-1,"mot":-1,"pie":-1,"uto":-1,"uwr":-1},"geometry":{"type":"Point","coordinates":[18.192222,54.024444]}},{"type":"Feature","properties":{"ID":107094551,"yr":2018,"dt":"2018-07-10T09:34:00","WOJ":22,"sev":1,"c":[255,255,0,160],"dmg":2,"sli":1,"ser":0,"fat":0,"row":-1,"mot":-1,"pie":-1,"uto":-1,"uwr":-1},"geometry":{"type":"Point","coordinates":[19.02575,54.026833]}},{"type":"Feature","properties":{"ID":107548951,"yr":2018,"dt":"2018-12-30T19:40:00","WOJ":22,"sev":1,"c":[255,255,0,160],"dmg":1,"sli":2,"ser":0,"fat":0,"row":-1,"mot":-1,"pie":-1,"uto":-1,"uwr":-1},"geometry":{"type":"Point","coordinates":[17.95775,54.20075]}},{"type":"Feature","properties":{"ID":107094737,"yr":2018,"dt":"2018-07-10T12:30:00","WOJ":22,"sev":1,"c":[255,255,0,160],"dmg":3,"sli":1,"ser":0,"fat":0,"row":-1,"mot":-1,"pie":-1,"uto":-1,"uwr":-1},"geometry":{"type":"Point","coordinates":[18.131139,54.346139]}},{"type":"Feature","properties":{"ID":107096530,"yr":2018,"dt":"2018-07-10T21:15:00","WOJ":22,"sev":1,"c":[255,255,0,160],"dmg":1,"sli":1,"ser":0,"fat":0,"row":-1,"mot":-1,"pie":-1,"uto":-1,"uwr":-1},"geometry":{"type":"Point","coordinates":[18.683833,54.121889]}},{"type":"Feature","properties":{"ID":107096658,"yr":2018,"dt":"2018-07-10T19:40:00","WOJ":22,"sev":1,"c":[255,255,0,160],"dmg":0,"sli":3,"ser":0,"fat":0,"row":-1,"mot":-1,"pie":-1,"uto":-1,"uwr":-1},"geometry":{"type":"Point","coordinates":[17.732222,53.924167]}},{"type":"Feature","properties":{"ID":107097174,"yr":2018,"dt":"2018-07-10T14:10:00","WOJ":22,"sev":1,"c":[255,255,0,160],"dmg":2,"sli":1,"ser":0,"fat":0,"row":-1,"mot":-1,"pie":1,"uto":-1,"uwr":-1},"geometry":{"type":"Point","coordinates":[18.587778,54.412222]}},{"type":"Feature","properties":{"ID":107555942,"yr":2018,"dt":"2018-12-31T18:50:00","WOJ":22,"sev":1,"c":[255,255,0,160],"dmg":1,"sli":1,"ser":0,"fat":0,"row":-1,"mot":-1,"pie":1,"uto":-1,"uwr":-1},"geometry":{"type":"Point","coordinates":[18.934111,53.737139]}},{"type":"Feature","properties":{"ID":107098547,"yr":2018,"dt":"2018-07-11T18:18:00","WOJ":22,"sev":1,"c":[255,255,0,160],"dmg":1,"sli":1,"ser":0,"fat":0,"row":-1,"mot":-1,"pie":-1,"uto":-1,"uwr":-1},"geometry":{"type":"Point","coordinates":[17.314722,53.965556]}},{"type":"Feature","properties":{"ID":107422409,"yr":2018,"dt":"2018-11-04T03:30:00","WOJ":22,"sev":1,"c":[255,255,0,160],"dmg":0,"sli":1,"ser":0,"fat":0,"row":-1,"mot":-1,"pie":-1,"uto":-1,"uwr":-1},"geometry":{"type":"Point","coordinates":[18.932417,54.061222]}},{"type":"Feature","properties":{"ID":107098011,"yr":2018,"dt":"2018-07-11T12:15:00","WOJ":22,"sev":1,"c":[255,255,0,160],"dmg":2,"sli":1,"ser":0,"fat":0,"row":-1,"mot":-1,"pie":-1,"uto":-1,"uwr":-1},"geometry":{"type":"Point","coordinates":[18.540139,54.504472]}},{"type":"Feature","properties":{"ID":107099706,"yr":2018,"dt":"2018-07-12T20:55:00","WOJ":22,"sev":1,"c":[255,255,0,160],"dmg":1,"sli":2,"ser":0,"fat":0,"row":-1,"mot":-1,"pie":1,"uto":-1,"uwr":-1},"geometry":{"type":"Point","coordinates":[18.591944,54.351389]}},{"type":"Feature","properties":{"ID":107099812,"yr":2018,"dt":"2018-07-12T22:35:00","WOJ":22,"sev":1,"c":[255,255,0,160],"dmg":0,"sli":1,"ser":0,"fat":0,"row":-1,"mot":-1,"pie":-1,"uto":-1,"uwr":-1},"geometry":{"type":"Point","coordinates":[18.788778,54.096889]}},{"type":"Feature","properties":{"ID":107099603,"yr":2018,"dt":"2018-07-12T14:30:00","WOJ":22,"sev":1,"c":[255,255,0,160],"dmg":0,"sli":1,"ser":0,"fat":0,"row":-1,"mot":-1,"pie":-1,"uto":-1,"uwr":-1},"geometry":{"type":"Point","coordinates":[18.844722,54.107]}},{"type":"Feature","properties":{"ID":107099682,"yr":2018,"dt":"2018-07-12T15:32:00","WOJ":22,"sev":1,"c":[255,255,0,160],"dmg":1,"sli":1,"ser":0,"fat":0,"row":-1,"mot":-1,"pie":-1,"uto":-1,"uwr":-1},"geometry":{"type":"Point","coordinates":[18.1546,53.9865]}},{"type":"Feature","properties":{"ID":107100788,"yr":2018,"dt":"2018-07-12T23:35:00","WOJ":22,"sev":1,"c":[255,255,0,160],"dmg":0,"sli":1,"ser":0,"fat":0,"row":-1,"mot":-1,"pie":-1,"uto":-1,"uwr":-1},"geometry":{"type":"Point","coordinates":[18.762833,54.022556]}},{"type":"Feature","properties":{"ID":107102550,"yr":2018,"dt":"2018-07-13T22:30:00","WOJ":22,"sev":1,"c":[255,255,0,160],"dmg":1,"sli":1,"ser":0,"fat":0,"row":-1,"mot":-1,"pie":-1,"uto":-1,"uwr":-1},"geometry":{"type":"Point","coordinates":[18.663694,54.20475]}},{"type":"Feature","properties":{"ID":107102536,"yr":2018,"dt":"2018-07-13T18:00:00","WOJ":22,"sev":1,"c":[255,255,0,160],"dmg":1,"sli":1,"ser":0,"fat":0,"row":-1,"mot":-1,"pie":-1,"uto":-1,"uwr":-1},"geometry":{"type":"Point","coordinates":[18.472306,54.478306]}},{"type":"Feature","properties":{"ID":107102455,"yr":2018,"dt":"2018-07-13T15:28:00","WOJ":22,"sev":1,"c":[255,255,0,160],"dmg":3,"sli":1,"ser":0,"fat":0,"row":-1,"mot":-1,"pie":-1,"uto":-1,"uwr":-1},"geometry":{"type":"Point","coordinates":[18.433778,54.648944]}},{"type":"Feature","properties":{"ID":107101555,"yr":2018,"dt":"2018-07-13T15:43:00","WOJ":22,"sev":1,"c":[255,255,0,160],"dmg":1,"sli":1,"ser":0,"fat":0,"row":-1,"mot":-1,"pie":-1,"uto":-1,"uwr":-1},"geometry":{"type":"Point","coordinates":[17.07,53.896389]}},{"type":"Feature","properties":{"ID":107102935,"yr":2018,"dt":"2018-07-13T18:30:00","WOJ":22,"sev":1,"c":[255,255,0,160],"dmg":1,"sli":1,"ser":0,"fat":0,"row":-1,"mot":-1,"pie":-1,"uto":-1,"uwr":-1},"geometry":{"type":"Point","coordinates":[18.564167,54.248333]}},{"type":"Feature","properties":{"ID":107103088,"yr":2018,"dt":"2018-07-13T19:19:00","WOJ":22,"sev":1,"c":[255,255,0,160],"dmg":1,"sli":1,"ser":0,"fat":0,"row":-1,"mot":-1,"pie":-1,"uto":-1,"uwr":-1},"geometry":{"type":"Point","coordinates":[18.554167,54.4725]}},{"type":"Feature","properties":{"ID":107101723,"yr":2018,"dt":"2018-07-13T16:01:00","WOJ":22,"sev":1,"c":[255,255,0,160],"dmg":1,"sli":1,"ser":0,"fat":0,"row":-1,"mot":-1,"pie":-1,"uto":-1,"uwr":-1},"geometry":{"type":"Point","coordinates":[18.33675,54.333694]}},{"type":"Feature","properties":{"ID":107101615,"yr":2018,"dt":"2018-07-13T13:30:00","WOJ":22,"sev":1,"c":[255,255,0,160],"dmg":1,"sli":2,"ser":0,"fat":0,"row":-1,"mot":-1,"pie":-1,"uto":-1,"uwr":-1},"geometry":{"type":"Point","coordinates":[18.621111,54.373611]}},{"type":"Feature","properties":{"ID":107101438,"yr":2018,"dt":"2018-07-13T12:30:00","WOJ":22,"sev":1,"c":[255,255,0,160],"dmg":1,"sli":1,"ser":0,"fat":0,"row":-1,"mot":-1,"pie":1,"uto":-1,"uwr":-1},"geometry":{"type":"Point","coordinates":[18.598056,54.3825]}},{"type":"Feature","properties":{"ID":107107245,"yr":2018,"dt":"2018-07-13T15:00:00","WOJ":22,"sev":1,"c":[255,255,0,160],"dmg":0,"sli":1,"ser":0,"fat":0,"row":-1,"mot":-1,"pie":-1,"uto":-1,"uwr":-1},"geometry":{"type":"Point","coordinates":[18.786333,54.044389]}},{"type":"Feature","properties":{"ID":107102981,"yr":2018,"dt":"2018-07-13T18:05:00","WOJ":22,"sev":1,"c":[255,255,0,160],"dmg":2,"sli":1,"ser":0,"fat":0,"row":-1,"mot":-1,"pie":-1,"uto":-1,"uwr":-1},"geometry":{"type":"Point","coordinates":[18.32925,53.937444]}},{"type":"Feature","properties":{"ID":107103450,"yr":2018,"dt":"2018-07-14T10:20:00","WOJ":22,"sev":1,"c":[255,255,0,160],"dmg":1,"sli":2,"ser":0,"fat":0,"row":-1,"mot":-1,"pie":-1,"uto":-1,"uwr":-1},"geometry":{"type":"Point","coordinates":[18.110556,54.181667]}},{"type":"Feature","properties":{"ID":107103842,"yr":2018,"dt":"2018-07-14T16:30:00","WOJ":22,"sev":1,"c":[255,255,0,160],"dmg":2,"sli":3,"ser":0,"fat":0,"row":-1,"mot":-1,"pie":-1,"uto":-1,"uwr":-1},"geometry":{"type":"Point","coordinates":[18.122,54.7399]}},{"type":"Feature","properties":{"ID":107103746,"yr":2018,"dt":"2018-07-14T14:20:00","WOJ":22,"sev":1,"c":[255,255,0,160],"dmg":2,"sli":1,"ser":0,"fat":0,"row":-1,"mot":-1,"pie":-1,"uto":-1,"uwr":-1},"geometry":{"type":"Point","coordinates":[18.608917,54.24275]}},{"type":"Feature","properties":{"ID":107106091,"yr":2018,"dt":"2018-07-14T10:40:00","WOJ":22,"sev":1,"c":[255,255,0,160],"dmg":1,"sli":1,"ser":0,"fat":0,"row":1,"mot":-1,"pie":-1,"uto":-1,"uwr":-1},"geometry":{"type":"Point","coordinates":[18.612778,54.385556]}},{"type":"Feature","properties":{"ID":107105053,"yr":2018,"dt":"2018-07-14T22:25:00","WOJ":22,"sev":1,"c":[255,255,0,160],"dmg":1,"sli":1,"ser":0,"fat":0,"row":-1,"mot":-1,"pie":-1,"uto":-1,"uwr":-1},"geometry":{"type":"Point","coordinates":[18.330833,54.076111]}},{"type":"Feature","properties":{"ID":107105615,"yr":2018,"dt":"2018-07-15T19:15:00","WOJ":22,"sev":1,"c":[255,255,0,160],"dmg":1,"sli":1,"ser":0,"fat":0,"row":-1,"mot":-1,"pie":-1,"uto":-1,"uwr":-1},"geometry":{"type":"Point","coordinates":[18.63,54.310556]}},{"type":"Feature","properties":{"ID":107112959,"yr":2018,"dt":"2018-07-15T03:35:00","WOJ":22,"sev":1,"c":[255,255,0,160],"dmg":1,"sli":1,"ser":0,"fat":0,"row":-1,"mot":-1,"pie":0,"uto":-1,"uwr":-1},"geometry":{"type":"Point","coordinates":[17.975389,53.799194]}},{"type":"Feature","properties":{"ID":107106066,"yr":2018,"dt":"2018-07-16T09:05:00","WOJ":22,"sev":1,"c":[255,255,0,160],"dmg":1,"sli":1,"ser":0,"fat":0,"row":1,"mot":-1,"pie":-1,"uto":-1,"uwr":-1},"geometry":{"type":"Point","coordinates":[18.610167,54.142639]}},{"type":"Feature","properties":{"ID":107104545,"yr":2018,"dt":"2018-07-16T09:05:00","WOJ":22,"sev":1,"c":[255,255,0,160],"dmg":1,"sli":1,"ser":0,"fat":0,"row":-1,"mot":-1,"pie":-1,"uto":-1,"uwr":-1},"geometry":{"type":"Point","coordinates":[18.603611,54.346389]}},{"type":"Feature","properties":{"ID":107106949,"yr":2018,"dt":"2018-07-16T15:22:00","WOJ":22,"sev":1,"c":[255,255,0,160],"dmg":2,"sli":1,"ser":0,"fat":0,"row":-1,"mot":-1,"pie":-1,"uto":-1,"uwr":-1},"geometry":{"type":"Point","coordinates":[17.148944,53.750972]}},{"type":"Feature","properties":{"ID":107119087,"yr":2018,"dt":"2018-07-16T14:20:00","WOJ":22,"sev":1,"c":[255,255,0,160],"dmg":1,"sli":1,"ser":0,"fat":0,"row":-1,"mot":-1,"pie":-1,"uto":-1,"uwr":-1},"geometry":{"type":"Point","coordinates":[18.782583,54.090694]}},{"type":"Feature","properties":{"ID":107106042,"yr":2018,"dt":"2018-07-16T06:45:00","WOJ":22,"sev":1,"c":[255,255,0,160],"dmg":1,"sli":1,"ser":0,"fat":0,"row":-1,"mot":-1,"pie":-1,"uto":-1,"uwr":-1},"geometry":{"type":"Point","coordinates":[18.140667,54.770333]}},{"type":"Feature","properties":{"ID":107107973,"yr":2018,"dt":"2018-07-16T18:50:00","WOJ":22,"sev":1,"c":[255,255,0,160],"dmg":0,"sli":1,"ser":0,"fat":0,"row":-1,"mot":-1,"pie":-1,"uto":-1,"uwr":-1},"geometry":{"type":"Point","coordinates":[17.349861,53.988028]}},{"type":"Feature","properties":{"ID":107109689,"yr":2018,"dt":"2018-07-16T14:00:00","WOJ":22,"sev":1,"c":[255,255,0,160],"dmg":1,"sli":1,"ser":0,"fat":0,"row":1,"mot":-1,"pie":-1,"uto":-1,"uwr":-1},"geometry":{"type":"Point","coordinates":[16.999333,54.456694]}},{"type":"Feature","properties":{"ID":107104806,"yr":2018,"dt":"2018-07-16T12:50:00","WOJ":22,"sev":1,"c":[255,255,0,160],"dmg":2,"sli":1,"ser":0,"fat":0,"row":-1,"mot":-1,"pie":-1,"uto":-1,"uwr":-1},"geometry":{"type":"Point","coordinates":[17.613333,53.7325]}},{"type":"Feature","properties":{"ID":107107394,"yr":2018,"dt":"2018-07-17T06:53:00","WOJ":22,"sev":1,"c":[255,255,0,160],"dmg":1,"sli":4,"ser":0,"fat":0,"row":-1,"mot":-1,"pie":-1,"uto":-1,"uwr":-1},"geometry":{"type":"Point","coordinates":[18.346389,54.640806]}},{"type":"Feature","properties":{"ID":107107546,"yr":2018,"dt":"2018-07-17T14:25:00","WOJ":22,"sev":1,"c":[255,255,0,160],"dmg":2,"sli":1,"ser":0,"fat":0,"row":-1,"mot":-1,"pie":-1,"uto":-1,"uwr":-1},"geometry":{"type":"Point","coordinates":[18.611944,54.385278]}},{"type":"Feature","properties":{"ID":107108205,"yr":2018,"dt":"2018-07-17T06:00:00","WOJ":22,"sev":1,"c":[255,255,0,160],"dmg":1,"sli":1,"ser":0,"fat":0,"row":-1,"mot":-1,"pie":-1,"uto":-1,"uwr":-1},"geometry":{"type":"Point","coordinates":[16.978556,54.42925]}},{"type":"Feature","properties":{"ID":107111276,"yr":2018,"dt":"2018-07-18T15:30:00","WOJ":22,"sev":1,"c":[255,255,0,160],"dmg":1,"sli":2,"ser":0,"fat":0,"row":-1,"mot":-1,"pie":-1,"uto":-1,"uwr":-1},"geometry":{"type":"Point","coordinates":[17.932778,54.342222]}},{"type":"Feature","properties":{"ID":107111844,"yr":2018,"dt":"2018-07-18T22:00:00","WOJ":22,"sev":1,"c":[255,255,0,160],"dmg":1,"sli":1,"ser":0,"fat":0,"row":-1,"mot":-1,"pie":-1,"uto":-1,"uwr":-1},"geometry":{"type":"Point","coordinates":[18.6155,54.240833]}},{"type":"Feature","properties":{"ID":107110433,"yr":2018,"dt":"2018-07-18T13:03:00","WOJ":22,"sev":1,"c":[255,255,0,160],"dmg":0,"sli":1,"ser":0,"fat":0,"row":-1,"mot":1,"pie":-1,"uto":-1,"uwr":-1},"geometry":{"type":"Point","coordinates":[17.360028,53.667528]}},{"type":"Feature","properties":{"ID":107110683,"yr":2018,"dt":"2018-07-18T18:15:00","WOJ":22,"sev":1,"c":[255,255,0,160],"dmg":2,"sli":1,"ser":0,"fat":0,"row":-1,"mot":-1,"pie":-1,"uto":-1,"uwr":-1},"geometry":{"type":"Point","coordinates":[18.821972,54.087861]}},{"type":"Feature","properties":{"ID":107110742,"yr":2018,"dt":"2018-07-18T17:47:00","WOJ":22,"sev":1,"c":[255,255,0,160],"dmg":1,"sli":1,"ser":0,"fat":0,"row":-1,"mot":-1,"pie":-1,"uto":-1,"uwr":-1},"geometry":{"type":"Point","coordinates":[17.0695,53.571611]}},{"type":"Feature","properties":{"ID":107110260,"yr":2018,"dt":"2018-07-18T11:15:00","WOJ":22,"sev":1,"c":[255,255,0,160],"dmg":1,"sli":1,"ser":0,"fat":0,"row":-1,"mot":-1,"pie":-1,"uto":-1,"uwr":-1},"geometry":{"type":"Point","coordinates":[16.978889,54.429056]}},{"type":"Feature","properties":{"ID":107111303,"yr":2018,"dt":"2018-07-18T16:39:00","WOJ":22,"sev":1,"c":[255,255,0,160],"dmg":1,"sli":1,"ser":0,"fat":0,"row":1,"mot":-1,"pie":-1,"uto":-1,"uwr":-1},"geometry":{"type":"Point","coordinates":[18.445833,54.442111]}},{"type":"Feature","properties":{"ID":107111182,"yr":2018,"dt":"2018-07-18T13:10:00","WOJ":22,"sev":1,"c":[255,255,0,160],"dmg":0,"sli":2,"ser":0,"fat":0,"row":-1,"mot":-1,"pie":-1,"uto":-1,"uwr":-1},"geometry":{"type":"Point","coordinates":[17.322667,54.102306]}},{"type":"Feature","properties":{"ID":107111200,"yr":2018,"dt":"2018-07-18T13:28:00","WOJ":22,"sev":1,"c":[255,255,0,160],"dmg":1,"sli":1,"ser":0,"fat":0,"row":-1,"mot":-1,"pie":-1,"uto":-1,"uwr":-1},"geometry":{"type":"Point","coordinates":[18.558333,54.415556]}},{"type":"Feature","properties":{"ID":107113252,"yr":2018,"dt":"2018-07-19T15:40:00","WOJ":22,"sev":1,"c":[255,255,0,160],"dmg":3,"sli":1,"ser":0,"fat":0,"row":-1,"mot":-1,"pie":-1,"uto":-1,"uwr":-1},"geometry":{"type":"Point","coordinates":[18.936389,53.748083]}},{"type":"Feature","properties":{"ID":107113166,"yr":2018,"dt":"2018-07-19T10:05:00","WOJ":22,"sev":1,"c":[255,255,0,160],"dmg":1,"sli":1,"ser":0,"fat":0,"row":-1,"mot":1,"pie":-1,"uto":-1,"uwr":-1},"geometry":{"type":"Point","coordinates":[18.692861,54.927694]}},{"type":"Feature","properties":{"ID":107113612,"yr":2018,"dt":"2018-07-19T22:00:00","WOJ":22,"sev":1,"c":[255,255,0,160],"dmg":2,"sli":1,"ser":0,"fat":0,"row":-1,"mot":-1,"pie":-1,"uto":-1,"uwr":-1},"geometry":{"type":"Point","coordinates":[18.578889,54.401944]}},{"type":"Feature","properties":{"ID":107115263,"yr":2018,"dt":"2018-07-19T10:00:00","WOJ":22,"sev":1,"c":[255,255,0,160],"dmg":1,"sli":1,"ser":0,"fat":0,"row":-1,"mot":-1,"pie":1,"uto":-1,"uwr":-1},"geometry":{"type":"Point","coordinates":[17.5575,54.756389]}},{"type":"Feature","properties":{"ID":107115552,"yr":2018,"dt":"2018-07-20T17:32:00","WOJ":22,"sev":1,"c":[255,255,0,160],"dmg":0,"sli":1,"ser":0,"fat":0,"row":-1,"mot":-1,"pie":-1,"uto":-1,"uwr":-1},"geometry":{"type":"Point","coordinates":[18.407806,54.134139]}},{"type":"Feature","properties":{"ID":107115469,"yr":2018,"dt":"2018-07-20T14:20:00","WOJ":22,"sev":1,"c":[255,255,0,160],"dmg":0,"sli":1,"ser":0,"fat":0,"row":-1,"mot":-1,"pie":-1,"uto":-1,"uwr":-1},"geometry":{"type":"Point","coordinates":[17.078333,53.674556]}},{"type":"Feature","properties":{"ID":107115392,"yr":2018,"dt":"2018-07-20T15:45:00","WOJ":22,"sev":1,"c":[255,255,0,160],"dmg":1,"sli":1,"ser":0,"fat":0,"row":-1,"mot":-1,"pie":1,"uto":-1,"uwr":-1},"geometry":{"type":"Point","coordinates":[17.042056,54.454333]}},{"type":"Feature","properties":{"ID":107114029,"yr":2018,"dt":"2018-07-20T06:25:00","WOJ":22,"sev":1,"c":[255,255,0,160],"dmg":1,"sli":1,"ser":0,"fat":0,"row":-1,"mot":-1,"pie":-1,"uto":-1,"uwr":-1},"geometry":{"type":"Point","coordinates":[17.033944,53.994583]}},{"type":"Feature","properties":{"ID":107118686,"yr":2018,"dt":"2018-07-20T21:45:00","WOJ":22,"sev":1,"c":[255,255,0,160],"dmg":0,"sli":1,"ser":0,"fat":0,"row":-1,"mot":-1,"pie":-1,"uto":-1,"uwr":-1},"geometry":{"type":"Point","coordinates":[17.20385,53.61938]}},{"type":"Feature","properties":{"ID":107115737,"yr":2018,"dt":"2018-07-20T21:10:00","WOJ":22,"sev":1,"c":[255,255,0,160],"dmg":1,"sli":1,"ser":0,"fat":0,"row":0,"mot":-1,"pie":1,"uto":-1,"uwr":-1},"geometry":{"type":"Point","coordinates":[17.570556,53.690833]}},{"type":"Feature","properties":{"ID":107115555,"yr":2018,"dt":"2018-07-20T18:30:00","WOJ":22,"sev":1,"c":[255,255,0,160],"dmg":1,"sli":1,"ser":0,"fat":0,"row":1,"mot":-1,"pie":-1,"uto":-1,"uwr":-1},"geometry":{"type":"Point","coordinates":[18.423806,54.446389]}},{"type":"Feature","properties":{"ID":107115175,"yr":2018,"dt":"2018-07-20T12:10:00","WOJ":22,"sev":1,"c":[255,255,0,160],"dmg":1,"sli":1,"ser":0,"fat":0,"row":-1,"mot":1,"pie":-1,"uto":-1,"uwr":-1},"geometry":{"type":"Point","coordinates":[18.19725,54.786361]}},{"type":"Feature","properties":{"ID":107115913,"yr":2018,"dt":"2018-07-21T09:15:00","WOJ":22,"sev":1,"c":[255,255,0,160],"dmg":1,"sli":1,"ser":0,"fat":0,"row":1,"mot":-1,"pie":-1,"uto":-1,"uwr":-1},"geometry":{"type":"Point","coordinates":[18.627528,54.266611]}},{"type":"Feature","properties":{"ID":107117160,"yr":2018,"dt":"2018-07-21T11:50:00","WOJ":22,"sev":1,"c":[255,255,0,160],"dmg":1,"sli":1,"ser":0,"fat":0,"row":1,"mot":-1,"pie":-1,"uto":-1,"uwr":-1},"geometry":{"type":"Point","coordinates":[19.029139,53.920833]}},{"type":"Feature","properties":{"ID":107117684,"yr":2018,"dt":"2018-07-21T17:54:00","WOJ":22,"sev":1,"c":[255,255,0,160],"dmg":1,"sli":1,"ser":0,"fat":0,"row":-1,"mot":-1,"pie":-1,"uto":-1,"uwr":-1},"geometry":{"type":"Point","coordinates":[17.583889,54.156667]}},{"type":"Feature","properties":{"ID":107117451,"yr":2018,"dt":"2018-07-21T14:54:00","WOJ":22,"sev":1,"c":[255,255,0,160],"dmg":0,"sli":2,"ser":0,"fat":0,"row":-1,"mot":-1,"pie":-1,"uto":-1,"uwr":-1},"geometry":{"type":"Point","coordinates":[18.643861,53.906111]}},{"type":"Feature","properties":{"ID":107117755,"yr":2018,"dt":"2018-07-21T20:30:00","WOJ":22,"sev":1,"c":[255,255,0,160],"dmg":2,"sli":3,"ser":0,"fat":0,"row":-1,"mot":-1,"pie":-1,"uto":-1,"uwr":-1},"geometry":{"type":"Point","coordinates":[17.5814,54.659]}},{"type":"Feature","properties":{"ID":107116153,"yr":2018,"dt":"2018-07-21T16:03:00","WOJ":22,"sev":1,"c":[255,255,0,160],"dmg":0,"sli":1,"ser":0,"fat":0,"row":-1,"mot":1,"pie":-1,"uto":-1,"uwr":-1},"geometry":{"type":"Point","coordinates":[18.201111,54.296944]}},{"type":"Feature","properties":{"ID":107116174,"yr":2018,"dt":"2018-07-21T18:20:00","WOJ":22,"sev":1,"c":[255,255,0,160],"dmg":1,"sli":1,"ser":0,"fat":0,"row":-1,"mot":0,"pie":-1,"uto":-1,"uwr":-1},"geometry":{"type":"Point","coordinates":[18.801361,54.050556]}},{"type":"Feature","properties":{"ID":107117154,"yr":2018,"dt":"2018-07-21T11:00:00","WOJ":22,"sev":1,"c":[255,255,0,160],"dmg":1,"sli":1,"ser":0,"fat":0,"row":-1,"mot":-1,"pie":-1,"uto":-1,"uwr":-1},"geometry":{"type":"Point","coordinates":[18.644722,54.386667]}},{"type":"Feature","properties":{"ID":107115994,"yr":2018,"dt":"2018-07-21T09:30:00","WOJ":22,"sev":1,"c":[255,255,0,160],"dmg":1,"sli":2,"ser":0,"fat":0,"row":-1,"mot":-1,"pie":-1,"uto":-1,"uwr":-1},"geometry":{"type":"Point","coordinates":[18.289083,54.373472]}},{"type":"Feature","properties":{"ID":107117581,"yr":2018,"dt":"2018-07-21T17:15:00","WOJ":22,"sev":1,"c":[255,255,0,160],"dmg":1,"sli":2,"ser":0,"fat":0,"row":-1,"mot":-1,"pie":-1,"uto":-1,"uwr":-1},"geometry":{"type":"Point","coordinates":[18.159972,54.739444]}},{"type":"Feature","properties":{"ID":107118320,"yr":2018,"dt":"2018-07-22T18:30:00","WOJ":22,"sev":1,"c":[255,255,0,160],"dmg":1,"sli":1,"ser":0,"fat":0,"row":-1,"mot":1,"pie":-1,"uto":-1,"uwr":-1},"geometry":{"type":"Point","coordinates":[18.610389,54.255389]}},{"type":"Feature","properties":{"ID":107119094,"yr":2018,"dt":"2018-07-22T08:53:00","WOJ":22,"sev":1,"c":[255,255,0,160],"dmg":0,"sli":1,"ser":0,"fat":0,"row":-1,"mot":-1,"pie":-1,"uto":-1,"uwr":-1},"geometry":{"type":"Point","coordinates":[18.6995,53.927667]}},{"type":"Feature","properties":{"ID":107120282,"yr":2018,"dt":"2018-07-22T14:30:00","WOJ":22,"sev":1,"c":[255,255,0,160],"dmg":1,"sli":1,"ser":0,"fat":0,"row":-1,"mot":-1,"pie":1,"uto":-1,"uwr":-1},"geometry":{"type":"Point","coordinates":[16.858556,54.581611]}},{"type":"Feature","properties":{"ID":107118975,"yr":2018,"dt":"2018-07-22T17:30:00","WOJ":22,"sev":1,"c":[255,255,0,160],"dmg":1,"sli":1,"ser":0,"fat":0,"row":-1,"mot":-1,"pie":-1,"uto":-1,"uwr":-1},"geometry":{"type":"Point","coordinates":[18.765917,54.048111]}},{"type":"Feature","properties":{"ID":107127927,"yr":2018,"dt":"2018-07-22T10:30:00","WOJ":22,"sev":1,"c":[255,255,0,160],"dmg":2,"sli":4,"ser":0,"fat":0,"row":-1,"mot":-1,"pie":-1,"uto":-1,"uwr":-1},"geometry":{"type":"Point","coordinates":[19.024444,54.237778]}},{"type":"Feature","properties":{"ID":107126586,"yr":2018,"dt":"2018-07-23T14:30:00","WOJ":22,"sev":1,"c":[255,255,0,160],"dmg":1,"sli":1,"ser":0,"fat":0,"row":0,"mot":-1,"pie":1,"uto":-1,"uwr":-1},"geometry":{"type":"Point","coordinates":[18.578056,54.42]}},{"type":"Feature","properties":{"ID":107120589,"yr":2018,"dt":"2018-07-23T19:10:00","WOJ":22,"sev":1,"c":[255,255,0,160],"dmg":1,"sli":1,"ser":0,"fat":0,"row":1,"mot":-1,"pie":-1,"uto":-1,"uwr":-1},"geometry":{"type":"Point","coordinates":[18.593889,54.355556]}},{"type":"Feature","properties":{"ID":107119607,"yr":2018,"dt":"2018-07-23T17:20:00","WOJ":22,"sev":1,"c":[255,255,0,160],"dmg":2,"sli":1,"ser":0,"fat":0,"row":-1,"mot":-1,"pie":-1,"uto":-1,"uwr":-1},"geometry":{"type":"Point","coordinates":[17.025333,54.471028]}},{"type":"Feature","properties":{"ID":107120505,"yr":2018,"dt":"2018-07-23T17:55:00","WOJ":22,"sev":1,"c":[255,255,0,160],"dmg":1,"sli":2,"ser":0,"fat":0,"row":-1,"mot":-1,"pie":1,"uto":-1,"uwr":-1},"geometry":{"type":"Point","coordinates":[18.518833,53.95675]}},{"type":"Feature","properties":{"ID":107120585,"yr":2018,"dt":"2018-07-23T09:00:00","WOJ":22,"sev":1,"c":[255,255,0,160],"dmg":1,"sli":1,"ser":0,"fat":0,"row":1,"mot":-1,"pie":-1,"uto":-1,"uwr":-1},"geometry":{"type":"Point","coordinates":[18.185194,54.331028]}},{"type":"Feature","properties":{"ID":107119600,"yr":2018,"dt":"2018-07-23T12:50:00","WOJ":22,"sev":1,"c":[255,255,0,160],"dmg":0,"sli":2,"ser":0,"fat":0,"row":-1,"mot":-1,"pie":-1,"uto":-1,"uwr":-1},"geometry":{"type":"Point","coordinates":[17.483972,54.11125]}},{"type":"Feature","properties":{"ID":107122971,"yr":2018,"dt":"2018-07-24T16:10:00","WOJ":22,"sev":1,"c":[255,255,0,160],"dmg":1,"sli":1,"ser":0,"fat":0,"row":-1,"mot":-1,"pie":-1,"uto":-1,"uwr":-1},"geometry":{"type":"Point","coordinates":[19.302972,53.931111]}},{"type":"Feature","properties":{"ID":107122920,"yr":2018,"dt":"2018-07-24T14:45:00","WOJ":22,"sev":1,"c":[255,255,0,160],"dmg":1,"sli":1,"ser":0,"fat":0,"row":-1,"mot":-1,"pie":-1,"uto":-1,"uwr":-1},"geometry":{"type":"Point","coordinates":[18.774889,54.090917]}},{"type":"Feature","properties":{"ID":107122929,"yr":2018,"dt":"2018-07-24T16:40:00","WOJ":22,"sev":1,"c":[255,255,0,160],"dmg":1,"sli":1,"ser":0,"fat":0,"row":-1,"mot":-1,"pie":1,"uto":-1,"uwr":-1},"geometry":{"type":"Point","coordinates":[18.6115,54.267194]}},{"type":"Feature","properties":{"ID":107121723,"yr":2018,"dt":"2018-07-24T13:30:00","WOJ":22,"sev":1,"c":[255,255,0,160],"dmg":0,"sli":3,"ser":0,"fat":0,"row":-1,"mot":-1,"pie":-1,"uto":-1,"uwr":-1},"geometry":{"type":"Point","coordinates":[18.956833,54.256194]}},{"type":"Feature","properties":{"ID":107122026,"yr":2018,"dt":"2018-07-24T12:30:00","WOJ":22,"sev":1,"c":[255,255,0,160],"dmg":1,"sli":1,"ser":0,"fat":0,"row":-1,"mot":-1,"pie":1,"uto":-1,"uwr":-1},"geometry":{"type":"Point","coordinates":[18.673417,54.258806]}},{"type":"Feature","properties":{"ID":107121560,"yr":2018,"dt":"2018-07-24T12:25:00","WOJ":22,"sev":1,"c":[255,255,0,160],"dmg":2,"sli":1,"ser":0,"fat":0,"row":1,"mot":-1,"pie":-1,"uto":-1,"uwr":-1},"geometry":{"type":"Point","coordinates":[18.1175,54.786278]}},{"type":"Feature","properties":{"ID":107121652,"yr":2018,"dt":"2018-07-24T14:20:00","WOJ":22,"sev":1,"c":[255,255,0,160],"dmg":3,"sli":1,"ser":0,"fat":0,"row":-1,"mot":-1,"pie":-1,"uto":-1,"uwr":-1},"geometry":{"type":"Point","coordinates":[18.6456,54.3555]}},{"type":"Feature","properties":{"ID":107121262,"yr":2018,"dt":"2018-07-24T12:12:00","WOJ":22,"sev":1,"c":[255,255,0,160],"dmg":1,"sli":1,"ser":0,"fat":0,"row":1,"mot":-1,"pie":-1,"uto":-1,"uwr":-1},"geometry":{"type":"Point","coordinates":[18.510556,54.469444]}},{"type":"Feature","properties":{"ID":107121162,"yr":2018,"dt":"2018-07-24T09:00:00","WOJ":22,"sev":1,"c":[255,255,0,160],"dmg":1,"sli":1,"ser":0,"fat":0,"row":-1,"mot":-1,"pie":-1,"uto":-1,"uwr":-1},"geometry":{"type":"Point","coordinates":[18.680556,54.356389]}},{"type":"Feature","properties":{"ID":107122098,"yr":2018,"dt":"2018-07-24T15:05:00","WOJ":22,"sev":1,"c":[255,255,0,160],"dmg":1,"sli":1,"ser":0,"fat":0,"row":-1,"mot":1,"pie":-1,"uto":-1,"uwr":-1},"geometry":{"type":"Point","coordinates":[18.818861,54.052111]}},{"type":"Feature","properties":{"ID":107126591,"yr":2018,"dt":"2018-07-24T07:35:00","WOJ":22,"sev":1,"c":[255,255,0,160],"dmg":1,"sli":1,"ser":0,"fat":0,"row":-1,"mot":-1,"pie":-1,"uto":-1,"uwr":-1},"geometry":{"type":"Point","coordinates":[18.575833,54.413056]}},{"type":"Feature","properties":{"ID":107124178,"yr":2018,"dt":"2018-07-25T15:40:00","WOJ":22,"sev":1,"c":[255,255,0,160],"dmg":1,"sli":2,"ser":0,"fat":0,"row":-1,"mot":-1,"pie":-1,"uto":-1,"uwr":-1},"geometry":{"type":"Point","coordinates":[18.564556,53.942]}},{"type":"Feature","properties":{"ID":107123667,"yr":2018,"dt":"2018-07-25T11:40:00","WOJ":22,"sev":1,"c":[255,255,0,160],"dmg":1,"sli":1,"ser":0,"fat":0,"row":-1,"mot":-1,"pie":-1,"uto":-1,"uwr":-1},"geometry":{"type":"Point","coordinates":[18.7345,54.046583]}},{"type":"Feature","properties":{"ID":107125355,"yr":2018,"dt":"2018-07-25T22:35:00","WOJ":22,"sev":1,"c":[255,255,0,160],"dmg":0,"sli":1,"ser":0,"fat":0,"row":-1,"mot":1,"pie":-1,"uto":-1,"uwr":-1},"geometry":{"type":"Point","coordinates":[18.731556,54.106944]}},{"type":"Feature","properties":{"ID":107124023,"yr":2018,"dt":"2018-07-25T12:20:00","WOJ":22,"sev":1,"c":[255,255,0,160],"dmg":2,"sli":1,"ser":0,"fat":0,"row":-1,"mot":-1,"pie":-1,"uto":-1,"uwr":-1},"geometry":{"type":"Point","coordinates":[18.58,54.377778]}},{"type":"Feature","properties":{"ID":107123806,"yr":2018,"dt":"2018-07-25T11:13:00","WOJ":22,"sev":1,"c":[255,255,0,160],"dmg":1,"sli":2,"ser":0,"fat":0,"row":-1,"mot":-1,"pie":-1,"uto":-1,"uwr":-1},"geometry":{"type":"Point","coordinates":[17.251722,53.798389]}},{"type":"Feature","properties":{"ID":107125309,"yr":2018,"dt":"2018-07-25T21:35:00","WOJ":22,"sev":1,"c":[255,255,0,160],"dmg":1,"sli":1,"ser":0,"fat":0,"row":-1,"mot":-1,"pie":-1,"uto":-1,"uwr":-1},"geometry":{"type":"Point","coordinates":[17.713028,53.864472]}},{"type":"Feature","properties":{"ID":107124184,"yr":2018,"dt":"2018-07-25T17:53:00","WOJ":22,"sev":1,"c":[255,255,0,160],"dmg":0,"sli":4,"ser":0,"fat":0,"row":1,"mot":-1,"pie":-1,"uto":-1,"uwr":-1},"geometry":{"type":"Point","coordinates":[17.229694,53.7935]}},{"type":"Feature","properties":{"ID":107125124,"yr":2018,"dt":"2018-07-25T16:17:00","WOJ":22,"sev":1,"c":[255,255,0,160],"dmg":1,"sli":2,"ser":0,"fat":0,"row":-1,"mot":1,"pie":-1,"uto":-1,"uwr":-1},"geometry":{"type":"Point","coordinates":[18.448611,53.946361]}},{"type":"Feature","properties":{"ID":107125638,"yr":2018,"dt":"2018-07-26T08:30:00","WOJ":22,"sev":1,"c":[255,255,0,160],"dmg":0,"sli":1,"ser":0,"fat":0,"row":-1,"mot":-1,"pie":-1,"uto":-1,"uwr":-1},"geometry":{"type":"Point","coordinates":[18.920583,53.804417]}},{"type":"Feature","properties":{"ID":107126005,"yr":2018,"dt":"2018-07-26T12:50:00","WOJ":22,"sev":1,"c":[255,255,0,160],"dmg":1,"sli":1,"ser":0,"fat":0,"row":-1,"mot":1,"pie":-1,"uto":-1,"uwr":-1},"geometry":{"type":"Point","coordinates":[18.584722,54.332222]}},{"type":"Feature","properties":{"ID":107125513,"yr":2018,"dt":"2018-07-26T06:40:00","WOJ":22,"sev":1,"c":[255,255,0,160],"dmg":1,"sli":1,"ser":0,"fat":0,"row":1,"mot":-1,"pie":-1,"uto":-1,"uwr":-1},"geometry":{"type":"Point","coordinates":[18.55,54.349167]}},{"type":"Feature","properties":{"ID":107126214,"yr":2018,"dt":"2018-07-26T14:15:00","WOJ":22,"sev":1,"c":[255,255,0,160],"dmg":1,"sli":1,"ser":0,"fat":0,"row":-1,"mot":-1,"pie":-1,"uto":-1,"uwr":-1},"geometry":{"type":"Point","coordinates":[18.402528,53.945056]}},{"type":"Feature","properties":{"ID":107124767,"yr":2018,"dt":"2018-07-26T16:35:00","WOJ":22,"sev":1,"c":[255,255,0,160],"dmg":1,"sli":2,"ser":0,"fat":0,"row":-1,"mot":-1,"pie":-1,"uto":-1,"uwr":-1},"geometry":{"type":"Point","coordinates":[18.761,53.961139]}},{"type":"Feature","properties":{"ID":107125818,"yr":2018,"dt":"2018-07-26T07:50:00","WOJ":22,"sev":1,"c":[255,255,0,160],"dmg":3,"sli":1,"ser":0,"fat":0,"row":-1,"mot":-1,"pie":-1,"uto":-1,"uwr":-1},"geometry":{"type":"Point","coordinates":[18.487222,54.421667]}},{"type":"Feature","properties":{"ID":107133397,"yr":2018,"dt":"2018-07-26T19:30:00","WOJ":22,"sev":1,"c":[255,255,0,160],"dmg":1,"sli":1,"ser":0,"fat":0,"row":-1,"mot":1,"pie":-1,"uto":-1,"uwr":-1},"geometry":{"type":"Point","coordinates":[18.374972,54.415917]}},{"type":"Feature","properties":{"ID":107126498,"yr":2018,"dt":"2018-07-26T19:55:00","WOJ":22,"sev":1,"c":[255,255,0,160],"dmg":1,"sli":1,"ser":0,"fat":0,"row":-1,"mot":1,"pie":-1,"uto":-1,"uwr":-1},"geometry":{"type":"Point","coordinates":[18.707083,54.149444]}},{"type":"Feature","properties":{"ID":107125985,"yr":2018,"dt":"2018-07-26T12:40:00","WOJ":22,"sev":1,"c":[255,255,0,160],"dmg":1,"sli":2,"ser":0,"fat":0,"row":-1,"mot":-1,"pie":-1,"uto":-1,"uwr":-1},"geometry":{"type":"Point","coordinates":[18.585417,54.272167]}},{"type":"Feature","properties":{"ID":107127151,"yr":2018,"dt":"2018-07-27T11:12:00","WOJ":22,"sev":1,"c":[255,255,0,160],"dmg":1,"sli":1,"ser":0,"fat":0,"row":-1,"mot":-1,"pie":-1,"uto":-1,"uwr":-1},"geometry":{"type":"Point","coordinates":[17.457722,54.297472]}},{"type":"Feature","properties":{"ID":107128675,"yr":2018,"dt":"2018-07-27T19:15:00","WOJ":22,"sev":1,"c":[255,255,0,160],"dmg":1,"sli":1,"ser":0,"fat":0,"row":1,"mot":-1,"pie":-1,"uto":-1,"uwr":-1},"geometry":{"type":"Point","coordinates":[18.341944,54.686167]}},{"type":"Feature","properties":{"ID":107128400,"yr":2018,"dt":"2018-07-27T15:00:00","WOJ":22,"sev":1,"c":[255,255,0,160],"dmg":1,"sli":1,"ser":0,"fat":0,"row":-1,"mot":-1,"pie":-1,"uto":-1,"uwr":-1},"geometry":{"type":"Point","coordinates":[17.971028,54.2555]}},{"type":"Feature","properties":{"ID":107127150,"yr":2018,"dt":"2018-07-27T06:40:00","WOJ":22,"sev":1,"c":[255,255,0,160],"dmg":0,"sli":3,"ser":0,"fat":0,"row":-1,"mot":-1,"pie":-1,"uto":-1,"uwr":-1},"geometry":{"type":"Point","coordinates":[17.655,53.876389]}},{"type":"Feature","properties":{"ID":107134949,"yr":2018,"dt":"2018-07-27T00:00:00","WOJ":22,"sev":1,"c":[255,255,0,160],"dmg":1,"sli":1,"ser":0,"fat":0,"row":1,"mot":-1,"pie":-1,"uto":-1,"uwr":-1},"geometry":{"type":"Point","coordinates":[18.614167,54.375833]}},{"type":"Feature","properties":{"ID":107129354,"yr":2018,"dt":"2018-07-28T13:20:00","WOJ":22,"sev":1,"c":[255,255,0,160],"dmg":1,"sli":1,"ser":0,"fat":0,"row":-1,"mot":-1,"pie":-1,"uto":-1,"uwr":-1},"geometry":{"type":"Point","coordinates":[18.603806,53.1215]}},{"type":"Feature","properties":{"ID":107129332,"yr":2018,"dt":"2018-07-28T14:40:00","WOJ":22,"sev":1,"c":[255,255,0,160],"dmg":1,"sli":1,"ser":0,"fat":0,"row":1,"mot":-1,"pie":-1,"uto":-1,"uwr":-1},"geometry":{"type":"Point","coordinates":[18.614444,54.376111]}},{"type":"Feature","properties":{"ID":107127726,"yr":2018,"dt":"2018-07-28T14:35:00","WOJ":22,"sev":1,"c":[255,255,0,160],"dmg":2,"sli":2,"ser":0,"fat":0,"row":-1,"mot":-1,"pie":-1,"uto":-1,"uwr":-1},"geometry":{"type":"Point","coordinates":[18.1213,54.7572]}},{"type":"Feature","properties":{"ID":107129504,"yr":2018,"dt":"2018-07-28T17:20:00","WOJ":22,"sev":1,"c":[255,255,0,160],"dmg":0,"sli":4,"ser":0,"fat":0,"row":-1,"mot":-1,"pie":-1,"uto":-1,"uwr":-1},"geometry":{"type":"Point","coordinates":[17.022528,54.475583]}},{"type":"Feature","properties":{"ID":107129278,"yr":2018,"dt":"2018-07-28T14:30:00","WOJ":22,"sev":1,"c":[255,255,0,160],"dmg":0,"sli":1,"ser":0,"fat":0,"row":-1,"mot":1,"pie":-1,"uto":-1,"uwr":-1},"geometry":{"type":"Point","coordinates":[19.020667,53.995944]}},{"type":"Feature","properties":{"ID":107129606,"yr":2018,"dt":"2018-07-28T12:05:00","WOJ":22,"sev":1,"c":[255,255,0,160],"dmg":1,"sli":1,"ser":0,"fat":0,"row":-1,"mot":-1,"pie":1,"uto":-1,"uwr":-1},"geometry":{"type":"Point","coordinates":[18.565,54.446944]}},{"type":"Feature","properties":{"ID":107130077,"yr":2018,"dt":"2018-07-29T19:30:00","WOJ":22,"sev":1,"c":[255,255,0,160],"dmg":1,"sli":2,"ser":0,"fat":0,"row":-1,"mot":-1,"pie":-1,"uto":-1,"uwr":-1},"geometry":{"type":"Point","coordinates":[18.613472,54.217639]}},{"type":"Feature","properties":{"ID":107131396,"yr":2018,"dt":"2018-07-29T22:49:00","WOJ":22,"sev":1,"c":[255,255,0,160],"dmg":1,"sli":1,"ser":0,"fat":0,"row":-1,"mot":-1,"pie":-1,"uto":-1,"uwr":-1},"geometry":{"type":"Point","coordinates":[18.526806,54.521111]}},{"type":"Feature","properties":{"ID":107131084,"yr":2018,"dt":"2018-07-29T12:10:00","WOJ":22,"sev":1,"c":[255,255,0,160],"dmg":2,"sli":1,"ser":0,"fat":0,"row":-1,"mot":-1,"pie":1,"uto":-1,"uwr":-1},"geometry":{"type":"Point","coordinates":[17.418528,54.0375]}},{"type":"Feature","properties":{"ID":107133533,"yr":2018,"dt":"2018-07-30T21:30:00","WOJ":22,"sev":1,"c":[255,255,0,160],"dmg":1,"sli":1,"ser":0,"fat":0,"row":-1,"mot":-1,"pie":-1,"uto":-1,"uwr":-1},"geometry":{"type":"Point","coordinates":[18.540556,54.373333]}},{"type":"Feature","properties":{"ID":107131699,"yr":2018,"dt":"2018-07-30T06:40:00","WOJ":22,"sev":1,"c":[255,255,0,160],"dmg":1,"sli":1,"ser":0,"fat":0,"row":-1,"mot":-1,"pie":-1,"uto":-1,"uwr":-1},"geometry":{"type":"Point","coordinates":[18.631111,54.363056]}},{"type":"Feature","properties":{"ID":107346817,"yr":2018,"dt":"2018-07-30T21:40:00","WOJ":22,"sev":1,"c":[255,255,0,160],"dmg":0,"sli":1,"ser":0,"fat":0,"row":-1,"mot":1,"pie":-1,"uto":-1,"uwr":-1},"geometry":{"type":"Point","coordinates":[18.632778,54.403333]}},{"type":"Feature","properties":{"ID":107132996,"yr":2018,"dt":"2018-07-30T12:48:00","WOJ":22,"sev":1,"c":[255,255,0,160],"dmg":0,"sli":1,"ser":0,"fat":0,"row":-1,"mot":-1,"pie":-1,"uto":-1,"uwr":-1},"geometry":{"type":"Point","coordinates":[18.329694,54.404667]}},{"type":"Feature","properties":{"ID":107134572,"yr":2018,"dt":"2018-07-31T13:30:00","WOJ":22,"sev":1,"c":[255,255,0,160],"dmg":1,"sli":1,"ser":0,"fat":0,"row":1,"mot":-1,"pie":-1,"uto":-1,"uwr":-1},"geometry":{"type":"Point","coordinates":[18.514778,53.968944]}},{"type":"Feature","properties":{"ID":107134751,"yr":2018,"dt":"2018-07-31T17:45:00","WOJ":22,"sev":1,"c":[255,255,0,160],"dmg":1,"sli":1,"ser":0,"fat":0,"row":-1,"mot":1,"pie":-1,"uto":-1,"uwr":-1},"geometry":{"type":"Point","coordinates":[18.337083,53.932222]}},{"type":"Feature","properties":{"ID":107134658,"yr":2018,"dt":"2018-07-31T11:39:00","WOJ":22,"sev":1,"c":[255,255,0,160],"dmg":2,"sli":4,"ser":0,"fat":0,"row":-1,"mot":-1,"pie":-1,"uto":-1,"uwr":-1},"geometry":{"type":"Point","coordinates":[18.446944,54.545]}},{"type":"Feature","properties":{"ID":107135849,"yr":2018,"dt":"2018-07-31T21:50:00","WOJ":22,"sev":1,"c":[255,255,0,160],"dmg":1,"sli":1,"ser":0,"fat":0,"row":1,"mot":-1,"pie":-1,"uto":-1,"uwr":-1},"geometry":{"type":"Point","coordinates":[18.571389,54.391111]}},{"type":"Feature","properties":{"ID":107135850,"yr":2018,"dt":"2018-07-31T22:25:00","WOJ":22,"sev":1,"c":[255,255,0,160],"dmg":0,"sli":2,"ser":0,"fat":0,"row":-1,"mot":-1,"pie":-1,"uto":-1,"uwr":-1},"geometry":{"type":"Point","coordinates":[18.351,54.733]}},{"type":"Feature","properties":{"ID":107134228,"yr":2018,"dt":"2018-07-31T12:05:00","WOJ":22,"sev":1,"c":[255,255,0,160],"dmg":3,"sli":1,"ser":0,"fat":0,"row":-1,"mot":-1,"pie":-1,"uto":-1,"uwr":-1},"geometry":{"type":"Point","coordinates":[18.543889,54.323056]}},{"type":"Feature","properties":{"ID":107134682,"yr":2018,"dt":"2018-07-31T17:24:00","WOJ":22,"sev":1,"c":[255,255,0,160],"dmg":1,"sli":1,"ser":0,"fat":0,"row":-1,"mot":-1,"pie":-1,"uto":-1,"uwr":-1},"geometry":{"type":"Point","coordinates":[18.790528,54.081056]}},{"type":"Feature","properties":{"ID":107147079,"yr":2018,"dt":"2018-08-01T13:00:00","WOJ":22,"sev":1,"c":[255,255,0,160],"dmg":1,"sli":1,"ser":0,"fat":0,"row":-1,"mot":-1,"pie":-1,"uto":-1,"uwr":-1},"geometry":{"type":"Point","coordinates":[18.404611,54.336778]}},{"type":"Feature","properties":{"ID":107135303,"yr":2018,"dt":"2018-08-01T04:55:00","WOJ":22,"sev":1,"c":[255,255,0,160],"dmg":0,"sli":1,"ser":0,"fat":0,"row":-1,"mot":-1,"pie":-1,"uto":-1,"uwr":-1},"geometry":{"type":"Point","coordinates":[18.760694,54.045083]}},{"type":"Feature","properties":{"ID":107135155,"yr":2018,"dt":"2018-08-01T07:50:00","WOJ":22,"sev":1,"c":[255,255,0,160],"dmg":1,"sli":1,"ser":0,"fat":0,"row":-1,"mot":1,"pie":-1,"uto":-1,"uwr":-1},"geometry":{"type":"Point","coordinates":[18.609361,54.233667]}},{"type":"Feature","properties":{"ID":107136552,"yr":2018,"dt":"2018-08-01T13:46:00","WOJ":22,"sev":1,"c":[255,255,0,160],"dmg":1,"sli":1,"ser":0,"fat":0,"row":-1,"mot":-1,"pie":-1,"uto":-1,"uwr":-1},"geometry":{"type":"Point","coordinates":[18.371306,54.377583]}},{"type":"Feature","properties":{"ID":107140901,"yr":2018,"dt":"2018-08-01T10:25:00","WOJ":22,"sev":1,"c":[255,255,0,160],"dmg":2,"sli":1,"ser":0,"fat":0,"row":-1,"mot":-1,"pie":-1,"uto":-1,"uwr":-1},"geometry":{"type":"Point","coordinates":[17.549167,53.703056]}},{"type":"Feature","properties":{"ID":107141971,"yr":2018,"dt":"2018-08-02T17:10:00","WOJ":22,"sev":1,"c":[255,255,0,160],"dmg":1,"sli":1,"ser":0,"fat":0,"row":-1,"mot":-1,"pie":-1,"uto":-1,"uwr":-1},"geometry":{"type":"Point","coordinates":[18.598333,54.328333]}},{"type":"Feature","properties":{"ID":107141860,"yr":2018,"dt":"2018-08-02T14:45:00","WOJ":22,"sev":1,"c":[255,255,0,160],"dmg":0,"sli":1,"ser":0,"fat":0,"row":-1,"mot":-1,"pie":-1,"uto":-1,"uwr":-1},"geometry":{"type":"Point","coordinates":[19.337028,53.940389]}},{"type":"Feature","properties":{"ID":107139666,"yr":2018,"dt":"2018-08-02T14:50:00","WOJ":22,"sev":1,"c":[255,255,0,160],"dmg":1,"sli":1,"ser":0,"fat":0,"row":1,"mot":-1,"pie":-1,"uto":-1,"uwr":-1},"geometry":{"type":"Point","coordinates":[18.781056,54.0915]}},{"type":"Feature","properties":{"ID":107145891,"yr":2018,"dt":"2018-08-02T10:15:00","WOJ":22,"sev":1,"c":[255,255,0,160],"dmg":0,"sli":1,"ser":0,"fat":0,"row":-1,"mot":-1,"pie":-1,"uto":-1,"uwr":-1},"geometry":{"type":"Point","coordinates":[19.630306,54.042667]}},{"type":"Feature","properties":{"ID":107142097,"yr":2018,"dt":"2018-08-02T19:55:00","WOJ":22,"sev":1,"c":[255,255,0,160],"dmg":1,"sli":1,"ser":0,"fat":0,"row":1,"mot":-1,"pie":-1,"uto":-1,"uwr":-1},"geometry":{"type":"Point","coordinates":[18.230278,54.486056]}},{"type":"Feature","properties":{"ID":107141824,"yr":2018,"dt":"2018-08-02T16:16:00","WOJ":22,"sev":1,"c":[255,255,0,160],"dmg":1,"sli":1,"ser":0,"fat":0,"row":-1,"mot":-1,"pie":-1,"uto":-1,"uwr":-1},"geometry":{"type":"Point","coordinates":[17.38925,53.677278]}},{"type":"Feature","properties":{"ID":107141998,"yr":2018,"dt":"2018-08-02T17:35:00","WOJ":22,"sev":1,"c":[255,255,0,160],"dmg":2,"sli":1,"ser":0,"fat":0,"row":-1,"mot":-1,"pie":-1,"uto":-1,"uwr":-1},"geometry":{"type":"Point","coordinates":[17.970611,54.250833]}},{"type":"Feature","properties":{"ID":107147565,"yr":2018,"dt":"2018-08-03T16:03:00","WOJ":22,"sev":1,"c":[255,255,0,160],"dmg":1,"sli":1,"ser":0,"fat":0,"row":-1,"mot":-1,"pie":-1,"uto":-1,"uwr":-1},"geometry":{"type":"Point","coordinates":[18.538611,54.498889]}},{"type":"Feature","properties":{"ID":107146999,"yr":2018,"dt":"2018-08-03T12:40:00","WOJ":22,"sev":1,"c":[255,255,0,160],"dmg":2,"sli":2,"ser":0,"fat":0,"row":-1,"mot":-1,"pie":-1,"uto":-1,"uwr":-1},"geometry":{"type":"Point","coordinates":[18.678889,54.348611]}},{"type":"Feature","properties":{"ID":107146886,"yr":2018,"dt":"2018-08-03T14:12:00","WOJ":22,"sev":1,"c":[255,255,0,160],"dmg":1,"sli":1,"ser":0,"fat":0,"row":-1,"mot":-1,"pie":-1,"uto":-1,"uwr":-1},"geometry":{"type":"Point","coordinates":[16.957778,53.693639]}},{"type":"Feature","properties":{"ID":107147696,"yr":2018,"dt":"2018-08-03T16:52:00","WOJ":22,"sev":1,"c":[255,255,0,160],"dmg":1,"sli":1,"ser":0,"fat":0,"row":-1,"mot":0,"pie":1,"uto":-1,"uwr":-1},"geometry":{"type":"Point","coordinates":[18.470556,54.543333]}},{"type":"Feature","properties":{"ID":107147443,"yr":2018,"dt":"2018-08-03T17:10:00","WOJ":22,"sev":1,"c":[255,255,0,160],"dmg":0,"sli":4,"ser":0,"fat":0,"row":-1,"mot":-1,"pie":-1,"uto":-1,"uwr":-1},"geometry":{"type":"Point","coordinates":[17.876389,54.130278]}},{"type":"Feature","properties":{"ID":107146855,"yr":2018,"dt":"2018-08-03T10:05:00","WOJ":22,"sev":1,"c":[255,255,0,160],"dmg":2,"sli":1,"ser":0,"fat":0,"row":-1,"mot":-1,"pie":-1,"uto":-1,"uwr":-1},"geometry":{"type":"Point","coordinates":[18.735,54.121111]}},{"type":"Feature","properties":{"ID":107147522,"yr":2018,"dt":"2018-08-03T17:55:00","WOJ":22,"sev":1,"c":[255,255,0,160],"dmg":1,"sli":1,"ser":0,"fat":0,"row":1,"mot":-1,"pie":-1,"uto":-1,"uwr":-1},"geometry":{"type":"Point","coordinates":[18.80025,54.163417]}},{"type":"Feature","properties":{"ID":107147520,"yr":2018,"dt":"2018-08-03T16:40:00","WOJ":22,"sev":1,"c":[255,255,0,160],"dmg":1,"sli":1,"ser":0,"fat":0,"row":1,"mot":-1,"pie":-1,"uto":-1,"uwr":-1},"geometry":{"type":"Point","coordinates":[18.758528,54.305778]}},{"type":"Feature","properties":{"ID":107210989,"yr":2018,"dt":"2018-08-04T19:50:00","WOJ":22,"sev":1,"c":[255,255,0,160],"dmg":2,"sli":1,"ser":0,"fat":0,"row":-1,"mot":-1,"pie":-1,"uto":-1,"uwr":-1},"geometry":{"type":"Point","coordinates":[18.592778,54.408056]}},{"type":"Feature","properties":{"ID":107150299,"yr":2018,"dt":"2018-08-04T11:30:00","WOJ":22,"sev":1,"c":[255,255,0,160],"dmg":1,"sli":1,"ser":0,"fat":0,"row":-1,"mot":-1,"pie":-1,"uto":-1,"uwr":-1},"geometry":{"type":"Point","coordinates":[18.765889,54.002944]}},{"type":"Feature","properties":{"ID":107151896,"yr":2018,"dt":"2018-08-04T23:15:00","WOJ":22,"sev":1,"c":[255,255,0,160],"dmg":1,"sli":1,"ser":0,"fat":0,"row":1,"mot":-1,"pie":-1,"uto":-1,"uwr":-1},"geometry":{"type":"Point","coordinates":[18.514167,53.958306]}},{"type":"Feature","properties":{"ID":107150358,"yr":2018,"dt":"2018-08-04T12:10:00","WOJ":22,"sev":1,"c":[255,255,0,160],"dmg":1,"sli":1,"ser":0,"fat":0,"row":-1,"mot":-1,"pie":-1,"uto":-1,"uwr":-1},"geometry":{"type":"Point","coordinates":[17.112222,54.273389]}},{"type":"Feature","properties":{"ID":107147815,"yr":2018,"dt":"2018-08-04T01:05:00","WOJ":22,"sev":1,"c":[255,255,0,160],"dmg":0,"sli":1,"ser":0,"fat":0,"row":-1,"mot":-1,"pie":-1,"uto":-1,"uwr":-1},"geometry":{"type":"Point","coordinates":[18.771389,54.289222]}},{"type":"Feature","properties":{"ID":107150810,"yr":2018,"dt":"2018-08-04T15:05:00","WOJ":22,"sev":1,"c":[255,255,0,160],"dmg":1,"sli":1,"ser":0,"fat":0,"row":-1,"mot":-1,"pie":-1,"uto":-1,"uwr":-1},"geometry":{"type":"Point","coordinates":[18.688639,54.176611]}},{"type":"Feature","properties":{"ID":107150049,"yr":2018,"dt":"2018-08-04T09:00:00","WOJ":22,"sev":1,"c":[255,255,0,160],"dmg":2,"sli":1,"ser":0,"fat":0,"row":-1,"mot":-1,"pie":-1,"uto":-1,"uwr":-1},"geometry":{"type":"Point","coordinates":[17.860833,54.130278]}},{"type":"Feature","properties":{"ID":107150510,"yr":2018,"dt":"2018-08-04T13:15:00","WOJ":22,"sev":1,"c":[255,255,0,160],"dmg":2,"sli":2,"ser":0,"fat":0,"row":-1,"mot":-1,"pie":-1,"uto":-1,"uwr":-1},"geometry":{"type":"Point","coordinates":[18.585556,54.382222]}},{"type":"Feature","properties":{"ID":107150313,"yr":2018,"dt":"2018-08-04T10:50:00","WOJ":22,"sev":1,"c":[255,255,0,160],"dmg":1,"sli":2,"ser":0,"fat":0,"row":-1,"mot":-1,"pie":-1,"uto":-1,"uwr":-1},"geometry":{"type":"Point","coordinates":[18.399972,53.933028]}},{"type":"Feature","properties":{"ID":107149954,"yr":2018,"dt":"2018-08-04T06:00:00","WOJ":22,"sev":1,"c":[255,255,0,160],"dmg":1,"sli":4,"ser":0,"fat":0,"row":-1,"mot":-1,"pie":-1,"uto":-1,"uwr":-1},"geometry":{"type":"Point","coordinates":[18.629806,53.736611]}},{"type":"Feature","properties":{"ID":107152967,"yr":2018,"dt":"2018-08-04T12:25:00","WOJ":22,"sev":1,"c":[255,255,0,160],"dmg":1,"sli":1,"ser":0,"fat":0,"row":-1,"mot":-1,"pie":-1,"uto":-1,"uwr":-1},"geometry":{"type":"Point","coordinates":[18.770361,53.996278]}},{"type":"Feature","properties":{"ID":107152784,"yr":2018,"dt":"2018-08-05T17:25:00","WOJ":22,"sev":1,"c":[255,255,0,160],"dmg":0,"sli":1,"ser":0,"fat":0,"row":-1,"mot":-1,"pie":-1,"uto":-1,"uwr":-1},"geometry":{"type":"Point","coordinates":[18.757306,53.793389]}},{"type":"Feature","properties":{"ID":107152700,"yr":2018,"dt":"2018-08-05T19:30:00","WOJ":22,"sev":1,"c":[255,255,0,160],"dmg":1,"sli":1,"ser":0,"fat":0,"row":1,"mot":-1,"pie":-1,"uto":-1,"uwr":-1},"geometry":{"type":"Point","coordinates":[17.997528,54.286111]}},{"type":"Feature","properties":{"ID":107153974,"yr":2018,"dt":"2018-08-05T13:30:00","WOJ":22,"sev":1,"c":[255,255,0,160],"dmg":1,"sli":2,"ser":0,"fat":0,"row":-1,"mot":-1,"pie":-1,"uto":-1,"uwr":-1},"geometry":{"type":"Point","coordinates":[18.567778,54.446111]}},{"type":"Feature","properties":{"ID":107152671,"yr":2018,"dt":"2018-08-05T17:50:00","WOJ":22,"sev":1,"c":[255,255,0,160],"dmg":3,"sli":2,"ser":0,"fat":0,"row":-1,"mot":-1,"pie":-1,"uto":-1,"uwr":-1},"geometry":{"type":"Point","coordinates":[18.609417,54.24825]}},{"type":"Feature","properties":{"ID":107155816,"yr":2018,"dt":"2018-08-06T15:00:00","WOJ":22,"sev":1,"c":[255,255,0,160],"dmg":1,"sli":2,"ser":0,"fat":0,"row":-1,"mot":-1,"pie":-1,"uto":-1,"uwr":-1},"geometry":{"type":"Point","coordinates":[18.618333,54.385556]}},{"type":"Feature","properties":{"ID":107154840,"yr":2018,"dt":"2018-08-06T11:00:00","WOJ":22,"sev":1,"c":[255,255,0,160],"dmg":2,"sli":1,"ser":0,"fat":0,"row":-1,"mot":-1,"pie":-1,"uto":-1,"uwr":-1},"geometry":{"type":"Point","coordinates":[18.611111,54.493889]}},{"type":"Feature","properties":{"ID":107154304,"yr":2018,"dt":"2018-08-06T06:35:00","WOJ":22,"sev":1,"c":[255,255,0,160],"dmg":2,"sli":1,"ser":0,"fat":0,"row":-1,"mot":-1,"pie":-1,"uto":-1,"uwr":-1},"geometry":{"type":"Point","coordinates":[18.511111,53.962583]}},{"type":"Feature","properties":{"ID":107155475,"yr":2018,"dt":"2018-08-06T17:55:00","WOJ":22,"sev":1,"c":[255,255,0,160],"dmg":3,"sli":2,"ser":0,"fat":0,"row":-1,"mot":-1,"pie":-1,"uto":-1,"uwr":-1},"geometry":{"type":"Point","coordinates":[18.493333,54.390556]}},{"type":"Feature","properties":{"ID":107154775,"yr":2018,"dt":"2018-08-06T10:10:00","WOJ":22,"sev":1,"c":[255,255,0,160],"dmg":1,"sli":1,"ser":0,"fat":0,"row":0,"mot":-1,"pie":-1,"uto":-1,"uwr":-1},"geometry":{"type":"Point","coordinates":[19.040556,54.023611]}},{"type":"Feature","properties":{"ID":107158180,"yr":2018,"dt":"2018-08-07T10:40:00","WOJ":22,"sev":1,"c":[255,255,0,160],"dmg":2,"sli":1,"ser":0,"fat":0,"row":-1,"mot":-1,"pie":-1,"uto":-1,"uwr":-1},"geometry":{"type":"Point","coordinates":[18.5775,54.401111]}},{"type":"Feature","properties":{"ID":107160008,"yr":2018,"dt":"2018-08-07T20:30:00","WOJ":22,"sev":1,"c":[255,255,0,160],"dmg":1,"sli":1,"ser":0,"fat":0,"row":1,"mot":-1,"pie":-1,"uto":-1,"uwr":-1},"geometry":{"type":"Point","coordinates":[18.581389,54.385]}},{"type":"Feature","properties":{"ID":107160028,"yr":2018,"dt":"2018-08-07T21:20:00","WOJ":22,"sev":1,"c":[255,255,0,160],"dmg":1,"sli":1,"ser":0,"fat":0,"row":1,"mot":-1,"pie":-1,"uto":-1,"uwr":-1},"geometry":{"type":"Point","coordinates":[18.611111,54.361667]}},{"type":"Feature","properties":{"ID":107158762,"yr":2018,"dt":"2018-08-07T15:45:00","WOJ":22,"sev":1,"c":[255,255,0,160],"dmg":1,"sli":1,"ser":0,"fat":0,"row":-1,"mot":-1,"pie":1,"uto":-1,"uwr":-1},"geometry":{"type":"Point","coordinates":[18.639722,54.339444]}},{"type":"Feature","properties":{"ID":107158454,"yr":2018,"dt":"2018-08-07T12:10:00","WOJ":22,"sev":1,"c":[255,255,0,160],"dmg":2,"sli":1,"ser":0,"fat":0,"row":-1,"mot":-1,"pie":-1,"uto":-1,"uwr":-1},"geometry":{"type":"Point","coordinates":[18.747111,54.12075]}},{"type":"Feature","properties":{"ID":107158112,"yr":2018,"dt":"2018-08-07T11:58:00","WOJ":22,"sev":1,"c":[255,255,0,160],"dmg":1,"sli":1,"ser":0,"fat":0,"row":1,"mot":-1,"pie":-1,"uto":-1,"uwr":-1},"geometry":{"type":"Point","coordinates":[19.032639,54.031833]}},{"type":"Feature","properties":{"ID":107158556,"yr":2018,"dt":"2018-08-07T14:10:00","WOJ":22,"sev":1,"c":[255,255,0,160],"dmg":1,"sli":1,"ser":0,"fat":0,"row":-1,"mot":-1,"pie":-1,"uto":-1,"uwr":-1},"geometry":{"type":"Point","coordinates":[18.767556,54.205528]}},{"type":"Feature","properties":{"ID":107158784,"yr":2018,"dt":"2018-08-07T15:50:00","WOJ":22,"sev":1,"c":[255,255,0,160],"dmg":2,"sli":2,"ser":0,"fat":0,"row":-1,"mot":-1,"pie":0,"uto":-1,"uwr":-1},"geometry":{"type":"Point","coordinates":[18.766222,54.092]}},{"type":"Feature","properties":{"ID":107160015,"yr":2018,"dt":"2018-08-07T17:33:00","WOJ":22,"sev":1,"c":[255,255,0,160],"dmg":1,"sli":1,"ser":0,"fat":0,"row":-1,"mot":-1,"pie":-1,"uto":-1,"uwr":-1},"geometry":{"type":"Point","coordinates":[18.170306,54.501861]}},{"type":"Feature","properties":{"ID":107164841,"yr":2018,"dt":"2018-08-07T19:00:00","WOJ":22,"sev":1,"c":[255,255,0,160],"dmg":1,"sli":1,"ser":0,"fat":0,"row":1,"mot":-1,"pie":-1,"uto":-1,"uwr":-1},"geometry":{"type":"Point","coordinates":[19.2025,53.755722]}},{"type":"Feature","properties":{"ID":107157994,"yr":2018,"dt":"2018-08-07T11:03:00","WOJ":22,"sev":1,"c":[255,255,0,160],"dmg":1,"sli":1,"ser":0,"fat":0,"row":-1,"mot":-1,"pie":-1,"uto":-1,"uwr":-1},"geometry":{"type":"Point","coordinates":[17.976111,54.108889]}},{"type":"Feature","properties":{"ID":107158601,"yr":2018,"dt":"2018-08-07T12:55:00","WOJ":22,"sev":1,"c":[255,255,0,160],"dmg":2,"sli":1,"ser":0,"fat":0,"row":-1,"mot":-1,"pie":-1,"uto":-1,"uwr":-1},"geometry":{"type":"Point","coordinates":[18.510556,54.469444]}},{"type":"Feature","properties":{"ID":107158640,"yr":2018,"dt":"2018-08-07T16:11:00","WOJ":22,"sev":1,"c":[255,255,0,160],"dmg":0,"sli":1,"ser":0,"fat":0,"row":1,"mot":-1,"pie":-1,"uto":-1,"uwr":-1},"geometry":{"type":"Point","coordinates":[17.972222,54.126667]}},{"type":"Feature","properties":{"ID":107160086,"yr":2018,"dt":"2018-08-07T19:36:00","WOJ":22,"sev":1,"c":[255,255,0,160],"dmg":1,"sli":1,"ser":0,"fat":0,"row":-1,"mot":-1,"pie":-1,"uto":-1,"uwr":-1},"geometry":{"type":"Point","coordinates":[18.4585,54.542278]}},{"type":"Feature","properties":{"ID":107163131,"yr":2018,"dt":"2018-08-08T14:45:00","WOJ":22,"sev":1,"c":[255,255,0,160],"dmg":1,"sli":1,"ser":0,"fat":0,"row":-1,"mot":1,"pie":-1,"uto":-1,"uwr":-1},"geometry":{"type":"Point","coordinates":[19.049639,54.024694]}},{"type":"Feature","properties":{"ID":107160266,"yr":2018,"dt":"2018-08-08T06:00:00","WOJ":22,"sev":1,"c":[255,255,0,160],"dmg":1,"sli":1,"ser":0,"fat":0,"row":-1,"mot":-1,"pie":-1,"uto":-1,"uwr":-1},"geometry":{"type":"Point","coordinates":[18.809361,53.879361]}},{"type":"Feature","properties":{"ID":107163504,"yr":2018,"dt":"2018-08-08T21:00:00","WOJ":22,"sev":1,"c":[255,255,0,160],"dmg":1,"sli":1,"ser":0,"fat":0,"row":-1,"mot":-1,"pie":1,"uto":-1,"uwr":-1},"geometry":{"type":"Point","coordinates":[18.386389,54.570222]}},{"type":"Feature","properties":{"ID":107163456,"yr":2018,"dt":"2018-08-08T17:15:00","WOJ":22,"sev":1,"c":[255,255,0,160],"dmg":2,"sli":1,"ser":0,"fat":0,"row":-1,"mot":-1,"pie":-1,"uto":-1,"uwr":-1},"geometry":{"type":"Point","coordinates":[18.5605,54.308889]}},{"type":"Feature","properties":{"ID":107160763,"yr":2018,"dt":"2018-08-08T12:00:00","WOJ":22,"sev":1,"c":[255,255,0,160],"dmg":1,"sli":1,"ser":0,"fat":0,"row":-1,"mot":-1,"pie":1,"uto":-1,"uwr":-1},"geometry":{"type":"Point","coordinates":[17.007833,54.496583]}},{"type":"Feature","properties":{"ID":107160441,"yr":2018,"dt":"2018-08-08T11:00:00","WOJ":22,"sev":1,"c":[255,255,0,160],"dmg":1,"sli":1,"ser":0,"fat":0,"row":-1,"mot":-1,"pie":1,"uto":-1,"uwr":-1},"geometry":{"type":"Point","coordinates":[17.028444,54.470194]}},{"type":"Feature","properties":{"ID":107160316,"yr":2018,"dt":"2018-08-08T05:35:00","WOJ":22,"sev":1,"c":[255,255,0,160],"dmg":0,"sli":2,"ser":0,"fat":0,"row":-1,"mot":-1,"pie":-1,"uto":-1,"uwr":-1},"geometry":{"type":"Point","coordinates":[18.715917,54.146194]}},{"type":"Feature","properties":{"ID":107160514,"yr":2018,"dt":"2018-08-08T09:10:00","WOJ":22,"sev":1,"c":[255,255,0,160],"dmg":2,"sli":1,"ser":0,"fat":0,"row":-1,"mot":-1,"pie":-1,"uto":-1,"uwr":-1},"geometry":{"type":"Point","coordinates":[19.048861,54.087333]}},{"type":"Feature","properties":{"ID":107163121,"yr":2018,"dt":"2018-08-08T15:19:00","WOJ":22,"sev":1,"c":[255,255,0,160],"dmg":2,"sli":1,"ser":0,"fat":0,"row":-1,"mot":-1,"pie":-1,"uto":-1,"uwr":-1},"geometry":{"type":"Point","coordinates":[18.867694,54.055111]}},{"type":"Feature","properties":{"ID":107163235,"yr":2018,"dt":"2018-08-08T15:22:00","WOJ":22,"sev":1,"c":[255,255,0,160],"dmg":2,"sli":2,"ser":0,"fat":0,"row":-1,"mot":-1,"pie":-1,"uto":-1,"uwr":-1},"geometry":{"type":"Point","coordinates":[18.608889,54.3775]}},{"type":"Feature","properties":{"ID":107160282,"yr":2018,"dt":"2018-08-08T08:40:00","WOJ":22,"sev":1,"c":[255,255,0,160],"dmg":1,"sli":1,"ser":0,"fat":0,"row":1,"mot":-1,"pie":-1,"uto":-1,"uwr":-1},"geometry":{"type":"Point","coordinates":[18.585833,54.417778]}},{"type":"Feature","properties":{"ID":107163089,"yr":2018,"dt":"2018-08-08T16:15:00","WOJ":22,"sev":1,"c":[255,255,0,160],"dmg":1,"sli":1,"ser":0,"fat":0,"row":-1,"mot":-1,"pie":-1,"uto":-1,"uwr":-1},"geometry":{"type":"Point","coordinates":[18.306389,54.074444]}},{"type":"Feature","properties":{"ID":107163825,"yr":2018,"dt":"2018-08-08T21:30:00","WOJ":22,"sev":1,"c":[255,255,0,160],"dmg":1,"sli":1,"ser":0,"fat":0,"row":-1,"mot":-1,"pie":-1,"uto":-1,"uwr":-1},"geometry":{"type":"Point","coordinates":[17.940778,54.287028]}},{"type":"Feature","properties":{"ID":107163093,"yr":2018,"dt":"2018-08-08T11:25:00","WOJ":22,"sev":1,"c":[255,255,0,160],"dmg":2,"sli":2,"ser":0,"fat":0,"row":-1,"mot":-1,"pie":-1,"uto":-1,"uwr":-1},"geometry":{"type":"Point","coordinates":[17.863333,54.129722]}},{"type":"Feature","properties":{"ID":107163425,"yr":2018,"dt":"2018-08-08T14:20:00","WOJ":22,"sev":1,"c":[255,255,0,160],"dmg":2,"sli":2,"ser":0,"fat":0,"row":-1,"mot":-1,"pie":-1,"uto":-1,"uwr":-1},"geometry":{"type":"Point","coordinates":[17.943611,54.113333]}},{"type":"Feature","properties":{"ID":107165726,"yr":2018,"dt":"2018-08-09T08:27:00","WOJ":22,"sev":1,"c":[255,255,0,160],"dmg":1,"sli":1,"ser":0,"fat":0,"row":-1,"mot":-1,"pie":-1,"uto":-1,"uwr":-1},"geometry":{"type":"Point","coordinates":[18.468889,54.553889]}},{"type":"Feature","properties":{"ID":107165839,"yr":2018,"dt":"2018-08-09T21:29:00","WOJ":22,"sev":1,"c":[255,255,0,160],"dmg":2,"sli":2,"ser":0,"fat":0,"row":-1,"mot":-1,"pie":-1,"uto":-1,"uwr":-1},"geometry":{"type":"Point","coordinates":[16.879306,53.862306]}},{"type":"Feature","properties":{"ID":107165867,"yr":2018,"dt":"2018-08-09T21:00:00","WOJ":22,"sev":1,"c":[255,255,0,160],"dmg":0,"sli":4,"ser":0,"fat":0,"row":-1,"mot":-1,"pie":-1,"uto":-1,"uwr":-1},"geometry":{"type":"Point","coordinates":[18.746806,54.093889]}},{"type":"Feature","properties":{"ID":107165780,"yr":2018,"dt":"2018-08-09T19:00:00","WOJ":22,"sev":1,"c":[255,255,0,160],"dmg":1,"sli":2,"ser":0,"fat":0,"row":-1,"mot":-1,"pie":-1,"uto":-1,"uwr":-1},"geometry":{"type":"Point","coordinates":[17.856056,54.342667]}},{"type":"Feature","properties":{"ID":107165844,"yr":2018,"dt":"2018-08-09T21:20:00","WOJ":22,"sev":1,"c":[255,255,0,160],"dmg":1,"sli":2,"ser":0,"fat":0,"row":1,"mot":-1,"pie":-1,"uto":-1,"uwr":-1},"geometry":{"type":"Point","coordinates":[18.825333,54.267167]}},{"type":"Feature","properties":{"ID":107180488,"yr":2018,"dt":"2018-08-10T14:31:00","WOJ":22,"sev":1,"c":[255,255,0,160],"dmg":1,"sli":1,"ser":0,"fat":0,"row":-1,"mot":-1,"pie":1,"uto":-1,"uwr":-1},"geometry":{"type":"Point","coordinates":[17.561667,53.695556]}},{"type":"Feature","properties":{"ID":107169594,"yr":2018,"dt":"2018-08-10T22:55:00","WOJ":22,"sev":1,"c":[255,255,0,160],"dmg":1,"sli":2,"ser":0,"fat":0,"row":-1,"mot":-1,"pie":-1,"uto":-1,"uwr":-1},"geometry":{"type":"Point","coordinates":[18.654861,54.261917]}},{"type":"Feature","properties":{"ID":107166445,"yr":2018,"dt":"2018-08-10T09:15:00","WOJ":22,"sev":1,"c":[255,255,0,160],"dmg":2,"sli":1,"ser":0,"fat":0,"row":-1,"mot":-1,"pie":-1,"uto":-1,"uwr":-1},"geometry":{"type":"Point","coordinates":[18.473556,54.193611]}},{"type":"Feature","properties":{"ID":107169197,"yr":2018,"dt":"2018-08-10T17:05:00","WOJ":22,"sev":1,"c":[255,255,0,160],"dmg":1,"sli":2,"ser":0,"fat":0,"row":-1,"mot":-1,"pie":-1,"uto":-1,"uwr":-1},"geometry":{"type":"Point","coordinates":[17.98,54.129444]}},{"type":"Feature","properties":{"ID":107166695,"yr":2018,"dt":"2018-08-10T13:20:00","WOJ":22,"sev":1,"c":[255,255,0,160],"dmg":2,"sli":1,"ser":0,"fat":0,"row":-1,"mot":-1,"pie":-1,"uto":-1,"uwr":-1},"geometry":{"type":"Point","coordinates":[18.436611,54.450278]}},{"type":"Feature","properties":{"ID":107169043,"yr":2018,"dt":"2018-08-10T13:45:00","WOJ":22,"sev":1,"c":[255,255,0,160],"dmg":3,"sli":2,"ser":0,"fat":0,"row":-1,"mot":-1,"pie":-1,"uto":-1,"uwr":-1},"geometry":{"type":"Point","coordinates":[18.637833,54.228111]}},{"type":"Feature","properties":{"ID":107169019,"yr":2018,"dt":"2018-08-10T13:05:00","WOJ":22,"sev":1,"c":[255,255,0,160],"dmg":2,"sli":1,"ser":0,"fat":0,"row":-1,"mot":-1,"pie":-1,"uto":-1,"uwr":-1},"geometry":{"type":"Point","coordinates":[18.783306,54.090333]}},{"type":"Feature","properties":{"ID":107168884,"yr":2018,"dt":"2018-08-10T14:00:00","WOJ":22,"sev":1,"c":[255,255,0,160],"dmg":2,"sli":1,"ser":0,"fat":0,"row":-1,"mot":-1,"pie":-1,"uto":-1,"uwr":-1},"geometry":{"type":"Point","coordinates":[18.400083,54.396194]}},{"type":"Feature","properties":{"ID":107171011,"yr":2018,"dt":"2018-08-11T08:30:00","WOJ":22,"sev":1,"c":[255,255,0,160],"dmg":1,"sli":1,"ser":0,"fat":0,"row":-1,"mot":-1,"pie":1,"uto":-1,"uwr":-1},"geometry":{"type":"Point","coordinates":[19.116667,54.326389]}},{"type":"Feature","properties":{"ID":107171820,"yr":2018,"dt":"2018-08-11T17:10:00","WOJ":22,"sev":1,"c":[255,255,0,160],"dmg":1,"sli":1,"ser":0,"fat":0,"row":-1,"mot":-1,"pie":-1,"uto":-1,"uwr":-1},"geometry":{"type":"Point","coordinates":[18.0335,54.568139]}},{"type":"Feature","properties":{"ID":107176914,"yr":2018,"dt":"2018-08-11T09:50:00","WOJ":22,"sev":1,"c":[255,255,0,160],"dmg":2,"sli":1,"ser":0,"fat":0,"row":-1,"mot":-1,"pie":-1,"uto":-1,"uwr":-1},"geometry":{"type":"Point","coordinates":[18.311083,54.815361]}},{"type":"Feature","properties":{"ID":107171721,"yr":2018,"dt":"2018-08-11T16:02:00","WOJ":22,"sev":1,"c":[255,255,0,160],"dmg":1,"sli":1,"ser":0,"fat":0,"row":-1,"mot":-1,"pie":-1,"uto":-1,"uwr":-1},"geometry":{"type":"Point","coordinates":[18.475444,54.273778]}},{"type":"Feature","properties":{"ID":107169877,"yr":2018,"dt":"2018-08-11T10:30:00","WOJ":22,"sev":1,"c":[255,255,0,160],"dmg":2,"sli":1,"ser":0,"fat":0,"row":1,"mot":-1,"pie":-1,"uto":-1,"uwr":-1},"geometry":{"type":"Point","coordinates":[16.951556,53.681278]}},{"type":"Feature","properties":{"ID":107172735,"yr":2018,"dt":"2018-08-12T19:00:00","WOJ":22,"sev":1,"c":[255,255,0,160],"dmg":2,"sli":1,"ser":0,"fat":0,"row":1,"mot":-1,"pie":-1,"uto":-1,"uwr":-1},"geometry":{"type":"Point","coordinates":[18.532778,54.504444]}},{"type":"Feature","properties":{"ID":107172421,"yr":2018,"dt":"2018-08-12T16:49:00","WOJ":22,"sev":1,"c":[255,255,0,160],"dmg":1,"sli":1,"ser":0,"fat":0,"row":-1,"mot":1,"pie":-1,"uto":-1,"uwr":-1},"geometry":{"type":"Point","coordinates":[18.087083,54.825667]}},{"type":"Feature","properties":{"ID":107172401,"yr":2018,"dt":"2018-08-12T11:40:00","WOJ":22,"sev":1,"c":[255,255,0,160],"dmg":1,"sli":2,"ser":0,"fat":0,"row":-1,"mot":-1,"pie":-1,"uto":-1,"uwr":-1},"geometry":{"type":"Point","coordinates":[18.186306,54.230556]}},{"type":"Feature","properties":{"ID":107172520,"yr":2018,"dt":"2018-08-12T14:31:00","WOJ":22,"sev":1,"c":[255,255,0,160],"dmg":0,"sli":2,"ser":0,"fat":0,"row":1,"mot":-1,"pie":1,"uto":-1,"uwr":-1},"geometry":{"type":"Point","coordinates":[18.68125,54.698639]}},{"type":"Feature","properties":{"ID":107180251,"yr":2018,"dt":"2018-08-13T19:45:00","WOJ":22,"sev":1,"c":[255,255,0,160],"dmg":1,"sli":1,"ser":0,"fat":0,"row":-1,"mot":-1,"pie":1,"uto":-1,"uwr":-1},"geometry":{"type":"Point","coordinates":[17.548889,53.701389]}},{"type":"Feature","properties":{"ID":107177347,"yr":2018,"dt":"2018-08-13T08:40:00","WOJ":22,"sev":1,"c":[255,255,0,160],"dmg":0,"sli":1,"ser":0,"fat":0,"row":-1,"mot":-1,"pie":-1,"uto":-1,"uwr":-1},"geometry":{"type":"Point","coordinates":[17.968611,54.123056]}},{"type":"Feature","properties":{"ID":107179944,"yr":2018,"dt":"2018-08-13T15:59:00","WOJ":22,"sev":1,"c":[255,255,0,160],"dmg":1,"sli":1,"ser":0,"fat":0,"row":1,"mot":-1,"pie":-1,"uto":-1,"uwr":-1},"geometry":{"type":"Point","coordinates":[18.667556,54.702056]}},{"type":"Feature","properties":{"ID":107182233,"yr":2018,"dt":"2018-08-14T11:40:00","WOJ":22,"sev":1,"c":[255,255,0,160],"dmg":1,"sli":1,"ser":0,"fat":0,"row":-1,"mot":-1,"pie":1,"uto":-1,"uwr":-1},"geometry":{"type":"Point","coordinates":[17.980278,54.121389]}},{"type":"Feature","properties":{"ID":107205961,"yr":2018,"dt":"2018-08-14T23:00:00","WOJ":22,"sev":1,"c":[255,255,0,160],"dmg":1,"sli":1,"ser":0,"fat":0,"row":-1,"mot":-1,"pie":-1,"uto":-1,"uwr":-1},"geometry":{"type":"Point","coordinates":[18.610278,54.37]}},{"type":"Feature","properties":{"ID":107180763,"yr":2018,"dt":"2018-08-14T07:50:00","WOJ":22,"sev":1,"c":[255,255,0,160],"dmg":1,"sli":1,"ser":0,"fat":0,"row":-1,"mot":-1,"pie":-1,"uto":-1,"uwr":-1},"geometry":{"type":"Point","coordinates":[18.560833,54.4375]}},{"type":"Feature","properties":{"ID":107251160,"yr":2018,"dt":"2018-08-14T17:00:00","WOJ":22,"sev":1,"c":[255,255,0,160],"dmg":1,"sli":1,"ser":0,"fat":0,"row":1,"mot":-1,"pie":-1,"uto":-1,"uwr":-1},"geometry":{"type":"Point","coordinates":[18.444222,54.069]}},{"type":"Feature","properties":{"ID":107180924,"yr":2018,"dt":"2018-08-14T06:00:00","WOJ":22,"sev":1,"c":[255,255,0,160],"dmg":1,"sli":1,"ser":0,"fat":0,"row":-1,"mot":-1,"pie":-1,"uto":-1,"uwr":-1},"geometry":{"type":"Point","coordinates":[18.790722,54.039722]}},{"type":"Feature","properties":{"ID":107182841,"yr":2018,"dt":"2018-08-14T17:20:00","WOJ":22,"sev":1,"c":[255,255,0,160],"dmg":1,"sli":1,"ser":0,"fat":0,"row":-1,"mot":1,"pie":-1,"uto":-1,"uwr":-1},"geometry":{"type":"Point","coordinates":[17.038611,53.7325]}},{"type":"Feature","properties":{"ID":107182785,"yr":2018,"dt":"2018-08-14T17:00:00","WOJ":22,"sev":1,"c":[255,255,0,160],"dmg":1,"sli":1,"ser":0,"fat":0,"row":-1,"mot":-1,"pie":-1,"uto":-1,"uwr":-1},"geometry":{"type":"Point","coordinates":[17.863056,54.129722]}},{"type":"Feature","properties":{"ID":107187911,"yr":2018,"dt":"2018-08-15T22:00:00","WOJ":22,"sev":1,"c":[255,255,0,160],"dmg":1,"sli":1,"ser":0,"fat":0,"row":-1,"mot":1,"pie":-1,"uto":-1,"uwr":-1},"geometry":{"type":"Point","coordinates":[18.584167,54.3325]}},{"type":"Feature","properties":{"ID":107191223,"yr":2018,"dt":"2018-08-16T18:15:00","WOJ":22,"sev":1,"c":[255,255,0,160],"dmg":1,"sli":1,"ser":0,"fat":0,"row":-1,"mot":-1,"pie":-1,"uto":-1,"uwr":-1},"geometry":{"type":"Point","coordinates":[18.724472,54.105389]}},{"type":"Feature","properties":{"ID":107191316,"yr":2018,"dt":"2018-08-16T23:45:00","WOJ":22,"sev":1,"c":[255,255,0,160],"dmg":0,"sli":1,"ser":0,"fat":0,"row":-1,"mot":-1,"pie":-1,"uto":-1,"uwr":-1},"geometry":{"type":"Point","coordinates":[19.197389,53.760111]}},{"type":"Feature","properties":{"ID":107191040,"yr":2018,"dt":"2018-08-16T17:50:00","WOJ":22,"sev":1,"c":[255,255,0,160],"dmg":2,"sli":1,"ser":0,"fat":0,"row":-1,"mot":-1,"pie":-1,"uto":-1,"uwr":-1},"geometry":{"type":"Point","coordinates":[17.5525,53.700556]}},{"type":"Feature","properties":{"ID":107188260,"yr":2018,"dt":"2018-08-16T07:00:00","WOJ":22,"sev":1,"c":[255,255,0,160],"dmg":1,"sli":1,"ser":0,"fat":0,"row":-1,"mot":-1,"pie":-1,"uto":-1,"uwr":-1},"geometry":{"type":"Point","coordinates":[18.38725,54.427028]}},{"type":"Feature","properties":{"ID":107215038,"yr":2018,"dt":"2018-08-17T16:02:00","WOJ":22,"sev":1,"c":[255,255,0,160],"dmg":1,"sli":1,"ser":0,"fat":0,"row":1,"mot":-1,"pie":0,"uto":-1,"uwr":-1},"geometry":{"type":"Point","coordinates":[18.57,54.407222]}},{"type":"Feature","properties":{"ID":107193481,"yr":2018,"dt":"2018-08-17T13:40:00","WOJ":22,"sev":1,"c":[255,255,0,160],"dmg":1,"sli":1,"ser":0,"fat":0,"row":1,"mot":-1,"pie":-1,"uto":-1,"uwr":-1},"geometry":{"type":"Point","coordinates":[18.495722,54.531028]}},{"type":"Feature","properties":{"ID":107191479,"yr":2018,"dt":"2018-08-17T05:45:00","WOJ":22,"sev":1,"c":[255,255,0,160],"dmg":1,"sli":1,"ser":0,"fat":0,"row":-1,"mot":-1,"pie":-1,"uto":-1,"uwr":-1},"geometry":{"type":"Point","coordinates":[18.243889,54.145278]}},{"type":"Feature","properties":{"ID":107193696,"yr":2018,"dt":"2018-08-17T18:30:00","WOJ":22,"sev":1,"c":[255,255,0,160],"dmg":0,"sli":1,"ser":0,"fat":0,"row":-1,"mot":1,"pie":-1,"uto":-1,"uwr":-1},"geometry":{"type":"Point","coordinates":[17.709722,54.753611]}},{"type":"Feature","properties":{"ID":107196250,"yr":2018,"dt":"2018-08-18T12:50:00","WOJ":22,"sev":1,"c":[255,255,0,160],"dmg":1,"sli":1,"ser":0,"fat":0,"row":-1,"mot":-1,"pie":1,"uto":-1,"uwr":-1},"geometry":{"type":"Point","coordinates":[18.212611,54.288806]}},{"type":"Feature","properties":{"ID":107196595,"yr":2018,"dt":"2018-08-18T16:33:00","WOJ":22,"sev":1,"c":[255,255,0,160],"dmg":2,"sli":1,"ser":0,"fat":0,"row":1,"mot":-1,"pie":-1,"uto":-1,"uwr":-1},"geometry":{"type":"Point","coordinates":[18.327694,54.198333]}},{"type":"Feature","properties":{"ID":107196319,"yr":2018,"dt":"2018-08-18T14:05:00","WOJ":22,"sev":1,"c":[255,255,0,160],"dmg":1,"sli":2,"ser":0,"fat":0,"row":-1,"mot":-1,"pie":-1,"uto":-1,"uwr":-1},"geometry":{"type":"Point","coordinates":[18.630139,54.043472]}},{"type":"Feature","properties":{"ID":107196305,"yr":2018,"dt":"2018-08-18T13:24:00","WOJ":22,"sev":1,"c":[255,255,0,160],"dmg":1,"sli":1,"ser":0,"fat":0,"row":1,"mot":-1,"pie":-1,"uto":-1,"uwr":-1},"geometry":{"type":"Point","coordinates":[17.367417,53.672167]}},{"type":"Feature","properties":{"ID":107241851,"yr":2018,"dt":"2018-08-18T17:00:00","WOJ":22,"sev":1,"c":[255,255,0,160],"dmg":1,"sli":1,"ser":0,"fat":0,"row":-1,"mot":-1,"pie":1,"uto":-1,"uwr":-1},"geometry":{"type":"Point","coordinates":[18.697611,53.928194]}},{"type":"Feature","properties":{"ID":107199112,"yr":2018,"dt":"2018-08-19T14:01:00","WOJ":22,"sev":1,"c":[255,255,0,160],"dmg":3,"sli":2,"ser":0,"fat":0,"row":-1,"mot":-1,"pie":-1,"uto":-1,"uwr":-1},"geometry":{"type":"Point","coordinates":[16.887583,53.698972]}},{"type":"Feature","properties":{"ID":107199386,"yr":2018,"dt":"2018-08-19T18:15:00","WOJ":22,"sev":1,"c":[255,255,0,160],"dmg":1,"sli":1,"ser":0,"fat":0,"row":1,"mot":-1,"pie":-1,"uto":-1,"uwr":-1},"geometry":{"type":"Point","coordinates":[18.235111,54.229167]}},{"type":"Feature","properties":{"ID":107199486,"yr":2018,"dt":"2018-08-19T22:20:00","WOJ":22,"sev":1,"c":[255,255,0,160],"dmg":0,"sli":1,"ser":0,"fat":0,"row":-1,"mot":-1,"pie":-1,"uto":-1,"uwr":-1},"geometry":{"type":"Point","coordinates":[17.431278,54.619028]}},{"type":"Feature","properties":{"ID":107199454,"yr":2018,"dt":"2018-08-19T19:00:00","WOJ":22,"sev":1,"c":[255,255,0,160],"dmg":0,"sli":1,"ser":0,"fat":0,"row":-1,"mot":-1,"pie":-1,"uto":-1,"uwr":-1},"geometry":{"type":"Point","coordinates":[18.070556,54.279444]}},{"type":"Feature","properties":{"ID":107198984,"yr":2018,"dt":"2018-08-19T11:25:00","WOJ":22,"sev":1,"c":[255,255,0,160],"dmg":1,"sli":1,"ser":0,"fat":0,"row":-1,"mot":-1,"pie":1,"uto":-1,"uwr":-1},"geometry":{"type":"Point","coordinates":[18.513361,53.943861]}},{"type":"Feature","properties":{"ID":107203930,"yr":2018,"dt":"2018-08-20T20:25:00","WOJ":22,"sev":1,"c":[255,255,0,160],"dmg":1,"sli":2,"ser":0,"fat":0,"row":-1,"mot":-1,"pie":-1,"uto":-1,"uwr":-1},"geometry":{"type":"Point","coordinates":[17.909722,53.933056]}},{"type":"Feature","properties":{"ID":107199702,"yr":2018,"dt":"2018-08-20T08:45:00","WOJ":22,"sev":1,"c":[255,255,0,160],"dmg":2,"sli":1,"ser":0,"fat":0,"row":-1,"mot":-1,"pie":-1,"uto":-1,"uwr":-1},"geometry":{"type":"Point","coordinates":[18.562222,54.428611]}},{"type":"Feature","properties":{"ID":107203794,"yr":2018,"dt":"2018-08-20T13:35:00","WOJ":22,"sev":1,"c":[255,255,0,160],"dmg":1,"sli":1,"ser":0,"fat":0,"row":-1,"mot":-1,"pie":-1,"uto":-1,"uwr":-1},"geometry":{"type":"Point","coordinates":[18.698194,54.172556]}},{"type":"Feature","properties":{"ID":107203787,"yr":2018,"dt":"2018-08-20T15:20:00","WOJ":22,"sev":1,"c":[255,255,0,160],"dmg":1,"sli":1,"ser":0,"fat":0,"row":1,"mot":-1,"pie":-1,"uto":-1,"uwr":-1},"geometry":{"type":"Point","coordinates":[18.504611,54.297306]}},{"type":"Feature","properties":{"ID":107203579,"yr":2018,"dt":"2018-08-20T13:05:00","WOJ":22,"sev":1,"c":[255,255,0,160],"dmg":1,"sli":1,"ser":0,"fat":0,"row":-1,"mot":-1,"pie":1,"uto":-1,"uwr":-1},"geometry":{"type":"Point","coordinates":[18.807722,53.851917]}},{"type":"Feature","properties":{"ID":107207989,"yr":2018,"dt":"2018-08-21T17:30:00","WOJ":22,"sev":1,"c":[255,255,0,160],"dmg":2,"sli":1,"ser":0,"fat":0,"row":-1,"mot":-1,"pie":-1,"uto":-1,"uwr":-1},"geometry":{"type":"Point","coordinates":[18.640833,54.340278]}},{"type":"Feature","properties":{"ID":107207976,"yr":2018,"dt":"2018-08-21T16:15:00","WOJ":22,"sev":1,"c":[255,255,0,160],"dmg":1,"sli":1,"ser":0,"fat":0,"row":-1,"mot":-1,"pie":-1,"uto":-1,"uwr":-1},"geometry":{"type":"Point","coordinates":[18.601944,54.385556]}},{"type":"Feature","properties":{"ID":107207853,"yr":2018,"dt":"2018-08-21T17:30:00","WOJ":22,"sev":1,"c":[255,255,0,160],"dmg":0,"sli":1,"ser":0,"fat":0,"row":1,"mot":-1,"pie":-1,"uto":-1,"uwr":-1},"geometry":{"type":"Point","coordinates":[17.928056,53.904722]}},{"type":"Feature","properties":{"ID":107208202,"yr":2018,"dt":"2018-08-21T09:50:00","WOJ":22,"sev":1,"c":[255,255,0,160],"dmg":1,"sli":1,"ser":0,"fat":0,"row":-1,"mot":-1,"pie":1,"uto":-1,"uwr":-1},"geometry":{"type":"Point","coordinates":[18.464806,54.468056]}},{"type":"Feature","properties":{"ID":107210856,"yr":2018,"dt":"2018-08-21T12:00:00","WOJ":22,"sev":1,"c":[255,255,0,160],"dmg":2,"sli":1,"ser":0,"fat":0,"row":-1,"mot":-1,"pie":-1,"uto":-1,"uwr":-1},"geometry":{"type":"Point","coordinates":[17.543056,53.694722]}},{"type":"Feature","properties":{"ID":107208198,"yr":2018,"dt":"2018-08-21T19:30:00","WOJ":22,"sev":1,"c":[255,255,0,160],"dmg":1,"sli":1,"ser":0,"fat":0,"row":1,"mot":-1,"pie":-1,"uto":-1,"uwr":-1},"geometry":{"type":"Point","coordinates":[17.98,54.129444]}},{"type":"Feature","properties":{"ID":107212591,"yr":2018,"dt":"2018-08-22T17:50:00","WOJ":22,"sev":1,"c":[255,255,0,160],"dmg":1,"sli":1,"ser":0,"fat":0,"row":1,"mot":-1,"pie":-1,"uto":-1,"uwr":-1},"geometry":{"type":"Point","coordinates":[18.596667,54.383611]}},{"type":"Feature","properties":{"ID":107212531,"yr":2018,"dt":"2018-08-22T17:45:00","WOJ":22,"sev":1,"c":[255,255,0,160],"dmg":1,"sli":1,"ser":0,"fat":0,"row":-1,"mot":-1,"pie":-1,"uto":-1,"uwr":-1},"geometry":{"type":"Point","coordinates":[18.371361,54.377583]}},{"type":"Feature","properties":{"ID":107212707,"yr":2018,"dt":"2018-08-22T21:00:00","WOJ":22,"sev":1,"c":[255,255,0,160],"dmg":0,"sli":1,"ser":0,"fat":0,"row":1,"mot":-1,"pie":-1,"uto":-1,"uwr":-1},"geometry":{"type":"Point","coordinates":[18.580222,54.271111]}},{"type":"Feature","properties":{"ID":107212748,"yr":2018,"dt":"2018-08-22T21:00:00","WOJ":22,"sev":1,"c":[255,255,0,160],"dmg":1,"sli":1,"ser":0,"fat":0,"row":-1,"mot":-1,"pie":-1,"uto":-1,"uwr":-1},"geometry":{"type":"Point","coordinates":[17.061194,54.501611]}},{"type":"Feature","properties":{"ID":107212670,"yr":2018,"dt":"2018-08-22T15:17:00","WOJ":22,"sev":1,"c":[255,255,0,160],"dmg":1,"sli":1,"ser":0,"fat":0,"row":-1,"mot":-1,"pie":1,"uto":-1,"uwr":-1},"geometry":{"type":"Point","coordinates":[18.400139,54.569583]}},{"type":"Feature","properties":{"ID":107222963,"yr":2018,"dt":"2018-08-23T10:30:00","WOJ":22,"sev":1,"c":[255,255,0,160],"dmg":1,"sli":1,"ser":0,"fat":0,"row":-1,"mot":-1,"pie":-1,"uto":-1,"uwr":-1},"geometry":{"type":"Point","coordinates":[17.50275,54.172917]}},{"type":"Feature","properties":{"ID":107223458,"yr":2018,"dt":"2018-08-23T16:10:00","WOJ":22,"sev":1,"c":[255,255,0,160],"dmg":1,"sli":1,"ser":0,"fat":0,"row":1,"mot":-1,"pie":-1,"uto":-1,"uwr":-1},"geometry":{"type":"Point","coordinates":[19.195722,53.76075]}},{"type":"Feature","properties":{"ID":107223404,"yr":2018,"dt":"2018-08-23T17:20:00","WOJ":22,"sev":1,"c":[255,255,0,160],"dmg":2,"sli":1,"ser":0,"fat":0,"row":-1,"mot":-1,"pie":-1,"uto":-1,"uwr":-1},"geometry":{"type":"Point","coordinates":[18.277583,54.267778]}},{"type":"Feature","properties":{"ID":107225173,"yr":2018,"dt":"2018-08-23T18:20:00","WOJ":22,"sev":1,"c":[255,255,0,160],"dmg":2,"sli":2,"ser":0,"fat":0,"row":-1,"mot":-1,"pie":-1,"uto":-1,"uwr":-1},"geometry":{"type":"Point","coordinates":[18.551111,54.450833]}},{"type":"Feature","properties":{"ID":107223080,"yr":2018,"dt":"2018-08-23T13:10:00","WOJ":22,"sev":1,"c":[255,255,0,160],"dmg":0,"sli":1,"ser":0,"fat":0,"row":-1,"mot":-1,"pie":-1,"uto":-1,"uwr":-1},"geometry":{"type":"Point","coordinates":[18.845917,54.253167]}},{"type":"Feature","properties":{"ID":107223150,"yr":2018,"dt":"2018-08-23T14:00:00","WOJ":22,"sev":1,"c":[255,255,0,160],"dmg":1,"sli":1,"ser":0,"fat":0,"row":-1,"mot":1,"pie":-1,"uto":-1,"uwr":-1},"geometry":{"type":"Point","coordinates":[18.391639,54.36925]}},{"type":"Feature","properties":{"ID":107230850,"yr":2018,"dt":"2018-08-24T16:30:00","WOJ":22,"sev":1,"c":[255,255,0,160],"dmg":1,"sli":1,"ser":0,"fat":0,"row":-1,"mot":-1,"pie":1,"uto":-1,"uwr":-1},"geometry":{"type":"Point","coordinates":[19.011389,54.037667]}},{"type":"Feature","properties":{"ID":107224876,"yr":2018,"dt":"2018-08-24T05:20:00","WOJ":22,"sev":1,"c":[255,255,0,160],"dmg":0,"sli":1,"ser":0,"fat":0,"row":-1,"mot":-1,"pie":-1,"uto":-1,"uwr":-1},"geometry":{"type":"Point","coordinates":[19.147667,54.048056]}},{"type":"Feature","properties":{"ID":107225983,"yr":2018,"dt":"2018-08-24T09:53:00","WOJ":22,"sev":1,"c":[255,255,0,160],"dmg":1,"sli":1,"ser":0,"fat":0,"row":1,"mot":-1,"pie":-1,"uto":-1,"uwr":-1},"geometry":{"type":"Point","coordinates":[18.411861,54.716944]}},{"type":"Feature","properties":{"ID":107226063,"yr":2018,"dt":"2018-08-24T10:10:00","WOJ":22,"sev":1,"c":[255,255,0,160],"dmg":1,"sli":1,"ser":0,"fat":0,"row":-1,"mot":-1,"pie":-1,"uto":-1,"uwr":-1},"geometry":{"type":"Point","coordinates":[17.028333,54.473056]}},{"type":"Feature","properties":{"ID":107225128,"yr":2018,"dt":"2018-08-24T08:50:00","WOJ":22,"sev":1,"c":[255,255,0,160],"dmg":1,"sli":1,"ser":0,"fat":0,"row":-1,"mot":-1,"pie":-1,"uto":-1,"uwr":-1},"geometry":{"type":"Point","coordinates":[19.057389,54.035917]}},{"type":"Feature","properties":{"ID":107225386,"yr":2018,"dt":"2018-08-24T09:41:00","WOJ":22,"sev":1,"c":[255,255,0,160],"dmg":1,"sli":1,"ser":0,"fat":0,"row":-1,"mot":-1,"pie":-1,"uto":-1,"uwr":-1},"geometry":{"type":"Point","coordinates":[17.069389,53.571611]}},{"type":"Feature","properties":{"ID":107227381,"yr":2018,"dt":"2018-08-24T19:25:00","WOJ":22,"sev":1,"c":[255,255,0,160],"dmg":2,"sli":1,"ser":0,"fat":0,"row":-1,"mot":-1,"pie":-1,"uto":-1,"uwr":-1},"geometry":{"type":"Point","coordinates":[18.405111,54.5225]}},{"type":"Feature","properties":{"ID":107227084,"yr":2018,"dt":"2018-08-24T16:33:00","WOJ":22,"sev":1,"c":[255,255,0,160],"dmg":1,"sli":1,"ser":0,"fat":0,"row":-1,"mot":-1,"pie":1,"uto":-1,"uwr":-1},"geometry":{"type":"Point","coordinates":[18.243194,54.606611]}},{"type":"Feature","properties":{"ID":107232946,"yr":2018,"dt":"2018-08-25T16:30:00","WOJ":22,"sev":1,"c":[255,255,0,160],"dmg":3,"sli":1,"ser":0,"fat":0,"row":-1,"mot":-1,"pie":-1,"uto":-1,"uwr":-1},"geometry":{"type":"Point","coordinates":[18.569722,54.375833]}},{"type":"Feature","properties":{"ID":107234215,"yr":2018,"dt":"2018-08-25T17:10:00","WOJ":22,"sev":1,"c":[255,255,0,160],"dmg":1,"sli":1,"ser":0,"fat":0,"row":-1,"mot":-1,"pie":-1,"uto":-1,"uwr":-1},"geometry":{"type":"Point","coordinates":[17.012472,54.600056]}},{"type":"Feature","properties":{"ID":107232960,"yr":2018,"dt":"2018-08-25T16:20:00","WOJ":22,"sev":1,"c":[255,255,0,160],"dmg":1,"sli":4,"ser":0,"fat":0,"row":-1,"mot":-1,"pie":-1,"uto":-1,"uwr":-1},"geometry":{"type":"Point","coordinates":[18.529722,54.422778]}},{"type":"Feature","properties":{"ID":107229053,"yr":2018,"dt":"2018-08-25T12:57:00","WOJ":22,"sev":1,"c":[255,255,0,160],"dmg":1,"sli":4,"ser":0,"fat":0,"row":-1,"mot":-1,"pie":-1,"uto":-1,"uwr":-1},"geometry":{"type":"Point","coordinates":[18.954444,54.048194]}},{"type":"Feature","properties":{"ID":107228012,"yr":2018,"dt":"2018-08-25T18:40:00","WOJ":22,"sev":1,"c":[255,255,0,160],"dmg":1,"sli":2,"ser":0,"fat":0,"row":-1,"mot":-1,"pie":-1,"uto":-1,"uwr":-1},"geometry":{"type":"Point","coordinates":[18.785639,54.23975]}},{"type":"Feature","properties":{"ID":107227663,"yr":2018,"dt":"2018-08-25T10:54:00","WOJ":22,"sev":1,"c":[255,255,0,160],"dmg":1,"sli":1,"ser":0,"fat":0,"row":-1,"mot":-1,"pie":1,"uto":-1,"uwr":-1},"geometry":{"type":"Point","coordinates":[18.533611,54.523056]}},{"type":"Feature","properties":{"ID":107230933,"yr":2018,"dt":"2018-08-26T12:29:00","WOJ":22,"sev":1,"c":[255,255,0,160],"dmg":1,"sli":1,"ser":0,"fat":0,"row":-1,"mot":1,"pie":-1,"uto":-1,"uwr":-1},"geometry":{"type":"Point","coordinates":[17.006694,53.687556]}},{"type":"Feature","properties":{"ID":107230893,"yr":2018,"dt":"2018-08-26T13:30:00","WOJ":22,"sev":1,"c":[255,255,0,160],"dmg":1,"sli":1,"ser":0,"fat":0,"row":-1,"mot":-1,"pie":1,"uto":-1,"uwr":-1},"geometry":{"type":"Point","coordinates":[17.028361,54.473]}},{"type":"Feature","properties":{"ID":107231243,"yr":2018,"dt":"2018-08-26T13:15:00","WOJ":22,"sev":1,"c":[255,255,0,160],"dmg":2,"sli":1,"ser":0,"fat":0,"row":-1,"mot":-1,"pie":-1,"uto":-1,"uwr":-1},"geometry":{"type":"Point","coordinates":[18.147667,54.304639]}},{"type":"Feature","properties":{"ID":107243121,"yr":2018,"dt":"2018-08-27T16:30:00","WOJ":22,"sev":1,"c":[255,255,0,160],"dmg":1,"sli":1,"ser":0,"fat":0,"row":-1,"mot":-1,"pie":1,"uto":-1,"uwr":-1},"geometry":{"type":"Point","coordinates":[18.614167,54.381111]}},{"type":"Feature","properties":{"ID":107234224,"yr":2018,"dt":"2018-08-27T12:30:00","WOJ":22,"sev":1,"c":[255,255,0,160],"dmg":1,"sli":1,"ser":0,"fat":0,"row":1,"mot":-1,"pie":-1,"uto":-1,"uwr":-1},"geometry":{"type":"Point","coordinates":[18.611944,54.385278]}},{"type":"Feature","properties":{"ID":107238219,"yr":2018,"dt":"2018-08-27T12:20:00","WOJ":22,"sev":1,"c":[255,255,0,160],"dmg":1,"sli":1,"ser":0,"fat":0,"row":-1,"mot":1,"pie":-1,"uto":-1,"uwr":-1},"geometry":{"type":"Point","coordinates":[18.564722,54.436111]}},{"type":"Feature","properties":{"ID":107234302,"yr":2018,"dt":"2018-08-27T12:54:00","WOJ":22,"sev":1,"c":[255,255,0,160],"dmg":1,"sli":1,"ser":0,"fat":0,"row":-1,"mot":-1,"pie":-1,"uto":-1,"uwr":-1},"geometry":{"type":"Point","coordinates":[18.059444,54.170833]}},{"type":"Feature","properties":{"ID":107235899,"yr":2018,"dt":"2018-08-27T16:55:00","WOJ":22,"sev":1,"c":[255,255,0,160],"dmg":1,"sli":1,"ser":0,"fat":0,"row":-1,"mot":-1,"pie":1,"uto":-1,"uwr":-1},"geometry":{"type":"Point","coordinates":[18.763,54.097611]}},{"type":"Feature","properties":{"ID":107241831,"yr":2018,"dt":"2018-08-27T11:55:00","WOJ":22,"sev":1,"c":[255,255,0,160],"dmg":1,"sli":1,"ser":0,"fat":0,"row":-1,"mot":-1,"pie":1,"uto":-1,"uwr":-1},"geometry":{"type":"Point","coordinates":[16.98125,54.00625]}},{"type":"Feature","properties":{"ID":107244828,"yr":2018,"dt":"2018-08-28T05:20:00","WOJ":22,"sev":1,"c":[255,255,0,160],"dmg":1,"sli":1,"ser":0,"fat":0,"row":1,"mot":-1,"pie":-1,"uto":-1,"uwr":-1},"geometry":{"type":"Point","coordinates":[18.641667,54.361389]}},{"type":"Feature","properties":{"ID":107239026,"yr":2018,"dt":"2018-08-28T14:40:00","WOJ":22,"sev":1,"c":[255,255,0,160],"dmg":2,"sli":1,"ser":0,"fat":0,"row":-1,"mot":-1,"pie":-1,"uto":-1,"uwr":-1},"geometry":{"type":"Point","coordinates":[18.396778,54.7955]}},{"type":"Feature","properties":{"ID":107238078,"yr":2018,"dt":"2018-08-28T13:20:00","WOJ":22,"sev":1,"c":[255,255,0,160],"dmg":1,"sli":1,"ser":0,"fat":0,"row":1,"mot":-1,"pie":-1,"uto":-1,"uwr":-1},"geometry":{"type":"Point","coordinates":[17.001278,54.460556]}},{"type":"Feature","properties":{"ID":107535098,"yr":2018,"dt":"2018-08-29T10:30:00","WOJ":22,"sev":1,"c":[255,255,0,160],"dmg":1,"sli":1,"ser":0,"fat":0,"row":-1,"mot":-1,"pie":1,"uto":-1,"uwr":-1},"geometry":{"type":"Point","coordinates":[18.604167,54.340556]}},{"type":"Feature","properties":{"ID":107239961,"yr":2018,"dt":"2018-08-29T19:21:00","WOJ":22,"sev":1,"c":[255,255,0,160],"dmg":1,"sli":1,"ser":0,"fat":0,"row":1,"mot":-1,"pie":-1,"uto":-1,"uwr":-1},"geometry":{"type":"Point","coordinates":[18.532917,53.966472]}},{"type":"Feature","properties":{"ID":107241559,"yr":2018,"dt":"2018-08-29T20:20:00","WOJ":22,"sev":1,"c":[255,255,0,160],"dmg":1,"sli":1,"ser":0,"fat":0,"row":-1,"mot":1,"pie":-1,"uto":-1,"uwr":-1},"geometry":{"type":"Point","coordinates":[18.05585,53.65022]}},{"type":"Feature","properties":{"ID":107241549,"yr":2018,"dt":"2018-08-29T12:05:00","WOJ":22,"sev":1,"c":[255,255,0,160],"dmg":2,"sli":1,"ser":0,"fat":0,"row":-1,"mot":-1,"pie":-1,"uto":-1,"uwr":-1},"geometry":{"type":"Point","coordinates":[18.831917,53.137917]}},{"type":"Feature","properties":{"ID":107240843,"yr":2018,"dt":"2018-08-29T11:11:00","WOJ":22,"sev":1,"c":[255,255,0,160],"dmg":1,"sli":1,"ser":0,"fat":0,"row":1,"mot":-1,"pie":-1,"uto":-1,"uwr":-1},"geometry":{"type":"Point","coordinates":[17.352583,53.664167]}},{"type":"Feature","properties":{"ID":107239648,"yr":2018,"dt":"2018-08-29T09:25:00","WOJ":22,"sev":1,"c":[255,255,0,160],"dmg":1,"sli":1,"ser":0,"fat":0,"row":1,"mot":-1,"pie":-1,"uto":-1,"uwr":-1},"geometry":{"type":"Point","coordinates":[17.962778,54.116389]}},{"type":"Feature","properties":{"ID":107244847,"yr":2018,"dt":"2018-08-29T08:25:00","WOJ":22,"sev":1,"c":[255,255,0,160],"dmg":0,"sli":2,"ser":0,"fat":0,"row":-1,"mot":-1,"pie":-1,"uto":-1,"uwr":-1},"geometry":{"type":"Point","coordinates":[17.221722,54.241806]}},{"type":"Feature","properties":{"ID":107243098,"yr":2018,"dt":"2018-08-30T11:15:00","WOJ":22,"sev":1,"c":[255,255,0,160],"dmg":2,"sli":2,"ser":0,"fat":0,"row":-1,"mot":-1,"pie":-1,"uto":-1,"uwr":-1},"geometry":{"type":"Point","coordinates":[18.504056,53.965833]}},{"type":"Feature","properties":{"ID":107243961,"yr":2018,"dt":"2018-08-30T20:45:00","WOJ":22,"sev":1,"c":[255,255,0,160],"dmg":1,"sli":1,"ser":0,"fat":0,"row":-1,"mot":-1,"pie":1,"uto":-1,"uwr":-1},"geometry":{"type":"Point","coordinates":[19.050056,54.036056]}},{"type":"Feature","properties":{"ID":107242822,"yr":2018,"dt":"2018-08-30T06:50:00","WOJ":22,"sev":1,"c":[255,255,0,160],"dmg":1,"sli":1,"ser":0,"fat":0,"row":-1,"mot":-1,"pie":1,"uto":-1,"uwr":-1},"geometry":{"type":"Point","coordinates":[17.561111,53.688611]}},{"type":"Feature","properties":{"ID":107243637,"yr":2018,"dt":"2018-08-30T16:00:00","WOJ":22,"sev":1,"c":[255,255,0,160],"dmg":1,"sli":1,"ser":0,"fat":0,"row":-1,"mot":-1,"pie":1,"uto":-1,"uwr":-1},"geometry":{"type":"Point","coordinates":[18.516944,53.978333]}},{"type":"Feature","properties":{"ID":107244949,"yr":2018,"dt":"2018-08-30T17:40:00","WOJ":22,"sev":1,"c":[255,255,0,160],"dmg":1,"sli":1,"ser":0,"fat":0,"row":-1,"mot":-1,"pie":1,"uto":-1,"uwr":-1},"geometry":{"type":"Point","coordinates":[16.861083,54.587583]}},{"type":"Feature","properties":{"ID":107256225,"yr":2018,"dt":"2018-08-31T07:50:00","WOJ":22,"sev":1,"c":[255,255,0,160],"dmg":1,"sli":1,"ser":0,"fat":0,"row":1,"mot":-1,"pie":-1,"uto":-1,"uwr":-1},"geometry":{"type":"Point","coordinates":[18.599722,54.3375]}},{"type":"Feature","properties":{"ID":107246991,"yr":2018,"dt":"2018-08-31T15:20:00","WOJ":22,"sev":1,"c":[255,255,0,160],"dmg":2,"sli":2,"ser":0,"fat":0,"row":-1,"mot":-1,"pie":-1,"uto":-1,"uwr":-1},"geometry":{"type":"Point","coordinates":[17.406389,53.820639]}},{"type":"Feature","properties":{"ID":107244136,"yr":2018,"dt":"2018-08-31T08:05:00","WOJ":22,"sev":1,"c":[255,255,0,160],"dmg":1,"sli":1,"ser":0,"fat":0,"row":-1,"mot":-1,"pie":-1,"uto":-1,"uwr":-1},"geometry":{"type":"Point","coordinates":[17.9225,53.933333]}},{"type":"Feature","properties":{"ID":107247302,"yr":2018,"dt":"2018-08-31T13:00:00","WOJ":22,"sev":1,"c":[255,255,0,160],"dmg":1,"sli":1,"ser":0,"fat":0,"row":-1,"mot":-1,"pie":-1,"uto":-1,"uwr":-1},"geometry":{"type":"Point","coordinates":[18.297972,54.160556]}},{"type":"Feature","properties":{"ID":107247349,"yr":2018,"dt":"2018-08-31T16:45:00","WOJ":22,"sev":1,"c":[255,255,0,160],"dmg":1,"sli":1,"ser":0,"fat":0,"row":-1,"mot":-1,"pie":-1,"uto":-1,"uwr":-1},"geometry":{"type":"Point","coordinates":[18.528222,54.200694]}},{"type":"Feature","properties":{"ID":107250693,"yr":2018,"dt":"2018-09-01T19:00:00","WOJ":22,"sev":1,"c":[255,255,0,160],"dmg":1,"sli":1,"ser":0,"fat":0,"row":1,"mot":-1,"pie":-1,"uto":-1,"uwr":-1},"geometry":{"type":"Point","coordinates":[18.535694,53.972694]}},{"type":"Feature","properties":{"ID":107250318,"yr":2018,"dt":"2018-09-01T13:40:00","WOJ":22,"sev":1,"c":[255,255,0,160],"dmg":1,"sli":1,"ser":0,"fat":0,"row":1,"mot":-1,"pie":-1,"uto":-1,"uwr":-1},"geometry":{"type":"Point","coordinates":[17.975722,53.796889]}},{"type":"Feature","properties":{"ID":107250236,"yr":2018,"dt":"2018-09-01T11:45:00","WOJ":22,"sev":1,"c":[255,255,0,160],"dmg":0,"sli":1,"ser":0,"fat":0,"row":-1,"mot":-1,"pie":-1,"uto":-1,"uwr":-1},"geometry":{"type":"Point","coordinates":[18.283889,54.733333]}},{"type":"Feature","properties":{"ID":107250574,"yr":2018,"dt":"2018-09-01T18:00:00","WOJ":22,"sev":1,"c":[255,255,0,160],"dmg":1,"sli":1,"ser":0,"fat":0,"row":1,"mot":-1,"pie":-1,"uto":-1,"uwr":-1},"geometry":{"type":"Point","coordinates":[18.1625,54.354611]}},{"type":"Feature","properties":{"ID":107258131,"yr":2018,"dt":"2018-09-01T17:30:00","WOJ":22,"sev":1,"c":[255,255,0,160],"dmg":3,"sli":1,"ser":0,"fat":0,"row":-1,"mot":-1,"pie":-1,"uto":-1,"uwr":-1},"geometry":{"type":"Point","coordinates":[17.047278,54.480944]}},{"type":"Feature","properties":{"ID":107248971,"yr":2018,"dt":"2018-09-01T21:55:00","WOJ":22,"sev":1,"c":[255,255,0,160],"dmg":1,"sli":1,"ser":0,"fat":0,"row":-1,"mot":1,"pie":-1,"uto":-1,"uwr":-1},"geometry":{"type":"Point","coordinates":[18.646111,54.348056]}},{"type":"Feature","properties":{"ID":107251539,"yr":2018,"dt":"2018-09-02T18:59:00","WOJ":22,"sev":1,"c":[255,255,0,160],"dmg":0,"sli":1,"ser":0,"fat":0,"row":-1,"mot":-1,"pie":-1,"uto":-1,"uwr":-1},"geometry":{"type":"Point","coordinates":[18.614333,54.091444]}},{"type":"Feature","properties":{"ID":107251315,"yr":2018,"dt":"2018-09-02T17:00:00","WOJ":22,"sev":1,"c":[255,255,0,160],"dmg":0,"sli":1,"ser":0,"fat":0,"row":-1,"mot":-1,"pie":-1,"uto":-1,"uwr":-1},"geometry":{"type":"Point","coordinates":[18.017944,54.400139]}},{"type":"Feature","properties":{"ID":107251143,"yr":2018,"dt":"2018-09-02T14:20:00","WOJ":22,"sev":1,"c":[255,255,0,160],"dmg":1,"sli":2,"ser":0,"fat":0,"row":-1,"mot":-1,"pie":-1,"uto":-1,"uwr":-1},"geometry":{"type":"Point","coordinates":[17.643056,53.708889]}},{"type":"Feature","properties":{"ID":107251272,"yr":2018,"dt":"2018-09-02T16:14:00","WOJ":22,"sev":1,"c":[255,255,0,160],"dmg":1,"sli":1,"ser":0,"fat":0,"row":1,"mot":-1,"pie":-1,"uto":-1,"uwr":-1},"geometry":{"type":"Point","coordinates":[18.310889,54.573222]}},{"type":"Feature","properties":{"ID":107252119,"yr":2018,"dt":"2018-09-03T13:40:00","WOJ":22,"sev":1,"c":[255,255,0,160],"dmg":1,"sli":1,"ser":0,"fat":0,"row":-1,"mot":-1,"pie":-1,"uto":-1,"uwr":-1},"geometry":{"type":"Point","coordinates":[18.411028,54.067222]}},{"type":"Feature","properties":{"ID":107253264,"yr":2018,"dt":"2018-09-03T09:45:00","WOJ":22,"sev":1,"c":[255,255,0,160],"dmg":1,"sli":1,"ser":0,"fat":0,"row":-1,"mot":-1,"pie":-1,"uto":-1,"uwr":-1},"geometry":{"type":"Point","coordinates":[18.390417,54.711111]}},{"type":"Feature","properties":{"ID":107254284,"yr":2018,"dt":"2018-09-03T23:00:00","WOJ":22,"sev":1,"c":[255,255,0,160],"dmg":1,"sli":1,"ser":0,"fat":0,"row":-1,"mot":-1,"pie":-1,"uto":-1,"uwr":-1},"geometry":{"type":"Point","coordinates":[18.39175,54.707028]}},{"type":"Feature","properties":{"ID":107253348,"yr":2018,"dt":"2018-09-03T12:00:00","WOJ":22,"sev":1,"c":[255,255,0,160],"dmg":2,"sli":1,"ser":0,"fat":0,"row":-1,"mot":-1,"pie":-1,"uto":-1,"uwr":-1},"geometry":{"type":"Point","coordinates":[18.557778,54.330833]}},{"type":"Feature","properties":{"ID":107254128,"yr":2018,"dt":"2018-09-03T17:45:00","WOJ":22,"sev":1,"c":[255,255,0,160],"dmg":1,"sli":1,"ser":0,"fat":0,"row":1,"mot":-1,"pie":-1,"uto":-1,"uwr":-1},"geometry":{"type":"Point","coordinates":[19.152167,53.9825]}},{"type":"Feature","properties":{"ID":107254103,"yr":2018,"dt":"2018-09-03T20:00:00","WOJ":22,"sev":1,"c":[255,255,0,160],"dmg":1,"sli":1,"ser":0,"fat":0,"row":-1,"mot":1,"pie":-1,"uto":-1,"uwr":-1},"geometry":{"type":"Point","coordinates":[18.206056,54.335]}},{"type":"Feature","properties":{"ID":107255861,"yr":2018,"dt":"2018-09-03T16:10:00","WOJ":22,"sev":1,"c":[255,255,0,160],"dmg":1,"sli":1,"ser":0,"fat":0,"row":-1,"mot":-1,"pie":1,"uto":-1,"uwr":-1},"geometry":{"type":"Point","coordinates":[18.561944,54.443056]}},{"type":"Feature","properties":{"ID":107253778,"yr":2018,"dt":"2018-09-03T15:55:00","WOJ":22,"sev":1,"c":[255,255,0,160],"dmg":2,"sli":1,"ser":0,"fat":0,"row":-1,"mot":-1,"pie":-1,"uto":-1,"uwr":-1},"geometry":{"type":"Point","coordinates":[18.61275,54.224389]}},{"type":"Feature","properties":{"ID":107253078,"yr":2018,"dt":"2018-09-03T10:45:00","WOJ":22,"sev":1,"c":[255,255,0,160],"dmg":3,"sli":1,"ser":0,"fat":0,"row":-1,"mot":-1,"pie":-1,"uto":-1,"uwr":-1},"geometry":{"type":"Point","coordinates":[18.522222,54.29175]}},{"type":"Feature","properties":{"ID":107253881,"yr":2018,"dt":"2018-09-03T10:45:00","WOJ":22,"sev":1,"c":[255,255,0,160],"dmg":2,"sli":1,"ser":0,"fat":0,"row":-1,"mot":-1,"pie":-1,"uto":-1,"uwr":-1},"geometry":{"type":"Point","coordinates":[18.420833,54.5525]}},{"type":"Feature","properties":{"ID":107253841,"yr":2018,"dt":"2018-09-03T14:20:00","WOJ":22,"sev":1,"c":[255,255,0,160],"dmg":1,"sli":1,"ser":0,"fat":0,"row":-1,"mot":-1,"pie":-1,"uto":-1,"uwr":-1},"geometry":{"type":"Point","coordinates":[18.159306,54.779833]}},{"type":"Feature","properties":{"ID":107255895,"yr":2018,"dt":"2018-09-04T07:55:00","WOJ":22,"sev":1,"c":[255,255,0,160],"dmg":1,"sli":1,"ser":0,"fat":0,"row":1,"mot":-1,"pie":-1,"uto":-1,"uwr":-1},"geometry":{"type":"Point","coordinates":[18.621111,54.374444]}},{"type":"Feature","properties":{"ID":107257021,"yr":2018,"dt":"2018-09-04T10:38:00","WOJ":22,"sev":1,"c":[255,255,0,160],"dmg":0,"sli":1,"ser":0,"fat":0,"row":-1,"mot":-1,"pie":-1,"uto":-1,"uwr":-1},"geometry":{"type":"Point","coordinates":[19.01258,53.9527]}},{"type":"Feature","properties":{"ID":107257775,"yr":2018,"dt":"2018-09-04T19:10:00","WOJ":22,"sev":1,"c":[255,255,0,160],"dmg":1,"sli":1,"ser":0,"fat":0,"row":-1,"mot":-1,"pie":1,"uto":-1,"uwr":-1},"geometry":{"type":"Point","coordinates":[17.013278,54.368056]}},{"type":"Feature","properties":{"ID":107257943,"yr":2018,"dt":"2018-09-04T20:55:00","WOJ":22,"sev":1,"c":[255,255,0,160],"dmg":1,"sli":1,"ser":0,"fat":0,"row":1,"mot":-1,"pie":-1,"uto":-1,"uwr":-1},"geometry":{"type":"Point","coordinates":[18.605278,54.3925]}},{"type":"Feature","properties":{"ID":107255951,"yr":2018,"dt":"2018-09-04T10:20:00","WOJ":22,"sev":1,"c":[255,255,0,160],"dmg":0,"sli":1,"ser":0,"fat":0,"row":-1,"mot":-1,"pie":-1,"uto":-1,"uwr":-1},"geometry":{"type":"Point","coordinates":[17.953611,54.130556]}},{"type":"Feature","properties":{"ID":107257539,"yr":2018,"dt":"2018-09-04T17:26:00","WOJ":22,"sev":1,"c":[255,255,0,160],"dmg":1,"sli":1,"ser":0,"fat":0,"row":1,"mot":-1,"pie":-1,"uto":-1,"uwr":-1},"geometry":{"type":"Point","coordinates":[17.380667,53.675417]}},{"type":"Feature","properties":{"ID":107258855,"yr":2018,"dt":"2018-09-05T22:05:00","WOJ":22,"sev":1,"c":[255,255,0,160],"dmg":1,"sli":1,"ser":0,"fat":0,"row":-1,"mot":-1,"pie":-1,"uto":-1,"uwr":-1},"geometry":{"type":"Point","coordinates":[18.330778,54.786472]}},{"type":"Feature","properties":{"ID":107259830,"yr":2018,"dt":"2018-09-05T14:44:00","WOJ":22,"sev":1,"c":[255,255,0,160],"dmg":3,"sli":1,"ser":0,"fat":0,"row":-1,"mot":-1,"pie":-1,"uto":-1,"uwr":-1},"geometry":{"type":"Point","coordinates":[17.064056,53.67975]}},{"type":"Feature","properties":{"ID":107260384,"yr":2018,"dt":"2018-09-05T20:25:00","WOJ":22,"sev":1,"c":[255,255,0,160],"dmg":1,"sli":1,"ser":0,"fat":0,"row":1,"mot":-1,"pie":-1,"uto":-1,"uwr":-1},"geometry":{"type":"Point","coordinates":[17.266472,53.632722]}},{"type":"Feature","properties":{"ID":107264450,"yr":2018,"dt":"2018-09-06T17:10:00","WOJ":22,"sev":1,"c":[255,255,0,160],"dmg":1,"sli":1,"ser":0,"fat":0,"row":1,"mot":-1,"pie":-1,"uto":-1,"uwr":-1},"geometry":{"type":"Point","coordinates":[18.605,54.408889]}},{"type":"Feature","properties":{"ID":107264406,"yr":2018,"dt":"2018-09-06T15:50:00","WOJ":22,"sev":1,"c":[255,255,0,160],"dmg":4,"sli":1,"ser":0,"fat":0,"row":-1,"mot":-1,"pie":-1,"uto":-1,"uwr":-1},"geometry":{"type":"Point","coordinates":[18.641111,54.340278]}},{"type":"Feature","properties":{"ID":107263976,"yr":2018,"dt":"2018-09-06T20:10:00","WOJ":22,"sev":1,"c":[255,255,0,160],"dmg":0,"sli":2,"ser":0,"fat":0,"row":-1,"mot":-1,"pie":-1,"uto":-1,"uwr":-1},"geometry":{"type":"Point","coordinates":[18.127556,53.855639]}},{"type":"Feature","properties":{"ID":107262733,"yr":2018,"dt":"2018-09-06T18:00:00","WOJ":22,"sev":1,"c":[255,255,0,160],"dmg":0,"sli":1,"ser":0,"fat":0,"row":-1,"mot":-1,"pie":-1,"uto":-1,"uwr":-1},"geometry":{"type":"Point","coordinates":[19.041167,53.911833]}},{"type":"Feature","properties":{"ID":107262828,"yr":2018,"dt":"2018-09-06T13:15:00","WOJ":22,"sev":1,"c":[255,255,0,160],"dmg":2,"sli":1,"ser":0,"fat":0,"row":-1,"mot":-1,"pie":-1,"uto":-1,"uwr":-1},"geometry":{"type":"Point","coordinates":[19.116833,54.038889]}},{"type":"Feature","properties":{"ID":107262858,"yr":2018,"dt":"2018-09-06T16:50:00","WOJ":22,"sev":1,"c":[255,255,0,160],"dmg":1,"sli":3,"ser":0,"fat":0,"row":-1,"mot":-1,"pie":-1,"uto":-1,"uwr":-1},"geometry":{"type":"Point","coordinates":[18.625111,54.094417]}},{"type":"Feature","properties":{"ID":107265040,"yr":2018,"dt":"2018-09-07T09:50:00","WOJ":22,"sev":1,"c":[255,255,0,160],"dmg":1,"sli":1,"ser":0,"fat":0,"row":-1,"mot":-1,"pie":1,"uto":-1,"uwr":-1},"geometry":{"type":"Point","coordinates":[18.218111,53.906611]}},{"type":"Feature","properties":{"ID":107264910,"yr":2018,"dt":"2018-09-07T12:40:00","WOJ":22,"sev":1,"c":[255,255,0,160],"dmg":0,"sli":2,"ser":0,"fat":0,"row":-1,"mot":-1,"pie":-1,"uto":-1,"uwr":-1},"geometry":{"type":"Point","coordinates":[18.549472,53.953222]}},{"type":"Feature","properties":{"ID":107265276,"yr":2018,"dt":"2018-09-07T15:40:00","WOJ":22,"sev":1,"c":[255,255,0,160],"dmg":0,"sli":2,"ser":0,"fat":0,"row":-1,"mot":-1,"pie":-1,"uto":-1,"uwr":-1},"geometry":{"type":"Point","coordinates":[18.271611,54.3155]}},{"type":"Feature","properties":{"ID":107265592,"yr":2018,"dt":"2018-09-07T18:25:00","WOJ":22,"sev":1,"c":[255,255,0,160],"dmg":0,"sli":2,"ser":0,"fat":0,"row":-1,"mot":-1,"pie":-1,"uto":-1,"uwr":-1},"geometry":{"type":"Point","coordinates":[17.135083,54.613833]}},{"type":"Feature","properties":{"ID":107271851,"yr":2018,"dt":"2018-09-07T17:30:00","WOJ":22,"sev":1,"c":[255,255,0,160],"dmg":1,"sli":1,"ser":0,"fat":0,"row":1,"mot":-1,"pie":-1,"uto":-1,"uwr":-1},"geometry":{"type":"Point","coordinates":[18.936694,53.823278]}},{"type":"Feature","properties":{"ID":107382126,"yr":2018,"dt":"2018-09-08T06:25:00","WOJ":22,"sev":1,"c":[255,255,0,160],"dmg":0,"sli":2,"ser":0,"fat":0,"row":-1,"mot":-1,"pie":-1,"uto":-1,"uwr":-1},"geometry":{"type":"Point","coordinates":[18.592389,54.146556]}},{"type":"Feature","properties":{"ID":107268929,"yr":2018,"dt":"2018-09-08T20:10:00","WOJ":22,"sev":1,"c":[255,255,0,160],"dmg":1,"sli":1,"ser":0,"fat":0,"row":-1,"mot":1,"pie":-1,"uto":-1,"uwr":-1},"geometry":{"type":"Point","coordinates":[18.379056,54.746028]}},{"type":"Feature","properties":{"ID":107268842,"yr":2018,"dt":"2018-09-08T18:05:00","WOJ":22,"sev":1,"c":[255,255,0,160],"dmg":1,"sli":1,"ser":0,"fat":0,"row":1,"mot":-1,"pie":-1,"uto":-1,"uwr":-1},"geometry":{"type":"Point","coordinates":[18.6275,54.349722]}},{"type":"Feature","properties":{"ID":107267638,"yr":2018,"dt":"2018-09-08T16:00:00","WOJ":22,"sev":1,"c":[255,255,0,160],"dmg":1,"sli":1,"ser":0,"fat":0,"row":-1,"mot":1,"pie":-1,"uto":-1,"uwr":-1},"geometry":{"type":"Point","coordinates":[18.795833,54.071778]}},{"type":"Feature","properties":{"ID":107269055,"yr":2018,"dt":"2018-09-09T04:10:00","WOJ":22,"sev":1,"c":[255,255,0,160],"dmg":1,"sli":1,"ser":0,"fat":0,"row":-1,"mot":-1,"pie":-1,"uto":-1,"uwr":-1},"geometry":{"type":"Point","coordinates":[18.570861,53.955306]}},{"type":"Feature","properties":{"ID":107269705,"yr":2018,"dt":"2018-09-09T19:37:00","WOJ":22,"sev":1,"c":[255,255,0,160],"dmg":2,"sli":1,"ser":0,"fat":0,"row":-1,"mot":-1,"pie":-1,"uto":-1,"uwr":-1},"geometry":{"type":"Point","coordinates":[17.248833,53.715889]}},{"type":"Feature","properties":{"ID":107269915,"yr":2018,"dt":"2018-09-10T06:50:00","WOJ":22,"sev":1,"c":[255,255,0,160],"dmg":1,"sli":1,"ser":0,"fat":0,"row":-1,"mot":-1,"pie":-1,"uto":-1,"uwr":-1},"geometry":{"type":"Point","coordinates":[18.604444,54.323889]}},{"type":"Feature","properties":{"ID":107271254,"yr":2018,"dt":"2018-09-10T08:25:00","WOJ":22,"sev":1,"c":[255,255,0,160],"dmg":1,"sli":1,"ser":0,"fat":0,"row":-1,"mot":-1,"pie":1,"uto":-1,"uwr":-1},"geometry":{"type":"Point","coordinates":[18.918361,53.7345]}},{"type":"Feature","properties":{"ID":107271801,"yr":2018,"dt":"2018-09-10T13:10:00","WOJ":22,"sev":1,"c":[255,255,0,160],"dmg":0,"sli":1,"ser":0,"fat":0,"row":-1,"mot":-1,"pie":-1,"uto":-1,"uwr":-1},"geometry":{"type":"Point","coordinates":[18.20825,54.335]}},{"type":"Feature","properties":{"ID":107271899,"yr":2018,"dt":"2018-09-10T12:58:00","WOJ":22,"sev":1,"c":[255,255,0,160],"dmg":2,"sli":1,"ser":0,"fat":0,"row":-1,"mot":-1,"pie":-1,"uto":-1,"uwr":-1},"geometry":{"type":"Point","coordinates":[19.007472,54.039194]}},{"type":"Feature","properties":{"ID":107273554,"yr":2018,"dt":"2018-09-11T02:10:00","WOJ":22,"sev":1,"c":[255,255,0,160],"dmg":1,"sli":1,"ser":0,"fat":0,"row":-1,"mot":-1,"pie":-1,"uto":-1,"uwr":-1},"geometry":{"type":"Point","coordinates":[18.134111,54.349972]}},{"type":"Feature","properties":{"ID":107274571,"yr":2018,"dt":"2018-09-11T14:52:00","WOJ":22,"sev":1,"c":[255,255,0,160],"dmg":1,"sli":1,"ser":0,"fat":0,"row":-1,"mot":-1,"pie":1,"uto":-1,"uwr":-1},"geometry":{"type":"Point","coordinates":[18.495194,54.539528]}},{"type":"Feature","properties":{"ID":107273793,"yr":2018,"dt":"2018-09-11T07:05:00","WOJ":22,"sev":1,"c":[255,255,0,160],"dmg":0,"sli":1,"ser":0,"fat":0,"row":-1,"mot":-1,"pie":-1,"uto":-1,"uwr":-1},"geometry":{"type":"Point","coordinates":[19.069167,54.114278]}},{"type":"Feature","properties":{"ID":107285494,"yr":2018,"dt":"2018-09-12T12:40:00","WOJ":22,"sev":1,"c":[255,255,0,160],"dmg":1,"sli":1,"ser":0,"fat":0,"row":1,"mot":-1,"pie":-1,"uto":-1,"uwr":-1},"geometry":{"type":"Point","coordinates":[18.5295,53.960278]}},{"type":"Feature","properties":{"ID":107277284,"yr":2018,"dt":"2018-09-12T15:20:00","WOJ":22,"sev":1,"c":[255,255,0,160],"dmg":1,"sli":1,"ser":0,"fat":0,"row":-1,"mot":-1,"pie":-1,"uto":-1,"uwr":-1},"geometry":{"type":"Point","coordinates":[18.851778,53.152333]}},{"type":"Feature","properties":{"ID":107289833,"yr":2018,"dt":"2018-09-12T16:20:00","WOJ":22,"sev":1,"c":[255,255,0,160],"dmg":1,"sli":1,"ser":0,"fat":0,"row":1,"mot":-1,"pie":0,"uto":-1,"uwr":-1},"geometry":{"type":"Point","coordinates":[18.645833,54.355556]}},{"type":"Feature","properties":{"ID":107277076,"yr":2018,"dt":"2018-09-12T10:15:00","WOJ":22,"sev":1,"c":[255,255,0,160],"dmg":3,"sli":2,"ser":0,"fat":0,"row":-1,"mot":-1,"pie":-1,"uto":-1,"uwr":-1},"geometry":{"type":"Point","coordinates":[18.604167,54.379722]}},{"type":"Feature","properties":{"ID":107277331,"yr":2018,"dt":"2018-09-12T15:30:00","WOJ":22,"sev":1,"c":[255,255,0,160],"dmg":1,"sli":1,"ser":0,"fat":0,"row":1,"mot":-1,"pie":-1,"uto":-1,"uwr":-1},"geometry":{"type":"Point","coordinates":[18.632222,54.378333]}},{"type":"Feature","properties":{"ID":107276804,"yr":2018,"dt":"2018-09-12T12:45:00","WOJ":22,"sev":1,"c":[255,255,0,160],"dmg":1,"sli":1,"ser":0,"fat":0,"row":1,"mot":-1,"pie":-1,"uto":-1,"uwr":-1},"geometry":{"type":"Point","coordinates":[18.79275,54.078889]}},{"type":"Feature","properties":{"ID":107277033,"yr":2018,"dt":"2018-09-12T11:00:00","WOJ":22,"sev":1,"c":[255,255,0,160],"dmg":0,"sli":1,"ser":0,"fat":0,"row":-1,"mot":-1,"pie":-1,"uto":-1,"uwr":-1},"geometry":{"type":"Point","coordinates":[18.094972,54.274833]}},{"type":"Feature","properties":{"ID":107276383,"yr":2018,"dt":"2018-09-12T06:31:00","WOJ":22,"sev":1,"c":[255,255,0,160],"dmg":1,"sli":1,"ser":0,"fat":0,"row":-1,"mot":-1,"pie":-1,"uto":-1,"uwr":-1},"geometry":{"type":"Point","coordinates":[18.202472,54.5195]}},{"type":"Feature","properties":{"ID":107278680,"yr":2018,"dt":"2018-09-13T12:00:00","WOJ":22,"sev":1,"c":[255,255,0,160],"dmg":1,"sli":2,"ser":0,"fat":0,"row":-1,"mot":1,"pie":-1,"uto":-1,"uwr":-1},"geometry":{"type":"Point","coordinates":[18.536833,53.846806]}},{"type":"Feature","properties":{"ID":107278185,"yr":2018,"dt":"2018-09-13T05:50:00","WOJ":22,"sev":1,"c":[255,255,0,160],"dmg":1,"sli":1,"ser":0,"fat":0,"row":-1,"mot":-1,"pie":-1,"uto":-1,"uwr":-1},"geometry":{"type":"Point","coordinates":[18.618,54.025944]}},{"type":"Feature","properties":{"ID":107279874,"yr":2018,"dt":"2018-09-13T17:58:00","WOJ":22,"sev":1,"c":[255,255,0,160],"dmg":1,"sli":1,"ser":0,"fat":0,"row":-1,"mot":-1,"pie":-1,"uto":-1,"uwr":-1},"geometry":{"type":"Point","coordinates":[18.578333,54.409167]}},{"type":"Feature","properties":{"ID":107280299,"yr":2018,"dt":"2018-09-13T13:45:00","WOJ":22,"sev":1,"c":[255,255,0,160],"dmg":1,"sli":1,"ser":0,"fat":0,"row":-1,"mot":-1,"pie":1,"uto":-1,"uwr":-1},"geometry":{"type":"Point","coordinates":[18.593889,54.355556]}},{"type":"Feature","properties":{"ID":107278583,"yr":2018,"dt":"2018-09-13T09:02:00","WOJ":22,"sev":1,"c":[255,255,0,160],"dmg":1,"sli":5,"ser":0,"fat":0,"row":-1,"mot":-1,"pie":-1,"uto":-1,"uwr":-1},"geometry":{"type":"Point","coordinates":[18.389083,54.567611]}},{"type":"Feature","properties":{"ID":107282786,"yr":2018,"dt":"2018-09-14T12:20:00","WOJ":22,"sev":1,"c":[255,255,0,160],"dmg":1,"sli":1,"ser":0,"fat":0,"row":-1,"mot":-1,"pie":1,"uto":-1,"uwr":-1},"geometry":{"type":"Point","coordinates":[18.535111,53.972694]}},{"type":"Feature","properties":{"ID":107282730,"yr":2018,"dt":"2018-09-14T11:25:00","WOJ":22,"sev":1,"c":[255,255,0,160],"dmg":1,"sli":1,"ser":0,"fat":0,"row":-1,"mot":-1,"pie":1,"uto":-1,"uwr":-1},"geometry":{"type":"Point","coordinates":[18.510889,53.963889]}},{"type":"Feature","properties":{"ID":107284206,"yr":2018,"dt":"2018-09-14T17:50:00","WOJ":22,"sev":1,"c":[255,255,0,160],"dmg":2,"sli":1,"ser":0,"fat":0,"row":-1,"mot":-1,"pie":-1,"uto":-1,"uwr":-1},"geometry":{"type":"Point","coordinates":[18.360361,54.778389]}},{"type":"Feature","properties":{"ID":107284226,"yr":2018,"dt":"2018-09-14T17:45:00","WOJ":22,"sev":1,"c":[255,255,0,160],"dmg":1,"sli":1,"ser":0,"fat":0,"row":-1,"mot":-1,"pie":-1,"uto":-1,"uwr":-1},"geometry":{"type":"Point","coordinates":[18.946389,53.611]}},{"type":"Feature","properties":{"ID":107282187,"yr":2018,"dt":"2018-09-14T10:40:00","WOJ":22,"sev":1,"c":[255,255,0,160],"dmg":1,"sli":1,"ser":0,"fat":0,"row":-1,"mot":1,"pie":-1,"uto":-1,"uwr":-1},"geometry":{"type":"Point","coordinates":[18.633139,54.24825]}},{"type":"Feature","properties":{"ID":107282406,"yr":2018,"dt":"2018-09-14T08:35:00","WOJ":22,"sev":1,"c":[255,255,0,160],"dmg":1,"sli":1,"ser":0,"fat":0,"row":-1,"mot":-1,"pie":-1,"uto":-1,"uwr":-1},"geometry":{"type":"Point","coordinates":[18.3875,54.570944]}},{"type":"Feature","properties":{"ID":107284311,"yr":2018,"dt":"2018-09-14T18:21:00","WOJ":22,"sev":1,"c":[255,255,0,160],"dmg":1,"sli":2,"ser":0,"fat":0,"row":-1,"mot":-1,"pie":-1,"uto":-1,"uwr":-1},"geometry":{"type":"Point","coordinates":[17.863056,54.129722]}},{"type":"Feature","properties":{"ID":107285104,"yr":2018,"dt":"2018-09-15T11:20:00","WOJ":22,"sev":1,"c":[255,255,0,160],"dmg":0,"sli":1,"ser":0,"fat":0,"row":-1,"mot":-1,"pie":-1,"uto":-1,"uwr":-1},"geometry":{"type":"Point","coordinates":[18.069444,54.087222]}},{"type":"Feature","properties":{"ID":107285226,"yr":2018,"dt":"2018-09-15T12:42:00","WOJ":22,"sev":1,"c":[255,255,0,160],"dmg":1,"sli":1,"ser":0,"fat":0,"row":-1,"mot":-1,"pie":-1,"uto":-1,"uwr":-1},"geometry":{"type":"Point","coordinates":[18.329889,54.454667]}},{"type":"Feature","properties":{"ID":107287026,"yr":2018,"dt":"2018-09-15T10:15:00","WOJ":22,"sev":1,"c":[255,255,0,160],"dmg":1,"sli":1,"ser":0,"fat":0,"row":-1,"mot":1,"pie":-1,"uto":-1,"uwr":-1},"geometry":{"type":"Point","coordinates":[18.754028,54.08625]}},{"type":"Feature","properties":{"ID":107300892,"yr":2018,"dt":"2018-09-15T22:40:00","WOJ":22,"sev":1,"c":[255,255,0,160],"dmg":0,"sli":2,"ser":0,"fat":0,"row":-1,"mot":-1,"pie":-1,"uto":-1,"uwr":-1},"geometry":{"type":"Point","coordinates":[18.326972,54.395389]}},{"type":"Feature","properties":{"ID":107282705,"yr":2018,"dt":"2018-09-16T09:45:00","WOJ":22,"sev":1,"c":[255,255,0,160],"dmg":1,"sli":1,"ser":0,"fat":0,"row":1,"mot":-1,"pie":-1,"uto":-1,"uwr":-1},"geometry":{"type":"Point","coordinates":[18.592806,53.996472]}},{"type":"Feature","properties":{"ID":107285948,"yr":2018,"dt":"2018-09-16T07:30:00","WOJ":22,"sev":1,"c":[255,255,0,160],"dmg":1,"sli":1,"ser":0,"fat":0,"row":-1,"mot":-1,"pie":-1,"uto":-1,"uwr":-1},"geometry":{"type":"Point","coordinates":[18.130639,54.219722]}},{"type":"Feature","properties":{"ID":107286098,"yr":2018,"dt":"2018-09-16T11:40:00","WOJ":22,"sev":1,"c":[255,255,0,160],"dmg":0,"sli":4,"ser":0,"fat":0,"row":-1,"mot":-1,"pie":-1,"uto":-1,"uwr":-1},"geometry":{"type":"Point","coordinates":[18.615,54.407222]}},{"type":"Feature","properties":{"ID":107288019,"yr":2018,"dt":"2018-09-16T10:25:00","WOJ":22,"sev":1,"c":[255,255,0,160],"dmg":0,"sli":1,"ser":0,"fat":0,"row":-1,"mot":1,"pie":-1,"uto":-1,"uwr":-1},"geometry":{"type":"Point","coordinates":[17.074194,54.53625]}},{"type":"Feature","properties":{"ID":107286248,"yr":2018,"dt":"2018-09-16T16:45:00","WOJ":22,"sev":1,"c":[255,255,0,160],"dmg":0,"sli":1,"ser":0,"fat":0,"row":-1,"mot":1,"pie":-1,"uto":-1,"uwr":-1},"geometry":{"type":"Point","coordinates":[17.5025,53.818611]}},{"type":"Feature","properties":{"ID":107289232,"yr":2018,"dt":"2018-09-17T19:48:00","WOJ":22,"sev":1,"c":[255,255,0,160],"dmg":0,"sli":1,"ser":0,"fat":0,"row":-1,"mot":1,"pie":-1,"uto":-1,"uwr":-1},"geometry":{"type":"Point","coordinates":[17.40425,54.132722]}},{"type":"Feature","properties":{"ID":107288919,"yr":2018,"dt":"2018-09-17T15:50:00","WOJ":22,"sev":1,"c":[255,255,0,160],"dmg":2,"sli":1,"ser":0,"fat":0,"row":-1,"mot":-1,"pie":-1,"uto":-1,"uwr":-1},"geometry":{"type":"Point","coordinates":[18.258194,54.35925]}},{"type":"Feature","properties":{"ID":107288474,"yr":2018,"dt":"2018-09-17T11:45:00","WOJ":22,"sev":1,"c":[255,255,0,160],"dmg":1,"sli":1,"ser":0,"fat":0,"row":-1,"mot":-1,"pie":1,"uto":-1,"uwr":-1},"geometry":{"type":"Point","coordinates":[18.556389,54.370556]}},{"type":"Feature","properties":{"ID":107289344,"yr":2018,"dt":"2018-09-17T15:40:00","WOJ":22,"sev":1,"c":[255,255,0,160],"dmg":1,"sli":1,"ser":0,"fat":0,"row":-1,"mot":-1,"pie":1,"uto":-1,"uwr":-1},"geometry":{"type":"Point","coordinates":[18.830167,53.812889]}},{"type":"Feature","properties":{"ID":107288563,"yr":2018,"dt":"2018-09-17T13:25:00","WOJ":22,"sev":1,"c":[255,255,0,160],"dmg":1,"sli":1,"ser":0,"fat":0,"row":0,"mot":-1,"pie":-1,"uto":-1,"uwr":-1},"geometry":{"type":"Point","coordinates":[18.728583,53.914389]}},{"type":"Feature","properties":{"ID":107286667,"yr":2018,"dt":"2018-09-17T03:28:00","WOJ":22,"sev":1,"c":[255,255,0,160],"dmg":3,"sli":1,"ser":0,"fat":0,"row":-1,"mot":-1,"pie":-1,"uto":-1,"uwr":-1},"geometry":{"type":"Point","coordinates":[18.241889,54.604778]}},{"type":"Feature","properties":{"ID":107292051,"yr":2018,"dt":"2018-09-18T09:45:00","WOJ":22,"sev":1,"c":[255,255,0,160],"dmg":1,"sli":1,"ser":0,"fat":0,"row":-1,"mot":-1,"pie":-1,"uto":-1,"uwr":-1},"geometry":{"type":"Point","coordinates":[18.494389,53.958722]}},{"type":"Feature","properties":{"ID":107293135,"yr":2018,"dt":"2018-09-18T01:30:00","WOJ":22,"sev":1,"c":[255,255,0,160],"dmg":1,"sli":1,"ser":0,"fat":0,"row":-1,"mot":-1,"pie":-1,"uto":-1,"uwr":-1},"geometry":{"type":"Point","coordinates":[18.44675,54.071944]}},{"type":"Feature","properties":{"ID":107293128,"yr":2018,"dt":"2018-09-18T21:50:00","WOJ":22,"sev":1,"c":[255,255,0,160],"dmg":1,"sli":1,"ser":0,"fat":0,"row":-1,"mot":-1,"pie":-1,"uto":-1,"uwr":-1},"geometry":{"type":"Point","coordinates":[18.165861,54.317]}},{"type":"Feature","properties":{"ID":107292856,"yr":2018,"dt":"2018-09-18T15:35:00","WOJ":22,"sev":1,"c":[255,255,0,160],"dmg":2,"sli":2,"ser":0,"fat":0,"row":-1,"mot":-1,"pie":-1,"uto":-1,"uwr":-1},"geometry":{"type":"Point","coordinates":[18.597778,54.382778]}},{"type":"Feature","properties":{"ID":107291923,"yr":2018,"dt":"2018-09-18T09:20:00","WOJ":22,"sev":1,"c":[255,255,0,160],"dmg":0,"sli":1,"ser":0,"fat":0,"row":-1,"mot":-1,"pie":-1,"uto":-1,"uwr":-1},"geometry":{"type":"Point","coordinates":[18.088333,54.141111]}},{"type":"Feature","properties":{"ID":107293075,"yr":2018,"dt":"2018-09-18T18:10:00","WOJ":22,"sev":1,"c":[255,255,0,160],"dmg":2,"sli":1,"ser":0,"fat":0,"row":-1,"mot":-1,"pie":-1,"uto":-1,"uwr":-1},"geometry":{"type":"Point","coordinates":[17.587583,54.155556]}},{"type":"Feature","properties":{"ID":107292205,"yr":2018,"dt":"2018-09-18T10:20:00","WOJ":22,"sev":1,"c":[255,255,0,160],"dmg":1,"sli":1,"ser":0,"fat":0,"row":-1,"mot":-1,"pie":1,"uto":-1,"uwr":-1},"geometry":{"type":"Point","coordinates":[18.233167,54.229278]}},{"type":"Feature","properties":{"ID":107292622,"yr":2018,"dt":"2018-09-18T16:05:00","WOJ":22,"sev":1,"c":[255,255,0,160],"dmg":1,"sli":1,"ser":0,"fat":0,"row":-1,"mot":1,"pie":-1,"uto":-1,"uwr":-1},"geometry":{"type":"Point","coordinates":[18.541611,54.502833]}},{"type":"Feature","properties":{"ID":107301862,"yr":2018,"dt":"2018-09-18T13:35:00","WOJ":22,"sev":1,"c":[255,255,0,160],"dmg":0,"sli":1,"ser":0,"fat":0,"row":1,"mot":-1,"pie":-1,"uto":-1,"uwr":-1},"geometry":{"type":"Point","coordinates":[17.013389,54.454833]}},{"type":"Feature","properties":{"ID":107293249,"yr":2018,"dt":"2018-09-19T07:10:00","WOJ":22,"sev":1,"c":[255,255,0,160],"dmg":1,"sli":2,"ser":0,"fat":0,"row":-1,"mot":-1,"pie":-1,"uto":-1,"uwr":-1},"geometry":{"type":"Point","coordinates":[18.609611,54.250111]}},{"type":"Feature","properties":{"ID":107296888,"yr":2018,"dt":"2018-09-19T17:10:00","WOJ":22,"sev":1,"c":[255,255,0,160],"dmg":1,"sli":1,"ser":0,"fat":0,"row":1,"mot":-1,"pie":-1,"uto":-1,"uwr":-1},"geometry":{"type":"Point","coordinates":[18.2375,54.604389]}},{"type":"Feature","properties":{"ID":107293620,"yr":2018,"dt":"2018-09-19T06:00:00","WOJ":22,"sev":1,"c":[255,255,0,160],"dmg":2,"sli":1,"ser":0,"fat":0,"row":-1,"mot":-1,"pie":-1,"uto":-1,"uwr":-1},"geometry":{"type":"Point","coordinates":[18.686889,54.038667]}},{"type":"Feature","properties":{"ID":107294838,"yr":2018,"dt":"2018-09-19T10:38:00","WOJ":22,"sev":1,"c":[255,255,0,160],"dmg":1,"sli":1,"ser":0,"fat":0,"row":-1,"mot":-1,"pie":-1,"uto":-1,"uwr":-1},"geometry":{"type":"Point","coordinates":[18.584722,54.419722]}},{"type":"Feature","properties":{"ID":107297700,"yr":2018,"dt":"2018-09-20T10:40:00","WOJ":22,"sev":1,"c":[255,255,0,160],"dmg":1,"sli":1,"ser":0,"fat":0,"row":-1,"mot":-1,"pie":-1,"uto":-1,"uwr":-1},"geometry":{"type":"Point","coordinates":[18.175,53.990833]}},{"type":"Feature","properties":{"ID":107299581,"yr":2018,"dt":"2018-09-20T13:28:00","WOJ":22,"sev":1,"c":[255,255,0,160],"dmg":1,"sli":1,"ser":0,"fat":0,"row":-1,"mot":-1,"pie":-1,"uto":-1,"uwr":-1},"geometry":{"type":"Point","coordinates":[18.431111,54.497778]}},{"type":"Feature","properties":{"ID":107299494,"yr":2018,"dt":"2018-09-20T11:45:00","WOJ":22,"sev":1,"c":[255,255,0,160],"dmg":1,"sli":1,"ser":0,"fat":0,"row":-1,"mot":-1,"pie":1,"uto":-1,"uwr":-1},"geometry":{"type":"Point","coordinates":[17.562778,53.694167]}},{"type":"Feature","properties":{"ID":107299676,"yr":2018,"dt":"2018-09-20T20:22:00","WOJ":22,"sev":1,"c":[255,255,0,160],"dmg":2,"sli":1,"ser":0,"fat":0,"row":-1,"mot":1,"pie":-1,"uto":-1,"uwr":-1},"geometry":{"type":"Point","coordinates":[18.534167,54.508056]}},{"type":"Feature","properties":{"ID":107297506,"yr":2018,"dt":"2018-09-20T08:05:00","WOJ":22,"sev":1,"c":[255,255,0,160],"dmg":1,"sli":1,"ser":0,"fat":0,"row":-1,"mot":-1,"pie":1,"uto":-1,"uwr":-1},"geometry":{"type":"Point","coordinates":[18.92975,53.728583]}},{"type":"Feature","properties":{"ID":107319945,"yr":2018,"dt":"2018-09-20T10:00:00","WOJ":22,"sev":1,"c":[255,255,0,160],"dmg":1,"sli":1,"ser":0,"fat":0,"row":-1,"mot":-1,"pie":1,"uto":-1,"uwr":-1},"geometry":{"type":"Point","coordinates":[17.031528,54.467056]}},{"type":"Feature","properties":{"ID":107297501,"yr":2018,"dt":"2018-09-20T10:15:00","WOJ":22,"sev":1,"c":[255,255,0,160],"dmg":1,"sli":1,"ser":0,"fat":0,"row":-1,"mot":-1,"pie":-1,"uto":-1,"uwr":-1},"geometry":{"type":"Point","coordinates":[18.932139,53.734667]}},{"type":"Feature","properties":{"ID":107299592,"yr":2018,"dt":"2018-09-20T15:48:00","WOJ":22,"sev":1,"c":[255,255,0,160],"dmg":3,"sli":1,"ser":0,"fat":0,"row":-1,"mot":-1,"pie":-1,"uto":-1,"uwr":-1},"geometry":{"type":"Point","coordinates":[18.525,54.545833]}},{"type":"Feature","properties":{"ID":107297663,"yr":2018,"dt":"2018-09-20T08:00:00","WOJ":22,"sev":1,"c":[255,255,0,160],"dmg":3,"sli":3,"ser":0,"fat":0,"row":-1,"mot":-1,"pie":-1,"uto":-1,"uwr":-1},"geometry":{"type":"Point","coordinates":[18.5175,54.375833]}},{"type":"Feature","properties":{"ID":107303162,"yr":2018,"dt":"2018-09-21T16:40:00","WOJ":22,"sev":1,"c":[255,255,0,160],"dmg":3,"sli":1,"ser":0,"fat":0,"row":0,"mot":-1,"pie":1,"uto":-1,"uwr":-1},"geometry":{"type":"Point","coordinates":[18.528056,53.972583]}},{"type":"Feature","properties":{"ID":107302045,"yr":2018,"dt":"2018-09-21T08:10:00","WOJ":22,"sev":1,"c":[255,255,0,160],"dmg":1,"sli":1,"ser":0,"fat":0,"row":-1,"mot":-1,"pie":-1,"uto":-1,"uwr":-1},"geometry":{"type":"Point","coordinates":[17.789444,54.033611]}},{"type":"Feature","properties":{"ID":107303387,"yr":2018,"dt":"2018-09-21T16:10:00","WOJ":22,"sev":1,"c":[255,255,0,160],"dmg":1,"sli":1,"ser":0,"fat":0,"row":-1,"mot":-1,"pie":-1,"uto":-1,"uwr":-1},"geometry":{"type":"Point","coordinates":[18.484722,54.400556]}},{"type":"Feature","properties":{"ID":107302284,"yr":2018,"dt":"2018-09-21T09:10:00","WOJ":22,"sev":1,"c":[255,255,0,160],"dmg":1,"sli":1,"ser":0,"fat":0,"row":1,"mot":-1,"pie":-1,"uto":-1,"uwr":-1},"geometry":{"type":"Point","coordinates":[18.683056,54.348889]}},{"type":"Feature","properties":{"ID":107302261,"yr":2018,"dt":"2018-09-21T08:00:00","WOJ":22,"sev":1,"c":[255,255,0,160],"dmg":1,"sli":1,"ser":0,"fat":0,"row":-1,"mot":1,"pie":-1,"uto":-1,"uwr":-1},"geometry":{"type":"Point","coordinates":[18.619722,54.375]}},{"type":"Feature","properties":{"ID":107302187,"yr":2018,"dt":"2018-09-21T07:20:00","WOJ":22,"sev":1,"c":[255,255,0,160],"dmg":2,"sli":1,"ser":0,"fat":0,"row":-1,"mot":-1,"pie":-1,"uto":-1,"uwr":-1},"geometry":{"type":"Point","coordinates":[18.485278,54.368333]}},{"type":"Feature","properties":{"ID":107302564,"yr":2018,"dt":"2018-09-21T11:28:00","WOJ":22,"sev":1,"c":[255,255,0,160],"dmg":2,"sli":1,"ser":0,"fat":0,"row":-1,"mot":-1,"pie":-1,"uto":-1,"uwr":-1},"geometry":{"type":"Point","coordinates":[18.516944,54.524722]}},{"type":"Feature","properties":{"ID":107302742,"yr":2018,"dt":"2018-09-21T14:20:00","WOJ":22,"sev":1,"c":[255,255,0,160],"dmg":2,"sli":1,"ser":0,"fat":0,"row":-1,"mot":-1,"pie":-1,"uto":-1,"uwr":-1},"geometry":{"type":"Point","coordinates":[18.680056,54.18475]}},{"type":"Feature","properties":{"ID":107303616,"yr":2018,"dt":"2018-09-21T20:39:00","WOJ":22,"sev":1,"c":[255,255,0,160],"dmg":1,"sli":1,"ser":0,"fat":0,"row":-1,"mot":-1,"pie":1,"uto":-1,"uwr":-1},"geometry":{"type":"Point","coordinates":[17.447306,54.290583]}},{"type":"Feature","properties":{"ID":107315835,"yr":2018,"dt":"2018-09-21T21:00:00","WOJ":22,"sev":1,"c":[255,255,0,160],"dmg":1,"sli":1,"ser":0,"fat":0,"row":-1,"mot":-1,"pie":1,"uto":-1,"uwr":-1},"geometry":{"type":"Point","coordinates":[17.907194,54.343833]}},{"type":"Feature","properties":{"ID":107303701,"yr":2018,"dt":"2018-09-21T23:30:00","WOJ":22,"sev":1,"c":[255,255,0,160],"dmg":1,"sli":2,"ser":0,"fat":0,"row":-1,"mot":-1,"pie":-1,"uto":-1,"uwr":-1},"geometry":{"type":"Point","coordinates":[16.925417,53.689306]}},{"type":"Feature","properties":{"ID":107301033,"yr":2018,"dt":"2018-09-21T14:08:00","WOJ":22,"sev":1,"c":[255,255,0,160],"dmg":1,"sli":1,"ser":0,"fat":0,"row":-1,"mot":-1,"pie":-1,"uto":-1,"uwr":-1},"geometry":{"type":"Point","coordinates":[18.527889,54.519583]}},{"type":"Feature","properties":{"ID":107301893,"yr":2018,"dt":"2018-09-21T08:00:00","WOJ":22,"sev":1,"c":[255,255,0,160],"dmg":1,"sli":1,"ser":0,"fat":0,"row":-1,"mot":1,"pie":-1,"uto":-1,"uwr":-1},"geometry":{"type":"Point","coordinates":[18.0175,54.120556]}},{"type":"Feature","properties":{"ID":107303603,"yr":2018,"dt":"2018-09-21T22:10:00","WOJ":22,"sev":1,"c":[255,255,0,160],"dmg":0,"sli":1,"ser":0,"fat":0,"row":-1,"mot":-1,"pie":-1,"uto":-1,"uwr":-1},"geometry":{"type":"Point","coordinates":[18.016389,54.123056]}},{"type":"Feature","properties":{"ID":107302320,"yr":2018,"dt":"2018-09-21T11:10:00","WOJ":22,"sev":1,"c":[255,255,0,160],"dmg":1,"sli":1,"ser":0,"fat":0,"row":-1,"mot":-1,"pie":-1,"uto":-1,"uwr":-1},"geometry":{"type":"Point","coordinates":[18.612083,54.23925]}},{"type":"Feature","properties":{"ID":107305645,"yr":2018,"dt":"2018-09-22T15:32:00","WOJ":22,"sev":1,"c":[255,255,0,160],"dmg":1,"sli":2,"ser":0,"fat":0,"row":-1,"mot":-1,"pie":-1,"uto":-1,"uwr":-1},"geometry":{"type":"Point","coordinates":[18.523333,54.522222]}},{"type":"Feature","properties":{"ID":107305484,"yr":2018,"dt":"2018-09-22T14:47:00","WOJ":22,"sev":1,"c":[255,255,0,160],"dmg":2,"sli":1,"ser":0,"fat":0,"row":-1,"mot":-1,"pie":1,"uto":-1,"uwr":-1},"geometry":{"type":"Point","coordinates":[18.645278,54.352778]}},{"type":"Feature","properties":{"ID":107305432,"yr":2018,"dt":"2018-09-22T15:50:00","WOJ":22,"sev":1,"c":[255,255,0,160],"dmg":1,"sli":1,"ser":0,"fat":0,"row":-1,"mot":1,"pie":-1,"uto":-1,"uwr":-1},"geometry":{"type":"Point","coordinates":[17.773056,54.093333]}},{"type":"Feature","properties":{"ID":107310477,"yr":2018,"dt":"2018-09-22T14:30:00","WOJ":22,"sev":1,"c":[255,255,0,160],"dmg":0,"sli":1,"ser":0,"fat":0,"row":-1,"mot":-1,"pie":-1,"uto":-1,"uwr":-1},"geometry":{"type":"Point","coordinates":[18.701667,54.359167]}},{"type":"Feature","properties":{"ID":107305348,"yr":2018,"dt":"2018-09-22T12:00:00","WOJ":22,"sev":1,"c":[255,255,0,160],"dmg":2,"sli":3,"ser":0,"fat":0,"row":-1,"mot":-1,"pie":-1,"uto":-1,"uwr":-1},"geometry":{"type":"Point","coordinates":[19.193778,53.80175]}},{"type":"Feature","properties":{"ID":107305977,"yr":2018,"dt":"2018-09-23T00:40:00","WOJ":22,"sev":1,"c":[255,255,0,160],"dmg":2,"sli":1,"ser":0,"fat":0,"row":-1,"mot":-1,"pie":-1,"uto":-1,"uwr":-1},"geometry":{"type":"Point","coordinates":[18.633611,54.330556]}},{"type":"Feature","properties":{"ID":107306252,"yr":2018,"dt":"2018-09-23T12:12:00","WOJ":22,"sev":1,"c":[255,255,0,160],"dmg":2,"sli":1,"ser":0,"fat":0,"row":-1,"mot":-1,"pie":-1,"uto":-1,"uwr":-1},"geometry":{"type":"Point","coordinates":[18.598611,54.321111]}},{"type":"Feature","properties":{"ID":107306261,"yr":2018,"dt":"2018-09-23T15:00:00","WOJ":22,"sev":1,"c":[255,255,0,160],"dmg":1,"sli":1,"ser":0,"fat":0,"row":1,"mot":-1,"pie":-1,"uto":-1,"uwr":-1},"geometry":{"type":"Point","coordinates":[18.6985,54.691556]}},{"type":"Feature","properties":{"ID":107310231,"yr":2018,"dt":"2018-09-24T08:30:00","WOJ":22,"sev":1,"c":[255,255,0,160],"dmg":0,"sli":1,"ser":0,"fat":0,"row":-1,"mot":-1,"pie":-1,"uto":-1,"uwr":-1},"geometry":{"type":"Point","coordinates":[18.17625,54.256361]}},{"type":"Feature","properties":{"ID":107310343,"yr":2018,"dt":"2018-09-24T07:45:00","WOJ":22,"sev":1,"c":[255,255,0,160],"dmg":2,"sli":1,"ser":0,"fat":0,"row":-1,"mot":-1,"pie":1,"uto":-1,"uwr":-1},"geometry":{"type":"Point","coordinates":[18.566389,54.374444]}},{"type":"Feature","properties":{"ID":107310147,"yr":2018,"dt":"2018-09-24T06:15:00","WOJ":22,"sev":1,"c":[255,255,0,160],"dmg":1,"sli":1,"ser":0,"fat":0,"row":-1,"mot":-1,"pie":-1,"uto":-1,"uwr":-1},"geometry":{"type":"Point","coordinates":[18.783028,54.098222]}},{"type":"Feature","properties":{"ID":107309034,"yr":2018,"dt":"2018-09-24T08:52:00","WOJ":22,"sev":1,"c":[255,255,0,160],"dmg":0,"sli":1,"ser":0,"fat":0,"row":-1,"mot":-1,"pie":-1,"uto":-1,"uwr":-1},"geometry":{"type":"Point","coordinates":[17.2345,53.625528]}},{"type":"Feature","properties":{"ID":107311779,"yr":2018,"dt":"2018-09-24T20:50:00","WOJ":22,"sev":1,"c":[255,255,0,160],"dmg":1,"sli":1,"ser":0,"fat":0,"row":-1,"mot":-1,"pie":1,"uto":-1,"uwr":-1},"geometry":{"type":"Point","coordinates":[18.633333,54.253167]}},{"type":"Feature","properties":{"ID":107311264,"yr":2018,"dt":"2018-09-24T15:40:00","WOJ":22,"sev":1,"c":[255,255,0,160],"dmg":2,"sli":2,"ser":0,"fat":0,"row":-1,"mot":-1,"pie":-1,"uto":-1,"uwr":-1},"geometry":{"type":"Point","coordinates":[18.934833,53.726083]}},{"type":"Feature","properties":{"ID":107310264,"yr":2018,"dt":"2018-09-24T05:30:00","WOJ":22,"sev":1,"c":[255,255,0,160],"dmg":1,"sli":2,"ser":0,"fat":0,"row":-1,"mot":-1,"pie":-1,"uto":-1,"uwr":-1},"geometry":{"type":"Point","coordinates":[19.047972,54.130722]}},{"type":"Feature","properties":{"ID":107339003,"yr":2018,"dt":"2018-09-25T20:30:00","WOJ":22,"sev":1,"c":[255,255,0,160],"dmg":1,"sli":1,"ser":0,"fat":0,"row":-1,"mot":-1,"pie":-1,"uto":-1,"uwr":-1},"geometry":{"type":"Point","coordinates":[18.591389,54.403333]}},{"type":"Feature","properties":{"ID":107313381,"yr":2018,"dt":"2018-09-25T16:00:00","WOJ":22,"sev":1,"c":[255,255,0,160],"dmg":1,"sli":1,"ser":0,"fat":0,"row":-1,"mot":-1,"pie":1,"uto":-1,"uwr":-1},"geometry":{"type":"Point","coordinates":[18.608056,54.2575]}},{"type":"Feature","properties":{"ID":107309633,"yr":2018,"dt":"2018-09-25T16:10:00","WOJ":22,"sev":1,"c":[255,255,0,160],"dmg":1,"sli":1,"ser":0,"fat":0,"row":-1,"mot":-1,"pie":1,"uto":-1,"uwr":-1},"geometry":{"type":"Point","coordinates":[18.610417,54.236944]}},{"type":"Feature","properties":{"ID":107313292,"yr":2018,"dt":"2018-09-25T18:45:00","WOJ":22,"sev":1,"c":[255,255,0,160],"dmg":2,"sli":1,"ser":0,"fat":0,"row":-1,"mot":-1,"pie":-1,"uto":-1,"uwr":-1},"geometry":{"type":"Point","coordinates":[18.743167,54.081222]}},{"type":"Feature","properties":{"ID":107312416,"yr":2018,"dt":"2018-09-25T10:37:00","WOJ":22,"sev":1,"c":[255,255,0,160],"dmg":0,"sli":1,"ser":0,"fat":0,"row":-1,"mot":-1,"pie":-1,"uto":-1,"uwr":-1},"geometry":{"type":"Point","coordinates":[18.296667,54.0775]}},{"type":"Feature","properties":{"ID":107319045,"yr":2018,"dt":"2018-09-26T15:40:00","WOJ":22,"sev":1,"c":[255,255,0,160],"dmg":1,"sli":1,"ser":0,"fat":0,"row":1,"mot":-1,"pie":-1,"uto":-1,"uwr":-1},"geometry":{"type":"Point","coordinates":[17.000444,54.456556]}},{"type":"Feature","properties":{"ID":107313570,"yr":2018,"dt":"2018-09-26T06:19:00","WOJ":22,"sev":1,"c":[255,255,0,160],"dmg":1,"sli":1,"ser":0,"fat":0,"row":-1,"mot":-1,"pie":-1,"uto":-1,"uwr":-1},"geometry":{"type":"Point","coordinates":[18.632639,54.248472]}},{"type":"Feature","properties":{"ID":107315961,"yr":2018,"dt":"2018-09-26T17:00:00","WOJ":22,"sev":1,"c":[255,255,0,160],"dmg":1,"sli":1,"ser":0,"fat":0,"row":1,"mot":-1,"pie":-1,"uto":-1,"uwr":-1},"geometry":{"type":"Point","coordinates":[18.1735,54.618361]}},{"type":"Feature","properties":{"ID":107317526,"yr":2018,"dt":"2018-09-27T12:10:00","WOJ":22,"sev":1,"c":[255,255,0,160],"dmg":1,"sli":1,"ser":0,"fat":0,"row":-1,"mot":-1,"pie":-1,"uto":-1,"uwr":-1},"geometry":{"type":"Point","coordinates":[18.0995,54.580917]}},{"type":"Feature","properties":{"ID":107317737,"yr":2018,"dt":"2018-09-27T14:00:00","WOJ":22,"sev":1,"c":[255,255,0,160],"dmg":1,"sli":1,"ser":0,"fat":0,"row":-1,"mot":-1,"pie":-1,"uto":-1,"uwr":-1},"geometry":{"type":"Point","coordinates":[18.779083,54.091778]}},{"type":"Feature","properties":{"ID":107317705,"yr":2018,"dt":"2018-09-27T13:30:00","WOJ":22,"sev":1,"c":[255,255,0,160],"dmg":1,"sli":1,"ser":0,"fat":0,"row":1,"mot":-1,"pie":-1,"uto":-1,"uwr":-1},"geometry":{"type":"Point","coordinates":[18.632,54.245333]}},{"type":"Feature","properties":{"ID":107317542,"yr":2018,"dt":"2018-09-27T11:44:00","WOJ":22,"sev":1,"c":[255,255,0,160],"dmg":2,"sli":1,"ser":0,"fat":0,"row":-1,"mot":-1,"pie":-1,"uto":-1,"uwr":-1},"geometry":{"type":"Point","coordinates":[17.437917,53.634389]}},{"type":"Feature","properties":{"ID":107317385,"yr":2018,"dt":"2018-09-27T10:22:00","WOJ":22,"sev":1,"c":[255,255,0,160],"dmg":1,"sli":2,"ser":0,"fat":0,"row":-1,"mot":-1,"pie":-1,"uto":-1,"uwr":-1},"geometry":{"type":"Point","coordinates":[17.222444,53.730306]}},{"type":"Feature","properties":{"ID":107317094,"yr":2018,"dt":"2018-09-27T06:10:00","WOJ":22,"sev":1,"c":[255,255,0,160],"dmg":1,"sli":1,"ser":0,"fat":0,"row":-1,"mot":-1,"pie":1,"uto":-1,"uwr":-1},"geometry":{"type":"Point","coordinates":[18.799917,54.109]}},{"type":"Feature","properties":{"ID":107317657,"yr":2018,"dt":"2018-09-27T15:30:00","WOJ":22,"sev":1,"c":[255,255,0,160],"dmg":1,"sli":1,"ser":0,"fat":0,"row":-1,"mot":1,"pie":-1,"uto":-1,"uwr":-1},"geometry":{"type":"Point","coordinates":[18.632,54.243083]}},{"type":"Feature","properties":{"ID":107322012,"yr":2018,"dt":"2018-09-28T17:10:00","WOJ":22,"sev":1,"c":[255,255,0,160],"dmg":1,"sli":1,"ser":0,"fat":0,"row":1,"mot":-1,"pie":-1,"uto":-1,"uwr":-1},"geometry":{"type":"Point","coordinates":[17.87,54.113611]}},{"type":"Feature","properties":{"ID":107339131,"yr":2018,"dt":"2018-09-28T11:50:00","WOJ":22,"sev":1,"c":[255,255,0,160],"dmg":1,"sli":1,"ser":0,"fat":0,"row":-1,"mot":-1,"pie":1,"uto":-1,"uwr":-1},"geometry":{"type":"Point","coordinates":[19.034417,54.031694]}},{"type":"Feature","properties":{"ID":107322101,"yr":2018,"dt":"2018-09-28T16:05:00","WOJ":22,"sev":1,"c":[255,255,0,160],"dmg":1,"sli":1,"ser":0,"fat":0,"row":-1,"mot":-1,"pie":1,"uto":-1,"uwr":-1},"geometry":{"type":"Point","coordinates":[18.611944,54.373333]}},{"type":"Feature","properties":{"ID":107321657,"yr":2018,"dt":"2018-09-28T10:50:00","WOJ":22,"sev":1,"c":[255,255,0,160],"dmg":0,"sli":3,"ser":0,"fat":0,"row":-1,"mot":-1,"pie":-1,"uto":-1,"uwr":-1},"geometry":{"type":"Point","coordinates":[19.191444,53.798167]}},{"type":"Feature","properties":{"ID":107320951,"yr":2018,"dt":"2018-09-28T08:31:00","WOJ":22,"sev":1,"c":[255,255,0,160],"dmg":0,"sli":1,"ser":0,"fat":0,"row":-1,"mot":-1,"pie":-1,"uto":-1,"uwr":-1},"geometry":{"type":"Point","coordinates":[17.360111,53.730722]}},{"type":"Feature","properties":{"ID":107321006,"yr":2018,"dt":"2018-09-28T07:20:00","WOJ":22,"sev":1,"c":[255,255,0,160],"dmg":0,"sli":2,"ser":0,"fat":0,"row":-1,"mot":-1,"pie":-1,"uto":-1,"uwr":-1},"geometry":{"type":"Point","coordinates":[17.657222,53.805]}},{"type":"Feature","properties":{"ID":107322388,"yr":2018,"dt":"2018-09-28T16:15:00","WOJ":22,"sev":1,"c":[255,255,0,160],"dmg":0,"sli":2,"ser":0,"fat":0,"row":1,"mot":-1,"pie":-1,"uto":-1,"uwr":-1},"geometry":{"type":"Point","coordinates":[16.995667,54.467639]}},{"type":"Feature","properties":{"ID":107322234,"yr":2018,"dt":"2018-09-28T15:00:00","WOJ":22,"sev":1,"c":[255,255,0,160],"dmg":0,"sli":2,"ser":0,"fat":0,"row":-1,"mot":1,"pie":1,"uto":-1,"uwr":-1},"geometry":{"type":"Point","coordinates":[18.428139,54.4475]}},{"type":"Feature","properties":{"ID":107320132,"yr":2018,"dt":"2018-09-28T16:25:00","WOJ":22,"sev":1,"c":[255,255,0,160],"dmg":2,"sli":1,"ser":0,"fat":0,"row":-1,"mot":-1,"pie":-1,"uto":-1,"uwr":-1},"geometry":{"type":"Point","coordinates":[17.59,53.699167]}},{"type":"Feature","properties":{"ID":107326056,"yr":2018,"dt":"2018-09-29T18:54:00","WOJ":22,"sev":1,"c":[255,255,0,160],"dmg":1,"sli":1,"ser":0,"fat":0,"row":1,"mot":-1,"pie":-1,"uto":-1,"uwr":-1},"geometry":{"type":"Point","coordinates":[18.460278,54.541667]}},{"type":"Feature","properties":{"ID":107323466,"yr":2018,"dt":"2018-09-29T12:40:00","WOJ":22,"sev":1,"c":[255,255,0,160],"dmg":1,"sli":1,"ser":0,"fat":0,"row":-1,"mot":-1,"pie":-1,"uto":-1,"uwr":-1},"geometry":{"type":"Point","coordinates":[17.898556,54.343056]}},{"type":"Feature","properties":{"ID":107326865,"yr":2018,"dt":"2018-09-29T22:43:00","WOJ":22,"sev":1,"c":[255,255,0,160],"dmg":1,"sli":1,"ser":0,"fat":0,"row":-1,"mot":-1,"pie":-1,"uto":-1,"uwr":-1},"geometry":{"type":"Point","coordinates":[18.25075,54.572333]}},{"type":"Feature","properties":{"ID":107326819,"yr":2018,"dt":"2018-09-29T20:00:00","WOJ":22,"sev":1,"c":[255,255,0,160],"dmg":1,"sli":2,"ser":0,"fat":0,"row":-1,"mot":-1,"pie":-1,"uto":-1,"uwr":-1},"geometry":{"type":"Point","coordinates":[17.975,54.149722]}},{"type":"Feature","properties":{"ID":107327204,"yr":2018,"dt":"2018-09-30T11:05:00","WOJ":22,"sev":1,"c":[255,255,0,160],"dmg":1,"sli":1,"ser":0,"fat":0,"row":1,"mot":-1,"pie":-1,"uto":-1,"uwr":-1},"geometry":{"type":"Point","coordinates":[18.3695,54.685722]}},{"type":"Feature","properties":{"ID":107329822,"yr":2018,"dt":"2018-09-30T16:20:00","WOJ":22,"sev":1,"c":[255,255,0,160],"dmg":1,"sli":2,"ser":0,"fat":0,"row":-1,"mot":-1,"pie":-1,"uto":-1,"uwr":-1},"geometry":{"type":"Point","coordinates":[18.780556,54.093528]}},{"type":"Feature","properties":{"ID":107327144,"yr":2018,"dt":"2018-09-30T13:20:00","WOJ":22,"sev":1,"c":[255,255,0,160],"dmg":2,"sli":1,"ser":0,"fat":0,"row":-1,"mot":-1,"pie":-1,"uto":-1,"uwr":-1},"geometry":{"type":"Point","coordinates":[16.990083,54.452889]}},{"type":"Feature","properties":{"ID":107327614,"yr":2018,"dt":"2018-09-30T17:40:00","WOJ":22,"sev":1,"c":[255,255,0,160],"dmg":1,"sli":1,"ser":0,"fat":0,"row":-1,"mot":1,"pie":-1,"uto":-1,"uwr":-1},"geometry":{"type":"Point","coordinates":[17.3555,53.661917]}},{"type":"Feature","properties":{"ID":107327668,"yr":2018,"dt":"2018-09-30T12:12:00","WOJ":22,"sev":1,"c":[255,255,0,160],"dmg":0,"sli":1,"ser":0,"fat":0,"row":-1,"mot":1,"pie":-1,"uto":-1,"uwr":-1},"geometry":{"type":"Point","coordinates":[16.985056,53.627472]}},{"type":"Feature","properties":{"ID":107327646,"yr":2018,"dt":"2018-09-30T15:35:00","WOJ":22,"sev":1,"c":[255,255,0,160],"dmg":1,"sli":1,"ser":0,"fat":0,"row":1,"mot":-1,"pie":-1,"uto":-1,"uwr":-1},"geometry":{"type":"Point","coordinates":[18.736944,54.337139]}},{"type":"Feature","properties":{"ID":107331648,"yr":2018,"dt":"2018-10-01T10:00:00","WOJ":22,"sev":1,"c":[255,255,0,160],"dmg":1,"sli":1,"ser":0,"fat":0,"row":1,"mot":-1,"pie":-1,"uto":-1,"uwr":-1},"geometry":{"type":"Point","coordinates":[18.583056,54.361111]}},{"type":"Feature","properties":{"ID":107332238,"yr":2018,"dt":"2018-10-01T18:28:00","WOJ":22,"sev":1,"c":[255,255,0,160],"dmg":1,"sli":1,"ser":0,"fat":0,"row":-1,"mot":-1,"pie":1,"uto":-1,"uwr":-1},"geometry":{"type":"Point","coordinates":[18.438889,54.537778]}},{"type":"Feature","properties":{"ID":107331488,"yr":2018,"dt":"2018-10-01T13:16:00","WOJ":22,"sev":1,"c":[255,255,0,160],"dmg":1,"sli":1,"ser":0,"fat":0,"row":-1,"mot":-1,"pie":-1,"uto":-1,"uwr":-1},"geometry":{"type":"Point","coordinates":[18.836972,54.287111]}},{"type":"Feature","properties":{"ID":107333234,"yr":2018,"dt":"2018-10-01T18:40:00","WOJ":22,"sev":1,"c":[255,255,0,160],"dmg":0,"sli":2,"ser":0,"fat":0,"row":-1,"mot":-1,"pie":-1,"uto":-1,"uwr":-1},"geometry":{"type":"Point","coordinates":[19.078194,53.735472]}},{"type":"Feature","properties":{"ID":107333269,"yr":2018,"dt":"2018-10-01T19:30:00","WOJ":22,"sev":1,"c":[255,255,0,160],"dmg":2,"sli":1,"ser":0,"fat":0,"row":-1,"mot":-1,"pie":-1,"uto":-1,"uwr":-1},"geometry":{"type":"Point","coordinates":[18.421306,54.192389]}},{"type":"Feature","properties":{"ID":107331453,"yr":2018,"dt":"2018-10-01T07:30:00","WOJ":22,"sev":1,"c":[255,255,0,160],"dmg":1,"sli":1,"ser":0,"fat":0,"row":-1,"mot":-1,"pie":-1,"uto":-1,"uwr":-1},"geometry":{"type":"Point","coordinates":[18.522889,53.964611]}},{"type":"Feature","properties":{"ID":107334307,"yr":2018,"dt":"2018-10-02T07:59:00","WOJ":22,"sev":1,"c":[255,255,0,160],"dmg":1,"sli":1,"ser":0,"fat":0,"row":-1,"mot":-1,"pie":1,"uto":-1,"uwr":-1},"geometry":{"type":"Point","coordinates":[16.9825,54.002472]}},{"type":"Feature","properties":{"ID":107334745,"yr":2018,"dt":"2018-10-02T15:30:00","WOJ":22,"sev":1,"c":[255,255,0,160],"dmg":2,"sli":1,"ser":0,"fat":0,"row":-1,"mot":-1,"pie":-1,"uto":-1,"uwr":-1},"geometry":{"type":"Point","coordinates":[18.610833,54.341111]}},{"type":"Feature","properties":{"ID":107334318,"yr":2018,"dt":"2018-10-02T07:40:00","WOJ":22,"sev":1,"c":[255,255,0,160],"dmg":1,"sli":1,"ser":0,"fat":0,"row":-1,"mot":-1,"pie":-1,"uto":-1,"uwr":-1},"geometry":{"type":"Point","coordinates":[17.076417,54.470222]}},{"type":"Feature","properties":{"ID":107338304,"yr":2018,"dt":"2018-10-02T17:50:00","WOJ":22,"sev":1,"c":[255,255,0,160],"dmg":2,"sli":1,"ser":0,"fat":0,"row":-1,"mot":-1,"pie":-1,"uto":-1,"uwr":-1},"geometry":{"type":"Point","coordinates":[16.874722,54.175833]}},{"type":"Feature","properties":{"ID":107341396,"yr":2018,"dt":"2018-10-03T20:21:00","WOJ":22,"sev":1,"c":[255,255,0,160],"dmg":1,"sli":1,"ser":0,"fat":0,"row":-1,"mot":-1,"pie":-1,"uto":-1,"uwr":-1},"geometry":{"type":"Point","coordinates":[19.011139,54.038306]}},{"type":"Feature","properties":{"ID":107340993,"yr":2018,"dt":"2018-10-03T09:47:00","WOJ":22,"sev":1,"c":[255,255,0,160],"dmg":2,"sli":1,"ser":0,"fat":0,"row":-1,"mot":-1,"pie":-1,"uto":-1,"uwr":-1},"geometry":{"type":"Point","coordinates":[18.365944,54.583306]}},{"type":"Feature","properties":{"ID":107339941,"yr":2018,"dt":"2018-10-03T07:25:00","WOJ":22,"sev":1,"c":[255,255,0,160],"dmg":2,"sli":1,"ser":0,"fat":0,"row":-1,"mot":-1,"pie":-1,"uto":-1,"uwr":-1},"geometry":{"type":"Point","coordinates":[18.647194,54.257111]}},{"type":"Feature","properties":{"ID":107339060,"yr":2018,"dt":"2018-10-03T06:50:00","WOJ":22,"sev":1,"c":[255,255,0,160],"dmg":1,"sli":1,"ser":0,"fat":0,"row":1,"mot":-1,"pie":-1,"uto":-1,"uwr":-1},"geometry":{"type":"Point","coordinates":[18.651389,54.388611]}},{"type":"Feature","properties":{"ID":107340339,"yr":2018,"dt":"2018-10-03T06:54:00","WOJ":22,"sev":1,"c":[255,255,0,160],"dmg":1,"sli":1,"ser":0,"fat":0,"row":-1,"mot":-1,"pie":1,"uto":-1,"uwr":-1},"geometry":{"type":"Point","coordinates":[18.509389,54.557778]}},{"type":"Feature","properties":{"ID":107340500,"yr":2018,"dt":"2018-10-03T10:15:00","WOJ":22,"sev":1,"c":[255,255,0,160],"dmg":1,"sli":1,"ser":0,"fat":0,"row":-1,"mot":-1,"pie":-1,"uto":-1,"uwr":-1},"geometry":{"type":"Point","coordinates":[18.632778,54.403056]}},{"type":"Feature","properties":{"ID":107340182,"yr":2018,"dt":"2018-10-03T09:45:00","WOJ":22,"sev":1,"c":[255,255,0,160],"dmg":1,"sli":1,"ser":0,"fat":0,"row":-1,"mot":-1,"pie":-1,"uto":-1,"uwr":-1},"geometry":{"type":"Point","coordinates":[18.528389,53.956611]}},{"type":"Feature","properties":{"ID":107344381,"yr":2018,"dt":"2018-10-04T14:50:00","WOJ":22,"sev":1,"c":[255,255,0,160],"dmg":1,"sli":1,"ser":0,"fat":0,"row":-1,"mot":-1,"pie":1,"uto":-1,"uwr":-1},"geometry":{"type":"Point","coordinates":[18.5875,54.358333]}},{"type":"Feature","properties":{"ID":107344040,"yr":2018,"dt":"2018-10-04T08:15:00","WOJ":22,"sev":1,"c":[255,255,0,160],"dmg":1,"sli":1,"ser":0,"fat":0,"row":-1,"mot":-1,"pie":-1,"uto":-1,"uwr":-1},"geometry":{"type":"Point","coordinates":[17.9325,54.111667]}},{"type":"Feature","properties":{"ID":107343967,"yr":2018,"dt":"2018-10-04T07:50:00","WOJ":22,"sev":1,"c":[255,255,0,160],"dmg":1,"sli":1,"ser":0,"fat":0,"row":1,"mot":-1,"pie":-1,"uto":-1,"uwr":-1},"geometry":{"type":"Point","coordinates":[18.636944,54.351111]}},{"type":"Feature","properties":{"ID":107342951,"yr":2018,"dt":"2018-10-04T11:20:00","WOJ":22,"sev":1,"c":[255,255,0,160],"dmg":1,"sli":1,"ser":0,"fat":0,"row":1,"mot":-1,"pie":-1,"uto":-1,"uwr":-1},"geometry":{"type":"Point","coordinates":[18.628611,54.410556]}},{"type":"Feature","properties":{"ID":107344718,"yr":2018,"dt":"2018-10-04T14:30:00","WOJ":22,"sev":1,"c":[255,255,0,160],"dmg":4,"sli":2,"ser":0,"fat":0,"row":-1,"mot":-1,"pie":-1,"uto":-1,"uwr":-1},"geometry":{"type":"Point","coordinates":[19.075361,54.036806]}},{"type":"Feature","properties":{"ID":107345521,"yr":2018,"dt":"2018-10-05T11:25:00","WOJ":22,"sev":1,"c":[255,255,0,160],"dmg":1,"sli":1,"ser":0,"fat":0,"row":-1,"mot":-1,"pie":1,"uto":-1,"uwr":-1},"geometry":{"type":"Point","coordinates":[17.02225,54.465806]}},{"type":"Feature","properties":{"ID":107349845,"yr":2018,"dt":"2018-10-05T20:20:00","WOJ":22,"sev":1,"c":[255,255,0,160],"dmg":1,"sli":2,"ser":0,"fat":0,"row":-1,"mot":-1,"pie":-1,"uto":-1,"uwr":-1},"geometry":{"type":"Point","coordinates":[18.029167,53.812222]}},{"type":"Feature","properties":{"ID":107348216,"yr":2018,"dt":"2018-10-05T15:20:00","WOJ":22,"sev":1,"c":[255,255,0,160],"dmg":1,"sli":1,"ser":0,"fat":0,"row":-1,"mot":-1,"pie":1,"uto":-1,"uwr":-1},"geometry":{"type":"Point","coordinates":[18.610278,54.403333]}},{"type":"Feature","properties":{"ID":107345606,"yr":2018,"dt":"2018-10-05T06:26:00","WOJ":22,"sev":1,"c":[255,255,0,160],"dmg":1,"sli":1,"ser":0,"fat":0,"row":1,"mot":-1,"pie":-1,"uto":-1,"uwr":-1},"geometry":{"type":"Point","coordinates":[18.513417,53.96325]}},{"type":"Feature","properties":{"ID":107351857,"yr":2018,"dt":"2018-10-06T18:30:00","WOJ":22,"sev":1,"c":[255,255,0,160],"dmg":1,"sli":1,"ser":0,"fat":0,"row":1,"mot":-1,"pie":-1,"uto":-1,"uwr":-1},"geometry":{"type":"Point","coordinates":[18.026389,54.060278]}},{"type":"Feature","properties":{"ID":107352830,"yr":2018,"dt":"2018-10-06T14:20:00","WOJ":22,"sev":1,"c":[255,255,0,160],"dmg":1,"sli":1,"ser":0,"fat":0,"row":-1,"mot":-1,"pie":1,"uto":-1,"uwr":-1},"geometry":{"type":"Point","coordinates":[18.641667,54.361111]}},{"type":"Feature","properties":{"ID":107352823,"yr":2018,"dt":"2018-10-06T10:38:00","WOJ":22,"sev":1,"c":[255,255,0,160],"dmg":2,"sli":1,"ser":0,"fat":0,"row":-1,"mot":-1,"pie":-1,"uto":-1,"uwr":-1},"geometry":{"type":"Point","coordinates":[18.421389,54.551944]}},{"type":"Feature","properties":{"ID":107350798,"yr":2018,"dt":"2018-10-06T12:40:00","WOJ":22,"sev":1,"c":[255,255,0,160],"dmg":3,"sli":1,"ser":0,"fat":0,"row":-1,"mot":-1,"pie":-1,"uto":-1,"uwr":-1},"geometry":{"type":"Point","coordinates":[18.576389,54.339722]}},{"type":"Feature","properties":{"ID":107353228,"yr":2018,"dt":"2018-10-06T20:06:00","WOJ":22,"sev":1,"c":[255,255,0,160],"dmg":1,"sli":1,"ser":0,"fat":0,"row":-1,"mot":-1,"pie":-1,"uto":-1,"uwr":-1},"geometry":{"type":"Point","coordinates":[17.569,54.227167]}},{"type":"Feature","properties":{"ID":107352821,"yr":2018,"dt":"2018-10-06T16:39:00","WOJ":22,"sev":1,"c":[255,255,0,160],"dmg":0,"sli":1,"ser":0,"fat":0,"row":-1,"mot":-1,"pie":-1,"uto":-1,"uwr":-1},"geometry":{"type":"Point","coordinates":[17.858611,54.1275]}},{"type":"Feature","properties":{"ID":107353146,"yr":2018,"dt":"2018-10-06T17:01:00","WOJ":22,"sev":1,"c":[255,255,0,160],"dmg":1,"sli":4,"ser":0,"fat":0,"row":-1,"mot":-1,"pie":-1,"uto":-1,"uwr":-1},"geometry":{"type":"Point","coordinates":[18.242333,54.604806]}},{"type":"Feature","properties":{"ID":107352832,"yr":2018,"dt":"2018-10-06T12:45:00","WOJ":22,"sev":1,"c":[255,255,0,160],"dmg":2,"sli":2,"ser":0,"fat":0,"row":-1,"mot":-1,"pie":-1,"uto":-1,"uwr":-1},"geometry":{"type":"Point","coordinates":[18.166222,53.768667]}},{"type":"Feature","properties":{"ID":107353788,"yr":2018,"dt":"2018-10-07T16:05:00","WOJ":22,"sev":1,"c":[255,255,0,160],"dmg":1,"sli":1,"ser":0,"fat":0,"row":-1,"mot":-1,"pie":-1,"uto":-1,"uwr":-1},"geometry":{"type":"Point","coordinates":[18.650556,54.362222]}},{"type":"Feature","properties":{"ID":107355143,"yr":2018,"dt":"2018-10-07T18:01:00","WOJ":22,"sev":1,"c":[255,255,0,160],"dmg":2,"sli":1,"ser":0,"fat":0,"row":-1,"mot":-1,"pie":-1,"uto":-1,"uwr":-1},"geometry":{"type":"Point","coordinates":[17.561444,54.097222]}},{"type":"Feature","properties":{"ID":107360015,"yr":2018,"dt":"2018-10-07T17:25:00","WOJ":22,"sev":1,"c":[255,255,0,160],"dmg":1,"sli":1,"ser":0,"fat":0,"row":-1,"mot":-1,"pie":-1,"uto":-1,"uwr":-1},"geometry":{"type":"Point","coordinates":[17.558528,53.688889]}},{"type":"Feature","properties":{"ID":107356356,"yr":2018,"dt":"2018-10-08T15:05:00","WOJ":22,"sev":1,"c":[255,255,0,160],"dmg":1,"sli":1,"ser":0,"fat":0,"row":1,"mot":-1,"pie":-1,"uto":-1,"uwr":-1},"geometry":{"type":"Point","coordinates":[18.69,54.361944]}},{"type":"Feature","properties":{"ID":107360945,"yr":2018,"dt":"2018-10-09T08:15:00","WOJ":22,"sev":1,"c":[255,255,0,160],"dmg":1,"sli":1,"ser":0,"fat":0,"row":-1,"mot":-1,"pie":-1,"uto":-1,"uwr":-1},"geometry":{"type":"Point","coordinates":[18.641667,54.361389]}},{"type":"Feature","properties":{"ID":107360169,"yr":2018,"dt":"2018-10-09T07:45:00","WOJ":22,"sev":1,"c":[255,255,0,160],"dmg":1,"sli":1,"ser":0,"fat":0,"row":-1,"mot":-1,"pie":-1,"uto":-1,"uwr":-1},"geometry":{"type":"Point","coordinates":[18.921944,53.696389]}},{"type":"Feature","properties":{"ID":107367866,"yr":2018,"dt":"2018-10-09T19:40:00","WOJ":22,"sev":1,"c":[255,255,0,160],"dmg":0,"sli":3,"ser":0,"fat":0,"row":-1,"mot":-1,"pie":-1,"uto":-1,"uwr":-1},"geometry":{"type":"Point","coordinates":[17.445278,53.829722]}},{"type":"Feature","properties":{"ID":107359918,"yr":2018,"dt":"2018-10-09T05:36:00","WOJ":22,"sev":1,"c":[255,255,0,160],"dmg":1,"sli":1,"ser":0,"fat":0,"row":-1,"mot":-1,"pie":-1,"uto":-1,"uwr":-1},"geometry":{"type":"Point","coordinates":[18.459194,54.27375]}},{"type":"Feature","properties":{"ID":107361874,"yr":2018,"dt":"2018-10-09T14:40:00","WOJ":22,"sev":1,"c":[255,255,0,160],"dmg":1,"sli":1,"ser":0,"fat":0,"row":-1,"mot":-1,"pie":-1,"uto":-1,"uwr":-1},"geometry":{"type":"Point","coordinates":[18.399028,53.849139]}},{"type":"Feature","properties":{"ID":107385603,"yr":2018,"dt":"2018-10-10T18:45:00","WOJ":22,"sev":1,"c":[255,255,0,160],"dmg":1,"sli":1,"ser":0,"fat":0,"row":1,"mot":-1,"pie":-1,"uto":-1,"uwr":-1},"geometry":{"type":"Point","coordinates":[18.579167,54.409167]}},{"type":"Feature","properties":{"ID":107525672,"yr":2018,"dt":"2018-12-23T12:40:00","WOJ":22,"sev":2,"c":[255,165,0,160],"dmg":1,"sli":1,"ser":1,"fat":0,"row":-1,"mot":-1,"pie":-1,"uto":-1,"uwr":-1},"geometry":{"type":"Point","coordinates":[17.777278,54.202889]}},{"type":"Feature","properties":{"ID":107531098,"yr":2018,"dt":"2018-12-25T17:25:00","WOJ":22,"sev":2,"c":[255,165,0,160],"dmg":1,"sli":0,"ser":1,"fat":0,"row":-1,"mot":-1,"pie":2,"uto":-1,"uwr":-1},"geometry":{"type":"Point","coordinates":[17.556667,53.697222]}},{"type":"Feature","properties":{"ID":107541841,"yr":2018,"dt":"2018-12-28T16:40:00","WOJ":22,"sev":2,"c":[255,165,0,160],"dmg":2,"sli":0,"ser":1,"fat":0,"row":-1,"mot":-1,"pie":-1,"uto":-1,"uwr":-1},"geometry":{"type":"Point","coordinates":[17.729333,53.92125]}},{"type":"Feature","properties":{"ID":107247380,"yr":2018,"dt":"2018-08-31T12:36:00","WOJ":22,"sev":2,"c":[255,165,0,160],"dmg":2,"sli":0,"ser":1,"fat":0,"row":-1,"mot":-1,"pie":-1,"uto":-1,"uwr":-1},"geometry":{"type":"Point","coordinates":[18.009917,54.689667]}},{"type":"Feature","properties":{"ID":106654015,"yr":2018,"dt":"2018-01-02T19:05:00","WOJ":22,"sev":2,"c":[255,165,0,160],"dmg":1,"sli":0,"ser":1,"fat":0,"row":2,"mot":-1,"pie":-1,"uto":-1,"uwr":-1},"geometry":{"type":"Point","coordinates":[18.602222,54.395]}},{"type":"Feature","properties":{"ID":107180215,"yr":2018,"dt":"2018-08-13T18:35:00","WOJ":22,"sev":2,"c":[255,165,0,160],"dmg":1,"sli":0,"ser":1,"fat":0,"row":2,"mot":-1,"pie":-1,"uto":-1,"uwr":-1},"geometry":{"type":"Point","coordinates":[18.649167,54.388056]}},{"type":"Feature","properties":{"ID":106652594,"yr":2018,"dt":"2018-01-02T07:20:00","WOJ":22,"sev":2,"c":[255,165,0,160],"dmg":1,"sli":1,"ser":1,"fat":0,"row":-1,"mot":-1,"pie":-1,"uto":-1,"uwr":-1},"geometry":{"type":"Point","coordinates":[18.326889,54.452139]}},{"type":"Feature","properties":{"ID":106654055,"yr":2018,"dt":"2018-01-02T17:10:00","WOJ":22,"sev":2,"c":[255,165,0,160],"dmg":1,"sli":0,"ser":1,"fat":0,"row":-1,"mot":-1,"pie":2,"uto":-1,"uwr":-1},"geometry":{"type":"Point","coordinates":[17.032028,54.461944]}},{"type":"Feature","properties":{"ID":106656165,"yr":2018,"dt":"2018-01-03T16:30:00","WOJ":22,"sev":2,"c":[255,165,0,160],"dmg":1,"sli":0,"ser":1,"fat":0,"row":-1,"mot":-1,"pie":2,"uto":-1,"uwr":-1},"geometry":{"type":"Point","coordinates":[18.585833,54.350833]}},{"type":"Feature","properties":{"ID":107125820,"yr":2018,"dt":"2018-07-26T05:30:00","WOJ":22,"sev":2,"c":[255,165,0,160],"dmg":2,"sli":0,"ser":1,"fat":0,"row":-1,"mot":2,"pie":-1,"uto":-1,"uwr":-1},"geometry":{"type":"Point","coordinates":[18.0895,54.536917]}},{"type":"Feature","properties":{"ID":106655754,"yr":2018,"dt":"2018-01-03T13:20:00","WOJ":22,"sev":2,"c":[255,165,0,160],"dmg":1,"sli":0,"ser":1,"fat":0,"row":-1,"mot":-1,"pie":-1,"uto":-1,"uwr":-1},"geometry":{"type":"Point","coordinates":[18.606389,54.325833]}},{"type":"Feature","properties":{"ID":106659674,"yr":2018,"dt":"2018-01-05T19:15:00","WOJ":22,"sev":2,"c":[255,165,0,160],"dmg":2,"sli":0,"ser":1,"fat":0,"row":-1,"mot":-1,"pie":2,"uto":-1,"uwr":-1},"geometry":{"type":"Point","coordinates":[18.24997,54.60599]}},{"type":"Feature","properties":{"ID":107109270,"yr":2018,"dt":"2018-07-17T18:11:00","WOJ":22,"sev":2,"c":[255,165,0,160],"dmg":1,"sli":0,"ser":1,"fat":0,"row":-1,"mot":-1,"pie":2,"uto":-1,"uwr":-1},"geometry":{"type":"Point","coordinates":[18.532222,54.548889]}},{"type":"Feature","properties":{"ID":107247458,"yr":2018,"dt":"2018-08-31T16:00:00","WOJ":22,"sev":2,"c":[255,165,0,160],"dmg":1,"sli":0,"ser":1,"fat":0,"row":2,"mot":-1,"pie":-1,"uto":-1,"uwr":-1},"geometry":{"type":"Point","coordinates":[18.782,54.096722]}},{"type":"Feature","properties":{"ID":106664726,"yr":2018,"dt":"2018-01-09T07:45:00","WOJ":22,"sev":2,"c":[255,165,0,160],"dmg":1,"sli":0,"ser":1,"fat":0,"row":-1,"mot":-1,"pie":2,"uto":-1,"uwr":-1},"geometry":{"type":"Point","coordinates":[18.923639,53.734667]}},{"type":"Feature","properties":{"ID":106666155,"yr":2018,"dt":"2018-01-09T07:35:00","WOJ":22,"sev":2,"c":[255,165,0,160],"dmg":1,"sli":0,"ser":1,"fat":0,"row":-1,"mot":-1,"pie":-1,"uto":-1,"uwr":-1},"geometry":{"type":"Point","coordinates":[18.6575,54.408333]}},{"type":"Feature","properties":{"ID":106665391,"yr":2018,"dt":"2018-01-09T10:00:00","WOJ":22,"sev":2,"c":[255,165,0,160],"dmg":1,"sli":0,"ser":1,"fat":0,"row":-1,"mot":-1,"pie":-1,"uto":-1,"uwr":-1},"geometry":{"type":"Point","coordinates":[17.02925,54.46925]}},{"type":"Feature","properties":{"ID":106666796,"yr":2018,"dt":"2018-01-10T07:10:00","WOJ":22,"sev":2,"c":[255,165,0,160],"dmg":1,"sli":0,"ser":1,"fat":0,"row":-1,"mot":-1,"pie":2,"uto":-1,"uwr":-1},"geometry":{"type":"Point","coordinates":[18.599444,54.409444]}},{"type":"Feature","properties":{"ID":106667724,"yr":2018,"dt":"2018-01-10T15:00:00","WOJ":22,"sev":2,"c":[255,165,0,160],"dmg":0,"sli":0,"ser":2,"fat":0,"row":-1,"mot":-1,"pie":-1,"uto":-1,"uwr":-1},"geometry":{"type":"Point","coordinates":[18.560833,53.986222]}},{"type":"Feature","properties":{"ID":106669706,"yr":2018,"dt":"2018-01-11T11:15:00","WOJ":22,"sev":2,"c":[255,165,0,160],"dmg":1,"sli":0,"ser":1,"fat":0,"row":-1,"mot":-1,"pie":-1,"uto":-1,"uwr":-1},"geometry":{"type":"Point","coordinates":[18.508333,54.376389]}},{"type":"Feature","properties":{"ID":107253397,"yr":2018,"dt":"2018-08-31T12:00:00","WOJ":22,"sev":2,"c":[255,165,0,160],"dmg":1,"sli":0,"ser":1,"fat":0,"row":-1,"mot":-1,"pie":-1,"uto":-1,"uwr":-1},"geometry":{"type":"Point","coordinates":[17.035444,54.464278]}},{"type":"Feature","properties":{"ID":106669716,"yr":2018,"dt":"2018-01-11T11:45:00","WOJ":22,"sev":2,"c":[255,165,0,160],"dmg":1,"sli":0,"ser":1,"fat":0,"row":-1,"mot":-1,"pie":-1,"uto":-1,"uwr":-1},"geometry":{"type":"Point","coordinates":[18.212639,54.609083]}},{"type":"Feature","properties":{"ID":106673597,"yr":2018,"dt":"2018-01-11T11:55:00","WOJ":22,"sev":2,"c":[255,165,0,160],"dmg":0,"sli":1,"ser":1,"fat":0,"row":-1,"mot":-1,"pie":-1,"uto":-1,"uwr":-1},"geometry":{"type":"Point","coordinates":[17.710278,53.725833]}},{"type":"Feature","properties":{"ID":106672947,"yr":2018,"dt":"2018-01-13T13:50:00","WOJ":22,"sev":2,"c":[255,165,0,160],"dmg":0,"sli":0,"ser":2,"fat":0,"row":-1,"mot":-1,"pie":-1,"uto":-1,"uwr":-1},"geometry":{"type":"Point","coordinates":[18.10875,54.234583]}},{"type":"Feature","properties":{"ID":106681860,"yr":2018,"dt":"2018-01-16T17:45:00","WOJ":22,"sev":2,"c":[255,165,0,160],"dmg":1,"sli":3,"ser":1,"fat":0,"row":-1,"mot":-1,"pie":-1,"uto":-1,"uwr":-1},"geometry":{"type":"Point","coordinates":[17.956667,53.867778]}},{"type":"Feature","properties":{"ID":106678832,"yr":2018,"dt":"2018-01-16T19:50:00","WOJ":22,"sev":2,"c":[255,165,0,160],"dmg":1,"sli":0,"ser":1,"fat":0,"row":-1,"mot":-1,"pie":2,"uto":-1,"uwr":-1},"geometry":{"type":"Point","coordinates":[18.564722,54.396944]}},{"type":"Feature","properties":{"ID":107119101,"yr":2018,"dt":"2018-07-23T06:10:00","WOJ":22,"sev":2,"c":[255,165,0,160],"dmg":1,"sli":0,"ser":1,"fat":0,"row":-1,"mot":-1,"pie":-1,"uto":-1,"uwr":-1},"geometry":{"type":"Point","coordinates":[17.728611,54.572222]}},{"type":"Feature","properties":{"ID":106680514,"yr":2018,"dt":"2018-01-17T21:05:00","WOJ":22,"sev":2,"c":[255,165,0,160],"dmg":2,"sli":0,"ser":1,"fat":0,"row":-1,"mot":-1,"pie":-1,"uto":-1,"uwr":-1},"geometry":{"type":"Point","coordinates":[18.317556,54.604667]}},{"type":"Feature","properties":{"ID":106680726,"yr":2018,"dt":"2018-01-17T11:50:00","WOJ":22,"sev":2,"c":[255,165,0,160],"dmg":1,"sli":0,"ser":1,"fat":0,"row":-1,"mot":-1,"pie":-1,"uto":-1,"uwr":-1},"geometry":{"type":"Point","coordinates":[18.226778,54.486583]}},{"type":"Feature","properties":{"ID":106681393,"yr":2018,"dt":"2018-01-18T09:00:00","WOJ":22,"sev":2,"c":[255,165,0,160],"dmg":0,"sli":0,"ser":1,"fat":0,"row":-1,"mot":-1,"pie":-1,"uto":-1,"uwr":-1},"geometry":{"type":"Point","coordinates":[17.514306,54.558278]}},{"type":"Feature","properties":{"ID":106684343,"yr":2018,"dt":"2018-01-19T10:58:00","WOJ":22,"sev":2,"c":[255,165,0,160],"dmg":1,"sli":1,"ser":1,"fat":0,"row":-1,"mot":-1,"pie":-1,"uto":-1,"uwr":-1},"geometry":{"type":"Point","coordinates":[18.635,54.341111]}},{"type":"Feature","properties":{"ID":106685966,"yr":2018,"dt":"2018-01-19T12:50:00","WOJ":22,"sev":2,"c":[255,165,0,160],"dmg":1,"sli":0,"ser":1,"fat":0,"row":-1,"mot":-1,"pie":-1,"uto":-1,"uwr":-1},"geometry":{"type":"Point","coordinates":[16.860806,54.582861]}},{"type":"Feature","properties":{"ID":106686668,"yr":2018,"dt":"2018-01-20T15:43:00","WOJ":22,"sev":2,"c":[255,165,0,160],"dmg":1,"sli":0,"ser":1,"fat":0,"row":-1,"mot":-1,"pie":-1,"uto":-1,"uwr":-1},"geometry":{"type":"Point","coordinates":[18.130806,54.234583]}},{"type":"Feature","properties":{"ID":107505035,"yr":2018,"dt":"2018-12-14T09:35:00","WOJ":22,"sev":2,"c":[255,165,0,160],"dmg":2,"sli":0,"ser":1,"fat":0,"row":-1,"mot":-1,"pie":2,"uto":-1,"uwr":-1},"geometry":{"type":"Point","coordinates":[18.586667,54.403056]}},{"type":"Feature","properties":{"ID":106689394,"yr":2018,"dt":"2018-01-22T16:40:00","WOJ":22,"sev":2,"c":[255,165,0,160],"dmg":1,"sli":0,"ser":1,"fat":0,"row":-1,"mot":-1,"pie":-1,"uto":-1,"uwr":-1},"geometry":{"type":"Point","coordinates":[18.606944,54.378056]}},{"type":"Feature","properties":{"ID":106690232,"yr":2018,"dt":"2018-01-23T08:50:00","WOJ":22,"sev":2,"c":[255,165,0,160],"dmg":2,"sli":1,"ser":1,"fat":0,"row":-1,"mot":-1,"pie":-1,"uto":-1,"uwr":-1},"geometry":{"type":"Point","coordinates":[18.641944,54.360833]}},{"type":"Feature","properties":{"ID":106691817,"yr":2018,"dt":"2018-01-23T18:30:00","WOJ":22,"sev":2,"c":[255,165,0,160],"dmg":1,"sli":0,"ser":2,"fat":0,"row":-1,"mot":-1,"pie":2,"uto":-1,"uwr":-1},"geometry":{"type":"Point","coordinates":[19.031361,53.919694]}},{"type":"Feature","properties":{"ID":106691865,"yr":2018,"dt":"2018-01-24T00:00:00","WOJ":22,"sev":2,"c":[255,165,0,160],"dmg":1,"sli":0,"ser":1,"fat":0,"row":-1,"mot":-1,"pie":2,"uto":-1,"uwr":-1},"geometry":{"type":"Point","coordinates":[18.465278,54.3825]}},{"type":"Feature","properties":{"ID":106698577,"yr":2018,"dt":"2018-01-26T20:45:00","WOJ":22,"sev":2,"c":[255,165,0,160],"dmg":1,"sli":2,"ser":2,"fat":0,"row":-1,"mot":-1,"pie":-1,"uto":-1,"uwr":-1},"geometry":{"type":"Point","coordinates":[18.461944,54.375278]}},{"type":"Feature","properties":{"ID":106698654,"yr":2018,"dt":"2018-01-26T18:10:00","WOJ":22,"sev":2,"c":[255,165,0,160],"dmg":1,"sli":0,"ser":1,"fat":0,"row":-1,"mot":-1,"pie":2,"uto":-1,"uwr":-1},"geometry":{"type":"Point","coordinates":[17.706944,53.708333]}},{"type":"Feature","properties":{"ID":106699181,"yr":2018,"dt":"2018-01-27T13:00:00","WOJ":22,"sev":2,"c":[255,165,0,160],"dmg":3,"sli":2,"ser":1,"fat":0,"row":-1,"mot":-1,"pie":-1,"uto":-1,"uwr":-1},"geometry":{"type":"Point","coordinates":[18.637778,54.283611]}},{"type":"Feature","properties":{"ID":106699200,"yr":2018,"dt":"2018-01-27T14:50:00","WOJ":22,"sev":2,"c":[255,165,0,160],"dmg":0,"sli":2,"ser":2,"fat":0,"row":-1,"mot":-1,"pie":-1,"uto":-1,"uwr":-1},"geometry":{"type":"Point","coordinates":[18.770556,54.276389]}},{"type":"Feature","properties":{"ID":106700723,"yr":2018,"dt":"2018-01-28T13:20:00","WOJ":22,"sev":2,"c":[255,165,0,160],"dmg":0,"sli":2,"ser":1,"fat":0,"row":-1,"mot":-1,"pie":-1,"uto":-1,"uwr":-1},"geometry":{"type":"Point","coordinates":[18.720278,54.044722]}},{"type":"Feature","properties":{"ID":106700990,"yr":2018,"dt":"2018-01-28T18:40:00","WOJ":22,"sev":2,"c":[255,165,0,160],"dmg":1,"sli":0,"ser":1,"fat":0,"row":-1,"mot":-1,"pie":2,"uto":-1,"uwr":-1},"geometry":{"type":"Point","coordinates":[18.622778,54.33]}},{"type":"Feature","properties":{"ID":107120512,"yr":2018,"dt":"2018-07-23T16:16:00","WOJ":22,"sev":2,"c":[255,165,0,160],"dmg":1,"sli":0,"ser":1,"fat":0,"row":2,"mot":-1,"pie":-1,"uto":-1,"uwr":-1},"geometry":{"type":"Point","coordinates":[18.536417,54.530833]}},{"type":"Feature","properties":{"ID":106703117,"yr":2018,"dt":"2018-01-29T17:05:00","WOJ":22,"sev":2,"c":[255,165,0,160],"dmg":1,"sli":0,"ser":1,"fat":0,"row":-1,"mot":-1,"pie":2,"uto":-1,"uwr":-1},"geometry":{"type":"Point","coordinates":[18.64,54.340556]}},{"type":"Feature","properties":{"ID":106704243,"yr":2018,"dt":"2018-01-30T17:40:00","WOJ":22,"sev":2,"c":[255,165,0,160],"dmg":1,"sli":0,"ser":1,"fat":0,"row":-1,"mot":-1,"pie":2,"uto":-1,"uwr":-1},"geometry":{"type":"Point","coordinates":[18.594722,54.4175]}},{"type":"Feature","properties":{"ID":106703907,"yr":2018,"dt":"2018-01-30T06:50:00","WOJ":22,"sev":2,"c":[255,165,0,160],"dmg":1,"sli":0,"ser":1,"fat":0,"row":-1,"mot":-1,"pie":2,"uto":-1,"uwr":-1},"geometry":{"type":"Point","coordinates":[18.168611,53.99]}},{"type":"Feature","properties":{"ID":107119147,"yr":2018,"dt":"2018-07-23T10:00:00","WOJ":22,"sev":2,"c":[255,165,0,160],"dmg":1,"sli":0,"ser":1,"fat":0,"row":2,"mot":-1,"pie":-1,"uto":-1,"uwr":-1},"geometry":{"type":"Point","coordinates":[18.627222,54.370833]}},{"type":"Feature","properties":{"ID":106705674,"yr":2018,"dt":"2018-01-31T07:05:00","WOJ":22,"sev":2,"c":[255,165,0,160],"dmg":0,"sli":0,"ser":1,"fat":0,"row":-1,"mot":-1,"pie":-1,"uto":-1,"uwr":-1},"geometry":{"type":"Point","coordinates":[19.016944,54.134167]}},{"type":"Feature","properties":{"ID":106708615,"yr":2018,"dt":"2018-02-01T17:38:00","WOJ":22,"sev":2,"c":[255,165,0,160],"dmg":1,"sli":0,"ser":1,"fat":0,"row":-1,"mot":-1,"pie":2,"uto":-1,"uwr":-1},"geometry":{"type":"Point","coordinates":[19.030167,53.930083]}},{"type":"Feature","properties":{"ID":107500676,"yr":2018,"dt":"2018-12-15T00:00:00","WOJ":22,"sev":2,"c":[255,165,0,160],"dmg":0,"sli":0,"ser":2,"fat":0,"row":-1,"mot":-1,"pie":-1,"uto":-1,"uwr":-1},"geometry":{"type":"Point","coordinates":[19.073611,53.896944]}},{"type":"Feature","properties":{"ID":106711786,"yr":2018,"dt":"2018-02-02T18:45:00","WOJ":22,"sev":2,"c":[255,165,0,160],"dmg":1,"sli":0,"ser":1,"fat":0,"row":-1,"mot":-1,"pie":2,"uto":-1,"uwr":-1},"geometry":{"type":"Point","coordinates":[18.253417,54.601833]}},{"type":"Feature","properties":{"ID":106709997,"yr":2018,"dt":"2018-02-02T06:47:00","WOJ":22,"sev":2,"c":[255,165,0,160],"dmg":1,"sli":0,"ser":1,"fat":0,"row":-1,"mot":-1,"pie":-1,"uto":-1,"uwr":-1},"geometry":{"type":"Point","coordinates":[18.963944,53.681444]}},{"type":"Feature","properties":{"ID":107397623,"yr":2018,"dt":"2018-10-23T19:15:00","WOJ":22,"sev":2,"c":[255,165,0,160],"dmg":1,"sli":0,"ser":1,"fat":0,"row":-1,"mot":-1,"pie":2,"uto":-1,"uwr":-1},"geometry":{"type":"Point","coordinates":[18.593889,54.355]}},{"type":"Feature","properties":{"ID":106715213,"yr":2018,"dt":"2018-02-05T10:50:00","WOJ":22,"sev":2,"c":[255,165,0,160],"dmg":1,"sli":0,"ser":1,"fat":0,"row":2,"mot":-1,"pie":-1,"uto":-1,"uwr":-1},"geometry":{"type":"Point","coordinates":[18.963139,53.850417]}},{"type":"Feature","properties":{"ID":106714381,"yr":2018,"dt":"2018-02-05T09:50:00","WOJ":22,"sev":2,"c":[255,165,0,160],"dmg":1,"sli":0,"ser":1,"fat":0,"row":-1,"mot":-1,"pie":-1,"uto":-1,"uwr":-1},"geometry":{"type":"Point","coordinates":[18.586111,54.403056]}},{"type":"Feature","properties":{"ID":106721686,"yr":2018,"dt":"2018-02-08T09:45:00","WOJ":22,"sev":2,"c":[255,165,0,160],"dmg":0,"sli":0,"ser":1,"fat":0,"row":-1,"mot":-1,"pie":-1,"uto":-1,"uwr":-1},"geometry":{"type":"Point","coordinates":[18.592778,54.336667]}},{"type":"Feature","properties":{"ID":107250721,"yr":2018,"dt":"2018-09-01T22:20:00","WOJ":22,"sev":2,"c":[255,165,0,160],"dmg":1,"sli":0,"ser":1,"fat":0,"row":-1,"mot":-1,"pie":2,"uto":-1,"uwr":-1},"geometry":{"type":"Point","coordinates":[17.549167,53.703333]}},{"type":"Feature","properties":{"ID":106727374,"yr":2018,"dt":"2018-02-09T14:50:00","WOJ":22,"sev":2,"c":[255,165,0,160],"dmg":2,"sli":0,"ser":1,"fat":0,"row":-1,"mot":-1,"pie":-1,"uto":-1,"uwr":-1},"geometry":{"type":"Point","coordinates":[18.53275,54.514778]}},{"type":"Feature","properties":{"ID":106728272,"yr":2018,"dt":"2018-02-11T16:32:00","WOJ":22,"sev":2,"c":[255,165,0,160],"dmg":1,"sli":0,"ser":2,"fat":0,"row":-1,"mot":-1,"pie":-1,"uto":-1,"uwr":-1},"geometry":{"type":"Point","coordinates":[18.360167,54.606972]}},{"type":"Feature","properties":{"ID":106730846,"yr":2018,"dt":"2018-02-12T20:10:00","WOJ":22,"sev":2,"c":[255,165,0,160],"dmg":1,"sli":0,"ser":1,"fat":0,"row":-1,"mot":-1,"pie":-1,"uto":-1,"uwr":-1},"geometry":{"type":"Point","coordinates":[18.626389,54.368889]}},{"type":"Feature","properties":{"ID":106727539,"yr":2018,"dt":"2018-02-12T12:05:00","WOJ":22,"sev":2,"c":[255,165,0,160],"dmg":1,"sli":0,"ser":1,"fat":0,"row":-1,"mot":-1,"pie":-1,"uto":-1,"uwr":-1},"geometry":{"type":"Point","coordinates":[18.021389,54.009167]}},{"type":"Feature","properties":{"ID":107134947,"yr":2018,"dt":"2018-07-27T19:35:00","WOJ":22,"sev":2,"c":[255,165,0,160],"dmg":1,"sli":0,"ser":1,"fat":0,"row":2,"mot":-1,"pie":-1,"uto":-1,"uwr":-1},"geometry":{"type":"Point","coordinates":[18.623333,54.388611]}},{"type":"Feature","properties":{"ID":106733007,"yr":2018,"dt":"2018-02-13T17:45:00","WOJ":22,"sev":2,"c":[255,165,0,160],"dmg":1,"sli":0,"ser":1,"fat":0,"row":-1,"mot":-1,"pie":2,"uto":-1,"uwr":-1},"geometry":{"type":"Point","coordinates":[18.621667,54.348889]}},{"type":"Feature","properties":{"ID":106737236,"yr":2018,"dt":"2018-02-15T11:00:00","WOJ":22,"sev":2,"c":[255,165,0,160],"dmg":0,"sli":0,"ser":1,"fat":0,"row":-1,"mot":-1,"pie":-1,"uto":-1,"uwr":-1},"geometry":{"type":"Point","coordinates":[19.308278,53.811417]}},{"type":"Feature","properties":{"ID":106738230,"yr":2018,"dt":"2018-02-16T08:29:00","WOJ":22,"sev":2,"c":[255,165,0,160],"dmg":2,"sli":0,"ser":1,"fat":0,"row":-1,"mot":-1,"pie":2,"uto":-1,"uwr":-1},"geometry":{"type":"Point","coordinates":[18.496944,54.53]}},{"type":"Feature","properties":{"ID":106740931,"yr":2018,"dt":"2018-02-17T17:54:00","WOJ":22,"sev":2,"c":[255,165,0,160],"dmg":1,"sli":0,"ser":1,"fat":0,"row":-1,"mot":-1,"pie":2,"uto":-1,"uwr":-1},"geometry":{"type":"Point","coordinates":[18.565833,54.413889]}},{"type":"Feature","properties":{"ID":106740961,"yr":2018,"dt":"2018-02-17T18:50:00","WOJ":22,"sev":2,"c":[255,165,0,160],"dmg":1,"sli":1,"ser":1,"fat":0,"row":-1,"mot":-1,"pie":-1,"uto":-1,"uwr":-1},"geometry":{"type":"Point","coordinates":[18.937722,53.737444]}},{"type":"Feature","properties":{"ID":106740246,"yr":2018,"dt":"2018-02-17T07:30:00","WOJ":22,"sev":2,"c":[255,165,0,160],"dmg":0,"sli":0,"ser":1,"fat":0,"row":-1,"mot":-1,"pie":-1,"uto":-1,"uwr":-1},"geometry":{"type":"Point","coordinates":[18.002528,54.692722]}},{"type":"Feature","properties":{"ID":106742978,"yr":2018,"dt":"2018-02-18T07:00:00","WOJ":22,"sev":2,"c":[255,165,0,160],"dmg":0,"sli":0,"ser":1,"fat":0,"row":-1,"mot":-1,"pie":-1,"uto":-1,"uwr":-1},"geometry":{"type":"Point","coordinates":[17.218556,54.591222]}},{"type":"Feature","properties":{"ID":106743157,"yr":2018,"dt":"2018-02-18T17:30:00","WOJ":22,"sev":2,"c":[255,165,0,160],"dmg":0,"sli":0,"ser":1,"fat":0,"row":-1,"mot":-1,"pie":-1,"uto":-1,"uwr":-1},"geometry":{"type":"Point","coordinates":[17.392778,53.934722]}},{"type":"Feature","properties":{"ID":106743186,"yr":2018,"dt":"2018-02-18T18:14:00","WOJ":22,"sev":2,"c":[255,165,0,160],"dmg":1,"sli":0,"ser":3,"fat":0,"row":-1,"mot":-1,"pie":-1,"uto":-1,"uwr":-1},"geometry":{"type":"Point","coordinates":[18.471389,54.483611]}},{"type":"Feature","properties":{"ID":107248958,"yr":2018,"dt":"2018-09-01T14:50:00","WOJ":22,"sev":2,"c":[255,165,0,160],"dmg":1,"sli":0,"ser":1,"fat":0,"row":-1,"mot":-1,"pie":-1,"uto":-1,"uwr":-1},"geometry":{"type":"Point","coordinates":[16.85825,54.581583]}},{"type":"Feature","properties":{"ID":106745919,"yr":2018,"dt":"2018-02-20T08:05:00","WOJ":22,"sev":2,"c":[255,165,0,160],"dmg":1,"sli":0,"ser":1,"fat":0,"row":-1,"mot":-1,"pie":2,"uto":-1,"uwr":-1},"geometry":{"type":"Point","coordinates":[18.556944,54.330556]}},{"type":"Feature","properties":{"ID":106745574,"yr":2018,"dt":"2018-02-20T09:50:00","WOJ":22,"sev":2,"c":[255,165,0,160],"dmg":1,"sli":0,"ser":1,"fat":0,"row":-1,"mot":-1,"pie":-1,"uto":-1,"uwr":-1},"geometry":{"type":"Point","coordinates":[16.992333,54.44925]}},{"type":"Feature","properties":{"ID":106746560,"yr":2018,"dt":"2018-02-20T16:20:00","WOJ":22,"sev":2,"c":[255,165,0,160],"dmg":0,"sli":2,"ser":1,"fat":0,"row":-1,"mot":-1,"pie":-1,"uto":-1,"uwr":-1},"geometry":{"type":"Point","coordinates":[18.646111,54.357778]}},{"type":"Feature","properties":{"ID":106768589,"yr":2018,"dt":"2018-02-22T16:00:00","WOJ":22,"sev":2,"c":[255,165,0,160],"dmg":1,"sli":0,"ser":1,"fat":0,"row":-1,"mot":-1,"pie":2,"uto":-1,"uwr":-1},"geometry":{"type":"Point","coordinates":[17.008694,54.473722]}},{"type":"Feature","properties":{"ID":106754144,"yr":2018,"dt":"2018-02-22T12:32:00","WOJ":22,"sev":2,"c":[255,165,0,160],"dmg":0,"sli":2,"ser":1,"fat":0,"row":-1,"mot":-1,"pie":-1,"uto":-1,"uwr":-1},"geometry":{"type":"Point","coordinates":[18.380361,54.506833]}},{"type":"Feature","properties":{"ID":106755510,"yr":2018,"dt":"2018-02-23T07:25:00","WOJ":22,"sev":2,"c":[255,165,0,160],"dmg":1,"sli":0,"ser":1,"fat":0,"row":-1,"mot":-1,"pie":2,"uto":-1,"uwr":-1},"geometry":{"type":"Point","coordinates":[18.566111,54.374167]}},{"type":"Feature","properties":{"ID":106756328,"yr":2018,"dt":"2018-02-24T11:15:00","WOJ":22,"sev":2,"c":[255,165,0,160],"dmg":1,"sli":1,"ser":1,"fat":0,"row":-1,"mot":-1,"pie":-1,"uto":-1,"uwr":-1},"geometry":{"type":"Point","coordinates":[18.435278,54.382222]}},{"type":"Feature","properties":{"ID":106757729,"yr":2018,"dt":"2018-02-24T17:15:00","WOJ":22,"sev":2,"c":[255,165,0,160],"dmg":1,"sli":0,"ser":3,"fat":0,"row":-1,"mot":-1,"pie":-1,"uto":-1,"uwr":-1},"geometry":{"type":"Point","coordinates":[19.175,53.904167]}},{"type":"Feature","properties":{"ID":106757754,"yr":2018,"dt":"2018-02-24T08:18:00","WOJ":22,"sev":2,"c":[255,165,0,160],"dmg":0,"sli":0,"ser":1,"fat":0,"row":-1,"mot":-1,"pie":-1,"uto":-1,"uwr":-1},"geometry":{"type":"Point","coordinates":[18.389667,54.049111]}},{"type":"Feature","properties":{"ID":106757368,"yr":2018,"dt":"2018-02-24T09:20:00","WOJ":22,"sev":2,"c":[255,165,0,160],"dmg":2,"sli":1,"ser":1,"fat":0,"row":-1,"mot":-1,"pie":-1,"uto":-1,"uwr":-1},"geometry":{"type":"Point","coordinates":[18.147444,54.263889]}},{"type":"Feature","properties":{"ID":107115470,"yr":2018,"dt":"2018-07-20T18:35:00","WOJ":22,"sev":2,"c":[255,165,0,160],"dmg":1,"sli":0,"ser":1,"fat":0,"row":2,"mot":-1,"pie":-1,"uto":-1,"uwr":-1},"geometry":{"type":"Point","coordinates":[18.553333,54.41]}},{"type":"Feature","properties":{"ID":106761908,"yr":2018,"dt":"2018-02-26T13:45:00","WOJ":22,"sev":2,"c":[255,165,0,160],"dmg":2,"sli":0,"ser":2,"fat":0,"row":-1,"mot":-1,"pie":-1,"uto":-1,"uwr":-1},"geometry":{"type":"Point","coordinates":[18.182056,54.229111]}},{"type":"Feature","properties":{"ID":106760704,"yr":2018,"dt":"2018-02-26T07:13:00","WOJ":22,"sev":2,"c":[255,165,0,160],"dmg":1,"sli":0,"ser":1,"fat":0,"row":-1,"mot":-1,"pie":2,"uto":-1,"uwr":-1},"geometry":{"type":"Point","coordinates":[18.65,54.260556]}},{"type":"Feature","properties":{"ID":106761226,"yr":2018,"dt":"2018-02-26T15:50:00","WOJ":22,"sev":2,"c":[255,165,0,160],"dmg":1,"sli":0,"ser":1,"fat":0,"row":-1,"mot":-1,"pie":2,"uto":-1,"uwr":-1},"geometry":{"type":"Point","coordinates":[17.489111,54.169667]}},{"type":"Feature","properties":{"ID":106761778,"yr":2018,"dt":"2018-02-26T15:15:00","WOJ":22,"sev":2,"c":[255,165,0,160],"dmg":1,"sli":0,"ser":1,"fat":0,"row":-1,"mot":-1,"pie":2,"uto":-1,"uwr":-1},"geometry":{"type":"Point","coordinates":[18.623056,54.376667]}},{"type":"Feature","properties":{"ID":106941731,"yr":2018,"dt":"2018-05-05T17:05:00","WOJ":22,"sev":2,"c":[255,165,0,160],"dmg":0,"sli":0,"ser":1,"fat":0,"row":-1,"mot":-1,"pie":-1,"uto":-1,"uwr":-1},"geometry":{"type":"Point","coordinates":[17.689056,53.689889]}},{"type":"Feature","properties":{"ID":106761384,"yr":2018,"dt":"2018-02-27T06:28:05","WOJ":22,"sev":2,"c":[255,165,0,160],"dmg":0,"sli":1,"ser":1,"fat":0,"row":-1,"mot":-1,"pie":-1,"uto":-1,"uwr":-1},"geometry":{"type":"Point","coordinates":[18.748333,54.245556]}},{"type":"Feature","properties":{"ID":106766891,"yr":2018,"dt":"2018-02-28T15:00:00","WOJ":22,"sev":2,"c":[255,165,0,160],"dmg":0,"sli":1,"ser":1,"fat":0,"row":-1,"mot":-1,"pie":-1,"uto":-1,"uwr":-1},"geometry":{"type":"Point","coordinates":[18.510556,54.346667]}},{"type":"Feature","properties":{"ID":106773019,"yr":2018,"dt":"2018-03-02T19:45:00","WOJ":22,"sev":2,"c":[255,165,0,160],"dmg":0,"sli":0,"ser":1,"fat":0,"row":-1,"mot":-1,"pie":-1,"uto":-1,"uwr":-1},"geometry":{"type":"Point","coordinates":[17.803333,54.071111]}},{"type":"Feature","properties":{"ID":106773042,"yr":2018,"dt":"2018-03-02T10:00:00","WOJ":22,"sev":2,"c":[255,165,0,160],"dmg":1,"sli":0,"ser":1,"fat":0,"row":-1,"mot":-1,"pie":2,"uto":-1,"uwr":-1},"geometry":{"type":"Point","coordinates":[18.616667,54.388056]}},{"type":"Feature","properties":{"ID":106782753,"yr":2018,"dt":"2018-03-06T18:30:00","WOJ":22,"sev":2,"c":[255,165,0,160],"dmg":1,"sli":0,"ser":1,"fat":0,"row":-1,"mot":-1,"pie":2,"uto":-1,"uwr":-1},"geometry":{"type":"Point","coordinates":[18.596111,54.383889]}},{"type":"Feature","properties":{"ID":106786418,"yr":2018,"dt":"2018-03-08T17:30:00","WOJ":22,"sev":2,"c":[255,165,0,160],"dmg":1,"sli":0,"ser":1,"fat":0,"row":-1,"mot":-1,"pie":2,"uto":-1,"uwr":-1},"geometry":{"type":"Point","coordinates":[18.536111,54.501944]}},{"type":"Feature","properties":{"ID":106787642,"yr":2018,"dt":"2018-03-09T15:15:00","WOJ":22,"sev":2,"c":[255,165,0,160],"dmg":1,"sli":0,"ser":1,"fat":0,"row":-1,"mot":-1,"pie":2,"uto":-1,"uwr":-1},"geometry":{"type":"Point","coordinates":[18.650556,54.345833]}},{"type":"Feature","properties":{"ID":106789221,"yr":2018,"dt":"2018-03-10T08:49:00","WOJ":22,"sev":2,"c":[255,165,0,160],"dmg":2,"sli":0,"ser":1,"fat":0,"row":-1,"mot":-1,"pie":-1,"uto":-1,"uwr":-1},"geometry":{"type":"Point","coordinates":[18.417778,54.485556]}},{"type":"Feature","properties":{"ID":107199651,"yr":2018,"dt":"2018-08-14T17:40:00","WOJ":22,"sev":2,"c":[255,165,0,160],"dmg":2,"sli":0,"ser":1,"fat":0,"row":-1,"mot":-1,"pie":-1,"uto":-1,"uwr":-1},"geometry":{"type":"Point","coordinates":[17.385444,54.310667]}},{"type":"Feature","properties":{"ID":106793861,"yr":2018,"dt":"2018-03-12T18:21:00","WOJ":22,"sev":2,"c":[255,165,0,160],"dmg":1,"sli":0,"ser":1,"fat":0,"row":-1,"mot":-1,"pie":2,"uto":-1,"uwr":-1},"geometry":{"type":"Point","coordinates":[18.442222,54.548333]}},{"type":"Feature","properties":{"ID":106794473,"yr":2018,"dt":"2018-03-13T18:18:00","WOJ":22,"sev":2,"c":[255,165,0,160],"dmg":1,"sli":0,"ser":1,"fat":0,"row":-1,"mot":-1,"pie":2,"uto":-1,"uwr":-1},"geometry":{"type":"Point","coordinates":[19.043389,54.024417]}},{"type":"Feature","properties":{"ID":106794229,"yr":2018,"dt":"2018-03-13T07:15:00","WOJ":22,"sev":2,"c":[255,165,0,160],"dmg":1,"sli":0,"ser":1,"fat":0,"row":-1,"mot":-1,"pie":-1,"uto":-1,"uwr":-1},"geometry":{"type":"Point","coordinates":[18.964583,53.698361]}},{"type":"Feature","properties":{"ID":106804406,"yr":2018,"dt":"2018-03-14T14:35:00","WOJ":22,"sev":2,"c":[255,165,0,160],"dmg":1,"sli":0,"ser":1,"fat":0,"row":2,"mot":-1,"pie":-1,"uto":-1,"uwr":-1},"geometry":{"type":"Point","coordinates":[17.017194,54.452722]}},{"type":"Feature","properties":{"ID":106798703,"yr":2018,"dt":"2018-03-16T13:25:00","WOJ":22,"sev":2,"c":[255,165,0,160],"dmg":0,"sli":0,"ser":1,"fat":0,"row":-1,"mot":-1,"pie":-1,"uto":-1,"uwr":-1},"geometry":{"type":"Point","coordinates":[18.119167,54.129167]}},{"type":"Feature","properties":{"ID":107253317,"yr":2018,"dt":"2018-09-02T17:20:00","WOJ":22,"sev":2,"c":[255,165,0,160],"dmg":1,"sli":0,"ser":1,"fat":0,"row":-1,"mot":-1,"pie":2,"uto":-1,"uwr":-1},"geometry":{"type":"Point","coordinates":[18.634444,54.330278]}},{"type":"Feature","properties":{"ID":107305938,"yr":2018,"dt":"2018-09-23T00:15:00","WOJ":22,"sev":2,"c":[255,165,0,160],"dmg":1,"sli":0,"ser":1,"fat":0,"row":-1,"mot":-1,"pie":-1,"uto":-1,"uwr":-1},"geometry":{"type":"Point","coordinates":[18.690028,53.923028]}},{"type":"Feature","properties":{"ID":106809650,"yr":2018,"dt":"2018-03-22T12:30:00","WOJ":22,"sev":2,"c":[255,165,0,160],"dmg":1,"sli":0,"ser":1,"fat":0,"row":-1,"mot":-1,"pie":-1,"uto":-1,"uwr":-1},"geometry":{"type":"Point","coordinates":[17.6975,53.722778]}},{"type":"Feature","properties":{"ID":106809857,"yr":2018,"dt":"2018-03-22T06:50:00","WOJ":22,"sev":2,"c":[255,165,0,160],"dmg":0,"sli":0,"ser":1,"fat":0,"row":-1,"mot":-1,"pie":-1,"uto":-1,"uwr":-1},"geometry":{"type":"Point","coordinates":[18.019444,54.682639]}},{"type":"Feature","properties":{"ID":106811613,"yr":2018,"dt":"2018-03-23T18:20:00","WOJ":22,"sev":2,"c":[255,165,0,160],"dmg":1,"sli":0,"ser":1,"fat":0,"row":-1,"mot":-1,"pie":2,"uto":-1,"uwr":-1},"geometry":{"type":"Point","coordinates":[17.570278,53.693611]}},{"type":"Feature","properties":{"ID":106814611,"yr":2018,"dt":"2018-03-25T14:40:00","WOJ":22,"sev":2,"c":[255,165,0,160],"dmg":1,"sli":0,"ser":1,"fat":0,"row":-1,"mot":-1,"pie":-1,"uto":-1,"uwr":-1},"geometry":{"type":"Point","coordinates":[18.6295,53.735583]}},{"type":"Feature","properties":{"ID":106815139,"yr":2018,"dt":"2018-03-26T10:15:00","WOJ":22,"sev":2,"c":[255,165,0,160],"dmg":1,"sli":0,"ser":1,"fat":0,"row":-1,"mot":-1,"pie":2,"uto":-1,"uwr":-1},"geometry":{"type":"Point","coordinates":[18.522222,54.352778]}},{"type":"Feature","properties":{"ID":106828892,"yr":2018,"dt":"2018-03-28T23:20:00","WOJ":22,"sev":2,"c":[255,165,0,160],"dmg":0,"sli":0,"ser":1,"fat":0,"row":-1,"mot":2,"pie":-1,"uto":-1,"uwr":-1},"geometry":{"type":"Point","coordinates":[18.645278,54.353056]}},{"type":"Feature","properties":{"ID":106824644,"yr":2018,"dt":"2018-03-28T17:20:00","WOJ":22,"sev":2,"c":[255,165,0,160],"dmg":1,"sli":0,"ser":1,"fat":0,"row":-1,"mot":-1,"pie":2,"uto":-1,"uwr":-1},"geometry":{"type":"Point","coordinates":[18.645278,54.355278]}},{"type":"Feature","properties":{"ID":107306229,"yr":2018,"dt":"2018-09-23T12:40:00","WOJ":22,"sev":2,"c":[255,165,0,160],"dmg":1,"sli":0,"ser":1,"fat":0,"row":-1,"mot":-1,"pie":-1,"uto":-1,"uwr":-1},"geometry":{"type":"Point","coordinates":[17.730833,54.717222]}},{"type":"Feature","properties":{"ID":107104162,"yr":2018,"dt":"2018-07-15T12:48:00","WOJ":22,"sev":2,"c":[255,165,0,160],"dmg":2,"sli":0,"ser":1,"fat":0,"row":-1,"mot":2,"pie":-1,"uto":-1,"uwr":-1},"geometry":{"type":"Point","coordinates":[18.364,54.694972]}},{"type":"Feature","properties":{"ID":106863974,"yr":2018,"dt":"2018-03-30T19:00:00","WOJ":22,"sev":2,"c":[255,165,0,160],"dmg":0,"sli":0,"ser":1,"fat":0,"row":-1,"mot":-1,"pie":-1,"uto":-1,"uwr":-1},"geometry":{"type":"Point","coordinates":[17.7175,53.677778]}},{"type":"Feature","properties":{"ID":107507833,"yr":2018,"dt":"2018-12-17T17:29:00","WOJ":22,"sev":2,"c":[255,165,0,160],"dmg":1,"sli":0,"ser":1,"fat":0,"row":-1,"mot":-1,"pie":2,"uto":-1,"uwr":-1},"geometry":{"type":"Point","coordinates":[18.2425,54.604722]}},{"type":"Feature","properties":{"ID":107512465,"yr":2018,"dt":"2018-12-18T21:30:00","WOJ":22,"sev":2,"c":[255,165,0,160],"dmg":0,"sli":0,"ser":1,"fat":0,"row":-1,"mot":-1,"pie":-1,"uto":-1,"uwr":-1},"geometry":{"type":"Point","coordinates":[17.636944,53.7575]}},{"type":"Feature","properties":{"ID":106866093,"yr":2018,"dt":"2018-03-31T12:32:00","WOJ":22,"sev":2,"c":[255,165,0,160],"dmg":1,"sli":0,"ser":1,"fat":0,"row":-1,"mot":-1,"pie":-1,"uto":-1,"uwr":-1},"geometry":{"type":"Point","coordinates":[17.785667,54.327222]}},{"type":"Feature","properties":{"ID":106865293,"yr":2018,"dt":"2018-04-01T15:40:00","WOJ":22,"sev":2,"c":[255,165,0,160],"dmg":0,"sli":0,"ser":1,"fat":0,"row":-1,"mot":-1,"pie":-1,"uto":-1,"uwr":-1},"geometry":{"type":"Point","coordinates":[18.202778,54.585028]}},{"type":"Feature","properties":{"ID":107123849,"yr":2018,"dt":"2018-07-23T07:05:00","WOJ":22,"sev":2,"c":[255,165,0,160],"dmg":1,"sli":0,"ser":1,"fat":0,"row":-1,"mot":-1,"pie":-1,"uto":-1,"uwr":-1},"geometry":{"type":"Point","coordinates":[17.013361,54.473222]}},{"type":"Feature","properties":{"ID":106865713,"yr":2018,"dt":"2018-04-02T16:50:00","WOJ":22,"sev":2,"c":[255,165,0,160],"dmg":1,"sli":0,"ser":1,"fat":0,"row":-1,"mot":-1,"pie":-1,"uto":-1,"uwr":-1},"geometry":{"type":"Point","coordinates":[18.262056,54.603389]}},{"type":"Feature","properties":{"ID":106865487,"yr":2018,"dt":"2018-04-02T02:40:00","WOJ":22,"sev":2,"c":[255,165,0,160],"dmg":0,"sli":0,"ser":1,"fat":0,"row":-1,"mot":-1,"pie":-1,"uto":-1,"uwr":-1},"geometry":{"type":"Point","coordinates":[17.671111,53.911389]}},{"type":"Feature","properties":{"ID":106865480,"yr":2018,"dt":"2018-04-02T00:25:00","WOJ":22,"sev":2,"c":[255,165,0,160],"dmg":0,"sli":1,"ser":1,"fat":0,"row":-1,"mot":-1,"pie":-1,"uto":-1,"uwr":-1},"geometry":{"type":"Point","coordinates":[17.923528,54.452861]}},{"type":"Feature","properties":{"ID":106867910,"yr":2018,"dt":"2018-04-03T12:09:00","WOJ":22,"sev":2,"c":[255,165,0,160],"dmg":1,"sli":0,"ser":1,"fat":0,"row":-1,"mot":-1,"pie":2,"uto":-1,"uwr":-1},"geometry":{"type":"Point","coordinates":[18.539167,54.523056]}},{"type":"Feature","properties":{"ID":106867712,"yr":2018,"dt":"2018-04-04T16:18:00","WOJ":22,"sev":2,"c":[255,165,0,160],"dmg":2,"sli":0,"ser":1,"fat":0,"row":-1,"mot":2,"pie":-1,"uto":-1,"uwr":-1},"geometry":{"type":"Point","coordinates":[18.545722,54.485056]}},{"type":"Feature","properties":{"ID":106877684,"yr":2018,"dt":"2018-04-06T23:50:00","WOJ":22,"sev":2,"c":[255,165,0,160],"dmg":0,"sli":0,"ser":1,"fat":0,"row":-1,"mot":-1,"pie":-1,"uto":-1,"uwr":-1},"geometry":{"type":"Point","coordinates":[17.405778,53.8495]}},{"type":"Feature","properties":{"ID":107183789,"yr":2018,"dt":"2018-08-15T19:10:00","WOJ":22,"sev":2,"c":[255,165,0,160],"dmg":1,"sli":0,"ser":1,"fat":0,"row":-1,"mot":-1,"pie":-1,"uto":-1,"uwr":-1},"geometry":{"type":"Point","coordinates":[18.603611,54.386667]}},{"type":"Feature","properties":{"ID":106875971,"yr":2018,"dt":"2018-04-08T10:30:00","WOJ":22,"sev":2,"c":[255,165,0,160],"dmg":1,"sli":0,"ser":1,"fat":0,"row":-1,"mot":2,"pie":-1,"uto":-1,"uwr":-1},"geometry":{"type":"Point","coordinates":[17.041222,54.464889]}},{"type":"Feature","properties":{"ID":106876982,"yr":2018,"dt":"2018-04-08T10:54:00","WOJ":22,"sev":2,"c":[255,165,0,160],"dmg":1,"sli":0,"ser":1,"fat":0,"row":2,"mot":-1,"pie":-1,"uto":-1,"uwr":-1},"geometry":{"type":"Point","coordinates":[18.475278,54.558611]}},{"type":"Feature","properties":{"ID":106876580,"yr":2018,"dt":"2018-04-09T09:50:00","WOJ":22,"sev":2,"c":[255,165,0,160],"dmg":1,"sli":0,"ser":1,"fat":0,"row":2,"mot":-1,"pie":-1,"uto":-1,"uwr":-1},"geometry":{"type":"Point","coordinates":[18.642778,54.361389]}},{"type":"Feature","properties":{"ID":106877551,"yr":2018,"dt":"2018-04-09T18:34:00","WOJ":22,"sev":2,"c":[255,165,0,160],"dmg":1,"sli":0,"ser":1,"fat":0,"row":-1,"mot":-1,"pie":-1,"uto":-1,"uwr":-1},"geometry":{"type":"Point","coordinates":[18.390444,54.568583]}},{"type":"Feature","properties":{"ID":106893868,"yr":2018,"dt":"2018-04-10T08:45:00","WOJ":22,"sev":2,"c":[255,165,0,160],"dmg":0,"sli":0,"ser":1,"fat":0,"row":-1,"mot":-1,"pie":-1,"uto":-1,"uwr":-1},"geometry":{"type":"Point","coordinates":[18.628333,54.343333]}},{"type":"Feature","properties":{"ID":106878861,"yr":2018,"dt":"2018-04-10T10:05:00","WOJ":22,"sev":2,"c":[255,165,0,160],"dmg":1,"sli":1,"ser":1,"fat":0,"row":-1,"mot":-1,"pie":2,"uto":-1,"uwr":-1},"geometry":{"type":"Point","coordinates":[18.641111,54.351667]}},{"type":"Feature","properties":{"ID":106883475,"yr":2018,"dt":"2018-04-12T01:22:00","WOJ":22,"sev":2,"c":[255,165,0,160],"dmg":0,"sli":0,"ser":1,"fat":0,"row":-1,"mot":-1,"pie":-1,"uto":-1,"uwr":-1},"geometry":{"type":"Point","coordinates":[18.061861,54.673472]}},{"type":"Feature","properties":{"ID":106884409,"yr":2018,"dt":"2018-04-12T20:20:00","WOJ":22,"sev":2,"c":[255,165,0,160],"dmg":2,"sli":1,"ser":1,"fat":0,"row":-1,"mot":-1,"pie":-1,"uto":-1,"uwr":-1},"geometry":{"type":"Point","coordinates":[18.6,54.322222]}},{"type":"Feature","properties":{"ID":106889272,"yr":2018,"dt":"2018-04-13T21:40:00","WOJ":22,"sev":2,"c":[255,165,0,160],"dmg":1,"sli":0,"ser":1,"fat":0,"row":-1,"mot":-1,"pie":2,"uto":-1,"uwr":-1},"geometry":{"type":"Point","coordinates":[17.964417,53.804361]}},{"type":"Feature","properties":{"ID":106889067,"yr":2018,"dt":"2018-04-13T18:45:00","WOJ":22,"sev":2,"c":[255,165,0,160],"dmg":0,"sli":0,"ser":1,"fat":0,"row":-1,"mot":2,"pie":-1,"uto":-1,"uwr":-1},"geometry":{"type":"Point","coordinates":[19.287083,53.909472]}},{"type":"Feature","properties":{"ID":107400455,"yr":2018,"dt":"2018-10-24T21:55:00","WOJ":22,"sev":2,"c":[255,165,0,160],"dmg":0,"sli":2,"ser":2,"fat":0,"row":-1,"mot":-1,"pie":-1,"uto":-1,"uwr":-1},"geometry":{"type":"Point","coordinates":[18.948972,53.627222]}},{"type":"Feature","properties":{"ID":106888675,"yr":2018,"dt":"2018-04-14T17:30:00","WOJ":22,"sev":2,"c":[255,165,0,160],"dmg":1,"sli":0,"ser":1,"fat":0,"row":2,"mot":-1,"pie":-1,"uto":-1,"uwr":-1},"geometry":{"type":"Point","coordinates":[18.583889,54.3325]}},{"type":"Feature","properties":{"ID":106892526,"yr":2018,"dt":"2018-04-15T18:40:00","WOJ":22,"sev":2,"c":[255,165,0,160],"dmg":1,"sli":0,"ser":1,"fat":0,"row":2,"mot":-1,"pie":-1,"uto":-1,"uwr":-1},"geometry":{"type":"Point","coordinates":[18.657778,54.3925]}},{"type":"Feature","properties":{"ID":106890571,"yr":2018,"dt":"2018-04-16T07:50:00","WOJ":22,"sev":2,"c":[255,165,0,160],"dmg":1,"sli":0,"ser":1,"fat":0,"row":-1,"mot":-1,"pie":2,"uto":-1,"uwr":-1},"geometry":{"type":"Point","coordinates":[18.621389,54.326389]}},{"type":"Feature","properties":{"ID":106890646,"yr":2018,"dt":"2018-04-16T06:30:00","WOJ":22,"sev":2,"c":[255,165,0,160],"dmg":2,"sli":0,"ser":1,"fat":0,"row":-1,"mot":-1,"pie":2,"uto":-1,"uwr":-1},"geometry":{"type":"Point","coordinates":[18.590833,54.314167]}},{"type":"Feature","properties":{"ID":106896856,"yr":2018,"dt":"2018-04-17T17:05:00","WOJ":22,"sev":2,"c":[255,165,0,160],"dmg":1,"sli":0,"ser":1,"fat":0,"row":2,"mot":-1,"pie":-1,"uto":-1,"uwr":-1},"geometry":{"type":"Point","coordinates":[18.320556,54.29275]}},{"type":"Feature","properties":{"ID":106896817,"yr":2018,"dt":"2018-04-18T11:51:09","WOJ":22,"sev":2,"c":[255,165,0,160],"dmg":1,"sli":0,"ser":1,"fat":0,"row":-1,"mot":-1,"pie":2,"uto":-1,"uwr":-1},"geometry":{"type":"Point","coordinates":[18.622778,54.399167]}},{"type":"Feature","properties":{"ID":106896778,"yr":2018,"dt":"2018-04-18T18:40:00","WOJ":22,"sev":2,"c":[255,165,0,160],"dmg":1,"sli":0,"ser":1,"fat":0,"row":0,"mot":-1,"pie":2,"uto":-1,"uwr":-1},"geometry":{"type":"Point","coordinates":[17.013944,54.473139]}},{"type":"Feature","properties":{"ID":106897188,"yr":2018,"dt":"2018-04-18T13:05:00","WOJ":22,"sev":2,"c":[255,165,0,160],"dmg":0,"sli":0,"ser":1,"fat":0,"row":-1,"mot":-1,"pie":-1,"uto":-1,"uwr":-1},"geometry":{"type":"Point","coordinates":[17.886611,54.555944]}},{"type":"Feature","properties":{"ID":106896740,"yr":2018,"dt":"2018-04-18T17:15:00","WOJ":22,"sev":2,"c":[255,165,0,160],"dmg":1,"sli":0,"ser":1,"fat":0,"row":-1,"mot":-1,"pie":-1,"uto":-1,"uwr":-1},"geometry":{"type":"Point","coordinates":[17.490694,54.170861]}},{"type":"Feature","properties":{"ID":106896328,"yr":2018,"dt":"2018-04-18T14:20:00","WOJ":22,"sev":2,"c":[255,165,0,160],"dmg":1,"sli":0,"ser":1,"fat":0,"row":-1,"mot":-1,"pie":2,"uto":-1,"uwr":-1},"geometry":{"type":"Point","coordinates":[18.934444,53.737194]}},{"type":"Feature","properties":{"ID":106895996,"yr":2018,"dt":"2018-04-18T11:30:00","WOJ":22,"sev":2,"c":[255,165,0,160],"dmg":0,"sli":1,"ser":1,"fat":0,"row":1,"mot":-1,"pie":-1,"uto":-1,"uwr":-1},"geometry":{"type":"Point","coordinates":[18.6425,54.361389]}},{"type":"Feature","properties":{"ID":107191218,"yr":2018,"dt":"2018-08-16T18:50:00","WOJ":22,"sev":2,"c":[255,165,0,160],"dmg":0,"sli":1,"ser":1,"fat":0,"row":2,"mot":1,"pie":-1,"uto":-1,"uwr":-1},"geometry":{"type":"Point","coordinates":[17.5025,53.818611]}},{"type":"Feature","properties":{"ID":106901450,"yr":2018,"dt":"2018-04-20T19:00:00","WOJ":22,"sev":2,"c":[255,165,0,160],"dmg":1,"sli":0,"ser":1,"fat":0,"row":-1,"mot":2,"pie":-1,"uto":-1,"uwr":-1},"geometry":{"type":"Point","coordinates":[18.398361,54.582278]}},{"type":"Feature","properties":{"ID":106913835,"yr":2018,"dt":"2018-04-21T11:35:00","WOJ":22,"sev":2,"c":[255,165,0,160],"dmg":1,"sli":0,"ser":1,"fat":0,"row":-1,"mot":2,"pie":-1,"uto":-1,"uwr":-1},"geometry":{"type":"Point","coordinates":[16.996389,54.466333]}},{"type":"Feature","properties":{"ID":106902536,"yr":2018,"dt":"2018-04-21T10:45:00","WOJ":22,"sev":2,"c":[255,165,0,160],"dmg":2,"sli":0,"ser":2,"fat":0,"row":2,"mot":2,"pie":-1,"uto":-1,"uwr":-1},"geometry":{"type":"Point","coordinates":[18.234028,54.55275]}},{"type":"Feature","properties":{"ID":106902794,"yr":2018,"dt":"2018-04-22T23:50:00","WOJ":22,"sev":2,"c":[255,165,0,160],"dmg":2,"sli":0,"ser":1,"fat":0,"row":-1,"mot":-1,"pie":-1,"uto":-1,"uwr":-1},"geometry":{"type":"Point","coordinates":[17.566944,54.484167]}},{"type":"Feature","properties":{"ID":106904097,"yr":2018,"dt":"2018-04-22T14:20:00","WOJ":22,"sev":2,"c":[255,165,0,160],"dmg":2,"sli":0,"ser":2,"fat":0,"row":-1,"mot":-1,"pie":-1,"uto":-1,"uwr":-1},"geometry":{"type":"Point","coordinates":[18.145361,54.632139]}},{"type":"Feature","properties":{"ID":106905343,"yr":2018,"dt":"2018-04-23T17:10:00","WOJ":22,"sev":2,"c":[255,165,0,160],"dmg":1,"sli":0,"ser":1,"fat":0,"row":2,"mot":-1,"pie":-1,"uto":-1,"uwr":-1},"geometry":{"type":"Point","coordinates":[18.587778,54.389167]}},{"type":"Feature","properties":{"ID":106906416,"yr":2018,"dt":"2018-04-24T07:40:00","WOJ":22,"sev":2,"c":[255,165,0,160],"dmg":1,"sli":0,"ser":1,"fat":0,"row":2,"mot":-1,"pie":-1,"uto":-1,"uwr":-1},"geometry":{"type":"Point","coordinates":[18.550278,54.343056]}},{"type":"Feature","properties":{"ID":106908176,"yr":2018,"dt":"2018-04-24T19:22:00","WOJ":22,"sev":2,"c":[255,165,0,160],"dmg":1,"sli":0,"ser":1,"fat":0,"row":-1,"mot":-1,"pie":2,"uto":-1,"uwr":-1},"geometry":{"type":"Point","coordinates":[18.629444,54.311389]}},{"type":"Feature","properties":{"ID":106917070,"yr":2018,"dt":"2018-04-24T19:45:00","WOJ":22,"sev":2,"c":[255,165,0,160],"dmg":1,"sli":0,"ser":1,"fat":0,"row":-1,"mot":2,"pie":-1,"uto":-1,"uwr":-1},"geometry":{"type":"Point","coordinates":[17.017111,54.452583]}},{"type":"Feature","properties":{"ID":106910378,"yr":2018,"dt":"2018-04-25T10:45:00","WOJ":22,"sev":2,"c":[255,165,0,160],"dmg":1,"sli":0,"ser":1,"fat":0,"row":2,"mot":-1,"pie":-1,"uto":-1,"uwr":-1},"geometry":{"type":"Point","coordinates":[17.497222,53.728056]}},{"type":"Feature","properties":{"ID":107254726,"yr":2018,"dt":"2018-09-03T12:10:00","WOJ":22,"sev":2,"c":[255,165,0,160],"dmg":1,"sli":0,"ser":1,"fat":0,"row":-1,"mot":-1,"pie":-1,"uto":-1,"uwr":-1},"geometry":{"type":"Point","coordinates":[18.586889,54.087472]}},{"type":"Feature","properties":{"ID":106915232,"yr":2018,"dt":"2018-04-27T21:20:00","WOJ":22,"sev":2,"c":[255,165,0,160],"dmg":0,"sli":2,"ser":1,"fat":0,"row":-1,"mot":-1,"pie":-1,"uto":-1,"uwr":-1},"geometry":{"type":"Point","coordinates":[18.752222,54.117222]}},{"type":"Feature","properties":{"ID":106914013,"yr":2018,"dt":"2018-04-27T06:46:00","WOJ":22,"sev":2,"c":[255,165,0,160],"dmg":2,"sli":0,"ser":1,"fat":0,"row":-1,"mot":2,"pie":-1,"uto":-1,"uwr":-1},"geometry":{"type":"Point","coordinates":[18.542778,54.523611]}},{"type":"Feature","properties":{"ID":106917013,"yr":2018,"dt":"2018-04-28T19:16:00","WOJ":22,"sev":2,"c":[255,165,0,160],"dmg":0,"sli":0,"ser":1,"fat":0,"row":-1,"mot":2,"pie":-1,"uto":-1,"uwr":-1},"geometry":{"type":"Point","coordinates":[18.501944,54.537778]}},{"type":"Feature","properties":{"ID":106917068,"yr":2018,"dt":"2018-04-28T18:43:00","WOJ":22,"sev":2,"c":[255,165,0,160],"dmg":0,"sli":0,"ser":1,"fat":0,"row":2,"mot":-1,"pie":-1,"uto":-1,"uwr":-1},"geometry":{"type":"Point","coordinates":[17.235833,53.538222]}},{"type":"Feature","properties":{"ID":106917538,"yr":2018,"dt":"2018-04-29T12:15:00","WOJ":22,"sev":2,"c":[255,165,0,160],"dmg":1,"sli":0,"ser":1,"fat":0,"row":-1,"mot":-1,"pie":2,"uto":-1,"uwr":-1},"geometry":{"type":"Point","coordinates":[18.585833,54.404444]}},{"type":"Feature","properties":{"ID":106918838,"yr":2018,"dt":"2018-04-29T22:35:00","WOJ":22,"sev":2,"c":[255,165,0,160],"dmg":0,"sli":1,"ser":1,"fat":0,"row":-1,"mot":-1,"pie":-1,"uto":-1,"uwr":-1},"geometry":{"type":"Point","coordinates":[18.502778,54.425]}},{"type":"Feature","properties":{"ID":106924214,"yr":2018,"dt":"2018-04-30T11:00:00","WOJ":22,"sev":2,"c":[255,165,0,160],"dmg":2,"sli":2,"ser":1,"fat":0,"row":-1,"mot":-1,"pie":-1,"uto":-1,"uwr":-1},"geometry":{"type":"Point","coordinates":[18.26775,54.755944]}},{"type":"Feature","properties":{"ID":106919918,"yr":2018,"dt":"2018-04-30T14:40:00","WOJ":22,"sev":2,"c":[255,165,0,160],"dmg":1,"sli":1,"ser":1,"fat":0,"row":-1,"mot":2,"pie":-1,"uto":-1,"uwr":-1},"geometry":{"type":"Point","coordinates":[19.115556,54.195556]}},{"type":"Feature","properties":{"ID":107310458,"yr":2018,"dt":"2018-09-24T07:50:00","WOJ":22,"sev":2,"c":[255,165,0,160],"dmg":1,"sli":0,"ser":2,"fat":0,"row":-1,"mot":-1,"pie":-1,"uto":-1,"uwr":-1},"geometry":{"type":"Point","coordinates":[17.657222,53.805]}},{"type":"Feature","properties":{"ID":107312097,"yr":2018,"dt":"2018-09-25T09:00:00","WOJ":22,"sev":2,"c":[255,165,0,160],"dmg":1,"sli":0,"ser":1,"fat":0,"row":-1,"mot":-1,"pie":2,"uto":-1,"uwr":-1},"geometry":{"type":"Point","coordinates":[17.5725,53.695833]}},{"type":"Feature","properties":{"ID":106922626,"yr":2018,"dt":"2018-05-02T13:20:00","WOJ":22,"sev":2,"c":[255,165,0,160],"dmg":1,"sli":0,"ser":1,"fat":0,"row":-1,"mot":2,"pie":-1,"uto":-1,"uwr":-1},"geometry":{"type":"Point","coordinates":[18.563333,54.331667]}},{"type":"Feature","properties":{"ID":106923384,"yr":2018,"dt":"2018-05-03T19:40:00","WOJ":22,"sev":2,"c":[255,165,0,160],"dmg":1,"sli":0,"ser":1,"fat":0,"row":2,"mot":-1,"pie":-1,"uto":-1,"uwr":-1},"geometry":{"type":"Point","coordinates":[18.598333,54.3825]}},{"type":"Feature","properties":{"ID":106925300,"yr":2018,"dt":"2018-05-04T12:59:00","WOJ":22,"sev":2,"c":[255,165,0,160],"dmg":1,"sli":0,"ser":2,"fat":0,"row":-1,"mot":-1,"pie":-1,"uto":-1,"uwr":-1},"geometry":{"type":"Point","coordinates":[18.498889,54.553333]}},{"type":"Feature","properties":{"ID":106925968,"yr":2018,"dt":"2018-05-05T15:20:00","WOJ":22,"sev":2,"c":[255,165,0,160],"dmg":1,"sli":1,"ser":1,"fat":0,"row":-1,"mot":-1,"pie":-1,"uto":-1,"uwr":-1},"geometry":{"type":"Point","coordinates":[18.588333,54.241667]}},{"type":"Feature","properties":{"ID":106926069,"yr":2018,"dt":"2018-05-05T17:12:00","WOJ":22,"sev":2,"c":[255,165,0,160],"dmg":1,"sli":0,"ser":1,"fat":0,"row":0,"mot":-1,"pie":2,"uto":-1,"uwr":-1},"geometry":{"type":"Point","coordinates":[18.290056,54.611417]}},{"type":"Feature","properties":{"ID":106926063,"yr":2018,"dt":"2018-05-05T17:00:00","WOJ":22,"sev":2,"c":[255,165,0,160],"dmg":1,"sli":0,"ser":1,"fat":0,"row":-1,"mot":-1,"pie":2,"uto":-1,"uwr":-1},"geometry":{"type":"Point","coordinates":[18.661389,54.400278]}},{"type":"Feature","properties":{"ID":107403822,"yr":2018,"dt":"2018-10-25T18:20:00","WOJ":22,"sev":2,"c":[255,165,0,160],"dmg":2,"sli":0,"ser":1,"fat":0,"row":-1,"mot":-1,"pie":-1,"uto":-1,"uwr":-1},"geometry":{"type":"Point","coordinates":[18.578306,54.298611]}},{"type":"Feature","properties":{"ID":106927831,"yr":2018,"dt":"2018-05-06T19:00:00","WOJ":22,"sev":2,"c":[255,165,0,160],"dmg":1,"sli":0,"ser":1,"fat":0,"row":2,"mot":-1,"pie":-1,"uto":-1,"uwr":-1},"geometry":{"type":"Point","coordinates":[18.684444,54.357222]}},{"type":"Feature","properties":{"ID":106927892,"yr":2018,"dt":"2018-05-06T20:10:00","WOJ":22,"sev":2,"c":[255,165,0,160],"dmg":1,"sli":0,"ser":1,"fat":0,"row":-1,"mot":-1,"pie":-1,"uto":-1,"uwr":-1},"geometry":{"type":"Point","coordinates":[17.586111,53.676944]}},{"type":"Feature","properties":{"ID":107403169,"yr":2018,"dt":"2018-10-25T18:20:00","WOJ":22,"sev":2,"c":[255,165,0,160],"dmg":1,"sli":0,"ser":1,"fat":0,"row":-1,"mot":-1,"pie":2,"uto":-1,"uwr":-1},"geometry":{"type":"Point","coordinates":[16.839139,54.119389]}},{"type":"Feature","properties":{"ID":107115792,"yr":2018,"dt":"2018-07-20T16:45:00","WOJ":22,"sev":2,"c":[255,165,0,160],"dmg":3,"sli":1,"ser":1,"fat":0,"row":-1,"mot":-1,"pie":-1,"uto":-1,"uwr":-1},"geometry":{"type":"Point","coordinates":[18.2588,54.60641]}},{"type":"Feature","properties":{"ID":107177560,"yr":2018,"dt":"2018-08-05T05:18:00","WOJ":22,"sev":2,"c":[255,165,0,160],"dmg":1,"sli":0,"ser":1,"fat":0,"row":2,"mot":-1,"pie":-1,"uto":-1,"uwr":-1},"geometry":{"type":"Point","coordinates":[18.591389,54.314722]}},{"type":"Feature","properties":{"ID":106929223,"yr":2018,"dt":"2018-05-07T20:05:00","WOJ":22,"sev":2,"c":[255,165,0,160],"dmg":0,"sli":0,"ser":1,"fat":0,"row":2,"mot":-1,"pie":-1,"uto":-1,"uwr":-1},"geometry":{"type":"Point","coordinates":[17.990833,53.819722]}},{"type":"Feature","properties":{"ID":106929231,"yr":2018,"dt":"2018-05-07T22:40:00","WOJ":22,"sev":2,"c":[255,165,0,160],"dmg":4,"sli":1,"ser":1,"fat":0,"row":-1,"mot":-1,"pie":-1,"uto":-1,"uwr":-1},"geometry":{"type":"Point","coordinates":[18.645278,54.349722]}},{"type":"Feature","properties":{"ID":106931220,"yr":2018,"dt":"2018-05-08T12:00:00","WOJ":22,"sev":2,"c":[255,165,0,160],"dmg":4,"sli":0,"ser":1,"fat":0,"row":-1,"mot":-1,"pie":-1,"uto":-1,"uwr":-1},"geometry":{"type":"Point","coordinates":[18.407583,54.557]}},{"type":"Feature","properties":{"ID":107518052,"yr":2018,"dt":"2018-12-20T16:45:00","WOJ":22,"sev":2,"c":[255,165,0,160],"dmg":0,"sli":0,"ser":1,"fat":0,"row":-1,"mot":-1,"pie":-1,"uto":-1,"uwr":-1},"geometry":{"type":"Point","coordinates":[17.390278,54.598167]}},{"type":"Feature","properties":{"ID":106931545,"yr":2018,"dt":"2018-05-09T05:30:00","WOJ":22,"sev":2,"c":[255,165,0,160],"dmg":2,"sli":0,"ser":1,"fat":0,"row":-1,"mot":2,"pie":-1,"uto":-1,"uwr":-1},"geometry":{"type":"Point","coordinates":[18.614722,54.341667]}},{"type":"Feature","properties":{"ID":106967670,"yr":2018,"dt":"2018-05-10T16:30:00","WOJ":22,"sev":2,"c":[255,165,0,160],"dmg":1,"sli":0,"ser":1,"fat":0,"row":2,"mot":-1,"pie":-1,"uto":-1,"uwr":-1},"geometry":{"type":"Point","coordinates":[18.636944,54.386111]}},{"type":"Feature","properties":{"ID":106966405,"yr":2018,"dt":"2018-05-10T16:00:00","WOJ":22,"sev":2,"c":[255,165,0,160],"dmg":2,"sli":0,"ser":1,"fat":0,"row":-1,"mot":2,"pie":-1,"uto":-1,"uwr":-1},"geometry":{"type":"Point","coordinates":[16.941083,54.482083]}},{"type":"Feature","properties":{"ID":106934589,"yr":2018,"dt":"2018-05-10T12:09:00","WOJ":22,"sev":2,"c":[255,165,0,160],"dmg":0,"sli":1,"ser":1,"fat":0,"row":-1,"mot":-1,"pie":-1,"uto":-1,"uwr":-1},"geometry":{"type":"Point","coordinates":[17.480667,54.212417]}},{"type":"Feature","properties":{"ID":106935932,"yr":2018,"dt":"2018-05-10T11:51:00","WOJ":22,"sev":2,"c":[255,165,0,160],"dmg":1,"sli":0,"ser":1,"fat":0,"row":-1,"mot":2,"pie":-1,"uto":-1,"uwr":-1},"geometry":{"type":"Point","coordinates":[18.54025,54.521111]}},{"type":"Feature","properties":{"ID":107518363,"yr":2018,"dt":"2018-12-20T14:46:00","WOJ":22,"sev":2,"c":[255,165,0,160],"dmg":1,"sli":0,"ser":1,"fat":0,"row":-1,"mot":-1,"pie":2,"uto":-1,"uwr":-1},"geometry":{"type":"Point","coordinates":[18.526944,54.520833]}},{"type":"Feature","properties":{"ID":106935148,"yr":2018,"dt":"2018-05-10T07:30:00","WOJ":22,"sev":2,"c":[255,165,0,160],"dmg":1,"sli":0,"ser":1,"fat":0,"row":-1,"mot":2,"pie":-1,"uto":-1,"uwr":-1},"geometry":{"type":"Point","coordinates":[18.629444,54.321389]}},{"type":"Feature","properties":{"ID":106936627,"yr":2018,"dt":"2018-05-11T06:15:00","WOJ":22,"sev":2,"c":[255,165,0,160],"dmg":1,"sli":0,"ser":1,"fat":0,"row":-1,"mot":2,"pie":-1,"uto":-1,"uwr":-1},"geometry":{"type":"Point","coordinates":[17.026694,54.476472]}},{"type":"Feature","properties":{"ID":106938247,"yr":2018,"dt":"2018-05-11T10:25:00","WOJ":22,"sev":2,"c":[255,165,0,160],"dmg":1,"sli":0,"ser":1,"fat":0,"row":2,"mot":-1,"pie":-1,"uto":-1,"uwr":-1},"geometry":{"type":"Point","coordinates":[17.244306,54.018139]}},{"type":"Feature","properties":{"ID":107315016,"yr":2018,"dt":"2018-09-25T11:00:00","WOJ":22,"sev":2,"c":[255,165,0,160],"dmg":1,"sli":0,"ser":1,"fat":0,"row":2,"mot":-1,"pie":-1,"uto":-1,"uwr":-1},"geometry":{"type":"Point","coordinates":[17.562778,53.694167]}},{"type":"Feature","properties":{"ID":106939840,"yr":2018,"dt":"2018-05-12T19:34:00","WOJ":22,"sev":2,"c":[255,165,0,160],"dmg":1,"sli":0,"ser":1,"fat":0,"row":-1,"mot":2,"pie":-1,"uto":-1,"uwr":-1},"geometry":{"type":"Point","coordinates":[17.231194,53.625417]}},{"type":"Feature","properties":{"ID":106939948,"yr":2018,"dt":"2018-05-12T21:20:00","WOJ":22,"sev":2,"c":[255,165,0,160],"dmg":1,"sli":0,"ser":1,"fat":0,"row":2,"mot":-1,"pie":-1,"uto":-1,"uwr":-1},"geometry":{"type":"Point","coordinates":[17.524222,54.163083]}},{"type":"Feature","properties":{"ID":106937508,"yr":2018,"dt":"2018-05-12T10:50:00","WOJ":22,"sev":2,"c":[255,165,0,160],"dmg":1,"sli":0,"ser":1,"fat":0,"row":2,"mot":-1,"pie":-1,"uto":-1,"uwr":-1},"geometry":{"type":"Point","coordinates":[18.462778,54.549167]}},{"type":"Feature","properties":{"ID":106937696,"yr":2018,"dt":"2018-05-13T01:30:00","WOJ":22,"sev":2,"c":[255,165,0,160],"dmg":0,"sli":0,"ser":1,"fat":0,"row":-1,"mot":2,"pie":-1,"uto":-1,"uwr":-1},"geometry":{"type":"Point","coordinates":[19.018611,54.239444]}},{"type":"Feature","properties":{"ID":106941853,"yr":2018,"dt":"2018-05-13T19:04:00","WOJ":22,"sev":2,"c":[255,165,0,160],"dmg":1,"sli":0,"ser":1,"fat":0,"row":-1,"mot":-1,"pie":-1,"uto":-1,"uwr":-1},"geometry":{"type":"Point","coordinates":[17.531389,53.670556]}},{"type":"Feature","properties":{"ID":106944759,"yr":2018,"dt":"2018-05-14T16:10:00","WOJ":22,"sev":2,"c":[255,165,0,160],"dmg":1,"sli":0,"ser":1,"fat":0,"row":-1,"mot":2,"pie":-1,"uto":-1,"uwr":-1},"geometry":{"type":"Point","coordinates":[18.625278,54.375556]}},{"type":"Feature","properties":{"ID":106944731,"yr":2018,"dt":"2018-05-14T15:25:00","WOJ":22,"sev":2,"c":[255,165,0,160],"dmg":2,"sli":0,"ser":2,"fat":0,"row":-1,"mot":-1,"pie":-1,"uto":-1,"uwr":-1},"geometry":{"type":"Point","coordinates":[18.242389,54.604861]}},{"type":"Feature","properties":{"ID":106943878,"yr":2018,"dt":"2018-05-14T08:20:00","WOJ":22,"sev":2,"c":[255,165,0,160],"dmg":1,"sli":0,"ser":1,"fat":0,"row":2,"mot":-1,"pie":-1,"uto":-1,"uwr":-1},"geometry":{"type":"Point","coordinates":[18.588889,54.364167]}},{"type":"Feature","properties":{"ID":106948055,"yr":2018,"dt":"2018-05-15T14:28:00","WOJ":22,"sev":2,"c":[255,165,0,160],"dmg":1,"sli":0,"ser":1,"fat":0,"row":-1,"mot":-1,"pie":-1,"uto":-1,"uwr":-1},"geometry":{"type":"Point","coordinates":[17.126333,53.955639]}},{"type":"Feature","properties":{"ID":106948095,"yr":2018,"dt":"2018-05-15T13:30:00","WOJ":22,"sev":2,"c":[255,165,0,160],"dmg":1,"sli":0,"ser":1,"fat":0,"row":-1,"mot":-1,"pie":2,"uto":-1,"uwr":-1},"geometry":{"type":"Point","coordinates":[18.526722,54.521083]}},{"type":"Feature","properties":{"ID":106950123,"yr":2018,"dt":"2018-05-16T19:05:00","WOJ":22,"sev":2,"c":[255,165,0,160],"dmg":1,"sli":0,"ser":1,"fat":0,"row":-1,"mot":2,"pie":-1,"uto":-1,"uwr":-1},"geometry":{"type":"Point","coordinates":[16.997333,54.474833]}},{"type":"Feature","properties":{"ID":106949234,"yr":2018,"dt":"2018-05-16T09:00:00","WOJ":22,"sev":2,"c":[255,165,0,160],"dmg":1,"sli":0,"ser":1,"fat":0,"row":-1,"mot":2,"pie":-1,"uto":-1,"uwr":-1},"geometry":{"type":"Point","coordinates":[17.920556,53.957778]}},{"type":"Feature","properties":{"ID":106951475,"yr":2018,"dt":"2018-05-16T11:20:00","WOJ":22,"sev":2,"c":[255,165,0,160],"dmg":1,"sli":0,"ser":1,"fat":0,"row":-1,"mot":-1,"pie":2,"uto":-1,"uwr":-1},"geometry":{"type":"Point","coordinates":[18.546111,54.521944]}},{"type":"Feature","properties":{"ID":106950894,"yr":2018,"dt":"2018-05-16T14:15:00","WOJ":22,"sev":2,"c":[255,165,0,160],"dmg":1,"sli":0,"ser":1,"fat":0,"row":-1,"mot":-1,"pie":-1,"uto":-1,"uwr":-1},"geometry":{"type":"Point","coordinates":[18.518333,54.549167]}},{"type":"Feature","properties":{"ID":106951217,"yr":2018,"dt":"2018-05-16T09:00:00","WOJ":22,"sev":2,"c":[255,165,0,160],"dmg":1,"sli":0,"ser":1,"fat":0,"row":-1,"mot":-1,"pie":-1,"uto":-1,"uwr":-1},"geometry":{"type":"Point","coordinates":[18.601944,54.386667]}},{"type":"Feature","properties":{"ID":106951972,"yr":2018,"dt":"2018-05-17T17:42:00","WOJ":22,"sev":2,"c":[255,165,0,160],"dmg":1,"sli":0,"ser":1,"fat":0,"row":2,"mot":-1,"pie":-1,"uto":-1,"uwr":-1},"geometry":{"type":"Point","coordinates":[18.599167,54.336389]}},{"type":"Feature","properties":{"ID":106955408,"yr":2018,"dt":"2018-05-18T17:03:00","WOJ":22,"sev":2,"c":[255,165,0,160],"dmg":1,"sli":0,"ser":1,"fat":0,"row":-1,"mot":2,"pie":-1,"uto":-1,"uwr":-1},"geometry":{"type":"Point","coordinates":[18.621944,54.399444]}},{"type":"Feature","properties":{"ID":106964843,"yr":2018,"dt":"2018-05-18T17:25:00","WOJ":22,"sev":2,"c":[255,165,0,160],"dmg":1,"sli":0,"ser":1,"fat":0,"row":-1,"mot":2,"pie":-1,"uto":-1,"uwr":-1},"geometry":{"type":"Point","coordinates":[17.26675,54.447111]}},{"type":"Feature","properties":{"ID":106954871,"yr":2018,"dt":"2018-05-18T11:45:00","WOJ":22,"sev":2,"c":[255,165,0,160],"dmg":1,"sli":0,"ser":1,"fat":0,"row":-1,"mot":-1,"pie":2,"uto":-1,"uwr":-1},"geometry":{"type":"Point","coordinates":[18.624167,54.3725]}},{"type":"Feature","properties":{"ID":107313007,"yr":2018,"dt":"2018-09-25T13:30:00","WOJ":22,"sev":2,"c":[255,165,0,160],"dmg":1,"sli":0,"ser":1,"fat":0,"row":2,"mot":-1,"pie":-1,"uto":-1,"uwr":-1},"geometry":{"type":"Point","coordinates":[18.197139,54.329667]}},{"type":"Feature","properties":{"ID":106956592,"yr":2018,"dt":"2018-05-19T21:05:00","WOJ":22,"sev":2,"c":[255,165,0,160],"dmg":1,"sli":1,"ser":1,"fat":0,"row":-1,"mot":-1,"pie":-1,"uto":-1,"uwr":-1},"geometry":{"type":"Point","coordinates":[17.109194,53.703583]}},{"type":"Feature","properties":{"ID":106956581,"yr":2018,"dt":"2018-05-19T21:25:00","WOJ":22,"sev":2,"c":[255,165,0,160],"dmg":0,"sli":3,"ser":3,"fat":0,"row":-1,"mot":-1,"pie":-1,"uto":-1,"uwr":-1},"geometry":{"type":"Point","coordinates":[17.604167,53.649167]}},{"type":"Feature","properties":{"ID":106956492,"yr":2018,"dt":"2018-05-19T18:30:00","WOJ":22,"sev":2,"c":[255,165,0,160],"dmg":1,"sli":1,"ser":1,"fat":0,"row":-1,"mot":-1,"pie":-1,"uto":-1,"uwr":-1},"geometry":{"type":"Point","coordinates":[18.285194,54.60275]}},{"type":"Feature","properties":{"ID":106955955,"yr":2018,"dt":"2018-05-19T07:40:00","WOJ":22,"sev":2,"c":[255,165,0,160],"dmg":0,"sli":1,"ser":1,"fat":0,"row":-1,"mot":-1,"pie":-1,"uto":-1,"uwr":-1},"geometry":{"type":"Point","coordinates":[17.984722,53.810833]}},{"type":"Feature","properties":{"ID":106954741,"yr":2018,"dt":"2018-05-20T19:00:00","WOJ":22,"sev":2,"c":[255,165,0,160],"dmg":1,"sli":1,"ser":1,"fat":0,"row":-1,"mot":2,"pie":-1,"uto":-1,"uwr":-1},"geometry":{"type":"Point","coordinates":[18.355528,54.336722]}},{"type":"Feature","properties":{"ID":106956638,"yr":2018,"dt":"2018-05-20T01:00:00","WOJ":22,"sev":2,"c":[255,165,0,160],"dmg":0,"sli":0,"ser":2,"fat":0,"row":-1,"mot":-1,"pie":-1,"uto":-1,"uwr":-1},"geometry":{"type":"Point","coordinates":[17.868889,53.805556]}},{"type":"Feature","properties":{"ID":106956885,"yr":2018,"dt":"2018-05-20T15:10:00","WOJ":22,"sev":2,"c":[255,165,0,160],"dmg":0,"sli":1,"ser":1,"fat":0,"row":-1,"mot":2,"pie":-1,"uto":-1,"uwr":-1},"geometry":{"type":"Point","coordinates":[18.383139,54.46325]}},{"type":"Feature","properties":{"ID":107191141,"yr":2018,"dt":"2018-08-16T15:15:00","WOJ":22,"sev":2,"c":[255,165,0,160],"dmg":1,"sli":0,"ser":1,"fat":0,"row":-1,"mot":2,"pie":-1,"uto":-1,"uwr":-1},"geometry":{"type":"Point","coordinates":[17.923056,54.043056]}},{"type":"Feature","properties":{"ID":106956968,"yr":2018,"dt":"2018-05-20T16:15:00","WOJ":22,"sev":2,"c":[255,165,0,160],"dmg":1,"sli":0,"ser":1,"fat":0,"row":-1,"mot":-1,"pie":2,"uto":-1,"uwr":-1},"geometry":{"type":"Point","coordinates":[18.203139,54.603611]}},{"type":"Feature","properties":{"ID":106961080,"yr":2018,"dt":"2018-05-22T12:34:00","WOJ":22,"sev":2,"c":[255,165,0,160],"dmg":1,"sli":0,"ser":1,"fat":0,"row":-1,"mot":-1,"pie":2,"uto":-1,"uwr":-1},"geometry":{"type":"Point","coordinates":[18.913194,53.737389]}},{"type":"Feature","properties":{"ID":106962507,"yr":2018,"dt":"2018-05-22T21:10:00","WOJ":22,"sev":2,"c":[255,165,0,160],"dmg":0,"sli":3,"ser":1,"fat":0,"row":-1,"mot":-1,"pie":-1,"uto":-1,"uwr":-1},"geometry":{"type":"Point","coordinates":[18.811944,53.940556]}},{"type":"Feature","properties":{"ID":106962501,"yr":2018,"dt":"2018-05-22T18:00:00","WOJ":22,"sev":2,"c":[255,165,0,160],"dmg":1,"sli":0,"ser":1,"fat":0,"row":2,"mot":-1,"pie":-1,"uto":-1,"uwr":-1},"geometry":{"type":"Point","coordinates":[18.353556,54.599361]}},{"type":"Feature","properties":{"ID":106961142,"yr":2018,"dt":"2018-05-22T21:00:00","WOJ":22,"sev":2,"c":[255,165,0,160],"dmg":3,"sli":0,"ser":1,"fat":0,"row":-1,"mot":-1,"pie":-1,"uto":-1,"uwr":-1},"geometry":{"type":"Point","coordinates":[18.404944,54.435833]}},{"type":"Feature","properties":{"ID":106960430,"yr":2018,"dt":"2018-05-22T08:30:00","WOJ":22,"sev":2,"c":[255,165,0,160],"dmg":1,"sli":0,"ser":1,"fat":0,"row":-1,"mot":-1,"pie":2,"uto":-1,"uwr":-1},"geometry":{"type":"Point","coordinates":[18.470556,54.475]}},{"type":"Feature","properties":{"ID":106977112,"yr":2018,"dt":"2018-05-23T07:50:00","WOJ":22,"sev":2,"c":[255,165,0,160],"dmg":0,"sli":0,"ser":1,"fat":0,"row":2,"mot":-1,"pie":-1,"uto":-1,"uwr":-1},"geometry":{"type":"Point","coordinates":[17.3145,54.327667]}},{"type":"Feature","properties":{"ID":106961624,"yr":2018,"dt":"2018-05-23T15:45:00","WOJ":22,"sev":2,"c":[255,165,0,160],"dmg":1,"sli":0,"ser":1,"fat":0,"row":-1,"mot":-1,"pie":2,"uto":-1,"uwr":-1},"geometry":{"type":"Point","coordinates":[18.453333,54.458611]}},{"type":"Feature","properties":{"ID":106963388,"yr":2018,"dt":"2018-05-23T13:53:00","WOJ":22,"sev":2,"c":[255,165,0,160],"dmg":1,"sli":0,"ser":1,"fat":0,"row":2,"mot":-1,"pie":-1,"uto":-1,"uwr":-1},"geometry":{"type":"Point","coordinates":[18.073056,53.8275]}},{"type":"Feature","properties":{"ID":106961265,"yr":2018,"dt":"2018-05-23T07:00:00","WOJ":22,"sev":2,"c":[255,165,0,160],"dmg":0,"sli":1,"ser":1,"fat":0,"row":1,"mot":-1,"pie":2,"uto":-1,"uwr":-1},"geometry":{"type":"Point","coordinates":[18.61,54.349167]}},{"type":"Feature","properties":{"ID":106967303,"yr":2018,"dt":"2018-05-24T19:50:00","WOJ":22,"sev":2,"c":[255,165,0,160],"dmg":2,"sli":0,"ser":1,"fat":0,"row":-1,"mot":-1,"pie":-1,"uto":-1,"uwr":-1},"geometry":{"type":"Point","coordinates":[17.555639,54.098917]}},{"type":"Feature","properties":{"ID":106967068,"yr":2018,"dt":"2018-05-24T16:15:00","WOJ":22,"sev":2,"c":[255,165,0,160],"dmg":1,"sli":0,"ser":1,"fat":0,"row":-1,"mot":2,"pie":-1,"uto":-1,"uwr":-1},"geometry":{"type":"Point","coordinates":[18.403306,54.583083]}},{"type":"Feature","properties":{"ID":106969538,"yr":2018,"dt":"2018-05-25T17:10:00","WOJ":22,"sev":2,"c":[255,165,0,160],"dmg":1,"sli":0,"ser":1,"fat":0,"row":-1,"mot":-1,"pie":-1,"uto":-1,"uwr":-1},"geometry":{"type":"Point","coordinates":[18.735833,54.098056]}},{"type":"Feature","properties":{"ID":106967662,"yr":2018,"dt":"2018-05-25T06:45:00","WOJ":22,"sev":2,"c":[255,165,0,160],"dmg":1,"sli":0,"ser":1,"fat":0,"row":-1,"mot":-1,"pie":2,"uto":-1,"uwr":-1},"geometry":{"type":"Point","coordinates":[18.231611,54.600333]}},{"type":"Feature","properties":{"ID":106969535,"yr":2018,"dt":"2018-05-25T22:30:00","WOJ":22,"sev":2,"c":[255,165,0,160],"dmg":1,"sli":0,"ser":1,"fat":0,"row":-1,"mot":-1,"pie":-1,"uto":-1,"uwr":-1},"geometry":{"type":"Point","coordinates":[18.788611,54.080833]}},{"type":"Feature","properties":{"ID":106968826,"yr":2018,"dt":"2018-05-25T11:45:00","WOJ":22,"sev":2,"c":[255,165,0,160],"dmg":1,"sli":0,"ser":1,"fat":0,"row":2,"mot":-1,"pie":-1,"uto":-1,"uwr":-1},"geometry":{"type":"Point","coordinates":[18.604167,54.346111]}},{"type":"Feature","properties":{"ID":106970434,"yr":2018,"dt":"2018-05-26T16:54:00","WOJ":22,"sev":2,"c":[255,165,0,160],"dmg":0,"sli":0,"ser":1,"fat":0,"row":-1,"mot":2,"pie":-1,"uto":-1,"uwr":-1},"geometry":{"type":"Point","coordinates":[18.538611,54.483056]}},{"type":"Feature","properties":{"ID":106968720,"yr":2018,"dt":"2018-05-26T19:31:00","WOJ":22,"sev":2,"c":[255,165,0,160],"dmg":1,"sli":0,"ser":1,"fat":0,"row":-1,"mot":2,"pie":-1,"uto":-1,"uwr":-1},"geometry":{"type":"Point","coordinates":[17.131722,53.597194]}},{"type":"Feature","properties":{"ID":106973046,"yr":2018,"dt":"2018-05-26T16:50:00","WOJ":22,"sev":2,"c":[255,165,0,160],"dmg":1,"sli":0,"ser":1,"fat":0,"row":-1,"mot":2,"pie":-1,"uto":-1,"uwr":-1},"geometry":{"type":"Point","coordinates":[18.934222,53.752444]}},{"type":"Feature","properties":{"ID":106971026,"yr":2018,"dt":"2018-05-27T16:00:00","WOJ":22,"sev":2,"c":[255,165,0,160],"dmg":1,"sli":1,"ser":1,"fat":0,"row":-1,"mot":2,"pie":-1,"uto":-1,"uwr":-1},"geometry":{"type":"Point","coordinates":[18.952389,53.721528]}},{"type":"Feature","properties":{"ID":106987882,"yr":2018,"dt":"2018-05-28T11:42:00","WOJ":22,"sev":2,"c":[255,165,0,160],"dmg":1,"sli":0,"ser":1,"fat":0,"row":2,"mot":-1,"pie":-1,"uto":-1,"uwr":-1},"geometry":{"type":"Point","coordinates":[18.512,54.524917]}},{"type":"Feature","properties":{"ID":107079855,"yr":2018,"dt":"2018-05-28T16:55:00","WOJ":22,"sev":2,"c":[255,165,0,160],"dmg":1,"sli":0,"ser":1,"fat":0,"row":2,"mot":-1,"pie":-1,"uto":-1,"uwr":-1},"geometry":{"type":"Point","coordinates":[18.45225,54.461694]}},{"type":"Feature","properties":{"ID":106972338,"yr":2018,"dt":"2018-05-28T05:57:00","WOJ":22,"sev":2,"c":[255,165,0,160],"dmg":1,"sli":0,"ser":1,"fat":0,"row":-1,"mot":2,"pie":-1,"uto":-1,"uwr":-1},"geometry":{"type":"Point","coordinates":[18.120167,54.29025]}},{"type":"Feature","properties":{"ID":107405890,"yr":2018,"dt":"2018-10-26T11:47:00","WOJ":22,"sev":2,"c":[255,165,0,160],"dmg":1,"sli":0,"ser":1,"fat":0,"row":-1,"mot":-1,"pie":2,"uto":-1,"uwr":-1},"geometry":{"type":"Point","coordinates":[18.540556,54.514722]}},{"type":"Feature","properties":{"ID":106976822,"yr":2018,"dt":"2018-05-29T14:50:00","WOJ":22,"sev":2,"c":[255,165,0,160],"dmg":1,"sli":0,"ser":1,"fat":0,"row":2,"mot":-1,"pie":-1,"uto":-1,"uwr":-1},"geometry":{"type":"Point","coordinates":[18.147778,54.630917]}},{"type":"Feature","properties":{"ID":106977890,"yr":2018,"dt":"2018-05-30T11:20:00","WOJ":22,"sev":2,"c":[255,165,0,160],"dmg":1,"sli":0,"ser":1,"fat":0,"row":-1,"mot":-1,"pie":-1,"uto":-1,"uwr":-1},"geometry":{"type":"Point","coordinates":[18.145028,54.5]}},{"type":"Feature","properties":{"ID":106979181,"yr":2018,"dt":"2018-05-30T14:30:00","WOJ":22,"sev":2,"c":[255,165,0,160],"dmg":1,"sli":0,"ser":1,"fat":0,"row":-1,"mot":-1,"pie":2,"uto":-1,"uwr":-1},"geometry":{"type":"Point","coordinates":[17.908389,54.748583]}},{"type":"Feature","properties":{"ID":106985848,"yr":2018,"dt":"2018-05-30T15:10:00","WOJ":22,"sev":2,"c":[255,165,0,160],"dmg":2,"sli":0,"ser":1,"fat":0,"row":-1,"mot":2,"pie":-1,"uto":-1,"uwr":-1},"geometry":{"type":"Point","coordinates":[18.461111,54.462778]}},{"type":"Feature","properties":{"ID":107527868,"yr":2018,"dt":"2018-12-22T05:32:00","WOJ":22,"sev":2,"c":[255,165,0,160],"dmg":1,"sli":0,"ser":1,"fat":0,"row":-1,"mot":-1,"pie":2,"uto":-1,"uwr":-1},"geometry":{"type":"Point","coordinates":[18.460389,54.541889]}},{"type":"Feature","properties":{"ID":106980883,"yr":2018,"dt":"2018-05-31T11:20:00","WOJ":22,"sev":2,"c":[255,165,0,160],"dmg":1,"sli":2,"ser":1,"fat":0,"row":-1,"mot":-1,"pie":-1,"uto":-1,"uwr":-1},"geometry":{"type":"Point","coordinates":[18.670111,54.154972]}},{"type":"Feature","properties":{"ID":106979784,"yr":2018,"dt":"2018-05-31T05:30:00","WOJ":22,"sev":2,"c":[255,165,0,160],"dmg":1,"sli":0,"ser":1,"fat":0,"row":-1,"mot":2,"pie":-1,"uto":-1,"uwr":-1},"geometry":{"type":"Point","coordinates":[17.058611,54.524528]}},{"type":"Feature","properties":{"ID":107042309,"yr":2018,"dt":"2018-05-31T18:30:00","WOJ":22,"sev":2,"c":[255,165,0,160],"dmg":1,"sli":0,"ser":1,"fat":0,"row":-1,"mot":-1,"pie":2,"uto":-1,"uwr":-1},"geometry":{"type":"Point","coordinates":[18.254333,54.319639]}},{"type":"Feature","properties":{"ID":106979953,"yr":2018,"dt":"2018-05-31T14:50:00","WOJ":22,"sev":2,"c":[255,165,0,160],"dmg":0,"sli":0,"ser":1,"fat":0,"row":-1,"mot":-1,"pie":-1,"uto":-1,"uwr":-1},"geometry":{"type":"Point","coordinates":[17.694833,53.880139]}},{"type":"Feature","properties":{"ID":106984389,"yr":2018,"dt":"2018-06-02T17:10:00","WOJ":22,"sev":2,"c":[255,165,0,160],"dmg":1,"sli":0,"ser":1,"fat":0,"row":-1,"mot":-1,"pie":-1,"uto":-1,"uwr":-1},"geometry":{"type":"Point","coordinates":[18.815944,53.13575]}},{"type":"Feature","properties":{"ID":107253612,"yr":2018,"dt":"2018-09-03T09:55:00","WOJ":22,"sev":2,"c":[255,165,0,160],"dmg":2,"sli":0,"ser":1,"fat":0,"row":-1,"mot":-1,"pie":-1,"uto":-1,"uwr":-1},"geometry":{"type":"Point","coordinates":[18.377083,54.557361]}},{"type":"Feature","properties":{"ID":106985312,"yr":2018,"dt":"2018-06-03T16:36:00","WOJ":22,"sev":2,"c":[255,165,0,160],"dmg":1,"sli":0,"ser":1,"fat":0,"row":-1,"mot":-1,"pie":-1,"uto":-1,"uwr":-1},"geometry":{"type":"Point","coordinates":[18.530167,54.553472]}},{"type":"Feature","properties":{"ID":106984816,"yr":2018,"dt":"2018-06-03T06:00:00","WOJ":22,"sev":2,"c":[255,165,0,160],"dmg":0,"sli":1,"ser":1,"fat":0,"row":-1,"mot":-1,"pie":-1,"uto":-1,"uwr":-1},"geometry":{"type":"Point","coordinates":[18.54075,54.301972]}},{"type":"Feature","properties":{"ID":106987924,"yr":2018,"dt":"2018-06-03T11:30:00","WOJ":22,"sev":2,"c":[255,165,0,160],"dmg":4,"sli":0,"ser":1,"fat":0,"row":-1,"mot":-1,"pie":-1,"uto":-1,"uwr":-1},"geometry":{"type":"Point","coordinates":[18.238444,54.763056]}},{"type":"Feature","properties":{"ID":106986869,"yr":2018,"dt":"2018-06-04T07:10:00","WOJ":22,"sev":2,"c":[255,165,0,160],"dmg":1,"sli":0,"ser":1,"fat":0,"row":-1,"mot":-1,"pie":-1,"uto":-1,"uwr":-1},"geometry":{"type":"Point","coordinates":[18.299861,54.603]}},{"type":"Feature","properties":{"ID":106987461,"yr":2018,"dt":"2018-06-04T19:50:00","WOJ":22,"sev":2,"c":[255,165,0,160],"dmg":0,"sli":0,"ser":3,"fat":0,"row":-1,"mot":-1,"pie":-1,"uto":-1,"uwr":-1},"geometry":{"type":"Point","coordinates":[18.021667,54.010278]}},{"type":"Feature","properties":{"ID":106987868,"yr":2018,"dt":"2018-06-04T11:40:00","WOJ":22,"sev":2,"c":[255,165,0,160],"dmg":1,"sli":0,"ser":1,"fat":0,"row":2,"mot":-1,"pie":-1,"uto":-1,"uwr":-1},"geometry":{"type":"Point","coordinates":[18.614444,54.377778]}},{"type":"Feature","properties":{"ID":107525156,"yr":2018,"dt":"2018-12-22T22:20:00","WOJ":22,"sev":2,"c":[255,165,0,160],"dmg":1,"sli":0,"ser":1,"fat":0,"row":-1,"mot":-1,"pie":2,"uto":-1,"uwr":-1},"geometry":{"type":"Point","coordinates":[17.3685,54.540722]}},{"type":"Feature","properties":{"ID":106989091,"yr":2018,"dt":"2018-06-06T06:30:00","WOJ":22,"sev":2,"c":[255,165,0,160],"dmg":0,"sli":0,"ser":1,"fat":0,"row":-1,"mot":-1,"pie":-1,"uto":-1,"uwr":-1},"geometry":{"type":"Point","coordinates":[18.96425,53.617028]}},{"type":"Feature","properties":{"ID":106989531,"yr":2018,"dt":"2018-06-06T15:57:00","WOJ":22,"sev":2,"c":[255,165,0,160],"dmg":1,"sli":1,"ser":1,"fat":0,"row":-1,"mot":-1,"pie":-1,"uto":-1,"uwr":-1},"geometry":{"type":"Point","coordinates":[18.483028,54.529083]}},{"type":"Feature","properties":{"ID":106993282,"yr":2018,"dt":"2018-06-07T23:50:00","WOJ":22,"sev":2,"c":[255,165,0,160],"dmg":0,"sli":0,"ser":1,"fat":0,"row":-1,"mot":2,"pie":-1,"uto":-1,"uwr":-1},"geometry":{"type":"Point","coordinates":[17.0585,54.598306]}},{"type":"Feature","properties":{"ID":106996480,"yr":2018,"dt":"2018-06-08T18:35:00","WOJ":22,"sev":2,"c":[255,165,0,160],"dmg":1,"sli":0,"ser":1,"fat":0,"row":-1,"mot":-1,"pie":2,"uto":-1,"uwr":-1},"geometry":{"type":"Point","coordinates":[17.556667,53.695278]}},{"type":"Feature","properties":{"ID":107254260,"yr":2018,"dt":"2018-09-03T14:46:00","WOJ":22,"sev":2,"c":[255,165,0,160],"dmg":1,"sli":0,"ser":1,"fat":0,"row":2,"mot":-1,"pie":-1,"uto":-1,"uwr":-1},"geometry":{"type":"Point","coordinates":[18.247194,54.612722]}},{"type":"Feature","properties":{"ID":106996595,"yr":2018,"dt":"2018-06-08T20:08:00","WOJ":22,"sev":2,"c":[255,165,0,160],"dmg":1,"sli":0,"ser":1,"fat":0,"row":-1,"mot":-1,"pie":-1,"uto":-1,"uwr":-1},"geometry":{"type":"Point","coordinates":[18.910861,53.754056]}},{"type":"Feature","properties":{"ID":106995465,"yr":2018,"dt":"2018-06-09T09:00:00","WOJ":22,"sev":2,"c":[255,165,0,160],"dmg":3,"sli":0,"ser":1,"fat":0,"row":-1,"mot":-1,"pie":-1,"uto":-1,"uwr":-1},"geometry":{"type":"Point","coordinates":[18.646944,54.710472]}},{"type":"Feature","properties":{"ID":106997127,"yr":2018,"dt":"2018-06-09T15:05:00","WOJ":22,"sev":2,"c":[255,165,0,160],"dmg":1,"sli":1,"ser":1,"fat":0,"row":-1,"mot":2,"pie":-1,"uto":-1,"uwr":-1},"geometry":{"type":"Point","coordinates":[18.265806,54.478361]}},{"type":"Feature","properties":{"ID":107002817,"yr":2018,"dt":"2018-06-09T12:30:00","WOJ":22,"sev":2,"c":[255,165,0,160],"dmg":1,"sli":0,"ser":1,"fat":0,"row":2,"mot":-1,"pie":-1,"uto":-1,"uwr":-1},"geometry":{"type":"Point","coordinates":[17.153194,54.335833]}},{"type":"Feature","properties":{"ID":106995383,"yr":2018,"dt":"2018-06-09T10:07:00","WOJ":22,"sev":2,"c":[255,165,0,160],"dmg":3,"sli":0,"ser":1,"fat":0,"row":-1,"mot":-1,"pie":-1,"uto":-1,"uwr":-1},"geometry":{"type":"Point","coordinates":[17.340556,53.678194]}},{"type":"Feature","properties":{"ID":107120648,"yr":2018,"dt":"2018-07-23T21:10:00","WOJ":22,"sev":2,"c":[255,165,0,160],"dmg":0,"sli":0,"ser":1,"fat":0,"row":-1,"mot":2,"pie":-1,"uto":-1,"uwr":-1},"geometry":{"type":"Point","coordinates":[18.267278,54.755944]}},{"type":"Feature","properties":{"ID":106997504,"yr":2018,"dt":"2018-06-10T01:25:00","WOJ":22,"sev":2,"c":[255,165,0,160],"dmg":0,"sli":1,"ser":1,"fat":0,"row":-1,"mot":-1,"pie":-1,"uto":-1,"uwr":-1},"geometry":{"type":"Point","coordinates":[19.246722,53.943833]}},{"type":"Feature","properties":{"ID":107313786,"yr":2018,"dt":"2018-09-26T01:00:00","WOJ":22,"sev":2,"c":[255,165,0,160],"dmg":0,"sli":0,"ser":1,"fat":0,"row":-1,"mot":-1,"pie":-1,"uto":-1,"uwr":-1},"geometry":{"type":"Point","coordinates":[17.477444,54.630222]}},{"type":"Feature","properties":{"ID":107005280,"yr":2018,"dt":"2018-06-12T12:40:00","WOJ":22,"sev":2,"c":[255,165,0,160],"dmg":1,"sli":0,"ser":1,"fat":0,"row":2,"mot":-1,"pie":-1,"uto":-1,"uwr":-1},"geometry":{"type":"Point","coordinates":[18.383167,54.573167]}},{"type":"Feature","properties":{"ID":107002622,"yr":2018,"dt":"2018-06-12T08:05:00","WOJ":22,"sev":2,"c":[255,165,0,160],"dmg":1,"sli":0,"ser":1,"fat":0,"row":-1,"mot":-1,"pie":2,"uto":-1,"uwr":-1},"geometry":{"type":"Point","coordinates":[18.624167,54.371944]}},{"type":"Feature","properties":{"ID":107018198,"yr":2018,"dt":"2018-06-14T17:18:00","WOJ":22,"sev":2,"c":[255,165,0,160],"dmg":1,"sli":0,"ser":1,"fat":0,"row":2,"mot":-1,"pie":-1,"uto":-1,"uwr":-1},"geometry":{"type":"Point","coordinates":[18.899111,53.682583]}},{"type":"Feature","properties":{"ID":107018318,"yr":2018,"dt":"2018-06-14T15:20:00","WOJ":22,"sev":2,"c":[255,165,0,160],"dmg":2,"sli":0,"ser":1,"fat":0,"row":-1,"mot":-1,"pie":-1,"uto":-1,"uwr":-1},"geometry":{"type":"Point","coordinates":[17.590278,54.749167]}},{"type":"Feature","properties":{"ID":107032219,"yr":2018,"dt":"2018-06-15T11:05:00","WOJ":22,"sev":2,"c":[255,165,0,160],"dmg":1,"sli":0,"ser":1,"fat":0,"row":-1,"mot":-1,"pie":2,"uto":-1,"uwr":-1},"geometry":{"type":"Point","coordinates":[17.212778,54.664722]}},{"type":"Feature","properties":{"ID":107022897,"yr":2018,"dt":"2018-06-15T09:55:00","WOJ":22,"sev":2,"c":[255,165,0,160],"dmg":1,"sli":0,"ser":1,"fat":0,"row":-1,"mot":-1,"pie":2,"uto":-1,"uwr":-1},"geometry":{"type":"Point","coordinates":[18.639139,54.324278]}},{"type":"Feature","properties":{"ID":107404386,"yr":2018,"dt":"2018-10-26T07:01:00","WOJ":22,"sev":2,"c":[255,165,0,160],"dmg":1,"sli":1,"ser":1,"fat":0,"row":-1,"mot":-1,"pie":-1,"uto":-1,"uwr":-1},"geometry":{"type":"Point","coordinates":[18.066306,54.673167]}},{"type":"Feature","properties":{"ID":107405879,"yr":2018,"dt":"2018-10-26T12:04:00","WOJ":22,"sev":2,"c":[255,165,0,160],"dmg":1,"sli":0,"ser":1,"fat":0,"row":2,"mot":-1,"pie":-1,"uto":-1,"uwr":-1},"geometry":{"type":"Point","coordinates":[18.5375,54.499722]}},{"type":"Feature","properties":{"ID":107024698,"yr":2018,"dt":"2018-06-16T12:33:00","WOJ":22,"sev":2,"c":[255,165,0,160],"dmg":4,"sli":0,"ser":1,"fat":0,"row":-1,"mot":-1,"pie":-1,"uto":-1,"uwr":-1},"geometry":{"type":"Point","coordinates":[18.379389,54.5755]}},{"type":"Feature","properties":{"ID":107406726,"yr":2018,"dt":"2018-10-27T14:30:00","WOJ":22,"sev":2,"c":[255,165,0,160],"dmg":0,"sli":0,"ser":1,"fat":0,"row":-1,"mot":-1,"pie":-1,"uto":-1,"uwr":-1},"geometry":{"type":"Point","coordinates":[17.959167,53.784722]}},{"type":"Feature","properties":{"ID":107032014,"yr":2018,"dt":"2018-06-17T21:00:00","WOJ":22,"sev":2,"c":[255,165,0,160],"dmg":0,"sli":0,"ser":1,"fat":0,"row":-1,"mot":2,"pie":-1,"uto":-1,"uwr":-1},"geometry":{"type":"Point","coordinates":[17.930111,54.691083]}},{"type":"Feature","properties":{"ID":107026605,"yr":2018,"dt":"2018-06-17T11:30:00","WOJ":22,"sev":2,"c":[255,165,0,160],"dmg":1,"sli":0,"ser":1,"fat":0,"row":-1,"mot":2,"pie":-1,"uto":-1,"uwr":-1},"geometry":{"type":"Point","coordinates":[18.29725,54.511083]}},{"type":"Feature","properties":{"ID":107035290,"yr":2018,"dt":"2018-06-18T15:05:00","WOJ":22,"sev":2,"c":[255,165,0,160],"dmg":1,"sli":0,"ser":1,"fat":0,"row":-1,"mot":-1,"pie":2,"uto":-1,"uwr":-1},"geometry":{"type":"Point","coordinates":[19.033417,53.918528]}},{"type":"Feature","properties":{"ID":107193293,"yr":2018,"dt":"2018-08-17T14:40:00","WOJ":22,"sev":2,"c":[255,165,0,160],"dmg":1,"sli":1,"ser":1,"fat":0,"row":-1,"mot":-1,"pie":-1,"uto":-1,"uwr":-1},"geometry":{"type":"Point","coordinates":[18.580278,54.414167]}},{"type":"Feature","properties":{"ID":107032316,"yr":2018,"dt":"2018-06-18T08:05:00","WOJ":22,"sev":2,"c":[255,165,0,160],"dmg":1,"sli":0,"ser":1,"fat":0,"row":-1,"mot":-1,"pie":2,"uto":-1,"uwr":-1},"geometry":{"type":"Point","coordinates":[17.561111,53.688611]}},{"type":"Feature","properties":{"ID":107038969,"yr":2018,"dt":"2018-06-19T15:54:00","WOJ":22,"sev":2,"c":[255,165,0,160],"dmg":1,"sli":0,"ser":1,"fat":0,"row":-1,"mot":2,"pie":-1,"uto":-1,"uwr":-1},"geometry":{"type":"Point","coordinates":[18.49,54.445]}},{"type":"Feature","properties":{"ID":107071017,"yr":2018,"dt":"2018-06-20T20:00:00","WOJ":22,"sev":2,"c":[255,165,0,160],"dmg":0,"sli":0,"ser":1,"fat":0,"row":2,"mot":-1,"pie":-1,"uto":-1,"uwr":-1},"geometry":{"type":"Point","coordinates":[17.718889,53.882222]}},{"type":"Feature","properties":{"ID":107042467,"yr":2018,"dt":"2018-06-20T18:45:00","WOJ":22,"sev":2,"c":[255,165,0,160],"dmg":1,"sli":0,"ser":1,"fat":0,"row":-1,"mot":-1,"pie":-1,"uto":-1,"uwr":-1},"geometry":{"type":"Point","coordinates":[17.989528,54.366861]}},{"type":"Feature","properties":{"ID":107042481,"yr":2018,"dt":"2018-06-20T19:30:00","WOJ":22,"sev":2,"c":[255,165,0,160],"dmg":1,"sli":1,"ser":2,"fat":0,"row":-1,"mot":-1,"pie":-1,"uto":-1,"uwr":-1},"geometry":{"type":"Point","coordinates":[18.030833,53.813333]}},{"type":"Feature","properties":{"ID":106656643,"yr":2018,"dt":"2018-01-04T10:15:00","WOJ":22,"sev":2,"c":[255,165,0,160],"dmg":1,"sli":0,"ser":1,"fat":0,"row":-1,"mot":-1,"pie":2,"uto":-1,"uwr":-1},"geometry":{"type":"Point","coordinates":[17.570833,53.697778]}},{"type":"Feature","properties":{"ID":107042517,"yr":2018,"dt":"2018-06-20T16:40:00","WOJ":22,"sev":2,"c":[255,165,0,160],"dmg":1,"sli":0,"ser":2,"fat":0,"row":-1,"mot":-1,"pie":-1,"uto":-1,"uwr":-1},"geometry":{"type":"Point","coordinates":[18.999583,53.665111]}},{"type":"Feature","properties":{"ID":107196320,"yr":2018,"dt":"2018-08-17T22:15:00","WOJ":22,"sev":2,"c":[255,165,0,160],"dmg":1,"sli":0,"ser":1,"fat":0,"row":2,"mot":-1,"pie":-1,"uto":-1,"uwr":-1},"geometry":{"type":"Point","coordinates":[17.518306,53.660306]}},{"type":"Feature","properties":{"ID":107042567,"yr":2018,"dt":"2018-06-20T22:01:00","WOJ":22,"sev":2,"c":[255,165,0,160],"dmg":0,"sli":0,"ser":1,"fat":0,"row":-1,"mot":-1,"pie":-1,"uto":-1,"uwr":-1},"geometry":{"type":"Point","coordinates":[18.371389,54.411556]}},{"type":"Feature","properties":{"ID":107039002,"yr":2018,"dt":"2018-06-20T00:10:00","WOJ":22,"sev":2,"c":[255,165,0,160],"dmg":1,"sli":1,"ser":1,"fat":0,"row":-1,"mot":-1,"pie":-1,"uto":-1,"uwr":-1},"geometry":{"type":"Point","coordinates":[18.191167,54.333778]}},{"type":"Feature","properties":{"ID":107040871,"yr":2018,"dt":"2018-06-20T13:10:00","WOJ":22,"sev":2,"c":[255,165,0,160],"dmg":1,"sli":0,"ser":1,"fat":0,"row":2,"mot":-1,"pie":-1,"uto":-1,"uwr":-1},"geometry":{"type":"Point","coordinates":[18.567222,54.411667]}},{"type":"Feature","properties":{"ID":107042630,"yr":2018,"dt":"2018-06-21T07:15:00","WOJ":22,"sev":2,"c":[255,165,0,160],"dmg":1,"sli":0,"ser":1,"fat":0,"row":2,"mot":-1,"pie":-1,"uto":-1,"uwr":-1},"geometry":{"type":"Point","coordinates":[18.695833,54.348611]}},{"type":"Feature","properties":{"ID":107053114,"yr":2018,"dt":"2018-06-22T10:10:00","WOJ":22,"sev":2,"c":[255,165,0,160],"dmg":1,"sli":1,"ser":2,"fat":0,"row":-1,"mot":-1,"pie":-1,"uto":-1,"uwr":-1},"geometry":{"type":"Point","coordinates":[16.913167,54.494861]}},{"type":"Feature","properties":{"ID":107053798,"yr":2018,"dt":"2018-06-22T16:05:00","WOJ":22,"sev":2,"c":[255,165,0,160],"dmg":1,"sli":0,"ser":1,"fat":0,"row":-1,"mot":2,"pie":-1,"uto":-1,"uwr":-1},"geometry":{"type":"Point","coordinates":[17.060278,54.597278]}},{"type":"Feature","properties":{"ID":107052881,"yr":2018,"dt":"2018-06-22T11:55:00","WOJ":22,"sev":2,"c":[255,165,0,160],"dmg":1,"sli":0,"ser":1,"fat":0,"row":-1,"mot":-1,"pie":2,"uto":-1,"uwr":-1},"geometry":{"type":"Point","coordinates":[18.640556,54.338611]}},{"type":"Feature","properties":{"ID":107058991,"yr":2018,"dt":"2018-06-23T12:15:00","WOJ":22,"sev":2,"c":[255,165,0,160],"dmg":1,"sli":0,"ser":1,"fat":0,"row":-1,"mot":-1,"pie":2,"uto":-1,"uwr":-1},"geometry":{"type":"Point","coordinates":[18.494444,54.562222]}},{"type":"Feature","properties":{"ID":107055006,"yr":2018,"dt":"2018-06-23T21:40:00","WOJ":22,"sev":2,"c":[255,165,0,160],"dmg":0,"sli":0,"ser":1,"fat":0,"row":-1,"mot":2,"pie":-1,"uto":-1,"uwr":-1},"geometry":{"type":"Point","coordinates":[18.299056,54.603028]}},{"type":"Feature","properties":{"ID":107054020,"yr":2018,"dt":"2018-06-23T06:50:00","WOJ":22,"sev":2,"c":[255,165,0,160],"dmg":0,"sli":2,"ser":3,"fat":0,"row":-1,"mot":-1,"pie":-1,"uto":-1,"uwr":-1},"geometry":{"type":"Point","coordinates":[17.237528,53.724361]}},{"type":"Feature","properties":{"ID":107054691,"yr":2018,"dt":"2018-06-23T13:25:00","WOJ":22,"sev":2,"c":[255,165,0,160],"dmg":1,"sli":0,"ser":1,"fat":0,"row":-1,"mot":-1,"pie":2,"uto":-1,"uwr":-1},"geometry":{"type":"Point","coordinates":[18.158472,54.612278]}},{"type":"Feature","properties":{"ID":107054181,"yr":2018,"dt":"2018-06-23T08:45:00","WOJ":22,"sev":2,"c":[255,165,0,160],"dmg":1,"sli":1,"ser":2,"fat":0,"row":-1,"mot":-1,"pie":-1,"uto":-1,"uwr":-1},"geometry":{"type":"Point","coordinates":[18.4775,54.3525]}},{"type":"Feature","properties":{"ID":107054408,"yr":2018,"dt":"2018-06-23T12:25:00","WOJ":22,"sev":2,"c":[255,165,0,160],"dmg":1,"sli":0,"ser":1,"fat":0,"row":-1,"mot":-1,"pie":-1,"uto":-1,"uwr":-1},"geometry":{"type":"Point","coordinates":[18.675556,54.354167]}},{"type":"Feature","properties":{"ID":107405287,"yr":2018,"dt":"2018-10-27T01:30:00","WOJ":22,"sev":2,"c":[255,165,0,160],"dmg":1,"sli":0,"ser":1,"fat":0,"row":-1,"mot":-1,"pie":-1,"uto":-1,"uwr":-1},"geometry":{"type":"Point","coordinates":[16.832611,54.579028]}},{"type":"Feature","properties":{"ID":106657466,"yr":2018,"dt":"2018-01-05T07:10:00","WOJ":22,"sev":2,"c":[255,165,0,160],"dmg":1,"sli":0,"ser":1,"fat":0,"row":-1,"mot":-1,"pie":2,"uto":-1,"uwr":-1},"geometry":{"type":"Point","coordinates":[18.566389,54.374444]}},{"type":"Feature","properties":{"ID":107056921,"yr":2018,"dt":"2018-06-24T17:45:00","WOJ":22,"sev":2,"c":[255,165,0,160],"dmg":1,"sli":0,"ser":1,"fat":0,"row":2,"mot":-1,"pie":-1,"uto":-1,"uwr":-1},"geometry":{"type":"Point","coordinates":[18.487222,54.428056]}},{"type":"Feature","properties":{"ID":107055365,"yr":2018,"dt":"2018-06-24T10:10:00","WOJ":22,"sev":2,"c":[255,165,0,160],"dmg":1,"sli":0,"ser":1,"fat":0,"row":-1,"mot":-1,"pie":2,"uto":-1,"uwr":-1},"geometry":{"type":"Point","coordinates":[18.610278,54.406389]}},{"type":"Feature","properties":{"ID":106659457,"yr":2018,"dt":"2018-01-05T16:25:00","WOJ":22,"sev":2,"c":[255,165,0,160],"dmg":1,"sli":0,"ser":1,"fat":0,"row":-1,"mot":-1,"pie":2,"uto":-1,"uwr":-1},"geometry":{"type":"Point","coordinates":[19.026056,53.921722]}},{"type":"Feature","properties":{"ID":107060289,"yr":2018,"dt":"2018-06-25T14:40:00","WOJ":22,"sev":2,"c":[255,165,0,160],"dmg":0,"sli":1,"ser":1,"fat":0,"row":-1,"mot":-1,"pie":-1,"uto":-1,"uwr":-1},"geometry":{"type":"Point","coordinates":[18.964389,53.852389]}},{"type":"Feature","properties":{"ID":107060080,"yr":2018,"dt":"2018-06-25T14:50:00","WOJ":22,"sev":2,"c":[255,165,0,160],"dmg":1,"sli":0,"ser":1,"fat":0,"row":2,"mot":-1,"pie":-1,"uto":-1,"uwr":-1},"geometry":{"type":"Point","coordinates":[18.598611,54.409444]}},{"type":"Feature","properties":{"ID":107060331,"yr":2018,"dt":"2018-06-25T17:45:00","WOJ":22,"sev":2,"c":[255,165,0,160],"dmg":1,"sli":0,"ser":1,"fat":0,"row":2,"mot":-1,"pie":-1,"uto":-1,"uwr":-1},"geometry":{"type":"Point","coordinates":[18.626667,54.349444]}},{"type":"Feature","properties":{"ID":107064894,"yr":2018,"dt":"2018-06-26T18:35:00","WOJ":22,"sev":2,"c":[255,165,0,160],"dmg":1,"sli":0,"ser":1,"fat":0,"row":-1,"mot":-1,"pie":2,"uto":-1,"uwr":-1},"geometry":{"type":"Point","coordinates":[17.035528,54.470667]}},{"type":"Feature","properties":{"ID":107072145,"yr":2018,"dt":"2018-06-27T13:15:00","WOJ":22,"sev":2,"c":[255,165,0,160],"dmg":0,"sli":0,"ser":1,"fat":0,"row":2,"mot":-1,"pie":-1,"uto":-1,"uwr":-1},"geometry":{"type":"Point","coordinates":[17.400639,53.679361]}},{"type":"Feature","properties":{"ID":107069942,"yr":2018,"dt":"2018-06-27T14:40:00","WOJ":22,"sev":2,"c":[255,165,0,160],"dmg":0,"sli":1,"ser":1,"fat":0,"row":-1,"mot":-1,"pie":-1,"uto":-1,"uwr":-1},"geometry":{"type":"Point","coordinates":[18.571667,54.371944]}},{"type":"Feature","properties":{"ID":107066457,"yr":2018,"dt":"2018-06-27T13:50:00","WOJ":22,"sev":2,"c":[255,165,0,160],"dmg":1,"sli":0,"ser":1,"fat":0,"row":-1,"mot":2,"pie":-1,"uto":-1,"uwr":-1},"geometry":{"type":"Point","coordinates":[18.635833,54.396667]}},{"type":"Feature","properties":{"ID":106659878,"yr":2018,"dt":"2018-01-05T15:30:00","WOJ":22,"sev":2,"c":[255,165,0,160],"dmg":1,"sli":0,"ser":1,"fat":0,"row":-1,"mot":-1,"pie":2,"uto":-1,"uwr":-1},"geometry":{"type":"Point","coordinates":[18.666389,54.398333]}},{"type":"Feature","properties":{"ID":107071550,"yr":2018,"dt":"2018-06-28T15:50:00","WOJ":22,"sev":2,"c":[255,165,0,160],"dmg":1,"sli":0,"ser":1,"fat":0,"row":-1,"mot":2,"pie":-1,"uto":-1,"uwr":-1},"geometry":{"type":"Point","coordinates":[17.017167,54.439694]}},{"type":"Feature","properties":{"ID":107072321,"yr":2018,"dt":"2018-06-28T14:10:00","WOJ":22,"sev":2,"c":[255,165,0,160],"dmg":1,"sli":0,"ser":1,"fat":0,"row":2,"mot":-1,"pie":-1,"uto":-1,"uwr":-1},"geometry":{"type":"Point","coordinates":[18.254056,54.579722]}},{"type":"Feature","properties":{"ID":107193730,"yr":2018,"dt":"2018-08-17T23:00:00","WOJ":22,"sev":2,"c":[255,165,0,160],"dmg":1,"sli":0,"ser":1,"fat":0,"row":2,"mot":-1,"pie":-1,"uto":-1,"uwr":-1},"geometry":{"type":"Point","coordinates":[18.328528,54.604306]}},{"type":"Feature","properties":{"ID":107076425,"yr":2018,"dt":"2018-06-29T13:27:00","WOJ":22,"sev":2,"c":[255,165,0,160],"dmg":1,"sli":0,"ser":1,"fat":0,"row":-1,"mot":-1,"pie":2,"uto":-1,"uwr":-1},"geometry":{"type":"Point","coordinates":[18.453333,54.458333]}},{"type":"Feature","properties":{"ID":107254123,"yr":2018,"dt":"2018-09-03T18:45:00","WOJ":22,"sev":2,"c":[255,165,0,160],"dmg":0,"sli":1,"ser":1,"fat":0,"row":-1,"mot":-1,"pie":-1,"uto":-1,"uwr":-1},"geometry":{"type":"Point","coordinates":[18.366278,54.740889]}},{"type":"Feature","properties":{"ID":107077186,"yr":2018,"dt":"2018-06-29T22:54:00","WOJ":22,"sev":2,"c":[255,165,0,160],"dmg":1,"sli":1,"ser":1,"fat":0,"row":-1,"mot":-1,"pie":-1,"uto":-1,"uwr":-1},"geometry":{"type":"Point","coordinates":[18.644167,54.362778]}},{"type":"Feature","properties":{"ID":107081548,"yr":2018,"dt":"2018-06-30T08:10:00","WOJ":22,"sev":2,"c":[255,165,0,160],"dmg":0,"sli":2,"ser":1,"fat":0,"row":-1,"mot":-1,"pie":-1,"uto":-1,"uwr":-1},"geometry":{"type":"Point","coordinates":[17.407778,53.811389]}},{"type":"Feature","properties":{"ID":107077510,"yr":2018,"dt":"2018-06-30T23:30:00","WOJ":22,"sev":2,"c":[255,165,0,160],"dmg":1,"sli":0,"ser":1,"fat":0,"row":-1,"mot":-1,"pie":2,"uto":-1,"uwr":-1},"geometry":{"type":"Point","coordinates":[18.112222,54.563139]}},{"type":"Feature","properties":{"ID":107078624,"yr":2018,"dt":"2018-07-01T05:40:00","WOJ":22,"sev":2,"c":[255,165,0,160],"dmg":0,"sli":2,"ser":2,"fat":0,"row":-1,"mot":-1,"pie":-1,"uto":-1,"uwr":-1},"geometry":{"type":"Point","coordinates":[17.231583,53.625306]}},{"type":"Feature","properties":{"ID":107078936,"yr":2018,"dt":"2018-07-01T12:10:00","WOJ":22,"sev":2,"c":[255,165,0,160],"dmg":1,"sli":0,"ser":1,"fat":0,"row":2,"mot":-1,"pie":-1,"uto":-1,"uwr":-1},"geometry":{"type":"Point","coordinates":[17.071972,54.298833]}},{"type":"Feature","properties":{"ID":107079610,"yr":2018,"dt":"2018-07-02T08:30:00","WOJ":22,"sev":2,"c":[255,165,0,160],"dmg":0,"sli":0,"ser":1,"fat":0,"row":-1,"mot":-1,"pie":-1,"uto":-1,"uwr":-1},"geometry":{"type":"Point","coordinates":[19.001222,53.844528]}},{"type":"Feature","properties":{"ID":107080676,"yr":2018,"dt":"2018-07-03T08:17:00","WOJ":22,"sev":2,"c":[255,165,0,160],"dmg":1,"sli":0,"ser":1,"fat":0,"row":-1,"mot":-1,"pie":-1,"uto":-1,"uwr":-1},"geometry":{"type":"Point","coordinates":[18.461111,54.500278]}},{"type":"Feature","properties":{"ID":106659118,"yr":2018,"dt":"2018-01-05T14:45:00","WOJ":22,"sev":2,"c":[255,165,0,160],"dmg":1,"sli":0,"ser":1,"fat":0,"row":-1,"mot":-1,"pie":-1,"uto":-1,"uwr":-1},"geometry":{"type":"Point","coordinates":[18.664361,54.203889]}},{"type":"Feature","properties":{"ID":107082147,"yr":2018,"dt":"2018-07-03T06:45:00","WOJ":22,"sev":2,"c":[255,165,0,160],"dmg":1,"sli":1,"ser":1,"fat":0,"row":-1,"mot":-1,"pie":-1,"uto":-1,"uwr":-1},"geometry":{"type":"Point","coordinates":[17.372556,53.957944]}},{"type":"Feature","properties":{"ID":107081554,"yr":2018,"dt":"2018-07-03T08:10:00","WOJ":22,"sev":2,"c":[255,165,0,160],"dmg":2,"sli":0,"ser":1,"fat":0,"row":-1,"mot":2,"pie":-1,"uto":-1,"uwr":-1},"geometry":{"type":"Point","coordinates":[18.490278,54.353889]}},{"type":"Feature","properties":{"ID":107082319,"yr":2018,"dt":"2018-07-03T15:20:00","WOJ":22,"sev":2,"c":[255,165,0,160],"dmg":1,"sli":0,"ser":1,"fat":0,"row":-1,"mot":-1,"pie":2,"uto":-1,"uwr":-1},"geometry":{"type":"Point","coordinates":[18.596389,54.396944]}},{"type":"Feature","properties":{"ID":107087075,"yr":2018,"dt":"2018-07-05T20:50:00","WOJ":22,"sev":2,"c":[255,165,0,160],"dmg":1,"sli":0,"ser":2,"fat":0,"row":-1,"mot":2,"pie":-1,"uto":-1,"uwr":-1},"geometry":{"type":"Point","coordinates":[18.0625,53.828333]}},{"type":"Feature","properties":{"ID":107087425,"yr":2018,"dt":"2018-07-06T07:00:00","WOJ":22,"sev":2,"c":[255,165,0,160],"dmg":1,"sli":0,"ser":1,"fat":0,"row":-1,"mot":-1,"pie":-1,"uto":-1,"uwr":-1},"geometry":{"type":"Point","coordinates":[17.523528,53.658444]}},{"type":"Feature","properties":{"ID":107097815,"yr":2018,"dt":"2018-07-06T15:20:00","WOJ":22,"sev":2,"c":[255,165,0,160],"dmg":2,"sli":2,"ser":1,"fat":0,"row":-1,"mot":-1,"pie":-1,"uto":-1,"uwr":-1},"geometry":{"type":"Point","coordinates":[16.997472,54.504833]}},{"type":"Feature","properties":{"ID":107088694,"yr":2018,"dt":"2018-07-07T16:10:00","WOJ":22,"sev":2,"c":[255,165,0,160],"dmg":0,"sli":0,"ser":1,"fat":0,"row":-1,"mot":-1,"pie":-1,"uto":-1,"uwr":-1},"geometry":{"type":"Point","coordinates":[18.319361,53.814694]}},{"type":"Feature","properties":{"ID":107090788,"yr":2018,"dt":"2018-07-08T18:59:00","WOJ":22,"sev":2,"c":[255,165,0,160],"dmg":1,"sli":0,"ser":1,"fat":0,"row":-1,"mot":-1,"pie":2,"uto":-1,"uwr":-1},"geometry":{"type":"Point","coordinates":[18.531111,54.556111]}},{"type":"Feature","properties":{"ID":107088787,"yr":2018,"dt":"2018-07-08T01:08:00","WOJ":22,"sev":2,"c":[255,165,0,160],"dmg":1,"sli":0,"ser":1,"fat":0,"row":-1,"mot":-1,"pie":2,"uto":-1,"uwr":-1},"geometry":{"type":"Point","coordinates":[19.008,54.008361]}},{"type":"Feature","properties":{"ID":107088803,"yr":2018,"dt":"2018-07-08T03:40:00","WOJ":22,"sev":2,"c":[255,165,0,160],"dmg":1,"sli":0,"ser":1,"fat":0,"row":-1,"mot":-1,"pie":2,"uto":-1,"uwr":-1},"geometry":{"type":"Point","coordinates":[18.647222,54.401389]}},{"type":"Feature","properties":{"ID":107093980,"yr":2018,"dt":"2018-07-09T14:10:00","WOJ":22,"sev":2,"c":[255,165,0,160],"dmg":1,"sli":0,"ser":1,"fat":0,"row":2,"mot":-1,"pie":-1,"uto":-1,"uwr":-1},"geometry":{"type":"Point","coordinates":[18.796194,54.090278]}},{"type":"Feature","properties":{"ID":107177538,"yr":2018,"dt":"2018-08-06T17:45:00","WOJ":22,"sev":2,"c":[255,165,0,160],"dmg":1,"sli":0,"ser":1,"fat":0,"row":2,"mot":-1,"pie":-1,"uto":-1,"uwr":-1},"geometry":{"type":"Point","coordinates":[18.595,54.425]}},{"type":"Feature","properties":{"ID":107093896,"yr":2018,"dt":"2018-07-09T14:00:00","WOJ":22,"sev":2,"c":[255,165,0,160],"dmg":3,"sli":0,"ser":1,"fat":0,"row":-1,"mot":-1,"pie":-1,"uto":-1,"uwr":-1},"geometry":{"type":"Point","coordinates":[18.203083,54.671806]}},{"type":"Feature","properties":{"ID":107093822,"yr":2018,"dt":"2018-07-09T13:30:00","WOJ":22,"sev":2,"c":[255,165,0,160],"dmg":1,"sli":0,"ser":1,"fat":0,"row":-1,"mot":-1,"pie":-1,"uto":-1,"uwr":-1},"geometry":{"type":"Point","coordinates":[18.517,54.567]}},{"type":"Feature","properties":{"ID":107546683,"yr":2018,"dt":"2018-12-30T16:10:00","WOJ":22,"sev":2,"c":[255,165,0,160],"dmg":1,"sli":0,"ser":1,"fat":0,"row":-1,"mot":-1,"pie":2,"uto":-1,"uwr":-1},"geometry":{"type":"Point","coordinates":[16.987139,54.456139]}},{"type":"Feature","properties":{"ID":107092806,"yr":2018,"dt":"2018-07-09T14:50:00","WOJ":22,"sev":2,"c":[255,165,0,160],"dmg":1,"sli":0,"ser":1,"fat":0,"row":-1,"mot":-1,"pie":-1,"uto":-1,"uwr":-1},"geometry":{"type":"Point","coordinates":[17.743861,53.938583]}},{"type":"Feature","properties":{"ID":107096963,"yr":2018,"dt":"2018-07-10T16:15:00","WOJ":22,"sev":2,"c":[255,165,0,160],"dmg":1,"sli":0,"ser":1,"fat":0,"row":2,"mot":-1,"pie":-1,"uto":-1,"uwr":-1},"geometry":{"type":"Point","coordinates":[18.463889,54.423889]}},{"type":"Feature","properties":{"ID":107097004,"yr":2018,"dt":"2018-07-10T15:20:00","WOJ":22,"sev":2,"c":[255,165,0,160],"dmg":1,"sli":0,"ser":1,"fat":0,"row":2,"mot":-1,"pie":-1,"uto":-1,"uwr":-1},"geometry":{"type":"Point","coordinates":[18.39175,54.56375]}},{"type":"Feature","properties":{"ID":107124363,"yr":2018,"dt":"2018-07-11T14:00:00","WOJ":22,"sev":2,"c":[255,165,0,160],"dmg":0,"sli":2,"ser":1,"fat":0,"row":-1,"mot":-1,"pie":-1,"uto":-1,"uwr":-1},"geometry":{"type":"Point","coordinates":[18.656722,53.989083]}},{"type":"Feature","properties":{"ID":107257448,"yr":2018,"dt":"2018-09-04T14:20:00","WOJ":22,"sev":2,"c":[255,165,0,160],"dmg":1,"sli":0,"ser":1,"fat":0,"row":-1,"mot":-1,"pie":2,"uto":-1,"uwr":-1},"geometry":{"type":"Point","coordinates":[18.923333,53.7275]}},{"type":"Feature","properties":{"ID":107167948,"yr":2018,"dt":"2018-08-06T22:35:00","WOJ":22,"sev":2,"c":[255,165,0,160],"dmg":1,"sli":1,"ser":1,"fat":0,"row":-1,"mot":-1,"pie":-1,"uto":-1,"uwr":-1},"geometry":{"type":"Point","coordinates":[17.721389,53.871667]}},{"type":"Feature","properties":{"ID":107133710,"yr":2018,"dt":"2018-07-29T14:25:00","WOJ":22,"sev":2,"c":[255,165,0,160],"dmg":0,"sli":0,"ser":1,"fat":0,"row":-1,"mot":2,"pie":-1,"uto":-1,"uwr":-1},"geometry":{"type":"Point","coordinates":[16.91375,54.407528]}},{"type":"Feature","properties":{"ID":107409943,"yr":2018,"dt":"2018-10-29T06:40:00","WOJ":22,"sev":2,"c":[255,165,0,160],"dmg":1,"sli":3,"ser":1,"fat":0,"row":-1,"mot":-1,"pie":2,"uto":-1,"uwr":-1},"geometry":{"type":"Point","coordinates":[18.727222,54.3475]}},{"type":"Feature","properties":{"ID":107114877,"yr":2018,"dt":"2018-07-20T07:45:00","WOJ":22,"sev":2,"c":[255,165,0,160],"dmg":1,"sli":1,"ser":1,"fat":0,"row":-1,"mot":2,"pie":-1,"uto":-1,"uwr":-1},"geometry":{"type":"Point","coordinates":[18.574167,54.408333]}},{"type":"Feature","properties":{"ID":107131133,"yr":2018,"dt":"2018-07-29T15:20:00","WOJ":22,"sev":2,"c":[255,165,0,160],"dmg":0,"sli":0,"ser":1,"fat":0,"row":-1,"mot":-1,"pie":-1,"uto":-1,"uwr":-1},"geometry":{"type":"Point","coordinates":[18.3765,53.137889]}},{"type":"Feature","properties":{"ID":107199193,"yr":2018,"dt":"2018-08-19T14:30:00","WOJ":22,"sev":2,"c":[255,165,0,160],"dmg":1,"sli":0,"ser":1,"fat":0,"row":2,"mot":-1,"pie":-1,"uto":-1,"uwr":-1},"geometry":{"type":"Point","coordinates":[18.603333,54.339444]}},{"type":"Feature","properties":{"ID":107412199,"yr":2018,"dt":"2018-10-29T12:22:00","WOJ":22,"sev":2,"c":[255,165,0,160],"dmg":1,"sli":0,"ser":2,"fat":0,"row":-1,"mot":-1,"pie":-1,"uto":-1,"uwr":-1},"geometry":{"type":"Point","coordinates":[18.001194,54.569083]}},{"type":"Feature","properties":{"ID":107122186,"yr":2018,"dt":"2018-07-24T18:50:00","WOJ":22,"sev":2,"c":[255,165,0,160],"dmg":1,"sli":0,"ser":1,"fat":0,"row":2,"mot":-1,"pie":-1,"uto":-1,"uwr":-1},"geometry":{"type":"Point","coordinates":[19.344278,53.920889]}},{"type":"Feature","properties":{"ID":107322291,"yr":2018,"dt":"2018-09-28T17:20:00","WOJ":22,"sev":2,"c":[255,165,0,160],"dmg":1,"sli":0,"ser":1,"fat":0,"row":-1,"mot":2,"pie":-1,"uto":-1,"uwr":-1},"geometry":{"type":"Point","coordinates":[18.40575,54.384778]}},{"type":"Feature","properties":{"ID":107321115,"yr":2018,"dt":"2018-09-28T06:00:00","WOJ":22,"sev":2,"c":[255,165,0,160],"dmg":0,"sli":1,"ser":1,"fat":0,"row":-1,"mot":-1,"pie":-1,"uto":-1,"uwr":-1},"geometry":{"type":"Point","coordinates":[18.1915,54.232528]}},{"type":"Feature","properties":{"ID":107199058,"yr":2018,"dt":"2018-08-19T11:57:00","WOJ":22,"sev":2,"c":[255,165,0,160],"dmg":1,"sli":0,"ser":1,"fat":0,"row":-1,"mot":2,"pie":-1,"uto":-1,"uwr":-1},"geometry":{"type":"Point","coordinates":[17.166056,53.783028]}},{"type":"Feature","properties":{"ID":107155038,"yr":2018,"dt":"2018-08-06T14:10:00","WOJ":22,"sev":2,"c":[255,165,0,160],"dmg":1,"sli":0,"ser":1,"fat":0,"row":-1,"mot":-1,"pie":-1,"uto":-1,"uwr":-1},"geometry":{"type":"Point","coordinates":[17.056278,54.490028]}},{"type":"Feature","properties":{"ID":107322166,"yr":2018,"dt":"2018-09-28T16:20:00","WOJ":22,"sev":2,"c":[255,165,0,160],"dmg":1,"sli":0,"ser":1,"fat":0,"row":-1,"mot":-1,"pie":-1,"uto":-1,"uwr":-1},"geometry":{"type":"Point","coordinates":[18.377861,54.316389]}},{"type":"Feature","properties":{"ID":107382492,"yr":2018,"dt":"2018-09-28T13:20:00","WOJ":22,"sev":2,"c":[255,165,0,160],"dmg":1,"sli":0,"ser":1,"fat":0,"row":2,"mot":-1,"pie":-1,"uto":-1,"uwr":-1},"geometry":{"type":"Point","coordinates":[17.4975,53.859444]}},{"type":"Feature","properties":{"ID":107262692,"yr":2018,"dt":"2018-09-06T17:51:00","WOJ":22,"sev":2,"c":[255,165,0,160],"dmg":1,"sli":0,"ser":1,"fat":0,"row":2,"mot":-1,"pie":0,"uto":-1,"uwr":-1},"geometry":{"type":"Point","coordinates":[18.419333,54.561944]}},{"type":"Feature","properties":{"ID":107158749,"yr":2018,"dt":"2018-08-07T13:50:00","WOJ":22,"sev":2,"c":[255,165,0,160],"dmg":1,"sli":0,"ser":1,"fat":0,"row":-1,"mot":-1,"pie":-1,"uto":-1,"uwr":-1},"geometry":{"type":"Point","coordinates":[18.645556,54.356667]}},{"type":"Feature","properties":{"ID":107417609,"yr":2018,"dt":"2018-10-31T17:00:00","WOJ":22,"sev":2,"c":[255,165,0,160],"dmg":0,"sli":1,"ser":1,"fat":0,"row":-1,"mot":-1,"pie":-1,"uto":-1,"uwr":-1},"geometry":{"type":"Point","coordinates":[18.601389,54.409722]}},{"type":"Feature","properties":{"ID":107416116,"yr":2018,"dt":"2018-10-31T16:35:00","WOJ":22,"sev":2,"c":[255,165,0,160],"dmg":1,"sli":2,"ser":1,"fat":0,"row":-1,"mot":-1,"pie":2,"uto":-1,"uwr":-1},"geometry":{"type":"Point","coordinates":[18.627222,54.3875]}},{"type":"Feature","properties":{"ID":107262645,"yr":2018,"dt":"2018-09-06T13:15:00","WOJ":22,"sev":2,"c":[255,165,0,160],"dmg":1,"sli":0,"ser":1,"fat":0,"row":-1,"mot":-1,"pie":-1,"uto":-1,"uwr":-1},"geometry":{"type":"Point","coordinates":[18.25925,54.391222]}},{"type":"Feature","properties":{"ID":107414903,"yr":2018,"dt":"2018-10-31T09:45:00","WOJ":22,"sev":2,"c":[255,165,0,160],"dmg":1,"sli":0,"ser":1,"fat":0,"row":-1,"mot":2,"pie":-1,"uto":-1,"uwr":-1},"geometry":{"type":"Point","coordinates":[18.619444,54.374444]}},{"type":"Feature","properties":{"ID":107263820,"yr":2018,"dt":"2018-09-06T20:44:00","WOJ":22,"sev":2,"c":[255,165,0,160],"dmg":1,"sli":0,"ser":1,"fat":0,"row":-1,"mot":-1,"pie":2,"uto":-1,"uwr":-1},"geometry":{"type":"Point","coordinates":[17.569167,53.691111]}},{"type":"Feature","properties":{"ID":107417675,"yr":2018,"dt":"2018-10-31T16:20:00","WOJ":22,"sev":2,"c":[255,165,0,160],"dmg":0,"sli":0,"ser":1,"fat":0,"row":-1,"mot":-1,"pie":-1,"uto":-1,"uwr":-1},"geometry":{"type":"Point","coordinates":[18.929083,53.891861]}},{"type":"Feature","properties":{"ID":107416326,"yr":2018,"dt":"2018-11-01T17:55:00","WOJ":22,"sev":2,"c":[255,165,0,160],"dmg":1,"sli":0,"ser":1,"fat":0,"row":-1,"mot":-1,"pie":2,"uto":-1,"uwr":-1},"geometry":{"type":"Point","coordinates":[18.103333,54.562917]}},{"type":"Feature","properties":{"ID":107158658,"yr":2018,"dt":"2018-08-07T14:20:00","WOJ":22,"sev":2,"c":[255,165,0,160],"dmg":0,"sli":0,"ser":1,"fat":0,"row":-1,"mot":-1,"pie":-1,"uto":-1,"uwr":-1},"geometry":{"type":"Point","coordinates":[19.522778,54.405556]}},{"type":"Feature","properties":{"ID":107202845,"yr":2018,"dt":"2018-08-20T07:20:00","WOJ":22,"sev":2,"c":[255,165,0,160],"dmg":1,"sli":0,"ser":1,"fat":0,"row":-1,"mot":-1,"pie":-1,"uto":-1,"uwr":-1},"geometry":{"type":"Point","coordinates":[17.351028,54.454806]}},{"type":"Feature","properties":{"ID":107265637,"yr":2018,"dt":"2018-09-07T18:45:00","WOJ":22,"sev":2,"c":[255,165,0,160],"dmg":1,"sli":0,"ser":1,"fat":0,"row":2,"mot":-1,"pie":-1,"uto":-1,"uwr":-1},"geometry":{"type":"Point","coordinates":[18.592222,54.401944]}},{"type":"Feature","properties":{"ID":107419275,"yr":2018,"dt":"2018-11-02T07:49:00","WOJ":22,"sev":2,"c":[255,165,0,160],"dmg":1,"sli":0,"ser":1,"fat":0,"row":-1,"mot":2,"pie":-1,"uto":-1,"uwr":-1},"geometry":{"type":"Point","coordinates":[17.991778,54.569583]}},{"type":"Feature","properties":{"ID":107421863,"yr":2018,"dt":"2018-11-03T07:05:00","WOJ":22,"sev":2,"c":[255,165,0,160],"dmg":2,"sli":0,"ser":2,"fat":0,"row":-1,"mot":-1,"pie":-1,"uto":-1,"uwr":-1},"geometry":{"type":"Point","coordinates":[17.732556,54.143111]}},{"type":"Feature","properties":{"ID":107114252,"yr":2018,"dt":"2018-07-20T18:40:00","WOJ":22,"sev":2,"c":[255,165,0,160],"dmg":1,"sli":0,"ser":1,"fat":0,"row":2,"mot":-1,"pie":-1,"uto":-1,"uwr":-1},"geometry":{"type":"Point","coordinates":[18.488333,54.366389]}},{"type":"Feature","properties":{"ID":107132853,"yr":2018,"dt":"2018-07-30T08:10:00","WOJ":22,"sev":2,"c":[255,165,0,160],"dmg":0,"sli":0,"ser":1,"fat":0,"row":-1,"mot":-1,"pie":-1,"uto":-1,"uwr":-1},"geometry":{"type":"Point","coordinates":[18.901389,54.349444]}},{"type":"Feature","properties":{"ID":107102371,"yr":2018,"dt":"2018-07-13T13:00:00","WOJ":22,"sev":2,"c":[255,165,0,160],"dmg":3,"sli":0,"ser":1,"fat":0,"row":-1,"mot":-1,"pie":-1,"uto":-1,"uwr":-1},"geometry":{"type":"Point","coordinates":[18.203083,54.321889]}},{"type":"Feature","properties":{"ID":106991021,"yr":2018,"dt":"2018-06-06T20:20:00","WOJ":22,"sev":2,"c":[255,165,0,160],"dmg":0,"sli":0,"ser":1,"fat":0,"row":-1,"mot":2,"pie":-1,"uto":-1,"uwr":-1},"geometry":{"type":"Point","coordinates":[17.719528,53.886889]}},{"type":"Feature","properties":{"ID":107339010,"yr":2018,"dt":"2018-10-01T15:25:00","WOJ":22,"sev":2,"c":[255,165,0,160],"dmg":1,"sli":0,"ser":1,"fat":0,"row":-1,"mot":-1,"pie":2,"uto":-1,"uwr":-1},"geometry":{"type":"Point","coordinates":[18.214917,54.288972]}},{"type":"Feature","properties":{"ID":107102481,"yr":2018,"dt":"2018-07-13T17:35:00","WOJ":22,"sev":2,"c":[255,165,0,160],"dmg":1,"sli":0,"ser":1,"fat":0,"row":-1,"mot":-1,"pie":2,"uto":-1,"uwr":-1},"geometry":{"type":"Point","coordinates":[18.279417,54.602694]}},{"type":"Feature","properties":{"ID":107265661,"yr":2018,"dt":"2018-09-07T15:45:00","WOJ":22,"sev":2,"c":[255,165,0,160],"dmg":1,"sli":0,"ser":1,"fat":0,"row":2,"mot":-1,"pie":-1,"uto":-1,"uwr":-1},"geometry":{"type":"Point","coordinates":[18.402778,54.588333]}},{"type":"Feature","properties":{"ID":107121673,"yr":2018,"dt":"2018-07-24T13:40:00","WOJ":22,"sev":2,"c":[255,165,0,160],"dmg":1,"sli":1,"ser":1,"fat":0,"row":-1,"mot":-1,"pie":-1,"uto":-1,"uwr":-1},"geometry":{"type":"Point","coordinates":[18.951611,53.635472]}},{"type":"Feature","properties":{"ID":107267601,"yr":2018,"dt":"2018-09-08T13:50:00","WOJ":22,"sev":2,"c":[255,165,0,160],"dmg":1,"sli":0,"ser":1,"fat":0,"row":-1,"mot":-1,"pie":2,"uto":-1,"uwr":-1},"geometry":{"type":"Point","coordinates":[18.511944,54.350556]}},{"type":"Feature","properties":{"ID":107208024,"yr":2018,"dt":"2018-08-21T14:55:00","WOJ":22,"sev":2,"c":[255,165,0,160],"dmg":1,"sli":0,"ser":1,"fat":0,"row":-1,"mot":-1,"pie":-1,"uto":-1,"uwr":-1},"geometry":{"type":"Point","coordinates":[19.008889,53.922194]}},{"type":"Feature","properties":{"ID":107101799,"yr":2018,"dt":"2018-07-13T16:10:00","WOJ":22,"sev":2,"c":[255,165,0,160],"dmg":1,"sli":0,"ser":1,"fat":0,"row":2,"mot":-1,"pie":-1,"uto":-1,"uwr":-1},"geometry":{"type":"Point","coordinates":[18.599167,54.409444]}},{"type":"Feature","properties":{"ID":107340269,"yr":2018,"dt":"2018-10-02T18:30:00","WOJ":22,"sev":2,"c":[255,165,0,160],"dmg":1,"sli":0,"ser":1,"fat":0,"row":-1,"mot":-1,"pie":2,"uto":-1,"uwr":-1},"geometry":{"type":"Point","coordinates":[17.028306,54.468556]}},{"type":"Feature","properties":{"ID":107268933,"yr":2018,"dt":"2018-09-08T19:00:00","WOJ":22,"sev":2,"c":[255,165,0,160],"dmg":1,"sli":0,"ser":1,"fat":0,"row":-1,"mot":2,"pie":-1,"uto":-1,"uwr":-1},"geometry":{"type":"Point","coordinates":[18.395972,54.568361]}},{"type":"Feature","properties":{"ID":107132381,"yr":2018,"dt":"2018-07-30T15:00:00","WOJ":22,"sev":2,"c":[255,165,0,160],"dmg":1,"sli":0,"ser":1,"fat":0,"row":2,"mot":-1,"pie":-1,"uto":-1,"uwr":-1},"geometry":{"type":"Point","coordinates":[18.378056,54.585167]}},{"type":"Feature","properties":{"ID":107430537,"yr":2018,"dt":"2018-11-07T09:10:00","WOJ":22,"sev":2,"c":[255,165,0,160],"dmg":1,"sli":0,"ser":1,"fat":0,"row":2,"mot":-1,"pie":-1,"uto":-1,"uwr":-1},"geometry":{"type":"Point","coordinates":[18.226667,54.075833]}},{"type":"Feature","properties":{"ID":107114375,"yr":2018,"dt":"2018-07-20T14:50:00","WOJ":22,"sev":2,"c":[255,165,0,160],"dmg":1,"sli":0,"ser":1,"fat":0,"row":-1,"mot":-1,"pie":2,"uto":-1,"uwr":-1},"geometry":{"type":"Point","coordinates":[17.96828,54.57906]}},{"type":"Feature","properties":{"ID":107340162,"yr":2018,"dt":"2018-10-03T08:45:00","WOJ":22,"sev":2,"c":[255,165,0,160],"dmg":1,"sli":0,"ser":1,"fat":0,"row":2,"mot":-1,"pie":-1,"uto":-1,"uwr":-1},"geometry":{"type":"Point","coordinates":[17.041472,54.459944]}},{"type":"Feature","properties":{"ID":107433489,"yr":2018,"dt":"2018-11-08T15:00:00","WOJ":22,"sev":2,"c":[255,165,0,160],"dmg":0,"sli":1,"ser":1,"fat":0,"row":-1,"mot":-1,"pie":-1,"uto":-1,"uwr":-1},"geometry":{"type":"Point","coordinates":[18.142556,54.163333]}},{"type":"Feature","properties":{"ID":107338788,"yr":2018,"dt":"2018-10-03T01:45:00","WOJ":22,"sev":2,"c":[255,165,0,160],"dmg":0,"sli":0,"ser":2,"fat":0,"row":-1,"mot":-1,"pie":-1,"uto":-1,"uwr":-1},"geometry":{"type":"Point","coordinates":[17.883111,54.598833]}},{"type":"Feature","properties":{"ID":107272147,"yr":2018,"dt":"2018-09-09T14:00:00","WOJ":22,"sev":2,"c":[255,165,0,160],"dmg":1,"sli":1,"ser":1,"fat":0,"row":2,"mot":0,"pie":-1,"uto":-1,"uwr":-1},"geometry":{"type":"Point","coordinates":[17.729444,53.917778]}},{"type":"Feature","properties":{"ID":107433931,"yr":2018,"dt":"2018-11-08T16:50:00","WOJ":22,"sev":2,"c":[255,165,0,160],"dmg":4,"sli":2,"ser":2,"fat":0,"row":-1,"mot":-1,"pie":-1,"uto":-1,"uwr":-1},"geometry":{"type":"Point","coordinates":[18.316028,54.304028]}},{"type":"Feature","properties":{"ID":107121914,"yr":2018,"dt":"2018-07-24T08:55:00","WOJ":22,"sev":2,"c":[255,165,0,160],"dmg":1,"sli":0,"ser":1,"fat":0,"row":-1,"mot":-1,"pie":2,"uto":-1,"uwr":-1},"geometry":{"type":"Point","coordinates":[18.542222,54.383056]}},{"type":"Feature","properties":{"ID":107431353,"yr":2018,"dt":"2018-11-09T08:03:00","WOJ":22,"sev":2,"c":[255,165,0,160],"dmg":1,"sli":0,"ser":1,"fat":0,"row":-1,"mot":-1,"pie":-1,"uto":-1,"uwr":-1},"geometry":{"type":"Point","coordinates":[18.20725,54.596861]}},{"type":"Feature","properties":{"ID":107271356,"yr":2018,"dt":"2018-09-09T10:25:00","WOJ":22,"sev":2,"c":[255,165,0,160],"dmg":1,"sli":0,"ser":1,"fat":0,"row":-1,"mot":-1,"pie":-1,"uto":-1,"uwr":-1},"geometry":{"type":"Point","coordinates":[18.591667,54.412778]}},{"type":"Feature","properties":{"ID":107269438,"yr":2018,"dt":"2018-09-09T17:12:00","WOJ":22,"sev":2,"c":[255,165,0,160],"dmg":1,"sli":0,"ser":1,"fat":0,"row":-1,"mot":2,"pie":-1,"uto":-1,"uwr":-1},"geometry":{"type":"Point","coordinates":[18.233306,54.606278]}},{"type":"Feature","properties":{"ID":107269375,"yr":2018,"dt":"2018-09-09T11:10:00","WOJ":22,"sev":2,"c":[255,165,0,160],"dmg":1,"sli":1,"ser":1,"fat":0,"row":-1,"mot":-1,"pie":-1,"uto":-1,"uwr":-1},"geometry":{"type":"Point","coordinates":[18.24325,54.35975]}},{"type":"Feature","properties":{"ID":107122991,"yr":2018,"dt":"2018-07-24T18:20:00","WOJ":22,"sev":2,"c":[255,165,0,160],"dmg":2,"sli":0,"ser":1,"fat":0,"row":-1,"mot":-1,"pie":-1,"uto":-1,"uwr":-1},"geometry":{"type":"Point","coordinates":[18.631583,53.807083]}},{"type":"Feature","properties":{"ID":107134093,"yr":2018,"dt":"2018-07-31T06:40:00","WOJ":22,"sev":2,"c":[255,165,0,160],"dmg":0,"sli":2,"ser":1,"fat":0,"row":2,"mot":-1,"pie":-1,"uto":-1,"uwr":-1},"geometry":{"type":"Point","coordinates":[18.618056,54.375556]}},{"type":"Feature","properties":{"ID":107343857,"yr":2018,"dt":"2018-10-04T06:45:00","WOJ":22,"sev":2,"c":[255,165,0,160],"dmg":1,"sli":1,"ser":1,"fat":0,"row":-1,"mot":-1,"pie":-1,"uto":-1,"uwr":-1},"geometry":{"type":"Point","coordinates":[18.518889,54.349167]}},{"type":"Feature","properties":{"ID":107271158,"yr":2018,"dt":"2018-09-10T07:15:00","WOJ":22,"sev":2,"c":[255,165,0,160],"dmg":1,"sli":0,"ser":1,"fat":0,"row":2,"mot":-1,"pie":-1,"uto":-1,"uwr":-1},"geometry":{"type":"Point","coordinates":[18.63,54.355278]}},{"type":"Feature","properties":{"ID":107436727,"yr":2018,"dt":"2018-11-11T04:40:00","WOJ":22,"sev":2,"c":[255,165,0,160],"dmg":0,"sli":1,"ser":5,"fat":0,"row":-1,"mot":-1,"pie":-1,"uto":-1,"uwr":-1},"geometry":{"type":"Point","coordinates":[19.277472,53.93775]}},{"type":"Feature","properties":{"ID":107436790,"yr":2018,"dt":"2018-11-11T14:25:00","WOJ":22,"sev":2,"c":[255,165,0,160],"dmg":1,"sli":0,"ser":1,"fat":0,"row":-1,"mot":-1,"pie":2,"uto":-1,"uwr":-1},"geometry":{"type":"Point","coordinates":[18.599167,54.386667]}},{"type":"Feature","properties":{"ID":107134415,"yr":2018,"dt":"2018-07-31T11:55:00","WOJ":22,"sev":2,"c":[255,165,0,160],"dmg":1,"sli":0,"ser":1,"fat":0,"row":-1,"mot":-1,"pie":2,"uto":-1,"uwr":-1},"geometry":{"type":"Point","coordinates":[18.562222,54.378889]}},{"type":"Feature","properties":{"ID":107274382,"yr":2018,"dt":"2018-09-11T14:10:00","WOJ":22,"sev":2,"c":[255,165,0,160],"dmg":1,"sli":0,"ser":1,"fat":0,"row":-1,"mot":2,"pie":-1,"uto":-1,"uwr":-1},"geometry":{"type":"Point","coordinates":[18.855306,54.054722]}},{"type":"Feature","properties":{"ID":107370144,"yr":2018,"dt":"2018-10-05T09:05:00","WOJ":22,"sev":2,"c":[255,165,0,160],"dmg":1,"sli":0,"ser":1,"fat":0,"row":-1,"mot":-1,"pie":-1,"uto":-1,"uwr":-1},"geometry":{"type":"Point","coordinates":[18.645556,54.354722]}},{"type":"Feature","properties":{"ID":107347954,"yr":2018,"dt":"2018-10-05T13:10:00","WOJ":22,"sev":2,"c":[255,165,0,160],"dmg":1,"sli":0,"ser":1,"fat":0,"row":-1,"mot":-1,"pie":2,"uto":-1,"uwr":-1},"geometry":{"type":"Point","coordinates":[18.508333,54.563889]}},{"type":"Feature","properties":{"ID":107114192,"yr":2018,"dt":"2018-07-20T12:55:00","WOJ":22,"sev":2,"c":[255,165,0,160],"dmg":1,"sli":0,"ser":1,"fat":0,"row":-1,"mot":-1,"pie":2,"uto":-1,"uwr":-1},"geometry":{"type":"Point","coordinates":[18.176667,54.0525]}},{"type":"Feature","properties":{"ID":107274534,"yr":2018,"dt":"2018-09-11T10:57:00","WOJ":22,"sev":2,"c":[255,165,0,160],"dmg":1,"sli":0,"ser":1,"fat":0,"row":-1,"mot":-1,"pie":2,"uto":-1,"uwr":-1},"geometry":{"type":"Point","coordinates":[18.532778,54.521944]}},{"type":"Feature","properties":{"ID":107135838,"yr":2018,"dt":"2018-07-31T18:40:00","WOJ":22,"sev":2,"c":[255,165,0,160],"dmg":1,"sli":2,"ser":3,"fat":0,"row":-1,"mot":-1,"pie":-1,"uto":-1,"uwr":-1},"geometry":{"type":"Point","coordinates":[17.903722,54.575444]}},{"type":"Feature","properties":{"ID":107163327,"yr":2018,"dt":"2018-08-08T16:50:00","WOJ":22,"sev":2,"c":[255,165,0,160],"dmg":1,"sli":0,"ser":1,"fat":0,"row":-1,"mot":-1,"pie":2,"uto":-1,"uwr":-1},"geometry":{"type":"Point","coordinates":[18.963472,53.850972]}},{"type":"Feature","properties":{"ID":107274428,"yr":2018,"dt":"2018-09-11T13:08:00","WOJ":22,"sev":2,"c":[255,165,0,160],"dmg":1,"sli":0,"ser":1,"fat":0,"row":-1,"mot":-1,"pie":2,"uto":-1,"uwr":-1},"geometry":{"type":"Point","coordinates":[18.231944,54.602722]}},{"type":"Feature","properties":{"ID":107223706,"yr":2018,"dt":"2018-08-23T17:10:00","WOJ":22,"sev":2,"c":[255,165,0,160],"dmg":0,"sli":1,"ser":1,"fat":0,"row":-1,"mot":-1,"pie":-1,"uto":-1,"uwr":-1},"geometry":{"type":"Point","coordinates":[17.240472,54.388972]}},{"type":"Feature","properties":{"ID":107439822,"yr":2018,"dt":"2018-11-13T21:09:00","WOJ":22,"sev":2,"c":[255,165,0,160],"dmg":1,"sli":0,"ser":1,"fat":0,"row":-1,"mot":-1,"pie":2,"uto":-1,"uwr":-1},"geometry":{"type":"Point","coordinates":[18.461944,54.500278]}},{"type":"Feature","properties":{"ID":107222964,"yr":2018,"dt":"2018-08-23T14:00:00","WOJ":22,"sev":2,"c":[255,165,0,160],"dmg":0,"sli":0,"ser":1,"fat":0,"row":-1,"mot":-1,"pie":-1,"uto":-1,"uwr":-1},"geometry":{"type":"Point","coordinates":[17.079722,54.42875]}},{"type":"Feature","properties":{"ID":107440093,"yr":2018,"dt":"2018-11-13T16:55:00","WOJ":22,"sev":2,"c":[255,165,0,160],"dmg":1,"sli":0,"ser":1,"fat":0,"row":-1,"mot":-1,"pie":2,"uto":-1,"uwr":-1},"geometry":{"type":"Point","coordinates":[18.470278,54.5425]}},{"type":"Feature","properties":{"ID":107132790,"yr":2018,"dt":"2018-07-31T17:20:00","WOJ":22,"sev":2,"c":[255,165,0,160],"dmg":1,"sli":0,"ser":1,"fat":0,"row":-1,"mot":2,"pie":-1,"uto":-1,"uwr":-1},"geometry":{"type":"Point","coordinates":[18.943667,53.739528]}},{"type":"Feature","properties":{"ID":107135832,"yr":2018,"dt":"2018-07-31T21:10:00","WOJ":22,"sev":2,"c":[255,165,0,160],"dmg":1,"sli":0,"ser":1,"fat":0,"row":0,"mot":-1,"pie":-1,"uto":-1,"uwr":-1},"geometry":{"type":"Point","coordinates":[17.299333,53.644361]}},{"type":"Feature","properties":{"ID":107440344,"yr":2018,"dt":"2018-11-14T09:37:00","WOJ":22,"sev":2,"c":[255,165,0,160],"dmg":0,"sli":0,"ser":1,"fat":0,"row":-1,"mot":-1,"pie":-1,"uto":-1,"uwr":-1},"geometry":{"type":"Point","coordinates":[18.087833,54.645361]}},{"type":"Feature","properties":{"ID":107101228,"yr":2018,"dt":"2018-07-13T05:10:00","WOJ":22,"sev":2,"c":[255,165,0,160],"dmg":1,"sli":0,"ser":1,"fat":0,"row":-1,"mot":-1,"pie":-1,"uto":-1,"uwr":-1},"geometry":{"type":"Point","coordinates":[17.237972,53.545944]}},{"type":"Feature","properties":{"ID":107442078,"yr":2018,"dt":"2018-11-14T17:00:00","WOJ":22,"sev":2,"c":[255,165,0,160],"dmg":3,"sli":0,"ser":2,"fat":0,"row":-1,"mot":-1,"pie":-1,"uto":-1,"uwr":-1},"geometry":{"type":"Point","coordinates":[17.025917,54.478944]}},{"type":"Feature","properties":{"ID":107277028,"yr":2018,"dt":"2018-09-12T13:10:00","WOJ":22,"sev":2,"c":[255,165,0,160],"dmg":1,"sli":0,"ser":1,"fat":0,"row":-1,"mot":-1,"pie":-1,"uto":-1,"uwr":-1},"geometry":{"type":"Point","coordinates":[18.196389,54.235]}},{"type":"Feature","properties":{"ID":107277584,"yr":2018,"dt":"2018-09-12T18:00:00","WOJ":22,"sev":2,"c":[255,165,0,160],"dmg":1,"sli":0,"ser":1,"fat":0,"row":-1,"mot":-1,"pie":-1,"uto":-1,"uwr":-1},"geometry":{"type":"Point","coordinates":[17.104306,54.439667]}},{"type":"Feature","properties":{"ID":107442354,"yr":2018,"dt":"2018-11-14T20:35:00","WOJ":22,"sev":2,"c":[255,165,0,160],"dmg":1,"sli":0,"ser":1,"fat":0,"row":-1,"mot":-1,"pie":2,"uto":-1,"uwr":-1},"geometry":{"type":"Point","coordinates":[18.530833,54.551111]}},{"type":"Feature","properties":{"ID":107442061,"yr":2018,"dt":"2018-11-14T13:53:00","WOJ":22,"sev":2,"c":[255,165,0,160],"dmg":1,"sli":0,"ser":1,"fat":0,"row":-1,"mot":-1,"pie":-1,"uto":-1,"uwr":-1},"geometry":{"type":"Point","coordinates":[18.535833,54.504444]}},{"type":"Feature","properties":{"ID":107353308,"yr":2018,"dt":"2018-10-07T00:10:00","WOJ":22,"sev":2,"c":[255,165,0,160],"dmg":2,"sli":0,"ser":2,"fat":0,"row":-1,"mot":-1,"pie":2,"uto":-1,"uwr":-1},"geometry":{"type":"Point","coordinates":[17.859611,54.3155]}},{"type":"Feature","properties":{"ID":107443664,"yr":2018,"dt":"2018-11-15T17:15:00","WOJ":22,"sev":2,"c":[255,165,0,160],"dmg":1,"sli":0,"ser":1,"fat":0,"row":2,"mot":-1,"pie":-1,"uto":-1,"uwr":-1},"geometry":{"type":"Point","coordinates":[18.924139,53.729917]}},{"type":"Feature","properties":{"ID":107449496,"yr":2018,"dt":"2018-11-16T05:55:00","WOJ":22,"sev":2,"c":[255,165,0,160],"dmg":1,"sli":0,"ser":1,"fat":0,"row":-1,"mot":-1,"pie":-1,"uto":-1,"uwr":-1},"geometry":{"type":"Point","coordinates":[18.635278,54.370278]}},{"type":"Feature","properties":{"ID":107447283,"yr":2018,"dt":"2018-11-17T17:50:00","WOJ":22,"sev":2,"c":[255,165,0,160],"dmg":0,"sli":2,"ser":1,"fat":0,"row":-1,"mot":-1,"pie":-1,"uto":-1,"uwr":-1},"geometry":{"type":"Point","coordinates":[18.960278,53.863889]}},{"type":"Feature","properties":{"ID":107446072,"yr":2018,"dt":"2018-11-17T06:40:00","WOJ":22,"sev":2,"c":[255,165,0,160],"dmg":1,"sli":0,"ser":1,"fat":0,"row":2,"mot":-1,"pie":-1,"uto":-1,"uwr":-1},"geometry":{"type":"Point","coordinates":[18.066667,54.095]}},{"type":"Feature","properties":{"ID":107099862,"yr":2018,"dt":"2018-07-12T08:40:00","WOJ":22,"sev":2,"c":[255,165,0,160],"dmg":1,"sli":0,"ser":1,"fat":0,"row":-1,"mot":-1,"pie":2,"uto":-1,"uwr":-1},"geometry":{"type":"Point","coordinates":[18.563333,54.331667]}},{"type":"Feature","properties":{"ID":107447309,"yr":2018,"dt":"2018-11-17T20:20:00","WOJ":22,"sev":2,"c":[255,165,0,160],"dmg":1,"sli":2,"ser":1,"fat":0,"row":-1,"mot":-1,"pie":-1,"uto":-1,"uwr":-1},"geometry":{"type":"Point","coordinates":[17.037972,54.428417]}},{"type":"Feature","properties":{"ID":107447293,"yr":2018,"dt":"2018-11-17T20:20:00","WOJ":22,"sev":2,"c":[255,165,0,160],"dmg":1,"sli":0,"ser":2,"fat":0,"row":-1,"mot":-1,"pie":2,"uto":-1,"uwr":-1},"geometry":{"type":"Point","coordinates":[17.114472,54.495944]}},{"type":"Feature","properties":{"ID":107448856,"yr":2018,"dt":"2018-11-18T11:50:00","WOJ":22,"sev":2,"c":[255,165,0,160],"dmg":1,"sli":0,"ser":1,"fat":0,"row":-1,"mot":-1,"pie":-1,"uto":-1,"uwr":-1},"geometry":{"type":"Point","coordinates":[18.634444,54.332222]}},{"type":"Feature","properties":{"ID":107277818,"yr":2018,"dt":"2018-09-12T21:20:00","WOJ":22,"sev":2,"c":[255,165,0,160],"dmg":2,"sli":0,"ser":1,"fat":0,"row":-1,"mot":-1,"pie":-1,"uto":-1,"uwr":-1},"geometry":{"type":"Point","coordinates":[18.023694,54.771]}},{"type":"Feature","properties":{"ID":107353970,"yr":2018,"dt":"2018-10-08T05:35:00","WOJ":22,"sev":2,"c":[255,165,0,160],"dmg":2,"sli":0,"ser":1,"fat":0,"row":-1,"mot":-1,"pie":-1,"uto":-1,"uwr":-1},"geometry":{"type":"Point","coordinates":[18.694722,54.355556]}},{"type":"Feature","properties":{"ID":107363871,"yr":2018,"dt":"2018-10-08T06:25:00","WOJ":22,"sev":2,"c":[255,165,0,160],"dmg":1,"sli":0,"ser":1,"fat":0,"row":-1,"mot":-1,"pie":2,"uto":-1,"uwr":-1},"geometry":{"type":"Point","coordinates":[17.002083,54.47]}},{"type":"Feature","properties":{"ID":107450292,"yr":2018,"dt":"2018-11-19T17:45:00","WOJ":22,"sev":2,"c":[255,165,0,160],"dmg":1,"sli":0,"ser":1,"fat":0,"row":-1,"mot":-1,"pie":2,"uto":-1,"uwr":-1},"geometry":{"type":"Point","coordinates":[17.006361,54.468361]}},{"type":"Feature","properties":{"ID":107449557,"yr":2018,"dt":"2018-11-19T07:20:00","WOJ":22,"sev":2,"c":[255,165,0,160],"dmg":1,"sli":1,"ser":1,"fat":0,"row":-1,"mot":-1,"pie":-1,"uto":-1,"uwr":-1},"geometry":{"type":"Point","coordinates":[17.56175,54.097139]}},{"type":"Feature","properties":{"ID":107132757,"yr":2018,"dt":"2018-07-31T15:45:00","WOJ":22,"sev":2,"c":[255,165,0,160],"dmg":0,"sli":0,"ser":1,"fat":0,"row":2,"mot":-1,"pie":-1,"uto":-1,"uwr":-1},"geometry":{"type":"Point","coordinates":[17.218389,54.661694]}},{"type":"Feature","properties":{"ID":107362280,"yr":2018,"dt":"2018-10-09T12:45:00","WOJ":22,"sev":2,"c":[255,165,0,160],"dmg":1,"sli":0,"ser":1,"fat":0,"row":-1,"mot":-1,"pie":-1,"uto":-1,"uwr":-1},"geometry":{"type":"Point","coordinates":[17.006139,54.473972]}},{"type":"Feature","properties":{"ID":107139121,"yr":2018,"dt":"2018-07-31T07:30:00","WOJ":22,"sev":2,"c":[255,165,0,160],"dmg":1,"sli":0,"ser":1,"fat":0,"row":2,"mot":-1,"pie":-1,"uto":-1,"uwr":-1},"geometry":{"type":"Point","coordinates":[17.07775,54.470389]}},{"type":"Feature","properties":{"ID":107362292,"yr":2018,"dt":"2018-10-09T17:20:00","WOJ":22,"sev":2,"c":[255,165,0,160],"dmg":1,"sli":0,"ser":1,"fat":0,"row":-1,"mot":2,"pie":-1,"uto":-1,"uwr":-1},"geometry":{"type":"Point","coordinates":[18.198861,54.425806]}},{"type":"Feature","properties":{"ID":107135210,"yr":2018,"dt":"2018-07-31T11:00:00","WOJ":22,"sev":2,"c":[255,165,0,160],"dmg":1,"sli":0,"ser":1,"fat":0,"row":-1,"mot":-1,"pie":2,"uto":-1,"uwr":-1},"geometry":{"type":"Point","coordinates":[16.863861,54.586944]}},{"type":"Feature","properties":{"ID":107456146,"yr":2018,"dt":"2018-11-22T16:40:00","WOJ":22,"sev":2,"c":[255,165,0,160],"dmg":2,"sli":0,"ser":1,"fat":0,"row":-1,"mot":-1,"pie":2,"uto":-1,"uwr":-1},"geometry":{"type":"Point","coordinates":[17.988556,53.798389]}},{"type":"Feature","properties":{"ID":107456017,"yr":2018,"dt":"2018-11-22T13:20:00","WOJ":22,"sev":2,"c":[255,165,0,160],"dmg":1,"sli":0,"ser":1,"fat":0,"row":-1,"mot":-1,"pie":2,"uto":-1,"uwr":-1},"geometry":{"type":"Point","coordinates":[18.414583,54.574028]}},{"type":"Feature","properties":{"ID":107100603,"yr":2018,"dt":"2018-07-12T16:40:00","WOJ":22,"sev":2,"c":[255,165,0,160],"dmg":0,"sli":1,"ser":1,"fat":0,"row":-1,"mot":-1,"pie":-1,"uto":-1,"uwr":-1},"geometry":{"type":"Point","coordinates":[18.173417,54.749]}},{"type":"Feature","properties":{"ID":107103253,"yr":2018,"dt":"2018-07-14T06:58:00","WOJ":22,"sev":2,"c":[255,165,0,160],"dmg":1,"sli":0,"ser":1,"fat":0,"row":-1,"mot":-1,"pie":-1,"uto":-1,"uwr":-1},"geometry":{"type":"Point","coordinates":[18.492389,54.539]}},{"type":"Feature","properties":{"ID":107366047,"yr":2018,"dt":"2018-10-10T20:00:00","WOJ":22,"sev":2,"c":[255,165,0,160],"dmg":1,"sli":0,"ser":1,"fat":0,"row":2,"mot":-1,"pie":-1,"uto":-1,"uwr":-1},"geometry":{"type":"Point","coordinates":[18.589722,54.387778]}},{"type":"Feature","properties":{"ID":107137984,"yr":2018,"dt":"2018-08-01T18:20:00","WOJ":22,"sev":2,"c":[255,165,0,160],"dmg":0,"sli":0,"ser":1,"fat":0,"row":2,"mot":-1,"pie":-1,"uto":-1,"uwr":-1},"geometry":{"type":"Point","coordinates":[18.355639,54.595694]}},{"type":"Feature","properties":{"ID":107466747,"yr":2018,"dt":"2018-11-23T16:30:00","WOJ":22,"sev":2,"c":[255,165,0,160],"dmg":1,"sli":0,"ser":1,"fat":0,"row":-1,"mot":-1,"pie":-1,"uto":-1,"uwr":-1},"geometry":{"type":"Point","coordinates":[17.981111,53.789444]}},{"type":"Feature","properties":{"ID":107137890,"yr":2018,"dt":"2018-08-01T14:15:00","WOJ":22,"sev":2,"c":[255,165,0,160],"dmg":0,"sli":0,"ser":2,"fat":0,"row":-1,"mot":-1,"pie":-1,"uto":-1,"uwr":-1},"geometry":{"type":"Point","coordinates":[19.501278,53.901083]}},{"type":"Feature","properties":{"ID":107458395,"yr":2018,"dt":"2018-11-23T19:55:00","WOJ":22,"sev":2,"c":[255,165,0,160],"dmg":1,"sli":0,"ser":1,"fat":0,"row":-1,"mot":-1,"pie":-1,"uto":-1,"uwr":-1},"geometry":{"type":"Point","coordinates":[18.186889,54.333944]}},{"type":"Feature","properties":{"ID":107282243,"yr":2018,"dt":"2018-09-14T11:30:00","WOJ":22,"sev":2,"c":[255,165,0,160],"dmg":1,"sli":0,"ser":1,"fat":0,"row":2,"mot":-1,"pie":-1,"uto":-1,"uwr":-1},"geometry":{"type":"Point","coordinates":[18.615278,54.406944]}},{"type":"Feature","properties":{"ID":107456463,"yr":2018,"dt":"2018-11-23T07:55:00","WOJ":22,"sev":2,"c":[255,165,0,160],"dmg":1,"sli":0,"ser":1,"fat":0,"row":0,"mot":-1,"pie":2,"uto":-1,"uwr":-1},"geometry":{"type":"Point","coordinates":[18.606944,54.378056]}},{"type":"Feature","properties":{"ID":107117709,"yr":2018,"dt":"2018-07-21T19:25:00","WOJ":22,"sev":2,"c":[255,165,0,160],"dmg":1,"sli":0,"ser":1,"fat":0,"row":-1,"mot":-1,"pie":-1,"uto":-1,"uwr":-1},"geometry":{"type":"Point","coordinates":[19.196389,53.658972]}},{"type":"Feature","properties":{"ID":107163165,"yr":2018,"dt":"2018-08-08T17:25:00","WOJ":22,"sev":2,"c":[255,165,0,160],"dmg":2,"sli":1,"ser":1,"fat":0,"row":-1,"mot":-1,"pie":-1,"uto":-1,"uwr":-1},"geometry":{"type":"Point","coordinates":[17.900833,54.114444]}},{"type":"Feature","properties":{"ID":107367899,"yr":2018,"dt":"2018-10-10T23:10:00","WOJ":22,"sev":2,"c":[255,165,0,160],"dmg":0,"sli":3,"ser":2,"fat":0,"row":-1,"mot":-1,"pie":-1,"uto":-1,"uwr":-1},"geometry":{"type":"Point","coordinates":[18.725611,54.115194]}},{"type":"Feature","properties":{"ID":107380103,"yr":2018,"dt":"2018-10-11T14:55:00","WOJ":22,"sev":2,"c":[255,165,0,160],"dmg":1,"sli":0,"ser":1,"fat":0,"row":-1,"mot":-1,"pie":-1,"uto":-1,"uwr":-1},"geometry":{"type":"Point","coordinates":[18.376472,54.39325]}},{"type":"Feature","properties":{"ID":107369041,"yr":2018,"dt":"2018-10-11T12:51:00","WOJ":22,"sev":2,"c":[255,165,0,160],"dmg":1,"sli":0,"ser":1,"fat":0,"row":2,"mot":-1,"pie":-1,"uto":-1,"uwr":-1},"geometry":{"type":"Point","coordinates":[18.411778,54.554944]}},{"type":"Feature","properties":{"ID":107380073,"yr":2018,"dt":"2018-10-11T10:49:00","WOJ":22,"sev":2,"c":[255,165,0,160],"dmg":1,"sli":0,"ser":1,"fat":0,"row":-1,"mot":2,"pie":-1,"uto":-1,"uwr":-1},"geometry":{"type":"Point","coordinates":[18.395389,54.314639]}},{"type":"Feature","properties":{"ID":107282013,"yr":2018,"dt":"2018-09-14T07:20:00","WOJ":22,"sev":2,"c":[255,165,0,160],"dmg":1,"sli":0,"ser":1,"fat":0,"row":-1,"mot":2,"pie":-1,"uto":-1,"uwr":-1},"geometry":{"type":"Point","coordinates":[18.641111,54.348056]}},{"type":"Feature","properties":{"ID":107368831,"yr":2018,"dt":"2018-10-11T09:34:00","WOJ":22,"sev":2,"c":[255,165,0,160],"dmg":1,"sli":0,"ser":1,"fat":0,"row":-1,"mot":-1,"pie":2,"uto":-1,"uwr":-1},"geometry":{"type":"Point","coordinates":[18.530694,54.325694]}},{"type":"Feature","properties":{"ID":107229239,"yr":2018,"dt":"2018-08-25T19:00:00","WOJ":22,"sev":2,"c":[255,165,0,160],"dmg":1,"sli":0,"ser":1,"fat":0,"row":-1,"mot":-1,"pie":2,"uto":-1,"uwr":-1},"geometry":{"type":"Point","coordinates":[18.669444,54.401389]}},{"type":"Feature","properties":{"ID":107228997,"yr":2018,"dt":"2018-08-25T11:55:00","WOJ":22,"sev":2,"c":[255,165,0,160],"dmg":1,"sli":0,"ser":1,"fat":0,"row":-1,"mot":-1,"pie":-1,"uto":-1,"uwr":-1},"geometry":{"type":"Point","coordinates":[18.591944,54.398333]}},{"type":"Feature","properties":{"ID":107369407,"yr":2018,"dt":"2018-10-11T17:50:00","WOJ":22,"sev":2,"c":[255,165,0,160],"dmg":1,"sli":0,"ser":1,"fat":0,"row":-1,"mot":2,"pie":-1,"uto":-1,"uwr":-1},"geometry":{"type":"Point","coordinates":[18.524722,54.378056]}},{"type":"Feature","properties":{"ID":107104685,"yr":2018,"dt":"2018-07-16T09:50:00","WOJ":22,"sev":2,"c":[255,165,0,160],"dmg":1,"sli":0,"ser":1,"fat":0,"row":-1,"mot":-1,"pie":2,"uto":-1,"uwr":-1},"geometry":{"type":"Point","coordinates":[18.59,54.352778]}},{"type":"Feature","properties":{"ID":107284305,"yr":2018,"dt":"2018-09-14T20:00:00","WOJ":22,"sev":2,"c":[255,165,0,160],"dmg":1,"sli":0,"ser":1,"fat":0,"row":2,"mot":-1,"pie":-1,"uto":-1,"uwr":-1},"geometry":{"type":"Point","coordinates":[18.2925,54.137778]}},{"type":"Feature","properties":{"ID":107227981,"yr":2018,"dt":"2018-08-25T15:58:00","WOJ":22,"sev":2,"c":[255,165,0,160],"dmg":0,"sli":0,"ser":2,"fat":0,"row":-1,"mot":2,"pie":-1,"uto":-1,"uwr":-1},"geometry":{"type":"Point","coordinates":[19.009444,54.189167]}},{"type":"Feature","properties":{"ID":107370398,"yr":2018,"dt":"2018-10-12T08:40:00","WOJ":22,"sev":2,"c":[255,165,0,160],"dmg":1,"sli":0,"ser":1,"fat":0,"row":-1,"mot":-1,"pie":2,"uto":-1,"uwr":-1},"geometry":{"type":"Point","coordinates":[18.641111,54.340278]}},{"type":"Feature","properties":{"ID":107464559,"yr":2018,"dt":"2018-11-27T18:10:00","WOJ":22,"sev":2,"c":[255,165,0,160],"dmg":1,"sli":0,"ser":1,"fat":0,"row":-1,"mot":-1,"pie":2,"uto":-1,"uwr":-1},"geometry":{"type":"Point","coordinates":[18.935056,53.730806]}},{"type":"Feature","properties":{"ID":107285117,"yr":2018,"dt":"2018-09-15T11:40:00","WOJ":22,"sev":2,"c":[255,165,0,160],"dmg":1,"sli":1,"ser":1,"fat":0,"row":-1,"mot":-1,"pie":-1,"uto":-1,"uwr":-1},"geometry":{"type":"Point","coordinates":[17.645278,53.68325]}},{"type":"Feature","properties":{"ID":107284496,"yr":2018,"dt":"2018-09-15T01:27:00","WOJ":22,"sev":2,"c":[255,165,0,160],"dmg":1,"sli":0,"ser":2,"fat":0,"row":-1,"mot":-1,"pie":-1,"uto":-1,"uwr":-1},"geometry":{"type":"Point","coordinates":[18.413556,54.599194]}},{"type":"Feature","properties":{"ID":107469865,"yr":2018,"dt":"2018-11-28T12:45:00","WOJ":22,"sev":2,"c":[255,165,0,160],"dmg":1,"sli":0,"ser":1,"fat":0,"row":-1,"mot":-1,"pie":-1,"uto":-1,"uwr":-1},"geometry":{"type":"Point","coordinates":[17.005722,54.429694]}},{"type":"Feature","properties":{"ID":107125335,"yr":2018,"dt":"2018-07-25T16:51:00","WOJ":22,"sev":2,"c":[255,165,0,160],"dmg":1,"sli":0,"ser":1,"fat":0,"row":2,"mot":-1,"pie":-1,"uto":-1,"uwr":-1},"geometry":{"type":"Point","coordinates":[18.4575,54.545944]}},{"type":"Feature","properties":{"ID":107467476,"yr":2018,"dt":"2018-11-28T16:25:00","WOJ":22,"sev":2,"c":[255,165,0,160],"dmg":1,"sli":0,"ser":1,"fat":0,"row":2,"mot":-1,"pie":-1,"uto":-1,"uwr":-1},"geometry":{"type":"Point","coordinates":[18.932861,53.72275]}},{"type":"Feature","properties":{"ID":107369989,"yr":2018,"dt":"2018-10-12T00:23:00","WOJ":22,"sev":2,"c":[255,165,0,160],"dmg":1,"sli":0,"ser":1,"fat":0,"row":-1,"mot":-1,"pie":-1,"uto":-1,"uwr":-1},"geometry":{"type":"Point","coordinates":[18.454167,54.54]}},{"type":"Feature","properties":{"ID":107467772,"yr":2018,"dt":"2018-11-28T07:45:00","WOJ":22,"sev":2,"c":[255,165,0,160],"dmg":1,"sli":0,"ser":1,"fat":0,"row":-1,"mot":-1,"pie":-1,"uto":-1,"uwr":-1},"geometry":{"type":"Point","coordinates":[18.630556,54.386389]}},{"type":"Feature","properties":{"ID":107284765,"yr":2018,"dt":"2018-09-15T07:05:00","WOJ":22,"sev":2,"c":[255,165,0,160],"dmg":0,"sli":0,"ser":1,"fat":0,"row":-1,"mot":-1,"pie":-1,"uto":-1,"uwr":-1},"geometry":{"type":"Point","coordinates":[18.108056,54.285833]}},{"type":"Feature","properties":{"ID":107146009,"yr":2018,"dt":"2018-07-18T16:00:00","WOJ":22,"sev":2,"c":[255,165,0,160],"dmg":1,"sli":0,"ser":1,"fat":0,"row":2,"mot":-1,"pie":-1,"uto":-1,"uwr":-1},"geometry":{"type":"Point","coordinates":[18.755833,54.738333]}},{"type":"Feature","properties":{"ID":107468588,"yr":2018,"dt":"2018-11-29T17:30:00","WOJ":22,"sev":2,"c":[255,165,0,160],"dmg":1,"sli":0,"ser":1,"fat":0,"row":2,"mot":-1,"pie":-1,"uto":-1,"uwr":-1},"geometry":{"type":"Point","coordinates":[17.858611,54.476389]}},{"type":"Feature","properties":{"ID":107125285,"yr":2018,"dt":"2018-07-25T19:30:00","WOJ":22,"sev":2,"c":[255,165,0,160],"dmg":1,"sli":0,"ser":1,"fat":0,"row":-1,"mot":-1,"pie":2,"uto":-1,"uwr":-1},"geometry":{"type":"Point","coordinates":[18.584444,54.326389]}},{"type":"Feature","properties":{"ID":107382871,"yr":2018,"dt":"2018-10-13T19:05:00","WOJ":22,"sev":2,"c":[255,165,0,160],"dmg":1,"sli":1,"ser":1,"fat":0,"row":-1,"mot":-1,"pie":2,"uto":-1,"uwr":-1},"geometry":{"type":"Point","coordinates":[16.991028,54.460028]}},{"type":"Feature","properties":{"ID":107375764,"yr":2018,"dt":"2018-10-13T07:57:00","WOJ":22,"sev":2,"c":[255,165,0,160],"dmg":1,"sli":0,"ser":1,"fat":0,"row":2,"mot":-1,"pie":-1,"uto":-1,"uwr":-1},"geometry":{"type":"Point","coordinates":[18.411944,54.574722]}},{"type":"Feature","properties":{"ID":107470613,"yr":2018,"dt":"2018-11-30T17:38:00","WOJ":22,"sev":2,"c":[255,165,0,160],"dmg":1,"sli":0,"ser":1,"fat":0,"row":-1,"mot":-1,"pie":2,"uto":-1,"uwr":-1},"geometry":{"type":"Point","coordinates":[18.394917,54.568639]}},{"type":"Feature","properties":{"ID":107111140,"yr":2018,"dt":"2018-07-18T15:35:00","WOJ":22,"sev":2,"c":[255,165,0,160],"dmg":1,"sli":0,"ser":1,"fat":0,"row":-1,"mot":-1,"pie":-1,"uto":-1,"uwr":-1},"geometry":{"type":"Point","coordinates":[18.573333,54.402222]}},{"type":"Feature","properties":{"ID":107375956,"yr":2018,"dt":"2018-10-13T16:50:00","WOJ":22,"sev":2,"c":[255,165,0,160],"dmg":1,"sli":0,"ser":1,"fat":0,"row":-1,"mot":2,"pie":-1,"uto":-1,"uwr":-1},"geometry":{"type":"Point","coordinates":[18.564583,54.739417]}},{"type":"Feature","properties":{"ID":107478585,"yr":2018,"dt":"2018-12-01T18:55:00","WOJ":22,"sev":2,"c":[255,165,0,160],"dmg":1,"sli":0,"ser":1,"fat":0,"row":-1,"mot":-1,"pie":-1,"uto":-1,"uwr":-1},"geometry":{"type":"Point","coordinates":[18.047556,53.821778]}},{"type":"Feature","properties":{"ID":107473082,"yr":2018,"dt":"2018-12-01T19:50:00","WOJ":22,"sev":2,"c":[255,165,0,160],"dmg":1,"sli":0,"ser":1,"fat":0,"row":-1,"mot":-1,"pie":2,"uto":-1,"uwr":-1},"geometry":{"type":"Point","coordinates":[19.031778,53.919167]}},{"type":"Feature","properties":{"ID":107472443,"yr":2018,"dt":"2018-12-01T15:03:00","WOJ":22,"sev":2,"c":[255,165,0,160],"dmg":1,"sli":0,"ser":1,"fat":0,"row":-1,"mot":-1,"pie":2,"uto":-1,"uwr":-1},"geometry":{"type":"Point","coordinates":[18.460417,54.542444]}},{"type":"Feature","properties":{"ID":107376608,"yr":2018,"dt":"2018-10-14T13:10:00","WOJ":22,"sev":2,"c":[255,165,0,160],"dmg":1,"sli":0,"ser":1,"fat":0,"row":2,"mot":-1,"pie":-1,"uto":-1,"uwr":-1},"geometry":{"type":"Point","coordinates":[18.608333,54.400278]}},{"type":"Feature","properties":{"ID":107229432,"yr":2018,"dt":"2018-08-25T18:00:00","WOJ":22,"sev":2,"c":[255,165,0,160],"dmg":1,"sli":0,"ser":1,"fat":0,"row":-1,"mot":2,"pie":-1,"uto":-1,"uwr":-1},"geometry":{"type":"Point","coordinates":[18.93075,53.733278]}},{"type":"Feature","properties":{"ID":107475722,"yr":2018,"dt":"2018-12-03T15:30:00","WOJ":22,"sev":2,"c":[255,165,0,160],"dmg":2,"sli":1,"ser":1,"fat":0,"row":-1,"mot":-1,"pie":-1,"uto":-1,"uwr":-1},"geometry":{"type":"Point","coordinates":[18.554722,53.972444]}},{"type":"Feature","properties":{"ID":107286487,"yr":2018,"dt":"2018-09-16T18:47:00","WOJ":22,"sev":2,"c":[255,165,0,160],"dmg":1,"sli":0,"ser":1,"fat":0,"row":-1,"mot":-1,"pie":-1,"uto":-1,"uwr":-1},"geometry":{"type":"Point","coordinates":[17.263861,53.80975]}},{"type":"Feature","properties":{"ID":107229398,"yr":2018,"dt":"2018-08-25T16:35:00","WOJ":22,"sev":2,"c":[255,165,0,160],"dmg":1,"sli":0,"ser":2,"fat":0,"row":-1,"mot":2,"pie":-1,"uto":-1,"uwr":-1},"geometry":{"type":"Point","coordinates":[19.236056,53.747056]}},{"type":"Feature","properties":{"ID":107475444,"yr":2018,"dt":"2018-12-03T10:00:00","WOJ":22,"sev":2,"c":[255,165,0,160],"dmg":0,"sli":0,"ser":1,"fat":0,"row":2,"mot":-1,"pie":-1,"uto":-1,"uwr":-1},"geometry":{"type":"Point","coordinates":[18.021667,53.844167]}},{"type":"Feature","properties":{"ID":107163532,"yr":2018,"dt":"2018-08-09T02:17:00","WOJ":22,"sev":2,"c":[255,165,0,160],"dmg":1,"sli":0,"ser":1,"fat":0,"row":-1,"mot":-1,"pie":2,"uto":-1,"uwr":-1},"geometry":{"type":"Point","coordinates":[18.5075,54.555]}},{"type":"Feature","properties":{"ID":107287986,"yr":2018,"dt":"2018-09-17T07:00:00","WOJ":22,"sev":2,"c":[255,165,0,160],"dmg":1,"sli":0,"ser":1,"fat":0,"row":2,"mot":-1,"pie":-1,"uto":-1,"uwr":-1},"geometry":{"type":"Point","coordinates":[18.63,54.35]}},{"type":"Feature","properties":{"ID":107476399,"yr":2018,"dt":"2018-12-03T22:10:00","WOJ":22,"sev":2,"c":[255,165,0,160],"dmg":0,"sli":0,"ser":2,"fat":0,"row":-1,"mot":-1,"pie":-1,"uto":-1,"uwr":-1},"geometry":{"type":"Point","coordinates":[17.597778,53.694167]}},{"type":"Feature","properties":{"ID":107234345,"yr":2018,"dt":"2018-08-27T11:50:00","WOJ":22,"sev":2,"c":[255,165,0,160],"dmg":1,"sli":0,"ser":1,"fat":0,"row":-1,"mot":-1,"pie":-1,"uto":-1,"uwr":-1},"geometry":{"type":"Point","coordinates":[18.5875,54.411944]}},{"type":"Feature","properties":{"ID":107142004,"yr":2018,"dt":"2018-08-02T13:20:00","WOJ":22,"sev":2,"c":[255,165,0,160],"dmg":1,"sli":0,"ser":1,"fat":0,"row":2,"mot":-1,"pie":-1,"uto":-1,"uwr":-1},"geometry":{"type":"Point","coordinates":[18.576389,54.3975]}},{"type":"Feature","properties":{"ID":107236868,"yr":2018,"dt":"2018-08-27T17:15:00","WOJ":22,"sev":2,"c":[255,165,0,160],"dmg":1,"sli":0,"ser":1,"fat":0,"row":-1,"mot":2,"pie":-1,"uto":-1,"uwr":-1},"geometry":{"type":"Point","coordinates":[18.610833,54.37]}},{"type":"Feature","properties":{"ID":107477071,"yr":2018,"dt":"2018-12-03T20:00:00","WOJ":22,"sev":2,"c":[255,165,0,160],"dmg":1,"sli":0,"ser":1,"fat":0,"row":-1,"mot":-1,"pie":2,"uto":-1,"uwr":-1},"geometry":{"type":"Point","coordinates":[18.624167,54.404167]}},{"type":"Feature","properties":{"ID":107476408,"yr":2018,"dt":"2018-12-03T17:15:00","WOJ":22,"sev":2,"c":[255,165,0,160],"dmg":1,"sli":0,"ser":1,"fat":0,"row":-1,"mot":-1,"pie":2,"uto":-1,"uwr":-1},"geometry":{"type":"Point","coordinates":[18.590833,54.391111]}},{"type":"Feature","properties":{"ID":107476788,"yr":2018,"dt":"2018-12-03T12:05:00","WOJ":22,"sev":2,"c":[255,165,0,160],"dmg":1,"sli":0,"ser":1,"fat":0,"row":-1,"mot":-1,"pie":-1,"uto":-1,"uwr":-1},"geometry":{"type":"Point","coordinates":[18.495556,54.53]}},{"type":"Feature","properties":{"ID":107113321,"yr":2018,"dt":"2018-07-19T10:00:00","WOJ":22,"sev":2,"c":[255,165,0,160],"dmg":1,"sli":0,"ser":1,"fat":0,"row":-1,"mot":-1,"pie":-1,"uto":-1,"uwr":-1},"geometry":{"type":"Point","coordinates":[17.733056,54.536667]}},{"type":"Feature","properties":{"ID":107476736,"yr":2018,"dt":"2018-12-04T11:10:00","WOJ":22,"sev":2,"c":[255,165,0,160],"dmg":1,"sli":0,"ser":1,"fat":0,"row":-1,"mot":-1,"pie":2,"uto":-1,"uwr":-1},"geometry":{"type":"Point","coordinates":[17.570278,53.693611]}},{"type":"Feature","properties":{"ID":107381835,"yr":2018,"dt":"2018-10-15T14:17:00","WOJ":22,"sev":2,"c":[255,165,0,160],"dmg":1,"sli":0,"ser":1,"fat":0,"row":2,"mot":-1,"pie":-1,"uto":-1,"uwr":-1},"geometry":{"type":"Point","coordinates":[18.488889,54.531944]}},{"type":"Feature","properties":{"ID":107117587,"yr":2018,"dt":"2018-07-21T09:10:00","WOJ":22,"sev":2,"c":[255,165,0,160],"dmg":1,"sli":0,"ser":1,"fat":0,"row":2,"mot":-1,"pie":-1,"uto":-1,"uwr":-1},"geometry":{"type":"Point","coordinates":[18.199,54.336389]}},{"type":"Feature","properties":{"ID":107233972,"yr":2018,"dt":"2018-08-27T05:40:00","WOJ":22,"sev":2,"c":[255,165,0,160],"dmg":0,"sli":0,"ser":1,"fat":0,"row":-1,"mot":-1,"pie":-1,"uto":-1,"uwr":-1},"geometry":{"type":"Point","coordinates":[16.893722,54.359917]}},{"type":"Feature","properties":{"ID":107142230,"yr":2018,"dt":"2018-08-02T08:50:00","WOJ":22,"sev":2,"c":[255,165,0,160],"dmg":1,"sli":0,"ser":1,"fat":0,"row":2,"mot":-1,"pie":-1,"uto":-1,"uwr":-1},"geometry":{"type":"Point","coordinates":[16.989778,54.461361]}},{"type":"Feature","properties":{"ID":107478862,"yr":2018,"dt":"2018-12-05T00:15:00","WOJ":22,"sev":2,"c":[255,165,0,160],"dmg":1,"sli":0,"ser":1,"fat":0,"row":-1,"mot":-1,"pie":2,"uto":-1,"uwr":-1},"geometry":{"type":"Point","coordinates":[18.274111,54.602639]}},{"type":"Feature","properties":{"ID":107123596,"yr":2018,"dt":"2018-07-25T11:00:00","WOJ":22,"sev":2,"c":[255,165,0,160],"dmg":0,"sli":0,"ser":1,"fat":0,"row":-1,"mot":-1,"pie":-1,"uto":-1,"uwr":-1},"geometry":{"type":"Point","coordinates":[18.955917,53.776778]}},{"type":"Feature","properties":{"ID":107383867,"yr":2018,"dt":"2018-10-16T13:55:00","WOJ":22,"sev":2,"c":[255,165,0,160],"dmg":2,"sli":5,"ser":1,"fat":0,"row":-1,"mot":-1,"pie":-1,"uto":-1,"uwr":-1},"geometry":{"type":"Point","coordinates":[18.073889,54.043889]}},{"type":"Feature","properties":{"ID":107139619,"yr":2018,"dt":"2018-08-02T17:05:00","WOJ":22,"sev":2,"c":[255,165,0,160],"dmg":2,"sli":0,"ser":1,"fat":0,"row":-1,"mot":-1,"pie":-1,"uto":-1,"uwr":-1},"geometry":{"type":"Point","coordinates":[18.299639,54.603639]}},{"type":"Feature","properties":{"ID":107495865,"yr":2018,"dt":"2018-12-05T00:45:00","WOJ":22,"sev":2,"c":[255,165,0,160],"dmg":1,"sli":0,"ser":1,"fat":0,"row":-1,"mot":-1,"pie":2,"uto":-1,"uwr":-1},"geometry":{"type":"Point","coordinates":[18.642222,54.349444]}},{"type":"Feature","properties":{"ID":107479654,"yr":2018,"dt":"2018-12-05T12:20:00","WOJ":22,"sev":2,"c":[255,165,0,160],"dmg":0,"sli":2,"ser":1,"fat":0,"row":-1,"mot":-1,"pie":-1,"uto":-1,"uwr":-1},"geometry":{"type":"Point","coordinates":[18.475,54.474722]}},{"type":"Feature","properties":{"ID":107481282,"yr":2018,"dt":"2018-12-06T05:40:00","WOJ":22,"sev":2,"c":[255,165,0,160],"dmg":1,"sli":3,"ser":1,"fat":0,"row":-1,"mot":-1,"pie":-1,"uto":-1,"uwr":-1},"geometry":{"type":"Point","coordinates":[19.081667,54.153889]}},{"type":"Feature","properties":{"ID":107481150,"yr":2018,"dt":"2018-12-06T06:59:00","WOJ":22,"sev":2,"c":[255,165,0,160],"dmg":1,"sli":0,"ser":1,"fat":0,"row":-1,"mot":-1,"pie":2,"uto":-1,"uwr":-1},"geometry":{"type":"Point","coordinates":[18.535361,53.971667]}},{"type":"Feature","properties":{"ID":107382539,"yr":2018,"dt":"2018-10-16T13:25:00","WOJ":22,"sev":2,"c":[255,165,0,160],"dmg":1,"sli":2,"ser":1,"fat":0,"row":-1,"mot":-1,"pie":-1,"uto":-1,"uwr":-1},"geometry":{"type":"Point","coordinates":[18.683611,54.348889]}},{"type":"Feature","properties":{"ID":107237186,"yr":2018,"dt":"2018-08-28T09:23:00","WOJ":22,"sev":2,"c":[255,165,0,160],"dmg":2,"sli":0,"ser":1,"fat":0,"row":-1,"mot":2,"pie":-1,"uto":-1,"uwr":-1},"geometry":{"type":"Point","coordinates":[17.568361,53.691389]}},{"type":"Feature","properties":{"ID":107103758,"yr":2018,"dt":"2018-07-14T13:30:00","WOJ":22,"sev":2,"c":[255,165,0,160],"dmg":1,"sli":0,"ser":1,"fat":0,"row":2,"mot":-1,"pie":-1,"uto":-1,"uwr":-1},"geometry":{"type":"Point","coordinates":[18.169,54.317]}},{"type":"Feature","properties":{"ID":107117153,"yr":2018,"dt":"2018-07-21T09:50:00","WOJ":22,"sev":2,"c":[255,165,0,160],"dmg":1,"sli":0,"ser":1,"fat":0,"row":-1,"mot":-1,"pie":-1,"uto":-1,"uwr":-1},"geometry":{"type":"Point","coordinates":[19.131944,54.238611]}},{"type":"Feature","properties":{"ID":107389261,"yr":2018,"dt":"2018-10-18T15:22:00","WOJ":22,"sev":2,"c":[255,165,0,160],"dmg":3,"sli":2,"ser":1,"fat":0,"row":-1,"mot":-1,"pie":-1,"uto":-1,"uwr":-1},"geometry":{"type":"Point","coordinates":[18.641111,54.383889]}},{"type":"Feature","properties":{"ID":107482317,"yr":2018,"dt":"2018-12-06T05:20:00","WOJ":22,"sev":2,"c":[255,165,0,160],"dmg":1,"sli":0,"ser":1,"fat":0,"row":-1,"mot":-1,"pie":2,"uto":-1,"uwr":-1},"geometry":{"type":"Point","coordinates":[18.503333,54.384444]}},{"type":"Feature","properties":{"ID":107171078,"yr":2018,"dt":"2018-08-11T11:00:00","WOJ":22,"sev":2,"c":[255,165,0,160],"dmg":1,"sli":0,"ser":1,"fat":0,"row":-1,"mot":-1,"pie":2,"uto":-1,"uwr":-1},"geometry":{"type":"Point","coordinates":[18.575556,54.355833]}},{"type":"Feature","properties":{"ID":107295463,"yr":2018,"dt":"2018-09-19T16:55:00","WOJ":22,"sev":2,"c":[255,165,0,160],"dmg":0,"sli":0,"ser":1,"fat":0,"row":-1,"mot":-1,"pie":-1,"uto":-1,"uwr":-1},"geometry":{"type":"Point","coordinates":[18.598333,54.3825]}},{"type":"Feature","properties":{"ID":107146926,"yr":2018,"dt":"2018-08-03T11:08:00","WOJ":22,"sev":2,"c":[255,165,0,160],"dmg":1,"sli":0,"ser":1,"fat":0,"row":-1,"mot":-1,"pie":-1,"uto":-1,"uwr":-1},"geometry":{"type":"Point","coordinates":[17.488306,54.170806]}},{"type":"Feature","properties":{"ID":107172017,"yr":2018,"dt":"2018-08-11T20:04:00","WOJ":22,"sev":2,"c":[255,165,0,160],"dmg":1,"sli":0,"ser":1,"fat":0,"row":-1,"mot":-1,"pie":-1,"uto":-1,"uwr":-1},"geometry":{"type":"Point","coordinates":[17.961556,54.461472]}},{"type":"Feature","properties":{"ID":107390240,"yr":2018,"dt":"2018-10-19T14:29:00","WOJ":22,"sev":2,"c":[255,165,0,160],"dmg":1,"sli":0,"ser":1,"fat":0,"row":-1,"mot":-1,"pie":-1,"uto":-1,"uwr":-1},"geometry":{"type":"Point","coordinates":[18.242361,54.60475]}},{"type":"Feature","properties":{"ID":107339013,"yr":2018,"dt":"2018-09-20T16:45:00","WOJ":22,"sev":2,"c":[255,165,0,160],"dmg":2,"sli":0,"ser":1,"fat":0,"row":2,"mot":-1,"pie":-1,"uto":-1,"uwr":-1},"geometry":{"type":"Point","coordinates":[18.506667,54.375278]}},{"type":"Feature","properties":{"ID":107300898,"yr":2018,"dt":"2018-09-20T07:20:00","WOJ":22,"sev":2,"c":[255,165,0,160],"dmg":1,"sli":0,"ser":1,"fat":0,"row":2,"mot":-1,"pie":0,"uto":-1,"uwr":-1},"geometry":{"type":"Point","coordinates":[18.920556,54.356389]}},{"type":"Feature","properties":{"ID":107485972,"yr":2018,"dt":"2018-12-08T03:30:00","WOJ":22,"sev":2,"c":[255,165,0,160],"dmg":1,"sli":0,"ser":1,"fat":0,"row":-1,"mot":-1,"pie":-1,"uto":-1,"uwr":-1},"geometry":{"type":"Point","coordinates":[16.836611,54.553333]}},{"type":"Feature","properties":{"ID":107299367,"yr":2018,"dt":"2018-09-20T16:35:00","WOJ":22,"sev":2,"c":[255,165,0,160],"dmg":1,"sli":0,"ser":1,"fat":0,"row":-1,"mot":0,"pie":2,"uto":-1,"uwr":-1},"geometry":{"type":"Point","coordinates":[18.613611,54.367778]}},{"type":"Feature","properties":{"ID":107299547,"yr":2018,"dt":"2018-09-20T17:45:00","WOJ":22,"sev":2,"c":[255,165,0,160],"dmg":1,"sli":0,"ser":1,"fat":0,"row":2,"mot":-1,"pie":-1,"uto":-1,"uwr":-1},"geometry":{"type":"Point","coordinates":[18.591944,54.374722]}},{"type":"Feature","properties":{"ID":107147763,"yr":2018,"dt":"2018-08-03T15:40:00","WOJ":22,"sev":2,"c":[255,165,0,160],"dmg":1,"sli":0,"ser":1,"fat":0,"row":-1,"mot":-1,"pie":-1,"uto":-1,"uwr":-1},"geometry":{"type":"Point","coordinates":[17.498167,54.590722]}},{"type":"Feature","properties":{"ID":107113608,"yr":2018,"dt":"2018-07-19T22:25:00","WOJ":22,"sev":2,"c":[255,165,0,160],"dmg":0,"sli":0,"ser":1,"fat":0,"row":-1,"mot":-1,"pie":-1,"uto":-1,"uwr":-1},"geometry":{"type":"Point","coordinates":[18.169444,54.101944]}},{"type":"Feature","properties":{"ID":107114851,"yr":2018,"dt":"2018-07-19T07:00:00","WOJ":22,"sev":2,"c":[255,165,0,160],"dmg":1,"sli":0,"ser":1,"fat":0,"row":-1,"mot":-1,"pie":2,"uto":-1,"uwr":-1},"geometry":{"type":"Point","coordinates":[18.586667,54.403333]}},{"type":"Feature","properties":{"ID":107106980,"yr":2018,"dt":"2018-07-16T18:47:00","WOJ":22,"sev":2,"c":[255,165,0,160],"dmg":0,"sli":0,"ser":1,"fat":0,"row":-1,"mot":-1,"pie":-1,"uto":-1,"uwr":-1},"geometry":{"type":"Point","coordinates":[18.17782,54.61569]}},{"type":"Feature","properties":{"ID":107488652,"yr":2018,"dt":"2018-12-10T05:55:00","WOJ":22,"sev":2,"c":[255,165,0,160],"dmg":1,"sli":0,"ser":1,"fat":0,"row":-1,"mot":-1,"pie":2,"uto":-1,"uwr":-1},"geometry":{"type":"Point","coordinates":[18.62,54.329722]}},{"type":"Feature","properties":{"ID":107241624,"yr":2018,"dt":"2018-08-30T05:54:00","WOJ":22,"sev":2,"c":[255,165,0,160],"dmg":1,"sli":0,"ser":1,"fat":0,"row":-1,"mot":-1,"pie":2,"uto":-1,"uwr":-1},"geometry":{"type":"Point","coordinates":[18.617778,54.338056]}},{"type":"Feature","properties":{"ID":107240015,"yr":2018,"dt":"2018-08-30T05:30:00","WOJ":22,"sev":2,"c":[255,165,0,160],"dmg":1,"sli":0,"ser":1,"fat":0,"row":2,"mot":-1,"pie":-1,"uto":-1,"uwr":-1},"geometry":{"type":"Point","coordinates":[17.566667,53.694167]}},{"type":"Feature","properties":{"ID":107391556,"yr":2018,"dt":"2018-10-20T18:41:00","WOJ":22,"sev":2,"c":[255,165,0,160],"dmg":1,"sli":0,"ser":1,"fat":0,"row":-1,"mot":-1,"pie":2,"uto":-1,"uwr":-1},"geometry":{"type":"Point","coordinates":[18.488583,54.473917]}},{"type":"Feature","properties":{"ID":107118960,"yr":2018,"dt":"2018-07-22T16:00:00","WOJ":22,"sev":2,"c":[255,165,0,160],"dmg":0,"sli":0,"ser":1,"fat":0,"row":-1,"mot":-1,"pie":-1,"uto":-1,"uwr":-1},"geometry":{"type":"Point","coordinates":[17.531389,53.670556]}},{"type":"Feature","properties":{"ID":107391858,"yr":2018,"dt":"2018-10-20T12:40:00","WOJ":22,"sev":2,"c":[255,165,0,160],"dmg":1,"sli":1,"ser":1,"fat":0,"row":-1,"mot":-1,"pie":-1,"uto":-1,"uwr":-1},"geometry":{"type":"Point","coordinates":[18.576389,54.315278]}},{"type":"Feature","properties":{"ID":107492964,"yr":2018,"dt":"2018-12-11T16:30:00","WOJ":22,"sev":2,"c":[255,165,0,160],"dmg":1,"sli":0,"ser":1,"fat":0,"row":-1,"mot":-1,"pie":2,"uto":-1,"uwr":-1},"geometry":{"type":"Point","coordinates":[17.0495,54.482222]}},{"type":"Feature","properties":{"ID":107493046,"yr":2018,"dt":"2018-12-11T23:15:00","WOJ":22,"sev":2,"c":[255,165,0,160],"dmg":1,"sli":0,"ser":1,"fat":0,"row":-1,"mot":-1,"pie":-1,"uto":-1,"uwr":-1},"geometry":{"type":"Point","coordinates":[18.060806,53.827583]}},{"type":"Feature","properties":{"ID":107244046,"yr":2018,"dt":"2018-08-30T23:25:00","WOJ":22,"sev":2,"c":[255,165,0,160],"dmg":0,"sli":0,"ser":1,"fat":0,"row":-1,"mot":-1,"pie":-1,"uto":-1,"uwr":-1},"geometry":{"type":"Point","coordinates":[16.933194,54.577778]}},{"type":"Feature","properties":{"ID":107177650,"yr":2018,"dt":"2018-08-13T10:28:00","WOJ":22,"sev":2,"c":[255,165,0,160],"dmg":2,"sli":0,"ser":1,"fat":0,"row":-1,"mot":-1,"pie":-1,"uto":-1,"uwr":-1},"geometry":{"type":"Point","coordinates":[18.594722,54.35]}},{"type":"Feature","properties":{"ID":107393035,"yr":2018,"dt":"2018-10-21T13:25:00","WOJ":22,"sev":2,"c":[255,165,0,160],"dmg":1,"sli":0,"ser":1,"fat":0,"row":-1,"mot":-1,"pie":2,"uto":-1,"uwr":-1},"geometry":{"type":"Point","coordinates":[18.495,54.354722]}},{"type":"Feature","properties":{"ID":107303662,"yr":2018,"dt":"2018-09-21T18:50:00","WOJ":22,"sev":2,"c":[255,165,0,160],"dmg":1,"sli":0,"ser":1,"fat":0,"row":-1,"mot":-1,"pie":-1,"uto":-1,"uwr":-1},"geometry":{"type":"Point","coordinates":[18.6825,54.348056]}},{"type":"Feature","properties":{"ID":107494992,"yr":2018,"dt":"2018-12-12T17:16:00","WOJ":22,"sev":2,"c":[255,165,0,160],"dmg":1,"sli":0,"ser":1,"fat":0,"row":-1,"mot":-1,"pie":2,"uto":-1,"uwr":-1},"geometry":{"type":"Point","coordinates":[18.468056,54.469639]}},{"type":"Feature","properties":{"ID":107492674,"yr":2018,"dt":"2018-12-12T08:20:00","WOJ":22,"sev":2,"c":[255,165,0,160],"dmg":1,"sli":0,"ser":1,"fat":0,"row":-1,"mot":-1,"pie":-1,"uto":-1,"uwr":-1},"geometry":{"type":"Point","coordinates":[18.426806,54.385583]}},{"type":"Feature","properties":{"ID":107124002,"yr":2018,"dt":"2018-07-22T01:05:00","WOJ":22,"sev":2,"c":[255,165,0,160],"dmg":1,"sli":0,"ser":1,"fat":0,"row":-1,"mot":-1,"pie":-1,"uto":-1,"uwr":-1},"geometry":{"type":"Point","coordinates":[17.284667,54.381306]}},{"type":"Feature","properties":{"ID":107300948,"yr":2018,"dt":"2018-09-21T09:00:00","WOJ":22,"sev":2,"c":[255,165,0,160],"dmg":1,"sli":0,"ser":1,"fat":0,"row":-1,"mot":-1,"pie":2,"uto":-1,"uwr":-1},"geometry":{"type":"Point","coordinates":[17.018083,54.470611]}},{"type":"Feature","properties":{"ID":107097250,"yr":2018,"dt":"2018-07-11T19:00:00","WOJ":22,"sev":2,"c":[255,165,0,160],"dmg":1,"sli":0,"ser":1,"fat":0,"row":2,"mot":-1,"pie":-1,"uto":-1,"uwr":-1},"geometry":{"type":"Point","coordinates":[18.271639,54.598722]}},{"type":"Feature","properties":{"ID":107394790,"yr":2018,"dt":"2018-10-22T17:55:00","WOJ":22,"sev":2,"c":[255,165,0,160],"dmg":1,"sli":0,"ser":1,"fat":0,"row":-1,"mot":-1,"pie":2,"uto":-1,"uwr":-1},"geometry":{"type":"Point","coordinates":[17.570278,53.693611]}},{"type":"Feature","properties":{"ID":107496487,"yr":2018,"dt":"2018-12-13T11:00:00","WOJ":22,"sev":2,"c":[255,165,0,160],"dmg":1,"sli":0,"ser":1,"fat":0,"row":-1,"mot":-1,"pie":2,"uto":-1,"uwr":-1},"geometry":{"type":"Point","coordinates":[17.566444,53.692111]}},{"type":"Feature","properties":{"ID":107303060,"yr":2018,"dt":"2018-09-21T15:20:00","WOJ":22,"sev":2,"c":[255,165,0,160],"dmg":1,"sli":0,"ser":1,"fat":0,"row":-1,"mot":-1,"pie":2,"uto":-1,"uwr":-1},"geometry":{"type":"Point","coordinates":[18.418722,54.443389]}},{"type":"Feature","properties":{"ID":107496488,"yr":2018,"dt":"2018-12-13T16:10:00","WOJ":22,"sev":2,"c":[255,165,0,160],"dmg":1,"sli":0,"ser":1,"fat":0,"row":2,"mot":-1,"pie":-1,"uto":-1,"uwr":-1},"geometry":{"type":"Point","coordinates":[17.588333,53.698889]}},{"type":"Feature","properties":{"ID":107244293,"yr":2018,"dt":"2018-08-31T05:57:00","WOJ":22,"sev":2,"c":[255,165,0,160],"dmg":0,"sli":1,"ser":1,"fat":0,"row":-1,"mot":-1,"pie":-1,"uto":-1,"uwr":-1},"geometry":{"type":"Point","coordinates":[18.669778,54.027194]}},{"type":"Feature","properties":{"ID":107247385,"yr":2018,"dt":"2018-08-31T17:40:00","WOJ":22,"sev":2,"c":[255,165,0,160],"dmg":0,"sli":1,"ser":2,"fat":0,"row":-1,"mot":-1,"pie":-1,"uto":-1,"uwr":-1},"geometry":{"type":"Point","coordinates":[17.395139,53.658028]}},{"type":"Feature","properties":{"ID":107499922,"yr":2018,"dt":"2018-12-14T09:30:00","WOJ":22,"sev":2,"c":[255,165,0,160],"dmg":2,"sli":0,"ser":2,"fat":0,"row":-1,"mot":-1,"pie":-1,"uto":-1,"uwr":-1},"geometry":{"type":"Point","coordinates":[17.845278,54.568611]}},{"type":"Feature","properties":{"ID":107396329,"yr":2018,"dt":"2018-10-23T07:05:00","WOJ":22,"sev":2,"c":[255,165,0,160],"dmg":1,"sli":0,"ser":1,"fat":0,"row":-1,"mot":-1,"pie":2,"uto":-1,"uwr":-1},"geometry":{"type":"Point","coordinates":[17.033667,54.470333]}},{"type":"Feature","properties":{"ID":107541838,"yr":2018,"dt":"2018-12-28T16:10:00","WOJ":22,"sev":3,"c":[255,0,0,160],"dmg":1,"sli":0,"ser":0,"fat":1,"row":-1,"mot":-1,"pie":3,"uto":-1,"uwr":-1},"geometry":{"type":"Point","coordinates":[18.1945,54.328139]}},{"type":"Feature","properties":{"ID":106654041,"yr":2018,"dt":"2018-01-02T20:20:00","WOJ":22,"sev":3,"c":[255,0,0,160],"dmg":0,"sli":0,"ser":0,"fat":1,"row":-1,"mot":-1,"pie":-1,"uto":-1,"uwr":-1},"geometry":{"type":"Point","coordinates":[18.689444,54.038889]}},{"type":"Feature","properties":{"ID":106655373,"yr":2018,"dt":"2018-01-03T16:20:00","WOJ":22,"sev":3,"c":[255,0,0,160],"dmg":1,"sli":0,"ser":0,"fat":1,"row":-1,"mot":-1,"pie":3,"uto":-1,"uwr":-1},"geometry":{"type":"Point","coordinates":[18.652778,54.353333]}},{"type":"Feature","properties":{"ID":106661076,"yr":2018,"dt":"2018-01-06T21:10:00","WOJ":22,"sev":3,"c":[255,0,0,160],"dmg":1,"sli":0,"ser":0,"fat":1,"row":-1,"mot":-1,"pie":3,"uto":-1,"uwr":-1},"geometry":{"type":"Point","coordinates":[17.861389,54.571917]}},{"type":"Feature","properties":{"ID":106665016,"yr":2018,"dt":"2018-01-09T11:15:00","WOJ":22,"sev":3,"c":[255,0,0,160],"dmg":1,"sli":0,"ser":0,"fat":1,"row":-1,"mot":-1,"pie":3,"uto":-1,"uwr":-1},"geometry":{"type":"Point","coordinates":[17.042194,54.462333]}},{"type":"Feature","properties":{"ID":106670033,"yr":2018,"dt":"2018-01-11T17:00:00","WOJ":22,"sev":3,"c":[255,0,0,160],"dmg":1,"sli":0,"ser":0,"fat":1,"row":-1,"mot":-1,"pie":3,"uto":-1,"uwr":-1},"geometry":{"type":"Point","coordinates":[18.631667,54.402778]}},{"type":"Feature","properties":{"ID":106678722,"yr":2018,"dt":"2018-01-16T13:10:00","WOJ":22,"sev":3,"c":[255,0,0,160],"dmg":1,"sli":0,"ser":0,"fat":1,"row":-1,"mot":-1,"pie":3,"uto":-1,"uwr":-1},"geometry":{"type":"Point","coordinates":[18.537778,54.171111]}},{"type":"Feature","properties":{"ID":106686780,"yr":2018,"dt":"2018-01-20T14:20:00","WOJ":22,"sev":3,"c":[255,0,0,160],"dmg":1,"sli":2,"ser":0,"fat":1,"row":-1,"mot":-1,"pie":-1,"uto":-1,"uwr":-1},"geometry":{"type":"Point","coordinates":[18.6575,53.989028]}},{"type":"Feature","properties":{"ID":106700727,"yr":2018,"dt":"2018-01-28T12:39:00","WOJ":22,"sev":3,"c":[255,0,0,160],"dmg":0,"sli":0,"ser":1,"fat":1,"row":-1,"mot":-1,"pie":-1,"uto":-1,"uwr":-1},"geometry":{"type":"Point","coordinates":[19.139722,54.197778]}},{"type":"Feature","properties":{"ID":106705904,"yr":2018,"dt":"2018-01-31T05:25:00","WOJ":22,"sev":3,"c":[255,0,0,160],"dmg":0,"sli":3,"ser":1,"fat":1,"row":-1,"mot":-1,"pie":-1,"uto":-1,"uwr":-1},"geometry":{"type":"Point","coordinates":[18.703917,54.167417]}},{"type":"Feature","properties":{"ID":106707616,"yr":2018,"dt":"2018-02-01T19:20:00","WOJ":22,"sev":3,"c":[255,0,0,160],"dmg":0,"sli":0,"ser":0,"fat":1,"row":-1,"mot":-1,"pie":-1,"uto":-1,"uwr":-1},"geometry":{"type":"Point","coordinates":[17.372667,54.123694]}},{"type":"Feature","properties":{"ID":106711738,"yr":2018,"dt":"2018-02-02T17:28:00","WOJ":22,"sev":3,"c":[255,0,0,160],"dmg":1,"sli":0,"ser":0,"fat":1,"row":-1,"mot":-1,"pie":3,"uto":-1,"uwr":-1},"geometry":{"type":"Point","coordinates":[18.018167,54.340583]}},{"type":"Feature","properties":{"ID":106732523,"yr":2018,"dt":"2018-02-08T17:43:00","WOJ":22,"sev":3,"c":[255,0,0,160],"dmg":1,"sli":0,"ser":0,"fat":1,"row":-1,"mot":-1,"pie":3,"uto":-1,"uwr":-1},"geometry":{"type":"Point","coordinates":[17.305167,54.450611]}},{"type":"Feature","properties":{"ID":106727504,"yr":2018,"dt":"2018-02-12T07:59:00","WOJ":22,"sev":3,"c":[255,0,0,160],"dmg":1,"sli":0,"ser":0,"fat":1,"row":-1,"mot":-1,"pie":-1,"uto":-1,"uwr":-1},"geometry":{"type":"Point","coordinates":[18.563611,54.266111]}},{"type":"Feature","properties":{"ID":106768719,"yr":2018,"dt":"2018-02-19T05:45:00","WOJ":22,"sev":3,"c":[255,0,0,160],"dmg":1,"sli":0,"ser":0,"fat":1,"row":-1,"mot":-1,"pie":-1,"uto":-1,"uwr":-1},"geometry":{"type":"Point","coordinates":[18.93625,54.036722]}},{"type":"Feature","properties":{"ID":106761218,"yr":2018,"dt":"2018-02-26T16:42:00","WOJ":22,"sev":3,"c":[255,0,0,160],"dmg":1,"sli":0,"ser":0,"fat":1,"row":-1,"mot":-1,"pie":3,"uto":-1,"uwr":-1},"geometry":{"type":"Point","coordinates":[18.320528,54.195028]}},{"type":"Feature","properties":{"ID":106789623,"yr":2018,"dt":"2018-03-10T13:30:00","WOJ":22,"sev":3,"c":[255,0,0,160],"dmg":1,"sli":0,"ser":0,"fat":1,"row":3,"mot":-1,"pie":-1,"uto":-1,"uwr":-1},"geometry":{"type":"Point","coordinates":[18.683333,53.932778]}},{"type":"Feature","properties":{"ID":106800678,"yr":2018,"dt":"2018-03-17T01:00:00","WOJ":22,"sev":3,"c":[255,0,0,160],"dmg":0,"sli":0,"ser":0,"fat":1,"row":-1,"mot":-1,"pie":-1,"uto":-1,"uwr":-1},"geometry":{"type":"Point","coordinates":[17.038111,54.445972]}},{"type":"Feature","properties":{"ID":106806169,"yr":2018,"dt":"2018-03-18T22:00:00","WOJ":22,"sev":3,"c":[255,0,0,160],"dmg":0,"sli":0,"ser":0,"fat":1,"row":-1,"mot":-1,"pie":-1,"uto":-1,"uwr":-1},"geometry":{"type":"Point","coordinates":[17.528306,54.637444]}},{"type":"Feature","properties":{"ID":106829499,"yr":2018,"dt":"2018-03-29T08:45:00","WOJ":22,"sev":3,"c":[255,0,0,160],"dmg":0,"sli":0,"ser":1,"fat":1,"row":-1,"mot":-1,"pie":-1,"uto":-1,"uwr":-1},"geometry":{"type":"Point","coordinates":[18.57275,54.184861]}},{"type":"Feature","properties":{"ID":106839045,"yr":2018,"dt":"2018-03-29T19:25:00","WOJ":22,"sev":3,"c":[255,0,0,160],"dmg":1,"sli":0,"ser":0,"fat":1,"row":-1,"mot":-1,"pie":-1,"uto":-1,"uwr":-1},"geometry":{"type":"Point","coordinates":[18.294778,53.958361]}},{"type":"Feature","properties":{"ID":106864012,"yr":2018,"dt":"2018-03-31T03:47:00","WOJ":22,"sev":3,"c":[255,0,0,160],"dmg":0,"sli":1,"ser":0,"fat":1,"row":-1,"mot":-1,"pie":-1,"uto":-1,"uwr":-1},"geometry":{"type":"Point","coordinates":[18.731389,54.361111]}},{"type":"Feature","properties":{"ID":106863761,"yr":2018,"dt":"2018-03-31T10:40:00","WOJ":22,"sev":3,"c":[255,0,0,160],"dmg":1,"sli":0,"ser":0,"fat":1,"row":-1,"mot":-1,"pie":3,"uto":-1,"uwr":-1},"geometry":{"type":"Point","coordinates":[18.56,54.370278]}},{"type":"Feature","properties":{"ID":106864386,"yr":2018,"dt":"2018-04-01T15:13:00","WOJ":22,"sev":3,"c":[255,0,0,160],"dmg":0,"sli":0,"ser":2,"fat":2,"row":-1,"mot":-1,"pie":-1,"uto":-1,"uwr":-1},"geometry":{"type":"Point","coordinates":[17.794722,54.036111]}},{"type":"Feature","properties":{"ID":106874450,"yr":2018,"dt":"2018-04-07T05:00:00","WOJ":22,"sev":3,"c":[255,0,0,160],"dmg":1,"sli":0,"ser":0,"fat":1,"row":-1,"mot":-1,"pie":-1,"uto":-1,"uwr":-1},"geometry":{"type":"Point","coordinates":[18.760778,54.036389]}},{"type":"Feature","properties":{"ID":106892742,"yr":2018,"dt":"2018-04-14T01:45:00","WOJ":22,"sev":3,"c":[255,0,0,160],"dmg":0,"sli":0,"ser":1,"fat":1,"row":-1,"mot":-1,"pie":-1,"uto":-1,"uwr":-1},"geometry":{"type":"Point","coordinates":[18.406972,54.336667]}},{"type":"Feature","properties":{"ID":106899311,"yr":2018,"dt":"2018-04-19T14:20:00","WOJ":22,"sev":3,"c":[255,0,0,160],"dmg":2,"sli":1,"ser":1,"fat":1,"row":-1,"mot":-1,"pie":-1,"uto":-1,"uwr":-1},"geometry":{"type":"Point","coordinates":[18.290222,54.6975]}},{"type":"Feature","properties":{"ID":106913692,"yr":2018,"dt":"2018-04-26T17:55:00","WOJ":22,"sev":3,"c":[255,0,0,160],"dmg":1,"sli":0,"ser":0,"fat":1,"row":-1,"mot":-1,"pie":3,"uto":-1,"uwr":-1},"geometry":{"type":"Point","coordinates":[18.230611,54.291667]}},{"type":"Feature","properties":{"ID":106920682,"yr":2018,"dt":"2018-05-01T16:09:00","WOJ":22,"sev":3,"c":[255,0,0,160],"dmg":3,"sli":4,"ser":0,"fat":1,"row":-1,"mot":-1,"pie":-1,"uto":-1,"uwr":-1},"geometry":{"type":"Point","coordinates":[18.398972,54.764722]}},{"type":"Feature","properties":{"ID":106920610,"yr":2018,"dt":"2018-05-01T10:20:00","WOJ":22,"sev":3,"c":[255,0,0,160],"dmg":0,"sli":0,"ser":2,"fat":3,"row":-1,"mot":-1,"pie":-1,"uto":-1,"uwr":-1},"geometry":{"type":"Point","coordinates":[17.724444,54.574444]}},{"type":"Feature","properties":{"ID":106763360,"yr":2018,"dt":"2018-02-27T17:26:00","WOJ":22,"sev":3,"c":[255,0,0,160],"dmg":1,"sli":0,"ser":1,"fat":1,"row":-1,"mot":-1,"pie":-1,"uto":-1,"uwr":-1},"geometry":{"type":"Point","coordinates":[17.573278,54.158389]}},{"type":"Feature","properties":{"ID":106929763,"yr":2018,"dt":"2018-05-07T08:01:00","WOJ":22,"sev":3,"c":[255,0,0,160],"dmg":1,"sli":0,"ser":0,"fat":1,"row":-1,"mot":-1,"pie":3,"uto":-1,"uwr":-1},"geometry":{"type":"Point","coordinates":[18.499306,54.563056]}},{"type":"Feature","properties":{"ID":106929211,"yr":2018,"dt":"2018-05-07T20:10:00","WOJ":22,"sev":3,"c":[255,0,0,160],"dmg":0,"sli":2,"ser":1,"fat":1,"row":-1,"mot":-1,"pie":-1,"uto":-1,"uwr":-1},"geometry":{"type":"Point","coordinates":[17.531389,53.670556]}},{"type":"Feature","properties":{"ID":106929269,"yr":2018,"dt":"2018-05-07T19:40:00","WOJ":22,"sev":3,"c":[255,0,0,160],"dmg":1,"sli":0,"ser":0,"fat":1,"row":-1,"mot":3,"pie":-1,"uto":-1,"uwr":-1},"geometry":{"type":"Point","coordinates":[17.844917,53.882556]}},{"type":"Feature","properties":{"ID":106933119,"yr":2018,"dt":"2018-05-09T12:14:00","WOJ":22,"sev":3,"c":[255,0,0,160],"dmg":1,"sli":0,"ser":0,"fat":1,"row":-1,"mot":3,"pie":-1,"uto":-1,"uwr":-1},"geometry":{"type":"Point","coordinates":[18.504361,53.986861]}},{"type":"Feature","properties":{"ID":106936084,"yr":2018,"dt":"2018-05-10T06:37:00","WOJ":22,"sev":3,"c":[255,0,0,160],"dmg":1,"sli":0,"ser":0,"fat":1,"row":-1,"mot":-1,"pie":-1,"uto":-1,"uwr":-1},"geometry":{"type":"Point","coordinates":[17.684889,54.138194]}},{"type":"Feature","properties":{"ID":106937414,"yr":2018,"dt":"2018-05-12T09:30:00","WOJ":22,"sev":3,"c":[255,0,0,160],"dmg":0,"sli":0,"ser":0,"fat":1,"row":-1,"mot":-1,"pie":-1,"uto":-1,"uwr":-1},"geometry":{"type":"Point","coordinates":[19.159833,54.134111]}},{"type":"Feature","properties":{"ID":106956165,"yr":2018,"dt":"2018-05-19T13:00:00","WOJ":22,"sev":3,"c":[255,0,0,160],"dmg":1,"sli":0,"ser":0,"fat":1,"row":-1,"mot":-1,"pie":-1,"uto":-1,"uwr":-1},"geometry":{"type":"Point","coordinates":[16.903778,54.433806]}},{"type":"Feature","properties":{"ID":106957901,"yr":2018,"dt":"2018-05-20T22:40:00","WOJ":22,"sev":3,"c":[255,0,0,160],"dmg":1,"sli":0,"ser":0,"fat":1,"row":-1,"mot":-1,"pie":3,"uto":-1,"uwr":-1},"geometry":{"type":"Point","coordinates":[18.811389,53.846389]}},{"type":"Feature","properties":{"ID":106977791,"yr":2018,"dt":"2018-05-29T13:50:00","WOJ":22,"sev":3,"c":[255,0,0,160],"dmg":1,"sli":0,"ser":0,"fat":1,"row":3,"mot":-1,"pie":-1,"uto":-1,"uwr":-1},"geometry":{"type":"Point","coordinates":[18.266917,54.367]}},{"type":"Feature","properties":{"ID":106979641,"yr":2018,"dt":"2018-05-30T21:05:00","WOJ":22,"sev":3,"c":[255,0,0,160],"dmg":0,"sli":0,"ser":0,"fat":1,"row":-1,"mot":3,"pie":-1,"uto":-1,"uwr":-1},"geometry":{"type":"Point","coordinates":[17.860556,54.323889]}},{"type":"Feature","properties":{"ID":106985932,"yr":2018,"dt":"2018-06-02T17:30:00","WOJ":22,"sev":3,"c":[255,0,0,160],"dmg":1,"sli":2,"ser":2,"fat":2,"row":-1,"mot":-1,"pie":-1,"uto":-1,"uwr":-1},"geometry":{"type":"Point","coordinates":[18.540556,54.492222]}},{"type":"Feature","properties":{"ID":106988162,"yr":2018,"dt":"2018-06-05T08:05:00","WOJ":22,"sev":3,"c":[255,0,0,160],"dmg":0,"sli":0,"ser":0,"fat":1,"row":-1,"mot":-1,"pie":-1,"uto":-1,"uwr":-1},"geometry":{"type":"Point","coordinates":[17.065389,54.305972]}},{"type":"Feature","properties":{"ID":106995915,"yr":2018,"dt":"2018-06-08T13:30:00","WOJ":22,"sev":3,"c":[255,0,0,160],"dmg":0,"sli":0,"ser":0,"fat":1,"row":-1,"mot":-1,"pie":-1,"uto":-1,"uwr":-1},"geometry":{"type":"Point","coordinates":[18.267611,54.625667]}},{"type":"Feature","properties":{"ID":107001411,"yr":2018,"dt":"2018-06-10T15:55:00","WOJ":22,"sev":3,"c":[255,0,0,160],"dmg":0,"sli":0,"ser":0,"fat":1,"row":-1,"mot":-1,"pie":-1,"uto":-1,"uwr":-1},"geometry":{"type":"Point","coordinates":[18.189833,54.354389]}},{"type":"Feature","properties":{"ID":107001044,"yr":2018,"dt":"2018-06-10T23:13:00","WOJ":22,"sev":3,"c":[255,0,0,160],"dmg":0,"sli":0,"ser":0,"fat":1,"row":-1,"mot":-1,"pie":-1,"uto":-1,"uwr":-1},"geometry":{"type":"Point","coordinates":[17.574611,54.212389]}},{"type":"Feature","properties":{"ID":107024273,"yr":2018,"dt":"2018-06-16T05:05:00","WOJ":22,"sev":3,"c":[255,0,0,160],"dmg":0,"sli":0,"ser":0,"fat":1,"row":-1,"mot":-1,"pie":-1,"uto":-1,"uwr":-1},"geometry":{"type":"Point","coordinates":[18.063139,54.673417]}},{"type":"Feature","properties":{"ID":107039237,"yr":2018,"dt":"2018-06-16T21:29:00","WOJ":22,"sev":3,"c":[255,0,0,160],"dmg":1,"sli":0,"ser":0,"fat":1,"row":-1,"mot":-1,"pie":-1,"uto":-1,"uwr":-1},"geometry":{"type":"Point","coordinates":[17.148806,54.390778]}},{"type":"Feature","properties":{"ID":107026275,"yr":2018,"dt":"2018-06-16T23:00:00","WOJ":22,"sev":3,"c":[255,0,0,160],"dmg":0,"sli":1,"ser":2,"fat":1,"row":-1,"mot":-1,"pie":-1,"uto":-1,"uwr":-1},"geometry":{"type":"Point","coordinates":[19.488583,53.864556]}},{"type":"Feature","properties":{"ID":107032664,"yr":2018,"dt":"2018-06-18T09:44:00","WOJ":22,"sev":3,"c":[255,0,0,160],"dmg":1,"sli":0,"ser":0,"fat":1,"row":-1,"mot":3,"pie":-1,"uto":-1,"uwr":-1},"geometry":{"type":"Point","coordinates":[18.230917,54.765806]}},{"type":"Feature","properties":{"ID":107042069,"yr":2018,"dt":"2018-06-20T15:45:00","WOJ":22,"sev":3,"c":[255,0,0,160],"dmg":1,"sli":0,"ser":0,"fat":1,"row":3,"mot":-1,"pie":-1,"uto":-1,"uwr":-1},"geometry":{"type":"Point","coordinates":[17.894639,54.240472]}},{"type":"Feature","properties":{"ID":107058855,"yr":2018,"dt":"2018-06-20T19:55:00","WOJ":22,"sev":3,"c":[255,0,0,160],"dmg":1,"sli":0,"ser":0,"fat":1,"row":-1,"mot":3,"pie":-1,"uto":-1,"uwr":-1},"geometry":{"type":"Point","coordinates":[17.029944,54.460333]}},{"type":"Feature","properties":{"ID":107054921,"yr":2018,"dt":"2018-06-23T19:08:00","WOJ":22,"sev":3,"c":[255,0,0,160],"dmg":1,"sli":0,"ser":0,"fat":2,"row":-1,"mot":-1,"pie":-1,"uto":-1,"uwr":-1},"geometry":{"type":"Point","coordinates":[17.799417,54.325528]}},{"type":"Feature","properties":{"ID":107055430,"yr":2018,"dt":"2018-06-24T11:15:00","WOJ":22,"sev":3,"c":[255,0,0,160],"dmg":0,"sli":0,"ser":2,"fat":2,"row":-1,"mot":-1,"pie":-1,"uto":-1,"uwr":-1},"geometry":{"type":"Point","coordinates":[17.158222,53.609917]}},{"type":"Feature","properties":{"ID":107055305,"yr":2018,"dt":"2018-06-24T10:57:00","WOJ":22,"sev":3,"c":[255,0,0,160],"dmg":1,"sli":0,"ser":0,"fat":2,"row":-1,"mot":-1,"pie":3,"uto":-1,"uwr":-1},"geometry":{"type":"Point","coordinates":[17.014833,53.804833]}},{"type":"Feature","properties":{"ID":107066788,"yr":2018,"dt":"2018-06-27T18:35:00","WOJ":22,"sev":3,"c":[255,0,0,160],"dmg":0,"sli":2,"ser":1,"fat":1,"row":-1,"mot":-1,"pie":-1,"uto":-1,"uwr":-1},"geometry":{"type":"Point","coordinates":[18.141667,53.999722]}},{"type":"Feature","properties":{"ID":107076690,"yr":2018,"dt":"2018-06-29T12:49:00","WOJ":22,"sev":3,"c":[255,0,0,160],"dmg":1,"sli":2,"ser":0,"fat":1,"row":-1,"mot":-1,"pie":-1,"uto":-1,"uwr":-1},"geometry":{"type":"Point","coordinates":[17.076,54.441694]}},{"type":"Feature","properties":{"ID":107076267,"yr":2018,"dt":"2018-06-29T11:33:00","WOJ":22,"sev":3,"c":[255,0,0,160],"dmg":0,"sli":1,"ser":0,"fat":1,"row":-1,"mot":-1,"pie":-1,"uto":-1,"uwr":-1},"geometry":{"type":"Point","coordinates":[19.021472,54.055222]}},{"type":"Feature","properties":{"ID":107094278,"yr":2018,"dt":"2018-07-03T16:15:00","WOJ":22,"sev":3,"c":[255,0,0,160],"dmg":0,"sli":0,"ser":1,"fat":1,"row":-1,"mot":-1,"pie":-1,"uto":-1,"uwr":-1},"geometry":{"type":"Point","coordinates":[17.685556,54.556389]}},{"type":"Feature","properties":{"ID":107094075,"yr":2018,"dt":"2018-07-09T15:55:00","WOJ":22,"sev":3,"c":[255,0,0,160],"dmg":1,"sli":0,"ser":0,"fat":1,"row":-1,"mot":-1,"pie":-1,"uto":-1,"uwr":-1},"geometry":{"type":"Point","coordinates":[17.08075,54.451361]}},{"type":"Feature","properties":{"ID":107093836,"yr":2018,"dt":"2018-07-09T15:05:00","WOJ":22,"sev":3,"c":[255,0,0,160],"dmg":2,"sli":0,"ser":0,"fat":1,"row":-1,"mot":-1,"pie":-1,"uto":-1,"uwr":-1},"geometry":{"type":"Point","coordinates":[18.318361,54.306389]}},{"type":"Feature","properties":{"ID":107344954,"yr":2018,"dt":"2018-10-04T12:39:00","WOJ":22,"sev":3,"c":[255,0,0,160],"dmg":1,"sli":0,"ser":0,"fat":1,"row":-1,"mot":-1,"pie":-1,"uto":-1,"uwr":-1},"geometry":{"type":"Point","coordinates":[18.588694,53.997194]}},{"type":"Feature","properties":{"ID":107474788,"yr":2018,"dt":"2018-12-02T15:50:00","WOJ":22,"sev":3,"c":[255,0,0,160],"dmg":0,"sli":0,"ser":0,"fat":1,"row":-1,"mot":-1,"pie":-1,"uto":-1,"uwr":-1},"geometry":{"type":"Point","coordinates":[18.057528,54.326583]}},{"type":"Feature","properties":{"ID":107241613,"yr":2018,"dt":"2018-08-29T21:45:00","WOJ":22,"sev":3,"c":[255,0,0,160],"dmg":1,"sli":0,"ser":0,"fat":1,"row":-1,"mot":-1,"pie":3,"uto":-1,"uwr":-1},"geometry":{"type":"Point","coordinates":[16.896361,54.490861]}},{"type":"Feature","properties":{"ID":107327227,"yr":2018,"dt":"2018-09-30T10:07:00","WOJ":22,"sev":3,"c":[255,0,0,160],"dmg":2,"sli":0,"ser":0,"fat":1,"row":-1,"mot":-1,"pie":-1,"uto":-1,"uwr":-1},"geometry":{"type":"Point","coordinates":[18.236389,54.109167]}},{"type":"Feature","properties":{"ID":107107271,"yr":2018,"dt":"2018-07-16T12:05:00","WOJ":22,"sev":3,"c":[255,0,0,160],"dmg":1,"sli":0,"ser":0,"fat":1,"row":-1,"mot":-1,"pie":-1,"uto":-1,"uwr":-1},"geometry":{"type":"Point","coordinates":[18.761306,53.942306]}},{"type":"Feature","properties":{"ID":107502265,"yr":2018,"dt":"2018-12-15T19:05:00","WOJ":22,"sev":3,"c":[255,0,0,160],"dmg":1,"sli":0,"ser":0,"fat":1,"row":3,"mot":-1,"pie":-1,"uto":-1,"uwr":-1},"geometry":{"type":"Point","coordinates":[18.13,54.089444]}},{"type":"Feature","properties":{"ID":107327740,"yr":2018,"dt":"2018-09-30T21:20:00","WOJ":22,"sev":3,"c":[255,0,0,160],"dmg":1,"sli":0,"ser":0,"fat":1,"row":-1,"mot":-1,"pie":3,"uto":-1,"uwr":-1},"geometry":{"type":"Point","coordinates":[17.905278,54.082778]}},{"type":"Feature","properties":{"ID":107281982,"yr":2018,"dt":"2018-09-14T07:30:00","WOJ":22,"sev":3,"c":[255,0,0,160],"dmg":2,"sli":0,"ser":0,"fat":1,"row":-1,"mot":-1,"pie":-1,"uto":-1,"uwr":-1},"geometry":{"type":"Point","coordinates":[19.175639,54.048889]}},{"type":"Feature","properties":{"ID":107276656,"yr":2018,"dt":"2018-09-12T07:48:00","WOJ":22,"sev":3,"c":[255,0,0,160],"dmg":1,"sli":0,"ser":0,"fat":1,"row":3,"mot":-1,"pie":-1,"uto":-1,"uwr":-1},"geometry":{"type":"Point","coordinates":[18.646111,54.405278]}},{"type":"Feature","properties":{"ID":107486660,"yr":2018,"dt":"2018-12-08T20:50:00","WOJ":22,"sev":3,"c":[255,0,0,160],"dmg":0,"sli":1,"ser":0,"fat":1,"row":-1,"mot":-1,"pie":-1,"uto":-1,"uwr":-1},"geometry":{"type":"Point","coordinates":[18.369389,54.052944]}},{"type":"Feature","properties":{"ID":107134009,"yr":2018,"dt":"2018-07-29T19:45:00","WOJ":22,"sev":3,"c":[255,0,0,160],"dmg":0,"sli":0,"ser":4,"fat":1,"row":-1,"mot":-1,"pie":-1,"uto":-1,"uwr":-1},"geometry":{"type":"Point","coordinates":[17.488833,54.56075]}},{"type":"Feature","properties":{"ID":107104970,"yr":2018,"dt":"2018-07-14T16:27:00","WOJ":22,"sev":3,"c":[255,0,0,160],"dmg":1,"sli":0,"ser":0,"fat":1,"row":-1,"mot":3,"pie":-1,"uto":-1,"uwr":-1},"geometry":{"type":"Point","coordinates":[18.104861,54.736056]}},{"type":"Feature","properties":{"ID":107154017,"yr":2018,"dt":"2018-08-06T04:27:00","WOJ":22,"sev":3,"c":[255,0,0,160],"dmg":1,"sli":0,"ser":0,"fat":1,"row":-1,"mot":-1,"pie":-1,"uto":-1,"uwr":-1},"geometry":{"type":"Point","coordinates":[17.134333,53.753278]}},{"type":"Feature","properties":{"ID":107286543,"yr":2018,"dt":"2018-09-16T18:27:00","WOJ":22,"sev":3,"c":[255,0,0,160],"dmg":1,"sli":0,"ser":0,"fat":1,"row":-1,"mot":-1,"pie":-1,"uto":-1,"uwr":-1},"geometry":{"type":"Point","coordinates":[17.633083,54.418444]}},{"type":"Feature","properties":{"ID":107354954,"yr":2018,"dt":"2018-10-07T16:20:00","WOJ":22,"sev":3,"c":[255,0,0,160],"dmg":0,"sli":0,"ser":0,"fat":1,"row":-1,"mot":-1,"pie":-1,"uto":-1,"uwr":-1},"geometry":{"type":"Point","coordinates":[17.837667,54.627194]}},{"type":"Feature","properties":{"ID":107353405,"yr":2018,"dt":"2018-10-07T02:20:00","WOJ":22,"sev":3,"c":[255,0,0,160],"dmg":0,"sli":1,"ser":0,"fat":1,"row":-1,"mot":-1,"pie":-1,"uto":-1,"uwr":-1},"geometry":{"type":"Point","coordinates":[16.819917,54.491389]}},{"type":"Feature","properties":{"ID":107488590,"yr":2018,"dt":"2018-12-10T11:25:00","WOJ":22,"sev":3,"c":[255,0,0,160],"dmg":1,"sli":0,"ser":0,"fat":1,"row":-1,"mot":-1,"pie":-1,"uto":-1,"uwr":-1},"geometry":{"type":"Point","coordinates":[17.249417,53.629306]}},{"type":"Feature","properties":{"ID":107103143,"yr":2018,"dt":"2018-07-13T23:47:00","WOJ":22,"sev":3,"c":[255,0,0,160],"dmg":1,"sli":0,"ser":0,"fat":1,"row":-1,"mot":-1,"pie":3,"uto":-1,"uwr":-1},"geometry":{"type":"Point","coordinates":[18.590167,54.388]}},{"type":"Feature","properties":{"ID":107241320,"yr":2018,"dt":"2018-08-29T14:25:00","WOJ":22,"sev":3,"c":[255,0,0,160],"dmg":2,"sli":0,"ser":0,"fat":1,"row":-1,"mot":3,"pie":-1,"uto":-1,"uwr":-1},"geometry":{"type":"Point","coordinates":[18.262833,54.363389]}},{"type":"Feature","properties":{"ID":107166415,"yr":2018,"dt":"2018-08-10T05:15:00","WOJ":22,"sev":3,"c":[255,0,0,160],"dmg":0,"sli":0,"ser":0,"fat":1,"row":-1,"mot":-1,"pie":-1,"uto":-1,"uwr":-1},"geometry":{"type":"Point","coordinates":[19.158917,53.986667]}},{"type":"Feature","properties":{"ID":107399806,"yr":2018,"dt":"2018-10-24T14:25:00","WOJ":22,"sev":3,"c":[255,0,0,160],"dmg":0,"sli":0,"ser":1,"fat":1,"row":-1,"mot":-1,"pie":-1,"uto":-1,"uwr":-1},"geometry":{"type":"Point","coordinates":[17.000389,54.404694]}},{"type":"Feature","properties":{"ID":107464568,"yr":2018,"dt":"2018-11-27T16:33:00","WOJ":22,"sev":3,"c":[255,0,0,160],"dmg":1,"sli":2,"ser":0,"fat":3,"row":-1,"mot":-1,"pie":-1,"uto":-1,"uwr":-1},"geometry":{"type":"Point","coordinates":[17.427111,53.641667]}},{"type":"Feature","properties":{"ID":107362367,"yr":2018,"dt":"2018-10-09T17:08:00","WOJ":22,"sev":3,"c":[255,0,0,160],"dmg":0,"sli":0,"ser":0,"fat":1,"row":-1,"mot":3,"pie":-1,"uto":-1,"uwr":-1},"geometry":{"type":"Point","coordinates":[18.283222,54.211611]}},{"type":"Feature","properties":{"ID":107464262,"yr":2018,"dt":"2018-11-27T07:55:00","WOJ":22,"sev":3,"c":[255,0,0,160],"dmg":1,"sli":0,"ser":0,"fat":1,"row":-1,"mot":-1,"pie":3,"uto":-1,"uwr":-1},"geometry":{"type":"Point","coordinates":[18.225472,54.486583]}},{"type":"Feature","properties":{"ID":107490525,"yr":2018,"dt":"2018-12-10T17:10:00","WOJ":22,"sev":3,"c":[255,0,0,160],"dmg":0,"sli":0,"ser":0,"fat":1,"row":-1,"mot":-1,"pie":-1,"uto":-1,"uwr":-1},"geometry":{"type":"Point","coordinates":[17.131333,54.412472]}},{"type":"Feature","properties":{"ID":107104420,"yr":2018,"dt":"2018-07-13T06:55:00","WOJ":22,"sev":3,"c":[255,0,0,160],"dmg":0,"sli":0,"ser":0,"fat":1,"row":-1,"mot":-1,"pie":-1,"uto":-1,"uwr":-1},"geometry":{"type":"Point","coordinates":[18.465556,54.488333]}},{"type":"Feature","properties":{"ID":107123457,"yr":2018,"dt":"2018-07-24T16:00:00","WOJ":22,"sev":3,"c":[255,0,0,160],"dmg":0,"sli":2,"ser":1,"fat":2,"row":-1,"mot":-1,"pie":-1,"uto":-1,"uwr":-1},"geometry":{"type":"Point","coordinates":[18.668222,54.31075]}},{"type":"Feature","properties":{"ID":107391563,"yr":2018,"dt":"2018-10-20T19:34:00","WOJ":22,"sev":3,"c":[255,0,0,160],"dmg":2,"sli":0,"ser":0,"fat":1,"row":-1,"mot":-1,"pie":-1,"uto":-1,"uwr":-1},"geometry":{"type":"Point","coordinates":[18.254361,54.583833]}},{"type":"Feature","properties":{"ID":107488249,"yr":2018,"dt":"2018-12-10T04:42:00","WOJ":22,"sev":3,"c":[255,0,0,160],"dmg":1,"sli":0,"ser":0,"fat":1,"row":-1,"mot":-1,"pie":3,"uto":-1,"uwr":-1},"geometry":{"type":"Point","coordinates":[18.773361,54.104361]}},{"type":"Feature","properties":{"ID":107355204,"yr":2018,"dt":"2018-10-07T22:57:00","WOJ":22,"sev":3,"c":[255,0,0,160],"dmg":0,"sli":0,"ser":0,"fat":2,"row":-1,"mot":-1,"pie":-1,"uto":-1,"uwr":-1},"geometry":{"type":"Point","coordinates":[16.9735,54.478278]}},{"type":"Feature","properties":{"ID":107435264,"yr":2018,"dt":"2018-11-09T21:25:00","WOJ":22,"sev":3,"c":[255,0,0,160],"dmg":1,"sli":0,"ser":0,"fat":1,"row":-1,"mot":-1,"pie":3,"uto":-1,"uwr":-1},"geometry":{"type":"Point","coordinates":[18.422472,53.843944]}},{"type":"Feature","properties":{"ID":107223027,"yr":2018,"dt":"2018-08-23T09:10:00","WOJ":22,"sev":3,"c":[255,0,0,160],"dmg":1,"sli":0,"ser":0,"fat":1,"row":-1,"mot":-1,"pie":-1,"uto":-1,"uwr":-1},"geometry":{"type":"Point","coordinates":[18.355917,54.172778]}},{"type":"Feature","properties":{"ID":107477148,"yr":2018,"dt":"2018-12-04T07:35:00","WOJ":22,"sev":3,"c":[255,0,0,160],"dmg":0,"sli":1,"ser":0,"fat":1,"row":-1,"mot":-1,"pie":-1,"uto":-1,"uwr":-1},"geometry":{"type":"Point","coordinates":[18.612222,54.404167]}},{"type":"Feature","properties":{"ID":107401250,"yr":2018,"dt":"2018-10-25T09:45:00","WOJ":22,"sev":3,"c":[255,0,0,160],"dmg":0,"sli":1,"ser":0,"fat":1,"row":-1,"mot":-1,"pie":-1,"uto":-1,"uwr":-1},"geometry":{"type":"Point","coordinates":[18.381389,54.243611]}},{"type":"Feature","properties":{"ID":107105202,"yr":2018,"dt":"2018-07-15T10:09:00","WOJ":22,"sev":3,"c":[255,0,0,160],"dmg":1,"sli":0,"ser":0,"fat":1,"row":-1,"mot":-1,"pie":-1,"uto":-1,"uwr":-1},"geometry":{"type":"Point","coordinates":[16.979972,54.101028]}},{"type":"Feature","properties":{"ID":107455019,"yr":2018,"dt":"2018-11-22T06:25:00","WOJ":22,"sev":3,"c":[255,0,0,160],"dmg":2,"sli":0,"ser":0,"fat":1,"row":3,"mot":-1,"pie":-1,"uto":-1,"uwr":-1},"geometry":{"type":"Point","coordinates":[19.198444,53.769167]}},{"type":"Feature","properties":{"ID":107398368,"yr":2018,"dt":"2018-10-20T13:15:00","WOJ":22,"sev":3,"c":[255,0,0,160],"dmg":0,"sli":0,"ser":0,"fat":1,"row":-1,"mot":-1,"pie":-1,"uto":-1,"uwr":-1},"geometry":{"type":"Point","coordinates":[17.423639,54.058]}},{"type":"Feature","properties":{"ID":107518605,"yr":2018,"dt":"2018-12-20T14:20:00","WOJ":22,"sev":3,"c":[255,0,0,160],"dmg":1,"sli":0,"ser":0,"fat":1,"row":-1,"mot":-1,"pie":3,"uto":-1,"uwr":-1},"geometry":{"type":"Point","coordinates":[19.024861,53.725861]}},{"type":"Feature","properties":{"ID":107119052,"yr":2018,"dt":"2018-07-22T21:22:00","WOJ":22,"sev":3,"c":[255,0,0,160],"dmg":0,"sli":0,"ser":0,"fat":2,"row":-1,"mot":3,"pie":-1,"uto":-1,"uwr":-1},"geometry":{"type":"Point","coordinates":[17.616694,54.103028]}},{"type":"Feature","properties":{"ID":107516112,"yr":2018,"dt":"2018-12-20T07:46:00","WOJ":22,"sev":3,"c":[255,0,0,160],"dmg":0,"sli":0,"ser":0,"fat":1,"row":-1,"mot":-1,"pie":-1,"uto":-1,"uwr":-1},"geometry":{"type":"Point","coordinates":[17.563611,54.158944]}},{"type":"Feature","properties":{"ID":107147717,"yr":2018,"dt":"2018-08-03T20:49:00","WOJ":22,"sev":3,"c":[255,0,0,160],"dmg":0,"sli":1,"ser":0,"fat":1,"row":-1,"mot":-1,"pie":-1,"uto":-1,"uwr":-1},"geometry":{"type":"Point","coordinates":[17.953722,54.305278]}},{"type":"Feature","properties":{"ID":107520884,"yr":2018,"dt":"2018-12-21T05:59:00","WOJ":22,"sev":3,"c":[255,0,0,160],"dmg":0,"sli":0,"ser":0,"fat":1,"row":-1,"mot":-1,"pie":-1,"uto":-1,"uwr":-1},"geometry":{"type":"Point","coordinates":[18.025,54.679361]}},{"type":"Feature","properties":{"ID":107365451,"yr":2018,"dt":"2018-10-10T13:50:00","WOJ":22,"sev":3,"c":[255,0,0,160],"dmg":1,"sli":0,"ser":0,"fat":1,"row":-1,"mot":-1,"pie":-1,"uto":-1,"uwr":-1},"geometry":{"type":"Point","coordinates":[19.020694,54.164889]}},{"type":"Feature","properties":{"ID":107392958,"yr":2018,"dt":"2018-10-21T13:42:00","WOJ":22,"sev":3,"c":[255,0,0,160],"dmg":0,"sli":1,"ser":0,"fat":1,"row":-1,"mot":-1,"pie":-1,"uto":-1,"uwr":-1},"geometry":{"type":"Point","coordinates":[17.401972,53.751722]}},{"type":"Feature","properties":{"ID":107413417,"yr":2018,"dt":"2018-10-30T09:15:00","WOJ":22,"sev":3,"c":[255,0,0,160],"dmg":0,"sli":0,"ser":0,"fat":2,"row":-1,"mot":-1,"pie":-1,"uto":-1,"uwr":-1},"geometry":{"type":"Point","coordinates":[18.840167,53.849056]}},{"type":"Feature","properties":{"ID":107340384,"yr":2018,"dt":"2018-10-03T09:29:00","WOJ":22,"sev":3,"c":[255,0,0,160],"dmg":1,"sli":0,"ser":0,"fat":1,"row":-1,"mot":-1,"pie":3,"uto":-1,"uwr":-1},"geometry":{"type":"Point","coordinates":[17.549639,54.103972]}},{"type":"Feature","properties":{"ID":107493512,"yr":2018,"dt":"2018-12-12T09:25:00","WOJ":22,"sev":3,"c":[255,0,0,160],"dmg":1,"sli":0,"ser":0,"fat":1,"row":-1,"mot":-1,"pie":3,"uto":-1,"uwr":-1},"geometry":{"type":"Point","coordinates":[18.612778,54.325556]}},{"type":"Feature","properties":{"ID":107284367,"yr":2018,"dt":"2018-09-14T18:53:00","WOJ":22,"sev":3,"c":[255,0,0,160],"dmg":1,"sli":0,"ser":0,"fat":1,"row":-1,"mot":3,"pie":-1,"uto":-1,"uwr":-1},"geometry":{"type":"Point","coordinates":[18.043583,54.569444]}},{"type":"Feature","properties":{"ID":107468658,"yr":2018,"dt":"2018-11-29T21:50:00","WOJ":22,"sev":3,"c":[255,0,0,160],"dmg":1,"sli":0,"ser":0,"fat":1,"row":-1,"mot":-1,"pie":3,"uto":-1,"uwr":-1},"geometry":{"type":"Point","coordinates":[17.197833,54.465667]}},{"type":"Feature","properties":{"ID":107402494,"yr":2018,"dt":"2018-10-26T07:50:00","WOJ":22,"sev":3,"c":[255,0,0,160],"dmg":0,"sli":0,"ser":0,"fat":1,"row":-1,"mot":-1,"pie":-1,"uto":-1,"uwr":-1},"geometry":{"type":"Point","coordinates":[18.629528,53.825722]}},{"type":"Feature","properties":{"ID":107164130,"yr":2018,"dt":"2018-08-09T13:45:00","WOJ":22,"sev":3,"c":[255,0,0,160],"dmg":1,"sli":0,"ser":1,"fat":1,"row":-1,"mot":-1,"pie":-1,"uto":-1,"uwr":-1},"geometry":{"type":"Point","coordinates":[17.3715,54.163222]}},{"type":"Feature","properties":{"ID":106658787,"yr":2018,"dt":"2018-01-03T16:30:00","WOJ":22,"sev":3,"c":[255,0,0,160],"dmg":1,"sli":0,"ser":0,"fat":1,"row":-1,"mot":-1,"pie":3,"uto":-1,"uwr":-1},"geometry":{"type":"Point","coordinates":[18.366056,54.347333]}},{"type":"Feature","properties":{"ID":107481974,"yr":2018,"dt":"2018-12-05T22:25:00","WOJ":22,"sev":3,"c":[255,0,0,160],"dmg":2,"sli":0,"ser":0,"fat":1,"row":-1,"mot":-1,"pie":3,"uto":-1,"uwr":-1},"geometry":{"type":"Point","coordinates":[17.861833,54.572111]}},{"type":"Feature","properties":{"ID":107495149,"yr":2018,"dt":"2018-12-12T17:08:00","WOJ":22,"sev":3,"c":[255,0,0,160],"dmg":1,"sli":0,"ser":1,"fat":1,"row":-1,"mot":-1,"pie":3,"uto":-1,"uwr":-1},"geometry":{"type":"Point","coordinates":[18.494667,54.563]}},{"type":"Feature","properties":{"ID":107159821,"yr":2018,"dt":"2018-08-07T17:15:00","WOJ":22,"sev":3,"c":[255,0,0,160],"dmg":1,"sli":0,"ser":0,"fat":1,"row":-1,"mot":-1,"pie":3,"uto":-1,"uwr":-1},"geometry":{"type":"Point","coordinates":[18.254944,54.603667]}},{"type":"Feature","properties":{"ID":107131377,"yr":2018,"dt":"2018-07-29T21:18:00","WOJ":22,"sev":3,"c":[255,0,0,160],"dmg":1,"sli":0,"ser":0,"fat":1,"row":-1,"mot":-1,"pie":3,"uto":-1,"uwr":-1},"geometry":{"type":"Point","coordinates":[18.515,54.548889]}},{"type":"Feature","properties":{"ID":107211022,"yr":2018,"dt":"2018-08-22T13:25:00","WOJ":22,"sev":3,"c":[255,0,0,160],"dmg":1,"sli":0,"ser":0,"fat":1,"row":3,"mot":-1,"pie":-1,"uto":-1,"uwr":-1},"geometry":{"type":"Point","coordinates":[18.628833,53.785111]}},{"type":"Feature","properties":{"ID":107425198,"yr":2018,"dt":"2018-11-05T03:00:00","WOJ":22,"sev":3,"c":[255,0,0,160],"dmg":1,"sli":1,"ser":0,"fat":1,"row":-1,"mot":-1,"pie":-1,"uto":-1,"uwr":-1},"geometry":{"type":"Point","coordinates":[18.855083,54.054806]}},{"type":"Feature","properties":{"ID":107327773,"yr":2018,"dt":"2018-09-30T19:40:00","WOJ":22,"sev":3,"c":[255,0,0,160],"dmg":1,"sli":0,"ser":0,"fat":1,"row":-1,"mot":-1,"pie":3,"uto":-1,"uwr":-1},"geometry":{"type":"Point","coordinates":[18.645556,54.355]}},{"type":"Feature","properties":{"ID":107331814,"yr":2018,"dt":"2018-10-01T12:26:00","WOJ":22,"sev":3,"c":[255,0,0,160],"dmg":1,"sli":0,"ser":0,"fat":1,"row":-1,"mot":-1,"pie":3,"uto":-1,"uwr":-1},"geometry":{"type":"Point","coordinates":[18.409278,54.718306]}},{"type":"Feature","properties":{"ID":107154878,"yr":2018,"dt":"2018-08-06T14:03:00","WOJ":22,"sev":3,"c":[255,0,0,160],"dmg":1,"sli":0,"ser":1,"fat":1,"row":-1,"mot":3,"pie":-1,"uto":-1,"uwr":-1},"geometry":{"type":"Point","coordinates":[17.334,53.682917]}},{"type":"Feature","properties":{"ID":107420172,"yr":2018,"dt":"2018-11-02T18:48:00","WOJ":22,"sev":3,"c":[255,0,0,160],"dmg":1,"sli":0,"ser":0,"fat":1,"row":-1,"mot":-1,"pie":3,"uto":-1,"uwr":-1},"geometry":{"type":"Point","coordinates":[18.47,54.542778]}},{"type":"Feature","properties":{"ID":107427414,"yr":2018,"dt":"2018-11-05T15:28:00","WOJ":22,"sev":3,"c":[255,0,0,160],"dmg":1,"sli":0,"ser":0,"fat":1,"row":-1,"mot":-1,"pie":3,"uto":-1,"uwr":-1},"geometry":{"type":"Point","coordinates":[18.366333,54.351556]}},{"type":"Feature","properties":{"ID":106657639,"yr":2018,"dt":"2018-01-05T06:54:00","WOJ":22,"sev":3,"c":[255,0,0,160],"dmg":1,"sli":0,"ser":0,"fat":1,"row":-1,"mot":-1,"pie":3,"uto":-1,"uwr":-1},"geometry":{"type":"Point","coordinates":[18.542583,54.519333]}},{"type":"Feature","properties":{"ID":107355505,"yr":2018,"dt":"2018-10-08T07:32:00","WOJ":22,"sev":3,"c":[255,0,0,160],"dmg":0,"sli":0,"ser":0,"fat":1,"row":-1,"mot":-1,"pie":-1,"uto":-1,"uwr":-1},"geometry":{"type":"Point","coordinates":[18.555083,54.466139]}},{"type":"Feature","properties":{"ID":107379003,"yr":2018,"dt":"2018-10-14T19:16:00","WOJ":22,"sev":3,"c":[255,0,0,160],"dmg":1,"sli":0,"ser":0,"fat":1,"row":-1,"mot":3,"pie":-1,"uto":-1,"uwr":-1},"geometry":{"type":"Point","coordinates":[18.273833,54.602639]}},{"type":"Feature","properties":{"ID":107449408,"yr":2018,"dt":"2018-11-19T05:50:00","WOJ":22,"sev":3,"c":[255,0,0,160],"dmg":1,"sli":0,"ser":0,"fat":1,"row":-1,"mot":-1,"pie":3,"uto":-1,"uwr":-1},"geometry":{"type":"Point","coordinates":[18.136083,54.602]}},{"type":"Feature","properties":{"ID":107412717,"yr":2018,"dt":"2018-10-29T21:00:00","WOJ":22,"sev":3,"c":[255,0,0,160],"dmg":0,"sli":0,"ser":0,"fat":1,"row":-1,"mot":3,"pie":-1,"uto":-1,"uwr":-1},"geometry":{"type":"Point","coordinates":[17.566944,53.678056]}},{"type":"Feature","properties":{"ID":107473126,"yr":2018,"dt":"2018-12-01T22:01:00","WOJ":22,"sev":3,"c":[255,0,0,160],"dmg":0,"sli":0,"ser":1,"fat":1,"row":-1,"mot":-1,"pie":-1,"uto":-1,"uwr":-1},"geometry":{"type":"Point","coordinates":[18.183611,54.140833]}},{"type":"Feature","properties":{"ID":107317395,"yr":2018,"dt":"2018-09-27T10:35:00","WOJ":22,"sev":3,"c":[255,0,0,160],"dmg":1,"sli":0,"ser":0,"fat":1,"row":-1,"mot":-1,"pie":-1,"uto":-1,"uwr":-1},"geometry":{"type":"Point","coordinates":[18.213333,54.134444]}},{"type":"Feature","properties":{"ID":107171919,"yr":2018,"dt":"2018-08-11T14:14:00","WOJ":22,"sev":3,"c":[255,0,0,160],"dmg":1,"sli":0,"ser":0,"fat":1,"row":-1,"mot":3,"pie":-1,"uto":-1,"uwr":-1},"geometry":{"type":"Point","coordinates":[18.085194,54.581306]}},{"type":"Feature","properties":{"ID":107409882,"yr":2018,"dt":"2018-10-28T19:36:00","WOJ":22,"sev":3,"c":[255,0,0,160],"dmg":2,"sli":1,"ser":0,"fat":1,"row":-1,"mot":-1,"pie":-1,"uto":-1,"uwr":-1},"geometry":{"type":"Point","coordinates":[17.205111,53.62]}}]}