{
"type": "FeatureCollection",
"name": "accidents_2022_ŚWIĘTOKRZYSKIE",
"crs": { "type": "name", "properties": { "name": "urn:ogc:def:crs:OGC:1.3:CRS84" } },
"features": [
{ "type": "Feature", "properties": { "ID": 119768174, "yr": 2022, "dt": "2022-01-23T23:45:03", "WOJ": 26, "sev": 1, "c": [ 255, 255, 0, 160 ], "dmg": 1, "sli": 1, "ser": 0, "fat": 0, "row": -1, "mot": -1, "pie": -1, "uto": -1, "uwr": -1 }, "geometry": { "type": "Point", "coordinates": [ 20.473056, 50.280417 ] } },
{ "type": "Feature", "properties": { "ID": 119768163, "yr": 2022, "dt": "2022-01-23T20:50:00", "WOJ": 26, "sev": 1, "c": [ 255, 255, 0, 160 ], "dmg": 1, "sli": 2, "ser": 0, "fat": 0, "row": -1, "mot": -1, "pie": -1, "uto": -1, "uwr": -1 }, "geometry": { "type": "Point", "coordinates": [ 20.619944, 50.78725 ] } },
{ "type": "Feature", "properties": { "ID": 119182849, "yr": 2022, "dt": "2022-01-20T08:50:00", "WOJ": 26, "sev": 1, "c": [ 255, 255, 0, 160 ], "dmg": 2, "sli": 3, "ser": 0, "fat": 0, "row": -1, "mot": -1, "pie": -1, "uto": -1, "uwr": -1 }, "geometry": { "type": "Point", "coordinates": [ 20.620139, 50.874944 ] } },
{ "type": "Feature", "properties": { "ID": 119141820, "yr": 2022, "dt": "2022-01-20T10:47:16", "WOJ": 26, "sev": 1, "c": [ 255, 255, 0, 160 ], "dmg": 2, "sli": 1, "ser": 0, "fat": 0, "row": -1, "mot": -1, "pie": -1, "uto": -1, "uwr": -1 }, "geometry": { "type": "Point", "coordinates": [ 20.445581, 50.481232 ] } },
{ "type": "Feature", "properties": { "ID": 118941846, "yr": 2022, "dt": "2022-01-17T06:50:00", "WOJ": 26, "sev": 1, "c": [ 255, 255, 0, 160 ], "dmg": 1, "sli": 1, "ser": 0, "fat": 0, "row": -1, "mot": -1, "pie": 1, "uto": -1, "uwr": -1 }, "geometry": { "type": "Point", "coordinates": [ 20.544139, 50.961333 ] } },
{ "type": "Feature", "properties": { "ID": 121745417, "yr": 2022, "dt": "2022-08-11T10:15:00", "WOJ": 26, "sev": 1, "c": [ 255, 255, 0, 160 ], "dmg": 1, "sli": 1, "ser": 0, "fat": 0, "row": -1, "mot": -1, "pie": -1, "uto": -1, "uwr": -1 }, "geometry": { "type": "Point", "coordinates": [ 20.621472, 50.868306 ] } },
{ "type": "Feature", "properties": { "ID": 121730397, "yr": 2022, "dt": "2022-08-10T08:02:06", "WOJ": 26, "sev": 1, "c": [ 255, 255, 0, 160 ], "dmg": 1, "sli": 1, "ser": 0, "fat": 0, "row": -1, "mot": -1, "pie": -1, "uto": -1, "uwr": -1 }, "geometry": { "type": "Point", "coordinates": [ 20.502556, 50.706028 ] } },
{ "type": "Feature", "properties": { "ID": 121673769, "yr": 2022, "dt": "2022-08-09T06:40:00", "WOJ": 26, "sev": 1, "c": [ 255, 255, 0, 160 ], "dmg": 1, "sli": 1, "ser": 0, "fat": 0, "row": -1, "mot": -1, "pie": 1, "uto": -1, "uwr": -1 }, "geometry": { "type": "Point", "coordinates": [ 20.620139, 50.868417 ] } },
{ "type": "Feature", "properties": { "ID": 121674118, "yr": 2022, "dt": "2022-08-09T10:58:40", "WOJ": 26, "sev": 1, "c": [ 255, 255, 0, 160 ], "dmg": 1, "sli": 1, "ser": 0, "fat": 0, "row": -1, "mot": -1, "pie": -1, "uto": -1, "uwr": -1 }, "geometry": { "type": "Point", "coordinates": [ 21.348556, 50.770333 ] } },
{ "type": "Feature", "properties": { "ID": 121617259, "yr": 2022, "dt": "2022-08-08T12:42:30", "WOJ": 26, "sev": 1, "c": [ 255, 255, 0, 160 ], "dmg": 2, "sli": 1, "ser": 0, "fat": 0, "row": 1, "mot": -1, "pie": -1, "uto": -1, "uwr": -1 }, "geometry": { "type": "Point", "coordinates": [ 21.363944, 50.936333 ] } },
{ "type": "Feature", "properties": { "ID": 121637380, "yr": 2022, "dt": "2022-08-05T08:56:00", "WOJ": 26, "sev": 1, "c": [ 255, 255, 0, 160 ], "dmg": 1, "sli": 1, "ser": 0, "fat": 0, "row": 1, "mot": -1, "pie": -1, "uto": -1, "uwr": -1 }, "geometry": { "type": "Point", "coordinates": [ 21.007528, 50.870556 ] } },
{ "type": "Feature", "properties": { "ID": 121438995, "yr": 2022, "dt": "2022-08-05T19:15:00", "WOJ": 26, "sev": 1, "c": [ 255, 255, 0, 160 ], "dmg": 1, "sli": 1, "ser": 0, "fat": 0, "row": -1, "mot": -1, "pie": 1, "uto": -1, "uwr": -1 }, "geometry": { "type": "Point", "coordinates": [ 20.823278, 50.882389 ] } },
{ "type": "Feature", "properties": { "ID": 121316533, "yr": 2022, "dt": "2022-08-03T13:52:00", "WOJ": 26, "sev": 1, "c": [ 255, 255, 0, 160 ], "dmg": 1, "sli": 2, "ser": 0, "fat": 0, "row": -1, "mot": -1, "pie": 1, "uto": -1, "uwr": -1 }, "geometry": { "type": "Point", "coordinates": [ 20.881306, 50.906333 ] } },
{ "type": "Feature", "properties": { "ID": 121199831, "yr": 2022, "dt": "2022-08-02T15:18:31", "WOJ": 26, "sev": 1, "c": [ 255, 255, 0, 160 ], "dmg": 0, "sli": 1, "ser": 0, "fat": 0, "row": 1, "mot": -1, "pie": -1, "uto": -1, "uwr": -1 }, "geometry": { "type": "Point", "coordinates": [ 21.639, 50.750389 ] } },
{ "type": "Feature", "properties": { "ID": 121158148, "yr": 2022, "dt": "2022-08-01T13:47:34", "WOJ": 26, "sev": 1, "c": [ 255, 255, 0, 160 ], "dmg": 1, "sli": 1, "ser": 0, "fat": 0, "row": -1, "mot": -1, "pie": -1, "uto": -1, "uwr": -1 }, "geometry": { "type": "Point", "coordinates": [ 21.712722, 51.003694 ] } },
{ "type": "Feature", "properties": { "ID": 121161256, "yr": 2022, "dt": "2022-08-01T15:00:00", "WOJ": 26, "sev": 1, "c": [ 255, 255, 0, 160 ], "dmg": 1, "sli": 2, "ser": 0, "fat": 0, "row": -1, "mot": -1, "pie": -1, "uto": -1, "uwr": -1 }, "geometry": { "type": "Point", "coordinates": [ 21.059472, 50.976917 ] } },
{ "type": "Feature", "properties": { "ID": 119768790, "yr": 2022, "dt": "2022-01-25T11:31:11", "WOJ": 26, "sev": 1, "c": [ 255, 255, 0, 160 ], "dmg": 1, "sli": 1, "ser": 0, "fat": 0, "row": -1, "mot": -1, "pie": -1, "uto": -1, "uwr": -1 }, "geometry": { "type": "Point", "coordinates": [ 20.314556, 50.61125 ] } },
{ "type": "Feature", "properties": { "ID": 120310225, "yr": 2022, "dt": "2022-01-24T06:45:00", "WOJ": 26, "sev": 1, "c": [ 255, 255, 0, 160 ], "dmg": 1, "sli": 1, "ser": 0, "fat": 0, "row": 1, "mot": -1, "pie": -1, "uto": -1, "uwr": -1 }, "geometry": { "type": "Point", "coordinates": [ 21.15081, 50.85577 ] } },
{ "type": "Feature", "properties": { "ID": 124341943, "yr": 2022, "dt": "2022-12-28T05:51:09", "WOJ": 26, "sev": 1, "c": [ 255, 255, 0, 160 ], "dmg": 1, "sli": 1, "ser": 0, "fat": 0, "row": -1, "mot": -1, "pie": 1, "uto": -1, "uwr": -1 }, "geometry": { "type": "Point", "coordinates": [ 21.388639, 50.944583 ] } },
{ "type": "Feature", "properties": { "ID": 124332018, "yr": 2022, "dt": "2022-12-23T22:13:29", "WOJ": 26, "sev": 1, "c": [ 255, 255, 0, 160 ], "dmg": 0, "sli": 3, "ser": 0, "fat": 0, "row": -1, "mot": -1, "pie": -1, "uto": -1, "uwr": -1 }, "geometry": { "type": "Point", "coordinates": [ 19.986028, 50.834444 ] } },
{ "type": "Feature", "properties": { "ID": 124331988, "yr": 2022, "dt": "2022-12-23T20:29:34", "WOJ": 26, "sev": 1, "c": [ 255, 255, 0, 160 ], "dmg": 1, "sli": 1, "ser": 0, "fat": 0, "row": -1, "mot": -1, "pie": -1, "uto": -1, "uwr": -1 }, "geometry": { "type": "Point", "coordinates": [ 21.635611, 50.808278 ] } },
{ "type": "Feature", "properties": { "ID": 124337338, "yr": 2022, "dt": "2022-12-21T17:30:00", "WOJ": 26, "sev": 1, "c": [ 255, 255, 0, 160 ], "dmg": 1, "sli": 1, "ser": 0, "fat": 0, "row": -1, "mot": -1, "pie": 1, "uto": -1, "uwr": -1 }, "geometry": { "type": "Point", "coordinates": [ 20.85725, 51.117333 ] } },
{ "type": "Feature", "properties": { "ID": 124323697, "yr": 2022, "dt": "2022-12-19T17:21:10", "WOJ": 26, "sev": 1, "c": [ 255, 255, 0, 160 ], "dmg": 1, "sli": 1, "ser": 0, "fat": 0, "row": -1, "mot": -1, "pie": 1, "uto": -1, "uwr": -1 }, "geometry": { "type": "Point", "coordinates": [ 21.317722, 50.699083 ] } },
{ "type": "Feature", "properties": { "ID": 124319071, "yr": 2022, "dt": "2022-12-17T15:15:24", "WOJ": 26, "sev": 1, "c": [ 255, 255, 0, 160 ], "dmg": 1, "sli": 1, "ser": 0, "fat": 0, "row": -1, "mot": -1, "pie": 1, "uto": -1, "uwr": -1 }, "geometry": { "type": "Point", "coordinates": [ 20.453972, 50.939111 ] } },
{ "type": "Feature", "properties": { "ID": 124318961, "yr": 2022, "dt": "2022-12-17T12:49:41", "WOJ": 26, "sev": 1, "c": [ 255, 255, 0, 160 ], "dmg": 2, "sli": 1, "ser": 0, "fat": 0, "row": -1, "mot": -1, "pie": -1, "uto": -1, "uwr": -1 }, "geometry": { "type": "Point", "coordinates": [ 20.348444, 50.675139 ] } },
{ "type": "Feature", "properties": { "ID": 124315223, "yr": 2022, "dt": "2022-12-15T19:20:00", "WOJ": 26, "sev": 1, "c": [ 255, 255, 0, 160 ], "dmg": 1, "sli": 2, "ser": 0, "fat": 0, "row": -1, "mot": -1, "pie": -1, "uto": -1, "uwr": -1 }, "geometry": { "type": "Point", "coordinates": [ 20.748333, 50.768028 ] } },
{ "type": "Feature", "properties": { "ID": 118713235, "yr": 2022, "dt": "2022-01-17T16:06:57", "WOJ": 26, "sev": 1, "c": [ 255, 255, 0, 160 ], "dmg": 2, "sli": 2, "ser": 0, "fat": 0, "row": -1, "mot": -1, "pie": -1, "uto": -1, "uwr": -1 }, "geometry": { "type": "Point", "coordinates": [ 20.310556, 50.622833 ] } },
{ "type": "Feature", "properties": { "ID": 118461829, "yr": 2022, "dt": "2022-01-15T12:29:47", "WOJ": 26, "sev": 1, "c": [ 255, 255, 0, 160 ], "dmg": 1, "sli": 3, "ser": 0, "fat": 0, "row": -1, "mot": -1, "pie": -1, "uto": -1, "uwr": -1 }, "geometry": { "type": "Point", "coordinates": [ 20.671444, 50.438528 ] } },
{ "type": "Feature", "properties": { "ID": 124349922, "yr": 2022, "dt": "2022-12-31T10:50:00", "WOJ": 26, "sev": 1, "c": [ 255, 255, 0, 160 ], "dmg": 1, "sli": 1, "ser": 0, "fat": 0, "row": -1, "mot": -1, "pie": -1, "uto": -1, "uwr": -1 }, "geometry": { "type": "Point", "coordinates": [ 20.159306, 50.665972 ] } },
{ "type": "Feature", "properties": { "ID": 118398818, "yr": 2022, "dt": "2022-01-14T15:30:00", "WOJ": 26, "sev": 1, "c": [ 255, 255, 0, 160 ], "dmg": 1, "sli": 1, "ser": 0, "fat": 0, "row": -1, "mot": -1, "pie": -1, "uto": -1, "uwr": -1 }, "geometry": { "type": "Point", "coordinates": [ 20.579333, 50.882222 ] } },
{ "type": "Feature", "properties": { "ID": 118068819, "yr": 2022, "dt": "2022-01-13T12:51:07", "WOJ": 26, "sev": 1, "c": [ 255, 255, 0, 160 ], "dmg": 1, "sli": 1, "ser": 0, "fat": 0, "row": -1, "mot": -1, "pie": 1, "uto": -1, "uwr": -1 }, "geometry": { "type": "Point", "coordinates": [ 20.887194, 51.112639 ] } },
{ "type": "Feature", "properties": { "ID": 124325511, "yr": 2022, "dt": "2022-12-10T12:58:00", "WOJ": 26, "sev": 1, "c": [ 255, 255, 0, 160 ], "dmg": 2, "sli": 1, "ser": 0, "fat": 0, "row": -1, "mot": -1, "pie": -1, "uto": -1, "uwr": -1 }, "geometry": { "type": "Point", "coordinates": [ 20.642778, 50.845083 ] } },
{ "type": "Feature", "properties": { "ID": 120342970, "yr": 2022, "dt": "2022-02-15T07:55:00", "WOJ": 26, "sev": 1, "c": [ 255, 255, 0, 160 ], "dmg": 1, "sli": 1, "ser": 0, "fat": 0, "row": -1, "mot": -1, "pie": -1, "uto": -1, "uwr": -1 }, "geometry": { "type": "Point", "coordinates": [ 20.452083, 51.009722 ] } },
{ "type": "Feature", "properties": { "ID": 120352839, "yr": 2022, "dt": "2022-02-14T13:18:00", "WOJ": 26, "sev": 1, "c": [ 255, 255, 0, 160 ], "dmg": 2, "sli": 1, "ser": 0, "fat": 0, "row": -1, "mot": -1, "pie": -1, "uto": -1, "uwr": -1 }, "geometry": { "type": "Point", "coordinates": [ 20.642083, 50.866 ] } },
{ "type": "Feature", "properties": { "ID": 120332236, "yr": 2022, "dt": "2022-02-13T11:55:23", "WOJ": 26, "sev": 1, "c": [ 255, 255, 0, 160 ], "dmg": 2, "sli": 1, "ser": 0, "fat": 0, "row": -1, "mot": -1, "pie": -1, "uto": -1, "uwr": -1 }, "geometry": { "type": "Point", "coordinates": [ 20.595722, 50.877 ] } },
{ "type": "Feature", "properties": { "ID": 120327745, "yr": 2022, "dt": "2022-02-12T14:26:51", "WOJ": 26, "sev": 1, "c": [ 255, 255, 0, 160 ], "dmg": 1, "sli": 1, "ser": 0, "fat": 0, "row": -1, "mot": -1, "pie": -1, "uto": -1, "uwr": -1 }, "geometry": { "type": "Point", "coordinates": [ 20.262806, 50.656111 ] } },
{ "type": "Feature", "properties": { "ID": 120322541, "yr": 2022, "dt": "2022-02-10T15:29:00", "WOJ": 26, "sev": 1, "c": [ 255, 255, 0, 160 ], "dmg": 2, "sli": 1, "ser": 0, "fat": 0, "row": -1, "mot": -1, "pie": -1, "uto": -1, "uwr": -1 }, "geometry": { "type": "Point", "coordinates": [ 21.390639, 50.486722 ] } },
{ "type": "Feature", "properties": { "ID": 124276402, "yr": 2022, "dt": "2022-12-05T15:34:04", "WOJ": 26, "sev": 1, "c": [ 255, 255, 0, 160 ], "dmg": 1, "sli": 1, "ser": 0, "fat": 0, "row": -1, "mot": -1, "pie": -1, "uto": -1, "uwr": -1 }, "geometry": { "type": "Point", "coordinates": [ 20.357667, 50.686222 ] } },
{ "type": "Feature", "properties": { "ID": 124284405, "yr": 2022, "dt": "2022-12-05T06:40:00", "WOJ": 26, "sev": 1, "c": [ 255, 255, 0, 160 ], "dmg": 1, "sli": 1, "ser": 0, "fat": 0, "row": -1, "mot": -1, "pie": 1, "uto": -1, "uwr": -1 }, "geometry": { "type": "Point", "coordinates": [ 21.665639, 50.697889 ] } },
{ "type": "Feature", "properties": { "ID": 124260769, "yr": 2022, "dt": "2022-12-03T17:13:00", "WOJ": 26, "sev": 1, "c": [ 255, 255, 0, 160 ], "dmg": 0, "sli": 1, "ser": 0, "fat": 0, "row": -1, "mot": -1, "pie": -1, "uto": -1, "uwr": -1 }, "geometry": { "type": "Point", "coordinates": [ 20.854806, 50.814722 ] } },
{ "type": "Feature", "properties": { "ID": 124257078, "yr": 2022, "dt": "2022-12-02T19:20:00", "WOJ": 26, "sev": 1, "c": [ 255, 255, 0, 160 ], "dmg": 2, "sli": 1, "ser": 0, "fat": 0, "row": -1, "mot": -1, "pie": -1, "uto": -1, "uwr": -1 }, "geometry": { "type": "Point", "coordinates": [ 20.837306, 51.027667 ] } },
{ "type": "Feature", "properties": { "ID": 124257720, "yr": 2022, "dt": "2022-12-02T17:59:35", "WOJ": 26, "sev": 1, "c": [ 255, 255, 0, 160 ], "dmg": 1, "sli": 1, "ser": 0, "fat": 0, "row": -1, "mot": -1, "pie": 1, "uto": -1, "uwr": -1 }, "geometry": { "type": "Point", "coordinates": [ 19.966556, 50.709528 ] } },
{ "type": "Feature", "properties": { "ID": 124257019, "yr": 2022, "dt": "2022-12-02T16:11:36", "WOJ": 26, "sev": 1, "c": [ 255, 255, 0, 160 ], "dmg": 1, "sli": 1, "ser": 0, "fat": 0, "row": -1, "mot": -1, "pie": -1, "uto": -1, "uwr": -1 }, "geometry": { "type": "Point", "coordinates": [ 20.94525, 51.133889 ] } },
{ "type": "Feature", "properties": { "ID": 124255613, "yr": 2022, "dt": "2022-12-01T19:36:44", "WOJ": 26, "sev": 1, "c": [ 255, 255, 0, 160 ], "dmg": 1, "sli": 1, "ser": 0, "fat": 0, "row": -1, "mot": -1, "pie": -1, "uto": -1, "uwr": -1 }, "geometry": { "type": "Point", "coordinates": [ 21.584306, 50.588361 ] } },
{ "type": "Feature", "properties": { "ID": 124254756, "yr": 2022, "dt": "2022-11-30T10:41:00", "WOJ": 26, "sev": 1, "c": [ 255, 255, 0, 160 ], "dmg": 1, "sli": 1, "ser": 0, "fat": 0, "row": -1, "mot": -1, "pie": -1, "uto": -1, "uwr": -1 }, "geometry": { "type": "Point", "coordinates": [ 20.621556, 50.874139 ] } },
{ "type": "Feature", "properties": { "ID": 124253456, "yr": 2022, "dt": "2022-11-29T12:50:00", "WOJ": 26, "sev": 1, "c": [ 255, 255, 0, 160 ], "dmg": 1, "sli": 1, "ser": 0, "fat": 0, "row": 1, "mot": -1, "pie": -1, "uto": -1, "uwr": -1 }, "geometry": { "type": "Point", "coordinates": [ 19.839111, 50.768583 ] } },
{ "type": "Feature", "properties": { "ID": 124244601, "yr": 2022, "dt": "2022-11-28T10:20:00", "WOJ": 26, "sev": 1, "c": [ 255, 255, 0, 160 ], "dmg": 0, "sli": 2, "ser": 0, "fat": 0, "row": -1, "mot": -1, "pie": -1, "uto": -1, "uwr": -1 }, "geometry": { "type": "Point", "coordinates": [ 20.61425, 50.862972 ] } },
{ "type": "Feature", "properties": { "ID": 124245899, "yr": 2022, "dt": "2022-11-27T17:15:00", "WOJ": 26, "sev": 1, "c": [ 255, 255, 0, 160 ], "dmg": 0, "sli": 1, "ser": 0, "fat": 0, "row": -1, "mot": -1, "pie": -1, "uto": -1, "uwr": -1 }, "geometry": { "type": "Point", "coordinates": [ 20.790528, 50.872639 ] } },
{ "type": "Feature", "properties": { "ID": 120389797, "yr": 2022, "dt": "2022-03-09T12:40:00", "WOJ": 26, "sev": 1, "c": [ 255, 255, 0, 160 ], "dmg": 1, "sli": 1, "ser": 0, "fat": 0, "row": -1, "mot": -1, "pie": -1, "uto": -1, "uwr": -1 }, "geometry": { "type": "Point", "coordinates": [ 20.635944, 50.865111 ] } },
{ "type": "Feature", "properties": { "ID": 120386901, "yr": 2022, "dt": "2022-03-08T08:00:00", "WOJ": 26, "sev": 1, "c": [ 255, 255, 0, 160 ], "dmg": 1, "sli": 2, "ser": 0, "fat": 0, "row": -1, "mot": -1, "pie": -1, "uto": -1, "uwr": -1 }, "geometry": { "type": "Point", "coordinates": [ 20.62425, 50.740778 ] } },
{ "type": "Feature", "properties": { "ID": 120389842, "yr": 2022, "dt": "2022-03-08T09:00:00", "WOJ": 26, "sev": 1, "c": [ 255, 255, 0, 160 ], "dmg": 1, "sli": 1, "ser": 0, "fat": 0, "row": -1, "mot": -1, "pie": -1, "uto": -1, "uwr": -1 }, "geometry": { "type": "Point", "coordinates": [ 20.6465, 50.87075 ] } },
{ "type": "Feature", "properties": { "ID": 120384910, "yr": 2022, "dt": "2022-03-07T02:00:00", "WOJ": 26, "sev": 1, "c": [ 255, 255, 0, 160 ], "dmg": 0, "sli": 1, "ser": 0, "fat": 0, "row": -1, "mot": -1, "pie": -1, "uto": -1, "uwr": -1 }, "geometry": { "type": "Point", "coordinates": [ 20.882722, 50.829639 ] } },
{ "type": "Feature", "properties": { "ID": 120383359, "yr": 2022, "dt": "2022-03-07T11:39:27", "WOJ": 26, "sev": 1, "c": [ 255, 255, 0, 160 ], "dmg": 1, "sli": 1, "ser": 0, "fat": 0, "row": -1, "mot": -1, "pie": -1, "uto": -1, "uwr": -1 }, "geometry": { "type": "Point", "coordinates": [ 21.478444, 50.731806 ] } },
{ "type": "Feature", "properties": { "ID": 120374015, "yr": 2022, "dt": "2022-03-03T13:40:00", "WOJ": 26, "sev": 1, "c": [ 255, 255, 0, 160 ], "dmg": 2, "sli": 1, "ser": 0, "fat": 0, "row": -1, "mot": -1, "pie": -1, "uto": -1, "uwr": -1 }, "geometry": { "type": "Point", "coordinates": [ 20.250889, 50.948639 ] } },
{ "type": "Feature", "properties": { "ID": 120374892, "yr": 2022, "dt": "2022-03-03T10:54:50", "WOJ": 26, "sev": 1, "c": [ 255, 255, 0, 160 ], "dmg": 1, "sli": 1, "ser": 0, "fat": 0, "row": 1, "mot": -1, "pie": -1, "uto": -1, "uwr": -1 }, "geometry": { "type": "Point", "coordinates": [ 21.411639, 50.931556 ] } },
{ "type": "Feature", "properties": { "ID": 120383180, "yr": 2022, "dt": "2022-03-03T14:00:00", "WOJ": 26, "sev": 1, "c": [ 255, 255, 0, 160 ], "dmg": 2, "sli": 1, "ser": 0, "fat": 0, "row": -1, "mot": -1, "pie": -1, "uto": -1, "uwr": -1 }, "geometry": { "type": "Point", "coordinates": [ 20.687361, 50.820361 ] } },
{ "type": "Feature", "properties": { "ID": 120383197, "yr": 2022, "dt": "2022-03-03T07:50:00", "WOJ": 26, "sev": 1, "c": [ 255, 255, 0, 160 ], "dmg": 1, "sli": 1, "ser": 0, "fat": 0, "row": -1, "mot": -1, "pie": -1, "uto": -1, "uwr": -1 }, "geometry": { "type": "Point", "coordinates": [ 20.687361, 50.820361 ] } },
{ "type": "Feature", "properties": { "ID": 120365504, "yr": 2022, "dt": "2022-03-01T08:50:00", "WOJ": 26, "sev": 1, "c": [ 255, 255, 0, 160 ], "dmg": 1, "sli": 1, "ser": 0, "fat": 0, "row": -1, "mot": -1, "pie": 1, "uto": -1, "uwr": -1 }, "geometry": { "type": "Point", "coordinates": [ 20.629972, 50.869472 ] } },
{ "type": "Feature", "properties": { "ID": 120364709, "yr": 2022, "dt": "2022-03-01T15:35:00", "WOJ": 26, "sev": 1, "c": [ 255, 255, 0, 160 ], "dmg": 1, "sli": 1, "ser": 0, "fat": 0, "row": -1, "mot": -1, "pie": -1, "uto": -1, "uwr": -1 }, "geometry": { "type": "Point", "coordinates": [ 20.646278, 50.877889 ] } },
{ "type": "Feature", "properties": { "ID": 120363822, "yr": 2022, "dt": "2022-02-27T21:45:00", "WOJ": 26, "sev": 1, "c": [ 255, 255, 0, 160 ], "dmg": 1, "sli": 1, "ser": 0, "fat": 0, "row": -1, "mot": -1, "pie": -1, "uto": -1, "uwr": -1 }, "geometry": { "type": "Point", "coordinates": [ 20.52125, 50.880806 ] } },
{ "type": "Feature", "properties": { "ID": 120353707, "yr": 2022, "dt": "2022-02-24T07:50:00", "WOJ": 26, "sev": 1, "c": [ 255, 255, 0, 160 ], "dmg": 2, "sli": 1, "ser": 0, "fat": 0, "row": -1, "mot": -1, "pie": -1, "uto": -1, "uwr": -1 }, "geometry": { "type": "Point", "coordinates": [ 21.166833, 51.011167 ] } },
{ "type": "Feature", "properties": { "ID": 120357202, "yr": 2022, "dt": "2022-02-22T07:38:05", "WOJ": 26, "sev": 1, "c": [ 255, 255, 0, 160 ], "dmg": 1, "sli": 3, "ser": 0, "fat": 0, "row": -1, "mot": -1, "pie": -1, "uto": -1, "uwr": -1 }, "geometry": { "type": "Point", "coordinates": [ 20.53211, 50.516159 ] } },
{ "type": "Feature", "properties": { "ID": 120355640, "yr": 2022, "dt": "2022-02-21T10:00:00", "WOJ": 26, "sev": 1, "c": [ 255, 255, 0, 160 ], "dmg": 1, "sli": 1, "ser": 0, "fat": 0, "row": -1, "mot": -1, "pie": -1, "uto": -1, "uwr": -1 }, "geometry": { "type": "Point", "coordinates": [ 20.589889, 50.880639 ] } },
{ "type": "Feature", "properties": { "ID": 120354502, "yr": 2022, "dt": "2022-02-18T20:59:11", "WOJ": 26, "sev": 1, "c": [ 255, 255, 0, 160 ], "dmg": 1, "sli": 1, "ser": 0, "fat": 0, "row": -1, "mot": -1, "pie": -1, "uto": -1, "uwr": -1 }, "geometry": { "type": "Point", "coordinates": [ 20.17125, 50.663667 ] } },
{ "type": "Feature", "properties": { "ID": 120420780, "yr": 2022, "dt": "2022-03-17T15:20:00", "WOJ": 26, "sev": 1, "c": [ 255, 255, 0, 160 ], "dmg": 1, "sli": 1, "ser": 0, "fat": 0, "row": 1, "mot": -1, "pie": -1, "uto": -1, "uwr": -1 }, "geometry": { "type": "Point", "coordinates": [ 20.605028, 50.871472 ] } },
{ "type": "Feature", "properties": { "ID": 120402567, "yr": 2022, "dt": "2022-03-15T12:30:00", "WOJ": 26, "sev": 1, "c": [ 255, 255, 0, 160 ], "dmg": 0, "sli": 2, "ser": 0, "fat": 0, "row": -1, "mot": -1, "pie": -1, "uto": -1, "uwr": -1 }, "geometry": { "type": "Point", "coordinates": [ 21.105694, 50.930083 ] } },
{ "type": "Feature", "properties": { "ID": 120398638, "yr": 2022, "dt": "2022-03-14T10:39:00", "WOJ": 26, "sev": 1, "c": [ 255, 255, 0, 160 ], "dmg": 1, "sli": 1, "ser": 0, "fat": 0, "row": -1, "mot": -1, "pie": 1, "uto": -1, "uwr": -1 }, "geometry": { "type": "Point", "coordinates": [ 20.622278, 50.868111 ] } },
{ "type": "Feature", "properties": { "ID": 120406828, "yr": 2022, "dt": "2022-03-14T11:00:00", "WOJ": 26, "sev": 1, "c": [ 255, 255, 0, 160 ], "dmg": 1, "sli": 1, "ser": 0, "fat": 0, "row": -1, "mot": -1, "pie": -1, "uto": -1, "uwr": -1 }, "geometry": { "type": "Point", "coordinates": [ 21.090944, 50.862389 ] } },
{ "type": "Feature", "properties": { "ID": 124234684, "yr": 2022, "dt": "2022-11-24T05:15:51", "WOJ": 26, "sev": 1, "c": [ 255, 255, 0, 160 ], "dmg": 1, "sli": 1, "ser": 0, "fat": 0, "row": -1, "mot": -1, "pie": -1, "uto": -1, "uwr": -1 }, "geometry": { "type": "Point", "coordinates": [ 20.190306, 51.152333 ] } },
{ "type": "Feature", "properties": { "ID": 124234830, "yr": 2022, "dt": "2022-11-24T06:45:00", "WOJ": 26, "sev": 1, "c": [ 255, 255, 0, 160 ], "dmg": 1, "sli": 1, "ser": 0, "fat": 0, "row": -1, "mot": -1, "pie": -1, "uto": -1, "uwr": -1 }, "geometry": { "type": "Point", "coordinates": [ 20.623389, 51.033194 ] } },
{ "type": "Feature", "properties": { "ID": 124239471, "yr": 2022, "dt": "2022-11-24T09:40:00", "WOJ": 26, "sev": 1, "c": [ 255, 255, 0, 160 ], "dmg": 0, "sli": 1, "ser": 0, "fat": 0, "row": -1, "mot": -1, "pie": -1, "uto": -1, "uwr": -1 }, "geometry": { "type": "Point", "coordinates": [ 21.13925, 51.046806 ] } },
{ "type": "Feature", "properties": { "ID": 124235002, "yr": 2022, "dt": "2022-11-24T12:51:18", "WOJ": 26, "sev": 1, "c": [ 255, 255, 0, 160 ], "dmg": 1, "sli": 1, "ser": 0, "fat": 0, "row": -1, "mot": -1, "pie": -1, "uto": -1, "uwr": -1 }, "geometry": { "type": "Point", "coordinates": [ 20.573028, 50.204722 ] } },
{ "type": "Feature", "properties": { "ID": 124220051, "yr": 2022, "dt": "2022-11-18T18:59:58", "WOJ": 26, "sev": 1, "c": [ 255, 255, 0, 160 ], "dmg": 0, "sli": 2, "ser": 0, "fat": 0, "row": -1, "mot": -1, "pie": -1, "uto": -1, "uwr": -1 }, "geometry": { "type": "Point", "coordinates": [ 20.411389, 50.316139 ] } },
{ "type": "Feature", "properties": { "ID": 124219939, "yr": 2022, "dt": "2022-11-18T16:45:00", "WOJ": 26, "sev": 1, "c": [ 255, 255, 0, 160 ], "dmg": 1, "sli": 1, "ser": 0, "fat": 0, "row": -1, "mot": -1, "pie": -1, "uto": -1, "uwr": -1 }, "geometry": { "type": "Point", "coordinates": [ 20.621528, 50.808222 ] } },
{ "type": "Feature", "properties": { "ID": 124221708, "yr": 2022, "dt": "2022-11-18T19:15:00", "WOJ": 26, "sev": 1, "c": [ 255, 255, 0, 160 ], "dmg": 1, "sli": 1, "ser": 0, "fat": 0, "row": -1, "mot": -1, "pie": -1, "uto": -1, "uwr": -1 }, "geometry": { "type": "Point", "coordinates": [ 20.654194, 50.882611 ] } },
{ "type": "Feature", "properties": { "ID": 124216551, "yr": 2022, "dt": "2022-11-16T14:20:00", "WOJ": 26, "sev": 1, "c": [ 255, 255, 0, 160 ], "dmg": 1, "sli": 1, "ser": 0, "fat": 0, "row": -1, "mot": -1, "pie": 1, "uto": -1, "uwr": -1 }, "geometry": { "type": "Point", "coordinates": [ 20.635722, 50.869278 ] } },
{ "type": "Feature", "properties": { "ID": 124213383, "yr": 2022, "dt": "2022-11-12T16:35:00", "WOJ": 26, "sev": 1, "c": [ 255, 255, 0, 160 ], "dmg": 1, "sli": 1, "ser": 0, "fat": 0, "row": -1, "mot": -1, "pie": 1, "uto": -1, "uwr": -1 }, "geometry": { "type": "Point", "coordinates": [ 20.766806, 50.402444 ] } },
{ "type": "Feature", "properties": { "ID": 120394361, "yr": 2022, "dt": "2022-03-11T12:32:47", "WOJ": 26, "sev": 1, "c": [ 255, 255, 0, 160 ], "dmg": 1, "sli": 1, "ser": 0, "fat": 0, "row": -1, "mot": -1, "pie": 1, "uto": -1, "uwr": -1 }, "geometry": { "type": "Point", "coordinates": [ 20.640694, 50.871222 ] } },
{ "type": "Feature", "properties": { "ID": 120391949, "yr": 2022, "dt": "2022-03-09T06:45:00", "WOJ": 26, "sev": 1, "c": [ 255, 255, 0, 160 ], "dmg": 1, "sli": 1, "ser": 0, "fat": 0, "row": -1, "mot": -1, "pie": -1, "uto": -1, "uwr": -1 }, "geometry": { "type": "Point", "coordinates": [ 21.0085, 50.803472 ] } },
{ "type": "Feature", "properties": { "ID": 120390828, "yr": 2022, "dt": "2022-03-09T12:42:00", "WOJ": 26, "sev": 1, "c": [ 255, 255, 0, 160 ], "dmg": 1, "sli": 2, "ser": 0, "fat": 0, "row": -1, "mot": -1, "pie": -1, "uto": -1, "uwr": -1 }, "geometry": { "type": "Point", "coordinates": [ 20.622333, 50.874528 ] } },
{ "type": "Feature", "properties": { "ID": 120443844, "yr": 2022, "dt": "2022-03-25T15:14:32", "WOJ": 26, "sev": 1, "c": [ 255, 255, 0, 160 ], "dmg": 1, "sli": 3, "ser": 0, "fat": 0, "row": -1, "mot": -1, "pie": -1, "uto": -1, "uwr": -1 }, "geometry": { "type": "Point", "coordinates": [ 20.026139, 50.927806 ] } },
{ "type": "Feature", "properties": { "ID": 120441764, "yr": 2022, "dt": "2022-03-25T15:20:00", "WOJ": 26, "sev": 1, "c": [ 255, 255, 0, 160 ], "dmg": 1, "sli": 1, "ser": 0, "fat": 0, "row": -1, "mot": -1, "pie": -1, "uto": -1, "uwr": -1 }, "geometry": { "type": "Point", "coordinates": [ 20.627778, 50.863694 ] } },
{ "type": "Feature", "properties": { "ID": 120447894, "yr": 2022, "dt": "2022-03-24T17:30:00", "WOJ": 26, "sev": 1, "c": [ 255, 255, 0, 160 ], "dmg": 1, "sli": 1, "ser": 0, "fat": 0, "row": -1, "mot": -1, "pie": -1, "uto": -1, "uwr": -1 }, "geometry": { "type": "Point", "coordinates": [ 20.836889, 50.849528 ] } },
{ "type": "Feature", "properties": { "ID": 120422063, "yr": 2022, "dt": "2022-03-21T15:00:00", "WOJ": 26, "sev": 1, "c": [ 255, 255, 0, 160 ], "dmg": 1, "sli": 1, "ser": 0, "fat": 0, "row": -1, "mot": -1, "pie": -1, "uto": -1, "uwr": -1 }, "geometry": { "type": "Point", "coordinates": [ 20.638139, 50.872556 ] } },
{ "type": "Feature", "properties": { "ID": 120420298, "yr": 2022, "dt": "2022-03-21T10:47:00", "WOJ": 26, "sev": 1, "c": [ 255, 255, 0, 160 ], "dmg": 1, "sli": 1, "ser": 0, "fat": 0, "row": -1, "mot": -1, "pie": -1, "uto": -1, "uwr": -1 }, "geometry": { "type": "Point", "coordinates": [ 21.403083, 50.932083 ] } },
{ "type": "Feature", "properties": { "ID": 124012380, "yr": 2022, "dt": "2022-11-10T16:13:19", "WOJ": 26, "sev": 1, "c": [ 255, 255, 0, 160 ], "dmg": 1, "sli": 1, "ser": 0, "fat": 0, "row": -1, "mot": -1, "pie": -1, "uto": -1, "uwr": -1 }, "geometry": { "type": "Point", "coordinates": [ 21.487389, 50.809556 ] } },
{ "type": "Feature", "properties": { "ID": 124031398, "yr": 2022, "dt": "2022-11-10T16:40:50", "WOJ": 26, "sev": 1, "c": [ 255, 255, 0, 160 ], "dmg": 1, "sli": 1, "ser": 0, "fat": 0, "row": -1, "mot": -1, "pie": -1, "uto": -1, "uwr": -1 }, "geometry": { "type": "Point", "coordinates": [ 20.400639, 51.055417 ] } },
{ "type": "Feature", "properties": { "ID": 124029381, "yr": 2022, "dt": "2022-11-10T17:35:00", "WOJ": 26, "sev": 1, "c": [ 255, 255, 0, 160 ], "dmg": 2, "sli": 1, "ser": 0, "fat": 0, "row": -1, "mot": -1, "pie": -1, "uto": -1, "uwr": -1 }, "geometry": { "type": "Point", "coordinates": [ 20.622056, 50.87875 ] } },
{ "type": "Feature", "properties": { "ID": 124239501, "yr": 2022, "dt": "2022-11-09T10:30:00", "WOJ": 26, "sev": 1, "c": [ 255, 255, 0, 160 ], "dmg": 1, "sli": 1, "ser": 0, "fat": 0, "row": -1, "mot": -1, "pie": 1, "uto": -1, "uwr": -1 }, "geometry": { "type": "Point", "coordinates": [ 21.084, 51.04525 ] } },
{ "type": "Feature", "properties": { "ID": 123771590, "yr": 2022, "dt": "2022-11-07T16:55:13", "WOJ": 26, "sev": 1, "c": [ 255, 255, 0, 160 ], "dmg": 1, "sli": 1, "ser": 0, "fat": 0, "row": -1, "mot": -1, "pie": -1, "uto": -1, "uwr": -1 }, "geometry": { "type": "Point", "coordinates": [ 20.588417, 50.880611 ] } },
{ "type": "Feature", "properties": { "ID": 123755915, "yr": 2022, "dt": "2022-11-07T17:04:43", "WOJ": 26, "sev": 1, "c": [ 255, 255, 0, 160 ], "dmg": 1, "sli": 1, "ser": 0, "fat": 0, "row": -1, "mot": -1, "pie": 1, "uto": -1, "uwr": -1 }, "geometry": { "type": "Point", "coordinates": [ 20.484861, 50.268111 ] } },
{ "type": "Feature", "properties": { "ID": 123753633, "yr": 2022, "dt": "2022-11-06T18:16:16", "WOJ": 26, "sev": 1, "c": [ 255, 255, 0, 160 ], "dmg": 1, "sli": 1, "ser": 0, "fat": 0, "row": 1, "mot": -1, "pie": -1, "uto": -1, "uwr": -1 }, "geometry": { "type": "Point", "coordinates": [ 20.081889, 50.951972 ] } },
{ "type": "Feature", "properties": { "ID": 120410419, "yr": 2022, "dt": "2022-03-18T11:12:59", "WOJ": 26, "sev": 1, "c": [ 255, 255, 0, 160 ], "dmg": 1, "sli": 1, "ser": 0, "fat": 0, "row": -1, "mot": -1, "pie": -1, "uto": -1, "uwr": -1 }, "geometry": { "type": "Point", "coordinates": [ 21.5295, 50.557167 ] } },
{ "type": "Feature", "properties": { "ID": 120411929, "yr": 2022, "dt": "2022-03-18T09:47:00", "WOJ": 26, "sev": 1, "c": [ 255, 255, 0, 160 ], "dmg": 1, "sli": 1, "ser": 0, "fat": 0, "row": -1, "mot": -1, "pie": -1, "uto": -1, "uwr": -1 }, "geometry": { "type": "Point", "coordinates": [ 19.957167, 50.856139 ] } },
{ "type": "Feature", "properties": { "ID": 120422460, "yr": 2022, "dt": "2022-03-18T11:05:00", "WOJ": 26, "sev": 1, "c": [ 255, 255, 0, 160 ], "dmg": 3, "sli": 1, "ser": 0, "fat": 0, "row": -1, "mot": -1, "pie": -1, "uto": -1, "uwr": -1 }, "geometry": { "type": "Point", "coordinates": [ 20.619444, 50.881111 ] } },
{ "type": "Feature", "properties": { "ID": 120422469, "yr": 2022, "dt": "2022-03-18T09:10:00", "WOJ": 26, "sev": 1, "c": [ 255, 255, 0, 160 ], "dmg": 3, "sli": 1, "ser": 0, "fat": 0, "row": -1, "mot": -1, "pie": -1, "uto": -1, "uwr": -1 }, "geometry": { "type": "Point", "coordinates": [ 20.567639, 50.854 ] } },
{ "type": "Feature", "properties": { "ID": 123288407, "yr": 2022, "dt": "2022-10-25T07:05:00", "WOJ": 26, "sev": 1, "c": [ 255, 255, 0, 160 ], "dmg": 1, "sli": 1, "ser": 0, "fat": 0, "row": -1, "mot": -1, "pie": -1, "uto": -1, "uwr": -1 }, "geometry": { "type": "Point", "coordinates": [ 20.641528, 50.872361 ] } },
{ "type": "Feature", "properties": { "ID": 120468524, "yr": 2022, "dt": "2022-04-08T22:00:00", "WOJ": 26, "sev": 1, "c": [ 255, 255, 0, 160 ], "dmg": 1, "sli": 1, "ser": 0, "fat": 0, "row": 1, "mot": -1, "pie": -1, "uto": -1, "uwr": -1 }, "geometry": { "type": "Point", "coordinates": [ 20.197083, 50.667028 ] } },
{ "type": "Feature", "properties": { "ID": 120456551, "yr": 2022, "dt": "2022-04-06T08:56:06", "WOJ": 26, "sev": 1, "c": [ 255, 255, 0, 160 ], "dmg": 1, "sli": 1, "ser": 0, "fat": 0, "row": 1, "mot": -1, "pie": -1, "uto": -1, "uwr": -1 }, "geometry": { "type": "Point", "coordinates": [ 19.977972, 50.846139 ] } },
{ "type": "Feature", "properties": { "ID": 120447529, "yr": 2022, "dt": "2022-04-03T14:09:38", "WOJ": 26, "sev": 1, "c": [ 255, 255, 0, 160 ], "dmg": 0, "sli": 2, "ser": 0, "fat": 0, "row": -1, "mot": -1, "pie": -1, "uto": -1, "uwr": -1 }, "geometry": { "type": "Point", "coordinates": [ 21.577889, 50.679306 ] } },
{ "type": "Feature", "properties": { "ID": 120453418, "yr": 2022, "dt": "2022-04-02T20:00:00", "WOJ": 26, "sev": 1, "c": [ 255, 255, 0, 160 ], "dmg": 1, "sli": 3, "ser": 0, "fat": 0, "row": -1, "mot": -1, "pie": -1, "uto": -1, "uwr": -1 }, "geometry": { "type": "Point", "coordinates": [ 21.072194, 50.645833 ] } },
{ "type": "Feature", "properties": { "ID": 120451999, "yr": 2022, "dt": "2022-04-01T07:20:00", "WOJ": 26, "sev": 1, "c": [ 255, 255, 0, 160 ], "dmg": 1, "sli": 1, "ser": 0, "fat": 0, "row": -1, "mot": -1, "pie": -1, "uto": -1, "uwr": -1 }, "geometry": { "type": "Point", "coordinates": [ 21.13475, 51.046278 ] } },
{ "type": "Feature", "properties": { "ID": 120452488, "yr": 2022, "dt": "2022-04-01T12:15:00", "WOJ": 26, "sev": 1, "c": [ 255, 255, 0, 160 ], "dmg": 1, "sli": 1, "ser": 0, "fat": 0, "row": -1, "mot": -1, "pie": -1, "uto": -1, "uwr": -1 }, "geometry": { "type": "Point", "coordinates": [ 20.575028, 50.914194 ] } },
{ "type": "Feature", "properties": { "ID": 120450823, "yr": 2022, "dt": "2022-03-31T13:22:00", "WOJ": 26, "sev": 1, "c": [ 255, 255, 0, 160 ], "dmg": 1, "sli": 1, "ser": 0, "fat": 0, "row": -1, "mot": -1, "pie": -1, "uto": -1, "uwr": -1 }, "geometry": { "type": "Point", "coordinates": [ 20.814472, 50.854722 ] } },
{ "type": "Feature", "properties": { "ID": 120448311, "yr": 2022, "dt": "2022-03-30T09:51:12", "WOJ": 26, "sev": 1, "c": [ 255, 255, 0, 160 ], "dmg": 1, "sli": 1, "ser": 0, "fat": 0, "row": -1, "mot": -1, "pie": 1, "uto": -1, "uwr": -1 }, "geometry": { "type": "Point", "coordinates": [ 20.72125, 50.47375 ] } },
{ "type": "Feature", "properties": { "ID": 120449302, "yr": 2022, "dt": "2022-03-30T09:00:18", "WOJ": 26, "sev": 1, "c": [ 255, 255, 0, 160 ], "dmg": 1, "sli": 1, "ser": 0, "fat": 0, "row": -1, "mot": -1, "pie": -1, "uto": -1, "uwr": -1 }, "geometry": { "type": "Point", "coordinates": [ 20.4795, 50.795361 ] } },
{ "type": "Feature", "properties": { "ID": 120449007, "yr": 2022, "dt": "2022-03-29T17:35:00", "WOJ": 26, "sev": 1, "c": [ 255, 255, 0, 160 ], "dmg": 2, "sli": 1, "ser": 0, "fat": 0, "row": -1, "mot": -1, "pie": -1, "uto": -1, "uwr": -1 }, "geometry": { "type": "Point", "coordinates": [ 20.812278, 50.810778 ] } },
{ "type": "Feature", "properties": { "ID": 120444529, "yr": 2022, "dt": "2022-03-27T17:55:00", "WOJ": 26, "sev": 1, "c": [ 255, 255, 0, 160 ], "dmg": 2, "sli": 1, "ser": 0, "fat": 0, "row": -1, "mot": -1, "pie": -1, "uto": -1, "uwr": -1 }, "geometry": { "type": "Point", "coordinates": [ 20.687528, 50.814167 ] } },
{ "type": "Feature", "properties": { "ID": 120445429, "yr": 2022, "dt": "2022-03-25T12:00:00", "WOJ": 26, "sev": 1, "c": [ 255, 255, 0, 160 ], "dmg": 1, "sli": 2, "ser": 0, "fat": 0, "row": -1, "mot": -1, "pie": -1, "uto": -1, "uwr": -1 }, "geometry": { "type": "Point", "coordinates": [ 20.561028, 50.593361 ] } },
{ "type": "Feature", "properties": { "ID": 120440313, "yr": 2022, "dt": "2022-03-25T10:10:00", "WOJ": 26, "sev": 1, "c": [ 255, 255, 0, 160 ], "dmg": 1, "sli": 2, "ser": 0, "fat": 0, "row": -1, "mot": -1, "pie": -1, "uto": -1, "uwr": -1 }, "geometry": { "type": "Point", "coordinates": [ 20.513444, 50.820278 ] } },
{ "type": "Feature", "properties": { "ID": 120443834, "yr": 2022, "dt": "2022-03-25T15:51:06", "WOJ": 26, "sev": 1, "c": [ 255, 255, 0, 160 ], "dmg": 1, "sli": 1, "ser": 0, "fat": 0, "row": -1, "mot": -1, "pie": -1, "uto": -1, "uwr": -1 }, "geometry": { "type": "Point", "coordinates": [ 20.481889, 50.275083 ] } },
{ "type": "Feature", "properties": { "ID": 120440690, "yr": 2022, "dt": "2022-03-25T19:20:00", "WOJ": 26, "sev": 1, "c": [ 255, 255, 0, 160 ], "dmg": 1, "sli": 2, "ser": 0, "fat": 0, "row": -1, "mot": -1, "pie": -1, "uto": -1, "uwr": -1 }, "geometry": { "type": "Point", "coordinates": [ 20.639806, 50.861722 ] } },
{ "type": "Feature", "properties": { "ID": 120462798, "yr": 2022, "dt": "2022-04-11T10:20:00", "WOJ": 26, "sev": 1, "c": [ 255, 255, 0, 160 ], "dmg": 1, "sli": 1, "ser": 0, "fat": 0, "row": -1, "mot": -1, "pie": -1, "uto": -1, "uwr": -1 }, "geometry": { "type": "Point", "coordinates": [ 20.600972, 50.702278 ] } },
{ "type": "Feature", "properties": { "ID": 120467157, "yr": 2022, "dt": "2022-04-11T17:24:25", "WOJ": 26, "sev": 1, "c": [ 255, 255, 0, 160 ], "dmg": 2, "sli": 1, "ser": 0, "fat": 0, "row": -1, "mot": -1, "pie": -1, "uto": -1, "uwr": -1 }, "geometry": { "type": "Point", "coordinates": [ 21.571472, 50.536361 ] } },
{ "type": "Feature", "properties": { "ID": 120462356, "yr": 2022, "dt": "2022-04-10T10:30:00", "WOJ": 26, "sev": 1, "c": [ 255, 255, 0, 160 ], "dmg": 1, "sli": 1, "ser": 0, "fat": 0, "row": -1, "mot": -1, "pie": 1, "uto": -1, "uwr": -1 }, "geometry": { "type": "Point", "coordinates": [ 20.646222, 50.871278 ] } },
{ "type": "Feature", "properties": { "ID": 120540485, "yr": 2022, "dt": "2022-04-09T01:40:00", "WOJ": 26, "sev": 1, "c": [ 255, 255, 0, 160 ], "dmg": 0, "sli": 1, "ser": 0, "fat": 0, "row": -1, "mot": -1, "pie": -1, "uto": -1, "uwr": -1 }, "geometry": { "type": "Point", "coordinates": [ 20.612556, 50.703194 ] } },
{ "type": "Feature", "properties": { "ID": 120460635, "yr": 2022, "dt": "2022-04-08T18:07:08", "WOJ": 26, "sev": 1, "c": [ 255, 255, 0, 160 ], "dmg": 0, "sli": 1, "ser": 0, "fat": 0, "row": -1, "mot": 1, "pie": -1, "uto": -1, "uwr": -1 }, "geometry": { "type": "Point", "coordinates": [ 21.362833, 50.586056 ] } },
{ "type": "Feature", "properties": { "ID": 123736753, "yr": 2022, "dt": "2022-11-01T11:45:00", "WOJ": 26, "sev": 1, "c": [ 255, 255, 0, 160 ], "dmg": 1, "sli": 1, "ser": 0, "fat": 0, "row": -1, "mot": -1, "pie": 1, "uto": -1, "uwr": -1 }, "geometry": { "type": "Point", "coordinates": [ 20.508389, 50.930056 ] } },
{ "type": "Feature", "properties": { "ID": 123735785, "yr": 2022, "dt": "2022-10-31T16:29:28", "WOJ": 26, "sev": 1, "c": [ 255, 255, 0, 160 ], "dmg": 1, "sli": 1, "ser": 0, "fat": 0, "row": 1, "mot": -1, "pie": -1, "uto": -1, "uwr": -1 }, "geometry": { "type": "Point", "coordinates": [ 20.697944, 50.453667 ] } },
{ "type": "Feature", "properties": { "ID": 123733413, "yr": 2022, "dt": "2022-10-30T06:10:00", "WOJ": 26, "sev": 1, "c": [ 255, 255, 0, 160 ], "dmg": 1, "sli": 1, "ser": 0, "fat": 0, "row": -1, "mot": -1, "pie": -1, "uto": -1, "uwr": -1 }, "geometry": { "type": "Point", "coordinates": [ 20.929056, 50.949972 ] } },
{ "type": "Feature", "properties": { "ID": 123716861, "yr": 2022, "dt": "2022-10-28T19:25:00", "WOJ": 26, "sev": 1, "c": [ 255, 255, 0, 160 ], "dmg": 1, "sli": 1, "ser": 0, "fat": 0, "row": -1, "mot": -1, "pie": -1, "uto": -1, "uwr": -1 }, "geometry": { "type": "Point", "coordinates": [ 21.095722, 50.971111 ] } },
{ "type": "Feature", "properties": { "ID": 123716509, "yr": 2022, "dt": "2022-10-28T15:13:19", "WOJ": 26, "sev": 1, "c": [ 255, 255, 0, 160 ], "dmg": 1, "sli": 1, "ser": 0, "fat": 0, "row": -1, "mot": -1, "pie": -1, "uto": -1, "uwr": -1 }, "geometry": { "type": "Point", "coordinates": [ 21.004903, 50.590623 ] } },
{ "type": "Feature", "properties": { "ID": 123288715, "yr": 2022, "dt": "2022-10-27T16:07:35", "WOJ": 26, "sev": 1, "c": [ 255, 255, 0, 160 ], "dmg": 2, "sli": 1, "ser": 0, "fat": 0, "row": -1, "mot": -1, "pie": -1, "uto": -1, "uwr": -1 }, "geometry": { "type": "Point", "coordinates": [ 20.639667, 50.733667 ] } },
{ "type": "Feature", "properties": { "ID": 122998381, "yr": 2022, "dt": "2022-10-26T07:34:00", "WOJ": 26, "sev": 1, "c": [ 255, 255, 0, 160 ], "dmg": 1, "sli": 1, "ser": 0, "fat": 0, "row": -1, "mot": -1, "pie": 1, "uto": -1, "uwr": -1 }, "geometry": { "type": "Point", "coordinates": [ 20.632694, 50.848167 ] } },
{ "type": "Feature", "properties": { "ID": 123224383, "yr": 2022, "dt": "2022-10-26T12:48:24", "WOJ": 26, "sev": 1, "c": [ 255, 255, 0, 160 ], "dmg": 2, "sli": 1, "ser": 0, "fat": 0, "row": -1, "mot": -1, "pie": -1, "uto": -1, "uwr": -1 }, "geometry": { "type": "Point", "coordinates": [ 20.530833, 50.684472 ] } },
{ "type": "Feature", "properties": { "ID": 123023381, "yr": 2022, "dt": "2022-10-26T07:23:00", "WOJ": 26, "sev": 1, "c": [ 255, 255, 0, 160 ], "dmg": 1, "sli": 1, "ser": 0, "fat": 0, "row": 0, "mot": -1, "pie": 1, "uto": -1, "uwr": -1 }, "geometry": { "type": "Point", "coordinates": [ 20.630667, 50.852444 ] } },
{ "type": "Feature", "properties": { "ID": 123174380, "yr": 2022, "dt": "2022-10-26T11:45:00", "WOJ": 26, "sev": 1, "c": [ 255, 255, 0, 160 ], "dmg": 1, "sli": 1, "ser": 0, "fat": 0, "row": -1, "mot": -1, "pie": -1, "uto": -1, "uwr": -1 }, "geometry": { "type": "Point", "coordinates": [ 20.655694, 50.815417 ] } },
{ "type": "Feature", "properties": { "ID": 122699139, "yr": 2022, "dt": "2022-10-25T05:41:28", "WOJ": 26, "sev": 1, "c": [ 255, 255, 0, 160 ], "dmg": 1, "sli": 1, "ser": 0, "fat": 0, "row": 1, "mot": -1, "pie": -1, "uto": -1, "uwr": -1 }, "geometry": { "type": "Point", "coordinates": [ 21.373444, 50.939972 ] } },
{ "type": "Feature", "properties": { "ID": 120476179, "yr": 2022, "dt": "2022-04-18T11:45:00", "WOJ": 26, "sev": 1, "c": [ 255, 255, 0, 160 ], "dmg": 1, "sli": 1, "ser": 0, "fat": 0, "row": -1, "mot": -1, "pie": -1, "uto": -1, "uwr": -1 }, "geometry": { "type": "Point", "coordinates": [ 21.128806, 50.788222 ] } },
{ "type": "Feature", "properties": { "ID": 123131382, "yr": 2022, "dt": "2022-10-21T07:20:00", "WOJ": 26, "sev": 1, "c": [ 255, 255, 0, 160 ], "dmg": 1, "sli": 1, "ser": 0, "fat": 0, "row": -1, "mot": -1, "pie": -1, "uto": -1, "uwr": -1 }, "geometry": { "type": "Point", "coordinates": [ 21.446139, 50.942611 ] } },
{ "type": "Feature", "properties": { "ID": 122496478, "yr": 2022, "dt": "2022-10-21T19:30:00", "WOJ": 26, "sev": 1, "c": [ 255, 255, 0, 160 ], "dmg": 1, "sli": 1, "ser": 0, "fat": 0, "row": -1, "mot": -1, "pie": -1, "uto": -1, "uwr": -1 }, "geometry": { "type": "Point", "coordinates": [ 20.61975, 50.786111 ] } },
{ "type": "Feature", "properties": { "ID": 122181412, "yr": 2022, "dt": "2022-10-20T05:35:00", "WOJ": 26, "sev": 1, "c": [ 255, 255, 0, 160 ], "dmg": 0, "sli": 1, "ser": 0, "fat": 0, "row": 1, "mot": -1, "pie": -1, "uto": -1, "uwr": -1 }, "geometry": { "type": "Point", "coordinates": [ 21.017611, 50.804194 ] } },
{ "type": "Feature", "properties": { "ID": 122238389, "yr": 2022, "dt": "2022-10-20T08:00:00", "WOJ": 26, "sev": 1, "c": [ 255, 255, 0, 160 ], "dmg": 1, "sli": 1, "ser": 0, "fat": 0, "row": -1, "mot": -1, "pie": 1, "uto": -1, "uwr": -1 }, "geometry": { "type": "Point", "coordinates": [ 20.646722, 50.874417 ] } },
{ "type": "Feature", "properties": { "ID": 122144382, "yr": 2022, "dt": "2022-10-20T07:20:00", "WOJ": 26, "sev": 1, "c": [ 255, 255, 0, 160 ], "dmg": 2, "sli": 1, "ser": 0, "fat": 0, "row": -1, "mot": -1, "pie": -1, "uto": -1, "uwr": -1 }, "geometry": { "type": "Point", "coordinates": [ 20.694361, 50.953861 ] } },
{ "type": "Feature", "properties": { "ID": 122040381, "yr": 2022, "dt": "2022-10-19T10:15:24", "WOJ": 26, "sev": 1, "c": [ 255, 255, 0, 160 ], "dmg": 1, "sli": 1, "ser": 0, "fat": 0, "row": -1, "mot": 1, "pie": -1, "uto": -1, "uwr": -1 }, "geometry": { "type": "Point", "coordinates": [ 21.105722, 50.930333 ] } },
{ "type": "Feature", "properties": { "ID": 121981493, "yr": 2022, "dt": "2022-10-18T18:00:00", "WOJ": 26, "sev": 1, "c": [ 255, 255, 0, 160 ], "dmg": 1, "sli": 3, "ser": 0, "fat": 0, "row": -1, "mot": -1, "pie": 1, "uto": -1, "uwr": -1 }, "geometry": { "type": "Point", "coordinates": [ 20.620861, 50.878833 ] } },
{ "type": "Feature", "properties": { "ID": 121908465, "yr": 2022, "dt": "2022-10-17T07:50:00", "WOJ": 26, "sev": 1, "c": [ 255, 255, 0, 160 ], "dmg": 0, "sli": 1, "ser": 0, "fat": 0, "row": -1, "mot": -1, "pie": -1, "uto": -1, "uwr": -1 }, "geometry": { "type": "Point", "coordinates": [ 20.627139, 50.840833 ] } },
{ "type": "Feature", "properties": { "ID": 121910652, "yr": 2022, "dt": "2022-10-17T14:12:09", "WOJ": 26, "sev": 1, "c": [ 255, 255, 0, 160 ], "dmg": 1, "sli": 1, "ser": 0, "fat": 0, "row": -1, "mot": -1, "pie": -1, "uto": -1, "uwr": -1 }, "geometry": { "type": "Point", "coordinates": [ 21.327528, 50.949222 ] } },
{ "type": "Feature", "properties": { "ID": 121902813, "yr": 2022, "dt": "2022-10-16T12:20:00", "WOJ": 26, "sev": 1, "c": [ 255, 255, 0, 160 ], "dmg": 1, "sli": 1, "ser": 0, "fat": 0, "row": 1, "mot": -1, "pie": -1, "uto": -1, "uwr": -1 }, "geometry": { "type": "Point", "coordinates": [ 20.640722, 50.84525 ] } },
{ "type": "Feature", "properties": { "ID": 120473342, "yr": 2022, "dt": "2022-04-15T11:54:52", "WOJ": 26, "sev": 1, "c": [ 255, 255, 0, 160 ], "dmg": 1, "sli": 2, "ser": 0, "fat": 0, "row": -1, "mot": -1, "pie": -1, "uto": -1, "uwr": -1 }, "geometry": { "type": "Point", "coordinates": [ 21.787472, 50.77125 ] } },
{ "type": "Feature", "properties": { "ID": 120468594, "yr": 2022, "dt": "2022-04-13T16:28:06", "WOJ": 26, "sev": 1, "c": [ 255, 255, 0, 160 ], "dmg": 0, "sli": 1, "ser": 0, "fat": 0, "row": -1, "mot": -1, "pie": -1, "uto": -1, "uwr": -1 }, "geometry": { "type": "Point", "coordinates": [ 20.392889, 50.295778 ] } },
{ "type": "Feature", "properties": { "ID": 120467831, "yr": 2022, "dt": "2022-04-12T15:35:00", "WOJ": 26, "sev": 1, "c": [ 255, 255, 0, 160 ], "dmg": 1, "sli": 1, "ser": 0, "fat": 0, "row": -1, "mot": -1, "pie": -1, "uto": -1, "uwr": -1 }, "geometry": { "type": "Point", "coordinates": [ 21.085806, 51.043583 ] } },
{ "type": "Feature", "properties": { "ID": 120466113, "yr": 2022, "dt": "2022-04-12T09:32:00", "WOJ": 26, "sev": 1, "c": [ 255, 255, 0, 160 ], "dmg": 1, "sli": 1, "ser": 0, "fat": 0, "row": -1, "mot": -1, "pie": -1, "uto": -1, "uwr": -1 }, "geometry": { "type": "Point", "coordinates": [ 20.618222, 50.749306 ] } },
{ "type": "Feature", "properties": { "ID": 120468006, "yr": 2022, "dt": "2022-04-12T12:00:00", "WOJ": 26, "sev": 1, "c": [ 255, 255, 0, 160 ], "dmg": 2, "sli": 1, "ser": 0, "fat": 0, "row": -1, "mot": -1, "pie": -1, "uto": -1, "uwr": -1 }, "geometry": { "type": "Point", "coordinates": [ 20.636139, 50.865167 ] } },
{ "type": "Feature", "properties": { "ID": 120507477, "yr": 2022, "dt": "2022-05-05T13:00:00", "WOJ": 26, "sev": 1, "c": [ 255, 255, 0, 160 ], "dmg": 1, "sli": 1, "ser": 0, "fat": 0, "row": -1, "mot": -1, "pie": 1, "uto": -1, "uwr": -1 }, "geometry": { "type": "Point", "coordinates": [ 20.672833, 50.865278 ] } },
{ "type": "Feature", "properties": { "ID": 120499627, "yr": 2022, "dt": "2022-05-04T16:30:00", "WOJ": 26, "sev": 1, "c": [ 255, 255, 0, 160 ], "dmg": 1, "sli": 1, "ser": 0, "fat": 0, "row": -1, "mot": -1, "pie": 1, "uto": -1, "uwr": -1 }, "geometry": { "type": "Point", "coordinates": [ 21.142167, 50.973944 ] } },
{ "type": "Feature", "properties": { "ID": 120498174, "yr": 2022, "dt": "2022-05-04T16:19:38", "WOJ": 26, "sev": 1, "c": [ 255, 255, 0, 160 ], "dmg": 1, "sli": 1, "ser": 0, "fat": 0, "row": -1, "mot": -1, "pie": -1, "uto": -1, "uwr": -1 }, "geometry": { "type": "Point", "coordinates": [ 19.980444, 50.867167 ] } },
{ "type": "Feature", "properties": { "ID": 120497599, "yr": 2022, "dt": "2022-05-02T14:20:00", "WOJ": 26, "sev": 1, "c": [ 255, 255, 0, 160 ], "dmg": 1, "sli": 1, "ser": 0, "fat": 0, "row": -1, "mot": -1, "pie": 1, "uto": -1, "uwr": -1 }, "geometry": { "type": "Point", "coordinates": [ 20.646389, 50.888333 ] } },
{ "type": "Feature", "properties": { "ID": 120497736, "yr": 2022, "dt": "2022-05-02T16:50:44", "WOJ": 26, "sev": 1, "c": [ 255, 255, 0, 160 ], "dmg": 2, "sli": 1, "ser": 0, "fat": 0, "row": -1, "mot": -1, "pie": -1, "uto": -1, "uwr": -1 }, "geometry": { "type": "Point", "coordinates": [ 21.307, 50.949056 ] } },
{ "type": "Feature", "properties": { "ID": 120493968, "yr": 2022, "dt": "2022-04-30T15:02:54", "WOJ": 26, "sev": 1, "c": [ 255, 255, 0, 160 ], "dmg": 0, "sli": 3, "ser": 0, "fat": 0, "row": -1, "mot": -1, "pie": -1, "uto": -1, "uwr": -1 }, "geometry": { "type": "Point", "coordinates": [ 20.59975, 50.248806 ] } },
{ "type": "Feature", "properties": { "ID": 120492018, "yr": 2022, "dt": "2022-04-28T10:38:06", "WOJ": 26, "sev": 1, "c": [ 255, 255, 0, 160 ], "dmg": 1, "sli": 1, "ser": 0, "fat": 0, "row": 1, "mot": -1, "pie": -1, "uto": -1, "uwr": -1 }, "geometry": { "type": "Point", "coordinates": [ 20.068528, 50.575361 ] } },
{ "type": "Feature", "properties": { "ID": 120489191, "yr": 2022, "dt": "2022-04-27T08:50:00", "WOJ": 26, "sev": 1, "c": [ 255, 255, 0, 160 ], "dmg": 0, "sli": 2, "ser": 0, "fat": 0, "row": 1, "mot": -1, "pie": 1, "uto": -1, "uwr": -1 }, "geometry": { "type": "Point", "coordinates": [ 20.61679, 50.90391 ] } },
{ "type": "Feature", "properties": { "ID": 120486828, "yr": 2022, "dt": "2022-04-26T15:30:00", "WOJ": 26, "sev": 1, "c": [ 255, 255, 0, 160 ], "dmg": 1, "sli": 1, "ser": 0, "fat": 0, "row": -1, "mot": -1, "pie": 1, "uto": -1, "uwr": -1 }, "geometry": { "type": "Point", "coordinates": [ 20.634111, 50.880028 ] } },
{ "type": "Feature", "properties": { "ID": 120485629, "yr": 2022, "dt": "2022-04-24T02:36:14", "WOJ": 26, "sev": 1, "c": [ 255, 255, 0, 160 ], "dmg": 3, "sli": 1, "ser": 0, "fat": 0, "row": -1, "mot": -1, "pie": -1, "uto": -1, "uwr": -1 }, "geometry": { "type": "Point", "coordinates": [ 20.991961, 50.413505 ] } },
{ "type": "Feature", "properties": { "ID": 120485876, "yr": 2022, "dt": "2022-04-24T19:50:00", "WOJ": 26, "sev": 1, "c": [ 255, 255, 0, 160 ], "dmg": 1, "sli": 2, "ser": 0, "fat": 0, "row": -1, "mot": -1, "pie": -1, "uto": -1, "uwr": -1 }, "geometry": { "type": "Point", "coordinates": [ 20.406611, 50.859722 ] } },
{ "type": "Feature", "properties": { "ID": 120484676, "yr": 2022, "dt": "2022-04-24T20:38:37", "WOJ": 26, "sev": 1, "c": [ 255, 255, 0, 160 ], "dmg": 1, "sli": 1, "ser": 0, "fat": 0, "row": -1, "mot": -1, "pie": 1, "uto": -1, "uwr": -1 }, "geometry": { "type": "Point", "coordinates": [ 20.155861, 50.758861 ] } },
{ "type": "Feature", "properties": { "ID": 120484421, "yr": 2022, "dt": "2022-04-23T11:18:02", "WOJ": 26, "sev": 1, "c": [ 255, 255, 0, 160 ], "dmg": 1, "sli": 2, "ser": 0, "fat": 0, "row": -1, "mot": -1, "pie": -1, "uto": -1, "uwr": -1 }, "geometry": { "type": "Point", "coordinates": [ 21.377472, 50.895083 ] } },
{ "type": "Feature", "properties": { "ID": 120485333, "yr": 2022, "dt": "2022-04-22T15:05:00", "WOJ": 26, "sev": 1, "c": [ 255, 255, 0, 160 ], "dmg": 1, "sli": 2, "ser": 0, "fat": 0, "row": -1, "mot": -1, "pie": -1, "uto": -1, "uwr": -1 }, "geometry": { "type": "Point", "coordinates": [ 20.526639, 50.828056 ] } },
{ "type": "Feature", "properties": { "ID": 120487414, "yr": 2022, "dt": "2022-04-21T12:50:00", "WOJ": 26, "sev": 1, "c": [ 255, 255, 0, 160 ], "dmg": 1, "sli": 2, "ser": 0, "fat": 0, "row": -1, "mot": 0, "pie": -1, "uto": -1, "uwr": -1 }, "geometry": { "type": "Point", "coordinates": [ 21.076583, 50.821611 ] } },
{ "type": "Feature", "properties": { "ID": 120477906, "yr": 2022, "dt": "2022-04-20T11:53:00", "WOJ": 26, "sev": 1, "c": [ 255, 255, 0, 160 ], "dmg": 3, "sli": 1, "ser": 0, "fat": 0, "row": -1, "mot": -1, "pie": -1, "uto": -1, "uwr": -1 }, "geometry": { "type": "Point", "coordinates": [ 20.620472, 50.790639 ] } },
{ "type": "Feature", "properties": { "ID": 120511942, "yr": 2022, "dt": "2022-05-13T23:54:14", "WOJ": 26, "sev": 1, "c": [ 255, 255, 0, 160 ], "dmg": 1, "sli": 1, "ser": 0, "fat": 0, "row": -1, "mot": -1, "pie": 1, "uto": -1, "uwr": -1 }, "geometry": { "type": "Point", "coordinates": [ 19.944833, 50.823083 ] } },
{ "type": "Feature", "properties": { "ID": 120520109, "yr": 2022, "dt": "2022-05-13T18:40:00", "WOJ": 26, "sev": 1, "c": [ 255, 255, 0, 160 ], "dmg": 2, "sli": 2, "ser": 0, "fat": 0, "row": -1, "mot": -1, "pie": -1, "uto": -1, "uwr": -1 }, "geometry": { "type": "Point", "coordinates": [ 20.681333, 50.909722 ] } },
{ "type": "Feature", "properties": { "ID": 120511692, "yr": 2022, "dt": "2022-05-13T12:36:03", "WOJ": 26, "sev": 1, "c": [ 255, 255, 0, 160 ], "dmg": 1, "sli": 1, "ser": 0, "fat": 0, "row": -1, "mot": -1, "pie": -1, "uto": -1, "uwr": -1 }, "geometry": { "type": "Point", "coordinates": [ 21.16525, 50.906306 ] } },
{ "type": "Feature", "properties": { "ID": 120511531, "yr": 2022, "dt": "2022-05-12T16:30:06", "WOJ": 26, "sev": 1, "c": [ 255, 255, 0, 160 ], "dmg": 2, "sli": 1, "ser": 0, "fat": 0, "row": -1, "mot": -1, "pie": -1, "uto": -1, "uwr": -1 }, "geometry": { "type": "Point", "coordinates": [ 20.981361, 51.068667 ] } },
{ "type": "Feature", "properties": { "ID": 120512793, "yr": 2022, "dt": "2022-05-12T11:10:00", "WOJ": 26, "sev": 1, "c": [ 255, 255, 0, 160 ], "dmg": 1, "sli": 1, "ser": 0, "fat": 0, "row": -1, "mot": -1, "pie": -1, "uto": -1, "uwr": -1 }, "geometry": { "type": "Point", "coordinates": [ 20.703806, 50.863083 ] } },
{ "type": "Feature", "properties": { "ID": 120506310, "yr": 2022, "dt": "2022-05-11T21:17:55", "WOJ": 26, "sev": 1, "c": [ 255, 255, 0, 160 ], "dmg": 1, "sli": 1, "ser": 0, "fat": 0, "row": -1, "mot": -1, "pie": 1, "uto": -1, "uwr": -1 }, "geometry": { "type": "Point", "coordinates": [ 20.054694, 50.564667 ] } },
{ "type": "Feature", "properties": { "ID": 121924402, "yr": 2022, "dt": "2022-10-16T05:16:00", "WOJ": 26, "sev": 1, "c": [ 255, 255, 0, 160 ], "dmg": 1, "sli": 1, "ser": 0, "fat": 0, "row": -1, "mot": -1, "pie": -1, "uto": -1, "uwr": -1 }, "geometry": { "type": "Point", "coordinates": [ 20.631028, 50.871944 ] } },
{ "type": "Feature", "properties": { "ID": 121886334, "yr": 2022, "dt": "2022-10-13T11:40:00", "WOJ": 26, "sev": 1, "c": [ 255, 255, 0, 160 ], "dmg": 1, "sli": 1, "ser": 0, "fat": 0, "row": -1, "mot": -1, "pie": -1, "uto": -1, "uwr": -1 }, "geometry": { "type": "Point", "coordinates": [ 21.064917, 51.053139 ] } },
{ "type": "Feature", "properties": { "ID": 121868481, "yr": 2022, "dt": "2022-10-12T07:20:00", "WOJ": 26, "sev": 1, "c": [ 255, 255, 0, 160 ], "dmg": 1, "sli": 1, "ser": 0, "fat": 0, "row": 1, "mot": -1, "pie": -1, "uto": -1, "uwr": -1 }, "geometry": { "type": "Point", "coordinates": [ 20.853583, 51.047583 ] } },
{ "type": "Feature", "properties": { "ID": 121862732, "yr": 2022, "dt": "2022-10-10T14:25:00", "WOJ": 26, "sev": 1, "c": [ 255, 255, 0, 160 ], "dmg": 0, "sli": 3, "ser": 0, "fat": 0, "row": -1, "mot": -1, "pie": -1, "uto": -1, "uwr": -1 }, "geometry": { "type": "Point", "coordinates": [ 21.088361, 50.900167 ] } },
{ "type": "Feature", "properties": { "ID": 121861949, "yr": 2022, "dt": "2022-10-09T11:56:51", "WOJ": 26, "sev": 1, "c": [ 255, 255, 0, 160 ], "dmg": 1, "sli": 1, "ser": 0, "fat": 0, "row": -1, "mot": -1, "pie": -1, "uto": -1, "uwr": -1 }, "geometry": { "type": "Point", "coordinates": [ 21.436222, 50.775917 ] } },
{ "type": "Feature", "properties": { "ID": 121886319, "yr": 2022, "dt": "2022-10-09T10:52:00", "WOJ": 26, "sev": 1, "c": [ 255, 255, 0, 160 ], "dmg": 0, "sli": 1, "ser": 0, "fat": 0, "row": -1, "mot": -1, "pie": -1, "uto": -1, "uwr": -1 }, "geometry": { "type": "Point", "coordinates": [ 21.442222, 50.6075 ] } },
{ "type": "Feature", "properties": { "ID": 120506962, "yr": 2022, "dt": "2022-05-10T15:11:45", "WOJ": 26, "sev": 1, "c": [ 255, 255, 0, 160 ], "dmg": 2, "sli": 1, "ser": 0, "fat": 0, "row": -1, "mot": -1, "pie": -1, "uto": -1, "uwr": -1 }, "geometry": { "type": "Point", "coordinates": [ 21.419389, 50.917861 ] } },
{ "type": "Feature", "properties": { "ID": 120502307, "yr": 2022, "dt": "2022-05-09T15:40:00", "WOJ": 26, "sev": 1, "c": [ 255, 255, 0, 160 ], "dmg": 1, "sli": 1, "ser": 0, "fat": 0, "row": -1, "mot": -1, "pie": -1, "uto": -1, "uwr": -1 }, "geometry": { "type": "Point", "coordinates": [ 20.829583, 51.04925 ] } },
{ "type": "Feature", "properties": { "ID": 120501493, "yr": 2022, "dt": "2022-05-06T09:45:00", "WOJ": 26, "sev": 1, "c": [ 255, 255, 0, 160 ], "dmg": 1, "sli": 1, "ser": 0, "fat": 0, "row": -1, "mot": -1, "pie": -1, "uto": -1, "uwr": -1 }, "geometry": { "type": "Point", "coordinates": [ 21.0885, 50.845639 ] } },
{ "type": "Feature", "properties": { "ID": 120502919, "yr": 2022, "dt": "2022-05-06T15:28:16", "WOJ": 26, "sev": 1, "c": [ 255, 255, 0, 160 ], "dmg": 1, "sli": 1, "ser": 0, "fat": 0, "row": 1, "mot": -1, "pie": -1, "uto": -1, "uwr": -1 }, "geometry": { "type": "Point", "coordinates": [ 20.506694, 50.470528 ] } },
{ "type": "Feature", "properties": { "ID": 120521393, "yr": 2022, "dt": "2022-05-17T15:25:00", "WOJ": 26, "sev": 1, "c": [ 255, 255, 0, 160 ], "dmg": 1, "sli": 1, "ser": 0, "fat": 0, "row": -1, "mot": -1, "pie": 1, "uto": -1, "uwr": -1 }, "geometry": { "type": "Point", "coordinates": [ 20.643444, 50.863306 ] } },
{ "type": "Feature", "properties": { "ID": 120520021, "yr": 2022, "dt": "2022-05-16T08:00:00", "WOJ": 26, "sev": 1, "c": [ 255, 255, 0, 160 ], "dmg": 1, "sli": 1, "ser": 0, "fat": 0, "row": -1, "mot": -1, "pie": -1, "uto": -1, "uwr": -1 }, "geometry": { "type": "Point", "coordinates": [ 20.626139, 50.8705 ] } },
{ "type": "Feature", "properties": { "ID": 120516257, "yr": 2022, "dt": "2022-05-16T09:20:00", "WOJ": 26, "sev": 1, "c": [ 255, 255, 0, 160 ], "dmg": 1, "sli": 1, "ser": 0, "fat": 0, "row": -1, "mot": -1, "pie": -1, "uto": -1, "uwr": -1 }, "geometry": { "type": "Point", "coordinates": [ 20.655833, 50.8925 ] } },
{ "type": "Feature", "properties": { "ID": 120515939, "yr": 2022, "dt": "2022-05-15T16:55:00", "WOJ": 26, "sev": 1, "c": [ 255, 255, 0, 160 ], "dmg": 0, "sli": 1, "ser": 0, "fat": 0, "row": 1, "mot": -1, "pie": -1, "uto": -1, "uwr": -1 }, "geometry": { "type": "Point", "coordinates": [ 20.539944, 50.850306 ] } },
{ "type": "Feature", "properties": { "ID": 120515690, "yr": 2022, "dt": "2022-05-14T18:50:00", "WOJ": 26, "sev": 1, "c": [ 255, 255, 0, 160 ], "dmg": 1, "sli": 3, "ser": 0, "fat": 0, "row": -1, "mot": -1, "pie": -1, "uto": -1, "uwr": -1 }, "geometry": { "type": "Point", "coordinates": [ 20.637389, 50.885306 ] } },
{ "type": "Feature", "properties": { "ID": 121861090, "yr": 2022, "dt": "2022-10-07T17:55:00", "WOJ": 26, "sev": 1, "c": [ 255, 255, 0, 160 ], "dmg": 1, "sli": 1, "ser": 0, "fat": 0, "row": -1, "mot": -1, "pie": -1, "uto": -1, "uwr": -1 }, "geometry": { "type": "Point", "coordinates": [ 20.680611, 50.731694 ] } },
{ "type": "Feature", "properties": { "ID": 121860858, "yr": 2022, "dt": "2022-10-07T12:52:12", "WOJ": 26, "sev": 1, "c": [ 255, 255, 0, 160 ], "dmg": 1, "sli": 1, "ser": 0, "fat": 0, "row": -1, "mot": -1, "pie": 1, "uto": -1, "uwr": -1 }, "geometry": { "type": "Point", "coordinates": [ 20.412028, 51.194167 ] } },
{ "type": "Feature", "properties": { "ID": 121856822, "yr": 2022, "dt": "2022-10-06T13:19:16", "WOJ": 26, "sev": 1, "c": [ 255, 255, 0, 160 ], "dmg": 1, "sli": 1, "ser": 0, "fat": 0, "row": -1, "mot": -1, "pie": 1, "uto": -1, "uwr": -1 }, "geometry": { "type": "Point", "coordinates": [ 20.526222, 50.520694 ] } },
{ "type": "Feature", "properties": { "ID": 121859530, "yr": 2022, "dt": "2022-10-06T18:50:00", "WOJ": 26, "sev": 1, "c": [ 255, 255, 0, 160 ], "dmg": 1, "sli": 1, "ser": 0, "fat": 0, "row": -1, "mot": -1, "pie": -1, "uto": -1, "uwr": -1 }, "geometry": { "type": "Point", "coordinates": [ 20.635028, 50.852222 ] } },
{ "type": "Feature", "properties": { "ID": 121846019, "yr": 2022, "dt": "2022-10-04T05:45:00", "WOJ": 26, "sev": 1, "c": [ 255, 255, 0, 160 ], "dmg": 1, "sli": 1, "ser": 0, "fat": 0, "row": 1, "mot": -1, "pie": -1, "uto": -1, "uwr": -1 }, "geometry": { "type": "Point", "coordinates": [ 20.867028, 51.111139 ] } },
{ "type": "Feature", "properties": { "ID": 121846490, "yr": 2022, "dt": "2022-10-03T12:22:00", "WOJ": 26, "sev": 1, "c": [ 255, 255, 0, 160 ], "dmg": 1, "sli": 1, "ser": 0, "fat": 0, "row": -1, "mot": -1, "pie": -1, "uto": -1, "uwr": -1 }, "geometry": { "type": "Point", "coordinates": [ 21.744111, 50.75475 ] } },
{ "type": "Feature", "properties": { "ID": 121841060, "yr": 2022, "dt": "2022-10-01T07:47:09", "WOJ": 26, "sev": 1, "c": [ 255, 255, 0, 160 ], "dmg": 0, "sli": 1, "ser": 0, "fat": 0, "row": -1, "mot": -1, "pie": -1, "uto": -1, "uwr": -1 }, "geometry": { "type": "Point", "coordinates": [ 20.435611, 50.624222 ] } },
{ "type": "Feature", "properties": { "ID": 121841508, "yr": 2022, "dt": "2022-10-01T23:45:00", "WOJ": 26, "sev": 1, "c": [ 255, 255, 0, 160 ], "dmg": 1, "sli": 1, "ser": 0, "fat": 0, "row": -1, "mot": -1, "pie": 1, "uto": -1, "uwr": -1 }, "geometry": { "type": "Point", "coordinates": [ 20.655167, 50.840972 ] } },
{ "type": "Feature", "properties": { "ID": 120515422, "yr": 2022, "dt": "2022-05-14T10:00:00", "WOJ": 26, "sev": 1, "c": [ 255, 255, 0, 160 ], "dmg": 1, "sli": 1, "ser": 0, "fat": 0, "row": 1, "mot": -1, "pie": -1, "uto": -1, "uwr": -1 }, "geometry": { "type": "Point", "coordinates": [ 20.545861, 50.842528 ] } },
{ "type": "Feature", "properties": { "ID": 120520860, "yr": 2022, "dt": "2022-05-14T18:05:00", "WOJ": 26, "sev": 1, "c": [ 255, 255, 0, 160 ], "dmg": 0, "sli": 1, "ser": 0, "fat": 0, "row": 1, "mot": -1, "pie": -1, "uto": -1, "uwr": -1 }, "geometry": { "type": "Point", "coordinates": [ 20.413417, 50.491611 ] } },
{ "type": "Feature", "properties": { "ID": 120519771, "yr": 2022, "dt": "2022-05-14T19:50:00", "WOJ": 26, "sev": 1, "c": [ 255, 255, 0, 160 ], "dmg": 0, "sli": 1, "ser": 0, "fat": 0, "row": 1, "mot": -1, "pie": -1, "uto": -1, "uwr": -1 }, "geometry": { "type": "Point", "coordinates": [ 20.643333, 50.887306 ] } },
{ "type": "Feature", "properties": { "ID": 121820361, "yr": 2022, "dt": "2022-09-26T17:15:00", "WOJ": 26, "sev": 1, "c": [ 255, 255, 0, 160 ], "dmg": 2, "sli": 2, "ser": 0, "fat": 0, "row": -1, "mot": -1, "pie": -1, "uto": -1, "uwr": -1 }, "geometry": { "type": "Point", "coordinates": [ 20.61425, 50.862944 ] } },
{ "type": "Feature", "properties": { "ID": 120564166, "yr": 2022, "dt": "2022-05-29T18:30:00", "WOJ": 26, "sev": 1, "c": [ 255, 255, 0, 160 ], "dmg": 1, "sli": 1, "ser": 0, "fat": 0, "row": -1, "mot": -1, "pie": -1, "uto": -1, "uwr": -1 }, "geometry": { "type": "Point", "coordinates": [ 20.572833, 50.898778 ] } },
{ "type": "Feature", "properties": { "ID": 120563730, "yr": 2022, "dt": "2022-05-28T22:12:26", "WOJ": 26, "sev": 1, "c": [ 255, 255, 0, 160 ], "dmg": 1, "sli": 3, "ser": 0, "fat": 0, "row": -1, "mot": -1, "pie": -1, "uto": -1, "uwr": -1 }, "geometry": { "type": "Point", "coordinates": [ 21.11925, 50.577444 ] } },
{ "type": "Feature", "properties": { "ID": 120535255, "yr": 2022, "dt": "2022-05-25T06:44:00", "WOJ": 26, "sev": 1, "c": [ 255, 255, 0, 160 ], "dmg": 1, "sli": 1, "ser": 0, "fat": 0, "row": -1, "mot": -1, "pie": -1, "uto": -1, "uwr": -1 }, "geometry": { "type": "Point", "coordinates": [ 21.371139, 50.748083 ] } },
{ "type": "Feature", "properties": { "ID": 120579380, "yr": 2022, "dt": "2022-05-25T15:45:00", "WOJ": 26, "sev": 1, "c": [ 255, 255, 0, 160 ], "dmg": 1, "sli": 1, "ser": 0, "fat": 0, "row": -1, "mot": -1, "pie": -1, "uto": -1, "uwr": -1 }, "geometry": { "type": "Point", "coordinates": [ 20.645194, 50.895028 ] } },
{ "type": "Feature", "properties": { "ID": 120537419, "yr": 2022, "dt": "2022-05-24T12:10:00", "WOJ": 26, "sev": 1, "c": [ 255, 255, 0, 160 ], "dmg": 1, "sli": 1, "ser": 0, "fat": 0, "row": -1, "mot": 1, "pie": -1, "uto": -1, "uwr": -1 }, "geometry": { "type": "Point", "coordinates": [ 21.390528, 50.92725 ] } },
{ "type": "Feature", "properties": { "ID": 120579381, "yr": 2022, "dt": "2022-05-24T05:48:00", "WOJ": 26, "sev": 1, "c": [ 255, 255, 0, 160 ], "dmg": 0, "sli": 6, "ser": 0, "fat": 0, "row": -1, "mot": -1, "pie": -1, "uto": -1, "uwr": -1 }, "geometry": { "type": "Point", "coordinates": [ 20.471639, 50.805222 ] } },
{ "type": "Feature", "properties": { "ID": 120532782, "yr": 2022, "dt": "2022-05-23T15:50:00", "WOJ": 26, "sev": 1, "c": [ 255, 255, 0, 160 ], "dmg": 2, "sli": 1, "ser": 0, "fat": 0, "row": -1, "mot": -1, "pie": -1, "uto": -1, "uwr": -1 }, "geometry": { "type": "Point", "coordinates": [ 20.620972, 50.868694 ] } },
{ "type": "Feature", "properties": { "ID": 120529612, "yr": 2022, "dt": "2022-05-21T18:14:44", "WOJ": 26, "sev": 1, "c": [ 255, 255, 0, 160 ], "dmg": 0, "sli": 2, "ser": 0, "fat": 0, "row": -1, "mot": -1, "pie": -1, "uto": -1, "uwr": -1 }, "geometry": { "type": "Point", "coordinates": [ 21.349333, 50.882889 ] } },
{ "type": "Feature", "properties": { "ID": 120527434, "yr": 2022, "dt": "2022-05-20T09:30:00", "WOJ": 26, "sev": 1, "c": [ 255, 255, 0, 160 ], "dmg": 1, "sli": 1, "ser": 0, "fat": 0, "row": -1, "mot": -1, "pie": -1, "uto": -1, "uwr": -1 }, "geometry": { "type": "Point", "coordinates": [ 21.125583, 50.971722 ] } },
{ "type": "Feature", "properties": { "ID": 120533059, "yr": 2022, "dt": "2022-05-20T07:55:00", "WOJ": 26, "sev": 1, "c": [ 255, 255, 0, 160 ], "dmg": 1, "sli": 1, "ser": 0, "fat": 0, "row": -1, "mot": -1, "pie": -1, "uto": -1, "uwr": -1 }, "geometry": { "type": "Point", "coordinates": [ 20.625528, 50.874222 ] } },
{ "type": "Feature", "properties": { "ID": 120534804, "yr": 2022, "dt": "2022-05-20T15:55:00", "WOJ": 26, "sev": 1, "c": [ 255, 255, 0, 160 ], "dmg": 0, "sli": 4, "ser": 0, "fat": 0, "row": -1, "mot": -1, "pie": -1, "uto": -1, "uwr": -1 }, "geometry": { "type": "Point", "coordinates": [ 20.283194, 50.807417 ] } },
{ "type": "Feature", "properties": { "ID": 120567604, "yr": 2022, "dt": "2022-05-19T16:43:00", "WOJ": 26, "sev": 1, "c": [ 255, 255, 0, 160 ], "dmg": 1, "sli": 1, "ser": 0, "fat": 0, "row": 1, "mot": -1, "pie": -1, "uto": -1, "uwr": -1 }, "geometry": { "type": "Point", "coordinates": [ 21.164806, 50.686444 ] } },
{ "type": "Feature", "properties": { "ID": 120527650, "yr": 2022, "dt": "2022-05-19T15:17:00", "WOJ": 26, "sev": 1, "c": [ 255, 255, 0, 160 ], "dmg": 1, "sli": 1, "ser": 0, "fat": 0, "row": 1, "mot": -1, "pie": -1, "uto": -1, "uwr": -1 }, "geometry": { "type": "Point", "coordinates": [ 21.772222, 50.68625 ] } },
{ "type": "Feature", "properties": { "ID": 120533069, "yr": 2022, "dt": "2022-05-18T12:10:00", "WOJ": 26, "sev": 1, "c": [ 255, 255, 0, 160 ], "dmg": 2, "sli": 1, "ser": 0, "fat": 0, "row": -1, "mot": -1, "pie": -1, "uto": -1, "uwr": -1 }, "geometry": { "type": "Point", "coordinates": [ 20.637444, 50.856444 ] } },
{ "type": "Feature", "properties": { "ID": 120523724, "yr": 2022, "dt": "2022-05-18T14:00:00", "WOJ": 26, "sev": 1, "c": [ 255, 255, 0, 160 ], "dmg": 1, "sli": 1, "ser": 0, "fat": 0, "row": 0, "mot": -1, "pie": 1, "uto": -1, "uwr": -1 }, "geometry": { "type": "Point", "coordinates": [ 20.634528, 50.881611 ] } },
{ "type": "Feature", "properties": { "ID": 120750551, "yr": 2022, "dt": "2022-06-06T07:50:00", "WOJ": 26, "sev": 1, "c": [ 255, 255, 0, 160 ], "dmg": 2, "sli": 3, "ser": 0, "fat": 0, "row": -1, "mot": -1, "pie": -1, "uto": -1, "uwr": -1 }, "geometry": { "type": "Point", "coordinates": [ 20.919667, 50.849 ] } },
{ "type": "Feature", "properties": { "ID": 120750921, "yr": 2022, "dt": "2022-06-06T12:31:55", "WOJ": 26, "sev": 1, "c": [ 255, 255, 0, 160 ], "dmg": 2, "sli": 1, "ser": 0, "fat": 0, "row": -1, "mot": -1, "pie": -1, "uto": -1, "uwr": -1 }, "geometry": { "type": "Point", "coordinates": [ 21.597361, 50.522444 ] } },
{ "type": "Feature", "properties": { "ID": 120719116, "yr": 2022, "dt": "2022-06-04T16:30:00", "WOJ": 26, "sev": 1, "c": [ 255, 255, 0, 160 ], "dmg": 0, "sli": 2, "ser": 0, "fat": 0, "row": -1, "mot": -1, "pie": -1, "uto": -1, "uwr": -1 }, "geometry": { "type": "Point", "coordinates": [ 20.631278, 50.749167 ] } },
{ "type": "Feature", "properties": { "ID": 120666868, "yr": 2022, "dt": "2022-06-02T17:30:00", "WOJ": 26, "sev": 1, "c": [ 255, 255, 0, 160 ], "dmg": 2, "sli": 1, "ser": 0, "fat": 0, "row": -1, "mot": -1, "pie": -1, "uto": -1, "uwr": -1 }, "geometry": { "type": "Point", "coordinates": [ 20.513944, 50.829778 ] } },
{ "type": "Feature", "properties": { "ID": 120718410, "yr": 2022, "dt": "2022-06-02T17:33:15", "WOJ": 26, "sev": 1, "c": [ 255, 255, 0, 160 ], "dmg": 1, "sli": 1, "ser": 0, "fat": 0, "row": -1, "mot": -1, "pie": 1, "uto": -1, "uwr": -1 }, "geometry": { "type": "Point", "coordinates": [ 20.287361, 50.649611 ] } },
{ "type": "Feature", "properties": { "ID": 120659433, "yr": 2022, "dt": "2022-06-01T14:05:00", "WOJ": 26, "sev": 1, "c": [ 255, 255, 0, 160 ], "dmg": 1, "sli": 1, "ser": 0, "fat": 0, "row": -1, "mot": -1, "pie": -1, "uto": -1, "uwr": -1 }, "geometry": { "type": "Point", "coordinates": [ 20.972139, 51.069861 ] } },
{ "type": "Feature", "properties": { "ID": 120600210, "yr": 2022, "dt": "2022-06-01T16:20:00", "WOJ": 26, "sev": 1, "c": [ 255, 255, 0, 160 ], "dmg": 1, "sli": 1, "ser": 0, "fat": 0, "row": -1, "mot": -1, "pie": 1, "uto": -1, "uwr": -1 }, "geometry": { "type": "Point", "coordinates": [ 20.662361, 50.894444 ] } },
{ "type": "Feature", "properties": { "ID": 120659417, "yr": 2022, "dt": "2022-06-01T13:29:41", "WOJ": 26, "sev": 1, "c": [ 255, 255, 0, 160 ], "dmg": 1, "sli": 1, "ser": 0, "fat": 0, "row": -1, "mot": -1, "pie": -1, "uto": -1, "uwr": -1 }, "geometry": { "type": "Point", "coordinates": [ 21.573611, 50.5935 ] } },
{ "type": "Feature", "properties": { "ID": 120588904, "yr": 2022, "dt": "2022-05-30T07:27:00", "WOJ": 26, "sev": 1, "c": [ 255, 255, 0, 160 ], "dmg": 2, "sli": 1, "ser": 0, "fat": 0, "row": -1, "mot": -1, "pie": -1, "uto": -1, "uwr": -1 }, "geometry": { "type": "Point", "coordinates": [ 21.692472, 50.69475 ] } },
{ "type": "Feature", "properties": { "ID": 120563925, "yr": 2022, "dt": "2022-05-29T10:30:00", "WOJ": 26, "sev": 1, "c": [ 255, 255, 0, 160 ], "dmg": 2, "sli": 1, "ser": 0, "fat": 0, "row": -1, "mot": -1, "pie": -1, "uto": -1, "uwr": -1 }, "geometry": { "type": "Point", "coordinates": [ 20.545694, 50.967556 ] } },
{ "type": "Feature", "properties": { "ID": 121840915, "yr": 2022, "dt": "2022-09-30T19:35:55", "WOJ": 26, "sev": 1, "c": [ 255, 255, 0, 160 ], "dmg": 2, "sli": 1, "ser": 0, "fat": 0, "row": -1, "mot": -1, "pie": -1, "uto": -1, "uwr": -1 }, "geometry": { "type": "Point", "coordinates": [ 19.958056, 50.608167 ] } },
{ "type": "Feature", "properties": { "ID": 121835386, "yr": 2022, "dt": "2022-09-29T05:55:04", "WOJ": 26, "sev": 1, "c": [ 255, 255, 0, 160 ], "dmg": 1, "sli": 1, "ser": 0, "fat": 0, "row": 1, "mot": -1, "pie": -1, "uto": -1, "uwr": -1 }, "geometry": { "type": "Point", "coordinates": [ 20.278611, 50.647833 ] } },
{ "type": "Feature", "properties": { "ID": 121824892, "yr": 2022, "dt": "2022-09-27T05:30:00", "WOJ": 26, "sev": 1, "c": [ 255, 255, 0, 160 ], "dmg": 1, "sli": 1, "ser": 0, "fat": 0, "row": 1, "mot": -1, "pie": -1, "uto": -1, "uwr": -1 }, "geometry": { "type": "Point", "coordinates": [ 21.081917, 51.053833 ] } },
{ "type": "Feature", "properties": { "ID": 121835442, "yr": 2022, "dt": "2022-09-27T09:10:00", "WOJ": 26, "sev": 1, "c": [ 255, 255, 0, 160 ], "dmg": 1, "sli": 1, "ser": 0, "fat": 0, "row": -1, "mot": -1, "pie": -1, "uto": -1, "uwr": -1 }, "geometry": { "type": "Point", "coordinates": [ 20.608056, 50.873056 ] } },
{ "type": "Feature", "properties": { "ID": 121824957, "yr": 2022, "dt": "2022-09-27T07:15:00", "WOJ": 26, "sev": 1, "c": [ 255, 255, 0, 160 ], "dmg": 1, "sli": 1, "ser": 0, "fat": 0, "row": 1, "mot": -1, "pie": -1, "uto": -1, "uwr": -1 }, "geometry": { "type": "Point", "coordinates": [ 20.516861, 50.821722 ] } },
{ "type": "Feature", "properties": { "ID": 121820377, "yr": 2022, "dt": "2022-09-26T16:00:00", "WOJ": 26, "sev": 1, "c": [ 255, 255, 0, 160 ], "dmg": 0, "sli": 3, "ser": 0, "fat": 0, "row": -1, "mot": -1, "pie": -1, "uto": -1, "uwr": -1 }, "geometry": { "type": "Point", "coordinates": [ 20.562806, 50.799472 ] } },
{ "type": "Feature", "properties": { "ID": 120807711, "yr": 2022, "dt": "2022-06-12T10:04:00", "WOJ": 26, "sev": 1, "c": [ 255, 255, 0, 160 ], "dmg": 0, "sli": 1, "ser": 0, "fat": 0, "row": -1, "mot": 1, "pie": -1, "uto": -1, "uwr": -1 }, "geometry": { "type": "Point", "coordinates": [ 21.177139, 50.390389 ] } },
{ "type": "Feature", "properties": { "ID": 120790516, "yr": 2022, "dt": "2022-06-10T13:54:15", "WOJ": 26, "sev": 1, "c": [ 255, 255, 0, 160 ], "dmg": 3, "sli": 1, "ser": 0, "fat": 0, "row": -1, "mot": -1, "pie": -1, "uto": -1, "uwr": -1 }, "geometry": { "type": "Point", "coordinates": [ 21.763833, 50.65775 ] } },
{ "type": "Feature", "properties": { "ID": 120790416, "yr": 2022, "dt": "2022-06-10T12:15:00", "WOJ": 26, "sev": 1, "c": [ 255, 255, 0, 160 ], "dmg": 1, "sli": 1, "ser": 0, "fat": 0, "row": -1, "mot": -1, "pie": -1, "uto": -1, "uwr": -1 }, "geometry": { "type": "Point", "coordinates": [ 20.638333, 50.881306 ] } },
{ "type": "Feature", "properties": { "ID": 121822010, "yr": 2022, "dt": "2022-09-24T13:24:39", "WOJ": 26, "sev": 1, "c": [ 255, 255, 0, 160 ], "dmg": 1, "sli": 1, "ser": 0, "fat": 0, "row": -1, "mot": -1, "pie": -1, "uto": -1, "uwr": -1 }, "geometry": { "type": "Point", "coordinates": [ 21.602778, 50.863417 ] } },
{ "type": "Feature", "properties": { "ID": 121821594, "yr": 2022, "dt": "2022-09-23T13:30:00", "WOJ": 26, "sev": 1, "c": [ 255, 255, 0, 160 ], "dmg": 1, "sli": 1, "ser": 0, "fat": 0, "row": -1, "mot": -1, "pie": -1, "uto": -1, "uwr": -1 }, "geometry": { "type": "Point", "coordinates": [ 20.615417, 50.741 ] } },
{ "type": "Feature", "properties": { "ID": 121820651, "yr": 2022, "dt": "2022-09-22T16:42:04", "WOJ": 26, "sev": 1, "c": [ 255, 255, 0, 160 ], "dmg": 0, "sli": 1, "ser": 0, "fat": 0, "row": -1, "mot": -1, "pie": -1, "uto": -1, "uwr": -1 }, "geometry": { "type": "Point", "coordinates": [ 20.324333, 50.498083 ] } },
{ "type": "Feature", "properties": { "ID": 121815970, "yr": 2022, "dt": "2022-09-22T18:40:00", "WOJ": 26, "sev": 1, "c": [ 255, 255, 0, 160 ], "dmg": 1, "sli": 2, "ser": 0, "fat": 0, "row": -1, "mot": -1, "pie": -1, "uto": -1, "uwr": -1 }, "geometry": { "type": "Point", "coordinates": [ 20.889194, 50.872278 ] } },
{ "type": "Feature", "properties": { "ID": 121817393, "yr": 2022, "dt": "2022-09-21T08:12:35", "WOJ": 26, "sev": 1, "c": [ 255, 255, 0, 160 ], "dmg": 1, "sli": 1, "ser": 0, "fat": 0, "row": -1, "mot": -1, "pie": 1, "uto": -1, "uwr": -1 }, "geometry": { "type": "Point", "coordinates": [ 21.426917, 50.800389 ] } },
{ "type": "Feature", "properties": { "ID": 121813522, "yr": 2022, "dt": "2022-09-20T12:48:05", "WOJ": 26, "sev": 1, "c": [ 255, 255, 0, 160 ], "dmg": 1, "sli": 1, "ser": 0, "fat": 0, "row": -1, "mot": -1, "pie": -1, "uto": -1, "uwr": -1 }, "geometry": { "type": "Point", "coordinates": [ 20.409667, 50.252444 ] } },
{ "type": "Feature", "properties": { "ID": 121813375, "yr": 2022, "dt": "2022-09-20T14:17:39", "WOJ": 26, "sev": 1, "c": [ 255, 255, 0, 160 ], "dmg": 2, "sli": 1, "ser": 0, "fat": 0, "row": -1, "mot": -1, "pie": -1, "uto": -1, "uwr": -1 }, "geometry": { "type": "Point", "coordinates": [ 20.278778, 50.790611 ] } },
{ "type": "Feature", "properties": { "ID": 121825797, "yr": 2022, "dt": "2022-09-19T14:30:00", "WOJ": 26, "sev": 1, "c": [ 255, 255, 0, 160 ], "dmg": 0, "sli": 1, "ser": 0, "fat": 0, "row": -1, "mot": -1, "pie": -1, "uto": -1, "uwr": -1 }, "geometry": { "type": "Point", "coordinates": [ 21.41726, 50.94939 ] } },
{ "type": "Feature", "properties": { "ID": 121809735, "yr": 2022, "dt": "2022-09-19T05:55:15", "WOJ": 26, "sev": 1, "c": [ 255, 255, 0, 160 ], "dmg": 1, "sli": 1, "ser": 0, "fat": 0, "row": -1, "mot": -1, "pie": 1, "uto": -1, "uwr": -1 }, "geometry": { "type": "Point", "coordinates": [ 21.387417, 50.935972 ] } },
{ "type": "Feature", "properties": { "ID": 121810071, "yr": 2022, "dt": "2022-09-19T13:40:00", "WOJ": 26, "sev": 1, "c": [ 255, 255, 0, 160 ], "dmg": 2, "sli": 1, "ser": 0, "fat": 0, "row": -1, "mot": -1, "pie": -1, "uto": -1, "uwr": -1 }, "geometry": { "type": "Point", "coordinates": [ 20.604278, 50.710194 ] } },
{ "type": "Feature", "properties": { "ID": 121808344, "yr": 2022, "dt": "2022-09-19T05:30:00", "WOJ": 26, "sev": 1, "c": [ 255, 255, 0, 160 ], "dmg": 2, "sli": 1, "ser": 0, "fat": 0, "row": -1, "mot": -1, "pie": 1, "uto": -1, "uwr": -1 }, "geometry": { "type": "Point", "coordinates": [ 20.62375, 50.848917 ] } },
{ "type": "Feature", "properties": { "ID": 120778375, "yr": 2022, "dt": "2022-06-08T10:30:00", "WOJ": 26, "sev": 1, "c": [ 255, 255, 0, 160 ], "dmg": 1, "sli": 1, "ser": 0, "fat": 0, "row": -1, "mot": -1, "pie": -1, "uto": -1, "uwr": -1 }, "geometry": { "type": "Point", "coordinates": [ 20.652889, 50.864694 ] } },
{ "type": "Feature", "properties": { "ID": 120777443, "yr": 2022, "dt": "2022-06-07T07:50:00", "WOJ": 26, "sev": 1, "c": [ 255, 255, 0, 160 ], "dmg": 1, "sli": 1, "ser": 0, "fat": 0, "row": -1, "mot": -1, "pie": -1, "uto": -1, "uwr": -1 }, "geometry": { "type": "Point", "coordinates": [ 20.592056, 50.881306 ] } },
{ "type": "Feature", "properties": { "ID": 121789533, "yr": 2022, "dt": "2022-09-09T16:38:00", "WOJ": 26, "sev": 1, "c": [ 255, 255, 0, 160 ], "dmg": 0, "sli": 2, "ser": 0, "fat": 0, "row": -1, "mot": -1, "pie": -1, "uto": -1, "uwr": -1 }, "geometry": { "type": "Point", "coordinates": [ 21.529, 51.008056 ] } },
{ "type": "Feature", "properties": { "ID": 120833669, "yr": 2022, "dt": "2022-06-23T14:51:49", "WOJ": 26, "sev": 1, "c": [ 255, 255, 0, 160 ], "dmg": 0, "sli": 1, "ser": 0, "fat": 0, "row": -1, "mot": -1, "pie": -1, "uto": -1, "uwr": -1 }, "geometry": { "type": "Point", "coordinates": [ 20.596897, 50.374653 ] } },
{ "type": "Feature", "properties": { "ID": 120836444, "yr": 2022, "dt": "2022-06-23T16:40:00", "WOJ": 26, "sev": 1, "c": [ 255, 255, 0, 160 ], "dmg": 1, "sli": 1, "ser": 0, "fat": 0, "row": 0, "mot": -1, "pie": 1, "uto": -1, "uwr": -1 }, "geometry": { "type": "Point", "coordinates": [ 21.113806, 51.120278 ] } },
{ "type": "Feature", "properties": { "ID": 120830972, "yr": 2022, "dt": "2022-06-22T13:35:00", "WOJ": 26, "sev": 1, "c": [ 255, 255, 0, 160 ], "dmg": 2, "sli": 1, "ser": 0, "fat": 0, "row": -1, "mot": -1, "pie": -1, "uto": -1, "uwr": -1 }, "geometry": { "type": "Point", "coordinates": [ 20.616917, 50.744944 ] } },
{ "type": "Feature", "properties": { "ID": 120830544, "yr": 2022, "dt": "2022-06-22T00:38:34", "WOJ": 26, "sev": 1, "c": [ 255, 255, 0, 160 ], "dmg": 1, "sli": 1, "ser": 0, "fat": 0, "row": -1, "mot": -1, "pie": -1, "uto": -1, "uwr": -1 }, "geometry": { "type": "Point", "coordinates": [ 20.336, 50.664611 ] } },
{ "type": "Feature", "properties": { "ID": 120823240, "yr": 2022, "dt": "2022-06-21T07:29:24", "WOJ": 26, "sev": 1, "c": [ 255, 255, 0, 160 ], "dmg": 1, "sli": 1, "ser": 0, "fat": 0, "row": -1, "mot": -1, "pie": -1, "uto": -1, "uwr": -1 }, "geometry": { "type": "Point", "coordinates": [ 21.670861, 50.804694 ] } },
{ "type": "Feature", "properties": { "ID": 120822851, "yr": 2022, "dt": "2022-06-20T13:40:00", "WOJ": 26, "sev": 1, "c": [ 255, 255, 0, 160 ], "dmg": 1, "sli": 1, "ser": 0, "fat": 0, "row": -1, "mot": -1, "pie": -1, "uto": -1, "uwr": -1 }, "geometry": { "type": "Point", "coordinates": [ 20.61875, 50.997639 ] } },
{ "type": "Feature", "properties": { "ID": 120821435, "yr": 2022, "dt": "2022-06-18T18:15:00", "WOJ": 26, "sev": 1, "c": [ 255, 255, 0, 160 ], "dmg": 1, "sli": 1, "ser": 0, "fat": 0, "row": -1, "mot": 1, "pie": -1, "uto": -1, "uwr": -1 }, "geometry": { "type": "Point", "coordinates": [ 21.062472, 50.879306 ] } },
{ "type": "Feature", "properties": { "ID": 120818908, "yr": 2022, "dt": "2022-06-17T18:15:00", "WOJ": 26, "sev": 1, "c": [ 255, 255, 0, 160 ], "dmg": 2, "sli": 1, "ser": 0, "fat": 0, "row": -1, "mot": -1, "pie": -1, "uto": -1, "uwr": -1 }, "geometry": { "type": "Point", "coordinates": [ 20.632444, 50.852667 ] } },
{ "type": "Feature", "properties": { "ID": 120816912, "yr": 2022, "dt": "2022-06-17T18:55:41", "WOJ": 26, "sev": 1, "c": [ 255, 255, 0, 160 ], "dmg": 1, "sli": 1, "ser": 0, "fat": 0, "row": -1, "mot": -1, "pie": -1, "uto": -1, "uwr": -1 }, "geometry": { "type": "Point", "coordinates": [ 20.491944, 50.261806 ] } },
{ "type": "Feature", "properties": { "ID": 120816396, "yr": 2022, "dt": "2022-06-16T14:15:00", "WOJ": 26, "sev": 1, "c": [ 255, 255, 0, 160 ], "dmg": 0, "sli": 1, "ser": 0, "fat": 0, "row": 1, "mot": -1, "pie": -1, "uto": -1, "uwr": -1 }, "geometry": { "type": "Point", "coordinates": [ 21.172611, 51.019028 ] } },
{ "type": "Feature", "properties": { "ID": 120813596, "yr": 2022, "dt": "2022-06-14T14:52:37", "WOJ": 26, "sev": 1, "c": [ 255, 255, 0, 160 ], "dmg": 1, "sli": 1, "ser": 0, "fat": 0, "row": -1, "mot": -1, "pie": 1, "uto": -1, "uwr": -1 }, "geometry": { "type": "Point", "coordinates": [ 21.185083, 50.563028 ] } },
{ "type": "Feature", "properties": { "ID": 120814473, "yr": 2022, "dt": "2022-06-14T16:10:00", "WOJ": 26, "sev": 1, "c": [ 255, 255, 0, 160 ], "dmg": 1, "sli": 1, "ser": 0, "fat": 0, "row": -1, "mot": -1, "pie": 1, "uto": -1, "uwr": -1 }, "geometry": { "type": "Point", "coordinates": [ 21.076583, 51.031889 ] } },
{ "type": "Feature", "properties": { "ID": 120814867, "yr": 2022, "dt": "2022-06-14T10:50:00", "WOJ": 26, "sev": 1, "c": [ 255, 255, 0, 160 ], "dmg": 1, "sli": 1, "ser": 0, "fat": 0, "row": -1, "mot": -1, "pie": -1, "uto": -1, "uwr": -1 }, "geometry": { "type": "Point", "coordinates": [ 20.643056, 50.849417 ] } },
{ "type": "Feature", "properties": { "ID": 120793517, "yr": 2022, "dt": "2022-06-13T10:26:57", "WOJ": 26, "sev": 1, "c": [ 255, 255, 0, 160 ], "dmg": 1, "sli": 1, "ser": 0, "fat": 0, "row": -1, "mot": -1, "pie": -1, "uto": -1, "uwr": -1 }, "geometry": { "type": "Point", "coordinates": [ 20.759889, 51.107694 ] } },
{ "type": "Feature", "properties": { "ID": 120791853, "yr": 2022, "dt": "2022-06-12T18:10:46", "WOJ": 26, "sev": 1, "c": [ 255, 255, 0, 160 ], "dmg": 0, "sli": 1, "ser": 0, "fat": 0, "row": -1, "mot": -1, "pie": -1, "uto": -1, "uwr": -1 }, "geometry": { "type": "Point", "coordinates": [ 20.195806, 50.777639 ] } },
{ "type": "Feature", "properties": { "ID": 120851890, "yr": 2022, "dt": "2022-06-29T17:15:00", "WOJ": 26, "sev": 1, "c": [ 255, 255, 0, 160 ], "dmg": 1, "sli": 1, "ser": 0, "fat": 0, "row": 1, "mot": -1, "pie": -1, "uto": -1, "uwr": -1 }, "geometry": { "type": "Point", "coordinates": [ 20.618611, 50.873583 ] } },
{ "type": "Feature", "properties": { "ID": 120847526, "yr": 2022, "dt": "2022-06-29T22:19:21", "WOJ": 26, "sev": 1, "c": [ 255, 255, 0, 160 ], "dmg": 0, "sli": 1, "ser": 0, "fat": 0, "row": 1, "mot": -1, "pie": -1, "uto": -1, "uwr": -1 }, "geometry": { "type": "Point", "coordinates": [ 20.657944, 50.885917 ] } },
{ "type": "Feature", "properties": { "ID": 120845842, "yr": 2022, "dt": "2022-06-28T16:32:41", "WOJ": 26, "sev": 1, "c": [ 255, 255, 0, 160 ], "dmg": 0, "sli": 1, "ser": 0, "fat": 0, "row": -1, "mot": -1, "pie": -1, "uto": -1, "uwr": -1 }, "geometry": { "type": "Point", "coordinates": [ 20.10925, 50.519917 ] } },
{ "type": "Feature", "properties": { "ID": 120845789, "yr": 2022, "dt": "2022-06-28T15:32:40", "WOJ": 26, "sev": 1, "c": [ 255, 255, 0, 160 ], "dmg": 0, "sli": 1, "ser": 0, "fat": 0, "row": 1, "mot": -1, "pie": -1, "uto": -1, "uwr": -1 }, "geometry": { "type": "Point", "coordinates": [ 21.297111, 50.581528 ] } },
{ "type": "Feature", "properties": { "ID": 120844830, "yr": 2022, "dt": "2022-06-28T10:00:00", "WOJ": 26, "sev": 1, "c": [ 255, 255, 0, 160 ], "dmg": 0, "sli": 1, "ser": 0, "fat": 0, "row": -1, "mot": -1, "pie": -1, "uto": -1, "uwr": -1 }, "geometry": { "type": "Point", "coordinates": [ 20.716972, 50.89675 ] } },
{ "type": "Feature", "properties": { "ID": 120843746, "yr": 2022, "dt": "2022-06-27T17:35:00", "WOJ": 26, "sev": 1, "c": [ 255, 255, 0, 160 ], "dmg": 1, "sli": 1, "ser": 0, "fat": 0, "row": 1, "mot": -1, "pie": -1, "uto": -1, "uwr": -1 }, "geometry": { "type": "Point", "coordinates": [ 21.153389, 51.011083 ] } },
{ "type": "Feature", "properties": { "ID": 120842579, "yr": 2022, "dt": "2022-06-26T18:21:31", "WOJ": 26, "sev": 1, "c": [ 255, 255, 0, 160 ], "dmg": 2, "sli": 1, "ser": 0, "fat": 0, "row": -1, "mot": -1, "pie": -1, "uto": -1, "uwr": -1 }, "geometry": { "type": "Point", "coordinates": [ 20.264361, 50.62725 ] } },
{ "type": "Feature", "properties": { "ID": 120836107, "yr": 2022, "dt": "2022-06-24T18:18:05", "WOJ": 26, "sev": 1, "c": [ 255, 255, 0, 160 ], "dmg": 1, "sli": 1, "ser": 0, "fat": 0, "row": -1, "mot": -1, "pie": -1, "uto": -1, "uwr": -1 }, "geometry": { "type": "Point", "coordinates": [ 21.423889, 50.916417 ] } },
{ "type": "Feature", "properties": { "ID": 120837463, "yr": 2022, "dt": "2022-06-24T10:43:07", "WOJ": 26, "sev": 1, "c": [ 255, 255, 0, 160 ], "dmg": 1, "sli": 1, "ser": 0, "fat": 0, "row": -1, "mot": -1, "pie": -1, "uto": -1, "uwr": -1 }, "geometry": { "type": "Point", "coordinates": [ 20.236417, 50.519056 ] } },
{ "type": "Feature", "properties": { "ID": 121807767, "yr": 2022, "dt": "2022-09-17T07:35:00", "WOJ": 26, "sev": 1, "c": [ 255, 255, 0, 160 ], "dmg": 2, "sli": 1, "ser": 0, "fat": 0, "row": -1, "mot": -1, "pie": -1, "uto": -1, "uwr": -1 }, "geometry": { "type": "Point", "coordinates": [ 20.634472, 50.849278 ] } },
{ "type": "Feature", "properties": { "ID": 121805492, "yr": 2022, "dt": "2022-09-16T00:40:00", "WOJ": 26, "sev": 1, "c": [ 255, 255, 0, 160 ], "dmg": 1, "sli": 1, "ser": 0, "fat": 0, "row": -1, "mot": -1, "pie": 1, "uto": -1, "uwr": -1 }, "geometry": { "type": "Point", "coordinates": [ 20.834167, 50.851361 ] } },
{ "type": "Feature", "properties": { "ID": 121797294, "yr": 2022, "dt": "2022-09-14T13:11:11", "WOJ": 26, "sev": 1, "c": [ 255, 255, 0, 160 ], "dmg": 1, "sli": 1, "ser": 0, "fat": 0, "row": 1, "mot": -1, "pie": -1, "uto": -1, "uwr": -1 }, "geometry": { "type": "Point", "coordinates": [ 20.504694, 50.534389 ] } },
{ "type": "Feature", "properties": { "ID": 121800542, "yr": 2022, "dt": "2022-09-14T08:01:37", "WOJ": 26, "sev": 1, "c": [ 255, 255, 0, 160 ], "dmg": 1, "sli": 1, "ser": 0, "fat": 0, "row": -1, "mot": -1, "pie": 1, "uto": -1, "uwr": -1 }, "geometry": { "type": "Point", "coordinates": [ 21.233472, 50.798861 ] } },
{ "type": "Feature", "properties": { "ID": 121796142, "yr": 2022, "dt": "2022-09-13T14:14:17", "WOJ": 26, "sev": 1, "c": [ 255, 255, 0, 160 ], "dmg": 0, "sli": 1, "ser": 0, "fat": 0, "row": -1, "mot": -1, "pie": -1, "uto": -1, "uwr": -1 }, "geometry": { "type": "Point", "coordinates": [ 20.29425, 50.64575 ] } },
{ "type": "Feature", "properties": { "ID": 121790050, "yr": 2022, "dt": "2022-09-10T18:39:39", "WOJ": 26, "sev": 1, "c": [ 255, 255, 0, 160 ], "dmg": 1, "sli": 1, "ser": 0, "fat": 0, "row": -1, "mot": -1, "pie": -1, "uto": -1, "uwr": -1 }, "geometry": { "type": "Point", "coordinates": [ 21.454944, 50.695583 ] } },
{ "type": "Feature", "properties": { "ID": 121788160, "yr": 2022, "dt": "2022-09-09T10:40:00", "WOJ": 26, "sev": 1, "c": [ 255, 255, 0, 160 ], "dmg": 1, "sli": 1, "ser": 0, "fat": 0, "row": -1, "mot": -1, "pie": -1, "uto": -1, "uwr": -1 }, "geometry": { "type": "Point", "coordinates": [ 20.652056, 50.843722 ] } },
{ "type": "Feature", "properties": { "ID": 120853411, "yr": 2022, "dt": "2022-07-03T17:00:06", "WOJ": 26, "sev": 1, "c": [ 255, 255, 0, 160 ], "dmg": 3, "sli": 1, "ser": 0, "fat": 0, "row": -1, "mot": -1, "pie": -1, "uto": -1, "uwr": -1 }, "geometry": { "type": "Point", "coordinates": [ 20.667083, 50.218333 ] } },
{ "type": "Feature", "properties": { "ID": 120853329, "yr": 2022, "dt": "2022-07-03T13:50:00", "WOJ": 26, "sev": 1, "c": [ 255, 255, 0, 160 ], "dmg": 1, "sli": 1, "ser": 0, "fat": 0, "row": -1, "mot": -1, "pie": -1, "uto": -1, "uwr": -1 }, "geometry": { "type": "Point", "coordinates": [ 20.604056, 50.709694 ] } },
{ "type": "Feature", "properties": { "ID": 120852601, "yr": 2022, "dt": "2022-07-02T04:50:00", "WOJ": 26, "sev": 1, "c": [ 255, 255, 0, 160 ], "dmg": 0, "sli": 1, "ser": 0, "fat": 0, "row": 1, "mot": -1, "pie": -1, "uto": -1, "uwr": -1 }, "geometry": { "type": "Point", "coordinates": [ 20.608083, 50.892611 ] } },
{ "type": "Feature", "properties": { "ID": 120852832, "yr": 2022, "dt": "2022-07-02T13:30:00", "WOJ": 26, "sev": 1, "c": [ 255, 255, 0, 160 ], "dmg": 1, "sli": 1, "ser": 0, "fat": 0, "row": -1, "mot": -1, "pie": -1, "uto": -1, "uwr": -1 }, "geometry": { "type": "Point", "coordinates": [ 20.30825, 50.978556 ] } },
{ "type": "Feature", "properties": { "ID": 120850972, "yr": 2022, "dt": "2022-07-01T10:22:38", "WOJ": 26, "sev": 1, "c": [ 255, 255, 0, 160 ], "dmg": 2, "sli": 1, "ser": 0, "fat": 0, "row": -1, "mot": -1, "pie": -1, "uto": -1, "uwr": -1 }, "geometry": { "type": "Point", "coordinates": [ 20.615389, 50.57675 ] } },
{ "type": "Feature", "properties": { "ID": 120847118, "yr": 2022, "dt": "2022-06-30T17:00:00", "WOJ": 26, "sev": 1, "c": [ 255, 255, 0, 160 ], "dmg": 2, "sli": 1, "ser": 0, "fat": 0, "row": -1, "mot": -1, "pie": -1, "uto": -1, "uwr": -1 }, "geometry": { "type": "Point", "coordinates": [ 21.088556, 50.994972 ] } },
{ "type": "Feature", "properties": { "ID": 120849697, "yr": 2022, "dt": "2022-06-30T14:20:00", "WOJ": 26, "sev": 1, "c": [ 255, 255, 0, 160 ], "dmg": 0, "sli": 2, "ser": 0, "fat": 0, "row": -1, "mot": -1, "pie": -1, "uto": -1, "uwr": -1 }, "geometry": { "type": "Point", "coordinates": [ 20.887472, 50.823222 ] } },
{ "type": "Feature", "properties": { "ID": 120846814, "yr": 2022, "dt": "2022-06-29T18:00:00", "WOJ": 26, "sev": 1, "c": [ 255, 255, 0, 160 ], "dmg": 1, "sli": 1, "ser": 0, "fat": 0, "row": -1, "mot": -1, "pie": -1, "uto": -1, "uwr": -1 }, "geometry": { "type": "Point", "coordinates": [ 20.744667, 50.831444 ] } },
{ "type": "Feature", "properties": { "ID": 120847516, "yr": 2022, "dt": "2022-06-29T18:42:00", "WOJ": 26, "sev": 1, "c": [ 255, 255, 0, 160 ], "dmg": 1, "sli": 1, "ser": 0, "fat": 0, "row": 1, "mot": -1, "pie": -1, "uto": -1, "uwr": -1 }, "geometry": { "type": "Point", "coordinates": [ 20.513528, 50.948778 ] } },
{ "type": "Feature", "properties": { "ID": 120846285, "yr": 2022, "dt": "2022-06-29T13:40:00", "WOJ": 26, "sev": 1, "c": [ 255, 255, 0, 160 ], "dmg": 1, "sli": 2, "ser": 0, "fat": 0, "row": -1, "mot": -1, "pie": -1, "uto": -1, "uwr": -1 }, "geometry": { "type": "Point", "coordinates": [ 20.638667, 50.881806 ] } },
{ "type": "Feature", "properties": { "ID": 121787753, "yr": 2022, "dt": "2022-09-08T19:39:18", "WOJ": 26, "sev": 1, "c": [ 255, 255, 0, 160 ], "dmg": 1, "sli": 1, "ser": 0, "fat": 0, "row": -1, "mot": -1, "pie": -1, "uto": -1, "uwr": -1 }, "geometry": { "type": "Point", "coordinates": [ 21.618111, 50.709722 ] } },
{ "type": "Feature", "properties": { "ID": 121783043, "yr": 2022, "dt": "2022-09-07T09:45:00", "WOJ": 26, "sev": 1, "c": [ 255, 255, 0, 160 ], "dmg": 1, "sli": 1, "ser": 0, "fat": 0, "row": -1, "mot": -1, "pie": 1, "uto": -1, "uwr": -1 }, "geometry": { "type": "Point", "coordinates": [ 20.64425, 50.864944 ] } },
{ "type": "Feature", "properties": { "ID": 121781116, "yr": 2022, "dt": "2022-09-06T11:40:30", "WOJ": 26, "sev": 1, "c": [ 255, 255, 0, 160 ], "dmg": 2, "sli": 2, "ser": 0, "fat": 0, "row": -1, "mot": -1, "pie": -1, "uto": -1, "uwr": -1 }, "geometry": { "type": "Point", "coordinates": [ 20.553056, 50.854278 ] } },
{ "type": "Feature", "properties": { "ID": 121781609, "yr": 2022, "dt": "2022-09-05T13:00:00", "WOJ": 26, "sev": 1, "c": [ 255, 255, 0, 160 ], "dmg": 1, "sli": 2, "ser": 0, "fat": 0, "row": -1, "mot": -1, "pie": -1, "uto": -1, "uwr": -1 }, "geometry": { "type": "Point", "coordinates": [ 20.889972, 51.112389 ] } },
{ "type": "Feature", "properties": { "ID": 121779073, "yr": 2022, "dt": "2022-09-05T08:10:00", "WOJ": 26, "sev": 1, "c": [ 255, 255, 0, 160 ], "dmg": 2, "sli": 1, "ser": 0, "fat": 0, "row": -1, "mot": -1, "pie": -1, "uto": -1, "uwr": -1 }, "geometry": { "type": "Point", "coordinates": [ 20.856306, 51.1155 ] } },
{ "type": "Feature", "properties": { "ID": 121775472, "yr": 2022, "dt": "2022-09-01T10:52:32", "WOJ": 26, "sev": 1, "c": [ 255, 255, 0, 160 ], "dmg": 0, "sli": 1, "ser": 0, "fat": 0, "row": -1, "mot": 1, "pie": -1, "uto": -1, "uwr": -1 }, "geometry": { "type": "Point", "coordinates": [ 21.755389, 50.68125 ] } },
{ "type": "Feature", "properties": { "ID": 120861116, "yr": 2022, "dt": "2022-07-08T18:00:00", "WOJ": 26, "sev": 1, "c": [ 255, 255, 0, 160 ], "dmg": 1, "sli": 1, "ser": 0, "fat": 0, "row": -1, "mot": -1, "pie": 1, "uto": -1, "uwr": -1 }, "geometry": { "type": "Point", "coordinates": [ 20.643167, 50.845111 ] } },
{ "type": "Feature", "properties": { "ID": 120864097, "yr": 2022, "dt": "2022-07-08T14:20:00", "WOJ": 26, "sev": 1, "c": [ 255, 255, 0, 160 ], "dmg": 2, "sli": 1, "ser": 0, "fat": 0, "row": -1, "mot": -1, "pie": -1, "uto": -1, "uwr": -1 }, "geometry": { "type": "Point", "coordinates": [ 20.607278, 50.87225 ] } },
{ "type": "Feature", "properties": { "ID": 120865466, "yr": 2022, "dt": "2022-07-08T20:44:55", "WOJ": 26, "sev": 1, "c": [ 255, 255, 0, 160 ], "dmg": 0, "sli": 2, "ser": 0, "fat": 0, "row": -1, "mot": -1, "pie": -1, "uto": -1, "uwr": -1 }, "geometry": { "type": "Point", "coordinates": [ 20.354889, 50.574806 ] } },
{ "type": "Feature", "properties": { "ID": 120858724, "yr": 2022, "dt": "2022-07-05T13:00:00", "WOJ": 26, "sev": 1, "c": [ 255, 255, 0, 160 ], "dmg": 1, "sli": 1, "ser": 0, "fat": 0, "row": 1, "mot": -1, "pie": -1, "uto": -1, "uwr": -1 }, "geometry": { "type": "Point", "coordinates": [ 20.71225, 50.879889 ] } },
{ "type": "Feature", "properties": { "ID": 120858772, "yr": 2022, "dt": "2022-07-05T17:45:05", "WOJ": 26, "sev": 1, "c": [ 255, 255, 0, 160 ], "dmg": 1, "sli": 1, "ser": 0, "fat": 0, "row": -1, "mot": -1, "pie": -1, "uto": -1, "uwr": -1 }, "geometry": { "type": "Point", "coordinates": [ 20.513333, 50.527806 ] } },
{ "type": "Feature", "properties": { "ID": 120855882, "yr": 2022, "dt": "2022-07-04T15:30:00", "WOJ": 26, "sev": 1, "c": [ 255, 255, 0, 160 ], "dmg": 2, "sli": 1, "ser": 0, "fat": 0, "row": -1, "mot": -1, "pie": -1, "uto": -1, "uwr": -1 }, "geometry": { "type": "Point", "coordinates": [ 20.576694, 50.896194 ] } },
{ "type": "Feature", "properties": { "ID": 121782903, "yr": 2022, "dt": "2022-08-29T19:00:00", "WOJ": 26, "sev": 1, "c": [ 255, 255, 0, 160 ], "dmg": 1, "sli": 1, "ser": 0, "fat": 0, "row": -1, "mot": -1, "pie": 1, "uto": -1, "uwr": -1 }, "geometry": { "type": "Point", "coordinates": [ 21.46627, 50.85049 ] } },
{ "type": "Feature", "properties": { "ID": 121764137, "yr": 2022, "dt": "2022-08-29T11:00:00", "WOJ": 26, "sev": 1, "c": [ 255, 255, 0, 160 ], "dmg": 2, "sli": 1, "ser": 0, "fat": 0, "row": -1, "mot": -1, "pie": -1, "uto": -1, "uwr": -1 }, "geometry": { "type": "Point", "coordinates": [ 20.976278, 50.945556 ] } },
{ "type": "Feature", "properties": { "ID": 121780943, "yr": 2022, "dt": "2022-08-29T10:59:00", "WOJ": 26, "sev": 1, "c": [ 255, 255, 0, 160 ], "dmg": 2, "sli": 1, "ser": 0, "fat": 0, "row": -1, "mot": -1, "pie": -1, "uto": -1, "uwr": -1 }, "geometry": { "type": "Point", "coordinates": [ 22.045806, 50.742167 ] } },
{ "type": "Feature", "properties": { "ID": 121764302, "yr": 2022, "dt": "2022-08-29T14:48:00", "WOJ": 26, "sev": 1, "c": [ 255, 255, 0, 160 ], "dmg": 1, "sli": 1, "ser": 0, "fat": 0, "row": -1, "mot": -1, "pie": -1, "uto": -1, "uwr": -1 }, "geometry": { "type": "Point", "coordinates": [ 21.760639, 50.668778 ] } },
{ "type": "Feature", "properties": { "ID": 121763418, "yr": 2022, "dt": "2022-08-28T00:15:00", "WOJ": 26, "sev": 1, "c": [ 255, 255, 0, 160 ], "dmg": 1, "sli": 1, "ser": 0, "fat": 0, "row": -1, "mot": -1, "pie": 1, "uto": -1, "uwr": -1 }, "geometry": { "type": "Point", "coordinates": [ 20.615583, 50.870306 ] } },
{ "type": "Feature", "properties": { "ID": 121762799, "yr": 2022, "dt": "2022-08-27T20:40:00", "WOJ": 26, "sev": 1, "c": [ 255, 255, 0, 160 ], "dmg": 1, "sli": 1, "ser": 0, "fat": 0, "row": -1, "mot": -1, "pie": 1, "uto": -1, "uwr": -1 }, "geometry": { "type": "Point", "coordinates": [ 20.618306, 50.749278 ] } },
{ "type": "Feature", "properties": { "ID": 121762401, "yr": 2022, "dt": "2022-08-26T19:40:09", "WOJ": 26, "sev": 1, "c": [ 255, 255, 0, 160 ], "dmg": 3, "sli": 1, "ser": 0, "fat": 0, "row": -1, "mot": -1, "pie": -1, "uto": -1, "uwr": -1 }, "geometry": { "type": "Point", "coordinates": [ 20.593583, 50.66125 ] } },
{ "type": "Feature", "properties": { "ID": 121760745, "yr": 2022, "dt": "2022-08-26T14:10:42", "WOJ": 26, "sev": 1, "c": [ 255, 255, 0, 160 ], "dmg": 1, "sli": 1, "ser": 0, "fat": 0, "row": -1, "mot": -1, "pie": 1, "uto": -1, "uwr": -1 }, "geometry": { "type": "Point", "coordinates": [ 20.104556, 50.687278 ] } },
{ "type": "Feature", "properties": { "ID": 120855779, "yr": 2022, "dt": "2022-07-04T16:30:55", "WOJ": 26, "sev": 1, "c": [ 255, 255, 0, 160 ], "dmg": 0, "sli": 2, "ser": 0, "fat": 0, "row": 1, "mot": 1, "pie": -1, "uto": -1, "uwr": -1 }, "geometry": { "type": "Point", "coordinates": [ 20.453667, 50.637139 ] } },
{ "type": "Feature", "properties": { "ID": 120860630, "yr": 2022, "dt": "2022-07-04T18:07:00", "WOJ": 26, "sev": 1, "c": [ 255, 255, 0, 160 ], "dmg": 0, "sli": 1, "ser": 0, "fat": 0, "row": -1, "mot": -1, "pie": -1, "uto": -1, "uwr": -1 }, "geometry": { "type": "Point", "coordinates": [ 21.7375, 50.672278 ] } },
{ "type": "Feature", "properties": { "ID": 120876508, "yr": 2022, "dt": "2022-07-13T13:02:56", "WOJ": 26, "sev": 1, "c": [ 255, 255, 0, 160 ], "dmg": 0, "sli": 2, "ser": 0, "fat": 0, "row": -1, "mot": -1, "pie": -1, "uto": -1, "uwr": -1 }, "geometry": { "type": "Point", "coordinates": [ 21.204667, 50.842389 ] } },
{ "type": "Feature", "properties": { "ID": 120873955, "yr": 2022, "dt": "2022-07-12T12:38:49", "WOJ": 26, "sev": 1, "c": [ 255, 255, 0, 160 ], "dmg": 2, "sli": 1, "ser": 0, "fat": 0, "row": -1, "mot": -1, "pie": -1, "uto": -1, "uwr": -1 }, "geometry": { "type": "Point", "coordinates": [ 20.547922, 50.563457 ] } },
{ "type": "Feature", "properties": { "ID": 120870479, "yr": 2022, "dt": "2022-07-11T14:35:00", "WOJ": 26, "sev": 1, "c": [ 255, 255, 0, 160 ], "dmg": 1, "sli": 1, "ser": 0, "fat": 0, "row": -1, "mot": -1, "pie": 1, "uto": -1, "uwr": -1 }, "geometry": { "type": "Point", "coordinates": [ 20.636833, 50.87175 ] } },
{ "type": "Feature", "properties": { "ID": 121759221, "yr": 2022, "dt": "2022-08-26T15:05:22", "WOJ": 26, "sev": 1, "c": [ 255, 255, 0, 160 ], "dmg": 1, "sli": 1, "ser": 0, "fat": 0, "row": -1, "mot": -1, "pie": -1, "uto": -1, "uwr": -1 }, "geometry": { "type": "Point", "coordinates": [ 20.122361, 50.582833 ] } },
{ "type": "Feature", "properties": { "ID": 121758362, "yr": 2022, "dt": "2022-08-25T19:50:00", "WOJ": 26, "sev": 1, "c": [ 255, 255, 0, 160 ], "dmg": 1, "sli": 1, "ser": 0, "fat": 0, "row": 1, "mot": -1, "pie": -1, "uto": -1, "uwr": -1 }, "geometry": { "type": "Point", "coordinates": [ 20.243806, 50.913806 ] } },
{ "type": "Feature", "properties": { "ID": 121757025, "yr": 2022, "dt": "2022-08-24T02:50:00", "WOJ": 26, "sev": 1, "c": [ 255, 255, 0, 160 ], "dmg": 1, "sli": 1, "ser": 0, "fat": 0, "row": -1, "mot": -1, "pie": -1, "uto": -1, "uwr": -1 }, "geometry": { "type": "Point", "coordinates": [ 21.081833, 50.641583 ] } },
{ "type": "Feature", "properties": { "ID": 121757433, "yr": 2022, "dt": "2022-08-24T14:45:00", "WOJ": 26, "sev": 1, "c": [ 255, 255, 0, 160 ], "dmg": 1, "sli": 1, "ser": 0, "fat": 0, "row": -1, "mot": -1, "pie": 1, "uto": -1, "uwr": -1 }, "geometry": { "type": "Point", "coordinates": [ 20.622583, 50.874806 ] } },
{ "type": "Feature", "properties": { "ID": 121752635, "yr": 2022, "dt": "2022-08-23T10:15:00", "WOJ": 26, "sev": 1, "c": [ 255, 255, 0, 160 ], "dmg": 1, "sli": 2, "ser": 0, "fat": 0, "row": -1, "mot": -1, "pie": -1, "uto": -1, "uwr": -1 }, "geometry": { "type": "Point", "coordinates": [ 21.026306, 50.647833 ] } },
{ "type": "Feature", "properties": { "ID": 121756479, "yr": 2022, "dt": "2022-08-23T06:30:00", "WOJ": 26, "sev": 1, "c": [ 255, 255, 0, 160 ], "dmg": 1, "sli": 1, "ser": 0, "fat": 0, "row": -1, "mot": -1, "pie": -1, "uto": -1, "uwr": -1 }, "geometry": { "type": "Point", "coordinates": [ 21.765139, 50.657583 ] } },
{ "type": "Feature", "properties": { "ID": 121753490, "yr": 2022, "dt": "2022-08-21T18:42:57", "WOJ": 26, "sev": 1, "c": [ 255, 255, 0, 160 ], "dmg": 1, "sli": 1, "ser": 0, "fat": 0, "row": -1, "mot": 1, "pie": -1, "uto": -1, "uwr": -1 }, "geometry": { "type": "Point", "coordinates": [ 20.544306, 50.553222 ] } },
{ "type": "Feature", "properties": { "ID": 121750236, "yr": 2022, "dt": "2022-08-20T19:40:00", "WOJ": 26, "sev": 1, "c": [ 255, 255, 0, 160 ], "dmg": 1, "sli": 1, "ser": 0, "fat": 0, "row": -1, "mot": 1, "pie": -1, "uto": -1, "uwr": -1 }, "geometry": { "type": "Point", "coordinates": [ 21.089278, 50.7325 ] } },
{ "type": "Feature", "properties": { "ID": 121748140, "yr": 2022, "dt": "2022-08-19T14:09:22", "WOJ": 26, "sev": 1, "c": [ 255, 255, 0, 160 ], "dmg": 1, "sli": 1, "ser": 0, "fat": 0, "row": -1, "mot": 1, "pie": -1, "uto": -1, "uwr": -1 }, "geometry": { "type": "Point", "coordinates": [ 21.335583, 50.442222 ] } },
{ "type": "Feature", "properties": { "ID": 121748327, "yr": 2022, "dt": "2022-08-19T21:20:00", "WOJ": 26, "sev": 1, "c": [ 255, 255, 0, 160 ], "dmg": 1, "sli": 1, "ser": 0, "fat": 0, "row": 1, "mot": -1, "pie": -1, "uto": -1, "uwr": -1 }, "geometry": { "type": "Point", "coordinates": [ 20.641972, 50.868667 ] } },
{ "type": "Feature", "properties": { "ID": 120861238, "yr": 2022, "dt": "2022-07-09T13:50:00", "WOJ": 26, "sev": 1, "c": [ 255, 255, 0, 160 ], "dmg": 2, "sli": 1, "ser": 0, "fat": 0, "row": -1, "mot": -1, "pie": -1, "uto": -1, "uwr": -1 }, "geometry": { "type": "Point", "coordinates": [ 20.627778, 50.863222 ] } },
{ "type": "Feature", "properties": { "ID": 120865967, "yr": 2022, "dt": "2022-07-09T18:20:00", "WOJ": 26, "sev": 1, "c": [ 255, 255, 0, 160 ], "dmg": 2, "sli": 1, "ser": 0, "fat": 0, "row": -1, "mot": -1, "pie": -1, "uto": -1, "uwr": -1 }, "geometry": { "type": "Point", "coordinates": [ 20.6125, 50.754167 ] } },
{ "type": "Feature", "properties": { "ID": 120865771, "yr": 2022, "dt": "2022-07-09T10:17:35", "WOJ": 26, "sev": 1, "c": [ 255, 255, 0, 160 ], "dmg": 2, "sli": 1, "ser": 0, "fat": 0, "row": -1, "mot": -1, "pie": -1, "uto": -1, "uwr": -1 }, "geometry": { "type": "Point", "coordinates": [ 21.716778, 50.694028 ] } },
{ "type": "Feature", "properties": { "ID": 120894410, "yr": 2022, "dt": "2022-07-18T09:20:00", "WOJ": 26, "sev": 1, "c": [ 255, 255, 0, 160 ], "dmg": 1, "sli": 2, "ser": 0, "fat": 0, "row": -1, "mot": -1, "pie": -1, "uto": -1, "uwr": -1 }, "geometry": { "type": "Point", "coordinates": [ 20.880528, 50.851722 ] } },
{ "type": "Feature", "properties": { "ID": 121745944, "yr": 2022, "dt": "2022-08-18T05:58:34", "WOJ": 26, "sev": 1, "c": [ 255, 255, 0, 160 ], "dmg": 1, "sli": 1, "ser": 0, "fat": 0, "row": -1, "mot": -1, "pie": -1, "uto": -1, "uwr": -1 }, "geometry": { "type": "Point", "coordinates": [ 21.28746, 50.440036 ] } },
{ "type": "Feature", "properties": { "ID": 121746205, "yr": 2022, "dt": "2022-08-18T19:00:00", "WOJ": 26, "sev": 1, "c": [ 255, 255, 0, 160 ], "dmg": 1, "sli": 1, "ser": 0, "fat": 0, "row": -1, "mot": -1, "pie": 1, "uto": -1, "uwr": -1 }, "geometry": { "type": "Point", "coordinates": [ 20.600222, 50.875194 ] } },
{ "type": "Feature", "properties": { "ID": 121747902, "yr": 2022, "dt": "2022-08-18T17:05:00", "WOJ": 26, "sev": 1, "c": [ 255, 255, 0, 160 ], "dmg": 0, "sli": 2, "ser": 0, "fat": 0, "row": -1, "mot": -1, "pie": -1, "uto": -1, "uwr": -1 }, "geometry": { "type": "Point", "coordinates": [ 20.68075, 50.73175 ] } },
{ "type": "Feature", "properties": { "ID": 121745357, "yr": 2022, "dt": "2022-08-17T08:20:00", "WOJ": 26, "sev": 1, "c": [ 255, 255, 0, 160 ], "dmg": 0, "sli": 2, "ser": 0, "fat": 0, "row": 1, "mot": -1, "pie": 1, "uto": -1, "uwr": -1 }, "geometry": { "type": "Point", "coordinates": [ 20.598417, 50.869167 ] } },
{ "type": "Feature", "properties": { "ID": 121747034, "yr": 2022, "dt": "2022-08-16T16:17:13", "WOJ": 26, "sev": 1, "c": [ 255, 255, 0, 160 ], "dmg": 1, "sli": 1, "ser": 0, "fat": 0, "row": 1, "mot": -1, "pie": -1, "uto": -1, "uwr": -1 }, "geometry": { "type": "Point", "coordinates": [ 21.060361, 50.493944 ] } },
{ "type": "Feature", "properties": { "ID": 121740934, "yr": 2022, "dt": "2022-08-13T06:43:56", "WOJ": 26, "sev": 1, "c": [ 255, 255, 0, 160 ], "dmg": 0, "sli": 2, "ser": 0, "fat": 0, "row": -1, "mot": -1, "pie": -1, "uto": -1, "uwr": -1 }, "geometry": { "type": "Point", "coordinates": [ 20.652514, 50.469525 ] } },
{ "type": "Feature", "properties": { "ID": 121744909, "yr": 2022, "dt": "2022-08-13T15:20:00", "WOJ": 26, "sev": 1, "c": [ 255, 255, 0, 160 ], "dmg": 0, "sli": 1, "ser": 0, "fat": 0, "row": 1, "mot": -1, "pie": -1, "uto": -1, "uwr": -1 }, "geometry": { "type": "Point", "coordinates": [ 20.765167, 50.731889 ] } },
{ "type": "Feature", "properties": { "ID": 121740227, "yr": 2022, "dt": "2022-08-12T10:07:21", "WOJ": 26, "sev": 1, "c": [ 255, 255, 0, 160 ], "dmg": 1, "sli": 1, "ser": 0, "fat": 0, "row": -1, "mot": -1, "pie": -1, "uto": -1, "uwr": -1 }, "geometry": { "type": "Point", "coordinates": [ 20.091556, 50.673389 ] } },
{ "type": "Feature", "properties": { "ID": 121740435, "yr": 2022, "dt": "2022-08-12T14:29:00", "WOJ": 26, "sev": 1, "c": [ 255, 255, 0, 160 ], "dmg": 1, "sli": 1, "ser": 0, "fat": 0, "row": 0, "mot": -1, "pie": 1, "uto": -1, "uwr": -1 }, "geometry": { "type": "Point", "coordinates": [ 21.752056, 50.684472 ] } },
{ "type": "Feature", "properties": { "ID": 121738318, "yr": 2022, "dt": "2022-08-11T09:36:52", "WOJ": 26, "sev": 1, "c": [ 255, 255, 0, 160 ], "dmg": 1, "sli": 1, "ser": 0, "fat": 0, "row": -1, "mot": -1, "pie": 1, "uto": -1, "uwr": -1 }, "geometry": { "type": "Point", "coordinates": [ 21.806389, 50.861 ] } },
{ "type": "Feature", "properties": { "ID": 120880257, "yr": 2022, "dt": "2022-07-17T04:00:00", "WOJ": 26, "sev": 1, "c": [ 255, 255, 0, 160 ], "dmg": 1, "sli": 1, "ser": 0, "fat": 0, "row": -1, "mot": -1, "pie": -1, "uto": -1, "uwr": -1 }, "geometry": { "type": "Point", "coordinates": [ 20.918111, 50.954639 ] } },
{ "type": "Feature", "properties": { "ID": 120878755, "yr": 2022, "dt": "2022-07-15T07:48:08", "WOJ": 26, "sev": 1, "c": [ 255, 255, 0, 160 ], "dmg": 1, "sli": 1, "ser": 0, "fat": 0, "row": 1, "mot": -1, "pie": -1, "uto": -1, "uwr": -1 }, "geometry": { "type": "Point", "coordinates": [ 20.524528, 50.518139 ] } },
{ "type": "Feature", "properties": { "ID": 120879461, "yr": 2022, "dt": "2022-07-15T11:12:22", "WOJ": 26, "sev": 1, "c": [ 255, 255, 0, 160 ], "dmg": 1, "sli": 1, "ser": 0, "fat": 0, "row": -1, "mot": -1, "pie": -1, "uto": -1, "uwr": -1 }, "geometry": { "type": "Point", "coordinates": [ 21.378056, 50.940333 ] } },
{ "type": "Feature", "properties": { "ID": 120878485, "yr": 2022, "dt": "2022-07-14T12:10:00", "WOJ": 26, "sev": 1, "c": [ 255, 255, 0, 160 ], "dmg": 1, "sli": 1, "ser": 0, "fat": 0, "row": -1, "mot": -1, "pie": -1, "uto": -1, "uwr": -1 }, "geometry": { "type": "Point", "coordinates": [ 20.435222, 50.777778 ] } },
{ "type": "Feature", "properties": { "ID": 120876692, "yr": 2022, "dt": "2022-07-13T23:37:11", "WOJ": 26, "sev": 1, "c": [ 255, 255, 0, 160 ], "dmg": 3, "sli": 2, "ser": 0, "fat": 0, "row": -1, "mot": -1, "pie": -1, "uto": -1, "uwr": -1 }, "geometry": { "type": "Point", "coordinates": [ 20.197806, 50.541194 ] } },
{ "type": "Feature", "properties": { "ID": 121203393, "yr": 2022, "dt": "2022-07-31T21:50:00", "WOJ": 26, "sev": 1, "c": [ 255, 255, 0, 160 ], "dmg": 1, "sli": 1, "ser": 0, "fat": 0, "row": -1, "mot": -1, "pie": -1, "uto": -1, "uwr": -1 }, "geometry": { "type": "Point", "coordinates": [ 21.306667, 50.674083 ] } },
{ "type": "Feature", "properties": { "ID": 121213384, "yr": 2022, "dt": "2022-07-30T11:10:00", "WOJ": 26, "sev": 1, "c": [ 255, 255, 0, 160 ], "dmg": 1, "sli": 1, "ser": 0, "fat": 0, "row": -1, "mot": -1, "pie": -1, "uto": -1, "uwr": -1 }, "geometry": { "type": "Point", "coordinates": [ 20.641917, 50.873944 ] } },
{ "type": "Feature", "properties": { "ID": 121203526, "yr": 2022, "dt": "2022-07-30T15:35:00", "WOJ": 26, "sev": 1, "c": [ 255, 255, 0, 160 ], "dmg": 1, "sli": 1, "ser": 0, "fat": 0, "row": -1, "mot": -1, "pie": -1, "uto": -1, "uwr": -1 }, "geometry": { "type": "Point", "coordinates": [ 20.86628, 50.58286 ] } },
{ "type": "Feature", "properties": { "ID": 121094715, "yr": 2022, "dt": "2022-07-29T17:33:00", "WOJ": 26, "sev": 1, "c": [ 255, 255, 0, 160 ], "dmg": 0, "sli": 1, "ser": 0, "fat": 0, "row": 1, "mot": -1, "pie": -1, "uto": -1, "uwr": -1 }, "geometry": { "type": "Point", "coordinates": [ 20.519861, 50.513556 ] } },
{ "type": "Feature", "properties": { "ID": 121154391, "yr": 2022, "dt": "2022-07-29T20:41:09", "WOJ": 26, "sev": 1, "c": [ 255, 255, 0, 160 ], "dmg": 1, "sli": 1, "ser": 0, "fat": 0, "row": -1, "mot": -1, "pie": 1, "uto": -1, "uwr": -1 }, "geometry": { "type": "Point", "coordinates": [ 20.527472, 50.519694 ] } },
{ "type": "Feature", "properties": { "ID": 121154424, "yr": 2022, "dt": "2022-07-29T19:50:00", "WOJ": 26, "sev": 1, "c": [ 255, 255, 0, 160 ], "dmg": 1, "sli": 1, "ser": 0, "fat": 0, "row": -1, "mot": -1, "pie": -1, "uto": -1, "uwr": -1 }, "geometry": { "type": "Point", "coordinates": [ 20.601333, 50.875167 ] } },
{ "type": "Feature", "properties": { "ID": 121024224, "yr": 2022, "dt": "2022-07-27T15:45:00", "WOJ": 26, "sev": 1, "c": [ 255, 255, 0, 160 ], "dmg": 1, "sli": 2, "ser": 0, "fat": 0, "row": -1, "mot": -1, "pie": -1, "uto": -1, "uwr": -1 }, "geometry": { "type": "Point", "coordinates": [ 20.623639, 50.844806 ] } },
{ "type": "Feature", "properties": { "ID": 121748393, "yr": 2022, "dt": "2022-07-25T18:30:00", "WOJ": 26, "sev": 1, "c": [ 255, 255, 0, 160 ], "dmg": 1, "sli": 1, "ser": 0, "fat": 0, "row": 1, "mot": -1, "pie": -1, "uto": -1, "uwr": -1 }, "geometry": { "type": "Point", "coordinates": [ 21.080528, 50.926778 ] } },
{ "type": "Feature", "properties": { "ID": 120983847, "yr": 2022, "dt": "2022-07-25T09:46:02", "WOJ": 26, "sev": 1, "c": [ 255, 255, 0, 160 ], "dmg": 2, "sli": 1, "ser": 0, "fat": 0, "row": -1, "mot": -1, "pie": -1, "uto": -1, "uwr": -1 }, "geometry": { "type": "Point", "coordinates": [ 20.305806, 50.638083 ] } },
{ "type": "Feature", "properties": { "ID": 120984718, "yr": 2022, "dt": "2022-07-25T18:45:00", "WOJ": 26, "sev": 1, "c": [ 255, 255, 0, 160 ], "dmg": 1, "sli": 1, "ser": 0, "fat": 0, "row": -1, "mot": -1, "pie": -1, "uto": -1, "uwr": -1 }, "geometry": { "type": "Point", "coordinates": [ 20.620083, 50.863694 ] } },
{ "type": "Feature", "properties": { "ID": 120983954, "yr": 2022, "dt": "2022-07-25T11:50:00", "WOJ": 26, "sev": 1, "c": [ 255, 255, 0, 160 ], "dmg": 1, "sli": 1, "ser": 0, "fat": 0, "row": -1, "mot": -1, "pie": -1, "uto": -1, "uwr": -1 }, "geometry": { "type": "Point", "coordinates": [ 21.106583, 50.781 ] } },
{ "type": "Feature", "properties": { "ID": 120984639, "yr": 2022, "dt": "2022-07-24T21:00:00", "WOJ": 26, "sev": 1, "c": [ 255, 255, 0, 160 ], "dmg": 1, "sli": 1, "ser": 0, "fat": 0, "row": -1, "mot": -1, "pie": 1, "uto": -1, "uwr": -1 }, "geometry": { "type": "Point", "coordinates": [ 20.626139, 50.875361 ] } },
{ "type": "Feature", "properties": { "ID": 121139398, "yr": 2022, "dt": "2022-07-22T16:15:00", "WOJ": 26, "sev": 1, "c": [ 255, 255, 0, 160 ], "dmg": 1, "sli": 1, "ser": 0, "fat": 0, "row": 1, "mot": -1, "pie": 0, "uto": -1, "uwr": -1 }, "geometry": { "type": "Point", "coordinates": [ 20.62025, 50.859222 ] } },
{ "type": "Feature", "properties": { "ID": 120910037, "yr": 2022, "dt": "2022-07-20T16:15:00", "WOJ": 26, "sev": 1, "c": [ 255, 255, 0, 160 ], "dmg": 2, "sli": 1, "ser": 0, "fat": 0, "row": -1, "mot": -1, "pie": 0, "uto": -1, "uwr": -1 }, "geometry": { "type": "Point", "coordinates": [ 20.530028, 50.827 ] } },
{ "type": "Feature", "properties": { "ID": 120942160, "yr": 2022, "dt": "2022-07-19T10:58:00", "WOJ": 26, "sev": 1, "c": [ 255, 255, 0, 160 ], "dmg": 2, "sli": 1, "ser": 0, "fat": 0, "row": -1, "mot": -1, "pie": -1, "uto": -1, "uwr": -1 }, "geometry": { "type": "Point", "coordinates": [ 20.642083, 50.873333 ] } },
{ "type": "Feature", "properties": { "ID": 120892817, "yr": 2022, "dt": "2022-07-18T16:13:52", "WOJ": 26, "sev": 1, "c": [ 255, 255, 0, 160 ], "dmg": 1, "sli": 1, "ser": 0, "fat": 0, "row": -1, "mot": -1, "pie": -1, "uto": -1, "uwr": -1 }, "geometry": { "type": "Point", "coordinates": [ 21.755111, 50.686222 ] } },
{ "type": "Feature", "properties": { "ID": 120321988, "yr": 2022, "dt": "2022-02-09T19:25:00", "WOJ": 26, "sev": 1, "c": [ 255, 255, 0, 160 ], "dmg": 1, "sli": 1, "ser": 0, "fat": 0, "row": -1, "mot": -1, "pie": 1, "uto": -1, "uwr": -1 }, "geometry": { "type": "Point", "coordinates": [ 21.09825, 51.00975 ] } },
{ "type": "Feature", "properties": { "ID": 120318840, "yr": 2022, "dt": "2022-02-08T04:37:45", "WOJ": 26, "sev": 1, "c": [ 255, 255, 0, 160 ], "dmg": 0, "sli": 1, "ser": 0, "fat": 0, "row": -1, "mot": -1, "pie": -1, "uto": -1, "uwr": -1 }, "geometry": { "type": "Point", "coordinates": [ 20.324194, 50.500667 ] } },
{ "type": "Feature", "properties": { "ID": 120318035, "yr": 2022, "dt": "2022-02-07T10:50:00", "WOJ": 26, "sev": 1, "c": [ 255, 255, 0, 160 ], "dmg": 1, "sli": 1, "ser": 0, "fat": 0, "row": -1, "mot": -1, "pie": -1, "uto": -1, "uwr": -1 }, "geometry": { "type": "Point", "coordinates": [ 20.625917, 50.8595 ] } },
{ "type": "Feature", "properties": { "ID": 120317567, "yr": 2022, "dt": "2022-02-07T06:50:00", "WOJ": 26, "sev": 1, "c": [ 255, 255, 0, 160 ], "dmg": 1, "sli": 1, "ser": 0, "fat": 0, "row": -1, "mot": -1, "pie": 1, "uto": -1, "uwr": -1 }, "geometry": { "type": "Point", "coordinates": [ 20.828222, 51.044083 ] } },
{ "type": "Feature", "properties": { "ID": 120317685, "yr": 2022, "dt": "2022-02-07T08:58:52", "WOJ": 26, "sev": 1, "c": [ 255, 255, 0, 160 ], "dmg": 0, "sli": 1, "ser": 0, "fat": 0, "row": -1, "mot": -1, "pie": -1, "uto": -1, "uwr": -1 }, "geometry": { "type": "Point", "coordinates": [ 20.244028, 50.589806 ] } },
{ "type": "Feature", "properties": { "ID": 120311324, "yr": 2022, "dt": "2022-02-02T12:49:00", "WOJ": 26, "sev": 1, "c": [ 255, 255, 0, 160 ], "dmg": 1, "sli": 1, "ser": 0, "fat": 0, "row": -1, "mot": -1, "pie": -1, "uto": -1, "uwr": -1 }, "geometry": { "type": "Point", "coordinates": [ 21.357639, 50.954639 ] } },
{ "type": "Feature", "properties": { "ID": 120307237, "yr": 2022, "dt": "2022-01-29T10:05:06", "WOJ": 26, "sev": 1, "c": [ 255, 255, 0, 160 ], "dmg": 1, "sli": 1, "ser": 0, "fat": 0, "row": -1, "mot": -1, "pie": -1, "uto": -1, "uwr": -1 }, "geometry": { "type": "Point", "coordinates": [ 20.853111, 51.106806 ] } },
{ "type": "Feature", "properties": { "ID": 120309301, "yr": 2022, "dt": "2022-01-28T03:40:00", "WOJ": 26, "sev": 1, "c": [ 255, 255, 0, 160 ], "dmg": 1, "sli": 1, "ser": 0, "fat": 0, "row": -1, "mot": -1, "pie": 1, "uto": -1, "uwr": -1 }, "geometry": { "type": "Point", "coordinates": [ 20.628361, 50.887778 ] } },
{ "type": "Feature", "properties": { "ID": 124305599, "yr": 2022, "dt": "2022-12-09T19:11:00", "WOJ": 26, "sev": 1, "c": [ 255, 255, 0, 160 ], "dmg": 1, "sli": 1, "ser": 0, "fat": 0, "row": -1, "mot": -1, "pie": 1, "uto": -1, "uwr": -1 }, "geometry": { "type": "Point", "coordinates": [ 20.634861, 50.886444 ] } },
{ "type": "Feature", "properties": { "ID": 124303237, "yr": 2022, "dt": "2022-12-09T10:00:02", "WOJ": 26, "sev": 1, "c": [ 255, 255, 0, 160 ], "dmg": 1, "sli": 1, "ser": 0, "fat": 0, "row": -1, "mot": -1, "pie": -1, "uto": -1, "uwr": -1 }, "geometry": { "type": "Point", "coordinates": [ 21.016028, 50.588194 ] } },
{ "type": "Feature", "properties": { "ID": 124305426, "yr": 2022, "dt": "2022-12-09T16:32:14", "WOJ": 26, "sev": 1, "c": [ 255, 255, 0, 160 ], "dmg": 0, "sli": 1, "ser": 0, "fat": 0, "row": -1, "mot": -1, "pie": -1, "uto": -1, "uwr": -1 }, "geometry": { "type": "Point", "coordinates": [ 20.443722, 50.316583 ] } },
{ "type": "Feature", "properties": { "ID": 124296820, "yr": 2022, "dt": "2022-12-08T07:30:00", "WOJ": 26, "sev": 1, "c": [ 255, 255, 0, 160 ], "dmg": 0, "sli": 1, "ser": 0, "fat": 0, "row": -1, "mot": -1, "pie": -1, "uto": -1, "uwr": -1 }, "geometry": { "type": "Point", "coordinates": [ 20.997056, 51.133056 ] } },
{ "type": "Feature", "properties": { "ID": 124296702, "yr": 2022, "dt": "2022-12-08T01:02:17", "WOJ": 26, "sev": 1, "c": [ 255, 255, 0, 160 ], "dmg": 1, "sli": 1, "ser": 0, "fat": 0, "row": -1, "mot": -1, "pie": -1, "uto": -1, "uwr": -1 }, "geometry": { "type": "Point", "coordinates": [ 20.317056, 50.797139 ] } },
{ "type": "Feature", "properties": { "ID": 124286580, "yr": 2022, "dt": "2022-12-06T16:10:07", "WOJ": 26, "sev": 1, "c": [ 255, 255, 0, 160 ], "dmg": 1, "sli": 1, "ser": 0, "fat": 0, "row": -1, "mot": -1, "pie": 1, "uto": -1, "uwr": -1 }, "geometry": { "type": "Point", "coordinates": [ 21.077278, 51.03075 ] } },
{ "type": "Feature", "properties": { "ID": 120305911, "yr": 2022, "dt": "2022-01-28T23:41:27", "WOJ": 26, "sev": 1, "c": [ 255, 255, 0, 160 ], "dmg": 1, "sli": 2, "ser": 0, "fat": 0, "row": -1, "mot": -1, "pie": -1, "uto": -1, "uwr": -1 }, "geometry": { "type": "Point", "coordinates": [ 20.292, 50.647778 ] } },
{ "type": "Feature", "properties": { "ID": 120309291, "yr": 2022, "dt": "2022-01-27T19:40:00", "WOJ": 26, "sev": 1, "c": [ 255, 255, 0, 160 ], "dmg": 1, "sli": 1, "ser": 0, "fat": 0, "row": -1, "mot": -1, "pie": 1, "uto": -1, "uwr": -1 }, "geometry": { "type": "Point", "coordinates": [ 20.620944, 50.744806 ] } },
{ "type": "Feature", "properties": { "ID": 124309204, "yr": 2022, "dt": "2022-12-12T17:39:07", "WOJ": 26, "sev": 1, "c": [ 255, 255, 0, 160 ], "dmg": 1, "sli": 1, "ser": 0, "fat": 0, "row": -1, "mot": -1, "pie": -1, "uto": -1, "uwr": -1 }, "geometry": { "type": "Point", "coordinates": [ 20.169833, 50.663778 ] } },
{ "type": "Feature", "properties": { "ID": 124314908, "yr": 2022, "dt": "2022-12-15T07:45:00", "WOJ": 26, "sev": 1, "c": [ 255, 255, 0, 160 ], "dmg": 1, "sli": 1, "ser": 0, "fat": 0, "row": -1, "mot": -1, "pie": 1, "uto": -1, "uwr": -1 }, "geometry": { "type": "Point", "coordinates": [ 20.252556, 50.946056 ] } },
{ "type": "Feature", "properties": { "ID": 124314763, "yr": 2022, "dt": "2022-12-15T08:25:00", "WOJ": 26, "sev": 1, "c": [ 255, 255, 0, 160 ], "dmg": 0, "sli": 1, "ser": 0, "fat": 0, "row": -1, "mot": -1, "pie": -1, "uto": -1, "uwr": -1 }, "geometry": { "type": "Point", "coordinates": [ 20.297917, 50.947694 ] } },
{ "type": "Feature", "properties": { "ID": 117115828, "yr": 2022, "dt": "2022-01-05T09:55:00", "WOJ": 26, "sev": 1, "c": [ 255, 255, 0, 160 ], "dmg": 2, "sli": 1, "ser": 0, "fat": 0, "row": -1, "mot": -1, "pie": -1, "uto": -1, "uwr": -1 }, "geometry": { "type": "Point", "coordinates": [ 20.5995, 50.863944 ] } },
{ "type": "Feature", "properties": { "ID": 117038909, "yr": 2022, "dt": "2022-01-05T16:22:24", "WOJ": 26, "sev": 1, "c": [ 255, 255, 0, 160 ], "dmg": 1, "sli": 2, "ser": 0, "fat": 0, "row": -1, "mot": -1, "pie": -1, "uto": -1, "uwr": -1 }, "geometry": { "type": "Point", "coordinates": [ 20.821361, 51.048028 ] } },
{ "type": "Feature", "properties": { "ID": 117695833, "yr": 2022, "dt": "2022-01-11T19:00:00", "WOJ": 26, "sev": 1, "c": [ 255, 255, 0, 160 ], "dmg": 1, "sli": 1, "ser": 0, "fat": 0, "row": -1, "mot": -1, "pie": 1, "uto": -1, "uwr": -1 }, "geometry": { "type": "Point", "coordinates": [ 21.076306, 51.046111 ] } },
{ "type": "Feature", "properties": { "ID": 117715858, "yr": 2022, "dt": "2022-01-12T16:29:47", "WOJ": 26, "sev": 1, "c": [ 255, 255, 0, 160 ], "dmg": 1, "sli": 1, "ser": 0, "fat": 0, "row": -1, "mot": -1, "pie": 1, "uto": -1, "uwr": -1 }, "geometry": { "type": "Point", "coordinates": [ 20.285944, 50.644222 ] } },
{ "type": "Feature", "properties": { "ID": 118122825, "yr": 2022, "dt": "2022-01-13T17:34:00", "WOJ": 26, "sev": 1, "c": [ 255, 255, 0, 160 ], "dmg": 1, "sli": 1, "ser": 0, "fat": 0, "row": -1, "mot": -1, "pie": 1, "uto": -1, "uwr": -1 }, "geometry": { "type": "Point", "coordinates": [ 20.614361, 50.859972 ] } },
{ "type": "Feature", "properties": { "ID": 124348427, "yr": 2022, "dt": "2022-12-30T11:30:00", "WOJ": 26, "sev": 1, "c": [ 255, 255, 0, 160 ], "dmg": 1, "sli": 1, "ser": 0, "fat": 0, "row": -1, "mot": -1, "pie": -1, "uto": -1, "uwr": -1 }, "geometry": { "type": "Point", "coordinates": [ 20.477722, 50.895056 ] } },
{ "type": "Feature", "properties": { "ID": 124350702, "yr": 2022, "dt": "2022-12-31T18:35:00", "WOJ": 26, "sev": 1, "c": [ 255, 255, 0, 160 ], "dmg": 1, "sli": 1, "ser": 0, "fat": 0, "row": -1, "mot": -1, "pie": -1, "uto": -1, "uwr": -1 }, "geometry": { "type": "Point", "coordinates": [ 20.817833, 50.853167 ] } },
{ "type": "Feature", "properties": { "ID": 116764829, "yr": 2022, "dt": "2022-01-03T07:30:00", "WOJ": 26, "sev": 1, "c": [ 255, 255, 0, 160 ], "dmg": 1, "sli": 1, "ser": 0, "fat": 0, "row": -1, "mot": -1, "pie": -1, "uto": -1, "uwr": -1 }, "geometry": { "type": "Point", "coordinates": [ 20.574917, 50.856528 ] } },
{ "type": "Feature", "properties": { "ID": 124331476, "yr": 2022, "dt": "2022-12-22T14:13:34", "WOJ": 26, "sev": 2, "c": [ 255, 165, 0, 160 ], "dmg": 1, "sli": 0, "ser": 1, "fat": 0, "row": -1, "mot": -1, "pie": -1, "uto": -1, "uwr": -1 }, "geometry": { "type": "Point", "coordinates": [ 21.018732, 50.376461 ] } },
{ "type": "Feature", "properties": { "ID": 118933825, "yr": 2022, "dt": "2022-01-18T15:33:00", "WOJ": 26, "sev": 2, "c": [ 255, 165, 0, 160 ], "dmg": 1, "sli": 0, "ser": 1, "fat": 0, "row": -1, "mot": -1, "pie": 2, "uto": -1, "uwr": -1 }, "geometry": { "type": "Point", "coordinates": [ 20.411056, 51.188083 ] } },
{ "type": "Feature", "properties": { "ID": 119297010, "yr": 2022, "dt": "2022-01-20T15:06:30", "WOJ": 26, "sev": 2, "c": [ 255, 165, 0, 160 ], "dmg": 1, "sli": 0, "ser": 1, "fat": 0, "row": -1, "mot": -1, "pie": 2, "uto": -1, "uwr": -1 }, "geometry": { "type": "Point", "coordinates": [ 20.401806, 51.190222 ] } },
{ "type": "Feature", "properties": { "ID": 120300860, "yr": 2022, "dt": "2022-01-21T13:50:00", "WOJ": 26, "sev": 2, "c": [ 255, 165, 0, 160 ], "dmg": 0, "sli": 3, "ser": 1, "fat": 0, "row": -1, "mot": -1, "pie": -1, "uto": -1, "uwr": -1 }, "geometry": { "type": "Point", "coordinates": [ 21.088139, 50.833806 ] } },
{ "type": "Feature", "properties": { "ID": 120396650, "yr": 2022, "dt": "2022-03-11T17:10:00", "WOJ": 26, "sev": 2, "c": [ 255, 165, 0, 160 ], "dmg": 1, "sli": 0, "ser": 1, "fat": 0, "row": -1, "mot": -1, "pie": 2, "uto": -1, "uwr": -1 }, "geometry": { "type": "Point", "coordinates": [ 20.646139, 50.888528 ] } },
{ "type": "Feature", "properties": { "ID": 124312815, "yr": 2022, "dt": "2022-12-13T14:58:16", "WOJ": 26, "sev": 2, "c": [ 255, 165, 0, 160 ], "dmg": 0, "sli": 0, "ser": 1, "fat": 0, "row": -1, "mot": -1, "pie": -1, "uto": -1, "uwr": -1 }, "geometry": { "type": "Point", "coordinates": [ 20.322111, 50.576028 ] } },
{ "type": "Feature", "properties": { "ID": 124310210, "yr": 2022, "dt": "2022-12-14T07:43:29", "WOJ": 26, "sev": 2, "c": [ 255, 165, 0, 160 ], "dmg": 1, "sli": 0, "ser": 1, "fat": 0, "row": -1, "mot": -1, "pie": -1, "uto": -1, "uwr": -1 }, "geometry": { "type": "Point", "coordinates": [ 20.123722, 50.583528 ] } },
{ "type": "Feature", "properties": { "ID": 120401878, "yr": 2022, "dt": "2022-03-11T08:00:00", "WOJ": 26, "sev": 2, "c": [ 255, 165, 0, 160 ], "dmg": 1, "sli": 0, "ser": 1, "fat": 0, "row": -1, "mot": -1, "pie": -1, "uto": -1, "uwr": -1 }, "geometry": { "type": "Point", "coordinates": [ 20.608111, 50.862361 ] } },
{ "type": "Feature", "properties": { "ID": 118301823, "yr": 2022, "dt": "2022-01-10T07:20:00", "WOJ": 26, "sev": 2, "c": [ 255, 165, 0, 160 ], "dmg": 1, "sli": 1, "ser": 1, "fat": 0, "row": -1, "mot": -1, "pie": -1, "uto": -1, "uwr": -1 }, "geometry": { "type": "Point", "coordinates": [ 20.68545, 50.65255 ] } },
{ "type": "Feature", "properties": { "ID": 117232834, "yr": 2022, "dt": "2022-01-10T11:28:00", "WOJ": 26, "sev": 2, "c": [ 255, 165, 0, 160 ], "dmg": 2, "sli": 0, "ser": 1, "fat": 0, "row": -1, "mot": -1, "pie": -1, "uto": -1, "uwr": -1 }, "geometry": { "type": "Point", "coordinates": [ 20.619389, 50.874778 ] } },
{ "type": "Feature", "properties": { "ID": 118124821, "yr": 2022, "dt": "2022-01-13T14:09:59", "WOJ": 26, "sev": 2, "c": [ 255, 165, 0, 160 ], "dmg": 0, "sli": 1, "ser": 1, "fat": 0, "row": -1, "mot": -1, "pie": -1, "uto": -1, "uwr": -1 }, "geometry": { "type": "Point", "coordinates": [ 20.396611, 50.504917 ] } },
{ "type": "Feature", "properties": { "ID": 117923819, "yr": 2022, "dt": "2022-01-13T06:30:00", "WOJ": 26, "sev": 2, "c": [ 255, 165, 0, 160 ], "dmg": 1, "sli": 0, "ser": 1, "fat": 0, "row": -1, "mot": -1, "pie": 2, "uto": -1, "uwr": -1 }, "geometry": { "type": "Point", "coordinates": [ 20.653, 50.729583 ] } },
{ "type": "Feature", "properties": { "ID": 124348710, "yr": 2022, "dt": "2022-12-30T17:40:29", "WOJ": 26, "sev": 2, "c": [ 255, 165, 0, 160 ], "dmg": 0, "sli": 3, "ser": 1, "fat": 0, "row": -1, "mot": -1, "pie": -1, "uto": -1, "uwr": -1 }, "geometry": { "type": "Point", "coordinates": [ 20.409889, 50.720806 ] } },
{ "type": "Feature", "properties": { "ID": 124350347, "yr": 2022, "dt": "2022-12-30T16:00:00", "WOJ": 26, "sev": 2, "c": [ 255, 165, 0, 160 ], "dmg": 0, "sli": 0, "ser": 1, "fat": 0, "row": -1, "mot": -1, "pie": -1, "uto": -1, "uwr": -1 }, "geometry": { "type": "Point", "coordinates": [ 20.266417, 50.811556 ] } },
{ "type": "Feature", "properties": { "ID": 124204893, "yr": 2022, "dt": "2022-11-13T10:55:00", "WOJ": 26, "sev": 2, "c": [ 255, 165, 0, 160 ], "dmg": 1, "sli": 1, "ser": 1, "fat": 0, "row": -1, "mot": -1, "pie": -1, "uto": -1, "uwr": -1 }, "geometry": { "type": "Point", "coordinates": [ 20.544083, 50.957444 ] } },
{ "type": "Feature", "properties": { "ID": 124214382, "yr": 2022, "dt": "2022-11-15T13:35:00", "WOJ": 26, "sev": 2, "c": [ 255, 165, 0, 160 ], "dmg": 1, "sli": 0, "ser": 2, "fat": 0, "row": -1, "mot": -1, "pie": -1, "uto": -1, "uwr": -1 }, "geometry": { "type": "Point", "coordinates": [ 20.443556, 51.027389 ] } },
{ "type": "Feature", "properties": { "ID": 118436873, "yr": 2022, "dt": "2022-01-15T09:23:25", "WOJ": 26, "sev": 2, "c": [ 255, 165, 0, 160 ], "dmg": 1, "sli": 0, "ser": 1, "fat": 0, "row": -1, "mot": -1, "pie": -1, "uto": -1, "uwr": -1 }, "geometry": { "type": "Point", "coordinates": [ 21.626306, 50.678778 ] } },
{ "type": "Feature", "properties": { "ID": 120983400, "yr": 2022, "dt": "2022-07-24T02:43:10", "WOJ": 26, "sev": 2, "c": [ 255, 165, 0, 160 ], "dmg": 0, "sli": 0, "ser": 1, "fat": 0, "row": -1, "mot": -1, "pie": -1, "uto": -1, "uwr": -1 }, "geometry": { "type": "Point", "coordinates": [ 21.632444, 51.026889 ] } },
{ "type": "Feature", "properties": { "ID": 120984761, "yr": 2022, "dt": "2022-07-25T23:49:53", "WOJ": 26, "sev": 2, "c": [ 255, 165, 0, 160 ], "dmg": 1, "sli": 0, "ser": 1, "fat": 0, "row": -1, "mot": -1, "pie": 2, "uto": -1, "uwr": -1 }, "geometry": { "type": "Point", "coordinates": [ 20.283194, 50.642528 ] } },
{ "type": "Feature", "properties": { "ID": 120981755, "yr": 2022, "dt": "2022-07-25T01:47:19", "WOJ": 26, "sev": 2, "c": [ 255, 165, 0, 160 ], "dmg": 0, "sli": 2, "ser": 1, "fat": 0, "row": -1, "mot": -1, "pie": -1, "uto": -1, "uwr": -1 }, "geometry": { "type": "Point", "coordinates": [ 20.910667, 50.819389 ] } },
{ "type": "Feature", "properties": { "ID": 121063387, "yr": 2022, "dt": "2022-07-27T07:52:47", "WOJ": 26, "sev": 2, "c": [ 255, 165, 0, 160 ], "dmg": 1, "sli": 0, "ser": 1, "fat": 0, "row": -1, "mot": -1, "pie": -1, "uto": -1, "uwr": -1 }, "geometry": { "type": "Point", "coordinates": [ 21.504861, 50.646556 ] } },
{ "type": "Feature", "properties": { "ID": 121024173, "yr": 2022, "dt": "2022-07-27T16:35:40", "WOJ": 26, "sev": 2, "c": [ 255, 165, 0, 160 ], "dmg": 0, "sli": 0, "ser": 1, "fat": 0, "row": -1, "mot": 2, "pie": -1, "uto": -1, "uwr": -1 }, "geometry": { "type": "Point", "coordinates": [ 19.955972, 50.871944 ] } },
{ "type": "Feature", "properties": { "ID": 121136395, "yr": 2022, "dt": "2022-07-28T10:45:00", "WOJ": 26, "sev": 2, "c": [ 255, 165, 0, 160 ], "dmg": 1, "sli": 0, "ser": 1, "fat": 0, "row": 2, "mot": -1, "pie": -1, "uto": -1, "uwr": -1 }, "geometry": { "type": "Point", "coordinates": [ 21.023194, 52.187778 ] } },
{ "type": "Feature", "properties": { "ID": 120255522, "yr": 2022, "dt": "2022-01-25T15:20:55", "WOJ": 26, "sev": 2, "c": [ 255, 165, 0, 160 ], "dmg": 1, "sli": 0, "ser": 1, "fat": 0, "row": -1, "mot": -1, "pie": 2, "uto": -1, "uwr": -1 }, "geometry": { "type": "Point", "coordinates": [ 20.402944, 51.192139 ] } },
{ "type": "Feature", "properties": { "ID": 121203757, "yr": 2022, "dt": "2022-08-02T17:00:00", "WOJ": 26, "sev": 2, "c": [ 255, 165, 0, 160 ], "dmg": 3, "sli": 1, "ser": 1, "fat": 0, "row": -1, "mot": -1, "pie": -1, "uto": -1, "uwr": -1 }, "geometry": { "type": "Point", "coordinates": [ 20.372056, 50.943861 ] } },
{ "type": "Feature", "properties": { "ID": 121316758, "yr": 2022, "dt": "2022-08-03T17:50:07", "WOJ": 26, "sev": 2, "c": [ 255, 165, 0, 160 ], "dmg": 1, "sli": 0, "ser": 1, "fat": 0, "row": -1, "mot": -1, "pie": 2, "uto": -1, "uwr": -1 }, "geometry": { "type": "Point", "coordinates": [ 21.7045, 50.693917 ] } },
{ "type": "Feature", "properties": { "ID": 121333967, "yr": 2022, "dt": "2022-08-05T16:20:32", "WOJ": 26, "sev": 2, "c": [ 255, 165, 0, 160 ], "dmg": 1, "sli": 0, "ser": 1, "fat": 0, "row": -1, "mot": -1, "pie": -1, "uto": -1, "uwr": -1 }, "geometry": { "type": "Point", "coordinates": [ 21.716667, 50.958639 ] } },
{ "type": "Feature", "properties": { "ID": 121333977, "yr": 2022, "dt": "2022-08-05T15:48:02", "WOJ": 26, "sev": 2, "c": [ 255, 165, 0, 160 ], "dmg": 1, "sli": 1, "ser": 1, "fat": 0, "row": -1, "mot": 2, "pie": -1, "uto": -1, "uwr": -1 }, "geometry": { "type": "Point", "coordinates": [ 21.266167, 50.969611 ] } },
{ "type": "Feature", "properties": { "ID": 121333787, "yr": 2022, "dt": "2022-08-05T09:45:00", "WOJ": 26, "sev": 2, "c": [ 255, 165, 0, 160 ], "dmg": 1, "sli": 0, "ser": 1, "fat": 0, "row": -1, "mot": -1, "pie": 2, "uto": -1, "uwr": -1 }, "geometry": { "type": "Point", "coordinates": [ 20.6645, 50.892389 ] } },
{ "type": "Feature", "properties": { "ID": 121604932, "yr": 2022, "dt": "2022-08-06T20:39:25", "WOJ": 26, "sev": 2, "c": [ 255, 165, 0, 160 ], "dmg": 1, "sli": 0, "ser": 1, "fat": 0, "row": 2, "mot": -1, "pie": -1, "uto": -1, "uwr": -1 }, "geometry": { "type": "Point", "coordinates": [ 21.348, 50.966972 ] } },
{ "type": "Feature", "properties": { "ID": 121439364, "yr": 2022, "dt": "2022-08-06T09:48:45", "WOJ": 26, "sev": 2, "c": [ 255, 165, 0, 160 ], "dmg": 0, "sli": 0, "ser": 1, "fat": 0, "row": -1, "mot": -1, "pie": -1, "uto": -1, "uwr": -1 }, "geometry": { "type": "Point", "coordinates": [ 20.375167, 50.559944 ] } },
{ "type": "Feature", "properties": { "ID": 124350700, "yr": 2022, "dt": "2022-12-31T16:45:00", "WOJ": 26, "sev": 2, "c": [ 255, 165, 0, 160 ], "dmg": 1, "sli": 0, "ser": 1, "fat": 0, "row": -1, "mot": -1, "pie": 2, "uto": -1, "uwr": -1 }, "geometry": { "type": "Point", "coordinates": [ 20.742889, 50.699528 ] } },
{ "type": "Feature", "properties": { "ID": 120877521, "yr": 2022, "dt": "2022-07-13T21:18:47", "WOJ": 26, "sev": 2, "c": [ 255, 165, 0, 160 ], "dmg": 1, "sli": 0, "ser": 1, "fat": 0, "row": -1, "mot": -1, "pie": -1, "uto": -1, "uwr": -1 }, "geometry": { "type": "Point", "coordinates": [ 20.372444, 51.194528 ] } },
{ "type": "Feature", "properties": { "ID": 120873010, "yr": 2022, "dt": "2022-07-13T12:30:00", "WOJ": 26, "sev": 2, "c": [ 255, 165, 0, 160 ], "dmg": 1, "sli": 0, "ser": 1, "fat": 0, "row": 2, "mot": -1, "pie": -1, "uto": -1, "uwr": -1 }, "geometry": { "type": "Point", "coordinates": [ 20.601139, 50.852556 ] } },
{ "type": "Feature", "properties": { "ID": 120874417, "yr": 2022, "dt": "2022-07-13T08:55:00", "WOJ": 26, "sev": 2, "c": [ 255, 165, 0, 160 ], "dmg": 1, "sli": 0, "ser": 1, "fat": 0, "row": -1, "mot": 2, "pie": -1, "uto": -1, "uwr": -1 }, "geometry": { "type": "Point", "coordinates": [ 20.562778, 50.881778 ] } },
{ "type": "Feature", "properties": { "ID": 120876401, "yr": 2022, "dt": "2022-07-13T12:17:00", "WOJ": 26, "sev": 2, "c": [ 255, 165, 0, 160 ], "dmg": 1, "sli": 0, "ser": 1, "fat": 0, "row": -1, "mot": -1, "pie": -1, "uto": -1, "uwr": -1 }, "geometry": { "type": "Point", "coordinates": [ 21.205139, 51.018556 ] } },
{ "type": "Feature", "properties": { "ID": 120877742, "yr": 2022, "dt": "2022-07-14T13:30:00", "WOJ": 26, "sev": 2, "c": [ 255, 165, 0, 160 ], "dmg": 1, "sli": 0, "ser": 1, "fat": 0, "row": 2, "mot": -1, "pie": -1, "uto": -1, "uwr": -1 }, "geometry": { "type": "Point", "coordinates": [ 20.635583, 50.899917 ] } },
{ "type": "Feature", "properties": { "ID": 120878500, "yr": 2022, "dt": "2022-07-14T12:44:17", "WOJ": 26, "sev": 2, "c": [ 255, 165, 0, 160 ], "dmg": 1, "sli": 0, "ser": 1, "fat": 0, "row": -1, "mot": -1, "pie": -1, "uto": -1, "uwr": -1 }, "geometry": { "type": "Point", "coordinates": [ 21.758861, 50.760833 ] } },
{ "type": "Feature", "properties": { "ID": 124247398, "yr": 2022, "dt": "2022-11-25T11:45:00", "WOJ": 26, "sev": 2, "c": [ 255, 165, 0, 160 ], "dmg": 1, "sli": 0, "ser": 1, "fat": 0, "row": -1, "mot": -1, "pie": 2, "uto": -1, "uwr": -1 }, "geometry": { "type": "Point", "coordinates": [ 20.617111, 50.867944 ] } },
{ "type": "Feature", "properties": { "ID": 121739307, "yr": 2022, "dt": "2022-08-13T04:29:55", "WOJ": 26, "sev": 2, "c": [ 255, 165, 0, 160 ], "dmg": 1, "sli": 1, "ser": 1, "fat": 0, "row": 2, "mot": -1, "pie": -1, "uto": -1, "uwr": -1 }, "geometry": { "type": "Point", "coordinates": [ 20.606833, 50.716583 ] } },
{ "type": "Feature", "properties": { "ID": 120402981, "yr": 2022, "dt": "2022-03-14T17:12:50", "WOJ": 26, "sev": 2, "c": [ 255, 165, 0, 160 ], "dmg": 1, "sli": 0, "ser": 1, "fat": 0, "row": -1, "mot": -1, "pie": 2, "uto": -1, "uwr": -1 }, "geometry": { "type": "Point", "coordinates": [ 20.191139, 50.633083 ] } },
{ "type": "Feature", "properties": { "ID": 121743920, "yr": 2022, "dt": "2022-08-14T15:56:00", "WOJ": 26, "sev": 2, "c": [ 255, 165, 0, 160 ], "dmg": 1, "sli": 0, "ser": 1, "fat": 0, "row": -1, "mot": -1, "pie": 2, "uto": -1, "uwr": -1 }, "geometry": { "type": "Point", "coordinates": [ 20.421111, 51.188306 ] } },
{ "type": "Feature", "properties": { "ID": 121746966, "yr": 2022, "dt": "2022-08-16T15:14:28", "WOJ": 26, "sev": 2, "c": [ 255, 165, 0, 160 ], "dmg": 1, "sli": 0, "ser": 1, "fat": 0, "row": 2, "mot": -1, "pie": -1, "uto": -1, "uwr": -1 }, "geometry": { "type": "Point", "coordinates": [ 20.228083, 51.066972 ] } },
{ "type": "Feature", "properties": { "ID": 121749117, "yr": 2022, "dt": "2022-08-18T15:11:09", "WOJ": 26, "sev": 2, "c": [ 255, 165, 0, 160 ], "dmg": 1, "sli": 0, "ser": 2, "fat": 0, "row": -1, "mot": -1, "pie": -1, "uto": -1, "uwr": -1 }, "geometry": { "type": "Point", "coordinates": [ 20.451222, 50.723778 ] } },
{ "type": "Feature", "properties": { "ID": 120880870, "yr": 2022, "dt": "2022-07-17T12:55:15", "WOJ": 26, "sev": 2, "c": [ 255, 165, 0, 160 ], "dmg": 1, "sli": 0, "ser": 1, "fat": 0, "row": -1, "mot": 2, "pie": -1, "uto": -1, "uwr": -1 }, "geometry": { "type": "Point", "coordinates": [ 21.70075, 51.041667 ] } },
{ "type": "Feature", "properties": { "ID": 120892907, "yr": 2022, "dt": "2022-07-18T16:50:00", "WOJ": 26, "sev": 2, "c": [ 255, 165, 0, 160 ], "dmg": 2, "sli": 2, "ser": 1, "fat": 0, "row": -1, "mot": -1, "pie": -1, "uto": -1, "uwr": -1 }, "geometry": { "type": "Point", "coordinates": [ 20.553889, 50.92825 ] } },
{ "type": "Feature", "properties": { "ID": 120924391, "yr": 2022, "dt": "2022-07-20T19:27:20", "WOJ": 26, "sev": 2, "c": [ 255, 165, 0, 160 ], "dmg": 2, "sli": 0, "ser": 1, "fat": 0, "row": -1, "mot": -1, "pie": -1, "uto": -1, "uwr": -1 }, "geometry": { "type": "Point", "coordinates": [ 20.244111, 51.144806 ] } },
{ "type": "Feature", "properties": { "ID": 120977748, "yr": 2022, "dt": "2022-07-22T21:37:15", "WOJ": 26, "sev": 2, "c": [ 255, 165, 0, 160 ], "dmg": 1, "sli": 0, "ser": 1, "fat": 0, "row": 0, "mot": -1, "pie": -1, "uto": -1, "uwr": -1 }, "geometry": { "type": "Point", "coordinates": [ 21.665333, 50.885222 ] } },
{ "type": "Feature", "properties": { "ID": 121770396, "yr": 2022, "dt": "2022-08-31T00:35:00", "WOJ": 26, "sev": 2, "c": [ 255, 165, 0, 160 ], "dmg": 0, "sli": 1, "ser": 4, "fat": 0, "row": -1, "mot": -1, "pie": -1, "uto": -1, "uwr": -1 }, "geometry": { "type": "Point", "coordinates": [ 21.134111, 50.935722 ] } },
{ "type": "Feature", "properties": { "ID": 120858547, "yr": 2022, "dt": "2022-07-05T12:49:25", "WOJ": 26, "sev": 2, "c": [ 255, 165, 0, 160 ], "dmg": 1, "sli": 0, "ser": 2, "fat": 0, "row": -1, "mot": -1, "pie": -1, "uto": -1, "uwr": -1 }, "geometry": { "type": "Point", "coordinates": [ 20.391556, 50.624111 ] } },
{ "type": "Feature", "properties": { "ID": 120860021, "yr": 2022, "dt": "2022-07-07T09:25:54", "WOJ": 26, "sev": 2, "c": [ 255, 165, 0, 160 ], "dmg": 2, "sli": 0, "ser": 1, "fat": 0, "row": -1, "mot": -1, "pie": -1, "uto": -1, "uwr": -1 }, "geometry": { "type": "Point", "coordinates": [ 20.618278, 50.750306 ] } },
{ "type": "Feature", "properties": { "ID": 120872553, "yr": 2022, "dt": "2022-07-07T09:40:00", "WOJ": 26, "sev": 2, "c": [ 255, 165, 0, 160 ], "dmg": 1, "sli": 0, "ser": 1, "fat": 0, "row": 2, "mot": -1, "pie": -1, "uto": -1, "uwr": -1 }, "geometry": { "type": "Point", "coordinates": [ 20.75675, 50.614778 ] } },
{ "type": "Feature", "properties": { "ID": 121730577, "yr": 2022, "dt": "2022-07-07T09:13:00", "WOJ": 26, "sev": 2, "c": [ 255, 165, 0, 160 ], "dmg": 0, "sli": 0, "ser": 1, "fat": 0, "row": 2, "mot": -1, "pie": -1, "uto": -1, "uwr": -1 }, "geometry": { "type": "Point", "coordinates": [ 21.623667, 50.766028 ] } },
{ "type": "Feature", "properties": { "ID": 120864210, "yr": 2022, "dt": "2022-07-08T15:20:00", "WOJ": 26, "sev": 2, "c": [ 255, 165, 0, 160 ], "dmg": 2, "sli": 1, "ser": 1, "fat": 0, "row": -1, "mot": -1, "pie": -1, "uto": -1, "uwr": -1 }, "geometry": { "type": "Point", "coordinates": [ 20.6375, 50.885194 ] } },
{ "type": "Feature", "properties": { "ID": 124250590, "yr": 2022, "dt": "2022-07-08T09:40:00", "WOJ": 26, "sev": 2, "c": [ 255, 165, 0, 160 ], "dmg": 0, "sli": 1, "ser": 1, "fat": 0, "row": 2, "mot": -1, "pie": -1, "uto": -1, "uwr": -1 }, "geometry": { "type": "Point", "coordinates": [ 20.366972, 50.562 ] } },
{ "type": "Feature", "properties": { "ID": 120867817, "yr": 2022, "dt": "2022-07-11T13:05:00", "WOJ": 26, "sev": 2, "c": [ 255, 165, 0, 160 ], "dmg": 1, "sli": 0, "ser": 1, "fat": 0, "row": -1, "mot": -1, "pie": -1, "uto": -1, "uwr": -1 }, "geometry": { "type": "Point", "coordinates": [ 20.654667, 50.890417 ] } },
{ "type": "Feature", "properties": { "ID": 118362818, "yr": 2022, "dt": "2022-01-13T17:50:00", "WOJ": 26, "sev": 2, "c": [ 255, 165, 0, 160 ], "dmg": 1, "sli": 0, "ser": 1, "fat": 0, "row": -1, "mot": -1, "pie": 2, "uto": -1, "uwr": -1 }, "geometry": { "type": "Point", "coordinates": [ 20.615528, 50.85725 ] } },
{ "type": "Feature", "properties": { "ID": 121749977, "yr": 2022, "dt": "2022-08-20T11:45:00", "WOJ": 26, "sev": 2, "c": [ 255, 165, 0, 160 ], "dmg": 0, "sli": 0, "ser": 1, "fat": 0, "row": 2, "mot": -1, "pie": -1, "uto": -1, "uwr": -1 }, "geometry": { "type": "Point", "coordinates": [ 20.650028, 50.894694 ] } },
{ "type": "Feature", "properties": { "ID": 120313194, "yr": 2022, "dt": "2022-01-05T17:00:00", "WOJ": 26, "sev": 2, "c": [ 255, 165, 0, 160 ], "dmg": 1, "sli": 0, "ser": 1, "fat": 0, "row": -1, "mot": -1, "pie": 2, "uto": -1, "uwr": -1 }, "geometry": { "type": "Point", "coordinates": [ 21.39271, 50.91773 ] } },
{ "type": "Feature", "properties": { "ID": 117109301, "yr": 2022, "dt": "2022-01-05T02:30:00", "WOJ": 26, "sev": 2, "c": [ 255, 165, 0, 160 ], "dmg": 1, "sli": 0, "ser": 1, "fat": 0, "row": -1, "mot": -1, "pie": -1, "uto": -1, "uwr": -1 }, "geometry": { "type": "Point", "coordinates": [ 21.088444, 50.806194 ] } },
{ "type": "Feature", "properties": { "ID": 121750368, "yr": 2022, "dt": "2022-08-21T11:33:47", "WOJ": 26, "sev": 2, "c": [ 255, 165, 0, 160 ], "dmg": 2, "sli": 0, "ser": 1, "fat": 0, "row": -1, "mot": -1, "pie": -1, "uto": -1, "uwr": -1 }, "geometry": { "type": "Point", "coordinates": [ 21.537639, 50.603333 ] } },
{ "type": "Feature", "properties": { "ID": 121758827, "yr": 2022, "dt": "2022-08-25T18:26:36", "WOJ": 26, "sev": 2, "c": [ 255, 165, 0, 160 ], "dmg": 1, "sli": 0, "ser": 1, "fat": 0, "row": 2, "mot": -1, "pie": -1, "uto": -1, "uwr": -1 }, "geometry": { "type": "Point", "coordinates": [ 20.630944, 50.888778 ] } },
{ "type": "Feature", "properties": { "ID": 120867595, "yr": 2022, "dt": "2022-07-11T09:24:00", "WOJ": 26, "sev": 2, "c": [ 255, 165, 0, 160 ], "dmg": 2, "sli": 0, "ser": 1, "fat": 0, "row": -1, "mot": -1, "pie": -1, "uto": -1, "uwr": -1 }, "geometry": { "type": "Point", "coordinates": [ 20.303417, 50.6435 ] } },
{ "type": "Feature", "properties": { "ID": 120873569, "yr": 2022, "dt": "2022-07-12T06:45:00", "WOJ": 26, "sev": 2, "c": [ 255, 165, 0, 160 ], "dmg": 2, "sli": 1, "ser": 1, "fat": 0, "row": -1, "mot": -1, "pie": -1, "uto": -1, "uwr": -1 }, "geometry": { "type": "Point", "coordinates": [ 20.909167, 50.819833 ] } },
{ "type": "Feature", "properties": { "ID": 121777654, "yr": 2022, "dt": "2022-09-02T21:03:12", "WOJ": 26, "sev": 2, "c": [ 255, 165, 0, 160 ], "dmg": 1, "sli": 0, "ser": 1, "fat": 0, "row": -1, "mot": -1, "pie": -1, "uto": -1, "uwr": -1 }, "geometry": { "type": "Point", "coordinates": [ 20.840556, 51.1495 ] } },
{ "type": "Feature", "properties": { "ID": 121778443, "yr": 2022, "dt": "2022-09-03T00:03:50", "WOJ": 26, "sev": 2, "c": [ 255, 165, 0, 160 ], "dmg": 1, "sli": 0, "ser": 1, "fat": 0, "row": -1, "mot": -1, "pie": 2, "uto": -1, "uwr": -1 }, "geometry": { "type": "Point", "coordinates": [ 21.693333, 50.884 ] } },
{ "type": "Feature", "properties": { "ID": 121778290, "yr": 2022, "dt": "2022-09-04T19:15:00", "WOJ": 26, "sev": 2, "c": [ 255, 165, 0, 160 ], "dmg": 0, "sli": 0, "ser": 1, "fat": 0, "row": -1, "mot": -1, "pie": -1, "uto": -1, "uwr": -1 }, "geometry": { "type": "Point", "coordinates": [ 20.642111, 50.867111 ] } },
{ "type": "Feature", "properties": { "ID": 121782374, "yr": 2022, "dt": "2022-09-06T17:15:00", "WOJ": 26, "sev": 2, "c": [ 255, 165, 0, 160 ], "dmg": 0, "sli": 0, "ser": 1, "fat": 0, "row": -1, "mot": -1, "pie": -1, "uto": -1, "uwr": -1 }, "geometry": { "type": "Point", "coordinates": [ 20.704556, 50.615917 ] } },
{ "type": "Feature", "properties": { "ID": 121785677, "yr": 2022, "dt": "2022-09-07T12:47:17", "WOJ": 26, "sev": 2, "c": [ 255, 165, 0, 160 ], "dmg": 0, "sli": 1, "ser": 1, "fat": 0, "row": -1, "mot": -1, "pie": -1, "uto": -1, "uwr": -1 }, "geometry": { "type": "Point", "coordinates": [ 20.280361, 50.821583 ] } },
{ "type": "Feature", "properties": { "ID": 120873620, "yr": 2022, "dt": "2022-07-01T14:20:00", "WOJ": 26, "sev": 2, "c": [ 255, 165, 0, 160 ], "dmg": 1, "sli": 0, "ser": 1, "fat": 0, "row": -1, "mot": -1, "pie": -1, "uto": -1, "uwr": -1 }, "geometry": { "type": "Point", "coordinates": [ 20.594472, 51.130778 ] } },
{ "type": "Feature", "properties": { "ID": 120851649, "yr": 2022, "dt": "2022-07-02T18:00:00", "WOJ": 26, "sev": 2, "c": [ 255, 165, 0, 160 ], "dmg": 0, "sli": 2, "ser": 1, "fat": 0, "row": -1, "mot": -1, "pie": -1, "uto": -1, "uwr": -1 }, "geometry": { "type": "Point", "coordinates": [ 20.448389, 50.93975 ] } },
{ "type": "Feature", "properties": { "ID": 120853506, "yr": 2022, "dt": "2022-07-03T20:25:41", "WOJ": 26, "sev": 2, "c": [ 255, 165, 0, 160 ], "dmg": 0, "sli": 1, "ser": 1, "fat": 0, "row": -1, "mot": 2, "pie": -1, "uto": -1, "uwr": -1 }, "geometry": { "type": "Point", "coordinates": [ 20.037889, 51.107833 ] } },
{ "type": "Feature", "properties": { "ID": 120855654, "yr": 2022, "dt": "2022-07-04T14:20:00", "WOJ": 26, "sev": 2, "c": [ 255, 165, 0, 160 ], "dmg": 2, "sli": 0, "ser": 1, "fat": 0, "row": -1, "mot": -1, "pie": -1, "uto": -1, "uwr": -1 }, "geometry": { "type": "Point", "coordinates": [ 20.622194, 50.868028 ] } },
{ "type": "Feature", "properties": { "ID": 121758926, "yr": 2022, "dt": "2022-08-26T07:11:07", "WOJ": 26, "sev": 2, "c": [ 255, 165, 0, 160 ], "dmg": 1, "sli": 0, "ser": 1, "fat": 0, "row": -1, "mot": -1, "pie": -1, "uto": -1, "uwr": -1 }, "geometry": { "type": "Point", "coordinates": [ 20.369167, 50.695 ] } },
{ "type": "Feature", "properties": { "ID": 121759158, "yr": 2022, "dt": "2022-08-26T06:40:00", "WOJ": 26, "sev": 2, "c": [ 255, 165, 0, 160 ], "dmg": 1, "sli": 0, "ser": 1, "fat": 0, "row": -1, "mot": -1, "pie": -1, "uto": -1, "uwr": -1 }, "geometry": { "type": "Point", "coordinates": [ 20.723694, 50.900333 ] } },
{ "type": "Feature", "properties": { "ID": 120317060, "yr": 2022, "dt": "2022-02-06T05:58:57", "WOJ": 26, "sev": 2, "c": [ 255, 165, 0, 160 ], "dmg": 1, "sli": 1, "ser": 1, "fat": 0, "row": -1, "mot": -1, "pie": -1, "uto": -1, "uwr": -1 }, "geometry": { "type": "Point", "coordinates": [ 21.471194, 50.63175 ] } },
{ "type": "Feature", "properties": { "ID": 121766960, "yr": 2022, "dt": "2022-08-29T12:42:00", "WOJ": 26, "sev": 2, "c": [ 255, 165, 0, 160 ], "dmg": 1, "sli": 0, "ser": 1, "fat": 0, "row": -1, "mot": -1, "pie": -1, "uto": -1, "uwr": -1 }, "geometry": { "type": "Point", "coordinates": [ 20.269722, 51.204028 ] } },
{ "type": "Feature", "properties": { "ID": 121763773, "yr": 2022, "dt": "2022-08-29T04:35:07", "WOJ": 26, "sev": 2, "c": [ 255, 165, 0, 160 ], "dmg": 1, "sli": 0, "ser": 1, "fat": 0, "row": -1, "mot": -1, "pie": -1, "uto": -1, "uwr": -1 }, "geometry": { "type": "Point", "coordinates": [ 20.315556, 51.102083 ] } },
{ "type": "Feature", "properties": { "ID": 121789407, "yr": 2022, "dt": "2022-08-30T10:00:00", "WOJ": 26, "sev": 2, "c": [ 255, 165, 0, 160 ], "dmg": 1, "sli": 0, "ser": 1, "fat": 0, "row": -1, "mot": -1, "pie": 2, "uto": -1, "uwr": -1 }, "geometry": { "type": "Point", "coordinates": [ 20.65657, 50.89082 ] } },
{ "type": "Feature", "properties": { "ID": 121768609, "yr": 2022, "dt": "2022-08-30T06:50:00", "WOJ": 26, "sev": 2, "c": [ 255, 165, 0, 160 ], "dmg": 1, "sli": 0, "ser": 1, "fat": 0, "row": -1, "mot": 2, "pie": -1, "uto": -1, "uwr": -1 }, "geometry": { "type": "Point", "coordinates": [ 20.618333, 50.757194 ] } },
{ "type": "Feature", "properties": { "ID": 121802642, "yr": 2022, "dt": "2022-09-14T11:39:04", "WOJ": 26, "sev": 2, "c": [ 255, 165, 0, 160 ], "dmg": 2, "sli": 0, "ser": 1, "fat": 0, "row": -1, "mot": -1, "pie": -1, "uto": -1, "uwr": -1 }, "geometry": { "type": "Point", "coordinates": [ 21.202472, 50.725944 ] } },
{ "type": "Feature", "properties": { "ID": 121811506, "yr": 2022, "dt": "2022-09-14T17:00:00", "WOJ": 26, "sev": 2, "c": [ 255, 165, 0, 160 ], "dmg": 1, "sli": 0, "ser": 1, "fat": 0, "row": 0, "mot": -1, "pie": 2, "uto": -1, "uwr": -1 }, "geometry": { "type": "Point", "coordinates": [ 20.300306, 50.642417 ] } },
{ "type": "Feature", "properties": { "ID": 120317030, "yr": 2022, "dt": "2022-02-06T00:39:46", "WOJ": 26, "sev": 2, "c": [ 255, 165, 0, 160 ], "dmg": 1, "sli": 2, "ser": 1, "fat": 0, "row": -1, "mot": -1, "pie": -1, "uto": -1, "uwr": -1 }, "geometry": { "type": "Point", "coordinates": [ 21.755361, 50.677333 ] } },
{ "type": "Feature", "properties": { "ID": 120313385, "yr": 2022, "dt": "2022-02-06T19:55:00", "WOJ": 26, "sev": 2, "c": [ 255, 165, 0, 160 ], "dmg": 2, "sli": 0, "ser": 1, "fat": 0, "row": -1, "mot": -1, "pie": -1, "uto": -1, "uwr": -1 }, "geometry": { "type": "Point", "coordinates": [ 20.645139, 50.888778 ] } },
{ "type": "Feature", "properties": { "ID": 120835959, "yr": 2022, "dt": "2022-06-24T14:40:00", "WOJ": 26, "sev": 2, "c": [ 255, 165, 0, 160 ], "dmg": 0, "sli": 0, "ser": 2, "fat": 0, "row": -1, "mot": -1, "pie": -1, "uto": -1, "uwr": -1 }, "geometry": { "type": "Point", "coordinates": [ 21.018, 50.900167 ] } },
{ "type": "Feature", "properties": { "ID": 120322224, "yr": 2022, "dt": "2022-02-10T10:30:00", "WOJ": 26, "sev": 2, "c": [ 255, 165, 0, 160 ], "dmg": 1, "sli": 0, "ser": 1, "fat": 0, "row": -1, "mot": -1, "pie": 2, "uto": -1, "uwr": -1 }, "geometry": { "type": "Point", "coordinates": [ 20.650944, 50.881556 ] } },
{ "type": "Feature", "properties": { "ID": 120845405, "yr": 2022, "dt": "2022-06-25T20:30:00", "WOJ": 26, "sev": 2, "c": [ 255, 165, 0, 160 ], "dmg": 1, "sli": 0, "ser": 1, "fat": 0, "row": 0, "mot": 2, "pie": -1, "uto": -1, "uwr": -1 }, "geometry": { "type": "Point", "coordinates": [ 20.605861, 51.034472 ] } },
{ "type": "Feature", "properties": { "ID": 120845425, "yr": 2022, "dt": "2022-06-26T00:10:00", "WOJ": 26, "sev": 2, "c": [ 255, 165, 0, 160 ], "dmg": 1, "sli": 0, "ser": 1, "fat": 0, "row": -1, "mot": -1, "pie": -1, "uto": -1, "uwr": -1 }, "geometry": { "type": "Point", "coordinates": [ 20.581222, 50.907056 ] } },
{ "type": "Feature", "properties": { "ID": 124240028, "yr": 2022, "dt": "2022-11-26T14:05:00", "WOJ": 26, "sev": 2, "c": [ 255, 165, 0, 160 ], "dmg": 0, "sli": 1, "ser": 1, "fat": 0, "row": -1, "mot": 2, "pie": -1, "uto": -1, "uwr": -1 }, "geometry": { "type": "Point", "coordinates": [ 21.085306, 50.777944 ] } },
{ "type": "Feature", "properties": { "ID": 120845135, "yr": 2022, "dt": "2022-06-28T16:20:00", "WOJ": 26, "sev": 2, "c": [ 255, 165, 0, 160 ], "dmg": 1, "sli": 0, "ser": 2, "fat": 0, "row": -1, "mot": -1, "pie": -1, "uto": -1, "uwr": -1 }, "geometry": { "type": "Point", "coordinates": [ 21.13175, 50.864944 ] } },
{ "type": "Feature", "properties": { "ID": 124245615, "yr": 2022, "dt": "2022-11-28T16:03:00", "WOJ": 26, "sev": 2, "c": [ 255, 165, 0, 160 ], "dmg": 1, "sli": 0, "ser": 1, "fat": 0, "row": -1, "mot": -1, "pie": 2, "uto": -1, "uwr": -1 }, "geometry": { "type": "Point", "coordinates": [ 20.775639, 50.887667 ] } },
{ "type": "Feature", "properties": { "ID": 124256572, "yr": 2022, "dt": "2022-12-01T17:41:09", "WOJ": 26, "sev": 2, "c": [ 255, 165, 0, 160 ], "dmg": 1, "sli": 0, "ser": 1, "fat": 0, "row": -1, "mot": -1, "pie": 2, "uto": -1, "uwr": -1 }, "geometry": { "type": "Point", "coordinates": [ 20.43025, 51.183528 ] } },
{ "type": "Feature", "properties": { "ID": 121775518, "yr": 2022, "dt": "2022-09-01T10:40:00", "WOJ": 26, "sev": 2, "c": [ 255, 165, 0, 160 ], "dmg": 2, "sli": 0, "ser": 1, "fat": 0, "row": -1, "mot": -1, "pie": -1, "uto": -1, "uwr": -1 }, "geometry": { "type": "Point", "coordinates": [ 20.618972, 50.872917 ] } },
{ "type": "Feature", "properties": { "ID": 124331542, "yr": 2022, "dt": "2022-12-22T15:40:00", "WOJ": 26, "sev": 2, "c": [ 255, 165, 0, 160 ], "dmg": 1, "sli": 0, "ser": 1, "fat": 0, "row": -1, "mot": -1, "pie": -1, "uto": -1, "uwr": -1 }, "geometry": { "type": "Point", "coordinates": [ 20.694028, 50.65475 ] } },
{ "type": "Feature", "properties": { "ID": 121775588, "yr": 2022, "dt": "2022-09-01T10:39:42", "WOJ": 26, "sev": 2, "c": [ 255, 165, 0, 160 ], "dmg": 1, "sli": 0, "ser": 1, "fat": 0, "row": -1, "mot": -1, "pie": 2, "uto": -1, "uwr": -1 }, "geometry": { "type": "Point", "coordinates": [ 21.337611, 50.902861 ] } },
{ "type": "Feature", "properties": { "ID": 121774821, "yr": 2022, "dt": "2022-09-02T07:35:00", "WOJ": 26, "sev": 2, "c": [ 255, 165, 0, 160 ], "dmg": 1, "sli": 0, "ser": 1, "fat": 0, "row": -1, "mot": -1, "pie": 2, "uto": -1, "uwr": -1 }, "geometry": { "type": "Point", "coordinates": [ 20.661167, 50.893722 ] } },
{ "type": "Feature", "properties": { "ID": 120791509, "yr": 2022, "dt": "2022-06-11T21:26:21", "WOJ": 26, "sev": 2, "c": [ 255, 165, 0, 160 ], "dmg": 1, "sli": 0, "ser": 1, "fat": 0, "row": -1, "mot": -1, "pie": 2, "uto": -1, "uwr": -1 }, "geometry": { "type": "Point", "coordinates": [ 21.4925, 50.721083 ] } },
{ "type": "Feature", "properties": { "ID": 120791628, "yr": 2022, "dt": "2022-06-12T08:40:00", "WOJ": 26, "sev": 2, "c": [ 255, 165, 0, 160 ], "dmg": 1, "sli": 0, "ser": 1, "fat": 0, "row": -1, "mot": 2, "pie": -1, "uto": -1, "uwr": -1 }, "geometry": { "type": "Point", "coordinates": [ 20.537, 50.833639 ] } },
{ "type": "Feature", "properties": { "ID": 120815494, "yr": 2022, "dt": "2022-06-16T17:41:39", "WOJ": 26, "sev": 2, "c": [ 255, 165, 0, 160 ], "dmg": 1, "sli": 0, "ser": 1, "fat": 0, "row": -1, "mot": 0, "pie": 2, "uto": -1, "uwr": -1 }, "geometry": { "type": "Point", "coordinates": [ 20.359694, 51.120417 ] } },
{ "type": "Feature", "properties": { "ID": 124257011, "yr": 2022, "dt": "2022-12-02T16:28:47", "WOJ": 26, "sev": 2, "c": [ 255, 165, 0, 160 ], "dmg": 1, "sli": 0, "ser": 1, "fat": 0, "row": -1, "mot": -1, "pie": 2, "uto": -1, "uwr": -1 }, "geometry": { "type": "Point", "coordinates": [ 20.162917, 50.832556 ] } },
{ "type": "Feature", "properties": { "ID": 120818444, "yr": 2022, "dt": "2022-06-17T10:12:37", "WOJ": 26, "sev": 2, "c": [ 255, 165, 0, 160 ], "dmg": 1, "sli": 0, "ser": 1, "fat": 0, "row": 2, "mot": -1, "pie": -1, "uto": -1, "uwr": -1 }, "geometry": { "type": "Point", "coordinates": [ 20.100556, 50.651667 ] } },
{ "type": "Feature", "properties": { "ID": 120822444, "yr": 2022, "dt": "2022-06-19T11:05:00", "WOJ": 26, "sev": 2, "c": [ 255, 165, 0, 160 ], "dmg": 0, "sli": 0, "ser": 1, "fat": 0, "row": 2, "mot": -1, "pie": -1, "uto": -1, "uwr": -1 }, "geometry": { "type": "Point", "coordinates": [ 20.456167, 50.782611 ] } },
{ "type": "Feature", "properties": { "ID": 120821740, "yr": 2022, "dt": "2022-06-19T16:54:00", "WOJ": 26, "sev": 2, "c": [ 255, 165, 0, 160 ], "dmg": 1, "sli": 0, "ser": 1, "fat": 0, "row": 2, "mot": -1, "pie": -1, "uto": -1, "uwr": -1 }, "geometry": { "type": "Point", "coordinates": [ 20.642333, 50.867167 ] } },
{ "type": "Feature", "properties": { "ID": 120824506, "yr": 2022, "dt": "2022-06-20T06:20:00", "WOJ": 26, "sev": 2, "c": [ 255, 165, 0, 160 ], "dmg": 2, "sli": 0, "ser": 1, "fat": 0, "row": -1, "mot": -1, "pie": -1, "uto": -1, "uwr": -1 }, "geometry": { "type": "Point", "coordinates": [ 20.780083, 50.86125 ] } },
{ "type": "Feature", "properties": { "ID": 120840641, "yr": 2022, "dt": "2022-06-20T21:00:00", "WOJ": 26, "sev": 2, "c": [ 255, 165, 0, 160 ], "dmg": 0, "sli": 0, "ser": 1, "fat": 0, "row": 2, "mot": -1, "pie": -1, "uto": -1, "uwr": -1 }, "geometry": { "type": "Point", "coordinates": [ 20.807778, 50.781528 ] } },
{ "type": "Feature", "properties": { "ID": 120824775, "yr": 2022, "dt": "2022-06-20T15:23:16", "WOJ": 26, "sev": 2, "c": [ 255, 165, 0, 160 ], "dmg": 1, "sli": 0, "ser": 1, "fat": 0, "row": 2, "mot": -1, "pie": -1, "uto": -1, "uwr": -1 }, "geometry": { "type": "Point", "coordinates": [ 20.625417, 51.15725 ] } },
{ "type": "Feature", "properties": { "ID": 120831887, "yr": 2022, "dt": "2022-06-22T18:26:00", "WOJ": 26, "sev": 2, "c": [ 255, 165, 0, 160 ], "dmg": 1, "sli": 0, "ser": 1, "fat": 0, "row": -1, "mot": 2, "pie": -1, "uto": -1, "uwr": -1 }, "geometry": { "type": "Point", "coordinates": [ 20.247556, 50.94425 ] } },
{ "type": "Feature", "properties": { "ID": 120842729, "yr": 2022, "dt": "2022-06-23T20:10:00", "WOJ": 26, "sev": 2, "c": [ 255, 165, 0, 160 ], "dmg": 1, "sli": 0, "ser": 1, "fat": 0, "row": -1, "mot": -1, "pie": 2, "uto": -1, "uwr": -1 }, "geometry": { "type": "Point", "coordinates": [ 20.565417, 50.928528 ] } },
{ "type": "Feature", "properties": { "ID": 121790495, "yr": 2022, "dt": "2022-09-09T16:00:12", "WOJ": 26, "sev": 2, "c": [ 255, 165, 0, 160 ], "dmg": 1, "sli": 0, "ser": 1, "fat": 0, "row": -1, "mot": -1, "pie": 2, "uto": -1, "uwr": -1 }, "geometry": { "type": "Point", "coordinates": [ 20.810417, 50.803944 ] } },
{ "type": "Feature", "properties": { "ID": 121788315, "yr": 2022, "dt": "2022-09-09T18:00:00", "WOJ": 26, "sev": 2, "c": [ 255, 165, 0, 160 ], "dmg": 1, "sli": 3, "ser": 1, "fat": 0, "row": -1, "mot": -1, "pie": -1, "uto": -1, "uwr": -1 }, "geometry": { "type": "Point", "coordinates": [ 20.443972, 50.806028 ] } },
{ "type": "Feature", "properties": { "ID": 120942075, "yr": 2022, "dt": "2022-07-22T06:50:00", "WOJ": 26, "sev": 2, "c": [ 255, 165, 0, 160 ], "dmg": 2, "sli": 0, "ser": 1, "fat": 0, "row": -1, "mot": -1, "pie": 2, "uto": -1, "uwr": -1 }, "geometry": { "type": "Point", "coordinates": [ 20.618389, 50.756694 ] } },
{ "type": "Feature", "properties": { "ID": 121802547, "yr": 2022, "dt": "2022-09-10T08:10:00", "WOJ": 26, "sev": 2, "c": [ 255, 165, 0, 160 ], "dmg": 0, "sli": 0, "ser": 1, "fat": 0, "row": -1, "mot": 2, "pie": -1, "uto": -1, "uwr": -1 }, "geometry": { "type": "Point", "coordinates": [ 20.424972, 51.051694 ] } },
{ "type": "Feature", "properties": { "ID": 116810819, "yr": 2022, "dt": "2022-01-03T10:32:21", "WOJ": 26, "sev": 2, "c": [ 255, 165, 0, 160 ], "dmg": 1, "sli": 0, "ser": 1, "fat": 0, "row": -1, "mot": -1, "pie": 2, "uto": -1, "uwr": -1 }, "geometry": { "type": "Point", "coordinates": [ 20.410583, 51.189917 ] } },
{ "type": "Feature", "properties": { "ID": 121825829, "yr": 2022, "dt": "2022-09-27T14:48:00", "WOJ": 26, "sev": 2, "c": [ 255, 165, 0, 160 ], "dmg": 1, "sli": 0, "ser": 1, "fat": 0, "row": -1, "mot": -1, "pie": 2, "uto": -1, "uwr": -1 }, "geometry": { "type": "Point", "coordinates": [ 20.299972, 50.641833 ] } },
{ "type": "Feature", "properties": { "ID": 124341907, "yr": 2022, "dt": "2022-12-28T01:30:33", "WOJ": 26, "sev": 2, "c": [ 255, 165, 0, 160 ], "dmg": 0, "sli": 0, "ser": 1, "fat": 0, "row": -1, "mot": -1, "pie": -1, "uto": -1, "uwr": -1 }, "geometry": { "type": "Point", "coordinates": [ 20.444889, 51.306667 ] } },
{ "type": "Feature", "properties": { "ID": 121835664, "yr": 2022, "dt": "2022-09-29T06:53:05", "WOJ": 26, "sev": 2, "c": [ 255, 165, 0, 160 ], "dmg": 1, "sli": 0, "ser": 1, "fat": 0, "row": 2, "mot": -1, "pie": -1, "uto": -1, "uwr": -1 }, "geometry": { "type": "Point", "coordinates": [ 21.56775, 50.539028 ] } },
{ "type": "Feature", "properties": { "ID": 121830896, "yr": 2022, "dt": "2022-09-30T07:15:00", "WOJ": 26, "sev": 2, "c": [ 255, 165, 0, 160 ], "dmg": 1, "sli": 0, "ser": 1, "fat": 0, "row": 2, "mot": -1, "pie": -1, "uto": -1, "uwr": -1 }, "geometry": { "type": "Point", "coordinates": [ 21.590417, 50.526444 ] } },
{ "type": "Feature", "properties": { "ID": 120609465, "yr": 2022, "dt": "2022-05-31T15:20:00", "WOJ": 26, "sev": 2, "c": [ 255, 165, 0, 160 ], "dmg": 1, "sli": 0, "ser": 2, "fat": 0, "row": -1, "mot": -1, "pie": -1, "uto": -1, "uwr": -1 }, "geometry": { "type": "Point", "coordinates": [ 21.020389, 50.696194 ] } },
{ "type": "Feature", "properties": { "ID": 120776465, "yr": 2022, "dt": "2022-06-04T23:15:00", "WOJ": 26, "sev": 2, "c": [ 255, 165, 0, 160 ], "dmg": 1, "sli": 0, "ser": 1, "fat": 0, "row": -1, "mot": -1, "pie": -1, "uto": -1, "uwr": -1 }, "geometry": { "type": "Point", "coordinates": [ 20.477889, 51.261667 ] } },
{ "type": "Feature", "properties": { "ID": 120749648, "yr": 2022, "dt": "2022-06-05T15:35:53", "WOJ": 26, "sev": 2, "c": [ 255, 165, 0, 160 ], "dmg": 1, "sli": 1, "ser": 1, "fat": 0, "row": -1, "mot": -1, "pie": -1, "uto": -1, "uwr": -1 }, "geometry": { "type": "Point", "coordinates": [ 20.416556, 51.195361 ] } },
{ "type": "Feature", "properties": { "ID": 120778506, "yr": 2022, "dt": "2022-06-07T11:35:28", "WOJ": 26, "sev": 2, "c": [ 255, 165, 0, 160 ], "dmg": 2, "sli": 0, "ser": 1, "fat": 0, "row": -1, "mot": -1, "pie": 2, "uto": -1, "uwr": -1 }, "geometry": { "type": "Point", "coordinates": [ 20.539167, 50.821528 ] } },
{ "type": "Feature", "properties": { "ID": 121808086, "yr": 2022, "dt": "2022-09-18T03:34:27", "WOJ": 26, "sev": 2, "c": [ 255, 165, 0, 160 ], "dmg": 2, "sli": 1, "ser": 1, "fat": 0, "row": -1, "mot": -1, "pie": -1, "uto": -1, "uwr": -1 }, "geometry": { "type": "Point", "coordinates": [ 20.738111, 50.440083 ] } },
{ "type": "Feature", "properties": { "ID": 124297011, "yr": 2022, "dt": "2022-12-08T09:53:28", "WOJ": 26, "sev": 2, "c": [ 255, 165, 0, 160 ], "dmg": 0, "sli": 0, "ser": 2, "fat": 0, "row": -1, "mot": -1, "pie": -1, "uto": -1, "uwr": -1 }, "geometry": { "type": "Point", "coordinates": [ 19.975667, 50.553778 ] } },
{ "type": "Feature", "properties": { "ID": 121812999, "yr": 2022, "dt": "2022-09-20T06:01:00", "WOJ": 26, "sev": 2, "c": [ 255, 165, 0, 160 ], "dmg": 1, "sli": 0, "ser": 1, "fat": 0, "row": -1, "mot": -1, "pie": 2, "uto": -1, "uwr": -1 }, "geometry": { "type": "Point", "coordinates": [ 20.566083, 50.854667 ] } },
{ "type": "Feature", "properties": { "ID": 121819782, "yr": 2022, "dt": "2022-09-23T17:00:00", "WOJ": 26, "sev": 2, "c": [ 255, 165, 0, 160 ], "dmg": 0, "sli": 0, "ser": 1, "fat": 0, "row": 2, "mot": -1, "pie": -1, "uto": -1, "uwr": -1 }, "geometry": { "type": "Point", "coordinates": [ 20.605389, 50.893528 ] } },
{ "type": "Feature", "properties": { "ID": 124294594, "yr": 2022, "dt": "2022-12-06T16:16:07", "WOJ": 26, "sev": 2, "c": [ 255, 165, 0, 160 ], "dmg": 1, "sli": 0, "ser": 1, "fat": 0, "row": -1, "mot": -1, "pie": 2, "uto": -1, "uwr": -1 }, "geometry": { "type": "Point", "coordinates": [ 20.392028, 51.1875 ] } },
{ "type": "Feature", "properties": { "ID": 120787641, "yr": 2022, "dt": "2022-06-10T07:35:00", "WOJ": 26, "sev": 2, "c": [ 255, 165, 0, 160 ], "dmg": 2, "sli": 0, "ser": 2, "fat": 0, "row": -1, "mot": -1, "pie": -1, "uto": -1, "uwr": -1 }, "geometry": { "type": "Point", "coordinates": [ 20.640278, 50.871917 ] } },
{ "type": "Feature", "properties": { "ID": 124296929, "yr": 2022, "dt": "2022-12-06T14:55:00", "WOJ": 26, "sev": 2, "c": [ 255, 165, 0, 160 ], "dmg": 1, "sli": 1, "ser": 1, "fat": 0, "row": -1, "mot": -1, "pie": 2, "uto": -1, "uwr": -1 }, "geometry": { "type": "Point", "coordinates": [ 20.225694, 50.953861 ] } },
{ "type": "Feature", "properties": { "ID": 120523790, "yr": 2022, "dt": "2022-05-18T13:40:30", "WOJ": 26, "sev": 2, "c": [ 255, 165, 0, 160 ], "dmg": 1, "sli": 0, "ser": 1, "fat": 0, "row": 2, "mot": -1, "pie": -1, "uto": -1, "uwr": -1 }, "geometry": { "type": "Point", "coordinates": [ 20.471222, 51.010417 ] } },
{ "type": "Feature", "properties": { "ID": 120524460, "yr": 2022, "dt": "2022-05-19T09:15:00", "WOJ": 26, "sev": 2, "c": [ 255, 165, 0, 160 ], "dmg": 1, "sli": 0, "ser": 1, "fat": 0, "row": 2, "mot": -1, "pie": -1, "uto": -1, "uwr": -1 }, "geometry": { "type": "Point", "coordinates": [ 20.640389, 50.861833 ] } },
{ "type": "Feature", "properties": { "ID": 120527613, "yr": 2022, "dt": "2022-05-19T10:36:00", "WOJ": 26, "sev": 2, "c": [ 255, 165, 0, 160 ], "dmg": 0, "sli": 0, "ser": 1, "fat": 0, "row": 2, "mot": -1, "pie": -1, "uto": -1, "uwr": -1 }, "geometry": { "type": "Point", "coordinates": [ 21.755528, 50.685806 ] } },
{ "type": "Feature", "properties": { "ID": 120527977, "yr": 2022, "dt": "2022-05-20T19:21:22", "WOJ": 26, "sev": 2, "c": [ 255, 165, 0, 160 ], "dmg": 1, "sli": 1, "ser": 1, "fat": 0, "row": -1, "mot": -1, "pie": -1, "uto": -1, "uwr": -1 }, "geometry": { "type": "Point", "coordinates": [ 20.298722, 50.662861 ] } },
{ "type": "Feature", "properties": { "ID": 120525833, "yr": 2022, "dt": "2022-05-21T14:23:23", "WOJ": 26, "sev": 2, "c": [ 255, 165, 0, 160 ], "dmg": 1, "sli": 0, "ser": 1, "fat": 0, "row": -1, "mot": -1, "pie": -1, "uto": -1, "uwr": -1 }, "geometry": { "type": "Point", "coordinates": [ 21.589056, 50.715194 ] } },
{ "type": "Feature", "properties": { "ID": 120530206, "yr": 2022, "dt": "2022-05-22T20:00:00", "WOJ": 26, "sev": 2, "c": [ 255, 165, 0, 160 ], "dmg": 1, "sli": 0, "ser": 1, "fat": 0, "row": -1, "mot": -1, "pie": -1, "uto": -1, "uwr": -1 }, "geometry": { "type": "Point", "coordinates": [ 20.627667, 51.135333 ] } },
{ "type": "Feature", "properties": { "ID": 120533825, "yr": 2022, "dt": "2022-05-23T21:03:00", "WOJ": 26, "sev": 2, "c": [ 255, 165, 0, 160 ], "dmg": 1, "sli": 0, "ser": 1, "fat": 0, "row": -1, "mot": -1, "pie": -1, "uto": -1, "uwr": -1 }, "geometry": { "type": "Point", "coordinates": [ 21.635278, 50.838139 ] } },
{ "type": "Feature", "properties": { "ID": 120532487, "yr": 2022, "dt": "2022-05-23T06:10:00", "WOJ": 26, "sev": 2, "c": [ 255, 165, 0, 160 ], "dmg": 2, "sli": 0, "ser": 1, "fat": 0, "row": -1, "mot": -1, "pie": -1, "uto": -1, "uwr": -1 }, "geometry": { "type": "Point", "coordinates": [ 20.581056, 50.907111 ] } },
{ "type": "Feature", "properties": { "ID": 120530163, "yr": 2022, "dt": "2022-05-23T10:40:00", "WOJ": 26, "sev": 2, "c": [ 255, 165, 0, 160 ], "dmg": 1, "sli": 0, "ser": 1, "fat": 0, "row": -1, "mot": -1, "pie": 2, "uto": -1, "uwr": -1 }, "geometry": { "type": "Point", "coordinates": [ 20.626806, 50.861111 ] } },
{ "type": "Feature", "properties": { "ID": 120579384, "yr": 2022, "dt": "2022-05-24T14:40:00", "WOJ": 26, "sev": 2, "c": [ 255, 165, 0, 160 ], "dmg": 1, "sli": 0, "ser": 1, "fat": 0, "row": 2, "mot": -1, "pie": -1, "uto": -1, "uwr": -1 }, "geometry": { "type": "Point", "coordinates": [ 20.637028, 50.851917 ] } },
{ "type": "Feature", "properties": { "ID": 121824565, "yr": 2022, "dt": "2022-09-24T06:25:00", "WOJ": 26, "sev": 2, "c": [ 255, 165, 0, 160 ], "dmg": 1, "sli": 0, "ser": 1, "fat": 0, "row": 0, "mot": -1, "pie": 2, "uto": -1, "uwr": -1 }, "geometry": { "type": "Point", "coordinates": [ 20.59775, 50.875472 ] } },
{ "type": "Feature", "properties": { "ID": 121822526, "yr": 2022, "dt": "2022-09-25T23:50:00", "WOJ": 26, "sev": 2, "c": [ 255, 165, 0, 160 ], "dmg": 0, "sli": 0, "ser": 1, "fat": 0, "row": -1, "mot": -1, "pie": -1, "uto": -1, "uwr": -1 }, "geometry": { "type": "Point", "coordinates": [ 20.541389, 50.930611 ] } },
{ "type": "Feature", "properties": { "ID": 121825881, "yr": 2022, "dt": "2022-09-27T15:58:32", "WOJ": 26, "sev": 2, "c": [ 255, 165, 0, 160 ], "dmg": 1, "sli": 1, "ser": 1, "fat": 0, "row": -1, "mot": -1, "pie": -1, "uto": -1, "uwr": -1 }, "geometry": { "type": "Point", "coordinates": [ 20.119111, 50.582111 ] } },
{ "type": "Feature", "properties": { "ID": 120505840, "yr": 2022, "dt": "2022-05-10T17:30:00", "WOJ": 26, "sev": 2, "c": [ 255, 165, 0, 160 ], "dmg": 1, "sli": 0, "ser": 1, "fat": 0, "row": 2, "mot": -1, "pie": -1, "uto": -1, "uwr": -1 }, "geometry": { "type": "Point", "coordinates": [ 20.594583, 50.762583 ] } },
{ "type": "Feature", "properties": { "ID": 120505828, "yr": 2022, "dt": "2022-05-10T15:47:46", "WOJ": 26, "sev": 2, "c": [ 255, 165, 0, 160 ], "dmg": 1, "sli": 0, "ser": 1, "fat": 0, "row": 2, "mot": -1, "pie": -1, "uto": -1, "uwr": -1 }, "geometry": { "type": "Point", "coordinates": [ 21.386694, 50.760556 ] } },
{ "type": "Feature", "properties": { "ID": 120511514, "yr": 2022, "dt": "2022-05-12T16:35:00", "WOJ": 26, "sev": 2, "c": [ 255, 165, 0, 160 ], "dmg": 1, "sli": 0, "ser": 1, "fat": 0, "row": 0, "mot": -1, "pie": 2, "uto": -1, "uwr": -1 }, "geometry": { "type": "Point", "coordinates": [ 20.609556, 50.891028 ] } },
{ "type": "Feature", "properties": { "ID": 120510154, "yr": 2022, "dt": "2022-05-12T11:20:00", "WOJ": 26, "sev": 2, "c": [ 255, 165, 0, 160 ], "dmg": 1, "sli": 0, "ser": 1, "fat": 0, "row": -1, "mot": 2, "pie": -1, "uto": -1, "uwr": -1 }, "geometry": { "type": "Point", "coordinates": [ 20.771778, 50.86125 ] } },
{ "type": "Feature", "properties": { "ID": 120509943, "yr": 2022, "dt": "2022-05-12T08:30:00", "WOJ": 26, "sev": 2, "c": [ 255, 165, 0, 160 ], "dmg": 1, "sli": 0, "ser": 1, "fat": 0, "row": -1, "mot": -1, "pie": -1, "uto": -1, "uwr": -1 }, "geometry": { "type": "Point", "coordinates": [ 20.621972, 50.878889 ] } },
{ "type": "Feature", "properties": { "ID": 120512838, "yr": 2022, "dt": "2022-05-13T12:45:00", "WOJ": 26, "sev": 2, "c": [ 255, 165, 0, 160 ], "dmg": 2, "sli": 3, "ser": 2, "fat": 0, "row": -1, "mot": -1, "pie": -1, "uto": -1, "uwr": -1 }, "geometry": { "type": "Point", "coordinates": [ 20.643694, 50.871167 ] } },
{ "type": "Feature", "properties": { "ID": 120513368, "yr": 2022, "dt": "2022-05-14T07:45:34", "WOJ": 26, "sev": 2, "c": [ 255, 165, 0, 160 ], "dmg": 2, "sli": 0, "ser": 1, "fat": 0, "row": -1, "mot": -1, "pie": -1, "uto": -1, "uwr": -1 }, "geometry": { "type": "Point", "coordinates": [ 19.982472, 50.841667 ] } },
{ "type": "Feature", "properties": { "ID": 121842195, "yr": 2022, "dt": "2022-10-04T15:20:09", "WOJ": 26, "sev": 2, "c": [ 255, 165, 0, 160 ], "dmg": 1, "sli": 2, "ser": 1, "fat": 0, "row": -1, "mot": -1, "pie": -1, "uto": -1, "uwr": -1 }, "geometry": { "type": "Point", "coordinates": [ 21.530194, 50.536639 ] } },
{ "type": "Feature", "properties": { "ID": 121846290, "yr": 2022, "dt": "2022-10-04T10:45:00", "WOJ": 26, "sev": 2, "c": [ 255, 165, 0, 160 ], "dmg": 1, "sli": 2, "ser": 1, "fat": 0, "row": -1, "mot": -1, "pie": -1, "uto": -1, "uwr": -1 }, "geometry": { "type": "Point", "coordinates": [ 20.352333, 50.793833 ] } },
{ "type": "Feature", "properties": { "ID": 121859429, "yr": 2022, "dt": "2022-10-06T08:10:00", "WOJ": 26, "sev": 2, "c": [ 255, 165, 0, 160 ], "dmg": 1, "sli": 0, "ser": 1, "fat": 0, "row": -1, "mot": -1, "pie": 2, "uto": -1, "uwr": -1 }, "geometry": { "type": "Point", "coordinates": [ 20.087222, 50.941111 ] } },
{ "type": "Feature", "properties": { "ID": 121856587, "yr": 2022, "dt": "2022-10-06T09:20:56", "WOJ": 26, "sev": 2, "c": [ 255, 165, 0, 160 ], "dmg": 1, "sli": 0, "ser": 1, "fat": 0, "row": 2, "mot": -1, "pie": -1, "uto": -1, "uwr": -1 }, "geometry": { "type": "Point", "coordinates": [ 20.410611, 51.201667 ] } },
{ "type": "Feature", "properties": { "ID": 122699360, "yr": 2022, "dt": "2022-10-07T08:42:00", "WOJ": 26, "sev": 2, "c": [ 255, 165, 0, 160 ], "dmg": 1, "sli": 0, "ser": 1, "fat": 0, "row": -1, "mot": -1, "pie": 2, "uto": -1, "uwr": -1 }, "geometry": { "type": "Point", "coordinates": [ 20.024583, 51.108333 ] } },
{ "type": "Feature", "properties": { "ID": 120499070, "yr": 2022, "dt": "2022-04-29T12:35:00", "WOJ": 26, "sev": 2, "c": [ 255, 165, 0, 160 ], "dmg": 2, "sli": 1, "ser": 1, "fat": 0, "row": -1, "mot": -1, "pie": -1, "uto": -1, "uwr": -1 }, "geometry": { "type": "Point", "coordinates": [ 20.630639, 50.571111 ] } },
{ "type": "Feature", "properties": { "ID": 120499221, "yr": 2022, "dt": "2022-05-02T10:46:00", "WOJ": 26, "sev": 2, "c": [ 255, 165, 0, 160 ], "dmg": 1, "sli": 0, "ser": 1, "fat": 0, "row": -1, "mot": 2, "pie": -1, "uto": -1, "uwr": -1 }, "geometry": { "type": "Point", "coordinates": [ 20.058528, 50.654778 ] } },
{ "type": "Feature", "properties": { "ID": 120507482, "yr": 2022, "dt": "2022-05-05T13:00:00", "WOJ": 26, "sev": 2, "c": [ 255, 165, 0, 160 ], "dmg": 1, "sli": 0, "ser": 1, "fat": 0, "row": 2, "mot": -1, "pie": -1, "uto": -1, "uwr": -1 }, "geometry": { "type": "Point", "coordinates": [ 20.614306, 50.863111 ] } },
{ "type": "Feature", "properties": { "ID": 120500247, "yr": 2022, "dt": "2022-05-05T17:54:29", "WOJ": 26, "sev": 2, "c": [ 255, 165, 0, 160 ], "dmg": 1, "sli": 0, "ser": 1, "fat": 0, "row": 2, "mot": -1, "pie": -1, "uto": -1, "uwr": -1 }, "geometry": { "type": "Point", "coordinates": [ 20.432889, 51.202167 ] } },
{ "type": "Feature", "properties": { "ID": 120501739, "yr": 2022, "dt": "2022-05-07T09:45:00", "WOJ": 26, "sev": 2, "c": [ 255, 165, 0, 160 ], "dmg": 1, "sli": 0, "ser": 1, "fat": 0, "row": -1, "mot": -1, "pie": 2, "uto": -1, "uwr": -1 }, "geometry": { "type": "Point", "coordinates": [ 20.656861, 50.891167 ] } },
{ "type": "Feature", "properties": { "ID": 120504885, "yr": 2022, "dt": "2022-05-09T06:39:00", "WOJ": 26, "sev": 2, "c": [ 255, 165, 0, 160 ], "dmg": 0, "sli": 1, "ser": 1, "fat": 0, "row": -1, "mot": -1, "pie": -1, "uto": -1, "uwr": -1 }, "geometry": { "type": "Point", "coordinates": [ 20.620889, 50.801333 ] } },
{ "type": "Feature", "properties": { "ID": 120504275, "yr": 2022, "dt": "2022-05-09T13:15:00", "WOJ": 26, "sev": 2, "c": [ 255, 165, 0, 160 ], "dmg": 1, "sli": 0, "ser": 1, "fat": 0, "row": -1, "mot": 2, "pie": -1, "uto": -1, "uwr": -1 }, "geometry": { "type": "Point", "coordinates": [ 20.6415, 50.872111 ] } },
{ "type": "Feature", "properties": { "ID": 121864738, "yr": 2022, "dt": "2022-10-10T14:45:18", "WOJ": 26, "sev": 2, "c": [ 255, 165, 0, 160 ], "dmg": 1, "sli": 0, "ser": 1, "fat": 0, "row": -1, "mot": -1, "pie": -1, "uto": -1, "uwr": -1 }, "geometry": { "type": "Point", "coordinates": [ 20.618722, 51.180944 ] } },
{ "type": "Feature", "properties": { "ID": 121866413, "yr": 2022, "dt": "2022-10-11T16:40:00", "WOJ": 26, "sev": 2, "c": [ 255, 165, 0, 160 ], "dmg": 1, "sli": 0, "ser": 1, "fat": 0, "row": 2, "mot": -1, "pie": -1, "uto": -1, "uwr": -1 }, "geometry": { "type": "Point", "coordinates": [ 20.512056, 50.883583 ] } },
{ "type": "Feature", "properties": { "ID": 121865137, "yr": 2022, "dt": "2022-10-11T13:30:00", "WOJ": 26, "sev": 2, "c": [ 255, 165, 0, 160 ], "dmg": 1, "sli": 0, "ser": 1, "fat": 0, "row": -1, "mot": -1, "pie": 2, "uto": -1, "uwr": -1 }, "geometry": { "type": "Point", "coordinates": [ 20.623694, 50.848028 ] } },
{ "type": "Feature", "properties": { "ID": 121891767, "yr": 2022, "dt": "2022-10-13T08:42:49", "WOJ": 26, "sev": 2, "c": [ 255, 165, 0, 160 ], "dmg": 1, "sli": 0, "ser": 1, "fat": 0, "row": -1, "mot": -1, "pie": -1, "uto": -1, "uwr": -1 }, "geometry": { "type": "Point", "coordinates": [ 21.732028, 50.686972 ] } },
{ "type": "Feature", "properties": { "ID": 121899137, "yr": 2022, "dt": "2022-10-15T00:23:59", "WOJ": 26, "sev": 2, "c": [ 255, 165, 0, 160 ], "dmg": 0, "sli": 2, "ser": 1, "fat": 0, "row": -1, "mot": -1, "pie": -1, "uto": -1, "uwr": -1 }, "geometry": { "type": "Point", "coordinates": [ 21.399222, 50.538222 ] } },
{ "type": "Feature", "properties": { "ID": 121903184, "yr": 2022, "dt": "2022-10-16T21:35:00", "WOJ": 26, "sev": 2, "c": [ 255, 165, 0, 160 ], "dmg": 1, "sli": 0, "ser": 2, "fat": 0, "row": -1, "mot": -1, "pie": -1, "uto": -1, "uwr": -1 }, "geometry": { "type": "Point", "coordinates": [ 20.566278, 50.854778 ] } },
{ "type": "Feature", "properties": { "ID": 120462272, "yr": 2022, "dt": "2022-04-10T04:00:00", "WOJ": 26, "sev": 2, "c": [ 255, 165, 0, 160 ], "dmg": 0, "sli": 0, "ser": 2, "fat": 0, "row": -1, "mot": -1, "pie": -1, "uto": -1, "uwr": -1 }, "geometry": { "type": "Point", "coordinates": [ 20.852944, 50.846861 ] } },
{ "type": "Feature", "properties": { "ID": 120466773, "yr": 2022, "dt": "2022-04-13T10:49:07", "WOJ": 26, "sev": 2, "c": [ 255, 165, 0, 160 ], "dmg": 2, "sli": 4, "ser": 2, "fat": 0, "row": -1, "mot": -1, "pie": -1, "uto": -1, "uwr": -1 }, "geometry": { "type": "Point", "coordinates": [ 20.618861, 50.87275 ] } },
{ "type": "Feature", "properties": { "ID": 120468726, "yr": 2022, "dt": "2022-04-13T20:15:00", "WOJ": 26, "sev": 2, "c": [ 255, 165, 0, 160 ], "dmg": 0, "sli": 3, "ser": 1, "fat": 0, "row": -1, "mot": -1, "pie": -1, "uto": -1, "uwr": -1 }, "geometry": { "type": "Point", "coordinates": [ 20.485861, 50.880861 ] } },
{ "type": "Feature", "properties": { "ID": 120470946, "yr": 2022, "dt": "2022-04-13T17:30:00", "WOJ": 26, "sev": 2, "c": [ 255, 165, 0, 160 ], "dmg": 2, "sli": 0, "ser": 1, "fat": 0, "row": -1, "mot": -1, "pie": -1, "uto": -1, "uwr": -1 }, "geometry": { "type": "Point", "coordinates": [ 20.560167, 50.853444 ] } },
{ "type": "Feature", "properties": { "ID": 120475223, "yr": 2022, "dt": "2022-04-15T10:50:00", "WOJ": 26, "sev": 2, "c": [ 255, 165, 0, 160 ], "dmg": 1, "sli": 0, "ser": 1, "fat": 0, "row": 2, "mot": -1, "pie": -1, "uto": -1, "uwr": -1 }, "geometry": { "type": "Point", "coordinates": [ 20.075333, 50.933889 ] } },
{ "type": "Feature", "properties": { "ID": 122143398, "yr": 2022, "dt": "2022-10-17T11:00:00", "WOJ": 26, "sev": 2, "c": [ 255, 165, 0, 160 ], "dmg": 1, "sli": 0, "ser": 1, "fat": 0, "row": -1, "mot": -1, "pie": 2, "uto": -1, "uwr": -1 }, "geometry": { "type": "Point", "coordinates": [ 20.701333, 50.469528 ] } },
{ "type": "Feature", "properties": { "ID": 121915573, "yr": 2022, "dt": "2022-10-17T19:11:05", "WOJ": 26, "sev": 2, "c": [ 255, 165, 0, 160 ], "dmg": 1, "sli": 0, "ser": 1, "fat": 0, "row": -1, "mot": -1, "pie": 2, "uto": -1, "uwr": -1 }, "geometry": { "type": "Point", "coordinates": [ 19.948306, 50.861611 ] } },
{ "type": "Feature", "properties": { "ID": 121910737, "yr": 2022, "dt": "2022-10-17T15:50:00", "WOJ": 26, "sev": 2, "c": [ 255, 165, 0, 160 ], "dmg": 1, "sli": 0, "ser": 1, "fat": 0, "row": -1, "mot": 2, "pie": -1, "uto": -1, "uwr": -1 }, "geometry": { "type": "Point", "coordinates": [ 20.574861, 50.856417 ] } },
{ "type": "Feature", "properties": { "ID": 122120384, "yr": 2022, "dt": "2022-10-19T16:00:14", "WOJ": 26, "sev": 2, "c": [ 255, 165, 0, 160 ], "dmg": 1, "sli": 0, "ser": 1, "fat": 0, "row": -1, "mot": -1, "pie": -1, "uto": -1, "uwr": -1 }, "geometry": { "type": "Point", "coordinates": [ 20.822278, 50.797778 ] } },
{ "type": "Feature", "properties": { "ID": 120483741, "yr": 2022, "dt": "2022-04-23T12:05:00", "WOJ": 26, "sev": 2, "c": [ 255, 165, 0, 160 ], "dmg": 1, "sli": 0, "ser": 1, "fat": 0, "row": -1, "mot": -1, "pie": 2, "uto": -1, "uwr": -1 }, "geometry": { "type": "Point", "coordinates": [ 20.851778, 51.109528 ] } },
{ "type": "Feature", "properties": { "ID": 120498954, "yr": 2022, "dt": "2022-04-29T04:35:00", "WOJ": 26, "sev": 2, "c": [ 255, 165, 0, 160 ], "dmg": 1, "sli": 0, "ser": 1, "fat": 0, "row": 2, "mot": -1, "pie": -1, "uto": -1, "uwr": -1 }, "geometry": { "type": "Point", "coordinates": [ 19.96631, 50.85223 ] } },
{ "type": "Feature", "properties": { "ID": 120422597, "yr": 2022, "dt": "2022-03-22T11:55:00", "WOJ": 26, "sev": 2, "c": [ 255, 165, 0, 160 ], "dmg": 1, "sli": 0, "ser": 1, "fat": 0, "row": -1, "mot": -1, "pie": 2, "uto": -1, "uwr": -1 }, "geometry": { "type": "Point", "coordinates": [ 19.965056, 50.853083 ] } },
{ "type": "Feature", "properties": { "ID": 120434881, "yr": 2022, "dt": "2022-03-23T13:59:00", "WOJ": 26, "sev": 2, "c": [ 255, 165, 0, 160 ], "dmg": 1, "sli": 0, "ser": 1, "fat": 0, "row": -1, "mot": -1, "pie": -1, "uto": -1, "uwr": -1 }, "geometry": { "type": "Point", "coordinates": [ 20.51775, 50.687972 ] } },
{ "type": "Feature", "properties": { "ID": 120448488, "yr": 2022, "dt": "2022-03-30T16:32:00", "WOJ": 26, "sev": 2, "c": [ 255, 165, 0, 160 ], "dmg": 0, "sli": 0, "ser": 1, "fat": 0, "row": -1, "mot": -1, "pie": -1, "uto": -1, "uwr": -1 }, "geometry": { "type": "Point", "coordinates": [ 21.620972, 50.970861 ] } },
{ "type": "Feature", "properties": { "ID": 120453731, "yr": 2022, "dt": "2022-03-30T11:50:00", "WOJ": 26, "sev": 2, "c": [ 255, 165, 0, 160 ], "dmg": 0, "sli": 0, "ser": 1, "fat": 0, "row": -1, "mot": -1, "pie": -1, "uto": -1, "uwr": -1 }, "geometry": { "type": "Point", "coordinates": [ 20.831222, 50.777111 ] } },
{ "type": "Feature", "properties": { "ID": 120449555, "yr": 2022, "dt": "2022-03-30T13:15:00", "WOJ": 26, "sev": 2, "c": [ 255, 165, 0, 160 ], "dmg": 1, "sli": 0, "ser": 1, "fat": 0, "row": -1, "mot": -1, "pie": 2, "uto": -1, "uwr": -1 }, "geometry": { "type": "Point", "coordinates": [ 20.574611, 50.883028 ] } },
{ "type": "Feature", "properties": { "ID": 120450927, "yr": 2022, "dt": "2022-03-31T14:45:00", "WOJ": 26, "sev": 2, "c": [ 255, 165, 0, 160 ], "dmg": 0, "sli": 4, "ser": 2, "fat": 0, "row": -1, "mot": -1, "pie": -1, "uto": -1, "uwr": -1 }, "geometry": { "type": "Point", "coordinates": [ 20.123194, 51.000167 ] } },
{ "type": "Feature", "properties": { "ID": 120450733, "yr": 2022, "dt": "2022-03-31T19:45:00", "WOJ": 26, "sev": 2, "c": [ 255, 165, 0, 160 ], "dmg": 1, "sli": 0, "ser": 1, "fat": 0, "row": -1, "mot": -1, "pie": 2, "uto": -1, "uwr": -1 }, "geometry": { "type": "Point", "coordinates": [ 20.421806, 50.800944 ] } },
{ "type": "Feature", "properties": { "ID": 120464162, "yr": 2022, "dt": "2022-04-01T23:45:00", "WOJ": 26, "sev": 2, "c": [ 255, 165, 0, 160 ], "dmg": 1, "sli": 0, "ser": 1, "fat": 0, "row": -1, "mot": -1, "pie": 2, "uto": -1, "uwr": -1 }, "geometry": { "type": "Point", "coordinates": [ 20.162639, 50.659583 ] } },
{ "type": "Feature", "properties": { "ID": 120452096, "yr": 2022, "dt": "2022-04-01T06:49:44", "WOJ": 26, "sev": 2, "c": [ 255, 165, 0, 160 ], "dmg": 1, "sli": 0, "ser": 2, "fat": 0, "row": -1, "mot": -1, "pie": -1, "uto": -1, "uwr": -1 }, "geometry": { "type": "Point", "coordinates": [ 20.432889, 51.329639 ] } },
{ "type": "Feature", "properties": { "ID": 120455390, "yr": 2022, "dt": "2022-04-05T21:25:00", "WOJ": 26, "sev": 2, "c": [ 255, 165, 0, 160 ], "dmg": 1, "sli": 0, "ser": 1, "fat": 0, "row": -1, "mot": -1, "pie": 2, "uto": -1, "uwr": -1 }, "geometry": { "type": "Point", "coordinates": [ 20.638306, 50.872389 ] } },
{ "type": "Feature", "properties": { "ID": 124226503, "yr": 2022, "dt": "2022-11-18T12:36:00", "WOJ": 26, "sev": 2, "c": [ 255, 165, 0, 160 ], "dmg": 0, "sli": 0, "ser": 1, "fat": 0, "row": -1, "mot": -1, "pie": -1, "uto": -1, "uwr": -1 }, "geometry": { "type": "Point", "coordinates": [ 20.234083, 50.841278 ] } },
{ "type": "Feature", "properties": { "ID": 122921387, "yr": 2022, "dt": "2022-10-25T13:00:00", "WOJ": 26, "sev": 2, "c": [ 255, 165, 0, 160 ], "dmg": 1, "sli": 1, "ser": 1, "fat": 0, "row": -1, "mot": -1, "pie": -1, "uto": -1, "uwr": -1 }, "geometry": { "type": "Point", "coordinates": [ 20.606583, 50.873611 ] } },
{ "type": "Feature", "properties": { "ID": 123730532, "yr": 2022, "dt": "2022-10-29T13:50:00", "WOJ": 26, "sev": 2, "c": [ 255, 165, 0, 160 ], "dmg": 1, "sli": 1, "ser": 3, "fat": 0, "row": -1, "mot": -1, "pie": -1, "uto": -1, "uwr": -1 }, "geometry": { "type": "Point", "coordinates": [ 20.835806, 50.851 ] } },
{ "type": "Feature", "properties": { "ID": 120403004, "yr": 2022, "dt": "2022-03-14T17:06:40", "WOJ": 26, "sev": 2, "c": [ 255, 165, 0, 160 ], "dmg": 1, "sli": 0, "ser": 1, "fat": 0, "row": 2, "mot": -1, "pie": -1, "uto": -1, "uwr": -1 }, "geometry": { "type": "Point", "coordinates": [ 19.769278, 50.727639 ] } },
{ "type": "Feature", "properties": { "ID": 120402547, "yr": 2022, "dt": "2022-03-15T04:48:00", "WOJ": 26, "sev": 2, "c": [ 255, 165, 0, 160 ], "dmg": 1, "sli": 0, "ser": 3, "fat": 0, "row": -1, "mot": -1, "pie": -1, "uto": -1, "uwr": -1 }, "geometry": { "type": "Point", "coordinates": [ 20.250278, 51.134639 ] } },
{ "type": "Feature", "properties": { "ID": 120405365, "yr": 2022, "dt": "2022-03-16T17:35:51", "WOJ": 26, "sev": 2, "c": [ 255, 165, 0, 160 ], "dmg": 1, "sli": 0, "ser": 1, "fat": 0, "row": -1, "mot": -1, "pie": 2, "uto": -1, "uwr": -1 }, "geometry": { "type": "Point", "coordinates": [ 20.250583, 50.948944 ] } },
{ "type": "Feature", "properties": { "ID": 120422273, "yr": 2022, "dt": "2022-03-17T13:10:00", "WOJ": 26, "sev": 2, "c": [ 255, 165, 0, 160 ], "dmg": 2, "sli": 0, "ser": 1, "fat": 0, "row": -1, "mot": -1, "pie": -1, "uto": -1, "uwr": -1 }, "geometry": { "type": "Point", "coordinates": [ 20.6365, 50.865028 ] } },
{ "type": "Feature", "properties": { "ID": 120414834, "yr": 2022, "dt": "2022-03-18T16:52:00", "WOJ": 26, "sev": 2, "c": [ 255, 165, 0, 160 ], "dmg": 1, "sli": 0, "ser": 1, "fat": 0, "row": -1, "mot": -1, "pie": -1, "uto": -1, "uwr": -1 }, "geometry": { "type": "Point", "coordinates": [ 20.550667, 50.779806 ] } },
{ "type": "Feature", "properties": { "ID": 120419895, "yr": 2022, "dt": "2022-03-20T19:50:00", "WOJ": 26, "sev": 2, "c": [ 255, 165, 0, 160 ], "dmg": 1, "sli": 0, "ser": 1, "fat": 0, "row": -1, "mot": -1, "pie": -1, "uto": -1, "uwr": -1 }, "geometry": { "type": "Point", "coordinates": [ 20.617556, 50.746472 ] } },
{ "type": "Feature", "properties": { "ID": 120420257, "yr": 2022, "dt": "2022-03-21T05:40:00", "WOJ": 26, "sev": 2, "c": [ 255, 165, 0, 160 ], "dmg": 1, "sli": 0, "ser": 1, "fat": 0, "row": -1, "mot": -1, "pie": 2, "uto": -1, "uwr": -1 }, "geometry": { "type": "Point", "coordinates": [ 20.306028, 50.640139 ] } },
{ "type": "Feature", "properties": { "ID": 123753462, "yr": 2022, "dt": "2022-11-06T08:52:32", "WOJ": 26, "sev": 2, "c": [ 255, 165, 0, 160 ], "dmg": 1, "sli": 0, "ser": 1, "fat": 0, "row": -1, "mot": -1, "pie": -1, "uto": -1, "uwr": -1 }, "geometry": { "type": "Point", "coordinates": [ 21.772167, 50.875028 ] } },
{ "type": "Feature", "properties": { "ID": 123804861, "yr": 2022, "dt": "2022-11-08T16:35:00", "WOJ": 26, "sev": 2, "c": [ 255, 165, 0, 160 ], "dmg": 1, "sli": 0, "ser": 1, "fat": 0, "row": 0, "mot": -1, "pie": -1, "uto": -1, "uwr": -1 }, "geometry": { "type": "Point", "coordinates": [ 20.846583, 50.809361 ] } },
{ "type": "Feature", "properties": { "ID": 123804716, "yr": 2022, "dt": "2022-11-08T16:40:00", "WOJ": 26, "sev": 2, "c": [ 255, 165, 0, 160 ], "dmg": 0, "sli": 2, "ser": 1, "fat": 0, "row": -1, "mot": -1, "pie": -1, "uto": -1, "uwr": -1 }, "geometry": { "type": "Point", "coordinates": [ 20.846111, 50.768639 ] } },
{ "type": "Feature", "properties": { "ID": 123953380, "yr": 2022, "dt": "2022-11-10T11:40:00", "WOJ": 26, "sev": 2, "c": [ 255, 165, 0, 160 ], "dmg": 0, "sli": 0, "ser": 1, "fat": 0, "row": -1, "mot": -1, "pie": -1, "uto": -1, "uwr": -1 }, "geometry": { "type": "Point", "coordinates": [ 20.380639, 50.912917 ] } },
{ "type": "Feature", "properties": { "ID": 124037401, "yr": 2022, "dt": "2022-11-10T17:30:00", "WOJ": 26, "sev": 2, "c": [ 255, 165, 0, 160 ], "dmg": 2, "sli": 0, "ser": 1, "fat": 0, "row": -1, "mot": 2, "pie": -1, "uto": -1, "uwr": -1 }, "geometry": { "type": "Point", "coordinates": [ 20.887778, 50.82325 ] } },
{ "type": "Feature", "properties": { "ID": 120350088, "yr": 2022, "dt": "2022-02-17T18:20:40", "WOJ": 26, "sev": 2, "c": [ 255, 165, 0, 160 ], "dmg": 1, "sli": 0, "ser": 1, "fat": 0, "row": -1, "mot": -1, "pie": 2, "uto": -1, "uwr": -1 }, "geometry": { "type": "Point", "coordinates": [ 20.193639, 50.661528 ] } },
{ "type": "Feature", "properties": { "ID": 120366055, "yr": 2022, "dt": "2022-02-27T23:59:00", "WOJ": 26, "sev": 2, "c": [ 255, 165, 0, 160 ], "dmg": 0, "sli": 0, "ser": 1, "fat": 0, "row": -1, "mot": -1, "pie": -1, "uto": -1, "uwr": -1 }, "geometry": { "type": "Point", "coordinates": [ 21.518111, 50.562611 ] } },
{ "type": "Feature", "properties": { "ID": 120365508, "yr": 2022, "dt": "2022-03-01T08:25:00", "WOJ": 26, "sev": 2, "c": [ 255, 165, 0, 160 ], "dmg": 2, "sli": 0, "ser": 1, "fat": 0, "row": -1, "mot": -1, "pie": -1, "uto": -1, "uwr": -1 }, "geometry": { "type": "Point", "coordinates": [ 20.641528, 50.869778 ] } },
{ "type": "Feature", "properties": { "ID": 119924827, "yr": 2022, "dt": "2022-01-23T18:19:20", "WOJ": 26, "sev": 3, "c": [ 255, 0, 0, 160 ], "dmg": 1, "sli": 0, "ser": 0, "fat": 1, "row": -1, "mot": -1, "pie": 3, "uto": -1, "uwr": -1 }, "geometry": { "type": "Point", "coordinates": [ 21.403139, 50.792333 ] } },
{ "type": "Feature", "properties": { "ID": 116993863, "yr": 2022, "dt": "2022-01-05T10:05:00", "WOJ": 26, "sev": 3, "c": [ 255, 0, 0, 160 ], "dmg": 0, "sli": 1, "ser": 0, "fat": 1, "row": -1, "mot": -1, "pie": -1, "uto": -1, "uwr": -1 }, "geometry": { "type": "Point", "coordinates": [ 20.614694, 50.624111 ] } },
{ "type": "Feature", "properties": { "ID": 124349869, "yr": 2022, "dt": "2022-12-30T21:38:54", "WOJ": 26, "sev": 3, "c": [ 255, 0, 0, 160 ], "dmg": 0, "sli": 0, "ser": 2, "fat": 1, "row": -1, "mot": -1, "pie": -1, "uto": -1, "uwr": -1 }, "geometry": { "type": "Point", "coordinates": [ 20.24675, 51.141194 ] } },
{ "type": "Feature", "properties": { "ID": 124346539, "yr": 2022, "dt": "2022-12-26T00:26:00", "WOJ": 26, "sev": 3, "c": [ 255, 0, 0, 160 ], "dmg": 1, "sli": 0, "ser": 0, "fat": 1, "row": -1, "mot": -1, "pie": 3, "uto": -1, "uwr": -1 }, "geometry": { "type": "Point", "coordinates": [ 21.680972, 50.961861 ] } },
{ "type": "Feature", "properties": { "ID": 121158196, "yr": 2022, "dt": "2022-08-01T14:13:12", "WOJ": 26, "sev": 3, "c": [ 255, 0, 0, 160 ], "dmg": 1, "sli": 0, "ser": 0, "fat": 1, "row": 3, "mot": -1, "pie": -1, "uto": -1, "uwr": -1 }, "geometry": { "type": "Point", "coordinates": [ 21.387417, 50.937361 ] } },
{ "type": "Feature", "properties": { "ID": 121738953, "yr": 2022, "dt": "2022-08-12T03:34:04", "WOJ": 26, "sev": 3, "c": [ 255, 0, 0, 160 ], "dmg": 1, "sli": 0, "ser": 0, "fat": 1, "row": -1, "mot": -1, "pie": 3, "uto": -1, "uwr": -1 }, "geometry": { "type": "Point", "coordinates": [ 20.382639, 50.321639 ] } },
{ "type": "Feature", "properties": { "ID": 121740995, "yr": 2022, "dt": "2022-08-13T06:38:47", "WOJ": 26, "sev": 3, "c": [ 255, 0, 0, 160 ], "dmg": 0, "sli": 1, "ser": 0, "fat": 1, "row": -1, "mot": -1, "pie": -1, "uto": -1, "uwr": -1 }, "geometry": { "type": "Point", "coordinates": [ 21.3705, 50.797472 ] } },
{ "type": "Feature", "properties": { "ID": 121749379, "yr": 2022, "dt": "2022-08-19T09:26:33", "WOJ": 26, "sev": 3, "c": [ 255, 0, 0, 160 ], "dmg": 1, "sli": 0, "ser": 0, "fat": 1, "row": -1, "mot": 3, "pie": -1, "uto": -1, "uwr": -1 }, "geometry": { "type": "Point", "coordinates": [ 20.338111, 50.328778 ] } },
{ "type": "Feature", "properties": { "ID": 121750222, "yr": 2022, "dt": "2022-08-20T22:18:09", "WOJ": 26, "sev": 3, "c": [ 255, 0, 0, 160 ], "dmg": 1, "sli": 0, "ser": 0, "fat": 1, "row": -1, "mot": -1, "pie": 3, "uto": -1, "uwr": -1 }, "geometry": { "type": "Point", "coordinates": [ 21.702389, 50.962472 ] } },
{ "type": "Feature", "properties": { "ID": 121751968, "yr": 2022, "dt": "2022-08-21T14:01:00", "WOJ": 26, "sev": 3, "c": [ 255, 0, 0, 160 ], "dmg": 1, "sli": 0, "ser": 1, "fat": 1, "row": -1, "mot": 2, "pie": 3, "uto": -1, "uwr": -1 }, "geometry": { "type": "Point", "coordinates": [ 21.194111, 50.557472 ] } },
{ "type": "Feature", "properties": { "ID": 121763119, "yr": 2022, "dt": "2022-08-28T16:25:00", "WOJ": 26, "sev": 3, "c": [ 255, 0, 0, 160 ], "dmg": 1, "sli": 0, "ser": 0, "fat": 1, "row": -1, "mot": -1, "pie": 3, "uto": -1, "uwr": -1 }, "geometry": { "type": "Point", "coordinates": [ 21.06475, 51.052944 ] } },
{ "type": "Feature", "properties": { "ID": 121804093, "yr": 2022, "dt": "2022-09-15T21:20:00", "WOJ": 26, "sev": 3, "c": [ 255, 0, 0, 160 ], "dmg": 1, "sli": 0, "ser": 0, "fat": 1, "row": -1, "mot": -1, "pie": 3, "uto": -1, "uwr": -1 }, "geometry": { "type": "Point", "coordinates": [ 21.761167, 50.668139 ] } },
{ "type": "Feature", "properties": { "ID": 121808168, "yr": 2022, "dt": "2022-09-18T13:00:00", "WOJ": 26, "sev": 3, "c": [ 255, 0, 0, 160 ], "dmg": 0, "sli": 0, "ser": 0, "fat": 1, "row": -1, "mot": -1, "pie": -1, "uto": -1, "uwr": -1 }, "geometry": { "type": "Point", "coordinates": [ 21.253889, 51.058278 ] } },
{ "type": "Feature", "properties": { "ID": 120840501, "yr": 2022, "dt": "2022-06-25T09:00:00", "WOJ": 26, "sev": 3, "c": [ 255, 0, 0, 160 ], "dmg": 0, "sli": 0, "ser": 0, "fat": 1, "row": 3, "mot": -1, "pie": -1, "uto": -1, "uwr": -1 }, "geometry": { "type": "Point", "coordinates": [ 20.619361, 50.767444 ] } },
{ "type": "Feature", "properties": { "ID": 120842537, "yr": 2022, "dt": "2022-06-26T16:26:08", "WOJ": 26, "sev": 3, "c": [ 255, 0, 0, 160 ], "dmg": 0, "sli": 0, "ser": 0, "fat": 1, "row": -1, "mot": -1, "pie": -1, "uto": -1, "uwr": -1 }, "geometry": { "type": "Point", "coordinates": [ 21.352, 50.508833 ] } },
{ "type": "Feature", "properties": { "ID": 120845293, "yr": 2022, "dt": "2022-06-28T23:58:00", "WOJ": 26, "sev": 3, "c": [ 255, 0, 0, 160 ], "dmg": 1, "sli": 0, "ser": 0, "fat": 1, "row": -1, "mot": -1, "pie": 3, "uto": -1, "uwr": -1 }, "geometry": { "type": "Point", "coordinates": [ 21.288472, 50.575028 ] } },
{ "type": "Feature", "properties": { "ID": 121774510, "yr": 2022, "dt": "2022-09-01T11:37:27", "WOJ": 26, "sev": 3, "c": [ 255, 0, 0, 160 ], "dmg": 2, "sli": 0, "ser": 0, "fat": 1, "row": -1, "mot": -1, "pie": -1, "uto": -1, "uwr": -1 }, "geometry": { "type": "Point", "coordinates": [ 21.584306, 50.847444 ] } },
{ "type": "Feature", "properties": { "ID": 121775631, "yr": 2022, "dt": "2022-09-01T11:02:00", "WOJ": 26, "sev": 3, "c": [ 255, 0, 0, 160 ], "dmg": 1, "sli": 1, "ser": 0, "fat": 1, "row": -1, "mot": -1, "pie": 3, "uto": -1, "uwr": -1 }, "geometry": { "type": "Point", "coordinates": [ 21.1895, 51.049944 ] } },
{ "type": "Feature", "properties": { "ID": 120818541, "yr": 2022, "dt": "2022-06-17T11:30:07", "WOJ": 26, "sev": 3, "c": [ 255, 0, 0, 160 ], "dmg": 1, "sli": 0, "ser": 0, "fat": 1, "row": 3, "mot": -1, "pie": -1, "uto": -1, "uwr": -1 }, "geometry": { "type": "Point", "coordinates": [ 21.306056, 50.434583 ] } },
{ "type": "Feature", "properties": { "ID": 121788373, "yr": 2022, "dt": "2022-09-10T00:21:58", "WOJ": 26, "sev": 3, "c": [ 255, 0, 0, 160 ], "dmg": 1, "sli": 0, "ser": 0, "fat": 1, "row": -1, "mot": -1, "pie": 3, "uto": -1, "uwr": -1 }, "geometry": { "type": "Point", "coordinates": [ 21.432694, 50.80625 ] } },
{ "type": "Feature", "properties": { "ID": 121827690, "yr": 2022, "dt": "2022-09-27T19:15:14", "WOJ": 26, "sev": 3, "c": [ 255, 0, 0, 160 ], "dmg": 1, "sli": 0, "ser": 0, "fat": 1, "row": 3, "mot": -1, "pie": -1, "uto": -1, "uwr": -1 }, "geometry": { "type": "Point", "coordinates": [ 20.580111, 51.068139 ] } },
{ "type": "Feature", "properties": { "ID": 121833503, "yr": 2022, "dt": "2022-09-28T12:25:38", "WOJ": 26, "sev": 3, "c": [ 255, 0, 0, 160 ], "dmg": 1, "sli": 0, "ser": 0, "fat": 1, "row": -1, "mot": -1, "pie": 3, "uto": -1, "uwr": -1 }, "geometry": { "type": "Point", "coordinates": [ 21.1345, 50.458694 ] } },
{ "type": "Feature", "properties": { "ID": 121812937, "yr": 2022, "dt": "2022-09-20T01:53:00", "WOJ": 26, "sev": 3, "c": [ 255, 0, 0, 160 ], "dmg": 0, "sli": 0, "ser": 0, "fat": 1, "row": -1, "mot": -1, "pie": -1, "uto": -1, "uwr": -1 }, "geometry": { "type": "Point", "coordinates": [ 20.612472, 50.888222 ] } },
{ "type": "Feature", "properties": { "ID": 121822134, "yr": 2022, "dt": "2022-09-24T19:18:47", "WOJ": 26, "sev": 3, "c": [ 255, 0, 0, 160 ], "dmg": 1, "sli": 0, "ser": 0, "fat": 1, "row": -1, "mot": -1, "pie": 3, "uto": -1, "uwr": -1 }, "geometry": { "type": "Point", "coordinates": [ 20.6015, 50.306556 ] } },
{ "type": "Feature", "properties": { "ID": 120794438, "yr": 2022, "dt": "2022-06-10T18:20:00", "WOJ": 26, "sev": 3, "c": [ 255, 0, 0, 160 ], "dmg": 0, "sli": 0, "ser": 0, "fat": 1, "row": -1, "mot": -1, "pie": -1, "uto": -1, "uwr": -1 }, "geometry": { "type": "Point", "coordinates": [ 20.753222, 50.682778 ] } },
{ "type": "Feature", "properties": { "ID": 123288460, "yr": 2022, "dt": "2022-10-27T09:30:00", "WOJ": 26, "sev": 3, "c": [ 255, 0, 0, 160 ], "dmg": 1, "sli": 0, "ser": 0, "fat": 1, "row": -1, "mot": -1, "pie": 3, "uto": -1, "uwr": -1 }, "geometry": { "type": "Point", "coordinates": [ 20.457833, 50.801528 ] } },
{ "type": "Feature", "properties": { "ID": 121860982, "yr": 2022, "dt": "2022-10-07T14:45:00", "WOJ": 26, "sev": 3, "c": [ 255, 0, 0, 160 ], "dmg": 1, "sli": 0, "ser": 0, "fat": 1, "row": -1, "mot": -1, "pie": -1, "uto": -1, "uwr": -1 }, "geometry": { "type": "Point", "coordinates": [ 20.391111, 50.930472 ] } },
{ "type": "Feature", "properties": { "ID": 123928410, "yr": 2022, "dt": "2022-11-10T08:55:52", "WOJ": 26, "sev": 3, "c": [ 255, 0, 0, 160 ], "dmg": 0, "sli": 1, "ser": 0, "fat": 1, "row": -1, "mot": -1, "pie": -1, "uto": -1, "uwr": -1 }, "geometry": { "type": "Point", "coordinates": [ 21.209778, 50.4475 ] } },
{ "type": "Feature", "properties": { "ID": 124204436, "yr": 2022, "dt": "2022-11-12T05:56:43", "WOJ": 26, "sev": 3, "c": [ 255, 0, 0, 160 ], "dmg": 1, "sli": 0, "ser": 0, "fat": 1, "row": -1, "mot": -1, "pie": 3, "uto": -1, "uwr": -1 }, "geometry": { "type": "Point", "coordinates": [ 20.458694, 50.222111 ] } },
{ "type": "Feature", "properties": { "ID": 123734023, "yr": 2022, "dt": "2022-10-31T05:42:03", "WOJ": 26, "sev": 3, "c": [ 255, 0, 0, 160 ], "dmg": 2, "sli": 1, "ser": 1, "fat": 1, "row": -1, "mot": -1, "pie": -1, "uto": -1, "uwr": -1 }, "geometry": { "type": "Point", "coordinates": [ 21.159139, 50.553611 ] } },
{ "type": "Feature", "properties": { "ID": 120493550, "yr": 2022, "dt": "2022-04-29T02:15:00", "WOJ": 26, "sev": 3, "c": [ 255, 0, 0, 160 ], "dmg": 1, "sli": 0, "ser": 0, "fat": 1, "row": -1, "mot": -1, "pie": 3, "uto": -1, "uwr": -1 }, "geometry": { "type": "Point", "coordinates": [ 20.820194, 50.792806 ] } },
{ "type": "Feature", "properties": { "ID": 121841485, "yr": 2022, "dt": "2022-10-01T18:20:15", "WOJ": 26, "sev": 3, "c": [ 255, 0, 0, 160 ], "dmg": 1, "sli": 0, "ser": 0, "fat": 1, "row": -1, "mot": -1, "pie": 3, "uto": -1, "uwr": -1 }, "geometry": { "type": "Point", "coordinates": [ 21.109306, 50.453139 ] } },
{ "type": "Feature", "properties": { "ID": 124228496, "yr": 2022, "dt": "2022-11-21T10:10:00", "WOJ": 26, "sev": 3, "c": [ 255, 0, 0, 160 ], "dmg": 1, "sli": 0, "ser": 0, "fat": 1, "row": -1, "mot": -1, "pie": 3, "uto": -1, "uwr": -1 }, "geometry": { "type": "Point", "coordinates": [ 20.471722, 50.753778 ] } },
{ "type": "Feature", "properties": { "ID": 120428906, "yr": 2022, "dt": "2022-03-22T20:20:00", "WOJ": 26, "sev": 3, "c": [ 255, 0, 0, 160 ], "dmg": 1, "sli": 0, "ser": 0, "fat": 1, "row": -1, "mot": -1, "pie": 3, "uto": -1, "uwr": -1 }, "geometry": { "type": "Point", "coordinates": [ 21.196222, 51.059333 ] } },
{ "type": "Feature", "properties": { "ID": 121862218, "yr": 2022, "dt": "2022-10-09T22:34:00", "WOJ": 26, "sev": 3, "c": [ 255, 0, 0, 160 ], "dmg": 1, "sli": 0, "ser": 0, "fat": 1, "row": -1, "mot": -1, "pie": 3, "uto": -1, "uwr": -1 }, "geometry": { "type": "Point", "coordinates": [ 20.557389, 50.934639 ] } },
{ "type": "Feature", "properties": { "ID": 121844215, "yr": 2022, "dt": "2022-10-03T06:09:55", "WOJ": 26, "sev": 3, "c": [ 255, 0, 0, 160 ], "dmg": 1, "sli": 0, "ser": 0, "fat": 1, "row": 3, "mot": -1, "pie": -1, "uto": -1, "uwr": -1 }, "geometry": { "type": "Point", "coordinates": [ 21.728, 50.696639 ] } },
{ "type": "Feature", "properties": { "ID": 121903163, "yr": 2022, "dt": "2022-10-16T19:15:00", "WOJ": 26, "sev": 3, "c": [ 255, 0, 0, 160 ], "dmg": 0, "sli": 0, "ser": 0, "fat": 1, "row": -1, "mot": -1, "pie": -1, "uto": -1, "uwr": -1 }, "geometry": { "type": "Point", "coordinates": [ 20.493, 51.039611 ] } },
{ "type": "Feature", "properties": { "ID": 121819946, "yr": 2022, "dt": "2022-09-24T13:20:35", "WOJ": 26, "sev": 3, "c": [ 255, 0, 0, 160 ], "dmg": 1, "sli": 0, "ser": 0, "fat": 1, "row": 3, "mot": -1, "pie": -1, "uto": -1, "uwr": -1 }, "geometry": { "type": "Point", "coordinates": [ 20.399778, 51.199583 ] } },
{ "type": "Feature", "properties": { "ID": 120311427, "yr": 2022, "dt": "2022-02-02T18:15:00", "WOJ": 26, "sev": 3, "c": [ 255, 0, 0, 160 ], "dmg": 1, "sli": 0, "ser": 0, "fat": 1, "row": -1, "mot": -1, "pie": 3, "uto": -1, "uwr": -1 }, "geometry": { "type": "Point", "coordinates": [ 21.075833, 51.018444 ] } },
{ "type": "Feature", "properties": { "ID": 120311705, "yr": 2022, "dt": "2022-02-04T06:20:18", "WOJ": 26, "sev": 3, "c": [ 255, 0, 0, 160 ], "dmg": 2, "sli": 1, "ser": 0, "fat": 1, "row": -1, "mot": -1, "pie": -1, "uto": -1, "uwr": -1 }, "geometry": { "type": "Point", "coordinates": [ 20.298611, 50.663 ] } },
{ "type": "Feature", "properties": { "ID": 120315267, "yr": 2022, "dt": "2022-02-04T17:50:00", "WOJ": 26, "sev": 3, "c": [ 255, 0, 0, 160 ], "dmg": 0, "sli": 2, "ser": 1, "fat": 1, "row": -1, "mot": -1, "pie": -1, "uto": -1, "uwr": -1 }, "geometry": { "type": "Point", "coordinates": [ 20.791917, 50.790472 ] } },
{ "type": "Feature", "properties": { "ID": 120316985, "yr": 2022, "dt": "2022-02-05T18:43:11", "WOJ": 26, "sev": 3, "c": [ 255, 0, 0, 160 ], "dmg": 1, "sli": 0, "ser": 0, "fat": 1, "row": 3, "mot": -1, "pie": -1, "uto": -1, "uwr": -1 }, "geometry": { "type": "Point", "coordinates": [ 20.139056, 50.584861 ] } },
{ "type": "Feature", "properties": { "ID": 123744098, "yr": 2022, "dt": "2022-11-04T12:05:10", "WOJ": 26, "sev": 3, "c": [ 255, 0, 0, 160 ], "dmg": 1, "sli": 0, "ser": 0, "fat": 1, "row": -1, "mot": -1, "pie": 3, "uto": -1, "uwr": -1 }, "geometry": { "type": "Point", "coordinates": [ 21.619444, 50.848056 ] } },
{ "type": "Feature", "properties": { "ID": 123744280, "yr": 2022, "dt": "2022-11-04T16:35:41", "WOJ": 26, "sev": 3, "c": [ 255, 0, 0, 160 ], "dmg": 1, "sli": 0, "ser": 0, "fat": 1, "row": -1, "mot": -1, "pie": 3, "uto": -1, "uwr": -1 }, "geometry": { "type": "Point", "coordinates": [ 20.286611, 50.649583 ] } },
{ "type": "Feature", "properties": { "ID": 123749111, "yr": 2022, "dt": "2022-11-05T15:05:10", "WOJ": 26, "sev": 3, "c": [ 255, 0, 0, 160 ], "dmg": 1, "sli": 0, "ser": 0, "fat": 1, "row": -1, "mot": -1, "pie": -1, "uto": -1, "uwr": -1 }, "geometry": { "type": "Point", "coordinates": [ 21.455611, 50.914194 ] } },
{ "type": "Feature", "properties": { "ID": 123755465, "yr": 2022, "dt": "2022-11-06T18:23:54", "WOJ": 26, "sev": 3, "c": [ 255, 0, 0, 160 ], "dmg": 1, "sli": 0, "ser": 0, "fat": 1, "row": -1, "mot": -1, "pie": 3, "uto": -1, "uwr": -1 }, "geometry": { "type": "Point", "coordinates": [ 21.389778, 50.539417 ] } },
{ "type": "Feature", "properties": { "ID": 120474380, "yr": 2022, "dt": "2022-04-17T03:45:00", "WOJ": 26, "sev": 3, "c": [ 255, 0, 0, 160 ], "dmg": 0, "sli": 1, "ser": 0, "fat": 2, "row": -1, "mot": -1, "pie": -1, "uto": -1, "uwr": -1 }, "geometry": { "type": "Point", "coordinates": [ 20.667778, 50.68325 ] } },
{ "type": "Feature", "properties": { "ID": 120539985, "yr": 2022, "dt": "2022-05-26T06:17:19", "WOJ": 26, "sev": 3, "c": [ 255, 0, 0, 160 ], "dmg": 0, "sli": 0, "ser": 0, "fat": 1, "row": -1, "mot": -1, "pie": -1, "uto": -1, "uwr": -1 }, "geometry": { "type": "Point", "coordinates": [ 20.890444, 50.343667 ] } },
{ "type": "Feature", "properties": { "ID": 124244621, "yr": 2022, "dt": "2022-11-28T11:12:48", "WOJ": 26, "sev": 3, "c": [ 255, 0, 0, 160 ], "dmg": 1, "sli": 0, "ser": 0, "fat": 1, "row": 3, "mot": -1, "pie": -1, "uto": -1, "uwr": -1 }, "geometry": { "type": "Point", "coordinates": [ 21.760028, 50.6695 ] } },
{ "type": "Feature", "properties": { "ID": 124342134, "yr": 2022, "dt": "2022-10-17T18:25:00", "WOJ": 26, "sev": 3, "c": [ 255, 0, 0, 160 ], "dmg": 0, "sli": 0, "ser": 0, "fat": 1, "row": -1, "mot": -1, "pie": -1, "uto": -1, "uwr": -1 }, "geometry": { "type": "Point", "coordinates": [ 20.328167, 50.482 ] } },
{ "type": "Feature", "properties": { "ID": 121891858, "yr": 2022, "dt": "2022-10-13T08:43:47", "WOJ": 26, "sev": 3, "c": [ 255, 0, 0, 160 ], "dmg": 1, "sli": 0, "ser": 0, "fat": 1, "row": -1, "mot": -1, "pie": -1, "uto": -1, "uwr": -1 }, "geometry": { "type": "Point", "coordinates": [ 20.964, 50.564222 ] } },
{ "type": "Feature", "properties": { "ID": 116966822, "yr": 2022, "dt": "2022-01-04T17:17:50", "WOJ": 26, "sev": 3, "c": [ 255, 0, 0, 160 ], "dmg": 1, "sli": 0, "ser": 0, "fat": 1, "row": -1, "mot": -1, "pie": 3, "uto": -1, "uwr": -1 }, "geometry": { "type": "Point", "coordinates": [ 19.956222, 50.871722 ] } },
{ "type": "Feature", "properties": { "ID": 121616425, "yr": 2022, "dt": "2022-08-07T16:55:01", "WOJ": 26, "sev": 3, "c": [ 255, 0, 0, 160 ], "dmg": 0, "sli": 0, "ser": 0, "fat": 2, "row": -1, "mot": -1, "pie": -1, "uto": -1, "uwr": -1 }, "geometry": { "type": "Point", "coordinates": [ 20.4465, 51.148833 ] } },
{ "type": "Feature", "properties": { "ID": 118713086, "yr": 2022, "dt": "2022-01-17T12:36:05", "WOJ": 26, "sev": 3, "c": [ 255, 0, 0, 160 ], "dmg": 0, "sli": 0, "ser": 0, "fat": 1, "row": -1, "mot": -1, "pie": -1, "uto": -1, "uwr": -1 }, "geometry": { "type": "Point", "coordinates": [ 21.293944, 50.799028 ] } },
{ "type": "Feature", "properties": { "ID": 121885880, "yr": 2022, "dt": "2022-10-13T10:33:00", "WOJ": 26, "sev": 3, "c": [ 255, 0, 0, 160 ], "dmg": 1, "sli": 0, "ser": 0, "fat": 1, "row": -1, "mot": -1, "pie": 3, "uto": -1, "uwr": -1 }, "geometry": { "type": "Point", "coordinates": [ 20.650028, 50.8915 ] } },
{ "type": "Feature", "properties": { "ID": 120327341, "yr": 2022, "dt": "2022-02-11T22:51:00", "WOJ": 26, "sev": 3, "c": [ 255, 0, 0, 160 ], "dmg": 1, "sli": 1, "ser": 0, "fat": 1, "row": -1, "mot": -1, "pie": -1, "uto": -1, "uwr": -1 }, "geometry": { "type": "Point", "coordinates": [ 20.9535, 51.07225 ] } },
{ "type": "Feature", "properties": { "ID": 116978847, "yr": 2022, "dt": "2022-01-04T14:10:00", "WOJ": 26, "sev": 3, "c": [ 255, 0, 0, 160 ], "dmg": 0, "sli": 1, "ser": 0, "fat": 1, "row": -1, "mot": -1, "pie": -1, "uto": -1, "uwr": -1 }, "geometry": { "type": "Point", "coordinates": [ 20.353389, 51.167694 ] } },
{ "type": "Feature", "properties": { "ID": 121983400, "yr": 2022, "dt": "2022-10-18T18:30:00", "WOJ": 26, "sev": 3, "c": [ 255, 0, 0, 160 ], "dmg": 1, "sli": 0, "ser": 0, "fat": 1, "row": -1, "mot": -1, "pie": 3, "uto": -1, "uwr": -1 }, "geometry": { "type": "Point", "coordinates": [ 20.897778, 50.963583 ] } },
{ "type": "Feature", "properties": { "ID": 120534702, "yr": 2022, "dt": "2022-05-24T06:04:25", "WOJ": 26, "sev": 3, "c": [ 255, 0, 0, 160 ], "dmg": 0, "sli": 1, "ser": 0, "fat": 1, "row": -1, "mot": -1, "pie": -1, "uto": -1, "uwr": -1 }, "geometry": { "type": "Point", "coordinates": [ 21.193556, 50.88325 ] } },
{ "type": "Feature", "properties": { "ID": 124303673, "yr": 2022, "dt": "2022-12-09T20:14:51", "WOJ": 26, "sev": 3, "c": [ 255, 0, 0, 160 ], "dmg": 0, "sli": 0, "ser": 0, "fat": 1, "row": -1, "mot": -1, "pie": -1, "uto": -1, "uwr": -1 }, "geometry": { "type": "Point", "coordinates": [ 20.190972, 50.820444 ] } },
{ "type": "Feature", "properties": { "ID": 120472683, "yr": 2022, "dt": "2022-04-18T03:00:00", "WOJ": 26, "sev": 3, "c": [ 255, 0, 0, 160 ], "dmg": 0, "sli": 0, "ser": 0, "fat": 1, "row": -1, "mot": -1, "pie": -1, "uto": -1, "uwr": -1 }, "geometry": { "type": "Point", "coordinates": [ 20.766278, 50.760944 ] } },
{ "type": "Feature", "properties": { "ID": 120368157, "yr": 2022, "dt": "2022-03-02T06:52:13", "WOJ": 26, "sev": 3, "c": [ 255, 0, 0, 160 ], "dmg": 0, "sli": 1, "ser": 0, "fat": 1, "row": -1, "mot": -1, "pie": -1, "uto": -1, "uwr": -1 }, "geometry": { "type": "Point", "coordinates": [ 21.067028, 50.345278 ] } },
{ "type": "Feature", "properties": { "ID": 120391486, "yr": 2022, "dt": "2022-03-10T10:51:31", "WOJ": 26, "sev": 3, "c": [ 255, 0, 0, 160 ], "dmg": 1, "sli": 0, "ser": 0, "fat": 1, "row": -1, "mot": -1, "pie": -1, "uto": -1, "uwr": -1 }, "geometry": { "type": "Point", "coordinates": [ 21.694, 50.947889 ] } },
{ "type": "Feature", "properties": { "ID": 120306839, "yr": 2022, "dt": "2022-01-28T17:00:46", "WOJ": 26, "sev": 3, "c": [ 255, 0, 0, 160 ], "dmg": 1, "sli": 0, "ser": 0, "fat": 1, "row": -1, "mot": -1, "pie": 3, "uto": -1, "uwr": -1 }, "geometry": { "type": "Point", "coordinates": [ 20.408556, 51.195694 ] } },
{ "type": "Feature", "properties": { "ID": 120462632, "yr": 2022, "dt": "2022-04-08T07:50:00", "WOJ": 26, "sev": 3, "c": [ 255, 0, 0, 160 ], "dmg": 1, "sli": 0, "ser": 0, "fat": 1, "row": -1, "mot": -1, "pie": -1, "uto": -1, "uwr": -1 }, "geometry": { "type": "Point", "coordinates": [ 21.183889, 50.87325 ] } }
]
}
