{
"type": "FeatureCollection",
"name": "accidents_2022_PODLASKIE",
"crs": { "type": "name", "properties": { "name": "urn:ogc:def:crs:OGC:1.3:CRS84" } },
"features": [
{ "type": "Feature", "properties": { "ID": 124350430, "yr": 2022, "dt": "2022-12-29T16:10:00", "WOJ": 20, "sev": 1, "c": [ 255, 255, 0, 160 ], "dmg": 1, "sli": 2, "ser": 0, "fat": 0, "row": -1, "mot": -1, "pie": -1, "uto": -1, "uwr": -1 }, "geometry": { "type": "Point", "coordinates": [ 22.821722, 52.459806 ] } },
{ "type": "Feature", "properties": { "ID": 124340638, "yr": 2022, "dt": "2022-12-27T10:07:12", "WOJ": 20, "sev": 1, "c": [ 255, 255, 0, 160 ], "dmg": 1, "sli": 1, "ser": 0, "fat": 0, "row": -1, "mot": -1, "pie": -1, "uto": -1, "uwr": -1 }, "geometry": { "type": "Point", "coordinates": [ 22.5035, 52.701417 ] } },
{ "type": "Feature", "properties": { "ID": 124321327, "yr": 2022, "dt": "2022-12-20T09:51:35", "WOJ": 20, "sev": 1, "c": [ 255, 255, 0, 160 ], "dmg": 1, "sli": 1, "ser": 0, "fat": 0, "row": -1, "mot": -1, "pie": -1, "uto": -1, "uwr": -1 }, "geometry": { "type": "Point", "coordinates": [ 22.647389, 53.47925 ] } },
{ "type": "Feature", "properties": { "ID": 124340541, "yr": 2022, "dt": "2022-12-20T02:15:00", "WOJ": 20, "sev": 1, "c": [ 255, 255, 0, 160 ], "dmg": 1, "sli": 1, "ser": 0, "fat": 0, "row": -1, "mot": -1, "pie": -1, "uto": -1, "uwr": -1 }, "geometry": { "type": "Point", "coordinates": [ 22.348278, 53.034917 ] } },
{ "type": "Feature", "properties": { "ID": 120255581, "yr": 2022, "dt": "2022-01-25T17:04:18", "WOJ": 20, "sev": 1, "c": [ 255, 255, 0, 160 ], "dmg": 1, "sli": 1, "ser": 0, "fat": 0, "row": -1, "mot": -1, "pie": 1, "uto": -1, "uwr": -1 }, "geometry": { "type": "Point", "coordinates": [ 23.164778, 53.149167 ] } },
{ "type": "Feature", "properties": { "ID": 120309136, "yr": 2022, "dt": "2022-01-30T21:20:06", "WOJ": 20, "sev": 1, "c": [ 255, 255, 0, 160 ], "dmg": 1, "sli": 1, "ser": 0, "fat": 0, "row": -1, "mot": -1, "pie": -1, "uto": -1, "uwr": -1 }, "geometry": { "type": "Point", "coordinates": [ 22.416861, 53.630028 ] } },
{ "type": "Feature", "properties": { "ID": 120331936, "yr": 2022, "dt": "2022-02-12T15:06:37", "WOJ": 20, "sev": 1, "c": [ 255, 255, 0, 160 ], "dmg": 0, "sli": 1, "ser": 0, "fat": 0, "row": -1, "mot": -1, "pie": -1, "uto": -1, "uwr": -1 }, "geometry": { "type": "Point", "coordinates": [ 22.908528, 54.198778 ] } },
{ "type": "Feature", "properties": { "ID": 123755699, "yr": 2022, "dt": "2022-11-07T09:34:56", "WOJ": 20, "sev": 1, "c": [ 255, 255, 0, 160 ], "dmg": 1, "sli": 1, "ser": 0, "fat": 0, "row": -1, "mot": -1, "pie": -1, "uto": -1, "uwr": -1 }, "geometry": { "type": "Point", "coordinates": [ 23.005361, 53.860111 ] } },
{ "type": "Feature", "properties": { "ID": 124210919, "yr": 2022, "dt": "2022-11-08T08:15:00", "WOJ": 20, "sev": 1, "c": [ 255, 255, 0, 160 ], "dmg": 1, "sli": 1, "ser": 0, "fat": 0, "row": -1, "mot": 1, "pie": -1, "uto": -1, "uwr": -1 }, "geometry": { "type": "Point", "coordinates": [ 22.250139, 52.989639 ] } },
{ "type": "Feature", "properties": { "ID": 124219525, "yr": 2022, "dt": "2022-11-18T07:02:46", "WOJ": 20, "sev": 1, "c": [ 255, 255, 0, 160 ], "dmg": 1, "sli": 1, "ser": 0, "fat": 0, "row": -1, "mot": -1, "pie": -1, "uto": -1, "uwr": -1 }, "geometry": { "type": "Point", "coordinates": [ 23.637417, 53.528722 ] } },
{ "type": "Feature", "properties": { "ID": 124239479, "yr": 2022, "dt": "2022-11-23T13:30:00", "WOJ": 20, "sev": 1, "c": [ 255, 255, 0, 160 ], "dmg": 3, "sli": 1, "ser": 0, "fat": 0, "row": -1, "mot": -1, "pie": -1, "uto": -1, "uwr": -1 }, "geometry": { "type": "Point", "coordinates": [ 23.736889, 53.2695 ] } },
{ "type": "Feature", "properties": { "ID": 121891965, "yr": 2022, "dt": "2022-10-13T13:16:19", "WOJ": 20, "sev": 1, "c": [ 255, 255, 0, 160 ], "dmg": 1, "sli": 1, "ser": 0, "fat": 0, "row": -1, "mot": -1, "pie": -1, "uto": -1, "uwr": -1 }, "geometry": { "type": "Point", "coordinates": [ 22.498944, 52.674111 ] } },
{ "type": "Feature", "properties": { "ID": 121896475, "yr": 2022, "dt": "2022-10-14T08:00:00", "WOJ": 20, "sev": 1, "c": [ 255, 255, 0, 160 ], "dmg": 1, "sli": 1, "ser": 0, "fat": 0, "row": 1, "mot": -1, "pie": -1, "uto": -1, "uwr": -1 }, "geometry": { "type": "Point", "coordinates": [ 23.146361, 53.127361 ] } },
{ "type": "Feature", "properties": { "ID": 121915635, "yr": 2022, "dt": "2022-10-17T06:20:00", "WOJ": 20, "sev": 1, "c": [ 255, 255, 0, 160 ], "dmg": 1, "sli": 2, "ser": 0, "fat": 0, "row": -1, "mot": -1, "pie": -1, "uto": -1, "uwr": -1 }, "geometry": { "type": "Point", "coordinates": [ 22.953139, 52.444639 ] } },
{ "type": "Feature", "properties": { "ID": 123735635, "yr": 2022, "dt": "2022-10-31T08:53:27", "WOJ": 20, "sev": 1, "c": [ 255, 255, 0, 160 ], "dmg": 1, "sli": 1, "ser": 0, "fat": 0, "row": 1, "mot": -1, "pie": -1, "uto": -1, "uwr": -1 }, "geometry": { "type": "Point", "coordinates": [ 22.932333, 54.11375 ] } },
{ "type": "Feature", "properties": { "ID": 123743667, "yr": 2022, "dt": "2022-11-03T17:22:00", "WOJ": 20, "sev": 1, "c": [ 255, 255, 0, 160 ], "dmg": 1, "sli": 1, "ser": 0, "fat": 0, "row": -1, "mot": -1, "pie": 1, "uto": -1, "uwr": -1 }, "geometry": { "type": "Point", "coordinates": [ 22.241778, 52.985889 ] } },
{ "type": "Feature", "properties": { "ID": 123743726, "yr": 2022, "dt": "2022-11-03T16:50:24", "WOJ": 20, "sev": 1, "c": [ 255, 255, 0, 160 ], "dmg": 0, "sli": 2, "ser": 0, "fat": 0, "row": -1, "mot": -1, "pie": -1, "uto": -1, "uwr": -1 }, "geometry": { "type": "Point", "coordinates": [ 22.920611, 54.179806 ] } },
{ "type": "Feature", "properties": { "ID": 121840501, "yr": 2022, "dt": "2022-09-30T08:01:43", "WOJ": 20, "sev": 1, "c": [ 255, 255, 0, 160 ], "dmg": 2, "sli": 1, "ser": 0, "fat": 0, "row": -1, "mot": -1, "pie": -1, "uto": -1, "uwr": -1 }, "geometry": { "type": "Point", "coordinates": [ 23.586361, 52.762389 ] } },
{ "type": "Feature", "properties": { "ID": 121841617, "yr": 2022, "dt": "2022-10-02T16:34:31", "WOJ": 20, "sev": 1, "c": [ 255, 255, 0, 160 ], "dmg": 0, "sli": 4, "ser": 0, "fat": 0, "row": -1, "mot": -1, "pie": -1, "uto": -1, "uwr": -1 }, "geometry": { "type": "Point", "coordinates": [ 22.275454, 52.978348 ] } },
{ "type": "Feature", "properties": { "ID": 121841953, "yr": 2022, "dt": "2022-10-03T17:45:12", "WOJ": 20, "sev": 1, "c": [ 255, 255, 0, 160 ], "dmg": 2, "sli": 1, "ser": 0, "fat": 0, "row": -1, "mot": -1, "pie": -1, "uto": -1, "uwr": -1 }, "geometry": { "type": "Point", "coordinates": [ 22.098944, 53.157111 ] } },
{ "type": "Feature", "properties": { "ID": 121845383, "yr": 2022, "dt": "2022-10-03T11:31:00", "WOJ": 20, "sev": 1, "c": [ 255, 255, 0, 160 ], "dmg": 1, "sli": 1, "ser": 0, "fat": 0, "row": -1, "mot": -1, "pie": -1, "uto": -1, "uwr": -1 }, "geometry": { "type": "Point", "coordinates": [ 23.1465, 53.126306 ] } },
{ "type": "Feature", "properties": { "ID": 121856719, "yr": 2022, "dt": "2022-10-06T11:46:02", "WOJ": 20, "sev": 1, "c": [ 255, 255, 0, 160 ], "dmg": 1, "sli": 1, "ser": 0, "fat": 0, "row": 1, "mot": -1, "pie": -1, "uto": -1, "uwr": -1 }, "geometry": { "type": "Point", "coordinates": [ 23.595361, 52.735833 ] } },
{ "type": "Feature", "properties": { "ID": 121861042, "yr": 2022, "dt": "2022-10-07T18:20:00", "WOJ": 20, "sev": 1, "c": [ 255, 255, 0, 160 ], "dmg": 1, "sli": 1, "ser": 0, "fat": 0, "row": -1, "mot": -1, "pie": -1, "uto": -1, "uwr": -1 }, "geometry": { "type": "Point", "coordinates": [ 22.559917, 53.197778 ] } },
{ "type": "Feature", "properties": { "ID": 121864545, "yr": 2022, "dt": "2022-10-10T07:24:17", "WOJ": 20, "sev": 1, "c": [ 255, 255, 0, 160 ], "dmg": 2, "sli": 2, "ser": 0, "fat": 0, "row": -1, "mot": -1, "pie": -1, "uto": -1, "uwr": -1 }, "geometry": { "type": "Point", "coordinates": [ 22.812028, 54.153667 ] } },
{ "type": "Feature", "properties": { "ID": 120351620, "yr": 2022, "dt": "2022-02-17T18:21:11", "WOJ": 20, "sev": 1, "c": [ 255, 255, 0, 160 ], "dmg": 1, "sli": 1, "ser": 0, "fat": 0, "row": -1, "mot": -1, "pie": 1, "uto": -1, "uwr": -1 }, "geometry": { "type": "Point", "coordinates": [ 22.929528, 54.123528 ] } },
{ "type": "Feature", "properties": { "ID": 120357714, "yr": 2022, "dt": "2022-02-22T17:59:00", "WOJ": 20, "sev": 1, "c": [ 255, 255, 0, 160 ], "dmg": 1, "sli": 1, "ser": 0, "fat": 0, "row": -1, "mot": -1, "pie": -1, "uto": -1, "uwr": -1 }, "geometry": { "type": "Point", "coordinates": [ 22.912222, 52.564833 ] } },
{ "type": "Feature", "properties": { "ID": 120391085, "yr": 2022, "dt": "2022-03-09T18:06:59", "WOJ": 20, "sev": 1, "c": [ 255, 255, 0, 160 ], "dmg": 1, "sli": 1, "ser": 0, "fat": 0, "row": -1, "mot": -1, "pie": 1, "uto": -1, "uwr": -1 }, "geometry": { "type": "Point", "coordinates": [ 22.928222, 54.102167 ] } },
{ "type": "Feature", "properties": { "ID": 120393842, "yr": 2022, "dt": "2022-03-10T18:30:18", "WOJ": 20, "sev": 1, "c": [ 255, 255, 0, 160 ], "dmg": 1, "sli": 1, "ser": 0, "fat": 0, "row": -1, "mot": -1, "pie": 1, "uto": -1, "uwr": -1 }, "geometry": { "type": "Point", "coordinates": [ 22.335528, 52.829778 ] } },
{ "type": "Feature", "properties": { "ID": 121790200, "yr": 2022, "dt": "2022-09-11T09:24:55", "WOJ": 20, "sev": 1, "c": [ 255, 255, 0, 160 ], "dmg": 1, "sli": 1, "ser": 0, "fat": 0, "row": -1, "mot": -1, "pie": 1, "uto": -1, "uwr": -1 }, "geometry": { "type": "Point", "coordinates": [ 23.494917, 53.404806 ] } },
{ "type": "Feature", "properties": { "ID": 121792126, "yr": 2022, "dt": "2022-09-12T00:16:11", "WOJ": 20, "sev": 1, "c": [ 255, 255, 0, 160 ], "dmg": 1, "sli": 1, "ser": 0, "fat": 0, "row": -1, "mot": -1, "pie": -1, "uto": -1, "uwr": -1 }, "geometry": { "type": "Point", "coordinates": [ 22.097333, 53.173972 ] } },
{ "type": "Feature", "properties": { "ID": 121796930, "yr": 2022, "dt": "2022-09-13T10:43:48", "WOJ": 20, "sev": 1, "c": [ 255, 255, 0, 160 ], "dmg": 0, "sli": 2, "ser": 0, "fat": 0, "row": -1, "mot": -1, "pie": -1, "uto": -1, "uwr": -1 }, "geometry": { "type": "Point", "coordinates": [ 22.314222, 53.553139 ] } },
{ "type": "Feature", "properties": { "ID": 121803569, "yr": 2022, "dt": "2022-09-13T14:00:00", "WOJ": 20, "sev": 1, "c": [ 255, 255, 0, 160 ], "dmg": 1, "sli": 1, "ser": 0, "fat": 0, "row": -1, "mot": -1, "pie": -1, "uto": -1, "uwr": -1 }, "geometry": { "type": "Point", "coordinates": [ 22.773, 52.483028 ] } },
{ "type": "Feature", "properties": { "ID": 121803844, "yr": 2022, "dt": "2022-09-15T11:40:00", "WOJ": 20, "sev": 1, "c": [ 255, 255, 0, 160 ], "dmg": 0, "sli": 2, "ser": 0, "fat": 0, "row": -1, "mot": -1, "pie": -1, "uto": -1, "uwr": -1 }, "geometry": { "type": "Point", "coordinates": [ 22.058694, 52.857806 ] } },
{ "type": "Feature", "properties": { "ID": 121819493, "yr": 2022, "dt": "2022-09-22T21:08:08", "WOJ": 20, "sev": 1, "c": [ 255, 255, 0, 160 ], "dmg": 0, "sli": 2, "ser": 0, "fat": 0, "row": -1, "mot": -1, "pie": -1, "uto": -1, "uwr": -1 }, "geometry": { "type": "Point", "coordinates": [ 22.873056, 52.789444 ] } },
{ "type": "Feature", "properties": { "ID": 121761020, "yr": 2022, "dt": "2022-08-27T00:27:22", "WOJ": 20, "sev": 1, "c": [ 255, 255, 0, 160 ], "dmg": 1, "sli": 1, "ser": 0, "fat": 0, "row": -1, "mot": -1, "pie": 1, "uto": -1, "uwr": -1 }, "geometry": { "type": "Point", "coordinates": [ 22.478778, 53.652417 ] } },
{ "type": "Feature", "properties": { "ID": 121764087, "yr": 2022, "dt": "2022-08-29T13:56:02", "WOJ": 20, "sev": 1, "c": [ 255, 255, 0, 160 ], "dmg": 1, "sli": 1, "ser": 0, "fat": 0, "row": -1, "mot": -1, "pie": -1, "uto": -1, "uwr": -1 }, "geometry": { "type": "Point", "coordinates": [ 22.577, 52.563833 ] } },
{ "type": "Feature", "properties": { "ID": 121775417, "yr": 2022, "dt": "2022-08-31T09:10:00", "WOJ": 20, "sev": 1, "c": [ 255, 255, 0, 160 ], "dmg": 1, "sli": 1, "ser": 0, "fat": 0, "row": -1, "mot": -1, "pie": -1, "uto": -1, "uwr": -1 }, "geometry": { "type": "Point", "coordinates": [ 22.857778, 52.43475 ] } },
{ "type": "Feature", "properties": { "ID": 121780527, "yr": 2022, "dt": "2022-09-04T20:21:43", "WOJ": 20, "sev": 1, "c": [ 255, 255, 0, 160 ], "dmg": 2, "sli": 1, "ser": 0, "fat": 0, "row": -1, "mot": -1, "pie": -1, "uto": -1, "uwr": -1 }, "geometry": { "type": "Point", "coordinates": [ 22.454889, 53.647056 ] } },
{ "type": "Feature", "properties": { "ID": 120403967, "yr": 2022, "dt": "2022-03-16T08:02:24", "WOJ": 20, "sev": 1, "c": [ 255, 255, 0, 160 ], "dmg": 0, "sli": 2, "ser": 0, "fat": 0, "row": -1, "mot": -1, "pie": -1, "uto": -1, "uwr": -1 }, "geometry": { "type": "Point", "coordinates": [ 22.282083, 53.0045 ] } },
{ "type": "Feature", "properties": { "ID": 120412238, "yr": 2022, "dt": "2022-03-19T08:15:31", "WOJ": 20, "sev": 1, "c": [ 255, 255, 0, 160 ], "dmg": 0, "sli": 1, "ser": 0, "fat": 0, "row": -1, "mot": -1, "pie": -1, "uto": -1, "uwr": -1 }, "geometry": { "type": "Point", "coordinates": [ 23.08775, 52.461111 ] } },
{ "type": "Feature", "properties": { "ID": 120422636, "yr": 2022, "dt": "2022-03-22T12:55:20", "WOJ": 20, "sev": 1, "c": [ 255, 255, 0, 160 ], "dmg": 1, "sli": 1, "ser": 0, "fat": 0, "row": -1, "mot": -1, "pie": -1, "uto": -1, "uwr": -1 }, "geometry": { "type": "Point", "coordinates": [ 23.060778, 54.235028 ] } },
{ "type": "Feature", "properties": { "ID": 120440332, "yr": 2022, "dt": "2022-03-25T10:42:23", "WOJ": 20, "sev": 1, "c": [ 255, 255, 0, 160 ], "dmg": 1, "sli": 1, "ser": 0, "fat": 0, "row": 1, "mot": -1, "pie": -1, "uto": -1, "uwr": -1 }, "geometry": { "type": "Point", "coordinates": [ 23.018444, 53.210278 ] } },
{ "type": "Feature", "properties": { "ID": 120453959, "yr": 2022, "dt": "2022-04-04T12:56:42", "WOJ": 20, "sev": 1, "c": [ 255, 255, 0, 160 ], "dmg": 0, "sli": 2, "ser": 0, "fat": 0, "row": -1, "mot": -1, "pie": 1, "uto": -1, "uwr": -1 }, "geometry": { "type": "Point", "coordinates": [ 23.183667, 52.771139 ] } },
{ "type": "Feature", "properties": { "ID": 120456927, "yr": 2022, "dt": "2022-04-06T17:14:54", "WOJ": 20, "sev": 1, "c": [ 255, 255, 0, 160 ], "dmg": 0, "sli": 3, "ser": 0, "fat": 0, "row": -1, "mot": -1, "pie": -1, "uto": -1, "uwr": -1 }, "geometry": { "type": "Point", "coordinates": [ 23.279944, 54.108583 ] } },
{ "type": "Feature", "properties": { "ID": 121744082, "yr": 2022, "dt": "2022-08-14T17:29:22", "WOJ": 20, "sev": 1, "c": [ 255, 255, 0, 160 ], "dmg": 2, "sli": 1, "ser": 0, "fat": 0, "row": -1, "mot": -1, "pie": -1, "uto": -1, "uwr": -1 }, "geometry": { "type": "Point", "coordinates": [ 22.4955, 53.619806 ] } },
{ "type": "Feature", "properties": { "ID": 121744542, "yr": 2022, "dt": "2022-08-15T09:34:00", "WOJ": 20, "sev": 1, "c": [ 255, 255, 0, 160 ], "dmg": 2, "sli": 1, "ser": 0, "fat": 0, "row": -1, "mot": -1, "pie": -1, "uto": -1, "uwr": -1 }, "geometry": { "type": "Point", "coordinates": [ 22.667167, 53.158861 ] } },
{ "type": "Feature", "properties": { "ID": 121744550, "yr": 2022, "dt": "2022-08-15T09:41:37", "WOJ": 20, "sev": 1, "c": [ 255, 255, 0, 160 ], "dmg": 1, "sli": 1, "ser": 0, "fat": 0, "row": 1, "mot": -1, "pie": -1, "uto": -1, "uwr": -1 }, "geometry": { "type": "Point", "coordinates": [ 23.180278, 52.767417 ] } },
{ "type": "Feature", "properties": { "ID": 121747141, "yr": 2022, "dt": "2022-08-16T23:49:08", "WOJ": 20, "sev": 1, "c": [ 255, 255, 0, 160 ], "dmg": 3, "sli": 1, "ser": 0, "fat": 0, "row": -1, "mot": -1, "pie": -1, "uto": -1, "uwr": -1 }, "geometry": { "type": "Point", "coordinates": [ 23.116528, 53.403056 ] } },
{ "type": "Feature", "properties": { "ID": 121746220, "yr": 2022, "dt": "2022-08-18T21:40:16", "WOJ": 20, "sev": 1, "c": [ 255, 255, 0, 160 ], "dmg": 1, "sli": 1, "ser": 0, "fat": 0, "row": -1, "mot": -1, "pie": 1, "uto": -1, "uwr": -1 }, "geometry": { "type": "Point", "coordinates": [ 22.331083, 53.564583 ] } },
{ "type": "Feature", "properties": { "ID": 121746232, "yr": 2022, "dt": "2022-08-19T03:25:23", "WOJ": 20, "sev": 1, "c": [ 255, 255, 0, 160 ], "dmg": 2, "sli": 1, "ser": 0, "fat": 0, "row": -1, "mot": -1, "pie": -1, "uto": -1, "uwr": -1 }, "geometry": { "type": "Point", "coordinates": [ 22.800583, 53.983306 ] } },
{ "type": "Feature", "properties": { "ID": 121750121, "yr": 2022, "dt": "2022-08-20T16:25:30", "WOJ": 20, "sev": 1, "c": [ 255, 255, 0, 160 ], "dmg": 1, "sli": 1, "ser": 0, "fat": 0, "row": -1, "mot": -1, "pie": -1, "uto": -1, "uwr": -1 }, "geometry": { "type": "Point", "coordinates": [ 22.927139, 54.090972 ] } },
{ "type": "Feature", "properties": { "ID": 121757618, "yr": 2022, "dt": "2022-08-24T21:02:02", "WOJ": 20, "sev": 1, "c": [ 255, 255, 0, 160 ], "dmg": 1, "sli": 1, "ser": 0, "fat": 0, "row": -1, "mot": -1, "pie": -1, "uto": -1, "uwr": -1 }, "geometry": { "type": "Point", "coordinates": [ 22.07675, 53.164694 ] } },
{ "type": "Feature", "properties": { "ID": 120462508, "yr": 2022, "dt": "2022-04-10T17:49:14", "WOJ": 20, "sev": 1, "c": [ 255, 255, 0, 160 ], "dmg": 1, "sli": 1, "ser": 0, "fat": 0, "row": -1, "mot": -1, "pie": -1, "uto": -1, "uwr": -1 }, "geometry": { "type": "Point", "coordinates": [ 23.101917, 53.432194 ] } },
{ "type": "Feature", "properties": { "ID": 120471887, "yr": 2022, "dt": "2022-04-14T11:25:06", "WOJ": 20, "sev": 1, "c": [ 255, 255, 0, 160 ], "dmg": 1, "sli": 1, "ser": 0, "fat": 0, "row": -1, "mot": -1, "pie": -1, "uto": -1, "uwr": -1 }, "geometry": { "type": "Point", "coordinates": [ 22.108389, 53.1935 ] } },
{ "type": "Feature", "properties": { "ID": 120473586, "yr": 2022, "dt": "2022-04-15T17:27:20", "WOJ": 20, "sev": 1, "c": [ 255, 255, 0, 160 ], "dmg": 1, "sli": 1, "ser": 0, "fat": 0, "row": 1, "mot": -1, "pie": -1, "uto": -1, "uwr": -1 }, "geometry": { "type": "Point", "coordinates": [ 22.927583, 54.109194 ] } },
{ "type": "Feature", "properties": { "ID": 120476906, "yr": 2022, "dt": "2022-04-20T07:46:29", "WOJ": 20, "sev": 1, "c": [ 255, 255, 0, 160 ], "dmg": 1, "sli": 1, "ser": 0, "fat": 0, "row": -1, "mot": -1, "pie": 1, "uto": -1, "uwr": -1 }, "geometry": { "type": "Point", "coordinates": [ 23.582639, 52.7485 ] } },
{ "type": "Feature", "properties": { "ID": 120484570, "yr": 2022, "dt": "2022-04-23T22:52:48", "WOJ": 20, "sev": 1, "c": [ 255, 255, 0, 160 ], "dmg": 1, "sli": 1, "ser": 0, "fat": 0, "row": -1, "mot": -1, "pie": -1, "uto": -1, "uwr": -1 }, "geometry": { "type": "Point", "coordinates": [ 22.881167, 52.806472 ] } },
{ "type": "Feature", "properties": { "ID": 120484091, "yr": 2022, "dt": "2022-04-25T09:02:02", "WOJ": 20, "sev": 1, "c": [ 255, 255, 0, 160 ], "dmg": 1, "sli": 1, "ser": 0, "fat": 0, "row": -1, "mot": -1, "pie": 1, "uto": -1, "uwr": -1 }, "geometry": { "type": "Point", "coordinates": [ 21.90156, 53.301124 ] } },
{ "type": "Feature", "properties": { "ID": 121157950, "yr": 2022, "dt": "2022-08-01T09:53:39", "WOJ": 20, "sev": 1, "c": [ 255, 255, 0, 160 ], "dmg": 1, "sli": 1, "ser": 0, "fat": 0, "row": -1, "mot": 1, "pie": -1, "uto": -1, "uwr": -1 }, "geometry": { "type": "Point", "coordinates": [ 22.352194, 53.577556 ] } },
{ "type": "Feature", "properties": { "ID": 121203901, "yr": 2022, "dt": "2022-08-02T01:32:00", "WOJ": 20, "sev": 1, "c": [ 255, 255, 0, 160 ], "dmg": 1, "sli": 1, "ser": 0, "fat": 0, "row": -1, "mot": -1, "pie": -1, "uto": -1, "uwr": -1 }, "geometry": { "type": "Point", "coordinates": [ 23.143028, 52.720194 ] } },
{ "type": "Feature", "properties": { "ID": 121580380, "yr": 2022, "dt": "2022-08-05T15:40:01", "WOJ": 20, "sev": 1, "c": [ 255, 255, 0, 160 ], "dmg": 1, "sli": 2, "ser": 0, "fat": 0, "row": -1, "mot": -1, "pie": 1, "uto": -1, "uwr": -1 }, "geometry": { "type": "Point", "coordinates": [ 22.410694, 53.064556 ] } },
{ "type": "Feature", "properties": { "ID": 121604609, "yr": 2022, "dt": "2022-08-06T13:35:00", "WOJ": 20, "sev": 1, "c": [ 255, 255, 0, 160 ], "dmg": 1, "sli": 1, "ser": 0, "fat": 0, "row": -1, "mot": -1, "pie": 1, "uto": -1, "uwr": -1 }, "geometry": { "type": "Point", "coordinates": [ 23.157444, 53.132694 ] } },
{ "type": "Feature", "properties": { "ID": 121673471, "yr": 2022, "dt": "2022-08-08T17:25:29", "WOJ": 20, "sev": 1, "c": [ 255, 255, 0, 160 ], "dmg": 1, "sli": 2, "ser": 0, "fat": 0, "row": -1, "mot": -1, "pie": -1, "uto": -1, "uwr": -1 }, "geometry": { "type": "Point", "coordinates": [ 23.770111, 53.266167 ] } },
{ "type": "Feature", "properties": { "ID": 121739841, "yr": 2022, "dt": "2022-08-11T19:02:10", "WOJ": 20, "sev": 1, "c": [ 255, 255, 0, 160 ], "dmg": 1, "sli": 2, "ser": 0, "fat": 0, "row": -1, "mot": -1, "pie": -1, "uto": -1, "uwr": -1 }, "geometry": { "type": "Point", "coordinates": [ 22.774083, 54.166667 ] } },
{ "type": "Feature", "properties": { "ID": 121744435, "yr": 2022, "dt": "2022-08-14T12:54:00", "WOJ": 20, "sev": 1, "c": [ 255, 255, 0, 160 ], "dmg": 1, "sli": 1, "ser": 0, "fat": 0, "row": 1, "mot": -1, "pie": -1, "uto": -1, "uwr": -1 }, "geometry": { "type": "Point", "coordinates": [ 22.907167, 53.004111 ] } },
{ "type": "Feature", "properties": { "ID": 120918424, "yr": 2022, "dt": "2022-07-20T11:56:01", "WOJ": 20, "sev": 1, "c": [ 255, 255, 0, 160 ], "dmg": 1, "sli": 1, "ser": 0, "fat": 0, "row": 1, "mot": -1, "pie": -1, "uto": -1, "uwr": -1 }, "geometry": { "type": "Point", "coordinates": [ 22.793361, 54.243139 ] } },
{ "type": "Feature", "properties": { "ID": 120955449, "yr": 2022, "dt": "2022-07-21T18:58:52", "WOJ": 20, "sev": 1, "c": [ 255, 255, 0, 160 ], "dmg": 1, "sli": 2, "ser": 0, "fat": 0, "row": -1, "mot": 1, "pie": -1, "uto": -1, "uwr": -1 }, "geometry": { "type": "Point", "coordinates": [ 23.186694, 52.765278 ] } },
{ "type": "Feature", "properties": { "ID": 120977599, "yr": 2022, "dt": "2022-07-22T15:58:41", "WOJ": 20, "sev": 1, "c": [ 255, 255, 0, 160 ], "dmg": 1, "sli": 1, "ser": 0, "fat": 0, "row": 1, "mot": -1, "pie": -1, "uto": -1, "uwr": -1 }, "geometry": { "type": "Point", "coordinates": [ 22.448639, 53.642417 ] } },
{ "type": "Feature", "properties": { "ID": 121023739, "yr": 2022, "dt": "2022-07-26T18:32:02", "WOJ": 20, "sev": 1, "c": [ 255, 255, 0, 160 ], "dmg": 1, "sli": 1, "ser": 0, "fat": 0, "row": -1, "mot": 1, "pie": -1, "uto": -1, "uwr": -1 }, "geometry": { "type": "Point", "coordinates": [ 22.793278, 53.013889 ] } },
{ "type": "Feature", "properties": { "ID": 121091632, "yr": 2022, "dt": "2022-07-27T19:03:10", "WOJ": 20, "sev": 1, "c": [ 255, 255, 0, 160 ], "dmg": 1, "sli": 1, "ser": 0, "fat": 0, "row": -1, "mot": 1, "pie": -1, "uto": -1, "uwr": -1 }, "geometry": { "type": "Point", "coordinates": [ 22.835444, 52.568083 ] } },
{ "type": "Feature", "properties": { "ID": 121100160, "yr": 2022, "dt": "2022-07-29T17:07:40", "WOJ": 20, "sev": 1, "c": [ 255, 255, 0, 160 ], "dmg": 2, "sli": 1, "ser": 0, "fat": 0, "row": -1, "mot": -1, "pie": -1, "uto": -1, "uwr": -1 }, "geometry": { "type": "Point", "coordinates": [ 22.180389, 53.194222 ] } },
{ "type": "Feature", "properties": { "ID": 121153448, "yr": 2022, "dt": "2022-07-29T13:13:23", "WOJ": 20, "sev": 1, "c": [ 255, 255, 0, 160 ], "dmg": 3, "sli": 1, "ser": 0, "fat": 0, "row": -1, "mot": -1, "pie": -1, "uto": -1, "uwr": -1 }, "geometry": { "type": "Point", "coordinates": [ 23.19575, 52.828944 ] } },
{ "type": "Feature", "properties": { "ID": 120504151, "yr": 2022, "dt": "2022-04-29T10:50:00", "WOJ": 20, "sev": 1, "c": [ 255, 255, 0, 160 ], "dmg": 1, "sli": 1, "ser": 0, "fat": 0, "row": -1, "mot": -1, "pie": -1, "uto": -1, "uwr": -1 }, "geometry": { "type": "Point", "coordinates": [ 22.244028, 52.986389 ] } },
{ "type": "Feature", "properties": { "ID": 120502388, "yr": 2022, "dt": "2022-05-04T09:15:00", "WOJ": 20, "sev": 1, "c": [ 255, 255, 0, 160 ], "dmg": 1, "sli": 1, "ser": 0, "fat": 0, "row": 1, "mot": -1, "pie": -1, "uto": -1, "uwr": -1 }, "geometry": { "type": "Point", "coordinates": [ 22.629056, 52.406667 ] } },
{ "type": "Feature", "properties": { "ID": 120515408, "yr": 2022, "dt": "2022-05-14T10:22:50", "WOJ": 20, "sev": 1, "c": [ 255, 255, 0, 160 ], "dmg": 2, "sli": 1, "ser": 0, "fat": 0, "row": -1, "mot": -1, "pie": -1, "uto": -1, "uwr": -1 }, "geometry": { "type": "Point", "coordinates": [ 22.524778, 53.552417 ] } },
{ "type": "Feature", "properties": { "ID": 120512370, "yr": 2022, "dt": "2022-05-15T09:38:00", "WOJ": 20, "sev": 1, "c": [ 255, 255, 0, 160 ], "dmg": 2, "sli": 1, "ser": 0, "fat": 0, "row": -1, "mot": -1, "pie": -1, "uto": -1, "uwr": -1 }, "geometry": { "type": "Point", "coordinates": [ 23.260583, 53.26575 ] } },
{ "type": "Feature", "properties": { "ID": 120520715, "yr": 2022, "dt": "2022-05-16T18:46:00", "WOJ": 20, "sev": 1, "c": [ 255, 255, 0, 160 ], "dmg": 1, "sli": 2, "ser": 0, "fat": 0, "row": -1, "mot": -1, "pie": -1, "uto": -1, "uwr": -1 }, "geometry": { "type": "Point", "coordinates": [ 22.274667, 53.001056 ] } },
{ "type": "Feature", "properties": { "ID": 120521859, "yr": 2022, "dt": "2022-05-18T11:37:42", "WOJ": 20, "sev": 1, "c": [ 255, 255, 0, 160 ], "dmg": 1, "sli": 1, "ser": 0, "fat": 0, "row": 1, "mot": -1, "pie": -1, "uto": -1, "uwr": -1 }, "geometry": { "type": "Point", "coordinates": [ 22.931861, 54.102917 ] } },
{ "type": "Feature", "properties": { "ID": 120873107, "yr": 2022, "dt": "2022-07-14T12:59:36", "WOJ": 20, "sev": 1, "c": [ 255, 255, 0, 160 ], "dmg": 0, "sli": 1, "ser": 0, "fat": 0, "row": -1, "mot": -1, "pie": -1, "uto": -1, "uwr": -1 }, "geometry": { "type": "Point", "coordinates": [ 22.495, 53.092 ] } },
{ "type": "Feature", "properties": { "ID": 120877958, "yr": 2022, "dt": "2022-07-14T20:56:54", "WOJ": 20, "sev": 1, "c": [ 255, 255, 0, 160 ], "dmg": 0, "sli": 1, "ser": 0, "fat": 0, "row": -1, "mot": -1, "pie": -1, "uto": -1, "uwr": -1 }, "geometry": { "type": "Point", "coordinates": [ 22.742194, 52.529028 ] } },
{ "type": "Feature", "properties": { "ID": 120879874, "yr": 2022, "dt": "2022-07-16T09:22:11", "WOJ": 20, "sev": 1, "c": [ 255, 255, 0, 160 ], "dmg": 1, "sli": 2, "ser": 0, "fat": 0, "row": -1, "mot": -1, "pie": 1, "uto": -1, "uwr": -1 }, "geometry": { "type": "Point", "coordinates": [ 23.187194, 53.134583 ] } },
{ "type": "Feature", "properties": { "ID": 120889459, "yr": 2022, "dt": "2022-07-16T11:51:43", "WOJ": 20, "sev": 1, "c": [ 255, 255, 0, 160 ], "dmg": 1, "sli": 1, "ser": 0, "fat": 0, "row": -1, "mot": -1, "pie": -1, "uto": -1, "uwr": -1 }, "geometry": { "type": "Point", "coordinates": [ 23.566917, 53.450917 ] } },
{ "type": "Feature", "properties": { "ID": 120881329, "yr": 2022, "dt": "2022-07-18T19:20:00", "WOJ": 20, "sev": 1, "c": [ 255, 255, 0, 160 ], "dmg": 1, "sli": 1, "ser": 0, "fat": 0, "row": -1, "mot": -1, "pie": -1, "uto": -1, "uwr": -1 }, "geometry": { "type": "Point", "coordinates": [ 22.833917, 53.35375 ] } },
{ "type": "Feature", "properties": { "ID": 120908623, "yr": 2022, "dt": "2022-07-19T15:26:57", "WOJ": 20, "sev": 1, "c": [ 255, 255, 0, 160 ], "dmg": 1, "sli": 1, "ser": 0, "fat": 0, "row": 1, "mot": -1, "pie": -1, "uto": -1, "uwr": -1 }, "geometry": { "type": "Point", "coordinates": [ 21.92825, 53.30375 ] } },
{ "type": "Feature", "properties": { "ID": 120918457, "yr": 2022, "dt": "2022-07-20T14:25:19", "WOJ": 20, "sev": 1, "c": [ 255, 255, 0, 160 ], "dmg": 1, "sli": 1, "ser": 0, "fat": 0, "row": -1, "mot": -1, "pie": -1, "uto": -1, "uwr": -1 }, "geometry": { "type": "Point", "coordinates": [ 22.430444, 52.860639 ] } },
{ "type": "Feature", "properties": { "ID": 120541766, "yr": 2022, "dt": "2022-05-27T10:38:34", "WOJ": 20, "sev": 1, "c": [ 255, 255, 0, 160 ], "dmg": 2, "sli": 1, "ser": 0, "fat": 0, "row": -1, "mot": -1, "pie": -1, "uto": -1, "uwr": -1 }, "geometry": { "type": "Point", "coordinates": [ 23.492194, 53.422 ] } },
{ "type": "Feature", "properties": { "ID": 120659558, "yr": 2022, "dt": "2022-06-01T16:53:00", "WOJ": 20, "sev": 1, "c": [ 255, 255, 0, 160 ], "dmg": 2, "sli": 2, "ser": 0, "fat": 0, "row": -1, "mot": -1, "pie": -1, "uto": -1, "uwr": -1 }, "geometry": { "type": "Point", "coordinates": [ 23.171472, 53.139111 ] } },
{ "type": "Feature", "properties": { "ID": 120720746, "yr": 2022, "dt": "2022-06-03T12:01:50", "WOJ": 20, "sev": 1, "c": [ 255, 255, 0, 160 ], "dmg": 1, "sli": 1, "ser": 0, "fat": 0, "row": 1, "mot": -1, "pie": -1, "uto": -1, "uwr": -1 }, "geometry": { "type": "Point", "coordinates": [ 22.508528, 53.502972 ] } },
{ "type": "Feature", "properties": { "ID": 120813491, "yr": 2022, "dt": "2022-06-04T18:00:00", "WOJ": 20, "sev": 1, "c": [ 255, 255, 0, 160 ], "dmg": 1, "sli": 1, "ser": 0, "fat": 0, "row": 0, "mot": -1, "pie": 1, "uto": -1, "uwr": -1 }, "geometry": { "type": "Point", "coordinates": [ 22.244028, 52.962667 ] } },
{ "type": "Feature", "properties": { "ID": 120852776, "yr": 2022, "dt": "2022-07-02T12:39:40", "WOJ": 20, "sev": 1, "c": [ 255, 255, 0, 160 ], "dmg": 1, "sli": 1, "ser": 0, "fat": 0, "row": -1, "mot": -1, "pie": -1, "uto": -1, "uwr": -1 }, "geometry": { "type": "Point", "coordinates": [ 22.832444, 53.354917 ] } },
{ "type": "Feature", "properties": { "ID": 120857875, "yr": 2022, "dt": "2022-07-05T14:29:00", "WOJ": 20, "sev": 1, "c": [ 255, 255, 0, 160 ], "dmg": 0, "sli": 1, "ser": 0, "fat": 0, "row": -1, "mot": -1, "pie": -1, "uto": -1, "uwr": -1 }, "geometry": { "type": "Point", "coordinates": [ 23.040167, 53.013139 ] } },
{ "type": "Feature", "properties": { "ID": 120865969, "yr": 2022, "dt": "2022-07-09T18:14:27", "WOJ": 20, "sev": 1, "c": [ 255, 255, 0, 160 ], "dmg": 1, "sli": 1, "ser": 0, "fat": 0, "row": -1, "mot": -1, "pie": -1, "uto": -1, "uwr": -1 }, "geometry": { "type": "Point", "coordinates": [ 23.563667, 53.421778 ] } },
{ "type": "Feature", "properties": { "ID": 120830877, "yr": 2022, "dt": "2022-06-22T12:36:20", "WOJ": 20, "sev": 1, "c": [ 255, 255, 0, 160 ], "dmg": 1, "sli": 1, "ser": 0, "fat": 0, "row": -1, "mot": -1, "pie": 1, "uto": -1, "uwr": -1 }, "geometry": { "type": "Point", "coordinates": [ 23.191333, 52.7715 ] } },
{ "type": "Feature", "properties": { "ID": 120835505, "yr": 2022, "dt": "2022-06-23T19:26:16", "WOJ": 20, "sev": 1, "c": [ 255, 255, 0, 160 ], "dmg": 0, "sli": 1, "ser": 0, "fat": 0, "row": -1, "mot": -1, "pie": -1, "uto": -1, "uwr": -1 }, "geometry": { "type": "Point", "coordinates": [ 22.451472, 53.355194 ] } },
{ "type": "Feature", "properties": { "ID": 120842404, "yr": 2022, "dt": "2022-06-25T21:37:23", "WOJ": 20, "sev": 1, "c": [ 255, 255, 0, 160 ], "dmg": 2, "sli": 1, "ser": 0, "fat": 0, "row": -1, "mot": -1, "pie": -1, "uto": -1, "uwr": -1 }, "geometry": { "type": "Point", "coordinates": [ 23.350889, 53.656972 ] } },
{ "type": "Feature", "properties": { "ID": 120846752, "yr": 2022, "dt": "2022-06-29T15:10:37", "WOJ": 20, "sev": 1, "c": [ 255, 255, 0, 160 ], "dmg": 1, "sli": 1, "ser": 0, "fat": 0, "row": -1, "mot": -1, "pie": -1, "uto": -1, "uwr": -1 }, "geometry": { "type": "Point", "coordinates": [ 23.226389, 52.791111 ] } },
{ "type": "Feature", "properties": { "ID": 120849599, "yr": 2022, "dt": "2022-06-30T11:46:29", "WOJ": 20, "sev": 1, "c": [ 255, 255, 0, 160 ], "dmg": 1, "sli": 1, "ser": 0, "fat": 0, "row": -1, "mot": -1, "pie": 1, "uto": -1, "uwr": -1 }, "geometry": { "type": "Point", "coordinates": [ 23.1865, 52.767944 ] } },
{ "type": "Feature", "properties": { "ID": 120749584, "yr": 2022, "dt": "2022-06-05T14:11:39", "WOJ": 20, "sev": 1, "c": [ 255, 255, 0, 160 ], "dmg": 2, "sli": 1, "ser": 0, "fat": 0, "row": -1, "mot": 1, "pie": -1, "uto": -1, "uwr": -1 }, "geometry": { "type": "Point", "coordinates": [ 22.259833, 53.566194 ] } },
{ "type": "Feature", "properties": { "ID": 120777929, "yr": 2022, "dt": "2022-06-07T15:43:04", "WOJ": 20, "sev": 1, "c": [ 255, 255, 0, 160 ], "dmg": 1, "sli": 1, "ser": 0, "fat": 0, "row": -1, "mot": -1, "pie": -1, "uto": -1, "uwr": -1 }, "geometry": { "type": "Point", "coordinates": [ 23.123111, 52.737111 ] } },
{ "type": "Feature", "properties": { "ID": 120793543, "yr": 2022, "dt": "2022-06-13T05:43:09", "WOJ": 20, "sev": 1, "c": [ 255, 255, 0, 160 ], "dmg": 2, "sli": 1, "ser": 0, "fat": 0, "row": -1, "mot": -1, "pie": -1, "uto": -1, "uwr": -1 }, "geometry": { "type": "Point", "coordinates": [ 22.776083, 53.980667 ] } },
{ "type": "Feature", "properties": { "ID": 120818479, "yr": 2022, "dt": "2022-06-17T07:31:48", "WOJ": 20, "sev": 1, "c": [ 255, 255, 0, 160 ], "dmg": 1, "sli": 1, "ser": 0, "fat": 0, "row": 1, "mot": -1, "pie": -1, "uto": -1, "uwr": -1 }, "geometry": { "type": "Point", "coordinates": [ 22.9185, 54.079722 ] } },
{ "type": "Feature", "properties": { "ID": 120822524, "yr": 2022, "dt": "2022-06-19T15:31:20", "WOJ": 20, "sev": 1, "c": [ 255, 255, 0, 160 ], "dmg": 2, "sli": 1, "ser": 0, "fat": 0, "row": -1, "mot": 1, "pie": -1, "uto": -1, "uwr": -1 }, "geometry": { "type": "Point", "coordinates": [ 22.713333, 53.743694 ] } },
{ "type": "Feature", "properties": { "ID": 120823522, "yr": 2022, "dt": "2022-06-19T16:31:32", "WOJ": 20, "sev": 1, "c": [ 255, 255, 0, 160 ], "dmg": 1, "sli": 1, "ser": 0, "fat": 0, "row": -1, "mot": 1, "pie": -1, "uto": -1, "uwr": -1 }, "geometry": { "type": "Point", "coordinates": [ 22.93225, 54.097611 ] } },
{ "type": "Feature", "properties": { "ID": 120821710, "yr": 2022, "dt": "2022-06-19T13:13:27", "WOJ": 20, "sev": 1, "c": [ 255, 255, 0, 160 ], "dmg": 1, "sli": 2, "ser": 0, "fat": 0, "row": -1, "mot": -1, "pie": -1, "uto": -1, "uwr": -1 }, "geometry": { "type": "Point", "coordinates": [ 22.323889, 53.583194 ] } },
{ "type": "Feature", "properties": { "ID": 116993899, "yr": 2022, "dt": "2022-01-05T13:56:11", "WOJ": 20, "sev": 1, "c": [ 255, 255, 0, 160 ], "dmg": 1, "sli": 1, "ser": 0, "fat": 0, "row": -1, "mot": -1, "pie": 1, "uto": -1, "uwr": -1 }, "geometry": { "type": "Point", "coordinates": [ 22.455139, 53.650944 ] } },
{ "type": "Feature", "properties": { "ID": 117057830, "yr": 2022, "dt": "2022-01-07T09:01:16", "WOJ": 20, "sev": 1, "c": [ 255, 255, 0, 160 ], "dmg": 1, "sli": 1, "ser": 0, "fat": 0, "row": -1, "mot": -1, "pie": 1, "uto": -1, "uwr": -1 }, "geometry": { "type": "Point", "coordinates": [ 22.498667, 52.677806 ] } },
{ "type": "Feature", "properties": { "ID": 117332880, "yr": 2022, "dt": "2022-01-10T10:50:00", "WOJ": 20, "sev": 1, "c": [ 255, 255, 0, 160 ], "dmg": 2, "sli": 1, "ser": 0, "fat": 0, "row": -1, "mot": -1, "pie": -1, "uto": -1, "uwr": -1 }, "geometry": { "type": "Point", "coordinates": [ 23.179667, 53.144694 ] } },
{ "type": "Feature", "properties": { "ID": 118496839, "yr": 2022, "dt": "2022-01-16T00:44:28", "WOJ": 20, "sev": 1, "c": [ 255, 255, 0, 160 ], "dmg": 1, "sli": 1, "ser": 0, "fat": 0, "row": -1, "mot": -1, "pie": -1, "uto": -1, "uwr": -1 }, "geometry": { "type": "Point", "coordinates": [ 22.870778, 53.886722 ] } },
{ "type": "Feature", "properties": { "ID": 118497820, "yr": 2022, "dt": "2022-01-16T02:12:49", "WOJ": 20, "sev": 1, "c": [ 255, 255, 0, 160 ], "dmg": 1, "sli": 1, "ser": 0, "fat": 0, "row": -1, "mot": -1, "pie": -1, "uto": -1, "uwr": -1 }, "geometry": { "type": "Point", "coordinates": [ 22.826694, 53.245583 ] } },
{ "type": "Feature", "properties": { "ID": 119013833, "yr": 2022, "dt": "2022-01-19T11:04:26", "WOJ": 20, "sev": 1, "c": [ 255, 255, 0, 160 ], "dmg": 1, "sli": 1, "ser": 0, "fat": 0, "row": -1, "mot": -1, "pie": -1, "uto": -1, "uwr": -1 }, "geometry": { "type": "Point", "coordinates": [ 23.430833, 54.096083 ] } },
{ "type": "Feature", "properties": { "ID": 119297087, "yr": 2022, "dt": "2022-01-20T16:23:49", "WOJ": 20, "sev": 1, "c": [ 255, 255, 0, 160 ], "dmg": 1, "sli": 1, "ser": 0, "fat": 0, "row": -1, "mot": -1, "pie": -1, "uto": -1, "uwr": -1 }, "geometry": { "type": "Point", "coordinates": [ 22.963167, 52.744889 ] } },
{ "type": "Feature", "properties": { "ID": 119464819, "yr": 2022, "dt": "2022-01-21T10:01:31", "WOJ": 20, "sev": 1, "c": [ 255, 255, 0, 160 ], "dmg": 1, "sli": 2, "ser": 0, "fat": 0, "row": -1, "mot": -1, "pie": -1, "uto": -1, "uwr": -1 }, "geometry": { "type": "Point", "coordinates": [ 23.403861, 53.342333 ] } },
{ "type": "Feature", "properties": { "ID": 124248499, "yr": 2022, "dt": "2022-11-29T17:57:32", "WOJ": 20, "sev": 1, "c": [ 255, 255, 0, 160 ], "dmg": 1, "sli": 1, "ser": 0, "fat": 0, "row": -1, "mot": -1, "pie": 1, "uto": -1, "uwr": -1 }, "geometry": { "type": "Point", "coordinates": [ 23.409611, 53.349222 ] } },
{ "type": "Feature", "properties": { "ID": 124260801, "yr": 2022, "dt": "2022-12-03T16:00:33", "WOJ": 20, "sev": 1, "c": [ 255, 255, 0, 160 ], "dmg": 1, "sli": 2, "ser": 0, "fat": 0, "row": -1, "mot": -1, "pie": -1, "uto": -1, "uwr": -1 }, "geometry": { "type": "Point", "coordinates": [ 22.881194, 54.287444 ] } },
{ "type": "Feature", "properties": { "ID": 124274584, "yr": 2022, "dt": "2022-12-05T15:24:15", "WOJ": 20, "sev": 1, "c": [ 255, 255, 0, 160 ], "dmg": 1, "sli": 1, "ser": 0, "fat": 0, "row": -1, "mot": -1, "pie": -1, "uto": -1, "uwr": -1 }, "geometry": { "type": "Point", "coordinates": [ 22.736111, 52.583028 ] } },
{ "type": "Feature", "properties": { "ID": 124274537, "yr": 2022, "dt": "2022-12-05T15:15:36", "WOJ": 20, "sev": 1, "c": [ 255, 255, 0, 160 ], "dmg": 1, "sli": 1, "ser": 0, "fat": 0, "row": -1, "mot": -1, "pie": -1, "uto": -1, "uwr": -1 }, "geometry": { "type": "Point", "coordinates": [ 23.233361, 54.101778 ] } },
{ "type": "Feature", "properties": { "ID": 124284431, "yr": 2022, "dt": "2022-12-06T08:42:32", "WOJ": 20, "sev": 1, "c": [ 255, 255, 0, 160 ], "dmg": 2, "sli": 2, "ser": 0, "fat": 0, "row": -1, "mot": -1, "pie": -1, "uto": -1, "uwr": -1 }, "geometry": { "type": "Point", "coordinates": [ 23.125528, 53.575917 ] } },
{ "type": "Feature", "properties": { "ID": 124304765, "yr": 2022, "dt": "2022-12-09T15:02:40", "WOJ": 20, "sev": 1, "c": [ 255, 255, 0, 160 ], "dmg": 1, "sli": 1, "ser": 0, "fat": 0, "row": -1, "mot": -1, "pie": -1, "uto": -1, "uwr": -1 }, "geometry": { "type": "Point", "coordinates": [ 22.878556, 53.443083 ] } },
{ "type": "Feature", "properties": { "ID": 124318002, "yr": 2022, "dt": "2022-12-16T11:16:06", "WOJ": 20, "sev": 1, "c": [ 255, 255, 0, 160 ], "dmg": 1, "sli": 1, "ser": 0, "fat": 0, "row": -1, "mot": -1, "pie": -1, "uto": -1, "uwr": -1 }, "geometry": { "type": "Point", "coordinates": [ 22.998667, 52.619056 ] } },
{ "type": "Feature", "properties": { "ID": 124319253, "yr": 2022, "dt": "2022-12-17T18:20:05", "WOJ": 20, "sev": 1, "c": [ 255, 255, 0, 160 ], "dmg": 2, "sli": 1, "ser": 0, "fat": 0, "row": -1, "mot": -1, "pie": -1, "uto": -1, "uwr": -1 }, "geometry": { "type": "Point", "coordinates": [ 22.504889, 53.658083 ] } },
{ "type": "Feature", "properties": { "ID": 124321904, "yr": 2022, "dt": "2022-12-19T09:53:53", "WOJ": 20, "sev": 1, "c": [ 255, 255, 0, 160 ], "dmg": 1, "sli": 1, "ser": 0, "fat": 0, "row": -1, "mot": -1, "pie": 1, "uto": -1, "uwr": -1 }, "geometry": { "type": "Point", "coordinates": [ 22.932472, 54.095639 ] } },
{ "type": "Feature", "properties": { "ID": 124321910, "yr": 2022, "dt": "2022-12-19T11:39:54", "WOJ": 20, "sev": 2, "c": [ 255, 165, 0, 160 ], "dmg": 1, "sli": 0, "ser": 1, "fat": 0, "row": -1, "mot": -1, "pie": 2, "uto": -1, "uwr": -1 }, "geometry": { "type": "Point", "coordinates": [ 22.076528, 53.163722 ] } },
{ "type": "Feature", "properties": { "ID": 124319102, "yr": 2022, "dt": "2022-12-17T16:02:25", "WOJ": 20, "sev": 2, "c": [ 255, 165, 0, 160 ], "dmg": 1, "sli": 0, "ser": 1, "fat": 0, "row": -1, "mot": -1, "pie": 2, "uto": -1, "uwr": -1 }, "geometry": { "type": "Point", "coordinates": [ 23.122972, 53.110417 ] } },
{ "type": "Feature", "properties": { "ID": 124309526, "yr": 2022, "dt": "2022-12-12T19:27:45", "WOJ": 20, "sev": 2, "c": [ 255, 165, 0, 160 ], "dmg": 1, "sli": 0, "ser": 1, "fat": 0, "row": -1, "mot": -1, "pie": 2, "uto": -1, "uwr": -1 }, "geometry": { "type": "Point", "coordinates": [ 23.124222, 53.150917 ] } },
{ "type": "Feature", "properties": { "ID": 124287078, "yr": 2022, "dt": "2022-12-07T01:22:39", "WOJ": 20, "sev": 2, "c": [ 255, 165, 0, 160 ], "dmg": 1, "sli": 1, "ser": 1, "fat": 0, "row": -1, "mot": -1, "pie": -1, "uto": -1, "uwr": -1 }, "geometry": { "type": "Point", "coordinates": [ 22.994056, 54.175444 ] } },
{ "type": "Feature", "properties": { "ID": 119297763, "yr": 2022, "dt": "2022-01-21T19:00:22", "WOJ": 20, "sev": 2, "c": [ 255, 165, 0, 160 ], "dmg": 1, "sli": 0, "ser": 1, "fat": 0, "row": -1, "mot": -1, "pie": -1, "uto": -1, "uwr": -1 }, "geometry": { "type": "Point", "coordinates": [ 22.364583, 52.947194 ] } },
{ "type": "Feature", "properties": { "ID": 124257749, "yr": 2022, "dt": "2022-12-02T17:24:00", "WOJ": 20, "sev": 2, "c": [ 255, 165, 0, 160 ], "dmg": 2, "sli": 0, "ser": 1, "fat": 0, "row": 2, "mot": -1, "pie": -1, "uto": -1, "uwr": -1 }, "geometry": { "type": "Point", "coordinates": [ 23.112361, 53.122083 ] } },
{ "type": "Feature", "properties": { "ID": 118395268, "yr": 2022, "dt": "2022-01-15T08:54:38", "WOJ": 20, "sev": 2, "c": [ 255, 165, 0, 160 ], "dmg": 1, "sli": 0, "ser": 1, "fat": 0, "row": 2, "mot": -1, "pie": -1, "uto": -1, "uwr": -1 }, "geometry": { "type": "Point", "coordinates": [ 23.209472, 53.1225 ] } },
{ "type": "Feature", "properties": { "ID": 118838849, "yr": 2022, "dt": "2022-01-18T07:40:04", "WOJ": 20, "sev": 2, "c": [ 255, 165, 0, 160 ], "dmg": 2, "sli": 0, "ser": 1, "fat": 0, "row": -1, "mot": -1, "pie": -1, "uto": -1, "uwr": -1 }, "geometry": { "type": "Point", "coordinates": [ 21.846389, 53.425667 ] } },
{ "type": "Feature", "properties": { "ID": 120825646, "yr": 2022, "dt": "2022-06-21T14:37:00", "WOJ": 20, "sev": 2, "c": [ 255, 165, 0, 160 ], "dmg": 1, "sli": 0, "ser": 1, "fat": 0, "row": -1, "mot": -1, "pie": -1, "uto": -1, "uwr": -1 }, "geometry": { "type": "Point", "coordinates": [ 23.1345, 53.151194 ] } },
{ "type": "Feature", "properties": { "ID": 118395135, "yr": 2022, "dt": "2022-01-15T07:47:39", "WOJ": 20, "sev": 2, "c": [ 255, 165, 0, 160 ], "dmg": 0, "sli": 0, "ser": 1, "fat": 0, "row": -1, "mot": -1, "pie": -1, "uto": -1, "uwr": -1 }, "geometry": { "type": "Point", "coordinates": [ 22.238278, 53.256389 ] } },
{ "type": "Feature", "properties": { "ID": 118426831, "yr": 2022, "dt": "2022-01-14T19:15:14", "WOJ": 20, "sev": 2, "c": [ 255, 165, 0, 160 ], "dmg": 0, "sli": 0, "ser": 1, "fat": 0, "row": -1, "mot": -1, "pie": -1, "uto": -1, "uwr": -1 }, "geometry": { "type": "Point", "coordinates": [ 22.244361, 52.969389 ] } },
{ "type": "Feature", "properties": { "ID": 120787458, "yr": 2022, "dt": "2022-06-09T18:13:50", "WOJ": 20, "sev": 2, "c": [ 255, 165, 0, 160 ], "dmg": 2, "sli": 0, "ser": 1, "fat": 0, "row": -1, "mot": -1, "pie": 0, "uto": -1, "uwr": -1 }, "geometry": { "type": "Point", "coordinates": [ 23.215222, 53.122917 ] } },
{ "type": "Feature", "properties": { "ID": 120790730, "yr": 2022, "dt": "2022-06-10T16:41:24", "WOJ": 20, "sev": 2, "c": [ 255, 165, 0, 160 ], "dmg": 1, "sli": 0, "ser": 1, "fat": 0, "row": -1, "mot": -1, "pie": 2, "uto": -1, "uwr": -1 }, "geometry": { "type": "Point", "coordinates": [ 23.120972, 53.137028 ] } },
{ "type": "Feature", "properties": { "ID": 120815050, "yr": 2022, "dt": "2022-06-15T16:46:45", "WOJ": 20, "sev": 2, "c": [ 255, 165, 0, 160 ], "dmg": 1, "sli": 0, "ser": 1, "fat": 0, "row": -1, "mot": -1, "pie": -1, "uto": -1, "uwr": -1 }, "geometry": { "type": "Point", "coordinates": [ 22.648444, 52.943167 ] } },
{ "type": "Feature", "properties": { "ID": 120807882, "yr": 2022, "dt": "2022-06-15T16:04:30", "WOJ": 20, "sev": 2, "c": [ 255, 165, 0, 160 ], "dmg": 1, "sli": 0, "ser": 1, "fat": 0, "row": -1, "mot": -1, "pie": 2, "uto": -1, "uwr": -1 }, "geometry": { "type": "Point", "coordinates": [ 23.147667, 53.135972 ] } },
{ "type": "Feature", "properties": { "ID": 120814210, "yr": 2022, "dt": "2022-06-15T20:05:34", "WOJ": 20, "sev": 2, "c": [ 255, 165, 0, 160 ], "dmg": 1, "sli": 0, "ser": 1, "fat": 0, "row": 0, "mot": -1, "pie": 2, "uto": -1, "uwr": -1 }, "geometry": { "type": "Point", "coordinates": [ 22.125583, 53.300306 ] } },
{ "type": "Feature", "properties": { "ID": 120837928, "yr": 2022, "dt": "2022-06-25T14:25:00", "WOJ": 20, "sev": 2, "c": [ 255, 165, 0, 160 ], "dmg": 1, "sli": 0, "ser": 1, "fat": 0, "row": -1, "mot": -1, "pie": -1, "uto": -1, "uwr": -1 }, "geometry": { "type": "Point", "coordinates": [ 23.1345, 53.125472 ] } },
{ "type": "Feature", "properties": { "ID": 120844547, "yr": 2022, "dt": "2022-06-27T17:03:39", "WOJ": 20, "sev": 2, "c": [ 255, 165, 0, 160 ], "dmg": 2, "sli": 0, "ser": 1, "fat": 0, "row": -1, "mot": -1, "pie": -1, "uto": -1, "uwr": -1 }, "geometry": { "type": "Point", "coordinates": [ 23.257333, 53.12525 ] } },
{ "type": "Feature", "properties": { "ID": 120846482, "yr": 2022, "dt": "2022-06-28T13:28:00", "WOJ": 20, "sev": 2, "c": [ 255, 165, 0, 160 ], "dmg": 1, "sli": 0, "ser": 1, "fat": 0, "row": -1, "mot": 2, "pie": -1, "uto": -1, "uwr": -1 }, "geometry": { "type": "Point", "coordinates": [ 22.910444, 53.551194 ] } },
{ "type": "Feature", "properties": { "ID": 120849628, "yr": 2022, "dt": "2022-06-30T13:24:24", "WOJ": 20, "sev": 2, "c": [ 255, 165, 0, 160 ], "dmg": 1, "sli": 0, "ser": 1, "fat": 0, "row": -1, "mot": -1, "pie": 2, "uto": -1, "uwr": -1 }, "geometry": { "type": "Point", "coordinates": [ 22.069278, 53.179611 ] } },
{ "type": "Feature", "properties": { "ID": 120845139, "yr": 2022, "dt": "2022-06-28T16:32:00", "WOJ": 20, "sev": 2, "c": [ 255, 165, 0, 160 ], "dmg": 1, "sli": 0, "ser": 1, "fat": 0, "row": 2, "mot": -1, "pie": -1, "uto": -1, "uwr": -1 }, "geometry": { "type": "Point", "coordinates": [ 23.163889, 53.118472 ] } },
{ "type": "Feature", "properties": { "ID": 120846403, "yr": 2022, "dt": "2022-06-28T22:40:00", "WOJ": 20, "sev": 2, "c": [ 255, 165, 0, 160 ], "dmg": 1, "sli": 0, "ser": 1, "fat": 0, "row": -1, "mot": -1, "pie": -1, "uto": -1, "uwr": -1 }, "geometry": { "type": "Point", "coordinates": [ 23.126361, 53.322667 ] } },
{ "type": "Feature", "properties": { "ID": 120851735, "yr": 2022, "dt": "2022-07-03T11:57:10", "WOJ": 20, "sev": 2, "c": [ 255, 165, 0, 160 ], "dmg": 1, "sli": 0, "ser": 1, "fat": 0, "row": -1, "mot": -1, "pie": -1, "uto": -1, "uwr": -1 }, "geometry": { "type": "Point", "coordinates": [ 22.083278, 53.172306 ] } },
{ "type": "Feature", "properties": { "ID": 120853453, "yr": 2022, "dt": "2022-07-03T17:56:15", "WOJ": 20, "sev": 2, "c": [ 255, 165, 0, 160 ], "dmg": 1, "sli": 0, "ser": 1, "fat": 0, "row": 2, "mot": -1, "pie": -1, "uto": -1, "uwr": -1 }, "geometry": { "type": "Point", "coordinates": [ 23.174972, 53.149139 ] } },
{ "type": "Feature", "properties": { "ID": 120858690, "yr": 2022, "dt": "2022-07-05T15:21:00", "WOJ": 20, "sev": 2, "c": [ 255, 165, 0, 160 ], "dmg": 1, "sli": 0, "ser": 1, "fat": 0, "row": 2, "mot": -1, "pie": -1, "uto": -1, "uwr": -1 }, "geometry": { "type": "Point", "coordinates": [ 23.122222, 53.122056 ] } },
{ "type": "Feature", "properties": { "ID": 120858812, "yr": 2022, "dt": "2022-07-05T14:30:00", "WOJ": 20, "sev": 2, "c": [ 255, 165, 0, 160 ], "dmg": 1, "sli": 0, "ser": 1, "fat": 0, "row": 2, "mot": -1, "pie": -1, "uto": -1, "uwr": -1 }, "geometry": { "type": "Point", "coordinates": [ 23.117917, 53.128917 ] } },
{ "type": "Feature", "properties": { "ID": 120855555, "yr": 2022, "dt": "2022-07-04T12:01:00", "WOJ": 20, "sev": 2, "c": [ 255, 165, 0, 160 ], "dmg": 2, "sli": 0, "ser": 1, "fat": 0, "row": -1, "mot": -1, "pie": -1, "uto": -1, "uwr": -1 }, "geometry": { "type": "Point", "coordinates": [ 23.16825, 53.137694 ] } },
{ "type": "Feature", "properties": { "ID": 120860439, "yr": 2022, "dt": "2022-07-06T15:00:00", "WOJ": 20, "sev": 2, "c": [ 255, 165, 0, 160 ], "dmg": 1, "sli": 0, "ser": 1, "fat": 0, "row": 2, "mot": -1, "pie": -1, "uto": -1, "uwr": -1 }, "geometry": { "type": "Point", "coordinates": [ 23.086222, 53.156833 ] } },
{ "type": "Feature", "properties": { "ID": 120866412, "yr": 2022, "dt": "2022-07-09T18:19:16", "WOJ": 20, "sev": 2, "c": [ 255, 165, 0, 160 ], "dmg": 0, "sli": 0, "ser": 1, "fat": 0, "row": -1, "mot": -1, "pie": -1, "uto": -1, "uwr": -1 }, "geometry": { "type": "Point", "coordinates": [ 22.263472, 53.211528 ] } },
{ "type": "Feature", "properties": { "ID": 120872600, "yr": 2022, "dt": "2022-07-08T21:30:00", "WOJ": 20, "sev": 2, "c": [ 255, 165, 0, 160 ], "dmg": 0, "sli": 0, "ser": 1, "fat": 0, "row": -1, "mot": -1, "pie": -1, "uto": -1, "uwr": -1 }, "geometry": { "type": "Point", "coordinates": [ 21.801639, 53.408056 ] } },
{ "type": "Feature", "properties": { "ID": 120872899, "yr": 2022, "dt": "2022-07-10T10:30:00", "WOJ": 20, "sev": 2, "c": [ 255, 165, 0, 160 ], "dmg": 1, "sli": 0, "ser": 1, "fat": 0, "row": -1, "mot": 2, "pie": -1, "uto": -1, "uwr": -1 }, "geometry": { "type": "Point", "coordinates": [ 22.947917, 54.136111 ] } },
{ "type": "Feature", "properties": { "ID": 120837736, "yr": 2022, "dt": "2022-06-24T20:58:00", "WOJ": 20, "sev": 2, "c": [ 255, 165, 0, 160 ], "dmg": 1, "sli": 0, "ser": 1, "fat": 0, "row": 2, "mot": -1, "pie": -1, "uto": -1, "uwr": -1 }, "geometry": { "type": "Point", "coordinates": [ 23.121389, 53.138278 ] } },
{ "type": "Feature", "properties": { "ID": 120541414, "yr": 2022, "dt": "2022-05-23T06:50:00", "WOJ": 20, "sev": 2, "c": [ 255, 165, 0, 160 ], "dmg": 1, "sli": 0, "ser": 2, "fat": 0, "row": -1, "mot": -1, "pie": -1, "uto": -1, "uwr": -1 }, "geometry": { "type": "Point", "coordinates": [ 23.389778, 54.106028 ] } },
{ "type": "Feature", "properties": { "ID": 120527809, "yr": 2022, "dt": "2022-05-20T12:00:00", "WOJ": 20, "sev": 2, "c": [ 255, 165, 0, 160 ], "dmg": 1, "sli": 0, "ser": 1, "fat": 0, "row": 2, "mot": -1, "pie": -1, "uto": -1, "uwr": -1 }, "geometry": { "type": "Point", "coordinates": [ 23.124694, 53.151778 ] } },
{ "type": "Feature", "properties": { "ID": 120524986, "yr": 2022, "dt": "2022-05-19T16:45:00", "WOJ": 20, "sev": 2, "c": [ 255, 165, 0, 160 ], "dmg": 1, "sli": 0, "ser": 1, "fat": 0, "row": -1, "mot": -1, "pie": 2, "uto": -1, "uwr": -1 }, "geometry": { "type": "Point", "coordinates": [ 23.151944, 53.145333 ] } },
{ "type": "Feature", "properties": { "ID": 120910380, "yr": 2022, "dt": "2022-07-19T21:35:25", "WOJ": 20, "sev": 2, "c": [ 255, 165, 0, 160 ], "dmg": 0, "sli": 0, "ser": 1, "fat": 0, "row": -1, "mot": 2, "pie": -1, "uto": -1, "uwr": -1 }, "geometry": { "type": "Point", "coordinates": [ 23.684833, 53.348139 ] } },
{ "type": "Feature", "properties": { "ID": 120609410, "yr": 2022, "dt": "2022-05-31T15:14:53", "WOJ": 20, "sev": 2, "c": [ 255, 165, 0, 160 ], "dmg": 1, "sli": 0, "ser": 1, "fat": 0, "row": -1, "mot": 2, "pie": -1, "uto": -1, "uwr": -1 }, "geometry": { "type": "Point", "coordinates": [ 23.170056, 53.138889 ] } },
{ "type": "Feature", "properties": { "ID": 120577222, "yr": 2022, "dt": "2022-05-31T08:27:00", "WOJ": 20, "sev": 2, "c": [ 255, 165, 0, 160 ], "dmg": 1, "sli": 0, "ser": 1, "fat": 0, "row": 2, "mot": -1, "pie": -1, "uto": -1, "uwr": -1 }, "geometry": { "type": "Point", "coordinates": [ 23.151333, 53.158833 ] } },
{ "type": "Feature", "properties": { "ID": 120563924, "yr": 2022, "dt": "2022-05-29T10:26:00", "WOJ": 20, "sev": 2, "c": [ 255, 165, 0, 160 ], "dmg": 1, "sli": 0, "ser": 1, "fat": 0, "row": -1, "mot": -1, "pie": -1, "uto": -1, "uwr": -1 }, "geometry": { "type": "Point", "coordinates": [ 23.134444, 53.145556 ] } },
{ "type": "Feature", "properties": { "ID": 120534493, "yr": 2022, "dt": "2022-05-23T17:06:43", "WOJ": 20, "sev": 2, "c": [ 255, 165, 0, 160 ], "dmg": 1, "sli": 0, "ser": 1, "fat": 0, "row": -1, "mot": -1, "pie": 2, "uto": -1, "uwr": -1 }, "geometry": { "type": "Point", "coordinates": [ 23.159694, 53.119222 ] } },
{ "type": "Feature", "properties": { "ID": 120909478, "yr": 2022, "dt": "2022-07-19T15:47:54", "WOJ": 20, "sev": 2, "c": [ 255, 165, 0, 160 ], "dmg": 2, "sli": 0, "ser": 1, "fat": 0, "row": 2, "mot": 0, "pie": -1, "uto": -1, "uwr": -1 }, "geometry": { "type": "Point", "coordinates": [ 23.242278, 53.093639 ] } },
{ "type": "Feature", "properties": { "ID": 120893343, "yr": 2022, "dt": "2022-07-19T14:44:06", "WOJ": 20, "sev": 2, "c": [ 255, 165, 0, 160 ], "dmg": 1, "sli": 0, "ser": 1, "fat": 0, "row": 2, "mot": -1, "pie": -1, "uto": -1, "uwr": -1 }, "geometry": { "type": "Point", "coordinates": [ 23.185167, 53.126 ] } },
{ "type": "Feature", "properties": { "ID": 120850965, "yr": 2022, "dt": "2022-07-01T12:52:44", "WOJ": 20, "sev": 2, "c": [ 255, 165, 0, 160 ], "dmg": 2, "sli": 0, "ser": 1, "fat": 0, "row": -1, "mot": -1, "pie": -1, "uto": -1, "uwr": -1 }, "geometry": { "type": "Point", "coordinates": [ 21.933306, 53.159972 ] } },
{ "type": "Feature", "properties": { "ID": 120856459, "yr": 2022, "dt": "2022-07-04T20:24:06", "WOJ": 20, "sev": 2, "c": [ 255, 165, 0, 160 ], "dmg": 1, "sli": 0, "ser": 1, "fat": 0, "row": -1, "mot": -1, "pie": -1, "uto": -1, "uwr": -1 }, "geometry": { "type": "Point", "coordinates": [ 22.642306, 53.694444 ] } },
{ "type": "Feature", "properties": { "ID": 120608454, "yr": 2022, "dt": "2022-05-31T14:15:00", "WOJ": 20, "sev": 2, "c": [ 255, 165, 0, 160 ], "dmg": 2, "sli": 0, "ser": 1, "fat": 0, "row": -1, "mot": -1, "pie": -1, "uto": -1, "uwr": -1 }, "geometry": { "type": "Point", "coordinates": [ 23.141722, 53.159639 ] } },
{ "type": "Feature", "properties": { "ID": 120609889, "yr": 2022, "dt": "2022-06-01T12:09:00", "WOJ": 20, "sev": 2, "c": [ 255, 165, 0, 160 ], "dmg": 1, "sli": 0, "ser": 1, "fat": 0, "row": -1, "mot": -1, "pie": 2, "uto": -1, "uwr": -1 }, "geometry": { "type": "Point", "coordinates": [ 23.3525, 53.652556 ] } },
{ "type": "Feature", "properties": { "ID": 120748409, "yr": 2022, "dt": "2022-06-04T16:34:07", "WOJ": 20, "sev": 2, "c": [ 255, 165, 0, 160 ], "dmg": 0, "sli": 0, "ser": 2, "fat": 0, "row": -1, "mot": -1, "pie": -1, "uto": -1, "uwr": -1 }, "geometry": { "type": "Point", "coordinates": [ 22.315611, 53.276194 ] } },
{ "type": "Feature", "properties": { "ID": 120749604, "yr": 2022, "dt": "2022-06-05T15:31:11", "WOJ": 20, "sev": 2, "c": [ 255, 165, 0, 160 ], "dmg": 1, "sli": 0, "ser": 2, "fat": 0, "row": -1, "mot": 2, "pie": -1, "uto": -1, "uwr": -1 }, "geometry": { "type": "Point", "coordinates": [ 21.916667, 53.268472 ] } },
{ "type": "Feature", "properties": { "ID": 120891432, "yr": 2022, "dt": "2022-07-17T15:10:24", "WOJ": 20, "sev": 2, "c": [ 255, 165, 0, 160 ], "dmg": 0, "sli": 0, "ser": 1, "fat": 0, "row": 2, "mot": -1, "pie": -1, "uto": -1, "uwr": -1 }, "geometry": { "type": "Point", "coordinates": [ 22.057889, 53.176306 ] } },
{ "type": "Feature", "properties": { "ID": 120984930, "yr": 2022, "dt": "2022-07-26T05:10:00", "WOJ": 20, "sev": 2, "c": [ 255, 165, 0, 160 ], "dmg": 2, "sli": 0, "ser": 1, "fat": 0, "row": -1, "mot": -1, "pie": 2, "uto": -1, "uwr": -1 }, "geometry": { "type": "Point", "coordinates": [ 23.184444, 53.145444 ] } },
{ "type": "Feature", "properties": { "ID": 120983562, "yr": 2022, "dt": "2022-07-24T14:02:58", "WOJ": 20, "sev": 2, "c": [ 255, 165, 0, 160 ], "dmg": 1, "sli": 0, "ser": 1, "fat": 0, "row": -1, "mot": -1, "pie": -1, "uto": -1, "uwr": -1 }, "geometry": { "type": "Point", "coordinates": [ 22.892556, 52.962361 ] } },
{ "type": "Feature", "properties": { "ID": 121160796, "yr": 2022, "dt": "2022-08-01T06:15:29", "WOJ": 20, "sev": 2, "c": [ 255, 165, 0, 160 ], "dmg": 0, "sli": 0, "ser": 1, "fat": 0, "row": -1, "mot": -1, "pie": -1, "uto": 2, "uwr": -1 }, "geometry": { "type": "Point", "coordinates": [ 22.812056, 53.398583 ] } },
{ "type": "Feature", "properties": { "ID": 120497493, "yr": 2022, "dt": "2022-05-02T12:19:59", "WOJ": 20, "sev": 2, "c": [ 255, 165, 0, 160 ], "dmg": 1, "sli": 0, "ser": 1, "fat": 0, "row": -1, "mot": -1, "pie": 2, "uto": -1, "uwr": -1 }, "geometry": { "type": "Point", "coordinates": [ 22.086944, 53.163583 ] } },
{ "type": "Feature", "properties": { "ID": 120499718, "yr": 2022, "dt": "2022-05-05T06:30:00", "WOJ": 20, "sev": 2, "c": [ 255, 165, 0, 160 ], "dmg": 2, "sli": 1, "ser": 2, "fat": 0, "row": -1, "mot": -1, "pie": -1, "uto": -1, "uwr": -1 }, "geometry": { "type": "Point", "coordinates": [ 23.151361, 53.159361 ] } },
{ "type": "Feature", "properties": { "ID": 120493200, "yr": 2022, "dt": "2022-04-29T19:45:54", "WOJ": 20, "sev": 2, "c": [ 255, 165, 0, 160 ], "dmg": 1, "sli": 1, "ser": 1, "fat": 0, "row": -1, "mot": -1, "pie": -1, "uto": -1, "uwr": -1 }, "geometry": { "type": "Point", "coordinates": [ 23.205306, 53.203444 ] } },
{ "type": "Feature", "properties": { "ID": 120493351, "yr": 2022, "dt": "2022-04-30T11:52:18", "WOJ": 20, "sev": 2, "c": [ 255, 165, 0, 160 ], "dmg": 3, "sli": 0, "ser": 1, "fat": 0, "row": -1, "mot": -1, "pie": -1, "uto": -1, "uwr": -1 }, "geometry": { "type": "Point", "coordinates": [ 23.470389, 52.934722 ] } },
{ "type": "Feature", "properties": { "ID": 120504031, "yr": 2022, "dt": "2022-05-09T07:16:38", "WOJ": 20, "sev": 2, "c": [ 255, 165, 0, 160 ], "dmg": 1, "sli": 0, "ser": 1, "fat": 0, "row": -1, "mot": 2, "pie": -1, "uto": -1, "uwr": -1 }, "geometry": { "type": "Point", "coordinates": [ 23.154861, 53.145583 ] } },
{ "type": "Feature", "properties": { "ID": 120503673, "yr": 2022, "dt": "2022-05-07T11:22:07", "WOJ": 20, "sev": 2, "c": [ 255, 165, 0, 160 ], "dmg": 2, "sli": 0, "ser": 2, "fat": 0, "row": -1, "mot": -1, "pie": -1, "uto": -1, "uwr": -1 }, "geometry": { "type": "Point", "coordinates": [ 23.146944, 53.113472 ] } },
{ "type": "Feature", "properties": { "ID": 120521919, "yr": 2022, "dt": "2022-05-18T14:27:00", "WOJ": 20, "sev": 2, "c": [ 255, 165, 0, 160 ], "dmg": 1, "sli": 0, "ser": 1, "fat": 0, "row": 2, "mot": -1, "pie": -1, "uto": -1, "uwr": -1 }, "geometry": { "type": "Point", "coordinates": [ 23.181722, 53.125139 ] } },
{ "type": "Feature", "properties": { "ID": 120509762, "yr": 2022, "dt": "2022-05-11T21:25:06", "WOJ": 20, "sev": 2, "c": [ 255, 165, 0, 160 ], "dmg": 1, "sli": 0, "ser": 1, "fat": 0, "row": 2, "mot": -1, "pie": -1, "uto": -1, "uwr": -1 }, "geometry": { "type": "Point", "coordinates": [ 22.292417, 53.191056 ] } },
{ "type": "Feature", "properties": { "ID": 120523892, "yr": 2022, "dt": "2022-05-18T15:08:12", "WOJ": 20, "sev": 2, "c": [ 255, 165, 0, 160 ], "dmg": 1, "sli": 0, "ser": 1, "fat": 0, "row": 2, "mot": -1, "pie": -1, "uto": -1, "uwr": -1 }, "geometry": { "type": "Point", "coordinates": [ 22.033417, 53.120472 ] } },
{ "type": "Feature", "properties": { "ID": 120868077, "yr": 2022, "dt": "2022-07-11T15:40:08", "WOJ": 20, "sev": 2, "c": [ 255, 165, 0, 160 ], "dmg": 2, "sli": 0, "ser": 1, "fat": 0, "row": -1, "mot": -1, "pie": 2, "uto": -1, "uwr": -1 }, "geometry": { "type": "Point", "coordinates": [ 23.084889, 53.1295 ] } },
{ "type": "Feature", "properties": { "ID": 120874444, "yr": 2022, "dt": "2022-07-13T11:15:00", "WOJ": 20, "sev": 2, "c": [ 255, 165, 0, 160 ], "dmg": 1, "sli": 1, "ser": 1, "fat": 0, "row": -1, "mot": -1, "pie": -1, "uto": -1, "uwr": -1 }, "geometry": { "type": "Point", "coordinates": [ 22.084278, 53.161528 ] } },
{ "type": "Feature", "properties": { "ID": 120879972, "yr": 2022, "dt": "2022-07-16T09:40:00", "WOJ": 20, "sev": 2, "c": [ 255, 165, 0, 160 ], "dmg": 2, "sli": 0, "ser": 1, "fat": 0, "row": -1, "mot": -1, "pie": -1, "uto": -1, "uwr": -1 }, "geometry": { "type": "Point", "coordinates": [ 23.092444, 53.161056 ] } },
{ "type": "Feature", "properties": { "ID": 121788052, "yr": 2022, "dt": "2022-09-09T11:39:00", "WOJ": 20, "sev": 2, "c": [ 255, 165, 0, 160 ], "dmg": 1, "sli": 0, "ser": 1, "fat": 0, "row": -1, "mot": -1, "pie": 2, "uto": -1, "uwr": -1 }, "geometry": { "type": "Point", "coordinates": [ 23.174111, 53.1305 ] } },
{ "type": "Feature", "properties": { "ID": 121781054, "yr": 2022, "dt": "2022-09-06T10:45:18", "WOJ": 20, "sev": 2, "c": [ 255, 165, 0, 160 ], "dmg": 1, "sli": 0, "ser": 1, "fat": 0, "row": -1, "mot": 2, "pie": -1, "uto": -1, "uwr": -1 }, "geometry": { "type": "Point", "coordinates": [ 23.144472, 53.126833 ] } },
{ "type": "Feature", "properties": { "ID": 120431905, "yr": 2022, "dt": "2022-03-23T12:15:53", "WOJ": 20, "sev": 2, "c": [ 255, 165, 0, 160 ], "dmg": 1, "sli": 0, "ser": 1, "fat": 0, "row": 0, "mot": -1, "pie": 2, "uto": -1, "uwr": -1 }, "geometry": { "type": "Point", "coordinates": [ 23.189667, 53.186333 ] } },
{ "type": "Feature", "properties": { "ID": 120403975, "yr": 2022, "dt": "2022-03-14T07:55:00", "WOJ": 20, "sev": 2, "c": [ 255, 165, 0, 160 ], "dmg": 1, "sli": 0, "ser": 1, "fat": 0, "row": -1, "mot": -1, "pie": -1, "uto": -1, "uwr": -1 }, "geometry": { "type": "Point", "coordinates": [ 23.090639, 53.034833 ] } },
{ "type": "Feature", "properties": { "ID": 120446272, "yr": 2022, "dt": "2022-03-28T19:22:49", "WOJ": 20, "sev": 2, "c": [ 255, 165, 0, 160 ], "dmg": 0, "sli": 0, "ser": 1, "fat": 0, "row": -1, "mot": 2, "pie": -1, "uto": -1, "uwr": -1 }, "geometry": { "type": "Point", "coordinates": [ 22.021139, 53.115056 ] } },
{ "type": "Feature", "properties": { "ID": 120449481, "yr": 2022, "dt": "2022-03-28T10:35:00", "WOJ": 20, "sev": 2, "c": [ 255, 165, 0, 160 ], "dmg": 1, "sli": 0, "ser": 1, "fat": 0, "row": -1, "mot": -1, "pie": 2, "uto": -1, "uwr": -1 }, "geometry": { "type": "Point", "coordinates": [ 22.885139, 52.991833 ] } },
{ "type": "Feature", "properties": { "ID": 120435197, "yr": 2022, "dt": "2022-03-24T08:30:00", "WOJ": 20, "sev": 2, "c": [ 255, 165, 0, 160 ], "dmg": 1, "sli": 0, "ser": 1, "fat": 0, "row": -1, "mot": -1, "pie": -1, "uto": -1, "uwr": -1 }, "geometry": { "type": "Point", "coordinates": [ 23.210556, 53.0885 ] } },
{ "type": "Feature", "properties": { "ID": 120464685, "yr": 2022, "dt": "2022-04-13T20:13:11", "WOJ": 20, "sev": 2, "c": [ 255, 165, 0, 160 ], "dmg": 1, "sli": 0, "ser": 1, "fat": 0, "row": -1, "mot": -1, "pie": -1, "uto": -1, "uwr": -1 }, "geometry": { "type": "Point", "coordinates": [ 21.963833, 53.024333 ] } },
{ "type": "Feature", "properties": { "ID": 121756884, "yr": 2022, "dt": "2022-08-23T15:37:00", "WOJ": 20, "sev": 2, "c": [ 255, 165, 0, 160 ], "dmg": 1, "sli": 0, "ser": 1, "fat": 0, "row": 0, "mot": 2, "pie": -1, "uto": -1, "uwr": -1 }, "geometry": { "type": "Point", "coordinates": [ 22.98625, 53.148333 ] } },
{ "type": "Feature", "properties": { "ID": 121754308, "yr": 2022, "dt": "2022-08-22T21:14:33", "WOJ": 20, "sev": 2, "c": [ 255, 165, 0, 160 ], "dmg": 0, "sli": 0, "ser": 1, "fat": 0, "row": -1, "mot": -1, "pie": -1, "uto": -1, "uwr": -1 }, "geometry": { "type": "Point", "coordinates": [ 22.976722, 52.736639 ] } },
{ "type": "Feature", "properties": { "ID": 121752001, "yr": 2022, "dt": "2022-08-21T17:59:13", "WOJ": 20, "sev": 2, "c": [ 255, 165, 0, 160 ], "dmg": 1, "sli": 0, "ser": 1, "fat": 0, "row": -1, "mot": 2, "pie": -1, "uto": -1, "uwr": -1 }, "geometry": { "type": "Point", "coordinates": [ 22.068667, 53.173361 ] } },
{ "type": "Feature", "properties": { "ID": 121759358, "yr": 2022, "dt": "2022-08-26T19:03:02", "WOJ": 20, "sev": 2, "c": [ 255, 165, 0, 160 ], "dmg": 1, "sli": 0, "ser": 1, "fat": 0, "row": 2, "mot": -1, "pie": -1, "uto": -1, "uwr": -1 }, "geometry": { "type": "Point", "coordinates": [ 22.515417, 52.924028 ] } },
{ "type": "Feature", "properties": { "ID": 120447265, "yr": 2022, "dt": "2022-04-02T05:45:42", "WOJ": 20, "sev": 2, "c": [ 255, 165, 0, 160 ], "dmg": 1, "sli": 0, "ser": 1, "fat": 0, "row": -1, "mot": -1, "pie": -1, "uto": -1, "uwr": -1 }, "geometry": { "type": "Point", "coordinates": [ 21.985417, 53.167556 ] } },
{ "type": "Feature", "properties": { "ID": 120454374, "yr": 2022, "dt": "2022-04-05T07:54:33", "WOJ": 20, "sev": 2, "c": [ 255, 165, 0, 160 ], "dmg": 1, "sli": 0, "ser": 1, "fat": 0, "row": -1, "mot": -1, "pie": 2, "uto": -1, "uwr": -1 }, "geometry": { "type": "Point", "coordinates": [ 23.12175, 53.122833 ] } },
{ "type": "Feature", "properties": { "ID": 121746854, "yr": 2022, "dt": "2022-08-16T13:32:20", "WOJ": 20, "sev": 2, "c": [ 255, 165, 0, 160 ], "dmg": 1, "sli": 0, "ser": 1, "fat": 0, "row": 2, "mot": -1, "pie": -1, "uto": -1, "uwr": -1 }, "geometry": { "type": "Point", "coordinates": [ 23.356833, 54.059139 ] } },
{ "type": "Feature", "properties": { "ID": 121100285, "yr": 2022, "dt": "2022-07-30T11:03:04", "WOJ": 20, "sev": 2, "c": [ 255, 165, 0, 160 ], "dmg": 1, "sli": 0, "ser": 2, "fat": 0, "row": -1, "mot": -1, "pie": -1, "uto": -1, "uwr": -1 }, "geometry": { "type": "Point", "coordinates": [ 23.264139, 53.118444 ] } },
{ "type": "Feature", "properties": { "ID": 121316496, "yr": 2022, "dt": "2022-08-03T12:56:11", "WOJ": 20, "sev": 2, "c": [ 255, 165, 0, 160 ], "dmg": 1, "sli": 0, "ser": 1, "fat": 0, "row": -1, "mot": 2, "pie": -1, "uto": -1, "uwr": -1 }, "geometry": { "type": "Point", "coordinates": [ 23.716833, 52.705472 ] } },
{ "type": "Feature", "properties": { "ID": 121316796, "yr": 2022, "dt": "2022-08-03T18:14:37", "WOJ": 20, "sev": 2, "c": [ 255, 165, 0, 160 ], "dmg": 1, "sli": 0, "ser": 1, "fat": 0, "row": -1, "mot": -1, "pie": 2, "uto": -1, "uwr": -1 }, "geometry": { "type": "Point", "coordinates": [ 23.240778, 53.125694 ] } },
{ "type": "Feature", "properties": { "ID": 121438904, "yr": 2022, "dt": "2022-08-05T14:35:00", "WOJ": 20, "sev": 2, "c": [ 255, 165, 0, 160 ], "dmg": 1, "sli": 0, "ser": 1, "fat": 0, "row": -1, "mot": -1, "pie": -1, "uto": -1, "uwr": -1 }, "geometry": { "type": "Point", "coordinates": [ 22.801167, 53.405611 ] } },
{ "type": "Feature", "properties": { "ID": 121036414, "yr": 2022, "dt": "2022-07-25T14:54:00", "WOJ": 20, "sev": 2, "c": [ 255, 165, 0, 160 ], "dmg": 1, "sli": 0, "ser": 1, "fat": 0, "row": -1, "mot": -1, "pie": -1, "uto": -1, "uwr": -1 }, "geometry": { "type": "Point", "coordinates": [ 22.698056, 52.628167 ] } },
{ "type": "Feature", "properties": { "ID": 120976441, "yr": 2022, "dt": "2022-07-22T13:06:06", "WOJ": 20, "sev": 2, "c": [ 255, 165, 0, 160 ], "dmg": 1, "sli": 0, "ser": 1, "fat": 0, "row": -1, "mot": 2, "pie": -1, "uto": -1, "uwr": -1 }, "geometry": { "type": "Point", "coordinates": [ 23.581972, 52.744361 ] } },
{ "type": "Feature", "properties": { "ID": 120964380, "yr": 2022, "dt": "2022-07-21T00:40:00", "WOJ": 20, "sev": 2, "c": [ 255, 165, 0, 160 ], "dmg": 1, "sli": 1, "ser": 1, "fat": 0, "row": -1, "mot": -1, "pie": -1, "uto": -1, "uwr": -1 }, "geometry": { "type": "Point", "coordinates": [ 22.559194, 52.639611 ] } },
{ "type": "Feature", "properties": { "ID": 121623380, "yr": 2022, "dt": "2022-08-07T17:00:00", "WOJ": 20, "sev": 2, "c": [ 255, 165, 0, 160 ], "dmg": 1, "sli": 0, "ser": 2, "fat": 0, "row": -1, "mot": 0, "pie": 2, "uto": -1, "uwr": -1 }, "geometry": { "type": "Point", "coordinates": [ 23.311306, 53.203139 ] } },
{ "type": "Feature", "properties": { "ID": 121737519, "yr": 2022, "dt": "2022-08-10T11:30:00", "WOJ": 20, "sev": 2, "c": [ 255, 165, 0, 160 ], "dmg": 1, "sli": 0, "ser": 1, "fat": 0, "row": -1, "mot": 2, "pie": -1, "uto": -1, "uwr": -1 }, "geometry": { "type": "Point", "coordinates": [ 22.848222, 53.1705 ] } },
{ "type": "Feature", "properties": { "ID": 121328389, "yr": 2022, "dt": "2022-08-03T18:28:10", "WOJ": 20, "sev": 2, "c": [ 255, 165, 0, 160 ], "dmg": 1, "sli": 0, "ser": 1, "fat": 0, "row": 2, "mot": -1, "pie": -1, "uto": -1, "uwr": -1 }, "geometry": { "type": "Point", "coordinates": [ 23.223111, 53.129722 ] } },
{ "type": "Feature", "properties": { "ID": 120462587, "yr": 2022, "dt": "2022-04-10T23:51:59", "WOJ": 20, "sev": 2, "c": [ 255, 165, 0, 160 ], "dmg": 1, "sli": 0, "ser": 3, "fat": 0, "row": -1, "mot": -1, "pie": -1, "uto": -1, "uwr": -1 }, "geometry": { "type": "Point", "coordinates": [ 22.070028, 53.156556 ] } },
{ "type": "Feature", "properties": { "ID": 120462191, "yr": 2022, "dt": "2022-04-09T21:02:35", "WOJ": 20, "sev": 2, "c": [ 255, 165, 0, 160 ], "dmg": 0, "sli": 3, "ser": 1, "fat": 0, "row": -1, "mot": -1, "pie": -1, "uto": -1, "uwr": -1 }, "geometry": { "type": "Point", "coordinates": [ 22.463222, 52.938056 ] } },
{ "type": "Feature", "properties": { "ID": 120474472, "yr": 2022, "dt": "2022-04-17T14:37:00", "WOJ": 20, "sev": 2, "c": [ 255, 165, 0, 160 ], "dmg": 0, "sli": 0, "ser": 2, "fat": 0, "row": -1, "mot": 2, "pie": -1, "uto": -1, "uwr": -1 }, "geometry": { "type": "Point", "coordinates": [ 22.051019, 53.379567 ] } },
{ "type": "Feature", "properties": { "ID": 120474773, "yr": 2022, "dt": "2022-04-18T11:34:00", "WOJ": 20, "sev": 2, "c": [ 255, 165, 0, 160 ], "dmg": 1, "sli": 0, "ser": 1, "fat": 0, "row": 2, "mot": -1, "pie": -1, "uto": -1, "uwr": -1 }, "geometry": { "type": "Point", "coordinates": [ 23.198528, 53.197194 ] } },
{ "type": "Feature", "properties": { "ID": 120475561, "yr": 2022, "dt": "2022-04-19T16:35:14", "WOJ": 20, "sev": 2, "c": [ 255, 165, 0, 160 ], "dmg": 4, "sli": 0, "ser": 1, "fat": 0, "row": -1, "mot": -1, "pie": -1, "uto": -1, "uwr": -1 }, "geometry": { "type": "Point", "coordinates": [ 22.102806, 53.20775 ] } },
{ "type": "Feature", "properties": { "ID": 120476472, "yr": 2022, "dt": "2022-04-20T15:18:19", "WOJ": 20, "sev": 2, "c": [ 255, 165, 0, 160 ], "dmg": 1, "sli": 0, "ser": 1, "fat": 0, "row": 2, "mot": -1, "pie": -1, "uto": -1, "uwr": -1 }, "geometry": { "type": "Point", "coordinates": [ 23.12225, 53.118278 ] } },
{ "type": "Feature", "properties": { "ID": 121200049, "yr": 2022, "dt": "2022-08-02T15:18:24", "WOJ": 20, "sev": 2, "c": [ 255, 165, 0, 160 ], "dmg": 1, "sli": 0, "ser": 1, "fat": 0, "row": -1, "mot": -1, "pie": -1, "uto": -1, "uwr": -1 }, "geometry": { "type": "Point", "coordinates": [ 22.699389, 53.730417 ] } },
{ "type": "Feature", "properties": { "ID": 121783392, "yr": 2022, "dt": "2022-09-06T17:28:48", "WOJ": 20, "sev": 2, "c": [ 255, 165, 0, 160 ], "dmg": 1, "sli": 0, "ser": 1, "fat": 0, "row": 2, "mot": -1, "pie": -1, "uto": -1, "uwr": -1 }, "geometry": { "type": "Point", "coordinates": [ 23.194472, 53.144222 ] } },
{ "type": "Feature", "properties": { "ID": 120446619, "yr": 2022, "dt": "2022-03-27T00:30:00", "WOJ": 20, "sev": 2, "c": [ 255, 165, 0, 160 ], "dmg": 0, "sli": 1, "ser": 1, "fat": 0, "row": -1, "mot": -1, "pie": -1, "uto": -1, "uwr": -1 }, "geometry": { "type": "Point", "coordinates": [ 23.635139, 53.501889 ] } },
{ "type": "Feature", "properties": { "ID": 121750026, "yr": 2022, "dt": "2022-08-20T15:08:00", "WOJ": 20, "sev": 2, "c": [ 255, 165, 0, 160 ], "dmg": 0, "sli": 0, "ser": 1, "fat": 0, "row": 2, "mot": -1, "pie": -1, "uto": -1, "uwr": -1 }, "geometry": { "type": "Point", "coordinates": [ 23.197083, 53.148889 ] } },
{ "type": "Feature", "properties": { "ID": 121835974, "yr": 2022, "dt": "2022-09-29T16:15:06", "WOJ": 20, "sev": 2, "c": [ 255, 165, 0, 160 ], "dmg": 1, "sli": 0, "ser": 1, "fat": 0, "row": -1, "mot": -1, "pie": 2, "uto": -1, "uwr": -1 }, "geometry": { "type": "Point", "coordinates": [ 23.083306, 53.150278 ] } },
{ "type": "Feature", "properties": { "ID": 121822635, "yr": 2022, "dt": "2022-09-26T09:31:12", "WOJ": 20, "sev": 2, "c": [ 255, 165, 0, 160 ], "dmg": 1, "sli": 0, "ser": 1, "fat": 0, "row": -1, "mot": -1, "pie": 2, "uto": -1, "uwr": -1 }, "geometry": { "type": "Point", "coordinates": [ 22.067222, 53.157361 ] } },
{ "type": "Feature", "properties": { "ID": 123748507, "yr": 2022, "dt": "2022-11-04T17:38:00", "WOJ": 20, "sev": 2, "c": [ 255, 165, 0, 160 ], "dmg": 2, "sli": 0, "ser": 1, "fat": 0, "row": -1, "mot": -1, "pie": -1, "uto": -1, "uwr": -1 }, "geometry": { "type": "Point", "coordinates": [ 23.004222, 53.260417 ] } },
{ "type": "Feature", "properties": { "ID": 123735526, "yr": 2022, "dt": "2022-10-31T11:42:34", "WOJ": 20, "sev": 2, "c": [ 255, 165, 0, 160 ], "dmg": 1, "sli": 0, "ser": 1, "fat": 0, "row": -1, "mot": -1, "pie": 2, "uto": -1, "uwr": -1 }, "geometry": { "type": "Point", "coordinates": [ 23.488083, 53.402417 ] } },
{ "type": "Feature", "properties": { "ID": 120351161, "yr": 2022, "dt": "2022-02-17T09:41:29", "WOJ": 20, "sev": 2, "c": [ 255, 165, 0, 160 ], "dmg": 1, "sli": 0, "ser": 1, "fat": 0, "row": 2, "mot": -1, "pie": -1, "uto": -1, "uwr": -1 }, "geometry": { "type": "Point", "coordinates": [ 22.77025, 53.41775 ] } },
{ "type": "Feature", "properties": { "ID": 123805177, "yr": 2022, "dt": "2022-11-09T09:27:29", "WOJ": 20, "sev": 2, "c": [ 255, 165, 0, 160 ], "dmg": 2, "sli": 0, "ser": 1, "fat": 0, "row": -1, "mot": -1, "pie": -1, "uto": -1, "uwr": -1 }, "geometry": { "type": "Point", "coordinates": [ 23.192306, 53.121667 ] } },
{ "type": "Feature", "properties": { "ID": 123756109, "yr": 2022, "dt": "2022-11-08T09:11:42", "WOJ": 20, "sev": 2, "c": [ 255, 165, 0, 160 ], "dmg": 1, "sli": 0, "ser": 1, "fat": 0, "row": -1, "mot": -1, "pie": 2, "uto": -1, "uwr": -1 }, "geometry": { "type": "Point", "coordinates": [ 22.07425, 53.177722 ] } },
{ "type": "Feature", "properties": { "ID": 124227323, "yr": 2022, "dt": "2022-11-22T18:22:00", "WOJ": 20, "sev": 2, "c": [ 255, 165, 0, 160 ], "dmg": 1, "sli": 0, "ser": 1, "fat": 0, "row": -1, "mot": -1, "pie": 2, "uto": -1, "uwr": -1 }, "geometry": { "type": "Point", "coordinates": [ 22.51475, 52.915972 ] } },
{ "type": "Feature", "properties": { "ID": 124209812, "yr": 2022, "dt": "2022-11-14T16:25:58", "WOJ": 20, "sev": 2, "c": [ 255, 165, 0, 160 ], "dmg": 1, "sli": 0, "ser": 1, "fat": 0, "row": -1, "mot": -1, "pie": -1, "uto": -1, "uwr": -1 }, "geometry": { "type": "Point", "coordinates": [ 22.101194, 53.176778 ] } },
{ "type": "Feature", "properties": { "ID": 120361722, "yr": 2022, "dt": "2022-02-25T16:25:00", "WOJ": 20, "sev": 2, "c": [ 255, 165, 0, 160 ], "dmg": 1, "sli": 0, "ser": 1, "fat": 0, "row": -1, "mot": -1, "pie": 2, "uto": -1, "uwr": -1 }, "geometry": { "type": "Point", "coordinates": [ 23.107778, 53.143694 ] } },
{ "type": "Feature", "properties": { "ID": 120358002, "yr": 2022, "dt": "2022-02-19T14:38:00", "WOJ": 20, "sev": 2, "c": [ 255, 165, 0, 160 ], "dmg": 1, "sli": 0, "ser": 1, "fat": 0, "row": -1, "mot": -1, "pie": -1, "uto": -1, "uwr": -1 }, "geometry": { "type": "Point", "coordinates": [ 23.111778, 53.149694 ] } },
{ "type": "Feature", "properties": { "ID": 121868478, "yr": 2022, "dt": "2022-10-12T07:36:07", "WOJ": 20, "sev": 2, "c": [ 255, 165, 0, 160 ], "dmg": 2, "sli": 0, "ser": 1, "fat": 0, "row": -1, "mot": -1, "pie": 2, "uto": -1, "uwr": -1 }, "geometry": { "type": "Point", "coordinates": [ 22.065694, 53.158222 ] } },
{ "type": "Feature", "properties": { "ID": 120351511, "yr": 2022, "dt": "2022-02-17T14:57:00", "WOJ": 20, "sev": 2, "c": [ 255, 165, 0, 160 ], "dmg": 1, "sli": 0, "ser": 1, "fat": 0, "row": -1, "mot": -1, "pie": 2, "uto": -1, "uwr": -1 }, "geometry": { "type": "Point", "coordinates": [ 23.185028, 53.12725 ] } },
{ "type": "Feature", "properties": { "ID": 121796646, "yr": 2022, "dt": "2022-09-12T22:47:30", "WOJ": 20, "sev": 2, "c": [ 255, 165, 0, 160 ], "dmg": 0, "sli": 1, "ser": 3, "fat": 0, "row": -1, "mot": -1, "pie": -1, "uto": -1, "uwr": -1 }, "geometry": { "type": "Point", "coordinates": [ 21.912278, 53.182639 ] } },
{ "type": "Feature", "properties": { "ID": 121787965, "yr": 2022, "dt": "2022-09-09T08:29:03", "WOJ": 20, "sev": 2, "c": [ 255, 165, 0, 160 ], "dmg": 1, "sli": 0, "ser": 1, "fat": 0, "row": -1, "mot": -1, "pie": -1, "uto": -1, "uwr": -1 }, "geometry": { "type": "Point", "coordinates": [ 22.882083, 53.882833 ] } },
{ "type": "Feature", "properties": { "ID": 120377037, "yr": 2022, "dt": "2022-03-04T17:23:22", "WOJ": 20, "sev": 2, "c": [ 255, 165, 0, 160 ], "dmg": 2, "sli": 0, "ser": 1, "fat": 0, "row": -1, "mot": -1, "pie": -1, "uto": -1, "uwr": -1 }, "geometry": { "type": "Point", "coordinates": [ 22.342472, 53.386583 ] } },
{ "type": "Feature", "properties": { "ID": 120385161, "yr": 2022, "dt": "2022-03-05T18:35:00", "WOJ": 20, "sev": 2, "c": [ 255, 165, 0, 160 ], "dmg": 3, "sli": 0, "ser": 1, "fat": 0, "row": -1, "mot": -1, "pie": -1, "uto": -1, "uwr": -1 }, "geometry": { "type": "Point", "coordinates": [ 22.822111, 53.369528 ] } },
{ "type": "Feature", "properties": { "ID": 120364124, "yr": 2022, "dt": "2022-02-28T12:31:29", "WOJ": 20, "sev": 2, "c": [ 255, 165, 0, 160 ], "dmg": 1, "sli": 0, "ser": 1, "fat": 0, "row": -1, "mot": -1, "pie": -1, "uto": -1, "uwr": -1 }, "geometry": { "type": "Point", "coordinates": [ 22.077722, 53.169417 ] } },
{ "type": "Feature", "properties": { "ID": 120354491, "yr": 2022, "dt": "2022-02-18T19:37:32", "WOJ": 20, "sev": 2, "c": [ 255, 165, 0, 160 ], "dmg": 1, "sli": 0, "ser": 1, "fat": 0, "row": -1, "mot": -1, "pie": 2, "uto": -1, "uwr": -1 }, "geometry": { "type": "Point", "coordinates": [ 22.117111, 53.242806 ] } },
{ "type": "Feature", "properties": { "ID": 120359396, "yr": 2022, "dt": "2022-02-23T17:49:21", "WOJ": 20, "sev": 2, "c": [ 255, 165, 0, 160 ], "dmg": 1, "sli": 0, "ser": 2, "fat": 0, "row": -1, "mot": -1, "pie": 2, "uto": -1, "uwr": -1 }, "geometry": { "type": "Point", "coordinates": [ 22.087556, 53.162167 ] } },
{ "type": "Feature", "properties": { "ID": 121805853, "yr": 2022, "dt": "2022-09-16T13:16:54", "WOJ": 20, "sev": 2, "c": [ 255, 165, 0, 160 ], "dmg": 1, "sli": 0, "ser": 1, "fat": 0, "row": -1, "mot": -1, "pie": 2, "uto": -1, "uwr": -1 }, "geometry": { "type": "Point", "coordinates": [ 23.042917, 54.274167 ] } },
{ "type": "Feature", "properties": { "ID": 121819833, "yr": 2022, "dt": "2022-09-23T21:31:16", "WOJ": 20, "sev": 2, "c": [ 255, 165, 0, 160 ], "dmg": 1, "sli": 0, "ser": 1, "fat": 0, "row": -1, "mot": -1, "pie": 2, "uto": -1, "uwr": -1 }, "geometry": { "type": "Point", "coordinates": [ 23.124083, 53.096083 ] } },
{ "type": "Feature", "properties": { "ID": 121795693, "yr": 2022, "dt": "2022-09-12T17:36:58", "WOJ": 20, "sev": 2, "c": [ 255, 165, 0, 160 ], "dmg": 1, "sli": 0, "ser": 1, "fat": 0, "row": 2, "mot": -1, "pie": -1, "uto": -1, "uwr": -1 }, "geometry": { "type": "Point", "coordinates": [ 22.071333, 53.174306 ] } },
{ "type": "Feature", "properties": { "ID": 121807511, "yr": 2022, "dt": "2022-09-16T14:17:58", "WOJ": 20, "sev": 2, "c": [ 255, 165, 0, 160 ], "dmg": 1, "sli": 0, "ser": 1, "fat": 0, "row": -1, "mot": -1, "pie": -1, "uto": -1, "uwr": -1 }, "geometry": { "type": "Point", "coordinates": [ 22.406722, 53.201583 ] } },
{ "type": "Feature", "properties": { "ID": 121762717, "yr": 2022, "dt": "2022-08-27T16:58:09", "WOJ": 20, "sev": 2, "c": [ 255, 165, 0, 160 ], "dmg": 0, "sli": 0, "ser": 1, "fat": 0, "row": 2, "mot": -1, "pie": -1, "uto": -1, "uwr": -1 }, "geometry": { "type": "Point", "coordinates": [ 23.235944, 53.090333 ] } },
{ "type": "Feature", "properties": { "ID": 121764348, "yr": 2022, "dt": "2022-08-29T17:25:42", "WOJ": 20, "sev": 2, "c": [ 255, 165, 0, 160 ], "dmg": 0, "sli": 1, "ser": 1, "fat": 0, "row": -1, "mot": -1, "pie": -1, "uto": -1, "uwr": -1 }, "geometry": { "type": "Point", "coordinates": [ 22.227778, 52.949278 ] } },
{ "type": "Feature", "properties": { "ID": 121762827, "yr": 2022, "dt": "2022-08-27T19:03:42", "WOJ": 20, "sev": 2, "c": [ 255, 165, 0, 160 ], "dmg": 1, "sli": 0, "ser": 1, "fat": 0, "row": -1, "mot": 2, "pie": -1, "uto": -1, "uwr": -1 }, "geometry": { "type": "Point", "coordinates": [ 22.894556, 54.067333 ] } },
{ "type": "Feature", "properties": { "ID": 121774708, "yr": 2022, "dt": "2022-09-01T21:20:20", "WOJ": 20, "sev": 2, "c": [ 255, 165, 0, 160 ], "dmg": 0, "sli": 0, "ser": 1, "fat": 0, "row": -1, "mot": -1, "pie": -1, "uto": -1, "uwr": -1 }, "geometry": { "type": "Point", "coordinates": [ 22.726528, 53.065 ] } },
{ "type": "Feature", "properties": { "ID": 121782645, "yr": 2022, "dt": "2022-09-06T11:44:17", "WOJ": 20, "sev": 2, "c": [ 255, 165, 0, 160 ], "dmg": 1, "sli": 0, "ser": 1, "fat": 0, "row": 2, "mot": -1, "pie": -1, "uto": -1, "uwr": -1 }, "geometry": { "type": "Point", "coordinates": [ 22.945722, 54.125889 ] } },
{ "type": "Feature", "properties": { "ID": 123755587, "yr": 2022, "dt": "2022-11-07T08:38:00", "WOJ": 20, "sev": 2, "c": [ 255, 165, 0, 160 ], "dmg": 1, "sli": 0, "ser": 1, "fat": 0, "row": -1, "mot": -1, "pie": 2, "uto": -1, "uwr": -1 }, "geometry": { "type": "Point", "coordinates": [ 23.288917, 53.301278 ] } },
{ "type": "Feature", "properties": { "ID": 120351579, "yr": 2022, "dt": "2022-02-17T17:36:00", "WOJ": 20, "sev": 2, "c": [ 255, 165, 0, 160 ], "dmg": 1, "sli": 0, "ser": 1, "fat": 0, "row": -1, "mot": -1, "pie": 2, "uto": -1, "uwr": -1 }, "geometry": { "type": "Point", "coordinates": [ 23.102333, 53.082639 ] } },
{ "type": "Feature", "properties": { "ID": 123755921, "yr": 2022, "dt": "2022-11-07T17:35:04", "WOJ": 20, "sev": 2, "c": [ 255, 165, 0, 160 ], "dmg": 1, "sli": 0, "ser": 2, "fat": 0, "row": -1, "mot": -1, "pie": 2, "uto": -1, "uwr": -1 }, "geometry": { "type": "Point", "coordinates": [ 22.889528, 52.982917 ] } },
{ "type": "Feature", "properties": { "ID": 122290461, "yr": 2022, "dt": "2022-10-20T21:25:00", "WOJ": 20, "sev": 2, "c": [ 255, 165, 0, 160 ], "dmg": 1, "sli": 0, "ser": 1, "fat": 0, "row": -1, "mot": -1, "pie": 2, "uto": -1, "uwr": -1 }, "geometry": { "type": "Point", "coordinates": [ 23.037389, 53.173806 ] } },
{ "type": "Feature", "properties": { "ID": 124241904, "yr": 2022, "dt": "2022-11-26T23:23:40", "WOJ": 20, "sev": 2, "c": [ 255, 165, 0, 160 ], "dmg": 0, "sli": 0, "ser": 1, "fat": 0, "row": -1, "mot": -1, "pie": -1, "uto": -1, "uwr": -1 }, "geometry": { "type": "Point", "coordinates": [ 23.59925, 52.756 ] } },
{ "type": "Feature", "properties": { "ID": 124287161, "yr": 2022, "dt": "2022-11-28T22:00:00", "WOJ": 20, "sev": 2, "c": [ 255, 165, 0, 160 ], "dmg": 0, "sli": 0, "ser": 1, "fat": 0, "row": -1, "mot": -1, "pie": -1, "uto": -1, "uwr": -1 }, "geometry": { "type": "Point", "coordinates": [ 22.618722, 52.841472 ] } },
{ "type": "Feature", "properties": { "ID": 124254565, "yr": 2022, "dt": "2022-11-28T11:40:00", "WOJ": 20, "sev": 2, "c": [ 255, 165, 0, 160 ], "dmg": 2, "sli": 0, "ser": 1, "fat": 0, "row": -1, "mot": -1, "pie": -1, "uto": -1, "uwr": -1 }, "geometry": { "type": "Point", "coordinates": [ 22.264111, 53.044611 ] } },
{ "type": "Feature", "properties": { "ID": 124349881, "yr": 2022, "dt": "2022-12-31T02:48:40", "WOJ": 20, "sev": 2, "c": [ 255, 165, 0, 160 ], "dmg": 1, "sli": 0, "ser": 1, "fat": 0, "row": -1, "mot": -1, "pie": -1, "uto": -1, "uwr": -1 }, "geometry": { "type": "Point", "coordinates": [ 21.902833, 53.155556 ] } },
{ "type": "Feature", "properties": { "ID": 120304150, "yr": 2022, "dt": "2022-01-25T20:20:00", "WOJ": 20, "sev": 2, "c": [ 255, 165, 0, 160 ], "dmg": 1, "sli": 0, "ser": 1, "fat": 0, "row": -1, "mot": -1, "pie": 2, "uto": -1, "uwr": -1 }, "geometry": { "type": "Point", "coordinates": [ 23.124583, 53.150667 ] } },
{ "type": "Feature", "properties": { "ID": 119924833, "yr": 2022, "dt": "2022-01-23T19:12:30", "WOJ": 20, "sev": 2, "c": [ 255, 165, 0, 160 ], "dmg": 1, "sli": 0, "ser": 1, "fat": 0, "row": -1, "mot": -1, "pie": -1, "uto": -1, "uwr": -1 }, "geometry": { "type": "Point", "coordinates": [ 22.516222, 52.912972 ] } },
{ "type": "Feature", "properties": { "ID": 117024818, "yr": 2022, "dt": "2022-01-05T08:29:24", "WOJ": 20, "sev": 2, "c": [ 255, 165, 0, 160 ], "dmg": 0, "sli": 0, "ser": 1, "fat": 0, "row": -1, "mot": -1, "pie": -1, "uto": -1, "uwr": -1 }, "geometry": { "type": "Point", "coordinates": [ 23.210389, 54.227667 ] } },
{ "type": "Feature", "properties": { "ID": 124336848, "yr": 2022, "dt": "2022-12-26T12:55:23", "WOJ": 20, "sev": 2, "c": [ 255, 165, 0, 160 ], "dmg": 0, "sli": 3, "ser": 2, "fat": 0, "row": -1, "mot": -1, "pie": -1, "uto": -1, "uwr": -1 }, "geometry": { "type": "Point", "coordinates": [ 22.149583, 53.3855 ] } },
{ "type": "Feature", "properties": { "ID": 120315190, "yr": 2022, "dt": "2022-02-04T18:19:00", "WOJ": 20, "sev": 2, "c": [ 255, 165, 0, 160 ], "dmg": 1, "sli": 0, "ser": 1, "fat": 0, "row": -1, "mot": -1, "pie": 2, "uto": -1, "uwr": -1 }, "geometry": { "type": "Point", "coordinates": [ 23.123472, 53.121278 ] } },
{ "type": "Feature", "properties": { "ID": 120315084, "yr": 2022, "dt": "2022-02-04T16:50:00", "WOJ": 20, "sev": 2, "c": [ 255, 165, 0, 160 ], "dmg": 0, "sli": 1, "ser": 1, "fat": 0, "row": -1, "mot": -1, "pie": 2, "uto": -1, "uwr": -1 }, "geometry": { "type": "Point", "coordinates": [ 22.80875, 53.405861 ] } },
{ "type": "Feature", "properties": { "ID": 120332063, "yr": 2022, "dt": "2022-02-12T22:22:00", "WOJ": 20, "sev": 2, "c": [ 255, 165, 0, 160 ], "dmg": 1, "sli": 0, "ser": 1, "fat": 0, "row": -1, "mot": -1, "pie": 2, "uto": -1, "uwr": -1 }, "geometry": { "type": "Point", "coordinates": [ 23.576083, 52.741306 ] } },
{ "type": "Feature", "properties": { "ID": 120339597, "yr": 2022, "dt": "2022-02-14T18:17:05", "WOJ": 20, "sev": 2, "c": [ 255, 165, 0, 160 ], "dmg": 1, "sli": 0, "ser": 1, "fat": 0, "row": -1, "mot": -1, "pie": -1, "uto": -1, "uwr": -1 }, "geometry": { "type": "Point", "coordinates": [ 23.06075, 53.834639 ] } },
{ "type": "Feature", "properties": { "ID": 116764852, "yr": 2022, "dt": "2022-01-03T07:01:06", "WOJ": 20, "sev": 2, "c": [ 255, 165, 0, 160 ], "dmg": 1, "sli": 0, "ser": 1, "fat": 0, "row": 2, "mot": -1, "pie": -1, "uto": -1, "uwr": -1 }, "geometry": { "type": "Point", "coordinates": [ 23.585, 52.741778 ] } },
{ "type": "Feature", "properties": { "ID": 124349873, "yr": 2022, "dt": "2022-12-31T00:20:00", "WOJ": 20, "sev": 2, "c": [ 255, 165, 0, 160 ], "dmg": 2, "sli": 0, "ser": 4, "fat": 0, "row": -1, "mot": -1, "pie": -1, "uto": -1, "uwr": -1 }, "geometry": { "type": "Point", "coordinates": [ 22.990944, 53.216861 ] } },
{ "type": "Feature", "properties": { "ID": 121833498, "yr": 2022, "dt": "2022-09-28T12:46:49", "WOJ": 20, "sev": 2, "c": [ 255, 165, 0, 160 ], "dmg": 1, "sli": 0, "ser": 1, "fat": 0, "row": -1, "mot": -1, "pie": -1, "uto": -1, "uwr": -1 }, "geometry": { "type": "Point", "coordinates": [ 22.813417, 53.503694 ] } },
{ "type": "Feature", "properties": { "ID": 121840928, "yr": 2022, "dt": "2022-09-30T18:00:00", "WOJ": 20, "sev": 2, "c": [ 255, 165, 0, 160 ], "dmg": 0, "sli": 0, "ser": 1, "fat": 0, "row": -1, "mot": -1, "pie": -1, "uto": -1, "uwr": -1 }, "geometry": { "type": "Point", "coordinates": [ 22.833222, 53.018472 ] } },
{ "type": "Feature", "properties": { "ID": 121833874, "yr": 2022, "dt": "2022-09-28T16:38:05", "WOJ": 20, "sev": 2, "c": [ 255, 165, 0, 160 ], "dmg": 1, "sli": 0, "ser": 1, "fat": 0, "row": -1, "mot": -1, "pie": -1, "uto": -1, "uwr": -1 }, "geometry": { "type": "Point", "coordinates": [ 22.40567, 53.6248 ] } },
{ "type": "Feature", "properties": { "ID": 120816565, "yr": 2022, "dt": "2022-06-16T18:46:26", "WOJ": 20, "sev": 3, "c": [ 255, 0, 0, 160 ], "dmg": 1, "sli": 0, "ser": 0, "fat": 1, "row": -1, "mot": -1, "pie": -1, "uto": -1, "uwr": -1 }, "geometry": { "type": "Point", "coordinates": [ 23.304611, 52.973139 ] } },
{ "type": "Feature", "properties": { "ID": 120842714, "yr": 2022, "dt": "2022-06-27T07:30:56", "WOJ": 20, "sev": 3, "c": [ 255, 0, 0, 160 ], "dmg": 1, "sli": 0, "ser": 0, "fat": 1, "row": -1, "mot": 3, "pie": -1, "uto": -1, "uwr": -1 }, "geometry": { "type": "Point", "coordinates": [ 22.863944, 53.790722 ] } },
{ "type": "Feature", "properties": { "ID": 120782713, "yr": 2022, "dt": "2022-06-08T21:18:37", "WOJ": 20, "sev": 3, "c": [ 255, 0, 0, 160 ], "dmg": 1, "sli": 0, "ser": 0, "fat": 1, "row": -1, "mot": -1, "pie": -1, "uto": -1, "uwr": -1 }, "geometry": { "type": "Point", "coordinates": [ 22.074528, 52.864528 ] } },
{ "type": "Feature", "properties": { "ID": 120852765, "yr": 2022, "dt": "2022-07-02T12:26:56", "WOJ": 20, "sev": 3, "c": [ 255, 0, 0, 160 ], "dmg": 0, "sli": 0, "ser": 0, "fat": 1, "row": -1, "mot": 3, "pie": -1, "uto": -1, "uwr": -1 }, "geometry": { "type": "Point", "coordinates": [ 22.765889, 54.071722 ] } },
{ "type": "Feature", "properties": { "ID": 124313572, "yr": 2022, "dt": "2022-12-12T15:40:00", "WOJ": 20, "sev": 3, "c": [ 255, 0, 0, 160 ], "dmg": 1, "sli": 0, "ser": 3, "fat": 2, "row": -1, "mot": -1, "pie": -1, "uto": -1, "uwr": -1 }, "geometry": { "type": "Point", "coordinates": [ 22.125778, 52.925472 ] } },
{ "type": "Feature", "properties": { "ID": 120791641, "yr": 2022, "dt": "2022-06-12T07:23:33", "WOJ": 20, "sev": 3, "c": [ 255, 0, 0, 160 ], "dmg": 1, "sli": 0, "ser": 0, "fat": 1, "row": -1, "mot": -1, "pie": -1, "uto": -1, "uwr": -1 }, "geometry": { "type": "Point", "coordinates": [ 23.38325, 54.0865 ] } },
{ "type": "Feature", "properties": { "ID": 120860311, "yr": 2022, "dt": "2022-07-07T12:21:00", "WOJ": 20, "sev": 3, "c": [ 255, 0, 0, 160 ], "dmg": 1, "sli": 0, "ser": 0, "fat": 1, "row": -1, "mot": 3, "pie": -1, "uto": -1, "uwr": -1 }, "geometry": { "type": "Point", "coordinates": [ 22.847778, 53.152083 ] } },
{ "type": "Feature", "properties": { "ID": 120836201, "yr": 2022, "dt": "2022-06-24T19:39:43", "WOJ": 20, "sev": 3, "c": [ 255, 0, 0, 160 ], "dmg": 0, "sli": 1, "ser": 0, "fat": 1, "row": -1, "mot": -1, "pie": -1, "uto": -1, "uwr": -1 }, "geometry": { "type": "Point", "coordinates": [ 22.704972, 53.369611 ] } },
{ "type": "Feature", "properties": { "ID": 118935881, "yr": 2022, "dt": "2022-01-18T16:57:55", "WOJ": 20, "sev": 3, "c": [ 255, 0, 0, 160 ], "dmg": 2, "sli": 0, "ser": 0, "fat": 1, "row": -1, "mot": -1, "pie": 3, "uto": -1, "uwr": -1 }, "geometry": { "type": "Point", "coordinates": [ 22.931028, 54.088889 ] } },
{ "type": "Feature", "properties": { "ID": 118669819, "yr": 2022, "dt": "2022-01-17T08:16:24", "WOJ": 20, "sev": 3, "c": [ 255, 0, 0, 160 ], "dmg": 0, "sli": 1, "ser": 2, "fat": 1, "row": -1, "mot": -1, "pie": -1, "uto": -1, "uwr": -1 }, "geometry": { "type": "Point", "coordinates": [ 22.573528, 52.851833 ] } },
{ "type": "Feature", "properties": { "ID": 117301818, "yr": 2022, "dt": "2022-01-11T06:48:46", "WOJ": 20, "sev": 3, "c": [ 255, 0, 0, 160 ], "dmg": 1, "sli": 0, "ser": 0, "fat": 1, "row": -1, "mot": -1, "pie": -1, "uto": -1, "uwr": -1 }, "geometry": { "type": "Point", "coordinates": [ 22.903306, 53.862167 ] } },
{ "type": "Feature", "properties": { "ID": 120398675, "yr": 2022, "dt": "2022-03-10T07:55:00", "WOJ": 20, "sev": 3, "c": [ 255, 0, 0, 160 ], "dmg": 0, "sli": 2, "ser": 1, "fat": 1, "row": -1, "mot": -1, "pie": -1, "uto": -1, "uwr": -1 }, "geometry": { "type": "Point", "coordinates": [ 23.177194, 54.097 ] } },
{ "type": "Feature", "properties": { "ID": 120452940, "yr": 2022, "dt": "2022-04-01T18:39:51", "WOJ": 20, "sev": 3, "c": [ 255, 0, 0, 160 ], "dmg": 0, "sli": 0, "ser": 1, "fat": 1, "row": -1, "mot": -1, "pie": -1, "uto": -1, "uwr": -1 }, "geometry": { "type": "Point", "coordinates": [ 23.530111, 52.743028 ] } },
{ "type": "Feature", "properties": { "ID": 121744065, "yr": 2022, "dt": "2022-08-14T18:24:11", "WOJ": 20, "sev": 3, "c": [ 255, 0, 0, 160 ], "dmg": 0, "sli": 0, "ser": 1, "fat": 1, "row": -1, "mot": -1, "pie": -1, "uto": -1, "uwr": -1 }, "geometry": { "type": "Point", "coordinates": [ 23.425556, 52.658972 ] } },
{ "type": "Feature", "properties": { "ID": 121754279, "yr": 2022, "dt": "2022-08-22T19:55:54", "WOJ": 20, "sev": 3, "c": [ 255, 0, 0, 160 ], "dmg": 1, "sli": 0, "ser": 0, "fat": 1, "row": 3, "mot": -1, "pie": -1, "uto": -1, "uwr": -1 }, "geometry": { "type": "Point", "coordinates": [ 23.8425, 52.698083 ] } },
{ "type": "Feature", "properties": { "ID": 120473016, "yr": 2022, "dt": "2022-04-14T08:25:00", "WOJ": 20, "sev": 3, "c": [ 255, 0, 0, 160 ], "dmg": 0, "sli": 0, "ser": 0, "fat": 1, "row": -1, "mot": 3, "pie": -1, "uto": -1, "uwr": -1 }, "geometry": { "type": "Point", "coordinates": [ 22.292194, 53.007472 ] } },
{ "type": "Feature", "properties": { "ID": 120474539, "yr": 2022, "dt": "2022-04-17T17:37:01", "WOJ": 20, "sev": 3, "c": [ 255, 0, 0, 160 ], "dmg": 0, "sli": 0, "ser": 0, "fat": 1, "row": -1, "mot": -1, "pie": -1, "uto": -1, "uwr": -1 }, "geometry": { "type": "Point", "coordinates": [ 22.792, 53.8555 ] } },
{ "type": "Feature", "properties": { "ID": 120486168, "yr": 2022, "dt": "2022-04-24T01:45:00", "WOJ": 20, "sev": 3, "c": [ 255, 0, 0, 160 ], "dmg": 0, "sli": 0, "ser": 1, "fat": 2, "row": -1, "mot": -1, "pie": -1, "uto": -1, "uwr": -1 }, "geometry": { "type": "Point", "coordinates": [ 22.891889, 53.458861 ] } },
{ "type": "Feature", "properties": { "ID": 121439147, "yr": 2022, "dt": "2022-08-05T23:48:00", "WOJ": 20, "sev": 3, "c": [ 255, 0, 0, 160 ], "dmg": 1, "sli": 0, "ser": 1, "fat": 1, "row": -1, "mot": -1, "pie": -1, "uto": -1, "uwr": -1 }, "geometry": { "type": "Point", "coordinates": [ 22.965528, 53.812278 ] } },
{ "type": "Feature", "properties": { "ID": 121100346, "yr": 2022, "dt": "2022-07-30T15:50:46", "WOJ": 20, "sev": 3, "c": [ 255, 0, 0, 160 ], "dmg": 0, "sli": 0, "ser": 0, "fat": 1, "row": -1, "mot": -1, "pie": -1, "uto": -1, "uwr": -1 }, "geometry": { "type": "Point", "coordinates": [ 22.874139, 53.812778 ] } },
{ "type": "Feature", "properties": { "ID": 120494125, "yr": 2022, "dt": "2022-05-01T05:28:35", "WOJ": 20, "sev": 3, "c": [ 255, 0, 0, 160 ], "dmg": 1, "sli": 0, "ser": 0, "fat": 1, "row": -1, "mot": -1, "pie": -1, "uto": -1, "uwr": -1 }, "geometry": { "type": "Point", "coordinates": [ 22.941194, 54.082861 ] } },
{ "type": "Feature", "properties": { "ID": 120867839, "yr": 2022, "dt": "2022-07-11T09:05:09", "WOJ": 20, "sev": 3, "c": [ 255, 0, 0, 160 ], "dmg": 2, "sli": 1, "ser": 1, "fat": 1, "row": -1, "mot": -1, "pie": -1, "uto": -1, "uwr": -1 }, "geometry": { "type": "Point", "coordinates": [ 23.090722, 53.750444 ] } },
{ "type": "Feature", "properties": { "ID": 120861328, "yr": 2022, "dt": "2022-07-10T14:33:47", "WOJ": 20, "sev": 3, "c": [ 255, 0, 0, 160 ], "dmg": 1, "sli": 0, "ser": 3, "fat": 3, "row": -1, "mot": -1, "pie": -1, "uto": -1, "uwr": -1 }, "geometry": { "type": "Point", "coordinates": [ 23.363583, 53.707667 ] } },
{ "type": "Feature", "properties": { "ID": 121604970, "yr": 2022, "dt": "2022-08-06T20:03:03", "WOJ": 20, "sev": 3, "c": [ 255, 0, 0, 160 ], "dmg": 1, "sli": 0, "ser": 2, "fat": 1, "row": -1, "mot": -1, "pie": -1, "uto": -1, "uwr": -1 }, "geometry": { "type": "Point", "coordinates": [ 22.914694, 53.81225 ] } },
{ "type": "Feature", "properties": { "ID": 121143653, "yr": 2022, "dt": "2022-07-28T18:41:50", "WOJ": 20, "sev": 3, "c": [ 255, 0, 0, 160 ], "dmg": 1, "sli": 0, "ser": 0, "fat": 1, "row": -1, "mot": 3, "pie": -1, "uto": -1, "uwr": -1 }, "geometry": { "type": "Point", "coordinates": [ 22.942944, 54.087083 ] } },
{ "type": "Feature", "properties": { "ID": 120831384, "yr": 2022, "dt": "2022-06-22T02:34:48", "WOJ": 20, "sev": 3, "c": [ 255, 0, 0, 160 ], "dmg": 2, "sli": 0, "ser": 0, "fat": 1, "row": -1, "mot": -1, "pie": 3, "uto": -1, "uwr": -1 }, "geometry": { "type": "Point", "coordinates": [ 23.271944, 53.070694 ] } },
{ "type": "Feature", "properties": { "ID": 120525063, "yr": 2022, "dt": "2022-05-19T20:00:53", "WOJ": 20, "sev": 3, "c": [ 255, 0, 0, 160 ], "dmg": 0, "sli": 0, "ser": 0, "fat": 1, "row": -1, "mot": -1, "pie": -1, "uto": -1, "uwr": -1 }, "geometry": { "type": "Point", "coordinates": [ 22.771556, 52.759444 ] } },
{ "type": "Feature", "properties": { "ID": 124256634, "yr": 2022, "dt": "2022-12-01T17:23:56", "WOJ": 20, "sev": 3, "c": [ 255, 0, 0, 160 ], "dmg": 1, "sli": 2, "ser": 3, "fat": 1, "row": -1, "mot": -1, "pie": -1, "uto": -1, "uwr": -1 }, "geometry": { "type": "Point", "coordinates": [ 23.203806, 52.870306 ] } },
{ "type": "Feature", "properties": { "ID": 120847191, "yr": 2022, "dt": "2022-06-30T20:40:00", "WOJ": 20, "sev": 3, "c": [ 255, 0, 0, 160 ], "dmg": 0, "sli": 0, "ser": 0, "fat": 1, "row": 3, "mot": -1, "pie": -1, "uto": -1, "uwr": -1 }, "geometry": { "type": "Point", "coordinates": [ 22.725111, 53.490222 ] } },
{ "type": "Feature", "properties": { "ID": 120359278, "yr": 2022, "dt": "2022-02-23T13:59:17", "WOJ": 20, "sev": 3, "c": [ 255, 0, 0, 160 ], "dmg": 1, "sli": 0, "ser": 0, "fat": 1, "row": 3, "mot": -1, "pie": -1, "uto": -1, "uwr": -1 }, "geometry": { "type": "Point", "coordinates": [ 22.468139, 53.65 ] } },
{ "type": "Feature", "properties": { "ID": 122327386, "yr": 2022, "dt": "2022-10-21T07:37:59", "WOJ": 20, "sev": 3, "c": [ 255, 0, 0, 160 ], "dmg": 1, "sli": 0, "ser": 0, "fat": 1, "row": 3, "mot": -1, "pie": -1, "uto": -1, "uwr": -1 }, "geometry": { "type": "Point", "coordinates": [ 23.192333, 53.121667 ] } },
{ "type": "Feature", "properties": { "ID": 123749540, "yr": 2022, "dt": "2022-11-05T07:34:38", "WOJ": 20, "sev": 3, "c": [ 255, 0, 0, 160 ], "dmg": 2, "sli": 0, "ser": 0, "fat": 2, "row": -1, "mot": -1, "pie": -1, "uto": -1, "uwr": -1 }, "geometry": { "type": "Point", "coordinates": [ 22.979583, 52.605556 ] } },
{ "type": "Feature", "properties": { "ID": 120355012, "yr": 2022, "dt": "2022-02-19T22:17:37", "WOJ": 20, "sev": 3, "c": [ 255, 0, 0, 160 ], "dmg": 0, "sli": 0, "ser": 2, "fat": 1, "row": -1, "mot": -1, "pie": -1, "uto": -1, "uwr": -1 }, "geometry": { "type": "Point", "coordinates": [ 21.914972, 53.268556 ] } },
{ "type": "Feature", "properties": { "ID": 120387464, "yr": 2022, "dt": "2022-03-09T03:02:00", "WOJ": 20, "sev": 3, "c": [ 255, 0, 0, 160 ], "dmg": 1, "sli": 0, "ser": 0, "fat": 1, "row": -1, "mot": -1, "pie": -1, "uto": -1, "uwr": -1 }, "geometry": { "type": "Point", "coordinates": [ 22.709806, 53.129806 ] } },
{ "type": "Feature", "properties": { "ID": 120368135, "yr": 2022, "dt": "2022-03-02T10:46:23", "WOJ": 20, "sev": 3, "c": [ 255, 0, 0, 160 ], "dmg": 1, "sli": 0, "ser": 0, "fat": 1, "row": -1, "mot": -1, "pie": 3, "uto": -1, "uwr": -1 }, "geometry": { "type": "Point", "coordinates": [ 23.191722, 52.774472 ] } },
{ "type": "Feature", "properties": { "ID": 121822543, "yr": 2022, "dt": "2022-09-20T13:00:00", "WOJ": 20, "sev": 3, "c": [ 255, 0, 0, 160 ], "dmg": 1, "sli": 0, "ser": 0, "fat": 1, "row": -1, "mot": -1, "pie": 3, "uto": -1, "uwr": -1 }, "geometry": { "type": "Point", "coordinates": [ 23.518889, 52.9135 ] } },
{ "type": "Feature", "properties": { "ID": 121770490, "yr": 2022, "dt": "2022-08-28T10:30:00", "WOJ": 20, "sev": 3, "c": [ 255, 0, 0, 160 ], "dmg": 1, "sli": 0, "ser": 0, "fat": 1, "row": -1, "mot": -1, "pie": 3, "uto": -1, "uwr": -1 }, "geometry": { "type": "Point", "coordinates": [ 23.485667, 53.438194 ] } },
{ "type": "Feature", "properties": { "ID": 121777679, "yr": 2022, "dt": "2022-09-02T23:00:00", "WOJ": 20, "sev": 3, "c": [ 255, 0, 0, 160 ], "dmg": 1, "sli": 0, "ser": 0, "fat": 1, "row": -1, "mot": -1, "pie": -1, "uto": -1, "uwr": -1 }, "geometry": { "type": "Point", "coordinates": [ 22.798417, 54.361222 ] } },
{ "type": "Feature", "properties": { "ID": 121774454, "yr": 2022, "dt": "2022-08-31T18:46:00", "WOJ": 20, "sev": 3, "c": [ 255, 0, 0, 160 ], "dmg": 1, "sli": 0, "ser": 0, "fat": 1, "row": 3, "mot": -1, "pie": -1, "uto": -1, "uwr": -1 }, "geometry": { "type": "Point", "coordinates": [ 23.866667, 52.700722 ] } },
{ "type": "Feature", "properties": { "ID": 121792266, "yr": 2022, "dt": "2022-09-12T06:10:00", "WOJ": 20, "sev": 3, "c": [ 255, 0, 0, 160 ], "dmg": 1, "sli": 0, "ser": 0, "fat": 1, "row": -1, "mot": -1, "pie": 3, "uto": -1, "uwr": -1 }, "geometry": { "type": "Point", "coordinates": [ 23.140139, 53.130722 ] } },
{ "type": "Feature", "properties": { "ID": 121824666, "yr": 2022, "dt": "2022-09-26T13:58:13", "WOJ": 20, "sev": 3, "c": [ 255, 0, 0, 160 ], "dmg": 0, "sli": 0, "ser": 0, "fat": 1, "row": -1, "mot": -1, "pie": -1, "uto": -1, "uwr": -1 }, "geometry": { "type": "Point", "coordinates": [ 22.8825, 53.752194 ] } },
{ "type": "Feature", "properties": { "ID": 121763404, "yr": 2022, "dt": "2022-08-27T17:28:00", "WOJ": 20, "sev": 3, "c": [ 255, 0, 0, 160 ], "dmg": 0, "sli": 0, "ser": 1, "fat": 1, "row": -1, "mot": -1, "pie": -1, "uto": -1, "uwr": -1 }, "geometry": { "type": "Point", "coordinates": [ 23.232389, 52.902278 ] } },
{ "type": "Feature", "properties": { "ID": 121797181, "yr": 2022, "dt": "2022-09-14T08:34:47", "WOJ": 20, "sev": 3, "c": [ 255, 0, 0, 160 ], "dmg": 0, "sli": 1, "ser": 0, "fat": 1, "row": -1, "mot": -1, "pie": -1, "uto": -1, "uwr": -1 }, "geometry": { "type": "Point", "coordinates": [ 22.601639, 53.151389 ] } },
{ "type": "Feature", "properties": { "ID": 123749243, "yr": 2022, "dt": "2022-11-05T18:40:42", "WOJ": 20, "sev": 3, "c": [ 255, 0, 0, 160 ], "dmg": 1, "sli": 0, "ser": 0, "fat": 1, "row": -1, "mot": -1, "pie": 3, "uto": -1, "uwr": -1 }, "geometry": { "type": "Point", "coordinates": [ 23.205278, 52.782444 ] } },
{ "type": "Feature", "properties": { "ID": 124184383, "yr": 2022, "dt": "2022-11-11T15:20:21", "WOJ": 20, "sev": 3, "c": [ 255, 0, 0, 160 ], "dmg": 0, "sli": 0, "ser": 0, "fat": 1, "row": -1, "mot": -1, "pie": -1, "uto": -1, "uwr": -1 }, "geometry": { "type": "Point", "coordinates": [ 22.480194, 53.461278 ] } },
{ "type": "Feature", "properties": { "ID": 121922489, "yr": 2022, "dt": "2022-10-18T05:50:06", "WOJ": 20, "sev": 3, "c": [ 255, 0, 0, 160 ], "dmg": 1, "sli": 0, "ser": 0, "fat": 1, "row": -1, "mot": -1, "pie": 3, "uto": -1, "uwr": -1 }, "geometry": { "type": "Point", "coordinates": [ 23.192222, 53.13125 ] } },
{ "type": "Feature", "properties": { "ID": 124206684, "yr": 2022, "dt": "2022-11-12T19:18:22", "WOJ": 20, "sev": 3, "c": [ 255, 0, 0, 160 ], "dmg": 0, "sli": 0, "ser": 1, "fat": 1, "row": -1, "mot": -1, "pie": -1, "uto": -1, "uwr": -1 }, "geometry": { "type": "Point", "coordinates": [ 22.834778, 52.733194 ] } },
{ "type": "Feature", "properties": { "ID": 123737194, "yr": 2022, "dt": "2022-11-02T11:12:00", "WOJ": 20, "sev": 3, "c": [ 255, 0, 0, 160 ], "dmg": 1, "sli": 0, "ser": 0, "fat": 2, "row": -1, "mot": -1, "pie": -1, "uto": -1, "uwr": -1 }, "geometry": { "type": "Point", "coordinates": [ 23.146861, 53.25325 ] } },
{ "type": "Feature", "properties": { "ID": 123737545, "yr": 2022, "dt": "2022-10-31T14:23:25", "WOJ": 20, "sev": 3, "c": [ 255, 0, 0, 160 ], "dmg": 0, "sli": 0, "ser": 0, "fat": 1, "row": -1, "mot": -1, "pie": -1, "uto": -1, "uwr": -1 }, "geometry": { "type": "Point", "coordinates": [ 22.808444, 52.749722 ] } },
{ "type": "Feature", "properties": { "ID": 122949382, "yr": 2022, "dt": "2022-10-25T17:45:00", "WOJ": 20, "sev": 3, "c": [ 255, 0, 0, 160 ], "dmg": 1, "sli": 0, "ser": 0, "fat": 1, "row": -1, "mot": -1, "pie": 3, "uto": -1, "uwr": -1 }, "geometry": { "type": "Point", "coordinates": [ 23.102028, 53.14475 ] } },
{ "type": "Feature", "properties": { "ID": 121861766, "yr": 2022, "dt": "2022-10-08T18:51:03", "WOJ": 20, "sev": 3, "c": [ 255, 0, 0, 160 ], "dmg": 1, "sli": 0, "ser": 0, "fat": 1, "row": -1, "mot": -1, "pie": -1, "uto": -1, "uwr": -1 }, "geometry": { "type": "Point", "coordinates": [ 22.221333, 53.08375 ] } },
{ "type": "Feature", "properties": { "ID": 121858204, "yr": 2022, "dt": "2022-10-09T05:10:57", "WOJ": 20, "sev": 3, "c": [ 255, 0, 0, 160 ], "dmg": 1, "sli": 0, "ser": 0, "fat": 1, "row": -1, "mot": -1, "pie": -1, "uto": -1, "uwr": -1 }, "geometry": { "type": "Point", "coordinates": [ 23.128389, 53.657889 ] } },
{ "type": "Feature", "properties": { "ID": 121864510, "yr": 2022, "dt": "2022-10-10T06:59:00", "WOJ": 20, "sev": 3, "c": [ 255, 0, 0, 160 ], "dmg": 1, "sli": 0, "ser": 0, "fat": 1, "row": -1, "mot": -1, "pie": 3, "uto": -1, "uwr": -1 }, "geometry": { "type": "Point", "coordinates": [ 23.096611, 53.684417 ] } },
{ "type": "Feature", "properties": { "ID": 123749470, "yr": 2022, "dt": "2022-11-04T22:17:58", "WOJ": 20, "sev": 3, "c": [ 255, 0, 0, 160 ], "dmg": 1, "sli": 0, "ser": 0, "fat": 1, "row": -1, "mot": -1, "pie": 3, "uto": -1, "uwr": -1 }, "geometry": { "type": "Point", "coordinates": [ 23.814389, 52.891972 ] } },
{ "type": "Feature", "properties": { "ID": 120310532, "yr": 2022, "dt": "2022-02-01T16:56:15", "WOJ": 20, "sev": 3, "c": [ 255, 0, 0, 160 ], "dmg": 1, "sli": 0, "ser": 0, "fat": 1, "row": -1, "mot": -1, "pie": 3, "uto": -1, "uwr": -1 }, "geometry": { "type": "Point", "coordinates": [ 23.621806, 53.030056 ] } },
{ "type": "Feature", "properties": { "ID": 120310915, "yr": 2022, "dt": "2022-01-30T06:40:00", "WOJ": 20, "sev": 3, "c": [ 255, 0, 0, 160 ], "dmg": 0, "sli": 0, "ser": 1, "fat": 1, "row": -1, "mot": -1, "pie": -1, "uto": -1, "uwr": -1 }, "geometry": { "type": "Point", "coordinates": [ 23.109833, 53.375917 ] } },
{ "type": "Feature", "properties": { "ID": 120311436, "yr": 2022, "dt": "2022-02-02T17:01:00", "WOJ": 20, "sev": 3, "c": [ 255, 0, 0, 160 ], "dmg": 0, "sli": 0, "ser": 0, "fat": 1, "row": -1, "mot": -1, "pie": -1, "uto": -1, "uwr": -1 }, "geometry": { "type": "Point", "coordinates": [ 22.854528, 53.152722 ] } },
{ "type": "Feature", "properties": { "ID": 120327726, "yr": 2022, "dt": "2022-02-12T15:20:27", "WOJ": 20, "sev": 3, "c": [ 255, 0, 0, 160 ], "dmg": 1, "sli": 0, "ser": 0, "fat": 1, "row": -1, "mot": -1, "pie": 3, "uto": -1, "uwr": -1 }, "geometry": { "type": "Point", "coordinates": [ 23.155833, 53.135194 ] } },
{ "type": "Feature", "properties": { "ID": 120322109, "yr": 2022, "dt": "2022-02-09T09:58:00", "WOJ": 20, "sev": 3, "c": [ 255, 0, 0, 160 ], "dmg": 2, "sli": 0, "ser": 0, "fat": 1, "row": -1, "mot": -1, "pie": -1, "uto": -1, "uwr": -1 }, "geometry": { "type": "Point", "coordinates": [ 23.164944, 52.739444 ] } },
{ "type": "Feature", "properties": { "ID": 116763252, "yr": 2022, "dt": "2022-01-03T17:59:23", "WOJ": 20, "sev": 3, "c": [ 255, 0, 0, 160 ], "dmg": 1, "sli": 0, "ser": 0, "fat": 1, "row": -1, "mot": -1, "pie": 3, "uto": -1, "uwr": -1 }, "geometry": { "type": "Point", "coordinates": [ 22.151806, 53.0695 ] } },
{ "type": "Feature", "properties": { "ID": 116968861, "yr": 2022, "dt": "2022-01-04T18:58:00", "WOJ": 20, "sev": 3, "c": [ 255, 0, 0, 160 ], "dmg": 2, "sli": 0, "ser": 0, "fat": 1, "row": -1, "mot": -1, "pie": 3, "uto": -1, "uwr": -1 }, "geometry": { "type": "Point", "coordinates": [ 23.025278, 52.637389 ] } },
{ "type": "Feature", "properties": { "ID": 124332328, "yr": 2022, "dt": "2022-12-24T14:19:01", "WOJ": 20, "sev": 3, "c": [ 255, 0, 0, 160 ], "dmg": 1, "sli": 0, "ser": 0, "fat": 1, "row": 3, "mot": -1, "pie": -1, "uto": -1, "uwr": -1 }, "geometry": { "type": "Point", "coordinates": [ 23.049528, 53.782667 ] } },
{ "type": "Feature", "properties": { "ID": 124348834, "yr": 2022, "dt": "2022-12-31T11:35:34", "WOJ": 20, "sev": 3, "c": [ 255, 0, 0, 160 ], "dmg": 1, "sli": 0, "ser": 0, "fat": 1, "row": 3, "mot": -1, "pie": -1, "uto": -1, "uwr": -1 }, "geometry": { "type": "Point", "coordinates": [ 23.589611, 52.766611 ] } }
]
}
