{"type":"FeatureCollection","name":"accidents_2021_PODKARPACKIE","crs":{"type":"name","properties":{"name":"urn:ogc:def:crs:OGC:1.3:CRS84"}},"features":[{"type":"Feature","properties":{"ID":109708247,"yr":2021,"dt":"2021-01-04T12:38:38","WOJ":18,"sev":1,"c":[255,255,0,160],"dmg":0,"sli":2,"ser":0,"fat":0,"row":-1,"mot":-1,"pie":-1,"uto":-1,"uwr":-1},"geometry":{"type":"Point","coordinates":[21.891833,50.188083]}},{"type":"Feature","properties":{"ID":109707497,"yr":2021,"dt":"2021-01-04T13:03:56","WOJ":18,"sev":1,"c":[255,255,0,160],"dmg":1,"sli":1,"ser":0,"fat":0,"row":-1,"mot":-1,"pie":-1,"uto":-1,"uwr":-1},"geometry":{"type":"Point","coordinates":[22.246283,50.06332]}},{"type":"Feature","properties":{"ID":116734157,"yr":2021,"dt":"2021-12-21T11:10:05","WOJ":18,"sev":1,"c":[255,255,0,160],"dmg":0,"sli":2,"ser":0,"fat":0,"row":-1,"mot":-1,"pie":-1,"uto":-1,"uwr":-1},"geometry":{"type":"Point","coordinates":[22.022917,50.132222]}},{"type":"Feature","properties":{"ID":116734804,"yr":2021,"dt":"2021-12-21T05:46:00","WOJ":18,"sev":1,"c":[255,255,0,160],"dmg":1,"sli":1,"ser":0,"fat":0,"row":-1,"mot":-1,"pie":-1,"uto":-1,"uwr":-1},"geometry":{"type":"Point","coordinates":[21.628917,50.546]}},{"type":"Feature","properties":{"ID":116735622,"yr":2021,"dt":"2021-12-21T15:13:14","WOJ":18,"sev":1,"c":[255,255,0,160],"dmg":2,"sli":1,"ser":0,"fat":0,"row":-1,"mot":-1,"pie":1,"uto":-1,"uwr":-1},"geometry":{"type":"Point","coordinates":[21.921611,49.933306]}},{"type":"Feature","properties":{"ID":116732499,"yr":2021,"dt":"2021-12-20T16:00:00","WOJ":18,"sev":1,"c":[255,255,0,160],"dmg":1,"sli":1,"ser":0,"fat":0,"row":-1,"mot":-1,"pie":-1,"uto":-1,"uwr":-1},"geometry":{"type":"Point","coordinates":[21.435556,50.319778]}},{"type":"Feature","properties":{"ID":116733245,"yr":2021,"dt":"2021-12-20T13:30:00","WOJ":18,"sev":1,"c":[255,255,0,160],"dmg":1,"sli":1,"ser":0,"fat":0,"row":-1,"mot":-1,"pie":-1,"uto":-1,"uwr":-1},"geometry":{"type":"Point","coordinates":[22.194056,50.111806]}},{"type":"Feature","properties":{"ID":109774317,"yr":2021,"dt":"2021-01-12T11:11:00","WOJ":18,"sev":1,"c":[255,255,0,160],"dmg":1,"sli":1,"ser":0,"fat":0,"row":1,"mot":-1,"pie":-1,"uto":-1,"uwr":-1},"geometry":{"type":"Point","coordinates":[22.017278,50.020222]}},{"type":"Feature","properties":{"ID":109785245,"yr":2021,"dt":"2021-01-12T08:14:00","WOJ":18,"sev":1,"c":[255,255,0,160],"dmg":1,"sli":1,"ser":0,"fat":0,"row":-1,"mot":-1,"pie":1,"uto":-1,"uwr":-1},"geometry":{"type":"Point","coordinates":[21.979194,50.030611]}},{"type":"Feature","properties":{"ID":109786234,"yr":2021,"dt":"2021-01-12T07:20:00","WOJ":18,"sev":1,"c":[255,255,0,160],"dmg":1,"sli":1,"ser":0,"fat":0,"row":1,"mot":-1,"pie":-1,"uto":-1,"uwr":-1},"geometry":{"type":"Point","coordinates":[21.67375,50.566722]}},{"type":"Feature","properties":{"ID":109727408,"yr":2021,"dt":"2021-01-08T17:10:00","WOJ":18,"sev":1,"c":[255,255,0,160],"dmg":1,"sli":1,"ser":0,"fat":0,"row":-1,"mot":-1,"pie":1,"uto":-1,"uwr":-1},"geometry":{"type":"Point","coordinates":[22.515028,49.906389]}},{"type":"Feature","properties":{"ID":109725829,"yr":2021,"dt":"2021-01-08T17:26:57","WOJ":18,"sev":1,"c":[255,255,0,160],"dmg":1,"sli":1,"ser":0,"fat":0,"row":-1,"mot":-1,"pie":-1,"uto":-1,"uwr":-1},"geometry":{"type":"Point","coordinates":[21.736222,50.623444]}},{"type":"Feature","properties":{"ID":109719335,"yr":2021,"dt":"2021-01-07T13:52:00","WOJ":18,"sev":1,"c":[255,255,0,160],"dmg":1,"sli":1,"ser":0,"fat":0,"row":-1,"mot":-1,"pie":-1,"uto":-1,"uwr":-1},"geometry":{"type":"Point","coordinates":[21.810944,49.839667]}},{"type":"Feature","properties":{"ID":111700899,"yr":2021,"dt":"2021-10-03T14:26:00","WOJ":18,"sev":1,"c":[255,255,0,160],"dmg":1,"sli":1,"ser":0,"fat":0,"row":0,"mot":-1,"pie":-1,"uto":-1,"uwr":-1},"geometry":{"type":"Point","coordinates":[22.025778,50.297972]}},{"type":"Feature","properties":{"ID":111276813,"yr":2021,"dt":"2021-10-03T04:50:29","WOJ":18,"sev":1,"c":[255,255,0,160],"dmg":1,"sli":1,"ser":0,"fat":0,"row":-1,"mot":-1,"pie":1,"uto":-1,"uwr":-1},"geometry":{"type":"Point","coordinates":[21.957278,49.586056]}},{"type":"Feature","properties":{"ID":111296806,"yr":2021,"dt":"2021-10-03T16:50:00","WOJ":18,"sev":1,"c":[255,255,0,160],"dmg":1,"sli":1,"ser":0,"fat":0,"row":-1,"mot":1,"pie":-1,"uto":-1,"uwr":-1},"geometry":{"type":"Point","coordinates":[22.677222,50.012194]}},{"type":"Feature","properties":{"ID":116715115,"yr":2021,"dt":"2021-12-16T14:29:44","WOJ":18,"sev":1,"c":[255,255,0,160],"dmg":0,"sli":2,"ser":0,"fat":0,"row":-1,"mot":-1,"pie":-1,"uto":-1,"uwr":-1},"geometry":{"type":"Point","coordinates":[21.997389,50.0295]}},{"type":"Feature","properties":{"ID":109793279,"yr":2021,"dt":"2021-01-14T06:19:00","WOJ":18,"sev":1,"c":[255,255,0,160],"dmg":0,"sli":1,"ser":0,"fat":0,"row":-1,"mot":-1,"pie":-1,"uto":-1,"uwr":-1},"geometry":{"type":"Point","coordinates":[21.581444,49.844694]}},{"type":"Feature","properties":{"ID":109790922,"yr":2021,"dt":"2021-01-14T06:31:21","WOJ":18,"sev":1,"c":[255,255,0,160],"dmg":1,"sli":2,"ser":0,"fat":0,"row":-1,"mot":-1,"pie":-1,"uto":-1,"uwr":-1},"geometry":{"type":"Point","coordinates":[21.64375,49.865667]}},{"type":"Feature","properties":{"ID":109787800,"yr":2021,"dt":"2021-01-13T07:28:29","WOJ":18,"sev":1,"c":[255,255,0,160],"dmg":1,"sli":1,"ser":0,"fat":0,"row":-1,"mot":-1,"pie":-1,"uto":-1,"uwr":-1},"geometry":{"type":"Point","coordinates":[22.644611,49.783028]}},{"type":"Feature","properties":{"ID":116751006,"yr":2021,"dt":"2021-12-28T16:50:00","WOJ":18,"sev":1,"c":[255,255,0,160],"dmg":1,"sli":1,"ser":0,"fat":0,"row":-1,"mot":-1,"pie":1,"uto":-1,"uwr":-1},"geometry":{"type":"Point","coordinates":[21.354667,50.388361]}},{"type":"Feature","properties":{"ID":116748471,"yr":2021,"dt":"2021-12-28T12:42:28","WOJ":18,"sev":1,"c":[255,255,0,160],"dmg":1,"sli":1,"ser":0,"fat":0,"row":-1,"mot":-1,"pie":-1,"uto":-1,"uwr":-1},"geometry":{"type":"Point","coordinates":[21.939481,49.796719]}},{"type":"Feature","properties":{"ID":116748404,"yr":2021,"dt":"2021-12-28T08:58:01","WOJ":18,"sev":1,"c":[255,255,0,160],"dmg":1,"sli":1,"ser":0,"fat":0,"row":-1,"mot":-1,"pie":-1,"uto":-1,"uwr":-1},"geometry":{"type":"Point","coordinates":[21.891389,50.64975]}},{"type":"Feature","properties":{"ID":120255242,"yr":2021,"dt":"2021-12-25T19:31:00","WOJ":18,"sev":1,"c":[255,255,0,160],"dmg":1,"sli":1,"ser":0,"fat":0,"row":-1,"mot":-1,"pie":1,"uto":-1,"uwr":-1},"geometry":{"type":"Point","coordinates":[22.09922,49.95643]}},{"type":"Feature","properties":{"ID":116746956,"yr":2021,"dt":"2021-12-24T11:30:00","WOJ":18,"sev":1,"c":[255,255,0,160],"dmg":1,"sli":3,"ser":0,"fat":0,"row":-1,"mot":-1,"pie":-1,"uto":-1,"uwr":-1},"geometry":{"type":"Point","coordinates":[21.65165,49.86816]}},{"type":"Feature","properties":{"ID":116742884,"yr":2021,"dt":"2021-12-24T10:20:31","WOJ":18,"sev":1,"c":[255,255,0,160],"dmg":0,"sli":1,"ser":0,"fat":0,"row":-1,"mot":-1,"pie":-1,"uto":-1,"uwr":-1},"geometry":{"type":"Point","coordinates":[22.13727,50.497078]}},{"type":"Feature","properties":{"ID":116740445,"yr":2021,"dt":"2021-12-23T20:22:57","WOJ":18,"sev":1,"c":[255,255,0,160],"dmg":1,"sli":1,"ser":0,"fat":0,"row":-1,"mot":-1,"pie":-1,"uto":-1,"uwr":-1},"geometry":{"type":"Point","coordinates":[22.492528,50.205944]}},{"type":"Feature","properties":{"ID":109715164,"yr":2021,"dt":"2021-01-07T07:44:00","WOJ":18,"sev":1,"c":[255,255,0,160],"dmg":1,"sli":1,"ser":0,"fat":0,"row":-1,"mot":-1,"pie":-1,"uto":-1,"uwr":-1},"geometry":{"type":"Point","coordinates":[22.032694,50.036972]}},{"type":"Feature","properties":{"ID":109719353,"yr":2021,"dt":"2021-01-07T17:17:00","WOJ":18,"sev":1,"c":[255,255,0,160],"dmg":2,"sli":1,"ser":0,"fat":0,"row":-1,"mot":-1,"pie":-1,"uto":-1,"uwr":-1},"geometry":{"type":"Point","coordinates":[22.236889,50.471306]}},{"type":"Feature","properties":{"ID":117108835,"yr":2021,"dt":"2021-12-29T09:18:00","WOJ":18,"sev":1,"c":[255,255,0,160],"dmg":0,"sli":4,"ser":0,"fat":0,"row":-1,"mot":-1,"pie":-1,"uto":-1,"uwr":-1},"geometry":{"type":"Point","coordinates":[21.97319,50.05006]}},{"type":"Feature","properties":{"ID":109714234,"yr":2021,"dt":"2021-01-06T17:59:50","WOJ":18,"sev":1,"c":[255,255,0,160],"dmg":1,"sli":1,"ser":0,"fat":0,"row":-1,"mot":-1,"pie":-1,"uto":-1,"uwr":-1},"geometry":{"type":"Point","coordinates":[22.228917,50.0625]}},{"type":"Feature","properties":{"ID":109707634,"yr":2021,"dt":"2021-01-04T16:06:00","WOJ":18,"sev":1,"c":[255,255,0,160],"dmg":1,"sli":1,"ser":0,"fat":0,"row":-1,"mot":-1,"pie":-1,"uto":-1,"uwr":-1},"geometry":{"type":"Point","coordinates":[21.756639,50.224917]}},{"type":"Feature","properties":{"ID":109854376,"yr":2021,"dt":"2021-01-29T06:15:00","WOJ":18,"sev":1,"c":[255,255,0,160],"dmg":1,"sli":1,"ser":0,"fat":0,"row":-1,"mot":-1,"pie":-1,"uto":-1,"uwr":-1},"geometry":{"type":"Point","coordinates":[22.036389,50.052222]}},{"type":"Feature","properties":{"ID":109854560,"yr":2021,"dt":"2021-01-29T07:09:00","WOJ":18,"sev":1,"c":[255,255,0,160],"dmg":1,"sli":1,"ser":0,"fat":0,"row":-1,"mot":-1,"pie":-1,"uto":-1,"uwr":-1},"geometry":{"type":"Point","coordinates":[22.060778,50.043944]}},{"type":"Feature","properties":{"ID":109854169,"yr":2021,"dt":"2021-01-28T13:27:00","WOJ":18,"sev":1,"c":[255,255,0,160],"dmg":2,"sli":1,"ser":0,"fat":0,"row":-1,"mot":-1,"pie":-1,"uto":-1,"uwr":-1},"geometry":{"type":"Point","coordinates":[22.0275,50.027778]}},{"type":"Feature","properties":{"ID":109845546,"yr":2021,"dt":"2021-01-28T07:25:24","WOJ":18,"sev":1,"c":[255,255,0,160],"dmg":1,"sli":1,"ser":0,"fat":0,"row":-1,"mot":-1,"pie":1,"uto":-1,"uwr":-1},"geometry":{"type":"Point","coordinates":[21.563278,50.092444]}},{"type":"Feature","properties":{"ID":109862765,"yr":2021,"dt":"2021-01-26T02:48:00","WOJ":18,"sev":1,"c":[255,255,0,160],"dmg":1,"sli":1,"ser":0,"fat":0,"row":-1,"mot":-1,"pie":-1,"uto":-1,"uwr":-1},"geometry":{"type":"Point","coordinates":[21.340889,49.791222]}},{"type":"Feature","properties":{"ID":109841197,"yr":2021,"dt":"2021-01-26T16:53:18","WOJ":18,"sev":1,"c":[255,255,0,160],"dmg":1,"sli":1,"ser":0,"fat":0,"row":-1,"mot":-1,"pie":-1,"uto":-1,"uwr":-1},"geometry":{"type":"Point","coordinates":[21.357611,50.08325]}},{"type":"Feature","properties":{"ID":109835395,"yr":2021,"dt":"2021-01-26T07:41:00","WOJ":18,"sev":1,"c":[255,255,0,160],"dmg":2,"sli":3,"ser":0,"fat":0,"row":-1,"mot":-1,"pie":-1,"uto":-1,"uwr":-1},"geometry":{"type":"Point","coordinates":[21.702667,50.597139]}},{"type":"Feature","properties":{"ID":109839267,"yr":2021,"dt":"2021-01-26T14:15:27","WOJ":18,"sev":1,"c":[255,255,0,160],"dmg":1,"sli":1,"ser":0,"fat":0,"row":1,"mot":-1,"pie":-1,"uto":-1,"uwr":-1},"geometry":{"type":"Point","coordinates":[21.496361,50.117556]}},{"type":"Feature","properties":{"ID":109833378,"yr":2021,"dt":"2021-01-25T06:20:20","WOJ":18,"sev":1,"c":[255,255,0,160],"dmg":2,"sli":1,"ser":0,"fat":0,"row":-1,"mot":-1,"pie":-1,"uto":-1,"uwr":-1},"geometry":{"type":"Point","coordinates":[21.729611,49.877203]}},{"type":"Feature","properties":{"ID":109854392,"yr":2021,"dt":"2021-01-25T13:55:00","WOJ":18,"sev":1,"c":[255,255,0,160],"dmg":1,"sli":1,"ser":0,"fat":0,"row":-1,"mot":-1,"pie":-1,"uto":-1,"uwr":-1},"geometry":{"type":"Point","coordinates":[22.010278,50.040278]}},{"type":"Feature","properties":{"ID":109832613,"yr":2021,"dt":"2021-01-24T18:45:00","WOJ":18,"sev":1,"c":[255,255,0,160],"dmg":2,"sli":1,"ser":0,"fat":0,"row":-1,"mot":-1,"pie":-1,"uto":-1,"uwr":-1},"geometry":{"type":"Point","coordinates":[22.777139,49.808806]}},{"type":"Feature","properties":{"ID":109830831,"yr":2021,"dt":"2021-01-24T11:10:08","WOJ":18,"sev":1,"c":[255,255,0,160],"dmg":0,"sli":5,"ser":0,"fat":0,"row":-1,"mot":-1,"pie":-1,"uto":-1,"uwr":-1},"geometry":{"type":"Point","coordinates":[21.996889,49.639]}},{"type":"Feature","properties":{"ID":109832297,"yr":2021,"dt":"2021-01-23T20:28:00","WOJ":18,"sev":1,"c":[255,255,0,160],"dmg":1,"sli":1,"ser":0,"fat":0,"row":-1,"mot":-1,"pie":-1,"uto":-1,"uwr":-1},"geometry":{"type":"Point","coordinates":[21.989722,50.025472]}},{"type":"Feature","properties":{"ID":109799315,"yr":2021,"dt":"2021-01-18T11:51:00","WOJ":18,"sev":1,"c":[255,255,0,160],"dmg":2,"sli":1,"ser":0,"fat":0,"row":-1,"mot":-1,"pie":-1,"uto":-1,"uwr":-1},"geometry":{"type":"Point","coordinates":[21.844389,50.664556]}},{"type":"Feature","properties":{"ID":109800254,"yr":2021,"dt":"2021-01-18T19:42:00","WOJ":18,"sev":1,"c":[255,255,0,160],"dmg":2,"sli":1,"ser":0,"fat":0,"row":-1,"mot":-1,"pie":-1,"uto":-1,"uwr":-1},"geometry":{"type":"Point","coordinates":[22.042222,50.026667]}},{"type":"Feature","properties":{"ID":109797686,"yr":2021,"dt":"2021-01-17T11:45:00","WOJ":18,"sev":1,"c":[255,255,0,160],"dmg":0,"sli":1,"ser":0,"fat":0,"row":-1,"mot":-1,"pie":-1,"uto":-1,"uwr":-1},"geometry":{"type":"Point","coordinates":[21.002778,50.0885]}},{"type":"Feature","properties":{"ID":109892681,"yr":2021,"dt":"2021-02-15T16:53:16","WOJ":18,"sev":1,"c":[255,255,0,160],"dmg":1,"sli":1,"ser":0,"fat":0,"row":-1,"mot":-1,"pie":-1,"uto":-1,"uwr":-1},"geometry":{"type":"Point","coordinates":[22.134944,50.517667]}},{"type":"Feature","properties":{"ID":109888235,"yr":2021,"dt":"2021-02-13T13:40:22","WOJ":18,"sev":1,"c":[255,255,0,160],"dmg":2,"sli":1,"ser":0,"fat":0,"row":-1,"mot":-1,"pie":-1,"uto":-1,"uwr":-1},"geometry":{"type":"Point","coordinates":[22.491959,50.052356]}},{"type":"Feature","properties":{"ID":109882912,"yr":2021,"dt":"2021-02-11T06:28:00","WOJ":18,"sev":1,"c":[255,255,0,160],"dmg":1,"sli":1,"ser":0,"fat":0,"row":-1,"mot":-1,"pie":-1,"uto":-1,"uwr":-1},"geometry":{"type":"Point","coordinates":[22.09197,49.90797]}},{"type":"Feature","properties":{"ID":109883081,"yr":2021,"dt":"2021-02-11T10:30:00","WOJ":18,"sev":1,"c":[255,255,0,160],"dmg":1,"sli":1,"ser":0,"fat":0,"row":-1,"mot":-1,"pie":1,"uto":-1,"uwr":-1},"geometry":{"type":"Point","coordinates":[21.986861,50.044167]}},{"type":"Feature","properties":{"ID":109882757,"yr":2021,"dt":"2021-02-10T16:46:00","WOJ":18,"sev":1,"c":[255,255,0,160],"dmg":1,"sli":1,"ser":0,"fat":0,"row":-1,"mot":-1,"pie":-1,"uto":-1,"uwr":-1},"geometry":{"type":"Point","coordinates":[21.983889,50.110167]}},{"type":"Feature","properties":{"ID":109877445,"yr":2021,"dt":"2021-02-09T17:34:00","WOJ":18,"sev":1,"c":[255,255,0,160],"dmg":1,"sli":1,"ser":0,"fat":0,"row":-1,"mot":-1,"pie":1,"uto":-1,"uwr":-1},"geometry":{"type":"Point","coordinates":[21.998861,50.041389]}},{"type":"Feature","properties":{"ID":109873328,"yr":2021,"dt":"2021-02-07T11:52:00","WOJ":18,"sev":1,"c":[255,255,0,160],"dmg":2,"sli":1,"ser":0,"fat":0,"row":-1,"mot":-1,"pie":-1,"uto":-1,"uwr":-1},"geometry":{"type":"Point","coordinates":[22.208389,49.778389]}},{"type":"Feature","properties":{"ID":109872496,"yr":2021,"dt":"2021-02-06T00:03:00","WOJ":18,"sev":1,"c":[255,255,0,160],"dmg":0,"sli":1,"ser":0,"fat":0,"row":-1,"mot":-1,"pie":-1,"uto":-1,"uwr":-1},"geometry":{"type":"Point","coordinates":[22.016917,50.030889]}},{"type":"Feature","properties":{"ID":109873150,"yr":2021,"dt":"2021-02-06T21:26:00","WOJ":18,"sev":1,"c":[255,255,0,160],"dmg":2,"sli":1,"ser":0,"fat":0,"row":-1,"mot":-1,"pie":-1,"uto":-1,"uwr":-1},"geometry":{"type":"Point","coordinates":[21.780389,49.680389]}},{"type":"Feature","properties":{"ID":109872663,"yr":2021,"dt":"2021-02-06T12:11:00","WOJ":18,"sev":1,"c":[255,255,0,160],"dmg":1,"sli":1,"ser":0,"fat":0,"row":-1,"mot":-1,"pie":-1,"uto":-1,"uwr":-1},"geometry":{"type":"Point","coordinates":[22.091111,50.116111]}},{"type":"Feature","properties":{"ID":114585823,"yr":2021,"dt":"2021-02-05T12:17:00","WOJ":18,"sev":1,"c":[255,255,0,160],"dmg":2,"sli":1,"ser":0,"fat":0,"row":-1,"mot":-1,"pie":-1,"uto":-1,"uwr":-1},"geometry":{"type":"Point","coordinates":[22.02978,49.966]}},{"type":"Feature","properties":{"ID":109870207,"yr":2021,"dt":"2021-02-04T12:37:59","WOJ":18,"sev":1,"c":[255,255,0,160],"dmg":1,"sli":1,"ser":0,"fat":0,"row":-1,"mot":-1,"pie":1,"uto":-1,"uwr":-1},"geometry":{"type":"Point","coordinates":[21.471199,49.719276]}},{"type":"Feature","properties":{"ID":109870480,"yr":2021,"dt":"2021-02-04T13:54:00","WOJ":18,"sev":1,"c":[255,255,0,160],"dmg":0,"sli":1,"ser":0,"fat":0,"row":-1,"mot":-1,"pie":-1,"uto":-1,"uwr":-1},"geometry":{"type":"Point","coordinates":[21.417528,50.053278]}},{"type":"Feature","properties":{"ID":109862649,"yr":2021,"dt":"2021-02-01T09:23:54","WOJ":18,"sev":1,"c":[255,255,0,160],"dmg":1,"sli":1,"ser":0,"fat":0,"row":-1,"mot":-1,"pie":-1,"uto":-1,"uwr":-1},"geometry":{"type":"Point","coordinates":[21.312111,49.989139]}},{"type":"Feature","properties":{"ID":109865192,"yr":2021,"dt":"2021-02-01T22:57:00","WOJ":18,"sev":1,"c":[255,255,0,160],"dmg":1,"sli":1,"ser":0,"fat":0,"row":-1,"mot":-1,"pie":1,"uto":-1,"uwr":-1},"geometry":{"type":"Point","coordinates":[22.019417,50.030556]}},{"type":"Feature","properties":{"ID":109862764,"yr":2021,"dt":"2021-02-01T09:24:00","WOJ":18,"sev":1,"c":[255,255,0,160],"dmg":1,"sli":1,"ser":0,"fat":0,"row":-1,"mot":-1,"pie":-1,"uto":-1,"uwr":-1},"geometry":{"type":"Point","coordinates":[22.016389,50.018056]}},{"type":"Feature","properties":{"ID":109908669,"yr":2021,"dt":"2021-02-19T16:28:00","WOJ":18,"sev":1,"c":[255,255,0,160],"dmg":0,"sli":1,"ser":0,"fat":0,"row":-1,"mot":-1,"pie":-1,"uto":-1,"uwr":-1},"geometry":{"type":"Point","coordinates":[21.537889,50.4495]}},{"type":"Feature","properties":{"ID":116714812,"yr":2021,"dt":"2021-12-16T16:18:14","WOJ":18,"sev":1,"c":[255,255,0,160],"dmg":2,"sli":1,"ser":0,"fat":0,"row":-1,"mot":-1,"pie":1,"uto":-1,"uwr":-1},"geometry":{"type":"Point","coordinates":[23.060972,50.1795]}},{"type":"Feature","properties":{"ID":116745016,"yr":2021,"dt":"2021-12-16T06:58:00","WOJ":18,"sev":1,"c":[255,255,0,160],"dmg":1,"sli":1,"ser":0,"fat":0,"row":-1,"mot":-1,"pie":1,"uto":-1,"uwr":-1},"geometry":{"type":"Point","coordinates":[21.99829,50.0398]}},{"type":"Feature","properties":{"ID":120313280,"yr":2021,"dt":"2021-12-16T05:50:00","WOJ":18,"sev":1,"c":[255,255,0,160],"dmg":1,"sli":1,"ser":0,"fat":0,"row":-1,"mot":-1,"pie":1,"uto":-1,"uwr":-1},"geometry":{"type":"Point","coordinates":[21.254333,50.055611]}},{"type":"Feature","properties":{"ID":116598818,"yr":2021,"dt":"2021-12-15T10:49:27","WOJ":18,"sev":1,"c":[255,255,0,160],"dmg":1,"sli":1,"ser":0,"fat":0,"row":-1,"mot":-1,"pie":-1,"uto":-1,"uwr":-1},"geometry":{"type":"Point","coordinates":[22.332635,50.335124]}},{"type":"Feature","properties":{"ID":116524199,"yr":2021,"dt":"2021-12-15T11:35:09","WOJ":18,"sev":1,"c":[255,255,0,160],"dmg":1,"sli":1,"ser":0,"fat":0,"row":-1,"mot":-1,"pie":-1,"uto":-1,"uwr":-1},"geometry":{"type":"Point","coordinates":[21.392028,50.050278]}},{"type":"Feature","properties":{"ID":116760833,"yr":2021,"dt":"2021-12-15T13:23:00","WOJ":18,"sev":1,"c":[255,255,0,160],"dmg":1,"sli":1,"ser":0,"fat":0,"row":1,"mot":-1,"pie":-1,"uto":-1,"uwr":-1},"geometry":{"type":"Point","coordinates":[22.122972,50.226944]}},{"type":"Feature","properties":{"ID":116760834,"yr":2021,"dt":"2021-12-15T07:50:00","WOJ":18,"sev":1,"c":[255,255,0,160],"dmg":2,"sli":1,"ser":0,"fat":0,"row":-1,"mot":-1,"pie":-1,"uto":-1,"uwr":-1},"geometry":{"type":"Point","coordinates":[22.093889,50.141028]}},{"type":"Feature","properties":{"ID":116543828,"yr":2021,"dt":"2021-12-15T08:11:29","WOJ":18,"sev":1,"c":[255,255,0,160],"dmg":2,"sli":2,"ser":0,"fat":0,"row":-1,"mot":-1,"pie":-1,"uto":-1,"uwr":-1},"geometry":{"type":"Point","coordinates":[21.384222,50.079056]}},{"type":"Feature","properties":{"ID":116744841,"yr":2021,"dt":"2021-12-15T17:00:00","WOJ":18,"sev":1,"c":[255,255,0,160],"dmg":1,"sli":1,"ser":0,"fat":0,"row":-1,"mot":-1,"pie":1,"uto":-1,"uwr":-1},"geometry":{"type":"Point","coordinates":[21.984222,50.062222]}},{"type":"Feature","properties":{"ID":116717858,"yr":2021,"dt":"2021-12-14T07:48:00","WOJ":18,"sev":1,"c":[255,255,0,160],"dmg":1,"sli":1,"ser":0,"fat":0,"row":-1,"mot":-1,"pie":1,"uto":-1,"uwr":-1},"geometry":{"type":"Point","coordinates":[22.037528,50.026444]}},{"type":"Feature","properties":{"ID":115775818,"yr":2021,"dt":"2021-12-13T11:15:20","WOJ":18,"sev":1,"c":[255,255,0,160],"dmg":0,"sli":1,"ser":0,"fat":0,"row":-1,"mot":-1,"pie":-1,"uto":-1,"uwr":-1},"geometry":{"type":"Point","coordinates":[21.744111,50.296722]}},{"type":"Feature","properties":{"ID":116745033,"yr":2021,"dt":"2021-12-12T15:21:00","WOJ":18,"sev":1,"c":[255,255,0,160],"dmg":1,"sli":1,"ser":0,"fat":0,"row":-1,"mot":-1,"pie":-1,"uto":-1,"uwr":-1},"geometry":{"type":"Point","coordinates":[21.92125,50.067139]}},{"type":"Feature","properties":{"ID":109900194,"yr":2021,"dt":"2021-02-18T08:29:00","WOJ":18,"sev":1,"c":[255,255,0,160],"dmg":1,"sli":1,"ser":0,"fat":0,"row":-1,"mot":-1,"pie":-1,"uto":-1,"uwr":-1},"geometry":{"type":"Point","coordinates":[21.987722,50.070778]}},{"type":"Feature","properties":{"ID":109898864,"yr":2021,"dt":"2021-02-17T13:53:00","WOJ":18,"sev":1,"c":[255,255,0,160],"dmg":2,"sli":1,"ser":0,"fat":0,"row":-1,"mot":-1,"pie":-1,"uto":-1,"uwr":-1},"geometry":{"type":"Point","coordinates":[21.641417,49.712167]}},{"type":"Feature","properties":{"ID":109893120,"yr":2021,"dt":"2021-02-16T09:41:19","WOJ":18,"sev":1,"c":[255,255,0,160],"dmg":3,"sli":1,"ser":0,"fat":0,"row":-1,"mot":-1,"pie":-1,"uto":-1,"uwr":-1},"geometry":{"type":"Point","coordinates":[22.220944,49.540917]}},{"type":"Feature","properties":{"ID":109960543,"yr":2021,"dt":"2021-03-01T06:18:00","WOJ":18,"sev":1,"c":[255,255,0,160],"dmg":2,"sli":1,"ser":0,"fat":0,"row":-1,"mot":-1,"pie":-1,"uto":-1,"uwr":-1},"geometry":{"type":"Point","coordinates":[22.052,49.966639]}},{"type":"Feature","properties":{"ID":109965406,"yr":2021,"dt":"2021-03-01T18:22:46","WOJ":18,"sev":1,"c":[255,255,0,160],"dmg":1,"sli":1,"ser":0,"fat":0,"row":-1,"mot":-1,"pie":-1,"uto":-1,"uwr":-1},"geometry":{"type":"Point","coordinates":[22.446926,49.954799]}},{"type":"Feature","properties":{"ID":109955084,"yr":2021,"dt":"2021-02-26T13:49:29","WOJ":18,"sev":1,"c":[255,255,0,160],"dmg":1,"sli":1,"ser":0,"fat":0,"row":-1,"mot":-1,"pie":-1,"uto":-1,"uwr":-1},"geometry":{"type":"Point","coordinates":[22.082472,49.648262]}},{"type":"Feature","properties":{"ID":109957748,"yr":2021,"dt":"2021-02-26T13:35:23","WOJ":18,"sev":1,"c":[255,255,0,160],"dmg":2,"sli":1,"ser":0,"fat":0,"row":-1,"mot":-1,"pie":-1,"uto":-1,"uwr":-1},"geometry":{"type":"Point","coordinates":[22.263722,50.276528]}},{"type":"Feature","properties":{"ID":109958162,"yr":2021,"dt":"2021-02-26T18:16:00","WOJ":18,"sev":1,"c":[255,255,0,160],"dmg":1,"sli":1,"ser":0,"fat":0,"row":-1,"mot":-1,"pie":1,"uto":-1,"uwr":-1},"geometry":{"type":"Point","coordinates":[21.983389,50.131806]}},{"type":"Feature","properties":{"ID":109956051,"yr":2021,"dt":"2021-02-25T10:01:00","WOJ":18,"sev":1,"c":[255,255,0,160],"dmg":3,"sli":1,"ser":0,"fat":0,"row":-1,"mot":-1,"pie":-1,"uto":-1,"uwr":-1},"geometry":{"type":"Point","coordinates":[21.983972,49.9685]}},{"type":"Feature","properties":{"ID":109956109,"yr":2021,"dt":"2021-02-25T12:00:00","WOJ":18,"sev":1,"c":[255,255,0,160],"dmg":1,"sli":1,"ser":0,"fat":0,"row":-1,"mot":-1,"pie":-1,"uto":-1,"uwr":-1},"geometry":{"type":"Point","coordinates":[22.501866,50.110495]}},{"type":"Feature","properties":{"ID":109955370,"yr":2021,"dt":"2021-02-24T18:16:49","WOJ":18,"sev":1,"c":[255,255,0,160],"dmg":1,"sli":1,"ser":0,"fat":0,"row":-1,"mot":1,"pie":-1,"uto":-1,"uwr":-1},"geometry":{"type":"Point","coordinates":[21.869881,49.934316]}},{"type":"Feature","properties":{"ID":109955436,"yr":2021,"dt":"2021-02-24T21:02:11","WOJ":18,"sev":1,"c":[255,255,0,160],"dmg":1,"sli":2,"ser":0,"fat":0,"row":-1,"mot":-1,"pie":-1,"uto":-1,"uwr":-1},"geometry":{"type":"Point","coordinates":[21.430917,49.869333]}},{"type":"Feature","properties":{"ID":109947965,"yr":2021,"dt":"2021-02-23T18:30:00","WOJ":18,"sev":1,"c":[255,255,0,160],"dmg":2,"sli":1,"ser":0,"fat":0,"row":-1,"mot":-1,"pie":-1,"uto":-1,"uwr":-1},"geometry":{"type":"Point","coordinates":[22.081667,49.929167]}},{"type":"Feature","properties":{"ID":109947285,"yr":2021,"dt":"2021-02-23T04:51:00","WOJ":18,"sev":1,"c":[255,255,0,160],"dmg":1,"sli":1,"ser":0,"fat":0,"row":-1,"mot":-1,"pie":-1,"uto":-1,"uwr":-1},"geometry":{"type":"Point","coordinates":[21.964944,50.074389]}},{"type":"Feature","properties":{"ID":109947286,"yr":2021,"dt":"2021-02-23T06:25:00","WOJ":18,"sev":1,"c":[255,255,0,160],"dmg":0,"sli":1,"ser":0,"fat":0,"row":-1,"mot":-1,"pie":-1,"uto":-1,"uwr":-1},"geometry":{"type":"Point","coordinates":[22.093056,50.192528]}},{"type":"Feature","properties":{"ID":109945568,"yr":2021,"dt":"2021-02-22T15:30:57","WOJ":18,"sev":1,"c":[255,255,0,160],"dmg":1,"sli":1,"ser":0,"fat":0,"row":-1,"mot":-1,"pie":1,"uto":-1,"uwr":-1},"geometry":{"type":"Point","coordinates":[21.79125,49.871111]}},{"type":"Feature","properties":{"ID":109942510,"yr":2021,"dt":"2021-02-22T05:40:44","WOJ":18,"sev":1,"c":[255,255,0,160],"dmg":1,"sli":1,"ser":0,"fat":0,"row":-1,"mot":-1,"pie":-1,"uto":-1,"uwr":-1},"geometry":{"type":"Point","coordinates":[21.486889,50.106528]}},{"type":"Feature","properties":{"ID":109942320,"yr":2021,"dt":"2021-02-21T09:38:00","WOJ":18,"sev":1,"c":[255,255,0,160],"dmg":1,"sli":2,"ser":0,"fat":0,"row":-1,"mot":-1,"pie":1,"uto":-1,"uwr":-1},"geometry":{"type":"Point","coordinates":[21.69925,49.673306]}},{"type":"Feature","properties":{"ID":109940640,"yr":2021,"dt":"2021-02-20T10:25:13","WOJ":18,"sev":1,"c":[255,255,0,160],"dmg":1,"sli":1,"ser":0,"fat":0,"row":-1,"mot":-1,"pie":-1,"uto":-1,"uwr":-1},"geometry":{"type":"Point","coordinates":[22.110333,49.741278]}},{"type":"Feature","properties":{"ID":110052540,"yr":2021,"dt":"2021-03-13T06:47:01","WOJ":18,"sev":1,"c":[255,255,0,160],"dmg":0,"sli":1,"ser":0,"fat":0,"row":-1,"mot":-1,"pie":-1,"uto":-1,"uwr":-1},"geometry":{"type":"Point","coordinates":[21.883944,49.572917]}},{"type":"Feature","properties":{"ID":110053233,"yr":2021,"dt":"2021-03-13T07:19:00","WOJ":18,"sev":1,"c":[255,255,0,160],"dmg":1,"sli":1,"ser":0,"fat":0,"row":-1,"mot":-1,"pie":-1,"uto":-1,"uwr":-1},"geometry":{"type":"Point","coordinates":[22.405444,50.425667]}},{"type":"Feature","properties":{"ID":110052970,"yr":2021,"dt":"2021-03-13T18:03:00","WOJ":18,"sev":1,"c":[255,255,0,160],"dmg":0,"sli":1,"ser":0,"fat":0,"row":-1,"mot":1,"pie":-1,"uto":-1,"uwr":-1},"geometry":{"type":"Point","coordinates":[22.134972,49.013556]}},{"type":"Feature","properties":{"ID":110055202,"yr":2021,"dt":"2021-03-11T14:10:00","WOJ":18,"sev":1,"c":[255,255,0,160],"dmg":1,"sli":1,"ser":0,"fat":0,"row":1,"mot":-1,"pie":-1,"uto":-1,"uwr":-1},"geometry":{"type":"Point","coordinates":[21.463056,50.291111]}},{"type":"Feature","properties":{"ID":110048142,"yr":2021,"dt":"2021-03-10T21:24:00","WOJ":18,"sev":1,"c":[255,255,0,160],"dmg":2,"sli":1,"ser":0,"fat":0,"row":-1,"mot":-1,"pie":-1,"uto":-1,"uwr":-1},"geometry":{"type":"Point","coordinates":[22.782083,49.799722]}},{"type":"Feature","properties":{"ID":110035376,"yr":2021,"dt":"2021-03-10T18:02:23","WOJ":18,"sev":1,"c":[255,255,0,160],"dmg":1,"sli":1,"ser":0,"fat":0,"row":-1,"mot":-1,"pie":1,"uto":-1,"uwr":-1},"geometry":{"type":"Point","coordinates":[22.603944,50.033944]}},{"type":"Feature","properties":{"ID":109978903,"yr":2021,"dt":"2021-03-09T08:59:00","WOJ":18,"sev":1,"c":[255,255,0,160],"dmg":2,"sli":1,"ser":0,"fat":0,"row":-1,"mot":-1,"pie":-1,"uto":-1,"uwr":-1},"geometry":{"type":"Point","coordinates":[22.07902,49.96492]}},{"type":"Feature","properties":{"ID":109975976,"yr":2021,"dt":"2021-03-07T16:32:00","WOJ":18,"sev":1,"c":[255,255,0,160],"dmg":0,"sli":1,"ser":0,"fat":0,"row":-1,"mot":-1,"pie":-1,"uto":-1,"uwr":-1},"geometry":{"type":"Point","coordinates":[21.934194,49.973139]}},{"type":"Feature","properties":{"ID":109975363,"yr":2021,"dt":"2021-03-06T11:38:00","WOJ":18,"sev":1,"c":[255,255,0,160],"dmg":0,"sli":1,"ser":0,"fat":0,"row":-1,"mot":-1,"pie":-1,"uto":-1,"uwr":-1},"geometry":{"type":"Point","coordinates":[21.614139,50.492194]}},{"type":"Feature","properties":{"ID":109975233,"yr":2021,"dt":"2021-03-06T11:05:32","WOJ":18,"sev":1,"c":[255,255,0,160],"dmg":1,"sli":1,"ser":0,"fat":0,"row":-1,"mot":-1,"pie":-1,"uto":-1,"uwr":-1},"geometry":{"type":"Point","coordinates":[22.580333,50.164944]}},{"type":"Feature","properties":{"ID":109975016,"yr":2021,"dt":"2021-03-06T06:09:00","WOJ":18,"sev":1,"c":[255,255,0,160],"dmg":0,"sli":1,"ser":0,"fat":0,"row":-1,"mot":-1,"pie":-1,"uto":-1,"uwr":-1},"geometry":{"type":"Point","coordinates":[21.587222,49.762056]}},{"type":"Feature","properties":{"ID":109974150,"yr":2021,"dt":"2021-03-05T08:48:00","WOJ":18,"sev":1,"c":[255,255,0,160],"dmg":1,"sli":1,"ser":0,"fat":0,"row":-1,"mot":-1,"pie":-1,"uto":-1,"uwr":-1},"geometry":{"type":"Point","coordinates":[22.09725,50.085694]}},{"type":"Feature","properties":{"ID":109974579,"yr":2021,"dt":"2021-03-05T13:44:00","WOJ":18,"sev":1,"c":[255,255,0,160],"dmg":2,"sli":1,"ser":0,"fat":0,"row":-1,"mot":-1,"pie":-1,"uto":-1,"uwr":-1},"geometry":{"type":"Point","coordinates":[21.900556,49.71725]}},{"type":"Feature","properties":{"ID":109972554,"yr":2021,"dt":"2021-03-05T06:56:00","WOJ":18,"sev":1,"c":[255,255,0,160],"dmg":1,"sli":1,"ser":0,"fat":0,"row":-1,"mot":-1,"pie":-1,"uto":-1,"uwr":-1},"geometry":{"type":"Point","coordinates":[21.983611,50.038889]}},{"type":"Feature","properties":{"ID":109973090,"yr":2021,"dt":"2021-03-05T11:40:09","WOJ":18,"sev":1,"c":[255,255,0,160],"dmg":1,"sli":1,"ser":0,"fat":0,"row":-1,"mot":-1,"pie":1,"uto":-1,"uwr":-1},"geometry":{"type":"Point","coordinates":[22.176922,50.368331]}},{"type":"Feature","properties":{"ID":109971767,"yr":2021,"dt":"2021-03-04T08:22:48","WOJ":18,"sev":1,"c":[255,255,0,160],"dmg":1,"sli":1,"ser":0,"fat":0,"row":-1,"mot":-1,"pie":-1,"uto":-1,"uwr":-1},"geometry":{"type":"Point","coordinates":[22.930778,50.245]}},{"type":"Feature","properties":{"ID":116714891,"yr":2021,"dt":"2021-12-08T11:29:00","WOJ":18,"sev":1,"c":[255,255,0,160],"dmg":1,"sli":1,"ser":0,"fat":0,"row":1,"mot":-1,"pie":-1,"uto":-1,"uwr":-1},"geometry":{"type":"Point","coordinates":[22.080556,50.051472]}},{"type":"Feature","properties":{"ID":110070425,"yr":2021,"dt":"2021-03-22T18:13:00","WOJ":18,"sev":1,"c":[255,255,0,160],"dmg":1,"sli":1,"ser":0,"fat":0,"row":-1,"mot":-1,"pie":1,"uto":-1,"uwr":-1},"geometry":{"type":"Point","coordinates":[22.022194,50.038194]}},{"type":"Feature","properties":{"ID":110066168,"yr":2021,"dt":"2021-03-21T13:41:00","WOJ":18,"sev":1,"c":[255,255,0,160],"dmg":0,"sli":1,"ser":0,"fat":0,"row":-1,"mot":1,"pie":-1,"uto":-1,"uwr":-1},"geometry":{"type":"Point","coordinates":[21.90712,50.13783]}},{"type":"Feature","properties":{"ID":110064028,"yr":2021,"dt":"2021-03-20T09:46:19","WOJ":18,"sev":1,"c":[255,255,0,160],"dmg":1,"sli":1,"ser":0,"fat":0,"row":-1,"mot":-1,"pie":-1,"uto":-1,"uwr":-1},"geometry":{"type":"Point","coordinates":[22.125194,50.524444]}},{"type":"Feature","properties":{"ID":110063511,"yr":2021,"dt":"2021-03-19T14:02:59","WOJ":18,"sev":1,"c":[255,255,0,160],"dmg":1,"sli":1,"ser":0,"fat":0,"row":-1,"mot":-1,"pie":-1,"uto":-1,"uwr":-1},"geometry":{"type":"Point","coordinates":[21.399111,50.061444]}},{"type":"Feature","properties":{"ID":110062666,"yr":2021,"dt":"2021-03-19T23:00:12","WOJ":18,"sev":1,"c":[255,255,0,160],"dmg":1,"sli":1,"ser":0,"fat":0,"row":-1,"mot":-1,"pie":-1,"uto":-1,"uwr":-1},"geometry":{"type":"Point","coordinates":[22.421878,49.994743]}},{"type":"Feature","properties":{"ID":110063809,"yr":2021,"dt":"2021-03-19T19:33:00","WOJ":18,"sev":1,"c":[255,255,0,160],"dmg":1,"sli":1,"ser":0,"fat":0,"row":1,"mot":-1,"pie":-1,"uto":-1,"uwr":-1},"geometry":{"type":"Point","coordinates":[21.925333,50.397278]}},{"type":"Feature","properties":{"ID":110063765,"yr":2021,"dt":"2021-03-19T14:21:00","WOJ":18,"sev":1,"c":[255,255,0,160],"dmg":1,"sli":1,"ser":0,"fat":0,"row":-1,"mot":-1,"pie":-1,"uto":-1,"uwr":-1},"geometry":{"type":"Point","coordinates":[21.314833,50.3895]}},{"type":"Feature","properties":{"ID":110059448,"yr":2021,"dt":"2021-03-17T10:55:00","WOJ":18,"sev":1,"c":[255,255,0,160],"dmg":0,"sli":1,"ser":0,"fat":0,"row":-1,"mot":-1,"pie":-1,"uto":-1,"uwr":-1},"geometry":{"type":"Point","coordinates":[21.430389,49.797694]}},{"type":"Feature","properties":{"ID":110059349,"yr":2021,"dt":"2021-03-17T11:01:00","WOJ":18,"sev":1,"c":[255,255,0,160],"dmg":0,"sli":2,"ser":0,"fat":0,"row":-1,"mot":-1,"pie":-1,"uto":-1,"uwr":-1},"geometry":{"type":"Point","coordinates":[22.155278,50.271389]}},{"type":"Feature","properties":{"ID":110060147,"yr":2021,"dt":"2021-03-17T18:43:00","WOJ":18,"sev":1,"c":[255,255,0,160],"dmg":0,"sli":1,"ser":0,"fat":0,"row":-1,"mot":-1,"pie":-1,"uto":-1,"uwr":-1},"geometry":{"type":"Point","coordinates":[21.97993,50.02618]}},{"type":"Feature","properties":{"ID":110058548,"yr":2021,"dt":"2021-03-16T18:42:00","WOJ":18,"sev":1,"c":[255,255,0,160],"dmg":1,"sli":1,"ser":0,"fat":0,"row":-1,"mot":-1,"pie":-1,"uto":-1,"uwr":-1},"geometry":{"type":"Point","coordinates":[21.982889,49.628278]}},{"type":"Feature","properties":{"ID":110057067,"yr":2021,"dt":"2021-03-16T07:31:00","WOJ":18,"sev":1,"c":[255,255,0,160],"dmg":1,"sli":1,"ser":0,"fat":0,"row":-1,"mot":-1,"pie":-1,"uto":-1,"uwr":-1},"geometry":{"type":"Point","coordinates":[22.1405,50.232139]}},{"type":"Feature","properties":{"ID":110058517,"yr":2021,"dt":"2021-03-16T22:21:00","WOJ":18,"sev":1,"c":[255,255,0,160],"dmg":0,"sli":1,"ser":0,"fat":0,"row":-1,"mot":-1,"pie":-1,"uto":-1,"uwr":-1},"geometry":{"type":"Point","coordinates":[21.945778,50.142389]}},{"type":"Feature","properties":{"ID":110052519,"yr":2021,"dt":"2021-03-13T06:45:00","WOJ":18,"sev":1,"c":[255,255,0,160],"dmg":0,"sli":1,"ser":0,"fat":0,"row":-1,"mot":-1,"pie":-1,"uto":-1,"uwr":-1},"geometry":{"type":"Point","coordinates":[21.95011,50.17944]}},{"type":"Feature","properties":{"ID":110053015,"yr":2021,"dt":"2021-03-13T21:32:29","WOJ":18,"sev":1,"c":[255,255,0,160],"dmg":1,"sli":1,"ser":0,"fat":0,"row":-1,"mot":-1,"pie":-1,"uto":-1,"uwr":-1},"geometry":{"type":"Point","coordinates":[22.012972,50.608528]}},{"type":"Feature","properties":{"ID":110079599,"yr":2021,"dt":"2021-03-26T19:22:09","WOJ":18,"sev":1,"c":[255,255,0,160],"dmg":0,"sli":1,"ser":0,"fat":0,"row":-1,"mot":-1,"pie":-1,"uto":-1,"uwr":-1},"geometry":{"type":"Point","coordinates":[21.301306,50.094806]}},{"type":"Feature","properties":{"ID":110073809,"yr":2021,"dt":"2021-03-24T19:23:00","WOJ":18,"sev":1,"c":[255,255,0,160],"dmg":1,"sli":1,"ser":0,"fat":0,"row":-1,"mot":-1,"pie":1,"uto":-1,"uwr":-1},"geometry":{"type":"Point","coordinates":[22.600667,49.431694]}},{"type":"Feature","properties":{"ID":110073395,"yr":2021,"dt":"2021-03-23T20:55:00","WOJ":18,"sev":1,"c":[255,255,0,160],"dmg":1,"sli":1,"ser":0,"fat":0,"row":-1,"mot":-1,"pie":1,"uto":-1,"uwr":-1},"geometry":{"type":"Point","coordinates":[22.296222,50.020944]}},{"type":"Feature","properties":{"ID":110074225,"yr":2021,"dt":"2021-03-23T23:30:00","WOJ":18,"sev":1,"c":[255,255,0,160],"dmg":1,"sli":1,"ser":0,"fat":0,"row":-1,"mot":-1,"pie":-1,"uto":-1,"uwr":-1},"geometry":{"type":"Point","coordinates":[22.01,50.039444]}},{"type":"Feature","properties":{"ID":116731465,"yr":2021,"dt":"2021-12-11T11:29:00","WOJ":18,"sev":1,"c":[255,255,0,160],"dmg":1,"sli":1,"ser":0,"fat":0,"row":1,"mot":-1,"pie":-1,"uto":-1,"uwr":-1},"geometry":{"type":"Point","coordinates":[21.685333,50.58625]}},{"type":"Feature","properties":{"ID":115006456,"yr":2021,"dt":"2021-12-11T17:15:34","WOJ":18,"sev":1,"c":[255,255,0,160],"dmg":1,"sli":1,"ser":0,"fat":0,"row":-1,"mot":-1,"pie":1,"uto":-1,"uwr":-1},"geometry":{"type":"Point","coordinates":[22.122601,50.376797]}},{"type":"Feature","properties":{"ID":115320995,"yr":2021,"dt":"2021-12-11T17:40:00","WOJ":18,"sev":1,"c":[255,255,0,160],"dmg":1,"sli":1,"ser":0,"fat":0,"row":-1,"mot":-1,"pie":1,"uto":-1,"uwr":-1},"geometry":{"type":"Point","coordinates":[22.566806,49.920917]}},{"type":"Feature","properties":{"ID":116714901,"yr":2021,"dt":"2021-12-10T20:48:00","WOJ":18,"sev":1,"c":[255,255,0,160],"dmg":1,"sli":1,"ser":0,"fat":0,"row":-1,"mot":-1,"pie":-1,"uto":-1,"uwr":-1},"geometry":{"type":"Point","coordinates":[21.991139,50.041889]}},{"type":"Feature","properties":{"ID":115187043,"yr":2021,"dt":"2021-12-10T18:07:18","WOJ":18,"sev":1,"c":[255,255,0,160],"dmg":1,"sli":1,"ser":0,"fat":0,"row":-1,"mot":-1,"pie":1,"uto":-1,"uwr":-1},"geometry":{"type":"Point","coordinates":[22.162796,49.689358]}},{"type":"Feature","properties":{"ID":114843826,"yr":2021,"dt":"2021-12-09T14:08:40","WOJ":18,"sev":1,"c":[255,255,0,160],"dmg":1,"sli":3,"ser":0,"fat":0,"row":-1,"mot":-1,"pie":-1,"uto":-1,"uwr":-1},"geometry":{"type":"Point","coordinates":[22.486622,50.059536]}},{"type":"Feature","properties":{"ID":116009846,"yr":2021,"dt":"2021-12-09T09:22:00","WOJ":18,"sev":1,"c":[255,255,0,160],"dmg":1,"sli":2,"ser":0,"fat":0,"row":-1,"mot":-1,"pie":-1,"uto":-1,"uwr":-1},"geometry":{"type":"Point","coordinates":[21.921639,49.967917]}},{"type":"Feature","properties":{"ID":114534110,"yr":2021,"dt":"2021-12-08T14:03:19","WOJ":18,"sev":1,"c":[255,255,0,160],"dmg":1,"sli":1,"ser":0,"fat":0,"row":-1,"mot":-1,"pie":1,"uto":-1,"uwr":-1},"geometry":{"type":"Point","coordinates":[21.827684,49.945461]}},{"type":"Feature","properties":{"ID":116009840,"yr":2021,"dt":"2021-12-08T12:30:00","WOJ":18,"sev":1,"c":[255,255,0,160],"dmg":2,"sli":1,"ser":0,"fat":0,"row":-1,"mot":-1,"pie":-1,"uto":-1,"uwr":-1},"geometry":{"type":"Point","coordinates":[22.08466,49.96335]}},{"type":"Feature","properties":{"ID":116043818,"yr":2021,"dt":"2021-12-08T10:58:00","WOJ":18,"sev":1,"c":[255,255,0,160],"dmg":1,"sli":1,"ser":0,"fat":0,"row":-1,"mot":-1,"pie":-1,"uto":-1,"uwr":-1},"geometry":{"type":"Point","coordinates":[22.08466,49.96335]}},{"type":"Feature","properties":{"ID":116313818,"yr":2021,"dt":"2021-12-08T11:50:00","WOJ":18,"sev":1,"c":[255,255,0,160],"dmg":1,"sli":1,"ser":0,"fat":0,"row":1,"mot":-1,"pie":-1,"uto":-1,"uwr":-1},"geometry":{"type":"Point","coordinates":[21.440139,50.278778]}},{"type":"Feature","properties":{"ID":116009835,"yr":2021,"dt":"2021-12-08T13:40:00","WOJ":18,"sev":1,"c":[255,255,0,160],"dmg":1,"sli":1,"ser":0,"fat":0,"row":-1,"mot":-1,"pie":-1,"uto":-1,"uwr":-1},"geometry":{"type":"Point","coordinates":[22.037028,50.056083]}},{"type":"Feature","properties":{"ID":110112649,"yr":2021,"dt":"2021-04-07T15:04:00","WOJ":18,"sev":1,"c":[255,255,0,160],"dmg":1,"sli":1,"ser":0,"fat":0,"row":-1,"mot":-1,"pie":-1,"uto":-1,"uwr":-1},"geometry":{"type":"Point","coordinates":[21.979028,50.098167]}},{"type":"Feature","properties":{"ID":110112156,"yr":2021,"dt":"2021-04-06T23:14:00","WOJ":18,"sev":1,"c":[255,255,0,160],"dmg":3,"sli":1,"ser":0,"fat":0,"row":-1,"mot":-1,"pie":-1,"uto":-1,"uwr":-1},"geometry":{"type":"Point","coordinates":[22.036722,50.053056]}},{"type":"Feature","properties":{"ID":110104737,"yr":2021,"dt":"2021-04-06T13:24:57","WOJ":18,"sev":1,"c":[255,255,0,160],"dmg":2,"sli":1,"ser":0,"fat":0,"row":-1,"mot":-1,"pie":-1,"uto":-1,"uwr":-1},"geometry":{"type":"Point","coordinates":[21.855444,50.220583]}},{"type":"Feature","properties":{"ID":110104259,"yr":2021,"dt":"2021-04-05T12:35:44","WOJ":18,"sev":1,"c":[255,255,0,160],"dmg":2,"sli":2,"ser":0,"fat":0,"row":-1,"mot":1,"pie":-1,"uto":-1,"uwr":-1},"geometry":{"type":"Point","coordinates":[22.221697,50.113795]}},{"type":"Feature","properties":{"ID":110101352,"yr":2021,"dt":"2021-04-03T11:17:31","WOJ":18,"sev":1,"c":[255,255,0,160],"dmg":0,"sli":2,"ser":0,"fat":0,"row":-1,"mot":-1,"pie":-1,"uto":-1,"uwr":-1},"geometry":{"type":"Point","coordinates":[22.124278,50.528806]}},{"type":"Feature","properties":{"ID":110098765,"yr":2021,"dt":"2021-04-02T15:07:01","WOJ":18,"sev":1,"c":[255,255,0,160],"dmg":1,"sli":1,"ser":0,"fat":0,"row":-1,"mot":-1,"pie":-1,"uto":-1,"uwr":-1},"geometry":{"type":"Point","coordinates":[22.144333,50.518472]}},{"type":"Feature","properties":{"ID":110098568,"yr":2021,"dt":"2021-04-02T11:21:00","WOJ":18,"sev":1,"c":[255,255,0,160],"dmg":1,"sli":1,"ser":0,"fat":0,"row":1,"mot":-1,"pie":-1,"uto":-1,"uwr":-1},"geometry":{"type":"Point","coordinates":[22.106556,50.046556]}},{"type":"Feature","properties":{"ID":110095850,"yr":2021,"dt":"2021-04-01T11:27:35","WOJ":18,"sev":1,"c":[255,255,0,160],"dmg":0,"sli":2,"ser":0,"fat":0,"row":-1,"mot":-1,"pie":-1,"uto":-1,"uwr":-1},"geometry":{"type":"Point","coordinates":[22.263083,49.735083]}},{"type":"Feature","properties":{"ID":110095302,"yr":2021,"dt":"2021-03-31T15:14:29","WOJ":18,"sev":1,"c":[255,255,0,160],"dmg":1,"sli":1,"ser":0,"fat":0,"row":-1,"mot":-1,"pie":-1,"uto":-1,"uwr":-1},"geometry":{"type":"Point","coordinates":[21.651117,50.501495]}},{"type":"Feature","properties":{"ID":110099142,"yr":2021,"dt":"2021-03-31T12:00:00","WOJ":18,"sev":1,"c":[255,255,0,160],"dmg":2,"sli":2,"ser":0,"fat":0,"row":-1,"mot":-1,"pie":-1,"uto":-1,"uwr":-1},"geometry":{"type":"Point","coordinates":[22.813972,49.769833]}},{"type":"Feature","properties":{"ID":110095244,"yr":2021,"dt":"2021-03-31T13:25:29","WOJ":18,"sev":1,"c":[255,255,0,160],"dmg":1,"sli":1,"ser":0,"fat":0,"row":-1,"mot":-1,"pie":-1,"uto":-1,"uwr":-1},"geometry":{"type":"Point","coordinates":[21.330528,49.750444]}},{"type":"Feature","properties":{"ID":110090702,"yr":2021,"dt":"2021-03-30T15:06:00","WOJ":18,"sev":1,"c":[255,255,0,160],"dmg":1,"sli":1,"ser":0,"fat":0,"row":-1,"mot":-1,"pie":-1,"uto":-1,"uwr":-1},"geometry":{"type":"Point","coordinates":[21.895278,50.01425]}},{"type":"Feature","properties":{"ID":110089710,"yr":2021,"dt":"2021-03-30T05:35:11","WOJ":18,"sev":1,"c":[255,255,0,160],"dmg":1,"sli":1,"ser":0,"fat":0,"row":-1,"mot":-1,"pie":1,"uto":-1,"uwr":-1},"geometry":{"type":"Point","coordinates":[21.385417,50.035583]}},{"type":"Feature","properties":{"ID":110090591,"yr":2021,"dt":"2021-03-30T05:59:00","WOJ":18,"sev":1,"c":[255,255,0,160],"dmg":2,"sli":1,"ser":0,"fat":0,"row":-1,"mot":-1,"pie":-1,"uto":-1,"uwr":-1},"geometry":{"type":"Point","coordinates":[21.859417,50.005333]}},{"type":"Feature","properties":{"ID":110083187,"yr":2021,"dt":"2021-03-27T22:49:00","WOJ":18,"sev":1,"c":[255,255,0,160],"dmg":1,"sli":1,"ser":0,"fat":0,"row":-1,"mot":-1,"pie":1,"uto":-1,"uwr":-1},"geometry":{"type":"Point","coordinates":[22.000694,50.080417]}},{"type":"Feature","properties":{"ID":110077891,"yr":2021,"dt":"2021-03-26T16:27:00","WOJ":18,"sev":1,"c":[255,255,0,160],"dmg":0,"sli":1,"ser":0,"fat":0,"row":-1,"mot":-1,"pie":-1,"uto":-1,"uwr":-1},"geometry":{"type":"Point","coordinates":[22.081667,49.891667]}},{"type":"Feature","properties":{"ID":110121987,"yr":2021,"dt":"2021-04-12T20:43:23","WOJ":18,"sev":1,"c":[255,255,0,160],"dmg":1,"sli":1,"ser":0,"fat":0,"row":-1,"mot":-1,"pie":-1,"uto":-1,"uwr":-1},"geometry":{"type":"Point","coordinates":[22.044917,50.578528]}},{"type":"Feature","properties":{"ID":110122653,"yr":2021,"dt":"2021-04-12T16:14:36","WOJ":18,"sev":1,"c":[255,255,0,160],"dmg":1,"sli":1,"ser":0,"fat":0,"row":-1,"mot":-1,"pie":-1,"uto":-1,"uwr":-1},"geometry":{"type":"Point","coordinates":[21.341389,49.922417]}},{"type":"Feature","properties":{"ID":110121340,"yr":2021,"dt":"2021-04-11T15:51:00","WOJ":18,"sev":1,"c":[255,255,0,160],"dmg":1,"sli":1,"ser":0,"fat":0,"row":1,"mot":-1,"pie":-1,"uto":-1,"uwr":-1},"geometry":{"type":"Point","coordinates":[22.143444,50.083361]}},{"type":"Feature","properties":{"ID":114925821,"yr":2021,"dt":"2021-12-07T17:26:00","WOJ":18,"sev":1,"c":[255,255,0,160],"dmg":0,"sli":1,"ser":0,"fat":0,"row":-1,"mot":-1,"pie":-1,"uto":-1,"uwr":-1},"geometry":{"type":"Point","coordinates":[22.208472,49.904333]}},{"type":"Feature","properties":{"ID":114241485,"yr":2021,"dt":"2021-12-06T19:01:55","WOJ":18,"sev":1,"c":[255,255,0,160],"dmg":1,"sli":1,"ser":0,"fat":0,"row":-1,"mot":-1,"pie":1,"uto":-1,"uwr":-1},"geometry":{"type":"Point","coordinates":[21.988056,50.031083]}},{"type":"Feature","properties":{"ID":114930821,"yr":2021,"dt":"2021-12-06T17:30:00","WOJ":18,"sev":1,"c":[255,255,0,160],"dmg":1,"sli":1,"ser":0,"fat":0,"row":-1,"mot":-1,"pie":-1,"uto":-1,"uwr":-1},"geometry":{"type":"Point","coordinates":[22.021222,50.067306]}},{"type":"Feature","properties":{"ID":114240858,"yr":2021,"dt":"2021-12-06T13:14:14","WOJ":18,"sev":1,"c":[255,255,0,160],"dmg":0,"sli":2,"ser":0,"fat":0,"row":1,"mot":-1,"pie":-1,"uto":-1,"uwr":-1},"geometry":{"type":"Point","coordinates":[21.988833,50.053389]}},{"type":"Feature","properties":{"ID":114241359,"yr":2021,"dt":"2021-12-06T17:37:56","WOJ":18,"sev":1,"c":[255,255,0,160],"dmg":0,"sli":2,"ser":0,"fat":0,"row":-1,"mot":-1,"pie":1,"uto":-1,"uwr":-1},"geometry":{"type":"Point","coordinates":[22.032417,50.046056]}},{"type":"Feature","properties":{"ID":114415824,"yr":2021,"dt":"2021-12-05T10:45:00","WOJ":18,"sev":1,"c":[255,255,0,160],"dmg":2,"sli":1,"ser":0,"fat":0,"row":-1,"mot":-1,"pie":-1,"uto":-1,"uwr":-1},"geometry":{"type":"Point","coordinates":[22.040917,50.014278]}},{"type":"Feature","properties":{"ID":120310109,"yr":2021,"dt":"2021-12-05T10:10:00","WOJ":18,"sev":1,"c":[255,255,0,160],"dmg":1,"sli":1,"ser":0,"fat":0,"row":-1,"mot":-1,"pie":-1,"uto":-1,"uwr":-1},"geometry":{"type":"Point","coordinates":[21.997056,50.051972]}},{"type":"Feature","properties":{"ID":113970890,"yr":2021,"dt":"2021-12-04T14:10:29","WOJ":18,"sev":1,"c":[255,255,0,160],"dmg":2,"sli":1,"ser":0,"fat":0,"row":-1,"mot":-1,"pie":-1,"uto":-1,"uwr":-1},"geometry":{"type":"Point","coordinates":[21.670694,50.564556]}},{"type":"Feature","properties":{"ID":113755682,"yr":2021,"dt":"2021-12-02T11:09:14","WOJ":18,"sev":1,"c":[255,255,0,160],"dmg":1,"sli":1,"ser":0,"fat":0,"row":-1,"mot":-1,"pie":-1,"uto":-1,"uwr":-1},"geometry":{"type":"Point","coordinates":[21.399278,49.885917]}},{"type":"Feature","properties":{"ID":116717872,"yr":2021,"dt":"2021-12-02T19:00:00","WOJ":18,"sev":1,"c":[255,255,0,160],"dmg":2,"sli":2,"ser":0,"fat":0,"row":-1,"mot":-1,"pie":-1,"uto":-1,"uwr":-1},"geometry":{"type":"Point","coordinates":[22.051722,50.047278]}},{"type":"Feature","properties":{"ID":110120910,"yr":2021,"dt":"2021-04-11T17:32:12","WOJ":18,"sev":1,"c":[255,255,0,160],"dmg":0,"sli":2,"ser":0,"fat":0,"row":1,"mot":1,"pie":-1,"uto":-1,"uwr":-1},"geometry":{"type":"Point","coordinates":[22.328827,50.147097]}},{"type":"Feature","properties":{"ID":110119123,"yr":2021,"dt":"2021-04-10T14:29:15","WOJ":18,"sev":1,"c":[255,255,0,160],"dmg":1,"sli":1,"ser":0,"fat":0,"row":-1,"mot":1,"pie":-1,"uto":-1,"uwr":-1},"geometry":{"type":"Point","coordinates":[22.145028,49.673361]}},{"type":"Feature","properties":{"ID":110118686,"yr":2021,"dt":"2021-04-09T12:54:00","WOJ":18,"sev":1,"c":[255,255,0,160],"dmg":2,"sli":1,"ser":0,"fat":0,"row":-1,"mot":-1,"pie":-1,"uto":-1,"uwr":-1},"geometry":{"type":"Point","coordinates":[21.793722,50.664306]}},{"type":"Feature","properties":{"ID":110141130,"yr":2021,"dt":"2021-04-23T19:20:00","WOJ":18,"sev":1,"c":[255,255,0,160],"dmg":1,"sli":1,"ser":0,"fat":0,"row":-1,"mot":1,"pie":-1,"uto":-1,"uwr":-1},"geometry":{"type":"Point","coordinates":[22.627806,49.970528]}},{"type":"Feature","properties":{"ID":110138918,"yr":2021,"dt":"2021-04-23T07:01:42","WOJ":18,"sev":1,"c":[255,255,0,160],"dmg":2,"sli":1,"ser":0,"fat":0,"row":-1,"mot":-1,"pie":-1,"uto":-1,"uwr":-1},"geometry":{"type":"Point","coordinates":[21.659806,50.067083]}},{"type":"Feature","properties":{"ID":110137761,"yr":2021,"dt":"2021-04-22T06:16:20","WOJ":18,"sev":1,"c":[255,255,0,160],"dmg":1,"sli":1,"ser":0,"fat":0,"row":-1,"mot":-1,"pie":-1,"uto":-1,"uwr":-1},"geometry":{"type":"Point","coordinates":[21.948639,49.783917]}},{"type":"Feature","properties":{"ID":110140340,"yr":2021,"dt":"2021-04-20T16:51:00","WOJ":18,"sev":1,"c":[255,255,0,160],"dmg":0,"sli":1,"ser":0,"fat":0,"row":1,"mot":-1,"pie":-1,"uto":-1,"uwr":-1},"geometry":{"type":"Point","coordinates":[21.489694,49.745417]}},{"type":"Feature","properties":{"ID":110135145,"yr":2021,"dt":"2021-04-20T08:42:39","WOJ":18,"sev":1,"c":[255,255,0,160],"dmg":0,"sli":1,"ser":0,"fat":0,"row":-1,"mot":-1,"pie":-1,"uto":-1,"uwr":-1},"geometry":{"type":"Point","coordinates":[22.538954,50.165858]}},{"type":"Feature","properties":{"ID":110134163,"yr":2021,"dt":"2021-04-20T08:57:00","WOJ":18,"sev":1,"c":[255,255,0,160],"dmg":2,"sli":1,"ser":0,"fat":0,"row":-1,"mot":-1,"pie":-1,"uto":-1,"uwr":-1},"geometry":{"type":"Point","coordinates":[21.971167,50.119861]}},{"type":"Feature","properties":{"ID":110132683,"yr":2021,"dt":"2021-04-19T14:00:00","WOJ":18,"sev":1,"c":[255,255,0,160],"dmg":1,"sli":1,"ser":0,"fat":0,"row":1,"mot":-1,"pie":-1,"uto":-1,"uwr":-1},"geometry":{"type":"Point","coordinates":[21.670806,50.567194]}},{"type":"Feature","properties":{"ID":110131440,"yr":2021,"dt":"2021-04-18T18:28:00","WOJ":18,"sev":1,"c":[255,255,0,160],"dmg":1,"sli":1,"ser":0,"fat":0,"row":1,"mot":-1,"pie":-1,"uto":-1,"uwr":-1},"geometry":{"type":"Point","coordinates":[22.493139,50.099167]}},{"type":"Feature","properties":{"ID":110129461,"yr":2021,"dt":"2021-04-17T12:41:00","WOJ":18,"sev":1,"c":[255,255,0,160],"dmg":1,"sli":2,"ser":0,"fat":0,"row":-1,"mot":-1,"pie":-1,"uto":-1,"uwr":-1},"geometry":{"type":"Point","coordinates":[21.931667,50.175194]}},{"type":"Feature","properties":{"ID":110129715,"yr":2021,"dt":"2021-04-17T20:24:36","WOJ":18,"sev":1,"c":[255,255,0,160],"dmg":1,"sli":1,"ser":0,"fat":0,"row":-1,"mot":-1,"pie":1,"uto":-1,"uwr":-1},"geometry":{"type":"Point","coordinates":[22.411972,49.985722]}},{"type":"Feature","properties":{"ID":110127662,"yr":2021,"dt":"2021-04-16T10:06:00","WOJ":18,"sev":1,"c":[255,255,0,160],"dmg":0,"sli":2,"ser":0,"fat":0,"row":-1,"mot":-1,"pie":-1,"uto":-1,"uwr":-1},"geometry":{"type":"Point","coordinates":[22.332043,50.025719]}},{"type":"Feature","properties":{"ID":110128630,"yr":2021,"dt":"2021-04-16T14:14:00","WOJ":18,"sev":1,"c":[255,255,0,160],"dmg":0,"sli":2,"ser":0,"fat":0,"row":-1,"mot":-1,"pie":-1,"uto":-1,"uwr":-1},"geometry":{"type":"Point","coordinates":[21.601806,50.276667]}},{"type":"Feature","properties":{"ID":110127512,"yr":2021,"dt":"2021-04-16T08:44:43","WOJ":18,"sev":1,"c":[255,255,0,160],"dmg":1,"sli":1,"ser":0,"fat":0,"row":-1,"mot":-1,"pie":-1,"uto":-1,"uwr":-1},"geometry":{"type":"Point","coordinates":[21.440861,50.055361]}},{"type":"Feature","properties":{"ID":110124788,"yr":2021,"dt":"2021-04-14T09:05:57","WOJ":18,"sev":1,"c":[255,255,0,160],"dmg":0,"sli":1,"ser":0,"fat":0,"row":-1,"mot":-1,"pie":-1,"uto":-1,"uwr":-1},"geometry":{"type":"Point","coordinates":[22.008667,50.610472]}},{"type":"Feature","properties":{"ID":110124528,"yr":2021,"dt":"2021-04-14T06:24:00","WOJ":18,"sev":1,"c":[255,255,0,160],"dmg":0,"sli":1,"ser":0,"fat":0,"row":-1,"mot":-1,"pie":-1,"uto":-1,"uwr":-1},"geometry":{"type":"Point","coordinates":[21.89536,50.01418]}},{"type":"Feature","properties":{"ID":110124944,"yr":2021,"dt":"2021-04-14T11:40:00","WOJ":18,"sev":1,"c":[255,255,0,160],"dmg":2,"sli":1,"ser":0,"fat":0,"row":-1,"mot":-1,"pie":-1,"uto":-1,"uwr":-1},"geometry":{"type":"Point","coordinates":[22.785917,50.061167]}},{"type":"Feature","properties":{"ID":110144222,"yr":2021,"dt":"2021-04-25T21:26:00","WOJ":18,"sev":1,"c":[255,255,0,160],"dmg":1,"sli":1,"ser":0,"fat":0,"row":-1,"mot":-1,"pie":-1,"uto":-1,"uwr":-1},"geometry":{"type":"Point","coordinates":[22.037306,50.055556]}},{"type":"Feature","properties":{"ID":113816115,"yr":2021,"dt":"2021-12-02T16:38:26","WOJ":18,"sev":1,"c":[255,255,0,160],"dmg":1,"sli":1,"ser":0,"fat":0,"row":-1,"mot":-1,"pie":1,"uto":-1,"uwr":-1},"geometry":{"type":"Point","coordinates":[21.749639,50.124028]}},{"type":"Feature","properties":{"ID":113712819,"yr":2021,"dt":"2021-12-01T09:26:01","WOJ":18,"sev":1,"c":[255,255,0,160],"dmg":1,"sli":2,"ser":0,"fat":0,"row":-1,"mot":-1,"pie":1,"uto":-1,"uwr":-1},"geometry":{"type":"Point","coordinates":[21.42575,50.053833]}},{"type":"Feature","properties":{"ID":113677487,"yr":2021,"dt":"2021-12-01T04:38:18","WOJ":18,"sev":1,"c":[255,255,0,160],"dmg":0,"sli":2,"ser":0,"fat":0,"row":-1,"mot":-1,"pie":1,"uto":-1,"uwr":-1},"geometry":{"type":"Point","coordinates":[21.776611,49.691139]}},{"type":"Feature","properties":{"ID":113763828,"yr":2021,"dt":"2021-12-01T15:19:25","WOJ":18,"sev":1,"c":[255,255,0,160],"dmg":1,"sli":1,"ser":0,"fat":0,"row":-1,"mot":-1,"pie":-1,"uto":-1,"uwr":-1},"geometry":{"type":"Point","coordinates":[21.622812,49.856332]}},{"type":"Feature","properties":{"ID":115003821,"yr":2021,"dt":"2021-11-30T18:02:00","WOJ":18,"sev":1,"c":[255,255,0,160],"dmg":0,"sli":1,"ser":0,"fat":0,"row":-1,"mot":-1,"pie":-1,"uto":-1,"uwr":-1},"geometry":{"type":"Point","coordinates":[22.020167,50.001083]}},{"type":"Feature","properties":{"ID":114117818,"yr":2021,"dt":"2021-11-30T07:00:00","WOJ":18,"sev":1,"c":[255,255,0,160],"dmg":1,"sli":1,"ser":0,"fat":0,"row":-1,"mot":-1,"pie":1,"uto":-1,"uwr":-1},"geometry":{"type":"Point","coordinates":[21.7775,50.242306]}},{"type":"Feature","properties":{"ID":113832844,"yr":2021,"dt":"2021-11-30T17:01:00","WOJ":18,"sev":1,"c":[255,255,0,160],"dmg":1,"sli":1,"ser":0,"fat":0,"row":-1,"mot":-1,"pie":1,"uto":-1,"uwr":-1},"geometry":{"type":"Point","coordinates":[22.10065,49.60536]}},{"type":"Feature","properties":{"ID":113618581,"yr":2021,"dt":"2021-11-30T07:27:19","WOJ":18,"sev":1,"c":[255,255,0,160],"dmg":1,"sli":1,"ser":0,"fat":0,"row":-1,"mot":-1,"pie":1,"uto":-1,"uwr":-1},"geometry":{"type":"Point","coordinates":[22.056694,50.574167]}},{"type":"Feature","properties":{"ID":114411821,"yr":2021,"dt":"2021-11-29T18:15:00","WOJ":18,"sev":1,"c":[255,255,0,160],"dmg":1,"sli":1,"ser":0,"fat":0,"row":-1,"mot":-1,"pie":1,"uto":-1,"uwr":-1},"geometry":{"type":"Point","coordinates":[22.1385,50.327083]}},{"type":"Feature","properties":{"ID":113618764,"yr":2021,"dt":"2021-11-29T08:20:00","WOJ":18,"sev":1,"c":[255,255,0,160],"dmg":1,"sli":1,"ser":0,"fat":0,"row":-1,"mot":-1,"pie":-1,"uto":-1,"uwr":-1},"geometry":{"type":"Point","coordinates":[21.6825,50.486472]}},{"type":"Feature","properties":{"ID":113562211,"yr":2021,"dt":"2021-11-29T06:46:00","WOJ":18,"sev":1,"c":[255,255,0,160],"dmg":1,"sli":1,"ser":0,"fat":0,"row":1,"mot":-1,"pie":-1,"uto":-1,"uwr":-1},"geometry":{"type":"Point","coordinates":[23.200472,50.260472]}},{"type":"Feature","properties":{"ID":113556788,"yr":2021,"dt":"2021-11-28T16:26:32","WOJ":18,"sev":1,"c":[255,255,0,160],"dmg":1,"sli":3,"ser":0,"fat":0,"row":-1,"mot":-1,"pie":-1,"uto":-1,"uwr":-1},"geometry":{"type":"Point","coordinates":[22.226278,50.482639]}},{"type":"Feature","properties":{"ID":113640856,"yr":2021,"dt":"2021-11-27T22:00:00","WOJ":18,"sev":1,"c":[255,255,0,160],"dmg":2,"sli":3,"ser":0,"fat":0,"row":-1,"mot":-1,"pie":-1,"uto":-1,"uwr":-1},"geometry":{"type":"Point","coordinates":[22.049889,50.053722]}},{"type":"Feature","properties":{"ID":110144149,"yr":2021,"dt":"2021-04-25T18:00:00","WOJ":18,"sev":1,"c":[255,255,0,160],"dmg":1,"sli":1,"ser":0,"fat":0,"row":1,"mot":-1,"pie":-1,"uto":-1,"uwr":-1},"geometry":{"type":"Point","coordinates":[21.950806,50.21675]}},{"type":"Feature","properties":{"ID":110155579,"yr":2021,"dt":"2021-04-24T13:55:00","WOJ":18,"sev":1,"c":[255,255,0,160],"dmg":0,"sli":1,"ser":0,"fat":0,"row":-1,"mot":-1,"pie":-1,"uto":-1,"uwr":-1},"geometry":{"type":"Point","coordinates":[21.467667,49.650583]}},{"type":"Feature","properties":{"ID":110164428,"yr":2021,"dt":"2021-05-04T13:08:00","WOJ":18,"sev":1,"c":[255,255,0,160],"dmg":1,"sli":1,"ser":0,"fat":0,"row":1,"mot":-1,"pie":-1,"uto":-1,"uwr":-1},"geometry":{"type":"Point","coordinates":[21.98037,50.07838]}},{"type":"Feature","properties":{"ID":110159601,"yr":2021,"dt":"2021-05-02T12:20:56","WOJ":18,"sev":1,"c":[255,255,0,160],"dmg":1,"sli":1,"ser":0,"fat":0,"row":-1,"mot":1,"pie":-1,"uto":-1,"uwr":-1},"geometry":{"type":"Point","coordinates":[23.216861,50.300028]}},{"type":"Feature","properties":{"ID":110159779,"yr":2021,"dt":"2021-05-02T19:30:00","WOJ":18,"sev":1,"c":[255,255,0,160],"dmg":1,"sli":1,"ser":0,"fat":0,"row":-1,"mot":-1,"pie":-1,"uto":-1,"uwr":-1},"geometry":{"type":"Point","coordinates":[22.764389,50.13175]}},{"type":"Feature","properties":{"ID":110159209,"yr":2021,"dt":"2021-05-01T09:09:10","WOJ":18,"sev":1,"c":[255,255,0,160],"dmg":0,"sli":2,"ser":0,"fat":0,"row":-1,"mot":-1,"pie":-1,"uto":-1,"uwr":-1},"geometry":{"type":"Point","coordinates":[21.918778,50.368917]}},{"type":"Feature","properties":{"ID":110159405,"yr":2021,"dt":"2021-05-01T16:52:00","WOJ":18,"sev":1,"c":[255,255,0,160],"dmg":0,"sli":1,"ser":0,"fat":0,"row":-1,"mot":-1,"pie":-1,"uto":-1,"uwr":-1},"geometry":{"type":"Point","coordinates":[21.872667,49.677056]}},{"type":"Feature","properties":{"ID":110158781,"yr":2021,"dt":"2021-05-01T18:33:38","WOJ":18,"sev":1,"c":[255,255,0,160],"dmg":1,"sli":1,"ser":0,"fat":0,"row":-1,"mot":-1,"pie":-1,"uto":-1,"uwr":-1},"geometry":{"type":"Point","coordinates":[21.313833,50.111139]}},{"type":"Feature","properties":{"ID":110157497,"yr":2021,"dt":"2021-04-30T20:58:00","WOJ":18,"sev":1,"c":[255,255,0,160],"dmg":1,"sli":1,"ser":0,"fat":0,"row":-1,"mot":-1,"pie":-1,"uto":-1,"uwr":-1},"geometry":{"type":"Point","coordinates":[22.008056,50.03]}},{"type":"Feature","properties":{"ID":110157523,"yr":2021,"dt":"2021-04-30T18:15:00","WOJ":18,"sev":1,"c":[255,255,0,160],"dmg":2,"sli":2,"ser":0,"fat":0,"row":1,"mot":-1,"pie":-1,"uto":-1,"uwr":-1},"geometry":{"type":"Point","coordinates":[22.35075,50.195556]}},{"type":"Feature","properties":{"ID":110149470,"yr":2021,"dt":"2021-04-28T16:28:22","WOJ":18,"sev":1,"c":[255,255,0,160],"dmg":0,"sli":2,"ser":0,"fat":0,"row":-1,"mot":-1,"pie":-1,"uto":-1,"uwr":-1},"geometry":{"type":"Point","coordinates":[22.064083,50.636889]}},{"type":"Feature","properties":{"ID":110148099,"yr":2021,"dt":"2021-04-28T10:42:44","WOJ":18,"sev":1,"c":[255,255,0,160],"dmg":1,"sli":1,"ser":0,"fat":0,"row":-1,"mot":-1,"pie":-1,"uto":-1,"uwr":-1},"geometry":{"type":"Point","coordinates":[21.485444,50.1425]}},{"type":"Feature","properties":{"ID":110150456,"yr":2021,"dt":"2021-04-28T17:44:00","WOJ":18,"sev":1,"c":[255,255,0,160],"dmg":2,"sli":1,"ser":0,"fat":0,"row":-1,"mot":-1,"pie":-1,"uto":-1,"uwr":-1},"geometry":{"type":"Point","coordinates":[21.419472,49.828333]}},{"type":"Feature","properties":{"ID":110148837,"yr":2021,"dt":"2021-04-27T18:58:00","WOJ":18,"sev":1,"c":[255,255,0,160],"dmg":1,"sli":2,"ser":0,"fat":0,"row":-1,"mot":-1,"pie":-1,"uto":-1,"uwr":-1},"geometry":{"type":"Point","coordinates":[21.678,50.527417]}},{"type":"Feature","properties":{"ID":110145833,"yr":2021,"dt":"2021-04-26T15:08:00","WOJ":18,"sev":1,"c":[255,255,0,160],"dmg":1,"sli":1,"ser":0,"fat":0,"row":-1,"mot":-1,"pie":-1,"uto":-1,"uwr":-1},"geometry":{"type":"Point","coordinates":[21.639861,50.513528]}},{"type":"Feature","properties":{"ID":110144893,"yr":2021,"dt":"2021-04-26T17:01:00","WOJ":18,"sev":1,"c":[255,255,0,160],"dmg":2,"sli":1,"ser":0,"fat":0,"row":-1,"mot":-1,"pie":-1,"uto":-1,"uwr":-1},"geometry":{"type":"Point","coordinates":[21.704806,50.599778]}},{"type":"Feature","properties":{"ID":110145975,"yr":2021,"dt":"2021-04-26T23:58:00","WOJ":18,"sev":1,"c":[255,255,0,160],"dmg":1,"sli":1,"ser":0,"fat":0,"row":-1,"mot":-1,"pie":1,"uto":-1,"uwr":-1},"geometry":{"type":"Point","coordinates":[21.97521,50.04874]}},{"type":"Feature","properties":{"ID":110145800,"yr":2021,"dt":"2021-04-26T17:28:00","WOJ":18,"sev":1,"c":[255,255,0,160],"dmg":1,"sli":1,"ser":0,"fat":0,"row":-1,"mot":-1,"pie":-1,"uto":-1,"uwr":-1},"geometry":{"type":"Point","coordinates":[22.051639,50.070639]}},{"type":"Feature","properties":{"ID":110173620,"yr":2021,"dt":"2021-05-10T06:49:00","WOJ":18,"sev":1,"c":[255,255,0,160],"dmg":1,"sli":2,"ser":0,"fat":0,"row":-1,"mot":-1,"pie":-1,"uto":-1,"uwr":-1},"geometry":{"type":"Point","coordinates":[21.99769,50.03803]}},{"type":"Feature","properties":{"ID":110174112,"yr":2021,"dt":"2021-05-10T15:43:00","WOJ":18,"sev":1,"c":[255,255,0,160],"dmg":1,"sli":1,"ser":0,"fat":0,"row":-1,"mot":-1,"pie":1,"uto":-1,"uwr":-1},"geometry":{"type":"Point","coordinates":[22.01775,49.988028]}},{"type":"Feature","properties":{"ID":110173782,"yr":2021,"dt":"2021-05-09T12:16:00","WOJ":18,"sev":1,"c":[255,255,0,160],"dmg":0,"sli":1,"ser":0,"fat":0,"row":-1,"mot":-1,"pie":-1,"uto":-1,"uwr":-1},"geometry":{"type":"Point","coordinates":[21.804583,49.873444]}},{"type":"Feature","properties":{"ID":110172797,"yr":2021,"dt":"2021-05-09T18:44:06","WOJ":18,"sev":1,"c":[255,255,0,160],"dmg":0,"sli":1,"ser":0,"fat":0,"row":-1,"mot":-1,"pie":-1,"uto":-1,"uwr":-1},"geometry":{"type":"Point","coordinates":[22.076417,50.572167]}},{"type":"Feature","properties":{"ID":110172918,"yr":2021,"dt":"2021-05-09T21:15:00","WOJ":18,"sev":1,"c":[255,255,0,160],"dmg":1,"sli":1,"ser":0,"fat":0,"row":-1,"mot":-1,"pie":1,"uto":-1,"uwr":-1},"geometry":{"type":"Point","coordinates":[21.690444,49.667417]}},{"type":"Feature","properties":{"ID":110173374,"yr":2021,"dt":"2021-05-09T13:34:00","WOJ":18,"sev":1,"c":[255,255,0,160],"dmg":1,"sli":1,"ser":0,"fat":0,"row":1,"mot":-1,"pie":-1,"uto":-1,"uwr":-1},"geometry":{"type":"Point","coordinates":[21.423806,50.048583]}},{"type":"Feature","properties":{"ID":110172468,"yr":2021,"dt":"2021-05-09T01:03:00","WOJ":18,"sev":1,"c":[255,255,0,160],"dmg":1,"sli":1,"ser":0,"fat":0,"row":-1,"mot":-1,"pie":-1,"uto":-1,"uwr":-1},"geometry":{"type":"Point","coordinates":[22.063333,50.09875]}},{"type":"Feature","properties":{"ID":110173414,"yr":2021,"dt":"2021-05-09T16:20:00","WOJ":18,"sev":1,"c":[255,255,0,160],"dmg":1,"sli":1,"ser":0,"fat":0,"row":1,"mot":-1,"pie":-1,"uto":-1,"uwr":-1},"geometry":{"type":"Point","coordinates":[22.95678,50.30474]}},{"type":"Feature","properties":{"ID":110172813,"yr":2021,"dt":"2021-05-09T17:44:00","WOJ":18,"sev":1,"c":[255,255,0,160],"dmg":0,"sli":1,"ser":0,"fat":0,"row":-1,"mot":1,"pie":-1,"uto":-1,"uwr":-1},"geometry":{"type":"Point","coordinates":[21.974528,50.115028]}},{"type":"Feature","properties":{"ID":110172366,"yr":2021,"dt":"2021-05-08T20:45:00","WOJ":18,"sev":1,"c":[255,255,0,160],"dmg":1,"sli":3,"ser":0,"fat":0,"row":-1,"mot":-1,"pie":-1,"uto":-1,"uwr":-1},"geometry":{"type":"Point","coordinates":[21.973278,50.107694]}},{"type":"Feature","properties":{"ID":110171335,"yr":2021,"dt":"2021-05-07T15:02:07","WOJ":18,"sev":1,"c":[255,255,0,160],"dmg":0,"sli":2,"ser":0,"fat":0,"row":-1,"mot":-1,"pie":-1,"uto":-1,"uwr":-1},"geometry":{"type":"Point","coordinates":[21.670694,50.05209]}},{"type":"Feature","properties":{"ID":110170708,"yr":2021,"dt":"2021-05-07T16:19:00","WOJ":18,"sev":1,"c":[255,255,0,160],"dmg":2,"sli":2,"ser":0,"fat":0,"row":-1,"mot":-1,"pie":-1,"uto":-1,"uwr":-1},"geometry":{"type":"Point","coordinates":[21.82075,49.877111]}},{"type":"Feature","properties":{"ID":110170354,"yr":2021,"dt":"2021-05-07T12:02:00","WOJ":18,"sev":1,"c":[255,255,0,160],"dmg":3,"sli":1,"ser":0,"fat":0,"row":-1,"mot":-1,"pie":-1,"uto":-1,"uwr":-1},"geometry":{"type":"Point","coordinates":[21.698472,50.570417]}},{"type":"Feature","properties":{"ID":110170089,"yr":2021,"dt":"2021-05-07T09:48:00","WOJ":18,"sev":1,"c":[255,255,0,160],"dmg":1,"sli":1,"ser":0,"fat":0,"row":-1,"mot":-1,"pie":-1,"uto":-1,"uwr":-1},"geometry":{"type":"Point","coordinates":[21.97389,50.05469]}},{"type":"Feature","properties":{"ID":110170419,"yr":2021,"dt":"2021-05-07T12:38:19","WOJ":18,"sev":1,"c":[255,255,0,160],"dmg":1,"sli":1,"ser":0,"fat":0,"row":-1,"mot":-1,"pie":-1,"uto":-1,"uwr":-1},"geometry":{"type":"Point","coordinates":[22.143806,50.508333]}},{"type":"Feature","properties":{"ID":110167024,"yr":2021,"dt":"2021-05-06T06:12:00","WOJ":18,"sev":1,"c":[255,255,0,160],"dmg":1,"sli":1,"ser":0,"fat":0,"row":-1,"mot":-1,"pie":-1,"uto":-1,"uwr":-1},"geometry":{"type":"Point","coordinates":[22.032833,50.037806]}},{"type":"Feature","properties":{"ID":110179415,"yr":2021,"dt":"2021-05-12T16:00:00","WOJ":18,"sev":1,"c":[255,255,0,160],"dmg":1,"sli":1,"ser":0,"fat":0,"row":-1,"mot":-1,"pie":-1,"uto":-1,"uwr":-1},"geometry":{"type":"Point","coordinates":[22.808278,49.957583]}},{"type":"Feature","properties":{"ID":110180504,"yr":2021,"dt":"2021-05-12T20:18:00","WOJ":18,"sev":1,"c":[255,255,0,160],"dmg":0,"sli":2,"ser":0,"fat":0,"row":-1,"mot":-1,"pie":-1,"uto":-1,"uwr":-1},"geometry":{"type":"Point","coordinates":[21.825222,49.834833]}},{"type":"Feature","properties":{"ID":110179423,"yr":2021,"dt":"2021-05-12T16:02:24","WOJ":18,"sev":1,"c":[255,255,0,160],"dmg":1,"sli":1,"ser":0,"fat":0,"row":-1,"mot":-1,"pie":1,"uto":-1,"uwr":-1},"geometry":{"type":"Point","coordinates":[22.384861,50.057083]}},{"type":"Feature","properties":{"ID":110177063,"yr":2021,"dt":"2021-05-12T07:31:00","WOJ":18,"sev":1,"c":[255,255,0,160],"dmg":1,"sli":1,"ser":0,"fat":0,"row":-1,"mot":-1,"pie":-1,"uto":-1,"uwr":-1},"geometry":{"type":"Point","coordinates":[22.162722,49.591944]}},{"type":"Feature","properties":{"ID":110179402,"yr":2021,"dt":"2021-05-12T14:11:00","WOJ":18,"sev":1,"c":[255,255,0,160],"dmg":1,"sli":1,"ser":0,"fat":0,"row":-1,"mot":1,"pie":-1,"uto":-1,"uwr":-1},"geometry":{"type":"Point","coordinates":[21.590306,50.088667]}},{"type":"Feature","properties":{"ID":110176244,"yr":2021,"dt":"2021-05-11T14:47:00","WOJ":18,"sev":1,"c":[255,255,0,160],"dmg":1,"sli":2,"ser":0,"fat":0,"row":-1,"mot":-1,"pie":-1,"uto":-1,"uwr":-1},"geometry":{"type":"Point","coordinates":[22.031639,50.026778]}},{"type":"Feature","properties":{"ID":110177266,"yr":2021,"dt":"2021-05-11T17:40:00","WOJ":18,"sev":1,"c":[255,255,0,160],"dmg":1,"sli":1,"ser":0,"fat":0,"row":1,"mot":-1,"pie":-1,"uto":-1,"uwr":-1},"geometry":{"type":"Point","coordinates":[21.874833,50.114833]}},{"type":"Feature","properties":{"ID":110177371,"yr":2021,"dt":"2021-05-11T19:13:31","WOJ":18,"sev":1,"c":[255,255,0,160],"dmg":1,"sli":1,"ser":0,"fat":0,"row":1,"mot":-1,"pie":-1,"uto":-1,"uwr":-1},"geometry":{"type":"Point","coordinates":[21.726,49.834583]}},{"type":"Feature","properties":{"ID":110175004,"yr":2021,"dt":"2021-05-11T14:39:00","WOJ":18,"sev":1,"c":[255,255,0,160],"dmg":2,"sli":1,"ser":0,"fat":0,"row":-1,"mot":1,"pie":-1,"uto":-1,"uwr":-1},"geometry":{"type":"Point","coordinates":[21.977639,50.018167]}},{"type":"Feature","properties":{"ID":110177251,"yr":2021,"dt":"2021-05-11T17:38:00","WOJ":18,"sev":1,"c":[255,255,0,160],"dmg":1,"sli":1,"ser":0,"fat":0,"row":-1,"mot":-1,"pie":-1,"uto":-1,"uwr":-1},"geometry":{"type":"Point","coordinates":[21.991861,50.041694]}},{"type":"Feature","properties":{"ID":110174802,"yr":2021,"dt":"2021-05-11T08:16:27","WOJ":18,"sev":1,"c":[255,255,0,160],"dmg":1,"sli":1,"ser":0,"fat":0,"row":1,"mot":-1,"pie":-1,"uto":-1,"uwr":-1},"geometry":{"type":"Point","coordinates":[21.449861,50.288306]}},{"type":"Feature","properties":{"ID":110176153,"yr":2021,"dt":"2021-05-11T06:33:58","WOJ":18,"sev":1,"c":[255,255,0,160],"dmg":1,"sli":1,"ser":0,"fat":0,"row":-1,"mot":-1,"pie":-1,"uto":-1,"uwr":-1},"geometry":{"type":"Point","coordinates":[22.659944,49.957917]}},{"type":"Feature","properties":{"ID":110174231,"yr":2021,"dt":"2021-05-10T12:53:00","WOJ":18,"sev":1,"c":[255,255,0,160],"dmg":1,"sli":1,"ser":0,"fat":0,"row":-1,"mot":-1,"pie":-1,"uto":-1,"uwr":-1},"geometry":{"type":"Point","coordinates":[21.96962,50.05362]}},{"type":"Feature","properties":{"ID":110175168,"yr":2021,"dt":"2021-05-10T11:51:00","WOJ":18,"sev":1,"c":[255,255,0,160],"dmg":1,"sli":1,"ser":0,"fat":0,"row":-1,"mot":1,"pie":-1,"uto":-1,"uwr":-1},"geometry":{"type":"Point","coordinates":[21.765639,49.875111]}},{"type":"Feature","properties":{"ID":110173645,"yr":2021,"dt":"2021-05-10T07:15:20","WOJ":18,"sev":1,"c":[255,255,0,160],"dmg":1,"sli":1,"ser":0,"fat":0,"row":-1,"mot":-1,"pie":-1,"uto":-1,"uwr":-1},"geometry":{"type":"Point","coordinates":[22.141083,50.519444]}},{"type":"Feature","properties":{"ID":110174278,"yr":2021,"dt":"2021-05-10T13:42:00","WOJ":18,"sev":1,"c":[255,255,0,160],"dmg":1,"sli":1,"ser":0,"fat":0,"row":-1,"mot":-1,"pie":-1,"uto":-1,"uwr":-1},"geometry":{"type":"Point","coordinates":[22.027361,50.028639]}},{"type":"Feature","properties":{"ID":110181055,"yr":2021,"dt":"2021-05-13T19:51:00","WOJ":18,"sev":1,"c":[255,255,0,160],"dmg":1,"sli":1,"ser":0,"fat":0,"row":1,"mot":-1,"pie":-1,"uto":-1,"uwr":-1},"geometry":{"type":"Point","coordinates":[21.821389,49.944056]}},{"type":"Feature","properties":{"ID":110181619,"yr":2021,"dt":"2021-05-13T15:42:20","WOJ":18,"sev":1,"c":[255,255,0,160],"dmg":1,"sli":1,"ser":0,"fat":0,"row":-1,"mot":-1,"pie":-1,"uto":-1,"uwr":-1},"geometry":{"type":"Point","coordinates":[22.418056,50.148937]}},{"type":"Feature","properties":{"ID":113555960,"yr":2021,"dt":"2021-11-27T08:46:31","WOJ":18,"sev":1,"c":[255,255,0,160],"dmg":1,"sli":1,"ser":0,"fat":0,"row":-1,"mot":-1,"pie":-1,"uto":-1,"uwr":-1},"geometry":{"type":"Point","coordinates":[21.947361,50.295306]}},{"type":"Feature","properties":{"ID":113527099,"yr":2021,"dt":"2021-11-26T10:06:06","WOJ":18,"sev":1,"c":[255,255,0,160],"dmg":2,"sli":1,"ser":0,"fat":0,"row":-1,"mot":-1,"pie":-1,"uto":-1,"uwr":-1},"geometry":{"type":"Point","coordinates":[22.775361,50.050667]}},{"type":"Feature","properties":{"ID":113640852,"yr":2021,"dt":"2021-11-26T07:06:00","WOJ":18,"sev":1,"c":[255,255,0,160],"dmg":1,"sli":1,"ser":0,"fat":0,"row":1,"mot":-1,"pie":-1,"uto":-1,"uwr":-1},"geometry":{"type":"Point","coordinates":[21.974556,50.026083]}},{"type":"Feature","properties":{"ID":113524886,"yr":2021,"dt":"2021-11-25T13:19:03","WOJ":18,"sev":1,"c":[255,255,0,160],"dmg":2,"sli":1,"ser":0,"fat":0,"row":-1,"mot":-1,"pie":-1,"uto":-1,"uwr":-1},"geometry":{"type":"Point","coordinates":[21.999778,50.042389]}},{"type":"Feature","properties":{"ID":113514731,"yr":2021,"dt":"2021-11-25T16:15:09","WOJ":18,"sev":1,"c":[255,255,0,160],"dmg":1,"sli":1,"ser":0,"fat":0,"row":-1,"mot":1,"pie":-1,"uto":-1,"uwr":-1},"geometry":{"type":"Point","coordinates":[21.778583,49.681972]}},{"type":"Feature","properties":{"ID":113747844,"yr":2021,"dt":"2021-11-24T17:50:00","WOJ":18,"sev":1,"c":[255,255,0,160],"dmg":1,"sli":1,"ser":0,"fat":0,"row":-1,"mot":-1,"pie":1,"uto":-1,"uwr":-1},"geometry":{"type":"Point","coordinates":[21.02175,50.09]}},{"type":"Feature","properties":{"ID":117097823,"yr":2021,"dt":"2021-11-24T16:35:00","WOJ":18,"sev":1,"c":[255,255,0,160],"dmg":1,"sli":1,"ser":0,"fat":0,"row":-1,"mot":-1,"pie":1,"uto":-1,"uwr":-1},"geometry":{"type":"Point","coordinates":[21.688444,49.554806]}},{"type":"Feature","properties":{"ID":113510902,"yr":2021,"dt":"2021-11-24T06:49:48","WOJ":18,"sev":1,"c":[255,255,0,160],"dmg":2,"sli":1,"ser":0,"fat":0,"row":-1,"mot":-1,"pie":-1,"uto":-1,"uwr":-1},"geometry":{"type":"Point","coordinates":[22.024944,50.12475]}},{"type":"Feature","properties":{"ID":115074818,"yr":2021,"dt":"2021-11-23T15:53:00","WOJ":18,"sev":1,"c":[255,255,0,160],"dmg":1,"sli":1,"ser":0,"fat":0,"row":-1,"mot":-1,"pie":1,"uto":-1,"uwr":-1},"geometry":{"type":"Point","coordinates":[21.978167,50.015306]}},{"type":"Feature","properties":{"ID":113523820,"yr":2021,"dt":"2021-11-23T14:57:00","WOJ":18,"sev":1,"c":[255,255,0,160],"dmg":1,"sli":1,"ser":0,"fat":0,"row":-1,"mot":-1,"pie":-1,"uto":-1,"uwr":-1},"geometry":{"type":"Point","coordinates":[21.952917,50.059444]}},{"type":"Feature","properties":{"ID":113521837,"yr":2021,"dt":"2021-11-23T19:27:00","WOJ":18,"sev":1,"c":[255,255,0,160],"dmg":1,"sli":1,"ser":0,"fat":0,"row":-1,"mot":-1,"pie":1,"uto":-1,"uwr":-1},"geometry":{"type":"Point","coordinates":[22.000222,50.045]}},{"type":"Feature","properties":{"ID":113497123,"yr":2021,"dt":"2021-11-22T18:43:47","WOJ":18,"sev":1,"c":[255,255,0,160],"dmg":0,"sli":2,"ser":0,"fat":0,"row":-1,"mot":-1,"pie":-1,"uto":-1,"uwr":-1},"geometry":{"type":"Point","coordinates":[22.444802,50.291015]}},{"type":"Feature","properties":{"ID":110178847,"yr":2021,"dt":"2021-05-12T17:12:20","WOJ":18,"sev":1,"c":[255,255,0,160],"dmg":1,"sli":1,"ser":0,"fat":0,"row":-1,"mot":1,"pie":-1,"uto":-1,"uwr":-1},"geometry":{"type":"Point","coordinates":[21.440278,49.615389]}},{"type":"Feature","properties":{"ID":110178152,"yr":2021,"dt":"2021-05-12T07:29:18","WOJ":18,"sev":1,"c":[255,255,0,160],"dmg":2,"sli":1,"ser":0,"fat":0,"row":-1,"mot":-1,"pie":-1,"uto":-1,"uwr":-1},"geometry":{"type":"Point","coordinates":[21.27975,50.211528]}},{"type":"Feature","properties":{"ID":110186388,"yr":2021,"dt":"2021-05-17T06:10:04","WOJ":18,"sev":1,"c":[255,255,0,160],"dmg":0,"sli":2,"ser":0,"fat":0,"row":-1,"mot":-1,"pie":-1,"uto":-1,"uwr":-1},"geometry":{"type":"Point","coordinates":[21.924167,49.974694]}},{"type":"Feature","properties":{"ID":110187081,"yr":2021,"dt":"2021-05-17T17:15:00","WOJ":18,"sev":1,"c":[255,255,0,160],"dmg":1,"sli":1,"ser":0,"fat":0,"row":-1,"mot":-1,"pie":-1,"uto":-1,"uwr":-1},"geometry":{"type":"Point","coordinates":[21.953889,50.058889]}},{"type":"Feature","properties":{"ID":110187385,"yr":2021,"dt":"2021-05-17T10:50:24","WOJ":18,"sev":1,"c":[255,255,0,160],"dmg":1,"sli":1,"ser":0,"fat":0,"row":-1,"mot":-1,"pie":-1,"uto":-1,"uwr":-1},"geometry":{"type":"Point","coordinates":[21.883556,50.650639]}},{"type":"Feature","properties":{"ID":110186839,"yr":2021,"dt":"2021-05-17T10:29:12","WOJ":18,"sev":1,"c":[255,255,0,160],"dmg":0,"sli":1,"ser":0,"fat":0,"row":-1,"mot":-1,"pie":-1,"uto":-1,"uwr":-1},"geometry":{"type":"Point","coordinates":[22.526478,50.050659]}},{"type":"Feature","properties":{"ID":110187099,"yr":2021,"dt":"2021-05-17T18:03:00","WOJ":18,"sev":1,"c":[255,255,0,160],"dmg":2,"sli":1,"ser":0,"fat":0,"row":-1,"mot":-1,"pie":-1,"uto":-1,"uwr":-1},"geometry":{"type":"Point","coordinates":[22.0375,50.007139]}},{"type":"Feature","properties":{"ID":110184308,"yr":2021,"dt":"2021-05-15T10:21:53","WOJ":18,"sev":1,"c":[255,255,0,160],"dmg":2,"sli":1,"ser":0,"fat":0,"row":-1,"mot":-1,"pie":-1,"uto":-1,"uwr":-1},"geometry":{"type":"Point","coordinates":[21.484306,49.762417]}},{"type":"Feature","properties":{"ID":110184355,"yr":2021,"dt":"2021-05-15T14:32:00","WOJ":18,"sev":1,"c":[255,255,0,160],"dmg":1,"sli":2,"ser":0,"fat":0,"row":-1,"mot":-1,"pie":-1,"uto":-1,"uwr":-1},"geometry":{"type":"Point","coordinates":[21.953778,50.059278]}},{"type":"Feature","properties":{"ID":110184445,"yr":2021,"dt":"2021-05-15T13:39:56","WOJ":18,"sev":1,"c":[255,255,0,160],"dmg":1,"sli":1,"ser":0,"fat":0,"row":1,"mot":-1,"pie":-1,"uto":-1,"uwr":-1},"geometry":{"type":"Point","coordinates":[21.680417,50.568889]}},{"type":"Feature","properties":{"ID":110184631,"yr":2021,"dt":"2021-05-15T19:29:00","WOJ":18,"sev":1,"c":[255,255,0,160],"dmg":1,"sli":1,"ser":0,"fat":0,"row":-1,"mot":-1,"pie":1,"uto":-1,"uwr":-1},"geometry":{"type":"Point","coordinates":[22.015,50.073167]}},{"type":"Feature","properties":{"ID":110184175,"yr":2021,"dt":"2021-05-15T05:58:13","WOJ":18,"sev":1,"c":[255,255,0,160],"dmg":0,"sli":1,"ser":0,"fat":0,"row":-1,"mot":-1,"pie":-1,"uto":-1,"uwr":-1},"geometry":{"type":"Point","coordinates":[21.897694,49.935056]}},{"type":"Feature","properties":{"ID":110182613,"yr":2021,"dt":"2021-05-14T08:00:00","WOJ":18,"sev":1,"c":[255,255,0,160],"dmg":2,"sli":1,"ser":0,"fat":0,"row":-1,"mot":-1,"pie":-1,"uto":-1,"uwr":-1},"geometry":{"type":"Point","coordinates":[21.472889,50.473194]}},{"type":"Feature","properties":{"ID":110183693,"yr":2021,"dt":"2021-05-14T17:27:00","WOJ":18,"sev":1,"c":[255,255,0,160],"dmg":2,"sli":1,"ser":0,"fat":0,"row":-1,"mot":-1,"pie":-1,"uto":-1,"uwr":-1},"geometry":{"type":"Point","coordinates":[21.90593,50.00761]}},{"type":"Feature","properties":{"ID":110182788,"yr":2021,"dt":"2021-05-14T17:50:00","WOJ":18,"sev":1,"c":[255,255,0,160],"dmg":1,"sli":1,"ser":0,"fat":0,"row":-1,"mot":-1,"pie":-1,"uto":-1,"uwr":-1},"geometry":{"type":"Point","coordinates":[22.666444,50.020667]}},{"type":"Feature","properties":{"ID":110183421,"yr":2021,"dt":"2021-05-14T12:24:27","WOJ":18,"sev":1,"c":[255,255,0,160],"dmg":1,"sli":1,"ser":0,"fat":0,"row":-1,"mot":-1,"pie":1,"uto":-1,"uwr":-1},"geometry":{"type":"Point","coordinates":[22.197528,49.566111]}},{"type":"Feature","properties":{"ID":110181487,"yr":2021,"dt":"2021-05-13T15:08:16","WOJ":18,"sev":1,"c":[255,255,0,160],"dmg":1,"sli":1,"ser":0,"fat":0,"row":1,"mot":-1,"pie":-1,"uto":-1,"uwr":-1},"geometry":{"type":"Point","coordinates":[21.440278,50.295389]}},{"type":"Feature","properties":{"ID":110181897,"yr":2021,"dt":"2021-05-13T22:33:00","WOJ":18,"sev":1,"c":[255,255,0,160],"dmg":1,"sli":1,"ser":0,"fat":0,"row":1,"mot":-1,"pie":-1,"uto":-1,"uwr":-1},"geometry":{"type":"Point","coordinates":[21.950306,50.081389]}},{"type":"Feature","properties":{"ID":110208419,"yr":2021,"dt":"2021-05-26T08:30:00","WOJ":18,"sev":1,"c":[255,255,0,160],"dmg":1,"sli":1,"ser":0,"fat":0,"row":-1,"mot":-1,"pie":1,"uto":-1,"uwr":-1},"geometry":{"type":"Point","coordinates":[21.997222,50.029167]}},{"type":"Feature","properties":{"ID":110208345,"yr":2021,"dt":"2021-05-25T21:13:00","WOJ":18,"sev":1,"c":[255,255,0,160],"dmg":1,"sli":1,"ser":0,"fat":0,"row":-1,"mot":-1,"pie":1,"uto":-1,"uwr":-1},"geometry":{"type":"Point","coordinates":[21.683,49.669528]}},{"type":"Feature","properties":{"ID":110260705,"yr":2021,"dt":"2021-05-25T15:36:00","WOJ":18,"sev":1,"c":[255,255,0,160],"dmg":2,"sli":1,"ser":0,"fat":0,"row":-1,"mot":-1,"pie":-1,"uto":-1,"uwr":-1},"geometry":{"type":"Point","coordinates":[22.032278,50.041472]}},{"type":"Feature","properties":{"ID":110208342,"yr":2021,"dt":"2021-05-25T19:32:00","WOJ":18,"sev":1,"c":[255,255,0,160],"dmg":1,"sli":1,"ser":0,"fat":0,"row":-1,"mot":-1,"pie":-1,"uto":-1,"uwr":-1},"geometry":{"type":"Point","coordinates":[21.973194,50.05]}},{"type":"Feature","properties":{"ID":110207097,"yr":2021,"dt":"2021-05-25T16:26:52","WOJ":18,"sev":1,"c":[255,255,0,160],"dmg":1,"sli":1,"ser":0,"fat":0,"row":-1,"mot":-1,"pie":-1,"uto":-1,"uwr":-1},"geometry":{"type":"Point","coordinates":[21.746222,50.114917]}},{"type":"Feature","properties":{"ID":110204376,"yr":2021,"dt":"2021-05-23T14:50:27","WOJ":18,"sev":1,"c":[255,255,0,160],"dmg":1,"sli":1,"ser":0,"fat":0,"row":-1,"mot":1,"pie":-1,"uto":-1,"uwr":-1},"geometry":{"type":"Point","coordinates":[22.142952,50.432335]}},{"type":"Feature","properties":{"ID":110204551,"yr":2021,"dt":"2021-05-23T15:51:00","WOJ":18,"sev":1,"c":[255,255,0,160],"dmg":0,"sli":1,"ser":0,"fat":0,"row":-1,"mot":-1,"pie":-1,"uto":-1,"uwr":-1},"geometry":{"type":"Point","coordinates":[22.045472,50.020028]}},{"type":"Feature","properties":{"ID":110204077,"yr":2021,"dt":"2021-05-23T03:02:48","WOJ":18,"sev":1,"c":[255,255,0,160],"dmg":0,"sli":1,"ser":0,"fat":0,"row":-1,"mot":-1,"pie":-1,"uto":-1,"uwr":-1},"geometry":{"type":"Point","coordinates":[22.330167,50.510083]}},{"type":"Feature","properties":{"ID":110204522,"yr":2021,"dt":"2021-05-23T18:21:00","WOJ":18,"sev":1,"c":[255,255,0,160],"dmg":1,"sli":1,"ser":0,"fat":0,"row":-1,"mot":-1,"pie":-1,"uto":-1,"uwr":-1},"geometry":{"type":"Point","coordinates":[21.673361,50.547583]}},{"type":"Feature","properties":{"ID":110203728,"yr":2021,"dt":"2021-05-22T10:23:00","WOJ":18,"sev":1,"c":[255,255,0,160],"dmg":2,"sli":1,"ser":0,"fat":0,"row":-1,"mot":-1,"pie":-1,"uto":-1,"uwr":-1},"geometry":{"type":"Point","coordinates":[22.119028,50.228306]}},{"type":"Feature","properties":{"ID":110202181,"yr":2021,"dt":"2021-05-21T18:52:00","WOJ":18,"sev":1,"c":[255,255,0,160],"dmg":0,"sli":1,"ser":0,"fat":0,"row":-1,"mot":-1,"pie":-1,"uto":-1,"uwr":-1},"geometry":{"type":"Point","coordinates":[22.244667,49.856028]}},{"type":"Feature","properties":{"ID":110217200,"yr":2021,"dt":"2021-05-21T19:49:00","WOJ":18,"sev":1,"c":[255,255,0,160],"dmg":0,"sli":1,"ser":0,"fat":0,"row":1,"mot":-1,"pie":-1,"uto":-1,"uwr":-1},"geometry":{"type":"Point","coordinates":[21.492194,49.504056]}},{"type":"Feature","properties":{"ID":110196144,"yr":2021,"dt":"2021-05-20T19:35:00","WOJ":18,"sev":1,"c":[255,255,0,160],"dmg":1,"sli":1,"ser":0,"fat":0,"row":-1,"mot":-1,"pie":-1,"uto":-1,"uwr":-1},"geometry":{"type":"Point","coordinates":[22.016556,50.028167]}},{"type":"Feature","properties":{"ID":110194369,"yr":2021,"dt":"2021-05-20T09:51:54","WOJ":18,"sev":1,"c":[255,255,0,160],"dmg":1,"sli":1,"ser":0,"fat":0,"row":-1,"mot":-1,"pie":-1,"uto":-1,"uwr":-1},"geometry":{"type":"Point","coordinates":[22.443253,49.481365]}},{"type":"Feature","properties":{"ID":110191775,"yr":2021,"dt":"2021-05-19T15:36:00","WOJ":18,"sev":1,"c":[255,255,0,160],"dmg":1,"sli":1,"ser":0,"fat":0,"row":-1,"mot":-1,"pie":-1,"uto":-1,"uwr":-1},"geometry":{"type":"Point","coordinates":[22.024167,50.032611]}},{"type":"Feature","properties":{"ID":110190168,"yr":2021,"dt":"2021-05-18T11:08:00","WOJ":18,"sev":1,"c":[255,255,0,160],"dmg":1,"sli":1,"ser":0,"fat":0,"row":-1,"mot":-1,"pie":1,"uto":-1,"uwr":-1},"geometry":{"type":"Point","coordinates":[21.997583,50.036972]}},{"type":"Feature","properties":{"ID":110210786,"yr":2021,"dt":"2021-05-27T13:12:00","WOJ":18,"sev":1,"c":[255,255,0,160],"dmg":1,"sli":1,"ser":0,"fat":0,"row":1,"mot":-1,"pie":-1,"uto":-1,"uwr":-1},"geometry":{"type":"Point","coordinates":[22.233889,49.780833]}},{"type":"Feature","properties":{"ID":110208489,"yr":2021,"dt":"2021-05-26T09:57:00","WOJ":18,"sev":1,"c":[255,255,0,160],"dmg":0,"sli":3,"ser":0,"fat":0,"row":-1,"mot":-1,"pie":-1,"uto":-1,"uwr":-1},"geometry":{"type":"Point","coordinates":[22.226667,50.486417]}},{"type":"Feature","properties":{"ID":110208879,"yr":2021,"dt":"2021-05-26T16:55:00","WOJ":18,"sev":1,"c":[255,255,0,160],"dmg":3,"sli":2,"ser":0,"fat":0,"row":-1,"mot":-1,"pie":-1,"uto":-1,"uwr":-1},"geometry":{"type":"Point","coordinates":[22.053,50.049083]}},{"type":"Feature","properties":{"ID":110209516,"yr":2021,"dt":"2021-05-26T12:33:56","WOJ":18,"sev":1,"c":[255,255,0,160],"dmg":1,"sli":1,"ser":0,"fat":0,"row":1,"mot":-1,"pie":-1,"uto":-1,"uwr":-1},"geometry":{"type":"Point","coordinates":[21.461944,49.742944]}},{"type":"Feature","properties":{"ID":110209987,"yr":2021,"dt":"2021-05-26T16:26:43","WOJ":18,"sev":1,"c":[255,255,0,160],"dmg":1,"sli":1,"ser":0,"fat":0,"row":-1,"mot":-1,"pie":1,"uto":-1,"uwr":-1},"geometry":{"type":"Point","coordinates":[21.312389,49.989222]}},{"type":"Feature","properties":{"ID":114381264,"yr":2021,"dt":"2021-11-21T16:56:00","WOJ":18,"sev":1,"c":[255,255,0,160],"dmg":1,"sli":1,"ser":0,"fat":0,"row":-1,"mot":-1,"pie":-1,"uto":-1,"uwr":-1},"geometry":{"type":"Point","coordinates":[21.016556,50.050917]}},{"type":"Feature","properties":{"ID":113487318,"yr":2021,"dt":"2021-11-21T15:50:43","WOJ":18,"sev":1,"c":[255,255,0,160],"dmg":2,"sli":1,"ser":0,"fat":0,"row":-1,"mot":-1,"pie":-1,"uto":-1,"uwr":-1},"geometry":{"type":"Point","coordinates":[21.831614,49.891148]}},{"type":"Feature","properties":{"ID":113522823,"yr":2021,"dt":"2021-11-19T11:40:00","WOJ":18,"sev":1,"c":[255,255,0,160],"dmg":1,"sli":1,"ser":0,"fat":0,"row":-1,"mot":-1,"pie":-1,"uto":-1,"uwr":-1},"geometry":{"type":"Point","coordinates":[21.997472,50.038139]}},{"type":"Feature","properties":{"ID":113483184,"yr":2021,"dt":"2021-11-19T17:51:10","WOJ":18,"sev":1,"c":[255,255,0,160],"dmg":1,"sli":1,"ser":0,"fat":0,"row":-1,"mot":-1,"pie":-1,"uto":-1,"uwr":-1},"geometry":{"type":"Point","coordinates":[22.335623,49.465775]}},{"type":"Feature","properties":{"ID":113476860,"yr":2021,"dt":"2021-11-18T11:12:02","WOJ":18,"sev":1,"c":[255,255,0,160],"dmg":1,"sli":1,"ser":0,"fat":0,"row":-1,"mot":-1,"pie":-1,"uto":-1,"uwr":-1},"geometry":{"type":"Point","coordinates":[21.302778,49.973111]}},{"type":"Feature","properties":{"ID":113472969,"yr":2021,"dt":"2021-11-17T15:41:52","WOJ":18,"sev":1,"c":[255,255,0,160],"dmg":1,"sli":1,"ser":0,"fat":0,"row":-1,"mot":-1,"pie":-1,"uto":-1,"uwr":-1},"geometry":{"type":"Point","coordinates":[22.513333,49.809139]}},{"type":"Feature","properties":{"ID":113471088,"yr":2021,"dt":"2021-11-17T08:55:00","WOJ":18,"sev":1,"c":[255,255,0,160],"dmg":1,"sli":1,"ser":0,"fat":0,"row":-1,"mot":-1,"pie":1,"uto":-1,"uwr":-1},"geometry":{"type":"Point","coordinates":[22.655167,50.078889]}},{"type":"Feature","properties":{"ID":113431658,"yr":2021,"dt":"2021-11-16T10:39:57","WOJ":18,"sev":1,"c":[255,255,0,160],"dmg":0,"sli":1,"ser":0,"fat":0,"row":-1,"mot":-1,"pie":-1,"uto":-1,"uwr":-1},"geometry":{"type":"Point","coordinates":[21.924722,50.605083]}},{"type":"Feature","properties":{"ID":110208512,"yr":2021,"dt":"2021-05-26T08:10:36","WOJ":18,"sev":1,"c":[255,255,0,160],"dmg":0,"sli":1,"ser":0,"fat":0,"row":-1,"mot":1,"pie":-1,"uto":-1,"uwr":-1},"geometry":{"type":"Point","coordinates":[22.510227,50.055069]}},{"type":"Feature","properties":{"ID":110209327,"yr":2021,"dt":"2021-05-26T10:25:00","WOJ":18,"sev":1,"c":[255,255,0,160],"dmg":1,"sli":1,"ser":0,"fat":0,"row":-1,"mot":-1,"pie":-1,"uto":-1,"uwr":-1},"geometry":{"type":"Point","coordinates":[22.034194,49.961111]}},{"type":"Feature","properties":{"ID":110209287,"yr":2021,"dt":"2021-05-26T06:23:43","WOJ":18,"sev":1,"c":[255,255,0,160],"dmg":1,"sli":1,"ser":0,"fat":0,"row":-1,"mot":-1,"pie":-1,"uto":-1,"uwr":-1},"geometry":{"type":"Point","coordinates":[21.927944,49.645472]}},{"type":"Feature","properties":{"ID":113470880,"yr":2021,"dt":"2021-11-16T18:33:30","WOJ":18,"sev":1,"c":[255,255,0,160],"dmg":0,"sli":1,"ser":0,"fat":0,"row":-1,"mot":-1,"pie":-1,"uto":-1,"uwr":-1},"geometry":{"type":"Point","coordinates":[21.199417,50.0135]}},{"type":"Feature","properties":{"ID":113475857,"yr":2021,"dt":"2021-11-15T14:59:00","WOJ":18,"sev":1,"c":[255,255,0,160],"dmg":1,"sli":1,"ser":0,"fat":0,"row":-1,"mot":-1,"pie":1,"uto":-1,"uwr":-1},"geometry":{"type":"Point","coordinates":[22.210556,50.401361]}},{"type":"Feature","properties":{"ID":113431479,"yr":2021,"dt":"2021-11-15T19:58:00","WOJ":18,"sev":1,"c":[255,255,0,160],"dmg":1,"sli":1,"ser":0,"fat":0,"row":-1,"mot":-1,"pie":-1,"uto":-1,"uwr":-1},"geometry":{"type":"Point","coordinates":[21.742944,50.561278]}},{"type":"Feature","properties":{"ID":113469632,"yr":2021,"dt":"2021-11-15T03:15:00","WOJ":18,"sev":1,"c":[255,255,0,160],"dmg":1,"sli":1,"ser":0,"fat":0,"row":-1,"mot":-1,"pie":-1,"uto":-1,"uwr":-1},"geometry":{"type":"Point","coordinates":[22.794472,50.154917]}},{"type":"Feature","properties":{"ID":113424173,"yr":2021,"dt":"2021-11-13T12:19:05","WOJ":18,"sev":1,"c":[255,255,0,160],"dmg":2,"sli":1,"ser":0,"fat":0,"row":-1,"mot":-1,"pie":-1,"uto":-1,"uwr":-1},"geometry":{"type":"Point","coordinates":[21.228167,50.007167]}},{"type":"Feature","properties":{"ID":113404646,"yr":2021,"dt":"2021-11-12T14:32:37","WOJ":18,"sev":1,"c":[255,255,0,160],"dmg":0,"sli":2,"ser":0,"fat":0,"row":-1,"mot":-1,"pie":-1,"uto":-1,"uwr":-1},"geometry":{"type":"Point","coordinates":[21.745972,49.672722]}},{"type":"Feature","properties":{"ID":113406108,"yr":2021,"dt":"2021-11-12T08:15:52","WOJ":18,"sev":1,"c":[255,255,0,160],"dmg":1,"sli":1,"ser":0,"fat":0,"row":1,"mot":-1,"pie":-1,"uto":-1,"uwr":-1},"geometry":{"type":"Point","coordinates":[22.018306,50.011611]}},{"type":"Feature","properties":{"ID":113405845,"yr":2021,"dt":"2021-11-11T09:47:57","WOJ":18,"sev":1,"c":[255,255,0,160],"dmg":0,"sli":1,"ser":0,"fat":0,"row":-1,"mot":-1,"pie":-1,"uto":-1,"uwr":-1},"geometry":{"type":"Point","coordinates":[21.43325,50.117167]}},{"type":"Feature","properties":{"ID":113404169,"yr":2021,"dt":"2021-11-11T22:46:08","WOJ":18,"sev":1,"c":[255,255,0,160],"dmg":1,"sli":1,"ser":0,"fat":0,"row":-1,"mot":-1,"pie":-1,"uto":-1,"uwr":-1},"geometry":{"type":"Point","coordinates":[21.28625,49.977917]}},{"type":"Feature","properties":{"ID":113404144,"yr":2021,"dt":"2021-11-11T18:23:46","WOJ":18,"sev":1,"c":[255,255,0,160],"dmg":1,"sli":1,"ser":0,"fat":0,"row":-1,"mot":-1,"pie":1,"uto":-1,"uwr":-1},"geometry":{"type":"Point","coordinates":[21.868306,49.576306]}},{"type":"Feature","properties":{"ID":113405963,"yr":2021,"dt":"2021-11-11T14:21:45","WOJ":18,"sev":1,"c":[255,255,0,160],"dmg":0,"sli":1,"ser":0,"fat":0,"row":-1,"mot":1,"pie":-1,"uto":-1,"uwr":-1},"geometry":{"type":"Point","coordinates":[22.478806,49.889028]}},{"type":"Feature","properties":{"ID":113405989,"yr":2021,"dt":"2021-11-11T18:00:00","WOJ":18,"sev":1,"c":[255,255,0,160],"dmg":1,"sli":1,"ser":0,"fat":0,"row":1,"mot":-1,"pie":-1,"uto":-1,"uwr":-1},"geometry":{"type":"Point","coordinates":[22.376972,50.092417]}},{"type":"Feature","properties":{"ID":110210754,"yr":2021,"dt":"2021-05-27T13:54:00","WOJ":18,"sev":1,"c":[255,255,0,160],"dmg":1,"sli":1,"ser":0,"fat":0,"row":-1,"mot":-1,"pie":1,"uto":-1,"uwr":-1},"geometry":{"type":"Point","coordinates":[21.022806,50.037889]}},{"type":"Feature","properties":{"ID":110213355,"yr":2021,"dt":"2021-05-27T16:23:00","WOJ":18,"sev":1,"c":[255,255,0,160],"dmg":1,"sli":1,"ser":0,"fat":0,"row":-1,"mot":-1,"pie":-1,"uto":-1,"uwr":-1},"geometry":{"type":"Point","coordinates":[21.994917,50.057861]}},{"type":"Feature","properties":{"ID":110211182,"yr":2021,"dt":"2021-05-27T06:09:00","WOJ":18,"sev":1,"c":[255,255,0,160],"dmg":1,"sli":1,"ser":0,"fat":0,"row":-1,"mot":1,"pie":-1,"uto":-1,"uwr":-1},"geometry":{"type":"Point","coordinates":[22.056444,50.136583]}},{"type":"Feature","properties":{"ID":110210495,"yr":2021,"dt":"2021-05-27T10:44:47","WOJ":18,"sev":1,"c":[255,255,0,160],"dmg":1,"sli":1,"ser":0,"fat":0,"row":-1,"mot":-1,"pie":-1,"uto":-1,"uwr":-1},"geometry":{"type":"Point","coordinates":[22.048944,50.599944]}},{"type":"Feature","properties":{"ID":110250130,"yr":2021,"dt":"2021-06-02T13:29:00","WOJ":18,"sev":1,"c":[255,255,0,160],"dmg":1,"sli":1,"ser":0,"fat":0,"row":-1,"mot":-1,"pie":-1,"uto":-1,"uwr":-1},"geometry":{"type":"Point","coordinates":[22.076556,50.040222]}},{"type":"Feature","properties":{"ID":110251838,"yr":2021,"dt":"2021-06-02T10:58:00","WOJ":18,"sev":1,"c":[255,255,0,160],"dmg":1,"sli":2,"ser":0,"fat":0,"row":-1,"mot":-1,"pie":-1,"uto":-1,"uwr":-1},"geometry":{"type":"Point","coordinates":[21.949722,50.044167]}},{"type":"Feature","properties":{"ID":110232153,"yr":2021,"dt":"2021-06-01T16:35:00","WOJ":18,"sev":1,"c":[255,255,0,160],"dmg":1,"sli":2,"ser":0,"fat":0,"row":-1,"mot":-1,"pie":-1,"uto":-1,"uwr":-1},"geometry":{"type":"Point","coordinates":[22.27396,49.8362]}},{"type":"Feature","properties":{"ID":110232280,"yr":2021,"dt":"2021-06-01T16:44:00","WOJ":18,"sev":1,"c":[255,255,0,160],"dmg":1,"sli":1,"ser":0,"fat":0,"row":-1,"mot":-1,"pie":-1,"uto":-1,"uwr":-1},"geometry":{"type":"Point","coordinates":[21.808694,49.645333]}},{"type":"Feature","properties":{"ID":110232179,"yr":2021,"dt":"2021-06-01T18:07:00","WOJ":18,"sev":1,"c":[255,255,0,160],"dmg":1,"sli":1,"ser":0,"fat":0,"row":1,"mot":-1,"pie":-1,"uto":-1,"uwr":-1},"geometry":{"type":"Point","coordinates":[22.051361,50.047056]}},{"type":"Feature","properties":{"ID":110231655,"yr":2021,"dt":"2021-06-01T09:02:54","WOJ":18,"sev":1,"c":[255,255,0,160],"dmg":1,"sli":1,"ser":0,"fat":0,"row":1,"mot":-1,"pie":-1,"uto":-1,"uwr":-1},"geometry":{"type":"Point","coordinates":[22.33875,50.101972]}},{"type":"Feature","properties":{"ID":110229512,"yr":2021,"dt":"2021-05-31T19:36:16","WOJ":18,"sev":1,"c":[255,255,0,160],"dmg":1,"sli":1,"ser":0,"fat":0,"row":1,"mot":-1,"pie":-1,"uto":-1,"uwr":-1},"geometry":{"type":"Point","coordinates":[22.238435,50.042874]}},{"type":"Feature","properties":{"ID":110222732,"yr":2021,"dt":"2021-05-31T10:08:50","WOJ":18,"sev":1,"c":[255,255,0,160],"dmg":1,"sli":1,"ser":0,"fat":0,"row":1,"mot":-1,"pie":-1,"uto":-1,"uwr":-1},"geometry":{"type":"Point","coordinates":[21.450722,50.056444]}},{"type":"Feature","properties":{"ID":110228688,"yr":2021,"dt":"2021-05-31T11:44:00","WOJ":18,"sev":1,"c":[255,255,0,160],"dmg":1,"sli":1,"ser":0,"fat":0,"row":-1,"mot":-1,"pie":-1,"uto":-1,"uwr":-1},"geometry":{"type":"Point","coordinates":[22.098,49.882028]}},{"type":"Feature","properties":{"ID":110222959,"yr":2021,"dt":"2021-05-31T07:17:00","WOJ":18,"sev":1,"c":[255,255,0,160],"dmg":1,"sli":1,"ser":0,"fat":0,"row":-1,"mot":-1,"pie":-1,"uto":-1,"uwr":-1},"geometry":{"type":"Point","coordinates":[21.754361,49.875722]}},{"type":"Feature","properties":{"ID":110222914,"yr":2021,"dt":"2021-05-31T11:28:00","WOJ":18,"sev":1,"c":[255,255,0,160],"dmg":1,"sli":1,"ser":0,"fat":0,"row":-1,"mot":-1,"pie":-1,"uto":-1,"uwr":-1},"geometry":{"type":"Point","coordinates":[21.953639,50.087444]}},{"type":"Feature","properties":{"ID":110220040,"yr":2021,"dt":"2021-05-30T00:55:00","WOJ":18,"sev":1,"c":[255,255,0,160],"dmg":1,"sli":1,"ser":0,"fat":0,"row":-1,"mot":-1,"pie":-1,"uto":-1,"uwr":-1},"geometry":{"type":"Point","coordinates":[22.437778,49.900611]}},{"type":"Feature","properties":{"ID":110219595,"yr":2021,"dt":"2021-05-29T03:16:00","WOJ":18,"sev":1,"c":[255,255,0,160],"dmg":1,"sli":2,"ser":0,"fat":0,"row":-1,"mot":-1,"pie":-1,"uto":-1,"uwr":-1},"geometry":{"type":"Point","coordinates":[21.442694,50.05625]}},{"type":"Feature","properties":{"ID":110218776,"yr":2021,"dt":"2021-05-29T14:23:52","WOJ":18,"sev":1,"c":[255,255,0,160],"dmg":1,"sli":1,"ser":0,"fat":0,"row":-1,"mot":-1,"pie":-1,"uto":-1,"uwr":-1},"geometry":{"type":"Point","coordinates":[22.164611,50.570639]}},{"type":"Feature","properties":{"ID":110218753,"yr":2021,"dt":"2021-05-29T14:23:00","WOJ":18,"sev":1,"c":[255,255,0,160],"dmg":2,"sli":1,"ser":0,"fat":0,"row":-1,"mot":-1,"pie":-1,"uto":-1,"uwr":-1},"geometry":{"type":"Point","coordinates":[22.029639,50.023056]}},{"type":"Feature","properties":{"ID":110219273,"yr":2021,"dt":"2021-05-28T22:06:00","WOJ":18,"sev":1,"c":[255,255,0,160],"dmg":1,"sli":1,"ser":0,"fat":0,"row":-1,"mot":-1,"pie":1,"uto":-1,"uwr":-1},"geometry":{"type":"Point","coordinates":[21.648028,50.558639]}},{"type":"Feature","properties":{"ID":110280447,"yr":2021,"dt":"2021-06-06T16:55:00","WOJ":18,"sev":1,"c":[255,255,0,160],"dmg":0,"sli":1,"ser":0,"fat":0,"row":1,"mot":-1,"pie":-1,"uto":-1,"uwr":-1},"geometry":{"type":"Point","coordinates":[22.108389,50.106417]}},{"type":"Feature","properties":{"ID":110260669,"yr":2021,"dt":"2021-06-06T12:01:00","WOJ":18,"sev":1,"c":[255,255,0,160],"dmg":1,"sli":1,"ser":0,"fat":0,"row":1,"mot":-1,"pie":-1,"uto":-1,"uwr":-1},"geometry":{"type":"Point","coordinates":[21.029944,50.033333]}},{"type":"Feature","properties":{"ID":110255579,"yr":2021,"dt":"2021-06-05T07:15:23","WOJ":18,"sev":1,"c":[255,255,0,160],"dmg":0,"sli":2,"ser":0,"fat":0,"row":-1,"mot":-1,"pie":-1,"uto":-1,"uwr":-1},"geometry":{"type":"Point","coordinates":[22.252154,50.074186]}},{"type":"Feature","properties":{"ID":110255955,"yr":2021,"dt":"2021-06-05T19:06:17","WOJ":18,"sev":1,"c":[255,255,0,160],"dmg":1,"sli":1,"ser":0,"fat":0,"row":1,"mot":-1,"pie":-1,"uto":-1,"uwr":-1},"geometry":{"type":"Point","coordinates":[22.068861,50.571556]}},{"type":"Feature","properties":{"ID":110255222,"yr":2021,"dt":"2021-06-05T20:12:00","WOJ":18,"sev":1,"c":[255,255,0,160],"dmg":1,"sli":1,"ser":0,"fat":0,"row":-1,"mot":-1,"pie":-1,"uto":-1,"uwr":-1},"geometry":{"type":"Point","coordinates":[22.142056,50.777889]}},{"type":"Feature","properties":{"ID":110254875,"yr":2021,"dt":"2021-06-05T10:43:00","WOJ":18,"sev":1,"c":[255,255,0,160],"dmg":1,"sli":1,"ser":0,"fat":0,"row":-1,"mot":-1,"pie":-1,"uto":-1,"uwr":-1},"geometry":{"type":"Point","coordinates":[22.155389,49.928528]}},{"type":"Feature","properties":{"ID":110279624,"yr":2021,"dt":"2021-06-05T23:18:00","WOJ":18,"sev":1,"c":[255,255,0,160],"dmg":1,"sli":1,"ser":0,"fat":0,"row":-1,"mot":-1,"pie":1,"uto":-1,"uwr":-1},"geometry":{"type":"Point","coordinates":[21.831083,50.675472]}},{"type":"Feature","properties":{"ID":110255653,"yr":2021,"dt":"2021-06-05T08:24:05","WOJ":18,"sev":1,"c":[255,255,0,160],"dmg":0,"sli":2,"ser":0,"fat":0,"row":-1,"mot":-1,"pie":-1,"uto":-1,"uwr":-1},"geometry":{"type":"Point","coordinates":[21.8955,50.659]}},{"type":"Feature","properties":{"ID":110254867,"yr":2021,"dt":"2021-06-05T12:28:00","WOJ":18,"sev":1,"c":[255,255,0,160],"dmg":1,"sli":1,"ser":0,"fat":0,"row":1,"mot":-1,"pie":-1,"uto":-1,"uwr":-1},"geometry":{"type":"Point","coordinates":[22.025389,50.012639]}},{"type":"Feature","properties":{"ID":110263758,"yr":2021,"dt":"2021-06-05T17:32:00","WOJ":18,"sev":1,"c":[255,255,0,160],"dmg":0,"sli":1,"ser":0,"fat":0,"row":1,"mot":-1,"pie":-1,"uto":-1,"uwr":-1},"geometry":{"type":"Point","coordinates":[22.16916,49.94002]}},{"type":"Feature","properties":{"ID":110253999,"yr":2021,"dt":"2021-06-04T15:36:30","WOJ":18,"sev":1,"c":[255,255,0,160],"dmg":1,"sli":1,"ser":0,"fat":0,"row":-1,"mot":-1,"pie":-1,"uto":-1,"uwr":-1},"geometry":{"type":"Point","coordinates":[21.945024,49.778694]}},{"type":"Feature","properties":{"ID":110253117,"yr":2021,"dt":"2021-06-04T04:09:00","WOJ":18,"sev":1,"c":[255,255,0,160],"dmg":0,"sli":1,"ser":0,"fat":0,"row":-1,"mot":-1,"pie":-1,"uto":-1,"uwr":-1},"geometry":{"type":"Point","coordinates":[22.072306,49.991]}},{"type":"Feature","properties":{"ID":110254558,"yr":2021,"dt":"2021-06-04T10:48:00","WOJ":18,"sev":1,"c":[255,255,0,160],"dmg":1,"sli":1,"ser":0,"fat":0,"row":-1,"mot":-1,"pie":-1,"uto":-1,"uwr":-1},"geometry":{"type":"Point","coordinates":[21.82075,49.877111]}},{"type":"Feature","properties":{"ID":110253534,"yr":2021,"dt":"2021-06-03T01:21:00","WOJ":18,"sev":1,"c":[255,255,0,160],"dmg":1,"sli":1,"ser":0,"fat":0,"row":-1,"mot":-1,"pie":-1,"uto":-1,"uwr":-1},"geometry":{"type":"Point","coordinates":[21.654472,49.861222]}},{"type":"Feature","properties":{"ID":110251992,"yr":2021,"dt":"2021-06-02T20:31:00","WOJ":18,"sev":1,"c":[255,255,0,160],"dmg":2,"sli":1,"ser":0,"fat":0,"row":-1,"mot":-1,"pie":-1,"uto":-1,"uwr":-1},"geometry":{"type":"Point","coordinates":[21.430944,50.308194]}},{"type":"Feature","properties":{"ID":110251861,"yr":2021,"dt":"2021-06-02T17:55:05","WOJ":18,"sev":1,"c":[255,255,0,160],"dmg":1,"sli":2,"ser":0,"fat":0,"row":-1,"mot":1,"pie":-1,"uto":-1,"uwr":-1},"geometry":{"type":"Point","coordinates":[21.883083,49.810889]}},{"type":"Feature","properties":{"ID":113402938,"yr":2021,"dt":"2021-11-10T22:16:23","WOJ":18,"sev":1,"c":[255,255,0,160],"dmg":1,"sli":1,"ser":0,"fat":0,"row":-1,"mot":-1,"pie":-1,"uto":-1,"uwr":-1},"geometry":{"type":"Point","coordinates":[21.870889,49.604444]}},{"type":"Feature","properties":{"ID":113398130,"yr":2021,"dt":"2021-11-10T08:51:39","WOJ":18,"sev":1,"c":[255,255,0,160],"dmg":1,"sli":1,"ser":0,"fat":0,"row":1,"mot":-1,"pie":-1,"uto":-1,"uwr":-1},"geometry":{"type":"Point","coordinates":[21.890833,49.666861]}},{"type":"Feature","properties":{"ID":113395940,"yr":2021,"dt":"2021-11-10T07:29:53","WOJ":18,"sev":1,"c":[255,255,0,160],"dmg":1,"sli":1,"ser":0,"fat":0,"row":-1,"mot":-1,"pie":-1,"uto":-1,"uwr":-1},"geometry":{"type":"Point","coordinates":[22.016917,50.030917]}},{"type":"Feature","properties":{"ID":115004826,"yr":2021,"dt":"2021-11-09T01:30:00","WOJ":18,"sev":1,"c":[255,255,0,160],"dmg":0,"sli":2,"ser":0,"fat":0,"row":-1,"mot":-1,"pie":-1,"uto":-1,"uwr":-1},"geometry":{"type":"Point","coordinates":[22.124722,50.236667]}},{"type":"Feature","properties":{"ID":113336380,"yr":2021,"dt":"2021-11-09T17:05:00","WOJ":18,"sev":1,"c":[255,255,0,160],"dmg":1,"sli":1,"ser":0,"fat":0,"row":-1,"mot":-1,"pie":1,"uto":-1,"uwr":-1},"geometry":{"type":"Point","coordinates":[22.518361,49.898111]}},{"type":"Feature","properties":{"ID":113205631,"yr":2021,"dt":"2021-11-08T04:46:12","WOJ":18,"sev":1,"c":[255,255,0,160],"dmg":1,"sli":1,"ser":0,"fat":0,"row":-1,"mot":-1,"pie":-1,"uto":-1,"uwr":-1},"geometry":{"type":"Point","coordinates":[21.663695,50.108668]}},{"type":"Feature","properties":{"ID":113290825,"yr":2021,"dt":"2021-11-08T06:31:00","WOJ":18,"sev":1,"c":[255,255,0,160],"dmg":1,"sli":1,"ser":0,"fat":0,"row":-1,"mot":-1,"pie":-1,"uto":-1,"uwr":-1},"geometry":{"type":"Point","coordinates":[22.136024,50.427258]}},{"type":"Feature","properties":{"ID":113288290,"yr":2021,"dt":"2021-11-08T13:56:00","WOJ":18,"sev":1,"c":[255,255,0,160],"dmg":1,"sli":1,"ser":0,"fat":0,"row":-1,"mot":-1,"pie":-1,"uto":-1,"uwr":-1},"geometry":{"type":"Point","coordinates":[22.245222,50.562]}},{"type":"Feature","properties":{"ID":113277151,"yr":2021,"dt":"2021-11-07T18:01:32","WOJ":18,"sev":1,"c":[255,255,0,160],"dmg":2,"sli":2,"ser":0,"fat":0,"row":-1,"mot":-1,"pie":-1,"uto":-1,"uwr":-1},"geometry":{"type":"Point","coordinates":[21.890889,49.707778]}},{"type":"Feature","properties":{"ID":113409932,"yr":2021,"dt":"2021-11-07T14:24:00","WOJ":18,"sev":1,"c":[255,255,0,160],"dmg":1,"sli":1,"ser":0,"fat":0,"row":1,"mot":-1,"pie":-1,"uto":-1,"uwr":-1},"geometry":{"type":"Point","coordinates":[21.895583,50.10575]}},{"type":"Feature","properties":{"ID":113276885,"yr":2021,"dt":"2021-11-06T15:51:40","WOJ":18,"sev":1,"c":[255,255,0,160],"dmg":1,"sli":2,"ser":0,"fat":0,"row":-1,"mot":-1,"pie":-1,"uto":-1,"uwr":-1},"geometry":{"type":"Point","coordinates":[21.491694,50.324111]}},{"type":"Feature","properties":{"ID":113409925,"yr":2021,"dt":"2021-11-05T06:11:00","WOJ":18,"sev":1,"c":[255,255,0,160],"dmg":0,"sli":3,"ser":0,"fat":0,"row":-1,"mot":-1,"pie":-1,"uto":-1,"uwr":-1},"geometry":{"type":"Point","coordinates":[22.103222,49.941]}},{"type":"Feature","properties":{"ID":110257221,"yr":2021,"dt":"2021-06-07T19:13:00","WOJ":18,"sev":1,"c":[255,255,0,160],"dmg":0,"sli":2,"ser":0,"fat":0,"row":1,"mot":-1,"pie":1,"uto":-1,"uwr":-1},"geometry":{"type":"Point","coordinates":[22.017167,50.025]}},{"type":"Feature","properties":{"ID":110260186,"yr":2021,"dt":"2021-06-07T22:17:26","WOJ":18,"sev":1,"c":[255,255,0,160],"dmg":1,"sli":1,"ser":0,"fat":0,"row":-1,"mot":-1,"pie":1,"uto":-1,"uwr":-1},"geometry":{"type":"Point","coordinates":[21.786639,49.635528]}},{"type":"Feature","properties":{"ID":110266625,"yr":2021,"dt":"2021-06-07T20:15:00","WOJ":18,"sev":1,"c":[255,255,0,160],"dmg":3,"sli":1,"ser":0,"fat":0,"row":-1,"mot":-1,"pie":-1,"uto":-1,"uwr":-1},"geometry":{"type":"Point","coordinates":[21.891694,49.939111]}},{"type":"Feature","properties":{"ID":110256657,"yr":2021,"dt":"2021-06-06T17:27:00","WOJ":18,"sev":1,"c":[255,255,0,160],"dmg":0,"sli":1,"ser":0,"fat":0,"row":1,"mot":-1,"pie":-1,"uto":-1,"uwr":-1},"geometry":{"type":"Point","coordinates":[21.438806,50.279306]}},{"type":"Feature","properties":{"ID":110269528,"yr":2021,"dt":"2021-06-12T05:26:00","WOJ":18,"sev":1,"c":[255,255,0,160],"dmg":0,"sli":1,"ser":0,"fat":0,"row":-1,"mot":-1,"pie":-1,"uto":-1,"uwr":-1},"geometry":{"type":"Point","coordinates":[22.080639,50.129056]}},{"type":"Feature","properties":{"ID":110270137,"yr":2021,"dt":"2021-06-12T17:29:34","WOJ":18,"sev":1,"c":[255,255,0,160],"dmg":1,"sli":1,"ser":0,"fat":0,"row":1,"mot":-1,"pie":-1,"uto":-1,"uwr":-1},"geometry":{"type":"Point","coordinates":[22.232426,50.085039]}},{"type":"Feature","properties":{"ID":110269859,"yr":2021,"dt":"2021-06-12T14:09:00","WOJ":18,"sev":1,"c":[255,255,0,160],"dmg":1,"sli":1,"ser":0,"fat":0,"row":-1,"mot":-1,"pie":-1,"uto":-1,"uwr":-1},"geometry":{"type":"Point","coordinates":[22.024111,50.056667]}},{"type":"Feature","properties":{"ID":110267689,"yr":2021,"dt":"2021-06-11T12:14:59","WOJ":18,"sev":1,"c":[255,255,0,160],"dmg":1,"sli":1,"ser":0,"fat":0,"row":-1,"mot":1,"pie":-1,"uto":-1,"uwr":-1},"geometry":{"type":"Point","coordinates":[21.782389,50.657861]}},{"type":"Feature","properties":{"ID":110268132,"yr":2021,"dt":"2021-06-11T18:29:00","WOJ":18,"sev":1,"c":[255,255,0,160],"dmg":1,"sli":1,"ser":0,"fat":0,"row":-1,"mot":-1,"pie":-1,"uto":-1,"uwr":-1},"geometry":{"type":"Point","coordinates":[22.102333,49.997972]}},{"type":"Feature","properties":{"ID":110265498,"yr":2021,"dt":"2021-06-10T15:18:29","WOJ":18,"sev":1,"c":[255,255,0,160],"dmg":1,"sli":1,"ser":0,"fat":0,"row":1,"mot":-1,"pie":-1,"uto":-1,"uwr":-1},"geometry":{"type":"Point","coordinates":[22.063417,50.039639]}},{"type":"Feature","properties":{"ID":110265666,"yr":2021,"dt":"2021-06-10T17:45:13","WOJ":18,"sev":1,"c":[255,255,0,160],"dmg":1,"sli":1,"ser":0,"fat":0,"row":-1,"mot":-1,"pie":-1,"uto":-1,"uwr":-1},"geometry":{"type":"Point","coordinates":[21.404194,50.046417]}},{"type":"Feature","properties":{"ID":110262486,"yr":2021,"dt":"2021-06-09T17:35:00","WOJ":18,"sev":1,"c":[255,255,0,160],"dmg":1,"sli":1,"ser":0,"fat":0,"row":-1,"mot":-1,"pie":-1,"uto":-1,"uwr":-1},"geometry":{"type":"Point","coordinates":[22.271389,49.838056]}},{"type":"Feature","properties":{"ID":110262811,"yr":2021,"dt":"2021-06-09T08:42:00","WOJ":18,"sev":1,"c":[255,255,0,160],"dmg":1,"sli":1,"ser":0,"fat":0,"row":1,"mot":-1,"pie":-1,"uto":-1,"uwr":-1},"geometry":{"type":"Point","coordinates":[22.058194,50.071611]}},{"type":"Feature","properties":{"ID":110262378,"yr":2021,"dt":"2021-06-09T15:18:00","WOJ":18,"sev":1,"c":[255,255,0,160],"dmg":1,"sli":1,"ser":0,"fat":0,"row":-1,"mot":-1,"pie":-1,"uto":-1,"uwr":-1},"geometry":{"type":"Point","coordinates":[22.023833,49.976111]}},{"type":"Feature","properties":{"ID":110262197,"yr":2021,"dt":"2021-06-09T13:14:00","WOJ":18,"sev":1,"c":[255,255,0,160],"dmg":1,"sli":1,"ser":0,"fat":0,"row":1,"mot":-1,"pie":-1,"uto":-1,"uwr":-1},"geometry":{"type":"Point","coordinates":[22.019528,50.169611]}},{"type":"Feature","properties":{"ID":110263199,"yr":2021,"dt":"2021-06-09T14:50:09","WOJ":18,"sev":1,"c":[255,255,0,160],"dmg":1,"sli":2,"ser":0,"fat":0,"row":-1,"mot":-1,"pie":-1,"uto":-1,"uwr":-1},"geometry":{"type":"Point","coordinates":[22.376513,50.387929]}},{"type":"Feature","properties":{"ID":110263573,"yr":2021,"dt":"2021-06-09T15:50:00","WOJ":18,"sev":1,"c":[255,255,0,160],"dmg":1,"sli":1,"ser":0,"fat":0,"row":0,"mot":-1,"pie":1,"uto":-1,"uwr":-1},"geometry":{"type":"Point","coordinates":[21.679528,50.572222]}},{"type":"Feature","properties":{"ID":110263670,"yr":2021,"dt":"2021-06-09T17:41:00","WOJ":18,"sev":1,"c":[255,255,0,160],"dmg":0,"sli":4,"ser":0,"fat":0,"row":-1,"mot":-1,"pie":1,"uto":-1,"uwr":-1},"geometry":{"type":"Point","coordinates":[21.663222,50.565028]}},{"type":"Feature","properties":{"ID":110260315,"yr":2021,"dt":"2021-06-08T07:57:00","WOJ":18,"sev":1,"c":[255,255,0,160],"dmg":1,"sli":1,"ser":0,"fat":0,"row":-1,"mot":-1,"pie":1,"uto":-1,"uwr":-1},"geometry":{"type":"Point","coordinates":[21.986583,50.048222]}},{"type":"Feature","properties":{"ID":110261856,"yr":2021,"dt":"2021-06-08T23:08:00","WOJ":18,"sev":1,"c":[255,255,0,160],"dmg":1,"sli":3,"ser":0,"fat":0,"row":-1,"mot":-1,"pie":-1,"uto":-1,"uwr":-1},"geometry":{"type":"Point","coordinates":[21.99475,50.019861]}},{"type":"Feature","properties":{"ID":110305151,"yr":2021,"dt":"2021-06-17T11:05:00","WOJ":18,"sev":1,"c":[255,255,0,160],"dmg":1,"sli":1,"ser":0,"fat":0,"row":-1,"mot":-1,"pie":-1,"uto":-1,"uwr":-1},"geometry":{"type":"Point","coordinates":[22.140778,49.977194]}},{"type":"Feature","properties":{"ID":110311816,"yr":2021,"dt":"2021-06-16T17:07:00","WOJ":18,"sev":1,"c":[255,255,0,160],"dmg":1,"sli":1,"ser":0,"fat":0,"row":-1,"mot":-1,"pie":1,"uto":-1,"uwr":-1},"geometry":{"type":"Point","coordinates":[20.135833,50.334222]}},{"type":"Feature","properties":{"ID":110276448,"yr":2021,"dt":"2021-06-16T07:01:07","WOJ":18,"sev":1,"c":[255,255,0,160],"dmg":1,"sli":1,"ser":0,"fat":0,"row":1,"mot":-1,"pie":-1,"uto":-1,"uwr":-1},"geometry":{"type":"Point","coordinates":[21.994639,50.003528]}},{"type":"Feature","properties":{"ID":110280275,"yr":2021,"dt":"2021-06-16T18:45:58","WOJ":18,"sev":1,"c":[255,255,0,160],"dmg":0,"sli":2,"ser":0,"fat":0,"row":-1,"mot":1,"pie":-1,"uto":-1,"uwr":-1},"geometry":{"type":"Point","coordinates":[22.219083,50.068056]}},{"type":"Feature","properties":{"ID":110279966,"yr":2021,"dt":"2021-06-16T10:46:38","WOJ":18,"sev":1,"c":[255,255,0,160],"dmg":1,"sli":1,"ser":0,"fat":0,"row":-1,"mot":-1,"pie":-1,"uto":-1,"uwr":-1},"geometry":{"type":"Point","coordinates":[22.740111,49.132833]}},{"type":"Feature","properties":{"ID":110322903,"yr":2021,"dt":"2021-06-16T08:48:00","WOJ":18,"sev":1,"c":[255,255,0,160],"dmg":0,"sli":2,"ser":0,"fat":0,"row":-1,"mot":-1,"pie":-1,"uto":-1,"uwr":-1},"geometry":{"type":"Point","coordinates":[21.637083,50.454333]}},{"type":"Feature","properties":{"ID":110276271,"yr":2021,"dt":"2021-06-15T17:27:49","WOJ":18,"sev":1,"c":[255,255,0,160],"dmg":0,"sli":1,"ser":0,"fat":0,"row":-1,"mot":-1,"pie":-1,"uto":-1,"uwr":-1},"geometry":{"type":"Point","coordinates":[22.148476,50.4368]}},{"type":"Feature","properties":{"ID":110276122,"yr":2021,"dt":"2021-06-15T15:34:14","WOJ":18,"sev":1,"c":[255,255,0,160],"dmg":1,"sli":1,"ser":0,"fat":0,"row":-1,"mot":-1,"pie":-1,"uto":-1,"uwr":-1},"geometry":{"type":"Point","coordinates":[21.6955,49.463556]}},{"type":"Feature","properties":{"ID":110271807,"yr":2021,"dt":"2021-06-14T12:25:30","WOJ":18,"sev":1,"c":[255,255,0,160],"dmg":1,"sli":2,"ser":0,"fat":0,"row":-1,"mot":-1,"pie":-1,"uto":-1,"uwr":-1},"geometry":{"type":"Point","coordinates":[21.599556,49.908444]}},{"type":"Feature","properties":{"ID":110272791,"yr":2021,"dt":"2021-06-14T15:35:56","WOJ":18,"sev":1,"c":[255,255,0,160],"dmg":1,"sli":1,"ser":0,"fat":0,"row":-1,"mot":-1,"pie":-1,"uto":-1,"uwr":-1},"geometry":{"type":"Point","coordinates":[21.99475,50.020111]}},{"type":"Feature","properties":{"ID":110272684,"yr":2021,"dt":"2021-06-14T15:07:17","WOJ":18,"sev":1,"c":[255,255,0,160],"dmg":0,"sli":1,"ser":0,"fat":0,"row":-1,"mot":1,"pie":-1,"uto":-1,"uwr":-1},"geometry":{"type":"Point","coordinates":[22.5355,50.474528]}},{"type":"Feature","properties":{"ID":110272611,"yr":2021,"dt":"2021-06-14T07:46:00","WOJ":18,"sev":1,"c":[255,255,0,160],"dmg":1,"sli":1,"ser":0,"fat":0,"row":-1,"mot":-1,"pie":-1,"uto":-1,"uwr":-1},"geometry":{"type":"Point","coordinates":[21.448917,49.726167]}},{"type":"Feature","properties":{"ID":110272802,"yr":2021,"dt":"2021-06-14T10:25:00","WOJ":18,"sev":1,"c":[255,255,0,160],"dmg":1,"sli":1,"ser":0,"fat":0,"row":-1,"mot":-1,"pie":-1,"uto":-1,"uwr":-1},"geometry":{"type":"Point","coordinates":[21.017528,50.088361]}},{"type":"Feature","properties":{"ID":110280526,"yr":2021,"dt":"2021-06-14T21:00:00","WOJ":18,"sev":1,"c":[255,255,0,160],"dmg":0,"sli":1,"ser":0,"fat":0,"row":1,"mot":-1,"pie":-1,"uto":-1,"uwr":-1},"geometry":{"type":"Point","coordinates":[22.234139,50.078361]}},{"type":"Feature","properties":{"ID":110269359,"yr":2021,"dt":"2021-06-14T13:25:02","WOJ":18,"sev":1,"c":[255,255,0,160],"dmg":2,"sli":1,"ser":0,"fat":0,"row":-1,"mot":-1,"pie":-1,"uto":-1,"uwr":-1},"geometry":{"type":"Point","coordinates":[21.965139,49.760833]}},{"type":"Feature","properties":{"ID":110269910,"yr":2021,"dt":"2021-06-12T11:02:00","WOJ":18,"sev":1,"c":[255,255,0,160],"dmg":1,"sli":1,"ser":0,"fat":0,"row":1,"mot":-1,"pie":-1,"uto":-1,"uwr":-1},"geometry":{"type":"Point","coordinates":[21.460278,50.285694]}},{"type":"Feature","properties":{"ID":110287096,"yr":2021,"dt":"2021-06-20T17:26:55","WOJ":18,"sev":1,"c":[255,255,0,160],"dmg":0,"sli":1,"ser":0,"fat":0,"row":-1,"mot":-1,"pie":-1,"uto":-1,"uwr":-1},"geometry":{"type":"Point","coordinates":[22.055389,50.106889]}},{"type":"Feature","properties":{"ID":110289584,"yr":2021,"dt":"2021-06-20T06:57:00","WOJ":18,"sev":1,"c":[255,255,0,160],"dmg":0,"sli":1,"ser":0,"fat":0,"row":1,"mot":-1,"pie":-1,"uto":-1,"uwr":-1},"geometry":{"type":"Point","coordinates":[22.022444,50.228167]}},{"type":"Feature","properties":{"ID":110293404,"yr":2021,"dt":"2021-06-20T21:33:00","WOJ":18,"sev":1,"c":[255,255,0,160],"dmg":0,"sli":1,"ser":0,"fat":0,"row":1,"mot":-1,"pie":-1,"uto":-1,"uwr":-1},"geometry":{"type":"Point","coordinates":[21.503861,49.740139]}},{"type":"Feature","properties":{"ID":110286401,"yr":2021,"dt":"2021-06-19T15:45:58","WOJ":18,"sev":1,"c":[255,255,0,160],"dmg":0,"sli":1,"ser":0,"fat":0,"row":-1,"mot":-1,"pie":-1,"uto":-1,"uwr":-1},"geometry":{"type":"Point","coordinates":[21.880333,50.034528]}},{"type":"Feature","properties":{"ID":110286583,"yr":2021,"dt":"2021-06-19T19:14:05","WOJ":18,"sev":1,"c":[255,255,0,160],"dmg":0,"sli":2,"ser":0,"fat":0,"row":-1,"mot":-1,"pie":-1,"uto":-1,"uwr":-1},"geometry":{"type":"Point","coordinates":[22.48177,50.247075]}},{"type":"Feature","properties":{"ID":110285856,"yr":2021,"dt":"2021-06-18T18:07:35","WOJ":18,"sev":1,"c":[255,255,0,160],"dmg":1,"sli":1,"ser":0,"fat":0,"row":1,"mot":-1,"pie":-1,"uto":-1,"uwr":-1},"geometry":{"type":"Point","coordinates":[22.017361,50.014639]}},{"type":"Feature","properties":{"ID":110284206,"yr":2021,"dt":"2021-06-18T11:51:44","WOJ":18,"sev":1,"c":[255,255,0,160],"dmg":1,"sli":1,"ser":0,"fat":0,"row":1,"mot":-1,"pie":-1,"uto":-1,"uwr":-1},"geometry":{"type":"Point","coordinates":[22.03,50.023667]}},{"type":"Feature","properties":{"ID":110285822,"yr":2021,"dt":"2021-06-18T15:30:09","WOJ":18,"sev":1,"c":[255,255,0,160],"dmg":2,"sli":1,"ser":0,"fat":0,"row":-1,"mot":-1,"pie":-1,"uto":-1,"uwr":-1},"geometry":{"type":"Point","coordinates":[21.567694,49.763153]}},{"type":"Feature","properties":{"ID":110285537,"yr":2021,"dt":"2021-06-18T12:26:37","WOJ":18,"sev":1,"c":[255,255,0,160],"dmg":1,"sli":1,"ser":0,"fat":0,"row":-1,"mot":-1,"pie":-1,"uto":-1,"uwr":-1},"geometry":{"type":"Point","coordinates":[22.034444,50.049611]}},{"type":"Feature","properties":{"ID":110285823,"yr":2021,"dt":"2021-06-18T15:29:00","WOJ":18,"sev":1,"c":[255,255,0,160],"dmg":1,"sli":1,"ser":0,"fat":0,"row":-1,"mot":-1,"pie":-1,"uto":-1,"uwr":-1},"geometry":{"type":"Point","coordinates":[22.257556,50.439722]}},{"type":"Feature","properties":{"ID":110316283,"yr":2021,"dt":"2021-06-18T16:45:00","WOJ":18,"sev":1,"c":[255,255,0,160],"dmg":1,"sli":1,"ser":0,"fat":0,"row":-1,"mot":1,"pie":-1,"uto":-1,"uwr":-1},"geometry":{"type":"Point","coordinates":[21.549417,49.991722]}},{"type":"Feature","properties":{"ID":110304669,"yr":2021,"dt":"2021-06-18T05:24:00","WOJ":18,"sev":1,"c":[255,255,0,160],"dmg":1,"sli":1,"ser":0,"fat":0,"row":-1,"mot":1,"pie":-1,"uto":-1,"uwr":-1},"geometry":{"type":"Point","coordinates":[21.849444,50.663028]}},{"type":"Feature","properties":{"ID":110283599,"yr":2021,"dt":"2021-06-17T22:36:24","WOJ":18,"sev":1,"c":[255,255,0,160],"dmg":2,"sli":2,"ser":0,"fat":0,"row":-1,"mot":-1,"pie":-1,"uto":-1,"uwr":-1},"geometry":{"type":"Point","coordinates":[21.998333,50.032139]}},{"type":"Feature","properties":{"ID":110283521,"yr":2021,"dt":"2021-06-17T19:16:00","WOJ":18,"sev":1,"c":[255,255,0,160],"dmg":1,"sli":1,"ser":0,"fat":0,"row":0,"mot":-1,"pie":-1,"uto":-1,"uwr":-1},"geometry":{"type":"Point","coordinates":[21.382806,50.0325]}},{"type":"Feature","properties":{"ID":110283572,"yr":2021,"dt":"2021-06-17T21:58:54","WOJ":18,"sev":1,"c":[255,255,0,160],"dmg":1,"sli":1,"ser":0,"fat":0,"row":-1,"mot":1,"pie":-1,"uto":-1,"uwr":-1},"geometry":{"type":"Point","coordinates":[22.049528,50.091194]}},{"type":"Feature","properties":{"ID":110283412,"yr":2021,"dt":"2021-06-17T17:56:24","WOJ":18,"sev":1,"c":[255,255,0,160],"dmg":1,"sli":1,"ser":0,"fat":0,"row":-1,"mot":-1,"pie":-1,"uto":-1,"uwr":-1},"geometry":{"type":"Point","coordinates":[21.722722,49.979194]}},{"type":"Feature","properties":{"ID":110285376,"yr":2021,"dt":"2021-06-21T21:40:35","WOJ":18,"sev":1,"c":[255,255,0,160],"dmg":1,"sli":1,"ser":0,"fat":0,"row":-1,"mot":-1,"pie":-1,"uto":-1,"uwr":-1},"geometry":{"type":"Point","coordinates":[22.142056,50.093278]}},{"type":"Feature","properties":{"ID":110287980,"yr":2021,"dt":"2021-06-21T11:00:00","WOJ":18,"sev":1,"c":[255,255,0,160],"dmg":0,"sli":2,"ser":0,"fat":0,"row":-1,"mot":-1,"pie":-1,"uto":-1,"uwr":-1},"geometry":{"type":"Point","coordinates":[22.666167,50.007667]}},{"type":"Feature","properties":{"ID":110301881,"yr":2021,"dt":"2021-06-21T18:25:00","WOJ":18,"sev":1,"c":[255,255,0,160],"dmg":1,"sli":1,"ser":0,"fat":0,"row":1,"mot":-1,"pie":-1,"uto":-1,"uwr":-1},"geometry":{"type":"Point","coordinates":[22.126083,50.035833]}},{"type":"Feature","properties":{"ID":110287753,"yr":2021,"dt":"2021-06-21T09:34:07","WOJ":18,"sev":1,"c":[255,255,0,160],"dmg":1,"sli":1,"ser":0,"fat":0,"row":-1,"mot":-1,"pie":-1,"uto":-1,"uwr":-1},"geometry":{"type":"Point","coordinates":[21.976972,50.026083]}},{"type":"Feature","properties":{"ID":113397842,"yr":2021,"dt":"2021-11-05T10:09:00","WOJ":18,"sev":1,"c":[255,255,0,160],"dmg":1,"sli":1,"ser":0,"fat":0,"row":-1,"mot":-1,"pie":1,"uto":-1,"uwr":-1},"geometry":{"type":"Point","coordinates":[22.017222,50.074306]}},{"type":"Feature","properties":{"ID":113232818,"yr":2021,"dt":"2021-11-05T11:56:42","WOJ":18,"sev":1,"c":[255,255,0,160],"dmg":1,"sli":1,"ser":0,"fat":0,"row":1,"mot":-1,"pie":-1,"uto":-1,"uwr":-1},"geometry":{"type":"Point","coordinates":[22.41025,50.263111]}},{"type":"Feature","properties":{"ID":113143718,"yr":2021,"dt":"2021-11-05T14:38:54","WOJ":18,"sev":1,"c":[255,255,0,160],"dmg":1,"sli":1,"ser":0,"fat":0,"row":-1,"mot":-1,"pie":-1,"uto":-1,"uwr":-1},"geometry":{"type":"Point","coordinates":[21.482417,50.101139]}},{"type":"Feature","properties":{"ID":113409930,"yr":2021,"dt":"2021-11-04T16:40:00","WOJ":18,"sev":1,"c":[255,255,0,160],"dmg":1,"sli":1,"ser":0,"fat":0,"row":-1,"mot":-1,"pie":-1,"uto":-1,"uwr":-1},"geometry":{"type":"Point","coordinates":[22.0165,50.101861]}},{"type":"Feature","properties":{"ID":113475845,"yr":2021,"dt":"2021-11-04T15:21:00","WOJ":18,"sev":1,"c":[255,255,0,160],"dmg":2,"sli":2,"ser":0,"fat":0,"row":-1,"mot":-1,"pie":-1,"uto":-1,"uwr":-1},"geometry":{"type":"Point","coordinates":[21.941139,49.9835]}},{"type":"Feature","properties":{"ID":113178872,"yr":2021,"dt":"2021-11-04T13:27:24","WOJ":18,"sev":1,"c":[255,255,0,160],"dmg":1,"sli":1,"ser":0,"fat":0,"row":-1,"mot":-1,"pie":-1,"uto":-1,"uwr":-1},"geometry":{"type":"Point","coordinates":[21.998583,50.039639]}},{"type":"Feature","properties":{"ID":113085938,"yr":2021,"dt":"2021-11-03T11:20:20","WOJ":18,"sev":1,"c":[255,255,0,160],"dmg":2,"sli":1,"ser":0,"fat":0,"row":-1,"mot":-1,"pie":-1,"uto":-1,"uwr":-1},"geometry":{"type":"Point","coordinates":[21.99025,49.660917]}},{"type":"Feature","properties":{"ID":113501891,"yr":2021,"dt":"2021-11-02T16:30:00","WOJ":18,"sev":1,"c":[255,255,0,160],"dmg":1,"sli":1,"ser":0,"fat":0,"row":-1,"mot":-1,"pie":1,"uto":-1,"uwr":-1},"geometry":{"type":"Point","coordinates":[21.839278,50.66725]}},{"type":"Feature","properties":{"ID":113084267,"yr":2021,"dt":"2021-11-02T16:38:34","WOJ":18,"sev":1,"c":[255,255,0,160],"dmg":1,"sli":1,"ser":0,"fat":0,"row":-1,"mot":-1,"pie":-1,"uto":-1,"uwr":-1},"geometry":{"type":"Point","coordinates":[21.860389,49.613972]}},{"type":"Feature","properties":{"ID":113204827,"yr":2021,"dt":"2021-11-02T15:22:00","WOJ":18,"sev":1,"c":[255,255,0,160],"dmg":1,"sli":1,"ser":0,"fat":0,"row":-1,"mot":-1,"pie":1,"uto":-1,"uwr":-1},"geometry":{"type":"Point","coordinates":[21.95024,50.04556]}},{"type":"Feature","properties":{"ID":113086808,"yr":2021,"dt":"2021-11-02T06:49:00","WOJ":18,"sev":1,"c":[255,255,0,160],"dmg":1,"sli":1,"ser":0,"fat":0,"row":-1,"mot":-1,"pie":-1,"uto":-1,"uwr":-1},"geometry":{"type":"Point","coordinates":[21.956667,49.995]}},{"type":"Feature","properties":{"ID":110291222,"yr":2021,"dt":"2021-06-21T15:16:00","WOJ":18,"sev":1,"c":[255,255,0,160],"dmg":2,"sli":1,"ser":0,"fat":0,"row":-1,"mot":-1,"pie":-1,"uto":-1,"uwr":-1},"geometry":{"type":"Point","coordinates":[21.411972,50.34625]}},{"type":"Feature","properties":{"ID":110294605,"yr":2021,"dt":"2021-06-25T11:18:29","WOJ":18,"sev":1,"c":[255,255,0,160],"dmg":1,"sli":1,"ser":0,"fat":0,"row":-1,"mot":-1,"pie":1,"uto":-1,"uwr":-1},"geometry":{"type":"Point","coordinates":[21.392972,50.298917]}},{"type":"Feature","properties":{"ID":110293390,"yr":2021,"dt":"2021-06-25T07:58:15","WOJ":18,"sev":1,"c":[255,255,0,160],"dmg":0,"sli":1,"ser":0,"fat":0,"row":-1,"mot":-1,"pie":-1,"uto":-1,"uwr":-1},"geometry":{"type":"Point","coordinates":[22.048472,50.599611]}},{"type":"Feature","properties":{"ID":110293991,"yr":2021,"dt":"2021-06-25T07:35:19","WOJ":18,"sev":1,"c":[255,255,0,160],"dmg":0,"sli":2,"ser":0,"fat":0,"row":-1,"mot":-1,"pie":-1,"uto":-1,"uwr":-1},"geometry":{"type":"Point","coordinates":[21.811028,50.634889]}},{"type":"Feature","properties":{"ID":110295587,"yr":2021,"dt":"2021-06-25T21:39:38","WOJ":18,"sev":1,"c":[255,255,0,160],"dmg":1,"sli":1,"ser":0,"fat":0,"row":1,"mot":-1,"pie":-1,"uto":-1,"uwr":-1},"geometry":{"type":"Point","coordinates":[22.115194,49.679444]}},{"type":"Feature","properties":{"ID":110292625,"yr":2021,"dt":"2021-06-24T07:11:39","WOJ":18,"sev":1,"c":[255,255,0,160],"dmg":0,"sli":1,"ser":0,"fat":0,"row":-1,"mot":1,"pie":-1,"uto":-1,"uwr":-1},"geometry":{"type":"Point","coordinates":[22.327806,50.54875]}},{"type":"Feature","properties":{"ID":110317968,"yr":2021,"dt":"2021-06-24T07:38:00","WOJ":18,"sev":1,"c":[255,255,0,160],"dmg":1,"sli":2,"ser":0,"fat":0,"row":-1,"mot":-1,"pie":-1,"uto":-1,"uwr":-1},"geometry":{"type":"Point","coordinates":[21.850861,50.594778]}},{"type":"Feature","properties":{"ID":110292254,"yr":2021,"dt":"2021-06-24T13:04:36","WOJ":18,"sev":1,"c":[255,255,0,160],"dmg":2,"sli":1,"ser":0,"fat":0,"row":-1,"mot":-1,"pie":-1,"uto":-1,"uwr":-1},"geometry":{"type":"Point","coordinates":[22.026056,50.031167]}},{"type":"Feature","properties":{"ID":110291579,"yr":2021,"dt":"2021-06-23T14:45:07","WOJ":18,"sev":1,"c":[255,255,0,160],"dmg":1,"sli":1,"ser":0,"fat":0,"row":-1,"mot":-1,"pie":-1,"uto":-1,"uwr":-1},"geometry":{"type":"Point","coordinates":[21.93875,50.014778]}},{"type":"Feature","properties":{"ID":110311586,"yr":2021,"dt":"2021-06-23T21:20:00","WOJ":18,"sev":1,"c":[255,255,0,160],"dmg":1,"sli":1,"ser":0,"fat":0,"row":1,"mot":-1,"pie":-1,"uto":-1,"uwr":-1},"geometry":{"type":"Point","coordinates":[21.956778,50.010111]}},{"type":"Feature","properties":{"ID":110293811,"yr":2021,"dt":"2021-06-23T12:20:00","WOJ":18,"sev":1,"c":[255,255,0,160],"dmg":2,"sli":1,"ser":0,"fat":0,"row":-1,"mot":-1,"pie":-1,"uto":-1,"uwr":-1},"geometry":{"type":"Point","coordinates":[21.953889,50.221722]}},{"type":"Feature","properties":{"ID":110291466,"yr":2021,"dt":"2021-06-23T12:33:41","WOJ":18,"sev":1,"c":[255,255,0,160],"dmg":1,"sli":1,"ser":0,"fat":0,"row":-1,"mot":-1,"pie":1,"uto":-1,"uwr":-1},"geometry":{"type":"Point","coordinates":[22.550583,50.160611]}},{"type":"Feature","properties":{"ID":110299513,"yr":2021,"dt":"2021-06-23T15:11:00","WOJ":18,"sev":1,"c":[255,255,0,160],"dmg":2,"sli":1,"ser":0,"fat":0,"row":-1,"mot":-1,"pie":-1,"uto":-1,"uwr":-1},"geometry":{"type":"Point","coordinates":[22.016944,50.020417]}},{"type":"Feature","properties":{"ID":110301834,"yr":2021,"dt":"2021-06-22T13:16:00","WOJ":18,"sev":1,"c":[255,255,0,160],"dmg":1,"sli":7,"ser":0,"fat":0,"row":-1,"mot":-1,"pie":-1,"uto":-1,"uwr":-1},"geometry":{"type":"Point","coordinates":[21.936361,50.066639]}},{"type":"Feature","properties":{"ID":110289478,"yr":2021,"dt":"2021-06-22T12:54:32","WOJ":18,"sev":1,"c":[255,255,0,160],"dmg":1,"sli":1,"ser":0,"fat":0,"row":1,"mot":-1,"pie":-1,"uto":-1,"uwr":-1},"geometry":{"type":"Point","coordinates":[21.434861,50.053528]}},{"type":"Feature","properties":{"ID":110289780,"yr":2021,"dt":"2021-06-22T11:10:39","WOJ":18,"sev":1,"c":[255,255,0,160],"dmg":1,"sli":1,"ser":0,"fat":0,"row":-1,"mot":-1,"pie":-1,"uto":-1,"uwr":-1},"geometry":{"type":"Point","coordinates":[21.967806,50.011722]}},{"type":"Feature","properties":{"ID":110289848,"yr":2021,"dt":"2021-06-22T15:43:57","WOJ":18,"sev":1,"c":[255,255,0,160],"dmg":1,"sli":1,"ser":0,"fat":0,"row":-1,"mot":-1,"pie":-1,"uto":-1,"uwr":-1},"geometry":{"type":"Point","coordinates":[22.409167,49.309806]}},{"type":"Feature","properties":{"ID":110302028,"yr":2021,"dt":"2021-06-29T14:36:00","WOJ":18,"sev":1,"c":[255,255,0,160],"dmg":2,"sli":1,"ser":0,"fat":0,"row":-1,"mot":-1,"pie":-1,"uto":-1,"uwr":-1},"geometry":{"type":"Point","coordinates":[22.057833,50.574667]}},{"type":"Feature","properties":{"ID":110299236,"yr":2021,"dt":"2021-06-28T12:36:55","WOJ":18,"sev":1,"c":[255,255,0,160],"dmg":0,"sli":1,"ser":0,"fat":0,"row":-1,"mot":-1,"pie":-1,"uto":-1,"uwr":-1},"geometry":{"type":"Point","coordinates":[22.688806,50.356056]}},{"type":"Feature","properties":{"ID":110299238,"yr":2021,"dt":"2021-06-28T13:52:54","WOJ":18,"sev":1,"c":[255,255,0,160],"dmg":0,"sli":1,"ser":0,"fat":0,"row":-1,"mot":-1,"pie":-1,"uto":-1,"uwr":-1},"geometry":{"type":"Point","coordinates":[21.680228,50.027974]}},{"type":"Feature","properties":{"ID":110300940,"yr":2021,"dt":"2021-06-28T20:39:00","WOJ":18,"sev":1,"c":[255,255,0,160],"dmg":1,"sli":1,"ser":0,"fat":0,"row":1,"mot":-1,"pie":-1,"uto":-1,"uwr":-1},"geometry":{"type":"Point","coordinates":[21.701361,50.608028]}},{"type":"Feature","properties":{"ID":110305287,"yr":2021,"dt":"2021-06-27T08:31:00","WOJ":18,"sev":1,"c":[255,255,0,160],"dmg":0,"sli":1,"ser":0,"fat":0,"row":-1,"mot":-1,"pie":-1,"uto":-1,"uwr":-1},"geometry":{"type":"Point","coordinates":[21.440056,49.725778]}},{"type":"Feature","properties":{"ID":110303353,"yr":2021,"dt":"2021-06-27T13:58:00","WOJ":18,"sev":1,"c":[255,255,0,160],"dmg":0,"sli":5,"ser":0,"fat":0,"row":-1,"mot":-1,"pie":-1,"uto":-1,"uwr":-1},"geometry":{"type":"Point","coordinates":[21.976889,50.037583]}},{"type":"Feature","properties":{"ID":110299727,"yr":2021,"dt":"2021-06-27T13:17:00","WOJ":18,"sev":1,"c":[255,255,0,160],"dmg":0,"sli":1,"ser":0,"fat":0,"row":-1,"mot":1,"pie":-1,"uto":-1,"uwr":-1},"geometry":{"type":"Point","coordinates":[22.010028,49.366639]}},{"type":"Feature","properties":{"ID":110297696,"yr":2021,"dt":"2021-06-27T20:13:46","WOJ":18,"sev":1,"c":[255,255,0,160],"dmg":1,"sli":1,"ser":0,"fat":0,"row":1,"mot":-1,"pie":-1,"uto":-1,"uwr":-1},"geometry":{"type":"Point","coordinates":[22.000194,50.031056]}},{"type":"Feature","properties":{"ID":110297559,"yr":2021,"dt":"2021-06-27T15:41:03","WOJ":18,"sev":1,"c":[255,255,0,160],"dmg":0,"sli":3,"ser":0,"fat":0,"row":-1,"mot":-1,"pie":-1,"uto":-1,"uwr":-1},"geometry":{"type":"Point","coordinates":[22.056694,49.672194]}},{"type":"Feature","properties":{"ID":110311731,"yr":2021,"dt":"2021-06-26T10:16:00","WOJ":18,"sev":1,"c":[255,255,0,160],"dmg":0,"sli":2,"ser":0,"fat":0,"row":-1,"mot":-1,"pie":-1,"uto":-1,"uwr":-1},"geometry":{"type":"Point","coordinates":[21.026083,50.232389]}},{"type":"Feature","properties":{"ID":110296603,"yr":2021,"dt":"2021-06-26T10:04:35","WOJ":18,"sev":1,"c":[255,255,0,160],"dmg":1,"sli":1,"ser":0,"fat":0,"row":1,"mot":-1,"pie":-1,"uto":-1,"uwr":-1},"geometry":{"type":"Point","coordinates":[22.031167,49.580722]}},{"type":"Feature","properties":{"ID":110295837,"yr":2021,"dt":"2021-06-26T13:51:52","WOJ":18,"sev":1,"c":[255,255,0,160],"dmg":0,"sli":1,"ser":0,"fat":0,"row":-1,"mot":-1,"pie":-1,"uto":-1,"uwr":-1},"geometry":{"type":"Point","coordinates":[22.123444,50.072167]}},{"type":"Feature","properties":{"ID":110299608,"yr":2021,"dt":"2021-06-26T18:20:00","WOJ":18,"sev":1,"c":[255,255,0,160],"dmg":0,"sli":2,"ser":0,"fat":0,"row":-1,"mot":-1,"pie":-1,"uto":-1,"uwr":-1},"geometry":{"type":"Point","coordinates":[22.34525,50.008667]}},{"type":"Feature","properties":{"ID":110296924,"yr":2021,"dt":"2021-06-26T22:18:03","WOJ":18,"sev":1,"c":[255,255,0,160],"dmg":1,"sli":1,"ser":0,"fat":0,"row":-1,"mot":-1,"pie":1,"uto":-1,"uwr":-1},"geometry":{"type":"Point","coordinates":[22.000111,50.031167]}},{"type":"Feature","properties":{"ID":110294135,"yr":2021,"dt":"2021-06-25T07:40:23","WOJ":18,"sev":1,"c":[255,255,0,160],"dmg":1,"sli":1,"ser":0,"fat":0,"row":-1,"mot":-1,"pie":-1,"uto":-1,"uwr":-1},"geometry":{"type":"Point","coordinates":[21.023194,52.187778]}},{"type":"Feature","properties":{"ID":110294313,"yr":2021,"dt":"2021-06-25T14:35:03","WOJ":18,"sev":1,"c":[255,255,0,160],"dmg":1,"sli":1,"ser":0,"fat":0,"row":-1,"mot":-1,"pie":-1,"uto":-1,"uwr":-1},"geometry":{"type":"Point","coordinates":[21.809639,49.734444]}},{"type":"Feature","properties":{"ID":110311133,"yr":2021,"dt":"2021-07-05T16:42:08","WOJ":18,"sev":1,"c":[255,255,0,160],"dmg":0,"sli":2,"ser":0,"fat":0,"row":-1,"mot":-1,"pie":-1,"uto":-1,"uwr":-1},"geometry":{"type":"Point","coordinates":[21.699083,49.501556]}},{"type":"Feature","properties":{"ID":110312638,"yr":2021,"dt":"2021-07-05T11:45:00","WOJ":18,"sev":1,"c":[255,255,0,160],"dmg":0,"sli":2,"ser":0,"fat":0,"row":-1,"mot":-1,"pie":-1,"uto":-1,"uwr":-1},"geometry":{"type":"Point","coordinates":[21.957611,49.955556]}},{"type":"Feature","properties":{"ID":110316682,"yr":2021,"dt":"2021-07-04T09:59:00","WOJ":18,"sev":1,"c":[255,255,0,160],"dmg":2,"sli":1,"ser":0,"fat":0,"row":-1,"mot":-1,"pie":-1,"uto":-1,"uwr":-1},"geometry":{"type":"Point","coordinates":[21.642222,50.109639]}},{"type":"Feature","properties":{"ID":110317565,"yr":2021,"dt":"2021-07-04T22:00:00","WOJ":18,"sev":1,"c":[255,255,0,160],"dmg":1,"sli":1,"ser":0,"fat":0,"row":-1,"mot":-1,"pie":-1,"uto":-1,"uwr":-1},"geometry":{"type":"Point","coordinates":[21.41975,49.797972]}},{"type":"Feature","properties":{"ID":110309701,"yr":2021,"dt":"2021-07-03T10:39:34","WOJ":18,"sev":1,"c":[255,255,0,160],"dmg":1,"sli":2,"ser":0,"fat":0,"row":-1,"mot":-1,"pie":1,"uto":-1,"uwr":-1},"geometry":{"type":"Point","coordinates":[21.941806,49.746083]}},{"type":"Feature","properties":{"ID":110312585,"yr":2021,"dt":"2021-07-03T01:12:00","WOJ":18,"sev":1,"c":[255,255,0,160],"dmg":0,"sli":1,"ser":0,"fat":0,"row":1,"mot":-1,"pie":-1,"uto":-1,"uwr":-1},"geometry":{"type":"Point","coordinates":[21.005333,50.034]}},{"type":"Feature","properties":{"ID":110310011,"yr":2021,"dt":"2021-07-03T17:23:03","WOJ":18,"sev":1,"c":[255,255,0,160],"dmg":0,"sli":2,"ser":0,"fat":0,"row":-1,"mot":-1,"pie":-1,"uto":-1,"uwr":-1},"geometry":{"type":"Point","coordinates":[22.073556,49.965556]}},{"type":"Feature","properties":{"ID":110309973,"yr":2021,"dt":"2021-07-03T17:06:59","WOJ":18,"sev":1,"c":[255,255,0,160],"dmg":1,"sli":1,"ser":0,"fat":0,"row":-1,"mot":-1,"pie":1,"uto":-1,"uwr":-1},"geometry":{"type":"Point","coordinates":[21.461778,50.290583]}},{"type":"Feature","properties":{"ID":110304537,"yr":2021,"dt":"2021-07-01T09:41:55","WOJ":18,"sev":1,"c":[255,255,0,160],"dmg":2,"sli":2,"ser":0,"fat":0,"row":-1,"mot":-1,"pie":-1,"uto":-1,"uwr":-1},"geometry":{"type":"Point","coordinates":[21.987667,50.075194]}},{"type":"Feature","properties":{"ID":110304050,"yr":2021,"dt":"2021-06-30T17:01:49","WOJ":18,"sev":1,"c":[255,255,0,160],"dmg":1,"sli":1,"ser":0,"fat":0,"row":-1,"mot":-1,"pie":-1,"uto":-1,"uwr":-1},"geometry":{"type":"Point","coordinates":[22.234694,49.782472]}},{"type":"Feature","properties":{"ID":110303068,"yr":2021,"dt":"2021-06-30T09:54:46","WOJ":18,"sev":1,"c":[255,255,0,160],"dmg":1,"sli":1,"ser":0,"fat":0,"row":-1,"mot":-1,"pie":-1,"uto":-1,"uwr":-1},"geometry":{"type":"Point","coordinates":[21.5565,50.276722]}},{"type":"Feature","properties":{"ID":110303176,"yr":2021,"dt":"2021-06-30T15:54:37","WOJ":18,"sev":1,"c":[255,255,0,160],"dmg":1,"sli":1,"ser":0,"fat":0,"row":-1,"mot":-1,"pie":-1,"uto":-1,"uwr":-1},"geometry":{"type":"Point","coordinates":[21.80825,49.693528]}},{"type":"Feature","properties":{"ID":110305214,"yr":2021,"dt":"2021-06-29T18:38:00","WOJ":18,"sev":1,"c":[255,255,0,160],"dmg":1,"sli":3,"ser":0,"fat":0,"row":-1,"mot":-1,"pie":-1,"uto":-1,"uwr":-1},"geometry":{"type":"Point","coordinates":[21.019111,50.2065]}},{"type":"Feature","properties":{"ID":110301352,"yr":2021,"dt":"2021-06-29T18:13:31","WOJ":18,"sev":1,"c":[255,255,0,160],"dmg":1,"sli":2,"ser":0,"fat":0,"row":-1,"mot":-1,"pie":-1,"uto":-1,"uwr":-1},"geometry":{"type":"Point","coordinates":[21.394306,50.031417]}},{"type":"Feature","properties":{"ID":110302221,"yr":2021,"dt":"2021-06-29T17:22:30","WOJ":18,"sev":1,"c":[255,255,0,160],"dmg":0,"sli":3,"ser":0,"fat":0,"row":-1,"mot":-1,"pie":-1,"uto":-1,"uwr":-1},"geometry":{"type":"Point","coordinates":[22.17075,50.038306]}},{"type":"Feature","properties":{"ID":110306768,"yr":2021,"dt":"2021-06-29T14:00:00","WOJ":18,"sev":1,"c":[255,255,0,160],"dmg":1,"sli":1,"ser":0,"fat":0,"row":1,"mot":-1,"pie":-1,"uto":-1,"uwr":-1},"geometry":{"type":"Point","coordinates":[21.772417,49.681167]}},{"type":"Feature","properties":{"ID":110313842,"yr":2021,"dt":"2021-07-06T21:50:06","WOJ":18,"sev":1,"c":[255,255,0,160],"dmg":1,"sli":1,"ser":0,"fat":0,"row":-1,"mot":-1,"pie":-1,"uto":-1,"uwr":-1},"geometry":{"type":"Point","coordinates":[21.997583,50.004917]}},{"type":"Feature","properties":{"ID":110310980,"yr":2021,"dt":"2021-07-05T14:44:42","WOJ":18,"sev":1,"c":[255,255,0,160],"dmg":1,"sli":1,"ser":0,"fat":0,"row":1,"mot":0,"pie":-1,"uto":-1,"uwr":-1},"geometry":{"type":"Point","coordinates":[21.515167,50.103361]}},{"type":"Feature","properties":{"ID":113068690,"yr":2021,"dt":"2021-11-02T14:15:59","WOJ":18,"sev":1,"c":[255,255,0,160],"dmg":1,"sli":1,"ser":0,"fat":0,"row":-1,"mot":-1,"pie":-1,"uto":-1,"uwr":-1},"geometry":{"type":"Point","coordinates":[22.0475,49.966556]}},{"type":"Feature","properties":{"ID":113060596,"yr":2021,"dt":"2021-11-01T09:48:13","WOJ":18,"sev":1,"c":[255,255,0,160],"dmg":0,"sli":1,"ser":0,"fat":0,"row":-1,"mot":-1,"pie":-1,"uto":-1,"uwr":-1},"geometry":{"type":"Point","coordinates":[22.210944,50.097139]}},{"type":"Feature","properties":{"ID":113086776,"yr":2021,"dt":"2021-11-01T14:57:00","WOJ":18,"sev":1,"c":[255,255,0,160],"dmg":0,"sli":1,"ser":0,"fat":0,"row":1,"mot":-1,"pie":-1,"uto":-1,"uwr":-1},"geometry":{"type":"Point","coordinates":[22.199194,50.042639]}},{"type":"Feature","properties":{"ID":113060466,"yr":2021,"dt":"2021-10-31T15:17:20","WOJ":18,"sev":1,"c":[255,255,0,160],"dmg":1,"sli":1,"ser":0,"fat":0,"row":-1,"mot":1,"pie":-1,"uto":-1,"uwr":-1},"geometry":{"type":"Point","coordinates":[22.416997,49.982829]}},{"type":"Feature","properties":{"ID":113085010,"yr":2021,"dt":"2021-10-31T15:14:00","WOJ":18,"sev":1,"c":[255,255,0,160],"dmg":1,"sli":2,"ser":0,"fat":0,"row":-1,"mot":-1,"pie":-1,"uto":-1,"uwr":-1},"geometry":{"type":"Point","coordinates":[22.09819,49.88214]}},{"type":"Feature","properties":{"ID":113475920,"yr":2021,"dt":"2021-10-31T18:29:00","WOJ":18,"sev":1,"c":[255,255,0,160],"dmg":1,"sli":4,"ser":0,"fat":0,"row":-1,"mot":-1,"pie":-1,"uto":-1,"uwr":-1},"geometry":{"type":"Point","coordinates":[22.155778,50.271333]}},{"type":"Feature","properties":{"ID":113050814,"yr":2021,"dt":"2021-10-30T10:45:40","WOJ":18,"sev":1,"c":[255,255,0,160],"dmg":0,"sli":1,"ser":0,"fat":0,"row":-1,"mot":-1,"pie":-1,"uto":-1,"uwr":-1},"geometry":{"type":"Point","coordinates":[21.991278,50.024361]}},{"type":"Feature","properties":{"ID":113068669,"yr":2021,"dt":"2021-10-30T08:55:00","WOJ":18,"sev":1,"c":[255,255,0,160],"dmg":1,"sli":1,"ser":0,"fat":0,"row":1,"mot":-1,"pie":-1,"uto":-1,"uwr":-1},"geometry":{"type":"Point","coordinates":[22.431972,50.291111]}},{"type":"Feature","properties":{"ID":113035620,"yr":2021,"dt":"2021-10-30T18:35:00","WOJ":18,"sev":1,"c":[255,255,0,160],"dmg":1,"sli":1,"ser":0,"fat":0,"row":-1,"mot":-1,"pie":1,"uto":-1,"uwr":-1},"geometry":{"type":"Point","coordinates":[22.866194,49.909278]}},{"type":"Feature","properties":{"ID":113409938,"yr":2021,"dt":"2021-10-29T15:14:00","WOJ":18,"sev":1,"c":[255,255,0,160],"dmg":0,"sli":1,"ser":0,"fat":0,"row":-1,"mot":-1,"pie":-1,"uto":-1,"uwr":-1},"geometry":{"type":"Point","coordinates":[22.151083,49.92825]}},{"type":"Feature","properties":{"ID":113083983,"yr":2021,"dt":"2021-10-29T07:55:00","WOJ":18,"sev":1,"c":[255,255,0,160],"dmg":1,"sli":1,"ser":0,"fat":0,"row":-1,"mot":-1,"pie":-1,"uto":-1,"uwr":-1},"geometry":{"type":"Point","coordinates":[22.093917,50.56525]}},{"type":"Feature","properties":{"ID":113035243,"yr":2021,"dt":"2021-10-29T19:36:15","WOJ":18,"sev":1,"c":[255,255,0,160],"dmg":1,"sli":1,"ser":0,"fat":0,"row":-1,"mot":-1,"pie":-1,"uto":-1,"uwr":-1},"geometry":{"type":"Point","coordinates":[21.519167,49.562194]}},{"type":"Feature","properties":{"ID":110312249,"yr":2021,"dt":"2021-07-05T14:48:35","WOJ":18,"sev":1,"c":[255,255,0,160],"dmg":1,"sli":1,"ser":0,"fat":0,"row":1,"mot":-1,"pie":-1,"uto":-1,"uwr":-1},"geometry":{"type":"Point","coordinates":[22.019556,50.028583]}},{"type":"Feature","properties":{"ID":110312292,"yr":2021,"dt":"2021-07-05T15:53:52","WOJ":18,"sev":1,"c":[255,255,0,160],"dmg":1,"sli":1,"ser":0,"fat":0,"row":-1,"mot":1,"pie":-1,"uto":-1,"uwr":-1},"geometry":{"type":"Point","coordinates":[22.017306,50.014278]}},{"type":"Feature","properties":{"ID":110321365,"yr":2021,"dt":"2021-07-12T11:38:28","WOJ":18,"sev":1,"c":[255,255,0,160],"dmg":0,"sli":1,"ser":0,"fat":0,"row":-1,"mot":-1,"pie":-1,"uto":-1,"uwr":-1},"geometry":{"type":"Point","coordinates":[22.978028,49.9745]}},{"type":"Feature","properties":{"ID":110320489,"yr":2021,"dt":"2021-07-11T02:42:59","WOJ":18,"sev":1,"c":[255,255,0,160],"dmg":0,"sli":3,"ser":0,"fat":0,"row":-1,"mot":-1,"pie":-1,"uto":-1,"uwr":-1},"geometry":{"type":"Point","coordinates":[21.63276,49.819562]}},{"type":"Feature","properties":{"ID":110326754,"yr":2021,"dt":"2021-07-11T10:00:00","WOJ":18,"sev":1,"c":[255,255,0,160],"dmg":1,"sli":1,"ser":0,"fat":0,"row":1,"mot":-1,"pie":-1,"uto":-1,"uwr":-1},"geometry":{"type":"Point","coordinates":[22.245611,49.870306]}},{"type":"Feature","properties":{"ID":110320588,"yr":2021,"dt":"2021-07-11T09:45:19","WOJ":18,"sev":1,"c":[255,255,0,160],"dmg":1,"sli":1,"ser":0,"fat":0,"row":-1,"mot":-1,"pie":-1,"uto":-1,"uwr":-1},"geometry":{"type":"Point","coordinates":[22.027472,50.078889]}},{"type":"Feature","properties":{"ID":110319375,"yr":2021,"dt":"2021-07-10T19:33:10","WOJ":18,"sev":1,"c":[255,255,0,160],"dmg":1,"sli":1,"ser":0,"fat":0,"row":1,"mot":-1,"pie":-1,"uto":-1,"uwr":-1},"geometry":{"type":"Point","coordinates":[21.9895,49.99825]}},{"type":"Feature","properties":{"ID":110318393,"yr":2021,"dt":"2021-07-09T16:29:46","WOJ":18,"sev":1,"c":[255,255,0,160],"dmg":1,"sli":1,"ser":0,"fat":0,"row":-1,"mot":-1,"pie":-1,"uto":-1,"uwr":-1},"geometry":{"type":"Point","coordinates":[22.021278,49.966278]}},{"type":"Feature","properties":{"ID":110317873,"yr":2021,"dt":"2021-07-09T09:40:18","WOJ":18,"sev":1,"c":[255,255,0,160],"dmg":1,"sli":1,"ser":0,"fat":0,"row":-1,"mot":-1,"pie":-1,"uto":-1,"uwr":-1},"geometry":{"type":"Point","coordinates":[21.436417,50.066694]}},{"type":"Feature","properties":{"ID":110326857,"yr":2021,"dt":"2021-07-09T08:16:00","WOJ":18,"sev":1,"c":[255,255,0,160],"dmg":1,"sli":1,"ser":0,"fat":0,"row":1,"mot":-1,"pie":-1,"uto":-1,"uwr":-1},"geometry":{"type":"Point","coordinates":[21.490194,49.756361]}},{"type":"Feature","properties":{"ID":110326765,"yr":2021,"dt":"2021-07-09T17:38:00","WOJ":18,"sev":1,"c":[255,255,0,160],"dmg":0,"sli":1,"ser":0,"fat":0,"row":1,"mot":-1,"pie":-1,"uto":-1,"uwr":-1},"geometry":{"type":"Point","coordinates":[22.002611,50.040611]}},{"type":"Feature","properties":{"ID":110329568,"yr":2021,"dt":"2021-07-08T14:41:00","WOJ":18,"sev":1,"c":[255,255,0,160],"dmg":1,"sli":1,"ser":0,"fat":0,"row":1,"mot":-1,"pie":-1,"uto":-1,"uwr":-1},"geometry":{"type":"Point","coordinates":[21.667611,50.564778]}},{"type":"Feature","properties":{"ID":110316000,"yr":2021,"dt":"2021-07-08T16:31:17","WOJ":18,"sev":1,"c":[255,255,0,160],"dmg":2,"sli":1,"ser":0,"fat":0,"row":-1,"mot":-1,"pie":-1,"uto":-1,"uwr":-1},"geometry":{"type":"Point","coordinates":[21.745639,50.377028]}},{"type":"Feature","properties":{"ID":110315530,"yr":2021,"dt":"2021-07-08T07:12:27","WOJ":18,"sev":1,"c":[255,255,0,160],"dmg":2,"sli":1,"ser":0,"fat":0,"row":-1,"mot":-1,"pie":-1,"uto":-1,"uwr":-1},"geometry":{"type":"Point","coordinates":[21.335972,49.932306]}},{"type":"Feature","properties":{"ID":110315930,"yr":2021,"dt":"2021-07-08T15:24:00","WOJ":18,"sev":1,"c":[255,255,0,160],"dmg":1,"sli":1,"ser":0,"fat":0,"row":-1,"mot":-1,"pie":-1,"uto":-1,"uwr":-1},"geometry":{"type":"Point","coordinates":[21.614278,49.832861]}},{"type":"Feature","properties":{"ID":110322034,"yr":2021,"dt":"2021-07-07T06:59:00","WOJ":18,"sev":1,"c":[255,255,0,160],"dmg":0,"sli":1,"ser":0,"fat":0,"row":-1,"mot":-1,"pie":-1,"uto":-1,"uwr":-1},"geometry":{"type":"Point","coordinates":[22.173083,50.392611]}},{"type":"Feature","properties":{"ID":110314665,"yr":2021,"dt":"2021-07-07T07:33:36","WOJ":18,"sev":1,"c":[255,255,0,160],"dmg":0,"sli":1,"ser":0,"fat":0,"row":-1,"mot":-1,"pie":-1,"uto":-1,"uwr":-1},"geometry":{"type":"Point","coordinates":[22.138528,50.228889]}},{"type":"Feature","properties":{"ID":110313556,"yr":2021,"dt":"2021-07-06T13:24:50","WOJ":18,"sev":1,"c":[255,255,0,160],"dmg":1,"sli":1,"ser":0,"fat":0,"row":-1,"mot":-1,"pie":1,"uto":-1,"uwr":-1},"geometry":{"type":"Point","coordinates":[22.010361,50.064417]}},{"type":"Feature","properties":{"ID":113010075,"yr":2021,"dt":"2021-10-28T14:24:25","WOJ":18,"sev":1,"c":[255,255,0,160],"dmg":2,"sli":1,"ser":0,"fat":0,"row":-1,"mot":-1,"pie":-1,"uto":-1,"uwr":-1},"geometry":{"type":"Point","coordinates":[21.977861,50.0405]}},{"type":"Feature","properties":{"ID":113501874,"yr":2021,"dt":"2021-10-27T11:40:00","WOJ":18,"sev":1,"c":[255,255,0,160],"dmg":0,"sli":1,"ser":0,"fat":0,"row":-1,"mot":-1,"pie":-1,"uto":-1,"uwr":-1},"geometry":{"type":"Point","coordinates":[21.92119,49.99383]}},{"type":"Feature","properties":{"ID":113086816,"yr":2021,"dt":"2021-10-27T14:45:00","WOJ":18,"sev":1,"c":[255,255,0,160],"dmg":1,"sli":1,"ser":0,"fat":0,"row":-1,"mot":-1,"pie":-1,"uto":-1,"uwr":-1},"geometry":{"type":"Point","coordinates":[22.068389,50.099611]}},{"type":"Feature","properties":{"ID":113000818,"yr":2021,"dt":"2021-10-27T16:18:00","WOJ":18,"sev":1,"c":[255,255,0,160],"dmg":1,"sli":2,"ser":0,"fat":0,"row":-1,"mot":-1,"pie":-1,"uto":-1,"uwr":-1},"geometry":{"type":"Point","coordinates":[22.012306,50.065556]}},{"type":"Feature","properties":{"ID":112953794,"yr":2021,"dt":"2021-10-27T15:17:07","WOJ":18,"sev":1,"c":[255,255,0,160],"dmg":1,"sli":1,"ser":0,"fat":0,"row":1,"mot":-1,"pie":-1,"uto":-1,"uwr":-1},"geometry":{"type":"Point","coordinates":[22.777028,49.787583]}},{"type":"Feature","properties":{"ID":113068364,"yr":2021,"dt":"2021-10-27T14:54:00","WOJ":18,"sev":1,"c":[255,255,0,160],"dmg":1,"sli":1,"ser":0,"fat":0,"row":-1,"mot":-1,"pie":-1,"uto":-1,"uwr":-1},"geometry":{"type":"Point","coordinates":[22.23421,49.82893]}},{"type":"Feature","properties":{"ID":112953492,"yr":2021,"dt":"2021-10-27T10:04:00","WOJ":18,"sev":1,"c":[255,255,0,160],"dmg":1,"sli":1,"ser":0,"fat":0,"row":-1,"mot":-1,"pie":1,"uto":-1,"uwr":-1},"geometry":{"type":"Point","coordinates":[21.413667,50.0525]}},{"type":"Feature","properties":{"ID":113022851,"yr":2021,"dt":"2021-10-26T16:25:00","WOJ":18,"sev":1,"c":[255,255,0,160],"dmg":1,"sli":1,"ser":0,"fat":0,"row":-1,"mot":-1,"pie":-1,"uto":-1,"uwr":-1},"geometry":{"type":"Point","coordinates":[21.326944,49.976861]}},{"type":"Feature","properties":{"ID":113068826,"yr":2021,"dt":"2021-10-26T18:40:00","WOJ":18,"sev":1,"c":[255,255,0,160],"dmg":1,"sli":1,"ser":0,"fat":0,"row":-1,"mot":-1,"pie":-1,"uto":-1,"uwr":-1},"geometry":{"type":"Point","coordinates":[21.972556,50.024472]}},{"type":"Feature","properties":{"ID":113336082,"yr":2021,"dt":"2021-10-26T18:32:00","WOJ":18,"sev":1,"c":[255,255,0,160],"dmg":1,"sli":1,"ser":0,"fat":0,"row":-1,"mot":-1,"pie":1,"uto":-1,"uwr":-1},"geometry":{"type":"Point","coordinates":[21.340694,49.706972]}},{"type":"Feature","properties":{"ID":112633893,"yr":2021,"dt":"2021-10-25T06:54:17","WOJ":18,"sev":1,"c":[255,255,0,160],"dmg":1,"sli":1,"ser":0,"fat":0,"row":-1,"mot":-1,"pie":-1,"uto":-1,"uwr":-1},"geometry":{"type":"Point","coordinates":[22.373775,50.295277]}},{"type":"Feature","properties":{"ID":112758957,"yr":2021,"dt":"2021-10-25T12:48:14","WOJ":18,"sev":1,"c":[255,255,0,160],"dmg":1,"sli":1,"ser":0,"fat":0,"row":-1,"mot":-1,"pie":-1,"uto":-1,"uwr":-1},"geometry":{"type":"Point","coordinates":[22.091429,50.541263]}},{"type":"Feature","properties":{"ID":110320314,"yr":2021,"dt":"2021-07-12T15:10:02","WOJ":18,"sev":1,"c":[255,255,0,160],"dmg":0,"sli":1,"ser":0,"fat":0,"row":-1,"mot":-1,"pie":-1,"uto":-1,"uwr":-1},"geometry":{"type":"Point","coordinates":[22.053944,49.98725]}},{"type":"Feature","properties":{"ID":110326863,"yr":2021,"dt":"2021-07-12T15:33:00","WOJ":18,"sev":1,"c":[255,255,0,160],"dmg":1,"sli":1,"ser":0,"fat":0,"row":-1,"mot":-1,"pie":-1,"uto":-1,"uwr":-1},"geometry":{"type":"Point","coordinates":[22.0325,50.042278]}},{"type":"Feature","properties":{"ID":110320376,"yr":2021,"dt":"2021-07-12T18:26:44","WOJ":18,"sev":1,"c":[255,255,0,160],"dmg":1,"sli":1,"ser":0,"fat":0,"row":-1,"mot":-1,"pie":-1,"uto":-1,"uwr":-1},"geometry":{"type":"Point","coordinates":[21.952917,50.059472]}},{"type":"Feature","properties":{"ID":110321448,"yr":2021,"dt":"2021-07-12T10:21:37","WOJ":18,"sev":1,"c":[255,255,0,160],"dmg":3,"sli":1,"ser":0,"fat":0,"row":-1,"mot":-1,"pie":-1,"uto":-1,"uwr":-1},"geometry":{"type":"Point","coordinates":[21.928833,49.9775]}},{"type":"Feature","properties":{"ID":110330998,"yr":2021,"dt":"2021-07-16T11:25:00","WOJ":18,"sev":1,"c":[255,255,0,160],"dmg":0,"sli":2,"ser":0,"fat":0,"row":-1,"mot":-1,"pie":-1,"uto":-1,"uwr":-1},"geometry":{"type":"Point","coordinates":[21.887,49.896389]}},{"type":"Feature","properties":{"ID":110326027,"yr":2021,"dt":"2021-07-15T09:52:26","WOJ":18,"sev":1,"c":[255,255,0,160],"dmg":0,"sli":1,"ser":0,"fat":0,"row":-1,"mot":-1,"pie":-1,"uto":-1,"uwr":-1},"geometry":{"type":"Point","coordinates":[21.609528,49.834722]}},{"type":"Feature","properties":{"ID":110325958,"yr":2021,"dt":"2021-07-15T06:37:45","WOJ":18,"sev":1,"c":[255,255,0,160],"dmg":0,"sli":1,"ser":0,"fat":0,"row":-1,"mot":-1,"pie":-1,"uto":-1,"uwr":-1},"geometry":{"type":"Point","coordinates":[22.105417,50.021667]}},{"type":"Feature","properties":{"ID":110325529,"yr":2021,"dt":"2021-07-14T15:14:39","WOJ":18,"sev":1,"c":[255,255,0,160],"dmg":0,"sli":1,"ser":0,"fat":0,"row":-1,"mot":1,"pie":-1,"uto":-1,"uwr":-1},"geometry":{"type":"Point","coordinates":[21.991722,50.065417]}},{"type":"Feature","properties":{"ID":110324491,"yr":2021,"dt":"2021-07-14T09:51:40","WOJ":18,"sev":1,"c":[255,255,0,160],"dmg":1,"sli":1,"ser":0,"fat":0,"row":-1,"mot":-1,"pie":-1,"uto":-1,"uwr":-1},"geometry":{"type":"Point","coordinates":[22.0675,49.998694]}},{"type":"Feature","properties":{"ID":110337579,"yr":2021,"dt":"2021-07-13T13:38:00","WOJ":18,"sev":1,"c":[255,255,0,160],"dmg":0,"sli":1,"ser":0,"fat":0,"row":-1,"mot":-1,"pie":-1,"uto":-1,"uwr":-1},"geometry":{"type":"Point","coordinates":[22.1425,49.96783]}},{"type":"Feature","properties":{"ID":110336690,"yr":2021,"dt":"2021-07-13T13:55:00","WOJ":18,"sev":1,"c":[255,255,0,160],"dmg":2,"sli":2,"ser":0,"fat":0,"row":-1,"mot":-1,"pie":-1,"uto":-1,"uwr":-1},"geometry":{"type":"Point","coordinates":[21.48525,49.7425]}},{"type":"Feature","properties":{"ID":110321997,"yr":2021,"dt":"2021-07-13T06:39:30","WOJ":18,"sev":1,"c":[255,255,0,160],"dmg":1,"sli":1,"ser":0,"fat":0,"row":1,"mot":-1,"pie":-1,"uto":-1,"uwr":-1},"geometry":{"type":"Point","coordinates":[21.655167,50.563028]}},{"type":"Feature","properties":{"ID":110324507,"yr":2021,"dt":"2021-07-12T07:14:00","WOJ":18,"sev":1,"c":[255,255,0,160],"dmg":0,"sli":1,"ser":0,"fat":0,"row":-1,"mot":-1,"pie":-1,"uto":-1,"uwr":-1},"geometry":{"type":"Point","coordinates":[21.504417,49.740083]}},{"type":"Feature","properties":{"ID":110320434,"yr":2021,"dt":"2021-07-12T19:18:31","WOJ":18,"sev":1,"c":[255,255,0,160],"dmg":1,"sli":1,"ser":0,"fat":0,"row":-1,"mot":1,"pie":-1,"uto":-1,"uwr":-1},"geometry":{"type":"Point","coordinates":[22.080287,49.653886]}},{"type":"Feature","properties":{"ID":110320220,"yr":2021,"dt":"2021-07-12T15:04:08","WOJ":18,"sev":1,"c":[255,255,0,160],"dmg":0,"sli":1,"ser":0,"fat":0,"row":-1,"mot":-1,"pie":-1,"uto":-1,"uwr":-1},"geometry":{"type":"Point","coordinates":[21.503083,50.338528]}},{"type":"Feature","properties":{"ID":110320150,"yr":2021,"dt":"2021-07-12T13:08:49","WOJ":18,"sev":1,"c":[255,255,0,160],"dmg":1,"sli":1,"ser":0,"fat":0,"row":1,"mot":-1,"pie":-1,"uto":-1,"uwr":-1},"geometry":{"type":"Point","coordinates":[21.995361,50.056833]}},{"type":"Feature","properties":{"ID":113035256,"yr":2021,"dt":"2021-10-29T20:51:28","WOJ":18,"sev":1,"c":[255,255,0,160],"dmg":2,"sli":1,"ser":0,"fat":0,"row":-1,"mot":-1,"pie":-1,"uto":-1,"uwr":-1},"geometry":{"type":"Point","coordinates":[22.788944,49.779667]}},{"type":"Feature","properties":{"ID":113086785,"yr":2021,"dt":"2021-10-29T11:33:00","WOJ":18,"sev":1,"c":[255,255,0,160],"dmg":1,"sli":1,"ser":0,"fat":0,"row":-1,"mot":-1,"pie":-1,"uto":-1,"uwr":-1},"geometry":{"type":"Point","coordinates":[22.105972,50.076056]}},{"type":"Feature","properties":{"ID":113039815,"yr":2021,"dt":"2021-10-29T19:09:43","WOJ":18,"sev":1,"c":[255,255,0,160],"dmg":1,"sli":1,"ser":0,"fat":0,"row":-1,"mot":-1,"pie":-1,"uto":-1,"uwr":-1},"geometry":{"type":"Point","coordinates":[22.144972,50.509083]}},{"type":"Feature","properties":{"ID":113022019,"yr":2021,"dt":"2021-10-28T22:08:31","WOJ":18,"sev":1,"c":[255,255,0,160],"dmg":1,"sli":2,"ser":0,"fat":0,"row":-1,"mot":-1,"pie":-1,"uto":-1,"uwr":-1},"geometry":{"type":"Point","coordinates":[21.876889,49.676917]}},{"type":"Feature","properties":{"ID":110336188,"yr":2021,"dt":"2021-07-20T20:07:16","WOJ":18,"sev":1,"c":[255,255,0,160],"dmg":1,"sli":1,"ser":0,"fat":0,"row":-1,"mot":1,"pie":-1,"uto":-1,"uwr":-1},"geometry":{"type":"Point","coordinates":[22.049833,50.667167]}},{"type":"Feature","properties":{"ID":110336046,"yr":2021,"dt":"2021-07-20T17:16:10","WOJ":18,"sev":1,"c":[255,255,0,160],"dmg":0,"sli":1,"ser":0,"fat":0,"row":-1,"mot":-1,"pie":-1,"uto":-1,"uwr":-1},"geometry":{"type":"Point","coordinates":[22.14525,49.914]}},{"type":"Feature","properties":{"ID":110335572,"yr":2021,"dt":"2021-07-20T11:13:05","WOJ":18,"sev":1,"c":[255,255,0,160],"dmg":2,"sli":1,"ser":0,"fat":0,"row":-1,"mot":-1,"pie":1,"uto":-1,"uwr":-1},"geometry":{"type":"Point","coordinates":[21.730944,49.737722]}},{"type":"Feature","properties":{"ID":110332238,"yr":2021,"dt":"2021-07-19T07:28:24","WOJ":18,"sev":1,"c":[255,255,0,160],"dmg":0,"sli":1,"ser":0,"fat":0,"row":-1,"mot":-1,"pie":-1,"uto":-1,"uwr":-1},"geometry":{"type":"Point","coordinates":[22.564409,50.507918]}},{"type":"Feature","properties":{"ID":110339639,"yr":2021,"dt":"2021-07-19T21:55:00","WOJ":18,"sev":1,"c":[255,255,0,160],"dmg":1,"sli":1,"ser":0,"fat":0,"row":-1,"mot":-1,"pie":-1,"uto":-1,"uwr":-1},"geometry":{"type":"Point","coordinates":[22.675528,49.621861]}},{"type":"Feature","properties":{"ID":110333190,"yr":2021,"dt":"2021-07-19T17:38:00","WOJ":18,"sev":1,"c":[255,255,0,160],"dmg":0,"sli":2,"ser":0,"fat":0,"row":-1,"mot":-1,"pie":-1,"uto":-1,"uwr":-1},"geometry":{"type":"Point","coordinates":[22.167806,49.021444]}},{"type":"Feature","properties":{"ID":110332759,"yr":2021,"dt":"2021-07-19T15:24:56","WOJ":18,"sev":1,"c":[255,255,0,160],"dmg":1,"sli":1,"ser":0,"fat":0,"row":-1,"mot":-1,"pie":-1,"uto":-1,"uwr":-1},"geometry":{"type":"Point","coordinates":[21.750361,49.6145]}},{"type":"Feature","properties":{"ID":110332104,"yr":2021,"dt":"2021-07-19T07:29:28","WOJ":18,"sev":1,"c":[255,255,0,160],"dmg":1,"sli":1,"ser":0,"fat":0,"row":0,"mot":-1,"pie":1,"uto":-1,"uwr":-1},"geometry":{"type":"Point","coordinates":[21.737556,49.706111]}},{"type":"Feature","properties":{"ID":110332817,"yr":2021,"dt":"2021-07-19T14:51:16","WOJ":18,"sev":1,"c":[255,255,0,160],"dmg":2,"sli":1,"ser":0,"fat":0,"row":-1,"mot":-1,"pie":-1,"uto":-1,"uwr":-1},"geometry":{"type":"Point","coordinates":[21.856167,50.20125]}},{"type":"Feature","properties":{"ID":110338867,"yr":2021,"dt":"2021-07-18T21:46:00","WOJ":18,"sev":1,"c":[255,255,0,160],"dmg":1,"sli":1,"ser":0,"fat":0,"row":-1,"mot":-1,"pie":-1,"uto":-1,"uwr":-1},"geometry":{"type":"Point","coordinates":[21.543694,49.671889]}},{"type":"Feature","properties":{"ID":110329373,"yr":2021,"dt":"2021-07-17T18:47:43","WOJ":18,"sev":1,"c":[255,255,0,160],"dmg":1,"sli":1,"ser":0,"fat":0,"row":-1,"mot":-1,"pie":-1,"uto":-1,"uwr":-1},"geometry":{"type":"Point","coordinates":[22.016611,50.035194]}},{"type":"Feature","properties":{"ID":110342922,"yr":2021,"dt":"2021-07-17T12:55:00","WOJ":18,"sev":1,"c":[255,255,0,160],"dmg":2,"sli":1,"ser":0,"fat":0,"row":-1,"mot":-1,"pie":-1,"uto":-1,"uwr":-1},"geometry":{"type":"Point","coordinates":[21.407889,50.212722]}},{"type":"Feature","properties":{"ID":110329137,"yr":2021,"dt":"2021-07-17T12:52:17","WOJ":18,"sev":1,"c":[255,255,0,160],"dmg":1,"sli":1,"ser":0,"fat":0,"row":-1,"mot":-1,"pie":1,"uto":-1,"uwr":-1},"geometry":{"type":"Point","coordinates":[21.997361,50.035944]}},{"type":"Feature","properties":{"ID":110329336,"yr":2021,"dt":"2021-07-17T17:30:06","WOJ":18,"sev":1,"c":[255,255,0,160],"dmg":0,"sli":1,"ser":0,"fat":0,"row":-1,"mot":1,"pie":-1,"uto":-1,"uwr":-1},"geometry":{"type":"Point","coordinates":[22.066667,50.090333]}},{"type":"Feature","properties":{"ID":110355656,"yr":2021,"dt":"2021-07-17T02:44:00","WOJ":18,"sev":1,"c":[255,255,0,160],"dmg":0,"sli":1,"ser":0,"fat":0,"row":-1,"mot":-1,"pie":-1,"uto":-1,"uwr":-1},"geometry":{"type":"Point","coordinates":[22.193889,50.566444]}},{"type":"Feature","properties":{"ID":110328863,"yr":2021,"dt":"2021-07-17T01:54:47","WOJ":18,"sev":1,"c":[255,255,0,160],"dmg":1,"sli":1,"ser":0,"fat":0,"row":-1,"mot":-1,"pie":1,"uto":-1,"uwr":-1},"geometry":{"type":"Point","coordinates":[22.131056,50.338611]}},{"type":"Feature","properties":{"ID":110347242,"yr":2021,"dt":"2021-07-24T15:20:00","WOJ":18,"sev":1,"c":[255,255,0,160],"dmg":1,"sli":1,"ser":0,"fat":0,"row":1,"mot":-1,"pie":-1,"uto":-1,"uwr":-1},"geometry":{"type":"Point","coordinates":[21.848722,49.972333]}},{"type":"Feature","properties":{"ID":110342013,"yr":2021,"dt":"2021-07-24T18:10:00","WOJ":18,"sev":1,"c":[255,255,0,160],"dmg":1,"sli":1,"ser":0,"fat":0,"row":1,"mot":-1,"pie":-1,"uto":-1,"uwr":-1},"geometry":{"type":"Point","coordinates":[22.8715,49.989333]}},{"type":"Feature","properties":{"ID":110341391,"yr":2021,"dt":"2021-07-24T19:15:17","WOJ":18,"sev":1,"c":[255,255,0,160],"dmg":1,"sli":1,"ser":0,"fat":0,"row":-1,"mot":-1,"pie":-1,"uto":-1,"uwr":-1},"geometry":{"type":"Point","coordinates":[22.487161,50.335606]}},{"type":"Feature","properties":{"ID":110343246,"yr":2021,"dt":"2021-07-24T13:13:00","WOJ":18,"sev":1,"c":[255,255,0,160],"dmg":1,"sli":1,"ser":0,"fat":0,"row":1,"mot":-1,"pie":-1,"uto":-1,"uwr":-1},"geometry":{"type":"Point","coordinates":[21.431389,50.287222]}},{"type":"Feature","properties":{"ID":110356531,"yr":2021,"dt":"2021-07-24T17:50:00","WOJ":18,"sev":1,"c":[255,255,0,160],"dmg":0,"sli":2,"ser":0,"fat":0,"row":-1,"mot":1,"pie":-1,"uto":-1,"uwr":-1},"geometry":{"type":"Point","coordinates":[21.503972,50.312694]}},{"type":"Feature","properties":{"ID":110342082,"yr":2021,"dt":"2021-07-24T23:12:01","WOJ":18,"sev":1,"c":[255,255,0,160],"dmg":1,"sli":1,"ser":0,"fat":0,"row":-1,"mot":-1,"pie":-1,"uto":-1,"uwr":-1},"geometry":{"type":"Point","coordinates":[22.000083,50.044889]}},{"type":"Feature","properties":{"ID":110341523,"yr":2021,"dt":"2021-07-23T13:01:35","WOJ":18,"sev":1,"c":[255,255,0,160],"dmg":1,"sli":1,"ser":0,"fat":0,"row":-1,"mot":-1,"pie":-1,"uto":-1,"uwr":-1},"geometry":{"type":"Point","coordinates":[22.086306,50.165222]}},{"type":"Feature","properties":{"ID":110340292,"yr":2021,"dt":"2021-07-23T10:33:26","WOJ":18,"sev":1,"c":[255,255,0,160],"dmg":2,"sli":1,"ser":0,"fat":0,"row":-1,"mot":-1,"pie":-1,"uto":-1,"uwr":-1},"geometry":{"type":"Point","coordinates":[22.038389,50.037861]}},{"type":"Feature","properties":{"ID":110347292,"yr":2021,"dt":"2021-07-23T12:35:00","WOJ":18,"sev":1,"c":[255,255,0,160],"dmg":1,"sli":1,"ser":0,"fat":0,"row":-1,"mot":-1,"pie":1,"uto":-1,"uwr":-1},"geometry":{"type":"Point","coordinates":[22.012194,50.036556]}},{"type":"Feature","properties":{"ID":110347237,"yr":2021,"dt":"2021-07-23T19:36:00","WOJ":18,"sev":1,"c":[255,255,0,160],"dmg":1,"sli":1,"ser":0,"fat":0,"row":1,"mot":-1,"pie":-1,"uto":-1,"uwr":-1},"geometry":{"type":"Point","coordinates":[21.96651,50.15533]}},{"type":"Feature","properties":{"ID":110340834,"yr":2021,"dt":"2021-07-23T15:08:36","WOJ":18,"sev":1,"c":[255,255,0,160],"dmg":1,"sli":1,"ser":0,"fat":0,"row":-1,"mot":-1,"pie":-1,"uto":-1,"uwr":-1},"geometry":{"type":"Point","coordinates":[22.1,50.043222]}},{"type":"Feature","properties":{"ID":110339352,"yr":2021,"dt":"2021-07-22T15:19:02","WOJ":18,"sev":1,"c":[255,255,0,160],"dmg":1,"sli":1,"ser":0,"fat":0,"row":-1,"mot":-1,"pie":1,"uto":-1,"uwr":-1},"geometry":{"type":"Point","coordinates":[22.477333,49.148277]}},{"type":"Feature","properties":{"ID":110355678,"yr":2021,"dt":"2021-07-22T16:55:00","WOJ":18,"sev":1,"c":[255,255,0,160],"dmg":1,"sli":1,"ser":0,"fat":0,"row":-1,"mot":-1,"pie":-1,"uto":-1,"uwr":-1},"geometry":{"type":"Point","coordinates":[22.041389,50.038056]}},{"type":"Feature","properties":{"ID":110339004,"yr":2021,"dt":"2021-07-22T09:48:08","WOJ":18,"sev":1,"c":[255,255,0,160],"dmg":1,"sli":1,"ser":0,"fat":0,"row":1,"mot":-1,"pie":-1,"uto":-1,"uwr":-1},"geometry":{"type":"Point","coordinates":[22.005167,50.019444]}},{"type":"Feature","properties":{"ID":110339976,"yr":2021,"dt":"2021-07-22T19:38:42","WOJ":18,"sev":1,"c":[255,255,0,160],"dmg":1,"sli":1,"ser":0,"fat":0,"row":-1,"mot":-1,"pie":1,"uto":-1,"uwr":-1},"geometry":{"type":"Point","coordinates":[21.746333,49.687]}},{"type":"Feature","properties":{"ID":110355670,"yr":2021,"dt":"2021-07-21T17:30:00","WOJ":18,"sev":1,"c":[255,255,0,160],"dmg":1,"sli":1,"ser":0,"fat":0,"row":-1,"mot":-1,"pie":-1,"uto":-1,"uwr":-1},"geometry":{"type":"Point","coordinates":[22.13875,50.277306]}},{"type":"Feature","properties":{"ID":110342265,"yr":2021,"dt":"2021-07-25T14:53:00","WOJ":18,"sev":1,"c":[255,255,0,160],"dmg":1,"sli":1,"ser":0,"fat":0,"row":0,"mot":-1,"pie":1,"uto":-1,"uwr":-1},"geometry":{"type":"Point","coordinates":[21.628694,50.545583]}},{"type":"Feature","properties":{"ID":110342697,"yr":2021,"dt":"2021-07-25T14:41:05","WOJ":18,"sev":1,"c":[255,255,0,160],"dmg":0,"sli":1,"ser":0,"fat":0,"row":-1,"mot":1,"pie":-1,"uto":-1,"uwr":-1},"geometry":{"type":"Point","coordinates":[22.429167,50.055889]}},{"type":"Feature","properties":{"ID":110365806,"yr":2021,"dt":"2021-07-25T00:50:00","WOJ":18,"sev":1,"c":[255,255,0,160],"dmg":1,"sli":1,"ser":0,"fat":0,"row":-1,"mot":-1,"pie":1,"uto":-1,"uwr":-1},"geometry":{"type":"Point","coordinates":[21.975667,50.040917]}},{"type":"Feature","properties":{"ID":112634036,"yr":2021,"dt":"2021-10-25T08:23:11","WOJ":18,"sev":1,"c":[255,255,0,160],"dmg":1,"sli":1,"ser":0,"fat":0,"row":-1,"mot":-1,"pie":-1,"uto":-1,"uwr":-1},"geometry":{"type":"Point","coordinates":[23.223278,50.176806]}},{"type":"Feature","properties":{"ID":112589721,"yr":2021,"dt":"2021-10-25T08:20:48","WOJ":18,"sev":1,"c":[255,255,0,160],"dmg":1,"sli":1,"ser":0,"fat":0,"row":1,"mot":-1,"pie":-1,"uto":-1,"uwr":-1},"geometry":{"type":"Point","coordinates":[22.102278,50.029722]}},{"type":"Feature","properties":{"ID":112589732,"yr":2021,"dt":"2021-10-25T07:59:32","WOJ":18,"sev":1,"c":[255,255,0,160],"dmg":1,"sli":1,"ser":0,"fat":0,"row":-1,"mot":-1,"pie":1,"uto":-1,"uwr":-1},"geometry":{"type":"Point","coordinates":[21.860917,49.578389]}},{"type":"Feature","properties":{"ID":112588908,"yr":2021,"dt":"2021-10-23T12:21:27","WOJ":18,"sev":1,"c":[255,255,0,160],"dmg":0,"sli":1,"ser":0,"fat":0,"row":-1,"mot":1,"pie":-1,"uto":-1,"uwr":-1},"geometry":{"type":"Point","coordinates":[22.460482,50.229904]}},{"type":"Feature","properties":{"ID":112590812,"yr":2021,"dt":"2021-10-23T11:29:14","WOJ":18,"sev":1,"c":[255,255,0,160],"dmg":1,"sli":1,"ser":0,"fat":0,"row":-1,"mot":-1,"pie":-1,"uto":-1,"uwr":-1},"geometry":{"type":"Point","coordinates":[21.501722,50.315694]}},{"type":"Feature","properties":{"ID":112587943,"yr":2021,"dt":"2021-10-23T15:52:00","WOJ":18,"sev":1,"c":[255,255,0,160],"dmg":1,"sli":1,"ser":0,"fat":0,"row":1,"mot":-1,"pie":-1,"uto":-1,"uwr":-1},"geometry":{"type":"Point","coordinates":[22.492694,50.061278]}},{"type":"Feature","properties":{"ID":112457694,"yr":2021,"dt":"2021-10-22T16:44:26","WOJ":18,"sev":1,"c":[255,255,0,160],"dmg":1,"sli":1,"ser":0,"fat":0,"row":-1,"mot":-1,"pie":-1,"uto":-1,"uwr":-1},"geometry":{"type":"Point","coordinates":[21.450861,50.056472]}},{"type":"Feature","properties":{"ID":112457347,"yr":2021,"dt":"2021-10-22T12:30:00","WOJ":18,"sev":1,"c":[255,255,0,160],"dmg":2,"sli":1,"ser":0,"fat":0,"row":-1,"mot":-1,"pie":1,"uto":-1,"uwr":-1},"geometry":{"type":"Point","coordinates":[22.6695,50.015333]}},{"type":"Feature","properties":{"ID":112344609,"yr":2021,"dt":"2021-10-22T18:55:26","WOJ":18,"sev":1,"c":[255,255,0,160],"dmg":1,"sli":1,"ser":0,"fat":0,"row":-1,"mot":-1,"pie":-1,"uto":-1,"uwr":-1},"geometry":{"type":"Point","coordinates":[22.064306,50.622861]}},{"type":"Feature","properties":{"ID":113022320,"yr":2021,"dt":"2021-10-22T17:57:00","WOJ":18,"sev":1,"c":[255,255,0,160],"dmg":1,"sli":1,"ser":0,"fat":0,"row":-1,"mot":-1,"pie":-1,"uto":-1,"uwr":-1},"geometry":{"type":"Point","coordinates":[22.173,49.80075]}},{"type":"Feature","properties":{"ID":112457395,"yr":2021,"dt":"2021-10-22T13:12:14","WOJ":18,"sev":1,"c":[255,255,0,160],"dmg":1,"sli":1,"ser":0,"fat":0,"row":-1,"mot":-1,"pie":1,"uto":-1,"uwr":-1},"geometry":{"type":"Point","coordinates":[21.997944,50.050361]}},{"type":"Feature","properties":{"ID":112457617,"yr":2021,"dt":"2021-10-22T16:11:51","WOJ":18,"sev":1,"c":[255,255,0,160],"dmg":1,"sli":1,"ser":0,"fat":0,"row":-1,"mot":-1,"pie":-1,"uto":-1,"uwr":-1},"geometry":{"type":"Point","coordinates":[22.084,50.160778]}},{"type":"Feature","properties":{"ID":110359618,"yr":2021,"dt":"2021-07-25T18:15:00","WOJ":18,"sev":1,"c":[255,255,0,160],"dmg":2,"sli":1,"ser":0,"fat":0,"row":-1,"mot":-1,"pie":-1,"uto":-1,"uwr":-1},"geometry":{"type":"Point","coordinates":[21.92136,49.97178]}},{"type":"Feature","properties":{"ID":110355552,"yr":2021,"dt":"2021-07-28T00:02:00","WOJ":18,"sev":1,"c":[255,255,0,160],"dmg":0,"sli":1,"ser":0,"fat":0,"row":-1,"mot":1,"pie":-1,"uto":-1,"uwr":-1},"geometry":{"type":"Point","coordinates":[21.719667,50.262694]}},{"type":"Feature","properties":{"ID":110348981,"yr":2021,"dt":"2021-07-28T17:24:00","WOJ":18,"sev":1,"c":[255,255,0,160],"dmg":1,"sli":1,"ser":0,"fat":0,"row":-1,"mot":1,"pie":-1,"uto":-1,"uwr":-1},"geometry":{"type":"Point","coordinates":[21.680472,50.576111]}},{"type":"Feature","properties":{"ID":110346224,"yr":2021,"dt":"2021-07-28T13:58:08","WOJ":18,"sev":1,"c":[255,255,0,160],"dmg":2,"sli":1,"ser":0,"fat":0,"row":-1,"mot":-1,"pie":-1,"uto":-1,"uwr":-1},"geometry":{"type":"Point","coordinates":[21.719806,50.568167]}},{"type":"Feature","properties":{"ID":110346202,"yr":2021,"dt":"2021-07-28T16:10:48","WOJ":18,"sev":1,"c":[255,255,0,160],"dmg":0,"sli":3,"ser":0,"fat":0,"row":-1,"mot":-1,"pie":-1,"uto":-1,"uwr":-1},"geometry":{"type":"Point","coordinates":[21.843167,50.652833]}},{"type":"Feature","properties":{"ID":110348994,"yr":2021,"dt":"2021-07-27T18:25:00","WOJ":18,"sev":1,"c":[255,255,0,160],"dmg":1,"sli":1,"ser":0,"fat":0,"row":1,"mot":-1,"pie":-1,"uto":-1,"uwr":-1},"geometry":{"type":"Point","coordinates":[21.393056,50.06875]}},{"type":"Feature","properties":{"ID":110355555,"yr":2021,"dt":"2021-07-27T14:24:00","WOJ":18,"sev":1,"c":[255,255,0,160],"dmg":0,"sli":1,"ser":0,"fat":0,"row":1,"mot":-1,"pie":-1,"uto":-1,"uwr":-1},"geometry":{"type":"Point","coordinates":[21.946083,49.895833]}},{"type":"Feature","properties":{"ID":110347086,"yr":2021,"dt":"2021-07-27T20:26:40","WOJ":18,"sev":1,"c":[255,255,0,160],"dmg":1,"sli":1,"ser":0,"fat":0,"row":-1,"mot":-1,"pie":-1,"uto":-1,"uwr":-1},"geometry":{"type":"Point","coordinates":[22.403722,50.27375]}},{"type":"Feature","properties":{"ID":110359607,"yr":2021,"dt":"2021-07-26T10:01:00","WOJ":18,"sev":1,"c":[255,255,0,160],"dmg":1,"sli":1,"ser":0,"fat":0,"row":1,"mot":0,"pie":-1,"uto":-1,"uwr":-1},"geometry":{"type":"Point","coordinates":[21.966556,50.063]}},{"type":"Feature","properties":{"ID":110342981,"yr":2021,"dt":"2021-07-26T08:32:06","WOJ":18,"sev":1,"c":[255,255,0,160],"dmg":0,"sli":1,"ser":0,"fat":0,"row":-1,"mot":-1,"pie":-1,"uto":-1,"uwr":-1},"geometry":{"type":"Point","coordinates":[21.967889,50.574083]}},{"type":"Feature","properties":{"ID":110345592,"yr":2021,"dt":"2021-07-26T09:38:00","WOJ":18,"sev":1,"c":[255,255,0,160],"dmg":1,"sli":1,"ser":0,"fat":0,"row":-1,"mot":-1,"pie":1,"uto":-1,"uwr":-1},"geometry":{"type":"Point","coordinates":[21.436694,50.294944]}},{"type":"Feature","properties":{"ID":110344941,"yr":2021,"dt":"2021-07-26T12:23:00","WOJ":18,"sev":1,"c":[255,255,0,160],"dmg":1,"sli":1,"ser":0,"fat":0,"row":1,"mot":-1,"pie":-1,"uto":-1,"uwr":-1},"geometry":{"type":"Point","coordinates":[21.766778,50.608278]}},{"type":"Feature","properties":{"ID":110344910,"yr":2021,"dt":"2021-07-26T19:29:00","WOJ":18,"sev":1,"c":[255,255,0,160],"dmg":1,"sli":1,"ser":0,"fat":0,"row":1,"mot":-1,"pie":-1,"uto":-1,"uwr":-1},"geometry":{"type":"Point","coordinates":[21.706611,50.569417]}},{"type":"Feature","properties":{"ID":110344929,"yr":2021,"dt":"2021-07-26T12:01:00","WOJ":18,"sev":1,"c":[255,255,0,160],"dmg":1,"sli":1,"ser":0,"fat":0,"row":-1,"mot":1,"pie":-1,"uto":-1,"uwr":-1},"geometry":{"type":"Point","coordinates":[21.670722,50.564583]}},{"type":"Feature","properties":{"ID":110342275,"yr":2021,"dt":"2021-07-25T15:47:35","WOJ":18,"sev":1,"c":[255,255,0,160],"dmg":1,"sli":1,"ser":0,"fat":0,"row":1,"mot":-1,"pie":-1,"uto":-1,"uwr":-1},"geometry":{"type":"Point","coordinates":[21.954306,50.059111]}},{"type":"Feature","properties":{"ID":110342731,"yr":2021,"dt":"2021-07-25T15:44:37","WOJ":18,"sev":1,"c":[255,255,0,160],"dmg":2,"sli":1,"ser":0,"fat":0,"row":-1,"mot":-1,"pie":-1,"uto":-1,"uwr":-1},"geometry":{"type":"Point","coordinates":[21.978083,50.056139]}},{"type":"Feature","properties":{"ID":110342156,"yr":2021,"dt":"2021-07-25T05:52:54","WOJ":18,"sev":1,"c":[255,255,0,160],"dmg":1,"sli":1,"ser":0,"fat":0,"row":-1,"mot":-1,"pie":-1,"uto":-1,"uwr":-1},"geometry":{"type":"Point","coordinates":[22.033556,50.032306]}},{"type":"Feature","properties":{"ID":110356341,"yr":2021,"dt":"2021-08-02T18:25:22","WOJ":18,"sev":1,"c":[255,255,0,160],"dmg":3,"sli":1,"ser":0,"fat":0,"row":-1,"mot":-1,"pie":-1,"uto":-1,"uwr":-1},"geometry":{"type":"Point","coordinates":[21.97075,50.052333]}},{"type":"Feature","properties":{"ID":110354506,"yr":2021,"dt":"2021-08-01T07:44:44","WOJ":18,"sev":1,"c":[255,255,0,160],"dmg":0,"sli":1,"ser":0,"fat":0,"row":-1,"mot":-1,"pie":-1,"uto":-1,"uwr":-1},"geometry":{"type":"Point","coordinates":[22.263083,50.435667]}},{"type":"Feature","properties":{"ID":110353366,"yr":2021,"dt":"2021-08-01T21:01:54","WOJ":18,"sev":1,"c":[255,255,0,160],"dmg":1,"sli":1,"ser":0,"fat":0,"row":-1,"mot":-1,"pie":1,"uto":-1,"uwr":-1},"geometry":{"type":"Point","coordinates":[21.291944,49.978722]}},{"type":"Feature","properties":{"ID":110359635,"yr":2021,"dt":"2021-08-01T18:40:00","WOJ":18,"sev":1,"c":[255,255,0,160],"dmg":1,"sli":1,"ser":0,"fat":0,"row":1,"mot":-1,"pie":-1,"uto":-1,"uwr":-1},"geometry":{"type":"Point","coordinates":[21.99375,50.061083]}},{"type":"Feature","properties":{"ID":110359648,"yr":2021,"dt":"2021-08-01T19:35:00","WOJ":18,"sev":1,"c":[255,255,0,160],"dmg":2,"sli":1,"ser":0,"fat":0,"row":-1,"mot":-1,"pie":-1,"uto":-1,"uwr":-1},"geometry":{"type":"Point","coordinates":[22.686778,49.661444]}},{"type":"Feature","properties":{"ID":110353290,"yr":2021,"dt":"2021-08-01T18:39:38","WOJ":18,"sev":1,"c":[255,255,0,160],"dmg":1,"sli":1,"ser":0,"fat":0,"row":-1,"mot":-1,"pie":-1,"uto":-1,"uwr":-1},"geometry":{"type":"Point","coordinates":[21.249028,50.101139]}},{"type":"Feature","properties":{"ID":110359522,"yr":2021,"dt":"2021-07-31T12:55:00","WOJ":18,"sev":1,"c":[255,255,0,160],"dmg":0,"sli":2,"ser":0,"fat":0,"row":-1,"mot":-1,"pie":-1,"uto":-1,"uwr":-1},"geometry":{"type":"Point","coordinates":[22.244083,50.327944]}},{"type":"Feature","properties":{"ID":110355710,"yr":2021,"dt":"2021-07-31T09:55:00","WOJ":18,"sev":1,"c":[255,255,0,160],"dmg":1,"sli":2,"ser":0,"fat":0,"row":-1,"mot":-1,"pie":-1,"uto":-1,"uwr":-1},"geometry":{"type":"Point","coordinates":[22.922333,50.039361]}},{"type":"Feature","properties":{"ID":110351624,"yr":2021,"dt":"2021-07-31T10:43:10","WOJ":18,"sev":1,"c":[255,255,0,160],"dmg":1,"sli":1,"ser":0,"fat":0,"row":1,"mot":-1,"pie":-1,"uto":-1,"uwr":-1},"geometry":{"type":"Point","coordinates":[21.46375,50.291222]}},{"type":"Feature","properties":{"ID":110354719,"yr":2021,"dt":"2021-07-31T15:41:00","WOJ":18,"sev":1,"c":[255,255,0,160],"dmg":2,"sli":1,"ser":0,"fat":0,"row":-1,"mot":-1,"pie":-1,"uto":-1,"uwr":-1},"geometry":{"type":"Point","coordinates":[21.616139,50.511667]}},{"type":"Feature","properties":{"ID":110359479,"yr":2021,"dt":"2021-07-31T12:24:00","WOJ":18,"sev":1,"c":[255,255,0,160],"dmg":1,"sli":1,"ser":0,"fat":0,"row":-1,"mot":-1,"pie":-1,"uto":-1,"uwr":-1},"geometry":{"type":"Point","coordinates":[22.252028,49.453972]}},{"type":"Feature","properties":{"ID":110350370,"yr":2021,"dt":"2021-07-30T12:16:32","WOJ":18,"sev":1,"c":[255,255,0,160],"dmg":1,"sli":1,"ser":0,"fat":0,"row":-1,"mot":-1,"pie":-1,"uto":-1,"uwr":-1},"geometry":{"type":"Point","coordinates":[21.769409,50.558608]}},{"type":"Feature","properties":{"ID":110409802,"yr":2021,"dt":"2021-07-30T07:00:00","WOJ":18,"sev":1,"c":[255,255,0,160],"dmg":1,"sli":1,"ser":0,"fat":0,"row":1,"mot":-1,"pie":-1,"uto":-1,"uwr":-1},"geometry":{"type":"Point","coordinates":[22.035472,50.02825]}},{"type":"Feature","properties":{"ID":110350974,"yr":2021,"dt":"2021-07-30T18:50:00","WOJ":18,"sev":1,"c":[255,255,0,160],"dmg":1,"sli":1,"ser":0,"fat":0,"row":-1,"mot":1,"pie":-1,"uto":-1,"uwr":-1},"geometry":{"type":"Point","coordinates":[22.524528,49.905167]}},{"type":"Feature","properties":{"ID":110348215,"yr":2021,"dt":"2021-07-29T09:21:00","WOJ":18,"sev":1,"c":[255,255,0,160],"dmg":0,"sli":2,"ser":0,"fat":0,"row":1,"mot":-1,"pie":-1,"uto":-1,"uwr":-1},"geometry":{"type":"Point","coordinates":[21.69275,50.570944]}},{"type":"Feature","properties":{"ID":110349689,"yr":2021,"dt":"2021-07-29T14:13:28","WOJ":18,"sev":1,"c":[255,255,0,160],"dmg":2,"sli":1,"ser":0,"fat":0,"row":-1,"mot":1,"pie":-1,"uto":-1,"uwr":-1},"geometry":{"type":"Point","coordinates":[22.254611,49.521417]}},{"type":"Feature","properties":{"ID":110361152,"yr":2021,"dt":"2021-08-04T18:21:23","WOJ":18,"sev":1,"c":[255,255,0,160],"dmg":1,"sli":1,"ser":0,"fat":0,"row":-1,"mot":-1,"pie":-1,"uto":-1,"uwr":-1},"geometry":{"type":"Point","coordinates":[21.994861,49.966222]}},{"type":"Feature","properties":{"ID":110365805,"yr":2021,"dt":"2021-08-04T17:38:00","WOJ":18,"sev":1,"c":[255,255,0,160],"dmg":1,"sli":1,"ser":0,"fat":0,"row":1,"mot":-1,"pie":-1,"uto":-1,"uwr":-1},"geometry":{"type":"Point","coordinates":[22.010861,50.040583]}},{"type":"Feature","properties":{"ID":110361102,"yr":2021,"dt":"2021-08-04T18:40:37","WOJ":18,"sev":1,"c":[255,255,0,160],"dmg":1,"sli":1,"ser":0,"fat":0,"row":1,"mot":-1,"pie":-1,"uto":-1,"uwr":-1},"geometry":{"type":"Point","coordinates":[22.074111,50.004639]}},{"type":"Feature","properties":{"ID":110360159,"yr":2021,"dt":"2021-08-04T21:52:20","WOJ":18,"sev":1,"c":[255,255,0,160],"dmg":1,"sli":1,"ser":0,"fat":0,"row":-1,"mot":1,"pie":-1,"uto":-1,"uwr":-1},"geometry":{"type":"Point","coordinates":[22.029778,49.965861]}},{"type":"Feature","properties":{"ID":110357781,"yr":2021,"dt":"2021-08-03T06:47:03","WOJ":18,"sev":1,"c":[255,255,0,160],"dmg":1,"sli":1,"ser":0,"fat":0,"row":1,"mot":-1,"pie":-1,"uto":-1,"uwr":-1},"geometry":{"type":"Point","coordinates":[22.032083,50.04225]}},{"type":"Feature","properties":{"ID":110357950,"yr":2021,"dt":"2021-08-03T09:53:32","WOJ":18,"sev":1,"c":[255,255,0,160],"dmg":1,"sli":1,"ser":0,"fat":0,"row":-1,"mot":-1,"pie":-1,"uto":-1,"uwr":-1},"geometry":{"type":"Point","coordinates":[22.094722,50.192639]}},{"type":"Feature","properties":{"ID":112759332,"yr":2021,"dt":"2021-10-22T06:42:00","WOJ":18,"sev":1,"c":[255,255,0,160],"dmg":1,"sli":1,"ser":0,"fat":0,"row":-1,"mot":-1,"pie":1,"uto":-1,"uwr":-1},"geometry":{"type":"Point","coordinates":[21.95161,49.58768]}},{"type":"Feature","properties":{"ID":112457633,"yr":2021,"dt":"2021-10-22T15:27:16","WOJ":18,"sev":1,"c":[255,255,0,160],"dmg":1,"sli":1,"ser":0,"fat":0,"row":-1,"mot":-1,"pie":-1,"uto":-1,"uwr":-1},"geometry":{"type":"Point","coordinates":[21.722306,49.681722]}},{"type":"Feature","properties":{"ID":112457669,"yr":2021,"dt":"2021-10-22T12:31:50","WOJ":18,"sev":1,"c":[255,255,0,160],"dmg":2,"sli":1,"ser":0,"fat":0,"row":-1,"mot":-1,"pie":-1,"uto":-1,"uwr":-1},"geometry":{"type":"Point","coordinates":[21.74375,49.689722]}},{"type":"Feature","properties":{"ID":112399744,"yr":2021,"dt":"2021-10-21T20:38:22","WOJ":18,"sev":1,"c":[255,255,0,160],"dmg":1,"sli":1,"ser":0,"fat":0,"row":-1,"mot":-1,"pie":1,"uto":-1,"uwr":-1},"geometry":{"type":"Point","coordinates":[22.030361,49.955]}},{"type":"Feature","properties":{"ID":112344009,"yr":2021,"dt":"2021-10-21T08:34:00","WOJ":18,"sev":1,"c":[255,255,0,160],"dmg":0,"sli":2,"ser":0,"fat":0,"row":-1,"mot":-1,"pie":-1,"uto":-1,"uwr":-1},"geometry":{"type":"Point","coordinates":[21.7045,50.569583]}},{"type":"Feature","properties":{"ID":113500096,"yr":2021,"dt":"2021-10-21T18:05:00","WOJ":18,"sev":1,"c":[255,255,0,160],"dmg":1,"sli":1,"ser":0,"fat":0,"row":1,"mot":-1,"pie":0,"uto":-1,"uwr":-1},"geometry":{"type":"Point","coordinates":[21.923278,49.966472]}},{"type":"Feature","properties":{"ID":112399742,"yr":2021,"dt":"2021-10-21T18:48:29","WOJ":18,"sev":1,"c":[255,255,0,160],"dmg":2,"sli":1,"ser":0,"fat":0,"row":-1,"mot":-1,"pie":-1,"uto":-1,"uwr":-1},"geometry":{"type":"Point","coordinates":[21.982639,50.044806]}},{"type":"Feature","properties":{"ID":112241440,"yr":2021,"dt":"2021-10-20T19:25:18","WOJ":18,"sev":1,"c":[255,255,0,160],"dmg":1,"sli":1,"ser":0,"fat":0,"row":1,"mot":-1,"pie":-1,"uto":-1,"uwr":-1},"geometry":{"type":"Point","coordinates":[21.747528,50.202556]}},{"type":"Feature","properties":{"ID":112241472,"yr":2021,"dt":"2021-10-20T19:49:11","WOJ":18,"sev":1,"c":[255,255,0,160],"dmg":1,"sli":1,"ser":0,"fat":0,"row":-1,"mot":-1,"pie":-1,"uto":-1,"uwr":-1},"geometry":{"type":"Point","coordinates":[21.587622,50.085524]}},{"type":"Feature","properties":{"ID":110355528,"yr":2021,"dt":"2021-08-02T08:02:07","WOJ":18,"sev":1,"c":[255,255,0,160],"dmg":1,"sli":1,"ser":0,"fat":0,"row":-1,"mot":-1,"pie":-1,"uto":-1,"uwr":-1},"geometry":{"type":"Point","coordinates":[22.089056,50.033361]}},{"type":"Feature","properties":{"ID":110928915,"yr":2021,"dt":"2021-08-09T12:15:00","WOJ":18,"sev":1,"c":[255,255,0,160],"dmg":1,"sli":1,"ser":0,"fat":0,"row":1,"mot":-1,"pie":-1,"uto":-1,"uwr":-1},"geometry":{"type":"Point","coordinates":[21.576583,49.689417]}},{"type":"Feature","properties":{"ID":110371106,"yr":2021,"dt":"2021-08-08T16:49:00","WOJ":18,"sev":1,"c":[255,255,0,160],"dmg":1,"sli":1,"ser":0,"fat":0,"row":1,"mot":-1,"pie":-1,"uto":-1,"uwr":-1},"geometry":{"type":"Point","coordinates":[22.00425,50.039778]}},{"type":"Feature","properties":{"ID":110372797,"yr":2021,"dt":"2021-08-08T14:43:00","WOJ":18,"sev":1,"c":[255,255,0,160],"dmg":2,"sli":1,"ser":0,"fat":0,"row":-1,"mot":-1,"pie":-1,"uto":-1,"uwr":-1},"geometry":{"type":"Point","coordinates":[21.921583,49.968111]}},{"type":"Feature","properties":{"ID":110372806,"yr":2021,"dt":"2021-08-08T14:41:56","WOJ":18,"sev":1,"c":[255,255,0,160],"dmg":1,"sli":1,"ser":0,"fat":0,"row":-1,"mot":-1,"pie":-1,"uto":-1,"uwr":-1},"geometry":{"type":"Point","coordinates":[22.009861,50.036972]}},{"type":"Feature","properties":{"ID":110367370,"yr":2021,"dt":"2021-08-07T12:16:23","WOJ":18,"sev":1,"c":[255,255,0,160],"dmg":1,"sli":1,"ser":0,"fat":0,"row":-1,"mot":-1,"pie":-1,"uto":-1,"uwr":-1},"geometry":{"type":"Point","coordinates":[22.25867,50.076642]}},{"type":"Feature","properties":{"ID":110369799,"yr":2021,"dt":"2021-08-07T18:27:35","WOJ":18,"sev":1,"c":[255,255,0,160],"dmg":1,"sli":1,"ser":0,"fat":0,"row":-1,"mot":1,"pie":-1,"uto":-1,"uwr":-1},"geometry":{"type":"Point","coordinates":[21.634222,50.077194]}},{"type":"Feature","properties":{"ID":110367571,"yr":2021,"dt":"2021-08-07T11:00:00","WOJ":18,"sev":1,"c":[255,255,0,160],"dmg":1,"sli":1,"ser":0,"fat":0,"row":-1,"mot":-1,"pie":1,"uto":-1,"uwr":-1},"geometry":{"type":"Point","coordinates":[22.820111,49.919]}},{"type":"Feature","properties":{"ID":110409075,"yr":2021,"dt":"2021-08-07T14:15:00","WOJ":18,"sev":1,"c":[255,255,0,160],"dmg":1,"sli":1,"ser":0,"fat":0,"row":1,"mot":-1,"pie":-1,"uto":-1,"uwr":-1},"geometry":{"type":"Point","coordinates":[21.343389,50.081167]}},{"type":"Feature","properties":{"ID":110362899,"yr":2021,"dt":"2021-08-06T06:20:43","WOJ":18,"sev":1,"c":[255,255,0,160],"dmg":0,"sli":1,"ser":0,"fat":0,"row":-1,"mot":-1,"pie":-1,"uto":-1,"uwr":-1},"geometry":{"type":"Point","coordinates":[21.759111,50.557583]}},{"type":"Feature","properties":{"ID":110363270,"yr":2021,"dt":"2021-08-06T08:11:38","WOJ":18,"sev":1,"c":[255,255,0,160],"dmg":1,"sli":2,"ser":0,"fat":0,"row":-1,"mot":-1,"pie":-1,"uto":-1,"uwr":-1},"geometry":{"type":"Point","coordinates":[22.634444,49.751222]}},{"type":"Feature","properties":{"ID":110363321,"yr":2021,"dt":"2021-08-06T10:03:47","WOJ":18,"sev":1,"c":[255,255,0,160],"dmg":1,"sli":1,"ser":0,"fat":0,"row":1,"mot":-1,"pie":-1,"uto":-1,"uwr":-1},"geometry":{"type":"Point","coordinates":[23.110361,50.148028]}},{"type":"Feature","properties":{"ID":110362253,"yr":2021,"dt":"2021-08-05T12:01:00","WOJ":18,"sev":1,"c":[255,255,0,160],"dmg":0,"sli":1,"ser":0,"fat":0,"row":-1,"mot":-1,"pie":-1,"uto":-1,"uwr":-1},"geometry":{"type":"Point","coordinates":[22.296551,50.589722]}},{"type":"Feature","properties":{"ID":110362183,"yr":2021,"dt":"2021-08-05T10:15:04","WOJ":18,"sev":1,"c":[255,255,0,160],"dmg":2,"sli":1,"ser":0,"fat":0,"row":-1,"mot":-1,"pie":-1,"uto":-1,"uwr":-1},"geometry":{"type":"Point","coordinates":[21.266167,49.991889]}},{"type":"Feature","properties":{"ID":110362195,"yr":2021,"dt":"2021-08-05T12:21:48","WOJ":18,"sev":1,"c":[255,255,0,160],"dmg":1,"sli":1,"ser":0,"fat":0,"row":1,"mot":-1,"pie":-1,"uto":-1,"uwr":-1},"geometry":{"type":"Point","coordinates":[22.013222,50.028444]}},{"type":"Feature","properties":{"ID":110374834,"yr":2021,"dt":"2021-08-05T07:30:00","WOJ":18,"sev":1,"c":[255,255,0,160],"dmg":2,"sli":1,"ser":0,"fat":0,"row":-1,"mot":-1,"pie":-1,"uto":-1,"uwr":-1},"geometry":{"type":"Point","coordinates":[21.454722,50.254167]}},{"type":"Feature","properties":{"ID":110362624,"yr":2021,"dt":"2021-08-05T17:48:00","WOJ":18,"sev":1,"c":[255,255,0,160],"dmg":0,"sli":2,"ser":0,"fat":0,"row":-1,"mot":-1,"pie":-1,"uto":-1,"uwr":-1},"geometry":{"type":"Point","coordinates":[21.711583,49.730889]}},{"type":"Feature","properties":{"ID":110404962,"yr":2021,"dt":"2021-08-14T11:06:27","WOJ":18,"sev":1,"c":[255,255,0,160],"dmg":1,"sli":1,"ser":0,"fat":0,"row":-1,"mot":1,"pie":-1,"uto":-1,"uwr":-1},"geometry":{"type":"Point","coordinates":[21.204667,50.272028]}},{"type":"Feature","properties":{"ID":110404826,"yr":2021,"dt":"2021-08-14T07:20:26","WOJ":18,"sev":1,"c":[255,255,0,160],"dmg":0,"sli":1,"ser":0,"fat":0,"row":-1,"mot":-1,"pie":-1,"uto":-1,"uwr":-1},"geometry":{"type":"Point","coordinates":[22.304961,50.042242]}},{"type":"Feature","properties":{"ID":110405194,"yr":2021,"dt":"2021-08-14T17:40:45","WOJ":18,"sev":1,"c":[255,255,0,160],"dmg":1,"sli":1,"ser":0,"fat":0,"row":1,"mot":-1,"pie":-1,"uto":-1,"uwr":-1},"geometry":{"type":"Point","coordinates":[21.988417,50.073083]}},{"type":"Feature","properties":{"ID":110430473,"yr":2021,"dt":"2021-08-13T17:35:00","WOJ":18,"sev":1,"c":[255,255,0,160],"dmg":1,"sli":1,"ser":0,"fat":0,"row":1,"mot":-1,"pie":-1,"uto":-1,"uwr":-1},"geometry":{"type":"Point","coordinates":[22.064028,49.856722]}},{"type":"Feature","properties":{"ID":110404744,"yr":2021,"dt":"2021-08-13T22:55:21","WOJ":18,"sev":1,"c":[255,255,0,160],"dmg":0,"sli":1,"ser":0,"fat":0,"row":-1,"mot":-1,"pie":-1,"uto":-1,"uwr":-1},"geometry":{"type":"Point","coordinates":[22.097306,50.085667]}},{"type":"Feature","properties":{"ID":110411792,"yr":2021,"dt":"2021-08-13T09:19:00","WOJ":18,"sev":1,"c":[255,255,0,160],"dmg":0,"sli":2,"ser":0,"fat":0,"row":-1,"mot":-1,"pie":-1,"uto":-1,"uwr":-1},"geometry":{"type":"Point","coordinates":[21.590528,50.444833]}},{"type":"Feature","properties":{"ID":110404226,"yr":2021,"dt":"2021-08-13T10:38:00","WOJ":18,"sev":1,"c":[255,255,0,160],"dmg":0,"sli":5,"ser":0,"fat":0,"row":-1,"mot":-1,"pie":-1,"uto":-1,"uwr":-1},"geometry":{"type":"Point","coordinates":[21.70525,50.569583]}},{"type":"Feature","properties":{"ID":110403087,"yr":2021,"dt":"2021-08-13T07:21:45","WOJ":18,"sev":1,"c":[255,255,0,160],"dmg":1,"sli":1,"ser":0,"fat":0,"row":1,"mot":-1,"pie":-1,"uto":-1,"uwr":-1},"geometry":{"type":"Point","coordinates":[22.060861,50.575556]}},{"type":"Feature","properties":{"ID":110402224,"yr":2021,"dt":"2021-08-12T08:10:26","WOJ":18,"sev":1,"c":[255,255,0,160],"dmg":5,"sli":1,"ser":0,"fat":0,"row":-1,"mot":-1,"pie":-1,"uto":-1,"uwr":-1},"geometry":{"type":"Point","coordinates":[21.61604,49.851924]}},{"type":"Feature","properties":{"ID":110414868,"yr":2021,"dt":"2021-08-12T20:15:00","WOJ":18,"sev":1,"c":[255,255,0,160],"dmg":0,"sli":1,"ser":0,"fat":0,"row":-1,"mot":-1,"pie":-1,"uto":-1,"uwr":-1},"geometry":{"type":"Point","coordinates":[22.268667,49.813528]}},{"type":"Feature","properties":{"ID":110420885,"yr":2021,"dt":"2021-08-11T21:50:00","WOJ":18,"sev":1,"c":[255,255,0,160],"dmg":1,"sli":1,"ser":0,"fat":0,"row":1,"mot":-1,"pie":-1,"uto":-1,"uwr":-1},"geometry":{"type":"Point","coordinates":[22.022583,50.057472]}},{"type":"Feature","properties":{"ID":110401851,"yr":2021,"dt":"2021-08-11T15:47:04","WOJ":18,"sev":1,"c":[255,255,0,160],"dmg":1,"sli":1,"ser":0,"fat":0,"row":-1,"mot":-1,"pie":1,"uto":-1,"uwr":-1},"geometry":{"type":"Point","coordinates":[21.962861,50.151222]}},{"type":"Feature","properties":{"ID":110379094,"yr":2021,"dt":"2021-08-10T17:27:23","WOJ":18,"sev":1,"c":[255,255,0,160],"dmg":2,"sli":3,"ser":0,"fat":0,"row":-1,"mot":-1,"pie":-1,"uto":-1,"uwr":-1},"geometry":{"type":"Point","coordinates":[21.970833,50.120556]}},{"type":"Feature","properties":{"ID":110379104,"yr":2021,"dt":"2021-08-10T17:21:21","WOJ":18,"sev":1,"c":[255,255,0,160],"dmg":2,"sli":1,"ser":0,"fat":0,"row":-1,"mot":1,"pie":-1,"uto":-1,"uwr":-1},"geometry":{"type":"Point","coordinates":[21.89425,49.935056]}},{"type":"Feature","properties":{"ID":110379216,"yr":2021,"dt":"2021-08-10T19:30:27","WOJ":18,"sev":1,"c":[255,255,0,160],"dmg":1,"sli":1,"ser":0,"fat":0,"row":1,"mot":-1,"pie":-1,"uto":-1,"uwr":-1},"geometry":{"type":"Point","coordinates":[21.994621,49.723671]}},{"type":"Feature","properties":{"ID":110379194,"yr":2021,"dt":"2021-08-10T19:04:11","WOJ":18,"sev":1,"c":[255,255,0,160],"dmg":1,"sli":1,"ser":0,"fat":0,"row":1,"mot":-1,"pie":-1,"uto":-1,"uwr":-1},"geometry":{"type":"Point","coordinates":[22.074528,50.56825]}},{"type":"Feature","properties":{"ID":111847762,"yr":2021,"dt":"2021-10-19T07:40:55","WOJ":18,"sev":1,"c":[255,255,0,160],"dmg":2,"sli":1,"ser":0,"fat":0,"row":-1,"mot":-1,"pie":-1,"uto":-1,"uwr":-1},"geometry":{"type":"Point","coordinates":[23.113194,50.217167]}},{"type":"Feature","properties":{"ID":112133809,"yr":2021,"dt":"2021-10-19T08:47:00","WOJ":18,"sev":1,"c":[255,255,0,160],"dmg":1,"sli":1,"ser":0,"fat":0,"row":-1,"mot":-1,"pie":-1,"uto":-1,"uwr":-1},"geometry":{"type":"Point","coordinates":[22.153944,50.518611]}},{"type":"Feature","properties":{"ID":111854807,"yr":2021,"dt":"2021-10-18T06:43:14","WOJ":18,"sev":1,"c":[255,255,0,160],"dmg":0,"sli":1,"ser":0,"fat":0,"row":-1,"mot":-1,"pie":-1,"uto":-1,"uwr":-1},"geometry":{"type":"Point","coordinates":[21.885556,50.071611]}},{"type":"Feature","properties":{"ID":112085810,"yr":2021,"dt":"2021-10-18T18:28:13","WOJ":18,"sev":1,"c":[255,255,0,160],"dmg":0,"sli":3,"ser":0,"fat":0,"row":-1,"mot":-1,"pie":-1,"uto":-1,"uwr":-1},"geometry":{"type":"Point","coordinates":[21.645083,49.799639]}},{"type":"Feature","properties":{"ID":111847297,"yr":2021,"dt":"2021-10-18T14:35:25","WOJ":18,"sev":1,"c":[255,255,0,160],"dmg":0,"sli":2,"ser":0,"fat":0,"row":-1,"mot":-1,"pie":-1,"uto":-1,"uwr":-1},"geometry":{"type":"Point","coordinates":[22.026972,50.075417]}},{"type":"Feature","properties":{"ID":111802884,"yr":2021,"dt":"2021-10-17T16:27:13","WOJ":18,"sev":1,"c":[255,255,0,160],"dmg":2,"sli":1,"ser":0,"fat":0,"row":-1,"mot":-1,"pie":-1,"uto":-1,"uwr":-1},"geometry":{"type":"Point","coordinates":[22.489083,50.107333]}},{"type":"Feature","properties":{"ID":111802855,"yr":2021,"dt":"2021-10-17T17:16:54","WOJ":18,"sev":1,"c":[255,255,0,160],"dmg":1,"sli":2,"ser":0,"fat":0,"row":-1,"mot":-1,"pie":-1,"uto":-1,"uwr":-1},"geometry":{"type":"Point","coordinates":[22.233247,50.063078]}},{"type":"Feature","properties":{"ID":112344435,"yr":2021,"dt":"2021-10-16T18:30:00","WOJ":18,"sev":1,"c":[255,255,0,160],"dmg":0,"sli":1,"ser":0,"fat":0,"row":1,"mot":-1,"pie":-1,"uto":-1,"uwr":-1},"geometry":{"type":"Point","coordinates":[21.493556,49.763528]}},{"type":"Feature","properties":{"ID":111798145,"yr":2021,"dt":"2021-10-16T09:51:38","WOJ":18,"sev":1,"c":[255,255,0,160],"dmg":1,"sli":1,"ser":0,"fat":0,"row":-1,"mot":1,"pie":-1,"uto":-1,"uwr":-1},"geometry":{"type":"Point","coordinates":[21.46725,49.739222]}},{"type":"Feature","properties":{"ID":111798233,"yr":2021,"dt":"2021-10-16T13:30:28","WOJ":18,"sev":1,"c":[255,255,0,160],"dmg":1,"sli":1,"ser":0,"fat":0,"row":-1,"mot":-1,"pie":-1,"uto":-1,"uwr":-1},"geometry":{"type":"Point","coordinates":[21.831639,49.900639]}},{"type":"Feature","properties":{"ID":111793074,"yr":2021,"dt":"2021-10-16T12:49:37","WOJ":18,"sev":1,"c":[255,255,0,160],"dmg":1,"sli":1,"ser":0,"fat":0,"row":1,"mot":-1,"pie":-1,"uto":-1,"uwr":-1},"geometry":{"type":"Point","coordinates":[21.673722,50.564611]}},{"type":"Feature","properties":{"ID":112759273,"yr":2021,"dt":"2021-10-15T17:32:00","WOJ":18,"sev":1,"c":[255,255,0,160],"dmg":1,"sli":2,"ser":0,"fat":0,"row":-1,"mot":-1,"pie":-1,"uto":-1,"uwr":-1},"geometry":{"type":"Point","coordinates":[21.982889,50.045028]}},{"type":"Feature","properties":{"ID":112241582,"yr":2021,"dt":"2021-10-15T16:45:00","WOJ":18,"sev":1,"c":[255,255,0,160],"dmg":1,"sli":1,"ser":0,"fat":0,"row":1,"mot":-1,"pie":-1,"uto":-1,"uwr":-1},"geometry":{"type":"Point","coordinates":[22.252583,50.363361]}},{"type":"Feature","properties":{"ID":110409669,"yr":2021,"dt":"2021-08-16T18:28:41","WOJ":18,"sev":1,"c":[255,255,0,160],"dmg":0,"sli":1,"ser":0,"fat":0,"row":-1,"mot":-1,"pie":-1,"uto":-1,"uwr":-1},"geometry":{"type":"Point","coordinates":[21.930611,49.906472]}},{"type":"Feature","properties":{"ID":110443982,"yr":2021,"dt":"2021-08-15T18:20:00","WOJ":18,"sev":1,"c":[255,255,0,160],"dmg":1,"sli":1,"ser":0,"fat":0,"row":-1,"mot":1,"pie":-1,"uto":-1,"uwr":-1},"geometry":{"type":"Point","coordinates":[22.242139,50.434889]}},{"type":"Feature","properties":{"ID":110415813,"yr":2021,"dt":"2021-08-14T11:29:00","WOJ":18,"sev":1,"c":[255,255,0,160],"dmg":2,"sli":1,"ser":0,"fat":0,"row":-1,"mot":-1,"pie":-1,"uto":-1,"uwr":-1},"geometry":{"type":"Point","coordinates":[21.502778,50.315556]}},{"type":"Feature","properties":{"ID":110441962,"yr":2021,"dt":"2021-08-20T19:00:00","WOJ":18,"sev":1,"c":[255,255,0,160],"dmg":0,"sli":1,"ser":0,"fat":0,"row":-1,"mot":1,"pie":-1,"uto":-1,"uwr":-1},"geometry":{"type":"Point","coordinates":[22.150167,50.190028]}},{"type":"Feature","properties":{"ID":110483223,"yr":2021,"dt":"2021-08-20T14:46:00","WOJ":18,"sev":1,"c":[255,255,0,160],"dmg":1,"sli":1,"ser":0,"fat":0,"row":1,"mot":-1,"pie":-1,"uto":-1,"uwr":-1},"geometry":{"type":"Point","coordinates":[22.057667,50.054306]}},{"type":"Feature","properties":{"ID":110415543,"yr":2021,"dt":"2021-08-19T17:10:59","WOJ":18,"sev":1,"c":[255,255,0,160],"dmg":0,"sli":1,"ser":0,"fat":0,"row":-1,"mot":-1,"pie":-1,"uto":-1,"uwr":-1},"geometry":{"type":"Point","coordinates":[22.048444,49.604056]}},{"type":"Feature","properties":{"ID":110437826,"yr":2021,"dt":"2021-08-19T09:27:00","WOJ":18,"sev":1,"c":[255,255,0,160],"dmg":1,"sli":1,"ser":0,"fat":0,"row":0,"mot":-1,"pie":1,"uto":-1,"uwr":-1},"geometry":{"type":"Point","coordinates":[21.432417,50.306889]}},{"type":"Feature","properties":{"ID":110414001,"yr":2021,"dt":"2021-08-19T05:33:44","WOJ":18,"sev":1,"c":[255,255,0,160],"dmg":1,"sli":1,"ser":0,"fat":0,"row":-1,"mot":-1,"pie":-1,"uto":-1,"uwr":-1},"geometry":{"type":"Point","coordinates":[22.110528,49.988667]}},{"type":"Feature","properties":{"ID":110444817,"yr":2021,"dt":"2021-08-18T14:50:00","WOJ":18,"sev":1,"c":[255,255,0,160],"dmg":1,"sli":1,"ser":0,"fat":0,"row":-1,"mot":-1,"pie":-1,"uto":-1,"uwr":-1},"geometry":{"type":"Point","coordinates":[22.20725,50.154667]}},{"type":"Feature","properties":{"ID":110438093,"yr":2021,"dt":"2021-08-18T19:00:00","WOJ":18,"sev":1,"c":[255,255,0,160],"dmg":0,"sli":2,"ser":0,"fat":0,"row":-1,"mot":1,"pie":-1,"uto":-1,"uwr":-1},"geometry":{"type":"Point","coordinates":[22.710083,49.470083]}},{"type":"Feature","properties":{"ID":110413867,"yr":2021,"dt":"2021-08-18T12:59:24","WOJ":18,"sev":1,"c":[255,255,0,160],"dmg":1,"sli":1,"ser":0,"fat":0,"row":-1,"mot":-1,"pie":-1,"uto":-1,"uwr":-1},"geometry":{"type":"Point","coordinates":[22.257111,50.141944]}},{"type":"Feature","properties":{"ID":110461098,"yr":2021,"dt":"2021-08-18T10:46:00","WOJ":18,"sev":1,"c":[255,255,0,160],"dmg":2,"sli":1,"ser":0,"fat":0,"row":-1,"mot":-1,"pie":-1,"uto":-1,"uwr":-1},"geometry":{"type":"Point","coordinates":[22.24884,49.80196]}},{"type":"Feature","properties":{"ID":110411810,"yr":2021,"dt":"2021-08-17T09:01:41","WOJ":18,"sev":1,"c":[255,255,0,160],"dmg":0,"sli":2,"ser":0,"fat":0,"row":-1,"mot":-1,"pie":-1,"uto":-1,"uwr":-1},"geometry":{"type":"Point","coordinates":[21.744889,50.049778]}},{"type":"Feature","properties":{"ID":110410810,"yr":2021,"dt":"2021-08-17T05:50:18","WOJ":18,"sev":1,"c":[255,255,0,160],"dmg":1,"sli":1,"ser":0,"fat":0,"row":-1,"mot":-1,"pie":-1,"uto":-1,"uwr":-1},"geometry":{"type":"Point","coordinates":[21.880056,50.201056]}},{"type":"Feature","properties":{"ID":110412118,"yr":2021,"dt":"2021-08-17T12:47:37","WOJ":18,"sev":1,"c":[255,255,0,160],"dmg":1,"sli":1,"ser":0,"fat":0,"row":-1,"mot":-1,"pie":-1,"uto":-1,"uwr":-1},"geometry":{"type":"Point","coordinates":[21.341357,49.790648]}},{"type":"Feature","properties":{"ID":110411965,"yr":2021,"dt":"2021-08-17T12:05:15","WOJ":18,"sev":1,"c":[255,255,0,160],"dmg":1,"sli":1,"ser":0,"fat":0,"row":-1,"mot":-1,"pie":-1,"uto":-1,"uwr":-1},"geometry":{"type":"Point","coordinates":[21.988333,50.054722]}},{"type":"Feature","properties":{"ID":110430431,"yr":2021,"dt":"2021-08-16T19:15:00","WOJ":18,"sev":1,"c":[255,255,0,160],"dmg":1,"sli":1,"ser":0,"fat":0,"row":-1,"mot":1,"pie":-1,"uto":-1,"uwr":-1},"geometry":{"type":"Point","coordinates":[22.138028,50.326]}},{"type":"Feature","properties":{"ID":110409534,"yr":2021,"dt":"2021-08-16T15:08:48","WOJ":18,"sev":1,"c":[255,255,0,160],"dmg":1,"sli":1,"ser":0,"fat":0,"row":-1,"mot":-1,"pie":-1,"uto":-1,"uwr":-1},"geometry":{"type":"Point","coordinates":[21.755344,49.876202]}},{"type":"Feature","properties":{"ID":110409008,"yr":2021,"dt":"2021-08-16T07:54:46","WOJ":18,"sev":1,"c":[255,255,0,160],"dmg":1,"sli":1,"ser":0,"fat":0,"row":1,"mot":-1,"pie":-1,"uto":-1,"uwr":-1},"geometry":{"type":"Point","coordinates":[21.993472,50.043667]}},{"type":"Feature","properties":{"ID":110440692,"yr":2021,"dt":"2021-08-25T16:24:27","WOJ":18,"sev":1,"c":[255,255,0,160],"dmg":0,"sli":1,"ser":0,"fat":0,"row":-1,"mot":-1,"pie":-1,"uto":-1,"uwr":-1},"geometry":{"type":"Point","coordinates":[21.749222,50.286222]}},{"type":"Feature","properties":{"ID":110442698,"yr":2021,"dt":"2021-08-25T16:36:06","WOJ":18,"sev":1,"c":[255,255,0,160],"dmg":1,"sli":1,"ser":0,"fat":0,"row":-1,"mot":1,"pie":-1,"uto":-1,"uwr":-1},"geometry":{"type":"Point","coordinates":[21.961806,49.675333]}},{"type":"Feature","properties":{"ID":110456780,"yr":2021,"dt":"2021-08-24T10:50:00","WOJ":18,"sev":1,"c":[255,255,0,160],"dmg":1,"sli":1,"ser":0,"fat":0,"row":-1,"mot":-1,"pie":1,"uto":-1,"uwr":-1},"geometry":{"type":"Point","coordinates":[22.423611,50.263639]}},{"type":"Feature","properties":{"ID":110441393,"yr":2021,"dt":"2021-08-24T10:40:54","WOJ":18,"sev":1,"c":[255,255,0,160],"dmg":0,"sli":1,"ser":0,"fat":0,"row":-1,"mot":-1,"pie":-1,"uto":-1,"uwr":-1},"geometry":{"type":"Point","coordinates":[22.048944,50.666222]}},{"type":"Feature","properties":{"ID":110438240,"yr":2021,"dt":"2021-08-23T12:04:05","WOJ":18,"sev":1,"c":[255,255,0,160],"dmg":1,"sli":1,"ser":0,"fat":0,"row":-1,"mot":-1,"pie":1,"uto":-1,"uwr":-1},"geometry":{"type":"Point","coordinates":[22.244194,50.072139]}},{"type":"Feature","properties":{"ID":110439819,"yr":2021,"dt":"2021-08-23T20:39:00","WOJ":18,"sev":1,"c":[255,255,0,160],"dmg":1,"sli":1,"ser":0,"fat":0,"row":1,"mot":-1,"pie":-1,"uto":-1,"uwr":-1},"geometry":{"type":"Point","coordinates":[21.868611,50.318611]}},{"type":"Feature","properties":{"ID":110440783,"yr":2021,"dt":"2021-08-23T14:56:00","WOJ":18,"sev":1,"c":[255,255,0,160],"dmg":1,"sli":1,"ser":0,"fat":0,"row":-1,"mot":-1,"pie":-1,"uto":-1,"uwr":-1},"geometry":{"type":"Point","coordinates":[21.489889,50.250528]}},{"type":"Feature","properties":{"ID":110438593,"yr":2021,"dt":"2021-08-23T12:09:11","WOJ":18,"sev":1,"c":[255,255,0,160],"dmg":0,"sli":2,"ser":0,"fat":0,"row":-1,"mot":-1,"pie":-1,"uto":-1,"uwr":-1},"geometry":{"type":"Point","coordinates":[22.500742,49.42638]}},{"type":"Feature","properties":{"ID":110439011,"yr":2021,"dt":"2021-08-23T15:52:13","WOJ":18,"sev":1,"c":[255,255,0,160],"dmg":0,"sli":3,"ser":0,"fat":0,"row":-1,"mot":-1,"pie":-1,"uto":-1,"uwr":-1},"geometry":{"type":"Point","coordinates":[21.915806,50.028222]}},{"type":"Feature","properties":{"ID":110438627,"yr":2021,"dt":"2021-08-23T18:22:03","WOJ":18,"sev":1,"c":[255,255,0,160],"dmg":1,"sli":1,"ser":0,"fat":0,"row":-1,"mot":-1,"pie":-1,"uto":-1,"uwr":-1},"geometry":{"type":"Point","coordinates":[21.559532,49.97958]}},{"type":"Feature","properties":{"ID":110479933,"yr":2021,"dt":"2021-08-22T18:27:00","WOJ":18,"sev":1,"c":[255,255,0,160],"dmg":0,"sli":1,"ser":0,"fat":0,"row":1,"mot":-1,"pie":-1,"uto":-1,"uwr":-1},"geometry":{"type":"Point","coordinates":[21.315056,49.797556]}},{"type":"Feature","properties":{"ID":110430205,"yr":2021,"dt":"2021-08-22T21:27:53","WOJ":18,"sev":1,"c":[255,255,0,160],"dmg":1,"sli":1,"ser":0,"fat":0,"row":-1,"mot":-1,"pie":-1,"uto":-1,"uwr":-1},"geometry":{"type":"Point","coordinates":[22.198896,49.66032]}},{"type":"Feature","properties":{"ID":110525477,"yr":2021,"dt":"2021-08-22T18:49:00","WOJ":18,"sev":1,"c":[255,255,0,160],"dmg":0,"sli":1,"ser":0,"fat":0,"row":-1,"mot":1,"pie":-1,"uto":-1,"uwr":-1},"geometry":{"type":"Point","coordinates":[21.959889,49.99125]}},{"type":"Feature","properties":{"ID":110429067,"yr":2021,"dt":"2021-08-21T11:54:58","WOJ":18,"sev":1,"c":[255,255,0,160],"dmg":1,"sli":1,"ser":0,"fat":0,"row":-1,"mot":-1,"pie":-1,"uto":-1,"uwr":-1},"geometry":{"type":"Point","coordinates":[21.755972,50.387972]}},{"type":"Feature","properties":{"ID":110415749,"yr":2021,"dt":"2021-08-20T01:17:39","WOJ":18,"sev":1,"c":[255,255,0,160],"dmg":1,"sli":1,"ser":0,"fat":0,"row":-1,"mot":-1,"pie":1,"uto":-1,"uwr":-1},"geometry":{"type":"Point","coordinates":[22.021,50.035694]}},{"type":"Feature","properties":{"ID":110420666,"yr":2021,"dt":"2021-08-20T17:04:42","WOJ":18,"sev":1,"c":[255,255,0,160],"dmg":1,"sli":1,"ser":0,"fat":0,"row":-1,"mot":-1,"pie":1,"uto":-1,"uwr":-1},"geometry":{"type":"Point","coordinates":[22.226806,50.065444]}},{"type":"Feature","properties":{"ID":111764815,"yr":2021,"dt":"2021-10-14T14:20:00","WOJ":18,"sev":1,"c":[255,255,0,160],"dmg":2,"sli":1,"ser":0,"fat":0,"row":-1,"mot":-1,"pie":-1,"uto":-1,"uwr":-1},"geometry":{"type":"Point","coordinates":[22.804806,49.952139]}},{"type":"Feature","properties":{"ID":111847558,"yr":2021,"dt":"2021-10-14T17:10:00","WOJ":18,"sev":1,"c":[255,255,0,160],"dmg":2,"sli":1,"ser":0,"fat":0,"row":-1,"mot":-1,"pie":-1,"uto":-1,"uwr":-1},"geometry":{"type":"Point","coordinates":[21.945139,50.075278]}},{"type":"Feature","properties":{"ID":111754891,"yr":2021,"dt":"2021-10-14T12:26:31","WOJ":18,"sev":1,"c":[255,255,0,160],"dmg":1,"sli":1,"ser":0,"fat":0,"row":-1,"mot":-1,"pie":-1,"uto":-1,"uwr":-1},"geometry":{"type":"Point","coordinates":[21.685139,49.735306]}},{"type":"Feature","properties":{"ID":111764914,"yr":2021,"dt":"2021-10-14T16:39:19","WOJ":18,"sev":1,"c":[255,255,0,160],"dmg":2,"sli":1,"ser":0,"fat":0,"row":-1,"mot":-1,"pie":-1,"uto":-1,"uwr":-1},"geometry":{"type":"Point","coordinates":[21.321389,49.993528]}},{"type":"Feature","properties":{"ID":111719853,"yr":2021,"dt":"2021-10-13T05:44:52","WOJ":18,"sev":1,"c":[255,255,0,160],"dmg":1,"sli":1,"ser":0,"fat":0,"row":-1,"mot":-1,"pie":-1,"uto":-1,"uwr":-1},"geometry":{"type":"Point","coordinates":[22.029667,50.023611]}},{"type":"Feature","properties":{"ID":111798758,"yr":2021,"dt":"2021-10-13T15:10:00","WOJ":18,"sev":1,"c":[255,255,0,160],"dmg":0,"sli":1,"ser":0,"fat":0,"row":-1,"mot":-1,"pie":-1,"uto":-1,"uwr":-1},"geometry":{"type":"Point","coordinates":[22.055667,49.870944]}},{"type":"Feature","properties":{"ID":111719168,"yr":2021,"dt":"2021-10-13T10:11:36","WOJ":18,"sev":1,"c":[255,255,0,160],"dmg":2,"sli":1,"ser":0,"fat":0,"row":-1,"mot":-1,"pie":-1,"uto":-1,"uwr":-1},"geometry":{"type":"Point","coordinates":[22.0285,50.004778]}},{"type":"Feature","properties":{"ID":111798789,"yr":2021,"dt":"2021-10-12T11:30:00","WOJ":18,"sev":1,"c":[255,255,0,160],"dmg":2,"sli":2,"ser":0,"fat":0,"row":-1,"mot":-1,"pie":-1,"uto":-1,"uwr":-1},"geometry":{"type":"Point","coordinates":[21.986861,50.023944]}},{"type":"Feature","properties":{"ID":111717915,"yr":2021,"dt":"2021-10-12T10:47:13","WOJ":18,"sev":1,"c":[255,255,0,160],"dmg":1,"sli":1,"ser":0,"fat":0,"row":-1,"mot":-1,"pie":-1,"uto":-1,"uwr":-1},"geometry":{"type":"Point","coordinates":[21.941556,49.805417]}},{"type":"Feature","properties":{"ID":111710723,"yr":2021,"dt":"2021-10-11T14:47:00","WOJ":18,"sev":1,"c":[255,255,0,160],"dmg":1,"sli":1,"ser":0,"fat":0,"row":-1,"mot":-1,"pie":-1,"uto":-1,"uwr":-1},"geometry":{"type":"Point","coordinates":[21.782472,50.657861]}},{"type":"Feature","properties":{"ID":111751810,"yr":2021,"dt":"2021-10-11T11:53:00","WOJ":18,"sev":1,"c":[255,255,0,160],"dmg":1,"sli":1,"ser":0,"fat":0,"row":-1,"mot":-1,"pie":1,"uto":-1,"uwr":-1},"geometry":{"type":"Point","coordinates":[22.001611,50.052972]}},{"type":"Feature","properties":{"ID":111710732,"yr":2021,"dt":"2021-10-11T13:50:37","WOJ":18,"sev":1,"c":[255,255,0,160],"dmg":2,"sli":1,"ser":0,"fat":0,"row":-1,"mot":-1,"pie":-1,"uto":-1,"uwr":-1},"geometry":{"type":"Point","coordinates":[22.158611,49.569417]}},{"type":"Feature","properties":{"ID":111715239,"yr":2021,"dt":"2021-10-11T14:36:45","WOJ":18,"sev":1,"c":[255,255,0,160],"dmg":1,"sli":1,"ser":0,"fat":0,"row":-1,"mot":-1,"pie":-1,"uto":-1,"uwr":-1},"geometry":{"type":"Point","coordinates":[21.463225,49.731322]}},{"type":"Feature","properties":{"ID":111712863,"yr":2021,"dt":"2021-10-10T12:50:07","WOJ":18,"sev":1,"c":[255,255,0,160],"dmg":0,"sli":2,"ser":0,"fat":0,"row":-1,"mot":1,"pie":-1,"uto":-1,"uwr":-1},"geometry":{"type":"Point","coordinates":[22.239944,49.882222]}},{"type":"Feature","properties":{"ID":111709922,"yr":2021,"dt":"2021-10-10T08:17:47","WOJ":18,"sev":1,"c":[255,255,0,160],"dmg":3,"sli":1,"ser":0,"fat":0,"row":-1,"mot":-1,"pie":-1,"uto":-1,"uwr":-1},"geometry":{"type":"Point","coordinates":[22.376791,49.466927]}},{"type":"Feature","properties":{"ID":110440684,"yr":2021,"dt":"2021-08-25T16:36:49","WOJ":18,"sev":1,"c":[255,255,0,160],"dmg":1,"sli":1,"ser":0,"fat":0,"row":-1,"mot":-1,"pie":1,"uto":-1,"uwr":-1},"geometry":{"type":"Point","coordinates":[21.998528,50.039361]}},{"type":"Feature","properties":{"ID":110481002,"yr":2021,"dt":"2021-08-29T14:00:00","WOJ":18,"sev":1,"c":[255,255,0,160],"dmg":1,"sli":4,"ser":0,"fat":0,"row":-1,"mot":-1,"pie":-1,"uto":-1,"uwr":-1},"geometry":{"type":"Point","coordinates":[22.054806,49.969333]}},{"type":"Feature","properties":{"ID":110452248,"yr":2021,"dt":"2021-08-29T15:25:35","WOJ":18,"sev":1,"c":[255,255,0,160],"dmg":1,"sli":2,"ser":0,"fat":0,"row":-1,"mot":-1,"pie":-1,"uto":-1,"uwr":-1},"geometry":{"type":"Point","coordinates":[21.889611,49.842222]}},{"type":"Feature","properties":{"ID":110450113,"yr":2021,"dt":"2021-08-28T20:09:24","WOJ":18,"sev":1,"c":[255,255,0,160],"dmg":1,"sli":1,"ser":0,"fat":0,"row":-1,"mot":-1,"pie":-1,"uto":-1,"uwr":-1},"geometry":{"type":"Point","coordinates":[22.260862,50.07748]}},{"type":"Feature","properties":{"ID":110455262,"yr":2021,"dt":"2021-08-28T09:28:00","WOJ":18,"sev":1,"c":[255,255,0,160],"dmg":0,"sli":1,"ser":0,"fat":0,"row":-1,"mot":-1,"pie":-1,"uto":-1,"uwr":-1},"geometry":{"type":"Point","coordinates":[21.79125,49.864]}},{"type":"Feature","properties":{"ID":110448728,"yr":2021,"dt":"2021-08-28T12:36:59","WOJ":18,"sev":1,"c":[255,255,0,160],"dmg":1,"sli":1,"ser":0,"fat":0,"row":1,"mot":-1,"pie":-1,"uto":-1,"uwr":-1},"geometry":{"type":"Point","coordinates":[21.763889,50.241306]}},{"type":"Feature","properties":{"ID":110449975,"yr":2021,"dt":"2021-08-28T16:38:23","WOJ":18,"sev":1,"c":[255,255,0,160],"dmg":1,"sli":4,"ser":0,"fat":0,"row":-1,"mot":-1,"pie":-1,"uto":-1,"uwr":-1},"geometry":{"type":"Point","coordinates":[21.973111,50.114306]}},{"type":"Feature","properties":{"ID":110448680,"yr":2021,"dt":"2021-08-28T11:25:00","WOJ":18,"sev":1,"c":[255,255,0,160],"dmg":0,"sli":1,"ser":0,"fat":0,"row":-1,"mot":1,"pie":-1,"uto":-1,"uwr":-1},"geometry":{"type":"Point","coordinates":[22.858472,49.918]}},{"type":"Feature","properties":{"ID":110458203,"yr":2021,"dt":"2021-08-28T17:20:00","WOJ":18,"sev":1,"c":[255,255,0,160],"dmg":1,"sli":1,"ser":0,"fat":0,"row":-1,"mot":1,"pie":-1,"uto":-1,"uwr":-1},"geometry":{"type":"Point","coordinates":[21.341167,50.421306]}},{"type":"Feature","properties":{"ID":110450090,"yr":2021,"dt":"2021-08-28T20:01:05","WOJ":18,"sev":1,"c":[255,255,0,160],"dmg":1,"sli":1,"ser":0,"fat":0,"row":1,"mot":-1,"pie":-1,"uto":-1,"uwr":-1},"geometry":{"type":"Point","coordinates":[21.93525,50.025833]}},{"type":"Feature","properties":{"ID":110446869,"yr":2021,"dt":"2021-08-27T08:51:10","WOJ":18,"sev":1,"c":[255,255,0,160],"dmg":1,"sli":1,"ser":0,"fat":0,"row":-1,"mot":-1,"pie":-1,"uto":-1,"uwr":-1},"geometry":{"type":"Point","coordinates":[21.969389,50.012778]}},{"type":"Feature","properties":{"ID":110448272,"yr":2021,"dt":"2021-08-27T19:40:35","WOJ":18,"sev":1,"c":[255,255,0,160],"dmg":1,"sli":2,"ser":0,"fat":0,"row":-1,"mot":-1,"pie":1,"uto":-1,"uwr":-1},"geometry":{"type":"Point","coordinates":[21.997972,50.050417]}},{"type":"Feature","properties":{"ID":110458136,"yr":2021,"dt":"2021-08-27T12:05:00","WOJ":18,"sev":1,"c":[255,255,0,160],"dmg":1,"sli":1,"ser":0,"fat":0,"row":-1,"mot":1,"pie":-1,"uto":-1,"uwr":-1},"geometry":{"type":"Point","coordinates":[21.426778,50.297028]}},{"type":"Feature","properties":{"ID":110481056,"yr":2021,"dt":"2021-08-27T15:10:00","WOJ":18,"sev":1,"c":[255,255,0,160],"dmg":1,"sli":1,"ser":0,"fat":0,"row":-1,"mot":-1,"pie":-1,"uto":-1,"uwr":-1},"geometry":{"type":"Point","coordinates":[21.983389,50.240778]}},{"type":"Feature","properties":{"ID":110443842,"yr":2021,"dt":"2021-08-26T04:22:48","WOJ":18,"sev":1,"c":[255,255,0,160],"dmg":0,"sli":1,"ser":0,"fat":0,"row":-1,"mot":-1,"pie":-1,"uto":-1,"uwr":-1},"geometry":{"type":"Point","coordinates":[22.257139,50.024167]}},{"type":"Feature","properties":{"ID":110440540,"yr":2021,"dt":"2021-08-25T11:08:23","WOJ":18,"sev":1,"c":[255,255,0,160],"dmg":1,"sli":1,"ser":0,"fat":0,"row":-1,"mot":-1,"pie":-1,"uto":-1,"uwr":-1},"geometry":{"type":"Point","coordinates":[22.002306,50.051278]}},{"type":"Feature","properties":{"ID":110441864,"yr":2021,"dt":"2021-08-25T06:36:53","WOJ":18,"sev":1,"c":[255,255,0,160],"dmg":1,"sli":1,"ser":0,"fat":0,"row":-1,"mot":-1,"pie":-1,"uto":-1,"uwr":-1},"geometry":{"type":"Point","coordinates":[22.017222,50.014028]}},{"type":"Feature","properties":{"ID":110470029,"yr":2021,"dt":"2021-09-03T16:51:21","WOJ":18,"sev":1,"c":[255,255,0,160],"dmg":0,"sli":2,"ser":0,"fat":0,"row":-1,"mot":-1,"pie":-1,"uto":-1,"uwr":-1},"geometry":{"type":"Point","coordinates":[21.777639,50.070833]}},{"type":"Feature","properties":{"ID":110470795,"yr":2021,"dt":"2021-09-03T16:16:50","WOJ":18,"sev":1,"c":[255,255,0,160],"dmg":1,"sli":1,"ser":0,"fat":0,"row":-1,"mot":-1,"pie":1,"uto":-1,"uwr":-1},"geometry":{"type":"Point","coordinates":[22.27667,50.057007]}},{"type":"Feature","properties":{"ID":110470101,"yr":2021,"dt":"2021-09-03T17:39:13","WOJ":18,"sev":1,"c":[255,255,0,160],"dmg":1,"sli":1,"ser":0,"fat":0,"row":-1,"mot":-1,"pie":-1,"uto":-1,"uwr":-1},"geometry":{"type":"Point","coordinates":[21.602583,50.513917]}},{"type":"Feature","properties":{"ID":110469600,"yr":2021,"dt":"2021-09-03T12:14:39","WOJ":18,"sev":1,"c":[255,255,0,160],"dmg":1,"sli":1,"ser":0,"fat":0,"row":-1,"mot":1,"pie":-1,"uto":-1,"uwr":-1},"geometry":{"type":"Point","coordinates":[21.697278,49.952528]}},{"type":"Feature","properties":{"ID":110467527,"yr":2021,"dt":"2021-09-02T15:23:33","WOJ":18,"sev":1,"c":[255,255,0,160],"dmg":1,"sli":1,"ser":0,"fat":0,"row":-1,"mot":-1,"pie":-1,"uto":-1,"uwr":-1},"geometry":{"type":"Point","coordinates":[22.013806,49.925583]}},{"type":"Feature","properties":{"ID":110467135,"yr":2021,"dt":"2021-09-02T10:57:36","WOJ":18,"sev":1,"c":[255,255,0,160],"dmg":1,"sli":1,"ser":0,"fat":0,"row":1,"mot":-1,"pie":-1,"uto":-1,"uwr":-1},"geometry":{"type":"Point","coordinates":[21.429,50.057222]}},{"type":"Feature","properties":{"ID":110468808,"yr":2021,"dt":"2021-09-02T23:59:32","WOJ":18,"sev":1,"c":[255,255,0,160],"dmg":0,"sli":1,"ser":0,"fat":0,"row":-1,"mot":-1,"pie":-1,"uto":-1,"uwr":-1},"geometry":{"type":"Point","coordinates":[21.579333,50.50675]}},{"type":"Feature","properties":{"ID":110468759,"yr":2021,"dt":"2021-09-02T19:35:55","WOJ":18,"sev":1,"c":[255,255,0,160],"dmg":1,"sli":1,"ser":0,"fat":0,"row":-1,"mot":-1,"pie":-1,"uto":-1,"uwr":-1},"geometry":{"type":"Point","coordinates":[22.439583,49.409472]}},{"type":"Feature","properties":{"ID":110464345,"yr":2021,"dt":"2021-09-01T20:26:25","WOJ":18,"sev":1,"c":[255,255,0,160],"dmg":0,"sli":1,"ser":0,"fat":0,"row":-1,"mot":-1,"pie":-1,"uto":-1,"uwr":-1},"geometry":{"type":"Point","coordinates":[22.222111,50.442972]}},{"type":"Feature","properties":{"ID":110463893,"yr":2021,"dt":"2021-09-01T12:43:57","WOJ":18,"sev":1,"c":[255,255,0,160],"dmg":0,"sli":2,"ser":0,"fat":0,"row":1,"mot":-1,"pie":-1,"uto":-1,"uwr":-1},"geometry":{"type":"Point","coordinates":[21.971139,50.11975]}},{"type":"Feature","properties":{"ID":110470283,"yr":2021,"dt":"2021-09-01T17:10:00","WOJ":18,"sev":1,"c":[255,255,0,160],"dmg":1,"sli":1,"ser":0,"fat":0,"row":1,"mot":-1,"pie":-1,"uto":-1,"uwr":-1},"geometry":{"type":"Point","coordinates":[21.745,50.296111]}},{"type":"Feature","properties":{"ID":110459800,"yr":2021,"dt":"2021-08-31T13:38:26","WOJ":18,"sev":1,"c":[255,255,0,160],"dmg":1,"sli":1,"ser":0,"fat":0,"row":-1,"mot":-1,"pie":1,"uto":-1,"uwr":-1},"geometry":{"type":"Point","coordinates":[21.302083,49.973917]}},{"type":"Feature","properties":{"ID":110457764,"yr":2021,"dt":"2021-08-30T13:06:21","WOJ":18,"sev":1,"c":[255,255,0,160],"dmg":2,"sli":1,"ser":0,"fat":0,"row":-1,"mot":-1,"pie":-1,"uto":-1,"uwr":-1},"geometry":{"type":"Point","coordinates":[21.732861,49.605861]}},{"type":"Feature","properties":{"ID":110455256,"yr":2021,"dt":"2021-08-30T10:43:12","WOJ":18,"sev":1,"c":[255,255,0,160],"dmg":2,"sli":1,"ser":0,"fat":0,"row":-1,"mot":-1,"pie":-1,"uto":-1,"uwr":-1},"geometry":{"type":"Point","coordinates":[22.063,50.039444]}},{"type":"Feature","properties":{"ID":110455566,"yr":2021,"dt":"2021-08-30T14:23:31","WOJ":18,"sev":1,"c":[255,255,0,160],"dmg":1,"sli":1,"ser":0,"fat":0,"row":-1,"mot":-1,"pie":-1,"uto":-1,"uwr":-1},"geometry":{"type":"Point","coordinates":[22.020917,50.018028]}},{"type":"Feature","properties":{"ID":110455712,"yr":2021,"dt":"2021-08-30T14:44:20","WOJ":18,"sev":1,"c":[255,255,0,160],"dmg":1,"sli":1,"ser":0,"fat":0,"row":1,"mot":-1,"pie":-1,"uto":-1,"uwr":-1},"geometry":{"type":"Point","coordinates":[22.032722,50.0275]}},{"type":"Feature","properties":{"ID":110486441,"yr":2021,"dt":"2021-09-08T07:14:00","WOJ":18,"sev":1,"c":[255,255,0,160],"dmg":1,"sli":1,"ser":0,"fat":0,"row":-1,"mot":-1,"pie":-1,"uto":-1,"uwr":-1},"geometry":{"type":"Point","coordinates":[21.96883,50.03011]}},{"type":"Feature","properties":{"ID":110484857,"yr":2021,"dt":"2021-09-08T18:29:50","WOJ":18,"sev":1,"c":[255,255,0,160],"dmg":1,"sli":1,"ser":0,"fat":0,"row":1,"mot":-1,"pie":-1,"uto":-1,"uwr":-1},"geometry":{"type":"Point","coordinates":[21.57075,50.463222]}},{"type":"Feature","properties":{"ID":110498784,"yr":2021,"dt":"2021-09-08T12:52:00","WOJ":18,"sev":1,"c":[255,255,0,160],"dmg":1,"sli":1,"ser":0,"fat":0,"row":-1,"mot":-1,"pie":-1,"uto":-1,"uwr":-1},"geometry":{"type":"Point","coordinates":[22.118611,50.2275]}},{"type":"Feature","properties":{"ID":110478636,"yr":2021,"dt":"2021-09-07T07:55:30","WOJ":18,"sev":1,"c":[255,255,0,160],"dmg":1,"sli":1,"ser":0,"fat":0,"row":-1,"mot":1,"pie":-1,"uto":-1,"uwr":-1},"geometry":{"type":"Point","coordinates":[21.476083,50.101917]}},{"type":"Feature","properties":{"ID":110482937,"yr":2021,"dt":"2021-09-07T19:48:46","WOJ":18,"sev":1,"c":[255,255,0,160],"dmg":1,"sli":1,"ser":0,"fat":0,"row":-1,"mot":1,"pie":-1,"uto":-1,"uwr":-1},"geometry":{"type":"Point","coordinates":[21.751472,49.742028]}},{"type":"Feature","properties":{"ID":110481375,"yr":2021,"dt":"2021-09-07T06:45:19","WOJ":18,"sev":1,"c":[255,255,0,160],"dmg":0,"sli":1,"ser":0,"fat":0,"row":-1,"mot":-1,"pie":-1,"uto":-1,"uwr":-1},"geometry":{"type":"Point","coordinates":[21.512028,50.2225]}},{"type":"Feature","properties":{"ID":110523776,"yr":2021,"dt":"2021-09-07T15:01:00","WOJ":18,"sev":1,"c":[255,255,0,160],"dmg":1,"sli":1,"ser":0,"fat":0,"row":-1,"mot":-1,"pie":-1,"uto":-1,"uwr":-1},"geometry":{"type":"Point","coordinates":[21.8025,49.9925]}},{"type":"Feature","properties":{"ID":110480852,"yr":2021,"dt":"2021-09-06T17:22:29","WOJ":18,"sev":1,"c":[255,255,0,160],"dmg":0,"sli":2,"ser":0,"fat":0,"row":-1,"mot":-1,"pie":1,"uto":-1,"uwr":-1},"geometry":{"type":"Point","coordinates":[21.998083,50.039556]}},{"type":"Feature","properties":{"ID":110481231,"yr":2021,"dt":"2021-09-05T00:05:00","WOJ":18,"sev":1,"c":[255,255,0,160],"dmg":1,"sli":1,"ser":0,"fat":0,"row":-1,"mot":-1,"pie":-1,"uto":-1,"uwr":-1},"geometry":{"type":"Point","coordinates":[22.244889,50.081778]}},{"type":"Feature","properties":{"ID":110477897,"yr":2021,"dt":"2021-09-05T17:10:13","WOJ":18,"sev":1,"c":[255,255,0,160],"dmg":0,"sli":1,"ser":0,"fat":0,"row":-1,"mot":1,"pie":-1,"uto":-1,"uwr":-1},"geometry":{"type":"Point","coordinates":[21.464056,49.862167]}},{"type":"Feature","properties":{"ID":110476888,"yr":2021,"dt":"2021-09-05T15:23:56","WOJ":18,"sev":1,"c":[255,255,0,160],"dmg":0,"sli":1,"ser":0,"fat":0,"row":-1,"mot":-1,"pie":-1,"uto":-1,"uwr":-1},"geometry":{"type":"Point","coordinates":[21.954472,50.135306]}},{"type":"Feature","properties":{"ID":110487846,"yr":2021,"dt":"2021-09-04T17:34:00","WOJ":18,"sev":1,"c":[255,255,0,160],"dmg":0,"sli":1,"ser":0,"fat":0,"row":-1,"mot":-1,"pie":-1,"uto":-1,"uwr":-1},"geometry":{"type":"Point","coordinates":[21.978278,49.966472]}},{"type":"Feature","properties":{"ID":110470691,"yr":2021,"dt":"2021-09-04T22:28:54","WOJ":18,"sev":1,"c":[255,255,0,160],"dmg":0,"sli":3,"ser":0,"fat":0,"row":-1,"mot":-1,"pie":-1,"uto":-1,"uwr":-1},"geometry":{"type":"Point","coordinates":[21.654667,49.557889]}},{"type":"Feature","properties":{"ID":110472938,"yr":2021,"dt":"2021-09-04T09:28:20","WOJ":18,"sev":1,"c":[255,255,0,160],"dmg":2,"sli":1,"ser":0,"fat":0,"row":-1,"mot":-1,"pie":-1,"uto":-1,"uwr":-1},"geometry":{"type":"Point","coordinates":[21.500763,49.51128]}},{"type":"Feature","properties":{"ID":110470925,"yr":2021,"dt":"2021-09-03T17:41:23","WOJ":18,"sev":1,"c":[255,255,0,160],"dmg":0,"sli":1,"ser":0,"fat":0,"row":1,"mot":-1,"pie":-1,"uto":-1,"uwr":-1},"geometry":{"type":"Point","coordinates":[22.471528,50.517583]}},{"type":"Feature","properties":{"ID":110469530,"yr":2021,"dt":"2021-09-03T12:15:46","WOJ":18,"sev":1,"c":[255,255,0,160],"dmg":0,"sli":2,"ser":0,"fat":0,"row":-1,"mot":-1,"pie":-1,"uto":-1,"uwr":-1},"geometry":{"type":"Point","coordinates":[21.681778,50.579167]}},{"type":"Feature","properties":{"ID":110484744,"yr":2021,"dt":"2021-09-09T07:00:28","WOJ":18,"sev":1,"c":[255,255,0,160],"dmg":1,"sli":1,"ser":0,"fat":0,"row":-1,"mot":-1,"pie":1,"uto":-1,"uwr":-1},"geometry":{"type":"Point","coordinates":[21.414028,49.633472]}},{"type":"Feature","properties":{"ID":110487843,"yr":2021,"dt":"2021-09-09T08:16:00","WOJ":18,"sev":1,"c":[255,255,0,160],"dmg":0,"sli":1,"ser":0,"fat":0,"row":-1,"mot":-1,"pie":-1,"uto":-1,"uwr":-1},"geometry":{"type":"Point","coordinates":[21.850944,50.662417]}},{"type":"Feature","properties":{"ID":110498812,"yr":2021,"dt":"2021-09-09T07:17:00","WOJ":18,"sev":1,"c":[255,255,0,160],"dmg":0,"sli":3,"ser":0,"fat":0,"row":-1,"mot":-1,"pie":-1,"uto":-1,"uwr":-1},"geometry":{"type":"Point","coordinates":[21.993778,50.029778]}},{"type":"Feature","properties":{"ID":110485789,"yr":2021,"dt":"2021-09-08T17:12:00","WOJ":18,"sev":1,"c":[255,255,0,160],"dmg":1,"sli":1,"ser":0,"fat":0,"row":1,"mot":-1,"pie":-1,"uto":-1,"uwr":-1},"geometry":{"type":"Point","coordinates":[21.68,50.566806]}},{"type":"Feature","properties":{"ID":111715006,"yr":2021,"dt":"2021-10-10T19:03:00","WOJ":18,"sev":1,"c":[255,255,0,160],"dmg":0,"sli":1,"ser":0,"fat":0,"row":-1,"mot":-1,"pie":-1,"uto":-1,"uwr":-1},"geometry":{"type":"Point","coordinates":[21.568861,50.482806]}},{"type":"Feature","properties":{"ID":113487735,"yr":2021,"dt":"2021-10-09T16:45:00","WOJ":18,"sev":1,"c":[255,255,0,160],"dmg":1,"sli":1,"ser":0,"fat":0,"row":1,"mot":-1,"pie":-1,"uto":-1,"uwr":-1},"geometry":{"type":"Point","coordinates":[22.1785,50.228056]}},{"type":"Feature","properties":{"ID":111704498,"yr":2021,"dt":"2021-10-09T09:33:16","WOJ":18,"sev":1,"c":[255,255,0,160],"dmg":1,"sli":1,"ser":0,"fat":0,"row":-1,"mot":-1,"pie":1,"uto":-1,"uwr":-1},"geometry":{"type":"Point","coordinates":[21.460833,49.743944]}},{"type":"Feature","properties":{"ID":111704088,"yr":2021,"dt":"2021-10-08T16:49:46","WOJ":18,"sev":1,"c":[255,255,0,160],"dmg":0,"sli":3,"ser":0,"fat":0,"row":-1,"mot":-1,"pie":-1,"uto":-1,"uwr":-1},"geometry":{"type":"Point","coordinates":[21.68525,49.657139]}},{"type":"Feature","properties":{"ID":111704098,"yr":2021,"dt":"2021-10-08T14:25:57","WOJ":18,"sev":1,"c":[255,255,0,160],"dmg":1,"sli":1,"ser":0,"fat":0,"row":-1,"mot":-1,"pie":-1,"uto":-1,"uwr":-1},"geometry":{"type":"Point","coordinates":[22.059972,50.119083]}},{"type":"Feature","properties":{"ID":111702048,"yr":2021,"dt":"2021-10-08T10:05:20","WOJ":18,"sev":1,"c":[255,255,0,160],"dmg":0,"sli":1,"ser":0,"fat":0,"row":-1,"mot":-1,"pie":-1,"uto":-1,"uwr":-1},"geometry":{"type":"Point","coordinates":[21.652639,50.034833]}},{"type":"Feature","properties":{"ID":111702179,"yr":2021,"dt":"2021-10-08T08:09:14","WOJ":18,"sev":1,"c":[255,255,0,160],"dmg":1,"sli":1,"ser":0,"fat":0,"row":-1,"mot":-1,"pie":-1,"uto":-1,"uwr":-1},"geometry":{"type":"Point","coordinates":[22.351085,50.318554]}},{"type":"Feature","properties":{"ID":111704099,"yr":2021,"dt":"2021-10-08T18:39:33","WOJ":18,"sev":1,"c":[255,255,0,160],"dmg":1,"sli":1,"ser":0,"fat":0,"row":-1,"mot":-1,"pie":1,"uto":-1,"uwr":-1},"geometry":{"type":"Point","coordinates":[22.481404,50.330271]}},{"type":"Feature","properties":{"ID":111700299,"yr":2021,"dt":"2021-10-07T18:12:46","WOJ":18,"sev":1,"c":[255,255,0,160],"dmg":0,"sli":1,"ser":0,"fat":0,"row":-1,"mot":-1,"pie":-1,"uto":-1,"uwr":-1},"geometry":{"type":"Point","coordinates":[22.467944,50.244889]}},{"type":"Feature","properties":{"ID":111756288,"yr":2021,"dt":"2021-10-07T10:34:00","WOJ":18,"sev":1,"c":[255,255,0,160],"dmg":1,"sli":1,"ser":0,"fat":0,"row":1,"mot":-1,"pie":-1,"uto":-1,"uwr":-1},"geometry":{"type":"Point","coordinates":[22.016111,50.046028]}},{"type":"Feature","properties":{"ID":111696245,"yr":2021,"dt":"2021-10-07T14:55:54","WOJ":18,"sev":1,"c":[255,255,0,160],"dmg":2,"sli":2,"ser":0,"fat":0,"row":-1,"mot":-1,"pie":-1,"uto":-1,"uwr":-1},"geometry":{"type":"Point","coordinates":[22.017806,50.000611]}},{"type":"Feature","properties":{"ID":110483187,"yr":2021,"dt":"2021-09-08T08:02:57","WOJ":18,"sev":1,"c":[255,255,0,160],"dmg":1,"sli":1,"ser":0,"fat":0,"row":1,"mot":-1,"pie":-1,"uto":-1,"uwr":-1},"geometry":{"type":"Point","coordinates":[21.509583,50.220111]}},{"type":"Feature","properties":{"ID":110498552,"yr":2021,"dt":"2021-09-12T01:50:00","WOJ":18,"sev":1,"c":[255,255,0,160],"dmg":0,"sli":1,"ser":0,"fat":0,"row":-1,"mot":-1,"pie":-1,"uto":-1,"uwr":-1},"geometry":{"type":"Point","coordinates":[22.801889,49.802778]}},{"type":"Feature","properties":{"ID":110492826,"yr":2021,"dt":"2021-09-12T02:29:47","WOJ":18,"sev":1,"c":[255,255,0,160],"dmg":0,"sli":1,"ser":0,"fat":0,"row":-1,"mot":-1,"pie":-1,"uto":-1,"uwr":-1},"geometry":{"type":"Point","coordinates":[21.671889,49.703944]}},{"type":"Feature","properties":{"ID":110493892,"yr":2021,"dt":"2021-09-12T12:13:56","WOJ":18,"sev":1,"c":[255,255,0,160],"dmg":0,"sli":2,"ser":0,"fat":0,"row":-1,"mot":-1,"pie":-1,"uto":-1,"uwr":-1},"geometry":{"type":"Point","coordinates":[22.141611,50.48825]}},{"type":"Feature","properties":{"ID":110500821,"yr":2021,"dt":"2021-09-12T13:15:00","WOJ":18,"sev":1,"c":[255,255,0,160],"dmg":2,"sli":1,"ser":0,"fat":0,"row":1,"mot":-1,"pie":-1,"uto":-1,"uwr":-1},"geometry":{"type":"Point","coordinates":[22.760861,49.786056]}},{"type":"Feature","properties":{"ID":110492784,"yr":2021,"dt":"2021-09-11T20:27:02","WOJ":18,"sev":1,"c":[255,255,0,160],"dmg":0,"sli":2,"ser":0,"fat":0,"row":-1,"mot":-1,"pie":-1,"uto":-1,"uwr":-1},"geometry":{"type":"Point","coordinates":[22.37775,49.57]}},{"type":"Feature","properties":{"ID":110491805,"yr":2021,"dt":"2021-09-11T17:17:41","WOJ":18,"sev":1,"c":[255,255,0,160],"dmg":1,"sli":1,"ser":0,"fat":0,"row":-1,"mot":-1,"pie":-1,"uto":-1,"uwr":-1},"geometry":{"type":"Point","coordinates":[22.071944,50.703833]}},{"type":"Feature","properties":{"ID":110490546,"yr":2021,"dt":"2021-09-11T11:44:34","WOJ":18,"sev":1,"c":[255,255,0,160],"dmg":2,"sli":2,"ser":0,"fat":0,"row":-1,"mot":-1,"pie":-1,"uto":-1,"uwr":-1},"geometry":{"type":"Point","coordinates":[21.710889,50.598056]}},{"type":"Feature","properties":{"ID":110490701,"yr":2021,"dt":"2021-09-11T14:27:00","WOJ":18,"sev":1,"c":[255,255,0,160],"dmg":1,"sli":1,"ser":0,"fat":0,"row":-1,"mot":1,"pie":-1,"uto":-1,"uwr":-1},"geometry":{"type":"Point","coordinates":[22.461321,49.160322]}},{"type":"Feature","properties":{"ID":110522804,"yr":2021,"dt":"2021-09-11T09:18:00","WOJ":18,"sev":1,"c":[255,255,0,160],"dmg":1,"sli":1,"ser":0,"fat":0,"row":-1,"mot":-1,"pie":-1,"uto":-1,"uwr":-1},"geometry":{"type":"Point","coordinates":[21.979111,49.90025]}},{"type":"Feature","properties":{"ID":110490583,"yr":2021,"dt":"2021-09-11T12:33:48","WOJ":18,"sev":1,"c":[255,255,0,160],"dmg":1,"sli":1,"ser":0,"fat":0,"row":-1,"mot":1,"pie":-1,"uto":-1,"uwr":-1},"geometry":{"type":"Point","coordinates":[22.323456,49.480843]}},{"type":"Feature","properties":{"ID":110490339,"yr":2021,"dt":"2021-09-10T18:23:42","WOJ":18,"sev":1,"c":[255,255,0,160],"dmg":2,"sli":2,"ser":0,"fat":0,"row":-1,"mot":-1,"pie":-1,"uto":-1,"uwr":-1},"geometry":{"type":"Point","coordinates":[21.520333,50.275861]}},{"type":"Feature","properties":{"ID":110490123,"yr":2021,"dt":"2021-09-10T14:59:50","WOJ":18,"sev":1,"c":[255,255,0,160],"dmg":2,"sli":1,"ser":0,"fat":0,"row":-1,"mot":-1,"pie":-1,"uto":-1,"uwr":-1},"geometry":{"type":"Point","coordinates":[21.987417,50.076083]}},{"type":"Feature","properties":{"ID":110484721,"yr":2021,"dt":"2021-09-09T10:44:38","WOJ":18,"sev":1,"c":[255,255,0,160],"dmg":1,"sli":2,"ser":0,"fat":0,"row":1,"mot":-1,"pie":-1,"uto":-1,"uwr":-1},"geometry":{"type":"Point","coordinates":[22.60622,50.189697]}},{"type":"Feature","properties":{"ID":110487168,"yr":2021,"dt":"2021-09-09T17:09:33","WOJ":18,"sev":1,"c":[255,255,0,160],"dmg":2,"sli":1,"ser":0,"fat":0,"row":-1,"mot":-1,"pie":-1,"uto":-1,"uwr":-1},"geometry":{"type":"Point","coordinates":[22.219444,50.062139]}},{"type":"Feature","properties":{"ID":110486030,"yr":2021,"dt":"2021-09-09T16:27:23","WOJ":18,"sev":1,"c":[255,255,0,160],"dmg":2,"sli":3,"ser":0,"fat":0,"row":-1,"mot":-1,"pie":-1,"uto":-1,"uwr":-1},"geometry":{"type":"Point","coordinates":[22.023278,50.058111]}},{"type":"Feature","properties":{"ID":110484501,"yr":2021,"dt":"2021-09-09T06:35:00","WOJ":18,"sev":1,"c":[255,255,0,160],"dmg":1,"sli":2,"ser":0,"fat":0,"row":-1,"mot":-1,"pie":-1,"uto":-1,"uwr":-1},"geometry":{"type":"Point","coordinates":[22.093694,50.599917]}},{"type":"Feature","properties":{"ID":110523906,"yr":2021,"dt":"2021-09-16T10:47:02","WOJ":18,"sev":1,"c":[255,255,0,160],"dmg":0,"sli":2,"ser":0,"fat":0,"row":-1,"mot":-1,"pie":-1,"uto":-1,"uwr":-1},"geometry":{"type":"Point","coordinates":[22.020417,49.981306]}},{"type":"Feature","properties":{"ID":110524963,"yr":2021,"dt":"2021-09-16T14:16:11","WOJ":18,"sev":1,"c":[255,255,0,160],"dmg":0,"sli":1,"ser":0,"fat":0,"row":-1,"mot":-1,"pie":-1,"uto":-1,"uwr":-1},"geometry":{"type":"Point","coordinates":[21.918583,50.157306]}},{"type":"Feature","properties":{"ID":110517911,"yr":2021,"dt":"2021-09-15T15:44:09","WOJ":18,"sev":1,"c":[255,255,0,160],"dmg":0,"sli":2,"ser":0,"fat":0,"row":-1,"mot":-1,"pie":-1,"uto":-1,"uwr":-1},"geometry":{"type":"Point","coordinates":[22.232318,50.120254]}},{"type":"Feature","properties":{"ID":110508818,"yr":2021,"dt":"2021-09-15T07:44:59","WOJ":18,"sev":1,"c":[255,255,0,160],"dmg":2,"sli":2,"ser":0,"fat":0,"row":-1,"mot":-1,"pie":-1,"uto":-1,"uwr":-1},"geometry":{"type":"Point","coordinates":[21.399222,49.789361]}},{"type":"Feature","properties":{"ID":110525454,"yr":2021,"dt":"2021-09-15T17:12:00","WOJ":18,"sev":1,"c":[255,255,0,160],"dmg":1,"sli":1,"ser":0,"fat":0,"row":1,"mot":-1,"pie":-1,"uto":-1,"uwr":-1},"geometry":{"type":"Point","coordinates":[21.019083,50.022417]}},{"type":"Feature","properties":{"ID":110511932,"yr":2021,"dt":"2021-09-15T14:48:30","WOJ":18,"sev":1,"c":[255,255,0,160],"dmg":1,"sli":1,"ser":0,"fat":0,"row":-1,"mot":-1,"pie":-1,"uto":-1,"uwr":-1},"geometry":{"type":"Point","coordinates":[22.032778,50.036111]}},{"type":"Feature","properties":{"ID":110498662,"yr":2021,"dt":"2021-09-14T12:27:00","WOJ":18,"sev":1,"c":[255,255,0,160],"dmg":1,"sli":1,"ser":0,"fat":0,"row":1,"mot":-1,"pie":-1,"uto":-1,"uwr":-1},"geometry":{"type":"Point","coordinates":[21.671778,50.566417]}},{"type":"Feature","properties":{"ID":110498435,"yr":2021,"dt":"2021-09-14T19:41:44","WOJ":18,"sev":1,"c":[255,255,0,160],"dmg":1,"sli":1,"ser":0,"fat":0,"row":-1,"mot":-1,"pie":1,"uto":-1,"uwr":-1},"geometry":{"type":"Point","coordinates":[21.636222,50.224194]}},{"type":"Feature","properties":{"ID":110525416,"yr":2021,"dt":"2021-09-14T13:00:00","WOJ":18,"sev":1,"c":[255,255,0,160],"dmg":1,"sli":2,"ser":0,"fat":0,"row":-1,"mot":-1,"pie":-1,"uto":-1,"uwr":-1},"geometry":{"type":"Point","coordinates":[22.126139,50.215972]}},{"type":"Feature","properties":{"ID":110498329,"yr":2021,"dt":"2021-09-14T17:27:15","WOJ":18,"sev":1,"c":[255,255,0,160],"dmg":1,"sli":1,"ser":0,"fat":0,"row":-1,"mot":1,"pie":-1,"uto":-1,"uwr":-1},"geometry":{"type":"Point","coordinates":[21.527522,50.062325]}},{"type":"Feature","properties":{"ID":110497259,"yr":2021,"dt":"2021-09-13T22:35:35","WOJ":18,"sev":1,"c":[255,255,0,160],"dmg":1,"sli":1,"ser":0,"fat":0,"row":1,"mot":-1,"pie":-1,"uto":-1,"uwr":-1},"geometry":{"type":"Point","coordinates":[22.231499,50.091938]}},{"type":"Feature","properties":{"ID":110497768,"yr":2021,"dt":"2021-09-13T18:27:05","WOJ":18,"sev":1,"c":[255,255,0,160],"dmg":1,"sli":1,"ser":0,"fat":0,"row":0,"mot":-1,"pie":-1,"uto":-1,"uwr":-1},"geometry":{"type":"Point","coordinates":[21.954611,50.043944]}},{"type":"Feature","properties":{"ID":110499266,"yr":2021,"dt":"2021-09-13T17:00:00","WOJ":18,"sev":1,"c":[255,255,0,160],"dmg":1,"sli":1,"ser":0,"fat":0,"row":1,"mot":-1,"pie":-1,"uto":-1,"uwr":-1},"geometry":{"type":"Point","coordinates":[22.112444,50.528528]}},{"type":"Feature","properties":{"ID":110494498,"yr":2021,"dt":"2021-09-13T07:48:25","WOJ":18,"sev":1,"c":[255,255,0,160],"dmg":1,"sli":2,"ser":0,"fat":0,"row":-1,"mot":-1,"pie":-1,"uto":-1,"uwr":-1},"geometry":{"type":"Point","coordinates":[21.892694,49.609861]}},{"type":"Feature","properties":{"ID":110537255,"yr":2021,"dt":"2021-09-13T09:20:00","WOJ":18,"sev":1,"c":[255,255,0,160],"dmg":2,"sli":1,"ser":0,"fat":0,"row":-1,"mot":-1,"pie":-1,"uto":-1,"uwr":-1},"geometry":{"type":"Point","coordinates":[21.839444,50.51725]}},{"type":"Feature","properties":{"ID":110491687,"yr":2021,"dt":"2021-09-13T07:05:47","WOJ":18,"sev":1,"c":[255,255,0,160],"dmg":0,"sli":1,"ser":0,"fat":0,"row":-1,"mot":-1,"pie":-1,"uto":-1,"uwr":-1},"geometry":{"type":"Point","coordinates":[21.607111,50.276556]}},{"type":"Feature","properties":{"ID":110528096,"yr":2021,"dt":"2021-09-18T14:31:04","WOJ":18,"sev":1,"c":[255,255,0,160],"dmg":4,"sli":1,"ser":0,"fat":0,"row":-1,"mot":-1,"pie":-1,"uto":-1,"uwr":-1},"geometry":{"type":"Point","coordinates":[23.370806,50.37225]}},{"type":"Feature","properties":{"ID":110538576,"yr":2021,"dt":"2021-09-17T22:52:00","WOJ":18,"sev":1,"c":[255,255,0,160],"dmg":1,"sli":3,"ser":0,"fat":0,"row":-1,"mot":-1,"pie":-1,"uto":-1,"uwr":-1},"geometry":{"type":"Point","coordinates":[21.41975,49.784778]}},{"type":"Feature","properties":{"ID":110530652,"yr":2021,"dt":"2021-09-17T11:45:00","WOJ":18,"sev":1,"c":[255,255,0,160],"dmg":1,"sli":1,"ser":0,"fat":0,"row":-1,"mot":-1,"pie":1,"uto":-1,"uwr":-1},"geometry":{"type":"Point","coordinates":[22.445194,49.934722]}},{"type":"Feature","properties":{"ID":111689219,"yr":2021,"dt":"2021-10-06T12:31:02","WOJ":18,"sev":1,"c":[255,255,0,160],"dmg":1,"sli":1,"ser":0,"fat":0,"row":-1,"mot":-1,"pie":-1,"uto":-1,"uwr":-1},"geometry":{"type":"Point","coordinates":[21.97625,50.03775]}},{"type":"Feature","properties":{"ID":111720181,"yr":2021,"dt":"2021-10-06T17:54:00","WOJ":18,"sev":1,"c":[255,255,0,160],"dmg":1,"sli":1,"ser":0,"fat":0,"row":-1,"mot":-1,"pie":1,"uto":-1,"uwr":-1},"geometry":{"type":"Point","coordinates":[21.461722,49.726194]}},{"type":"Feature","properties":{"ID":111716611,"yr":2021,"dt":"2021-10-05T14:45:00","WOJ":18,"sev":1,"c":[255,255,0,160],"dmg":1,"sli":1,"ser":0,"fat":0,"row":-1,"mot":-1,"pie":1,"uto":-1,"uwr":-1},"geometry":{"type":"Point","coordinates":[22.019806,49.982444]}},{"type":"Feature","properties":{"ID":111524811,"yr":2021,"dt":"2021-10-05T10:05:07","WOJ":18,"sev":1,"c":[255,255,0,160],"dmg":1,"sli":1,"ser":0,"fat":0,"row":1,"mot":-1,"pie":-1,"uto":-1,"uwr":-1},"geometry":{"type":"Point","coordinates":[22.197056,49.566]}},{"type":"Feature","properties":{"ID":111469098,"yr":2021,"dt":"2021-10-05T16:50:46","WOJ":18,"sev":1,"c":[255,255,0,160],"dmg":1,"sli":1,"ser":0,"fat":0,"row":-1,"mot":-1,"pie":1,"uto":-1,"uwr":-1},"geometry":{"type":"Point","coordinates":[21.659472,50.567222]}},{"type":"Feature","properties":{"ID":111308211,"yr":2021,"dt":"2021-10-04T18:11:45","WOJ":18,"sev":1,"c":[255,255,0,160],"dmg":1,"sli":1,"ser":0,"fat":0,"row":-1,"mot":-1,"pie":-1,"uto":-1,"uwr":-1},"geometry":{"type":"Point","coordinates":[21.208,50.042556]}},{"type":"Feature","properties":{"ID":111307409,"yr":2021,"dt":"2021-10-04T18:20:00","WOJ":18,"sev":1,"c":[255,255,0,160],"dmg":1,"sli":1,"ser":0,"fat":0,"row":-1,"mot":-1,"pie":1,"uto":-1,"uwr":-1},"geometry":{"type":"Point","coordinates":[22.679361,50.02075]}},{"type":"Feature","properties":{"ID":111307152,"yr":2021,"dt":"2021-10-04T09:09:11","WOJ":18,"sev":1,"c":[255,255,0,160],"dmg":1,"sli":1,"ser":0,"fat":0,"row":-1,"mot":-1,"pie":-1,"uto":-1,"uwr":-1},"geometry":{"type":"Point","coordinates":[21.96625,49.6755]}},{"type":"Feature","properties":{"ID":111290856,"yr":2021,"dt":"2021-10-03T12:46:53","WOJ":18,"sev":1,"c":[255,255,0,160],"dmg":1,"sli":1,"ser":0,"fat":0,"row":1,"mot":0,"pie":-1,"uto":-1,"uwr":-1},"geometry":{"type":"Point","coordinates":[22.329444,49.558333]}},{"type":"Feature","properties":{"ID":110526197,"yr":2021,"dt":"2021-09-17T22:43:23","WOJ":18,"sev":1,"c":[255,255,0,160],"dmg":1,"sli":1,"ser":0,"fat":0,"row":-1,"mot":-1,"pie":-1,"uto":-1,"uwr":-1},"geometry":{"type":"Point","coordinates":[21.7455,50.3705]}},{"type":"Feature","properties":{"ID":110524649,"yr":2021,"dt":"2021-09-17T09:17:35","WOJ":18,"sev":1,"c":[255,255,0,160],"dmg":1,"sli":1,"ser":0,"fat":0,"row":1,"mot":-1,"pie":-1,"uto":-1,"uwr":-1},"geometry":{"type":"Point","coordinates":[23.125778,50.161917]}},{"type":"Feature","properties":{"ID":110534221,"yr":2021,"dt":"2021-09-17T07:08:00","WOJ":18,"sev":1,"c":[255,255,0,160],"dmg":1,"sli":1,"ser":0,"fat":0,"row":-1,"mot":-1,"pie":1,"uto":-1,"uwr":-1},"geometry":{"type":"Point","coordinates":[22.020528,49.941944]}},{"type":"Feature","properties":{"ID":110512578,"yr":2021,"dt":"2021-09-16T09:14:14","WOJ":18,"sev":1,"c":[255,255,0,160],"dmg":0,"sli":3,"ser":0,"fat":0,"row":-1,"mot":-1,"pie":-1,"uto":-1,"uwr":-1},"geometry":{"type":"Point","coordinates":[22.231597,50.098129]}},{"type":"Feature","properties":{"ID":110735931,"yr":2021,"dt":"2021-09-27T15:25:30","WOJ":18,"sev":1,"c":[255,255,0,160],"dmg":0,"sli":2,"ser":0,"fat":0,"row":-1,"mot":-1,"pie":-1,"uto":-1,"uwr":-1},"geometry":{"type":"Point","coordinates":[21.801778,50.612389]}},{"type":"Feature","properties":{"ID":110691913,"yr":2021,"dt":"2021-09-27T12:04:21","WOJ":18,"sev":1,"c":[255,255,0,160],"dmg":0,"sli":1,"ser":0,"fat":0,"row":-1,"mot":-1,"pie":-1,"uto":-1,"uwr":-1},"geometry":{"type":"Point","coordinates":[21.762361,50.387389]}},{"type":"Feature","properties":{"ID":110565834,"yr":2021,"dt":"2021-09-26T13:30:12","WOJ":18,"sev":1,"c":[255,255,0,160],"dmg":0,"sli":1,"ser":0,"fat":0,"row":-1,"mot":1,"pie":-1,"uto":-1,"uwr":-1},"geometry":{"type":"Point","coordinates":[22.486,49.759222]}},{"type":"Feature","properties":{"ID":110571589,"yr":2021,"dt":"2021-09-26T14:10:00","WOJ":18,"sev":1,"c":[255,255,0,160],"dmg":0,"sli":1,"ser":0,"fat":0,"row":-1,"mot":1,"pie":-1,"uto":-1,"uwr":-1},"geometry":{"type":"Point","coordinates":[22.340083,49.700917]}},{"type":"Feature","properties":{"ID":111716812,"yr":2021,"dt":"2021-09-24T17:16:00","WOJ":18,"sev":1,"c":[255,255,0,160],"dmg":2,"sli":1,"ser":0,"fat":0,"row":-1,"mot":-1,"pie":-1,"uto":-1,"uwr":-1},"geometry":{"type":"Point","coordinates":[22.126,50.255083]}},{"type":"Feature","properties":{"ID":110538383,"yr":2021,"dt":"2021-09-24T07:51:53","WOJ":18,"sev":1,"c":[255,255,0,160],"dmg":0,"sli":1,"ser":0,"fat":0,"row":-1,"mot":-1,"pie":-1,"uto":-1,"uwr":-1},"geometry":{"type":"Point","coordinates":[22.062056,50.093167]}},{"type":"Feature","properties":{"ID":110538873,"yr":2021,"dt":"2021-09-23T16:45:27","WOJ":18,"sev":1,"c":[255,255,0,160],"dmg":1,"sli":1,"ser":0,"fat":0,"row":1,"mot":-1,"pie":-1,"uto":-1,"uwr":-1},"geometry":{"type":"Point","coordinates":[22.480047,50.062758]}},{"type":"Feature","properties":{"ID":110534586,"yr":2021,"dt":"2021-09-22T10:31:14","WOJ":18,"sev":1,"c":[255,255,0,160],"dmg":1,"sli":1,"ser":0,"fat":0,"row":-1,"mot":-1,"pie":-1,"uto":-1,"uwr":-1},"geometry":{"type":"Point","coordinates":[21.422889,50.289722]}},{"type":"Feature","properties":{"ID":110537070,"yr":2021,"dt":"2021-09-22T16:09:00","WOJ":18,"sev":1,"c":[255,255,0,160],"dmg":0,"sli":1,"ser":0,"fat":0,"row":-1,"mot":-1,"pie":-1,"uto":-1,"uwr":-1},"geometry":{"type":"Point","coordinates":[22.01745,49.69944]}},{"type":"Feature","properties":{"ID":110536856,"yr":2021,"dt":"2021-09-22T08:42:00","WOJ":18,"sev":1,"c":[255,255,0,160],"dmg":1,"sli":1,"ser":0,"fat":0,"row":-1,"mot":-1,"pie":-1,"uto":-1,"uwr":-1},"geometry":{"type":"Point","coordinates":[21.986194,50.079083]}},{"type":"Feature","properties":{"ID":110531627,"yr":2021,"dt":"2021-09-21T12:57:35","WOJ":18,"sev":1,"c":[255,255,0,160],"dmg":1,"sli":3,"ser":0,"fat":0,"row":-1,"mot":-1,"pie":-1,"uto":-1,"uwr":-1},"geometry":{"type":"Point","coordinates":[22.000361,50.106667]}},{"type":"Feature","properties":{"ID":110530482,"yr":2021,"dt":"2021-09-20T13:25:36","WOJ":18,"sev":1,"c":[255,255,0,160],"dmg":1,"sli":1,"ser":0,"fat":0,"row":-1,"mot":-1,"pie":1,"uto":-1,"uwr":-1},"geometry":{"type":"Point","coordinates":[22.500972,50.059417]}},{"type":"Feature","properties":{"ID":110529741,"yr":2021,"dt":"2021-09-20T16:44:16","WOJ":18,"sev":1,"c":[255,255,0,160],"dmg":1,"sli":1,"ser":0,"fat":0,"row":-1,"mot":-1,"pie":-1,"uto":-1,"uwr":-1},"geometry":{"type":"Point","coordinates":[21.978778,50.029139]}},{"type":"Feature","properties":{"ID":110529201,"yr":2021,"dt":"2021-09-20T09:15:05","WOJ":18,"sev":1,"c":[255,255,0,160],"dmg":1,"sli":1,"ser":0,"fat":0,"row":-1,"mot":-1,"pie":1,"uto":-1,"uwr":-1},"geometry":{"type":"Point","coordinates":[22.014389,50.018028]}},{"type":"Feature","properties":{"ID":110529888,"yr":2021,"dt":"2021-09-19T11:58:19","WOJ":18,"sev":1,"c":[255,255,0,160],"dmg":0,"sli":3,"ser":0,"fat":0,"row":-1,"mot":-1,"pie":-1,"uto":-1,"uwr":-1},"geometry":{"type":"Point","coordinates":[21.966889,50.574028]}},{"type":"Feature","properties":{"ID":110526610,"yr":2021,"dt":"2021-09-18T16:31:06","WOJ":18,"sev":1,"c":[255,255,0,160],"dmg":1,"sli":1,"ser":0,"fat":0,"row":-1,"mot":-1,"pie":-1,"uto":-1,"uwr":-1},"geometry":{"type":"Point","coordinates":[21.517697,49.733521]}},{"type":"Feature","properties":{"ID":111292825,"yr":2021,"dt":"2021-10-03T12:43:30","WOJ":18,"sev":1,"c":[255,255,0,160],"dmg":1,"sli":1,"ser":0,"fat":0,"row":-1,"mot":1,"pie":-1,"uto":-1,"uwr":-1},"geometry":{"type":"Point","coordinates":[22.785167,49.702417]}},{"type":"Feature","properties":{"ID":111257806,"yr":2021,"dt":"2021-10-02T21:21:00","WOJ":18,"sev":1,"c":[255,255,0,160],"dmg":0,"sli":1,"ser":0,"fat":0,"row":-1,"mot":-1,"pie":-1,"uto":-1,"uwr":-1},"geometry":{"type":"Point","coordinates":[21.622028,50.04825]}},{"type":"Feature","properties":{"ID":111222976,"yr":2021,"dt":"2021-10-01T15:25:49","WOJ":18,"sev":1,"c":[255,255,0,160],"dmg":0,"sli":1,"ser":0,"fat":0,"row":-1,"mot":1,"pie":-1,"uto":-1,"uwr":-1},"geometry":{"type":"Point","coordinates":[21.9965,50.4835]}},{"type":"Feature","properties":{"ID":111051806,"yr":2021,"dt":"2021-09-30T15:17:41","WOJ":18,"sev":1,"c":[255,255,0,160],"dmg":1,"sli":1,"ser":0,"fat":0,"row":-1,"mot":-1,"pie":-1,"uto":-1,"uwr":-1},"geometry":{"type":"Point","coordinates":[21.819278,49.650639]}},{"type":"Feature","properties":{"ID":111017805,"yr":2021,"dt":"2021-09-30T12:30:20","WOJ":18,"sev":1,"c":[255,255,0,160],"dmg":1,"sli":1,"ser":0,"fat":0,"row":1,"mot":-1,"pie":-1,"uto":-1,"uwr":-1},"geometry":{"type":"Point","coordinates":[21.470861,49.743833]}},{"type":"Feature","properties":{"ID":111702939,"yr":2021,"dt":"2021-09-30T17:34:00","WOJ":18,"sev":1,"c":[255,255,0,160],"dmg":2,"sli":1,"ser":0,"fat":0,"row":-1,"mot":-1,"pie":-1,"uto":-1,"uwr":-1},"geometry":{"type":"Point","coordinates":[21.027556,49.007222]}},{"type":"Feature","properties":{"ID":111051986,"yr":2021,"dt":"2021-09-30T20:03:51","WOJ":18,"sev":1,"c":[255,255,0,160],"dmg":2,"sli":1,"ser":0,"fat":0,"row":-1,"mot":-1,"pie":-1,"uto":-1,"uwr":-1},"geometry":{"type":"Point","coordinates":[21.94325,49.77]}},{"type":"Feature","properties":{"ID":111700929,"yr":2021,"dt":"2021-09-30T08:45:00","WOJ":18,"sev":1,"c":[255,255,0,160],"dmg":1,"sli":1,"ser":0,"fat":0,"row":-1,"mot":-1,"pie":-1,"uto":-1,"uwr":-1},"geometry":{"type":"Point","coordinates":[21.882889,49.993944]}},{"type":"Feature","properties":{"ID":110932866,"yr":2021,"dt":"2021-09-29T09:26:32","WOJ":18,"sev":1,"c":[255,255,0,160],"dmg":1,"sli":1,"ser":0,"fat":0,"row":1,"mot":-1,"pie":-1,"uto":-1,"uwr":-1},"geometry":{"type":"Point","coordinates":[21.687056,50.568472]}},{"type":"Feature","properties":{"ID":110942899,"yr":2021,"dt":"2021-09-29T12:52:59","WOJ":18,"sev":1,"c":[255,255,0,160],"dmg":1,"sli":1,"ser":0,"fat":0,"row":-1,"mot":-1,"pie":-1,"uto":-1,"uwr":-1},"geometry":{"type":"Point","coordinates":[21.868778,50.771667]}},{"type":"Feature","properties":{"ID":110943020,"yr":2021,"dt":"2021-09-29T14:45:52","WOJ":18,"sev":1,"c":[255,255,0,160],"dmg":1,"sli":1,"ser":0,"fat":0,"row":-1,"mot":-1,"pie":1,"uto":-1,"uwr":-1},"geometry":{"type":"Point","coordinates":[22.214417,49.555833]}},{"type":"Feature","properties":{"ID":110919042,"yr":2021,"dt":"2021-09-28T15:31:47","WOJ":18,"sev":1,"c":[255,255,0,160],"dmg":1,"sli":1,"ser":0,"fat":0,"row":1,"mot":-1,"pie":-1,"uto":-1,"uwr":-1},"geometry":{"type":"Point","coordinates":[22.246583,50.519222]}},{"type":"Feature","properties":{"ID":113785818,"yr":2021,"dt":"2021-09-28T04:25:00","WOJ":18,"sev":1,"c":[255,255,0,160],"dmg":1,"sli":1,"ser":0,"fat":0,"row":-1,"mot":-1,"pie":1,"uto":-1,"uwr":-1},"geometry":{"type":"Point","coordinates":[21.793417,49.712222]}},{"type":"Feature","properties":{"ID":110918887,"yr":2021,"dt":"2021-09-28T13:43:43","WOJ":18,"sev":1,"c":[255,255,0,160],"dmg":1,"sli":1,"ser":0,"fat":0,"row":-1,"mot":-1,"pie":1,"uto":-1,"uwr":-1},"geometry":{"type":"Point","coordinates":[22.324139,50.152139]}},{"type":"Feature","properties":{"ID":111700874,"yr":2021,"dt":"2021-09-28T18:20:00","WOJ":18,"sev":1,"c":[255,255,0,160],"dmg":1,"sli":1,"ser":0,"fat":0,"row":1,"mot":-1,"pie":-1,"uto":-1,"uwr":-1},"geometry":{"type":"Point","coordinates":[21.949806,50.080278]}},{"type":"Feature","properties":{"ID":110691887,"yr":2021,"dt":"2021-09-27T11:56:11","WOJ":18,"sev":1,"c":[255,255,0,160],"dmg":1,"sli":1,"ser":0,"fat":0,"row":-1,"mot":-1,"pie":-1,"uto":-1,"uwr":-1},"geometry":{"type":"Point","coordinates":[22.201833,50.378667]}},{"type":"Feature","properties":{"ID":109796184,"yr":2021,"dt":"2021-01-15T15:56:00","WOJ":18,"sev":1,"c":[255,255,0,160],"dmg":1,"sli":1,"ser":0,"fat":0,"row":-1,"mot":-1,"pie":-1,"uto":-1,"uwr":-1},"geometry":{"type":"Point","coordinates":[21.752722,50.631806]}},{"type":"Feature","properties":{"ID":109794884,"yr":2021,"dt":"2021-01-15T13:52:00","WOJ":18,"sev":1,"c":[255,255,0,160],"dmg":2,"sli":1,"ser":0,"fat":0,"row":-1,"mot":-1,"pie":-1,"uto":-1,"uwr":-1},"geometry":{"type":"Point","coordinates":[21.572917,50.503361]}},{"type":"Feature","properties":{"ID":109795043,"yr":2021,"dt":"2021-01-15T10:30:00","WOJ":18,"sev":1,"c":[255,255,0,160],"dmg":1,"sli":1,"ser":0,"fat":0,"row":-1,"mot":-1,"pie":1,"uto":-1,"uwr":-1},"geometry":{"type":"Point","coordinates":[22.204972,49.559639]}},{"type":"Feature","properties":{"ID":109705659,"yr":2021,"dt":"2021-01-03T12:26:00","WOJ":18,"sev":1,"c":[255,255,0,160],"dmg":0,"sli":3,"ser":0,"fat":0,"row":-1,"mot":-1,"pie":-1,"uto":-1,"uwr":-1},"geometry":{"type":"Point","coordinates":[22.155222,50.271667]}},{"type":"Feature","properties":{"ID":109706313,"yr":2021,"dt":"2021-01-02T06:10:00","WOJ":18,"sev":1,"c":[255,255,0,160],"dmg":1,"sli":1,"ser":0,"fat":0,"row":-1,"mot":-1,"pie":-1,"uto":-1,"uwr":-1},"geometry":{"type":"Point","coordinates":[22.530556,49.907167]}},{"type":"Feature","properties":{"ID":109706555,"yr":2021,"dt":"2021-01-02T17:05:58","WOJ":18,"sev":1,"c":[255,255,0,160],"dmg":1,"sli":1,"ser":0,"fat":0,"row":-1,"mot":-1,"pie":-1,"uto":-1,"uwr":-1},"geometry":{"type":"Point","coordinates":[21.483944,50.059889]}},{"type":"Feature","properties":{"ID":116747382,"yr":2021,"dt":"2021-12-29T00:34:08","WOJ":18,"sev":1,"c":[255,255,0,160],"dmg":1,"sli":1,"ser":0,"fat":0,"row":-1,"mot":-1,"pie":-1,"uto":-1,"uwr":-1},"geometry":{"type":"Point","coordinates":[22.110222,49.988944]}},{"type":"Feature","properties":{"ID":116731042,"yr":2021,"dt":"2021-12-20T06:12:30","WOJ":18,"sev":1,"c":[255,255,0,160],"dmg":1,"sli":1,"ser":0,"fat":0,"row":-1,"mot":-1,"pie":-1,"uto":-1,"uwr":-1},"geometry":{"type":"Point","coordinates":[21.428111,50.300944]}},{"type":"Feature","properties":{"ID":116723696,"yr":2021,"dt":"2021-12-19T17:32:21","WOJ":18,"sev":1,"c":[255,255,0,160],"dmg":1,"sli":1,"ser":0,"fat":0,"row":-1,"mot":-1,"pie":1,"uto":-1,"uwr":-1},"geometry":{"type":"Point","coordinates":[21.533361,49.802167]}},{"type":"Feature","properties":{"ID":116735918,"yr":2021,"dt":"2021-12-18T19:00:00","WOJ":18,"sev":1,"c":[255,255,0,160],"dmg":2,"sli":1,"ser":0,"fat":0,"row":-1,"mot":-1,"pie":-1,"uto":-1,"uwr":-1},"geometry":{"type":"Point","coordinates":[21.50125,50.188806]}},{"type":"Feature","properties":{"ID":116976856,"yr":2021,"dt":"2021-12-18T15:26:00","WOJ":18,"sev":1,"c":[255,255,0,160],"dmg":1,"sli":2,"ser":0,"fat":0,"row":-1,"mot":-1,"pie":-1,"uto":-1,"uwr":-1},"geometry":{"type":"Point","coordinates":[21.007861,50.319944]}},{"type":"Feature","properties":{"ID":116731366,"yr":2021,"dt":"2021-12-17T14:15:00","WOJ":18,"sev":1,"c":[255,255,0,160],"dmg":2,"sli":1,"ser":0,"fat":0,"row":-1,"mot":-1,"pie":-1,"uto":-1,"uwr":-1},"geometry":{"type":"Point","coordinates":[21.60975,49.839833]}},{"type":"Feature","properties":{"ID":120255291,"yr":2021,"dt":"2021-12-17T11:40:00","WOJ":18,"sev":1,"c":[255,255,0,160],"dmg":1,"sli":1,"ser":0,"fat":0,"row":-1,"mot":-1,"pie":-1,"uto":-1,"uwr":-1},"geometry":{"type":"Point","coordinates":[22.088917,50.154639]}},{"type":"Feature","properties":{"ID":116719259,"yr":2021,"dt":"2021-12-17T23:31:41","WOJ":18,"sev":1,"c":[255,255,0,160],"dmg":0,"sli":1,"ser":0,"fat":0,"row":-1,"mot":-1,"pie":-1,"uto":-1,"uwr":-1},"geometry":{"type":"Point","coordinates":[22.055806,50.107028]}},{"type":"Feature","properties":{"ID":116714190,"yr":2021,"dt":"2021-12-16T09:44:30","WOJ":18,"sev":1,"c":[255,255,0,160],"dmg":0,"sli":1,"ser":0,"fat":0,"row":-1,"mot":-1,"pie":-1,"uto":-1,"uwr":-1},"geometry":{"type":"Point","coordinates":[21.770833,49.680083]}},{"type":"Feature","properties":{"ID":116715334,"yr":2021,"dt":"2021-12-16T17:50:00","WOJ":18,"sev":1,"c":[255,255,0,160],"dmg":1,"sli":1,"ser":0,"fat":0,"row":-1,"mot":-1,"pie":1,"uto":-1,"uwr":-1},"geometry":{"type":"Point","coordinates":[21.770333,49.687306]}},{"type":"Feature","properties":{"ID":109707260,"yr":2021,"dt":"2021-01-04T06:06:00","WOJ":18,"sev":1,"c":[255,255,0,160],"dmg":1,"sli":1,"ser":0,"fat":0,"row":-1,"mot":-1,"pie":-1,"uto":-1,"uwr":-1},"geometry":{"type":"Point","coordinates":[21.43625,50.192833]}},{"type":"Feature","properties":{"ID":109710239,"yr":2021,"dt":"2021-01-05T13:06:00","WOJ":18,"sev":1,"c":[255,255,0,160],"dmg":0,"sli":1,"ser":0,"fat":0,"row":-1,"mot":-1,"pie":-1,"uto":-1,"uwr":-1},"geometry":{"type":"Point","coordinates":[21.994111,50.161444]}},{"type":"Feature","properties":{"ID":109710567,"yr":2021,"dt":"2021-01-05T16:28:18","WOJ":18,"sev":1,"c":[255,255,0,160],"dmg":1,"sli":1,"ser":0,"fat":0,"row":-1,"mot":-1,"pie":1,"uto":-1,"uwr":-1},"geometry":{"type":"Point","coordinates":[22.674972,50.022417]}},{"type":"Feature","properties":{"ID":109710506,"yr":2021,"dt":"2021-01-05T16:41:00","WOJ":18,"sev":1,"c":[255,255,0,160],"dmg":1,"sli":1,"ser":0,"fat":0,"row":-1,"mot":-1,"pie":1,"uto":-1,"uwr":-1},"geometry":{"type":"Point","coordinates":[22.002056,50.051194]}},{"type":"Feature","properties":{"ID":109710483,"yr":2021,"dt":"2021-01-05T13:39:33","WOJ":18,"sev":1,"c":[255,255,0,160],"dmg":1,"sli":1,"ser":0,"fat":0,"row":-1,"mot":-1,"pie":-1,"uto":-1,"uwr":-1},"geometry":{"type":"Point","coordinates":[21.670788,50.56287]}},{"type":"Feature","properties":{"ID":109712514,"yr":2021,"dt":"2021-01-05T16:13:00","WOJ":18,"sev":1,"c":[255,255,0,160],"dmg":1,"sli":1,"ser":0,"fat":0,"row":-1,"mot":-1,"pie":1,"uto":-1,"uwr":-1},"geometry":{"type":"Point","coordinates":[21.994333,50.054444]}},{"type":"Feature","properties":{"ID":116752416,"yr":2021,"dt":"2021-12-30T16:50:08","WOJ":18,"sev":1,"c":[255,255,0,160],"dmg":1,"sli":1,"ser":0,"fat":0,"row":-1,"mot":-1,"pie":1,"uto":-1,"uwr":-1},"geometry":{"type":"Point","coordinates":[22.018333,49.989056]}},{"type":"Feature","properties":{"ID":116760307,"yr":2021,"dt":"2021-12-31T12:15:00","WOJ":18,"sev":1,"c":[255,255,0,160],"dmg":0,"sli":2,"ser":0,"fat":0,"row":-1,"mot":-1,"pie":-1,"uto":-1,"uwr":-1},"geometry":{"type":"Point","coordinates":[22.09825,50.725278]}},{"type":"Feature","properties":{"ID":109712995,"yr":2021,"dt":"2021-01-06T11:44:00","WOJ":18,"sev":1,"c":[255,255,0,160],"dmg":1,"sli":1,"ser":0,"fat":0,"row":-1,"mot":1,"pie":-1,"uto":-1,"uwr":-1},"geometry":{"type":"Point","coordinates":[21.751917,50.631722]}},{"type":"Feature","properties":{"ID":109830278,"yr":2021,"dt":"2021-01-22T20:36:33","WOJ":18,"sev":2,"c":[255,165,0,160],"dmg":1,"sli":0,"ser":1,"fat":0,"row":-1,"mot":-1,"pie":2,"uto":-1,"uwr":-1},"geometry":{"type":"Point","coordinates":[21.868333,50.760333]}},{"type":"Feature","properties":{"ID":109712809,"yr":2021,"dt":"2021-01-06T00:10:00","WOJ":18,"sev":2,"c":[255,165,0,160],"dmg":1,"sli":0,"ser":1,"fat":0,"row":-1,"mot":-1,"pie":-1,"uto":-1,"uwr":-1},"geometry":{"type":"Point","coordinates":[22.400417,50.134944]}},{"type":"Feature","properties":{"ID":109833163,"yr":2021,"dt":"2021-01-25T06:41:00","WOJ":18,"sev":2,"c":[255,165,0,160],"dmg":1,"sli":0,"ser":1,"fat":0,"row":-1,"mot":-1,"pie":2,"uto":-1,"uwr":-1},"geometry":{"type":"Point","coordinates":[21.969361,50.054417]}},{"type":"Feature","properties":{"ID":109863151,"yr":2021,"dt":"2021-01-31T16:58:00","WOJ":18,"sev":2,"c":[255,165,0,160],"dmg":1,"sli":0,"ser":1,"fat":0,"row":-1,"mot":-1,"pie":2,"uto":-1,"uwr":-1},"geometry":{"type":"Point","coordinates":[22.017389,50.014639]}},{"type":"Feature","properties":{"ID":109869767,"yr":2021,"dt":"2021-02-05T06:46:12","WOJ":18,"sev":2,"c":[255,165,0,160],"dmg":1,"sli":0,"ser":1,"fat":0,"row":-1,"mot":-1,"pie":-1,"uto":-1,"uwr":-1},"geometry":{"type":"Point","coordinates":[21.533328,49.613925]}},{"type":"Feature","properties":{"ID":116738751,"yr":2021,"dt":"2021-12-22T20:15:00","WOJ":18,"sev":2,"c":[255,165,0,160],"dmg":1,"sli":0,"ser":1,"fat":0,"row":-1,"mot":-1,"pie":2,"uto":-1,"uwr":-1},"geometry":{"type":"Point","coordinates":[22.70675,49.651194]}},{"type":"Feature","properties":{"ID":116731269,"yr":2021,"dt":"2021-12-12T21:10:00","WOJ":18,"sev":2,"c":[255,165,0,160],"dmg":0,"sli":0,"ser":1,"fat":0,"row":-1,"mot":-1,"pie":-1,"uto":-1,"uwr":-1},"geometry":{"type":"Point","coordinates":[21.896333,50.521611]}},{"type":"Feature","properties":{"ID":116714905,"yr":2021,"dt":"2021-12-13T14:36:00","WOJ":18,"sev":2,"c":[255,165,0,160],"dmg":1,"sli":0,"ser":1,"fat":0,"row":-1,"mot":-1,"pie":2,"uto":-1,"uwr":-1},"geometry":{"type":"Point","coordinates":[22.232139,49.812833]}},{"type":"Feature","properties":{"ID":116647877,"yr":2021,"dt":"2021-12-15T11:49:55","WOJ":18,"sev":2,"c":[255,165,0,160],"dmg":1,"sli":0,"ser":1,"fat":0,"row":-1,"mot":-1,"pie":2,"uto":-1,"uwr":-1},"geometry":{"type":"Point","coordinates":[22.771694,49.780472]}},{"type":"Feature","properties":{"ID":116556818,"yr":2021,"dt":"2021-12-15T10:22:00","WOJ":18,"sev":2,"c":[255,165,0,160],"dmg":0,"sli":0,"ser":1,"fat":0,"row":-1,"mot":-1,"pie":-1,"uto":-1,"uwr":-1},"geometry":{"type":"Point","coordinates":[21.893361,49.855444]}},{"type":"Feature","properties":{"ID":109785483,"yr":2021,"dt":"2021-01-12T11:44:00","WOJ":18,"sev":2,"c":[255,165,0,160],"dmg":1,"sli":0,"ser":1,"fat":0,"row":-1,"mot":-1,"pie":2,"uto":-1,"uwr":-1},"geometry":{"type":"Point","coordinates":[22.009722,50.037444]}},{"type":"Feature","properties":{"ID":109705815,"yr":2021,"dt":"2021-01-04T08:00:33","WOJ":18,"sev":2,"c":[255,165,0,160],"dmg":1,"sli":0,"ser":1,"fat":0,"row":-1,"mot":-1,"pie":-1,"uto":-1,"uwr":-1},"geometry":{"type":"Point","coordinates":[22.209333,50.56]}},{"type":"Feature","properties":{"ID":116969527,"yr":2021,"dt":"2021-12-31T06:52:00","WOJ":18,"sev":2,"c":[255,165,0,160],"dmg":1,"sli":0,"ser":1,"fat":0,"row":-1,"mot":-1,"pie":2,"uto":-1,"uwr":-1},"geometry":{"type":"Point","coordinates":[22.007389,50.02825]}},{"type":"Feature","properties":{"ID":110470219,"yr":2021,"dt":"2021-09-03T20:12:08","WOJ":18,"sev":2,"c":[255,165,0,160],"dmg":1,"sli":0,"ser":1,"fat":0,"row":-1,"mot":2,"pie":-1,"uto":-1,"uwr":-1},"geometry":{"type":"Point","coordinates":[21.774722,49.673472]}},{"type":"Feature","properties":{"ID":110473826,"yr":2021,"dt":"2021-09-04T17:10:00","WOJ":18,"sev":2,"c":[255,165,0,160],"dmg":1,"sli":0,"ser":1,"fat":0,"row":-1,"mot":-1,"pie":-1,"uto":-1,"uwr":-1},"geometry":{"type":"Point","coordinates":[22.192177,50.038279]}},{"type":"Feature","properties":{"ID":110477796,"yr":2021,"dt":"2021-09-05T13:11:03","WOJ":18,"sev":2,"c":[255,165,0,160],"dmg":1,"sli":1,"ser":1,"fat":0,"row":-1,"mot":2,"pie":-1,"uto":-1,"uwr":-1},"geometry":{"type":"Point","coordinates":[21.884556,50.766528]}},{"type":"Feature","properties":{"ID":110484138,"yr":2021,"dt":"2021-09-08T17:29:27","WOJ":18,"sev":2,"c":[255,165,0,160],"dmg":1,"sli":0,"ser":1,"fat":0,"row":-1,"mot":-1,"pie":-1,"uto":-1,"uwr":-1},"geometry":{"type":"Point","coordinates":[21.494556,50.104417]}},{"type":"Feature","properties":{"ID":111714972,"yr":2021,"dt":"2021-10-07T02:59:00","WOJ":18,"sev":2,"c":[255,165,0,160],"dmg":1,"sli":0,"ser":1,"fat":0,"row":-1,"mot":-1,"pie":-1,"uto":-1,"uwr":-1},"geometry":{"type":"Point","coordinates":[22.134028,50.221]}},{"type":"Feature","properties":{"ID":114862858,"yr":2021,"dt":"2021-12-09T15:50:00","WOJ":18,"sev":2,"c":[255,165,0,160],"dmg":1,"sli":0,"ser":1,"fat":0,"row":-1,"mot":-1,"pie":2,"uto":-1,"uwr":-1},"geometry":{"type":"Point","coordinates":[21.837583,50.401194]}},{"type":"Feature","properties":{"ID":115186949,"yr":2021,"dt":"2021-12-10T17:32:23","WOJ":18,"sev":2,"c":[255,165,0,160],"dmg":0,"sli":0,"ser":1,"fat":0,"row":-1,"mot":-1,"pie":-1,"uto":-1,"uwr":-1},"geometry":{"type":"Point","coordinates":[21.418111,49.830361]}},{"type":"Feature","properties":{"ID":110081167,"yr":2021,"dt":"2021-03-27T01:30:00","WOJ":18,"sev":2,"c":[255,165,0,160],"dmg":0,"sli":0,"ser":2,"fat":0,"row":-1,"mot":-1,"pie":-1,"uto":-1,"uwr":-1},"geometry":{"type":"Point","coordinates":[22.242583,50.447639]}},{"type":"Feature","properties":{"ID":110091341,"yr":2021,"dt":"2021-03-30T13:09:00","WOJ":18,"sev":2,"c":[255,165,0,160],"dmg":1,"sli":0,"ser":1,"fat":0,"row":-1,"mot":-1,"pie":2,"uto":-1,"uwr":-1},"geometry":{"type":"Point","coordinates":[21.3855,50.284556]}},{"type":"Feature","properties":{"ID":110094868,"yr":2021,"dt":"2021-04-01T08:18:40","WOJ":18,"sev":2,"c":[255,165,0,160],"dmg":1,"sli":0,"ser":1,"fat":0,"row":-1,"mot":-1,"pie":-1,"uto":-1,"uwr":-1},"geometry":{"type":"Point","coordinates":[21.98475,50.453056]}},{"type":"Feature","properties":{"ID":111702913,"yr":2021,"dt":"2021-09-14T09:40:00","WOJ":18,"sev":2,"c":[255,165,0,160],"dmg":1,"sli":0,"ser":1,"fat":0,"row":-1,"mot":-1,"pie":2,"uto":-1,"uwr":-1},"geometry":{"type":"Point","coordinates":[22.066056,50.06875]}},{"type":"Feature","properties":{"ID":110524301,"yr":2021,"dt":"2021-09-16T19:25:31","WOJ":18,"sev":2,"c":[255,165,0,160],"dmg":1,"sli":0,"ser":1,"fat":0,"row":-1,"mot":-1,"pie":-1,"uto":-1,"uwr":-1},"geometry":{"type":"Point","coordinates":[22.076667,49.609861]}},{"type":"Feature","properties":{"ID":111270805,"yr":2021,"dt":"2021-10-03T04:44:21","WOJ":18,"sev":2,"c":[255,165,0,160],"dmg":0,"sli":2,"ser":1,"fat":0,"row":-1,"mot":-1,"pie":-1,"uto":-1,"uwr":-1},"geometry":{"type":"Point","coordinates":[22.127889,50.374889]}},{"type":"Feature","properties":{"ID":111700949,"yr":2021,"dt":"2021-10-04T15:32:00","WOJ":18,"sev":2,"c":[255,165,0,160],"dmg":1,"sli":0,"ser":1,"fat":0,"row":0,"mot":-1,"pie":2,"uto":-1,"uwr":-1},"geometry":{"type":"Point","coordinates":[22.026361,49.950167]}},{"type":"Feature","properties":{"ID":111472476,"yr":2021,"dt":"2021-10-05T18:45:14","WOJ":18,"sev":2,"c":[255,165,0,160],"dmg":1,"sli":0,"ser":1,"fat":0,"row":-1,"mot":-1,"pie":2,"uto":-1,"uwr":-1},"geometry":{"type":"Point","coordinates":[22.010111,50.040556]}},{"type":"Feature","properties":{"ID":111748807,"yr":2021,"dt":"2021-10-06T15:17:00","WOJ":18,"sev":2,"c":[255,165,0,160],"dmg":2,"sli":0,"ser":1,"fat":0,"row":-1,"mot":-1,"pie":-1,"uto":-1,"uwr":-1},"geometry":{"type":"Point","coordinates":[21.985833,50.080583]}},{"type":"Feature","properties":{"ID":111710435,"yr":2021,"dt":"2021-10-08T17:19:00","WOJ":18,"sev":2,"c":[255,165,0,160],"dmg":1,"sli":0,"ser":1,"fat":0,"row":-1,"mot":-1,"pie":-1,"uto":-1,"uwr":-1},"geometry":{"type":"Point","coordinates":[21.592833,49.882278]}},{"type":"Feature","properties":{"ID":111708825,"yr":2021,"dt":"2021-10-09T15:43:28","WOJ":18,"sev":2,"c":[255,165,0,160],"dmg":1,"sli":0,"ser":1,"fat":0,"row":-1,"mot":2,"pie":-1,"uto":-1,"uwr":-1},"geometry":{"type":"Point","coordinates":[22.676417,50.168]}},{"type":"Feature","properties":{"ID":111751819,"yr":2021,"dt":"2021-10-09T14:23:00","WOJ":18,"sev":2,"c":[255,165,0,160],"dmg":0,"sli":0,"ser":1,"fat":0,"row":2,"mot":-1,"pie":-1,"uto":-1,"uwr":-1},"geometry":{"type":"Point","coordinates":[21.953361,49.904889]}},{"type":"Feature","properties":{"ID":110490032,"yr":2021,"dt":"2021-09-10T11:45:01","WOJ":18,"sev":2,"c":[255,165,0,160],"dmg":0,"sli":0,"ser":1,"fat":0,"row":-1,"mot":2,"pie":-1,"uto":-1,"uwr":-1},"geometry":{"type":"Point","coordinates":[22.079611,50.57]}},{"type":"Feature","properties":{"ID":110507765,"yr":2021,"dt":"2021-09-10T16:45:00","WOJ":18,"sev":2,"c":[255,165,0,160],"dmg":1,"sli":0,"ser":1,"fat":0,"row":-1,"mot":-1,"pie":-1,"uto":-1,"uwr":-1},"geometry":{"type":"Point","coordinates":[22.648444,49.09275]}},{"type":"Feature","properties":{"ID":110490112,"yr":2021,"dt":"2021-09-10T11:51:55","WOJ":18,"sev":2,"c":[255,165,0,160],"dmg":1,"sli":0,"ser":1,"fat":0,"row":2,"mot":-1,"pie":-1,"uto":-1,"uwr":-1},"geometry":{"type":"Point","coordinates":[21.954556,49.990833]}},{"type":"Feature","properties":{"ID":110429817,"yr":2021,"dt":"2021-08-22T05:13:32","WOJ":18,"sev":2,"c":[255,165,0,160],"dmg":0,"sli":0,"ser":1,"fat":0,"row":-1,"mot":-1,"pie":-1,"uto":-1,"uwr":-1},"geometry":{"type":"Point","coordinates":[22.25264,49.984959]}},{"type":"Feature","properties":{"ID":110440542,"yr":2021,"dt":"2021-08-22T01:05:00","WOJ":18,"sev":2,"c":[255,165,0,160],"dmg":1,"sli":0,"ser":1,"fat":0,"row":2,"mot":-1,"pie":-1,"uto":-1,"uwr":-1},"geometry":{"type":"Point","coordinates":[21.663028,50.565111]}},{"type":"Feature","properties":{"ID":110430231,"yr":2021,"dt":"2021-08-22T22:15:58","WOJ":18,"sev":2,"c":[255,165,0,160],"dmg":0,"sli":2,"ser":1,"fat":0,"row":-1,"mot":-1,"pie":-1,"uto":-1,"uwr":-1},"geometry":{"type":"Point","coordinates":[22.141444,50.505056]}},{"type":"Feature","properties":{"ID":110441098,"yr":2021,"dt":"2021-08-24T06:27:55","WOJ":18,"sev":2,"c":[255,165,0,160],"dmg":1,"sli":0,"ser":1,"fat":0,"row":-1,"mot":-1,"pie":2,"uto":-1,"uwr":-1},"geometry":{"type":"Point","coordinates":[22.058278,50.562472]}},{"type":"Feature","properties":{"ID":112215809,"yr":2021,"dt":"2021-10-15T13:30:00","WOJ":18,"sev":2,"c":[255,165,0,160],"dmg":1,"sli":0,"ser":1,"fat":0,"row":2,"mot":-1,"pie":-1,"uto":-1,"uwr":-1},"geometry":{"type":"Point","coordinates":[21.991333,50.066944]}},{"type":"Feature","properties":{"ID":110446946,"yr":2021,"dt":"2021-08-26T07:00:00","WOJ":18,"sev":2,"c":[255,165,0,160],"dmg":1,"sli":0,"ser":1,"fat":0,"row":-1,"mot":-1,"pie":-1,"uto":-1,"uwr":-1},"geometry":{"type":"Point","coordinates":[21.712694,49.607556]}},{"type":"Feature","properties":{"ID":114380834,"yr":2021,"dt":"2021-12-07T11:27:52","WOJ":18,"sev":2,"c":[255,165,0,160],"dmg":0,"sli":0,"ser":1,"fat":0,"row":-1,"mot":-1,"pie":-1,"uto":-1,"uwr":-1},"geometry":{"type":"Point","coordinates":[22.01125,50.57225]}},{"type":"Feature","properties":{"ID":114533988,"yr":2021,"dt":"2021-12-08T13:14:19","WOJ":18,"sev":2,"c":[255,165,0,160],"dmg":1,"sli":0,"ser":1,"fat":0,"row":-1,"mot":-1,"pie":-1,"uto":-1,"uwr":-1},"geometry":{"type":"Point","coordinates":[22.252028,50.061667]}},{"type":"Feature","properties":{"ID":110121541,"yr":2021,"dt":"2021-04-12T08:45:00","WOJ":18,"sev":2,"c":[255,165,0,160],"dmg":1,"sli":0,"ser":1,"fat":0,"row":-1,"mot":-1,"pie":2,"uto":-1,"uwr":-1},"geometry":{"type":"Point","coordinates":[22.033611,49.964028]}},{"type":"Feature","properties":{"ID":110017145,"yr":2021,"dt":"2021-03-05T19:17:00","WOJ":18,"sev":2,"c":[255,165,0,160],"dmg":1,"sli":1,"ser":2,"fat":0,"row":-1,"mot":-1,"pie":-1,"uto":-1,"uwr":-1},"geometry":{"type":"Point","coordinates":[22.74875,49.977472]}},{"type":"Feature","properties":{"ID":110052978,"yr":2021,"dt":"2021-03-13T21:46:00","WOJ":18,"sev":2,"c":[255,165,0,160],"dmg":1,"sli":0,"ser":1,"fat":0,"row":-1,"mot":-1,"pie":2,"uto":-1,"uwr":-1},"geometry":{"type":"Point","coordinates":[22.001944,50.030278]}},{"type":"Feature","properties":{"ID":110062509,"yr":2021,"dt":"2021-03-19T14:41:00","WOJ":18,"sev":2,"c":[255,165,0,160],"dmg":1,"sli":0,"ser":1,"fat":0,"row":-1,"mot":-1,"pie":2,"uto":-1,"uwr":-1},"geometry":{"type":"Point","coordinates":[21.752167,49.613667]}},{"type":"Feature","properties":{"ID":110065109,"yr":2021,"dt":"2021-03-22T07:05:19","WOJ":18,"sev":2,"c":[255,165,0,160],"dmg":0,"sli":1,"ser":1,"fat":0,"row":-1,"mot":-1,"pie":-1,"uto":-1,"uwr":-1},"geometry":{"type":"Point","coordinates":[21.917556,50.068111]}},{"type":"Feature","properties":{"ID":110448404,"yr":2021,"dt":"2021-08-28T01:01:31","WOJ":18,"sev":2,"c":[255,165,0,160],"dmg":0,"sli":0,"ser":1,"fat":0,"row":-1,"mot":-1,"pie":-1,"uto":-1,"uwr":-1},"geometry":{"type":"Point","coordinates":[21.333306,50.043306]}},{"type":"Feature","properties":{"ID":110452220,"yr":2021,"dt":"2021-08-29T18:35:50","WOJ":18,"sev":2,"c":[255,165,0,160],"dmg":0,"sli":2,"ser":1,"fat":0,"row":-1,"mot":-1,"pie":-1,"uto":-1,"uwr":-1},"geometry":{"type":"Point","coordinates":[22.612014,50.204699]}},{"type":"Feature","properties":{"ID":110458027,"yr":2021,"dt":"2021-08-30T19:40:11","WOJ":18,"sev":2,"c":[255,165,0,160],"dmg":1,"sli":0,"ser":1,"fat":0,"row":-1,"mot":-1,"pie":2,"uto":-1,"uwr":-1},"geometry":{"type":"Point","coordinates":[22.30927,50.163001]}},{"type":"Feature","properties":{"ID":110457779,"yr":2021,"dt":"2021-08-30T15:49:36","WOJ":18,"sev":2,"c":[255,165,0,160],"dmg":0,"sli":0,"ser":1,"fat":0,"row":-1,"mot":-1,"pie":-1,"uto":-1,"uwr":-1},"geometry":{"type":"Point","coordinates":[21.55475,50.031694]}},{"type":"Feature","properties":{"ID":110482159,"yr":2021,"dt":"2021-08-03T20:00:00","WOJ":18,"sev":2,"c":[255,165,0,160],"dmg":0,"sli":0,"ser":1,"fat":0,"row":-1,"mot":-1,"pie":-1,"uto":-1,"uwr":-1},"geometry":{"type":"Point","coordinates":[21.97664,50.17856]}},{"type":"Feature","properties":{"ID":110430391,"yr":2021,"dt":"2021-08-11T19:19:00","WOJ":18,"sev":2,"c":[255,165,0,160],"dmg":1,"sli":0,"ser":1,"fat":0,"row":2,"mot":-1,"pie":-1,"uto":-1,"uwr":-1},"geometry":{"type":"Point","coordinates":[22.118722,50.201667]}},{"type":"Feature","properties":{"ID":110403817,"yr":2021,"dt":"2021-08-12T18:27:16","WOJ":18,"sev":2,"c":[255,165,0,160],"dmg":1,"sli":0,"ser":1,"fat":0,"row":-1,"mot":-1,"pie":-1,"uto":-1,"uwr":-1},"geometry":{"type":"Point","coordinates":[22.006278,50.025611]}},{"type":"Feature","properties":{"ID":110404052,"yr":2021,"dt":"2021-08-12T16:20:00","WOJ":18,"sev":2,"c":[255,165,0,160],"dmg":1,"sli":0,"ser":1,"fat":0,"row":-1,"mot":-1,"pie":-1,"uto":-1,"uwr":-1},"geometry":{"type":"Point","coordinates":[22.50725,49.435389]}},{"type":"Feature","properties":{"ID":110404662,"yr":2021,"dt":"2021-08-13T19:26:54","WOJ":18,"sev":2,"c":[255,165,0,160],"dmg":1,"sli":0,"ser":1,"fat":0,"row":-1,"mot":2,"pie":-1,"uto":-1,"uwr":-1},"geometry":{"type":"Point","coordinates":[21.880889,50.639472]}},{"type":"Feature","properties":{"ID":110405588,"yr":2021,"dt":"2021-08-15T13:59:52","WOJ":18,"sev":2,"c":[255,165,0,160],"dmg":1,"sli":0,"ser":1,"fat":0,"row":-1,"mot":2,"pie":-1,"uto":-1,"uwr":-1},"geometry":{"type":"Point","coordinates":[22.068611,50.030278]}},{"type":"Feature","properties":{"ID":111795817,"yr":2021,"dt":"2021-10-15T14:00:06","WOJ":18,"sev":2,"c":[255,165,0,160],"dmg":1,"sli":0,"ser":1,"fat":0,"row":-1,"mot":2,"pie":-1,"uto":-1,"uwr":-1},"geometry":{"type":"Point","coordinates":[22.429222,50.094083]}},{"type":"Feature","properties":{"ID":111846919,"yr":2021,"dt":"2021-10-18T09:18:42","WOJ":18,"sev":2,"c":[255,165,0,160],"dmg":0,"sli":1,"ser":1,"fat":0,"row":-1,"mot":-1,"pie":-1,"uto":-1,"uwr":-1},"geometry":{"type":"Point","coordinates":[21.967278,50.574083]}},{"type":"Feature","properties":{"ID":110412004,"yr":2021,"dt":"2021-08-17T10:31:30","WOJ":18,"sev":2,"c":[255,165,0,160],"dmg":1,"sli":0,"ser":1,"fat":0,"row":-1,"mot":-1,"pie":-1,"uto":-1,"uwr":-1},"geometry":{"type":"Point","coordinates":[23.150556,50.186194]}},{"type":"Feature","properties":{"ID":110411892,"yr":2021,"dt":"2021-08-17T09:41:57","WOJ":18,"sev":2,"c":[255,165,0,160],"dmg":1,"sli":0,"ser":1,"fat":0,"row":-1,"mot":-1,"pie":-1,"uto":-1,"uwr":-1},"geometry":{"type":"Point","coordinates":[22.274639,50.100861]}},{"type":"Feature","properties":{"ID":110413229,"yr":2021,"dt":"2021-08-18T15:12:46","WOJ":18,"sev":2,"c":[255,165,0,160],"dmg":1,"sli":0,"ser":1,"fat":0,"row":-1,"mot":-1,"pie":-1,"uto":-1,"uwr":-1},"geometry":{"type":"Point","coordinates":[21.824318,49.883946]}},{"type":"Feature","properties":{"ID":110413944,"yr":2021,"dt":"2021-08-18T16:37:19","WOJ":18,"sev":2,"c":[255,165,0,160],"dmg":1,"sli":0,"ser":1,"fat":0,"row":2,"mot":-1,"pie":-1,"uto":-1,"uwr":-1},"geometry":{"type":"Point","coordinates":[22.054694,50.653139]}},{"type":"Feature","properties":{"ID":110419760,"yr":2021,"dt":"2021-08-19T23:02:40","WOJ":18,"sev":2,"c":[255,165,0,160],"dmg":1,"sli":0,"ser":1,"fat":0,"row":-1,"mot":-1,"pie":-1,"uto":-1,"uwr":-1},"geometry":{"type":"Point","coordinates":[22.061111,50.585528]}},{"type":"Feature","properties":{"ID":110428760,"yr":2021,"dt":"2021-08-20T22:00:00","WOJ":18,"sev":2,"c":[255,165,0,160],"dmg":0,"sli":0,"ser":2,"fat":0,"row":-1,"mot":-1,"pie":2,"uto":-1,"uwr":-1},"geometry":{"type":"Point","coordinates":[21.873556,50.754083]}},{"type":"Feature","properties":{"ID":110349812,"yr":2021,"dt":"2021-07-29T19:31:08","WOJ":18,"sev":2,"c":[255,165,0,160],"dmg":0,"sli":0,"ser":1,"fat":0,"row":-1,"mot":-1,"pie":-1,"uto":-1,"uwr":-1},"geometry":{"type":"Point","coordinates":[21.27225,49.769083]}},{"type":"Feature","properties":{"ID":110349258,"yr":2021,"dt":"2021-07-30T21:30:18","WOJ":18,"sev":2,"c":[255,165,0,160],"dmg":0,"sli":0,"ser":1,"fat":0,"row":-1,"mot":2,"pie":-1,"uto":-1,"uwr":-1},"geometry":{"type":"Point","coordinates":[22.266164,50.145401]}},{"type":"Feature","properties":{"ID":110355990,"yr":2021,"dt":"2021-07-31T22:54:00","WOJ":18,"sev":2,"c":[255,165,0,160],"dmg":1,"sli":0,"ser":1,"fat":0,"row":2,"mot":-1,"pie":-1,"uto":-1,"uwr":-1},"geometry":{"type":"Point","coordinates":[22.177556,50.568083]}},{"type":"Feature","properties":{"ID":110351569,"yr":2021,"dt":"2021-07-31T06:18:00","WOJ":18,"sev":2,"c":[255,165,0,160],"dmg":1,"sli":0,"ser":1,"fat":0,"row":2,"mot":-1,"pie":-1,"uto":-1,"uwr":-1},"geometry":{"type":"Point","coordinates":[22.137583,50.331194]}},{"type":"Feature","properties":{"ID":110353352,"yr":2021,"dt":"2021-08-01T23:57:47","WOJ":18,"sev":2,"c":[255,165,0,160],"dmg":0,"sli":0,"ser":1,"fat":0,"row":-1,"mot":-1,"pie":-1,"uto":-1,"uwr":-1},"geometry":{"type":"Point","coordinates":[21.421667,49.724667]}},{"type":"Feature","properties":{"ID":110353307,"yr":2021,"dt":"2021-08-01T19:38:49","WOJ":18,"sev":2,"c":[255,165,0,160],"dmg":0,"sli":2,"ser":1,"fat":0,"row":-1,"mot":-1,"pie":-1,"uto":-1,"uwr":-1},"geometry":{"type":"Point","coordinates":[21.993861,50.061056]}},{"type":"Feature","properties":{"ID":113068829,"yr":2021,"dt":"2021-10-19T08:23:00","WOJ":18,"sev":2,"c":[255,165,0,160],"dmg":1,"sli":0,"ser":1,"fat":0,"row":-1,"mot":-1,"pie":-1,"uto":-1,"uwr":-1},"geometry":{"type":"Point","coordinates":[21.996806,50.052889]}},{"type":"Feature","properties":{"ID":110150393,"yr":2021,"dt":"2021-04-28T17:11:17","WOJ":18,"sev":2,"c":[255,165,0,160],"dmg":0,"sli":0,"ser":1,"fat":0,"row":-1,"mot":2,"pie":-1,"uto":-1,"uwr":-1},"geometry":{"type":"Point","coordinates":[21.925417,50.615167]}},{"type":"Feature","properties":{"ID":110158139,"yr":2021,"dt":"2021-04-30T12:56:00","WOJ":18,"sev":2,"c":[255,165,0,160],"dmg":1,"sli":0,"ser":1,"fat":0,"row":-1,"mot":2,"pie":-1,"uto":-1,"uwr":-1},"geometry":{"type":"Point","coordinates":[21.811333,49.714083]}},{"type":"Feature","properties":{"ID":110156032,"yr":2021,"dt":"2021-04-30T09:27:24","WOJ":18,"sev":2,"c":[255,165,0,160],"dmg":1,"sli":0,"ser":1,"fat":0,"row":-1,"mot":-1,"pie":-1,"uto":-1,"uwr":-1},"geometry":{"type":"Point","coordinates":[21.995306,50.574444]}},{"type":"Feature","properties":{"ID":110165479,"yr":2021,"dt":"2021-05-04T18:35:00","WOJ":18,"sev":2,"c":[255,165,0,160],"dmg":1,"sli":0,"ser":1,"fat":0,"row":-1,"mot":-1,"pie":-1,"uto":-1,"uwr":-1},"geometry":{"type":"Point","coordinates":[21.952917,50.059389]}},{"type":"Feature","properties":{"ID":110164541,"yr":2021,"dt":"2021-05-04T18:43:13","WOJ":18,"sev":2,"c":[255,165,0,160],"dmg":0,"sli":1,"ser":1,"fat":0,"row":-1,"mot":-1,"pie":-1,"uto":-1,"uwr":-1},"geometry":{"type":"Point","coordinates":[21.887417,50.397694]}},{"type":"Feature","properties":{"ID":110094823,"yr":2021,"dt":"2021-04-01T09:34:00","WOJ":18,"sev":2,"c":[255,165,0,160],"dmg":1,"sli":0,"ser":1,"fat":0,"row":2,"mot":-1,"pie":-1,"uto":-1,"uwr":-1},"geometry":{"type":"Point","coordinates":[21.986417,50.048056]}},{"type":"Feature","properties":{"ID":110097154,"yr":2021,"dt":"2021-04-01T17:26:00","WOJ":18,"sev":2,"c":[255,165,0,160],"dmg":0,"sli":0,"ser":1,"fat":0,"row":-1,"mot":-1,"pie":-1,"uto":-1,"uwr":-1},"geometry":{"type":"Point","coordinates":[21.928389,49.808]}},{"type":"Feature","properties":{"ID":110112631,"yr":2021,"dt":"2021-04-07T13:37:40","WOJ":18,"sev":2,"c":[255,165,0,160],"dmg":1,"sli":0,"ser":1,"fat":0,"row":-1,"mot":-1,"pie":2,"uto":-1,"uwr":-1},"geometry":{"type":"Point","coordinates":[22.423626,50.263924]}},{"type":"Feature","properties":{"ID":110112803,"yr":2021,"dt":"2021-04-07T22:16:38","WOJ":18,"sev":2,"c":[255,165,0,160],"dmg":1,"sli":0,"ser":1,"fat":0,"row":-1,"mot":-1,"pie":-1,"uto":-1,"uwr":-1},"geometry":{"type":"Point","coordinates":[21.877222,50.565]}},{"type":"Feature","properties":{"ID":110121049,"yr":2021,"dt":"2021-04-11T21:15:13","WOJ":18,"sev":2,"c":[255,165,0,160],"dmg":1,"sli":0,"ser":1,"fat":0,"row":-1,"mot":-1,"pie":-1,"uto":-1,"uwr":-1},"geometry":{"type":"Point","coordinates":[21.414944,50.083222]}},{"type":"Feature","properties":{"ID":113816229,"yr":2021,"dt":"2021-12-02T16:25:00","WOJ":18,"sev":2,"c":[255,165,0,160],"dmg":1,"sli":2,"ser":1,"fat":0,"row":-1,"mot":-1,"pie":-1,"uto":-1,"uwr":-1},"geometry":{"type":"Point","coordinates":[22.6264,50.1952]}},{"type":"Feature","properties":{"ID":114381241,"yr":2021,"dt":"2021-12-03T13:00:00","WOJ":18,"sev":2,"c":[255,165,0,160],"dmg":1,"sli":0,"ser":1,"fat":0,"row":-1,"mot":-1,"pie":2,"uto":-1,"uwr":-1},"geometry":{"type":"Point","coordinates":[22.01325,50.0285]}},{"type":"Feature","properties":{"ID":113967818,"yr":2021,"dt":"2021-12-03T21:50:00","WOJ":18,"sev":2,"c":[255,165,0,160],"dmg":0,"sli":0,"ser":1,"fat":0,"row":-1,"mot":-1,"pie":-1,"uto":-1,"uwr":-1},"geometry":{"type":"Point","coordinates":[21.999333,50.516056]}},{"type":"Feature","properties":{"ID":114249877,"yr":2021,"dt":"2021-12-04T22:38:00","WOJ":18,"sev":2,"c":[255,165,0,160],"dmg":0,"sli":1,"ser":1,"fat":0,"row":-1,"mot":-1,"pie":-1,"uto":-1,"uwr":-1},"geometry":{"type":"Point","coordinates":[22.746722,49.738583]}},{"type":"Feature","properties":{"ID":112241484,"yr":2021,"dt":"2021-10-20T19:18:59","WOJ":18,"sev":2,"c":[255,165,0,160],"dmg":1,"sli":0,"ser":1,"fat":0,"row":2,"mot":-1,"pie":-1,"uto":-1,"uwr":-1},"geometry":{"type":"Point","coordinates":[21.515,49.571222]}},{"type":"Feature","properties":{"ID":112958814,"yr":2021,"dt":"2021-10-20T18:12:00","WOJ":18,"sev":2,"c":[255,165,0,160],"dmg":1,"sli":1,"ser":1,"fat":0,"row":-1,"mot":-1,"pie":-1,"uto":-1,"uwr":-1},"geometry":{"type":"Point","coordinates":[21.977083,50.115139]}},{"type":"Feature","properties":{"ID":112399639,"yr":2021,"dt":"2021-10-21T15:47:00","WOJ":18,"sev":2,"c":[255,165,0,160],"dmg":0,"sli":1,"ser":1,"fat":0,"row":-1,"mot":-1,"pie":-1,"uto":-1,"uwr":-1},"geometry":{"type":"Point","coordinates":[23.090806,50.097889]}},{"type":"Feature","properties":{"ID":110335517,"yr":2021,"dt":"2021-07-20T11:04:31","WOJ":18,"sev":2,"c":[255,165,0,160],"dmg":1,"sli":0,"ser":1,"fat":0,"row":-1,"mot":-1,"pie":-1,"uto":-1,"uwr":-1},"geometry":{"type":"Point","coordinates":[22.207972,50.585833]}},{"type":"Feature","properties":{"ID":110338230,"yr":2021,"dt":"2021-07-21T12:51:42","WOJ":18,"sev":2,"c":[255,165,0,160],"dmg":1,"sli":0,"ser":1,"fat":0,"row":-1,"mot":-1,"pie":2,"uto":-1,"uwr":-1},"geometry":{"type":"Point","coordinates":[21.670583,49.726667]}},{"type":"Feature","properties":{"ID":110337853,"yr":2021,"dt":"2021-07-21T07:10:22","WOJ":18,"sev":2,"c":[255,165,0,160],"dmg":0,"sli":1,"ser":1,"fat":0,"row":-1,"mot":-1,"pie":-1,"uto":-1,"uwr":-1},"geometry":{"type":"Point","coordinates":[21.431083,49.916306]}},{"type":"Feature","properties":{"ID":110341572,"yr":2021,"dt":"2021-07-23T17:03:11","WOJ":18,"sev":2,"c":[255,165,0,160],"dmg":1,"sli":0,"ser":1,"fat":0,"row":-1,"mot":2,"pie":-1,"uto":-1,"uwr":-1},"geometry":{"type":"Point","coordinates":[21.874389,49.927917]}},{"type":"Feature","properties":{"ID":110340798,"yr":2021,"dt":"2021-07-23T13:30:33","WOJ":18,"sev":2,"c":[255,165,0,160],"dmg":1,"sli":0,"ser":1,"fat":0,"row":-1,"mot":2,"pie":-1,"uto":-1,"uwr":-1},"geometry":{"type":"Point","coordinates":[21.488779,49.754749]}},{"type":"Feature","properties":{"ID":110421773,"yr":2021,"dt":"2021-07-23T21:50:00","WOJ":18,"sev":2,"c":[255,165,0,160],"dmg":1,"sli":0,"ser":1,"fat":0,"row":-1,"mot":-1,"pie":2,"uto":-1,"uwr":-1},"geometry":{"type":"Point","coordinates":[22.442556,50.238972]}},{"type":"Feature","properties":{"ID":110341477,"yr":2021,"dt":"2021-07-24T20:48:09","WOJ":18,"sev":2,"c":[255,165,0,160],"dmg":0,"sli":1,"ser":1,"fat":0,"row":-1,"mot":2,"pie":-1,"uto":-1,"uwr":-1},"geometry":{"type":"Point","coordinates":[21.721861,49.548194]}},{"type":"Feature","properties":{"ID":110347270,"yr":2021,"dt":"2021-07-25T14:41:00","WOJ":18,"sev":2,"c":[255,165,0,160],"dmg":1,"sli":0,"ser":1,"fat":0,"row":-1,"mot":2,"pie":-1,"uto":-1,"uwr":-1},"geometry":{"type":"Point","coordinates":[21.968694,49.93575]}},{"type":"Feature","properties":{"ID":112936859,"yr":2021,"dt":"2021-10-22T22:10:00","WOJ":18,"sev":2,"c":[255,165,0,160],"dmg":0,"sli":1,"ser":1,"fat":0,"row":-1,"mot":-1,"pie":-1,"uto":-1,"uwr":-1},"geometry":{"type":"Point","coordinates":[22.822528,49.806556]}},{"type":"Feature","properties":{"ID":112951890,"yr":2021,"dt":"2021-10-23T03:09:00","WOJ":18,"sev":2,"c":[255,165,0,160],"dmg":1,"sli":0,"ser":1,"fat":0,"row":-1,"mot":-1,"pie":-1,"uto":-1,"uwr":-1},"geometry":{"type":"Point","coordinates":[22.064306,50.622861]}},{"type":"Feature","properties":{"ID":110343535,"yr":2021,"dt":"2021-07-25T12:45:00","WOJ":18,"sev":2,"c":[255,165,0,160],"dmg":3,"sli":0,"ser":1,"fat":0,"row":-1,"mot":-1,"pie":-1,"uto":-1,"uwr":-1},"geometry":{"type":"Point","coordinates":[21.873333,49.955556]}},{"type":"Feature","properties":{"ID":110345505,"yr":2021,"dt":"2021-07-25T16:15:00","WOJ":18,"sev":2,"c":[255,165,0,160],"dmg":1,"sli":0,"ser":1,"fat":0,"row":-1,"mot":-1,"pie":2,"uto":-1,"uwr":-1},"geometry":{"type":"Point","coordinates":[21.411889,50.305278]}},{"type":"Feature","properties":{"ID":110347881,"yr":2021,"dt":"2021-07-28T18:56:16","WOJ":18,"sev":2,"c":[255,165,0,160],"dmg":1,"sli":0,"ser":1,"fat":0,"row":-1,"mot":-1,"pie":2,"uto":-1,"uwr":-1},"geometry":{"type":"Point","coordinates":[21.791806,49.863056]}},{"type":"Feature","properties":{"ID":110348832,"yr":2021,"dt":"2021-07-28T09:37:00","WOJ":18,"sev":2,"c":[255,165,0,160],"dmg":1,"sli":1,"ser":1,"fat":0,"row":-1,"mot":-1,"pie":-1,"uto":-1,"uwr":-1},"geometry":{"type":"Point","coordinates":[21.504361,50.441667]}},{"type":"Feature","properties":{"ID":110319754,"yr":2021,"dt":"2021-07-11T13:00:42","WOJ":18,"sev":2,"c":[255,165,0,160],"dmg":1,"sli":0,"ser":1,"fat":0,"row":-1,"mot":2,"pie":-1,"uto":-1,"uwr":-1},"geometry":{"type":"Point","coordinates":[21.406222,49.658833]}},{"type":"Feature","properties":{"ID":110319725,"yr":2021,"dt":"2021-07-11T10:07:05","WOJ":18,"sev":2,"c":[255,165,0,160],"dmg":0,"sli":1,"ser":3,"fat":0,"row":-1,"mot":-1,"pie":-1,"uto":-1,"uwr":-1},"geometry":{"type":"Point","coordinates":[22.746833,49.691306]}},{"type":"Feature","properties":{"ID":110320641,"yr":2021,"dt":"2021-07-11T13:36:13","WOJ":18,"sev":2,"c":[255,165,0,160],"dmg":1,"sli":0,"ser":1,"fat":0,"row":-1,"mot":2,"pie":-1,"uto":-1,"uwr":-1},"geometry":{"type":"Point","coordinates":[22.221745,50.332329]}},{"type":"Feature","properties":{"ID":110322788,"yr":2021,"dt":"2021-07-11T15:00:00","WOJ":18,"sev":2,"c":[255,165,0,160],"dmg":0,"sli":0,"ser":1,"fat":0,"row":-1,"mot":2,"pie":-1,"uto":-1,"uwr":-1},"geometry":{"type":"Point","coordinates":[22.478833,49.752722]}},{"type":"Feature","properties":{"ID":110339698,"yr":2021,"dt":"2021-07-15T20:20:00","WOJ":18,"sev":2,"c":[255,165,0,160],"dmg":2,"sli":0,"ser":1,"fat":0,"row":2,"mot":-1,"pie":-1,"uto":-1,"uwr":-1},"geometry":{"type":"Point","coordinates":[21.299167,49.946111]}},{"type":"Feature","properties":{"ID":110337934,"yr":2021,"dt":"2021-07-16T09:55:00","WOJ":18,"sev":2,"c":[255,165,0,160],"dmg":1,"sli":0,"ser":1,"fat":0,"row":-1,"mot":-1,"pie":2,"uto":-1,"uwr":-1},"geometry":{"type":"Point","coordinates":[21.411444,49.879111]}},{"type":"Feature","properties":{"ID":110328960,"yr":2021,"dt":"2021-07-17T08:31:55","WOJ":18,"sev":2,"c":[255,165,0,160],"dmg":1,"sli":0,"ser":1,"fat":0,"row":-1,"mot":-1,"pie":-1,"uto":-1,"uwr":-1},"geometry":{"type":"Point","coordinates":[21.745778,50.041]}},{"type":"Feature","properties":{"ID":110329148,"yr":2021,"dt":"2021-07-17T14:37:14","WOJ":18,"sev":2,"c":[255,165,0,160],"dmg":1,"sli":0,"ser":1,"fat":0,"row":-1,"mot":2,"pie":-1,"uto":-1,"uwr":-1},"geometry":{"type":"Point","coordinates":[22.072083,50.554694]}},{"type":"Feature","properties":{"ID":110332835,"yr":2021,"dt":"2021-07-19T16:33:12","WOJ":18,"sev":2,"c":[255,165,0,160],"dmg":1,"sli":0,"ser":1,"fat":0,"row":-1,"mot":-1,"pie":-1,"uto":-1,"uwr":-1},"geometry":{"type":"Point","coordinates":[21.44925,50.021]}},{"type":"Feature","properties":{"ID":110339547,"yr":2021,"dt":"2021-07-19T15:45:00","WOJ":18,"sev":2,"c":[255,165,0,160],"dmg":1,"sli":0,"ser":1,"fat":0,"row":-1,"mot":2,"pie":-1,"uto":-1,"uwr":-1},"geometry":{"type":"Point","coordinates":[21.420444,50.270861]}},{"type":"Feature","properties":{"ID":110301522,"yr":2021,"dt":"2021-06-28T18:15:00","WOJ":18,"sev":2,"c":[255,165,0,160],"dmg":1,"sli":1,"ser":1,"fat":0,"row":-1,"mot":-1,"pie":-1,"uto":-1,"uwr":-1},"geometry":{"type":"Point","coordinates":[22.052667,50.677167]}},{"type":"Feature","properties":{"ID":110311617,"yr":2021,"dt":"2021-06-30T07:00:00","WOJ":18,"sev":2,"c":[255,165,0,160],"dmg":1,"sli":0,"ser":1,"fat":0,"row":2,"mot":-1,"pie":-1,"uto":-1,"uwr":-1},"geometry":{"type":"Point","coordinates":[21.467972,50.096028]}},{"type":"Feature","properties":{"ID":110311700,"yr":2021,"dt":"2021-07-02T18:36:00","WOJ":18,"sev":2,"c":[255,165,0,160],"dmg":1,"sli":1,"ser":1,"fat":0,"row":-1,"mot":-1,"pie":-1,"uto":-1,"uwr":-1},"geometry":{"type":"Point","coordinates":[21.873944,49.889361]}},{"type":"Feature","properties":{"ID":110312494,"yr":2021,"dt":"2021-07-02T21:40:00","WOJ":18,"sev":2,"c":[255,165,0,160],"dmg":1,"sli":0,"ser":2,"fat":0,"row":-1,"mot":-1,"pie":-1,"uto":-1,"uwr":-1},"geometry":{"type":"Point","coordinates":[22.87464,50.01204]}},{"type":"Feature","properties":{"ID":110309685,"yr":2021,"dt":"2021-07-03T08:12:42","WOJ":18,"sev":2,"c":[255,165,0,160],"dmg":1,"sli":0,"ser":1,"fat":0,"row":2,"mot":-1,"pie":-1,"uto":-1,"uwr":-1},"geometry":{"type":"Point","coordinates":[22.04325,50.570222]}},{"type":"Feature","properties":{"ID":110320045,"yr":2021,"dt":"2021-07-05T14:30:00","WOJ":18,"sev":2,"c":[255,165,0,160],"dmg":1,"sli":0,"ser":1,"fat":0,"row":2,"mot":-1,"pie":-1,"uto":-1,"uwr":-1},"geometry":{"type":"Point","coordinates":[22.816389,49.889028]}},{"type":"Feature","properties":{"ID":113037812,"yr":2021,"dt":"2021-10-29T16:38:49","WOJ":18,"sev":2,"c":[255,165,0,160],"dmg":1,"sli":0,"ser":2,"fat":0,"row":-1,"mot":-1,"pie":-1,"uto":-1,"uwr":-1},"geometry":{"type":"Point","coordinates":[21.905361,49.876083]}},{"type":"Feature","properties":{"ID":113022681,"yr":2021,"dt":"2021-10-29T13:05:11","WOJ":18,"sev":2,"c":[255,165,0,160],"dmg":1,"sli":0,"ser":1,"fat":0,"row":2,"mot":-1,"pie":-1,"uto":-1,"uwr":-1},"geometry":{"type":"Point","coordinates":[21.386917,50.048972]}},{"type":"Feature","properties":{"ID":113143340,"yr":2021,"dt":"2021-10-31T05:45:00","WOJ":18,"sev":2,"c":[255,165,0,160],"dmg":1,"sli":0,"ser":1,"fat":0,"row":-1,"mot":-1,"pie":2,"uto":-1,"uwr":-1},"geometry":{"type":"Point","coordinates":[21.427972,50.063556]}},{"type":"Feature","properties":{"ID":110313860,"yr":2021,"dt":"2021-07-06T21:29:15","WOJ":18,"sev":2,"c":[255,165,0,160],"dmg":1,"sli":0,"ser":1,"fat":0,"row":2,"mot":-1,"pie":-1,"uto":-1,"uwr":-1},"geometry":{"type":"Point","coordinates":[21.977917,50.079361]}},{"type":"Feature","properties":{"ID":110321921,"yr":2021,"dt":"2021-07-09T02:16:00","WOJ":18,"sev":2,"c":[255,165,0,160],"dmg":1,"sli":0,"ser":1,"fat":0,"row":-1,"mot":-1,"pie":-1,"uto":-1,"uwr":-1},"geometry":{"type":"Point","coordinates":[22.164444,50.258056]}},{"type":"Feature","properties":{"ID":110338704,"yr":2021,"dt":"2021-07-09T09:39:00","WOJ":18,"sev":2,"c":[255,165,0,160],"dmg":1,"sli":3,"ser":1,"fat":0,"row":-1,"mot":-1,"pie":-1,"uto":-1,"uwr":-1},"geometry":{"type":"Point","coordinates":[21.967583,50.207778]}},{"type":"Feature","properties":{"ID":110317722,"yr":2021,"dt":"2021-07-09T06:50:35","WOJ":18,"sev":2,"c":[255,165,0,160],"dmg":1,"sli":0,"ser":1,"fat":0,"row":-1,"mot":-1,"pie":-1,"uto":-1,"uwr":-1},"geometry":{"type":"Point","coordinates":[22.142028,50.777861]}},{"type":"Feature","properties":{"ID":110446776,"yr":2021,"dt":"2021-06-17T11:05:00","WOJ":18,"sev":2,"c":[255,165,0,160],"dmg":1,"sli":0,"ser":1,"fat":0,"row":-1,"mot":-1,"pie":-1,"uto":-1,"uwr":-1},"geometry":{"type":"Point","coordinates":[22.024167,50.338889]}},{"type":"Feature","properties":{"ID":110283358,"yr":2021,"dt":"2021-06-17T15:46:52","WOJ":18,"sev":2,"c":[255,165,0,160],"dmg":1,"sli":0,"ser":1,"fat":0,"row":-1,"mot":-1,"pie":2,"uto":-1,"uwr":-1},"geometry":{"type":"Point","coordinates":[21.877556,49.676861]}},{"type":"Feature","properties":{"ID":110290027,"yr":2021,"dt":"2021-06-18T07:48:00","WOJ":18,"sev":2,"c":[255,165,0,160],"dmg":0,"sli":2,"ser":2,"fat":0,"row":-1,"mot":-1,"pie":-1,"uto":-1,"uwr":-1},"geometry":{"type":"Point","coordinates":[22.394639,50.446806]}},{"type":"Feature","properties":{"ID":110286474,"yr":2021,"dt":"2021-06-19T14:13:14","WOJ":18,"sev":2,"c":[255,165,0,160],"dmg":0,"sli":0,"ser":1,"fat":0,"row":-1,"mot":-1,"pie":-1,"uto":-1,"uwr":-1},"geometry":{"type":"Point","coordinates":[22.240056,50.427944]}},{"type":"Feature","properties":{"ID":110285110,"yr":2021,"dt":"2021-06-19T11:10:00","WOJ":18,"sev":2,"c":[255,165,0,160],"dmg":0,"sli":0,"ser":1,"fat":0,"row":-1,"mot":-1,"pie":-1,"uto":-1,"uwr":-1},"geometry":{"type":"Point","coordinates":[22.079028,50.542639]}},{"type":"Feature","properties":{"ID":110286715,"yr":2021,"dt":"2021-06-20T00:59:53","WOJ":18,"sev":2,"c":[255,165,0,160],"dmg":0,"sli":0,"ser":1,"fat":0,"row":-1,"mot":-1,"pie":-1,"uto":-1,"uwr":-1},"geometry":{"type":"Point","coordinates":[21.453222,50.154583]}},{"type":"Feature","properties":{"ID":110287055,"yr":2021,"dt":"2021-06-20T15:07:08","WOJ":18,"sev":2,"c":[255,165,0,160],"dmg":0,"sli":0,"ser":2,"fat":0,"row":-1,"mot":2,"pie":-1,"uto":-1,"uwr":-1},"geometry":{"type":"Point","coordinates":[22.154278,50.745083]}},{"type":"Feature","properties":{"ID":113086780,"yr":2021,"dt":"2021-11-02T19:11:00","WOJ":18,"sev":2,"c":[255,165,0,160],"dmg":1,"sli":0,"ser":1,"fat":0,"row":-1,"mot":-1,"pie":2,"uto":-1,"uwr":-1},"geometry":{"type":"Point","coordinates":[22.004944,50.024083]}},{"type":"Feature","properties":{"ID":110180507,"yr":2021,"dt":"2021-05-13T08:00:00","WOJ":18,"sev":2,"c":[255,165,0,160],"dmg":1,"sli":0,"ser":1,"fat":0,"row":2,"mot":-1,"pie":-1,"uto":-1,"uwr":-1},"geometry":{"type":"Point","coordinates":[22.080111,49.902528]}},{"type":"Feature","properties":{"ID":110183271,"yr":2021,"dt":"2021-05-14T09:37:52","WOJ":18,"sev":2,"c":[255,165,0,160],"dmg":1,"sli":1,"ser":1,"fat":0,"row":-1,"mot":-1,"pie":-1,"uto":-1,"uwr":-1},"geometry":{"type":"Point","coordinates":[22.110028,50.784361]}},{"type":"Feature","properties":{"ID":110186401,"yr":2021,"dt":"2021-05-15T17:33:00","WOJ":18,"sev":2,"c":[255,165,0,160],"dmg":0,"sli":0,"ser":1,"fat":0,"row":-1,"mot":-1,"pie":-1,"uto":-1,"uwr":-1},"geometry":{"type":"Point","coordinates":[22.111194,50.800306]}},{"type":"Feature","properties":{"ID":110185073,"yr":2021,"dt":"2021-05-15T17:32:00","WOJ":18,"sev":2,"c":[255,165,0,160],"dmg":2,"sli":0,"ser":1,"fat":0,"row":2,"mot":-1,"pie":-1,"uto":-1,"uwr":-1},"geometry":{"type":"Point","coordinates":[22.053778,50.582361]}},{"type":"Feature","properties":{"ID":110125439,"yr":2021,"dt":"2021-04-15T05:43:00","WOJ":18,"sev":2,"c":[255,165,0,160],"dmg":1,"sli":0,"ser":1,"fat":0,"row":2,"mot":-1,"pie":-1,"uto":-1,"uwr":-1},"geometry":{"type":"Point","coordinates":[22.057111,50.566861]}},{"type":"Feature","properties":{"ID":110131420,"yr":2021,"dt":"2021-04-18T13:34:00","WOJ":18,"sev":2,"c":[255,165,0,160],"dmg":1,"sli":0,"ser":1,"fat":0,"row":-1,"mot":-1,"pie":-1,"uto":-1,"uwr":-1},"geometry":{"type":"Point","coordinates":[21.489611,49.570528]}},{"type":"Feature","properties":{"ID":110132251,"yr":2021,"dt":"2021-04-19T08:59:28","WOJ":18,"sev":2,"c":[255,165,0,160],"dmg":1,"sli":0,"ser":1,"fat":0,"row":-1,"mot":-1,"pie":-1,"uto":-1,"uwr":-1},"geometry":{"type":"Point","coordinates":[22.051806,50.57775]}},{"type":"Feature","properties":{"ID":110141693,"yr":2021,"dt":"2021-04-24T12:48:00","WOJ":18,"sev":2,"c":[255,165,0,160],"dmg":1,"sli":0,"ser":1,"fat":0,"row":2,"mot":-1,"pie":-1,"uto":-1,"uwr":-1},"geometry":{"type":"Point","coordinates":[21.797583,49.799361]}},{"type":"Feature","properties":{"ID":113618746,"yr":2021,"dt":"2021-11-30T09:31:01","WOJ":18,"sev":2,"c":[255,165,0,160],"dmg":1,"sli":0,"ser":1,"fat":0,"row":-1,"mot":-1,"pie":-1,"uto":-1,"uwr":-1},"geometry":{"type":"Point","coordinates":[22.042361,50.594306]}},{"type":"Feature","properties":{"ID":113641083,"yr":2021,"dt":"2021-11-30T07:21:00","WOJ":18,"sev":2,"c":[255,165,0,160],"dmg":0,"sli":2,"ser":1,"fat":0,"row":-1,"mot":-1,"pie":-1,"uto":-1,"uwr":-1},"geometry":{"type":"Point","coordinates":[21.910333,50.5755]}},{"type":"Feature","properties":{"ID":113755278,"yr":2021,"dt":"2021-12-01T16:30:14","WOJ":18,"sev":2,"c":[255,165,0,160],"dmg":1,"sli":0,"ser":1,"fat":0,"row":-1,"mot":-1,"pie":2,"uto":-1,"uwr":-1},"geometry":{"type":"Point","coordinates":[22.468861,49.690778]}},{"type":"Feature","properties":{"ID":113142905,"yr":2021,"dt":"2021-11-02T16:50:00","WOJ":18,"sev":2,"c":[255,165,0,160],"dmg":1,"sli":0,"ser":1,"fat":0,"row":-1,"mot":-1,"pie":2,"uto":-1,"uwr":-1},"geometry":{"type":"Point","coordinates":[21.476722,50.191583]}},{"type":"Feature","properties":{"ID":113409937,"yr":2021,"dt":"2021-11-03T07:18:00","WOJ":18,"sev":2,"c":[255,165,0,160],"dmg":2,"sli":0,"ser":1,"fat":0,"row":-1,"mot":-1,"pie":-1,"uto":-1,"uwr":-1},"geometry":{"type":"Point","coordinates":[22.038861,49.945139]}},{"type":"Feature","properties":{"ID":110290914,"yr":2021,"dt":"2021-06-22T18:34:00","WOJ":18,"sev":2,"c":[255,165,0,160],"dmg":1,"sli":0,"ser":1,"fat":0,"row":-1,"mot":2,"pie":-1,"uto":-1,"uwr":-1},"geometry":{"type":"Point","coordinates":[22.599167,49.431056]}},{"type":"Feature","properties":{"ID":110290391,"yr":2021,"dt":"2021-06-23T16:14:37","WOJ":18,"sev":2,"c":[255,165,0,160],"dmg":1,"sli":1,"ser":1,"fat":0,"row":-1,"mot":-1,"pie":-1,"uto":-1,"uwr":-1},"geometry":{"type":"Point","coordinates":[22.065333,50.56325]}},{"type":"Feature","properties":{"ID":110253135,"yr":2021,"dt":"2021-06-04T08:09:00","WOJ":18,"sev":2,"c":[255,165,0,160],"dmg":1,"sli":0,"ser":1,"fat":0,"row":-1,"mot":-1,"pie":-1,"uto":-1,"uwr":-1},"geometry":{"type":"Point","coordinates":[21.993139,50.093]}},{"type":"Feature","properties":{"ID":110253385,"yr":2021,"dt":"2021-06-04T15:05:00","WOJ":18,"sev":2,"c":[255,165,0,160],"dmg":0,"sli":0,"ser":2,"fat":0,"row":-1,"mot":-1,"pie":-1,"uto":-1,"uwr":-1},"geometry":{"type":"Point","coordinates":[22.373472,50.414694]}},{"type":"Feature","properties":{"ID":110254511,"yr":2021,"dt":"2021-06-04T14:03:54","WOJ":18,"sev":2,"c":[255,165,0,160],"dmg":0,"sli":1,"ser":1,"fat":0,"row":2,"mot":1,"pie":-1,"uto":-1,"uwr":-1},"geometry":{"type":"Point","coordinates":[22.668136,49.128072]}},{"type":"Feature","properties":{"ID":110256751,"yr":2021,"dt":"2021-06-06T16:02:00","WOJ":18,"sev":2,"c":[255,165,0,160],"dmg":1,"sli":0,"ser":1,"fat":0,"row":-1,"mot":2,"pie":-1,"uto":-1,"uwr":-1},"geometry":{"type":"Point","coordinates":[21.842222,49.842222]}},{"type":"Feature","properties":{"ID":113304004,"yr":2021,"dt":"2021-11-08T14:23:12","WOJ":18,"sev":2,"c":[255,165,0,160],"dmg":1,"sli":0,"ser":1,"fat":0,"row":2,"mot":-1,"pie":-1,"uto":-1,"uwr":-1},"geometry":{"type":"Point","coordinates":[21.428306,50.264167]}},{"type":"Feature","properties":{"ID":113398803,"yr":2021,"dt":"2021-11-10T17:19:29","WOJ":18,"sev":2,"c":[255,165,0,160],"dmg":0,"sli":0,"ser":2,"fat":0,"row":-1,"mot":-1,"pie":2,"uto":-1,"uwr":-1},"geometry":{"type":"Point","coordinates":[21.35425,50.014639]}},{"type":"Feature","properties":{"ID":113401856,"yr":2021,"dt":"2021-11-10T10:13:44","WOJ":18,"sev":2,"c":[255,165,0,160],"dmg":1,"sli":0,"ser":1,"fat":0,"row":-1,"mot":-1,"pie":2,"uto":-1,"uwr":-1},"geometry":{"type":"Point","coordinates":[22.064806,50.570278]}},{"type":"Feature","properties":{"ID":110257187,"yr":2021,"dt":"2021-06-07T15:28:00","WOJ":18,"sev":2,"c":[255,165,0,160],"dmg":1,"sli":0,"ser":1,"fat":0,"row":-1,"mot":-1,"pie":-1,"uto":-1,"uwr":-1},"geometry":{"type":"Point","coordinates":[22.519167,49.430611]}},{"type":"Feature","properties":{"ID":110261627,"yr":2021,"dt":"2021-06-08T10:54:00","WOJ":18,"sev":2,"c":[255,165,0,160],"dmg":1,"sli":0,"ser":1,"fat":0,"row":-1,"mot":-1,"pie":2,"uto":-1,"uwr":-1},"geometry":{"type":"Point","coordinates":[22.777167,49.787278]}},{"type":"Feature","properties":{"ID":110262562,"yr":2021,"dt":"2021-06-09T05:58:15","WOJ":18,"sev":2,"c":[255,165,0,160],"dmg":1,"sli":0,"ser":1,"fat":0,"row":-1,"mot":2,"pie":-1,"uto":-1,"uwr":-1},"geometry":{"type":"Point","coordinates":[22.493027,50.083191]}},{"type":"Feature","properties":{"ID":110270464,"yr":2021,"dt":"2021-06-12T16:09:00","WOJ":18,"sev":2,"c":[255,165,0,160],"dmg":1,"sli":0,"ser":1,"fat":0,"row":-1,"mot":2,"pie":-1,"uto":-1,"uwr":-1},"geometry":{"type":"Point","coordinates":[22.484333,50.135528]}},{"type":"Feature","properties":{"ID":110271132,"yr":2021,"dt":"2021-06-13T17:03:00","WOJ":18,"sev":2,"c":[255,165,0,160],"dmg":1,"sli":1,"ser":1,"fat":0,"row":-1,"mot":-1,"pie":-1,"uto":-1,"uwr":-1},"geometry":{"type":"Point","coordinates":[21.328944,50.258]}},{"type":"Feature","properties":{"ID":110212273,"yr":2021,"dt":"2021-05-27T09:41:00","WOJ":18,"sev":2,"c":[255,165,0,160],"dmg":3,"sli":1,"ser":1,"fat":0,"row":-1,"mot":-1,"pie":2,"uto":-1,"uwr":-1},"geometry":{"type":"Point","coordinates":[22.032389,50.043333]}},{"type":"Feature","properties":{"ID":110211101,"yr":2021,"dt":"2021-05-27T19:26:37","WOJ":18,"sev":2,"c":[255,165,0,160],"dmg":1,"sli":0,"ser":1,"fat":0,"row":2,"mot":-1,"pie":-1,"uto":-1,"uwr":-1},"geometry":{"type":"Point","coordinates":[22.120139,50.581389]}},{"type":"Feature","properties":{"ID":110213438,"yr":2021,"dt":"2021-05-27T15:20:00","WOJ":18,"sev":2,"c":[255,165,0,160],"dmg":2,"sli":0,"ser":1,"fat":0,"row":-1,"mot":-1,"pie":-1,"uto":-1,"uwr":-1},"geometry":{"type":"Point","coordinates":[21.877,49.847833]}},{"type":"Feature","properties":{"ID":110215411,"yr":2021,"dt":"2021-05-28T09:55:08","WOJ":18,"sev":2,"c":[255,165,0,160],"dmg":1,"sli":0,"ser":1,"fat":0,"row":-1,"mot":-1,"pie":2,"uto":-1,"uwr":-1},"geometry":{"type":"Point","coordinates":[22.208694,49.563972]}},{"type":"Feature","properties":{"ID":113409832,"yr":2021,"dt":"2021-11-11T14:00:00","WOJ":18,"sev":2,"c":[255,165,0,160],"dmg":0,"sli":0,"ser":1,"fat":0,"row":-1,"mot":2,"pie":-1,"uto":-1,"uwr":-1},"geometry":{"type":"Point","coordinates":[22.9111,49.5841]}},{"type":"Feature","properties":{"ID":113404101,"yr":2021,"dt":"2021-11-11T17:36:56","WOJ":18,"sev":2,"c":[255,165,0,160],"dmg":1,"sli":0,"ser":1,"fat":0,"row":2,"mot":-1,"pie":-1,"uto":-1,"uwr":-1},"geometry":{"type":"Point","coordinates":[22.027972,50.654611]}},{"type":"Feature","properties":{"ID":113641018,"yr":2021,"dt":"2021-11-21T00:11:00","WOJ":18,"sev":2,"c":[255,165,0,160],"dmg":0,"sli":0,"ser":1,"fat":0,"row":-1,"mot":-1,"pie":-1,"uto":-1,"uwr":-1},"geometry":{"type":"Point","coordinates":[21.516833,50.660944]}},{"type":"Feature","properties":{"ID":110269704,"yr":2021,"dt":"2021-05-26T21:00:00","WOJ":18,"sev":2,"c":[255,165,0,160],"dmg":1,"sli":0,"ser":1,"fat":0,"row":2,"mot":-1,"pie":-1,"uto":-1,"uwr":-1},"geometry":{"type":"Point","coordinates":[22.017556,50.019028]}},{"type":"Feature","properties":{"ID":110213389,"yr":2021,"dt":"2021-05-27T11:36:00","WOJ":18,"sev":2,"c":[255,165,0,160],"dmg":1,"sli":0,"ser":1,"fat":0,"row":-1,"mot":-1,"pie":-1,"uto":-1,"uwr":-1},"geometry":{"type":"Point","coordinates":[21.816222,49.513306]}},{"type":"Feature","properties":{"ID":110173585,"yr":2021,"dt":"2021-05-10T00:17:00","WOJ":18,"sev":2,"c":[255,165,0,160],"dmg":1,"sli":0,"ser":1,"fat":0,"row":-1,"mot":-1,"pie":-1,"uto":-1,"uwr":-1},"geometry":{"type":"Point","coordinates":[22.010944,49.692778]}},{"type":"Feature","properties":{"ID":110175231,"yr":2021,"dt":"2021-05-10T12:46:35","WOJ":18,"sev":2,"c":[255,165,0,160],"dmg":2,"sli":0,"ser":1,"fat":0,"row":-1,"mot":-1,"pie":-1,"uto":-1,"uwr":-1},"geometry":{"type":"Point","coordinates":[22.047389,50.581694]}},{"type":"Feature","properties":{"ID":110173088,"yr":2021,"dt":"2021-05-10T07:27:53","WOJ":18,"sev":2,"c":[255,165,0,160],"dmg":1,"sli":0,"ser":1,"fat":0,"row":-1,"mot":-1,"pie":-1,"uto":-1,"uwr":-1},"geometry":{"type":"Point","coordinates":[22.234194,49.529139]}},{"type":"Feature","properties":{"ID":110179473,"yr":2021,"dt":"2021-05-12T16:11:00","WOJ":18,"sev":2,"c":[255,165,0,160],"dmg":1,"sli":0,"ser":1,"fat":0,"row":-1,"mot":-1,"pie":-1,"uto":-1,"uwr":-1},"geometry":{"type":"Point","coordinates":[21.987833,50.024417]}},{"type":"Feature","properties":{"ID":110178893,"yr":2021,"dt":"2021-05-12T18:41:00","WOJ":18,"sev":2,"c":[255,165,0,160],"dmg":1,"sli":0,"ser":1,"fat":0,"row":2,"mot":-1,"pie":-1,"uto":-1,"uwr":-1},"geometry":{"type":"Point","coordinates":[21.483806,50.215806]}},{"type":"Feature","properties":{"ID":113552988,"yr":2021,"dt":"2021-11-26T17:48:01","WOJ":18,"sev":2,"c":[255,165,0,160],"dmg":1,"sli":0,"ser":1,"fat":0,"row":-1,"mot":-1,"pie":2,"uto":-1,"uwr":-1},"geometry":{"type":"Point","coordinates":[22.095472,49.600472]}},{"type":"Feature","properties":{"ID":113527130,"yr":2021,"dt":"2021-11-26T12:09:37","WOJ":18,"sev":2,"c":[255,165,0,160],"dmg":0,"sli":0,"ser":1,"fat":0,"row":-1,"mot":-1,"pie":-1,"uto":-1,"uwr":-1},"geometry":{"type":"Point","coordinates":[22.107278,50.599556]}},{"type":"Feature","properties":{"ID":110218327,"yr":2021,"dt":"2021-05-28T19:27:46","WOJ":18,"sev":2,"c":[255,165,0,160],"dmg":1,"sli":0,"ser":1,"fat":0,"row":-1,"mot":-1,"pie":-1,"uto":-1,"uwr":-1},"geometry":{"type":"Point","coordinates":[21.289472,49.978972]}},{"type":"Feature","properties":{"ID":110218319,"yr":2021,"dt":"2021-05-28T17:53:18","WOJ":18,"sev":2,"c":[255,165,0,160],"dmg":0,"sli":0,"ser":1,"fat":0,"row":-1,"mot":2,"pie":-1,"uto":-1,"uwr":-1},"geometry":{"type":"Point","coordinates":[22.321167,50.069194]}},{"type":"Feature","properties":{"ID":110250304,"yr":2021,"dt":"2021-06-02T15:24:50","WOJ":18,"sev":2,"c":[255,165,0,160],"dmg":0,"sli":0,"ser":1,"fat":0,"row":-1,"mot":-1,"pie":-1,"uto":-1,"uwr":-1},"geometry":{"type":"Point","coordinates":[21.346583,49.740056]}},{"type":"Feature","properties":{"ID":110249893,"yr":2021,"dt":"2021-06-02T13:25:13","WOJ":18,"sev":2,"c":[255,165,0,160],"dmg":1,"sli":0,"ser":1,"fat":0,"row":-1,"mot":-1,"pie":2,"uto":-1,"uwr":-1},"geometry":{"type":"Point","coordinates":[22.062944,50.574528]}},{"type":"Feature","properties":{"ID":110252364,"yr":2021,"dt":"2021-06-03T21:13:16","WOJ":18,"sev":2,"c":[255,165,0,160],"dmg":0,"sli":0,"ser":1,"fat":0,"row":-1,"mot":2,"pie":-1,"uto":-1,"uwr":-1},"geometry":{"type":"Point","coordinates":[22.050694,50.564889]}},{"type":"Feature","properties":{"ID":110193592,"yr":2021,"dt":"2021-05-20T11:39:00","WOJ":18,"sev":2,"c":[255,165,0,160],"dmg":0,"sli":2,"ser":1,"fat":0,"row":-1,"mot":-1,"pie":-1,"uto":-1,"uwr":-1},"geometry":{"type":"Point","coordinates":[21.919056,49.632083]}},{"type":"Feature","properties":{"ID":110208415,"yr":2021,"dt":"2021-05-20T23:12:00","WOJ":18,"sev":2,"c":[255,165,0,160],"dmg":1,"sli":0,"ser":1,"fat":0,"row":-1,"mot":-1,"pie":-1,"uto":-1,"uwr":-1},"geometry":{"type":"Point","coordinates":[22.19214,49.98082]}},{"type":"Feature","properties":{"ID":110194329,"yr":2021,"dt":"2021-05-20T06:54:27","WOJ":18,"sev":2,"c":[255,165,0,160],"dmg":1,"sli":0,"ser":1,"fat":0,"row":-1,"mot":-1,"pie":-1,"uto":-1,"uwr":-1},"geometry":{"type":"Point","coordinates":[22.266459,50.079617]}},{"type":"Feature","properties":{"ID":110196602,"yr":2021,"dt":"2021-05-21T13:20:00","WOJ":18,"sev":2,"c":[255,165,0,160],"dmg":4,"sli":0,"ser":1,"fat":0,"row":-1,"mot":-1,"pie":-1,"uto":-1,"uwr":-1},"geometry":{"type":"Point","coordinates":[21.614972,49.830806]}},{"type":"Feature","properties":{"ID":110204312,"yr":2021,"dt":"2021-05-23T14:23:37","WOJ":18,"sev":2,"c":[255,165,0,160],"dmg":1,"sli":0,"ser":1,"fat":0,"row":2,"mot":-1,"pie":-1,"uto":-1,"uwr":-1},"geometry":{"type":"Point","coordinates":[22.217889,50.488583]}},{"type":"Feature","properties":{"ID":113481891,"yr":2021,"dt":"2021-11-17T11:17:00","WOJ":18,"sev":2,"c":[255,165,0,160],"dmg":1,"sli":0,"ser":1,"fat":0,"row":-1,"mot":-1,"pie":-1,"uto":-1,"uwr":-1},"geometry":{"type":"Point","coordinates":[22.068917,50.138694]}},{"type":"Feature","properties":{"ID":113469692,"yr":2021,"dt":"2021-11-17T06:58:25","WOJ":18,"sev":2,"c":[255,165,0,160],"dmg":1,"sli":0,"ser":1,"fat":0,"row":-1,"mot":-1,"pie":-1,"uto":-1,"uwr":-1},"geometry":{"type":"Point","coordinates":[22.205583,49.433306]}},{"type":"Feature","properties":{"ID":113480015,"yr":2021,"dt":"2021-11-19T05:41:10","WOJ":18,"sev":2,"c":[255,165,0,160],"dmg":1,"sli":0,"ser":1,"fat":0,"row":-1,"mot":-1,"pie":2,"uto":-1,"uwr":-1},"geometry":{"type":"Point","coordinates":[22.007917,50.040083]}},{"type":"Feature","properties":{"ID":109956345,"yr":2021,"dt":"2021-02-25T13:49:06","WOJ":18,"sev":2,"c":[255,165,0,160],"dmg":1,"sli":0,"ser":2,"fat":0,"row":-1,"mot":-1,"pie":-1,"uto":-1,"uwr":-1},"geometry":{"type":"Point","coordinates":[21.509583,49.710417]}},{"type":"Feature","properties":{"ID":109969200,"yr":2021,"dt":"2021-03-02T07:05:00","WOJ":18,"sev":2,"c":[255,165,0,160],"dmg":2,"sli":0,"ser":2,"fat":0,"row":-1,"mot":-1,"pie":2,"uto":-1,"uwr":-1},"geometry":{"type":"Point","coordinates":[22.759167,49.779167]}},{"type":"Feature","properties":{"ID":109970287,"yr":2021,"dt":"2021-03-03T06:51:00","WOJ":18,"sev":2,"c":[255,165,0,160],"dmg":1,"sli":0,"ser":1,"fat":0,"row":-1,"mot":-1,"pie":2,"uto":-1,"uwr":-1},"geometry":{"type":"Point","coordinates":[22.21758,49.89731]}},{"type":"Feature","properties":{"ID":110533757,"yr":2021,"dt":"2021-09-21T12:58:02","WOJ":18,"sev":2,"c":[255,165,0,160],"dmg":1,"sli":0,"ser":1,"fat":0,"row":-1,"mot":-1,"pie":-1,"uto":-1,"uwr":-1},"geometry":{"type":"Point","coordinates":[21.928861,50.673889]}},{"type":"Feature","properties":{"ID":110537261,"yr":2021,"dt":"2021-09-23T06:34:31","WOJ":18,"sev":2,"c":[255,165,0,160],"dmg":0,"sli":1,"ser":1,"fat":0,"row":-1,"mot":-1,"pie":-1,"uto":-1,"uwr":-1},"geometry":{"type":"Point","coordinates":[21.708583,49.588806]}},{"type":"Feature","properties":{"ID":110720808,"yr":2021,"dt":"2021-09-27T13:40:10","WOJ":18,"sev":2,"c":[255,165,0,160],"dmg":1,"sli":0,"ser":1,"fat":0,"row":-1,"mot":-1,"pie":2,"uto":-1,"uwr":-1},"geometry":{"type":"Point","coordinates":[21.976389,50.049778]}},{"type":"Feature","properties":{"ID":111472805,"yr":2021,"dt":"2021-09-29T13:20:00","WOJ":18,"sev":2,"c":[255,165,0,160],"dmg":1,"sli":0,"ser":1,"fat":0,"row":2,"mot":-1,"pie":-1,"uto":-1,"uwr":-1},"geometry":{"type":"Point","coordinates":[22.032417,50.037917]}},{"type":"Feature","properties":{"ID":111700912,"yr":2021,"dt":"2021-09-30T07:08:00","WOJ":18,"sev":2,"c":[255,165,0,160],"dmg":2,"sli":0,"ser":1,"fat":0,"row":-1,"mot":-1,"pie":-1,"uto":-1,"uwr":-1},"geometry":{"type":"Point","coordinates":[22.156111,50.271417]}},{"type":"Feature","properties":{"ID":109757155,"yr":2021,"dt":"2021-01-11T17:14:00","WOJ":18,"sev":2,"c":[255,165,0,160],"dmg":1,"sli":0,"ser":1,"fat":0,"row":2,"mot":-1,"pie":-1,"uto":-1,"uwr":-1},"geometry":{"type":"Point","coordinates":[21.860361,50.373306]}},{"type":"Feature","properties":{"ID":111700987,"yr":2021,"dt":"2021-10-06T08:00:00","WOJ":18,"sev":2,"c":[255,165,0,160],"dmg":1,"sli":0,"ser":1,"fat":0,"row":-1,"mot":-1,"pie":-1,"uto":-1,"uwr":-1},"geometry":{"type":"Point","coordinates":[22.688389,50.015944]}},{"type":"Feature","properties":{"ID":112456894,"yr":2021,"dt":"2021-10-07T12:17:00","WOJ":18,"sev":2,"c":[255,165,0,160],"dmg":2,"sli":0,"ser":1,"fat":0,"row":-1,"mot":-1,"pie":-1,"uto":-1,"uwr":-1},"geometry":{"type":"Point","coordinates":[22.119194,50.103611]}},{"type":"Feature","properties":{"ID":110528926,"yr":2021,"dt":"2021-09-19T14:26:23","WOJ":18,"sev":2,"c":[255,165,0,160],"dmg":1,"sli":0,"ser":1,"fat":0,"row":2,"mot":-1,"pie":-1,"uto":-1,"uwr":-1},"geometry":{"type":"Point","coordinates":[22.057167,50.570139]}},{"type":"Feature","properties":{"ID":110530036,"yr":2021,"dt":"2021-09-19T19:35:20","WOJ":18,"sev":2,"c":[255,165,0,160],"dmg":2,"sli":0,"ser":1,"fat":0,"row":-1,"mot":-1,"pie":-1,"uto":-1,"uwr":-1},"geometry":{"type":"Point","coordinates":[21.805972,50.118028]}},{"type":"Feature","properties":{"ID":110529729,"yr":2021,"dt":"2021-09-20T17:30:00","WOJ":18,"sev":2,"c":[255,165,0,160],"dmg":2,"sli":0,"ser":1,"fat":0,"row":-1,"mot":-1,"pie":-1,"uto":-1,"uwr":-1},"geometry":{"type":"Point","coordinates":[21.966944,50.574028]}},{"type":"Feature","properties":{"ID":111702894,"yr":2021,"dt":"2021-09-21T13:40:00","WOJ":18,"sev":2,"c":[255,165,0,160],"dmg":1,"sli":0,"ser":1,"fat":0,"row":2,"mot":-1,"pie":-1,"uto":-1,"uwr":-1},"geometry":{"type":"Point","coordinates":[21.970694,50.041361]}},{"type":"Feature","properties":{"ID":109803217,"yr":2021,"dt":"2021-01-19T12:53:22","WOJ":18,"sev":2,"c":[255,165,0,160],"dmg":1,"sli":0,"ser":1,"fat":0,"row":-1,"mot":-1,"pie":2,"uto":-1,"uwr":-1},"geometry":{"type":"Point","coordinates":[22.070694,50.565417]}},{"type":"Feature","properties":{"ID":109799942,"yr":2021,"dt":"2021-01-19T19:22:31","WOJ":18,"sev":2,"c":[255,165,0,160],"dmg":2,"sli":0,"ser":1,"fat":0,"row":-1,"mot":-1,"pie":-1,"uto":-1,"uwr":-1},"geometry":{"type":"Point","coordinates":[22.488544,50.049621]}},{"type":"Feature","properties":{"ID":109705435,"yr":2021,"dt":"2021-01-02T16:20:00","WOJ":18,"sev":2,"c":[255,165,0,160],"dmg":1,"sli":0,"ser":1,"fat":0,"row":-1,"mot":-1,"pie":2,"uto":-1,"uwr":-1},"geometry":{"type":"Point","coordinates":[22.24055,49.81478]}},{"type":"Feature","properties":{"ID":116760875,"yr":2021,"dt":"2021-12-18T13:01:00","WOJ":18,"sev":2,"c":[255,165,0,160],"dmg":0,"sli":1,"ser":1,"fat":0,"row":-1,"mot":-1,"pie":-1,"uto":-1,"uwr":-1},"geometry":{"type":"Point","coordinates":[22.0345,50.027444]}},{"type":"Feature","properties":{"ID":109793813,"yr":2021,"dt":"2021-01-14T18:39:06","WOJ":18,"sev":2,"c":[255,165,0,160],"dmg":1,"sli":0,"ser":1,"fat":0,"row":-1,"mot":-1,"pie":2,"uto":-1,"uwr":-1},"geometry":{"type":"Point","coordinates":[22.550167,50.087389]}},{"type":"Feature","properties":{"ID":116836842,"yr":2021,"dt":"2021-12-30T17:48:00","WOJ":18,"sev":2,"c":[255,165,0,160],"dmg":1,"sli":0,"ser":1,"fat":0,"row":-1,"mot":-1,"pie":2,"uto":-1,"uwr":-1},"geometry":{"type":"Point","coordinates":[21.407639,49.733528]}},{"type":"Feature","properties":{"ID":118171818,"yr":2021,"dt":"2021-12-24T17:04:00","WOJ":18,"sev":2,"c":[255,165,0,160],"dmg":1,"sli":0,"ser":1,"fat":0,"row":-1,"mot":-1,"pie":2,"uto":-1,"uwr":-1},"geometry":{"type":"Point","coordinates":[21.592278,50.013167]}},{"type":"Feature","properties":{"ID":116738272,"yr":2021,"dt":"2021-12-22T18:11:36","WOJ":18,"sev":2,"c":[255,165,0,160],"dmg":1,"sli":0,"ser":1,"fat":0,"row":-1,"mot":-1,"pie":2,"uto":-1,"uwr":-1},"geometry":{"type":"Point","coordinates":[21.427806,50.292056]}},{"type":"Feature","properties":{"ID":109790823,"yr":2021,"dt":"2021-01-14T06:32:32","WOJ":18,"sev":3,"c":[255,0,0,160],"dmg":1,"sli":0,"ser":0,"fat":1,"row":-1,"mot":-1,"pie":3,"uto":-1,"uwr":-1},"geometry":{"type":"Point","coordinates":[22.127917,49.527528]}},{"type":"Feature","properties":{"ID":109827514,"yr":2021,"dt":"2021-01-21T20:25:38","WOJ":18,"sev":3,"c":[255,0,0,160],"dmg":1,"sli":0,"ser":0,"fat":1,"row":-1,"mot":-1,"pie":3,"uto":-1,"uwr":-1},"geometry":{"type":"Point","coordinates":[21.490417,50.251528]}},{"type":"Feature","properties":{"ID":109759137,"yr":2021,"dt":"2021-01-11T20:55:00","WOJ":18,"sev":3,"c":[255,0,0,160],"dmg":1,"sli":0,"ser":0,"fat":1,"row":-1,"mot":-1,"pie":3,"uto":-1,"uwr":-1},"geometry":{"type":"Point","coordinates":[22.624833,49.916944]}},{"type":"Feature","properties":{"ID":109742165,"yr":2021,"dt":"2021-01-11T08:50:00","WOJ":18,"sev":3,"c":[255,0,0,160],"dmg":0,"sli":1,"ser":0,"fat":1,"row":-1,"mot":-1,"pie":-1,"uto":-1,"uwr":-1},"geometry":{"type":"Point","coordinates":[22.092694,50.140806]}},{"type":"Feature","properties":{"ID":109827601,"yr":2021,"dt":"2021-01-08T22:35:00","WOJ":18,"sev":3,"c":[255,0,0,160],"dmg":2,"sli":0,"ser":0,"fat":1,"row":-1,"mot":-1,"pie":-1,"uto":-1,"uwr":-1},"geometry":{"type":"Point","coordinates":[21.477944,50.412778]}},{"type":"Feature","properties":{"ID":111053815,"yr":2021,"dt":"2021-09-30T21:21:19","WOJ":18,"sev":3,"c":[255,0,0,160],"dmg":1,"sli":0,"ser":0,"fat":1,"row":-1,"mot":-1,"pie":3,"uto":-1,"uwr":-1},"geometry":{"type":"Point","coordinates":[21.343667,49.917778]}},{"type":"Feature","properties":{"ID":109975571,"yr":2021,"dt":"2021-03-05T23:45:00","WOJ":18,"sev":3,"c":[255,0,0,160],"dmg":1,"sli":27,"ser":7,"fat":6,"row":-1,"mot":-1,"pie":-1,"uto":-1,"uwr":-1},"geometry":{"type":"Point","coordinates":[22.759944,49.916556]}},{"type":"Feature","properties":{"ID":109972532,"yr":2021,"dt":"2021-03-04T18:43:00","WOJ":18,"sev":3,"c":[255,0,0,160],"dmg":1,"sli":0,"ser":0,"fat":1,"row":3,"mot":-1,"pie":-1,"uto":-1,"uwr":-1},"geometry":{"type":"Point","coordinates":[21.41725,50.38475]}},{"type":"Feature","properties":{"ID":109955393,"yr":2021,"dt":"2021-02-24T13:20:00","WOJ":18,"sev":3,"c":[255,0,0,160],"dmg":1,"sli":0,"ser":0,"fat":1,"row":-1,"mot":-1,"pie":3,"uto":-1,"uwr":-1},"geometry":{"type":"Point","coordinates":[21.780583,49.685083]}},{"type":"Feature","properties":{"ID":113501871,"yr":2021,"dt":"2021-11-19T22:20:00","WOJ":18,"sev":3,"c":[255,0,0,160],"dmg":1,"sli":0,"ser":0,"fat":1,"row":-1,"mot":-1,"pie":3,"uto":-1,"uwr":-1},"geometry":{"type":"Point","coordinates":[21.652111,50.561306]}},{"type":"Feature","properties":{"ID":110203560,"yr":2021,"dt":"2021-05-22T14:00:00","WOJ":18,"sev":3,"c":[255,0,0,160],"dmg":0,"sli":2,"ser":1,"fat":1,"row":-1,"mot":-1,"pie":-1,"uto":-1,"uwr":-1},"geometry":{"type":"Point","coordinates":[22.0065,50.063083]}},{"type":"Feature","properties":{"ID":110252400,"yr":2021,"dt":"2021-06-03T21:33:00","WOJ":18,"sev":3,"c":[255,0,0,160],"dmg":1,"sli":0,"ser":0,"fat":1,"row":3,"mot":-1,"pie":-1,"uto":-1,"uwr":-1},"geometry":{"type":"Point","coordinates":[22.017444,50.014639]}},{"type":"Feature","properties":{"ID":113498115,"yr":2021,"dt":"2021-11-22T16:59:39","WOJ":18,"sev":3,"c":[255,0,0,160],"dmg":2,"sli":0,"ser":0,"fat":1,"row":-1,"mot":-1,"pie":-1,"uto":-1,"uwr":-1},"geometry":{"type":"Point","coordinates":[21.873528,50.200833]}},{"type":"Feature","properties":{"ID":110177452,"yr":2021,"dt":"2021-05-11T20:56:58","WOJ":18,"sev":3,"c":[255,0,0,160],"dmg":1,"sli":0,"ser":0,"fat":1,"row":-1,"mot":-1,"pie":3,"uto":-1,"uwr":-1},"geometry":{"type":"Point","coordinates":[22.333556,49.430889]}},{"type":"Feature","properties":{"ID":110167004,"yr":2021,"dt":"2021-05-05T18:51:00","WOJ":18,"sev":3,"c":[255,0,0,160],"dmg":1,"sli":0,"ser":0,"fat":1,"row":-1,"mot":-1,"pie":-1,"uto":-1,"uwr":-1},"geometry":{"type":"Point","coordinates":[21.483,50.470472]}},{"type":"Feature","properties":{"ID":113487337,"yr":2021,"dt":"2021-11-21T18:33:36","WOJ":18,"sev":3,"c":[255,0,0,160],"dmg":1,"sli":0,"ser":0,"fat":1,"row":-1,"mot":-1,"pie":3,"uto":-1,"uwr":-1},"geometry":{"type":"Point","coordinates":[22.225222,49.535389]}},{"type":"Feature","properties":{"ID":113492912,"yr":2021,"dt":"2021-11-21T19:30:00","WOJ":18,"sev":3,"c":[255,0,0,160],"dmg":1,"sli":0,"ser":0,"fat":1,"row":-1,"mot":-1,"pie":3,"uto":-1,"uwr":-1},"geometry":{"type":"Point","coordinates":[22.820694,49.922389]}},{"type":"Feature","properties":{"ID":113483552,"yr":2021,"dt":"2021-11-20T11:17:24","WOJ":18,"sev":3,"c":[255,0,0,160],"dmg":1,"sli":0,"ser":0,"fat":1,"row":-1,"mot":-1,"pie":-1,"uto":-1,"uwr":-1},"geometry":{"type":"Point","coordinates":[21.887833,49.836917]}},{"type":"Feature","properties":{"ID":110215154,"yr":2021,"dt":"2021-05-28T00:24:55","WOJ":18,"sev":3,"c":[255,0,0,160],"dmg":1,"sli":0,"ser":0,"fat":1,"row":-1,"mot":-1,"pie":-1,"uto":-1,"uwr":-1},"geometry":{"type":"Point","coordinates":[22.214139,50.098361]}},{"type":"Feature","properties":{"ID":113430036,"yr":2021,"dt":"2021-11-14T16:27:59","WOJ":18,"sev":3,"c":[255,0,0,160],"dmg":1,"sli":0,"ser":0,"fat":1,"row":-1,"mot":-1,"pie":3,"uto":-1,"uwr":-1},"geometry":{"type":"Point","coordinates":[21.77725,49.870778]}},{"type":"Feature","properties":{"ID":113406233,"yr":2021,"dt":"2021-11-12T10:51:56","WOJ":18,"sev":3,"c":[255,0,0,160],"dmg":3,"sli":0,"ser":0,"fat":1,"row":-1,"mot":-1,"pie":-1,"uto":-1,"uwr":-1},"geometry":{"type":"Point","coordinates":[21.938806,49.981333]}},{"type":"Feature","properties":{"ID":110210695,"yr":2021,"dt":"2021-05-27T13:54:14","WOJ":18,"sev":3,"c":[255,0,0,160],"dmg":1,"sli":0,"ser":0,"fat":1,"row":-1,"mot":-1,"pie":-1,"uto":-1,"uwr":-1},"geometry":{"type":"Point","coordinates":[22.214944,49.446639]}},{"type":"Feature","properties":{"ID":110280113,"yr":2021,"dt":"2021-06-16T14:17:05","WOJ":18,"sev":3,"c":[255,0,0,160],"dmg":1,"sli":0,"ser":0,"fat":1,"row":-1,"mot":-1,"pie":3,"uto":-1,"uwr":-1},"geometry":{"type":"Point","coordinates":[22.046,50.062111]}},{"type":"Feature","properties":{"ID":110283689,"yr":2021,"dt":"2021-06-15T10:10:00","WOJ":18,"sev":3,"c":[255,0,0,160],"dmg":1,"sli":0,"ser":0,"fat":1,"row":-1,"mot":-1,"pie":-1,"uto":-1,"uwr":-1},"geometry":{"type":"Point","coordinates":[21.4995,50.120556]}},{"type":"Feature","properties":{"ID":113277020,"yr":2021,"dt":"2021-11-07T01:14:06","WOJ":18,"sev":3,"c":[255,0,0,160],"dmg":1,"sli":0,"ser":0,"fat":1,"row":-1,"mot":-1,"pie":3,"uto":-1,"uwr":-1},"geometry":{"type":"Point","coordinates":[22.514361,50.494083]}},{"type":"Feature","properties":{"ID":110256598,"yr":2021,"dt":"2021-06-06T11:40:00","WOJ":18,"sev":3,"c":[255,0,0,160],"dmg":1,"sli":0,"ser":0,"fat":1,"row":-1,"mot":3,"pie":-1,"uto":-1,"uwr":-1},"geometry":{"type":"Point","coordinates":[21.837667,49.939722]}},{"type":"Feature","properties":{"ID":110299008,"yr":2021,"dt":"2021-06-24T13:55:00","WOJ":18,"sev":3,"c":[255,0,0,160],"dmg":1,"sli":0,"ser":0,"fat":1,"row":3,"mot":-1,"pie":-1,"uto":-1,"uwr":-1},"geometry":{"type":"Point","coordinates":[22.43275,50.301278]}},{"type":"Feature","properties":{"ID":113085165,"yr":2021,"dt":"2021-11-03T06:54:14","WOJ":18,"sev":3,"c":[255,0,0,160],"dmg":1,"sli":0,"ser":0,"fat":1,"row":3,"mot":-1,"pie":-1,"uto":-1,"uwr":-1},"geometry":{"type":"Point","coordinates":[21.919667,50.157028]}},{"type":"Feature","properties":{"ID":110145179,"yr":2021,"dt":"2021-04-25T19:59:00","WOJ":18,"sev":3,"c":[255,0,0,160],"dmg":1,"sli":6,"ser":1,"fat":1,"row":-1,"mot":-1,"pie":-1,"uto":-1,"uwr":-1},"geometry":{"type":"Point","coordinates":[21.573111,50.503389]}},{"type":"Feature","properties":{"ID":110142213,"yr":2021,"dt":"2021-04-24T07:40:45","WOJ":18,"sev":3,"c":[255,0,0,160],"dmg":1,"sli":0,"ser":0,"fat":1,"row":-1,"mot":-1,"pie":3,"uto":-1,"uwr":-1},"geometry":{"type":"Point","coordinates":[22.137917,50.500306]}},{"type":"Feature","properties":{"ID":110136659,"yr":2021,"dt":"2021-04-17T19:30:00","WOJ":18,"sev":3,"c":[255,0,0,160],"dmg":1,"sli":0,"ser":0,"fat":1,"row":-1,"mot":-1,"pie":3,"uto":-1,"uwr":-1},"geometry":{"type":"Point","coordinates":[21.463639,49.738111]}},{"type":"Feature","properties":{"ID":110191909,"yr":2021,"dt":"2021-05-19T17:28:00","WOJ":18,"sev":3,"c":[255,0,0,160],"dmg":0,"sli":0,"ser":0,"fat":1,"row":-1,"mot":3,"pie":-1,"uto":-1,"uwr":-1},"geometry":{"type":"Point","coordinates":[21.271861,50.328167]}},{"type":"Feature","properties":{"ID":116742831,"yr":2021,"dt":"2021-11-27T13:08:00","WOJ":18,"sev":3,"c":[255,0,0,160],"dmg":1,"sli":0,"ser":0,"fat":1,"row":-1,"mot":-1,"pie":3,"uto":-1,"uwr":-1},"geometry":{"type":"Point","coordinates":[21.750306,50.415722]}},{"type":"Feature","properties":{"ID":113076906,"yr":2021,"dt":"2021-11-02T07:06:43","WOJ":18,"sev":3,"c":[255,0,0,160],"dmg":1,"sli":0,"ser":0,"fat":1,"row":-1,"mot":-1,"pie":-1,"uto":-1,"uwr":-1},"geometry":{"type":"Point","coordinates":[22.151889,50.775861]}},{"type":"Feature","properties":{"ID":110286548,"yr":2021,"dt":"2021-06-19T13:24:10","WOJ":18,"sev":3,"c":[255,0,0,160],"dmg":0,"sli":0,"ser":0,"fat":1,"row":-1,"mot":-1,"pie":-1,"uto":-1,"uwr":-1},"geometry":{"type":"Point","coordinates":[21.925417,50.670861]}},{"type":"Feature","properties":{"ID":110316560,"yr":2021,"dt":"2021-07-06T22:05:00","WOJ":18,"sev":3,"c":[255,0,0,160],"dmg":0,"sli":0,"ser":0,"fat":1,"row":-1,"mot":3,"pie":-1,"uto":-1,"uwr":-1},"geometry":{"type":"Point","coordinates":[21.755556,50.403833]}},{"type":"Feature","properties":{"ID":113023147,"yr":2021,"dt":"2021-10-29T10:12:29","WOJ":18,"sev":3,"c":[255,0,0,160],"dmg":1,"sli":0,"ser":1,"fat":1,"row":-1,"mot":-1,"pie":-1,"uto":-1,"uwr":-1},"geometry":{"type":"Point","coordinates":[22.064306,50.622861]}},{"type":"Feature","properties":{"ID":110308637,"yr":2021,"dt":"2021-07-03T14:31:24","WOJ":18,"sev":3,"c":[255,0,0,160],"dmg":0,"sli":1,"ser":1,"fat":2,"row":-1,"mot":-1,"pie":-1,"uto":-1,"uwr":-1},"geometry":{"type":"Point","coordinates":[22.012833,50.571917]}},{"type":"Feature","properties":{"ID":110334705,"yr":2021,"dt":"2021-07-18T12:50:00","WOJ":18,"sev":3,"c":[255,0,0,160],"dmg":4,"sli":0,"ser":0,"fat":1,"row":-1,"mot":-1,"pie":-1,"uto":-1,"uwr":-1},"geometry":{"type":"Point","coordinates":[21.716,50.2625]}},{"type":"Feature","properties":{"ID":110327552,"yr":2021,"dt":"2021-07-15T21:50:00","WOJ":18,"sev":3,"c":[255,0,0,160],"dmg":1,"sli":0,"ser":0,"fat":1,"row":-1,"mot":-1,"pie":3,"uto":-1,"uwr":-1},"geometry":{"type":"Point","coordinates":[22.816667,49.898167]}},{"type":"Feature","properties":{"ID":110326461,"yr":2021,"dt":"2021-07-15T15:32:01","WOJ":18,"sev":3,"c":[255,0,0,160],"dmg":1,"sli":0,"ser":0,"fat":1,"row":3,"mot":-1,"pie":-1,"uto":-1,"uwr":-1},"geometry":{"type":"Point","coordinates":[22.253417,50.121694]}},{"type":"Feature","properties":{"ID":110327754,"yr":2021,"dt":"2021-07-15T08:20:00","WOJ":18,"sev":3,"c":[255,0,0,160],"dmg":0,"sli":0,"ser":0,"fat":1,"row":-1,"mot":-1,"pie":-1,"uto":-1,"uwr":-1},"geometry":{"type":"Point","coordinates":[22.4965,49.886806]}},{"type":"Feature","properties":{"ID":110324875,"yr":2021,"dt":"2021-07-15T07:33:00","WOJ":18,"sev":3,"c":[255,0,0,160],"dmg":1,"sli":0,"ser":0,"fat":1,"row":-1,"mot":-1,"pie":-1,"uto":-1,"uwr":-1},"geometry":{"type":"Point","coordinates":[22.510361,49.903583]}},{"type":"Feature","properties":{"ID":110318954,"yr":2021,"dt":"2021-07-10T09:11:19","WOJ":18,"sev":3,"c":[255,0,0,160],"dmg":1,"sli":0,"ser":0,"fat":1,"row":3,"mot":-1,"pie":-1,"uto":-1,"uwr":-1},"geometry":{"type":"Point","coordinates":[21.604972,50.049583]}},{"type":"Feature","properties":{"ID":112589052,"yr":2021,"dt":"2021-10-23T13:09:43","WOJ":18,"sev":3,"c":[255,0,0,160],"dmg":0,"sli":0,"ser":0,"fat":1,"row":3,"mot":-1,"pie":-1,"uto":-1,"uwr":-1},"geometry":{"type":"Point","coordinates":[22.01525,49.701333]}},{"type":"Feature","properties":{"ID":112571821,"yr":2021,"dt":"2021-10-22T21:53:06","WOJ":18,"sev":3,"c":[255,0,0,160],"dmg":1,"sli":0,"ser":0,"fat":1,"row":-1,"mot":-1,"pie":3,"uto":-1,"uwr":-1},"geometry":{"type":"Point","coordinates":[21.860694,50.254667]}},{"type":"Feature","properties":{"ID":110355727,"yr":2021,"dt":"2021-08-02T08:38:40","WOJ":18,"sev":3,"c":[255,0,0,160],"dmg":0,"sli":0,"ser":0,"fat":1,"row":-1,"mot":-1,"pie":-1,"uto":-1,"uwr":-1},"geometry":{"type":"Point","coordinates":[21.736139,50.039972]}},{"type":"Feature","properties":{"ID":112527807,"yr":2021,"dt":"2021-10-22T13:10:00","WOJ":18,"sev":3,"c":[255,0,0,160],"dmg":1,"sli":0,"ser":0,"fat":1,"row":3,"mot":-1,"pie":-1,"uto":-1,"uwr":-1},"geometry":{"type":"Point","coordinates":[22.224778,50.017722]}},{"type":"Feature","properties":{"ID":112399739,"yr":2021,"dt":"2021-10-21T20:45:08","WOJ":18,"sev":3,"c":[255,0,0,160],"dmg":1,"sli":0,"ser":0,"fat":1,"row":-1,"mot":-1,"pie":3,"uto":-1,"uwr":-1},"geometry":{"type":"Point","coordinates":[22.145583,50.481472]}},{"type":"Feature","properties":{"ID":110094898,"yr":2021,"dt":"2021-04-01T11:43:00","WOJ":18,"sev":3,"c":[255,0,0,160],"dmg":0,"sli":0,"ser":0,"fat":1,"row":-1,"mot":-1,"pie":-1,"uto":-1,"uwr":-1},"geometry":{"type":"Point","coordinates":[22.201306,49.831083]}},{"type":"Feature","properties":{"ID":110167011,"yr":2021,"dt":"2021-05-05T17:38:17","WOJ":18,"sev":3,"c":[255,0,0,160],"dmg":1,"sli":0,"ser":0,"fat":1,"row":-1,"mot":-1,"pie":-1,"uto":-1,"uwr":-1},"geometry":{"type":"Point","coordinates":[22.408611,50.248917]}},{"type":"Feature","properties":{"ID":112146832,"yr":2021,"dt":"2021-10-19T08:10:31","WOJ":18,"sev":3,"c":[255,0,0,160],"dmg":1,"sli":0,"ser":0,"fat":1,"row":3,"mot":-1,"pie":-1,"uto":-1,"uwr":-1},"geometry":{"type":"Point","coordinates":[21.41675,50.269583]}},{"type":"Feature","properties":{"ID":110352748,"yr":2021,"dt":"2021-07-31T19:54:56","WOJ":18,"sev":3,"c":[255,0,0,160],"dmg":0,"sli":1,"ser":0,"fat":1,"row":-1,"mot":-1,"pie":-1,"uto":-1,"uwr":-1},"geometry":{"type":"Point","coordinates":[23.19325,50.358556]}},{"type":"Feature","properties":{"ID":110354724,"yr":2021,"dt":"2021-07-31T09:18:00","WOJ":18,"sev":3,"c":[255,0,0,160],"dmg":1,"sli":0,"ser":0,"fat":1,"row":-1,"mot":-1,"pie":-1,"uto":-1,"uwr":-1},"geometry":{"type":"Point","coordinates":[21.874083,49.82125]}},{"type":"Feature","properties":{"ID":110414959,"yr":2021,"dt":"2021-08-19T09:34:36","WOJ":18,"sev":3,"c":[255,0,0,160],"dmg":0,"sli":0,"ser":0,"fat":1,"row":-1,"mot":-1,"pie":-1,"uto":-1,"uwr":-1},"geometry":{"type":"Point","coordinates":[22.064028,50.47525]}},{"type":"Feature","properties":{"ID":111798364,"yr":2021,"dt":"2021-10-16T20:32:19","WOJ":18,"sev":3,"c":[255,0,0,160],"dmg":1,"sli":0,"ser":0,"fat":1,"row":3,"mot":-1,"pie":-1,"uto":-1,"uwr":-1},"geometry":{"type":"Point","coordinates":[21.488278,50.121139]}},{"type":"Feature","properties":{"ID":110467459,"yr":2021,"dt":"2021-08-31T07:40:00","WOJ":18,"sev":3,"c":[255,0,0,160],"dmg":0,"sli":0,"ser":0,"fat":1,"row":-1,"mot":-1,"pie":-1,"uto":-1,"uwr":-1},"geometry":{"type":"Point","coordinates":[21.696139,50.225278]}},{"type":"Feature","properties":{"ID":110448717,"yr":2021,"dt":"2021-08-28T13:00:23","WOJ":18,"sev":3,"c":[255,0,0,160],"dmg":0,"sli":0,"ser":0,"fat":1,"row":-1,"mot":-1,"pie":-1,"uto":-1,"uwr":-1},"geometry":{"type":"Point","coordinates":[22.0685,49.872944]}},{"type":"Feature","properties":{"ID":110065106,"yr":2021,"dt":"2021-03-22T06:24:00","WOJ":18,"sev":3,"c":[255,0,0,160],"dmg":0,"sli":0,"ser":0,"fat":1,"row":-1,"mot":-1,"pie":-1,"uto":-1,"uwr":-1},"geometry":{"type":"Point","coordinates":[22.008639,50.034889]}},{"type":"Feature","properties":{"ID":110064947,"yr":2021,"dt":"2021-03-21T22:05:00","WOJ":18,"sev":3,"c":[255,0,0,160],"dmg":0,"sli":5,"ser":0,"fat":1,"row":-1,"mot":-1,"pie":-1,"uto":-1,"uwr":-1},"geometry":{"type":"Point","coordinates":[22.759944,49.916556]}},{"type":"Feature","properties":{"ID":110063856,"yr":2021,"dt":"2021-03-20T02:53:49","WOJ":18,"sev":3,"c":[255,0,0,160],"dmg":0,"sli":1,"ser":0,"fat":1,"row":-1,"mot":-1,"pie":-1,"uto":-1,"uwr":-1},"geometry":{"type":"Point","coordinates":[21.288528,49.986139]}},{"type":"Feature","properties":{"ID":110060514,"yr":2021,"dt":"2021-03-18T10:42:59","WOJ":18,"sev":3,"c":[255,0,0,160],"dmg":1,"sli":0,"ser":0,"fat":1,"row":-1,"mot":-1,"pie":-1,"uto":-1,"uwr":-1},"geometry":{"type":"Point","coordinates":[22.074472,50.706528]}},{"type":"Feature","properties":{"ID":110057587,"yr":2021,"dt":"2021-03-16T12:30:00","WOJ":18,"sev":3,"c":[255,0,0,160],"dmg":2,"sli":0,"ser":0,"fat":1,"row":-1,"mot":3,"pie":-1,"uto":-1,"uwr":-1},"geometry":{"type":"Point","coordinates":[21.286667,50.264444]}},{"type":"Feature","properties":{"ID":110054306,"yr":2021,"dt":"2021-03-14T19:35:00","WOJ":18,"sev":3,"c":[255,0,0,160],"dmg":2,"sli":0,"ser":0,"fat":1,"row":-1,"mot":-1,"pie":3,"uto":-1,"uwr":-1},"geometry":{"type":"Point","coordinates":[21.731111,50.34025]}},{"type":"Feature","properties":{"ID":110125302,"yr":2021,"dt":"2021-04-14T19:02:20","WOJ":18,"sev":3,"c":[255,0,0,160],"dmg":1,"sli":0,"ser":0,"fat":1,"row":-1,"mot":-1,"pie":3,"uto":-1,"uwr":-1},"geometry":{"type":"Point","coordinates":[22.474194,50.28425]}},{"type":"Feature","properties":{"ID":110125057,"yr":2021,"dt":"2021-04-14T09:39:00","WOJ":18,"sev":3,"c":[255,0,0,160],"dmg":0,"sli":0,"ser":0,"fat":2,"row":-1,"mot":-1,"pie":-1,"uto":-1,"uwr":-1},"geometry":{"type":"Point","coordinates":[22.265889,50.531333]}},{"type":"Feature","properties":{"ID":110122763,"yr":2021,"dt":"2021-04-12T18:15:00","WOJ":18,"sev":3,"c":[255,0,0,160],"dmg":0,"sli":0,"ser":0,"fat":1,"row":-1,"mot":3,"pie":-1,"uto":-1,"uwr":-1},"geometry":{"type":"Point","coordinates":[21.808306,49.495333]}},{"type":"Feature","properties":{"ID":110441333,"yr":2021,"dt":"2021-08-24T12:23:38","WOJ":18,"sev":3,"c":[255,0,0,160],"dmg":1,"sli":0,"ser":0,"fat":1,"row":-1,"mot":-1,"pie":3,"uto":-1,"uwr":-1},"geometry":{"type":"Point","coordinates":[21.971333,50.052028]}},{"type":"Feature","properties":{"ID":116717546,"yr":2021,"dt":"2021-08-23T08:30:00","WOJ":18,"sev":3,"c":[255,0,0,160],"dmg":1,"sli":1,"ser":0,"fat":1,"row":-1,"mot":-1,"pie":-1,"uto":-1,"uwr":-1},"geometry":{"type":"Point","coordinates":[21.87725,49.924806]}},{"type":"Feature","properties":{"ID":110430256,"yr":2021,"dt":"2021-08-23T00:01:42","WOJ":18,"sev":3,"c":[255,0,0,160],"dmg":0,"sli":1,"ser":0,"fat":1,"row":-1,"mot":3,"pie":-1,"uto":-1,"uwr":-1},"geometry":{"type":"Point","coordinates":[21.204806,50.013]}},{"type":"Feature","properties":{"ID":110437836,"yr":2021,"dt":"2021-08-20T11:00:00","WOJ":18,"sev":3,"c":[255,0,0,160],"dmg":2,"sli":1,"ser":0,"fat":1,"row":-1,"mot":-1,"pie":-1,"uto":-1,"uwr":-1},"geometry":{"type":"Point","coordinates":[21.483,50.366139]}},{"type":"Feature","properties":{"ID":111296847,"yr":2021,"dt":"2021-10-03T15:11:31","WOJ":18,"sev":3,"c":[255,0,0,160],"dmg":0,"sli":1,"ser":0,"fat":1,"row":-1,"mot":3,"pie":-1,"uto":-1,"uwr":-1},"geometry":{"type":"Point","coordinates":[22.112833,49.746139]}},{"type":"Feature","properties":{"ID":110524110,"yr":2021,"dt":"2021-09-16T14:26:11","WOJ":18,"sev":3,"c":[255,0,0,160],"dmg":1,"sli":0,"ser":0,"fat":1,"row":-1,"mot":3,"pie":-1,"uto":-1,"uwr":-1},"geometry":{"type":"Point","coordinates":[22.340956,49.434057]}},{"type":"Feature","properties":{"ID":110517895,"yr":2021,"dt":"2021-09-15T14:46:36","WOJ":18,"sev":3,"c":[255,0,0,160],"dmg":0,"sli":0,"ser":0,"fat":1,"row":-1,"mot":-1,"pie":-1,"uto":-1,"uwr":-1},"geometry":{"type":"Point","coordinates":[21.623611,50.244667]}},{"type":"Feature","properties":{"ID":110501938,"yr":2021,"dt":"2021-09-14T15:26:19","WOJ":18,"sev":3,"c":[255,0,0,160],"dmg":1,"sli":0,"ser":0,"fat":1,"row":-1,"mot":-1,"pie":3,"uto":-1,"uwr":-1},"geometry":{"type":"Point","coordinates":[21.527728,50.472344]}},{"type":"Feature","properties":{"ID":115237821,"yr":2021,"dt":"2021-12-10T23:32:56","WOJ":18,"sev":3,"c":[255,0,0,160],"dmg":1,"sli":2,"ser":0,"fat":1,"row":-1,"mot":-1,"pie":-1,"uto":-1,"uwr":-1},"geometry":{"type":"Point","coordinates":[22.546556,50.067167]}},{"type":"Feature","properties":{"ID":111704261,"yr":2021,"dt":"2021-10-08T20:43:35","WOJ":18,"sev":3,"c":[255,0,0,160],"dmg":1,"sli":0,"ser":0,"fat":1,"row":-1,"mot":-1,"pie":3,"uto":-1,"uwr":-1},"geometry":{"type":"Point","coordinates":[22.241806,50.154389]}},{"type":"Feature","properties":{"ID":110477791,"yr":2021,"dt":"2021-09-05T13:06:43","WOJ":18,"sev":3,"c":[255,0,0,160],"dmg":0,"sli":0,"ser":0,"fat":1,"row":-1,"mot":3,"pie":-1,"uto":-1,"uwr":-1},"geometry":{"type":"Point","coordinates":[21.370917,49.893972]}},{"type":"Feature","properties":{"ID":110478851,"yr":2021,"dt":"2021-09-05T17:40:00","WOJ":18,"sev":3,"c":[255,0,0,160],"dmg":1,"sli":0,"ser":0,"fat":1,"row":-1,"mot":3,"pie":-1,"uto":-1,"uwr":-1},"geometry":{"type":"Point","coordinates":[22.871889,50.008306]}},{"type":"Feature","properties":{"ID":110478276,"yr":2021,"dt":"2021-09-05T20:00:00","WOJ":18,"sev":3,"c":[255,0,0,160],"dmg":1,"sli":0,"ser":0,"fat":1,"row":-1,"mot":-1,"pie":3,"uto":-1,"uwr":-1},"geometry":{"type":"Point","coordinates":[21.802778,50.071444]}},{"type":"Feature","properties":{"ID":110470600,"yr":2021,"dt":"2021-09-04T17:32:02","WOJ":18,"sev":3,"c":[255,0,0,160],"dmg":1,"sli":0,"ser":0,"fat":1,"row":-1,"mot":3,"pie":-1,"uto":-1,"uwr":-1},"geometry":{"type":"Point","coordinates":[22.42525,49.95025]}},{"type":"Feature","properties":{"ID":109828611,"yr":2021,"dt":"2021-01-21T17:14:00","WOJ":18,"sev":3,"c":[255,0,0,160],"dmg":1,"sli":0,"ser":0,"fat":1,"row":-1,"mot":-1,"pie":3,"uto":-1,"uwr":-1},"geometry":{"type":"Point","coordinates":[21.438528,50.04575]}},{"type":"Feature","properties":{"ID":116749794,"yr":2021,"dt":"2021-12-30T02:07:30","WOJ":18,"sev":3,"c":[255,0,0,160],"dmg":1,"sli":1,"ser":0,"fat":1,"row":-1,"mot":-1,"pie":3,"uto":-1,"uwr":-1},"geometry":{"type":"Point","coordinates":[22.103889,50.776167]}},{"type":"Feature","properties":{"ID":109706956,"yr":2021,"dt":"2021-01-03T18:21:35","WOJ":18,"sev":3,"c":[255,0,0,160],"dmg":0,"sli":0,"ser":0,"fat":1,"row":-1,"mot":-1,"pie":-1,"uto":-1,"uwr":-1},"geometry":{"type":"Point","coordinates":[21.957583,50.570972]}},{"type":"Feature","properties":{"ID":109881577,"yr":2021,"dt":"2021-02-10T16:01:32","WOJ":18,"sev":3,"c":[255,0,0,160],"dmg":0,"sli":0,"ser":1,"fat":2,"row":-1,"mot":-1,"pie":-1,"uto":-1,"uwr":-1},"geometry":{"type":"Point","coordinates":[22.273639,50.253278]}},{"type":"Feature","properties":{"ID":109705436,"yr":2021,"dt":"2021-01-02T12:10:19","WOJ":18,"sev":3,"c":[255,0,0,160],"dmg":0,"sli":0,"ser":0,"fat":1,"row":-1,"mot":-1,"pie":-1,"uto":-1,"uwr":-1},"geometry":{"type":"Point","coordinates":[21.309611,49.904611]}},{"type":"Feature","properties":{"ID":109832594,"yr":2021,"dt":"2021-01-24T17:46:56","WOJ":18,"sev":3,"c":[255,0,0,160],"dmg":1,"sli":0,"ser":0,"fat":1,"row":3,"mot":-1,"pie":-1,"uto":-1,"uwr":-1},"geometry":{"type":"Point","coordinates":[21.539694,49.760417]}}]}